id,year,ymdh,station,color,original_path,original_filename,crop_filename,confidence,bbox_x,bbox_y,bbox_width,bbox_height,image_width,image_height,crop_width,crop_height
HLC20-H3,2023,202303012209,PP,0,/Volumes/Seagate Portable Drive/KYLE_AI_DATABASE/A_CAMERA/Focal_species/Gulo gulo/HLC20-H3/PP/2023/B&W/Robust marks/03.01-22.09/RCNX3931.JPG,RCNX3931.JPG,HLC20-H3_2023_202303012209_RCNX3931.jpg,0.9025805592536926,979.2236938476562,139.60464477539062,341.22772216796875,858.0540771484375,2048,1440,341,858
HLC20-H3,2023,202303012209,PP,0,/Volumes/Seagate Portable Drive/KYLE_AI_DATABASE/A_CAMERA/Focal_species/Gulo gulo/HLC20-H3/PP/2023/B&W/Robust marks/03.01-22.09/RCNX3932.JPG,RCNX3932.JPG,HLC20-H3_2023_202303012209_RCNX3932.jpg,0.8908321261405945,995.90478515625,234.2246551513672,337.104736328125,753.009521484375,2048,1440,337,753
HLC20-H3,2023,202303012209,PP,0,/Volumes/Seagate Portable Drive/KYLE_AI_DATABASE/A_CAMERA/Focal_species/Gulo gulo/HLC20-H3/PP/2023/B&W/Robust marks/03.01-22.09/RCNX3933.JPG,RCNX3933.JPG,HLC20-H3_2023_202303012209_RCNX3933.jpg,0.9143034815788269,923.71630859375,132.86573791503906,399.248046875,868.0321044921875,2048,1440,399,868
HLC20-H3,2023,202303012209,PP,0,/Volumes/Seagate Portable Drive/KYLE_AI_DATABASE/A_CAMERA/Focal_species/Gulo gulo/HLC20-H3/PP/2023/B&W/Robust marks/03.01-22.09/RCNX3934.JPG,RCNX3934.JPG,HLC20-H3_2023_202303012209_RCNX3934.jpg,0.8502628207206726,948.466552734375,248.82823181152344,379.183837890625,778.0390625,2048,1440,379,778
HLC20-H3,2023,202303012209,PP,0,/Volumes/Seagate Portable Drive/KYLE_AI_DATABASE/A_CAMERA/Focal_species/Gulo gulo/HLC20-H3/PP/2023/B&W/Robust marks/03.01-22.09/RCNX3935.JPG,RCNX3935.JPG,HLC20-H3_2023_202303012209_RCNX3935.jpg,0.938866913318634,988.9230346679688,146.2343292236328,342.01300048828125,879.3164672851562,2048,1440,342,879
HLC20-H3,2023,202303012209,PP,0,/Volumes/Seagate Portable Drive/KYLE_AI_DATABASE/A_CAMERA/Focal_species/Gulo gulo/HLC20-H3/PP/2023/B&W/Robust marks/03.01-22.09/RCNX3936.JPG,RCNX3936.JPG,HLC20-H3_2023_202303012209_RCNX3936.jpg,0.9352407455444336,995.8946533203125,132.46258544921875,341.229736328125,908.4570922851562,2048,1440,341,908
HLC20-H3,2023,202303012209,PP,0,/Volumes/Seagate Portable Drive/KYLE_AI_DATABASE/A_CAMERA/Focal_species/Gulo gulo/HLC20-H3/PP/2023/B&W/Robust marks/03.01-22.09/RCNX3937.JPG,RCNX3937.JPG,HLC20-H3_2023_202303012209_RCNX3937.jpg,0.8016204237937927,996.9515380859375,231.87384033203125,334.11669921875,794.5382690429688,2048,1440,334,794
HLC20-H3,2023,202303012209,PP,0,/Volumes/Seagate Portable Drive/KYLE_AI_DATABASE/A_CAMERA/Focal_species/Gulo gulo/HLC20-H3/PP/2023/B&W/Robust marks/03.01-22.09/RCNX3938.JPG,RCNX3938.JPG,HLC20-H3_2023_202303012209_RCNX3938.jpg,0.9195570945739746,982.9815673828125,222.19699096679688,349.5458984375,783.9989013671875,2048,1440,349,783
HLC20-H3,2023,202303012209,PP,0,/Volumes/Seagate Portable Drive/KYLE_AI_DATABASE/A_CAMERA/Focal_species/Gulo gulo/HLC20-H3/PP/2023/B&W/Robust marks/03.01-22.09/RCNX3939.JPG,RCNX3939.JPG,HLC20-H3_2023_202303012209_RCNX3939.jpg,0.9384308457374573,969.0911865234375,155.869384765625,366.918212890625,861.1329345703125,2048,1440,366,861
HLC20-H3,2023,202303012209,PP,0,/Volumes/Seagate Portable Drive/KYLE_AI_DATABASE/A_CAMERA/Focal_species/Gulo gulo/HLC20-H3/PP/2023/B&W/Robust marks/03.01-22.09/RCNX3940.JPG,RCNX3940.JPG,HLC20-H3_2023_202303012209_RCNX3940.jpg,0.9323039650917053,893.4315185546875,227.869873046875,438.017822265625,757.7503662109375,2048,1440,438,757
HLC20-H3,2023,202303012209,PP,0,/Volumes/Seagate Portable Drive/KYLE_AI_DATABASE/A_CAMERA/Focal_species/Gulo gulo/HLC20-H3/PP/2023/B&W/Robust marks/03.01-22.09/RCNX3941.JPG,RCNX3941.JPG,HLC20-H3_2023_202303012209_RCNX3941.jpg,0.9183892607688904,976.4151000976562,184.79368591308594,381.84869384765625,838.1280517578125,2048,1440,381,838
HLC20-H3,2023,202303012209,PP,0,/Volumes/Seagate Portable Drive/KYLE_AI_DATABASE/A_CAMERA/Focal_species/Gulo gulo/HLC20-H3/PP/2023/B&W/Robust marks/03.01-22.09/RCNX3942.JPG,RCNX3942.JPG,HLC20-H3_2023_202303012209_RCNX3942.jpg,0.9226661920547485,941.2052612304688,175.73056030273438,394.06475830078125,865.2733154296875,2048,1440,394,865
HLC20-H3,2023,202303012209,PP,0,/Volumes/Seagate Portable Drive/KYLE_AI_DATABASE/A_CAMERA/Focal_species/Gulo gulo/HLC20-H3/PP/2023/B&W/Robust marks/03.01-22.09/RCNX3943.JPG,RCNX3943.JPG,HLC20-H3_2023_202303012209_RCNX3943.jpg,0.8532883524894714,985.5844116210938,132.43130493164062,341.58184814453125,835.9556884765625,2048,1440,341,835
HLC20-H3,2023,202303012209,PP,0,/Volumes/Seagate Portable Drive/KYLE_AI_DATABASE/A_CAMERA/Focal_species/Gulo gulo/HLC20-H3/PP/2023/B&W/Robust marks/03.01-22.09/RCNX3944.JPG,RCNX3944.JPG,HLC20-H3_2023_202303012209_RCNX3944.jpg,0.9245961904525757,999.1395263671875,126.47310638427734,340.74462890625,882.7377319335938,2048,1440,340,882
HLC20-H3,2023,202303012209,PP,0,/Volumes/Seagate Portable Drive/KYLE_AI_DATABASE/A_CAMERA/Focal_species/Gulo gulo/HLC20-H3/PP/2023/B&W/Robust marks/03.01-22.09/RCNX3945.JPG,RCNX3945.JPG,HLC20-H3_2023_202303012209_RCNX3945.jpg,0.9110587239265442,1005.3466186523438,117.73511505126953,362.85504150390625,905.6248779296875,2048,1440,362,905
HLC20-H3,2023,202303012209,PP,0,/Volumes/Seagate Portable Drive/KYLE_AI_DATABASE/A_CAMERA/Focal_species/Gulo gulo/HLC20-H3/PP/2023/B&W/Robust marks/03.01-22.09/RCNX3946.JPG,RCNX3946.JPG,HLC20-H3_2023_202303012209_RCNX3946.jpg,0.9126423597335815,1018.6100463867188,135.87057495117188,340.14385986328125,886.69775390625,2048,1440,340,886
HLC20-H3,2023,202303012209,PP,0,/Volumes/Seagate Portable Drive/KYLE_AI_DATABASE/A_CAMERA/Focal_species/Gulo gulo/HLC20-H3/PP/2023/B&W/Robust marks/03.01-22.09/RCNX3947.JPG,RCNX3947.JPG,HLC20-H3_2023_202303012209_RCNX3947.jpg,0.9019188284873962,1020.1929321289062,133.0623321533203,333.98236083984375,885.6143798828125,2048,1440,333,885
HLC20-H3,2023,202303012209,PP,0,/Volumes/Seagate Portable Drive/KYLE_AI_DATABASE/A_CAMERA/Focal_species/Gulo gulo/HLC20-H3/PP/2023/B&W/Robust marks/03.01-22.09/RCNX3948.JPG,RCNX3948.JPG,HLC20-H3_2023_202303012209_RCNX3948.jpg,0.9038165807723999,1006.1707763671875,206.89739990234375,348.057861328125,815.026611328125,2048,1440,348,815
HLC20-H3,2023,202303012209,PP,0,/Volumes/Seagate Portable Drive/KYLE_AI_DATABASE/A_CAMERA/Focal_species/Gulo gulo/HLC20-H3/PP/2023/B&W/Robust marks/03.01-22.09/RCNX3949.JPG,RCNX3949.JPG,HLC20-H3_2023_202303012209_RCNX3949.jpg,0.9429264068603516,1000.691162109375,142.0823211669922,336.58251953125,841.66455078125,2048,1440,336,841
HLC20-H3,2023,202303012209,PP,0,/Volumes/Seagate Portable Drive/KYLE_AI_DATABASE/A_CAMERA/Focal_species/Gulo gulo/HLC20-H3/PP/2023/B&W/Robust marks/03.01-22.09/RCNX3950.JPG,RCNX3950.JPG,HLC20-H3_2023_202303012209_RCNX3950.jpg,0.9303766489028931,1045.2210693359375,137.11155700683594,318.283203125,870.2499389648438,2048,1440,318,870
HLC20-H3,2023,202303012209,PP,0,/Volumes/Seagate Portable Drive/KYLE_AI_DATABASE/A_CAMERA/Focal_species/Gulo gulo/HLC20-H3/PP/2023/B&W/Robust marks/03.01-22.09/RCNX3951.JPG,RCNX3951.JPG,HLC20-H3_2023_202303012209_RCNX3951.jpg,0.955055832862854,936.7039184570312,204.492431640625,435.02752685546875,817.6347045898438,2048,1440,435,817
HLC20-H3,2023,202303012209,PP,0,/Volumes/Seagate Portable Drive/KYLE_AI_DATABASE/A_CAMERA/Focal_species/Gulo gulo/HLC20-H3/PP/2023/B&W/Robust marks/03.01-22.09/RCNX3952.JPG,RCNX3952.JPG,HLC20-H3_2023_202303012209_RCNX3952.jpg,0.948931097984314,949.5008544921875,265.3027038574219,443.4033203125,749.441650390625,2048,1440,443,749
HLC20-H3,2023,202303012209,PP,0,/Volumes/Seagate Portable Drive/KYLE_AI_DATABASE/A_CAMERA/Focal_species/Gulo gulo/HLC20-H3/PP/2023/B&W/Robust marks/03.01-22.09/RCNX3953.JPG,RCNX3953.JPG,HLC20-H3_2023_202303012209_RCNX3953.jpg,0.9558919072151184,951.181884765625,167.87718200683594,436.421630859375,847.84326171875,2048,1440,436,847
HLC20-H3,2023,202303012209,PP,0,/Volumes/Seagate Portable Drive/KYLE_AI_DATABASE/A_CAMERA/Focal_species/Gulo gulo/HLC20-H3/PP/2023/B&W/Robust marks/03.01-22.09/RCNX3954.JPG,RCNX3954.JPG,HLC20-H3_2023_202303012209_RCNX3954.jpg,0.9514533281326294,956.3289184570312,163.79684448242188,430.66571044921875,853.1866455078125,2048,1440,430,853
HLC20-H3,2023,202303012209,PP,0,/Volumes/Seagate Portable Drive/KYLE_AI_DATABASE/A_CAMERA/Focal_species/Gulo gulo/HLC20-H3/PP/2023/B&W/Robust marks/03.01-22.09/RCNX3955.JPG,RCNX3955.JPG,HLC20-H3_2023_202303012209_RCNX3955.jpg,0.9478601813316345,986.8630981445312,150.60560607910156,400.61529541015625,852.7405395507812,2048,1440,400,852
HLC20-H3,2023,202303012209,PP,0,/Volumes/Seagate Portable Drive/KYLE_AI_DATABASE/A_CAMERA/Focal_species/Gulo gulo/HLC20-H3/PP/2023/B&W/Robust marks/03.01-22.09/RCNX3956.JPG,RCNX3956.JPG,HLC20-H3_2023_202303012209_RCNX3956.jpg,0.9248132109642029,974.173828125,168.38162231445312,455.6953125,837.0799560546875,2048,1440,455,837
HLC20-H3,2023,202303012209,PP,0,/Volumes/Seagate Portable Drive/KYLE_AI_DATABASE/A_CAMERA/Focal_species/Gulo gulo/HLC20-H3/PP/2023/B&W/Robust marks/03.01-22.09/RCNX3957.JPG,RCNX3957.JPG,HLC20-H3_2023_202303012209_RCNX3957.jpg,0.9593448042869568,972.2518310546875,170.1704559326172,420.14453125,842.8256225585938,2048,1440,420,842
HLC20-H3,2023,202303012209,PP,0,/Volumes/Seagate Portable Drive/KYLE_AI_DATABASE/A_CAMERA/Focal_species/Gulo gulo/HLC20-H3/PP/2023/B&W/Robust marks/03.01-22.09/RCNX3958.JPG,RCNX3958.JPG,HLC20-H3_2023_202303012209_RCNX3958.jpg,0.9294739365577698,953.7940673828125,169.97665405273438,453.611083984375,822.874755859375,2048,1440,453,822
HLC20-H3,2023,202303012209,PP,0,/Volumes/Seagate Portable Drive/KYLE_AI_DATABASE/A_CAMERA/Focal_species/Gulo gulo/HLC20-H3/PP/2023/B&W/Robust marks/03.01-22.09/RCNX3959.JPG,RCNX3959.JPG,HLC20-H3_2023_202303012209_RCNX3959.jpg,0.9382914304733276,947.1387939453125,269.74237060546875,440.846435546875,746.8699340820312,2048,1440,440,746
HLC20-H3,2023,202303012209,PP,0,/Volumes/Seagate Portable Drive/KYLE_AI_DATABASE/A_CAMERA/Focal_species/Gulo gulo/HLC20-H3/PP/2023/B&W/Robust marks/03.01-22.09/RCNX3960.JPG,RCNX3960.JPG,HLC20-H3_2023_202303012209_RCNX3960.jpg,0.9232205152511597,993.7972412109375,278.84991455078125,397.461669921875,747.4201049804688,2048,1440,397,747
HLC20-H3,2023,202303012209,PP,0,/Volumes/Seagate Portable Drive/KYLE_AI_DATABASE/A_CAMERA/Focal_species/Gulo gulo/HLC20-H3/PP/2023/B&W/Robust marks/03.01-22.09/RCNX3961.JPG,RCNX3961.JPG,HLC20-H3_2023_202303012209_RCNX3961.jpg,0.9257099628448486,1052.0703125,148.5588836669922,369.41552734375,858.5850830078125,2048,1440,369,858
HLC20-H3,2023,202303012209,PP,0,/Volumes/Seagate Portable Drive/KYLE_AI_DATABASE/A_CAMERA/Focal_species/Gulo gulo/HLC20-H3/PP/2023/B&W/Robust marks/03.01-22.09/RCNX3962.JPG,RCNX3962.JPG,HLC20-H3_2023_202303012209_RCNX3962.jpg,0.9381171464920044,1087.0059814453125,117.01435089111328,320.4150390625,915.1290893554688,2048,1440,320,915
HLC20-H3,2023,202303012209,PP,0,/Volumes/Seagate Portable Drive/KYLE_AI_DATABASE/A_CAMERA/Focal_species/Gulo gulo/HLC20-H3/PP/2023/B&W/Robust marks/03.01-22.09/RCNX3963.JPG,RCNX3963.JPG,HLC20-H3_2023_202303012209_RCNX3963.jpg,0.8215492963790894,1042.020263671875,234.0182342529297,375.668701171875,774.1691284179688,2048,1440,375,774
HLC20-H3,2023,202303012209,PP,0,/Volumes/Seagate Portable Drive/KYLE_AI_DATABASE/A_CAMERA/Focal_species/Gulo gulo/HLC20-H3/PP/2023/B&W/Robust marks/03.01-22.09/RCNX3964.JPG,RCNX3964.JPG,HLC20-H3_2023_202303012209_RCNX3964.jpg,0.9533449411392212,1031.8707275390625,166.50433349609375,383.4677734375,838.1761474609375,2048,1440,383,838
HLC20-H3,2023,202303012209,PP,0,/Volumes/Seagate Portable Drive/KYLE_AI_DATABASE/A_CAMERA/Focal_species/Gulo gulo/HLC20-H3/PP/2023/B&W/Robust marks/03.01-22.09/RCNX3965.JPG,RCNX3965.JPG,HLC20-H3_2023_202303012209_RCNX3965.jpg,0.9427394866943359,952.2174072265625,168.0310821533203,475.63330078125,846.674072265625,2048,1440,475,846
HLC20-H3,2023,202303012209,PP,0,/Volumes/Seagate Portable Drive/KYLE_AI_DATABASE/A_CAMERA/Focal_species/Gulo gulo/HLC20-H3/PP/2023/B&W/Robust marks/03.01-22.09/RCNX3967.JPG,RCNX3967.JPG,HLC20-H3_2023_202303012209_RCNX3967.jpg,0.9476876854896545,1004.3191528320312,154.31680297851562,407.56072998046875,866.3973388671875,2048,1440,407,866
HLC20-H3,2023,202303012209,PP,0,/Volumes/Seagate Portable Drive/KYLE_AI_DATABASE/A_CAMERA/Focal_species/Gulo gulo/HLC20-H3/PP/2023/B&W/Robust marks/03.01-22.09/RCNX3968.JPG,RCNX3968.JPG,HLC20-H3_2023_202303012209_RCNX3968.jpg,0.9396591782569885,1018.500244140625,295.90484619140625,399.94580078125,723.1167602539062,2048,1440,399,723
HLC20-H3,2023,202303012209,PP,0,/Volumes/Seagate Portable Drive/KYLE_AI_DATABASE/A_CAMERA/Focal_species/Gulo gulo/HLC20-H3/PP/2023/B&W/Robust marks/03.01-22.09/RCNX3969.JPG,RCNX3969.JPG,HLC20-H3_2023_202303012209_RCNX3969.jpg,0.9372760057449341,996.65625,261.140869140625,422.599365234375,751.0733032226562,2048,1440,422,751
HLC20-H3,2023,202303012209,PP,0,/Volumes/Seagate Portable Drive/KYLE_AI_DATABASE/A_CAMERA/Focal_species/Gulo gulo/HLC20-H3/PP/2023/B&W/Robust marks/03.01-22.09/RCNX3970.JPG,RCNX3970.JPG,HLC20-H3_2023_202303012209_RCNX3970.jpg,0.9249094724655151,1001.8978271484375,287.5218505859375,412.903076171875,755.7261962890625,2048,1440,412,755
HLC20-H3,2023,202303012209,PP,0,/Volumes/Seagate Portable Drive/KYLE_AI_DATABASE/A_CAMERA/Focal_species/Gulo gulo/HLC20-H3/PP/2023/B&W/Robust marks/03.01-22.09/RCNX3971.JPG,RCNX3971.JPG,HLC20-H3_2023_202303012209_RCNX3971.jpg,0.9294341802597046,1082.603271484375,226.37208557128906,333.71728515625,791.7861328125,2048,1440,333,791
HLC20-H3,2023,202303012209,PP,0,/Volumes/Seagate Portable Drive/KYLE_AI_DATABASE/A_CAMERA/Focal_species/Gulo gulo/HLC20-H3/PP/2023/B&W/Robust marks/03.01-22.09/RCNX3972.JPG,RCNX3972.JPG,HLC20-H3_2023_202303012209_RCNX3972.jpg,0.9461255073547363,1049.6593017578125,166.12139892578125,362.82080078125,851.907470703125,2048,1440,362,851
HLC20-H3,2023,202303012209,PP,0,/Volumes/Seagate Portable Drive/KYLE_AI_DATABASE/A_CAMERA/Focal_species/Gulo gulo/HLC20-H3/PP/2023/B&W/Robust marks/03.01-22.09/RCNX3973.JPG,RCNX3973.JPG,HLC20-H3_2023_202303012209_RCNX3973.jpg,0.9421043992042542,1021.9656982421875,155.88796997070312,401.8203125,855.2991943359375,2048,1440,401,855
HLC20-H3,2023,202303012209,PP,0,/Volumes/Seagate Portable Drive/KYLE_AI_DATABASE/A_CAMERA/Focal_species/Gulo gulo/HLC20-H3/PP/2023/B&W/Robust marks/03.01-22.09/RCNX3974.JPG,RCNX3974.JPG,HLC20-H3_2023_202303012209_RCNX3974.jpg,0.9133347272872925,1011.8545532226562,162.72837829589844,412.28656005859375,853.1466674804688,2048,1440,412,853
HLC20-H3,2023,202303012209,PP,0,/Volumes/Seagate Portable Drive/KYLE_AI_DATABASE/A_CAMERA/Focal_species/Gulo gulo/HLC20-H3/PP/2023/B&W/Robust marks/03.01-22.09/RCNX3975.JPG,RCNX3975.JPG,HLC20-H3_2023_202303012209_RCNX3975.jpg,0.95304274559021,987.77880859375,159.58126831054688,423.281494140625,859.2369384765625,2048,1440,423,859
HLC20-H3,2023,202303012209,PP,0,/Volumes/Seagate Portable Drive/KYLE_AI_DATABASE/A_CAMERA/Focal_species/Gulo gulo/HLC20-H3/PP/2023/B&W/Robust marks/03.01-22.09/RCNX3976.JPG,RCNX3976.JPG,HLC20-H3_2023_202303012209_RCNX3976.jpg,0.9461797475814819,1021.5504760742188,135.27752685546875,397.99932861328125,839.6066284179688,2048,1440,397,839
HLC20-H3,2023,202303012209,PP,0,/Volumes/Seagate Portable Drive/KYLE_AI_DATABASE/A_CAMERA/Focal_species/Gulo gulo/HLC20-H3/PP/2023/B&W/Robust marks/03.01-22.09/RCNX3977.JPG,RCNX3977.JPG,HLC20-H3_2023_202303012209_RCNX3977.jpg,0.8793781399726868,947.6182861328125,182.58526611328125,469.007568359375,825.2944946289062,2048,1440,469,825
HLC20-H3,2023,202303012209,PP,0,/Volumes/Seagate Portable Drive/KYLE_AI_DATABASE/A_CAMERA/Focal_species/Gulo gulo/HLC20-H3/PP/2023/B&W/Robust marks/03.01-22.09/RCNX3979.JPG,RCNX3979.JPG,HLC20-H3_2023_202303012209_RCNX3979.jpg,0.9262195229530334,962.7662963867188,146.29124450683594,450.64752197265625,865.5421752929688,2048,1440,450,865
HLC20-H3,2023,202303012209,PP,0,/Volumes/Seagate Portable Drive/KYLE_AI_DATABASE/A_CAMERA/Focal_species/Gulo gulo/HLC20-H3/PP/2023/B&W/Robust marks/03.01-22.09/RCNX3980.JPG,RCNX3980.JPG,HLC20-H3_2023_202303012209_RCNX3980.jpg,0.9184877872467041,990.7041625976562,248.48670959472656,418.44268798828125,746.0460205078125,2048,1440,418,746
HLC20-H3,2023,202303012209,PP,0,/Volumes/Seagate Portable Drive/KYLE_AI_DATABASE/A_CAMERA/Focal_species/Gulo gulo/HLC20-H3/PP/2023/B&W/Robust marks/03.01-22.09/RCNX3981.JPG,RCNX3981.JPG,HLC20-H3_2023_202303012209_RCNX3981.jpg,0.8641785383224487,978.0076904296875,204.66087341308594,434.94921875,837.876220703125,2048,1440,434,837
HLC20-H3,2023,202303012209,PP,0,/Volumes/Seagate Portable Drive/KYLE_AI_DATABASE/A_CAMERA/Focal_species/Gulo gulo/HLC20-H3/PP/2023/B&W/Robust marks/03.01-22.09/RCNX3982.JPG,RCNX3982.JPG,HLC20-H3_2023_202303012209_RCNX3982.jpg,0.939253032207489,969.75634765625,174.52786254882812,451.843994140625,835.1761474609375,2048,1440,451,835
HLC20-H3,2023,202303012209,PP,0,/Volumes/Seagate Portable Drive/KYLE_AI_DATABASE/A_CAMERA/Focal_species/Gulo gulo/HLC20-H3/PP/2023/B&W/Robust marks/03.01-22.09/RCNX3983.JPG,RCNX3983.JPG,HLC20-H3_2023_202303012209_RCNX3983.jpg,0.9452229738235474,985.3763427734375,185.97012329101562,425.509765625,830.1929931640625,2048,1440,425,830
HLC20-H3,2023,202303012209,PP,0,/Volumes/Seagate Portable Drive/KYLE_AI_DATABASE/A_CAMERA/Focal_species/Gulo gulo/HLC20-H3/PP/2023/B&W/Robust marks/03.01-22.09/RCNX3984.JPG,RCNX3984.JPG,HLC20-H3_2023_202303012209_RCNX3984.jpg,0.9448484182357788,876.5652465820312,196.4339599609375,529.0299682617188,832.918212890625,2048,1440,529,832
HLC20-H3,2023,202303012209,PP,0,/Volumes/Seagate Portable Drive/KYLE_AI_DATABASE/A_CAMERA/Focal_species/Gulo gulo/HLC20-H3/PP/2023/B&W/Robust marks/03.01-22.09/RCNX3985.JPG,RCNX3985.JPG,HLC20-H3_2023_202303012209_RCNX3985.jpg,0.9518263339996338,1108.41064453125,111.62079620361328,385.123291015625,882.0745849609375,2048,1440,385,882
HLC20-H3,2023,202303012209,PP,0,/Volumes/Seagate Portable Drive/KYLE_AI_DATABASE/A_CAMERA/Focal_species/Gulo gulo/HLC20-H3/PP/2023/B&W/Robust marks/03.01-22.09/RCNX3986.JPG,RCNX3986.JPG,HLC20-H3_2023_202303012209_RCNX3986.jpg,0.9225735664367676,953.9859619140625,129.85491943359375,471.490234375,867.079833984375,2048,1440,471,867
HLC20-H3,2023,202303012209,PP,0,/Volumes/Seagate Portable Drive/KYLE_AI_DATABASE/A_CAMERA/Focal_species/Gulo gulo/HLC20-H3/PP/2023/B&W/Robust marks/03.01-22.09/RCNX3987.JPG,RCNX3987.JPG,HLC20-H3_2023_202303012209_RCNX3987.jpg,0.8776633739471436,910.4041748046875,250.23211669921875,499.379150390625,580.5272216796875,2048,1440,499,580
HLC20-H3,2023,202303012209,PP,0,/Volumes/Seagate Portable Drive/KYLE_AI_DATABASE/A_CAMERA/Focal_species/Gulo gulo/HLC20-H3/PP/2023/B&W/Robust marks/03.01-22.09/RCNX3988.JPG,RCNX3988.JPG,HLC20-H3_2023_202303012209_RCNX3988.jpg,0.935630202293396,942.73291015625,236.708984375,473.629638671875,766.074462890625,2048,1440,473,766
HLC20-H3,2023,202303012209,PP,0,/Volumes/Seagate Portable Drive/KYLE_AI_DATABASE/A_CAMERA/Focal_species/Gulo gulo/HLC20-H3/PP/2023/B&W/Robust marks/03.01-22.09/RCNX3989.JPG,RCNX3989.JPG,HLC20-H3_2023_202303012209_RCNX3989.jpg,0.86800217628479,955.5166625976562,246.84519958496094,462.70867919921875,766.7354125976562,2048,1440,462,766
HLC20-H3,2023,202303012209,PP,0,/Volumes/Seagate Portable Drive/KYLE_AI_DATABASE/A_CAMERA/Focal_species/Gulo gulo/HLC20-H3/PP/2023/B&W/Robust marks/03.01-22.09/RCNX3990.JPG,RCNX3990.JPG,HLC20-H3_2023_202303012209_RCNX3990.jpg,0.8810504078865051,918.5061645507812,242.26437377929688,506.61920166015625,767.426025390625,2048,1440,506,767
HLC20-H3,2023,202303012209,PP,0,/Volumes/Seagate Portable Drive/KYLE_AI_DATABASE/A_CAMERA/Focal_species/Gulo gulo/HLC20-H3/PP/2023/B&W/Robust marks/03.01-22.09/RCNX3991.JPG,RCNX3991.JPG,HLC20-H3_2023_202303012209_RCNX3991.jpg,0.9047606587409973,1053.6707763671875,159.37716674804688,353.413330078125,877.336181640625,2048,1440,353,877
HLC20-H3,2023,202303012209,PP,0,/Volumes/Seagate Portable Drive/KYLE_AI_DATABASE/A_CAMERA/Focal_species/Gulo gulo/HLC20-H3/PP/2023/B&W/Robust marks/03.01-22.09/RCNX3992.JPG,RCNX3992.JPG,HLC20-H3_2023_202303012209_RCNX3992.jpg,0.9128222465515137,948.4600219726562,211.29656982421875,428.74725341796875,821.7606811523438,2048,1440,428,821
HLC20-H3,2023,202303012209,PP,0,/Volumes/Seagate Portable Drive/KYLE_AI_DATABASE/A_CAMERA/Focal_species/Gulo gulo/HLC20-H3/PP/2023/B&W/Robust marks/03.01-22.09/RCNX3993.JPG,RCNX3993.JPG,HLC20-H3_2023_202303012209_RCNX3993.jpg,0.9026358127593994,981.4053344726562,173.14315795898438,402.90814208984375,820.7149658203125,2048,1440,402,820
HLC20-H3,2023,202303012209,PP,0,/Volumes/Seagate Portable Drive/KYLE_AI_DATABASE/A_CAMERA/Focal_species/Gulo gulo/HLC20-H3/PP/2023/B&W/Robust marks/03.01-22.09/RCNX3994.JPG,RCNX3994.JPG,HLC20-H3_2023_202303012209_RCNX3994.jpg,0.8816749453544617,1075.5185546875,164.79273986816406,320.246826171875,846.3994140625,2048,1440,320,846
HLC20-H3,2023,202303012209,PP,0,/Volumes/Seagate Portable Drive/KYLE_AI_DATABASE/A_CAMERA/Focal_species/Gulo gulo/HLC20-H3/PP/2023/B&W/Robust marks/03.01-22.09/RCNX3995.JPG,RCNX3995.JPG,HLC20-H3_2023_202303012209_RCNX3995.jpg,0.9027782082557678,1057.892333984375,174.29312133789062,359.034423828125,841.1932373046875,2048,1440,359,841
HLC20-H3,2023,202303012209,PP,0,/Volumes/Seagate Portable Drive/KYLE_AI_DATABASE/A_CAMERA/Focal_species/Gulo gulo/HLC20-H3/PP/2023/B&W/Robust marks/03.01-22.09/RCNX3996.JPG,RCNX3996.JPG,HLC20-H3_2023_202303012209_RCNX3996.jpg,0.915536642074585,1046.0313720703125,186.1780548095703,374.213134765625,829.8942260742188,2048,1440,374,829
HLC20-H3,2023,202303012209,PP,0,/Volumes/Seagate Portable Drive/KYLE_AI_DATABASE/A_CAMERA/Focal_species/Gulo gulo/HLC20-H3/PP/2023/B&W/Robust marks/03.01-22.09/RCNX3997.JPG,RCNX3997.JPG,HLC20-H3_2023_202303012209_RCNX3997.jpg,0.9430160522460938,1038.9342041015625,208.59535217285156,378.259033203125,800.2255859375,2048,1440,378,800
HLC20-H3,2023,202303012209,PP,0,/Volumes/Seagate Portable Drive/KYLE_AI_DATABASE/A_CAMERA/Focal_species/Gulo gulo/HLC20-H3/PP/2023/B&W/Robust marks/03.01-22.09/RCNX3998.JPG,RCNX3998.JPG,HLC20-H3_2023_202303012209_RCNX3998.jpg,0.9281170964241028,1071.9813232421875,220.494140625,344.2626953125,789.8980102539062,2048,1440,344,789
HLC20-H3,2023,202303012209,PP,0,/Volumes/Seagate Portable Drive/KYLE_AI_DATABASE/A_CAMERA/Focal_species/Gulo gulo/HLC20-H3/PP/2023/B&W/Robust marks/03.01-22.09/RCNX3999.JPG,RCNX3999.JPG,HLC20-H3_2023_202303012209_RCNX3999.jpg,0.9387601613998413,1016.78271484375,200.61228942871094,407.7548828125,739.4685668945312,2048,1440,407,739
HLC20-H3,2023,202303012209,PP,0,/Volumes/Seagate Portable Drive/KYLE_AI_DATABASE/A_CAMERA/Focal_species/Gulo gulo/HLC20-H3/PP/2023/B&W/Robust marks/03.01-22.09/RCNX4001.JPG,RCNX4001.JPG,HLC20-H3_2023_202303012209_RCNX4001.jpg,0.9505295753479004,1088.6646728515625,118.82550811767578,355.664794921875,878.7821655273438,2048,1440,355,878
HLC20-H3,2023,202303012209,PP,0,/Volumes/Seagate Portable Drive/KYLE_AI_DATABASE/A_CAMERA/Focal_species/Gulo gulo/HLC20-H3/PP/2023/B&W/Robust marks/03.01-22.09/RCNX4002.JPG,RCNX4002.JPG,HLC20-H3_2023_202303012209_RCNX4002.jpg,0.9197071194648743,1076.985595703125,72.38621520996094,353.950927734375,921.78564453125,2048,1440,353,921
HLC20-H3,2023,202303012209,PP,0,/Volumes/Seagate Portable Drive/KYLE_AI_DATABASE/A_CAMERA/Focal_species/Gulo gulo/HLC20-H3/PP/2023/B&W/Robust marks/03.01-22.09/RCNX4003.JPG,RCNX4003.JPG,HLC20-H3_2023_202303012209_RCNX4003.jpg,0.933073103427887,1055.885986328125,204.69210815429688,408.08154296875,804.0347900390625,2048,1440,408,804
HLC20-H3,2023,202303012209,PP,0,/Volumes/Seagate Portable Drive/KYLE_AI_DATABASE/A_CAMERA/Focal_species/Gulo gulo/HLC20-H3/PP/2023/B&W/Robust marks/03.01-22.09/RCNX4004.JPG,RCNX4004.JPG,HLC20-H3_2023_202303012209_RCNX4004.jpg,0.9543632864952087,1072.36279296875,234.01986694335938,397.36376953125,787.0665283203125,2048,1440,397,787
HLC20-H3,2023,202303012209,PP,0,/Volumes/Seagate Portable Drive/KYLE_AI_DATABASE/A_CAMERA/Focal_species/Gulo gulo/HLC20-H3/PP/2023/B&W/Robust marks/03.01-22.09/RCNX4005.JPG,RCNX4005.JPG,HLC20-H3_2023_202303012209_RCNX4005.jpg,0.9438453912734985,1050.9859619140625,226.6167449951172,408.648193359375,794.2520751953125,2048,1440,408,794
HLC20-H3,2023,202303012209,PP,0,/Volumes/Seagate Portable Drive/KYLE_AI_DATABASE/A_CAMERA/Focal_species/Gulo gulo/HLC20-H3/PP/2023/B&W/Robust marks/03.01-22.09/RCNX4006.JPG,RCNX4006.JPG,HLC20-H3_2023_202303012209_RCNX4006.jpg,0.9334552884101868,1035.7276611328125,214.83236694335938,392.856689453125,800.4849853515625,2048,1440,392,800
HLC20-H3,2023,202303012209,PP,0,/Volumes/Seagate Portable Drive/KYLE_AI_DATABASE/A_CAMERA/Focal_species/Gulo gulo/HLC20-H3/PP/2023/B&W/Robust marks/03.01-22.09/RCNX4007.JPG,RCNX4007.JPG,HLC20-H3_2023_202303012209_RCNX4007.jpg,0.9257757663726807,1011.82763671875,215.3643035888672,407.60107421875,796.0523071289062,2048,1440,407,796
HLC20-H3,2023,202303012209,PP,0,/Volumes/Seagate Portable Drive/KYLE_AI_DATABASE/A_CAMERA/Focal_species/Gulo gulo/HLC20-H3/PP/2023/B&W/Robust marks/03.01-22.09/RCNX4008.JPG,RCNX4008.JPG,HLC20-H3_2023_202303012209_RCNX4008.jpg,0.9183457493782043,1041.6556396484375,228.12693786621094,409.37060546875,776.1636962890625,2048,1440,409,776
HLC20-H3,2023,202303012209,PP,0,/Volumes/Seagate Portable Drive/KYLE_AI_DATABASE/A_CAMERA/Focal_species/Gulo gulo/HLC20-H3/PP/2023/B&W/Robust marks/03.01-22.09/RCNX4009.JPG,RCNX4009.JPG,HLC20-H3_2023_202303012209_RCNX4009.jpg,0.9450245499610901,990.6851806640625,218.6529083251953,421.25390625,786.6073608398438,2048,1440,421,786
HLC20-H3,2023,202303012209,PP,0,/Volumes/Seagate Portable Drive/KYLE_AI_DATABASE/A_CAMERA/Focal_species/Gulo gulo/HLC20-H3/PP/2023/B&W/Robust marks/03.01-22.09/RCNX4010.JPG,RCNX4010.JPG,HLC20-H3_2023_202303012209_RCNX4010.jpg,0.929385244846344,995.54443359375,215.20401000976562,433.440673828125,794.9483642578125,2048,1440,433,794
HLC20-H3,2023,202303012209,PP,0,/Volumes/Seagate Portable Drive/KYLE_AI_DATABASE/A_CAMERA/Focal_species/Gulo gulo/HLC20-H3/PP/2023/B&W/Robust marks/03.01-22.09/RCNX4011.JPG,RCNX4011.JPG,HLC20-H3_2023_202303012209_RCNX4011.jpg,0.9579196572303772,1011.4419555664062,135.83200073242188,400.79473876953125,835.74755859375,2048,1440,400,835
HLC20-H3,2023,202303012209,PP,0,/Volumes/Seagate Portable Drive/KYLE_AI_DATABASE/A_CAMERA/Focal_species/Gulo gulo/HLC20-H3/PP/2023/B&W/Robust marks/03.01-22.09/RCNX4012.JPG,RCNX4012.JPG,HLC20-H3_2023_202303012209_RCNX4012.jpg,0.8855741024017334,985.0523681640625,200.14059448242188,425.88037109375,787.01904296875,2048,1440,425,787
HLC20-H3,2023,202303012209,PP,0,/Volumes/Seagate Portable Drive/KYLE_AI_DATABASE/A_CAMERA/Focal_species/Gulo gulo/HLC20-H3/PP/2023/B&W/Robust marks/03.01-22.09/RCNX4013.JPG,RCNX4013.JPG,HLC20-H3_2023_202303012209_RCNX4013.jpg,0.9343402981758118,926.926513671875,129.50103759765625,471.430419921875,861.5435180664062,2048,1440,471,861
HLC20-H3,2023,202303012209,PP,0,/Volumes/Seagate Portable Drive/KYLE_AI_DATABASE/A_CAMERA/Focal_species/Gulo gulo/HLC20-H3/PP/2023/B&W/Robust marks/03.01-22.09/RCNX4014.JPG,RCNX4014.JPG,HLC20-H3_2023_202303012209_RCNX4014.jpg,0.9235062599182129,921.5008544921875,163.94244384765625,465.787109375,854.1968994140625,2048,1440,465,854
HLC20-H3,2023,202303012209,PP,0,/Volumes/Seagate Portable Drive/KYLE_AI_DATABASE/A_CAMERA/Focal_species/Gulo gulo/HLC20-H3/PP/2023/B&W/Robust marks/03.01-22.09/RCNX4015.JPG,RCNX4015.JPG,HLC20-H3_2023_202303012209_RCNX4015.jpg,0.8946465849876404,1017.7757568359375,267.3006591796875,391.56982421875,776.745361328125,2048,1440,391,776
HLC20-H3,2023,202303012209,PP,0,/Volumes/Seagate Portable Drive/KYLE_AI_DATABASE/A_CAMERA/Focal_species/Gulo gulo/HLC20-H3/PP/2023/B&W/Robust marks/03.01-22.09/RCNX4016.JPG,RCNX4016.JPG,HLC20-H3_2023_202303012209_RCNX4016.jpg,0.884895384311676,1040.7352294921875,248.14047241210938,357.060791015625,768.1204833984375,2048,1440,357,768
HLC20-H3,2023,202303012209,PP,0,/Volumes/Seagate Portable Drive/KYLE_AI_DATABASE/A_CAMERA/Focal_species/Gulo gulo/HLC20-H3/PP/2023/B&W/Robust marks/03.01-22.09/RCNX4018.JPG,RCNX4018.JPG,HLC20-H3_2023_202303012209_RCNX4018.jpg,0.8614515662193298,925.0216064453125,226.13511657714844,488.69091796875,775.1739501953125,2048,1440,488,775
HLC20-H3,2023,202303012209,PP,0,/Volumes/Seagate Portable Drive/KYLE_AI_DATABASE/A_CAMERA/Focal_species/Gulo gulo/HLC20-H3/PP/2023/B&W/Robust marks/03.01-22.09/RCNX4019.JPG,RCNX4019.JPG,HLC20-H3_2023_202303012209_RCNX4019.jpg,0.9189119935035706,949.8321533203125,240.7137908935547,458.76416015625,761.6842651367188,2048,1440,458,761
HLC20-H3,2023,202303012209,PP,0,/Volumes/Seagate Portable Drive/KYLE_AI_DATABASE/A_CAMERA/Focal_species/Gulo gulo/HLC20-H3/PP/2023/B&W/Robust marks/03.01-22.09/RCNX4020.JPG,RCNX4020.JPG,HLC20-H3_2023_202303012209_RCNX4020.jpg,0.9081697463989258,950.97900390625,262.3745422363281,463.9638671875,738.4945068359375,2048,1440,463,738
HLC20-H3,2023,202303012209,PP,0,/Volumes/Seagate Portable Drive/KYLE_AI_DATABASE/A_CAMERA/Focal_species/Gulo gulo/HLC20-H3/PP/2023/B&W/Robust marks/03.01-22.09/RCNX4021.JPG,RCNX4021.JPG,HLC20-H3_2023_202303012209_RCNX4021.jpg,0.9442250728607178,1090.9747314453125,254.8301544189453,334.693359375,751.5537109375,2048,1440,334,751
HLC20-H3,2023,202303012209,PP,0,/Volumes/Seagate Portable Drive/KYLE_AI_DATABASE/A_CAMERA/Focal_species/Gulo gulo/HLC20-H3/PP/2023/B&W/Robust marks/03.01-22.09/RCNX4022.JPG,RCNX4022.JPG,HLC20-H3_2023_202303012209_RCNX4022.jpg,0.9296025633811951,1069.2001953125,139.3362579345703,332.828857421875,874.0318603515625,2048,1440,332,874
HLC20-H3,2023,202303012209,PP,0,/Volumes/Seagate Portable Drive/KYLE_AI_DATABASE/A_CAMERA/Focal_species/Gulo gulo/HLC20-H3/PP/2023/B&W/Robust marks/03.01-22.09/RCNX4023.JPG,RCNX4023.JPG,HLC20-H3_2023_202303012209_RCNX4023.jpg,0.9042438864707947,978.3807373046875,225.97430419921875,427.22265625,795.1195678710938,2048,1440,427,795
HLC20-H3,2023,202303012209,PP,0,/Volumes/Seagate Portable Drive/KYLE_AI_DATABASE/A_CAMERA/Focal_species/Gulo gulo/HLC20-H3/PP/2023/B&W/Robust marks/03.01-22.09/RCNX4024.JPG,RCNX4024.JPG,HLC20-H3_2023_202303012209_RCNX4024.jpg,0.9156709313392639,942.280517578125,176.6561279296875,467.769287109375,830.0851440429688,2048,1440,467,830
HLC20-H3,2023,202303012209,PP,0,/Volumes/Seagate Portable Drive/KYLE_AI_DATABASE/A_CAMERA/Focal_species/Gulo gulo/HLC20-H3/PP/2023/B&W/Robust marks/03.01-22.09/RCNX4025.JPG,RCNX4025.JPG,HLC20-H3_2023_202303012209_RCNX4025.jpg,0.8936278820037842,947.4651489257812,244.88890075683594,466.13861083984375,782.2904052734375,2048,1440,466,782
HLC20-H3,2023,202303012209,PP,0,/Volumes/Seagate Portable Drive/KYLE_AI_DATABASE/A_CAMERA/Focal_species/Gulo gulo/HLC20-H3/PP/2023/B&W/Robust marks/03.01-22.09/RCNX4026.JPG,RCNX4026.JPG,HLC20-H3_2023_202303012209_RCNX4026.jpg,0.8879668116569519,951.3017578125,212.0887451171875,461.592529296875,815.00830078125,2048,1440,461,815
HLC20-H3,2023,202303012209,PP,0,/Volumes/Seagate Portable Drive/KYLE_AI_DATABASE/A_CAMERA/Focal_species/Gulo gulo/HLC20-H3/PP/2023/B&W/Robust marks/03.01-22.09/RCNX4027.JPG,RCNX4027.JPG,HLC20-H3_2023_202303012209_RCNX4027.jpg,0.9350677728652954,930.1449584960938,181.07150268554688,478.39044189453125,842.539306640625,2048,1440,478,842
HLC20-H3,2023,202303012209,PP,0,/Volumes/Seagate Portable Drive/KYLE_AI_DATABASE/A_CAMERA/Focal_species/Gulo gulo/HLC20-H3/PP/2023/B&W/Robust marks/03.01-22.09/RCNX4028.JPG,RCNX4028.JPG,HLC20-H3_2023_202303012209_RCNX4028.jpg,0.906493067741394,909.753662109375,237.7707977294922,508.845458984375,781.2601928710938,2048,1440,508,781
HLC20-H3,2023,202303012209,PP,0,/Volumes/Seagate Portable Drive/KYLE_AI_DATABASE/A_CAMERA/Focal_species/Gulo gulo/HLC20-H3/PP/2023/B&W/Robust marks/03.01-22.09/RCNX4029.JPG,RCNX4029.JPG,HLC20-H3_2023_202303012209_RCNX4029.jpg,0.9115305542945862,922.583251953125,232.6553192138672,498.563720703125,781.1795043945312,2048,1440,498,781
HLC20-H3,2023,202303012209,PP,0,/Volumes/Seagate Portable Drive/KYLE_AI_DATABASE/A_CAMERA/Focal_species/Gulo gulo/HLC20-H3/PP/2023/B&W/Robust marks/03.01-22.09/RCNX4030.JPG,RCNX4030.JPG,HLC20-H3_2023_202303012209_RCNX4030.jpg,0.9155485033988953,899.468505859375,240.3402557373047,511.751953125,768.9973754882812,2048,1440,511,768
HLC20-H3,2023,202303012209,PP,0,/Volumes/Seagate Portable Drive/KYLE_AI_DATABASE/A_CAMERA/Focal_species/Gulo gulo/HLC20-H3/PP/2023/B&W/Robust marks/03.01-22.09/RCNX4031.JPG,RCNX4031.JPG,HLC20-H3_2023_202303012209_RCNX4031.jpg,0.9573574066162109,964.70947265625,238.0054931640625,441.377685546875,742.471435546875,2048,1440,441,742
HLC20-H3,2023,202303012209,PP,0,/Volumes/Seagate Portable Drive/KYLE_AI_DATABASE/A_CAMERA/Focal_species/Gulo gulo/HLC20-H3/PP/2023/B&W/Robust marks/03.01-22.09/RCNX4032.JPG,RCNX4032.JPG,HLC20-H3_2023_202303012209_RCNX4032.jpg,0.924814760684967,1022.6561279296875,254.42520141601562,384.10791015625,742.96484375,2048,1440,384,742
HLC20-H3,2023,202303012209,PP,0,/Volumes/Seagate Portable Drive/KYLE_AI_DATABASE/A_CAMERA/Focal_species/Gulo gulo/HLC20-H3/PP/2023/B&W/Robust marks/03.01-22.09/RCNX4033.JPG,RCNX4033.JPG,HLC20-H3_2023_202303012209_RCNX4033.jpg,0.9374055862426758,1029.892578125,248.48426818847656,380.115966796875,765.5567626953125,2048,1440,380,765
HLC20-H3,2023,202303012209,PP,0,/Volumes/Seagate Portable Drive/KYLE_AI_DATABASE/A_CAMERA/Focal_species/Gulo gulo/HLC20-H3/PP/2023/B&W/Robust marks/03.01-22.09/RCNX4034.JPG,RCNX4034.JPG,HLC20-H3_2023_202303012209_RCNX4034.jpg,0.937191903591156,987.2838745117188,210.94415283203125,402.07403564453125,781.6424560546875,2048,1440,402,781
HLC20-H3,2023,202303012209,PP,0,/Volumes/Seagate Portable Drive/KYLE_AI_DATABASE/A_CAMERA/Focal_species/Gulo gulo/HLC20-H3/PP/2023/B&W/Robust marks/03.01-22.09/RCNX4035.JPG,RCNX4035.JPG,HLC20-H3_2023_202303012209_RCNX4035.jpg,0.9446812272071838,966.8775634765625,154.44802856445312,440.327392578125,849.269775390625,2048,1440,440,849
HLC20-H3,2023,202303012209,PP,0,/Volumes/Seagate Portable Drive/KYLE_AI_DATABASE/A_CAMERA/Focal_species/Gulo gulo/HLC20-H3/PP/2023/B&W/Robust marks/03.01-22.09/RCNX4036.JPG,RCNX4036.JPG,HLC20-H3_2023_202303012209_RCNX4036.jpg,0.9102030396461487,995.7974853515625,141.10972595214844,421.98876953125,845.0921020507812,2048,1440,421,845
HLC20-H3,2023,202303012209,PP,0,/Volumes/Seagate Portable Drive/KYLE_AI_DATABASE/A_CAMERA/Focal_species/Gulo gulo/HLC20-H3/PP/2023/B&W/Robust marks/03.01-22.09/RCNX4037.JPG,RCNX4037.JPG,HLC20-H3_2023_202303012209_RCNX4037.jpg,0.9228191375732422,1027.461181640625,251.27896118164062,399.095458984375,768.306640625,2048,1440,399,768
HLC20-H3,2023,202303012209,PP,0,/Volumes/Seagate Portable Drive/KYLE_AI_DATABASE/A_CAMERA/Focal_species/Gulo gulo/HLC20-H3/PP/2023/B&W/Robust marks/03.01-22.09/RCNX4038.JPG,RCNX4038.JPG,HLC20-H3_2023_202303012209_RCNX4038.jpg,0.9285467267036438,1013.7830810546875,274.13385009765625,422.98974609375,729.8591918945312,2048,1440,422,729
HLC20-H3,2023,202303012209,PP,0,/Volumes/Seagate Portable Drive/KYLE_AI_DATABASE/A_CAMERA/Focal_species/Gulo gulo/HLC20-H3/PP/2023/B&W/Robust marks/03.01-22.09/RCNX4039.JPG,RCNX4039.JPG,HLC20-H3_2023_202303012209_RCNX4039.jpg,0.922639012336731,972.7947998046875,289.54833984375,468.7470703125,721.0269775390625,2048,1440,468,721
HLC20-H3,2023,202303012209,PP,0,/Volumes/Seagate Portable Drive/KYLE_AI_DATABASE/A_CAMERA/Focal_species/Gulo gulo/HLC20-H3/PP/2023/B&W/Robust marks/03.01-22.09/RCNX4040.JPG,RCNX4040.JPG,HLC20-H3_2023_202303012209_RCNX4040.jpg,0.8594657778739929,982.6456298828125,286.641357421875,461.060302734375,721.8065795898438,2048,1440,461,721
HLC20-H3,2023,202303012209,PP,0,/Volumes/Seagate Portable Drive/KYLE_AI_DATABASE/A_CAMERA/Focal_species/Gulo gulo/HLC20-H3/PP/2023/B&W/Robust marks/03.01-22.09/RCNX4041.JPG,RCNX4041.JPG,HLC20-H3_2023_202303012209_RCNX4041.jpg,0.9444866180419922,1045.6700439453125,135.6232147216797,353.626953125,850.9688720703125,2048,1440,353,850
HLC20-H3,2023,202303012209,PP,0,/Volumes/Seagate Portable Drive/KYLE_AI_DATABASE/A_CAMERA/Focal_species/Gulo gulo/HLC20-H3/PP/2023/B&W/Robust marks/03.01-22.09/RCNX4042.JPG,RCNX4042.JPG,HLC20-H3_2023_202303012209_RCNX4042.jpg,0.932855486869812,980.8449096679688,269.7137451171875,408.55523681640625,753.4034423828125,2048,1440,408,753
HLC20-H3,2023,202303012209,PP,0,/Volumes/Seagate Portable Drive/KYLE_AI_DATABASE/A_CAMERA/Focal_species/Gulo gulo/HLC20-H3/PP/2023/B&W/Robust marks/03.01-22.09/RCNX4043.JPG,RCNX4043.JPG,HLC20-H3_2023_202303012209_RCNX4043.jpg,0.9396462440490723,998.5626831054688,135.2434539794922,390.84747314453125,876.6109008789062,2048,1440,390,876
HLC20-H3,2023,202303012209,PP,0,/Volumes/Seagate Portable Drive/KYLE_AI_DATABASE/A_CAMERA/Focal_species/Gulo gulo/HLC20-H3/PP/2023/B&W/Robust marks/03.01-22.09/RCNX4044.JPG,RCNX4044.JPG,HLC20-H3_2023_202303012209_RCNX4044.jpg,0.8940389156341553,1007.3682250976562,117.35664367675781,381.90240478515625,888.1856689453125,2048,1440,381,888
HLC20-H3,2023,202303012209,PP,0,/Volumes/Seagate Portable Drive/KYLE_AI_DATABASE/A_CAMERA/Focal_species/Gulo gulo/HLC20-H3/PP/2023/B&W/Robust marks/03.01-22.09/RCNX4045.JPG,RCNX4045.JPG,HLC20-H3_2023_202303012209_RCNX4045.jpg,0.939586877822876,1048.4969482421875,124.24842071533203,360.24951171875,850.994873046875,2048,1440,360,850
HLC20-H3,2023,202303012209,PP,0,/Volumes/Seagate Portable Drive/KYLE_AI_DATABASE/A_CAMERA/Focal_species/Gulo gulo/HLC20-H3/PP/2023/B&W/Robust marks/03.01-22.09/RCNX4046.JPG,RCNX4046.JPG,HLC20-H3_2023_202303012209_RCNX4046.jpg,0.9550368189811707,1063.09521484375,104.84566497802734,343.3759765625,900.2993774414062,2048,1440,343,900
HLC20-H3,2023,202303012209,PP,0,/Volumes/Seagate Portable Drive/KYLE_AI_DATABASE/A_CAMERA/Focal_species/Gulo gulo/HLC20-H3/PP/2023/B&W/Robust marks/03.01-22.09/RCNX4047.JPG,RCNX4047.JPG,HLC20-H3_2023_202303012209_RCNX4047.jpg,0.9031708240509033,1069.8758544921875,181.5028533935547,337.51513671875,819.1253662109375,2048,1440,337,819
HLC20-H3,2023,202303012209,PP,0,/Volumes/Seagate Portable Drive/KYLE_AI_DATABASE/A_CAMERA/Focal_species/Gulo gulo/HLC20-H3/PP/2023/B&W/Robust marks/03.01-22.09/RCNX4048.JPG,RCNX4048.JPG,HLC20-H3_2023_202303012209_RCNX4048.jpg,0.9322584867477417,1054.548828125,213.85171508789062,348.87451171875,792.554443359375,2048,1440,348,792
HLC20-H3,2023,202303012209,PP,0,/Volumes/Seagate Portable Drive/KYLE_AI_DATABASE/A_CAMERA/Focal_species/Gulo gulo/HLC20-H3/PP/2023/B&W/Robust marks/03.01-22.09/RCNX4049.JPG,RCNX4049.JPG,HLC20-H3_2023_202303012209_RCNX4049.jpg,0.9039760828018188,1067.8944091796875,212.03759765625,337.493896484375,804.47900390625,2048,1440,337,804
HLC20-H3,2023,202303012209,PP,0,/Volumes/Seagate Portable Drive/KYLE_AI_DATABASE/A_CAMERA/Focal_species/Gulo gulo/HLC20-H3/PP/2023/B&W/Robust marks/03.01-22.09/RCNX4050.JPG,RCNX4050.JPG,HLC20-H3_2023_202303012209_RCNX4050.jpg,0.9087622761726379,1067.0537109375,134.7999267578125,341.551025390625,872.8685913085938,2048,1440,341,872
HLC20-H3,2023,202303012209,PP,0,/Volumes/Seagate Portable Drive/KYLE_AI_DATABASE/A_CAMERA/Focal_species/Gulo gulo/HLC20-H3/PP/2023/B&W/Robust marks/03.01-22.09/RCNX4051.JPG,RCNX4051.JPG,HLC20-H3_2023_202303012209_RCNX4051.jpg,0.943192720413208,1016.0794067382812,141.53184509277344,398.34271240234375,874.6331176757812,2048,1440,398,874
HLC20-H3,2023,202303012209,PP,0,/Volumes/Seagate Portable Drive/KYLE_AI_DATABASE/A_CAMERA/Focal_species/Gulo gulo/HLC20-H3/PP/2023/B&W/Robust marks/03.01-22.09/RCNX4052.JPG,RCNX4052.JPG,HLC20-H3_2023_202303012209_RCNX4052.jpg,0.9340174794197083,1022.6465454101562,134.62452697753906,387.31597900390625,886.045166015625,2048,1440,387,886
HLC20-H3,2023,202303012209,PP,0,/Volumes/Seagate Portable Drive/KYLE_AI_DATABASE/A_CAMERA/Focal_species/Gulo gulo/HLC20-H3/PP/2023/B&W/Robust marks/03.01-22.09/RCNX4053.JPG,RCNX4053.JPG,HLC20-H3_2023_202303012209_RCNX4053.jpg,0.920263946056366,980.96728515625,135.65103149414062,428.249267578125,884.6893310546875,2048,1440,428,884
HLC20-H3,2023,202303012209,PP,0,/Volumes/Seagate Portable Drive/KYLE_AI_DATABASE/A_CAMERA/Focal_species/Gulo gulo/HLC20-H3/PP/2023/B&W/Robust marks/03.01-22.09/RCNX4054.JPG,RCNX4054.JPG,HLC20-H3_2023_202303012209_RCNX4054.jpg,0.9167147278785706,1021.9014282226562,199.91246032714844,386.12445068359375,809.265380859375,2048,1440,386,809
HLC20-H3,2023,202303012209,PP,0,/Volumes/Seagate Portable Drive/KYLE_AI_DATABASE/A_CAMERA/Focal_species/Gulo gulo/HLC20-H3/PP/2023/B&W/Robust marks/03.01-22.09/RCNX4055.JPG,RCNX4055.JPG,HLC20-H3_2023_202303012209_RCNX4055.jpg,0.9299907088279724,970.1077270507812,248.75857543945312,449.42547607421875,743.6614990234375,2048,1440,449,743
HLC20-H3,2023,202303012209,PP,0,/Volumes/Seagate Portable Drive/KYLE_AI_DATABASE/A_CAMERA/Focal_species/Gulo gulo/HLC20-H3/PP/2023/B&W/Robust marks/03.01-22.09/RCNX4056.JPG,RCNX4056.JPG,HLC20-H3_2023_202303012209_RCNX4056.jpg,0.9065559506416321,943.33056640625,210.90728759765625,478.107177734375,793.5986938476562,2048,1440,478,793
HLC20-H3,2023,202303012209,PP,0,/Volumes/Seagate Portable Drive/KYLE_AI_DATABASE/A_CAMERA/Focal_species/Gulo gulo/HLC20-H3/PP/2023/B&W/Robust marks/03.01-22.09/RCNX4057.JPG,RCNX4057.JPG,HLC20-H3_2023_202303012209_RCNX4057.jpg,0.9152593016624451,946.60791015625,160.23867797851562,474.308837890625,843.94580078125,2048,1440,474,843
HLC20-H3,2023,202303012209,PP,0,/Volumes/Seagate Portable Drive/KYLE_AI_DATABASE/A_CAMERA/Focal_species/Gulo gulo/HLC20-H3/PP/2023/B&W/Robust marks/03.01-22.09/RCNX4059.JPG,RCNX4059.JPG,HLC20-H3_2023_202303012209_RCNX4059.jpg,0.9000308513641357,954.0922241210938,244.18771362304688,471.80401611328125,759.601806640625,2048,1440,471,759
HLC20-H3,2023,202303012209,PP,0,/Volumes/Seagate Portable Drive/KYLE_AI_DATABASE/A_CAMERA/Focal_species/Gulo gulo/HLC20-H3/PP/2023/B&W/Robust marks/03.01-22.09/RCNX4060.JPG,RCNX4060.JPG,HLC20-H3_2023_202303012209_RCNX4060.jpg,0.8877732753753662,976.8949584960938,221.6599884033203,449.91387939453125,783.8299560546875,2048,1440,449,783
HLC20-H3,2023,202303012209,PP,0,/Volumes/Seagate Portable Drive/KYLE_AI_DATABASE/A_CAMERA/Focal_species/Gulo gulo/HLC20-H3/PP/2023/B&W/Robust marks/03.01-22.09/RCNX4061.JPG,RCNX4061.JPG,HLC20-H3_2023_202303012209_RCNX4061.jpg,0.9636754393577576,1072.9544677734375,528.9127197265625,337.921630859375,481.74310302734375,2048,1440,337,481
HLC20-H3,2023,202303012209,PP,0,/Volumes/Seagate Portable Drive/KYLE_AI_DATABASE/A_CAMERA/Focal_species/Gulo gulo/HLC20-H3/PP/2023/B&W/Robust marks/03.01-22.09/RCNX4071.JPG,RCNX4071.JPG,HLC20-H3_2023_202303012209_RCNX4071.jpg,0.9297220706939697,983.2728271484375,189.15658569335938,329.672119140625,786.7427978515625,2048,1440,329,786
HLC20-H3,2023,202303012209,PP,0,/Volumes/Seagate Portable Drive/KYLE_AI_DATABASE/A_CAMERA/Focal_species/Gulo gulo/HLC20-H3/PP/2023/B&W/Robust marks/03.01-22.09/RCNX4072.JPG,RCNX4072.JPG,HLC20-H3_2023_202303012209_RCNX4072.jpg,0.9461832642555237,1007.427734375,196.91143798828125,334.757080078125,811.5872802734375,2048,1440,334,811
HLC20-H3,2023,202303012209,PP,0,/Volumes/Seagate Portable Drive/KYLE_AI_DATABASE/A_CAMERA/Focal_species/Gulo gulo/HLC20-H3/PP/2023/B&W/Robust marks/03.01-22.09/RCNX4073.JPG,RCNX4073.JPG,HLC20-H3_2023_202303012209_RCNX4073.jpg,0.9432170391082764,1006.3966064453125,197.51954650878906,334.994384765625,813.48583984375,2048,1440,334,813
HLC20-H3,2023,202303012209,PP,0,/Volumes/Seagate Portable Drive/KYLE_AI_DATABASE/A_CAMERA/Focal_species/Gulo gulo/HLC20-H3/PP/2023/B&W/Robust marks/03.01-22.09/RCNX4074.JPG,RCNX4074.JPG,HLC20-H3_2023_202303012209_RCNX4074.jpg,0.9299537539482117,996.9898681640625,180.06883239746094,342.38037109375,827.6018676757812,2048,1440,342,827
HLC20-H3,2023,202303012209,PP,0,/Volumes/Seagate Portable Drive/KYLE_AI_DATABASE/A_CAMERA/Focal_species/Gulo gulo/HLC20-H3/PP/2023/B&W/Robust marks/03.01-22.09/RCNX4075.JPG,RCNX4075.JPG,HLC20-H3_2023_202303012209_RCNX4075.jpg,0.9296289086341858,995.1249389648438,231.37893676757812,345.68438720703125,753.8297119140625,2048,1440,345,753
HLC20-H3,2023,202303012209,PP,0,/Volumes/Seagate Portable Drive/KYLE_AI_DATABASE/A_CAMERA/Focal_species/Gulo gulo/HLC20-H3/PP/2023/B&W/Robust marks/03.01-22.09/RCNX4076.JPG,RCNX4076.JPG,HLC20-H3_2023_202303012209_RCNX4076.jpg,0.8954591155052185,983.5364990234375,296.9794616699219,360.05419921875,675.98095703125,2048,1440,360,675
HLC20-H3,2023,202303012209,PP,0,/Volumes/Seagate Portable Drive/KYLE_AI_DATABASE/A_CAMERA/Focal_species/Gulo gulo/HLC20-H3/PP/2023/B&W/Robust marks/03.01-22.09/RCNX4077.JPG,RCNX4077.JPG,HLC20-H3_2023_202303012209_RCNX4077.jpg,0.9124176502227783,1000.10791015625,204.5048828125,329.26953125,785.9086303710938,2048,1440,329,785
HLC20-H3,2023,202303012209,PP,0,/Volumes/Seagate Portable Drive/KYLE_AI_DATABASE/A_CAMERA/Focal_species/Gulo gulo/HLC20-H3/PP/2023/B&W/Robust marks/03.01-22.09/RCNX4078.JPG,RCNX4078.JPG,HLC20-H3_2023_202303012209_RCNX4078.jpg,0.8647685050964355,966.5572509765625,127.6457290649414,359.766845703125,876.1055297851562,2048,1440,359,876
HLC20-H3,2023,202303012209,PP,0,/Volumes/Seagate Portable Drive/KYLE_AI_DATABASE/A_CAMERA/Focal_species/Gulo gulo/HLC20-H3/PP/2023/B&W/Robust marks/03.01-22.09/RCNX4079.JPG,RCNX4079.JPG,HLC20-H3_2023_202303012209_RCNX4079.jpg,0.9236837029457092,985.68359375,229.1646728515625,344.568359375,764.006591796875,2048,1440,344,764
HLC20-H3,2023,202303012209,PP,0,/Volumes/Seagate Portable Drive/KYLE_AI_DATABASE/A_CAMERA/Focal_species/Gulo gulo/HLC20-H3/PP/2023/B&W/Robust marks/03.01-22.09/RCNX4080.JPG,RCNX4080.JPG,HLC20-H3_2023_202303012209_RCNX4080.jpg,0.9199808239936829,1003.367919921875,290.8410339355469,331.6328125,704.3819580078125,2048,1440,331,704
HLC20-H3,2023,202303012209,PP,0,/Volumes/Seagate Portable Drive/KYLE_AI_DATABASE/A_CAMERA/Focal_species/Gulo gulo/HLC20-H3/PP/2023/B&W/Robust marks/03.01-22.09/RCNX4081.JPG,RCNX4081.JPG,HLC20-H3_2023_202303012209_RCNX4081.jpg,0.9438427090644836,1043.45849609375,207.26806640625,371.509765625,794.3033447265625,2048,1440,371,794
HLC20-H3,2023,202303012209,PP,0,/Volumes/Seagate Portable Drive/KYLE_AI_DATABASE/A_CAMERA/Focal_species/Gulo gulo/HLC20-H3/PP/2023/B&W/Robust marks/03.01-22.09/RCNX4082.JPG,RCNX4082.JPG,HLC20-H3_2023_202303012209_RCNX4082.jpg,0.9582445621490479,990.0003051757812,200.2368621826172,409.48236083984375,814.5127563476562,2048,1440,409,814
HLC20-H3,2023,202303012209,PP,0,/Volumes/Seagate Portable Drive/KYLE_AI_DATABASE/A_CAMERA/Focal_species/Gulo gulo/HLC20-H3/PP/2023/B&W/Robust marks/03.01-22.09/RCNX4083.JPG,RCNX4083.JPG,HLC20-H3_2023_202303012209_RCNX4083.jpg,0.9391138553619385,943.2794189453125,220.10885620117188,443.30419921875,782.725830078125,2048,1440,443,782
HLC20-H3,2023,202303012209,PP,0,/Volumes/Seagate Portable Drive/KYLE_AI_DATABASE/A_CAMERA/Focal_species/Gulo gulo/HLC20-H3/PP/2023/B&W/Robust marks/03.01-22.09/RCNX4084.JPG,RCNX4084.JPG,HLC20-H3_2023_202303012209_RCNX4084.jpg,0.9465858936309814,928.94921875,230.04710388183594,454.400390625,780.577880859375,2048,1440,454,780
HLC20-H3,2023,202303012209,PP,0,/Volumes/Seagate Portable Drive/KYLE_AI_DATABASE/A_CAMERA/Focal_species/Gulo gulo/HLC20-H3/PP/2023/B&W/Robust marks/03.01-22.09/RCNX4085.JPG,RCNX4085.JPG,HLC20-H3_2023_202303012209_RCNX4085.jpg,0.9266263246536255,968.7115478515625,253.13735961914062,422.03662109375,761.012939453125,2048,1440,422,761
HLC20-H3,2023,202303012209,PP,0,/Volumes/Seagate Portable Drive/KYLE_AI_DATABASE/A_CAMERA/Focal_species/Gulo gulo/HLC20-H3/PP/2023/B&W/Robust marks/03.01-22.09/RCNX4086.JPG,RCNX4086.JPG,HLC20-H3_2023_202303012209_RCNX4086.jpg,0.9367901086807251,882.1939697265625,230.74374389648438,498.69189453125,778.768310546875,2048,1440,498,778
HLC20-H3,2023,202303012209,PP,0,/Volumes/Seagate Portable Drive/KYLE_AI_DATABASE/A_CAMERA/Focal_species/Gulo gulo/HLC20-H3/PP/2023/B&W/Robust marks/03.01-22.09/RCNX4087.JPG,RCNX4087.JPG,HLC20-H3_2023_202303012209_RCNX4087.jpg,0.9324508905410767,988.8135986328125,255.7680206298828,394.35400390625,755.3583374023438,2048,1440,394,755
HLC20-H3,2023,202303012209,PP,0,/Volumes/Seagate Portable Drive/KYLE_AI_DATABASE/A_CAMERA/Focal_species/Gulo gulo/HLC20-H3/PP/2023/B&W/Robust marks/03.01-22.09/RCNX4088.JPG,RCNX4088.JPG,HLC20-H3_2023_202303012209_RCNX4088.jpg,0.9309194087982178,899.87939453125,251.25216674804688,485.47509765625,752.860595703125,2048,1440,485,752
HLC20-H3,2023,202303012209,PP,0,/Volumes/Seagate Portable Drive/KYLE_AI_DATABASE/A_CAMERA/Focal_species/Gulo gulo/HLC20-H3/PP/2023/B&W/Robust marks/03.01-22.09/RCNX4089.JPG,RCNX4089.JPG,HLC20-H3_2023_202303012209_RCNX4089.jpg,0.9408031105995178,916.5355834960938,155.99795532226562,471.48504638671875,863.1646728515625,2048,1440,471,863
HLC20-H3,2023,202303012209,PP,0,/Volumes/Seagate Portable Drive/KYLE_AI_DATABASE/A_CAMERA/Focal_species/Gulo gulo/HLC20-H3/PP/2023/B&W/Robust marks/03.01-22.09/RCNX4090.JPG,RCNX4090.JPG,HLC20-H3_2023_202303012209_RCNX4090.jpg,0.9072084426879883,979.4561157226562,279.8711853027344,412.15618896484375,745.0361328125,2048,1440,412,745
HLC20-H3,2023,202303012209,PP,0,/Volumes/Seagate Portable Drive/KYLE_AI_DATABASE/A_CAMERA/Focal_species/Gulo gulo/HLC20-H3/PP/2023/B&W/Robust marks/03.01-22.09/RCNX4091.JPG,RCNX4091.JPG,HLC20-H3_2023_202303012209_RCNX4091.jpg,0.9531047940254211,986.3433227539062,241.59596252441406,406.29620361328125,781.5723876953125,2048,1440,406,781
HLC20-H3,2023,202303012209,PP,0,/Volumes/Seagate Portable Drive/KYLE_AI_DATABASE/A_CAMERA/Focal_species/Gulo gulo/HLC20-H3/PP/2023/B&W/Robust marks/03.01-22.09/RCNX4092.JPG,RCNX4092.JPG,HLC20-H3_2023_202303012209_RCNX4092.jpg,0.9436376094818115,940.7052612304688,159.08648681640625,451.07354736328125,868.7828979492188,2048,1440,451,868
HLC20-H3,2023,202303012209,PP,0,/Volumes/Seagate Portable Drive/KYLE_AI_DATABASE/A_CAMERA/Focal_species/Gulo gulo/HLC20-H3/PP/2023/B&W/Robust marks/03.01-22.09/RCNX4093.JPG,RCNX4093.JPG,HLC20-H3_2023_202303012209_RCNX4093.jpg,0.8986756801605225,915.1082763671875,232.477783203125,477.998779296875,793.58056640625,2048,1440,477,793
HLC20-H3,2023,202303012209,PP,0,/Volumes/Seagate Portable Drive/KYLE_AI_DATABASE/A_CAMERA/Focal_species/Gulo gulo/HLC20-H3/PP/2023/B&W/Robust marks/03.01-22.09/RCNX4094.JPG,RCNX4094.JPG,HLC20-H3_2023_202303012209_RCNX4094.jpg,0.9382454752922058,914.6986083984375,258.4107971191406,483.1435546875,769.4710693359375,2048,1440,483,769
HLC20-H3,2023,202303012209,PP,0,/Volumes/Seagate Portable Drive/KYLE_AI_DATABASE/A_CAMERA/Focal_species/Gulo gulo/HLC20-H3/PP/2023/B&W/Robust marks/03.01-22.09/RCNX4095.JPG,RCNX4095.JPG,HLC20-H3_2023_202303012209_RCNX4095.jpg,0.9350565075874329,950.3272705078125,247.78311157226562,443.474853515625,782.17626953125,2048,1440,443,782
HLC20-H3,2023,202303012209,PP,0,/Volumes/Seagate Portable Drive/KYLE_AI_DATABASE/A_CAMERA/Focal_species/Gulo gulo/HLC20-H3/PP/2023/B&W/Robust marks/03.01-22.09/RCNX4096.JPG,RCNX4096.JPG,HLC20-H3_2023_202303012209_RCNX4096.jpg,0.9287854433059692,955.6973876953125,224.05084228515625,441.271240234375,806.0170288085938,2048,1440,441,806
HLC20-H3,2023,202303012209,PP,0,/Volumes/Seagate Portable Drive/KYLE_AI_DATABASE/A_CAMERA/Focal_species/Gulo gulo/HLC20-H3/PP/2023/B&W/Robust marks/03.01-22.09/RCNX4097.JPG,RCNX4097.JPG,HLC20-H3_2023_202303012209_RCNX4097.jpg,0.9486573338508606,1012.8602905273438,204.60911560058594,391.65155029296875,815.7393798828125,2048,1440,391,815
HLC20-H3,2023,202303012209,PP,0,/Volumes/Seagate Portable Drive/KYLE_AI_DATABASE/A_CAMERA/Focal_species/Gulo gulo/HLC20-H3/PP/2023/B&W/Robust marks/03.01-22.09/RCNX4098.JPG,RCNX4098.JPG,HLC20-H3_2023_202303012209_RCNX4098.jpg,0.9384965896606445,959.967529296875,173.20294189453125,433.3974609375,851.0277709960938,2048,1440,433,851
HLC20-H3,2023,202303012209,PP,0,/Volumes/Seagate Portable Drive/KYLE_AI_DATABASE/A_CAMERA/Focal_species/Gulo gulo/HLC20-H3/PP/2023/B&W/Robust marks/03.01-22.09/RCNX4099.JPG,RCNX4099.JPG,HLC20-H3_2023_202303012209_RCNX4099.jpg,0.9437543749809265,953.5524291992188,165.94020080566406,447.90655517578125,845.3029174804688,2048,1440,447,845
HLC20-H3,2023,202303012209,PP,0,/Volumes/Seagate Portable Drive/KYLE_AI_DATABASE/A_CAMERA/Focal_species/Gulo gulo/HLC20-H3/PP/2023/B&W/Robust marks/03.01-22.09/RCNX4100.JPG,RCNX4100.JPG,HLC20-H3_2023_202303012209_RCNX4100.jpg,0.9188143610954285,937.9248046875,174.96070861816406,484.463134765625,836.7093505859375,2048,1440,484,836
HLC20-H3,2023,202303012209,PP,0,/Volumes/Seagate Portable Drive/KYLE_AI_DATABASE/A_CAMERA/Focal_species/Gulo gulo/HLC20-H3/PP/2023/B&W/Robust marks/03.01-22.09/RCNX4104.JPG,RCNX4104.JPG,HLC20-H3_2023_202303012209_RCNX4104.jpg,0.8639621734619141,970.2354125976562,140.58233642578125,197.35455322265625,276.6367492675781,2048,1440,197,276
HLC20-H3,2023,202303012209,PP,0,/Volumes/Seagate Portable Drive/KYLE_AI_DATABASE/A_CAMERA/Focal_species/Gulo gulo/HLC20-H3/PP/2023/B&W/Robust marks/03.01-22.09/RCNX4111.JPG,RCNX4111.JPG,HLC20-H3_2023_202303012209_RCNX4111.jpg,0.920580267906189,976.9061279296875,167.07785034179688,407.583984375,857.042236328125,2048,1440,407,857
HLC20-H3,2023,202303012209,PP,0,/Volumes/Seagate Portable Drive/KYLE_AI_DATABASE/A_CAMERA/Focal_species/Gulo gulo/HLC20-H3/PP/2023/B&W/Robust marks/03.01-22.09/RCNX4112.JPG,RCNX4112.JPG,HLC20-H3_2023_202303012209_RCNX4112.jpg,0.9339010119438171,990.5153198242188,176.3233642578125,396.76715087890625,817.7920532226562,2048,1440,396,817
HLC20-H3,2023,202303012209,PP,0,/Volumes/Seagate Portable Drive/KYLE_AI_DATABASE/A_CAMERA/Focal_species/Gulo gulo/HLC20-H3/PP/2023/B&W/Robust marks/03.01-22.09/RCNX4113.JPG,RCNX4113.JPG,HLC20-H3_2023_202303012209_RCNX4113.jpg,0.9075307250022888,999.665283203125,200.38153076171875,398.835205078125,784.9256591796875,2048,1440,398,784
HLC20-H3,2023,202303012209,PP,0,/Volumes/Seagate Portable Drive/KYLE_AI_DATABASE/A_CAMERA/Focal_species/Gulo gulo/HLC20-H3/PP/2023/B&W/Robust marks/03.01-22.09/RCNX4114.JPG,RCNX4114.JPG,HLC20-H3_2023_202303012209_RCNX4114.jpg,0.943964958190918,1001.5012817382812,197.0106964111328,387.42376708984375,813.8223266601562,2048,1440,387,813
HLC20-H3,2023,202303012209,PP,0,/Volumes/Seagate Portable Drive/KYLE_AI_DATABASE/A_CAMERA/Focal_species/Gulo gulo/HLC20-H3/PP/2023/B&W/Robust marks/03.01-22.09/RCNX4115.JPG,RCNX4115.JPG,HLC20-H3_2023_202303012209_RCNX4115.jpg,0.926756739616394,978.8209228515625,245.1473388671875,407.5947265625,766.5963134765625,2048,1440,407,766
HLC20-H3,2023,202303012209,PP,0,/Volumes/Seagate Portable Drive/KYLE_AI_DATABASE/A_CAMERA/Focal_species/Gulo gulo/HLC20-H3/PP/2023/B&W/Robust marks/03.01-22.09/RCNX4116.JPG,RCNX4116.JPG,HLC20-H3_2023_202303012209_RCNX4116.jpg,0.9476446509361267,955.370849609375,247.74851989746094,431.233642578125,758.449462890625,2048,1440,431,758
HLC20-H3,2023,202303012209,PP,0,/Volumes/Seagate Portable Drive/KYLE_AI_DATABASE/A_CAMERA/Focal_species/Gulo gulo/HLC20-H3/PP/2023/B&W/Robust marks/03.01-22.09/RCNX4117.JPG,RCNX4117.JPG,HLC20-H3_2023_202303012209_RCNX4117.jpg,0.9398305416107178,984.1217651367188,151.0345001220703,397.67242431640625,853.4138793945312,2048,1440,397,853
HLC20-H3,2023,202303012209,PP,0,/Volumes/Seagate Portable Drive/KYLE_AI_DATABASE/A_CAMERA/Focal_species/Gulo gulo/HLC20-H3/PP/2023/B&W/Robust marks/03.01-22.09/RCNX4118.JPG,RCNX4118.JPG,HLC20-H3_2023_202303012209_RCNX4118.jpg,0.954410195350647,1060.855712890625,161.24110412597656,341.806396484375,857.3563842773438,2048,1440,341,857
HLC20-H3,2023,202303012209,PP,0,/Volumes/Seagate Portable Drive/KYLE_AI_DATABASE/A_CAMERA/Focal_species/Gulo gulo/HLC20-H3/PP/2023/B&W/Robust marks/03.01-22.09/RCNX4119.JPG,RCNX4119.JPG,HLC20-H3_2023_202303012209_RCNX4119.jpg,0.961100161075592,1062.18115234375,165.77464294433594,359.477294921875,848.9959106445312,2048,1440,359,848
HLC20-H3,2023,202303012209,PP,0,/Volumes/Seagate Portable Drive/KYLE_AI_DATABASE/A_CAMERA/Focal_species/Gulo gulo/HLC20-H3/PP/2023/B&W/Robust marks/03.01-22.09/RCNX4120.JPG,RCNX4120.JPG,HLC20-H3_2023_202303012209_RCNX4120.jpg,0.9547550678253174,1058.5318603515625,165.52117919921875,372.513427734375,844.965576171875,2048,1440,372,844
HLC20-H3,2023,202303012209,PP,0,/Volumes/Seagate Portable Drive/KYLE_AI_DATABASE/A_CAMERA/Focal_species/Gulo gulo/HLC20-H3/PP/2023/B&W/Robust marks/03.01-22.09/RCNX4121.JPG,RCNX4121.JPG,HLC20-H3_2023_202303012209_RCNX4121.jpg,0.9092972278594971,908.2260131835938,235.747802734375,474.65716552734375,769.9388427734375,2048,1440,474,769
HLC20-H3,2023,202303012209,PP,0,/Volumes/Seagate Portable Drive/KYLE_AI_DATABASE/A_CAMERA/Focal_species/Gulo gulo/HLC20-H3/PP/2023/B&W/Robust marks/03.01-22.09/RCNX4122.JPG,RCNX4122.JPG,HLC20-H3_2023_202303012209_RCNX4122.jpg,0.9354261755943298,998.3590087890625,288.88189697265625,405.825927734375,729.453369140625,2048,1440,405,729
HLC20-H3,2023,202303012209,PP,0,/Volumes/Seagate Portable Drive/KYLE_AI_DATABASE/A_CAMERA/Focal_species/Gulo gulo/HLC20-H3/PP/2023/B&W/Robust marks/03.01-22.09/RCNX4123.JPG,RCNX4123.JPG,HLC20-H3_2023_202303012209_RCNX4123.jpg,0.9564674496650696,944.6442260742188,165.67176818847656,449.06329345703125,851.4395751953125,2048,1440,449,851
HLC20-H3,2023,202303012209,PP,0,/Volumes/Seagate Portable Drive/KYLE_AI_DATABASE/A_CAMERA/Focal_species/Gulo gulo/HLC20-H3/PP/2023/B&W/Robust marks/03.01-22.09/RCNX4124.JPG,RCNX4124.JPG,HLC20-H3_2023_202303012209_RCNX4124.jpg,0.9138527512550354,1009.4305419921875,150.49578857421875,395.800537109375,827.8560180664062,2048,1440,395,827
HLC20-H3,2023,202303012209,PP,0,/Volumes/Seagate Portable Drive/KYLE_AI_DATABASE/A_CAMERA/Focal_species/Gulo gulo/HLC20-H3/PP/2023/B&W/Robust marks/03.01-22.09/RCNX4125.JPG,RCNX4125.JPG,HLC20-H3_2023_202303012209_RCNX4125.jpg,0.8938686847686768,1046.8929443359375,134.05801391601562,356.29248046875,834.076416015625,2048,1440,356,834
HLC20-H3,2023,202303012209,PP,0,/Volumes/Seagate Portable Drive/KYLE_AI_DATABASE/A_CAMERA/Focal_species/Gulo gulo/HLC20-H3/PP/2023/B&W/Robust marks/03.01-22.09/RCNX4126.JPG,RCNX4126.JPG,HLC20-H3_2023_202303012209_RCNX4126.jpg,0.951524019241333,990.2697143554688,181.92800903320312,410.90887451171875,837.9794921875,2048,1440,410,837
HLC20-H3,2023,202303012209,PP,0,/Volumes/Seagate Portable Drive/KYLE_AI_DATABASE/A_CAMERA/Focal_species/Gulo gulo/HLC20-H3/PP/2023/B&W/Robust marks/03.01-22.09/RCNX4127.JPG,RCNX4127.JPG,HLC20-H3_2023_202303012209_RCNX4127.jpg,0.9498051404953003,1004.3065795898438,165.5402374267578,404.34503173828125,847.558349609375,2048,1440,404,847
HLC20-H3,2023,202303012209,PP,0,/Volumes/Seagate Portable Drive/KYLE_AI_DATABASE/A_CAMERA/Focal_species/Gulo gulo/HLC20-H3/PP/2023/B&W/Robust marks/03.01-22.09/RCNX4128.JPG,RCNX4128.JPG,HLC20-H3_2023_202303012209_RCNX4128.jpg,0.946955680847168,969.0156860351562,147.67041015625,437.92791748046875,861.2634887695312,2048,1440,437,861
HLC20-H3,2023,202303012209,PP,0,/Volumes/Seagate Portable Drive/KYLE_AI_DATABASE/A_CAMERA/Focal_species/Gulo gulo/HLC20-H3/PP/2023/B&W/Robust marks/03.01-22.09/RCNX4129.JPG,RCNX4129.JPG,HLC20-H3_2023_202303012209_RCNX4129.jpg,0.933925449848175,968.2315673828125,149.30853271484375,434.832275390625,863.7105712890625,2048,1440,434,863
HLC20-H3,2023,202303012209,PP,0,/Volumes/Seagate Portable Drive/KYLE_AI_DATABASE/A_CAMERA/Focal_species/Gulo gulo/HLC20-H3/PP/2023/B&W/Robust marks/03.01-22.09/RCNX4130.JPG,RCNX4130.JPG,HLC20-H3_2023_202303012209_RCNX4130.jpg,0.9266871809959412,995.1563720703125,150.39927673339844,411.636962890625,863.1739501953125,2048,1440,411,863
HLC20-H3,2023,202303012209,PP,0,/Volumes/Seagate Portable Drive/KYLE_AI_DATABASE/A_CAMERA/Focal_species/Gulo gulo/HLC20-H3/PP/2023/B&W/Robust marks/03.01-22.09/RCNX4131.JPG,RCNX4131.JPG,HLC20-H3_2023_202303012209_RCNX4131.jpg,0.9288788437843323,954.7105712890625,159.8573760986328,427.482177734375,842.5204467773438,2048,1440,427,842
HLC20-H3,2023,202303012209,PP,0,/Volumes/Seagate Portable Drive/KYLE_AI_DATABASE/A_CAMERA/Focal_species/Gulo gulo/HLC20-H3/PP/2023/B&W/Robust marks/03.01-22.09/RCNX4132.JPG,RCNX4132.JPG,HLC20-H3_2023_202303012209_RCNX4132.jpg,0.9569369554519653,978.8024291992188,146.2672119140625,413.41607666015625,828.637939453125,2048,1440,413,828
HLC20-H3,2023,202303012209,PP,0,/Volumes/Seagate Portable Drive/KYLE_AI_DATABASE/A_CAMERA/Focal_species/Gulo gulo/HLC20-H3/PP/2023/B&W/Robust marks/03.01-22.09/RCNX4133.JPG,RCNX4133.JPG,HLC20-H3_2023_202303012209_RCNX4133.jpg,0.9316598773002625,983.79296875,165.41590881347656,406.25244140625,841.9606323242188,2048,1440,406,841
HLC20-H3,2023,202303012209,PP,0,/Volumes/Seagate Portable Drive/KYLE_AI_DATABASE/A_CAMERA/Focal_species/Gulo gulo/HLC20-H3/PP/2023/B&W/Robust marks/03.01-22.09/RCNX4134.JPG,RCNX4134.JPG,HLC20-H3_2023_202303012209_RCNX4134.jpg,0.9151155352592468,914.2303466796875,139.63519287109375,461.04736328125,758.1852416992188,2048,1440,461,758
HLC20-H3,2023,202303012209,PP,0,/Volumes/Seagate Portable Drive/KYLE_AI_DATABASE/A_CAMERA/Focal_species/Gulo gulo/HLC20-H3/PP/2023/B&W/Robust marks/03.01-22.09/RCNX4135.JPG,RCNX4135.JPG,HLC20-H3_2023_202303012209_RCNX4135.jpg,0.8876470327377319,964.646484375,140.38018798828125,428.344970703125,706.549072265625,2048,1440,428,706
HLC20-H3,2023,202303012209,PP,0,/Volumes/Seagate Portable Drive/KYLE_AI_DATABASE/A_CAMERA/Focal_species/Gulo gulo/HLC20-H3/PP/2023/B&W/Robust marks/03.01-22.09/RCNX4136.JPG,RCNX4136.JPG,HLC20-H3_2023_202303012209_RCNX4136.jpg,0.8602408766746521,981.3389892578125,163.543212890625,405.906982421875,704.282470703125,2048,1440,405,704
HLC20-H3,2023,202303012209,PP,0,/Volumes/Seagate Portable Drive/KYLE_AI_DATABASE/A_CAMERA/Focal_species/Gulo gulo/HLC20-H3/PP/2023/B&W/Robust marks/03.01-22.09/RCNX4137.JPG,RCNX4137.JPG,HLC20-H3_2023_202303012209_RCNX4137.jpg,0.9055910706520081,996.2229614257812,108.29721069335938,390.15911865234375,811.0772705078125,2048,1440,390,811
HLC20-H3,2023,202303012209,PP,0,/Volumes/Seagate Portable Drive/KYLE_AI_DATABASE/A_CAMERA/Focal_species/Gulo gulo/HLC20-H3/PP/2023/B&W/Robust marks/03.01-22.09/RCNX4138.JPG,RCNX4138.JPG,HLC20-H3_2023_202303012209_RCNX4138.jpg,0.921501636505127,956.1148681640625,126.97015380859375,430.077392578125,774.07666015625,2048,1440,430,774
HLC20-H3,2023,202303012209,PP,0,/Volumes/Seagate Portable Drive/KYLE_AI_DATABASE/A_CAMERA/Focal_species/Gulo gulo/HLC20-H3/PP/2023/B&W/Robust marks/03.01-22.09/RCNX4139.JPG,RCNX4139.JPG,HLC20-H3_2023_202303012209_RCNX4139.jpg,0.9393271803855896,914.6176147460938,136.30377197265625,473.32452392578125,734.6195678710938,2048,1440,473,734
HLC20-H3,2023,202303012209,PP,0,/Volumes/Seagate Portable Drive/KYLE_AI_DATABASE/A_CAMERA/Focal_species/Gulo gulo/HLC20-H3/PP/2023/B&W/Robust marks/03.01-22.09/RCNX4140.JPG,RCNX4140.JPG,HLC20-H3_2023_202303012209_RCNX4140.jpg,0.9282424449920654,914.39697265625,141.8398895263672,472.28955078125,725.7191772460938,2048,1440,472,725
HLC20-H3,2023,202303012209,PP,0,/Volumes/Seagate Portable Drive/KYLE_AI_DATABASE/A_CAMERA/Focal_species/Gulo gulo/HLC20-H3/PP/2023/B&W/Robust marks/03.01-22.09/RCNX4141.JPG,RCNX4141.JPG,HLC20-H3_2023_202303012209_RCNX4141.jpg,0.8444361090660095,1061.100341796875,263.3131408691406,345.083984375,849.768310546875,2048,1440,345,849
HLC20-H3,2023,202303012209,PP,0,/Volumes/Seagate Portable Drive/KYLE_AI_DATABASE/A_CAMERA/Focal_species/Gulo gulo/HLC20-H3/PP/2023/B&W/Robust marks/03.01-22.09/RCNX4142.JPG,RCNX4142.JPG,HLC20-H3_2023_202303012209_RCNX4142.jpg,0.8953655958175659,1014.0452880859375,260.59423828125,400.7197265625,810.5506591796875,2048,1440,400,810
HLC20-H3,2023,202303012209,PP,0,/Volumes/Seagate Portable Drive/KYLE_AI_DATABASE/A_CAMERA/Focal_species/Gulo gulo/HLC20-H3/PP/2023/B&W/Robust marks/03.01-22.09/RCNX4143.JPG,RCNX4143.JPG,HLC20-H3_2023_202303012209_RCNX4143.jpg,0.9498287439346313,1029.3314208984375,250.8948211669922,360.531494140625,892.0015258789062,2048,1440,360,892
HLC20-H3,2023,202303012209,PP,0,/Volumes/Seagate Portable Drive/KYLE_AI_DATABASE/A_CAMERA/Focal_species/Gulo gulo/HLC20-H3/PP/2023/B&W/Robust marks/03.01-22.09/RCNX4145.JPG,RCNX4145.JPG,HLC20-H3_2023_202303012209_RCNX4145.jpg,0.953022837638855,956.4258422851562,164.6310272216797,387.32000732421875,812.275146484375,2048,1440,387,812
HLC20-H3,2023,202303012209,PP,0,/Volumes/Seagate Portable Drive/KYLE_AI_DATABASE/A_CAMERA/Focal_species/Gulo gulo/HLC20-H3/PP/2023/B&W/Robust marks/03.01-22.09/RCNX4146.JPG,RCNX4146.JPG,HLC20-H3_2023_202303012209_RCNX4146.jpg,0.9220051765441895,1028.461669921875,146.71014404296875,361.0751953125,864.6207275390625,2048,1440,361,864
HLC20-H3,2023,202303012209,PP,0,/Volumes/Seagate Portable Drive/KYLE_AI_DATABASE/A_CAMERA/Focal_species/Gulo gulo/HLC20-H3/PP/2023/B&W/Robust marks/03.01-22.09/RCNX4147.JPG,RCNX4147.JPG,HLC20-H3_2023_202303012209_RCNX4147.jpg,0.9203729629516602,1033.38134765625,187.65489196777344,337.85205078125,837.5521240234375,2048,1440,337,837
HLC20-H3,2023,202303012209,PP,0,/Volumes/Seagate Portable Drive/KYLE_AI_DATABASE/A_CAMERA/Focal_species/Gulo gulo/HLC20-H3/PP/2023/B&W/Robust marks/03.01-22.09/RCNX4148.JPG,RCNX4148.JPG,HLC20-H3_2023_202303012209_RCNX4148.jpg,0.939559817314148,1042.065673828125,200.16424560546875,340.535400390625,832.4478149414062,2048,1440,340,832
HLC20-H3,2023,202303012209,PP,0,/Volumes/Seagate Portable Drive/KYLE_AI_DATABASE/A_CAMERA/Focal_species/Gulo gulo/HLC20-H3/PP/2023/B&W/Robust marks/03.01-22.09/RCNX4149.JPG,RCNX4149.JPG,HLC20-H3_2023_202303012209_RCNX4149.jpg,0.9376723170280457,1041.87646484375,221.5635528564453,339.21044921875,808.5420532226562,2048,1440,339,808
HLC20-H3,2023,202303012209,PP,0,/Volumes/Seagate Portable Drive/KYLE_AI_DATABASE/A_CAMERA/Focal_species/Gulo gulo/HLC20-H3/PP/2023/B&W/Robust marks/03.01-22.09/RCNX4150.JPG,RCNX4150.JPG,HLC20-H3_2023_202303012209_RCNX4150.jpg,0.9032561182975769,1037.63720703125,222.28749084472656,348.927978515625,814.636474609375,2048,1440,348,814
HLC20-H3,2023,202303012209,PP,0,/Volumes/Seagate Portable Drive/KYLE_AI_DATABASE/A_CAMERA/Focal_species/Gulo gulo/HLC20-H3/PP/2023/B&W/Robust marks/03.01-22.09/RCNX4151.JPG,RCNX4151.JPG,HLC20-H3_2023_202303012209_RCNX4151.jpg,0.9215702414512634,1006.4459228515625,249.90956115722656,377.333740234375,767.2218627929688,2048,1440,377,767
HLC20-H3,2023,202303012209,PP,0,/Volumes/Seagate Portable Drive/KYLE_AI_DATABASE/A_CAMERA/Focal_species/Gulo gulo/HLC20-H3/PP/2023/B&W/Robust marks/03.01-22.09/RCNX4152.JPG,RCNX4152.JPG,HLC20-H3_2023_202303012209_RCNX4152.jpg,0.9097753167152405,977.4122314453125,190.4792022705078,405.585693359375,810.179443359375,2048,1440,405,810
HLC20-H3,2023,202303012209,PP,0,/Volumes/Seagate Portable Drive/KYLE_AI_DATABASE/A_CAMERA/Focal_species/Gulo gulo/HLC20-H3/PP/2023/B&W/Robust marks/03.01-22.09/RCNX4153.JPG,RCNX4153.JPG,HLC20-H3_2023_202303012209_RCNX4153.jpg,0.9323194026947021,998.2713623046875,228.35362243652344,415.0576171875,772.0972900390625,2048,1440,415,772
HLC20-H3,2023,202303012209,PP,0,/Volumes/Seagate Portable Drive/KYLE_AI_DATABASE/A_CAMERA/Focal_species/Gulo gulo/HLC20-H3/PP/2023/B&W/Robust marks/03.01-22.09/RCNX4154.JPG,RCNX4154.JPG,HLC20-H3_2023_202303012209_RCNX4154.jpg,0.9223859906196594,1021.600341796875,215.58377075195312,392.614013671875,789.266357421875,2048,1440,392,789
HLC20-H3,2023,202303012209,PP,0,/Volumes/Seagate Portable Drive/KYLE_AI_DATABASE/A_CAMERA/Focal_species/Gulo gulo/HLC20-H3/PP/2023/B&W/Robust marks/03.01-22.09/RCNX4155.JPG,RCNX4155.JPG,HLC20-H3_2023_202303012209_RCNX4155.jpg,0.8590565323829651,1023.6380615234375,137.2174835205078,381.99658203125,726.2777099609375,2048,1440,381,726
HLC20-H3,2023,202303012209,PP,0,/Volumes/Seagate Portable Drive/KYLE_AI_DATABASE/A_CAMERA/Focal_species/Gulo gulo/HLC20-H3/PP/2023/B&W/Robust marks/03.01-22.09/RCNX4156.JPG,RCNX4156.JPG,HLC20-H3_2023_202303012209_RCNX4156.jpg,0.9390636682510376,1110.844970703125,173.86181640625,316.196044921875,813.633544921875,2048,1440,316,813
HLC20-H3,2023,202303012209,PP,0,/Volumes/Seagate Portable Drive/KYLE_AI_DATABASE/A_CAMERA/Focal_species/Gulo gulo/HLC20-H3/PP/2023/B&W/Robust marks/03.01-22.09/RCNX4157.JPG,RCNX4157.JPG,HLC20-H3_2023_202303012209_RCNX4157.jpg,0.9339303374290466,1095.9652099609375,140.30523681640625,321.517822265625,860.2490234375,2048,1440,321,860
HLC20-H3,2023,202303012209,PP,0,/Volumes/Seagate Portable Drive/KYLE_AI_DATABASE/A_CAMERA/Focal_species/Gulo gulo/HLC20-H3/PP/2023/B&W/Robust marks/03.01-22.09/RCNX4158.JPG,RCNX4158.JPG,HLC20-H3_2023_202303012209_RCNX4158.jpg,0.9321102499961853,1074.8448486328125,215.0093536376953,342.898193359375,814.8478393554688,2048,1440,342,814
HLC20-H3,2023,202303012209,PP,0,/Volumes/Seagate Portable Drive/KYLE_AI_DATABASE/A_CAMERA/Focal_species/Gulo gulo/HLC20-H3/PP/2023/B&W/Robust marks/03.01-22.09/RCNX4159.JPG,RCNX4159.JPG,HLC20-H3_2023_202303012209_RCNX4159.jpg,0.9147303700447083,1086.4305419921875,145.94345092773438,326.957275390625,864.7139892578125,2048,1440,326,864
HLC20-H3,2023,202303012209,PP,0,/Volumes/Seagate Portable Drive/KYLE_AI_DATABASE/A_CAMERA/Focal_species/Gulo gulo/HLC20-H3/PP/2023/B&W/Robust marks/03.01-22.09/RCNX4160.JPG,RCNX4160.JPG,HLC20-H3_2023_202303012209_RCNX4160.jpg,0.9455249905586243,1090.3870849609375,164.12904357910156,330.538330078125,817.7884521484375,2048,1440,330,817
HLC20-H3,2023,202303012209,PP,0,/Volumes/Seagate Portable Drive/KYLE_AI_DATABASE/A_CAMERA/Focal_species/Gulo gulo/HLC20-H3/PP/2023/B&W/Robust marks/03.01-22.09/RCNX4161.JPG,RCNX4161.JPG,HLC20-H3_2023_202303012209_RCNX4161.jpg,0.9168199300765991,1037.7584228515625,223.65151977539062,368.3203125,785.8697509765625,2048,1440,368,785
HLC20-H3,2023,202303012209,PP,0,/Volumes/Seagate Portable Drive/KYLE_AI_DATABASE/A_CAMERA/Focal_species/Gulo gulo/HLC20-H3/PP/2023/B&W/Robust marks/03.01-22.09/RCNX4162.JPG,RCNX4162.JPG,HLC20-H3_2023_202303012209_RCNX4162.jpg,0.9520650506019592,1010.098388671875,144.6616973876953,404.2724609375,874.1760864257812,2048,1440,404,874
HLC20-H3,2023,202303012209,PP,0,/Volumes/Seagate Portable Drive/KYLE_AI_DATABASE/A_CAMERA/Focal_species/Gulo gulo/HLC20-H3/PP/2023/B&W/Robust marks/03.01-22.09/RCNX4163.JPG,RCNX4163.JPG,HLC20-H3_2023_202303012209_RCNX4163.jpg,0.9292327761650085,997.81494140625,142.9080047607422,422.202392578125,880.8277587890625,2048,1440,422,880
HLC20-H3,2023,202303012209,PP,0,/Volumes/Seagate Portable Drive/KYLE_AI_DATABASE/A_CAMERA/Focal_species/Gulo gulo/HLC20-H3/PP/2023/B&W/Robust marks/03.01-22.09/RCNX4164.JPG,RCNX4164.JPG,HLC20-H3_2023_202303012209_RCNX4164.jpg,0.9374194741249084,989.2196044921875,144.18594360351562,434.487060546875,857.0472412109375,2048,1440,434,857
HLC20-H3,2023,202303012209,PP,0,/Volumes/Seagate Portable Drive/KYLE_AI_DATABASE/A_CAMERA/Focal_species/Gulo gulo/HLC20-H3/PP/2023/B&W/Robust marks/03.01-22.09/RCNX4165.JPG,RCNX4165.JPG,HLC20-H3_2023_202303012209_RCNX4165.jpg,0.9440087676048279,974.7911987304688,195.70675659179688,443.71600341796875,788.0264892578125,2048,1440,443,788
HLC20-H3,2023,202303012209,PP,0,/Volumes/Seagate Portable Drive/KYLE_AI_DATABASE/A_CAMERA/Focal_species/Gulo gulo/HLC20-H3/PP/2023/B&W/Robust marks/03.01-22.09/RCNX4166.JPG,RCNX4166.JPG,HLC20-H3_2023_202303012209_RCNX4166.jpg,0.8742021918296814,1031.36962890625,183.4537811279297,388.402099609375,806.22314453125,2048,1440,388,806
HLC20-H3,2023,202303012209,PP,0,/Volumes/Seagate Portable Drive/KYLE_AI_DATABASE/A_CAMERA/Focal_species/Gulo gulo/HLC20-H3/PP/2023/B&W/Robust marks/03.01-22.09/RCNX4167.JPG,RCNX4167.JPG,HLC20-H3_2023_202303012209_RCNX4167.jpg,0.9198004603385925,991.140380859375,167.02609252929688,432.99853515625,822.962890625,2048,1440,432,822
HLC20-H3,2023,202303012209,PP,0,/Volumes/Seagate Portable Drive/KYLE_AI_DATABASE/A_CAMERA/Focal_species/Gulo gulo/HLC20-H3/PP/2023/B&W/Robust marks/03.01-22.09/RCNX4168.JPG,RCNX4168.JPG,HLC20-H3_2023_202303012209_RCNX4168.jpg,0.9337384104728699,1021.0606079101562,216.5193328857422,400.64825439453125,778.9573974609375,2048,1440,400,778
HLC20-H3,2023,202303012209,PP,0,/Volumes/Seagate Portable Drive/KYLE_AI_DATABASE/A_CAMERA/Focal_species/Gulo gulo/HLC20-H3/PP/2023/B&W/Robust marks/03.01-22.09/RCNX4169.JPG,RCNX4169.JPG,HLC20-H3_2023_202303012209_RCNX4169.jpg,0.9016776084899902,989.9747314453125,200.19097900390625,431.376220703125,794.86181640625,2048,1440,431,794
HLC20-H3,2023,202303012209,PP,0,/Volumes/Seagate Portable Drive/KYLE_AI_DATABASE/A_CAMERA/Focal_species/Gulo gulo/HLC20-H3/PP/2023/B&W/Robust marks/03.01-22.09/RCNX4170.JPG,RCNX4170.JPG,HLC20-H3_2023_202303012209_RCNX4170.jpg,0.9206612706184387,1028.74072265625,231.68492126464844,392.428955078125,785.8535766601562,2048,1440,392,785
HLC20-H3,2023,202303012209,PP,0,/Volumes/Seagate Portable Drive/KYLE_AI_DATABASE/A_CAMERA/Focal_species/Gulo gulo/HLC20-H3/PP/2023/B&W/Robust marks/03.01-22.09/RCNX4171.JPG,RCNX4171.JPG,HLC20-H3_2023_202303012209_RCNX4171.jpg,0.9086074829101562,1038.857177734375,173.47390747070312,388.29052734375,836.0350341796875,2048,1440,388,836
HLC20-H3,2023,202303012209,PP,0,/Volumes/Seagate Portable Drive/KYLE_AI_DATABASE/A_CAMERA/Focal_species/Gulo gulo/HLC20-H3/PP/2023/B&W/Robust marks/03.01-22.09/RCNX4172.JPG,RCNX4172.JPG,HLC20-H3_2023_202303012209_RCNX4172.jpg,0.9378429055213928,1069.2310791015625,227.117919921875,355.526123046875,760.8760375976562,2048,1440,355,760
HLC20-H3,2023,202303012209,PP,0,/Volumes/Seagate Portable Drive/KYLE_AI_DATABASE/A_CAMERA/Focal_species/Gulo gulo/HLC20-H3/PP/2023/B&W/Robust marks/03.01-22.09/RCNX4173.JPG,RCNX4173.JPG,HLC20-H3_2023_202303012209_RCNX4173.jpg,0.9246129989624023,1038.404296875,241.03424072265625,394.1494140625,733.5421752929688,2048,1440,394,733
HLC20-H3,2023,202303012209,PP,0,/Volumes/Seagate Portable Drive/KYLE_AI_DATABASE/A_CAMERA/Focal_species/Gulo gulo/HLC20-H3/PP/2023/B&W/Robust marks/03.01-22.09/RCNX4174.JPG,RCNX4174.JPG,HLC20-H3_2023_202303012209_RCNX4174.jpg,0.8995304107666016,1021.9008178710938,166.52174377441406,401.18157958984375,847.0466918945312,2048,1440,401,847
HLC20-H3,2023,202303012209,PP,0,/Volumes/Seagate Portable Drive/KYLE_AI_DATABASE/A_CAMERA/Focal_species/Gulo gulo/HLC20-H3/PP/2023/B&W/Robust marks/03.01-22.09/RCNX4175.JPG,RCNX4175.JPG,HLC20-H3_2023_202303012209_RCNX4175.jpg,0.9336844682693481,1091.7220458984375,171.40487670898438,330.451416015625,832.9051513671875,2048,1440,330,832
HLC20-H3,2023,202303012209,PP,0,/Volumes/Seagate Portable Drive/KYLE_AI_DATABASE/A_CAMERA/Focal_species/Gulo gulo/HLC20-H3/PP/2023/B&W/Robust marks/03.01-22.09/RCNX4176.JPG,RCNX4176.JPG,HLC20-H3_2023_202303012209_RCNX4176.jpg,0.9196797013282776,1089.444091796875,125.34314727783203,332.561767578125,892.412109375,2048,1440,332,892
HLC20-H3,2023,202303012209,PP,0,/Volumes/Seagate Portable Drive/KYLE_AI_DATABASE/A_CAMERA/Focal_species/Gulo gulo/HLC20-H3/PP/2023/B&W/Robust marks/03.01-22.09/RCNX4177.JPG,RCNX4177.JPG,HLC20-H3_2023_202303012209_RCNX4177.jpg,0.9465587139129639,1075.575439453125,145.21754455566406,345.570068359375,848.1763305664062,2048,1440,345,848
HLC20-H3,2023,202303012209,PP,0,/Volumes/Seagate Portable Drive/KYLE_AI_DATABASE/A_CAMERA/Focal_species/Gulo gulo/HLC20-H3/PP/2023/B&W/Robust marks/03.01-22.09/RCNX4178.JPG,RCNX4178.JPG,HLC20-H3_2023_202303012209_RCNX4178.jpg,0.9489613771438599,991.5963134765625,168.54083251953125,431.49267578125,850.6405029296875,2048,1440,431,850
HLC20-H3,2023,202303012209,PP,0,/Volumes/Seagate Portable Drive/KYLE_AI_DATABASE/A_CAMERA/Focal_species/Gulo gulo/HLC20-H3/PP/2023/B&W/Robust marks/03.01-22.09/RCNX4179.JPG,RCNX4179.JPG,HLC20-H3_2023_202303012209_RCNX4179.jpg,0.9512354731559753,990.465087890625,170.5980224609375,429.31201171875,845.2947998046875,2048,1440,429,845
HLC20-H3,2023,202303012209,PP,0,/Volumes/Seagate Portable Drive/KYLE_AI_DATABASE/A_CAMERA/Focal_species/Gulo gulo/HLC20-H3/PP/2023/B&W/Robust marks/03.01-22.09/RCNX4180.JPG,RCNX4180.JPG,HLC20-H3_2023_202303012209_RCNX4180.jpg,0.9494302272796631,973.8221435546875,169.02981567382812,452.80419921875,836.68994140625,2048,1440,452,836
HLC20-H3,2023,202303012209,PP,0,/Volumes/Seagate Portable Drive/KYLE_AI_DATABASE/A_CAMERA/Focal_species/Gulo gulo/HLC20-H3/PP/2023/B&W/Robust marks/03.01-22.09/RCNX4181.JPG,RCNX4181.JPG,HLC20-H3_2023_202303012209_RCNX4181.jpg,0.9327099919319153,931.5924072265625,219.73939514160156,497.94482421875,793.0419921875,2048,1440,497,793
HLC20-H3,2023,202303012209,PP,0,/Volumes/Seagate Portable Drive/KYLE_AI_DATABASE/A_CAMERA/Focal_species/Gulo gulo/HLC20-H3/PP/2023/B&W/Robust marks/03.01-22.09/RCNX4182.JPG,RCNX4182.JPG,HLC20-H3_2023_202303012209_RCNX4182.jpg,0.9333551526069641,932.7052612304688,227.19065856933594,474.27813720703125,798.2415771484375,2048,1440,474,798
HLC20-H3,2023,202303012209,PP,0,/Volumes/Seagate Portable Drive/KYLE_AI_DATABASE/A_CAMERA/Focal_species/Gulo gulo/HLC20-H3/PP/2023/B&W/Robust marks/03.01-22.09/RCNX4183.JPG,RCNX4183.JPG,HLC20-H3_2023_202303012209_RCNX4183.jpg,0.9279694557189941,1023.9493408203125,227.87313842773438,392.470947265625,807.8912353515625,2048,1440,392,807
HLC20-H3,2023,202303012209,PP,0,/Volumes/Seagate Portable Drive/KYLE_AI_DATABASE/A_CAMERA/Focal_species/Gulo gulo/HLC20-H3/PP/2023/B&W/Robust marks/03.01-22.09/RCNX4184.JPG,RCNX4184.JPG,HLC20-H3_2023_202303012209_RCNX4184.jpg,0.9401962757110596,964.4021606445312,226.55323791503906,443.07989501953125,794.5164794921875,2048,1440,443,794
HLC20-H3,2023,202303012209,PP,0,/Volumes/Seagate Portable Drive/KYLE_AI_DATABASE/A_CAMERA/Focal_species/Gulo gulo/HLC20-H3/PP/2023/B&W/Robust marks/03.01-22.09/RCNX4185.JPG,RCNX4185.JPG,HLC20-H3_2023_202303012209_RCNX4185.jpg,0.9403791427612305,1046.425537109375,165.98483276367188,358.806396484375,849.859130859375,2048,1440,358,849
HLC20-H3,2023,202303012209,PP,0,/Volumes/Seagate Portable Drive/KYLE_AI_DATABASE/A_CAMERA/Focal_species/Gulo gulo/HLC20-H3/PP/2023/B&W/Robust marks/03.01-22.09/RCNX4186.JPG,RCNX4186.JPG,HLC20-H3_2023_202303012209_RCNX4186.jpg,0.9310205578804016,962.04296875,184.7741241455078,436.820068359375,831.1719970703125,2048,1440,436,831
HLC20-H3,2023,202303012209,PP,0,/Volumes/Seagate Portable Drive/KYLE_AI_DATABASE/A_CAMERA/Focal_species/Gulo gulo/HLC20-H3/PP/2023/B&W/Robust marks/03.01-22.09/RCNX4187.JPG,RCNX4187.JPG,HLC20-H3_2023_202303012209_RCNX4187.jpg,0.9135924577713013,994.1022338867188,214.60430908203125,414.85577392578125,809.6467895507812,2048,1440,414,809
HLC20-H3,2023,202303012209,PP,0,/Volumes/Seagate Portable Drive/KYLE_AI_DATABASE/A_CAMERA/Focal_species/Gulo gulo/HLC20-H3/PP/2023/B&W/Robust marks/03.01-22.09/RCNX4188.JPG,RCNX4188.JPG,HLC20-H3_2023_202303012209_RCNX4188.jpg,0.9407618641853333,1084.7279052734375,212.10792541503906,326.548095703125,777.5806884765625,2048,1440,326,777
HLC20-H3,2023,202303012209,PP,0,/Volumes/Seagate Portable Drive/KYLE_AI_DATABASE/A_CAMERA/Focal_species/Gulo gulo/HLC20-H3/PP/2023/B&W/Robust marks/03.01-22.09/RCNX4189.JPG,RCNX4189.JPG,HLC20-H3_2023_202303012209_RCNX4189.jpg,0.9297516345977783,1011.435546875,193.59378051757812,390.23291015625,787.8824462890625,2048,1440,390,787
HLC20-H3,2023,202303012209,PP,0,/Volumes/Seagate Portable Drive/KYLE_AI_DATABASE/A_CAMERA/Focal_species/Gulo gulo/HLC20-H3/PP/2023/B&W/Robust marks/03.01-22.09/RCNX4191.JPG,RCNX4191.JPG,HLC20-H3_2023_202303012209_RCNX4191.jpg,0.8998363018035889,1011.5108032226562,249.69996643066406,415.59661865234375,784.891845703125,2048,1440,415,784
HLC20-H3,2023,202303012209,PP,0,/Volumes/Seagate Portable Drive/KYLE_AI_DATABASE/A_CAMERA/Focal_species/Gulo gulo/HLC20-H3/PP/2023/B&W/Robust marks/03.01-22.09/RCNX4192.JPG,RCNX4192.JPG,HLC20-H3_2023_202303012209_RCNX4192.jpg,0.9271935224533081,1015.3265991210938,241.27932739257812,397.94073486328125,783.4549560546875,2048,1440,397,783
HLC20-H3,2023,202303012209,PP,0,/Volumes/Seagate Portable Drive/KYLE_AI_DATABASE/A_CAMERA/Focal_species/Gulo gulo/HLC20-H3/PP/2023/B&W/Robust marks/03.01-22.09/RCNX4193.JPG,RCNX4193.JPG,HLC20-H3_2023_202303012209_RCNX4193.jpg,0.9063068628311157,1036.699462890625,188.0130615234375,365.06591796875,813.9362182617188,2048,1440,365,813
HLC20-H3,2023,202303012209,PP,0,/Volumes/Seagate Portable Drive/KYLE_AI_DATABASE/A_CAMERA/Focal_species/Gulo gulo/HLC20-H3/PP/2023/B&W/Robust marks/03.01-22.09/RCNX4194.JPG,RCNX4194.JPG,HLC20-H3_2023_202303012209_RCNX4194.jpg,0.9481853246688843,1057.73681640625,197.0703887939453,340.692626953125,821.0664672851562,2048,1440,340,821
HLC20-H3,2023,202303012209,PP,0,/Volumes/Seagate Portable Drive/KYLE_AI_DATABASE/A_CAMERA/Focal_species/Gulo gulo/HLC20-H3/PP/2023/B&W/Robust marks/03.01-22.09/RCNX4195.JPG,RCNX4195.JPG,HLC20-H3_2023_202303012209_RCNX4195.jpg,0.9312966465950012,1033.9805908203125,206.684326171875,367.681640625,807.44189453125,2048,1440,367,807
HLC20-H3,2023,202303012209,PP,0,/Volumes/Seagate Portable Drive/KYLE_AI_DATABASE/A_CAMERA/Focal_species/Gulo gulo/HLC20-H3/PP/2023/B&W/Robust marks/03.01-22.09/RCNX4196.JPG,RCNX4196.JPG,HLC20-H3_2023_202303012209_RCNX4196.jpg,0.8697182536125183,1012.8153686523438,257.2056579589844,394.39007568359375,768.614013671875,2048,1440,394,768
HLC20-H3,2023,202303012209,PP,0,/Volumes/Seagate Portable Drive/KYLE_AI_DATABASE/A_CAMERA/Focal_species/Gulo gulo/HLC20-H3/PP/2023/B&W/Robust marks/03.01-22.09/RCNX4197.JPG,RCNX4197.JPG,HLC20-H3_2023_202303012209_RCNX4197.jpg,0.9176629185676575,995.794677734375,169.6837158203125,407.185546875,855.04248046875,2048,1440,407,855
HLC20-H3,2023,202303012209,PP,0,/Volumes/Seagate Portable Drive/KYLE_AI_DATABASE/A_CAMERA/Focal_species/Gulo gulo/HLC20-H3/PP/2023/B&W/Robust marks/03.01-22.09/RCNX4198.JPG,RCNX4198.JPG,HLC20-H3_2023_202303012209_RCNX4198.jpg,0.9202917814254761,987.6707153320312,177.67333984375,423.47271728515625,845.7855224609375,2048,1440,423,845
HLC20-H3,2023,202303012209,PP,0,/Volumes/Seagate Portable Drive/KYLE_AI_DATABASE/A_CAMERA/Focal_species/Gulo gulo/HLC20-H3/PP/2023/B&W/Robust marks/03.01-22.09/RCNX4199.JPG,RCNX4199.JPG,HLC20-H3_2023_202303012209_RCNX4199.jpg,0.9266049861907959,984.097900390625,187.96401977539062,424.8466796875,832.3397216796875,2048,1440,424,832
HLC20-H3,2023,202303012209,PP,0,/Volumes/Seagate Portable Drive/KYLE_AI_DATABASE/A_CAMERA/Focal_species/Gulo gulo/HLC20-H3/PP/2023/B&W/Robust marks/03.01-22.09/RCNX4200.JPG,RCNX4200.JPG,HLC20-H3_2023_202303012209_RCNX4200.jpg,0.9309165477752686,990.867919921875,213.7218017578125,411.1796875,803.3770141601562,2048,1440,411,803
HLC20-H3,2023,202303012209,PP,0,/Volumes/Seagate Portable Drive/KYLE_AI_DATABASE/A_CAMERA/Focal_species/Gulo gulo/HLC20-H3/PP/2023/B&W/Robust marks/03.01-22.09/RCNX4201.JPG,RCNX4201.JPG,HLC20-H3_2023_202303012209_RCNX4201.jpg,0.9335144758224487,1013.209716796875,173.97605895996094,384.095947265625,842.8955688476562,2048,1440,384,842
HLC20-H3,2023,202303012209,PP,0,/Volumes/Seagate Portable Drive/KYLE_AI_DATABASE/A_CAMERA/Focal_species/Gulo gulo/HLC20-H3/PP/2023/B&W/Robust marks/03.01-22.09/RCNX4202.JPG,RCNX4202.JPG,HLC20-H3_2023_202303012209_RCNX4202.jpg,0.9524093270301819,965.119873046875,174.7344970703125,435.322021484375,838.748779296875,2048,1440,435,838
HLC20-H3,2023,202303012209,PP,0,/Volumes/Seagate Portable Drive/KYLE_AI_DATABASE/A_CAMERA/Focal_species/Gulo gulo/HLC20-H3/PP/2023/B&W/Robust marks/03.01-22.09/RCNX4203.JPG,RCNX4203.JPG,HLC20-H3_2023_202303012209_RCNX4203.jpg,0.92402583360672,952.513427734375,178.00245666503906,469.006103515625,832.4649047851562,2048,1440,469,832
HLC20-H3,2023,202303012209,PP,0,/Volumes/Seagate Portable Drive/KYLE_AI_DATABASE/A_CAMERA/Focal_species/Gulo gulo/HLC20-H3/PP/2023/B&W/Robust marks/03.01-22.09/RCNX4204.JPG,RCNX4204.JPG,HLC20-H3_2023_202303012209_RCNX4204.jpg,0.9203183650970459,941.3396606445312,183.27645874023438,470.28558349609375,838.46240234375,2048,1440,470,838
HLC20-H3,2023,202303012209,PP,0,/Volumes/Seagate Portable Drive/KYLE_AI_DATABASE/A_CAMERA/Focal_species/Gulo gulo/HLC20-H3/PP/2023/B&W/Robust marks/03.01-22.09/RCNX4205.JPG,RCNX4205.JPG,HLC20-H3_2023_202303012209_RCNX4205.jpg,0.9125425219535828,986.8971557617188,185.22515869140625,432.95684814453125,834.3704833984375,2048,1440,432,834
HLC20-H3,2023,202303012209,PP,0,/Volumes/Seagate Portable Drive/KYLE_AI_DATABASE/A_CAMERA/Focal_species/Gulo gulo/HLC20-H3/PP/2023/B&W/Robust marks/03.01-22.09/RCNX4206.JPG,RCNX4206.JPG,HLC20-H3_2023_202303012209_RCNX4206.jpg,0.9224157333374023,994.9855346679688,180.0462646484375,445.31573486328125,830.7064208984375,2048,1440,445,830
HLC20-H3,2023,202303012209,PP,0,/Volumes/Seagate Portable Drive/KYLE_AI_DATABASE/A_CAMERA/Focal_species/Gulo gulo/HLC20-H3/PP/2023/B&W/Robust marks/03.01-22.09/RCNX4207.JPG,RCNX4207.JPG,HLC20-H3_2023_202303012209_RCNX4207.jpg,0.8856204748153687,979.7681884765625,249.1479034423828,445.463134765625,769.5343017578125,2048,1440,445,769
HLC20-H3,2023,202303012209,PP,0,/Volumes/Seagate Portable Drive/KYLE_AI_DATABASE/A_CAMERA/Focal_species/Gulo gulo/HLC20-H3/PP/2023/B&W/Robust marks/03.01-22.09/RCNX4208.JPG,RCNX4208.JPG,HLC20-H3_2023_202303012209_RCNX4208.jpg,0.904881477355957,1015.4336547851562,251.2171630859375,405.00750732421875,771.6948852539062,2048,1440,405,771
HLC20-H3,2023,202303012209,PP,0,/Volumes/Seagate Portable Drive/KYLE_AI_DATABASE/A_CAMERA/Focal_species/Gulo gulo/HLC20-H3/PP/2023/B&W/Robust marks/03.01-22.09/RCNX4209.JPG,RCNX4209.JPG,HLC20-H3_2023_202303012209_RCNX4209.jpg,0.8945945501327515,1022.451171875,254.39053344726562,408.229248046875,771.822509765625,2048,1440,408,771
HLC20-H3,2023,202303012209,PP,0,/Volumes/Seagate Portable Drive/KYLE_AI_DATABASE/A_CAMERA/Focal_species/Gulo gulo/HLC20-H3/PP/2023/B&W/Robust marks/03.01-22.09/RCNX4210.JPG,RCNX4210.JPG,HLC20-H3_2023_202303012209_RCNX4210.jpg,0.9019151329994202,1007.724609375,268.6087341308594,408.95654296875,760.579345703125,2048,1440,408,760
HLC20-H3,2023,202303012209,PP,0,/Volumes/Seagate Portable Drive/KYLE_AI_DATABASE/A_CAMERA/Focal_species/Gulo gulo/HLC20-H3/PP/2023/B&W/Robust marks/03.01-22.09/RCNX4211.JPG,RCNX4211.JPG,HLC20-H3_2023_202303012209_RCNX4211.jpg,0.9282229542732239,1022.7596435546875,208.11367797851562,357.6640625,807.294189453125,2048,1440,357,807
HLC20-H3,2023,202303012209,PP,0,/Volumes/Seagate Portable Drive/KYLE_AI_DATABASE/A_CAMERA/Focal_species/Gulo gulo/HLC20-H3/PP/2023/B&W/Robust marks/03.01-22.09/RCNX4212.JPG,RCNX4212.JPG,HLC20-H3_2023_202303012209_RCNX4212.jpg,0.9157373309135437,986.4666748046875,205.09701538085938,387.982666015625,775.4698486328125,2048,1440,387,775
HLC20-H3,2023,202303012209,PP,0,/Volumes/Seagate Portable Drive/KYLE_AI_DATABASE/A_CAMERA/Focal_species/Gulo gulo/HLC20-H3/PP/2023/B&W/Robust marks/03.01-22.09/RCNX4213.JPG,RCNX4213.JPG,HLC20-H3_2023_202303012209_RCNX4213.jpg,0.8823001384735107,1017.7482299804688,248.19827270507812,352.05462646484375,691.5308837890625,2048,1440,352,691
HLC20-H3,2023,202303012209,PP,0,/Volumes/Seagate Portable Drive/KYLE_AI_DATABASE/A_CAMERA/Focal_species/Gulo gulo/HLC20-H3/PP/2023/B&W/Robust marks/03.01-22.09/RCNX4214.JPG,RCNX4214.JPG,HLC20-H3_2023_202303012209_RCNX4214.jpg,0.9035694003105164,1036.156982421875,250.1439971923828,339.015625,681.982421875,2048,1440,339,681
HLC20-H3,2023,202303012209,PP,0,/Volumes/Seagate Portable Drive/KYLE_AI_DATABASE/A_CAMERA/Focal_species/Gulo gulo/HLC20-H3/PP/2023/B&W/Robust marks/03.01-22.09/RCNX4215.JPG,RCNX4215.JPG,HLC20-H3_2023_202303012209_RCNX4215.jpg,0.937807023525238,1038.2855224609375,212.7110595703125,351.40234375,781.6980590820312,2048,1440,351,781
HLC20-H3,2023,202303012209,PP,0,/Volumes/Seagate Portable Drive/KYLE_AI_DATABASE/A_CAMERA/Focal_species/Gulo gulo/HLC20-H3/PP/2023/B&W/Robust marks/03.01-22.09/RCNX4216.JPG,RCNX4216.JPG,HLC20-H3_2023_202303012209_RCNX4216.jpg,0.9218347072601318,997.0196533203125,196.3358612060547,375.07421875,741.4790649414062,2048,1440,375,741
HLC20-H3,2023,202303012209,PP,0,/Volumes/Seagate Portable Drive/KYLE_AI_DATABASE/A_CAMERA/Focal_species/Gulo gulo/HLC20-H3/PP/2023/B&W/Robust marks/03.01-22.09/RCNX4217.JPG,RCNX4217.JPG,HLC20-H3_2023_202303012209_RCNX4217.jpg,0.8824824094772339,1006.3451538085938,171.85226440429688,371.95294189453125,739.9549560546875,2048,1440,371,739
HLC20-H3,2023,202303012209,PP,0,/Volumes/Seagate Portable Drive/KYLE_AI_DATABASE/A_CAMERA/Focal_species/Gulo gulo/HLC20-H3/PP/2023/B&W/Robust marks/03.01-22.09/RCNX4218.JPG,RCNX4218.JPG,HLC20-H3_2023_202303012209_RCNX4218.jpg,0.9457469582557678,1049.5076904296875,216.63197326660156,370.23681640625,768.281005859375,2048,1440,370,768
HLC20-H3,2023,202303012209,PP,0,/Volumes/Seagate Portable Drive/KYLE_AI_DATABASE/A_CAMERA/Focal_species/Gulo gulo/HLC20-H3/PP/2023/B&W/Robust marks/03.01-22.09/RCNX4219.JPG,RCNX4219.JPG,HLC20-H3_2023_202303012209_RCNX4219.jpg,0.8287405371665955,975.1934814453125,198.88121032714844,374.74169921875,776.6981201171875,2048,1440,374,776
HLC20-H3,2023,202303012209,PP,0,/Volumes/Seagate Portable Drive/KYLE_AI_DATABASE/A_CAMERA/Focal_species/Gulo gulo/HLC20-H3/PP/2023/B&W/Robust marks/03.01-22.09/RCNX4220.JPG,RCNX4220.JPG,HLC20-H3_2023_202303012209_RCNX4220.jpg,0.938813328742981,916.1998901367188,197.58392333984375,437.71002197265625,778.7389526367188,2048,1440,437,778
HLC20-H3,2023,202303012209,PP,0,/Volumes/Seagate Portable Drive/KYLE_AI_DATABASE/A_CAMERA/Focal_species/Gulo gulo/HLC20-H3/PP/2023/B&W/Robust marks/03.01-22.09/RCNX4221.JPG,RCNX4221.JPG,HLC20-H3_2023_202303012209_RCNX4221.jpg,0.9152897596359253,975.978759765625,170.626220703125,396.1982421875,819.9615478515625,2048,1440,396,819
HLC20-H3,2023,202303012209,PP,0,/Volumes/Seagate Portable Drive/KYLE_AI_DATABASE/A_CAMERA/Focal_species/Gulo gulo/HLC20-H3/PP/2023/B&W/Robust marks/03.01-22.09/RCNX4222.JPG,RCNX4222.JPG,HLC20-H3_2023_202303012209_RCNX4222.jpg,0.9444817304611206,955.5962524414062,244.12869262695312,426.52947998046875,769.856689453125,2048,1440,426,769
HLC20-H3,2023,202303012209,PP,0,/Volumes/Seagate Portable Drive/KYLE_AI_DATABASE/A_CAMERA/Focal_species/Gulo gulo/HLC20-H3/PP/2023/B&W/Robust marks/03.01-22.09/RCNX4223.JPG,RCNX4223.JPG,HLC20-H3_2023_202303012209_RCNX4223.jpg,0.9235124588012695,973.3328857421875,267.91461181640625,410.002197265625,740.2105712890625,2048,1440,410,740
HLC20-H3,2023,202303012209,PP,0,/Volumes/Seagate Portable Drive/KYLE_AI_DATABASE/A_CAMERA/Focal_species/Gulo gulo/HLC20-H3/PP/2023/B&W/Robust marks/03.01-22.09/RCNX4224.JPG,RCNX4224.JPG,HLC20-H3_2023_202303012209_RCNX4224.jpg,0.9475171566009521,992.755126953125,286.2212829589844,404.013427734375,704.1326904296875,2048,1440,404,704
HLC20-H3,2023,202303012209,PP,0,/Volumes/Seagate Portable Drive/KYLE_AI_DATABASE/A_CAMERA/Focal_species/Gulo gulo/HLC20-H3/PP/2023/B&W/Robust marks/03.01-22.09/RCNX4225.JPG,RCNX4225.JPG,HLC20-H3_2023_202303012209_RCNX4225.jpg,0.9308826327323914,968.6011962890625,274.0990905761719,421.515869140625,740.0421142578125,2048,1440,421,740
HLC20-H3,2023,202303012209,PP,0,/Volumes/Seagate Portable Drive/KYLE_AI_DATABASE/A_CAMERA/Focal_species/Gulo gulo/HLC20-H3/PP/2023/B&W/Robust marks/03.01-22.09/RCNX4226.JPG,RCNX4226.JPG,HLC20-H3_2023_202303012209_RCNX4226.jpg,0.9420156478881836,988.6071166992188,255.8172149658203,404.60919189453125,745.52978515625,2048,1440,404,745
HLC20-H3,2023,202303012209,PP,0,/Volumes/Seagate Portable Drive/KYLE_AI_DATABASE/A_CAMERA/Focal_species/Gulo gulo/HLC20-H3/PP/2023/B&W/Robust marks/03.01-22.09/RCNX4227.JPG,RCNX4227.JPG,HLC20-H3_2023_202303012209_RCNX4227.jpg,0.9366621971130371,979.1223754882812,232.326416015625,408.48101806640625,776.356201171875,2048,1440,408,776
HLC20-H3,2023,202303012209,PP,0,/Volumes/Seagate Portable Drive/KYLE_AI_DATABASE/A_CAMERA/Focal_species/Gulo gulo/HLC20-H3/PP/2023/B&W/Robust marks/03.01-22.09/RCNX4228.JPG,RCNX4228.JPG,HLC20-H3_2023_202303012209_RCNX4228.jpg,0.9516955614089966,995.7130737304688,204.21218872070312,394.85137939453125,814.2730712890625,2048,1440,394,814
HLC20-H3,2023,202303012209,PP,0,/Volumes/Seagate Portable Drive/KYLE_AI_DATABASE/A_CAMERA/Focal_species/Gulo gulo/HLC20-H3/PP/2023/B&W/Robust marks/03.01-22.09/RCNX4229.JPG,RCNX4229.JPG,HLC20-H3_2023_202303012209_RCNX4229.jpg,0.933812141418457,1007.642822265625,206.52481079101562,387.6025390625,798.392333984375,2048,1440,387,798
HLC20-H3,2023,202303012209,PP,0,/Volumes/Seagate Portable Drive/KYLE_AI_DATABASE/A_CAMERA/Focal_species/Gulo gulo/HLC20-H3/PP/2023/B&W/Robust marks/03.01-22.09/RCNX4230.JPG,RCNX4230.JPG,HLC20-H3_2023_202303012209_RCNX4230.jpg,0.9447343349456787,932.8578491210938,238.0728302001953,440.08746337890625,770.9212036132812,2048,1440,440,770
HLC20-H3,2023,202303012209,PP,0,/Volumes/Seagate Portable Drive/KYLE_AI_DATABASE/A_CAMERA/Focal_species/Gulo gulo/HLC20-H3/PP/2023/B&W/Robust marks/03.01-22.09/RCNX4231.JPG,RCNX4231.JPG,HLC20-H3_2023_202303012209_RCNX4231.jpg,0.8979273438453674,1007.5042724609375,252.64752197265625,401.609130859375,766.9428100585938,2048,1440,401,766
HLC20-H3,2023,202303012209,PP,0,/Volumes/Seagate Portable Drive/KYLE_AI_DATABASE/A_CAMERA/Focal_species/Gulo gulo/HLC20-H3/PP/2023/B&W/Robust marks/03.01-22.09/RCNX4232.JPG,RCNX4232.JPG,HLC20-H3_2023_202303012209_RCNX4232.jpg,0.9462257027626038,1028.0335693359375,171.01593017578125,370.427001953125,810.885009765625,2048,1440,370,810
HLC20-H3,2023,202303012209,PP,0,/Volumes/Seagate Portable Drive/KYLE_AI_DATABASE/A_CAMERA/Focal_species/Gulo gulo/HLC20-H3/PP/2023/B&W/Robust marks/03.01-22.09/RCNX4233.JPG,RCNX4233.JPG,HLC20-H3_2023_202303012209_RCNX4233.jpg,0.9407854080200195,944.5845947265625,252.33810424804688,449.40478515625,762.8175048828125,2048,1440,449,762
HLC20-H3,2023,202303012209,PP,0,/Volumes/Seagate Portable Drive/KYLE_AI_DATABASE/A_CAMERA/Focal_species/Gulo gulo/HLC20-H3/PP/2023/B&W/Robust marks/03.01-22.09/RCNX4234.JPG,RCNX4234.JPG,HLC20-H3_2023_202303012209_RCNX4234.jpg,0.9241064786911011,984.463623046875,231.61032104492188,389.179443359375,700.17236328125,2048,1440,389,700
HLC20-H3,2023,202303012209,PP,0,/Volumes/Seagate Portable Drive/KYLE_AI_DATABASE/A_CAMERA/Focal_species/Gulo gulo/HLC20-H3/PP/2023/B&W/Robust marks/03.01-22.09/RCNX4235.JPG,RCNX4235.JPG,HLC20-H3_2023_202303012209_RCNX4235.jpg,0.9478205442428589,944.5348510742188,266.27227783203125,467.33013916015625,726.0116577148438,2048,1440,467,726
HLC20-H3,2023,202303012209,PP,0,/Volumes/Seagate Portable Drive/KYLE_AI_DATABASE/A_CAMERA/Focal_species/Gulo gulo/HLC20-H3/PP/2023/B&W/Robust marks/03.01-22.09/RCNX4236.JPG,RCNX4236.JPG,HLC20-H3_2023_202303012209_RCNX4236.jpg,0.9149718284606934,1036.4403076171875,260.9306640625,368.69580078125,767.802001953125,2048,1440,368,767
HLC20-H3,2023,202303012209,PP,0,/Volumes/Seagate Portable Drive/KYLE_AI_DATABASE/A_CAMERA/Focal_species/Gulo gulo/HLC20-H3/PP/2023/B&W/Robust marks/03.01-22.09/RCNX4237.JPG,RCNX4237.JPG,HLC20-H3_2023_202303012209_RCNX4237.jpg,0.923507571220398,1041.2254638671875,211.5261688232422,366.22314453125,806.8535766601562,2048,1440,366,806
HLC20-H3,2023,202303012209,PP,0,/Volumes/Seagate Portable Drive/KYLE_AI_DATABASE/A_CAMERA/Focal_species/Gulo gulo/HLC20-H3/PP/2023/B&W/Robust marks/03.01-22.09/RCNX4238.JPG,RCNX4238.JPG,HLC20-H3_2023_202303012209_RCNX4238.jpg,0.9477308988571167,1015.6720581054688,174.12960815429688,396.93048095703125,852.6710205078125,2048,1440,396,852
HLC20-H3,2023,202303012209,PP,0,/Volumes/Seagate Portable Drive/KYLE_AI_DATABASE/A_CAMERA/Focal_species/Gulo gulo/HLC20-H3/PP/2023/B&W/Robust marks/03.01-22.09/RCNX4239.JPG,RCNX4239.JPG,HLC20-H3_2023_202303012209_RCNX4239.jpg,0.8876262903213501,956.4866943359375,316.21966552734375,449.100341796875,687.8907470703125,2048,1440,449,687
HLC20-H3,2023,202303012209,PP,0,/Volumes/Seagate Portable Drive/KYLE_AI_DATABASE/A_CAMERA/Focal_species/Gulo gulo/HLC20-H3/PP/2023/B&W/Robust marks/03.01-22.09/RCNX4240.JPG,RCNX4240.JPG,HLC20-H3_2023_202303012209_RCNX4240.jpg,0.9024835228919983,857.1830444335938,262.7911071777344,552.6995239257812,686.672607421875,2048,1440,552,686
HLC20-H3,2023,202303012209,PP,0,/Volumes/Seagate Portable Drive/KYLE_AI_DATABASE/A_CAMERA/Focal_species/Gulo gulo/HLC20-H3/PP/2023/B&W/Robust marks/03.01-22.09/RCNX4241.JPG,RCNX4241.JPG,HLC20-H3_2023_202303012209_RCNX4241.jpg,0.9345676302909851,1062.638671875,181.9893341064453,355.093505859375,828.1043090820312,2048,1440,355,828
HLC20-H3,2023,202303012209,PP,0,/Volumes/Seagate Portable Drive/KYLE_AI_DATABASE/A_CAMERA/Focal_species/Gulo gulo/HLC20-H3/PP/2023/B&W/Robust marks/03.01-22.09/RCNX4242.JPG,RCNX4242.JPG,HLC20-H3_2023_202303012209_RCNX4242.jpg,0.9256938695907593,1012.1172485351562,209.93740844726562,417.18255615234375,799.66064453125,2048,1440,417,799
HLC20-H3,2023,202303012209,PP,0,/Volumes/Seagate Portable Drive/KYLE_AI_DATABASE/A_CAMERA/Focal_species/Gulo gulo/HLC20-H3/PP/2023/B&W/Robust marks/03.01-22.09/RCNX4243.JPG,RCNX4243.JPG,HLC20-H3_2023_202303012209_RCNX4243.jpg,0.9327112436294556,1043.970703125,169.82395935058594,374.5576171875,849.9173583984375,2048,1440,374,849
HLC20-H3,2023,202303012209,PP,0,/Volumes/Seagate Portable Drive/KYLE_AI_DATABASE/A_CAMERA/Focal_species/Gulo gulo/HLC20-H3/PP/2023/B&W/Robust marks/03.01-22.09/RCNX4244.JPG,RCNX4244.JPG,HLC20-H3_2023_202303012209_RCNX4244.jpg,0.9000903367996216,1011.1094970703125,250.57080078125,407.93896484375,770.20947265625,2048,1440,407,770
HLC20-H3,2023,202303012209,PP,0,/Volumes/Seagate Portable Drive/KYLE_AI_DATABASE/A_CAMERA/Focal_species/Gulo gulo/HLC20-H3/PP/2023/B&W/Robust marks/03.01-22.09/RCNX4245.JPG,RCNX4245.JPG,HLC20-H3_2023_202303012209_RCNX4245.jpg,0.9378661513328552,1054.0859375,187.83741760253906,362.022705078125,822.8491821289062,2048,1440,362,822
HLC20-H3,2023,202303012209,PP,0,/Volumes/Seagate Portable Drive/KYLE_AI_DATABASE/A_CAMERA/Focal_species/Gulo gulo/HLC20-H3/PP/2023/B&W/Robust marks/03.01-22.09/RCNX4246.JPG,RCNX4246.JPG,HLC20-H3_2023_202303012209_RCNX4246.jpg,0.9172585010528564,1009.9631958007812,210.3708038330078,405.45318603515625,807.4098510742188,2048,1440,405,807
HLC20-H3,2023,202303012209,PP,0,/Volumes/Seagate Portable Drive/KYLE_AI_DATABASE/A_CAMERA/Focal_species/Gulo gulo/HLC20-H3/PP/2023/B&W/Robust marks/03.01-22.09/RCNX4247.JPG,RCNX4247.JPG,HLC20-H3_2023_202303012209_RCNX4247.jpg,0.92136549949646,993.852783203125,208.15530395507812,436.777099609375,803.348388671875,2048,1440,436,803
HLC20-H3,2023,202303012209,PP,0,/Volumes/Seagate Portable Drive/KYLE_AI_DATABASE/A_CAMERA/Focal_species/Gulo gulo/HLC20-H3/PP/2023/B&W/Robust marks/03.01-22.09/RCNX4248.JPG,RCNX4248.JPG,HLC20-H3_2023_202303012209_RCNX4248.jpg,0.9234412908554077,981.093017578125,193.81260681152344,450.767578125,816.0779418945312,2048,1440,450,816
HLC20-H3,2023,202303012209,PP,0,/Volumes/Seagate Portable Drive/KYLE_AI_DATABASE/A_CAMERA/Focal_species/Gulo gulo/HLC20-H3/PP/2023/B&W/Robust marks/03.01-22.09/RCNX4249.JPG,RCNX4249.JPG,HLC20-H3_2023_202303012209_RCNX4249.jpg,0.9143795967102051,1001.80517578125,181.95492553710938,424.851318359375,837.783203125,2048,1440,424,837
HLC20-H3,2023,202303012209,PP,0,/Volumes/Seagate Portable Drive/KYLE_AI_DATABASE/A_CAMERA/Focal_species/Gulo gulo/HLC20-H3/PP/2023/B&W/Robust marks/03.01-22.09/RCNX4250.JPG,RCNX4250.JPG,HLC20-H3_2023_202303012209_RCNX4250.jpg,0.9262740015983582,1033.83203125,194.05210876464844,388.161376953125,813.5045166015625,2048,1440,388,813
HLC20-H3,2023,202303012209,PP,0,/Volumes/Seagate Portable Drive/KYLE_AI_DATABASE/A_CAMERA/Focal_species/Gulo gulo/HLC20-H3/PP/2023/B&W/Robust marks/03.01-22.09/RCNX4251.JPG,RCNX4251.JPG,HLC20-H3_2023_202303012209_RCNX4251.jpg,0.9140692353248596,1052.8922119140625,213.36749267578125,340.16259765625,808.5853881835938,2048,1440,340,808
HLC20-H3,2023,202303012209,PP,0,/Volumes/Seagate Portable Drive/KYLE_AI_DATABASE/A_CAMERA/Focal_species/Gulo gulo/HLC20-H3/PP/2023/B&W/Robust marks/03.01-22.09/RCNX4252.JPG,RCNX4252.JPG,HLC20-H3_2023_202303012209_RCNX4252.jpg,0.9024127721786499,975.1076049804688,259.44818115234375,424.70086669921875,761.3681030273438,2048,1440,424,761
HLC20-H3,2023,202303012209,PP,0,/Volumes/Seagate Portable Drive/KYLE_AI_DATABASE/A_CAMERA/Focal_species/Gulo gulo/HLC20-H3/PP/2023/B&W/Robust marks/03.01-22.09/RCNX4253.JPG,RCNX4253.JPG,HLC20-H3_2023_202303012209_RCNX4253.jpg,0.9054379463195801,1008.6309814453125,254.9134521484375,399.142822265625,765.2467041015625,2048,1440,399,765
HLC20-H3,2023,202303012209,PP,0,/Volumes/Seagate Portable Drive/KYLE_AI_DATABASE/A_CAMERA/Focal_species/Gulo gulo/HLC20-H3/PP/2023/B&W/Robust marks/03.01-22.09/RCNX4254.JPG,RCNX4254.JPG,HLC20-H3_2023_202303012209_RCNX4254.jpg,0.9303765296936035,994.966796875,231.868896484375,400.6962890625,785.3243408203125,2048,1440,400,785
HLC20-H3,2023,202303012209,PP,0,/Volumes/Seagate Portable Drive/KYLE_AI_DATABASE/A_CAMERA/Focal_species/Gulo gulo/HLC20-H3/PP/2023/B&W/Robust marks/03.01-22.09/RCNX4255.JPG,RCNX4255.JPG,HLC20-H3_2023_202303012209_RCNX4255.jpg,0.9155678153038025,982.9191284179688,258.1730041503906,411.76324462890625,736.567138671875,2048,1440,411,736
HLC20-H3,2023,202303012209,PP,0,/Volumes/Seagate Portable Drive/KYLE_AI_DATABASE/A_CAMERA/Focal_species/Gulo gulo/HLC20-H3/PP/2023/B&W/Robust marks/03.01-22.09/RCNX4256.JPG,RCNX4256.JPG,HLC20-H3_2023_202303012209_RCNX4256.jpg,0.9157652258872986,990.3287353515625,183.33203125,408.1474609375,769.95361328125,2048,1440,408,769
HLC20-H3,2023,202303012209,PP,0,/Volumes/Seagate Portable Drive/KYLE_AI_DATABASE/A_CAMERA/Focal_species/Gulo gulo/HLC20-H3/PP/2023/B&W/Robust marks/03.01-22.09/RCNX4257.JPG,RCNX4257.JPG,HLC20-H3_2023_202303012209_RCNX4257.jpg,0.850727915763855,1002.7317504882812,222.71922302246094,406.40765380859375,744.6433715820312,2048,1440,406,744
HLC20-H3,2023,202303012209,PP,0,/Volumes/Seagate Portable Drive/KYLE_AI_DATABASE/A_CAMERA/Focal_species/Gulo gulo/HLC20-H3/PP/2023/B&W/Robust marks/03.01-22.09/RCNX4258.JPG,RCNX4258.JPG,HLC20-H3_2023_202303012209_RCNX4258.jpg,0.9323532581329346,1012.5108032226562,180.6827850341797,404.52105712890625,824.0394897460938,2048,1440,404,824
HLC20-H3,2023,202303012209,PP,0,/Volumes/Seagate Portable Drive/KYLE_AI_DATABASE/A_CAMERA/Focal_species/Gulo gulo/HLC20-H3/PP/2023/B&W/Robust marks/03.01-22.09/RCNX4259.JPG,RCNX4259.JPG,HLC20-H3_2023_202303012209_RCNX4259.jpg,0.9441006183624268,1020.2528076171875,175.7884979248047,405.377197265625,818.898193359375,2048,1440,405,818
HLC20-H3,2023,202303012209,PP,0,/Volumes/Seagate Portable Drive/KYLE_AI_DATABASE/A_CAMERA/Focal_species/Gulo gulo/HLC20-H3/PP/2023/B&W/Robust marks/03.01-22.09/RCNX4260.JPG,RCNX4260.JPG,HLC20-H3_2023_202303012209_RCNX4260.jpg,0.9349069595336914,1041.753173828125,176.0623016357422,389.780517578125,811.9375,2048,1440,389,811
HLC20-H3,2023,202303012209,PP,0,/Volumes/Seagate Portable Drive/KYLE_AI_DATABASE/A_CAMERA/Focal_species/Gulo gulo/HLC20-H3/PP/2023/B&W/Robust marks/03.01-22.09/RCNX4261.JPG,RCNX4261.JPG,HLC20-H3_2023_202303012209_RCNX4261.jpg,0.9238930344581604,989.6924438476562,171.68948364257812,439.03204345703125,842.6112060546875,2048,1440,439,842
HLC20-H3,2023,202303012209,PP,0,/Volumes/Seagate Portable Drive/KYLE_AI_DATABASE/A_CAMERA/Focal_species/Gulo gulo/HLC20-H3/PP/2023/B&W/Robust marks/03.01-22.09/RCNX4262.JPG,RCNX4262.JPG,HLC20-H3_2023_202303012209_RCNX4262.jpg,0.9472708106040955,983.7642211914062,213.7602996826172,404.59722900390625,810.8173217773438,2048,1440,404,810
HLC20-H3,2023,202303012209,PP,0,/Volumes/Seagate Portable Drive/KYLE_AI_DATABASE/A_CAMERA/Focal_species/Gulo gulo/HLC20-H3/PP/2023/B&W/Robust marks/03.01-22.09/RCNX4263.JPG,RCNX4263.JPG,HLC20-H3_2023_202303012209_RCNX4263.jpg,0.9337643384933472,944.7741088867188,219.65481567382812,428.98284912109375,779.7449951171875,2048,1440,428,779
HLC20-H3,2023,202303012209,PP,0,/Volumes/Seagate Portable Drive/KYLE_AI_DATABASE/A_CAMERA/Focal_species/Gulo gulo/HLC20-H3/PP/2023/B&W/Robust marks/03.01-22.09/RCNX4264.JPG,RCNX4264.JPG,HLC20-H3_2023_202303012209_RCNX4264.jpg,0.9261565208435059,1079.2628173828125,198.06744384765625,318.535400390625,806.2014770507812,2048,1440,318,806
HLC20-H3,2023,202303012209,PP,0,/Volumes/Seagate Portable Drive/KYLE_AI_DATABASE/A_CAMERA/Focal_species/Gulo gulo/HLC20-H3/PP/2023/B&W/Robust marks/03.01-22.09/RCNX4265.JPG,RCNX4265.JPG,HLC20-H3_2023_202303012209_RCNX4265.jpg,0.9208685755729675,1011.6824951171875,207.050048828125,368.883544921875,804.2410278320312,2048,1440,368,804
HLC20-H3,2023,202303012209,PP,0,/Volumes/Seagate Portable Drive/KYLE_AI_DATABASE/A_CAMERA/Focal_species/Gulo gulo/HLC20-H3/PP/2023/B&W/Robust marks/03.01-22.09/RCNX4266.JPG,RCNX4266.JPG,HLC20-H3_2023_202303012209_RCNX4266.jpg,0.9082974195480347,1028.62939453125,171.97796630859375,353.32666015625,871.9019165039062,2048,1440,353,871
HLC20-H3,2023,202303012209,PP,0,/Volumes/Seagate Portable Drive/KYLE_AI_DATABASE/A_CAMERA/Focal_species/Gulo gulo/HLC20-H3/PP/2023/B&W/Robust marks/03.01-22.09/RCNX4267.JPG,RCNX4267.JPG,HLC20-H3_2023_202303012209_RCNX4267.jpg,0.9011538028717041,992.54052734375,202.7085723876953,392.93408203125,839.8566284179688,2048,1440,392,839
HLC20-H3,2023,202303012209,PP,0,/Volumes/Seagate Portable Drive/KYLE_AI_DATABASE/A_CAMERA/Focal_species/Gulo gulo/HLC20-H3/PP/2023/B&W/Robust marks/03.01-22.09/RCNX4268.JPG,RCNX4268.JPG,HLC20-H3_2023_202303012209_RCNX4268.jpg,0.9491292238235474,990.271728515625,171.48765563964844,392.22119140625,871.9552001953125,2048,1440,392,871
HLC20-H3,2023,202303012209,PP,0,/Volumes/Seagate Portable Drive/KYLE_AI_DATABASE/A_CAMERA/Focal_species/Gulo gulo/HLC20-H3/PP/2023/B&W/Robust marks/03.01-22.09/RCNX4269.JPG,RCNX4269.JPG,HLC20-H3_2023_202303012209_RCNX4269.jpg,0.9386999011039734,982.1326293945312,170.94932556152344,404.69512939453125,877.4388427734375,2048,1440,404,877
HLC20-H3,2023,202303012209,PP,0,/Volumes/Seagate Portable Drive/KYLE_AI_DATABASE/A_CAMERA/Focal_species/Gulo gulo/HLC20-H3/PP/2023/B&W/Robust marks/03.01-22.09/RCNX4270.JPG,RCNX4270.JPG,HLC20-H3_2023_202303012209_RCNX4270.jpg,0.9047367572784424,993.877685546875,174.46800231933594,399.155029296875,870.427734375,2048,1440,399,870
HLC20-H3,2023,202303012209,PP,0,/Volumes/Seagate Portable Drive/KYLE_AI_DATABASE/A_CAMERA/Focal_species/Gulo gulo/HLC20-H3/PP/2023/B&W/Robust marks/03.01-22.09/RCNX4271.JPG,RCNX4271.JPG,HLC20-H3_2023_202303012209_RCNX4271.jpg,0.9237054586410522,1050.6195068359375,240.67401123046875,355.397216796875,768.500732421875,2048,1440,355,768
HLC20-H3,2023,202303012209,PP,0,/Volumes/Seagate Portable Drive/KYLE_AI_DATABASE/A_CAMERA/Focal_species/Gulo gulo/HLC20-H3/PP/2023/B&W/Robust marks/03.01-22.09/RCNX4272.JPG,RCNX4272.JPG,HLC20-H3_2023_202303012209_RCNX4272.jpg,0.945212721824646,1012.3720092773438,185.20571899414062,379.90264892578125,825.41259765625,2048,1440,379,825
HLC20-H3,2023,202303012209,PP,0,/Volumes/Seagate Portable Drive/KYLE_AI_DATABASE/A_CAMERA/Focal_species/Gulo gulo/HLC20-H3/PP/2023/B&W/Robust marks/03.01-22.09/RCNX4273.JPG,RCNX4273.JPG,HLC20-H3_2023_202303012209_RCNX4273.jpg,0.9193879961967468,982.3165283203125,155.42758178710938,407.454345703125,850.390869140625,2048,1440,407,850
HLC20-H3,2023,202303012209,PP,0,/Volumes/Seagate Portable Drive/KYLE_AI_DATABASE/A_CAMERA/Focal_species/Gulo gulo/HLC20-H3/PP/2023/B&W/Robust marks/03.01-22.09/RCNX4274.JPG,RCNX4274.JPG,HLC20-H3_2023_202303012209_RCNX4274.jpg,0.9572142958641052,1070.3216552734375,177.14776611328125,359.313720703125,808.563720703125,2048,1440,359,808
HLC20-H3,2023,202303012209,PP,0,/Volumes/Seagate Portable Drive/KYLE_AI_DATABASE/A_CAMERA/Focal_species/Gulo gulo/HLC20-H3/PP/2023/B&W/Robust marks/03.01-22.09/RCNX4275.JPG,RCNX4275.JPG,HLC20-H3_2023_202303012209_RCNX4275.jpg,0.9367287158966064,1073.609130859375,237.0033721923828,380.520263671875,740.0327758789062,2048,1440,380,740
HLC20-H3,2023,202303012209,PP,0,/Volumes/Seagate Portable Drive/KYLE_AI_DATABASE/A_CAMERA/Focal_species/Gulo gulo/HLC20-H3/PP/2023/B&W/Robust marks/03.01-22.09/RCNX4276.JPG,RCNX4276.JPG,HLC20-H3_2023_202303012209_RCNX4276.jpg,0.9542165994644165,1083.456298828125,216.3983917236328,367.94091796875,731.9856567382812,2048,1440,367,731
HLC20-H3,2023,202303012209,PP,0,/Volumes/Seagate Portable Drive/KYLE_AI_DATABASE/A_CAMERA/Focal_species/Gulo gulo/HLC20-H3/PP/2023/B&W/Robust marks/03.01-22.09/RCNX4277.JPG,RCNX4277.JPG,HLC20-H3_2023_202303012209_RCNX4277.jpg,0.9290037751197815,1030.85009765625,167.2205352783203,345.65185546875,806.173828125,2048,1440,345,806
HLC20-H3,2023,202303012209,PP,0,/Volumes/Seagate Portable Drive/KYLE_AI_DATABASE/A_CAMERA/Focal_species/Gulo gulo/HLC20-H3/PP/2023/B&W/Robust marks/03.01-22.09/RCNX4278.JPG,RCNX4278.JPG,HLC20-H3_2023_202303012209_RCNX4278.jpg,0.9491098523139954,1011.001708984375,156.13168334960938,388.732177734375,743.65771484375,2048,1440,388,743
HLC20-H3,2023,202303012209,PP,0,/Volumes/Seagate Portable Drive/KYLE_AI_DATABASE/A_CAMERA/Focal_species/Gulo gulo/HLC20-H3/PP/2023/B&W/Robust marks/03.01-22.09/RCNX4279.JPG,RCNX4279.JPG,HLC20-H3_2023_202303012209_RCNX4279.jpg,0.9509539008140564,930.5721435546875,185.1165008544922,429.975341796875,763.7022705078125,2048,1440,429,763
HLC20-H3,2023,202303012209,PP,0,/Volumes/Seagate Portable Drive/KYLE_AI_DATABASE/A_CAMERA/Focal_species/Gulo gulo/HLC20-H3/PP/2023/B&W/Robust marks/03.01-22.09/RCNX4280.JPG,RCNX4280.JPG,HLC20-H3_2023_202303012209_RCNX4280.jpg,0.9233976602554321,989.3060302734375,187.7956085205078,407.84375,816.7264404296875,2048,1440,407,816
HLC20-H3,2023,202303012209,PP,0,/Volumes/Seagate Portable Drive/KYLE_AI_DATABASE/A_CAMERA/Focal_species/Gulo gulo/HLC20-H3/PP/2023/B&W/Robust marks/03.01-22.09/RCNX4281.JPG,RCNX4281.JPG,HLC20-H3_2023_202303012209_RCNX4281.jpg,0.954500138759613,1043.1182861328125,177.8411865234375,353.606689453125,832.8961791992188,2048,1440,353,832
HLC20-H3,2023,202303012209,PP,0,/Volumes/Seagate Portable Drive/KYLE_AI_DATABASE/A_CAMERA/Focal_species/Gulo gulo/HLC20-H3/PP/2023/B&W/Robust marks/03.01-22.09/RCNX4282.JPG,RCNX4282.JPG,HLC20-H3_2023_202303012209_RCNX4282.jpg,0.9629224538803101,1046.933837890625,192.26907348632812,432.39794921875,823.2579345703125,2048,1440,432,823
HLC20-H3,2023,202303012209,PP,0,/Volumes/Seagate Portable Drive/KYLE_AI_DATABASE/A_CAMERA/Focal_species/Gulo gulo/HLC20-H3/PP/2023/B&W/Robust marks/03.01-22.09/RCNX4283.JPG,RCNX4283.JPG,HLC20-H3_2023_202303012209_RCNX4283.jpg,0.9253501296043396,1031.3812255859375,201.26889038085938,400.69140625,704.860107421875,2048,1440,400,704
HLC20-H3,2023,202303012209,PP,0,/Volumes/Seagate Portable Drive/KYLE_AI_DATABASE/A_CAMERA/Focal_species/Gulo gulo/HLC20-H3/PP/2023/B&W/Robust marks/03.01-22.09/RCNX4284.JPG,RCNX4284.JPG,HLC20-H3_2023_202303012209_RCNX4284.jpg,0.9552252888679504,1037.828369140625,186.08770751953125,462.050537109375,739.8248901367188,2048,1440,462,739
HLC20-H3,2023,202303012209,PP,0,/Volumes/Seagate Portable Drive/KYLE_AI_DATABASE/A_CAMERA/Focal_species/Gulo gulo/HLC20-H3/PP/2023/B&W/Robust marks/03.01-22.09/RCNX4285.JPG,RCNX4285.JPG,HLC20-H3_2023_202303012209_RCNX4285.jpg,0.9522738456726074,1030.663818359375,185.47727966308594,347.345703125,787.0065307617188,2048,1440,347,787
HLC20-H3,2023,202303012209,PP,0,/Volumes/Seagate Portable Drive/KYLE_AI_DATABASE/A_CAMERA/Focal_species/Gulo gulo/HLC20-H3/PP/2023/B&W/Robust marks/03.01-22.09/RCNX4286.JPG,RCNX4286.JPG,HLC20-H3_2023_202303012209_RCNX4286.jpg,0.9484593868255615,1013.953369140625,229.37843322753906,359.204345703125,763.0655517578125,2048,1440,359,763
HLC20-H3,2023,202303012209,PP,0,/Volumes/Seagate Portable Drive/KYLE_AI_DATABASE/A_CAMERA/Focal_species/Gulo gulo/HLC20-H3/PP/2023/B&W/Robust marks/03.01-22.09/RCNX4287.JPG,RCNX4287.JPG,HLC20-H3_2023_202303012209_RCNX4287.jpg,0.9509618878364563,1004.1801147460938,227.50076293945312,350.68328857421875,761.429931640625,2048,1440,350,761
HLC20-H3,2023,202303012209,PP,0,/Volumes/Seagate Portable Drive/KYLE_AI_DATABASE/A_CAMERA/Focal_species/Gulo gulo/HLC20-H3/PP/2023/B&W/Robust marks/03.01-22.09/RCNX4288.JPG,RCNX4288.JPG,HLC20-H3_2023_202303012209_RCNX4288.jpg,0.9488320350646973,994.864013671875,230.31591796875,351.00390625,746.5594482421875,2048,1440,351,746
HLC20-H3,2023,202303012209,PP,0,/Volumes/Seagate Portable Drive/KYLE_AI_DATABASE/A_CAMERA/Focal_species/Gulo gulo/HLC20-H3/PP/2023/B&W/Robust marks/03.01-22.09/RCNX4289.JPG,RCNX4289.JPG,HLC20-H3_2023_202303012209_RCNX4289.jpg,0.9348142743110657,995.9351806640625,200.2996826171875,351.84423828125,775.489013671875,2048,1440,351,775
HLC20-H3,2023,202303012209,PP,0,/Volumes/Seagate Portable Drive/KYLE_AI_DATABASE/A_CAMERA/Focal_species/Gulo gulo/HLC20-H3/PP/2023/B&W/Robust marks/03.01-22.09/RCNX4290.JPG,RCNX4290.JPG,HLC20-H3_2023_202303012209_RCNX4290.jpg,0.8536173701286316,979.2238159179688,220.20352172851562,367.43267822265625,753.2744140625,2048,1440,367,753
HLC20-H3,2023,202303012209,PP,0,/Volumes/Seagate Portable Drive/KYLE_AI_DATABASE/A_CAMERA/Focal_species/Gulo gulo/HLC20-H3/PP/2023/B&W/Robust marks/03.01-22.09/RCNX4291.JPG,RCNX4291.JPG,HLC20-H3_2023_202303012209_RCNX4291.jpg,0.9004434943199158,912.1024169921875,214.33154296875,500.648193359375,753.5455932617188,2048,1440,500,753
HLC20-H3,2023,202303012209,PP,0,/Volumes/Seagate Portable Drive/KYLE_AI_DATABASE/A_CAMERA/Focal_species/Gulo gulo/HLC20-H3/PP/2023/B&W/Robust marks/03.01-22.09/RCNX4292.JPG,RCNX4292.JPG,HLC20-H3_2023_202303012209_RCNX4292.jpg,0.9443714618682861,1036.7554931640625,166.765380859375,359.783935546875,805.8316040039062,2048,1440,359,805
HLC20-H3,2023,202303012209,PP,0,/Volumes/Seagate Portable Drive/KYLE_AI_DATABASE/A_CAMERA/Focal_species/Gulo gulo/HLC20-H3/PP/2023/B&W/Robust marks/03.01-22.09/RCNX4293.JPG,RCNX4293.JPG,HLC20-H3_2023_202303012209_RCNX4293.jpg,0.9307533502578735,1048.8941650390625,177.66419982910156,336.43212890625,745.927001953125,2048,1440,336,745
HLC20-H3,2023,202303012209,PP,0,/Volumes/Seagate Portable Drive/KYLE_AI_DATABASE/A_CAMERA/Focal_species/Gulo gulo/HLC20-H3/PP/2023/B&W/Robust marks/03.01-22.09/RCNX4294.JPG,RCNX4294.JPG,HLC20-H3_2023_202303012209_RCNX4294.jpg,0.9264853596687317,972.0643310546875,165.09214782714844,413.265380859375,702.7037963867188,2048,1440,413,702
HLC20-H3,2023,202303012209,PP,0,/Volumes/Seagate Portable Drive/KYLE_AI_DATABASE/A_CAMERA/Focal_species/Gulo gulo/HLC20-H3/PP/2023/B&W/Robust marks/03.01-22.09/RCNX4295.JPG,RCNX4295.JPG,HLC20-H3_2023_202303012209_RCNX4295.jpg,0.9392597675323486,1032.14501953125,190.58328247070312,339.351318359375,674.170654296875,2048,1440,339,674
HLC20-H3,2023,202303012209,PP,0,/Volumes/Seagate Portable Drive/KYLE_AI_DATABASE/A_CAMERA/Focal_species/Gulo gulo/HLC20-H3/PP/2023/B&W/Robust marks/03.01-22.09/RCNX4296.JPG,RCNX4296.JPG,HLC20-H3_2023_202303012209_RCNX4296.jpg,0.9451011419296265,1072.03466796875,176.44900512695312,328.551025390625,697.3336181640625,2048,1440,328,697
HLC20-H3,2023,202303012209,PP,0,/Volumes/Seagate Portable Drive/KYLE_AI_DATABASE/A_CAMERA/Focal_species/Gulo gulo/HLC20-H3/PP/2023/B&W/Robust marks/03.01-22.09/RCNX4297.JPG,RCNX4297.JPG,HLC20-H3_2023_202303012209_RCNX4297.jpg,0.9522900581359863,1056.8331298828125,210.6888885498047,331.82958984375,755.9114379882812,2048,1440,331,755
HLC20-H3,2023,202303012209,PP,0,/Volumes/Seagate Portable Drive/KYLE_AI_DATABASE/A_CAMERA/Focal_species/Gulo gulo/HLC20-H3/PP/2023/B&W/Robust marks/03.01-22.09/RCNX4298.JPG,RCNX4298.JPG,HLC20-H3_2023_202303012209_RCNX4298.jpg,0.9013563394546509,1067.272216796875,213.7210693359375,347.8388671875,744.015869140625,2048,1440,347,744
HLC20-H3,2023,202303012209,PP,0,/Volumes/Seagate Portable Drive/KYLE_AI_DATABASE/A_CAMERA/Focal_species/Gulo gulo/HLC20-H3/PP/2023/B&W/Robust marks/03.01-22.09/RCNX4299.JPG,RCNX4299.JPG,HLC20-H3_2023_202303012209_RCNX4299.jpg,0.9128664135932922,1065.2247314453125,221.29083251953125,336.10302734375,726.938720703125,2048,1440,336,726
HLC20-H3,2023,202303012209,PP,0,/Volumes/Seagate Portable Drive/KYLE_AI_DATABASE/A_CAMERA/Focal_species/Gulo gulo/HLC20-H3/PP/2023/B&W/Robust marks/03.01-22.09/RCNX4300.JPG,RCNX4300.JPG,HLC20-H3_2023_202303012209_RCNX4300.jpg,0.931031346321106,1062.587158203125,222.86891174316406,311.986572265625,749.8038330078125,2048,1440,311,749
HLC20-H3,2023,202303012209,PP,0,/Volumes/Seagate Portable Drive/KYLE_AI_DATABASE/A_CAMERA/Focal_species/Gulo gulo/HLC20-H3/PP/2023/B&W/Robust marks/03.01-22.09/RCNX4301.JPG,RCNX4301.JPG,HLC20-H3_2023_202303012209_RCNX4301.jpg,0.9509161710739136,925.8533935546875,233.47900390625,462.093505859375,793.75439453125,2048,1440,462,793
HLC20-H3,2023,202303012209,PP,0,/Volumes/Seagate Portable Drive/KYLE_AI_DATABASE/A_CAMERA/Focal_species/Gulo gulo/HLC20-H3/PP/2023/B&W/Robust marks/03.01-22.09/RCNX4302.JPG,RCNX4302.JPG,HLC20-H3_2023_202303012209_RCNX4302.jpg,0.9438868165016174,952.45166015625,235.59207153320312,436.475830078125,795.25244140625,2048,1440,436,795
HLC20-H3,2023,202303012209,PP,0,/Volumes/Seagate Portable Drive/KYLE_AI_DATABASE/A_CAMERA/Focal_species/Gulo gulo/HLC20-H3/PP/2023/B&W/Robust marks/03.01-22.09/RCNX4303.JPG,RCNX4303.JPG,HLC20-H3_2023_202303012209_RCNX4303.jpg,0.9465539455413818,964.8907470703125,238.51185607910156,427.836669921875,786.865478515625,2048,1440,427,786
HLC20-H3,2023,202303012209,PP,0,/Volumes/Seagate Portable Drive/KYLE_AI_DATABASE/A_CAMERA/Focal_species/Gulo gulo/HLC20-H3/PP/2023/B&W/Robust marks/03.01-22.09/RCNX4304.JPG,RCNX4304.JPG,HLC20-H3_2023_202303012209_RCNX4304.jpg,0.9415814876556396,1031.981201171875,227.1538848876953,365.8017578125,794.1566772460938,2048,1440,365,794
HLC20-H3,2023,202303012209,PP,0,/Volumes/Seagate Portable Drive/KYLE_AI_DATABASE/A_CAMERA/Focal_species/Gulo gulo/HLC20-H3/PP/2023/B&W/Robust marks/03.01-22.09/RCNX4305.JPG,RCNX4305.JPG,HLC20-H3_2023_202303012209_RCNX4305.jpg,0.9426180720329285,1012.7005615234375,244.04901123046875,401.102783203125,765.9344482421875,2048,1440,401,765
HLC20-H3,2023,202303012209,PP,0,/Volumes/Seagate Portable Drive/KYLE_AI_DATABASE/A_CAMERA/Focal_species/Gulo gulo/HLC20-H3/PP/2023/B&W/Robust marks/03.01-22.09/RCNX4306.JPG,RCNX4306.JPG,HLC20-H3_2023_202303012209_RCNX4306.jpg,0.9395737051963806,1024.964111328125,210.78167724609375,375.317626953125,787.9799194335938,2048,1440,375,787
HLC20-H3,2023,202303012209,PP,0,/Volumes/Seagate Portable Drive/KYLE_AI_DATABASE/A_CAMERA/Focal_species/Gulo gulo/HLC20-H3/PP/2023/B&W/Robust marks/03.01-22.09/RCNX4307.JPG,RCNX4307.JPG,HLC20-H3_2023_202303012209_RCNX4307.jpg,0.9437381625175476,980.224365234375,183.11495971679688,397.07763671875,701.9464111328125,2048,1440,397,701
HLC20-H3,2023,202303012209,PP,0,/Volumes/Seagate Portable Drive/KYLE_AI_DATABASE/A_CAMERA/Focal_species/Gulo gulo/HLC20-H3/PP/2023/B&W/Robust marks/03.01-22.09/RCNX4308.JPG,RCNX4308.JPG,HLC20-H3_2023_202303012209_RCNX4308.jpg,0.9490783214569092,1030.5980224609375,167.7879638671875,353.0673828125,774.5197143554688,2048,1440,353,774
HLC20-H3,2023,202303012209,PP,0,/Volumes/Seagate Portable Drive/KYLE_AI_DATABASE/A_CAMERA/Focal_species/Gulo gulo/HLC20-H3/PP/2023/B&W/Robust marks/03.01-22.09/RCNX4309.JPG,RCNX4309.JPG,HLC20-H3_2023_202303012209_RCNX4309.jpg,0.8821899890899658,1076.0421142578125,182.21914672851562,333.734375,833.3624267578125,2048,1440,333,833
HLC20-H3,2023,202303012209,PP,0,/Volumes/Seagate Portable Drive/KYLE_AI_DATABASE/A_CAMERA/Focal_species/Gulo gulo/HLC20-H3/PP/2023/B&W/Robust marks/03.01-22.09/RCNX4310.JPG,RCNX4310.JPG,HLC20-H3_2023_202303012209_RCNX4310.jpg,0.8872209787368774,1076.79541015625,263.51416015625,330.404052734375,766.531005859375,2048,1440,330,766
HLC20-H3,2023,202303012209,PP,0,/Volumes/Seagate Portable Drive/KYLE_AI_DATABASE/A_CAMERA/Focal_species/Gulo gulo/HLC20-H3/PP/2023/B&W/Robust marks/03.01-22.09/RCNX4311.JPG,RCNX4311.JPG,HLC20-H3_2023_202303012209_RCNX4311.jpg,0.9403002858161926,992.59130859375,193.47129821777344,391.232421875,821.02294921875,2048,1440,391,821
HLC20-H3,2023,202303012209,PP,0,/Volumes/Seagate Portable Drive/KYLE_AI_DATABASE/A_CAMERA/Focal_species/Gulo gulo/HLC20-H3/PP/2023/B&W/Robust marks/03.01-22.09/RCNX4312.JPG,RCNX4312.JPG,HLC20-H3_2023_202303012209_RCNX4312.jpg,0.9558430910110474,878.4149780273438,202.82186889648438,467.93365478515625,786.6337890625,2048,1440,467,786
HLC20-H3,2023,202303012209,PP,0,/Volumes/Seagate Portable Drive/KYLE_AI_DATABASE/A_CAMERA/Focal_species/Gulo gulo/HLC20-H3/PP/2023/B&W/Robust marks/03.01-22.09/RCNX4313.JPG,RCNX4313.JPG,HLC20-H3_2023_202303012209_RCNX4313.jpg,0.932984471321106,814.0908203125,230.9059295654297,545.400146484375,781.8190307617188,2048,1440,545,781
HLC20-H3,2023,202303012209,PP,0,/Volumes/Seagate Portable Drive/KYLE_AI_DATABASE/A_CAMERA/Focal_species/Gulo gulo/HLC20-H3/PP/2023/B&W/Robust marks/03.01-22.09/RCNX4314.JPG,RCNX4314.JPG,HLC20-H3_2023_202303012209_RCNX4314.jpg,0.8887029886245728,964.7687377929688,211.1532745361328,408.47027587890625,819.0597534179688,2048,1440,408,819
HLC20-H3,2023,202303012209,PP,0,/Volumes/Seagate Portable Drive/KYLE_AI_DATABASE/A_CAMERA/Focal_species/Gulo gulo/HLC20-H3/PP/2023/B&W/Robust marks/03.01-22.09/RCNX4315.JPG,RCNX4315.JPG,HLC20-H3_2023_202303012209_RCNX4315.jpg,0.8977937698364258,984.8968505859375,157.2982940673828,412.0234375,857.4409790039062,2048,1440,412,857
HLC20-H3,2023,202303012209,PP,0,/Volumes/Seagate Portable Drive/KYLE_AI_DATABASE/A_CAMERA/Focal_species/Gulo gulo/HLC20-H3/PP/2023/B&W/Robust marks/03.01-22.09/RCNX4316.JPG,RCNX4316.JPG,HLC20-H3_2023_202303012209_RCNX4316.jpg,0.8659378886222839,907.1588745117188,293.3625793457031,496.91168212890625,717.0390625,2048,1440,496,717
HLC20-H3,2023,202303012209,PP,0,/Volumes/Seagate Portable Drive/KYLE_AI_DATABASE/A_CAMERA/Focal_species/Gulo gulo/HLC20-H3/PP/2023/B&W/Robust marks/03.01-22.09/RCNX4317.JPG,RCNX4317.JPG,HLC20-H3_2023_202303012209_RCNX4317.jpg,0.9458954930305481,948.21826171875,228.7948760986328,454.988037109375,789.8739624023438,2048,1440,454,789
HLC20-H3,2023,202303012209,PP,0,/Volumes/Seagate Portable Drive/KYLE_AI_DATABASE/A_CAMERA/Focal_species/Gulo gulo/HLC20-H3/PP/2023/B&W/Robust marks/03.01-22.09/RCNX4318.JPG,RCNX4318.JPG,HLC20-H3_2023_202303012209_RCNX4318.jpg,0.9501165151596069,874.4833374023438,226.45358276367188,501.11517333984375,789.6585693359375,2048,1440,501,789
HLC20-H3,2023,202303012209,PP,0,/Volumes/Seagate Portable Drive/KYLE_AI_DATABASE/A_CAMERA/Focal_species/Gulo gulo/HLC20-H3/PP/2023/B&W/Robust marks/03.01-22.09/RCNX4319.JPG,RCNX4319.JPG,HLC20-H3_2023_202303012209_RCNX4319.jpg,0.9393635988235474,925.23876953125,200.77618408203125,454.80712890625,822.5469970703125,2048,1440,454,822
HLC20-H3,2023,202303012209,PP,0,/Volumes/Seagate Portable Drive/KYLE_AI_DATABASE/A_CAMERA/Focal_species/Gulo gulo/HLC20-H3/PP/2023/B&W/Robust marks/03.01-22.09/RCNX4320.JPG,RCNX4320.JPG,HLC20-H3_2023_202303012209_RCNX4320.jpg,0.9383127689361572,1044.01123046875,184.6328887939453,341.863525390625,832.1513061523438,2048,1440,341,832
HLC20-H3,2023,202303012209,PP,0,/Volumes/Seagate Portable Drive/KYLE_AI_DATABASE/A_CAMERA/Focal_species/Gulo gulo/HLC20-H3/PP/2023/B&W/Robust marks/03.01-22.09/RCNX4321.JPG,RCNX4321.JPG,HLC20-H3_2023_202303012209_RCNX4321.jpg,0.9430447816848755,893.203857421875,229.50379943847656,492.59228515625,794.4640502929688,2048,1440,492,794
HLC20-H3,2023,202303012209,PP,0,/Volumes/Seagate Portable Drive/KYLE_AI_DATABASE/A_CAMERA/Focal_species/Gulo gulo/HLC20-H3/PP/2023/B&W/Robust marks/03.01-22.09/RCNX4322.JPG,RCNX4322.JPG,HLC20-H3_2023_202303012209_RCNX4322.jpg,0.9352598190307617,909.0545654296875,223.1580810546875,473.4169921875,798.3395385742188,2048,1440,473,798
HLC20-H3,2023,202303012209,PP,0,/Volumes/Seagate Portable Drive/KYLE_AI_DATABASE/A_CAMERA/Focal_species/Gulo gulo/HLC20-H3/PP/2023/B&W/Robust marks/03.01-22.09/RCNX4323.JPG,RCNX4323.JPG,HLC20-H3_2023_202303012209_RCNX4323.jpg,0.9397594928741455,893.2222290039062,229.26625061035156,494.18572998046875,796.8748779296875,2048,1440,494,796
HLC20-H3,2023,202303012209,PP,0,/Volumes/Seagate Portable Drive/KYLE_AI_DATABASE/A_CAMERA/Focal_species/Gulo gulo/HLC20-H3/PP/2023/B&W/Robust marks/03.01-22.09/RCNX4324.JPG,RCNX4324.JPG,HLC20-H3_2023_202303012209_RCNX4324.jpg,0.9595047235488892,965.08349609375,223.76588439941406,426.854736328125,795.876953125,2048,1440,426,795
HLC20-H3,2023,202303012209,PP,0,/Volumes/Seagate Portable Drive/KYLE_AI_DATABASE/A_CAMERA/Focal_species/Gulo gulo/HLC20-H3/PP/2023/B&W/Robust marks/03.01-22.09/RCNX4325.JPG,RCNX4325.JPG,HLC20-H3_2023_202303012209_RCNX4325.jpg,0.9433045983314514,1012.5420532226562,223.52835083007812,385.79937744140625,788.5018310546875,2048,1440,385,788
HLC20-H3,2023,202303012209,PP,0,/Volumes/Seagate Portable Drive/KYLE_AI_DATABASE/A_CAMERA/Focal_species/Gulo gulo/HLC20-H3/PP/2023/B&W/Robust marks/03.01-22.09/RCNX4326.JPG,RCNX4326.JPG,HLC20-H3_2023_202303012209_RCNX4326.jpg,0.9096424579620361,1058.3428955078125,285.0008544921875,341.977294921875,747.7052001953125,2048,1440,341,747
HLC20-H3,2023,202303012209,PP,0,/Volumes/Seagate Portable Drive/KYLE_AI_DATABASE/A_CAMERA/Focal_species/Gulo gulo/HLC20-H3/PP/2023/B&W/Robust marks/03.01-22.09/RCNX4327.JPG,RCNX4327.JPG,HLC20-H3_2023_202303012209_RCNX4327.jpg,0.9340011477470398,1045.282470703125,169.0032501220703,349.872314453125,861.7521362304688,2048,1440,349,861
HLC20-H3,2023,202303012209,PP,0,/Volumes/Seagate Portable Drive/KYLE_AI_DATABASE/A_CAMERA/Focal_species/Gulo gulo/HLC20-H3/PP/2023/B&W/Robust marks/03.01-22.09/RCNX4328.JPG,RCNX4328.JPG,HLC20-H3_2023_202303012209_RCNX4328.jpg,0.925233781337738,1041.2349853515625,192.8830108642578,357.025146484375,831.4381713867188,2048,1440,357,831
HLC20-H3,2023,202303012209,PP,0,/Volumes/Seagate Portable Drive/KYLE_AI_DATABASE/A_CAMERA/Focal_species/Gulo gulo/HLC20-H3/PP/2023/B&W/Robust marks/03.01-22.09/RCNX4329.JPG,RCNX4329.JPG,HLC20-H3_2023_202303012209_RCNX4329.jpg,0.9222116470336914,1064.7652587890625,269.8624267578125,356.1357421875,745.0252075195312,2048,1440,356,745
HLC20-H3,2023,202303012209,PP,0,/Volumes/Seagate Portable Drive/KYLE_AI_DATABASE/A_CAMERA/Focal_species/Gulo gulo/HLC20-H3/PP/2023/B&W/Robust marks/03.01-22.09/RCNX4330.JPG,RCNX4330.JPG,HLC20-H3_2023_202303012209_RCNX4330.jpg,0.9187102317810059,1078.472412109375,262.4014587402344,332.15673828125,757.1832275390625,2048,1440,332,757
HLC20-H3,2023,202303012209,PP,0,/Volumes/Seagate Portable Drive/KYLE_AI_DATABASE/A_CAMERA/Focal_species/Gulo gulo/HLC20-H3/PP/2023/B&W/Robust marks/03.01-22.09/RCNX4331.JPG,RCNX4331.JPG,HLC20-H3_2023_202303012209_RCNX4331.jpg,0.9204837679862976,1044.5792236328125,184.210205078125,393.2373046875,756.6062622070312,2048,1440,393,756
HLC20-H3,2023,202303012209,PP,0,/Volumes/Seagate Portable Drive/KYLE_AI_DATABASE/A_CAMERA/Focal_species/Gulo gulo/HLC20-H3/PP/2023/B&W/Robust marks/03.01-22.09/RCNX4332.JPG,RCNX4332.JPG,HLC20-H3_2023_202303012209_RCNX4332.jpg,0.9311500787734985,1068.5562744140625,211.27407836914062,389.712890625,784.54931640625,2048,1440,389,784
HLC20-H3,2023,202303012209,PP,0,/Volumes/Seagate Portable Drive/KYLE_AI_DATABASE/A_CAMERA/Focal_species/Gulo gulo/HLC20-H3/PP/2023/B&W/Robust marks/03.01-22.09/RCNX4333.JPG,RCNX4333.JPG,HLC20-H3_2023_202303012209_RCNX4333.jpg,0.9124596118927002,1067.44580078125,165.46954345703125,330.310302734375,849.7019653320312,2048,1440,330,849
HLC20-H3,2023,202303012209,PP,0,/Volumes/Seagate Portable Drive/KYLE_AI_DATABASE/A_CAMERA/Focal_species/Gulo gulo/HLC20-H3/PP/2023/B&W/Robust marks/03.01-22.09/RCNX4334.JPG,RCNX4334.JPG,HLC20-H3_2023_202303012209_RCNX4334.jpg,0.9628181457519531,1053.060302734375,175.35287475585938,339.627685546875,838.6895751953125,2048,1440,339,838
HLC20-H3,2023,202303012209,PP,0,/Volumes/Seagate Portable Drive/KYLE_AI_DATABASE/A_CAMERA/Focal_species/Gulo gulo/HLC20-H3/PP/2023/B&W/Robust marks/03.01-22.09/RCNX4335.JPG,RCNX4335.JPG,HLC20-H3_2023_202303012209_RCNX4335.jpg,0.8964306712150574,1038.5274658203125,282.44927978515625,388.6416015625,672.7831420898438,2048,1440,388,672
HLC20-H3,2023,202303012209,PP,0,/Volumes/Seagate Portable Drive/KYLE_AI_DATABASE/A_CAMERA/Focal_species/Gulo gulo/HLC20-H3/PP/2023/B&W/Robust marks/03.01-22.09/RCNX4336.JPG,RCNX4336.JPG,HLC20-H3_2023_202303012209_RCNX4336.jpg,0.9620326161384583,1024.7861328125,173.6544952392578,386.1875,828.5808715820312,2048,1440,386,828
HLC20-H3,2023,202303012209,PP,0,/Volumes/Seagate Portable Drive/KYLE_AI_DATABASE/A_CAMERA/Focal_species/Gulo gulo/HLC20-H3/PP/2023/B&W/Robust marks/03.01-22.09/RCNX4337.JPG,RCNX4337.JPG,HLC20-H3_2023_202303012209_RCNX4337.jpg,0.9396370649337769,1011.5950317382812,178.6721954345703,420.13226318359375,842.0235595703125,2048,1440,420,842
HLC20-H3,2023,202303012209,PP,0,/Volumes/Seagate Portable Drive/KYLE_AI_DATABASE/A_CAMERA/Focal_species/Gulo gulo/HLC20-H3/PP/2023/B&W/Robust marks/03.01-22.09/RCNX4338.JPG,RCNX4338.JPG,HLC20-H3_2023_202303012209_RCNX4338.jpg,0.9469633102416992,1022.19873046875,181.43006896972656,400.654052734375,842.6688232421875,2048,1440,400,842
HLC20-H3,2023,202303012209,PP,0,/Volumes/Seagate Portable Drive/KYLE_AI_DATABASE/A_CAMERA/Focal_species/Gulo gulo/HLC20-H3/PP/2023/B&W/Robust marks/03.01-22.09/RCNX4339.JPG,RCNX4339.JPG,HLC20-H3_2023_202303012209_RCNX4339.jpg,0.9393253922462463,1034.67333984375,270.6953125,385.61669921875,753.1759643554688,2048,1440,385,753
HLC20-H3,2023,202303012209,PP,0,/Volumes/Seagate Portable Drive/KYLE_AI_DATABASE/A_CAMERA/Focal_species/Gulo gulo/HLC20-H3/PP/2023/B&W/Robust marks/03.01-22.09/RCNX4340.JPG,RCNX4340.JPG,HLC20-H3_2023_202303012209_RCNX4340.jpg,0.9400918483734131,1032.508056640625,183.49966430664062,396.24658203125,844.510498046875,2048,1440,396,844
HLC20-H3,2023,202303012209,PP,0,/Volumes/Seagate Portable Drive/KYLE_AI_DATABASE/A_CAMERA/Focal_species/Gulo gulo/HLC20-H3/PP/2023/B&W/Robust marks/03.01-22.09/RCNX4341.JPG,RCNX4341.JPG,HLC20-H3_2023_202303012209_RCNX4341.jpg,0.9051374197006226,1082.5592041015625,226.1244659423828,328.754150390625,835.2202758789062,2048,1440,328,835
HLC20-H3,2023,202303012209,PP,0,/Volumes/Seagate Portable Drive/KYLE_AI_DATABASE/A_CAMERA/Focal_species/Gulo gulo/HLC20-H3/PP/2023/B&W/Robust marks/03.01-22.09/RCNX4342.JPG,RCNX4342.JPG,HLC20-H3_2023_202303012209_RCNX4342.jpg,0.9098079204559326,1011.0863037109375,227.92527770996094,368.59716796875,848.02490234375,2048,1440,368,848
HLC20-H3,2023,202303012209,PP,0,/Volumes/Seagate Portable Drive/KYLE_AI_DATABASE/A_CAMERA/Focal_species/Gulo gulo/HLC20-H3/PP/2023/B&W/Robust marks/03.01-22.09/RCNX4343.JPG,RCNX4343.JPG,HLC20-H3_2023_202303012209_RCNX4343.jpg,0.9324437379837036,992.8382568359375,165.28097534179688,374.51611328125,829.13232421875,2048,1440,374,829
HLC20-H3,2023,202303012209,PP,0,/Volumes/Seagate Portable Drive/KYLE_AI_DATABASE/A_CAMERA/Focal_species/Gulo gulo/HLC20-H3/PP/2023/B&W/Robust marks/03.01-22.09/RCNX4344.JPG,RCNX4344.JPG,HLC20-H3_2023_202303012209_RCNX4344.jpg,0.9330095052719116,922.70703125,188.37887573242188,450.218017578125,831.0135498046875,2048,1440,450,831
HLC20-H3,2023,202303012209,PP,0,/Volumes/Seagate Portable Drive/KYLE_AI_DATABASE/A_CAMERA/Focal_species/Gulo gulo/HLC20-H3/PP/2023/B&W/Robust marks/03.01-22.09/RCNX4345.JPG,RCNX4345.JPG,HLC20-H3_2023_202303012209_RCNX4345.jpg,0.8982798457145691,990.573974609375,225.04669189453125,377.446533203125,799.6118774414062,2048,1440,377,799
HLC20-H3,2023,202303012209,PP,0,/Volumes/Seagate Portable Drive/KYLE_AI_DATABASE/A_CAMERA/Focal_species/Gulo gulo/HLC20-H3/PP/2023/B&W/Robust marks/03.01-22.09/RCNX4346.JPG,RCNX4346.JPG,HLC20-H3_2023_202303012209_RCNX4346.jpg,0.9297739863395691,1032.550048828125,188.16433715820312,349.2626953125,812.9556884765625,2048,1440,349,812
HLC20-H3,2023,202303012209,PP,0,/Volumes/Seagate Portable Drive/KYLE_AI_DATABASE/A_CAMERA/Focal_species/Gulo gulo/HLC20-H3/PP/2023/B&W/Robust marks/03.01-22.09/RCNX4347.JPG,RCNX4347.JPG,HLC20-H3_2023_202303012209_RCNX4347.jpg,0.9124785661697388,986.8594360351562,172.54672241210938,380.71771240234375,837.232666015625,2048,1440,380,837
HLC20-H3,2023,202303012209,PP,0,/Volumes/Seagate Portable Drive/KYLE_AI_DATABASE/A_CAMERA/Focal_species/Gulo gulo/HLC20-H3/PP/2023/B&W/Robust marks/03.01-22.09/RCNX4348.JPG,RCNX4348.JPG,HLC20-H3_2023_202303012209_RCNX4348.jpg,0.9448213577270508,1049.136474609375,164.3846435546875,327.817138671875,829.6444091796875,2048,1440,327,829
HLC20-H3,2023,202303012209,PP,0,/Volumes/Seagate Portable Drive/KYLE_AI_DATABASE/A_CAMERA/Focal_species/Gulo gulo/HLC20-H3/PP/2023/B&W/Robust marks/03.01-22.09/RCNX4349.JPG,RCNX4349.JPG,HLC20-H3_2023_202303012209_RCNX4349.jpg,0.9381356239318848,1007.2120971679688,175.9827880859375,377.98175048828125,821.1262817382812,2048,1440,377,821
HLC20-H3,2023,202303012209,PP,0,/Volumes/Seagate Portable Drive/KYLE_AI_DATABASE/A_CAMERA/Focal_species/Gulo gulo/HLC20-H3/PP/2023/B&W/Robust marks/03.01-22.09/RCNX4350.JPG,RCNX4350.JPG,HLC20-H3_2023_202303012209_RCNX4350.jpg,0.9500629305839539,1041.818115234375,158.62510681152344,335.232666015625,838.187255859375,2048,1440,335,838
HLC20-H3,2023,202303012209,PP,0,/Volumes/Seagate Portable Drive/KYLE_AI_DATABASE/A_CAMERA/Focal_species/Gulo gulo/HLC20-H3/PP/2023/B&W/Robust marks/03.01-22.09/RCNX4351.JPG,RCNX4351.JPG,HLC20-H3_2023_202303012209_RCNX4351.jpg,0.9396689534187317,1057.6707763671875,163.367431640625,359.93603515625,831.92041015625,2048,1440,359,831
HLC20-H3,2023,202303012209,PP,0,/Volumes/Seagate Portable Drive/KYLE_AI_DATABASE/A_CAMERA/Focal_species/Gulo gulo/HLC20-H3/PP/2023/B&W/Robust marks/03.01-22.09/RCNX4352.JPG,RCNX4352.JPG,HLC20-H3_2023_202303012209_RCNX4352.jpg,0.9277735352516174,1007.82568359375,179.4301300048828,431.048828125,792.7388916015625,2048,1440,431,792
HLC20-H3,2023,202303012209,PP,0,/Volumes/Seagate Portable Drive/KYLE_AI_DATABASE/A_CAMERA/Focal_species/Gulo gulo/HLC20-H3/PP/2023/B&W/Robust marks/03.01-22.09/RCNX4353.JPG,RCNX4353.JPG,HLC20-H3_2023_202303012209_RCNX4353.jpg,0.8373336791992188,1091.0538330078125,157.70745849609375,326.732421875,787.8789672851562,2048,1440,326,787
HLC20-H3,2023,202303012209,PP,0,/Volumes/Seagate Portable Drive/KYLE_AI_DATABASE/A_CAMERA/Focal_species/Gulo gulo/HLC20-H3/PP/2023/B&W/Robust marks/03.01-22.09/RCNX4354.JPG,RCNX4354.JPG,HLC20-H3_2023_202303012209_RCNX4354.jpg,0.9344266653060913,1005.4047241210938,186.8773193359375,400.36029052734375,810.6107177734375,2048,1440,400,810
HLC20-H3,2023,202303012209,PP,0,/Volumes/Seagate Portable Drive/KYLE_AI_DATABASE/A_CAMERA/Focal_species/Gulo gulo/HLC20-H3/PP/2023/B&W/Robust marks/03.01-22.09/RCNX4355.JPG,RCNX4355.JPG,HLC20-H3_2023_202303012209_RCNX4355.jpg,0.9498584270477295,994.2890625,172.8024139404297,415.640380859375,827.6708984375,2048,1440,415,827
HLC20-H3,2023,202303012209,PP,0,/Volumes/Seagate Portable Drive/KYLE_AI_DATABASE/A_CAMERA/Focal_species/Gulo gulo/HLC20-H3/PP/2023/B&W/Robust marks/03.01-22.09/RCNX4356.JPG,RCNX4356.JPG,HLC20-H3_2023_202303012209_RCNX4356.jpg,0.9126814007759094,997.782958984375,185.35128784179688,413.51123046875,812.1246337890625,2048,1440,413,812
HLC20-H3,2023,202303012209,PP,0,/Volumes/Seagate Portable Drive/KYLE_AI_DATABASE/A_CAMERA/Focal_species/Gulo gulo/HLC20-H3/PP/2023/B&W/Robust marks/03.01-22.09/RCNX4357.JPG,RCNX4357.JPG,HLC20-H3_2023_202303012209_RCNX4357.jpg,0.9330140352249146,980.00146484375,187.07257080078125,436.68408203125,823.3759155273438,2048,1440,436,823
HLC20-H3,2023,202303012209,PP,0,/Volumes/Seagate Portable Drive/KYLE_AI_DATABASE/A_CAMERA/Focal_species/Gulo gulo/HLC20-H3/PP/2023/B&W/Robust marks/03.01-22.09/RCNX4358.JPG,RCNX4358.JPG,HLC20-H3_2023_202303012209_RCNX4358.jpg,0.9391590356826782,973.6793212890625,181.09202575683594,438.14892578125,830.6994018554688,2048,1440,438,830
HLC20-H3,2023,202303012209,PP,0,/Volumes/Seagate Portable Drive/KYLE_AI_DATABASE/A_CAMERA/Focal_species/Gulo gulo/HLC20-H3/PP/2023/B&W/Robust marks/03.01-22.09/RCNX4359.JPG,RCNX4359.JPG,HLC20-H3_2023_202303012209_RCNX4359.jpg,0.9270967841148376,989.7323608398438,223.52804565429688,411.26080322265625,795.6759033203125,2048,1440,411,795
HLC20-H3,2023,202303012209,PP,0,/Volumes/Seagate Portable Drive/KYLE_AI_DATABASE/A_CAMERA/Focal_species/Gulo gulo/HLC20-H3/PP/2023/B&W/Robust marks/03.01-22.09/RCNX4360.JPG,RCNX4360.JPG,HLC20-H3_2023_202303012209_RCNX4360.jpg,0.9259623885154724,979.759521484375,220.2499542236328,420.648193359375,803.8937377929688,2048,1440,420,803
HLC20-H3,2023,202303012209,PP,0,/Volumes/Seagate Portable Drive/KYLE_AI_DATABASE/A_CAMERA/Focal_species/Gulo gulo/HLC20-H3/PP/2023/B&W/Robust marks/03.01-22.09/RCNX4361.JPG,RCNX4361.JPG,HLC20-H3_2023_202303012209_RCNX4361.jpg,0.9175798892974854,810.457763671875,236.2540283203125,604.925048828125,769.4203491210938,2048,1440,604,769
HLC20-H3,2023,202303012209,PP,0,/Volumes/Seagate Portable Drive/KYLE_AI_DATABASE/A_CAMERA/Focal_species/Gulo gulo/HLC20-H3/PP/2023/B&W/Robust marks/03.01-22.09/RCNX4362.JPG,RCNX4362.JPG,HLC20-H3_2023_202303012209_RCNX4362.jpg,0.9593492150306702,891.27490234375,288.2651062011719,518.747314453125,716.8182373046875,2048,1440,518,716
HLC20-H3,2023,202303012209,PP,0,/Volumes/Seagate Portable Drive/KYLE_AI_DATABASE/A_CAMERA/Focal_species/Gulo gulo/HLC20-H3/PP/2023/B&W/Robust marks/03.01-22.09/RCNX4363.JPG,RCNX4363.JPG,HLC20-H3_2023_202303012209_RCNX4363.jpg,0.9346246123313904,1038.790283203125,991.4465942382812,427.046630859375,415.60906982421875,2048,1440,427,415
