id,year,ymdh,station,color,original_path,original_filename,crop_filename,confidence,bbox_x,bbox_y,bbox_width,bbox_height,image_width,image_height,crop_width,crop_height
HFW12-F7,2016,201603301450,CC,1,/Volumes/Seagate Portable Drive/KYLE_AI_DATABASE/A_CAMERA/Focal_species/Gulo gulo/HFW12-F7/CC/2016/COLOR/Robust marks/03.30-14.50/IMG_1401.JPG,IMG_1401.JPG,HFW12-F7_2016_201603301450_IMG_1401.jpg,0.9322423934936523,1318.1832275390625,1149.69384765625,320.4365234375,312.206787109375,2048,1536,320,312
HFW12-F7,2016,201603301450,CC,1,/Volumes/Seagate Portable Drive/KYLE_AI_DATABASE/A_CAMERA/Focal_species/Gulo gulo/HFW12-F7/CC/2016/COLOR/Robust marks/03.30-14.50/IMG_1402.JPG,IMG_1402.JPG,HFW12-F7_2016_201603301450_IMG_1402.jpg,0.9451915621757507,1086.316162109375,1217.615478515625,540.068115234375,284.5162353515625,2048,1536,540,284
HFW12-F7,2016,201603301450,CC,1,/Volumes/Seagate Portable Drive/KYLE_AI_DATABASE/A_CAMERA/Focal_species/Gulo gulo/HFW12-F7/CC/2016/COLOR/Robust marks/03.30-14.50/IMG_1403.JPG,IMG_1403.JPG,HFW12-F7_2016_201603301450_IMG_1403.jpg,0.928916335105896,845.2855224609375,1250.213134765625,817.0576171875,252.397216796875,2048,1536,817,252
HFW12-F7,2016,201603301450,CC,1,/Volumes/Seagate Portable Drive/KYLE_AI_DATABASE/A_CAMERA/Focal_species/Gulo gulo/HFW12-F7/CC/2016/COLOR/Robust marks/03.30-14.50/IMG_1409.JPG,IMG_1409.JPG,HFW12-F7_2016_201603301450_IMG_1409.jpg,0.8403891921043396,145.74325561523438,1410.122802734375,579.72021484375,92.615234375,2048,1536,579,92
HFW12-F7,2016,201603301450,CC,1,/Volumes/Seagate Portable Drive/KYLE_AI_DATABASE/A_CAMERA/Focal_species/Gulo gulo/HFW12-F7/CC/2016/COLOR/Robust marks/03.30-14.50/IMG_1410.JPG,IMG_1410.JPG,HFW12-F7_2016_201603301450_IMG_1410.jpg,0.8714504241943359,329.11572265625,1374.3173828125,519.5657958984375,128.05078125,2048,1536,519,128
HFW12-F7,2016,201603301450,CC,1,/Volumes/Seagate Portable Drive/KYLE_AI_DATABASE/A_CAMERA/Focal_species/Gulo gulo/HFW12-F7/CC/2016/COLOR/Robust marks/03.30-14.50/IMG_1411.JPG,IMG_1411.JPG,HFW12-F7_2016_201603301450_IMG_1411.jpg,0.9645115733146667,945.5391845703125,1206.7239990234375,755.73779296875,296.5802001953125,2048,1536,755,296
HFW12-F7,2016,201603301450,CC,1,/Volumes/Seagate Portable Drive/KYLE_AI_DATABASE/A_CAMERA/Focal_species/Gulo gulo/HFW12-F7/CC/2016/COLOR/Robust marks/03.30-14.50/IMG_1412.JPG,IMG_1412.JPG,HFW12-F7_2016_201603301450_IMG_1412.jpg,0.9575260281562805,956.487548828125,1217.26220703125,685.09423828125,285.248046875,2048,1536,685,285
HFW12-F7,2016,201603301450,CC,1,/Volumes/Seagate Portable Drive/KYLE_AI_DATABASE/A_CAMERA/Focal_species/Gulo gulo/HFW12-F7/CC/2016/COLOR/Robust marks/03.30-14.50/IMG_1413.JPG,IMG_1413.JPG,HFW12-F7_2016_201603301450_IMG_1413.jpg,0.9509699940681458,1321.5472412109375,1203.752197265625,465.5322265625,299.039794921875,2048,1536,465,299
HFW12-F7,2016,201603301450,CC,1,/Volumes/Seagate Portable Drive/KYLE_AI_DATABASE/A_CAMERA/Focal_species/Gulo gulo/HFW12-F7/CC/2016/COLOR/Robust marks/03.30-14.50/IMG_1414.JPG,IMG_1414.JPG,HFW12-F7_2016_201603301450_IMG_1414.jpg,0.9649119973182678,1398.9774169921875,1077.16796875,393.613525390625,425.6937255859375,2048,1536,393,425
HFW12-F7,2016,201603301450,CC,1,/Volumes/Seagate Portable Drive/KYLE_AI_DATABASE/A_CAMERA/Focal_species/Gulo gulo/HFW12-F7/CC/2016/COLOR/Robust marks/03.30-14.50/IMG_1415.JPG,IMG_1415.JPG,HFW12-F7_2016_201603301450_IMG_1415.jpg,0.904349148273468,835.8524169921875,804.2286987304688,811.773193359375,512.7518920898438,2048,1536,811,512
HFW12-F7,2016,201603301450,CC,1,/Volumes/Seagate Portable Drive/KYLE_AI_DATABASE/A_CAMERA/Focal_species/Gulo gulo/HFW12-F7/CC/2016/COLOR/Robust marks/03.30-14.50/IMG_1416.JPG,IMG_1416.JPG,HFW12-F7_2016_201603301450_IMG_1416.jpg,0.9388546347618103,902.4139404296875,698.1126708984375,451.339111328125,329.426513671875,2048,1536,451,329
HFW12-F7,2016,201603301450,CC,1,/Volumes/Seagate Portable Drive/KYLE_AI_DATABASE/A_CAMERA/Focal_species/Gulo gulo/HFW12-F7/CC/2016/COLOR/Robust marks/03.30-14.50/IMG_1417.JPG,IMG_1417.JPG,HFW12-F7_2016_201603301450_IMG_1417.jpg,0.945670485496521,837.314697265625,571.4611206054688,391.986572265625,435.87200927734375,2048,1536,391,435
HFW12-F7,2016,201603301450,CC,1,/Volumes/Seagate Portable Drive/KYLE_AI_DATABASE/A_CAMERA/Focal_species/Gulo gulo/HFW12-F7/CC/2016/COLOR/Robust marks/03.30-14.50/IMG_1418.JPG,IMG_1418.JPG,HFW12-F7_2016_201603301450_IMG_1418.jpg,0.8556552529335022,729.14208984375,385.2858581542969,389.3345947265625,570.6689453125,2048,1536,389,570
HFW12-F7,2016,201603301450,CC,1,/Volumes/Seagate Portable Drive/KYLE_AI_DATABASE/A_CAMERA/Focal_species/Gulo gulo/HFW12-F7/CC/2016/COLOR/Robust marks/03.30-14.50/IMG_1419.JPG,IMG_1419.JPG,HFW12-F7_2016_201603301450_IMG_1419.jpg,0.9158447980880737,728.1801147460938,237.15731811523438,309.69097900390625,673.30419921875,2048,1536,309,673
HFW12-F7,2016,201603301450,CC,1,/Volumes/Seagate Portable Drive/KYLE_AI_DATABASE/A_CAMERA/Focal_species/Gulo gulo/HFW12-F7/CC/2016/COLOR/Robust marks/03.30-14.50/IMG_1420.JPG,IMG_1420.JPG,HFW12-F7_2016_201603301450_IMG_1420.jpg,0.9323422908782959,718.8469848632812,227.81915283203125,294.4730224609375,648.1004028320312,2048,1536,294,648
HFW12-F7,2016,201603301450,CC,1,/Volumes/Seagate Portable Drive/KYLE_AI_DATABASE/A_CAMERA/Focal_species/Gulo gulo/HFW12-F7/CC/2016/COLOR/Robust marks/03.30-14.50/IMG_1421.JPG,IMG_1421.JPG,HFW12-F7_2016_201603301450_IMG_1421.jpg,0.91569584608078,1105.466552734375,713.390869140625,680.959228515625,400.605712890625,2048,1536,680,400
HFW12-F7,2016,201603301450,CC,1,/Volumes/Seagate Portable Drive/KYLE_AI_DATABASE/A_CAMERA/Focal_species/Gulo gulo/HFW12-F7/CC/2016/COLOR/Robust marks/03.30-14.50/IMG_1431.JPG,IMG_1431.JPG,HFW12-F7_2016_201603301450_IMG_1431.jpg,0.9435244798660278,1655.660888671875,1003.76953125,391.830810546875,321.257080078125,2048,1536,391,321
HFW12-F7,2016,201603301450,CC,1,/Volumes/Seagate Portable Drive/KYLE_AI_DATABASE/A_CAMERA/Focal_species/Gulo gulo/HFW12-F7/CC/2016/COLOR/Robust marks/03.30-14.50/IMG_1432.JPG,IMG_1432.JPG,HFW12-F7_2016_201603301450_IMG_1432.jpg,0.9727941155433655,1172.72802734375,879.9556274414062,537.341064453125,323.51934814453125,2048,1536,537,323
HFW12-F7,2016,201603301450,CC,1,/Volumes/Seagate Portable Drive/KYLE_AI_DATABASE/A_CAMERA/Focal_species/Gulo gulo/HFW12-F7/CC/2016/COLOR/Robust marks/03.30-14.50/IMG_1433.JPG,IMG_1433.JPG,HFW12-F7_2016_201603301450_IMG_1433.jpg,0.9418101906776428,914.00927734375,672.1233520507812,465.6015625,382.73931884765625,2048,1536,465,382
HFW12-F7,2016,201603301450,CC,1,/Volumes/Seagate Portable Drive/KYLE_AI_DATABASE/A_CAMERA/Focal_species/Gulo gulo/HFW12-F7/CC/2016/COLOR/Robust marks/03.30-14.50/IMG_1434.JPG,IMG_1434.JPG,HFW12-F7_2016_201603301450_IMG_1434.jpg,0.9317023158073425,836.0657348632812,600.60009765625,400.03668212890625,426.1260986328125,2048,1536,400,426
HFW12-F7,2016,201603301450,CC,1,/Volumes/Seagate Portable Drive/KYLE_AI_DATABASE/A_CAMERA/Focal_species/Gulo gulo/HFW12-F7/CC/2016/COLOR/Robust marks/03.30-14.50/IMG_1436.JPG,IMG_1436.JPG,HFW12-F7_2016_201603301450_IMG_1436.jpg,0.8504428863525391,713.2337646484375,202.3809814453125,395.6396484375,674.1676025390625,2048,1536,395,674
HFW12-F7,2016,201603301450,CC,1,/Volumes/Seagate Portable Drive/KYLE_AI_DATABASE/A_CAMERA/Focal_species/Gulo gulo/HFW12-F7/CC/2016/COLOR/Robust marks/03.30-14.50/IMG_1437.JPG,IMG_1437.JPG,HFW12-F7_2016_201603301450_IMG_1437.jpg,0.9205597639083862,698.79833984375,219.08038330078125,412.4903564453125,640.0916137695312,2048,1536,412,640
HFW12-F7,2016,201603301450,CC,1,/Volumes/Seagate Portable Drive/KYLE_AI_DATABASE/A_CAMERA/Focal_species/Gulo gulo/HFW12-F7/CC/2016/COLOR/Robust marks/03.30-14.50/IMG_1438.JPG,IMG_1438.JPG,HFW12-F7_2016_201603301450_IMG_1438.jpg,0.8493871688842773,711.7576904296875,130.27496337890625,404.428955078125,699.5183715820312,2048,1536,404,699
HFW12-F7,2016,201603301450,CC,1,/Volumes/Seagate Portable Drive/KYLE_AI_DATABASE/A_CAMERA/Focal_species/Gulo gulo/HFW12-F7/CC/2016/COLOR/Robust marks/03.30-14.50/IMG_1439.JPG,IMG_1439.JPG,HFW12-F7_2016_201603301450_IMG_1439.jpg,0.9255451560020447,706.701171875,137.854248046875,386.058349609375,778.9434814453125,2048,1536,386,778
HFW12-F7,2016,201603301450,CC,1,/Volumes/Seagate Portable Drive/KYLE_AI_DATABASE/A_CAMERA/Focal_species/Gulo gulo/HFW12-F7/CC/2016/COLOR/Robust marks/03.30-14.50/IMG_1440.JPG,IMG_1440.JPG,HFW12-F7_2016_201603301450_IMG_1440.jpg,0.9138470888137817,690.543701171875,159.8111572265625,354.7647705078125,776.147216796875,2048,1536,354,776
HFW12-F7,2016,201603301450,CC,1,/Volumes/Seagate Portable Drive/KYLE_AI_DATABASE/A_CAMERA/Focal_species/Gulo gulo/HFW12-F7/CC/2016/COLOR/Robust marks/03.30-14.50/IMG_1441.JPG,IMG_1441.JPG,HFW12-F7_2016_201603301450_IMG_1441.jpg,0.9272555112838745,700.600341796875,169.1469268798828,319.8873291015625,801.0916137695312,2048,1536,319,801
HFW12-F7,2016,201603301450,CC,1,/Volumes/Seagate Portable Drive/KYLE_AI_DATABASE/A_CAMERA/Focal_species/Gulo gulo/HFW12-F7/CC/2016/COLOR/Robust marks/03.30-14.50/IMG_1442.JPG,IMG_1442.JPG,HFW12-F7_2016_201603301450_IMG_1442.jpg,0.8872352838516235,705.900390625,172.85939025878906,315.6241455078125,832.7950439453125,2048,1536,315,832
HFW12-F7,2016,201603301450,CC,1,/Volumes/Seagate Portable Drive/KYLE_AI_DATABASE/A_CAMERA/Focal_species/Gulo gulo/HFW12-F7/CC/2016/COLOR/Robust marks/03.30-14.50/IMG_1443.JPG,IMG_1443.JPG,HFW12-F7_2016_201603301450_IMG_1443.jpg,0.8781437873840332,704.0338745117188,174.85244750976562,316.0108642578125,838.2017822265625,2048,1536,316,838
HFW12-F7,2016,201603301450,CC,1,/Volumes/Seagate Portable Drive/KYLE_AI_DATABASE/A_CAMERA/Focal_species/Gulo gulo/HFW12-F7/CC/2016/COLOR/Robust marks/03.30-14.50/IMG_1445.JPG,IMG_1445.JPG,HFW12-F7_2016_201603301450_IMG_1445.jpg,0.9304808974266052,698.9508666992188,177.2603759765625,320.8665771484375,841.5367431640625,2048,1536,320,841
HFW12-F7,2016,201603301450,CC,1,/Volumes/Seagate Portable Drive/KYLE_AI_DATABASE/A_CAMERA/Focal_species/Gulo gulo/HFW12-F7/CC/2016/COLOR/Robust marks/03.30-14.50/IMG_1446.JPG,IMG_1446.JPG,HFW12-F7_2016_201603301450_IMG_1446.jpg,0.938309907913208,698.0897216796875,176.9882354736328,326.8031005859375,844.5007934570312,2048,1536,326,844
HFW12-F7,2016,201603301450,CC,1,/Volumes/Seagate Portable Drive/KYLE_AI_DATABASE/A_CAMERA/Focal_species/Gulo gulo/HFW12-F7/CC/2016/COLOR/Robust marks/03.30-14.50/IMG_1447.JPG,IMG_1447.JPG,HFW12-F7_2016_201603301450_IMG_1447.jpg,0.933688223361969,693.24267578125,178.96746826171875,327.8455810546875,853.2634887695312,2048,1536,327,853
HFW12-F7,2016,201603301450,CC,1,/Volumes/Seagate Portable Drive/KYLE_AI_DATABASE/A_CAMERA/Focal_species/Gulo gulo/HFW12-F7/CC/2016/COLOR/Robust marks/03.30-14.50/IMG_1448.JPG,IMG_1448.JPG,HFW12-F7_2016_201603301450_IMG_1448.jpg,0.9193973541259766,700.5606689453125,182.92300415039062,319.8583984375,849.1878662109375,2048,1536,319,849
HFW12-F7,2016,201603301450,CC,1,/Volumes/Seagate Portable Drive/KYLE_AI_DATABASE/A_CAMERA/Focal_species/Gulo gulo/HFW12-F7/CC/2016/COLOR/Robust marks/03.30-14.50/IMG_1449.JPG,IMG_1449.JPG,HFW12-F7_2016_201603301450_IMG_1449.jpg,0.8914385437965393,699.6875610351562,183.59889221191406,319.1473388671875,847.321044921875,2048,1536,319,847
HFW12-F7,2016,201603301450,CC,1,/Volumes/Seagate Portable Drive/KYLE_AI_DATABASE/A_CAMERA/Focal_species/Gulo gulo/HFW12-F7/CC/2016/COLOR/Robust marks/03.30-14.50/IMG_1451.JPG,IMG_1451.JPG,HFW12-F7_2016_201603301450_IMG_1451.jpg,0.9541020393371582,693.7131958007812,344.918701171875,503.03143310546875,701.896240234375,2048,1536,503,701
HFW12-F7,2016,201603301450,CC,1,/Volumes/Seagate Portable Drive/KYLE_AI_DATABASE/A_CAMERA/Focal_species/Gulo gulo/HFW12-F7/CC/2016/COLOR/Robust marks/03.30-14.50/IMG_1452.JPG,IMG_1452.JPG,HFW12-F7_2016_201603301450_IMG_1452.jpg,0.9556549191474915,1265.1253662109375,745.423095703125,523.974853515625,470.99560546875,2048,1536,523,470
HFW12-F7,2016,201603301450,CC,1,/Volumes/Seagate Portable Drive/KYLE_AI_DATABASE/A_CAMERA/Focal_species/Gulo gulo/HFW12-F7/CC/2016/COLOR/Robust marks/03.30-14.50/IMG_1461.JPG,IMG_1461.JPG,HFW12-F7_2016_201603301450_IMG_1461.jpg,0.9655842781066895,1542.5689697265625,924.0504150390625,505.7601318359375,412.7203369140625,2048,1536,505,412
HFW12-F7,2016,201603301450,CC,1,/Volumes/Seagate Portable Drive/KYLE_AI_DATABASE/A_CAMERA/Focal_species/Gulo gulo/HFW12-F7/CC/2016/COLOR/Robust marks/03.30-14.50/IMG_1462.JPG,IMG_1462.JPG,HFW12-F7_2016_201603301450_IMG_1462.jpg,0.9441216588020325,998.623779296875,676.9559936523438,499.290283203125,461.14959716796875,2048,1536,499,461
HFW12-F7,2016,201603301450,CC,1,/Volumes/Seagate Portable Drive/KYLE_AI_DATABASE/A_CAMERA/Focal_species/Gulo gulo/HFW12-F7/CC/2016/COLOR/Robust marks/03.30-14.50/IMG_1463.JPG,IMG_1463.JPG,HFW12-F7_2016_201603301450_IMG_1463.jpg,0.9260018467903137,836.2109985351562,542.0338745117188,493.40496826171875,464.10321044921875,2048,1536,493,464
HFW12-F7,2016,201603301450,CC,1,/Volumes/Seagate Portable Drive/KYLE_AI_DATABASE/A_CAMERA/Focal_species/Gulo gulo/HFW12-F7/CC/2016/COLOR/Robust marks/03.30-14.50/IMG_1464.JPG,IMG_1464.JPG,HFW12-F7_2016_201603301450_IMG_1464.jpg,0.8992328643798828,740.6997680664062,219.55224609375,459.68524169921875,679.8850708007812,2048,1536,459,679
HFW12-F7,2016,201603301450,CC,1,/Volumes/Seagate Portable Drive/KYLE_AI_DATABASE/A_CAMERA/Focal_species/Gulo gulo/HFW12-F7/CC/2016/COLOR/Robust marks/03.30-14.50/IMG_1465.JPG,IMG_1465.JPG,HFW12-F7_2016_201603301450_IMG_1465.jpg,0.8833608031272888,753.2661743164062,211.30630493164062,417.94354248046875,717.8377685546875,2048,1536,417,717
HFW12-F7,2016,201603301450,CC,1,/Volumes/Seagate Portable Drive/KYLE_AI_DATABASE/A_CAMERA/Focal_species/Gulo gulo/HFW12-F7/CC/2016/COLOR/Robust marks/03.30-14.50/IMG_1466.JPG,IMG_1466.JPG,HFW12-F7_2016_201603301450_IMG_1466.jpg,0.9259764552116394,717.9093017578125,227.32305908203125,432.2550048828125,675.3316040039062,2048,1536,432,675
HFW12-F7,2016,201603301450,CC,1,/Volumes/Seagate Portable Drive/KYLE_AI_DATABASE/A_CAMERA/Focal_species/Gulo gulo/HFW12-F7/CC/2016/COLOR/Robust marks/03.30-14.50/IMG_1467.JPG,IMG_1467.JPG,HFW12-F7_2016_201603301450_IMG_1467.jpg,0.8914190530776978,720.7471313476562,241.31704711914062,392.36749267578125,628.251708984375,2048,1536,392,628
HFW12-F7,2016,201603301450,CC,1,/Volumes/Seagate Portable Drive/KYLE_AI_DATABASE/A_CAMERA/Focal_species/Gulo gulo/HFW12-F7/CC/2016/COLOR/Robust marks/03.30-14.50/IMG_1468.JPG,IMG_1468.JPG,HFW12-F7_2016_201603301450_IMG_1468.jpg,0.887788712978363,716.0602416992188,234.6628875732422,388.94781494140625,640.4296264648438,2048,1536,388,640
HFW12-F7,2016,201603301450,CC,1,/Volumes/Seagate Portable Drive/KYLE_AI_DATABASE/A_CAMERA/Focal_species/Gulo gulo/HFW12-F7/CC/2016/COLOR/Robust marks/03.30-14.50/IMG_1469.JPG,IMG_1469.JPG,HFW12-F7_2016_201603301450_IMG_1469.jpg,0.9144193530082703,717.68505859375,235.60562133789062,385.8148193359375,648.169189453125,2048,1536,385,648
HFW12-F7,2016,201603301450,CC,1,/Volumes/Seagate Portable Drive/KYLE_AI_DATABASE/A_CAMERA/Focal_species/Gulo gulo/HFW12-F7/CC/2016/COLOR/Robust marks/03.30-14.50/IMG_1470.JPG,IMG_1470.JPG,HFW12-F7_2016_201603301450_IMG_1470.jpg,0.9308167695999146,703.5560302734375,235.08624267578125,403.365234375,695.3251953125,2048,1536,403,695
HFW12-F7,2016,201603301450,CC,1,/Volumes/Seagate Portable Drive/KYLE_AI_DATABASE/A_CAMERA/Focal_species/Gulo gulo/HFW12-F7/CC/2016/COLOR/Robust marks/03.30-14.50/IMG_1472.JPG,IMG_1472.JPG,HFW12-F7_2016_201603301450_IMG_1472.jpg,0.9177548885345459,696.614990234375,237.88833618164062,401.4422607421875,764.4805908203125,2048,1536,401,764
HFW12-F7,2016,201603301450,CC,1,/Volumes/Seagate Portable Drive/KYLE_AI_DATABASE/A_CAMERA/Focal_species/Gulo gulo/HFW12-F7/CC/2016/COLOR/Robust marks/03.30-14.50/IMG_1473.JPG,IMG_1473.JPG,HFW12-F7_2016_201603301450_IMG_1473.jpg,0.916877269744873,694.884765625,223.256103515625,349.39697265625,786.0013427734375,2048,1536,349,786
HFW12-F7,2016,201603301450,CC,1,/Volumes/Seagate Portable Drive/KYLE_AI_DATABASE/A_CAMERA/Focal_species/Gulo gulo/HFW12-F7/CC/2016/COLOR/Robust marks/03.30-14.50/IMG_1474.JPG,IMG_1474.JPG,HFW12-F7_2016_201603301450_IMG_1474.jpg,0.9449883699417114,690.538330078125,226.46498107910156,333.765625,765.2490844726562,2048,1536,333,765
HFW12-F7,2016,201603301450,CC,1,/Volumes/Seagate Portable Drive/KYLE_AI_DATABASE/A_CAMERA/Focal_species/Gulo gulo/HFW12-F7/CC/2016/COLOR/Robust marks/03.30-14.50/IMG_1475.JPG,IMG_1475.JPG,HFW12-F7_2016_201603301450_IMG_1475.jpg,0.9207420945167542,695.9356689453125,232.8856201171875,307.5281982421875,780.632568359375,2048,1536,307,780
HFW12-F7,2016,201603301450,CC,1,/Volumes/Seagate Portable Drive/KYLE_AI_DATABASE/A_CAMERA/Focal_species/Gulo gulo/HFW12-F7/CC/2016/COLOR/Robust marks/03.30-14.50/IMG_1476.JPG,IMG_1476.JPG,HFW12-F7_2016_201603301450_IMG_1476.jpg,0.9336936473846436,680.1651000976562,230.43544006347656,341.6329345703125,796.9412841796875,2048,1536,341,796
HFW12-F7,2016,201603301450,CC,1,/Volumes/Seagate Portable Drive/KYLE_AI_DATABASE/A_CAMERA/Focal_species/Gulo gulo/HFW12-F7/CC/2016/COLOR/Robust marks/03.30-14.50/IMG_1477.JPG,IMG_1477.JPG,HFW12-F7_2016_201603301450_IMG_1477.jpg,0.9245615601539612,673.16845703125,240.23744201660156,322.1954345703125,780.7372436523438,2048,1536,322,780
HFW12-F7,2016,201603301450,CC,1,/Volumes/Seagate Portable Drive/KYLE_AI_DATABASE/A_CAMERA/Focal_species/Gulo gulo/HFW12-F7/CC/2016/COLOR/Robust marks/03.30-14.50/IMG_1478.JPG,IMG_1478.JPG,HFW12-F7_2016_201603301450_IMG_1478.jpg,0.9293264746665955,672.9840087890625,243.06866455078125,323.912353515625,782.2112426757812,2048,1536,323,782
HFW12-F7,2016,201603301450,CC,1,/Volumes/Seagate Portable Drive/KYLE_AI_DATABASE/A_CAMERA/Focal_species/Gulo gulo/HFW12-F7/CC/2016/COLOR/Robust marks/03.30-14.50/IMG_1479.JPG,IMG_1479.JPG,HFW12-F7_2016_201603301450_IMG_1479.jpg,0.9046493172645569,678.171875,244.96165466308594,379.410400390625,772.5198974609375,2048,1536,379,772
HFW12-F7,2016,201603301450,CC,1,/Volumes/Seagate Portable Drive/KYLE_AI_DATABASE/A_CAMERA/Focal_species/Gulo gulo/HFW12-F7/CC/2016/COLOR/Robust marks/03.30-14.50/IMG_1480.JPG,IMG_1480.JPG,HFW12-F7_2016_201603301450_IMG_1480.jpg,0.9160059094429016,675.985107421875,277.87469482421875,369.826171875,752.9878540039062,2048,1536,369,752
HFW12-F7,2016,201603301450,CC,1,/Volumes/Seagate Portable Drive/KYLE_AI_DATABASE/A_CAMERA/Focal_species/Gulo gulo/HFW12-F7/CC/2016/COLOR/Robust marks/03.30-14.50/IMG_1481.JPG,IMG_1481.JPG,HFW12-F7_2016_201603301450_IMG_1481.jpg,0.9296607375144958,706.806640625,232.17723083496094,329.0614013671875,781.9862670898438,2048,1536,329,781
HFW12-F7,2016,201603301450,CC,1,/Volumes/Seagate Portable Drive/KYLE_AI_DATABASE/A_CAMERA/Focal_species/Gulo gulo/HFW12-F7/CC/2016/COLOR/Robust marks/03.30-14.50/IMG_1482.JPG,IMG_1482.JPG,HFW12-F7_2016_201603301450_IMG_1482.jpg,0.9149783849716187,703.8385620117188,238.91221618652344,318.424560546875,787.5533447265625,2048,1536,318,787
HFW12-F7,2016,201603301450,CC,1,/Volumes/Seagate Portable Drive/KYLE_AI_DATABASE/A_CAMERA/Focal_species/Gulo gulo/HFW12-F7/CC/2016/COLOR/Robust marks/03.30-14.50/IMG_1483.JPG,IMG_1483.JPG,HFW12-F7_2016_201603301450_IMG_1483.jpg,0.920437216758728,702.964599609375,234.6649932861328,342.1075439453125,784.8761596679688,2048,1536,342,784
HFW12-F7,2016,201603301450,CC,1,/Volumes/Seagate Portable Drive/KYLE_AI_DATABASE/A_CAMERA/Focal_species/Gulo gulo/HFW12-F7/CC/2016/COLOR/Robust marks/03.30-14.50/IMG_1484.JPG,IMG_1484.JPG,HFW12-F7_2016_201603301450_IMG_1484.jpg,0.9030920267105103,710.2522583007812,194.94566345214844,381.14312744140625,794.7349853515625,2048,1536,381,794
HFW12-F7,2016,201603301450,CC,1,/Volumes/Seagate Portable Drive/KYLE_AI_DATABASE/A_CAMERA/Focal_species/Gulo gulo/HFW12-F7/CC/2016/COLOR/Robust marks/03.30-14.50/IMG_1485.JPG,IMG_1485.JPG,HFW12-F7_2016_201603301450_IMG_1485.jpg,0.8888794779777527,715.4674682617188,201.05177307128906,384.79486083984375,768.3909912109375,2048,1536,384,768
HFW12-F7,2016,201603301450,CC,1,/Volumes/Seagate Portable Drive/KYLE_AI_DATABASE/A_CAMERA/Focal_species/Gulo gulo/HFW12-F7/CC/2016/COLOR/Robust marks/03.30-14.50/IMG_1486.JPG,IMG_1486.JPG,HFW12-F7_2016_201603301450_IMG_1486.jpg,0.8957934975624084,709.2683715820312,225.26925659179688,334.94024658203125,742.0810546875,2048,1536,334,742
HFW12-F7,2016,201603301450,CC,1,/Volumes/Seagate Portable Drive/KYLE_AI_DATABASE/A_CAMERA/Focal_species/Gulo gulo/HFW12-F7/CC/2016/COLOR/Robust marks/03.30-14.50/IMG_1487.JPG,IMG_1487.JPG,HFW12-F7_2016_201603301450_IMG_1487.jpg,0.9377104640007019,690.6165771484375,229.69073486328125,314.9732666015625,748.3694458007812,2048,1536,314,748
HFW12-F7,2016,201603301450,CC,1,/Volumes/Seagate Portable Drive/KYLE_AI_DATABASE/A_CAMERA/Focal_species/Gulo gulo/HFW12-F7/CC/2016/COLOR/Robust marks/03.30-14.50/IMG_1488.JPG,IMG_1488.JPG,HFW12-F7_2016_201603301450_IMG_1488.jpg,0.9358616471290588,681.037841796875,182.48204040527344,400.0888671875,782.0492553710938,2048,1536,400,782
HFW12-F7,2016,201603301450,CC,1,/Volumes/Seagate Portable Drive/KYLE_AI_DATABASE/A_CAMERA/Focal_species/Gulo gulo/HFW12-F7/CC/2016/COLOR/Robust marks/03.30-14.50/IMG_1490.JPG,IMG_1490.JPG,HFW12-F7_2016_201603301450_IMG_1490.jpg,0.8895535469055176,726.9351806640625,220.30032348632812,357.0596923828125,793.5576171875,2048,1536,357,793
HFW12-F7,2016,201603301450,CC,1,/Volumes/Seagate Portable Drive/KYLE_AI_DATABASE/A_CAMERA/Focal_species/Gulo gulo/HFW12-F7/CC/2016/COLOR/Robust marks/03.30-14.50/IMG_1491.JPG,IMG_1491.JPG,HFW12-F7_2016_201603301450_IMG_1491.jpg,0.9045286774635315,713.9412841796875,220.85916137695312,345.74755859375,799.0640869140625,2048,1536,345,799
HFW12-F7,2016,201603301450,CC,1,/Volumes/Seagate Portable Drive/KYLE_AI_DATABASE/A_CAMERA/Focal_species/Gulo gulo/HFW12-F7/CC/2016/COLOR/Robust marks/03.30-14.50/IMG_1492.JPG,IMG_1492.JPG,HFW12-F7_2016_201603301450_IMG_1492.jpg,0.9373722672462463,714.7388916015625,221.72689819335938,340.6739501953125,802.8033447265625,2048,1536,340,802
HFW12-F7,2016,201603301450,CC,1,/Volumes/Seagate Portable Drive/KYLE_AI_DATABASE/A_CAMERA/Focal_species/Gulo gulo/HFW12-F7/CC/2016/COLOR/Robust marks/03.30-14.50/IMG_1493.JPG,IMG_1493.JPG,HFW12-F7_2016_201603301450_IMG_1493.jpg,0.8855630159378052,716.321044921875,221.9703369140625,345.5921630859375,797.067626953125,2048,1536,345,797
HFW12-F7,2016,201603301450,CC,1,/Volumes/Seagate Portable Drive/KYLE_AI_DATABASE/A_CAMERA/Focal_species/Gulo gulo/HFW12-F7/CC/2016/COLOR/Robust marks/03.30-14.50/IMG_1494.JPG,IMG_1494.JPG,HFW12-F7_2016_201603301450_IMG_1494.jpg,0.9396181106567383,716.3006591796875,223.32260131835938,361.619140625,722.498779296875,2048,1536,361,722
HFW12-F7,2016,201603301450,CC,1,/Volumes/Seagate Portable Drive/KYLE_AI_DATABASE/A_CAMERA/Focal_species/Gulo gulo/HFW12-F7/CC/2016/COLOR/Robust marks/03.30-14.50/IMG_1495.JPG,IMG_1495.JPG,HFW12-F7_2016_201603301450_IMG_1495.jpg,0.8938630819320679,709.987548828125,225.3844757080078,312.1470947265625,735.2216186523438,2048,1536,312,735
HFW12-F7,2016,201603301450,CC,1,/Volumes/Seagate Portable Drive/KYLE_AI_DATABASE/A_CAMERA/Focal_species/Gulo gulo/HFW12-F7/CC/2016/COLOR/Robust marks/03.30-14.50/IMG_1496.JPG,IMG_1496.JPG,HFW12-F7_2016_201603301450_IMG_1496.jpg,0.8814901113510132,708.9031982421875,222.822021484375,338.15673828125,746.201171875,2048,1536,338,746
HFW12-F7,2016,201603301450,CC,1,/Volumes/Seagate Portable Drive/KYLE_AI_DATABASE/A_CAMERA/Focal_species/Gulo gulo/HFW12-F7/CC/2016/COLOR/Robust marks/03.30-14.50/IMG_1497.JPG,IMG_1497.JPG,HFW12-F7_2016_201603301450_IMG_1497.jpg,0.927428662776947,707.8493041992188,223.2051544189453,344.61480712890625,763.3308715820312,2048,1536,344,763
HFW12-F7,2016,201603301450,CC,1,/Volumes/Seagate Portable Drive/KYLE_AI_DATABASE/A_CAMERA/Focal_species/Gulo gulo/HFW12-F7/CC/2016/COLOR/Robust marks/03.30-14.50/IMG_1498.JPG,IMG_1498.JPG,HFW12-F7_2016_201603301450_IMG_1498.jpg,0.9151270389556885,706.568603515625,222.76516723632812,342.0692138671875,748.232177734375,2048,1536,342,748
HFW12-F7,2016,201603301450,CC,1,/Volumes/Seagate Portable Drive/KYLE_AI_DATABASE/A_CAMERA/Focal_species/Gulo gulo/HFW12-F7/CC/2016/COLOR/Robust marks/03.30-14.50/IMG_1499.JPG,IMG_1499.JPG,HFW12-F7_2016_201603301450_IMG_1499.jpg,0.931684136390686,707.2822875976562,222.039794921875,340.13201904296875,766.745361328125,2048,1536,340,766
HFW12-F7,2016,201603301450,CC,1,/Volumes/Seagate Portable Drive/KYLE_AI_DATABASE/A_CAMERA/Focal_species/Gulo gulo/HFW12-F7/CC/2016/COLOR/Robust marks/03.30-14.50/IMG_1500.JPG,IMG_1500.JPG,HFW12-F7_2016_201603301450_IMG_1500.jpg,0.9269742369651794,709.0462646484375,223.4722137451172,326.8314208984375,662.1250610351562,2048,1536,326,662
HFW12-F7,2016,201603301450,CC,1,/Volumes/Seagate Portable Drive/KYLE_AI_DATABASE/A_CAMERA/Focal_species/Gulo gulo/HFW12-F7/CC/2016/COLOR/Robust marks/03.30-14.50/IMG_1501.JPG,IMG_1501.JPG,HFW12-F7_2016_201603301450_IMG_1501.jpg,0.9121822714805603,708.6416625976562,231.4603729248047,318.00616455078125,749.9127807617188,2048,1536,318,749
HFW12-F7,2016,201603301450,CC,1,/Volumes/Seagate Portable Drive/KYLE_AI_DATABASE/A_CAMERA/Focal_species/Gulo gulo/HFW12-F7/CC/2016/COLOR/Robust marks/03.30-14.50/IMG_1502.JPG,IMG_1502.JPG,HFW12-F7_2016_201603301450_IMG_1502.jpg,0.9122046828269958,711.4107666015625,221.55239868164062,352.6300048828125,735.093505859375,2048,1536,352,735
HFW12-F7,2016,201603301450,CC,1,/Volumes/Seagate Portable Drive/KYLE_AI_DATABASE/A_CAMERA/Focal_species/Gulo gulo/HFW12-F7/CC/2016/COLOR/Robust marks/03.30-14.50/IMG_1503.JPG,IMG_1503.JPG,HFW12-F7_2016_201603301450_IMG_1503.jpg,0.885882556438446,711.1131591796875,222.81179809570312,365.31005859375,662.7178955078125,2048,1536,365,662
HFW12-F7,2016,201603301450,CC,1,/Volumes/Seagate Portable Drive/KYLE_AI_DATABASE/A_CAMERA/Focal_species/Gulo gulo/HFW12-F7/CC/2016/COLOR/Robust marks/03.30-14.50/IMG_1504.JPG,IMG_1504.JPG,HFW12-F7_2016_201603301450_IMG_1504.jpg,0.8987309336662292,714.02197265625,226.0758819580078,337.8016357421875,657.4376831054688,2048,1536,337,657
HFW12-F7,2016,201603301450,CC,1,/Volumes/Seagate Portable Drive/KYLE_AI_DATABASE/A_CAMERA/Focal_species/Gulo gulo/HFW12-F7/CC/2016/COLOR/Robust marks/03.30-14.50/IMG_1505.JPG,IMG_1505.JPG,HFW12-F7_2016_201603301450_IMG_1505.jpg,0.9157692790031433,708.679931640625,227.53424072265625,330.7991943359375,715.6095581054688,2048,1536,330,715
HFW12-F7,2016,201603301450,CC,1,/Volumes/Seagate Portable Drive/KYLE_AI_DATABASE/A_CAMERA/Focal_species/Gulo gulo/HFW12-F7/CC/2016/COLOR/Robust marks/03.30-14.50/IMG_1506.JPG,IMG_1506.JPG,HFW12-F7_2016_201603301450_IMG_1506.jpg,0.9117679595947266,710.0244750976562,228.5906982421875,332.56903076171875,656.7264404296875,2048,1536,332,656
HFW12-F7,2016,201603301450,CC,1,/Volumes/Seagate Portable Drive/KYLE_AI_DATABASE/A_CAMERA/Focal_species/Gulo gulo/HFW12-F7/CC/2016/COLOR/Robust marks/03.30-14.50/IMG_1507.JPG,IMG_1507.JPG,HFW12-F7_2016_201603301450_IMG_1507.jpg,0.8956753015518188,710.3292236328125,226.41957092285156,338.2080078125,733.5504150390625,2048,1536,338,733
HFW12-F7,2016,201603301450,CC,1,/Volumes/Seagate Portable Drive/KYLE_AI_DATABASE/A_CAMERA/Focal_species/Gulo gulo/HFW12-F7/CC/2016/COLOR/Robust marks/03.30-14.50/IMG_1508.JPG,IMG_1508.JPG,HFW12-F7_2016_201603301450_IMG_1508.jpg,0.9166267514228821,709.675048828125,226.5738525390625,341.11328125,658.9622802734375,2048,1536,341,658
HFW12-F7,2016,201603301450,CC,1,/Volumes/Seagate Portable Drive/KYLE_AI_DATABASE/A_CAMERA/Focal_species/Gulo gulo/HFW12-F7/CC/2016/COLOR/Robust marks/03.30-14.50/IMG_1509.JPG,IMG_1509.JPG,HFW12-F7_2016_201603301450_IMG_1509.jpg,0.8644841909408569,708.9042358398438,225.56314086914062,348.75079345703125,734.11376953125,2048,1536,348,734
HFW12-F7,2016,201603301450,CC,1,/Volumes/Seagate Portable Drive/KYLE_AI_DATABASE/A_CAMERA/Focal_species/Gulo gulo/HFW12-F7/CC/2016/COLOR/Robust marks/03.30-14.50/IMG_1510.JPG,IMG_1510.JPG,HFW12-F7_2016_201603301450_IMG_1510.jpg,0.8760198950767517,707.3217163085938,224.3773956298828,348.86480712890625,676.0525512695312,2048,1536,348,676
HFW12-F7,2016,201603301450,CC,1,/Volumes/Seagate Portable Drive/KYLE_AI_DATABASE/A_CAMERA/Focal_species/Gulo gulo/HFW12-F7/CC/2016/COLOR/Robust marks/03.30-14.50/IMG_1511.JPG,IMG_1511.JPG,HFW12-F7_2016_201603301450_IMG_1511.jpg,0.9013273119926453,711.5952758789062,223.62600708007812,328.94989013671875,723.4359130859375,2048,1536,328,723
HFW12-F7,2016,201603301450,CC,1,/Volumes/Seagate Portable Drive/KYLE_AI_DATABASE/A_CAMERA/Focal_species/Gulo gulo/HFW12-F7/CC/2016/COLOR/Robust marks/03.30-14.50/IMG_1512.JPG,IMG_1512.JPG,HFW12-F7_2016_201603301450_IMG_1512.jpg,0.9311195611953735,709.5379638671875,223.11648559570312,328.571533203125,748.246826171875,2048,1536,328,748
HFW12-F7,2016,201603301450,CC,1,/Volumes/Seagate Portable Drive/KYLE_AI_DATABASE/A_CAMERA/Focal_species/Gulo gulo/HFW12-F7/CC/2016/COLOR/Robust marks/03.30-14.50/IMG_1513.JPG,IMG_1513.JPG,HFW12-F7_2016_201603301450_IMG_1513.jpg,0.9345205426216125,708.6387939453125,226.612060546875,333.357666015625,761.1767578125,2048,1536,333,761
HFW12-F7,2016,201603301450,CC,1,/Volumes/Seagate Portable Drive/KYLE_AI_DATABASE/A_CAMERA/Focal_species/Gulo gulo/HFW12-F7/CC/2016/COLOR/Robust marks/03.30-14.50/IMG_1514.JPG,IMG_1514.JPG,HFW12-F7_2016_201603301450_IMG_1514.jpg,0.9376494884490967,705.685791015625,226.53749084472656,343.3565673828125,795.162841796875,2048,1536,343,795
HFW12-F7,2016,201603301450,CC,1,/Volumes/Seagate Portable Drive/KYLE_AI_DATABASE/A_CAMERA/Focal_species/Gulo gulo/HFW12-F7/CC/2016/COLOR/Robust marks/03.30-14.50/IMG_1515.JPG,IMG_1515.JPG,HFW12-F7_2016_201603301450_IMG_1515.jpg,0.9264563322067261,702.2615356445312,225.45040893554688,334.28338623046875,740.1689453125,2048,1536,334,740
HFW12-F7,2016,201603301450,CC,1,/Volumes/Seagate Portable Drive/KYLE_AI_DATABASE/A_CAMERA/Focal_species/Gulo gulo/HFW12-F7/CC/2016/COLOR/Robust marks/03.30-14.50/IMG_1516.JPG,IMG_1516.JPG,HFW12-F7_2016_201603301450_IMG_1516.jpg,0.9089983105659485,702.8358154296875,227.9552764892578,334.3590087890625,659.5309448242188,2048,1536,334,659
HFW12-F7,2016,201603301450,CC,1,/Volumes/Seagate Portable Drive/KYLE_AI_DATABASE/A_CAMERA/Focal_species/Gulo gulo/HFW12-F7/CC/2016/COLOR/Robust marks/03.30-14.50/IMG_1517.JPG,IMG_1517.JPG,HFW12-F7_2016_201603301450_IMG_1517.jpg,0.9460868835449219,705.6224365234375,437.55108642578125,527.474609375,602.2589721679688,2048,1536,527,602
HFW12-F7,2016,201603301450,CC,1,/Volumes/Seagate Portable Drive/KYLE_AI_DATABASE/A_CAMERA/Focal_species/Gulo gulo/HFW12-F7/CC/2016/COLOR/Robust marks/03.30-14.50/IMG_1518.JPG,IMG_1518.JPG,HFW12-F7_2016_201603301450_IMG_1518.jpg,0.9612381458282471,1303.7003173828125,749.892333984375,481.61279296875,577.3795166015625,2048,1536,481,577
HFW12-F7,2016,201603301450,CC,1,/Volumes/Seagate Portable Drive/KYLE_AI_DATABASE/A_CAMERA/Focal_species/Gulo gulo/HFW12-F7/CC/2016/COLOR/Robust marks/03.30-14.50/IMG_1521.JPG,IMG_1521.JPG,HFW12-F7_2016_201603301450_IMG_1521.jpg,0.9597092270851135,1269.6044921875,812.016845703125,454.610107421875,385.30712890625,2048,1536,454,385
HFW12-F7,2016,201603301450,CC,1,/Volumes/Seagate Portable Drive/KYLE_AI_DATABASE/A_CAMERA/Focal_species/Gulo gulo/HFW12-F7/CC/2016/COLOR/Robust marks/03.30-14.50/IMG_1522.JPG,IMG_1522.JPG,HFW12-F7_2016_201603301450_IMG_1522.jpg,0.896090030670166,881.0281982421875,620.3989868164062,354.714599609375,391.586669921875,2048,1536,354,391
HFW12-F7,2016,201603301450,CC,1,/Volumes/Seagate Portable Drive/KYLE_AI_DATABASE/A_CAMERA/Focal_species/Gulo gulo/HFW12-F7/CC/2016/COLOR/Robust marks/03.30-14.50/IMG_1523.JPG,IMG_1523.JPG,HFW12-F7_2016_201603301450_IMG_1523.jpg,0.871547281742096,883.0966796875,604.1954345703125,356.540283203125,470.057373046875,2048,1536,356,470
HFW12-F7,2016,201603301450,CC,1,/Volumes/Seagate Portable Drive/KYLE_AI_DATABASE/A_CAMERA/Focal_species/Gulo gulo/HFW12-F7/CC/2016/COLOR/Robust marks/03.30-14.50/IMG_1524.JPG,IMG_1524.JPG,HFW12-F7_2016_201603301450_IMG_1524.jpg,0.8807227611541748,885.9483642578125,605.1329345703125,352.879638671875,468.90185546875,2048,1536,352,468
HFW12-F7,2016,201603301450,CC,1,/Volumes/Seagate Portable Drive/KYLE_AI_DATABASE/A_CAMERA/Focal_species/Gulo gulo/HFW12-F7/CC/2016/COLOR/Robust marks/03.30-14.50/IMG_1525.JPG,IMG_1525.JPG,HFW12-F7_2016_201603301450_IMG_1525.jpg,0.9307147860527039,885.7088623046875,566.1678466796875,353.58984375,506.30078125,2048,1536,353,506
HFW12-F7,2016,201603301450,CC,1,/Volumes/Seagate Portable Drive/KYLE_AI_DATABASE/A_CAMERA/Focal_species/Gulo gulo/HFW12-F7/CC/2016/COLOR/Robust marks/03.30-14.50/IMG_1526.JPG,IMG_1526.JPG,HFW12-F7_2016_201603301450_IMG_1526.jpg,0.9468609690666199,871.5352172851562,274.7210693359375,363.23455810546875,695.7271118164062,2048,1536,363,695
HFW12-F7,2016,201603301450,CC,1,/Volumes/Seagate Portable Drive/KYLE_AI_DATABASE/A_CAMERA/Focal_species/Gulo gulo/HFW12-F7/CC/2016/COLOR/Robust marks/03.30-14.50/IMG_1527.JPG,IMG_1527.JPG,HFW12-F7_2016_201603301450_IMG_1527.jpg,0.8817793130874634,865.3897705078125,208.10975646972656,369.334228515625,733.8485107421875,2048,1536,369,733
HFW12-F7,2016,201603301450,CC,1,/Volumes/Seagate Portable Drive/KYLE_AI_DATABASE/A_CAMERA/Focal_species/Gulo gulo/HFW12-F7/CC/2016/COLOR/Robust marks/03.30-14.50/IMG_1528.JPG,IMG_1528.JPG,HFW12-F7_2016_201603301450_IMG_1528.jpg,0.9170238971710205,865.222412109375,225.46148681640625,360.97265625,748.3776245117188,2048,1536,360,748
HFW12-F7,2016,201603301450,CC,1,/Volumes/Seagate Portable Drive/KYLE_AI_DATABASE/A_CAMERA/Focal_species/Gulo gulo/HFW12-F7/CC/2016/COLOR/Robust marks/03.30-14.50/IMG_1529.JPG,IMG_1529.JPG,HFW12-F7_2016_201603301450_IMG_1529.jpg,0.9251450300216675,856.099609375,218.75759887695312,359.9482421875,756.1070556640625,2048,1536,359,756
HFW12-F7,2016,201603301450,CC,1,/Volumes/Seagate Portable Drive/KYLE_AI_DATABASE/A_CAMERA/Focal_species/Gulo gulo/HFW12-F7/CC/2016/COLOR/Robust marks/03.30-14.50/IMG_1530.JPG,IMG_1530.JPG,HFW12-F7_2016_201603301450_IMG_1530.jpg,0.9001736044883728,865.1265258789062,210.31405639648438,348.76531982421875,757.6885986328125,2048,1536,348,757
HFW12-F7,2016,201603301450,CC,1,/Volumes/Seagate Portable Drive/KYLE_AI_DATABASE/A_CAMERA/Focal_species/Gulo gulo/HFW12-F7/CC/2016/COLOR/Robust marks/03.30-14.50/IMG_1531.JPG,IMG_1531.JPG,HFW12-F7_2016_201603301450_IMG_1531.jpg,0.8878180980682373,866.16455078125,219.77679443359375,347.88134765625,731.2259521484375,2048,1536,347,731
HFW12-F7,2016,201603301450,CC,1,/Volumes/Seagate Portable Drive/KYLE_AI_DATABASE/A_CAMERA/Focal_species/Gulo gulo/HFW12-F7/CC/2016/COLOR/Robust marks/03.30-14.50/IMG_1532.JPG,IMG_1532.JPG,HFW12-F7_2016_201603301450_IMG_1532.jpg,0.8911451101303101,865.3721923828125,218.03187561035156,348.70458984375,752.7492065429688,2048,1536,348,752
HFW12-F7,2016,201603301450,CC,1,/Volumes/Seagate Portable Drive/KYLE_AI_DATABASE/A_CAMERA/Focal_species/Gulo gulo/HFW12-F7/CC/2016/COLOR/Robust marks/03.30-14.50/IMG_1533.JPG,IMG_1533.JPG,HFW12-F7_2016_201603301450_IMG_1533.jpg,0.9166247844696045,857.843505859375,214.62359619140625,358.35302734375,790.3270874023438,2048,1536,358,790
HFW12-F7,2016,201603301450,CC,1,/Volumes/Seagate Portable Drive/KYLE_AI_DATABASE/A_CAMERA/Focal_species/Gulo gulo/HFW12-F7/CC/2016/COLOR/Robust marks/03.30-14.50/IMG_1534.JPG,IMG_1534.JPG,HFW12-F7_2016_201603301450_IMG_1534.jpg,0.9191686511039734,859.0841674804688,214.3427734375,356.02203369140625,753.2064819335938,2048,1536,356,753
HFW12-F7,2016,201603301450,CC,1,/Volumes/Seagate Portable Drive/KYLE_AI_DATABASE/A_CAMERA/Focal_species/Gulo gulo/HFW12-F7/CC/2016/COLOR/Robust marks/03.30-14.50/IMG_1535.JPG,IMG_1535.JPG,HFW12-F7_2016_201603301450_IMG_1535.jpg,0.9122086763381958,855.97705078125,215.48159790039062,357.439208984375,754.1920166015625,2048,1536,357,754
HFW12-F7,2016,201603301450,CC,1,/Volumes/Seagate Portable Drive/KYLE_AI_DATABASE/A_CAMERA/Focal_species/Gulo gulo/HFW12-F7/CC/2016/COLOR/Robust marks/03.30-14.50/IMG_1536.JPG,IMG_1536.JPG,HFW12-F7_2016_201603301450_IMG_1536.jpg,0.9197508692741394,860.8544921875,220.9936981201172,355.019775390625,751.7625122070312,2048,1536,355,751
HFW12-F7,2016,201603301450,CC,1,/Volumes/Seagate Portable Drive/KYLE_AI_DATABASE/A_CAMERA/Focal_species/Gulo gulo/HFW12-F7/CC/2016/COLOR/Robust marks/03.30-14.50/IMG_1537.JPG,IMG_1537.JPG,HFW12-F7_2016_201603301450_IMG_1537.jpg,0.9299823045730591,844.165283203125,232.9185791015625,370.434814453125,775.8314208984375,2048,1536,370,775
HFW12-F7,2016,201603301450,CC,1,/Volumes/Seagate Portable Drive/KYLE_AI_DATABASE/A_CAMERA/Focal_species/Gulo gulo/HFW12-F7/CC/2016/COLOR/Robust marks/03.30-14.50/IMG_1538.JPG,IMG_1538.JPG,HFW12-F7_2016_201603301450_IMG_1538.jpg,0.9227001070976257,849.3047485351562,233.3536376953125,363.97528076171875,774.8486328125,2048,1536,363,774
HFW12-F7,2016,201603301450,CC,1,/Volumes/Seagate Portable Drive/KYLE_AI_DATABASE/A_CAMERA/Focal_species/Gulo gulo/HFW12-F7/CC/2016/COLOR/Robust marks/03.30-14.50/IMG_1539.JPG,IMG_1539.JPG,HFW12-F7_2016_201603301450_IMG_1539.jpg,0.9232266545295715,864.1741943359375,218.9556884765625,348.984375,753.2305908203125,2048,1536,348,753
HFW12-F7,2016,201603301450,CC,1,/Volumes/Seagate Portable Drive/KYLE_AI_DATABASE/A_CAMERA/Focal_species/Gulo gulo/HFW12-F7/CC/2016/COLOR/Robust marks/03.30-14.50/IMG_1540.JPG,IMG_1540.JPG,HFW12-F7_2016_201603301450_IMG_1540.jpg,0.9052848219871521,857.7933349609375,215.8525390625,356.60400390625,762.294677734375,2048,1536,356,762
HFW12-F7,2016,201603301450,CC,1,/Volumes/Seagate Portable Drive/KYLE_AI_DATABASE/A_CAMERA/Focal_species/Gulo gulo/HFW12-F7/CC/2016/COLOR/Robust marks/03.30-14.50/IMG_1541.JPG,IMG_1541.JPG,HFW12-F7_2016_201603301450_IMG_1541.jpg,0.8918226957321167,869.3472290039062,220.096923828125,341.21112060546875,688.89794921875,2048,1536,341,688
HFW12-F7,2016,201603301450,CC,1,/Volumes/Seagate Portable Drive/KYLE_AI_DATABASE/A_CAMERA/Focal_species/Gulo gulo/HFW12-F7/CC/2016/COLOR/Robust marks/03.30-14.50/IMG_1542.JPG,IMG_1542.JPG,HFW12-F7_2016_201603301450_IMG_1542.jpg,0.902462363243103,869.3648071289062,139.1905975341797,340.14007568359375,790.4578247070312,2048,1536,340,790
HFW12-F7,2016,201603301450,CC,1,/Volumes/Seagate Portable Drive/KYLE_AI_DATABASE/A_CAMERA/Focal_species/Gulo gulo/HFW12-F7/CC/2016/COLOR/Robust marks/03.30-14.50/IMG_1543.JPG,IMG_1543.JPG,HFW12-F7_2016_201603301450_IMG_1543.jpg,0.9048814177513123,870.7020263671875,139.67239379882812,339.7734375,792.338134765625,2048,1536,339,792
HFW12-F7,2016,201603301450,CC,1,/Volumes/Seagate Portable Drive/KYLE_AI_DATABASE/A_CAMERA/Focal_species/Gulo gulo/HFW12-F7/CC/2016/COLOR/Robust marks/03.30-14.50/IMG_1544.JPG,IMG_1544.JPG,HFW12-F7_2016_201603301450_IMG_1544.jpg,0.8546292185783386,869.01708984375,191.19552612304688,339.139404296875,738.814208984375,2048,1536,339,738
HFW12-F7,2016,201603301450,CC,1,/Volumes/Seagate Portable Drive/KYLE_AI_DATABASE/A_CAMERA/Focal_species/Gulo gulo/HFW12-F7/CC/2016/COLOR/Robust marks/03.30-14.50/IMG_1545.JPG,IMG_1545.JPG,HFW12-F7_2016_201603301450_IMG_1545.jpg,0.8814231157302856,869.7945556640625,186.69232177734375,341.230712890625,717.4956665039062,2048,1536,341,717
HFW12-F7,2016,201603301450,CC,1,/Volumes/Seagate Portable Drive/KYLE_AI_DATABASE/A_CAMERA/Focal_species/Gulo gulo/HFW12-F7/CC/2016/COLOR/Robust marks/03.30-14.50/IMG_1546.JPG,IMG_1546.JPG,HFW12-F7_2016_201603301450_IMG_1546.jpg,0.8759527802467346,868.086669921875,210.97216796875,343.802490234375,691.8133544921875,2048,1536,343,691
HFW12-F7,2016,201603301450,CC,1,/Volumes/Seagate Portable Drive/KYLE_AI_DATABASE/A_CAMERA/Focal_species/Gulo gulo/HFW12-F7/CC/2016/COLOR/Robust marks/03.30-14.50/IMG_1547.JPG,IMG_1547.JPG,HFW12-F7_2016_201603301450_IMG_1547.jpg,0.8796966075897217,864.2216186523438,157.52737426757812,346.71954345703125,746.52783203125,2048,1536,346,746
HFW12-F7,2016,201603301450,CC,1,/Volumes/Seagate Portable Drive/KYLE_AI_DATABASE/A_CAMERA/Focal_species/Gulo gulo/HFW12-F7/CC/2016/COLOR/Robust marks/03.30-14.50/IMG_1548.JPG,IMG_1548.JPG,HFW12-F7_2016_201603301450_IMG_1548.jpg,0.8826998472213745,869.29345703125,206.99363708496094,340.574951171875,698.8102416992188,2048,1536,340,698
HFW12-F7,2016,201603301450,CC,1,/Volumes/Seagate Portable Drive/KYLE_AI_DATABASE/A_CAMERA/Focal_species/Gulo gulo/HFW12-F7/CC/2016/COLOR/Robust marks/03.30-14.50/IMG_1549.JPG,IMG_1549.JPG,HFW12-F7_2016_201603301450_IMG_1549.jpg,0.891527533531189,869.3731689453125,214.30999755859375,340.092529296875,697.3344116210938,2048,1536,340,697
HFW12-F7,2016,201603301450,CC,1,/Volumes/Seagate Portable Drive/KYLE_AI_DATABASE/A_CAMERA/Focal_species/Gulo gulo/HFW12-F7/CC/2016/COLOR/Robust marks/03.30-14.50/IMG_1550.JPG,IMG_1550.JPG,HFW12-F7_2016_201603301450_IMG_1550.jpg,0.8758152723312378,871.9896850585938,209.24200439453125,338.70794677734375,715.1821899414062,2048,1536,338,715
HFW12-F7,2016,201603301450,CC,1,/Volumes/Seagate Portable Drive/KYLE_AI_DATABASE/A_CAMERA/Focal_species/Gulo gulo/HFW12-F7/CC/2016/COLOR/Robust marks/03.30-14.50/IMG_1551.JPG,IMG_1551.JPG,HFW12-F7_2016_201603301450_IMG_1551.jpg,0.9212745428085327,862.656982421875,219.10031127929688,359.281494140625,698.432373046875,2048,1536,359,698
HFW12-F7,2016,201603301450,CC,1,/Volumes/Seagate Portable Drive/KYLE_AI_DATABASE/A_CAMERA/Focal_species/Gulo gulo/HFW12-F7/CC/2016/COLOR/Robust marks/03.30-14.50/IMG_1552.JPG,IMG_1552.JPG,HFW12-F7_2016_201603301450_IMG_1552.jpg,0.8999341130256653,863.4798583984375,191.441162109375,348.254638671875,738.9695434570312,2048,1536,348,738
HFW12-F7,2016,201603301450,CC,1,/Volumes/Seagate Portable Drive/KYLE_AI_DATABASE/A_CAMERA/Focal_species/Gulo gulo/HFW12-F7/CC/2016/COLOR/Robust marks/03.30-14.50/IMG_1553.JPG,IMG_1553.JPG,HFW12-F7_2016_201603301450_IMG_1553.jpg,0.9153757691383362,860.136474609375,219.16415405273438,349.5341796875,708.22900390625,2048,1536,349,708
HFW12-F7,2016,201603301450,CC,1,/Volumes/Seagate Portable Drive/KYLE_AI_DATABASE/A_CAMERA/Focal_species/Gulo gulo/HFW12-F7/CC/2016/COLOR/Robust marks/03.30-14.50/IMG_1554.JPG,IMG_1554.JPG,HFW12-F7_2016_201603301450_IMG_1554.jpg,0.9036208391189575,864.7593383789062,210.05755615234375,344.37725830078125,738.9999389648438,2048,1536,344,738
HFW12-F7,2016,201603301450,CC,1,/Volumes/Seagate Portable Drive/KYLE_AI_DATABASE/A_CAMERA/Focal_species/Gulo gulo/HFW12-F7/CC/2016/COLOR/Robust marks/03.30-14.50/IMG_1555.JPG,IMG_1555.JPG,HFW12-F7_2016_201603301450_IMG_1555.jpg,0.920908510684967,863.2839965820312,219.61358642578125,342.73211669921875,716.7100219726562,2048,1536,342,716
HFW12-F7,2016,201603301450,CC,1,/Volumes/Seagate Portable Drive/KYLE_AI_DATABASE/A_CAMERA/Focal_species/Gulo gulo/HFW12-F7/CC/2016/COLOR/Robust marks/03.30-14.50/IMG_1556.JPG,IMG_1556.JPG,HFW12-F7_2016_201603301450_IMG_1556.jpg,0.9206804037094116,863.1959228515625,218.08938598632812,344.77001953125,724.983642578125,2048,1536,344,724
HFW12-F7,2016,201603301450,CC,1,/Volumes/Seagate Portable Drive/KYLE_AI_DATABASE/A_CAMERA/Focal_species/Gulo gulo/HFW12-F7/CC/2016/COLOR/Robust marks/03.30-14.50/IMG_1557.JPG,IMG_1557.JPG,HFW12-F7_2016_201603301450_IMG_1557.jpg,0.9176353216171265,859.4610595703125,216.99331665039062,344.22119140625,720.177978515625,2048,1536,344,720
HFW12-F7,2016,201603301450,CC,1,/Volumes/Seagate Portable Drive/KYLE_AI_DATABASE/A_CAMERA/Focal_species/Gulo gulo/HFW12-F7/CC/2016/COLOR/Robust marks/03.30-14.50/IMG_1558.JPG,IMG_1558.JPG,HFW12-F7_2016_201603301450_IMG_1558.jpg,0.9215443134307861,867.0488891601562,210.48912048339844,344.10833740234375,791.2993774414062,2048,1536,344,791
HFW12-F7,2016,201603301450,CC,1,/Volumes/Seagate Portable Drive/KYLE_AI_DATABASE/A_CAMERA/Focal_species/Gulo gulo/HFW12-F7/CC/2016/COLOR/Robust marks/03.30-14.50/IMG_1559.JPG,IMG_1559.JPG,HFW12-F7_2016_201603301450_IMG_1559.jpg,0.8900623321533203,858.0377807617188,203.85191345214844,363.27227783203125,781.1485595703125,2048,1536,363,781
HFW12-F7,2016,201603301450,CC,1,/Volumes/Seagate Portable Drive/KYLE_AI_DATABASE/A_CAMERA/Focal_species/Gulo gulo/HFW12-F7/CC/2016/COLOR/Robust marks/03.30-14.50/IMG_1560.JPG,IMG_1560.JPG,HFW12-F7_2016_201603301450_IMG_1560.jpg,0.9300345182418823,840.1843872070312,221.3968505859375,377.98114013671875,784.3320922851562,2048,1536,377,784
HFW12-F7,2016,201603301450,CC,1,/Volumes/Seagate Portable Drive/KYLE_AI_DATABASE/A_CAMERA/Focal_species/Gulo gulo/HFW12-F7/CC/2016/COLOR/Robust marks/03.30-14.50/IMG_1561.JPG,IMG_1561.JPG,HFW12-F7_2016_201603301450_IMG_1561.jpg,0.9138867855072021,845.0316162109375,189.929443359375,370.50341796875,792.0516357421875,2048,1536,370,792
HFW12-F7,2016,201603301450,CC,1,/Volumes/Seagate Portable Drive/KYLE_AI_DATABASE/A_CAMERA/Focal_species/Gulo gulo/HFW12-F7/CC/2016/COLOR/Robust marks/03.30-14.50/IMG_1562.JPG,IMG_1562.JPG,HFW12-F7_2016_201603301450_IMG_1562.jpg,0.9225049614906311,856.09716796875,219.52963256835938,360.65673828125,775.7713623046875,2048,1536,360,775
HFW12-F7,2016,201603301450,CC,1,/Volumes/Seagate Portable Drive/KYLE_AI_DATABASE/A_CAMERA/Focal_species/Gulo gulo/HFW12-F7/CC/2016/COLOR/Robust marks/03.30-14.50/IMG_1563.JPG,IMG_1563.JPG,HFW12-F7_2016_201603301450_IMG_1563.jpg,0.9193974137306213,850.6726684570312,219.53536987304688,364.49273681640625,763.8055419921875,2048,1536,364,763
HFW12-F7,2016,201603301450,CC,1,/Volumes/Seagate Portable Drive/KYLE_AI_DATABASE/A_CAMERA/Focal_species/Gulo gulo/HFW12-F7/CC/2016/COLOR/Robust marks/03.30-14.50/IMG_1564.JPG,IMG_1564.JPG,HFW12-F7_2016_201603301450_IMG_1564.jpg,0.9265288710594177,841.4965209960938,217.90261840820312,372.92144775390625,753.9359130859375,2048,1536,372,753
HFW12-F7,2016,201603301450,CC,1,/Volumes/Seagate Portable Drive/KYLE_AI_DATABASE/A_CAMERA/Focal_species/Gulo gulo/HFW12-F7/CC/2016/COLOR/Robust marks/03.30-14.50/IMG_1565.JPG,IMG_1565.JPG,HFW12-F7_2016_201603301450_IMG_1565.jpg,0.891242504119873,835.1099853515625,197.5235595703125,384.817138671875,809.0289306640625,2048,1536,384,809
HFW12-F7,2016,201603301450,CC,1,/Volumes/Seagate Portable Drive/KYLE_AI_DATABASE/A_CAMERA/Focal_species/Gulo gulo/HFW12-F7/CC/2016/COLOR/Robust marks/03.30-14.50/IMG_1566.JPG,IMG_1566.JPG,HFW12-F7_2016_201603301450_IMG_1566.jpg,0.9300602674484253,833.6949462890625,217.6417236328125,382.766357421875,786.59130859375,2048,1536,382,786
HFW12-F7,2016,201603301450,CC,1,/Volumes/Seagate Portable Drive/KYLE_AI_DATABASE/A_CAMERA/Focal_species/Gulo gulo/HFW12-F7/CC/2016/COLOR/Robust marks/03.30-14.50/IMG_1567.JPG,IMG_1567.JPG,HFW12-F7_2016_201603301450_IMG_1567.jpg,0.9204353094100952,835.0280151367188,211.71693420410156,380.79754638671875,793.3134765625,2048,1536,380,793
HFW12-F7,2016,201603301450,CC,1,/Volumes/Seagate Portable Drive/KYLE_AI_DATABASE/A_CAMERA/Focal_species/Gulo gulo/HFW12-F7/CC/2016/COLOR/Robust marks/03.30-14.50/IMG_1568.JPG,IMG_1568.JPG,HFW12-F7_2016_201603301450_IMG_1568.jpg,0.9244508743286133,834.884521484375,218.5301055908203,375.98095703125,784.3065185546875,2048,1536,375,784
HFW12-F7,2016,201603301450,CC,1,/Volumes/Seagate Portable Drive/KYLE_AI_DATABASE/A_CAMERA/Focal_species/Gulo gulo/HFW12-F7/CC/2016/COLOR/Robust marks/03.30-14.50/IMG_1569.JPG,IMG_1569.JPG,HFW12-F7_2016_201603301450_IMG_1569.jpg,0.9259808659553528,838.052734375,173.27114868164062,364.36181640625,829.54736328125,2048,1536,364,829
HFW12-F7,2016,201603301450,CC,1,/Volumes/Seagate Portable Drive/KYLE_AI_DATABASE/A_CAMERA/Focal_species/Gulo gulo/HFW12-F7/CC/2016/COLOR/Robust marks/03.30-14.50/IMG_1570.JPG,IMG_1570.JPG,HFW12-F7_2016_201603301450_IMG_1570.jpg,0.928960919380188,852.51171875,220.91770935058594,357.43603515625,784.6453247070312,2048,1536,357,784
HFW12-F7,2016,201603301450,CC,1,/Volumes/Seagate Portable Drive/KYLE_AI_DATABASE/A_CAMERA/Focal_species/Gulo gulo/HFW12-F7/CC/2016/COLOR/Robust marks/03.30-14.50/IMG_1571.JPG,IMG_1571.JPG,HFW12-F7_2016_201603301450_IMG_1571.jpg,0.9261823892593384,861.306884765625,218.20037841796875,340.339111328125,755.4179077148438,2048,1536,340,755
HFW12-F7,2016,201603301450,CC,1,/Volumes/Seagate Portable Drive/KYLE_AI_DATABASE/A_CAMERA/Focal_species/Gulo gulo/HFW12-F7/CC/2016/COLOR/Robust marks/03.30-14.50/IMG_1572.JPG,IMG_1572.JPG,HFW12-F7_2016_201603301450_IMG_1572.jpg,0.9273870587348938,862.3665161132812,218.2508544921875,339.34588623046875,752.5679931640625,2048,1536,339,752
HFW12-F7,2016,201603301450,CC,1,/Volumes/Seagate Portable Drive/KYLE_AI_DATABASE/A_CAMERA/Focal_species/Gulo gulo/HFW12-F7/CC/2016/COLOR/Robust marks/03.30-14.50/IMG_1573.JPG,IMG_1573.JPG,HFW12-F7_2016_201603301450_IMG_1573.jpg,0.9251341819763184,860.8153686523438,222.98086547851562,342.10504150390625,752.0718994140625,2048,1536,342,752
HFW12-F7,2016,201603301450,CC,1,/Volumes/Seagate Portable Drive/KYLE_AI_DATABASE/A_CAMERA/Focal_species/Gulo gulo/HFW12-F7/CC/2016/COLOR/Robust marks/03.30-14.50/IMG_1574.JPG,IMG_1574.JPG,HFW12-F7_2016_201603301450_IMG_1574.jpg,0.9287843108177185,861.2211303710938,222.85098266601562,340.46209716796875,750.2786865234375,2048,1536,340,750
HFW12-F7,2016,201603301450,CC,1,/Volumes/Seagate Portable Drive/KYLE_AI_DATABASE/A_CAMERA/Focal_species/Gulo gulo/HFW12-F7/CC/2016/COLOR/Robust marks/03.30-14.50/IMG_1575.JPG,IMG_1575.JPG,HFW12-F7_2016_201603301450_IMG_1575.jpg,0.9312700629234314,862.477294921875,219.94183349609375,337.576904296875,753.4441528320312,2048,1536,337,753
HFW12-F7,2016,201603301450,CC,1,/Volumes/Seagate Portable Drive/KYLE_AI_DATABASE/A_CAMERA/Focal_species/Gulo gulo/HFW12-F7/CC/2016/COLOR/Robust marks/03.30-14.50/IMG_1576.JPG,IMG_1576.JPG,HFW12-F7_2016_201603301450_IMG_1576.jpg,0.9285019040107727,862.904052734375,223.1961669921875,339.18994140625,748.6436767578125,2048,1536,339,748
HFW12-F7,2016,201603301450,CC,1,/Volumes/Seagate Portable Drive/KYLE_AI_DATABASE/A_CAMERA/Focal_species/Gulo gulo/HFW12-F7/CC/2016/COLOR/Robust marks/03.30-14.50/IMG_1577.JPG,IMG_1577.JPG,HFW12-F7_2016_201603301450_IMG_1577.jpg,0.916130542755127,867.2026977539062,215.82980346679688,340.26190185546875,756.495361328125,2048,1536,340,756
HFW12-F7,2016,201603301450,CC,1,/Volumes/Seagate Portable Drive/KYLE_AI_DATABASE/A_CAMERA/Focal_species/Gulo gulo/HFW12-F7/CC/2016/COLOR/Robust marks/03.30-14.50/IMG_1578.JPG,IMG_1578.JPG,HFW12-F7_2016_201603301450_IMG_1578.jpg,0.9102108478546143,867.533203125,221.9623260498047,336.31494140625,748.81982421875,2048,1536,336,748
HFW12-F7,2016,201603301450,CC,1,/Volumes/Seagate Portable Drive/KYLE_AI_DATABASE/A_CAMERA/Focal_species/Gulo gulo/HFW12-F7/CC/2016/COLOR/Robust marks/03.30-14.50/IMG_1579.JPG,IMG_1579.JPG,HFW12-F7_2016_201603301450_IMG_1579.jpg,0.9000768065452576,863.1766357421875,222.72366333007812,338.19775390625,709.07763671875,2048,1536,338,709
HFW12-F7,2016,201603301450,CC,1,/Volumes/Seagate Portable Drive/KYLE_AI_DATABASE/A_CAMERA/Focal_species/Gulo gulo/HFW12-F7/CC/2016/COLOR/Robust marks/03.30-14.50/IMG_1580.JPG,IMG_1580.JPG,HFW12-F7_2016_201603301450_IMG_1580.jpg,0.9098827838897705,865.6282348632812,188.33995056152344,335.66546630859375,783.5833129882812,2048,1536,335,783
HFW12-F7,2016,201603301450,CC,1,/Volumes/Seagate Portable Drive/KYLE_AI_DATABASE/A_CAMERA/Focal_species/Gulo gulo/HFW12-F7/CC/2016/COLOR/Robust marks/03.30-14.50/IMG_1581.JPG,IMG_1581.JPG,HFW12-F7_2016_201603301450_IMG_1581.jpg,0.9171410799026489,850.291748046875,115.52728271484375,355.595458984375,794.9129028320312,2048,1536,355,794
HFW12-F7,2016,201603301450,CC,1,/Volumes/Seagate Portable Drive/KYLE_AI_DATABASE/A_CAMERA/Focal_species/Gulo gulo/HFW12-F7/CC/2016/COLOR/Robust marks/03.30-14.50/IMG_1582.JPG,IMG_1582.JPG,HFW12-F7_2016_201603301450_IMG_1582.jpg,0.8980236053466797,853.368408203125,134.99400329589844,346.3623046875,840.1130981445312,2048,1536,346,840
HFW12-F7,2016,201603301450,CC,1,/Volumes/Seagate Portable Drive/KYLE_AI_DATABASE/A_CAMERA/Focal_species/Gulo gulo/HFW12-F7/CC/2016/COLOR/Robust marks/03.30-14.50/IMG_1583.JPG,IMG_1583.JPG,HFW12-F7_2016_201603301450_IMG_1583.jpg,0.9222214221954346,861.20556640625,133.3494873046875,342.013427734375,775.910888671875,2048,1536,342,775
HFW12-F7,2016,201603301450,CC,1,/Volumes/Seagate Portable Drive/KYLE_AI_DATABASE/A_CAMERA/Focal_species/Gulo gulo/HFW12-F7/CC/2016/COLOR/Robust marks/03.30-14.50/IMG_1584.JPG,IMG_1584.JPG,HFW12-F7_2016_201603301450_IMG_1584.jpg,0.9001758098602295,858.202880859375,116.3173828125,342.732421875,854.177978515625,2048,1536,342,854
HFW12-F7,2016,201603301450,CC,1,/Volumes/Seagate Portable Drive/KYLE_AI_DATABASE/A_CAMERA/Focal_species/Gulo gulo/HFW12-F7/CC/2016/COLOR/Robust marks/03.30-14.50/IMG_1585.JPG,IMG_1585.JPG,HFW12-F7_2016_201603301450_IMG_1585.jpg,0.8618724346160889,861.0307006835938,210.32415771484375,336.74566650390625,753.100830078125,2048,1536,336,753
HFW12-F7,2016,201603301450,CC,1,/Volumes/Seagate Portable Drive/KYLE_AI_DATABASE/A_CAMERA/Focal_species/Gulo gulo/HFW12-F7/CC/2016/COLOR/Robust marks/03.30-14.50/IMG_1586.JPG,IMG_1586.JPG,HFW12-F7_2016_201603301450_IMG_1586.jpg,0.8970925807952881,859.2294311523438,126.14602661132812,342.23199462890625,835.6705322265625,2048,1536,342,835
HFW12-F7,2016,201603301450,CC,1,/Volumes/Seagate Portable Drive/KYLE_AI_DATABASE/A_CAMERA/Focal_species/Gulo gulo/HFW12-F7/CC/2016/COLOR/Robust marks/03.30-14.50/IMG_1587.JPG,IMG_1587.JPG,HFW12-F7_2016_201603301450_IMG_1587.jpg,0.8810063004493713,861.7406005859375,122.65567016601562,339.61767578125,844.8760986328125,2048,1536,339,844
HFW12-F7,2016,201603301450,CC,1,/Volumes/Seagate Portable Drive/KYLE_AI_DATABASE/A_CAMERA/Focal_species/Gulo gulo/HFW12-F7/CC/2016/COLOR/Robust marks/03.30-14.50/IMG_1588.JPG,IMG_1588.JPG,HFW12-F7_2016_201603301450_IMG_1588.jpg,0.8542900681495667,859.1925659179688,118.78729248046875,341.53411865234375,804.9918823242188,2048,1536,341,804
HFW12-F7,2016,201603301450,CC,1,/Volumes/Seagate Portable Drive/KYLE_AI_DATABASE/A_CAMERA/Focal_species/Gulo gulo/HFW12-F7/CC/2016/COLOR/Robust marks/03.30-14.50/IMG_1589.JPG,IMG_1589.JPG,HFW12-F7_2016_201603301450_IMG_1589.jpg,0.8843551874160767,860.7646484375,137.68734741210938,342.537841796875,774.9482421875,2048,1536,342,774
HFW12-F7,2016,201603301450,CC,1,/Volumes/Seagate Portable Drive/KYLE_AI_DATABASE/A_CAMERA/Focal_species/Gulo gulo/HFW12-F7/CC/2016/COLOR/Robust marks/03.30-14.50/IMG_1590.JPG,IMG_1590.JPG,HFW12-F7_2016_201603301450_IMG_1590.jpg,0.859539270401001,857.4950561523438,206.64706420898438,342.00567626953125,758.4190673828125,2048,1536,342,758
HFW12-F7,2016,201603301450,CC,1,/Volumes/Seagate Portable Drive/KYLE_AI_DATABASE/A_CAMERA/Focal_species/Gulo gulo/HFW12-F7/CC/2016/COLOR/Robust marks/03.30-14.50/IMG_1591.JPG,IMG_1591.JPG,HFW12-F7_2016_201603301450_IMG_1591.jpg,0.9043723344802856,862.5322265625,223.89198303222656,341.3857421875,732.9066162109375,2048,1536,341,732
HFW12-F7,2016,201603301450,CC,1,/Volumes/Seagate Portable Drive/KYLE_AI_DATABASE/A_CAMERA/Focal_species/Gulo gulo/HFW12-F7/CC/2016/COLOR/Robust marks/03.30-14.50/IMG_1592.JPG,IMG_1592.JPG,HFW12-F7_2016_201603301450_IMG_1592.jpg,0.9200195074081421,864.330322265625,225.90066528320312,338.87109375,742.402099609375,2048,1536,338,742
HFW12-F7,2016,201603301450,CC,1,/Volumes/Seagate Portable Drive/KYLE_AI_DATABASE/A_CAMERA/Focal_species/Gulo gulo/HFW12-F7/CC/2016/COLOR/Robust marks/03.30-14.50/IMG_1593.JPG,IMG_1593.JPG,HFW12-F7_2016_201603301450_IMG_1593.jpg,0.9207764863967896,863.3912963867188,219.6202392578125,341.71368408203125,686.8189697265625,2048,1536,341,686
HFW12-F7,2016,201603301450,CC,1,/Volumes/Seagate Portable Drive/KYLE_AI_DATABASE/A_CAMERA/Focal_species/Gulo gulo/HFW12-F7/CC/2016/COLOR/Robust marks/03.30-14.50/IMG_1594.JPG,IMG_1594.JPG,HFW12-F7_2016_201603301450_IMG_1594.jpg,0.9079964756965637,845.1317138671875,151.29177856445312,360.201171875,763.948486328125,2048,1536,360,763
HFW12-F7,2016,201603301450,CC,1,/Volumes/Seagate Portable Drive/KYLE_AI_DATABASE/A_CAMERA/Focal_species/Gulo gulo/HFW12-F7/CC/2016/COLOR/Robust marks/03.30-14.50/IMG_1595.JPG,IMG_1595.JPG,HFW12-F7_2016_201603301450_IMG_1595.jpg,0.9192286133766174,851.2042846679688,224.7799072265625,352.12554931640625,745.7486572265625,2048,1536,352,745
HFW12-F7,2016,201603301450,CC,1,/Volumes/Seagate Portable Drive/KYLE_AI_DATABASE/A_CAMERA/Focal_species/Gulo gulo/HFW12-F7/CC/2016/COLOR/Robust marks/03.30-14.50/IMG_1596.JPG,IMG_1596.JPG,HFW12-F7_2016_201603301450_IMG_1596.jpg,0.9001094698905945,850.7916259765625,225.462158203125,352.00537109375,727.9227905273438,2048,1536,352,727
HFW12-F7,2016,201603301450,CC,1,/Volumes/Seagate Portable Drive/KYLE_AI_DATABASE/A_CAMERA/Focal_species/Gulo gulo/HFW12-F7/CC/2016/COLOR/Robust marks/03.30-14.50/IMG_1597.JPG,IMG_1597.JPG,HFW12-F7_2016_201603301450_IMG_1597.jpg,0.8935956954956055,849.7103881835938,198.83436584472656,351.24395751953125,770.9458618164062,2048,1536,351,770
HFW12-F7,2016,201603301450,CC,1,/Volumes/Seagate Portable Drive/KYLE_AI_DATABASE/A_CAMERA/Focal_species/Gulo gulo/HFW12-F7/CC/2016/COLOR/Robust marks/03.30-14.50/IMG_1598.JPG,IMG_1598.JPG,HFW12-F7_2016_201603301450_IMG_1598.jpg,0.8933838605880737,851.3812866210938,203.59776306152344,348.72662353515625,748.7658081054688,2048,1536,348,748
HFW12-F7,2016,201603301450,CC,1,/Volumes/Seagate Portable Drive/KYLE_AI_DATABASE/A_CAMERA/Focal_species/Gulo gulo/HFW12-F7/CC/2016/COLOR/Robust marks/03.30-14.50/IMG_1599.JPG,IMG_1599.JPG,HFW12-F7_2016_201603301450_IMG_1599.jpg,0.9080498218536377,844.1781005859375,212.95635986328125,369.256591796875,716.1671752929688,2048,1536,369,716
HFW12-F7,2016,201603301450,CC,1,/Volumes/Seagate Portable Drive/KYLE_AI_DATABASE/A_CAMERA/Focal_species/Gulo gulo/HFW12-F7/CC/2016/COLOR/Robust marks/03.30-14.50/IMG_1600.JPG,IMG_1600.JPG,HFW12-F7_2016_201603301450_IMG_1600.jpg,0.9142503142356873,850.0095825195312,220.83824157714844,363.14666748046875,689.0679321289062,2048,1536,363,689
HFW12-F7,2016,201603301450,CC,1,/Volumes/Seagate Portable Drive/KYLE_AI_DATABASE/A_CAMERA/Focal_species/Gulo gulo/HFW12-F7/CC/2016/COLOR/Robust marks/03.30-14.50/IMG_1601.JPG,IMG_1601.JPG,HFW12-F7_2016_201603301450_IMG_1601.jpg,0.8590607643127441,850.5105590820312,185.94155883789062,361.29266357421875,755.68701171875,2048,1536,361,755
HFW12-F7,2016,201603301450,CC,1,/Volumes/Seagate Portable Drive/KYLE_AI_DATABASE/A_CAMERA/Focal_species/Gulo gulo/HFW12-F7/CC/2016/COLOR/Robust marks/03.30-14.50/IMG_1602.JPG,IMG_1602.JPG,HFW12-F7_2016_201603301450_IMG_1602.jpg,0.903956413269043,844.77392578125,220.3656463623047,368.060791015625,750.2996826171875,2048,1536,368,750
HFW12-F7,2016,201603301450,CC,1,/Volumes/Seagate Portable Drive/KYLE_AI_DATABASE/A_CAMERA/Focal_species/Gulo gulo/HFW12-F7/CC/2016/COLOR/Robust marks/03.30-14.50/IMG_1603.JPG,IMG_1603.JPG,HFW12-F7_2016_201603301450_IMG_1603.jpg,0.9107311367988586,847.7753295898438,133.0499725341797,365.94854736328125,767.1939086914062,2048,1536,365,767
HFW12-F7,2016,201603301450,CC,1,/Volumes/Seagate Portable Drive/KYLE_AI_DATABASE/A_CAMERA/Focal_species/Gulo gulo/HFW12-F7/CC/2016/COLOR/Robust marks/03.30-14.50/IMG_1604.JPG,IMG_1604.JPG,HFW12-F7_2016_201603301450_IMG_1604.jpg,0.8963716626167297,845.9523315429688,118.19023132324219,365.73687744140625,838.6563110351562,2048,1536,365,838
HFW12-F7,2016,201603301450,CC,1,/Volumes/Seagate Portable Drive/KYLE_AI_DATABASE/A_CAMERA/Focal_species/Gulo gulo/HFW12-F7/CC/2016/COLOR/Robust marks/03.30-14.50/IMG_1605.JPG,IMG_1605.JPG,HFW12-F7_2016_201603301450_IMG_1605.jpg,0.8612383604049683,846.8547973632812,115.7530517578125,365.94866943359375,839.7097778320312,2048,1536,365,839
HFW12-F7,2016,201603301450,CC,1,/Volumes/Seagate Portable Drive/KYLE_AI_DATABASE/A_CAMERA/Focal_species/Gulo gulo/HFW12-F7/CC/2016/COLOR/Robust marks/03.30-14.50/IMG_1606.JPG,IMG_1606.JPG,HFW12-F7_2016_201603301450_IMG_1606.jpg,0.8917993307113647,839.5863647460938,217.31996154785156,372.85662841796875,727.1067504882812,2048,1536,372,727
HFW12-F7,2016,201603301450,CC,1,/Volumes/Seagate Portable Drive/KYLE_AI_DATABASE/A_CAMERA/Focal_species/Gulo gulo/HFW12-F7/CC/2016/COLOR/Robust marks/03.30-14.50/IMG_1607.JPG,IMG_1607.JPG,HFW12-F7_2016_201603301450_IMG_1607.jpg,0.898740828037262,846.13916015625,178.734375,369.702880859375,785.731689453125,2048,1536,369,785
HFW12-F7,2016,201603301450,CC,1,/Volumes/Seagate Portable Drive/KYLE_AI_DATABASE/A_CAMERA/Focal_species/Gulo gulo/HFW12-F7/CC/2016/COLOR/Robust marks/03.30-14.50/IMG_1608.JPG,IMG_1608.JPG,HFW12-F7_2016_201603301450_IMG_1608.jpg,0.8904509544372559,844.930419921875,203.66128540039062,376.204833984375,763.604248046875,2048,1536,376,763
HFW12-F7,2016,201603301450,CC,1,/Volumes/Seagate Portable Drive/KYLE_AI_DATABASE/A_CAMERA/Focal_species/Gulo gulo/HFW12-F7/CC/2016/COLOR/Robust marks/03.30-14.50/IMG_1609.JPG,IMG_1609.JPG,HFW12-F7_2016_201603301450_IMG_1609.jpg,0.92989182472229,847.01318359375,149.589111328125,374.96630859375,816.3400268554688,2048,1536,374,816
HFW12-F7,2016,201603301450,CC,1,/Volumes/Seagate Portable Drive/KYLE_AI_DATABASE/A_CAMERA/Focal_species/Gulo gulo/HFW12-F7/CC/2016/COLOR/Robust marks/03.30-14.50/IMG_1610.JPG,IMG_1610.JPG,HFW12-F7_2016_201603301450_IMG_1610.jpg,0.9168243408203125,850.7757568359375,159.63514709472656,362.3037109375,809.4666748046875,2048,1536,362,809
HFW12-F7,2016,201603301450,CC,1,/Volumes/Seagate Portable Drive/KYLE_AI_DATABASE/A_CAMERA/Focal_species/Gulo gulo/HFW12-F7/CC/2016/COLOR/Robust marks/03.30-14.50/IMG_1611.JPG,IMG_1611.JPG,HFW12-F7_2016_201603301450_IMG_1611.jpg,0.928687334060669,851.0037231445312,163.5615692138672,377.98236083984375,809.0924682617188,2048,1536,377,809
HFW12-F7,2016,201603301450,CC,1,/Volumes/Seagate Portable Drive/KYLE_AI_DATABASE/A_CAMERA/Focal_species/Gulo gulo/HFW12-F7/CC/2016/COLOR/Robust marks/03.30-14.50/IMG_1612.JPG,IMG_1612.JPG,HFW12-F7_2016_201603301450_IMG_1612.jpg,0.9126219153404236,846.5161743164062,163.44580078125,379.87103271484375,783.9688720703125,2048,1536,379,783
HFW12-F7,2016,201603301450,CC,1,/Volumes/Seagate Portable Drive/KYLE_AI_DATABASE/A_CAMERA/Focal_species/Gulo gulo/HFW12-F7/CC/2016/COLOR/Robust marks/03.30-14.50/IMG_1613.JPG,IMG_1613.JPG,HFW12-F7_2016_201603301450_IMG_1613.jpg,0.8922237157821655,844.58642578125,167.50071716308594,382.468505859375,786.67138671875,2048,1536,382,786
HFW12-F7,2016,201603301450,CC,1,/Volumes/Seagate Portable Drive/KYLE_AI_DATABASE/A_CAMERA/Focal_species/Gulo gulo/HFW12-F7/CC/2016/COLOR/Robust marks/03.30-14.50/IMG_1614.JPG,IMG_1614.JPG,HFW12-F7_2016_201603301450_IMG_1614.jpg,0.8833582997322083,844.7598876953125,147.4917755126953,382.952880859375,793.5892333984375,2048,1536,382,793
HFW12-F7,2016,201603301450,CC,1,/Volumes/Seagate Portable Drive/KYLE_AI_DATABASE/A_CAMERA/Focal_species/Gulo gulo/HFW12-F7/CC/2016/COLOR/Robust marks/03.30-14.50/IMG_1615.JPG,IMG_1615.JPG,HFW12-F7_2016_201603301450_IMG_1615.jpg,0.8855262398719788,844.3016967773438,176.70980834960938,384.56646728515625,729.753662109375,2048,1536,384,729
HFW12-F7,2016,201603301450,CC,1,/Volumes/Seagate Portable Drive/KYLE_AI_DATABASE/A_CAMERA/Focal_species/Gulo gulo/HFW12-F7/CC/2016/COLOR/Robust marks/03.30-14.50/IMG_1616.JPG,IMG_1616.JPG,HFW12-F7_2016_201603301450_IMG_1616.jpg,0.9109176397323608,839.9328002929688,168.01268005371094,387.97515869140625,740.1598510742188,2048,1536,387,740
HFW12-F7,2016,201603301450,CC,1,/Volumes/Seagate Portable Drive/KYLE_AI_DATABASE/A_CAMERA/Focal_species/Gulo gulo/HFW12-F7/CC/2016/COLOR/Robust marks/03.30-14.50/IMG_1617.JPG,IMG_1617.JPG,HFW12-F7_2016_201603301450_IMG_1617.jpg,0.8719558119773865,840.3226928710938,200.56866455078125,384.38116455078125,717.8065795898438,2048,1536,384,717
HFW12-F7,2016,201603301450,CC,1,/Volumes/Seagate Portable Drive/KYLE_AI_DATABASE/A_CAMERA/Focal_species/Gulo gulo/HFW12-F7/CC/2016/COLOR/Robust marks/03.30-14.50/IMG_1618.JPG,IMG_1618.JPG,HFW12-F7_2016_201603301450_IMG_1618.jpg,0.8722557425498962,843.74169921875,180.5814971923828,379.669677734375,779.3919677734375,2048,1536,379,779
HFW12-F7,2016,201603301450,CC,1,/Volumes/Seagate Portable Drive/KYLE_AI_DATABASE/A_CAMERA/Focal_species/Gulo gulo/HFW12-F7/CC/2016/COLOR/Robust marks/03.30-14.50/IMG_1619.JPG,IMG_1619.JPG,HFW12-F7_2016_201603301450_IMG_1619.jpg,0.9373030066490173,843.748779296875,125.221435546875,383.2509765625,778.2229614257812,2048,1536,383,778
HFW12-F7,2016,201603301450,CC,1,/Volumes/Seagate Portable Drive/KYLE_AI_DATABASE/A_CAMERA/Focal_species/Gulo gulo/HFW12-F7/CC/2016/COLOR/Robust marks/03.30-14.50/IMG_1620.JPG,IMG_1620.JPG,HFW12-F7_2016_201603301450_IMG_1620.jpg,0.9234476685523987,835.5039672851562,170.22802734375,387.09027099609375,799.7444458007812,2048,1536,387,799
HFW12-F7,2016,201603301450,CC,1,/Volumes/Seagate Portable Drive/KYLE_AI_DATABASE/A_CAMERA/Focal_species/Gulo gulo/HFW12-F7/CC/2016/COLOR/Robust marks/03.30-14.50/IMG_1621.JPG,IMG_1621.JPG,HFW12-F7_2016_201603301450_IMG_1621.jpg,0.9122622609138489,842.0224609375,155.8110809326172,389.189208984375,771.1515502929688,2048,1536,389,771
HFW12-F7,2016,201603301450,CC,1,/Volumes/Seagate Portable Drive/KYLE_AI_DATABASE/A_CAMERA/Focal_species/Gulo gulo/HFW12-F7/CC/2016/COLOR/Robust marks/03.30-14.50/IMG_1622.JPG,IMG_1622.JPG,HFW12-F7_2016_201603301450_IMG_1622.jpg,0.9092621207237244,844.916259765625,156.67630004882812,383.6279296875,806.4007568359375,2048,1536,383,806
HFW12-F7,2016,201603301450,CC,1,/Volumes/Seagate Portable Drive/KYLE_AI_DATABASE/A_CAMERA/Focal_species/Gulo gulo/HFW12-F7/CC/2016/COLOR/Robust marks/03.30-14.50/IMG_1623.JPG,IMG_1623.JPG,HFW12-F7_2016_201603301450_IMG_1623.jpg,0.9243659377098083,842.2988891601562,144.79776000976562,390.60687255859375,760.3427734375,2048,1536,390,760
HFW12-F7,2016,201603301450,CC,1,/Volumes/Seagate Portable Drive/KYLE_AI_DATABASE/A_CAMERA/Focal_species/Gulo gulo/HFW12-F7/CC/2016/COLOR/Robust marks/03.30-14.50/IMG_1624.JPG,IMG_1624.JPG,HFW12-F7_2016_201603301450_IMG_1624.jpg,0.9103929996490479,844.8930053710938,163.1349334716797,379.95989990234375,800.813720703125,2048,1536,379,800
HFW12-F7,2016,201603301450,CC,1,/Volumes/Seagate Portable Drive/KYLE_AI_DATABASE/A_CAMERA/Focal_species/Gulo gulo/HFW12-F7/CC/2016/COLOR/Robust marks/03.30-14.50/IMG_1625.JPG,IMG_1625.JPG,HFW12-F7_2016_201603301450_IMG_1625.jpg,0.9138383865356445,844.672607421875,173.6788787841797,391.296142578125,832.3922729492188,2048,1536,391,832
HFW12-F7,2016,201603301450,CC,1,/Volumes/Seagate Portable Drive/KYLE_AI_DATABASE/A_CAMERA/Focal_species/Gulo gulo/HFW12-F7/CC/2016/COLOR/Robust marks/03.30-14.50/IMG_1626.JPG,IMG_1626.JPG,HFW12-F7_2016_201603301450_IMG_1626.jpg,0.9127547740936279,847.6846923828125,208.927734375,390.615234375,817.591796875,2048,1536,390,817
HFW12-F7,2016,201603301450,CC,1,/Volumes/Seagate Portable Drive/KYLE_AI_DATABASE/A_CAMERA/Focal_species/Gulo gulo/HFW12-F7/CC/2016/COLOR/Robust marks/03.30-14.50/IMG_1627.JPG,IMG_1627.JPG,HFW12-F7_2016_201603301450_IMG_1627.jpg,0.903764545917511,847.3775634765625,187.81356811523438,390.17578125,842.000732421875,2048,1536,390,842
HFW12-F7,2016,201603301450,CC,1,/Volumes/Seagate Portable Drive/KYLE_AI_DATABASE/A_CAMERA/Focal_species/Gulo gulo/HFW12-F7/CC/2016/COLOR/Robust marks/03.30-14.50/IMG_1628.JPG,IMG_1628.JPG,HFW12-F7_2016_201603301450_IMG_1628.jpg,0.9172291159629822,845.1795654296875,219.7910614013672,391.81298828125,832.9705200195312,2048,1536,391,832
HFW12-F7,2016,201603301450,CC,1,/Volumes/Seagate Portable Drive/KYLE_AI_DATABASE/A_CAMERA/Focal_species/Gulo gulo/HFW12-F7/CC/2016/COLOR/Robust marks/03.30-14.50/IMG_1629.JPG,IMG_1629.JPG,HFW12-F7_2016_201603301450_IMG_1629.jpg,0.9302288889884949,852.03125,145.44822692871094,382.74755859375,858.5950317382812,2048,1536,382,858
HFW12-F7,2016,201603301450,CC,1,/Volumes/Seagate Portable Drive/KYLE_AI_DATABASE/A_CAMERA/Focal_species/Gulo gulo/HFW12-F7/CC/2016/COLOR/Robust marks/03.30-14.50/IMG_1630.JPG,IMG_1630.JPG,HFW12-F7_2016_201603301450_IMG_1630.jpg,0.9134460687637329,844.444580078125,85.48036193847656,385.420166015625,824.0383911132812,2048,1536,385,824
HFW12-F7,2016,201603301450,CC,1,/Volumes/Seagate Portable Drive/KYLE_AI_DATABASE/A_CAMERA/Focal_species/Gulo gulo/HFW12-F7/CC/2016/COLOR/Robust marks/03.30-14.50/IMG_1631.JPG,IMG_1631.JPG,HFW12-F7_2016_201603301450_IMG_1631.jpg,0.9191642999649048,847.4580688476562,125.94094848632812,382.71868896484375,840.956787109375,2048,1536,382,840
HFW12-F7,2016,201603301450,CC,1,/Volumes/Seagate Portable Drive/KYLE_AI_DATABASE/A_CAMERA/Focal_species/Gulo gulo/HFW12-F7/CC/2016/COLOR/Robust marks/03.30-14.50/IMG_1632.JPG,IMG_1632.JPG,HFW12-F7_2016_201603301450_IMG_1632.jpg,0.8947650790214539,846.9616088867188,213.16104125976562,381.49041748046875,696.352783203125,2048,1536,381,696
HFW12-F7,2016,201603301450,CC,1,/Volumes/Seagate Portable Drive/KYLE_AI_DATABASE/A_CAMERA/Focal_species/Gulo gulo/HFW12-F7/CC/2016/COLOR/Robust marks/03.30-14.50/IMG_1633.JPG,IMG_1633.JPG,HFW12-F7_2016_201603301450_IMG_1633.jpg,0.9213042855262756,847.4610595703125,155.40924072265625,381.916015625,745.639404296875,2048,1536,381,745
HFW12-F7,2016,201603301450,CC,1,/Volumes/Seagate Portable Drive/KYLE_AI_DATABASE/A_CAMERA/Focal_species/Gulo gulo/HFW12-F7/CC/2016/COLOR/Robust marks/03.30-14.50/IMG_1634.JPG,IMG_1634.JPG,HFW12-F7_2016_201603301450_IMG_1634.jpg,0.9047073125839233,846.049560546875,160.29315185546875,383.355712890625,742.2109985351562,2048,1536,383,742
HFW12-F7,2016,201603301450,CC,1,/Volumes/Seagate Portable Drive/KYLE_AI_DATABASE/A_CAMERA/Focal_species/Gulo gulo/HFW12-F7/CC/2016/COLOR/Robust marks/03.30-14.50/IMG_1635.JPG,IMG_1635.JPG,HFW12-F7_2016_201603301450_IMG_1635.jpg,0.8584600687026978,843.893798828125,220.82171630859375,385.650390625,720.3639526367188,2048,1536,385,720
HFW12-F7,2016,201603301450,CC,1,/Volumes/Seagate Portable Drive/KYLE_AI_DATABASE/A_CAMERA/Focal_species/Gulo gulo/HFW12-F7/CC/2016/COLOR/Robust marks/03.30-14.50/IMG_1636.JPG,IMG_1636.JPG,HFW12-F7_2016_201603301450_IMG_1636.jpg,0.9023491144180298,846.1490478515625,77.34022521972656,380.778564453125,897.8818969726562,2048,1536,380,897
HFW12-F7,2016,201603301450,CC,1,/Volumes/Seagate Portable Drive/KYLE_AI_DATABASE/A_CAMERA/Focal_species/Gulo gulo/HFW12-F7/CC/2016/COLOR/Robust marks/03.30-14.50/IMG_1637.JPG,IMG_1637.JPG,HFW12-F7_2016_201603301450_IMG_1637.jpg,0.9210041761398315,841.6058349609375,97.38180541992188,387.47607421875,863.12158203125,2048,1536,387,863
HFW12-F7,2016,201603301450,CC,1,/Volumes/Seagate Portable Drive/KYLE_AI_DATABASE/A_CAMERA/Focal_species/Gulo gulo/HFW12-F7/CC/2016/COLOR/Robust marks/03.30-14.50/IMG_1638.JPG,IMG_1638.JPG,HFW12-F7_2016_201603301450_IMG_1638.jpg,0.890957772731781,841.793212890625,96.8814697265625,387.998779296875,815.4476318359375,2048,1536,387,815
HFW12-F7,2016,201603301450,CC,1,/Volumes/Seagate Portable Drive/KYLE_AI_DATABASE/A_CAMERA/Focal_species/Gulo gulo/HFW12-F7/CC/2016/COLOR/Robust marks/03.30-14.50/IMG_1639.JPG,IMG_1639.JPG,HFW12-F7_2016_201603301450_IMG_1639.jpg,0.848139762878418,840.3799438476562,254.0654296875,386.33050537109375,666.0126342773438,2048,1536,386,666
HFW12-F7,2016,201603301450,CC,1,/Volumes/Seagate Portable Drive/KYLE_AI_DATABASE/A_CAMERA/Focal_species/Gulo gulo/HFW12-F7/CC/2016/COLOR/Robust marks/03.30-14.50/IMG_1640.JPG,IMG_1640.JPG,HFW12-F7_2016_201603301450_IMG_1640.jpg,0.9132533073425293,845.9052734375,93.73219299316406,382.778564453125,820.9398803710938,2048,1536,382,820
HFW12-F7,2016,201603301450,CC,1,/Volumes/Seagate Portable Drive/KYLE_AI_DATABASE/A_CAMERA/Focal_species/Gulo gulo/HFW12-F7/CC/2016/COLOR/Robust marks/03.30-14.50/IMG_1641.JPG,IMG_1641.JPG,HFW12-F7_2016_201603301450_IMG_1641.jpg,0.9319639205932617,842.8037719726562,178.92514038085938,386.61285400390625,755.686767578125,2048,1536,386,755
HFW12-F7,2016,201603301450,CC,1,/Volumes/Seagate Portable Drive/KYLE_AI_DATABASE/A_CAMERA/Focal_species/Gulo gulo/HFW12-F7/CC/2016/COLOR/Robust marks/03.30-14.50/IMG_1642.JPG,IMG_1642.JPG,HFW12-F7_2016_201603301450_IMG_1642.jpg,0.9356308579444885,840.7951049804688,164.99281311035156,387.87115478515625,812.1826782226562,2048,1536,387,812
HFW12-F7,2016,201603301450,CC,1,/Volumes/Seagate Portable Drive/KYLE_AI_DATABASE/A_CAMERA/Focal_species/Gulo gulo/HFW12-F7/CC/2016/COLOR/Robust marks/03.30-14.50/IMG_1643.JPG,IMG_1643.JPG,HFW12-F7_2016_201603301450_IMG_1643.jpg,0.9432992935180664,840.6407470703125,181.7588653564453,387.51904296875,799.0401000976562,2048,1536,387,799
HFW12-F7,2016,201603301450,CC,1,/Volumes/Seagate Portable Drive/KYLE_AI_DATABASE/A_CAMERA/Focal_species/Gulo gulo/HFW12-F7/CC/2016/COLOR/Robust marks/03.30-14.50/IMG_1644.JPG,IMG_1644.JPG,HFW12-F7_2016_201603301450_IMG_1644.jpg,0.9340166449546814,841.0315551757812,181.92086791992188,384.11639404296875,788.1962890625,2048,1536,384,788
HFW12-F7,2016,201603301450,CC,1,/Volumes/Seagate Portable Drive/KYLE_AI_DATABASE/A_CAMERA/Focal_species/Gulo gulo/HFW12-F7/CC/2016/COLOR/Robust marks/03.30-14.50/IMG_1645.JPG,IMG_1645.JPG,HFW12-F7_2016_201603301450_IMG_1645.jpg,0.933024525642395,838.3828735351562,185.75335693359375,385.67742919921875,802.4650268554688,2048,1536,385,802
HFW12-F7,2016,201603301450,CC,1,/Volumes/Seagate Portable Drive/KYLE_AI_DATABASE/A_CAMERA/Focal_species/Gulo gulo/HFW12-F7/CC/2016/COLOR/Robust marks/03.30-14.50/IMG_1646.JPG,IMG_1646.JPG,HFW12-F7_2016_201603301450_IMG_1646.jpg,0.9379633665084839,838.1414184570312,194.7132110595703,385.62091064453125,782.9720458984375,2048,1536,385,782
HFW12-F7,2016,201603301450,CC,1,/Volumes/Seagate Portable Drive/KYLE_AI_DATABASE/A_CAMERA/Focal_species/Gulo gulo/HFW12-F7/CC/2016/COLOR/Robust marks/03.30-14.50/IMG_1647.JPG,IMG_1647.JPG,HFW12-F7_2016_201603301450_IMG_1647.jpg,0.9271275401115417,837.903076171875,196.35154724121094,386.3310546875,778.2996215820312,2048,1536,386,778
HFW12-F7,2016,201603301450,CC,1,/Volumes/Seagate Portable Drive/KYLE_AI_DATABASE/A_CAMERA/Focal_species/Gulo gulo/HFW12-F7/CC/2016/COLOR/Robust marks/03.30-14.50/IMG_1648.JPG,IMG_1648.JPG,HFW12-F7_2016_201603301450_IMG_1648.jpg,0.940767765045166,839.0074462890625,192.432861328125,385.126953125,782.8408813476562,2048,1536,385,782
HFW12-F7,2016,201603301450,CC,1,/Volumes/Seagate Portable Drive/KYLE_AI_DATABASE/A_CAMERA/Focal_species/Gulo gulo/HFW12-F7/CC/2016/COLOR/Robust marks/03.30-14.50/IMG_1649.JPG,IMG_1649.JPG,HFW12-F7_2016_201603301450_IMG_1649.jpg,0.936424732208252,837.7471923828125,188.77276611328125,384.78564453125,790.6663208007812,2048,1536,384,790
HFW12-F7,2016,201603301450,CC,1,/Volumes/Seagate Portable Drive/KYLE_AI_DATABASE/A_CAMERA/Focal_species/Gulo gulo/HFW12-F7/CC/2016/COLOR/Robust marks/03.30-14.50/IMG_1650.JPG,IMG_1650.JPG,HFW12-F7_2016_201603301450_IMG_1650.jpg,0.9305635690689087,839.6859130859375,208.3043975830078,385.158447265625,776.7521362304688,2048,1536,385,776
HFW12-F7,2016,201603301450,CC,1,/Volumes/Seagate Portable Drive/KYLE_AI_DATABASE/A_CAMERA/Focal_species/Gulo gulo/HFW12-F7/CC/2016/COLOR/Robust marks/03.30-14.50/IMG_1651.JPG,IMG_1651.JPG,HFW12-F7_2016_201603301450_IMG_1651.jpg,0.9007498025894165,838.6661376953125,229.18832397460938,384.406982421875,673.1695556640625,2048,1536,384,673
HFW12-F7,2016,201603301450,CC,1,/Volumes/Seagate Portable Drive/KYLE_AI_DATABASE/A_CAMERA/Focal_species/Gulo gulo/HFW12-F7/CC/2016/COLOR/Robust marks/03.30-14.50/IMG_1652.JPG,IMG_1652.JPG,HFW12-F7_2016_201603301450_IMG_1652.jpg,0.9068185091018677,839.1284790039062,98.69389343261719,387.21820068359375,827.6500244140625,2048,1536,387,827
HFW12-F7,2016,201603301450,CC,1,/Volumes/Seagate Portable Drive/KYLE_AI_DATABASE/A_CAMERA/Focal_species/Gulo gulo/HFW12-F7/CC/2016/COLOR/Robust marks/03.30-14.50/IMG_1653.JPG,IMG_1653.JPG,HFW12-F7_2016_201603301450_IMG_1653.jpg,0.914082944393158,839.118408203125,149.10585021972656,384.107421875,763.9202880859375,2048,1536,384,763
HFW12-F7,2016,201603301450,CC,1,/Volumes/Seagate Portable Drive/KYLE_AI_DATABASE/A_CAMERA/Focal_species/Gulo gulo/HFW12-F7/CC/2016/COLOR/Robust marks/03.30-14.50/IMG_1654.JPG,IMG_1654.JPG,HFW12-F7_2016_201603301450_IMG_1654.jpg,0.8711307048797607,839.7528076171875,143.87059020996094,383.895263671875,814.58544921875,2048,1536,383,814
HFW12-F7,2016,201603301450,CC,1,/Volumes/Seagate Portable Drive/KYLE_AI_DATABASE/A_CAMERA/Focal_species/Gulo gulo/HFW12-F7/CC/2016/COLOR/Robust marks/03.30-14.50/IMG_1655.JPG,IMG_1655.JPG,HFW12-F7_2016_201603301450_IMG_1655.jpg,0.8454428911209106,839.3377685546875,122.79597473144531,383.878662109375,818.8240966796875,2048,1536,383,818
HFW12-F7,2016,201603301450,CC,1,/Volumes/Seagate Portable Drive/KYLE_AI_DATABASE/A_CAMERA/Focal_species/Gulo gulo/HFW12-F7/CC/2016/COLOR/Robust marks/03.30-14.50/IMG_1656.JPG,IMG_1656.JPG,HFW12-F7_2016_201603301450_IMG_1656.jpg,0.8791965842247009,838.9932861328125,130.8438262939453,382.87841796875,806.094970703125,2048,1536,382,806
HFW12-F7,2016,201603301450,CC,1,/Volumes/Seagate Portable Drive/KYLE_AI_DATABASE/A_CAMERA/Focal_species/Gulo gulo/HFW12-F7/CC/2016/COLOR/Robust marks/03.30-14.50/IMG_1657.JPG,IMG_1657.JPG,HFW12-F7_2016_201603301450_IMG_1657.jpg,0.886523425579071,838.1600341796875,157.31845092773438,384.1669921875,756.2352294921875,2048,1536,384,756
HFW12-F7,2016,201603301450,CC,1,/Volumes/Seagate Portable Drive/KYLE_AI_DATABASE/A_CAMERA/Focal_species/Gulo gulo/HFW12-F7/CC/2016/COLOR/Robust marks/03.30-14.50/IMG_1658.JPG,IMG_1658.JPG,HFW12-F7_2016_201603301450_IMG_1658.jpg,0.9131544828414917,842.1580200195312,145.7804718017578,378.69293212890625,829.85546875,2048,1536,378,829
HFW12-F7,2016,201603301450,CC,1,/Volumes/Seagate Portable Drive/KYLE_AI_DATABASE/A_CAMERA/Focal_species/Gulo gulo/HFW12-F7/CC/2016/COLOR/Robust marks/03.30-14.50/IMG_1659.JPG,IMG_1659.JPG,HFW12-F7_2016_201603301450_IMG_1659.jpg,0.9199952483177185,838.46337890625,152.85086059570312,380.361328125,806.4644775390625,2048,1536,380,806
HFW12-F7,2016,201603301450,CC,1,/Volumes/Seagate Portable Drive/KYLE_AI_DATABASE/A_CAMERA/Focal_species/Gulo gulo/HFW12-F7/CC/2016/COLOR/Robust marks/03.30-14.50/IMG_1660.JPG,IMG_1660.JPG,HFW12-F7_2016_201603301450_IMG_1660.jpg,0.8963441848754883,839.7161865234375,155.61822509765625,380.3896484375,800.6340942382812,2048,1536,380,800
HFW12-F7,2016,201603301450,CC,1,/Volumes/Seagate Portable Drive/KYLE_AI_DATABASE/A_CAMERA/Focal_species/Gulo gulo/HFW12-F7/CC/2016/COLOR/Robust marks/03.30-14.50/IMG_1661.JPG,IMG_1661.JPG,HFW12-F7_2016_201603301450_IMG_1661.jpg,0.8823015093803406,837.0781860351562,203.41510009765625,392.77557373046875,765.2542114257812,2048,1536,392,765
HFW12-F7,2016,201603301450,CC,1,/Volumes/Seagate Portable Drive/KYLE_AI_DATABASE/A_CAMERA/Focal_species/Gulo gulo/HFW12-F7/CC/2016/COLOR/Robust marks/03.30-14.50/IMG_1662.JPG,IMG_1662.JPG,HFW12-F7_2016_201603301450_IMG_1662.jpg,0.9289790987968445,840.9715576171875,142.12115478515625,385.814453125,832.5975952148438,2048,1536,385,832
HFW12-F7,2016,201603301450,CC,1,/Volumes/Seagate Portable Drive/KYLE_AI_DATABASE/A_CAMERA/Focal_species/Gulo gulo/HFW12-F7/CC/2016/COLOR/Robust marks/03.30-14.50/IMG_1663.JPG,IMG_1663.JPG,HFW12-F7_2016_201603301450_IMG_1663.jpg,0.9049520492553711,838.704833984375,147.23492431640625,389.689208984375,834.7949829101562,2048,1536,389,834
HFW12-F7,2016,201603301450,CC,1,/Volumes/Seagate Portable Drive/KYLE_AI_DATABASE/A_CAMERA/Focal_species/Gulo gulo/HFW12-F7/CC/2016/COLOR/Robust marks/03.30-14.50/IMG_1664.JPG,IMG_1664.JPG,HFW12-F7_2016_201603301450_IMG_1664.jpg,0.9341436624526978,831.9851684570312,214.22813415527344,396.55413818359375,794.5826416015625,2048,1536,396,794
HFW12-F7,2016,201603301450,CC,1,/Volumes/Seagate Portable Drive/KYLE_AI_DATABASE/A_CAMERA/Focal_species/Gulo gulo/HFW12-F7/CC/2016/COLOR/Robust marks/03.30-14.50/IMG_1665.JPG,IMG_1665.JPG,HFW12-F7_2016_201603301450_IMG_1665.jpg,0.9097155332565308,832.6015625,201.6519012451172,395.858642578125,812.470947265625,2048,1536,395,812
HFW12-F7,2016,201603301450,CC,1,/Volumes/Seagate Portable Drive/KYLE_AI_DATABASE/A_CAMERA/Focal_species/Gulo gulo/HFW12-F7/CC/2016/COLOR/Robust marks/03.30-14.50/IMG_1666.JPG,IMG_1666.JPG,HFW12-F7_2016_201603301450_IMG_1666.jpg,0.8971713781356812,831.54052734375,206.2752685546875,396.476806640625,814.5245361328125,2048,1536,396,814
HFW12-F7,2016,201603301450,CC,1,/Volumes/Seagate Portable Drive/KYLE_AI_DATABASE/A_CAMERA/Focal_species/Gulo gulo/HFW12-F7/CC/2016/COLOR/Robust marks/03.30-14.50/IMG_1667.JPG,IMG_1667.JPG,HFW12-F7_2016_201603301450_IMG_1667.jpg,0.9032153487205505,832.3471069335938,207.59628295898438,396.45880126953125,817.6973876953125,2048,1536,396,817
HFW12-F7,2016,201603301450,CC,1,/Volumes/Seagate Portable Drive/KYLE_AI_DATABASE/A_CAMERA/Focal_species/Gulo gulo/HFW12-F7/CC/2016/COLOR/Robust marks/03.30-14.50/IMG_1668.JPG,IMG_1668.JPG,HFW12-F7_2016_201603301450_IMG_1668.jpg,0.9110371470451355,831.6851806640625,217.2352294921875,397.44482421875,813.5579833984375,2048,1536,397,813
HFW12-F7,2016,201603301450,CC,1,/Volumes/Seagate Portable Drive/KYLE_AI_DATABASE/A_CAMERA/Focal_species/Gulo gulo/HFW12-F7/CC/2016/COLOR/Robust marks/03.30-14.50/IMG_1669.JPG,IMG_1669.JPG,HFW12-F7_2016_201603301450_IMG_1669.jpg,0.9019473195075989,832.3380126953125,208.32623291015625,396.77197265625,815.9904174804688,2048,1536,396,815
HFW12-F7,2016,201603301450,CC,1,/Volumes/Seagate Portable Drive/KYLE_AI_DATABASE/A_CAMERA/Focal_species/Gulo gulo/HFW12-F7/CC/2016/COLOR/Robust marks/03.30-14.50/IMG_1670.JPG,IMG_1670.JPG,HFW12-F7_2016_201603301450_IMG_1670.jpg,0.9024285078048706,832.8477172851562,203.43118286132812,396.06927490234375,815.4058837890625,2048,1536,396,815
HFW12-F7,2016,201603301450,CC,1,/Volumes/Seagate Portable Drive/KYLE_AI_DATABASE/A_CAMERA/Focal_species/Gulo gulo/HFW12-F7/CC/2016/COLOR/Robust marks/03.30-14.50/IMG_1671.JPG,IMG_1671.JPG,HFW12-F7_2016_201603301450_IMG_1671.jpg,0.9026802778244019,836.4140625,211.28485107421875,396.06982421875,750.4905395507812,2048,1536,396,750
HFW12-F7,2016,201603301450,CC,1,/Volumes/Seagate Portable Drive/KYLE_AI_DATABASE/A_CAMERA/Focal_species/Gulo gulo/HFW12-F7/CC/2016/COLOR/Robust marks/03.30-14.50/IMG_1672.JPG,IMG_1672.JPG,HFW12-F7_2016_201603301450_IMG_1672.jpg,0.9211379289627075,839.0223999023438,149.35574340820312,391.19342041015625,815.7503662109375,2048,1536,391,815
HFW12-F7,2016,201603301450,CC,1,/Volumes/Seagate Portable Drive/KYLE_AI_DATABASE/A_CAMERA/Focal_species/Gulo gulo/HFW12-F7/CC/2016/COLOR/Robust marks/03.30-14.50/IMG_1673.JPG,IMG_1673.JPG,HFW12-F7_2016_201603301450_IMG_1673.jpg,0.9153633713722229,838.678955078125,221.96617126464844,389.2744140625,680.0216064453125,2048,1536,389,680
HFW12-F7,2016,201603301450,CC,1,/Volumes/Seagate Portable Drive/KYLE_AI_DATABASE/A_CAMERA/Focal_species/Gulo gulo/HFW12-F7/CC/2016/COLOR/Robust marks/03.30-14.50/IMG_1674.JPG,IMG_1674.JPG,HFW12-F7_2016_201603301450_IMG_1674.jpg,0.9146106839179993,837.72607421875,110.48716735839844,390.008056640625,794.7254638671875,2048,1536,390,794
HFW12-F7,2016,201603301450,CC,1,/Volumes/Seagate Portable Drive/KYLE_AI_DATABASE/A_CAMERA/Focal_species/Gulo gulo/HFW12-F7/CC/2016/COLOR/Robust marks/03.30-14.50/IMG_1675.JPG,IMG_1675.JPG,HFW12-F7_2016_201603301450_IMG_1675.jpg,0.9152475595474243,836.0514526367188,161.63253784179688,395.35565185546875,742.536865234375,2048,1536,395,742
HFW12-F7,2016,201603301450,CC,1,/Volumes/Seagate Portable Drive/KYLE_AI_DATABASE/A_CAMERA/Focal_species/Gulo gulo/HFW12-F7/CC/2016/COLOR/Robust marks/03.30-14.50/IMG_1676.JPG,IMG_1676.JPG,HFW12-F7_2016_201603301450_IMG_1676.jpg,0.9321668744087219,837.3067626953125,176.62586975097656,393.8876953125,721.5172729492188,2048,1536,393,721
HFW12-F7,2016,201603301450,CC,1,/Volumes/Seagate Portable Drive/KYLE_AI_DATABASE/A_CAMERA/Focal_species/Gulo gulo/HFW12-F7/CC/2016/COLOR/Robust marks/03.30-14.50/IMG_1677.JPG,IMG_1677.JPG,HFW12-F7_2016_201603301450_IMG_1677.jpg,0.9195091128349304,836.4374389648438,172.66268920898438,395.56915283203125,735.6331787109375,2048,1536,395,735
HFW12-F7,2016,201603301450,CC,1,/Volumes/Seagate Portable Drive/KYLE_AI_DATABASE/A_CAMERA/Focal_species/Gulo gulo/HFW12-F7/CC/2016/COLOR/Robust marks/03.30-14.50/IMG_1678.JPG,IMG_1678.JPG,HFW12-F7_2016_201603301450_IMG_1678.jpg,0.900017261505127,838.2017822265625,220.5314483642578,392.902587890625,742.8640747070312,2048,1536,392,742
HFW12-F7,2016,201603301450,CC,1,/Volumes/Seagate Portable Drive/KYLE_AI_DATABASE/A_CAMERA/Focal_species/Gulo gulo/HFW12-F7/CC/2016/COLOR/Robust marks/03.30-14.50/IMG_1679.JPG,IMG_1679.JPG,HFW12-F7_2016_201603301450_IMG_1679.jpg,0.9006178975105286,838.3482666015625,216.2261962890625,392.09130859375,719.037841796875,2048,1536,392,719
HFW12-F7,2016,201603301450,CC,1,/Volumes/Seagate Portable Drive/KYLE_AI_DATABASE/A_CAMERA/Focal_species/Gulo gulo/HFW12-F7/CC/2016/COLOR/Robust marks/03.30-14.50/IMG_1680.JPG,IMG_1680.JPG,HFW12-F7_2016_201603301450_IMG_1680.jpg,0.8889721632003784,837.50830078125,203.0855712890625,396.649169921875,756.5077514648438,2048,1536,396,756
HFW12-F7,2016,201603301450,CC,1,/Volumes/Seagate Portable Drive/KYLE_AI_DATABASE/A_CAMERA/Focal_species/Gulo gulo/HFW12-F7/CC/2016/COLOR/Robust marks/03.30-14.50/IMG_1681.JPG,IMG_1681.JPG,HFW12-F7_2016_201603301450_IMG_1681.jpg,0.9411209225654602,840.8363647460938,190.84295654296875,391.32012939453125,777.807861328125,2048,1536,391,777
HFW12-F7,2016,201603301450,CC,1,/Volumes/Seagate Portable Drive/KYLE_AI_DATABASE/A_CAMERA/Focal_species/Gulo gulo/HFW12-F7/CC/2016/COLOR/Robust marks/03.30-14.50/IMG_1682.JPG,IMG_1682.JPG,HFW12-F7_2016_201603301450_IMG_1682.jpg,0.9292570948600769,837.1763916015625,152.80178833007812,393.3203125,819.599609375,2048,1536,393,819
HFW12-F7,2016,201603301450,CC,1,/Volumes/Seagate Portable Drive/KYLE_AI_DATABASE/A_CAMERA/Focal_species/Gulo gulo/HFW12-F7/CC/2016/COLOR/Robust marks/03.30-14.50/IMG_1683.JPG,IMG_1683.JPG,HFW12-F7_2016_201603301450_IMG_1683.jpg,0.9095649123191833,831.7108154296875,198.08445739746094,399.07177734375,772.1915893554688,2048,1536,399,772
HFW12-F7,2016,201603301450,CC,1,/Volumes/Seagate Portable Drive/KYLE_AI_DATABASE/A_CAMERA/Focal_species/Gulo gulo/HFW12-F7/CC/2016/COLOR/Robust marks/03.30-14.50/IMG_1684.JPG,IMG_1684.JPG,HFW12-F7_2016_201603301450_IMG_1684.jpg,0.9300267696380615,833.1582641601562,189.41116333007812,397.58782958984375,782.09033203125,2048,1536,397,782
HFW12-F7,2016,201603301450,CC,1,/Volumes/Seagate Portable Drive/KYLE_AI_DATABASE/A_CAMERA/Focal_species/Gulo gulo/HFW12-F7/CC/2016/COLOR/Robust marks/03.30-14.50/IMG_1685.JPG,IMG_1685.JPG,HFW12-F7_2016_201603301450_IMG_1685.jpg,0.9327595829963684,834.7225341796875,195.01144409179688,395.526611328125,776.07373046875,2048,1536,395,776
HFW12-F7,2016,201603301450,CC,1,/Volumes/Seagate Portable Drive/KYLE_AI_DATABASE/A_CAMERA/Focal_species/Gulo gulo/HFW12-F7/CC/2016/COLOR/Robust marks/03.30-14.50/IMG_1686.JPG,IMG_1686.JPG,HFW12-F7_2016_201603301450_IMG_1686.jpg,0.9366973638534546,835.7037353515625,99.09526062011719,397.16552734375,870.736572265625,2048,1536,397,870
HFW12-F7,2016,201603301450,CC,1,/Volumes/Seagate Portable Drive/KYLE_AI_DATABASE/A_CAMERA/Focal_species/Gulo gulo/HFW12-F7/CC/2016/COLOR/Robust marks/03.30-14.50/IMG_1687.JPG,IMG_1687.JPG,HFW12-F7_2016_201603301450_IMG_1687.jpg,0.9249876141548157,835.6918334960938,81.542724609375,396.46112060546875,826.3862915039062,2048,1536,396,826
HFW12-F7,2016,201603301450,CC,1,/Volumes/Seagate Portable Drive/KYLE_AI_DATABASE/A_CAMERA/Focal_species/Gulo gulo/HFW12-F7/CC/2016/COLOR/Robust marks/03.30-14.50/IMG_1688.JPG,IMG_1688.JPG,HFW12-F7_2016_201603301450_IMG_1688.jpg,0.9335391521453857,833.89404296875,224.06808471679688,399.817626953125,682.035400390625,2048,1536,399,682
HFW12-F7,2016,201603301450,CC,1,/Volumes/Seagate Portable Drive/KYLE_AI_DATABASE/A_CAMERA/Focal_species/Gulo gulo/HFW12-F7/CC/2016/COLOR/Robust marks/03.30-14.50/IMG_1689.JPG,IMG_1689.JPG,HFW12-F7_2016_201603301450_IMG_1689.jpg,0.8891754150390625,833.5651245117188,204.2762451171875,398.90899658203125,705.1165771484375,2048,1536,398,705
HFW12-F7,2016,201603301450,CC,1,/Volumes/Seagate Portable Drive/KYLE_AI_DATABASE/A_CAMERA/Focal_species/Gulo gulo/HFW12-F7/CC/2016/COLOR/Robust marks/03.30-14.50/IMG_1690.JPG,IMG_1690.JPG,HFW12-F7_2016_201603301450_IMG_1690.jpg,0.8883585333824158,835.494384765625,107.12823486328125,397.37939453125,818.8869018554688,2048,1536,397,818
HFW12-F7,2016,201603301450,CC,1,/Volumes/Seagate Portable Drive/KYLE_AI_DATABASE/A_CAMERA/Focal_species/Gulo gulo/HFW12-F7/CC/2016/COLOR/Robust marks/03.30-14.50/IMG_1691.JPG,IMG_1691.JPG,HFW12-F7_2016_201603301450_IMG_1691.jpg,0.9073076248168945,836.6160888671875,191.46006774902344,393.55810546875,779.2808837890625,2048,1536,393,779
HFW12-F7,2016,201603301450,CC,1,/Volumes/Seagate Portable Drive/KYLE_AI_DATABASE/A_CAMERA/Focal_species/Gulo gulo/HFW12-F7/CC/2016/COLOR/Robust marks/03.30-14.50/IMG_1692.JPG,IMG_1692.JPG,HFW12-F7_2016_201603301450_IMG_1692.jpg,0.9345332980155945,837.03564453125,213.72377014160156,394.43505859375,756.930419921875,2048,1536,394,756
HFW12-F7,2016,201603301450,CC,1,/Volumes/Seagate Portable Drive/KYLE_AI_DATABASE/A_CAMERA/Focal_species/Gulo gulo/HFW12-F7/CC/2016/COLOR/Robust marks/03.30-14.50/IMG_1693.JPG,IMG_1693.JPG,HFW12-F7_2016_201603301450_IMG_1693.jpg,0.9371522068977356,837.7674560546875,188.4485321044922,393.408447265625,779.9677124023438,2048,1536,393,779
HFW12-F7,2016,201603301450,CC,1,/Volumes/Seagate Portable Drive/KYLE_AI_DATABASE/A_CAMERA/Focal_species/Gulo gulo/HFW12-F7/CC/2016/COLOR/Robust marks/03.30-14.50/IMG_1694.JPG,IMG_1694.JPG,HFW12-F7_2016_201603301450_IMG_1694.jpg,0.9123649597167969,837.0625610351562,167.61428833007812,395.21795654296875,802.0545654296875,2048,1536,395,802
HFW12-F7,2016,201603301450,CC,1,/Volumes/Seagate Portable Drive/KYLE_AI_DATABASE/A_CAMERA/Focal_species/Gulo gulo/HFW12-F7/CC/2016/COLOR/Robust marks/03.30-14.50/IMG_1695.JPG,IMG_1695.JPG,HFW12-F7_2016_201603301450_IMG_1695.jpg,0.9397866725921631,836.8485107421875,190.4926300048828,396.4345703125,780.6555786132812,2048,1536,396,780
HFW12-F7,2016,201603301450,CC,1,/Volumes/Seagate Portable Drive/KYLE_AI_DATABASE/A_CAMERA/Focal_species/Gulo gulo/HFW12-F7/CC/2016/COLOR/Robust marks/03.30-14.50/IMG_1696.JPG,IMG_1696.JPG,HFW12-F7_2016_201603301450_IMG_1696.jpg,0.9163942337036133,837.7057495117188,153.6449432373047,392.09210205078125,825.28466796875,2048,1536,392,825
HFW12-F7,2016,201603301450,CC,1,/Volumes/Seagate Portable Drive/KYLE_AI_DATABASE/A_CAMERA/Focal_species/Gulo gulo/HFW12-F7/CC/2016/COLOR/Robust marks/03.30-14.50/IMG_1697.JPG,IMG_1697.JPG,HFW12-F7_2016_201603301450_IMG_1697.jpg,0.9049899578094482,839.8428955078125,186.708984375,394.80712890625,813.2748413085938,2048,1536,394,813
HFW12-F7,2016,201603301450,CC,1,/Volumes/Seagate Portable Drive/KYLE_AI_DATABASE/A_CAMERA/Focal_species/Gulo gulo/HFW12-F7/CC/2016/COLOR/Robust marks/03.30-14.50/IMG_1698.JPG,IMG_1698.JPG,HFW12-F7_2016_201603301450_IMG_1698.jpg,0.8857726454734802,841.3785400390625,199.8109130859375,391.81298828125,756.1453857421875,2048,1536,391,756
HFW12-F7,2016,201603301450,CC,1,/Volumes/Seagate Portable Drive/KYLE_AI_DATABASE/A_CAMERA/Focal_species/Gulo gulo/HFW12-F7/CC/2016/COLOR/Robust marks/03.30-14.50/IMG_1699.JPG,IMG_1699.JPG,HFW12-F7_2016_201603301450_IMG_1699.jpg,0.9200327396392822,841.6278686523438,186.66741943359375,393.42095947265625,787.2393188476562,2048,1536,393,787
HFW12-F7,2016,201603301450,CC,1,/Volumes/Seagate Portable Drive/KYLE_AI_DATABASE/A_CAMERA/Focal_species/Gulo gulo/HFW12-F7/CC/2016/COLOR/Robust marks/03.30-14.50/IMG_1700.JPG,IMG_1700.JPG,HFW12-F7_2016_201603301450_IMG_1700.jpg,0.8964013457298279,831.9832153320312,184.33163452148438,402.61370849609375,861.459716796875,2048,1536,402,861
HFW12-F7,2016,201603301450,CC,1,/Volumes/Seagate Portable Drive/KYLE_AI_DATABASE/A_CAMERA/Focal_species/Gulo gulo/HFW12-F7/CC/2016/COLOR/Robust marks/03.30-14.50/IMG_1701.JPG,IMG_1701.JPG,HFW12-F7_2016_201603301450_IMG_1701.jpg,0.9021239280700684,837.3571166992188,203.2401580810547,396.44012451171875,779.5716552734375,2048,1536,396,779
HFW12-F7,2016,201603301450,CC,1,/Volumes/Seagate Portable Drive/KYLE_AI_DATABASE/A_CAMERA/Focal_species/Gulo gulo/HFW12-F7/CC/2016/COLOR/Robust marks/03.30-14.50/IMG_1702.JPG,IMG_1702.JPG,HFW12-F7_2016_201603301450_IMG_1702.jpg,0.92326819896698,834.0051879882812,185.56375122070312,399.94171142578125,784.0909423828125,2048,1536,399,784
HFW12-F7,2016,201603301450,CC,1,/Volumes/Seagate Portable Drive/KYLE_AI_DATABASE/A_CAMERA/Focal_species/Gulo gulo/HFW12-F7/CC/2016/COLOR/Robust marks/03.30-14.50/IMG_1703.JPG,IMG_1703.JPG,HFW12-F7_2016_201603301450_IMG_1703.jpg,0.88605135679245,838.7686157226562,182.40760803222656,397.16888427734375,783.0460205078125,2048,1536,397,783
HFW12-F7,2016,201603301450,CC,1,/Volumes/Seagate Portable Drive/KYLE_AI_DATABASE/A_CAMERA/Focal_species/Gulo gulo/HFW12-F7/CC/2016/COLOR/Robust marks/03.30-14.50/IMG_1704.JPG,IMG_1704.JPG,HFW12-F7_2016_201603301450_IMG_1704.jpg,0.8531602621078491,833.5848388671875,176.69778442382812,401.5986328125,769.6915283203125,2048,1536,401,769
HFW12-F7,2016,201603301450,CC,1,/Volumes/Seagate Portable Drive/KYLE_AI_DATABASE/A_CAMERA/Focal_species/Gulo gulo/HFW12-F7/CC/2016/COLOR/Robust marks/03.30-14.50/IMG_1705.JPG,IMG_1705.JPG,HFW12-F7_2016_201603301450_IMG_1705.jpg,0.9072152972221375,843.3854370117188,161.6810302734375,390.88287353515625,806.34521484375,2048,1536,390,806
HFW12-F7,2016,201603301450,CC,1,/Volumes/Seagate Portable Drive/KYLE_AI_DATABASE/A_CAMERA/Focal_species/Gulo gulo/HFW12-F7/CC/2016/COLOR/Robust marks/03.30-14.50/IMG_1706.JPG,IMG_1706.JPG,HFW12-F7_2016_201603301450_IMG_1706.jpg,0.8999358415603638,842.055908203125,165.3581085205078,391.176025390625,797.7070922851562,2048,1536,391,797
HFW12-F7,2016,201603301450,CC,1,/Volumes/Seagate Portable Drive/KYLE_AI_DATABASE/A_CAMERA/Focal_species/Gulo gulo/HFW12-F7/CC/2016/COLOR/Robust marks/03.30-14.50/IMG_1707.JPG,IMG_1707.JPG,HFW12-F7_2016_201603301450_IMG_1707.jpg,0.9206564426422119,843.4507446289062,148.57260131835938,389.40252685546875,819.0799560546875,2048,1536,389,819
HFW12-F7,2016,201603301450,CC,1,/Volumes/Seagate Portable Drive/KYLE_AI_DATABASE/A_CAMERA/Focal_species/Gulo gulo/HFW12-F7/CC/2016/COLOR/Robust marks/03.30-14.50/IMG_1708.JPG,IMG_1708.JPG,HFW12-F7_2016_201603301450_IMG_1708.jpg,0.9218177795410156,839.8569946289062,162.2904052734375,395.77325439453125,828.0350341796875,2048,1536,395,828
HFW12-F7,2016,201603301450,CC,1,/Volumes/Seagate Portable Drive/KYLE_AI_DATABASE/A_CAMERA/Focal_species/Gulo gulo/HFW12-F7/CC/2016/COLOR/Robust marks/03.30-14.50/IMG_1709.JPG,IMG_1709.JPG,HFW12-F7_2016_201603301450_IMG_1709.jpg,0.9531026482582092,831.4705810546875,169.97268676757812,403.274169921875,837.0548095703125,2048,1536,403,837
HFW12-F7,2016,201603301450,CC,1,/Volumes/Seagate Portable Drive/KYLE_AI_DATABASE/A_CAMERA/Focal_species/Gulo gulo/HFW12-F7/CC/2016/COLOR/Robust marks/03.30-14.50/IMG_1710.JPG,IMG_1710.JPG,HFW12-F7_2016_201603301450_IMG_1710.jpg,0.9413225054740906,832.2444458007812,173.5813751220703,402.51556396484375,835.5344848632812,2048,1536,402,835
HFW12-F7,2016,201603301450,CC,1,/Volumes/Seagate Portable Drive/KYLE_AI_DATABASE/A_CAMERA/Focal_species/Gulo gulo/HFW12-F7/CC/2016/COLOR/Robust marks/03.30-14.50/IMG_1711.JPG,IMG_1711.JPG,HFW12-F7_2016_201603301450_IMG_1711.jpg,0.9417226314544678,832.3687744140625,199.830322265625,399.694580078125,807.97216796875,2048,1536,399,807
HFW12-F7,2016,201603301450,CC,1,/Volumes/Seagate Portable Drive/KYLE_AI_DATABASE/A_CAMERA/Focal_species/Gulo gulo/HFW12-F7/CC/2016/COLOR/Robust marks/03.30-14.50/IMG_1712.JPG,IMG_1712.JPG,HFW12-F7_2016_201603301450_IMG_1712.jpg,0.9386493563652039,831.224365234375,183.828369140625,400.008544921875,890.0150146484375,2048,1536,400,890
HFW12-F7,2016,201603301450,CC,1,/Volumes/Seagate Portable Drive/KYLE_AI_DATABASE/A_CAMERA/Focal_species/Gulo gulo/HFW12-F7/CC/2016/COLOR/Robust marks/03.30-14.50/IMG_1713.JPG,IMG_1713.JPG,HFW12-F7_2016_201603301450_IMG_1713.jpg,0.930288553237915,832.0860595703125,189.63336181640625,400.60595703125,879.8927612304688,2048,1536,400,879
HFW12-F7,2016,201603301450,CC,1,/Volumes/Seagate Portable Drive/KYLE_AI_DATABASE/A_CAMERA/Focal_species/Gulo gulo/HFW12-F7/CC/2016/COLOR/Robust marks/03.30-14.50/IMG_1714.JPG,IMG_1714.JPG,HFW12-F7_2016_201603301450_IMG_1714.jpg,0.9178061485290527,832.588134765625,191.9974822998047,399.614013671875,847.0554809570312,2048,1536,399,847
HFW12-F7,2016,201603301450,CC,1,/Volumes/Seagate Portable Drive/KYLE_AI_DATABASE/A_CAMERA/Focal_species/Gulo gulo/HFW12-F7/CC/2016/COLOR/Robust marks/03.30-14.50/IMG_1715.JPG,IMG_1715.JPG,HFW12-F7_2016_201603301450_IMG_1715.jpg,0.9206611514091492,832.5665283203125,189.71328735351562,400.290283203125,851.6029052734375,2048,1536,400,851
HFW12-F7,2016,201603301450,CC,1,/Volumes/Seagate Portable Drive/KYLE_AI_DATABASE/A_CAMERA/Focal_species/Gulo gulo/HFW12-F7/CC/2016/COLOR/Robust marks/03.30-14.50/IMG_1716.JPG,IMG_1716.JPG,HFW12-F7_2016_201603301450_IMG_1716.jpg,0.9219784736633301,831.44970703125,189.2443084716797,400.76171875,853.2611694335938,2048,1536,400,853
HFW12-F7,2016,201603301450,CC,1,/Volumes/Seagate Portable Drive/KYLE_AI_DATABASE/A_CAMERA/Focal_species/Gulo gulo/HFW12-F7/CC/2016/COLOR/Robust marks/03.30-14.50/IMG_1717.JPG,IMG_1717.JPG,HFW12-F7_2016_201603301450_IMG_1717.jpg,0.9365662932395935,831.1781005859375,184.92677307128906,401.09619140625,886.64306640625,2048,1536,401,886
HFW12-F7,2016,201603301450,CC,1,/Volumes/Seagate Portable Drive/KYLE_AI_DATABASE/A_CAMERA/Focal_species/Gulo gulo/HFW12-F7/CC/2016/COLOR/Robust marks/03.30-14.50/IMG_1718.JPG,IMG_1718.JPG,HFW12-F7_2016_201603301450_IMG_1718.jpg,0.936776340007782,830.9412231445312,184.82620239257812,401.62762451171875,883.7225341796875,2048,1536,401,883
HFW12-F7,2016,201603301450,CC,1,/Volumes/Seagate Portable Drive/KYLE_AI_DATABASE/A_CAMERA/Focal_species/Gulo gulo/HFW12-F7/CC/2016/COLOR/Robust marks/03.30-14.50/IMG_1719.JPG,IMG_1719.JPG,HFW12-F7_2016_201603301450_IMG_1719.jpg,0.9060630202293396,832.8798828125,191.11117553710938,401.307861328125,746.49365234375,2048,1536,401,746
HFW12-F7,2016,201603301450,CC,1,/Volumes/Seagate Portable Drive/KYLE_AI_DATABASE/A_CAMERA/Focal_species/Gulo gulo/HFW12-F7/CC/2016/COLOR/Robust marks/03.30-14.50/IMG_1720.JPG,IMG_1720.JPG,HFW12-F7_2016_201603301450_IMG_1720.jpg,0.8755764961242676,834.4874877929688,167.50497436523438,399.32623291015625,768.1986083984375,2048,1536,399,768
HFW12-F7,2016,201603301450,CC,1,/Volumes/Seagate Portable Drive/KYLE_AI_DATABASE/A_CAMERA/Focal_species/Gulo gulo/HFW12-F7/CC/2016/COLOR/Robust marks/03.30-14.50/IMG_1721.JPG,IMG_1721.JPG,HFW12-F7_2016_201603301450_IMG_1721.jpg,0.9148993492126465,834.9749145507812,212.61312866210938,400.03997802734375,756.7972412109375,2048,1536,400,756
HFW12-F7,2016,201603301450,CC,1,/Volumes/Seagate Portable Drive/KYLE_AI_DATABASE/A_CAMERA/Focal_species/Gulo gulo/HFW12-F7/CC/2016/COLOR/Robust marks/03.30-14.50/IMG_1722.JPG,IMG_1722.JPG,HFW12-F7_2016_201603301450_IMG_1722.jpg,0.9218065142631531,832.49658203125,216.3863983154297,401.04296875,751.4977416992188,2048,1536,401,751
HFW12-F7,2016,201603301450,CC,1,/Volumes/Seagate Portable Drive/KYLE_AI_DATABASE/A_CAMERA/Focal_species/Gulo gulo/HFW12-F7/CC/2016/COLOR/Robust marks/03.30-14.50/IMG_1723.JPG,IMG_1723.JPG,HFW12-F7_2016_201603301450_IMG_1723.jpg,0.9106568694114685,836.4049072265625,204.90582275390625,398.90869140625,777.0827026367188,2048,1536,398,777
HFW12-F7,2016,201603301450,CC,1,/Volumes/Seagate Portable Drive/KYLE_AI_DATABASE/A_CAMERA/Focal_species/Gulo gulo/HFW12-F7/CC/2016/COLOR/Robust marks/03.30-14.50/IMG_1724.JPG,IMG_1724.JPG,HFW12-F7_2016_201603301450_IMG_1724.jpg,0.916910707950592,835.14697265625,204.87657165527344,400.06396484375,771.2079467773438,2048,1536,400,771
HFW12-F7,2016,201603301450,CC,1,/Volumes/Seagate Portable Drive/KYLE_AI_DATABASE/A_CAMERA/Focal_species/Gulo gulo/HFW12-F7/CC/2016/COLOR/Robust marks/03.30-14.50/IMG_1725.JPG,IMG_1725.JPG,HFW12-F7_2016_201603301450_IMG_1725.jpg,0.9223287105560303,837.0748901367188,215.40696716308594,398.25030517578125,761.7445068359375,2048,1536,398,761
HFW12-F7,2016,201603301450,CC,1,/Volumes/Seagate Portable Drive/KYLE_AI_DATABASE/A_CAMERA/Focal_species/Gulo gulo/HFW12-F7/CC/2016/COLOR/Robust marks/03.30-14.50/IMG_1726.JPG,IMG_1726.JPG,HFW12-F7_2016_201603301450_IMG_1726.jpg,0.9248549938201904,835.7662963867188,221.57904052734375,397.78106689453125,754.1107177734375,2048,1536,397,754
HFW12-F7,2016,201603301450,CC,1,/Volumes/Seagate Portable Drive/KYLE_AI_DATABASE/A_CAMERA/Focal_species/Gulo gulo/HFW12-F7/CC/2016/COLOR/Robust marks/03.30-14.50/IMG_1727.JPG,IMG_1727.JPG,HFW12-F7_2016_201603301450_IMG_1727.jpg,0.8977036476135254,835.2933349609375,216.5643310546875,399.022705078125,755.9503173828125,2048,1536,399,755
HFW12-F7,2016,201603301450,CC,1,/Volumes/Seagate Portable Drive/KYLE_AI_DATABASE/A_CAMERA/Focal_species/Gulo gulo/HFW12-F7/CC/2016/COLOR/Robust marks/03.30-14.50/IMG_1728.JPG,IMG_1728.JPG,HFW12-F7_2016_201603301450_IMG_1728.jpg,0.9242203235626221,834.611083984375,222.74368286132812,399.578369140625,733.8485107421875,2048,1536,399,733
HFW12-F7,2016,201603301450,CC,1,/Volumes/Seagate Portable Drive/KYLE_AI_DATABASE/A_CAMERA/Focal_species/Gulo gulo/HFW12-F7/CC/2016/COLOR/Robust marks/03.30-14.50/IMG_1729.JPG,IMG_1729.JPG,HFW12-F7_2016_201603301450_IMG_1729.jpg,0.9218828082084656,836.3202514648438,219.19134521484375,399.33514404296875,698.4479370117188,2048,1536,399,698
HFW12-F7,2016,201603301450,CC,1,/Volumes/Seagate Portable Drive/KYLE_AI_DATABASE/A_CAMERA/Focal_species/Gulo gulo/HFW12-F7/CC/2016/COLOR/Robust marks/03.30-14.50/IMG_1730.JPG,IMG_1730.JPG,HFW12-F7_2016_201603301450_IMG_1730.jpg,0.9311933517456055,836.48193359375,221.44891357421875,398.389404296875,714.5797729492188,2048,1536,398,714
HFW12-F7,2016,201603301450,CC,1,/Volumes/Seagate Portable Drive/KYLE_AI_DATABASE/A_CAMERA/Focal_species/Gulo gulo/HFW12-F7/CC/2016/COLOR/Robust marks/03.30-14.50/IMG_1731.JPG,IMG_1731.JPG,HFW12-F7_2016_201603301450_IMG_1731.jpg,0.9112575650215149,835.7086181640625,188.3085479736328,400.021240234375,720.0780639648438,2048,1536,400,720
HFW12-F7,2016,201603301450,CC,1,/Volumes/Seagate Portable Drive/KYLE_AI_DATABASE/A_CAMERA/Focal_species/Gulo gulo/HFW12-F7/CC/2016/COLOR/Robust marks/03.30-14.50/IMG_1732.JPG,IMG_1732.JPG,HFW12-F7_2016_201603301450_IMG_1732.jpg,0.9430016875267029,839.37158203125,157.31373596191406,398.485595703125,849.551025390625,2048,1536,398,849
HFW12-F7,2016,201603301450,CC,1,/Volumes/Seagate Portable Drive/KYLE_AI_DATABASE/A_CAMERA/Focal_species/Gulo gulo/HFW12-F7/CC/2016/COLOR/Robust marks/03.30-14.50/IMG_1733.JPG,IMG_1733.JPG,HFW12-F7_2016_201603301450_IMG_1733.jpg,0.9438259601593018,838.074951171875,167.698974609375,400.9326171875,850.1749267578125,2048,1536,400,850
HFW12-F7,2016,201603301450,CC,1,/Volumes/Seagate Portable Drive/KYLE_AI_DATABASE/A_CAMERA/Focal_species/Gulo gulo/HFW12-F7/CC/2016/COLOR/Robust marks/03.30-14.50/IMG_1734.JPG,IMG_1734.JPG,HFW12-F7_2016_201603301450_IMG_1734.jpg,0.9410201907157898,838.6705322265625,162.6573944091797,399.998779296875,858.5089721679688,2048,1536,399,858
HFW12-F7,2016,201603301450,CC,1,/Volumes/Seagate Portable Drive/KYLE_AI_DATABASE/A_CAMERA/Focal_species/Gulo gulo/HFW12-F7/CC/2016/COLOR/Robust marks/03.30-14.50/IMG_1735.JPG,IMG_1735.JPG,HFW12-F7_2016_201603301450_IMG_1735.jpg,0.9224740266799927,838.2418212890625,163.29721069335938,400.485107421875,857.7698974609375,2048,1536,400,857
HFW12-F7,2016,201603301450,CC,1,/Volumes/Seagate Portable Drive/KYLE_AI_DATABASE/A_CAMERA/Focal_species/Gulo gulo/HFW12-F7/CC/2016/COLOR/Robust marks/03.30-14.50/IMG_1736.JPG,IMG_1736.JPG,HFW12-F7_2016_201603301450_IMG_1736.jpg,0.9095120429992676,839.2440185546875,181.01348876953125,399.884765625,836.7482299804688,2048,1536,399,836
HFW12-F7,2016,201603301450,CC,1,/Volumes/Seagate Portable Drive/KYLE_AI_DATABASE/A_CAMERA/Focal_species/Gulo gulo/HFW12-F7/CC/2016/COLOR/Robust marks/03.30-14.50/IMG_1737.JPG,IMG_1737.JPG,HFW12-F7_2016_201603301450_IMG_1737.jpg,0.9096165895462036,838.8095703125,201.03016662597656,400.58740234375,832.4464111328125,2048,1536,400,832
HFW12-F7,2016,201603301450,CC,1,/Volumes/Seagate Portable Drive/KYLE_AI_DATABASE/A_CAMERA/Focal_species/Gulo gulo/HFW12-F7/CC/2016/COLOR/Robust marks/03.30-14.50/IMG_1738.JPG,IMG_1738.JPG,HFW12-F7_2016_201603301450_IMG_1738.jpg,0.9312232732772827,838.7861328125,172.26644897460938,399.82421875,868.5484619140625,2048,1536,399,868
HFW12-F7,2016,201603301450,CC,1,/Volumes/Seagate Portable Drive/KYLE_AI_DATABASE/A_CAMERA/Focal_species/Gulo gulo/HFW12-F7/CC/2016/COLOR/Robust marks/03.30-14.50/IMG_1739.JPG,IMG_1739.JPG,HFW12-F7_2016_201603301450_IMG_1739.jpg,0.9423139691352844,839.125,175.85133361816406,398.8916015625,844.2200927734375,2048,1536,398,844
HFW12-F7,2016,201603301450,CC,1,/Volumes/Seagate Portable Drive/KYLE_AI_DATABASE/A_CAMERA/Focal_species/Gulo gulo/HFW12-F7/CC/2016/COLOR/Robust marks/03.30-14.50/IMG_1740.JPG,IMG_1740.JPG,HFW12-F7_2016_201603301450_IMG_1740.jpg,0.9407827854156494,838.5615234375,172.3433074951172,400.569091796875,867.9432983398438,2048,1536,400,867
HFW12-F7,2016,201603301450,CC,1,/Volumes/Seagate Portable Drive/KYLE_AI_DATABASE/A_CAMERA/Focal_species/Gulo gulo/HFW12-F7/CC/2016/COLOR/Robust marks/03.30-14.50/IMG_1741.JPG,IMG_1741.JPG,HFW12-F7_2016_201603301450_IMG_1741.jpg,0.9428402185440063,837.793212890625,169.46022033691406,395.37548828125,803.7316284179688,2048,1536,395,803
HFW12-F7,2016,201603301450,CC,1,/Volumes/Seagate Portable Drive/KYLE_AI_DATABASE/A_CAMERA/Focal_species/Gulo gulo/HFW12-F7/CC/2016/COLOR/Robust marks/03.30-14.50/IMG_1742.JPG,IMG_1742.JPG,HFW12-F7_2016_201603301450_IMG_1742.jpg,0.9106838703155518,838.2978515625,200.0142059326172,395.0244140625,803.6732788085938,2048,1536,395,803
HFW12-F7,2016,201603301450,CC,1,/Volumes/Seagate Portable Drive/KYLE_AI_DATABASE/A_CAMERA/Focal_species/Gulo gulo/HFW12-F7/CC/2016/COLOR/Robust marks/03.30-14.50/IMG_1743.JPG,IMG_1743.JPG,HFW12-F7_2016_201603301450_IMG_1743.jpg,0.9165825247764587,831.7817993164062,189.30418395996094,401.00909423828125,840.6474609375,2048,1536,401,840
HFW12-F7,2016,201603301450,CC,1,/Volumes/Seagate Portable Drive/KYLE_AI_DATABASE/A_CAMERA/Focal_species/Gulo gulo/HFW12-F7/CC/2016/COLOR/Robust marks/03.30-14.50/IMG_1744.JPG,IMG_1744.JPG,HFW12-F7_2016_201603301450_IMG_1744.jpg,0.9392741918563843,832.5852661132812,191.91522216796875,398.53094482421875,815.3994750976562,2048,1536,398,815
HFW12-F7,2016,201603301450,CC,1,/Volumes/Seagate Portable Drive/KYLE_AI_DATABASE/A_CAMERA/Focal_species/Gulo gulo/HFW12-F7/CC/2016/COLOR/Robust marks/03.30-14.50/IMG_1745.JPG,IMG_1745.JPG,HFW12-F7_2016_201603301450_IMG_1745.jpg,0.9319645166397095,835.0411376953125,165.29896545410156,396.9453125,816.6905517578125,2048,1536,396,816
HFW12-F7,2016,201603301450,CC,1,/Volumes/Seagate Portable Drive/KYLE_AI_DATABASE/A_CAMERA/Focal_species/Gulo gulo/HFW12-F7/CC/2016/COLOR/Robust marks/03.30-14.50/IMG_1746.JPG,IMG_1746.JPG,HFW12-F7_2016_201603301450_IMG_1746.jpg,0.9347849488258362,836.6939086914062,168.3365020751953,397.56365966796875,834.8068237304688,2048,1536,397,834
HFW12-F7,2016,201603301450,CC,1,/Volumes/Seagate Portable Drive/KYLE_AI_DATABASE/A_CAMERA/Focal_species/Gulo gulo/HFW12-F7/CC/2016/COLOR/Robust marks/03.30-14.50/IMG_1747.JPG,IMG_1747.JPG,HFW12-F7_2016_201603301450_IMG_1747.jpg,0.93818598985672,837.5235595703125,179.21539306640625,395.49560546875,828.5570068359375,2048,1536,395,828
HFW12-F7,2016,201603301450,CC,1,/Volumes/Seagate Portable Drive/KYLE_AI_DATABASE/A_CAMERA/Focal_species/Gulo gulo/HFW12-F7/CC/2016/COLOR/Robust marks/03.30-14.50/IMG_1748.JPG,IMG_1748.JPG,HFW12-F7_2016_201603301450_IMG_1748.jpg,0.9322889447212219,837.7035522460938,172.28924560546875,393.69488525390625,799.8497924804688,2048,1536,393,799
HFW12-F7,2016,201603301450,CC,1,/Volumes/Seagate Portable Drive/KYLE_AI_DATABASE/A_CAMERA/Focal_species/Gulo gulo/HFW12-F7/CC/2016/COLOR/Robust marks/03.30-14.50/IMG_1749.JPG,IMG_1749.JPG,HFW12-F7_2016_201603301450_IMG_1749.jpg,0.903374195098877,836.6088256835938,196.44493103027344,398.30865478515625,775.5693359375,2048,1536,398,775
HFW12-F7,2016,201603301450,CC,1,/Volumes/Seagate Portable Drive/KYLE_AI_DATABASE/A_CAMERA/Focal_species/Gulo gulo/HFW12-F7/CC/2016/COLOR/Robust marks/03.30-14.50/IMG_1750.JPG,IMG_1750.JPG,HFW12-F7_2016_201603301450_IMG_1750.jpg,0.9326280355453491,837.8990478515625,169.40533447265625,394.58349609375,801.78955078125,2048,1536,394,801
HFW12-F7,2016,201603301450,CC,1,/Volumes/Seagate Portable Drive/KYLE_AI_DATABASE/A_CAMERA/Focal_species/Gulo gulo/HFW12-F7/CC/2016/COLOR/Robust marks/03.30-14.50/IMG_1751.JPG,IMG_1751.JPG,HFW12-F7_2016_201603301450_IMG_1751.jpg,0.8998568058013916,833.7817993164062,224.2863006591797,400.34722900390625,780.0762939453125,2048,1536,400,780
HFW12-F7,2016,201603301450,CC,1,/Volumes/Seagate Portable Drive/KYLE_AI_DATABASE/A_CAMERA/Focal_species/Gulo gulo/HFW12-F7/CC/2016/COLOR/Robust marks/03.30-14.50/IMG_1752.JPG,IMG_1752.JPG,HFW12-F7_2016_201603301450_IMG_1752.jpg,0.9137356877326965,831.0198974609375,227.5015869140625,403.469970703125,809.0755615234375,2048,1536,403,809
HFW12-F7,2016,201603301450,CC,1,/Volumes/Seagate Portable Drive/KYLE_AI_DATABASE/A_CAMERA/Focal_species/Gulo gulo/HFW12-F7/CC/2016/COLOR/Robust marks/03.30-14.50/IMG_1753.JPG,IMG_1753.JPG,HFW12-F7_2016_201603301450_IMG_1753.jpg,0.9054379463195801,831.1131591796875,226.9801025390625,402.895263671875,821.6365966796875,2048,1536,402,821
HFW12-F7,2016,201603301450,CC,1,/Volumes/Seagate Portable Drive/KYLE_AI_DATABASE/A_CAMERA/Focal_species/Gulo gulo/HFW12-F7/CC/2016/COLOR/Robust marks/03.30-14.50/IMG_1754.JPG,IMG_1754.JPG,HFW12-F7_2016_201603301450_IMG_1754.jpg,0.9020363688468933,836.7894897460938,221.98233032226562,394.71209716796875,755.268310546875,2048,1536,394,755
HFW12-F7,2016,201603301450,CC,1,/Volumes/Seagate Portable Drive/KYLE_AI_DATABASE/A_CAMERA/Focal_species/Gulo gulo/HFW12-F7/CC/2016/COLOR/Robust marks/03.30-14.50/IMG_1755.JPG,IMG_1755.JPG,HFW12-F7_2016_201603301450_IMG_1755.jpg,0.91534423828125,836.9964599609375,123.21766662597656,394.765380859375,838.9724731445312,2048,1536,394,838
HFW12-F7,2016,201603301450,CC,1,/Volumes/Seagate Portable Drive/KYLE_AI_DATABASE/A_CAMERA/Focal_species/Gulo gulo/HFW12-F7/CC/2016/COLOR/Robust marks/03.30-14.50/IMG_1756.JPG,IMG_1756.JPG,HFW12-F7_2016_201603301450_IMG_1756.jpg,0.8736384510993958,834.5863037109375,202.83547973632812,399.743408203125,711.5701904296875,2048,1536,399,711
HFW12-F7,2016,201603301450,CC,1,/Volumes/Seagate Portable Drive/KYLE_AI_DATABASE/A_CAMERA/Focal_species/Gulo gulo/HFW12-F7/CC/2016/COLOR/Robust marks/03.30-14.50/IMG_1757.JPG,IMG_1757.JPG,HFW12-F7_2016_201603301450_IMG_1757.jpg,0.9064688682556152,839.6189575195312,164.09225463867188,392.25262451171875,806.6192626953125,2048,1536,392,806
HFW12-F7,2016,201603301450,CC,1,/Volumes/Seagate Portable Drive/KYLE_AI_DATABASE/A_CAMERA/Focal_species/Gulo gulo/HFW12-F7/CC/2016/COLOR/Robust marks/03.30-14.50/IMG_1758.JPG,IMG_1758.JPG,HFW12-F7_2016_201603301450_IMG_1758.jpg,0.861084520816803,836.8492431640625,225.234130859375,391.48583984375,724.3489990234375,2048,1536,391,724
HFW12-F7,2016,201603301450,CC,1,/Volumes/Seagate Portable Drive/KYLE_AI_DATABASE/A_CAMERA/Focal_species/Gulo gulo/HFW12-F7/CC/2016/COLOR/Robust marks/03.30-14.50/IMG_1759.JPG,IMG_1759.JPG,HFW12-F7_2016_201603301450_IMG_1759.jpg,0.8600270748138428,837.3147583007812,215.21417236328125,390.60382080078125,748.5301513671875,2048,1536,390,748
HFW12-F7,2016,201603301450,CC,1,/Volumes/Seagate Portable Drive/KYLE_AI_DATABASE/A_CAMERA/Focal_species/Gulo gulo/HFW12-F7/CC/2016/COLOR/Robust marks/03.30-14.50/IMG_1760.JPG,IMG_1760.JPG,HFW12-F7_2016_201603301450_IMG_1760.jpg,0.90048748254776,832.6551513671875,233.85997009277344,396.6376953125,701.0254516601562,2048,1536,396,701
HFW12-F7,2016,201603301450,CC,1,/Volumes/Seagate Portable Drive/KYLE_AI_DATABASE/A_CAMERA/Focal_species/Gulo gulo/HFW12-F7/CC/2016/COLOR/Robust marks/03.30-14.50/IMG_1761.JPG,IMG_1761.JPG,HFW12-F7_2016_201603301450_IMG_1761.jpg,0.8891619443893433,837.4319458007812,186.67999267578125,387.82098388671875,753.8856811523438,2048,1536,387,753
HFW12-F7,2016,201603301450,CC,1,/Volumes/Seagate Portable Drive/KYLE_AI_DATABASE/A_CAMERA/Focal_species/Gulo gulo/HFW12-F7/CC/2016/COLOR/Robust marks/03.30-14.50/IMG_1762.JPG,IMG_1762.JPG,HFW12-F7_2016_201603301450_IMG_1762.jpg,0.9282637238502502,838.7335815429688,140.1097412109375,393.68438720703125,833.2882690429688,2048,1536,393,833
HFW12-F7,2016,201603301450,CC,1,/Volumes/Seagate Portable Drive/KYLE_AI_DATABASE/A_CAMERA/Focal_species/Gulo gulo/HFW12-F7/CC/2016/COLOR/Robust marks/03.30-14.50/IMG_1763.JPG,IMG_1763.JPG,HFW12-F7_2016_201603301450_IMG_1763.jpg,0.910747766494751,831.4933471679688,147.9569549560547,399.31353759765625,770.6873779296875,2048,1536,399,770
HFW12-F7,2016,201603301450,CC,1,/Volumes/Seagate Portable Drive/KYLE_AI_DATABASE/A_CAMERA/Focal_species/Gulo gulo/HFW12-F7/CC/2016/COLOR/Robust marks/03.30-14.50/IMG_1764.JPG,IMG_1764.JPG,HFW12-F7_2016_201603301450_IMG_1764.jpg,0.8854060769081116,839.0699462890625,165.7767791748047,391.21044921875,789.2954711914062,2048,1536,391,789
HFW12-F7,2016,201603301450,CC,1,/Volumes/Seagate Portable Drive/KYLE_AI_DATABASE/A_CAMERA/Focal_species/Gulo gulo/HFW12-F7/CC/2016/COLOR/Robust marks/03.30-14.50/IMG_1765.JPG,IMG_1765.JPG,HFW12-F7_2016_201603301450_IMG_1765.jpg,0.9237329959869385,839.2960815429688,150.0099334716797,392.32379150390625,826.7383422851562,2048,1536,392,826
HFW12-F7,2016,201603301450,CC,1,/Volumes/Seagate Portable Drive/KYLE_AI_DATABASE/A_CAMERA/Focal_species/Gulo gulo/HFW12-F7/CC/2016/COLOR/Robust marks/03.30-14.50/IMG_1766.JPG,IMG_1766.JPG,HFW12-F7_2016_201603301450_IMG_1766.jpg,0.9224949479103088,836.034912109375,207.6529083251953,392.904052734375,799.2246704101562,2048,1536,392,799
HFW12-F7,2016,201603301450,CC,1,/Volumes/Seagate Portable Drive/KYLE_AI_DATABASE/A_CAMERA/Focal_species/Gulo gulo/HFW12-F7/CC/2016/COLOR/Robust marks/03.30-14.50/IMG_1767.JPG,IMG_1767.JPG,HFW12-F7_2016_201603301450_IMG_1767.jpg,0.9358748197555542,834.1184692382812,148.61700439453125,398.04925537109375,858.2883911132812,2048,1536,398,858
HFW12-F7,2016,201603301450,CC,1,/Volumes/Seagate Portable Drive/KYLE_AI_DATABASE/A_CAMERA/Focal_species/Gulo gulo/HFW12-F7/CC/2016/COLOR/Robust marks/03.30-14.50/IMG_1768.JPG,IMG_1768.JPG,HFW12-F7_2016_201603301450_IMG_1768.jpg,0.9097307324409485,830.7264404296875,202.12509155273438,401.88671875,821.1171875,2048,1536,401,821
HFW12-F7,2016,201603301450,CC,1,/Volumes/Seagate Portable Drive/KYLE_AI_DATABASE/A_CAMERA/Focal_species/Gulo gulo/HFW12-F7/CC/2016/COLOR/Robust marks/03.30-14.50/IMG_1769.JPG,IMG_1769.JPG,HFW12-F7_2016_201603301450_IMG_1769.jpg,0.9130524396896362,830.33935546875,154.53451538085938,401.3134765625,910.5706787109375,2048,1536,401,910
HFW12-F7,2016,201603301450,CC,1,/Volumes/Seagate Portable Drive/KYLE_AI_DATABASE/A_CAMERA/Focal_species/Gulo gulo/HFW12-F7/CC/2016/COLOR/Robust marks/03.30-14.50/IMG_1770.JPG,IMG_1770.JPG,HFW12-F7_2016_201603301450_IMG_1770.jpg,0.9444424510002136,835.073974609375,220.43948364257812,399.748046875,754.0810546875,2048,1536,399,754
HFW12-F7,2016,201603301450,CC,1,/Volumes/Seagate Portable Drive/KYLE_AI_DATABASE/A_CAMERA/Focal_species/Gulo gulo/HFW12-F7/CC/2016/COLOR/Robust marks/03.30-14.50/IMG_1771.JPG,IMG_1771.JPG,HFW12-F7_2016_201603301450_IMG_1771.jpg,0.9248824715614319,837.1356201171875,216.47914123535156,401.296142578125,850.1961669921875,2048,1536,401,850
HFW12-F7,2016,201603301450,CC,1,/Volumes/Seagate Portable Drive/KYLE_AI_DATABASE/A_CAMERA/Focal_species/Gulo gulo/HFW12-F7/CC/2016/COLOR/Robust marks/03.30-14.50/IMG_1772.JPG,IMG_1772.JPG,HFW12-F7_2016_201603301450_IMG_1772.jpg,0.9134244322776794,836.375732421875,198.1504669189453,401.291015625,864.3185424804688,2048,1536,401,864
HFW12-F7,2016,201603301450,CC,1,/Volumes/Seagate Portable Drive/KYLE_AI_DATABASE/A_CAMERA/Focal_species/Gulo gulo/HFW12-F7/CC/2016/COLOR/Robust marks/03.30-14.50/IMG_1773.JPG,IMG_1773.JPG,HFW12-F7_2016_201603301450_IMG_1773.jpg,0.9054179787635803,836.7840576171875,176.46286010742188,403.430419921875,877.76611328125,2048,1536,403,877
HFW12-F7,2016,201603301450,CC,1,/Volumes/Seagate Portable Drive/KYLE_AI_DATABASE/A_CAMERA/Focal_species/Gulo gulo/HFW12-F7/CC/2016/COLOR/Robust marks/03.30-14.50/IMG_1774.JPG,IMG_1774.JPG,HFW12-F7_2016_201603301450_IMG_1774.jpg,0.9195264577865601,836.7830810546875,219.60401916503906,400.87744140625,843.217041015625,2048,1536,400,843
HFW12-F7,2016,201603301450,CC,1,/Volumes/Seagate Portable Drive/KYLE_AI_DATABASE/A_CAMERA/Focal_species/Gulo gulo/HFW12-F7/CC/2016/COLOR/Robust marks/03.30-14.50/IMG_1775.JPG,IMG_1775.JPG,HFW12-F7_2016_201603301450_IMG_1775.jpg,0.9286263585090637,835.579345703125,227.71939086914062,402.5634765625,842.3382568359375,2048,1536,402,842
HFW12-F7,2016,201603301450,CC,1,/Volumes/Seagate Portable Drive/KYLE_AI_DATABASE/A_CAMERA/Focal_species/Gulo gulo/HFW12-F7/CC/2016/COLOR/Robust marks/03.30-14.50/IMG_1776.JPG,IMG_1776.JPG,HFW12-F7_2016_201603301450_IMG_1776.jpg,0.9374181032180786,836.279296875,226.39645385742188,401.775634765625,847.2108154296875,2048,1536,401,847
HFW12-F7,2016,201603301450,CC,1,/Volumes/Seagate Portable Drive/KYLE_AI_DATABASE/A_CAMERA/Focal_species/Gulo gulo/HFW12-F7/CC/2016/COLOR/Robust marks/03.30-14.50/IMG_1777.JPG,IMG_1777.JPG,HFW12-F7_2016_201603301450_IMG_1777.jpg,0.9378421902656555,836.6517944335938,227.45201110839844,401.30694580078125,845.072509765625,2048,1536,401,845
HFW12-F7,2016,201603301450,CC,1,/Volumes/Seagate Portable Drive/KYLE_AI_DATABASE/A_CAMERA/Focal_species/Gulo gulo/HFW12-F7/CC/2016/COLOR/Robust marks/03.30-14.50/IMG_1778.JPG,IMG_1778.JPG,HFW12-F7_2016_201603301450_IMG_1778.jpg,0.9288570284843445,837.17236328125,227.50772094726562,400.8271484375,840.819580078125,2048,1536,400,840
HFW12-F7,2016,201603301450,CC,1,/Volumes/Seagate Portable Drive/KYLE_AI_DATABASE/A_CAMERA/Focal_species/Gulo gulo/HFW12-F7/CC/2016/COLOR/Robust marks/03.30-14.50/IMG_1779.JPG,IMG_1779.JPG,HFW12-F7_2016_201603301450_IMG_1779.jpg,0.9318824410438538,836.56103515625,216.2669219970703,401.5234375,853.5287475585938,2048,1536,401,853
HFW12-F7,2016,201603301450,CC,1,/Volumes/Seagate Portable Drive/KYLE_AI_DATABASE/A_CAMERA/Focal_species/Gulo gulo/HFW12-F7/CC/2016/COLOR/Robust marks/03.30-14.50/IMG_1780.JPG,IMG_1780.JPG,HFW12-F7_2016_201603301450_IMG_1780.jpg,0.9211347103118896,835.8519897460938,201.87918090820312,395.18878173828125,774.5906982421875,2048,1536,395,774
HFW12-F7,2016,201603301450,CC,1,/Volumes/Seagate Portable Drive/KYLE_AI_DATABASE/A_CAMERA/Focal_species/Gulo gulo/HFW12-F7/CC/2016/COLOR/Robust marks/03.30-14.50/IMG_1781.JPG,IMG_1781.JPG,HFW12-F7_2016_201603301450_IMG_1781.jpg,0.9138120412826538,829.4923095703125,242.31642150878906,401.764892578125,831.6773681640625,2048,1536,401,831
HFW12-F7,2016,201603301450,CC,1,/Volumes/Seagate Portable Drive/KYLE_AI_DATABASE/A_CAMERA/Focal_species/Gulo gulo/HFW12-F7/CC/2016/COLOR/Robust marks/03.30-14.50/IMG_1782.JPG,IMG_1782.JPG,HFW12-F7_2016_201603301450_IMG_1782.jpg,0.9031550288200378,833.4639892578125,233.5513458251953,395.8916015625,834.1867065429688,2048,1536,395,834
HFW12-F7,2016,201603301450,CC,1,/Volumes/Seagate Portable Drive/KYLE_AI_DATABASE/A_CAMERA/Focal_species/Gulo gulo/HFW12-F7/CC/2016/COLOR/Robust marks/03.30-14.50/IMG_1783.JPG,IMG_1783.JPG,HFW12-F7_2016_201603301450_IMG_1783.jpg,0.869854748249054,828.40625,230.27545166015625,402.28955078125,825.0508422851562,2048,1536,402,825
HFW12-F7,2016,201603301450,CC,1,/Volumes/Seagate Portable Drive/KYLE_AI_DATABASE/A_CAMERA/Focal_species/Gulo gulo/HFW12-F7/CC/2016/COLOR/Robust marks/03.30-14.50/IMG_1784.JPG,IMG_1784.JPG,HFW12-F7_2016_201603301450_IMG_1784.jpg,0.8890221118927002,831.3541259765625,215.32269287109375,400.69677734375,859.9381713867188,2048,1536,400,859
HFW12-F7,2016,201603301450,CC,1,/Volumes/Seagate Portable Drive/KYLE_AI_DATABASE/A_CAMERA/Focal_species/Gulo gulo/HFW12-F7/CC/2016/COLOR/Robust marks/03.30-14.50/IMG_1785.JPG,IMG_1785.JPG,HFW12-F7_2016_201603301450_IMG_1785.jpg,0.8992424011230469,830.5867309570312,220.7703094482422,400.81195068359375,852.9520874023438,2048,1536,400,852
HFW12-F7,2016,201603301450,CC,1,/Volumes/Seagate Portable Drive/KYLE_AI_DATABASE/A_CAMERA/Focal_species/Gulo gulo/HFW12-F7/CC/2016/COLOR/Robust marks/03.30-14.50/IMG_1786.JPG,IMG_1786.JPG,HFW12-F7_2016_201603301450_IMG_1786.jpg,0.9039163589477539,830.3027954101562,215.6367645263672,400.42999267578125,858.5309448242188,2048,1536,400,858
HFW12-F7,2016,201603301450,CC,1,/Volumes/Seagate Portable Drive/KYLE_AI_DATABASE/A_CAMERA/Focal_species/Gulo gulo/HFW12-F7/CC/2016/COLOR/Robust marks/03.30-14.50/IMG_1787.JPG,IMG_1787.JPG,HFW12-F7_2016_201603301450_IMG_1787.jpg,0.8976650238037109,830.3326416015625,224.323974609375,400.4609375,848.158203125,2048,1536,400,848
HFW12-F7,2016,201603301450,CC,1,/Volumes/Seagate Portable Drive/KYLE_AI_DATABASE/A_CAMERA/Focal_species/Gulo gulo/HFW12-F7/CC/2016/COLOR/Robust marks/03.30-14.50/IMG_1788.JPG,IMG_1788.JPG,HFW12-F7_2016_201603301450_IMG_1788.jpg,0.9121792316436768,831.7635498046875,221.42637634277344,398.11328125,851.966796875,2048,1536,398,851
HFW12-F7,2016,201603301450,CC,1,/Volumes/Seagate Portable Drive/KYLE_AI_DATABASE/A_CAMERA/Focal_species/Gulo gulo/HFW12-F7/CC/2016/COLOR/Robust marks/03.30-14.50/IMG_1789.JPG,IMG_1789.JPG,HFW12-F7_2016_201603301450_IMG_1789.jpg,0.9142289161682129,831.4300537109375,224.1587677001953,399.565185546875,846.6599731445312,2048,1536,399,846
HFW12-F7,2016,201603301450,CC,1,/Volumes/Seagate Portable Drive/KYLE_AI_DATABASE/A_CAMERA/Focal_species/Gulo gulo/HFW12-F7/CC/2016/COLOR/Robust marks/03.30-14.50/IMG_1790.JPG,IMG_1790.JPG,HFW12-F7_2016_201603301450_IMG_1790.jpg,0.9230494499206543,833.2318725585938,235.69569396972656,396.29266357421875,836.3988037109375,2048,1536,396,836
HFW12-F7,2016,201603301450,CC,1,/Volumes/Seagate Portable Drive/KYLE_AI_DATABASE/A_CAMERA/Focal_species/Gulo gulo/HFW12-F7/CC/2016/COLOR/Robust marks/03.30-14.50/IMG_1791.JPG,IMG_1791.JPG,HFW12-F7_2016_201603301450_IMG_1791.jpg,0.942876935005188,831.1389770507812,159.78346252441406,395.52923583984375,915.3140869140625,2048,1536,395,915
HFW12-F7,2016,201603301450,CC,1,/Volumes/Seagate Portable Drive/KYLE_AI_DATABASE/A_CAMERA/Focal_species/Gulo gulo/HFW12-F7/CC/2016/COLOR/Robust marks/03.30-14.50/IMG_1792.JPG,IMG_1792.JPG,HFW12-F7_2016_201603301450_IMG_1792.jpg,0.9173517227172852,831.6536865234375,181.98170471191406,394.65576171875,889.603515625,2048,1536,394,889
HFW12-F7,2016,201603301450,CC,1,/Volumes/Seagate Portable Drive/KYLE_AI_DATABASE/A_CAMERA/Focal_species/Gulo gulo/HFW12-F7/CC/2016/COLOR/Robust marks/03.30-14.50/IMG_1793.JPG,IMG_1793.JPG,HFW12-F7_2016_201603301450_IMG_1793.jpg,0.9403009414672852,831.1358032226562,169.06727600097656,397.12298583984375,906.187744140625,2048,1536,397,906
HFW12-F7,2016,201603301450,CC,1,/Volumes/Seagate Portable Drive/KYLE_AI_DATABASE/A_CAMERA/Focal_species/Gulo gulo/HFW12-F7/CC/2016/COLOR/Robust marks/03.30-14.50/IMG_1794.JPG,IMG_1794.JPG,HFW12-F7_2016_201603301450_IMG_1794.jpg,0.906123161315918,831.60498046875,176.03045654296875,396.81396484375,882.3674926757812,2048,1536,396,882
HFW12-F7,2016,201603301450,CC,1,/Volumes/Seagate Portable Drive/KYLE_AI_DATABASE/A_CAMERA/Focal_species/Gulo gulo/HFW12-F7/CC/2016/COLOR/Robust marks/03.30-14.50/IMG_1795.JPG,IMG_1795.JPG,HFW12-F7_2016_201603301450_IMG_1795.jpg,0.9127165675163269,832.0245361328125,163.0474090576172,394.59033203125,911.1952514648438,2048,1536,394,911
HFW12-F7,2016,201603301450,CC,1,/Volumes/Seagate Portable Drive/KYLE_AI_DATABASE/A_CAMERA/Focal_species/Gulo gulo/HFW12-F7/CC/2016/COLOR/Robust marks/03.30-14.50/IMG_1796.JPG,IMG_1796.JPG,HFW12-F7_2016_201603301450_IMG_1796.jpg,0.9331828355789185,831.60888671875,163.166015625,393.83349609375,911.741455078125,2048,1536,393,911
HFW12-F7,2016,201603301450,CC,1,/Volumes/Seagate Portable Drive/KYLE_AI_DATABASE/A_CAMERA/Focal_species/Gulo gulo/HFW12-F7/CC/2016/COLOR/Robust marks/03.30-14.50/IMG_1797.JPG,IMG_1797.JPG,HFW12-F7_2016_201603301450_IMG_1797.jpg,0.937915563583374,831.1644897460938,167.93719482421875,395.94964599609375,906.4649047851562,2048,1536,395,906
HFW12-F7,2016,201603301450,CC,1,/Volumes/Seagate Portable Drive/KYLE_AI_DATABASE/A_CAMERA/Focal_species/Gulo gulo/HFW12-F7/CC/2016/COLOR/Robust marks/03.30-14.50/IMG_1798.JPG,IMG_1798.JPG,HFW12-F7_2016_201603301450_IMG_1798.jpg,0.9327499270439148,831.487060546875,180.52432250976562,396.474365234375,893.0478515625,2048,1536,396,893
HFW12-F7,2016,201603301450,CC,1,/Volumes/Seagate Portable Drive/KYLE_AI_DATABASE/A_CAMERA/Focal_species/Gulo gulo/HFW12-F7/CC/2016/COLOR/Robust marks/03.30-14.50/IMG_1799.JPG,IMG_1799.JPG,HFW12-F7_2016_201603301450_IMG_1799.jpg,0.9213945269584656,832.55615234375,186.65716552734375,393.694580078125,889.4721069335938,2048,1536,393,889
HFW12-F7,2016,201603301450,CC,1,/Volumes/Seagate Portable Drive/KYLE_AI_DATABASE/A_CAMERA/Focal_species/Gulo gulo/HFW12-F7/CC/2016/COLOR/Robust marks/03.30-14.50/IMG_1800.JPG,IMG_1800.JPG,HFW12-F7_2016_201603301450_IMG_1800.jpg,0.9303375482559204,833.1226806640625,153.91717529296875,395.127197265625,920.8313598632812,2048,1536,395,920
HFW12-F7,2016,201603301450,CC,1,/Volumes/Seagate Portable Drive/KYLE_AI_DATABASE/A_CAMERA/Focal_species/Gulo gulo/HFW12-F7/CC/2016/COLOR/Robust marks/03.30-14.50/IMG_1801.JPG,IMG_1801.JPG,HFW12-F7_2016_201603301450_IMG_1801.jpg,0.9362537264823914,829.0096435546875,157.69313049316406,392.377685546875,916.508056640625,2048,1536,392,916
HFW12-F7,2016,201603301450,CC,1,/Volumes/Seagate Portable Drive/KYLE_AI_DATABASE/A_CAMERA/Focal_species/Gulo gulo/HFW12-F7/CC/2016/COLOR/Robust marks/03.30-14.50/IMG_1802.JPG,IMG_1802.JPG,HFW12-F7_2016_201603301450_IMG_1802.jpg,0.9359287619590759,831.5185546875,157.57566833496094,394.402099609375,918.00341796875,2048,1536,394,918
HFW12-F7,2016,201603301450,CC,1,/Volumes/Seagate Portable Drive/KYLE_AI_DATABASE/A_CAMERA/Focal_species/Gulo gulo/HFW12-F7/CC/2016/COLOR/Robust marks/03.30-14.50/IMG_1803.JPG,IMG_1803.JPG,HFW12-F7_2016_201603301450_IMG_1803.jpg,0.9433256387710571,832.249755859375,147.97906494140625,391.034423828125,926.9602661132812,2048,1536,391,926
HFW12-F7,2016,201603301450,CC,1,/Volumes/Seagate Portable Drive/KYLE_AI_DATABASE/A_CAMERA/Focal_species/Gulo gulo/HFW12-F7/CC/2016/COLOR/Robust marks/03.30-14.50/IMG_1804.JPG,IMG_1804.JPG,HFW12-F7_2016_201603301450_IMG_1804.jpg,0.9375025629997253,832.4330444335938,149.80023193359375,388.65606689453125,921.9338989257812,2048,1536,388,921
HFW12-F7,2016,201603301450,CC,1,/Volumes/Seagate Portable Drive/KYLE_AI_DATABASE/A_CAMERA/Focal_species/Gulo gulo/HFW12-F7/CC/2016/COLOR/Robust marks/03.30-14.50/IMG_1805.JPG,IMG_1805.JPG,HFW12-F7_2016_201603301450_IMG_1805.jpg,0.9424203634262085,832.001708984375,151.4487762451172,395.18798828125,922.3092651367188,2048,1536,395,922
HFW12-F7,2016,201603301450,CC,1,/Volumes/Seagate Portable Drive/KYLE_AI_DATABASE/A_CAMERA/Focal_species/Gulo gulo/HFW12-F7/CC/2016/COLOR/Robust marks/03.30-14.50/IMG_1806.JPG,IMG_1806.JPG,HFW12-F7_2016_201603301450_IMG_1806.jpg,0.9406991004943848,832.6572875976562,151.3601531982422,395.70831298828125,922.0438842773438,2048,1536,395,922
HFW12-F7,2016,201603301450,CC,1,/Volumes/Seagate Portable Drive/KYLE_AI_DATABASE/A_CAMERA/Focal_species/Gulo gulo/HFW12-F7/CC/2016/COLOR/Robust marks/03.30-14.50/IMG_1807.JPG,IMG_1807.JPG,HFW12-F7_2016_201603301450_IMG_1807.jpg,0.9420085549354553,831.591552734375,151.3495330810547,394.1357421875,920.5349731445312,2048,1536,394,920
HFW12-F7,2016,201603301450,CC,1,/Volumes/Seagate Portable Drive/KYLE_AI_DATABASE/A_CAMERA/Focal_species/Gulo gulo/HFW12-F7/CC/2016/COLOR/Robust marks/03.30-14.50/IMG_1808.JPG,IMG_1808.JPG,HFW12-F7_2016_201603301450_IMG_1808.jpg,0.9367971420288086,830.0756225585938,157.82748413085938,393.20123291015625,915.4337158203125,2048,1536,393,915
HFW12-F7,2016,201603301450,CC,1,/Volumes/Seagate Portable Drive/KYLE_AI_DATABASE/A_CAMERA/Focal_species/Gulo gulo/HFW12-F7/CC/2016/COLOR/Robust marks/03.30-14.50/IMG_1809.JPG,IMG_1809.JPG,HFW12-F7_2016_201603301450_IMG_1809.jpg,0.9119351506233215,830.7125854492188,158.40476989746094,392.15753173828125,915.86083984375,2048,1536,392,915
HFW12-F7,2016,201603301450,CC,1,/Volumes/Seagate Portable Drive/KYLE_AI_DATABASE/A_CAMERA/Focal_species/Gulo gulo/HFW12-F7/CC/2016/COLOR/Robust marks/03.30-14.50/IMG_1810.JPG,IMG_1810.JPG,HFW12-F7_2016_201603301450_IMG_1810.jpg,0.9382025599479675,831.2425537109375,146.74063110351562,392.662841796875,927.8470458984375,2048,1536,392,927
HFW12-F7,2016,201603301450,CC,1,/Volumes/Seagate Portable Drive/KYLE_AI_DATABASE/A_CAMERA/Focal_species/Gulo gulo/HFW12-F7/CC/2016/COLOR/Robust marks/03.30-14.50/IMG_1811.JPG,IMG_1811.JPG,HFW12-F7_2016_201603301450_IMG_1811.jpg,0.9373899698257446,835.724853515625,167.55899047851562,395.672119140625,849.917236328125,2048,1536,395,849
HFW12-F7,2016,201603301450,CC,1,/Volumes/Seagate Portable Drive/KYLE_AI_DATABASE/A_CAMERA/Focal_species/Gulo gulo/HFW12-F7/CC/2016/COLOR/Robust marks/03.30-14.50/IMG_1812.JPG,IMG_1812.JPG,HFW12-F7_2016_201603301450_IMG_1812.jpg,0.9436872005462646,832.7244873046875,166.28988647460938,398.062744140625,908.8812255859375,2048,1536,398,908
HFW12-F7,2016,201603301450,CC,1,/Volumes/Seagate Portable Drive/KYLE_AI_DATABASE/A_CAMERA/Focal_species/Gulo gulo/HFW12-F7/CC/2016/COLOR/Robust marks/03.30-14.50/IMG_1813.JPG,IMG_1813.JPG,HFW12-F7_2016_201603301450_IMG_1813.jpg,0.938716471195221,831.51318359375,165.7664794921875,399.17626953125,909.1334228515625,2048,1536,399,909
HFW12-F7,2016,201603301450,CC,1,/Volumes/Seagate Portable Drive/KYLE_AI_DATABASE/A_CAMERA/Focal_species/Gulo gulo/HFW12-F7/CC/2016/COLOR/Robust marks/03.30-14.50/IMG_1814.JPG,IMG_1814.JPG,HFW12-F7_2016_201603301450_IMG_1814.jpg,0.9455993175506592,831.4996948242188,167.2694549560547,398.49346923828125,908.4360961914062,2048,1536,398,908
HFW12-F7,2016,201603301450,CC,1,/Volumes/Seagate Portable Drive/KYLE_AI_DATABASE/A_CAMERA/Focal_species/Gulo gulo/HFW12-F7/CC/2016/COLOR/Robust marks/03.30-14.50/IMG_1815.JPG,IMG_1815.JPG,HFW12-F7_2016_201603301450_IMG_1815.jpg,0.9427821636199951,830.8060302734375,163.62474060058594,399.931396484375,913.132568359375,2048,1536,399,913
HFW12-F7,2016,201603301450,CC,1,/Volumes/Seagate Portable Drive/KYLE_AI_DATABASE/A_CAMERA/Focal_species/Gulo gulo/HFW12-F7/CC/2016/COLOR/Robust marks/03.30-14.50/IMG_1816.JPG,IMG_1816.JPG,HFW12-F7_2016_201603301450_IMG_1816.jpg,0.9448341727256775,833.4393920898438,161.10360717773438,396.58721923828125,915.0911865234375,2048,1536,396,915
HFW12-F7,2016,201603301450,CC,1,/Volumes/Seagate Portable Drive/KYLE_AI_DATABASE/A_CAMERA/Focal_species/Gulo gulo/HFW12-F7/CC/2016/COLOR/Robust marks/03.30-14.50/IMG_1817.JPG,IMG_1817.JPG,HFW12-F7_2016_201603301450_IMG_1817.jpg,0.9264086484909058,830.41796875,168.006591796875,399.850830078125,845.82666015625,2048,1536,399,845
HFW12-F7,2016,201603301450,CC,1,/Volumes/Seagate Portable Drive/KYLE_AI_DATABASE/A_CAMERA/Focal_species/Gulo gulo/HFW12-F7/CC/2016/COLOR/Robust marks/03.30-14.50/IMG_1818.JPG,IMG_1818.JPG,HFW12-F7_2016_201603301450_IMG_1818.jpg,0.9345580339431763,829.52001953125,158.92520141601562,399.178466796875,853.364013671875,2048,1536,399,853
HFW12-F7,2016,201603301450,CC,1,/Volumes/Seagate Portable Drive/KYLE_AI_DATABASE/A_CAMERA/Focal_species/Gulo gulo/HFW12-F7/CC/2016/COLOR/Robust marks/03.30-14.50/IMG_1819.JPG,IMG_1819.JPG,HFW12-F7_2016_201603301450_IMG_1819.jpg,0.9383610486984253,830.0587768554688,159.34808349609375,393.11138916015625,848.1076049804688,2048,1536,393,848
HFW12-F7,2016,201603301450,CC,1,/Volumes/Seagate Portable Drive/KYLE_AI_DATABASE/A_CAMERA/Focal_species/Gulo gulo/HFW12-F7/CC/2016/COLOR/Robust marks/03.30-14.50/IMG_1820.JPG,IMG_1820.JPG,HFW12-F7_2016_201603301450_IMG_1820.jpg,0.9348320364952087,831.8217163085938,156.85711669921875,400.85614013671875,855.6361694335938,2048,1536,400,855
HFW12-F7,2016,201603301450,CC,1,/Volumes/Seagate Portable Drive/KYLE_AI_DATABASE/A_CAMERA/Focal_species/Gulo gulo/HFW12-F7/CC/2016/COLOR/Robust marks/03.30-14.50/IMG_1821.JPG,IMG_1821.JPG,HFW12-F7_2016_201603301450_IMG_1821.jpg,0.8950628638267517,832.660888671875,199.20309448242188,388.064697265625,796.6177978515625,2048,1536,388,796
HFW12-F7,2016,201603301450,CC,1,/Volumes/Seagate Portable Drive/KYLE_AI_DATABASE/A_CAMERA/Focal_species/Gulo gulo/HFW12-F7/CC/2016/COLOR/Robust marks/03.30-14.50/IMG_1822.JPG,IMG_1822.JPG,HFW12-F7_2016_201603301450_IMG_1822.jpg,0.9135463237762451,833.8855590820312,180.25991821289062,397.38079833984375,820.5679931640625,2048,1536,397,820
HFW12-F7,2016,201603301450,CC,1,/Volumes/Seagate Portable Drive/KYLE_AI_DATABASE/A_CAMERA/Focal_species/Gulo gulo/HFW12-F7/CC/2016/COLOR/Robust marks/03.30-14.50/IMG_1823.JPG,IMG_1823.JPG,HFW12-F7_2016_201603301450_IMG_1823.jpg,0.9286379814147949,831.7132568359375,159.37376403808594,400.49609375,910.72705078125,2048,1536,400,910
HFW12-F7,2016,201603301450,CC,1,/Volumes/Seagate Portable Drive/KYLE_AI_DATABASE/A_CAMERA/Focal_species/Gulo gulo/HFW12-F7/CC/2016/COLOR/Robust marks/03.30-14.50/IMG_1824.JPG,IMG_1824.JPG,HFW12-F7_2016_201603301450_IMG_1824.jpg,0.9164133071899414,831.824951171875,158.81625366210938,396.285400390625,867.5423583984375,2048,1536,396,867
HFW12-F7,2016,201603301450,CC,1,/Volumes/Seagate Portable Drive/KYLE_AI_DATABASE/A_CAMERA/Focal_species/Gulo gulo/HFW12-F7/CC/2016/COLOR/Robust marks/03.30-14.50/IMG_1825.JPG,IMG_1825.JPG,HFW12-F7_2016_201603301450_IMG_1825.jpg,0.9230616688728333,843.25927734375,160.2667236328125,384.217041015625,849.1111450195312,2048,1536,384,849
HFW12-F7,2016,201603301450,CC,1,/Volumes/Seagate Portable Drive/KYLE_AI_DATABASE/A_CAMERA/Focal_species/Gulo gulo/HFW12-F7/CC/2016/COLOR/Robust marks/03.30-14.50/IMG_1826.JPG,IMG_1826.JPG,HFW12-F7_2016_201603301450_IMG_1826.jpg,0.9191981554031372,831.584228515625,187.86904907226562,396.266357421875,821.6497802734375,2048,1536,396,821
HFW12-F7,2016,201603301450,CC,1,/Volumes/Seagate Portable Drive/KYLE_AI_DATABASE/A_CAMERA/Focal_species/Gulo gulo/HFW12-F7/CC/2016/COLOR/Robust marks/03.30-14.50/IMG_1827.JPG,IMG_1827.JPG,HFW12-F7_2016_201603301450_IMG_1827.jpg,0.9313570261001587,831.2018432617188,163.9459991455078,396.78375244140625,850.8221435546875,2048,1536,396,850
HFW12-F7,2016,201603301450,CC,1,/Volumes/Seagate Portable Drive/KYLE_AI_DATABASE/A_CAMERA/Focal_species/Gulo gulo/HFW12-F7/CC/2016/COLOR/Robust marks/03.30-14.50/IMG_1828.JPG,IMG_1828.JPG,HFW12-F7_2016_201603301450_IMG_1828.jpg,0.9035238027572632,831.3271484375,162.15037536621094,397.01806640625,888.26708984375,2048,1536,397,888
HFW12-F7,2016,201603301450,CC,1,/Volumes/Seagate Portable Drive/KYLE_AI_DATABASE/A_CAMERA/Focal_species/Gulo gulo/HFW12-F7/CC/2016/COLOR/Robust marks/03.30-14.50/IMG_1829.JPG,IMG_1829.JPG,HFW12-F7_2016_201603301450_IMG_1829.jpg,0.9301576614379883,831.6187744140625,163.69189453125,397.49609375,911.1817626953125,2048,1536,397,911
HFW12-F7,2016,201603301450,CC,1,/Volumes/Seagate Portable Drive/KYLE_AI_DATABASE/A_CAMERA/Focal_species/Gulo gulo/HFW12-F7/CC/2016/COLOR/Robust marks/03.30-14.50/IMG_1830.JPG,IMG_1830.JPG,HFW12-F7_2016_201603301450_IMG_1830.jpg,0.9375208020210266,830.6636352539062,163.63595581054688,397.52630615234375,909.8914794921875,2048,1536,397,909
HFW12-F7,2016,201603301450,CC,1,/Volumes/Seagate Portable Drive/KYLE_AI_DATABASE/A_CAMERA/Focal_species/Gulo gulo/HFW12-F7/CC/2016/COLOR/Robust marks/03.30-14.50/IMG_1831.JPG,IMG_1831.JPG,HFW12-F7_2016_201603301450_IMG_1831.jpg,0.9347598552703857,841.6356201171875,159.00132751464844,384.572509765625,811.54150390625,2048,1536,384,811
HFW12-F7,2016,201603301450,CC,1,/Volumes/Seagate Portable Drive/KYLE_AI_DATABASE/A_CAMERA/Focal_species/Gulo gulo/HFW12-F7/CC/2016/COLOR/Robust marks/03.30-14.50/IMG_1832.JPG,IMG_1832.JPG,HFW12-F7_2016_201603301450_IMG_1832.jpg,0.9352830648422241,840.6815185546875,159.00485229492188,387.846435546875,809.2244873046875,2048,1536,387,809
HFW12-F7,2016,201603301450,CC,1,/Volumes/Seagate Portable Drive/KYLE_AI_DATABASE/A_CAMERA/Focal_species/Gulo gulo/HFW12-F7/CC/2016/COLOR/Robust marks/03.30-14.50/IMG_1833.JPG,IMG_1833.JPG,HFW12-F7_2016_201603301450_IMG_1833.jpg,0.9264437556266785,842.8203125,159.85693359375,383.045166015625,843.9446411132812,2048,1536,383,843
HFW12-F7,2016,201603301450,CC,1,/Volumes/Seagate Portable Drive/KYLE_AI_DATABASE/A_CAMERA/Focal_species/Gulo gulo/HFW12-F7/CC/2016/COLOR/Robust marks/03.30-14.50/IMG_1834.JPG,IMG_1834.JPG,HFW12-F7_2016_201603301450_IMG_1834.jpg,0.9153116345405579,841.3453369140625,169.41046142578125,388.39501953125,833.5189819335938,2048,1536,388,833
HFW12-F7,2016,201603301450,CC,1,/Volumes/Seagate Portable Drive/KYLE_AI_DATABASE/A_CAMERA/Focal_species/Gulo gulo/HFW12-F7/CC/2016/COLOR/Robust marks/03.30-14.50/IMG_1835.JPG,IMG_1835.JPG,HFW12-F7_2016_201603301450_IMG_1835.jpg,0.9415625929832458,832.85107421875,167.01654052734375,390.776123046875,844.2279663085938,2048,1536,390,844
HFW12-F7,2016,201603301450,CC,1,/Volumes/Seagate Portable Drive/KYLE_AI_DATABASE/A_CAMERA/Focal_species/Gulo gulo/HFW12-F7/CC/2016/COLOR/Robust marks/03.30-14.50/IMG_1836.JPG,IMG_1836.JPG,HFW12-F7_2016_201603301450_IMG_1836.jpg,0.9450641870498657,833.7615966796875,166.63558959960938,391.903076171875,845.271728515625,2048,1536,391,845
HFW12-F7,2016,201603301450,CC,1,/Volumes/Seagate Portable Drive/KYLE_AI_DATABASE/A_CAMERA/Focal_species/Gulo gulo/HFW12-F7/CC/2016/COLOR/Robust marks/03.30-14.50/IMG_1837.JPG,IMG_1837.JPG,HFW12-F7_2016_201603301450_IMG_1837.jpg,0.9442213773727417,833.0385131835938,168.29388427734375,390.67742919921875,843.6481323242188,2048,1536,390,843
HFW12-F7,2016,201603301450,CC,1,/Volumes/Seagate Portable Drive/KYLE_AI_DATABASE/A_CAMERA/Focal_species/Gulo gulo/HFW12-F7/CC/2016/COLOR/Robust marks/03.30-14.50/IMG_1838.JPG,IMG_1838.JPG,HFW12-F7_2016_201603301450_IMG_1838.jpg,0.941697359085083,833.5252075195312,167.4836883544922,389.09979248046875,844.845458984375,2048,1536,389,844
HFW12-F7,2016,201603301450,CC,1,/Volumes/Seagate Portable Drive/KYLE_AI_DATABASE/A_CAMERA/Focal_species/Gulo gulo/HFW12-F7/CC/2016/COLOR/Robust marks/03.30-14.50/IMG_1839.JPG,IMG_1839.JPG,HFW12-F7_2016_201603301450_IMG_1839.jpg,0.9394195675849915,833.425537109375,170.65919494628906,392.719482421875,842.348388671875,2048,1536,392,842
HFW12-F7,2016,201603301450,CC,1,/Volumes/Seagate Portable Drive/KYLE_AI_DATABASE/A_CAMERA/Focal_species/Gulo gulo/HFW12-F7/CC/2016/COLOR/Robust marks/03.30-14.50/IMG_1840.JPG,IMG_1840.JPG,HFW12-F7_2016_201603301450_IMG_1840.jpg,0.9392890334129333,833.750732421875,166.4450225830078,390.797607421875,846.9185180664062,2048,1536,390,846
HFW12-F7,2016,201603301450,CC,1,/Volumes/Seagate Portable Drive/KYLE_AI_DATABASE/A_CAMERA/Focal_species/Gulo gulo/HFW12-F7/CC/2016/COLOR/Robust marks/03.30-14.50/IMG_1841.JPG,IMG_1841.JPG,HFW12-F7_2016_201603301450_IMG_1841.jpg,0.9209957718849182,841.9456176757812,152.04345703125,385.68133544921875,808.6803588867188,2048,1536,385,808
HFW12-F7,2016,201603301450,CC,1,/Volumes/Seagate Portable Drive/KYLE_AI_DATABASE/A_CAMERA/Focal_species/Gulo gulo/HFW12-F7/CC/2016/COLOR/Robust marks/03.30-14.50/IMG_1842.JPG,IMG_1842.JPG,HFW12-F7_2016_201603301450_IMG_1842.jpg,0.9244534373283386,837.4937744140625,149.48617553710938,386.60986328125,758.6282958984375,2048,1536,386,758
HFW12-F7,2016,201603301450,CC,1,/Volumes/Seagate Portable Drive/KYLE_AI_DATABASE/A_CAMERA/Focal_species/Gulo gulo/HFW12-F7/CC/2016/COLOR/Robust marks/03.30-14.50/IMG_1843.JPG,IMG_1843.JPG,HFW12-F7_2016_201603301450_IMG_1843.jpg,0.8503432273864746,837.4652099609375,173.98434448242188,386.428466796875,747.4534912109375,2048,1536,386,747
HFW12-F7,2016,201603301450,CC,1,/Volumes/Seagate Portable Drive/KYLE_AI_DATABASE/A_CAMERA/Focal_species/Gulo gulo/HFW12-F7/CC/2016/COLOR/Robust marks/03.30-14.50/IMG_1844.JPG,IMG_1844.JPG,HFW12-F7_2016_201603301450_IMG_1844.jpg,0.8967832922935486,839.456298828125,168.43638610839844,391.460205078125,783.4976196289062,2048,1536,391,783
HFW12-F7,2016,201603301450,CC,1,/Volumes/Seagate Portable Drive/KYLE_AI_DATABASE/A_CAMERA/Focal_species/Gulo gulo/HFW12-F7/CC/2016/COLOR/Robust marks/03.30-14.50/IMG_1845.JPG,IMG_1845.JPG,HFW12-F7_2016_201603301450_IMG_1845.jpg,0.866119921207428,838.302734375,169.55223083496094,386.671630859375,751.241943359375,2048,1536,386,751
HFW12-F7,2016,201603301450,CC,1,/Volumes/Seagate Portable Drive/KYLE_AI_DATABASE/A_CAMERA/Focal_species/Gulo gulo/HFW12-F7/CC/2016/COLOR/Robust marks/03.30-14.50/IMG_1846.JPG,IMG_1846.JPG,HFW12-F7_2016_201603301450_IMG_1846.jpg,0.9161362648010254,839.3028564453125,142.6058349609375,385.9443359375,802.52685546875,2048,1536,385,802
HFW12-F7,2016,201603301450,CC,1,/Volumes/Seagate Portable Drive/KYLE_AI_DATABASE/A_CAMERA/Focal_species/Gulo gulo/HFW12-F7/CC/2016/COLOR/Robust marks/03.30-14.50/IMG_1847.JPG,IMG_1847.JPG,HFW12-F7_2016_201603301450_IMG_1847.jpg,0.9171760678291321,839.6287841796875,150.1380615234375,385.115234375,814.96240234375,2048,1536,385,814
HFW12-F7,2016,201603301450,CC,1,/Volumes/Seagate Portable Drive/KYLE_AI_DATABASE/A_CAMERA/Focal_species/Gulo gulo/HFW12-F7/CC/2016/COLOR/Robust marks/03.30-14.50/IMG_1848.JPG,IMG_1848.JPG,HFW12-F7_2016_201603301450_IMG_1848.jpg,0.8967344164848328,839.6514282226562,111.24980163574219,386.44049072265625,794.3094482421875,2048,1536,386,794
HFW12-F7,2016,201603301450,CC,1,/Volumes/Seagate Portable Drive/KYLE_AI_DATABASE/A_CAMERA/Focal_species/Gulo gulo/HFW12-F7/CC/2016/COLOR/Robust marks/03.30-14.50/IMG_1849.JPG,IMG_1849.JPG,HFW12-F7_2016_201603301450_IMG_1849.jpg,0.92170250415802,839.4825439453125,134.04222106933594,382.859375,791.5864868164062,2048,1536,382,791
HFW12-F7,2016,201603301450,CC,1,/Volumes/Seagate Portable Drive/KYLE_AI_DATABASE/A_CAMERA/Focal_species/Gulo gulo/HFW12-F7/CC/2016/COLOR/Robust marks/03.30-14.50/IMG_1850.JPG,IMG_1850.JPG,HFW12-F7_2016_201603301450_IMG_1850.jpg,0.9149411916732788,839.06982421875,165.00030517578125,385.2685546875,757.7863159179688,2048,1536,385,757
HFW12-F7,2016,201603301450,CC,1,/Volumes/Seagate Portable Drive/KYLE_AI_DATABASE/A_CAMERA/Focal_species/Gulo gulo/HFW12-F7/CC/2016/COLOR/Robust marks/03.30-14.50/IMG_1851.JPG,IMG_1851.JPG,HFW12-F7_2016_201603301450_IMG_1851.jpg,0.9303680062294006,840.1214599609375,162.3717498779297,382.615234375,811.448486328125,2048,1536,382,811
HFW12-F7,2016,201603301450,CC,1,/Volumes/Seagate Portable Drive/KYLE_AI_DATABASE/A_CAMERA/Focal_species/Gulo gulo/HFW12-F7/CC/2016/COLOR/Robust marks/03.30-14.50/IMG_1852.JPG,IMG_1852.JPG,HFW12-F7_2016_201603301450_IMG_1852.jpg,0.9122400283813477,839.6707153320312,186.8147735595703,385.48846435546875,787.9442749023438,2048,1536,385,787
HFW12-F7,2016,201603301450,CC,1,/Volumes/Seagate Portable Drive/KYLE_AI_DATABASE/A_CAMERA/Focal_species/Gulo gulo/HFW12-F7/CC/2016/COLOR/Robust marks/03.30-14.50/IMG_1853.JPG,IMG_1853.JPG,HFW12-F7_2016_201603301450_IMG_1853.jpg,0.8990766406059265,839.57568359375,195.54849243164062,384.642578125,777.206298828125,2048,1536,384,777
HFW12-F7,2016,201603301450,CC,1,/Volumes/Seagate Portable Drive/KYLE_AI_DATABASE/A_CAMERA/Focal_species/Gulo gulo/HFW12-F7/CC/2016/COLOR/Robust marks/03.30-14.50/IMG_1854.JPG,IMG_1854.JPG,HFW12-F7_2016_201603301450_IMG_1854.jpg,0.9126667976379395,839.6480712890625,173.60147094726562,384.056884765625,810.796875,2048,1536,384,810
HFW12-F7,2016,201603301450,CC,1,/Volumes/Seagate Portable Drive/KYLE_AI_DATABASE/A_CAMERA/Focal_species/Gulo gulo/HFW12-F7/CC/2016/COLOR/Robust marks/03.30-14.50/IMG_1855.JPG,IMG_1855.JPG,HFW12-F7_2016_201603301450_IMG_1855.jpg,0.9399241805076599,840.5012817382812,222.15469360351562,380.36627197265625,751.371826171875,2048,1536,380,751
HFW12-F7,2016,201603301450,CC,1,/Volumes/Seagate Portable Drive/KYLE_AI_DATABASE/A_CAMERA/Focal_species/Gulo gulo/HFW12-F7/CC/2016/COLOR/Robust marks/03.30-14.50/IMG_1856.JPG,IMG_1856.JPG,HFW12-F7_2016_201603301450_IMG_1856.jpg,0.9313295483589172,839.801513671875,187.79690551757812,392.6669921875,783.763916015625,2048,1536,392,783
HFW12-F7,2016,201603301450,CC,1,/Volumes/Seagate Portable Drive/KYLE_AI_DATABASE/A_CAMERA/Focal_species/Gulo gulo/HFW12-F7/CC/2016/COLOR/Robust marks/03.30-14.50/IMG_1857.JPG,IMG_1857.JPG,HFW12-F7_2016_201603301450_IMG_1857.jpg,0.9105286002159119,841.8192749023438,213.22750854492188,377.83966064453125,764.43310546875,2048,1536,377,764
HFW12-F7,2016,201603301450,CC,1,/Volumes/Seagate Portable Drive/KYLE_AI_DATABASE/A_CAMERA/Focal_species/Gulo gulo/HFW12-F7/CC/2016/COLOR/Robust marks/03.30-14.50/IMG_1858.JPG,IMG_1858.JPG,HFW12-F7_2016_201603301450_IMG_1858.jpg,0.9317058324813843,838.4302978515625,133.91134643554688,383.522705078125,848.39453125,2048,1536,383,848
HFW12-F7,2016,201603301450,CC,1,/Volumes/Seagate Portable Drive/KYLE_AI_DATABASE/A_CAMERA/Focal_species/Gulo gulo/HFW12-F7/CC/2016/COLOR/Robust marks/03.30-14.50/IMG_1859.JPG,IMG_1859.JPG,HFW12-F7_2016_201603301450_IMG_1859.jpg,0.9068285226821899,839.0010986328125,130.5545196533203,383.12158203125,812.6673583984375,2048,1536,383,812
HFW12-F7,2016,201603301450,CC,1,/Volumes/Seagate Portable Drive/KYLE_AI_DATABASE/A_CAMERA/Focal_species/Gulo gulo/HFW12-F7/CC/2016/COLOR/Robust marks/03.30-14.50/IMG_1860.JPG,IMG_1860.JPG,HFW12-F7_2016_201603301450_IMG_1860.jpg,0.9017879366874695,842.0919189453125,130.2012176513672,379.4033203125,831.6263427734375,2048,1536,379,831
HFW12-F7,2016,201603301450,CC,1,/Volumes/Seagate Portable Drive/KYLE_AI_DATABASE/A_CAMERA/Focal_species/Gulo gulo/HFW12-F7/CC/2016/COLOR/Robust marks/03.30-14.50/IMG_1861.JPG,IMG_1861.JPG,HFW12-F7_2016_201603301450_IMG_1861.jpg,0.8871341943740845,842.599853515625,202.66317749023438,387.491943359375,756.005859375,2048,1536,387,756
HFW12-F7,2016,201603301450,CC,1,/Volumes/Seagate Portable Drive/KYLE_AI_DATABASE/A_CAMERA/Focal_species/Gulo gulo/HFW12-F7/CC/2016/COLOR/Robust marks/03.30-14.50/IMG_1862.JPG,IMG_1862.JPG,HFW12-F7_2016_201603301450_IMG_1862.jpg,0.8751354217529297,841.42822265625,190.66668701171875,388.81591796875,763.2304077148438,2048,1536,388,763
HFW12-F7,2016,201603301450,CC,1,/Volumes/Seagate Portable Drive/KYLE_AI_DATABASE/A_CAMERA/Focal_species/Gulo gulo/HFW12-F7/CC/2016/COLOR/Robust marks/03.30-14.50/IMG_1863.JPG,IMG_1863.JPG,HFW12-F7_2016_201603301450_IMG_1863.jpg,0.9052348732948303,840.6923828125,212.44674682617188,386.683349609375,753.6673583984375,2048,1536,386,753
HFW12-F7,2016,201603301450,CC,1,/Volumes/Seagate Portable Drive/KYLE_AI_DATABASE/A_CAMERA/Focal_species/Gulo gulo/HFW12-F7/CC/2016/COLOR/Robust marks/03.30-14.50/IMG_1864.JPG,IMG_1864.JPG,HFW12-F7_2016_201603301450_IMG_1864.jpg,0.9166799783706665,839.9143676757812,167.953857421875,388.48236083984375,801.571044921875,2048,1536,388,801
HFW12-F7,2016,201603301450,CC,1,/Volumes/Seagate Portable Drive/KYLE_AI_DATABASE/A_CAMERA/Focal_species/Gulo gulo/HFW12-F7/CC/2016/COLOR/Robust marks/03.30-14.50/IMG_1865.JPG,IMG_1865.JPG,HFW12-F7_2016_201603301450_IMG_1865.jpg,0.9237492084503174,839.1199340820312,181.63687133789062,388.77655029296875,787.3060302734375,2048,1536,388,787
HFW12-F7,2016,201603301450,CC,1,/Volumes/Seagate Portable Drive/KYLE_AI_DATABASE/A_CAMERA/Focal_species/Gulo gulo/HFW12-F7/CC/2016/COLOR/Robust marks/03.30-14.50/IMG_1866.JPG,IMG_1866.JPG,HFW12-F7_2016_201603301450_IMG_1866.jpg,0.9206736087799072,837.220947265625,200.43035888671875,397.049072265625,798.935302734375,2048,1536,397,798
HFW12-F7,2016,201603301450,CC,1,/Volumes/Seagate Portable Drive/KYLE_AI_DATABASE/A_CAMERA/Focal_species/Gulo gulo/HFW12-F7/CC/2016/COLOR/Robust marks/03.30-14.50/IMG_1867.JPG,IMG_1867.JPG,HFW12-F7_2016_201603301450_IMG_1867.jpg,0.9327161908149719,837.3800048828125,179.70913696289062,393.8212890625,825.429443359375,2048,1536,393,825
HFW12-F7,2016,201603301450,CC,1,/Volumes/Seagate Portable Drive/KYLE_AI_DATABASE/A_CAMERA/Focal_species/Gulo gulo/HFW12-F7/CC/2016/COLOR/Robust marks/03.30-14.50/IMG_1868.JPG,IMG_1868.JPG,HFW12-F7_2016_201603301450_IMG_1868.jpg,0.9256226420402527,838.9451904296875,190.37351989746094,390.554931640625,815.0633544921875,2048,1536,390,815
HFW12-F7,2016,201603301450,CC,1,/Volumes/Seagate Portable Drive/KYLE_AI_DATABASE/A_CAMERA/Focal_species/Gulo gulo/HFW12-F7/CC/2016/COLOR/Robust marks/03.30-14.50/IMG_1869.JPG,IMG_1869.JPG,HFW12-F7_2016_201603301450_IMG_1869.jpg,0.9346510171890259,838.389404296875,187.93482971191406,399.073486328125,838.905029296875,2048,1536,399,838
HFW12-F7,2016,201603301450,CC,1,/Volumes/Seagate Portable Drive/KYLE_AI_DATABASE/A_CAMERA/Focal_species/Gulo gulo/HFW12-F7/CC/2016/COLOR/Robust marks/03.30-14.50/IMG_1870.JPG,IMG_1870.JPG,HFW12-F7_2016_201603301450_IMG_1870.jpg,0.9051767587661743,840.9351806640625,169.43934631347656,385.943115234375,798.7537231445312,2048,1536,385,798
HFW12-F7,2016,201603301450,CC,1,/Volumes/Seagate Portable Drive/KYLE_AI_DATABASE/A_CAMERA/Focal_species/Gulo gulo/HFW12-F7/CC/2016/COLOR/Robust marks/03.30-14.50/IMG_1871.JPG,IMG_1871.JPG,HFW12-F7_2016_201603301450_IMG_1871.jpg,0.926435112953186,832.6580810546875,169.87435913085938,395.28173828125,833.65625,2048,1536,395,833
HFW12-F7,2016,201603301450,CC,1,/Volumes/Seagate Portable Drive/KYLE_AI_DATABASE/A_CAMERA/Focal_species/Gulo gulo/HFW12-F7/CC/2016/COLOR/Robust marks/03.30-14.50/IMG_1872.JPG,IMG_1872.JPG,HFW12-F7_2016_201603301450_IMG_1872.jpg,0.8995903730392456,830.939697265625,182.74383544921875,397.30615234375,854.7195434570312,2048,1536,397,854
HFW12-F7,2016,201603301450,CC,1,/Volumes/Seagate Portable Drive/KYLE_AI_DATABASE/A_CAMERA/Focal_species/Gulo gulo/HFW12-F7/CC/2016/COLOR/Robust marks/03.30-14.50/IMG_1873.JPG,IMG_1873.JPG,HFW12-F7_2016_201603301450_IMG_1873.jpg,0.9034268856048584,830.3829345703125,181.73130798339844,397.840087890625,859.701904296875,2048,1536,397,859
HFW12-F7,2016,201603301450,CC,1,/Volumes/Seagate Portable Drive/KYLE_AI_DATABASE/A_CAMERA/Focal_species/Gulo gulo/HFW12-F7/CC/2016/COLOR/Robust marks/03.30-14.50/IMG_1874.JPG,IMG_1874.JPG,HFW12-F7_2016_201603301450_IMG_1874.jpg,0.9083281755447388,830.8946533203125,173.99400329589844,399.2119140625,867.1024169921875,2048,1536,399,867
HFW12-F7,2016,201603301450,CC,1,/Volumes/Seagate Portable Drive/KYLE_AI_DATABASE/A_CAMERA/Focal_species/Gulo gulo/HFW12-F7/CC/2016/COLOR/Robust marks/03.30-14.50/IMG_1875.JPG,IMG_1875.JPG,HFW12-F7_2016_201603301450_IMG_1875.jpg,0.9139360785484314,831.78076171875,180.61065673828125,397.42431640625,856.4769897460938,2048,1536,397,856
HFW12-F7,2016,201603301450,CC,1,/Volumes/Seagate Portable Drive/KYLE_AI_DATABASE/A_CAMERA/Focal_species/Gulo gulo/HFW12-F7/CC/2016/COLOR/Robust marks/03.30-14.50/IMG_1876.JPG,IMG_1876.JPG,HFW12-F7_2016_201603301450_IMG_1876.jpg,0.9026126265525818,829.7442626953125,182.3306121826172,398.968017578125,871.3644409179688,2048,1536,398,871
HFW12-F7,2016,201603301450,CC,1,/Volumes/Seagate Portable Drive/KYLE_AI_DATABASE/A_CAMERA/Focal_species/Gulo gulo/HFW12-F7/CC/2016/COLOR/Robust marks/03.30-14.50/IMG_1877.JPG,IMG_1877.JPG,HFW12-F7_2016_201603301450_IMG_1877.jpg,0.8920528292655945,825.033203125,188.54415893554688,404.649169921875,865.1705322265625,2048,1536,404,865
HFW12-F7,2016,201603301450,CC,1,/Volumes/Seagate Portable Drive/KYLE_AI_DATABASE/A_CAMERA/Focal_species/Gulo gulo/HFW12-F7/CC/2016/COLOR/Robust marks/03.30-14.50/IMG_1878.JPG,IMG_1878.JPG,HFW12-F7_2016_201603301450_IMG_1878.jpg,0.8889403939247131,826.4443359375,202.11676025390625,400.343017578125,850.2153930664062,2048,1536,400,850
HFW12-F7,2016,201603301450,CC,1,/Volumes/Seagate Portable Drive/KYLE_AI_DATABASE/A_CAMERA/Focal_species/Gulo gulo/HFW12-F7/CC/2016/COLOR/Robust marks/03.30-14.50/IMG_1879.JPG,IMG_1879.JPG,HFW12-F7_2016_201603301450_IMG_1879.jpg,0.8919873833656311,831.9759521484375,209.58009338378906,386.143798828125,714.4979248046875,2048,1536,386,714
HFW12-F7,2016,201603301450,CC,1,/Volumes/Seagate Portable Drive/KYLE_AI_DATABASE/A_CAMERA/Focal_species/Gulo gulo/HFW12-F7/CC/2016/COLOR/Robust marks/03.30-14.50/IMG_1880.JPG,IMG_1880.JPG,HFW12-F7_2016_201603301450_IMG_1880.jpg,0.9320161938667297,831.3160400390625,218.9574737548828,390.547607421875,683.1610717773438,2048,1536,390,683
HFW12-F7,2016,201603301450,CC,1,/Volumes/Seagate Portable Drive/KYLE_AI_DATABASE/A_CAMERA/Focal_species/Gulo gulo/HFW12-F7/CC/2016/COLOR/Robust marks/03.30-14.50/IMG_1881.JPG,IMG_1881.JPG,HFW12-F7_2016_201603301450_IMG_1881.jpg,0.9024826884269714,831.0868530273438,185.43580627441406,397.44708251953125,858.123046875,2048,1536,397,858
HFW12-F7,2016,201603301450,CC,1,/Volumes/Seagate Portable Drive/KYLE_AI_DATABASE/A_CAMERA/Focal_species/Gulo gulo/HFW12-F7/CC/2016/COLOR/Robust marks/03.30-14.50/IMG_1882.JPG,IMG_1882.JPG,HFW12-F7_2016_201603301450_IMG_1882.jpg,0.8963402509689331,830.5831298828125,201.2617950439453,395.249267578125,839.8253784179688,2048,1536,395,839
HFW12-F7,2016,201603301450,CC,1,/Volumes/Seagate Portable Drive/KYLE_AI_DATABASE/A_CAMERA/Focal_species/Gulo gulo/HFW12-F7/CC/2016/COLOR/Robust marks/03.30-14.50/IMG_1883.JPG,IMG_1883.JPG,HFW12-F7_2016_201603301450_IMG_1883.jpg,0.9187688827514648,832.0365600585938,207.41015625,394.65899658203125,814.4713134765625,2048,1536,394,814
HFW12-F7,2016,201603301450,CC,1,/Volumes/Seagate Portable Drive/KYLE_AI_DATABASE/A_CAMERA/Focal_species/Gulo gulo/HFW12-F7/CC/2016/COLOR/Robust marks/03.30-14.50/IMG_1884.JPG,IMG_1884.JPG,HFW12-F7_2016_201603301450_IMG_1884.jpg,0.9407703876495361,831.048095703125,181.7886199951172,392.8232421875,841.2108154296875,2048,1536,392,841
HFW12-F7,2016,201603301450,CC,1,/Volumes/Seagate Portable Drive/KYLE_AI_DATABASE/A_CAMERA/Focal_species/Gulo gulo/HFW12-F7/CC/2016/COLOR/Robust marks/03.30-14.50/IMG_1885.JPG,IMG_1885.JPG,HFW12-F7_2016_201603301450_IMG_1885.jpg,0.8897311687469482,833.718505859375,169.51002502441406,393.74853515625,864.28076171875,2048,1536,393,864
HFW12-F7,2016,201603301450,CC,1,/Volumes/Seagate Portable Drive/KYLE_AI_DATABASE/A_CAMERA/Focal_species/Gulo gulo/HFW12-F7/CC/2016/COLOR/Robust marks/03.30-14.50/IMG_1886.JPG,IMG_1886.JPG,HFW12-F7_2016_201603301450_IMG_1886.jpg,0.8958353996276855,831.3585205078125,166.2737274169922,395.988525390625,890.7897338867188,2048,1536,395,890
HFW12-F7,2016,201603301450,CC,1,/Volumes/Seagate Portable Drive/KYLE_AI_DATABASE/A_CAMERA/Focal_species/Gulo gulo/HFW12-F7/CC/2016/COLOR/Robust marks/03.30-14.50/IMG_1887.JPG,IMG_1887.JPG,HFW12-F7_2016_201603301450_IMG_1887.jpg,0.876381516456604,829.8905029296875,171.1944580078125,397.895751953125,864.774658203125,2048,1536,397,864
HFW12-F7,2016,201603301450,CC,1,/Volumes/Seagate Portable Drive/KYLE_AI_DATABASE/A_CAMERA/Focal_species/Gulo gulo/HFW12-F7/CC/2016/COLOR/Robust marks/03.30-14.50/IMG_1888.JPG,IMG_1888.JPG,HFW12-F7_2016_201603301450_IMG_1888.jpg,0.8888054490089417,831.5188598632812,219.42604064941406,393.08624267578125,841.28662109375,2048,1536,393,841
HFW12-F7,2016,201603301450,CC,1,/Volumes/Seagate Portable Drive/KYLE_AI_DATABASE/A_CAMERA/Focal_species/Gulo gulo/HFW12-F7/CC/2016/COLOR/Robust marks/03.30-14.50/IMG_1889.JPG,IMG_1889.JPG,HFW12-F7_2016_201603301450_IMG_1889.jpg,0.9320144057273865,831.1900634765625,170.6334686279297,398.211669921875,856.7639770507812,2048,1536,398,856
HFW12-F7,2016,201603301450,CC,1,/Volumes/Seagate Portable Drive/KYLE_AI_DATABASE/A_CAMERA/Focal_species/Gulo gulo/HFW12-F7/CC/2016/COLOR/Robust marks/03.30-14.50/IMG_1890.JPG,IMG_1890.JPG,HFW12-F7_2016_201603301450_IMG_1890.jpg,0.9279654622077942,838.6748046875,175.88214111328125,390.666748046875,794.7694702148438,2048,1536,390,794
HFW12-F7,2016,201603301450,CC,1,/Volumes/Seagate Portable Drive/KYLE_AI_DATABASE/A_CAMERA/Focal_species/Gulo gulo/HFW12-F7/CC/2016/COLOR/Robust marks/03.30-14.50/IMG_1891.JPG,IMG_1891.JPG,HFW12-F7_2016_201603301450_IMG_1891.jpg,0.9310157299041748,839.2700805664062,167.71041870117188,396.44061279296875,791.5172119140625,2048,1536,396,791
HFW12-F7,2016,201603301450,CC,1,/Volumes/Seagate Portable Drive/KYLE_AI_DATABASE/A_CAMERA/Focal_species/Gulo gulo/HFW12-F7/CC/2016/COLOR/Robust marks/03.30-14.50/IMG_1892.JPG,IMG_1892.JPG,HFW12-F7_2016_201603301450_IMG_1892.jpg,0.9164756536483765,838.1083374023438,188.77334594726562,400.28106689453125,754.7733154296875,2048,1536,400,754
HFW12-F7,2016,201603301450,CC,1,/Volumes/Seagate Portable Drive/KYLE_AI_DATABASE/A_CAMERA/Focal_species/Gulo gulo/HFW12-F7/CC/2016/COLOR/Robust marks/03.30-14.50/IMG_1893.JPG,IMG_1893.JPG,HFW12-F7_2016_201603301450_IMG_1893.jpg,0.9253680109977722,838.1424560546875,192.40951538085938,400.400146484375,769.2630615234375,2048,1536,400,769
HFW12-F7,2016,201603301450,CC,1,/Volumes/Seagate Portable Drive/KYLE_AI_DATABASE/A_CAMERA/Focal_species/Gulo gulo/HFW12-F7/CC/2016/COLOR/Robust marks/03.30-14.50/IMG_1894.JPG,IMG_1894.JPG,HFW12-F7_2016_201603301450_IMG_1894.jpg,0.9482790231704712,836.5465087890625,153.58200073242188,401.557861328125,860.800048828125,2048,1536,401,860
HFW12-F7,2016,201603301450,CC,1,/Volumes/Seagate Portable Drive/KYLE_AI_DATABASE/A_CAMERA/Focal_species/Gulo gulo/HFW12-F7/CC/2016/COLOR/Robust marks/03.30-14.50/IMG_1895.JPG,IMG_1895.JPG,HFW12-F7_2016_201603301450_IMG_1895.jpg,0.917077898979187,837.21435546875,144.50765991210938,401.46728515625,873.3289794921875,2048,1536,401,873
HFW12-F7,2016,201603301450,CC,1,/Volumes/Seagate Portable Drive/KYLE_AI_DATABASE/A_CAMERA/Focal_species/Gulo gulo/HFW12-F7/CC/2016/COLOR/Robust marks/03.30-14.50/IMG_1896.JPG,IMG_1896.JPG,HFW12-F7_2016_201603301450_IMG_1896.jpg,0.846419095993042,838.2593383789062,150.6272735595703,403.23870849609375,873.6991577148438,2048,1536,403,873
HFW12-F7,2016,201603301450,CC,1,/Volumes/Seagate Portable Drive/KYLE_AI_DATABASE/A_CAMERA/Focal_species/Gulo gulo/HFW12-F7/CC/2016/COLOR/Robust marks/03.30-14.50/IMG_1897.JPG,IMG_1897.JPG,HFW12-F7_2016_201603301450_IMG_1897.jpg,0.9040104746818542,837.1166381835938,195.44032287597656,400.31951904296875,847.6207275390625,2048,1536,400,847
HFW12-F7,2016,201603301450,CC,1,/Volumes/Seagate Portable Drive/KYLE_AI_DATABASE/A_CAMERA/Focal_species/Gulo gulo/HFW12-F7/CC/2016/COLOR/Robust marks/03.30-14.50/IMG_1898.JPG,IMG_1898.JPG,HFW12-F7_2016_201603301450_IMG_1898.jpg,0.9409381151199341,841.4374389648438,150.48696899414062,396.53643798828125,904.3692626953125,2048,1536,396,904
HFW12-F7,2016,201603301450,CC,1,/Volumes/Seagate Portable Drive/KYLE_AI_DATABASE/A_CAMERA/Focal_species/Gulo gulo/HFW12-F7/CC/2016/COLOR/Robust marks/03.30-14.50/IMG_1899.JPG,IMG_1899.JPG,HFW12-F7_2016_201603301450_IMG_1899.jpg,0.9421689510345459,841.9531860351562,139.44863891601562,388.81622314453125,864.8836669921875,2048,1536,388,864
HFW12-F7,2016,201603301450,CC,1,/Volumes/Seagate Portable Drive/KYLE_AI_DATABASE/A_CAMERA/Focal_species/Gulo gulo/HFW12-F7/CC/2016/COLOR/Robust marks/03.30-14.50/IMG_1900.JPG,IMG_1900.JPG,HFW12-F7_2016_201603301450_IMG_1900.jpg,0.9467192888259888,833.1934814453125,156.12515258789062,395.6904296875,852.562255859375,2048,1536,395,852
HFW12-F7,2016,201603301450,CC,1,/Volumes/Seagate Portable Drive/KYLE_AI_DATABASE/A_CAMERA/Focal_species/Gulo gulo/HFW12-F7/CC/2016/COLOR/Robust marks/03.30-14.50/IMG_1901.JPG,IMG_1901.JPG,HFW12-F7_2016_201603301450_IMG_1901.jpg,0.9560672044754028,831.6663818359375,224.3961181640625,396.738037109375,784.6016845703125,2048,1536,396,784
HFW12-F7,2016,201603301450,CC,1,/Volumes/Seagate Portable Drive/KYLE_AI_DATABASE/A_CAMERA/Focal_species/Gulo gulo/HFW12-F7/CC/2016/COLOR/Robust marks/03.30-14.50/IMG_1902.JPG,IMG_1902.JPG,HFW12-F7_2016_201603301450_IMG_1902.jpg,0.9451435208320618,829.9432983398438,223.1304931640625,398.13922119140625,787.5423583984375,2048,1536,398,787
HFW12-F7,2016,201603301450,CC,1,/Volumes/Seagate Portable Drive/KYLE_AI_DATABASE/A_CAMERA/Focal_species/Gulo gulo/HFW12-F7/CC/2016/COLOR/Robust marks/03.30-14.50/IMG_1903.JPG,IMG_1903.JPG,HFW12-F7_2016_201603301450_IMG_1903.jpg,0.9372577667236328,831.559814453125,223.26095581054688,396.666259765625,787.5003662109375,2048,1536,396,787
HFW12-F7,2016,201603301450,CC,1,/Volumes/Seagate Portable Drive/KYLE_AI_DATABASE/A_CAMERA/Focal_species/Gulo gulo/HFW12-F7/CC/2016/COLOR/Robust marks/03.30-14.50/IMG_1904.JPG,IMG_1904.JPG,HFW12-F7_2016_201603301450_IMG_1904.jpg,0.9430806636810303,831.72021484375,223.11460876464844,395.50732421875,790.0233154296875,2048,1536,395,790
HFW12-F7,2016,201603301450,CC,1,/Volumes/Seagate Portable Drive/KYLE_AI_DATABASE/A_CAMERA/Focal_species/Gulo gulo/HFW12-F7/CC/2016/COLOR/Robust marks/03.30-14.50/IMG_1905.JPG,IMG_1905.JPG,HFW12-F7_2016_201603301450_IMG_1905.jpg,0.9383732080459595,831.929443359375,223.6721649169922,397.338134765625,804.8490600585938,2048,1536,397,804
HFW12-F7,2016,201603301450,CC,1,/Volumes/Seagate Portable Drive/KYLE_AI_DATABASE/A_CAMERA/Focal_species/Gulo gulo/HFW12-F7/CC/2016/COLOR/Robust marks/03.30-14.50/IMG_1906.JPG,IMG_1906.JPG,HFW12-F7_2016_201603301450_IMG_1906.jpg,0.9409143328666687,831.7628784179688,223.42543029785156,397.56671142578125,810.6444091796875,2048,1536,397,810
HFW12-F7,2016,201603301450,CC,1,/Volumes/Seagate Portable Drive/KYLE_AI_DATABASE/A_CAMERA/Focal_species/Gulo gulo/HFW12-F7/CC/2016/COLOR/Robust marks/03.30-14.50/IMG_1907.JPG,IMG_1907.JPG,HFW12-F7_2016_201603301450_IMG_1907.jpg,0.936741054058075,831.6368408203125,224.42234802246094,395.558349609375,827.087890625,2048,1536,395,827
HFW12-F7,2016,201603301450,CC,1,/Volumes/Seagate Portable Drive/KYLE_AI_DATABASE/A_CAMERA/Focal_species/Gulo gulo/HFW12-F7/CC/2016/COLOR/Robust marks/03.30-14.50/IMG_1908.JPG,IMG_1908.JPG,HFW12-F7_2016_201603301450_IMG_1908.jpg,0.9378232955932617,833.0584716796875,224.10635375976562,401.7802734375,832.6329345703125,2048,1536,401,832
HFW12-F7,2016,201603301450,CC,1,/Volumes/Seagate Portable Drive/KYLE_AI_DATABASE/A_CAMERA/Focal_species/Gulo gulo/HFW12-F7/CC/2016/COLOR/Robust marks/03.30-14.50/IMG_1909.JPG,IMG_1909.JPG,HFW12-F7_2016_201603301450_IMG_1909.jpg,0.9276534914970398,833.5765380859375,184.9562530517578,400.481201171875,788.3295288085938,2048,1536,400,788
HFW12-F7,2016,201603301450,CC,1,/Volumes/Seagate Portable Drive/KYLE_AI_DATABASE/A_CAMERA/Focal_species/Gulo gulo/HFW12-F7/CC/2016/COLOR/Robust marks/03.30-14.50/IMG_1910.JPG,IMG_1910.JPG,HFW12-F7_2016_201603301450_IMG_1910.jpg,0.9192155003547668,831.3958740234375,223.510986328125,404.036376953125,693.0393676757812,2048,1536,404,693
HFW12-F7,2016,201603301450,CC,1,/Volumes/Seagate Portable Drive/KYLE_AI_DATABASE/A_CAMERA/Focal_species/Gulo gulo/HFW12-F7/CC/2016/COLOR/Robust marks/03.30-14.50/IMG_1911.JPG,IMG_1911.JPG,HFW12-F7_2016_201603301450_IMG_1911.jpg,0.9320069551467896,842.0531005859375,218.00514221191406,385.0380859375,769.37646484375,2048,1536,385,769
HFW12-F7,2016,201603301450,CC,1,/Volumes/Seagate Portable Drive/KYLE_AI_DATABASE/A_CAMERA/Focal_species/Gulo gulo/HFW12-F7/CC/2016/COLOR/Robust marks/03.30-14.50/IMG_1912.JPG,IMG_1912.JPG,HFW12-F7_2016_201603301450_IMG_1912.jpg,0.9586527943611145,832.4412231445312,218.52008056640625,392.76483154296875,788.1167602539062,2048,1536,392,788
HFW12-F7,2016,201603301450,CC,1,/Volumes/Seagate Portable Drive/KYLE_AI_DATABASE/A_CAMERA/Focal_species/Gulo gulo/HFW12-F7/CC/2016/COLOR/Robust marks/03.30-14.50/IMG_1913.JPG,IMG_1913.JPG,HFW12-F7_2016_201603301450_IMG_1913.jpg,0.9593056440353394,832.8544311523438,218.0053253173828,393.85748291015625,791.53955078125,2048,1536,393,791
HFW12-F7,2016,201603301450,CC,1,/Volumes/Seagate Portable Drive/KYLE_AI_DATABASE/A_CAMERA/Focal_species/Gulo gulo/HFW12-F7/CC/2016/COLOR/Robust marks/03.30-14.50/IMG_1914.JPG,IMG_1914.JPG,HFW12-F7_2016_201603301450_IMG_1914.jpg,0.9531147480010986,843.9478759765625,215.9296875,381.745361328125,793.0028686523438,2048,1536,381,793
HFW12-F7,2016,201603301450,CC,1,/Volumes/Seagate Portable Drive/KYLE_AI_DATABASE/A_CAMERA/Focal_species/Gulo gulo/HFW12-F7/CC/2016/COLOR/Robust marks/03.30-14.50/IMG_1915.JPG,IMG_1915.JPG,HFW12-F7_2016_201603301450_IMG_1915.jpg,0.9534011483192444,837.35546875,214.2476806640625,386.709716796875,794.2432861328125,2048,1536,386,794
HFW12-F7,2016,201603301450,CC,1,/Volumes/Seagate Portable Drive/KYLE_AI_DATABASE/A_CAMERA/Focal_species/Gulo gulo/HFW12-F7/CC/2016/COLOR/Robust marks/03.30-14.50/IMG_1916.JPG,IMG_1916.JPG,HFW12-F7_2016_201603301450_IMG_1916.jpg,0.9451293349266052,831.2908935546875,217.87069702148438,395.766845703125,806.440185546875,2048,1536,395,806
HFW12-F7,2016,201603301450,CC,1,/Volumes/Seagate Portable Drive/KYLE_AI_DATABASE/A_CAMERA/Focal_species/Gulo gulo/HFW12-F7/CC/2016/COLOR/Robust marks/03.30-14.50/IMG_1917.JPG,IMG_1917.JPG,HFW12-F7_2016_201603301450_IMG_1917.jpg,0.9438459277153015,832.4309692382812,212.07916259765625,396.09075927734375,816.9713745117188,2048,1536,396,816
HFW12-F7,2016,201603301450,CC,1,/Volumes/Seagate Portable Drive/KYLE_AI_DATABASE/A_CAMERA/Focal_species/Gulo gulo/HFW12-F7/CC/2016/COLOR/Robust marks/03.30-14.50/IMG_1918.JPG,IMG_1918.JPG,HFW12-F7_2016_201603301450_IMG_1918.jpg,0.9339643120765686,832.46728515625,218.93984985351562,394.443115234375,845.8128662109375,2048,1536,394,845
HFW12-F7,2016,201603301450,CC,1,/Volumes/Seagate Portable Drive/KYLE_AI_DATABASE/A_CAMERA/Focal_species/Gulo gulo/HFW12-F7/CC/2016/COLOR/Robust marks/03.30-14.50/IMG_1919.JPG,IMG_1919.JPG,HFW12-F7_2016_201603301450_IMG_1919.jpg,0.8700873851776123,842.484619140625,184.31442260742188,379.75,768.0228271484375,2048,1536,379,768
HFW12-F7,2016,201603301450,CC,1,/Volumes/Seagate Portable Drive/KYLE_AI_DATABASE/A_CAMERA/Focal_species/Gulo gulo/HFW12-F7/CC/2016/COLOR/Robust marks/03.30-14.50/IMG_1920.JPG,IMG_1920.JPG,HFW12-F7_2016_201603301450_IMG_1920.jpg,0.89923095703125,842.661865234375,172.99928283691406,380.207763671875,754.7335205078125,2048,1536,380,754
HFW12-F7,2016,201603301450,CC,1,/Volumes/Seagate Portable Drive/KYLE_AI_DATABASE/A_CAMERA/Focal_species/Gulo gulo/HFW12-F7/CC/2016/COLOR/Robust marks/03.30-14.50/IMG_1921.JPG,IMG_1921.JPG,HFW12-F7_2016_201603301450_IMG_1921.jpg,0.8800748586654663,841.08740234375,200.04141235351562,382.575439453125,709.148681640625,2048,1536,382,709
HFW12-F7,2016,201603301450,CC,1,/Volumes/Seagate Portable Drive/KYLE_AI_DATABASE/A_CAMERA/Focal_species/Gulo gulo/HFW12-F7/CC/2016/COLOR/Robust marks/03.30-14.50/IMG_1922.JPG,IMG_1922.JPG,HFW12-F7_2016_201603301450_IMG_1922.jpg,0.9271536469459534,840.8997802734375,153.29034423828125,384.302001953125,754.4006958007812,2048,1536,384,754
HFW12-F7,2016,201603301450,CC,1,/Volumes/Seagate Portable Drive/KYLE_AI_DATABASE/A_CAMERA/Focal_species/Gulo gulo/HFW12-F7/CC/2016/COLOR/Robust marks/03.30-14.50/IMG_1923.JPG,IMG_1923.JPG,HFW12-F7_2016_201603301450_IMG_1923.jpg,0.9201705455780029,844.7364501953125,212.1704864501953,378.9130859375,779.3654174804688,2048,1536,378,779
HFW12-F7,2016,201603301450,CC,1,/Volumes/Seagate Portable Drive/KYLE_AI_DATABASE/A_CAMERA/Focal_species/Gulo gulo/HFW12-F7/CC/2016/COLOR/Robust marks/03.30-14.50/IMG_1924.JPG,IMG_1924.JPG,HFW12-F7_2016_201603301450_IMG_1924.jpg,0.8970414996147156,840.73876953125,205.62490844726562,383.59765625,714.2515869140625,2048,1536,383,714
HFW12-F7,2016,201603301450,CC,1,/Volumes/Seagate Portable Drive/KYLE_AI_DATABASE/A_CAMERA/Focal_species/Gulo gulo/HFW12-F7/CC/2016/COLOR/Robust marks/03.30-14.50/IMG_1925.JPG,IMG_1925.JPG,HFW12-F7_2016_201603301450_IMG_1925.jpg,0.915353000164032,839.79248046875,221.24725341796875,385.974609375,701.9682006835938,2048,1536,385,701
HFW12-F7,2016,201603301450,CC,1,/Volumes/Seagate Portable Drive/KYLE_AI_DATABASE/A_CAMERA/Focal_species/Gulo gulo/HFW12-F7/CC/2016/COLOR/Robust marks/03.30-14.50/IMG_1926.JPG,IMG_1926.JPG,HFW12-F7_2016_201603301450_IMG_1926.jpg,0.9115354418754578,839.4053344726562,212.993408203125,386.78875732421875,755.4344482421875,2048,1536,386,755
HFW12-F7,2016,201603301450,CC,1,/Volumes/Seagate Portable Drive/KYLE_AI_DATABASE/A_CAMERA/Focal_species/Gulo gulo/HFW12-F7/CC/2016/COLOR/Robust marks/03.30-14.50/IMG_1927.JPG,IMG_1927.JPG,HFW12-F7_2016_201603301450_IMG_1927.jpg,0.9282093048095703,841.2369384765625,171.46783447265625,385.15771484375,790.783447265625,2048,1536,385,790
HFW12-F7,2016,201603301450,CC,1,/Volumes/Seagate Portable Drive/KYLE_AI_DATABASE/A_CAMERA/Focal_species/Gulo gulo/HFW12-F7/CC/2016/COLOR/Robust marks/03.30-14.50/IMG_1928.JPG,IMG_1928.JPG,HFW12-F7_2016_201603301450_IMG_1928.jpg,0.9323128461837769,842.1787109375,162.18809509277344,383.91259765625,802.1465454101562,2048,1536,383,802
HFW12-F7,2016,201603301450,CC,1,/Volumes/Seagate Portable Drive/KYLE_AI_DATABASE/A_CAMERA/Focal_species/Gulo gulo/HFW12-F7/CC/2016/COLOR/Robust marks/03.30-14.50/IMG_1929.JPG,IMG_1929.JPG,HFW12-F7_2016_201603301450_IMG_1929.jpg,0.891571581363678,841.7099609375,190.3307647705078,383.13427734375,751.1411743164062,2048,1536,383,751
HFW12-F7,2016,201603301450,CC,1,/Volumes/Seagate Portable Drive/KYLE_AI_DATABASE/A_CAMERA/Focal_species/Gulo gulo/HFW12-F7/CC/2016/COLOR/Robust marks/03.30-14.50/IMG_1930.JPG,IMG_1930.JPG,HFW12-F7_2016_201603301450_IMG_1930.jpg,0.9305137991905212,844.933837890625,173.7029571533203,381.3759765625,792.2516479492188,2048,1536,381,792
HFW12-F7,2016,201603301450,CC,1,/Volumes/Seagate Portable Drive/KYLE_AI_DATABASE/A_CAMERA/Focal_species/Gulo gulo/HFW12-F7/CC/2016/COLOR/Robust marks/03.30-14.50/IMG_1931.JPG,IMG_1931.JPG,HFW12-F7_2016_201603301450_IMG_1931.jpg,0.9280875325202942,831.588623046875,204.23117065429688,393.9970703125,805.824462890625,2048,1536,393,805
HFW12-F7,2016,201603301450,CC,1,/Volumes/Seagate Portable Drive/KYLE_AI_DATABASE/A_CAMERA/Focal_species/Gulo gulo/HFW12-F7/CC/2016/COLOR/Robust marks/03.30-14.50/IMG_1932.JPG,IMG_1932.JPG,HFW12-F7_2016_201603301450_IMG_1932.jpg,0.9414618015289307,831.6412353515625,186.48216247558594,395.334228515625,825.8050537109375,2048,1536,395,825
HFW12-F7,2016,201603301450,CC,1,/Volumes/Seagate Portable Drive/KYLE_AI_DATABASE/A_CAMERA/Focal_species/Gulo gulo/HFW12-F7/CC/2016/COLOR/Robust marks/03.30-14.50/IMG_1933.JPG,IMG_1933.JPG,HFW12-F7_2016_201603301450_IMG_1933.jpg,0.9322748184204102,831.6807861328125,193.87069702148438,389.779541015625,816.9034423828125,2048,1536,389,816
HFW12-F7,2016,201603301450,CC,1,/Volumes/Seagate Portable Drive/KYLE_AI_DATABASE/A_CAMERA/Focal_species/Gulo gulo/HFW12-F7/CC/2016/COLOR/Robust marks/03.30-14.50/IMG_1934.JPG,IMG_1934.JPG,HFW12-F7_2016_201603301450_IMG_1934.jpg,0.9281970858573914,840.2784423828125,219.4345703125,398.5390625,697.8218383789062,2048,1536,398,697
HFW12-F7,2016,201603301450,CC,1,/Volumes/Seagate Portable Drive/KYLE_AI_DATABASE/A_CAMERA/Focal_species/Gulo gulo/HFW12-F7/CC/2016/COLOR/Robust marks/03.30-14.50/IMG_1935.JPG,IMG_1935.JPG,HFW12-F7_2016_201603301450_IMG_1935.jpg,0.9254392385482788,839.434814453125,192.45974731445312,401.716796875,714.287841796875,2048,1536,401,714
HFW12-F7,2016,201603301450,CC,1,/Volumes/Seagate Portable Drive/KYLE_AI_DATABASE/A_CAMERA/Focal_species/Gulo gulo/HFW12-F7/CC/2016/COLOR/Robust marks/03.30-14.50/IMG_1936.JPG,IMG_1936.JPG,HFW12-F7_2016_201603301450_IMG_1936.jpg,0.9387763738632202,840.0498046875,189.62393188476562,398.047607421875,785.4381103515625,2048,1536,398,785
HFW12-F7,2016,201603301450,CC,1,/Volumes/Seagate Portable Drive/KYLE_AI_DATABASE/A_CAMERA/Focal_species/Gulo gulo/HFW12-F7/CC/2016/COLOR/Robust marks/03.30-14.50/IMG_1937.JPG,IMG_1937.JPG,HFW12-F7_2016_201603301450_IMG_1937.jpg,0.9146603345870972,839.8802490234375,284.8638000488281,552.3037109375,723.671875,2048,1536,552,723
HFW12-F7,2016,201603301450,CC,1,/Volumes/Seagate Portable Drive/KYLE_AI_DATABASE/A_CAMERA/Focal_species/Gulo gulo/HFW12-F7/CC/2016/COLOR/Robust marks/03.30-14.50/IMG_1938.JPG,IMG_1938.JPG,HFW12-F7_2016_201603301450_IMG_1938.jpg,0.9286054968833923,841.2080078125,225.73049926757812,572.083251953125,780.7880859375,2048,1536,572,780
HFW12-F7,2016,201603301450,CC,1,/Volumes/Seagate Portable Drive/KYLE_AI_DATABASE/A_CAMERA/Focal_species/Gulo gulo/HFW12-F7/CC/2016/COLOR/Robust marks/03.30-14.50/IMG_1939.JPG,IMG_1939.JPG,HFW12-F7_2016_201603301450_IMG_1939.jpg,0.9455024003982544,843.1502075195312,167.5839385986328,397.15594482421875,837.8899536132812,2048,1536,397,837
HFW12-F7,2016,201603301450,CC,1,/Volumes/Seagate Portable Drive/KYLE_AI_DATABASE/A_CAMERA/Focal_species/Gulo gulo/HFW12-F7/CC/2016/COLOR/Robust marks/03.30-14.50/IMG_1940.JPG,IMG_1940.JPG,HFW12-F7_2016_201603301450_IMG_1940.jpg,0.8634970784187317,853.8118896484375,29.297103881835938,447.388916015625,538.0014038085938,2048,1536,447,538
