id,year,ymdh,station,color,original_path,original_filename,crop_filename,confidence,bbox_x,bbox_y,bbox_width,bbox_height,image_width,image_height,crop_width,crop_height
BDF10-M6,2016,201603081848,HC,0,/Volumes/Seagate Portable Drive/KYLE_AI_DATABASE/A_CAMERA/Focal_species/Gulo gulo/BDF10-M6/HC/2016/B&W/Robust marks/03.08-18.48/IMG_1851.JPG,IMG_1851.JPG,BDF10-M6_2016_201603081848_IMG_1851.jpg,0.8744571805000305,1747.782470703125,1017.4553833007812,300.0732421875,445.21258544921875,2048,1536,300,445
BDF10-M6,2016,201603081848,HC,0,/Volumes/Seagate Portable Drive/KYLE_AI_DATABASE/A_CAMERA/Focal_species/Gulo gulo/BDF10-M6/HC/2016/B&W/Robust marks/03.08-18.48/IMG_1852.JPG,IMG_1852.JPG,BDF10-M6_2016_201603081848_IMG_1852.jpg,0.9527725577354431,1432.796875,1070.2799072265625,614.46826171875,431.211181640625,2048,1536,614,431
BDF10-M6,2016,201603081848,HC,0,/Volumes/Seagate Portable Drive/KYLE_AI_DATABASE/A_CAMERA/Focal_species/Gulo gulo/BDF10-M6/HC/2016/B&W/Robust marks/03.08-18.48/IMG_1853.JPG,IMG_1853.JPG,BDF10-M6_2016_201603081848_IMG_1853.jpg,0.9377890825271606,1202.8104248046875,1141.7227783203125,619.489501953125,360.390869140625,2048,1536,619,360
BDF10-M6,2016,201603081848,HC,0,/Volumes/Seagate Portable Drive/KYLE_AI_DATABASE/A_CAMERA/Focal_species/Gulo gulo/BDF10-M6/HC/2016/B&W/Robust marks/03.08-18.48/IMG_1854.JPG,IMG_1854.JPG,BDF10-M6_2016_201603081848_IMG_1854.jpg,0.919365406036377,1012.8944091796875,1043.031494140625,612.56396484375,458.8966064453125,2048,1536,612,458
BDF10-M6,2016,201603081848,HC,0,/Volumes/Seagate Portable Drive/KYLE_AI_DATABASE/A_CAMERA/Focal_species/Gulo gulo/BDF10-M6/HC/2016/B&W/Robust marks/03.08-18.48/IMG_1855.JPG,IMG_1855.JPG,BDF10-M6_2016_201603081848_IMG_1855.jpg,0.8130782246589661,623.3182373046875,1399.549560546875,585.914794921875,102.80126953125,2048,1536,585,102
BDF10-M6,2016,201603081848,HC,0,/Volumes/Seagate Portable Drive/KYLE_AI_DATABASE/A_CAMERA/Focal_species/Gulo gulo/BDF10-M6/HC/2016/B&W/Robust marks/03.08-18.48/IMG_1856.JPG,IMG_1856.JPG,BDF10-M6_2016_201603081848_IMG_1856.jpg,0.8243515491485596,623.108154296875,1399.35693359375,586.6258544921875,103.0555419921875,2048,1536,586,103
BDF10-M6,2016,201603081848,HC,0,/Volumes/Seagate Portable Drive/KYLE_AI_DATABASE/A_CAMERA/Focal_species/Gulo gulo/BDF10-M6/HC/2016/B&W/Robust marks/03.08-18.48/IMG_1858.JPG,IMG_1858.JPG,BDF10-M6_2016_201603081848_IMG_1858.jpg,0.8831055164337158,622.985107421875,1399.624755859375,586.87841796875,102.7734375,2048,1536,586,102
BDF10-M6,2016,201603081848,HC,0,/Volumes/Seagate Portable Drive/KYLE_AI_DATABASE/A_CAMERA/Focal_species/Gulo gulo/BDF10-M6/HC/2016/B&W/Robust marks/03.08-18.48/IMG_1859.JPG,IMG_1859.JPG,BDF10-M6_2016_201603081848_IMG_1859.jpg,0.8371634483337402,623.2041625976562,1399.6015625,586.9408569335938,102.7408447265625,2048,1536,586,102
BDF10-M6,2016,201603081848,HC,0,/Volumes/Seagate Portable Drive/KYLE_AI_DATABASE/A_CAMERA/Focal_species/Gulo gulo/BDF10-M6/HC/2016/B&W/Robust marks/03.08-18.48/IMG_1860.JPG,IMG_1860.JPG,BDF10-M6_2016_201603081848_IMG_1860.jpg,0.8186495900154114,712.3907470703125,354.7799072265625,451.3358154296875,1028.79541015625,2048,1536,451,1028
BDF10-M6,2016,201603081848,HC,0,/Volumes/Seagate Portable Drive/KYLE_AI_DATABASE/A_CAMERA/Focal_species/Gulo gulo/BDF10-M6/HC/2016/B&W/Robust marks/03.08-18.48/IMG_1862.JPG,IMG_1862.JPG,BDF10-M6_2016_201603081848_IMG_1862.jpg,0.8642004728317261,758.32275390625,289.2371826171875,476.779541015625,824.1002197265625,2048,1536,476,824
BDF10-M6,2016,201603081848,HC,0,/Volumes/Seagate Portable Drive/KYLE_AI_DATABASE/A_CAMERA/Focal_species/Gulo gulo/BDF10-M6/HC/2016/B&W/Robust marks/03.08-18.48/IMG_1863.JPG,IMG_1863.JPG,BDF10-M6_2016_201603081848_IMG_1863.jpg,0.8474602103233337,816.8080444335938,127.27812194824219,468.99981689453125,952.1459350585938,2048,1536,468,952
BDF10-M6,2016,201603081848,HC,0,/Volumes/Seagate Portable Drive/KYLE_AI_DATABASE/A_CAMERA/Focal_species/Gulo gulo/BDF10-M6/HC/2016/B&W/Robust marks/03.08-18.48/IMG_1864.JPG,IMG_1864.JPG,BDF10-M6_2016_201603081848_IMG_1864.jpg,0.9193576574325562,842.1653442382812,139.14976501464844,449.30450439453125,965.081298828125,2048,1536,449,965
BDF10-M6,2016,201603081848,HC,0,/Volumes/Seagate Portable Drive/KYLE_AI_DATABASE/A_CAMERA/Focal_species/Gulo gulo/BDF10-M6/HC/2016/B&W/Robust marks/03.08-18.48/IMG_1865.JPG,IMG_1865.JPG,BDF10-M6_2016_201603081848_IMG_1865.jpg,0.9329178333282471,983.4276733398438,145.3740692138672,322.01849365234375,932.6752319335938,2048,1536,322,932
BDF10-M6,2016,201603081848,HC,0,/Volumes/Seagate Portable Drive/KYLE_AI_DATABASE/A_CAMERA/Focal_species/Gulo gulo/BDF10-M6/HC/2016/B&W/Robust marks/03.08-18.48/IMG_1866.JPG,IMG_1866.JPG,BDF10-M6_2016_201603081848_IMG_1866.jpg,0.9193782210350037,996.658447265625,131.763427734375,326.798828125,971.3948974609375,2048,1536,326,971
BDF10-M6,2016,201603081848,HC,0,/Volumes/Seagate Portable Drive/KYLE_AI_DATABASE/A_CAMERA/Focal_species/Gulo gulo/BDF10-M6/HC/2016/B&W/Robust marks/03.08-18.48/IMG_1867.JPG,IMG_1867.JPG,BDF10-M6_2016_201603081848_IMG_1867.jpg,0.9091503024101257,1034.805908203125,64.75790405273438,285.5546875,1010.2476806640625,2048,1536,285,1010
BDF10-M6,2016,201603081848,HC,0,/Volumes/Seagate Portable Drive/KYLE_AI_DATABASE/A_CAMERA/Focal_species/Gulo gulo/BDF10-M6/HC/2016/B&W/Robust marks/03.08-18.48/IMG_1868.JPG,IMG_1868.JPG,BDF10-M6_2016_201603081848_IMG_1868.jpg,0.8895657658576965,990.9986572265625,110.26290893554688,328.533935546875,993.7535400390625,2048,1536,328,993
BDF10-M6,2016,201603081848,HC,0,/Volumes/Seagate Portable Drive/KYLE_AI_DATABASE/A_CAMERA/Focal_species/Gulo gulo/BDF10-M6/HC/2016/B&W/Robust marks/03.08-18.48/IMG_1869.JPG,IMG_1869.JPG,BDF10-M6_2016_201603081848_IMG_1869.jpg,0.9232529401779175,992.1828002929688,63.65080261230469,332.43609619140625,1012.9651489257812,2048,1536,332,1012
BDF10-M6,2016,201603081848,HC,0,/Volumes/Seagate Portable Drive/KYLE_AI_DATABASE/A_CAMERA/Focal_species/Gulo gulo/BDF10-M6/HC/2016/B&W/Robust marks/03.08-18.48/IMG_1870.JPG,IMG_1870.JPG,BDF10-M6_2016_201603081848_IMG_1870.jpg,0.8982656002044678,1023.4695434570312,66.23020935058594,325.39630126953125,1008.783447265625,2048,1536,325,1008
BDF10-M6,2016,201603081848,HC,0,/Volumes/Seagate Portable Drive/KYLE_AI_DATABASE/A_CAMERA/Focal_species/Gulo gulo/BDF10-M6/HC/2016/B&W/Robust marks/03.08-18.48/IMG_1871.JPG,IMG_1871.JPG,BDF10-M6_2016_201603081848_IMG_1871.jpg,0.8929680585861206,993.7728271484375,75.34602355957031,346.58349609375,1030.7569580078125,2048,1536,346,1030
BDF10-M6,2016,201603081848,HC,0,/Volumes/Seagate Portable Drive/KYLE_AI_DATABASE/A_CAMERA/Focal_species/Gulo gulo/BDF10-M6/HC/2016/B&W/Robust marks/03.08-18.48/IMG_1872.JPG,IMG_1872.JPG,BDF10-M6_2016_201603081848_IMG_1872.jpg,0.8885546326637268,622.0543212890625,1397.384765625,592.57421875,104.798583984375,2048,1536,592,104
BDF10-M6,2016,201603081848,HC,0,/Volumes/Seagate Portable Drive/KYLE_AI_DATABASE/A_CAMERA/Focal_species/Gulo gulo/BDF10-M6/HC/2016/B&W/Robust marks/03.08-18.48/IMG_1873.JPG,IMG_1873.JPG,BDF10-M6_2016_201603081848_IMG_1873.jpg,0.9093734622001648,621.632080078125,1397.52001953125,592.8956298828125,104.6759033203125,2048,1536,592,104
BDF10-M6,2016,201603081848,HC,0,/Volumes/Seagate Portable Drive/KYLE_AI_DATABASE/A_CAMERA/Focal_species/Gulo gulo/BDF10-M6/HC/2016/B&W/Robust marks/03.08-18.48/IMG_1874.JPG,IMG_1874.JPG,BDF10-M6_2016_201603081848_IMG_1874.jpg,0.9132306575775146,622.0245971679688,1397.2701416015625,592.8062133789062,105.0167236328125,2048,1536,592,105
BDF10-M6,2016,201603081848,HC,0,/Volumes/Seagate Portable Drive/KYLE_AI_DATABASE/A_CAMERA/Focal_species/Gulo gulo/BDF10-M6/HC/2016/B&W/Robust marks/03.08-18.48/IMG_1875.JPG,IMG_1875.JPG,BDF10-M6_2016_201603081848_IMG_1875.jpg,0.9069840312004089,993.9739379882812,105.88417053222656,342.15570068359375,961.3682861328125,2048,1536,342,961
BDF10-M6,2016,201603081848,HC,0,/Volumes/Seagate Portable Drive/KYLE_AI_DATABASE/A_CAMERA/Focal_species/Gulo gulo/BDF10-M6/HC/2016/B&W/Robust marks/03.08-18.48/IMG_1876.JPG,IMG_1876.JPG,BDF10-M6_2016_201603081848_IMG_1876.jpg,0.8803373575210571,620.5494384765625,1397.828857421875,595.49169921875,104.485107421875,2048,1536,595,104
BDF10-M6,2016,201603081848,HC,0,/Volumes/Seagate Portable Drive/KYLE_AI_DATABASE/A_CAMERA/Focal_species/Gulo gulo/BDF10-M6/HC/2016/B&W/Robust marks/03.08-18.48/IMG_1877.JPG,IMG_1877.JPG,BDF10-M6_2016_201603081848_IMG_1877.jpg,0.9149974584579468,620.3763427734375,1397.48876953125,594.2054443359375,104.833984375,2048,1536,594,104
BDF10-M6,2016,201603081848,HC,0,/Volumes/Seagate Portable Drive/KYLE_AI_DATABASE/A_CAMERA/Focal_species/Gulo gulo/BDF10-M6/HC/2016/B&W/Robust marks/03.08-18.48/IMG_1878.JPG,IMG_1878.JPG,BDF10-M6_2016_201603081848_IMG_1878.jpg,0.8977130651473999,622.560302734375,1397.6678466796875,592.4776611328125,104.5955810546875,2048,1536,592,104
BDF10-M6,2016,201603081848,HC,0,/Volumes/Seagate Portable Drive/KYLE_AI_DATABASE/A_CAMERA/Focal_species/Gulo gulo/BDF10-M6/HC/2016/B&W/Robust marks/03.08-18.48/IMG_1879.JPG,IMG_1879.JPG,BDF10-M6_2016_201603081848_IMG_1879.jpg,0.8879650831222534,977.5282592773438,80.67562866210938,349.96832275390625,1024.6058349609375,2048,1536,349,1024
BDF10-M6,2016,201603081848,HC,0,/Volumes/Seagate Portable Drive/KYLE_AI_DATABASE/A_CAMERA/Focal_species/Gulo gulo/BDF10-M6/HC/2016/B&W/Robust marks/03.08-18.48/IMG_1880.JPG,IMG_1880.JPG,BDF10-M6_2016_201603081848_IMG_1880.jpg,0.8971515893936157,621.0418090820312,1397.686279296875,593.8300170898438,104.5413818359375,2048,1536,593,104
BDF10-M6,2016,201603081848,HC,0,/Volumes/Seagate Portable Drive/KYLE_AI_DATABASE/A_CAMERA/Focal_species/Gulo gulo/BDF10-M6/HC/2016/B&W/Robust marks/03.08-18.48/IMG_1881.JPG,IMG_1881.JPG,BDF10-M6_2016_201603081848_IMG_1881.jpg,0.9124406576156616,620.6966552734375,1396.780029296875,594.4617919921875,105.268310546875,2048,1536,594,105
BDF10-M6,2016,201603081848,HC,0,/Volumes/Seagate Portable Drive/KYLE_AI_DATABASE/A_CAMERA/Focal_species/Gulo gulo/BDF10-M6/HC/2016/B&W/Robust marks/03.08-18.48/IMG_1882.JPG,IMG_1882.JPG,BDF10-M6_2016_201603081848_IMG_1882.jpg,0.883612334728241,1013.2989501953125,78.76890563964844,326.625,1038.1092529296875,2048,1536,326,1038
BDF10-M6,2016,201603081848,HC,0,/Volumes/Seagate Portable Drive/KYLE_AI_DATABASE/A_CAMERA/Focal_species/Gulo gulo/BDF10-M6/HC/2016/B&W/Robust marks/03.08-18.48/IMG_1883.JPG,IMG_1883.JPG,BDF10-M6_2016_201603081848_IMG_1883.jpg,0.9028546214103699,998.607177734375,128.19126892089844,334.8916015625,986.5350341796875,2048,1536,334,986
BDF10-M6,2016,201603081848,HC,0,/Volumes/Seagate Portable Drive/KYLE_AI_DATABASE/A_CAMERA/Focal_species/Gulo gulo/BDF10-M6/HC/2016/B&W/Robust marks/03.08-18.48/IMG_1884.JPG,IMG_1884.JPG,BDF10-M6_2016_201603081848_IMG_1884.jpg,0.9089296460151672,981.6033325195312,165.58795166015625,367.70526123046875,1012.6141967773438,2048,1536,367,1012
BDF10-M6,2016,201603081848,HC,0,/Volumes/Seagate Portable Drive/KYLE_AI_DATABASE/A_CAMERA/Focal_species/Gulo gulo/BDF10-M6/HC/2016/B&W/Robust marks/03.08-18.48/IMG_1885.JPG,IMG_1885.JPG,BDF10-M6_2016_201603081848_IMG_1885.jpg,0.9350183606147766,984.4960327148438,137.22935485839844,360.86712646484375,973.4573974609375,2048,1536,360,973
BDF10-M6,2016,201603081848,HC,0,/Volumes/Seagate Portable Drive/KYLE_AI_DATABASE/A_CAMERA/Focal_species/Gulo gulo/BDF10-M6/HC/2016/B&W/Robust marks/03.08-18.48/IMG_1886.JPG,IMG_1886.JPG,BDF10-M6_2016_201603081848_IMG_1886.jpg,0.8891277313232422,964.1492919921875,137.01919555664062,374.308349609375,973.9202880859375,2048,1536,374,973
BDF10-M6,2016,201603081848,HC,0,/Volumes/Seagate Portable Drive/KYLE_AI_DATABASE/A_CAMERA/Focal_species/Gulo gulo/BDF10-M6/HC/2016/B&W/Robust marks/03.08-18.48/IMG_1887.JPG,IMG_1887.JPG,BDF10-M6_2016_201603081848_IMG_1887.jpg,0.9462512135505676,940.6768798828125,140.036865234375,398.053466796875,941.3333740234375,2048,1536,398,941
BDF10-M6,2016,201603081848,HC,0,/Volumes/Seagate Portable Drive/KYLE_AI_DATABASE/A_CAMERA/Focal_species/Gulo gulo/BDF10-M6/HC/2016/B&W/Robust marks/03.08-18.48/IMG_1888.JPG,IMG_1888.JPG,BDF10-M6_2016_201603081848_IMG_1888.jpg,0.9281492233276367,992.6002807617188,166.51812744140625,360.88995361328125,937.8870239257812,2048,1536,360,937
BDF10-M6,2016,201603081848,HC,0,/Volumes/Seagate Portable Drive/KYLE_AI_DATABASE/A_CAMERA/Focal_species/Gulo gulo/BDF10-M6/HC/2016/B&W/Robust marks/03.08-18.48/IMG_1889.JPG,IMG_1889.JPG,BDF10-M6_2016_201603081848_IMG_1889.jpg,0.9318592548370361,974.2465209960938,132.73233032226562,371.31744384765625,971.3216552734375,2048,1536,371,971
BDF10-M6,2016,201603081848,HC,0,/Volumes/Seagate Portable Drive/KYLE_AI_DATABASE/A_CAMERA/Focal_species/Gulo gulo/BDF10-M6/HC/2016/B&W/Robust marks/03.08-18.48/IMG_1890.JPG,IMG_1890.JPG,BDF10-M6_2016_201603081848_IMG_1890.jpg,0.9347432851791382,963.3541259765625,119.22248840332031,378.3818359375,953.7533569335938,2048,1536,378,953
BDF10-M6,2016,201603081848,HC,0,/Volumes/Seagate Portable Drive/KYLE_AI_DATABASE/A_CAMERA/Focal_species/Gulo gulo/BDF10-M6/HC/2016/B&W/Robust marks/03.08-18.48/IMG_1891.JPG,IMG_1891.JPG,BDF10-M6_2016_201603081848_IMG_1891.jpg,0.926916778087616,949.012939453125,134.75509643554688,380.556640625,923.7987060546875,2048,1536,380,923
BDF10-M6,2016,201603081848,HC,0,/Volumes/Seagate Portable Drive/KYLE_AI_DATABASE/A_CAMERA/Focal_species/Gulo gulo/BDF10-M6/HC/2016/B&W/Robust marks/03.08-18.48/IMG_1892.JPG,IMG_1892.JPG,BDF10-M6_2016_201603081848_IMG_1892.jpg,0.9440497756004333,997.8294677734375,132.66485595703125,334.74560546875,941.4242553710938,2048,1536,334,941
BDF10-M6,2016,201603081848,HC,0,/Volumes/Seagate Portable Drive/KYLE_AI_DATABASE/A_CAMERA/Focal_species/Gulo gulo/BDF10-M6/HC/2016/B&W/Robust marks/03.08-18.48/IMG_1893.JPG,IMG_1893.JPG,BDF10-M6_2016_201603081848_IMG_1893.jpg,0.9287629127502441,990.6690063476562,131.0701904296875,354.51434326171875,942.18212890625,2048,1536,354,942
BDF10-M6,2016,201603081848,HC,0,/Volumes/Seagate Portable Drive/KYLE_AI_DATABASE/A_CAMERA/Focal_species/Gulo gulo/BDF10-M6/HC/2016/B&W/Robust marks/03.08-18.48/IMG_1894.JPG,IMG_1894.JPG,BDF10-M6_2016_201603081848_IMG_1894.jpg,0.9422277808189392,1032.04541015625,126.45016479492188,328.851806640625,952.63232421875,2048,1536,328,952
BDF10-M6,2016,201603081848,HC,0,/Volumes/Seagate Portable Drive/KYLE_AI_DATABASE/A_CAMERA/Focal_species/Gulo gulo/BDF10-M6/HC/2016/B&W/Robust marks/03.08-18.48/IMG_1895.JPG,IMG_1895.JPG,BDF10-M6_2016_201603081848_IMG_1895.jpg,0.9386852979660034,1018.2245483398438,119.44244384765625,333.62896728515625,958.7952270507812,2048,1536,333,958
BDF10-M6,2016,201603081848,HC,0,/Volumes/Seagate Portable Drive/KYLE_AI_DATABASE/A_CAMERA/Focal_species/Gulo gulo/BDF10-M6/HC/2016/B&W/Robust marks/03.08-18.48/IMG_1896.JPG,IMG_1896.JPG,BDF10-M6_2016_201603081848_IMG_1896.jpg,0.9392760992050171,1043.711669921875,116.24665832519531,313.673828125,968.1050415039062,2048,1536,313,968
BDF10-M6,2016,201603081848,HC,0,/Volumes/Seagate Portable Drive/KYLE_AI_DATABASE/A_CAMERA/Focal_species/Gulo gulo/BDF10-M6/HC/2016/B&W/Robust marks/03.08-18.48/IMG_1897.JPG,IMG_1897.JPG,BDF10-M6_2016_201603081848_IMG_1897.jpg,0.9245662689208984,1022.5280151367188,145.60780334472656,341.35894775390625,933.5184326171875,2048,1536,341,933
BDF10-M6,2016,201603081848,HC,0,/Volumes/Seagate Portable Drive/KYLE_AI_DATABASE/A_CAMERA/Focal_species/Gulo gulo/BDF10-M6/HC/2016/B&W/Robust marks/03.08-18.48/IMG_1898.JPG,IMG_1898.JPG,BDF10-M6_2016_201603081848_IMG_1898.jpg,0.9375969767570496,1032.9029541015625,162.04527282714844,335.2119140625,939.390869140625,2048,1536,335,939
BDF10-M6,2016,201603081848,HC,0,/Volumes/Seagate Portable Drive/KYLE_AI_DATABASE/A_CAMERA/Focal_species/Gulo gulo/BDF10-M6/HC/2016/B&W/Robust marks/03.08-18.48/IMG_1899.JPG,IMG_1899.JPG,BDF10-M6_2016_201603081848_IMG_1899.jpg,0.9277006387710571,1009.6137084960938,120.26275634765625,355.32318115234375,984.7334594726562,2048,1536,355,984
BDF10-M6,2016,201603081848,HC,0,/Volumes/Seagate Portable Drive/KYLE_AI_DATABASE/A_CAMERA/Focal_species/Gulo gulo/BDF10-M6/HC/2016/B&W/Robust marks/03.08-18.48/IMG_1900.JPG,IMG_1900.JPG,BDF10-M6_2016_201603081848_IMG_1900.jpg,0.9538499116897583,989.39501953125,145.25894165039062,370.28125,922.746337890625,2048,1536,370,922
BDF10-M6,2016,201603081848,HC,0,/Volumes/Seagate Portable Drive/KYLE_AI_DATABASE/A_CAMERA/Focal_species/Gulo gulo/BDF10-M6/HC/2016/B&W/Robust marks/03.08-18.48/IMG_1901.JPG,IMG_1901.JPG,BDF10-M6_2016_201603081848_IMG_1901.jpg,0.9430875182151794,1031.8280029296875,134.07778930664062,335.170166015625,938.8861083984375,2048,1536,335,938
BDF10-M6,2016,201603081848,HC,0,/Volumes/Seagate Portable Drive/KYLE_AI_DATABASE/A_CAMERA/Focal_species/Gulo gulo/BDF10-M6/HC/2016/B&W/Robust marks/03.08-18.48/IMG_1902.JPG,IMG_1902.JPG,BDF10-M6_2016_201603081848_IMG_1902.jpg,0.9219892621040344,1069.373779296875,114.04385375976562,289.858642578125,984.8563232421875,2048,1536,289,984
BDF10-M6,2016,201603081848,HC,0,/Volumes/Seagate Portable Drive/KYLE_AI_DATABASE/A_CAMERA/Focal_species/Gulo gulo/BDF10-M6/HC/2016/B&W/Robust marks/03.08-18.48/IMG_1903.JPG,IMG_1903.JPG,BDF10-M6_2016_201603081848_IMG_1903.jpg,0.9275214672088623,1023.166015625,124.21810913085938,327.279541015625,979.31396484375,2048,1536,327,979
BDF10-M6,2016,201603081848,HC,0,/Volumes/Seagate Portable Drive/KYLE_AI_DATABASE/A_CAMERA/Focal_species/Gulo gulo/BDF10-M6/HC/2016/B&W/Robust marks/03.08-18.48/IMG_1904.JPG,IMG_1904.JPG,BDF10-M6_2016_201603081848_IMG_1904.jpg,0.9394693970680237,1008.0909423828125,132.7449188232422,341.861572265625,942.2528686523438,2048,1536,341,942
BDF10-M6,2016,201603081848,HC,0,/Volumes/Seagate Portable Drive/KYLE_AI_DATABASE/A_CAMERA/Focal_species/Gulo gulo/BDF10-M6/HC/2016/B&W/Robust marks/03.08-18.48/IMG_1905.JPG,IMG_1905.JPG,BDF10-M6_2016_201603081848_IMG_1905.jpg,0.9431329965591431,1046.21142578125,135.18209838867188,307.943603515625,943.41796875,2048,1536,307,943
BDF10-M6,2016,201603081848,HC,0,/Volumes/Seagate Portable Drive/KYLE_AI_DATABASE/A_CAMERA/Focal_species/Gulo gulo/BDF10-M6/HC/2016/B&W/Robust marks/03.08-18.48/IMG_1906.JPG,IMG_1906.JPG,BDF10-M6_2016_201603081848_IMG_1906.jpg,0.927064061164856,1036.663818359375,109.27542114257812,311.18310546875,968.99951171875,2048,1536,311,968
BDF10-M6,2016,201603081848,HC,0,/Volumes/Seagate Portable Drive/KYLE_AI_DATABASE/A_CAMERA/Focal_species/Gulo gulo/BDF10-M6/HC/2016/B&W/Robust marks/03.08-18.48/IMG_1907.JPG,IMG_1907.JPG,BDF10-M6_2016_201603081848_IMG_1907.jpg,0.9276949167251587,1046.4539794921875,120.94509887695312,306.72216796875,968.75390625,2048,1536,306,968
BDF10-M6,2016,201603081848,HC,0,/Volumes/Seagate Portable Drive/KYLE_AI_DATABASE/A_CAMERA/Focal_species/Gulo gulo/BDF10-M6/HC/2016/B&W/Robust marks/03.08-18.48/IMG_1908.JPG,IMG_1908.JPG,BDF10-M6_2016_201603081848_IMG_1908.jpg,0.9144936203956604,998.16162109375,118.86593627929688,362.820068359375,996.434814453125,2048,1536,362,996
BDF10-M6,2016,201603081848,HC,0,/Volumes/Seagate Portable Drive/KYLE_AI_DATABASE/A_CAMERA/Focal_species/Gulo gulo/BDF10-M6/HC/2016/B&W/Robust marks/03.08-18.48/IMG_1909.JPG,IMG_1909.JPG,BDF10-M6_2016_201603081848_IMG_1909.jpg,0.9406478404998779,954.4973754882812,69.79824829101562,365.74224853515625,1030.0230712890625,2048,1536,365,1030
BDF10-M6,2016,201603081848,HC,0,/Volumes/Seagate Portable Drive/KYLE_AI_DATABASE/A_CAMERA/Focal_species/Gulo gulo/BDF10-M6/HC/2016/B&W/Robust marks/03.08-18.48/IMG_1910.JPG,IMG_1910.JPG,BDF10-M6_2016_201603081848_IMG_1910.jpg,0.9513939619064331,883.0325927734375,29.355194091796875,453.713623046875,1083.7041015625,2048,1536,453,1083
BDF10-M6,2016,201603081848,HC,0,/Volumes/Seagate Portable Drive/KYLE_AI_DATABASE/A_CAMERA/Focal_species/Gulo gulo/BDF10-M6/HC/2016/B&W/Robust marks/03.08-18.48/IMG_1911.JPG,IMG_1911.JPG,BDF10-M6_2016_201603081848_IMG_1911.jpg,0.913520872592926,934.727294921875,198.48582458496094,383.197265625,907.9560546875,2048,1536,383,907
BDF10-M6,2016,201603081848,HC,0,/Volumes/Seagate Portable Drive/KYLE_AI_DATABASE/A_CAMERA/Focal_species/Gulo gulo/BDF10-M6/HC/2016/B&W/Robust marks/03.08-18.48/IMG_1912.JPG,IMG_1912.JPG,BDF10-M6_2016_201603081848_IMG_1912.jpg,0.9086886048316956,962.0641479492188,60.24266052246094,365.74847412109375,1043.09033203125,2048,1536,365,1043
BDF10-M6,2016,201603081848,HC,0,/Volumes/Seagate Portable Drive/KYLE_AI_DATABASE/A_CAMERA/Focal_species/Gulo gulo/BDF10-M6/HC/2016/B&W/Robust marks/03.08-18.48/IMG_1913.JPG,IMG_1913.JPG,BDF10-M6_2016_201603081848_IMG_1913.jpg,0.9047396183013916,961.1529541015625,96.5687255859375,371.394775390625,1010.3953857421875,2048,1536,371,1010
BDF10-M6,2016,201603081848,HC,0,/Volumes/Seagate Portable Drive/KYLE_AI_DATABASE/A_CAMERA/Focal_species/Gulo gulo/BDF10-M6/HC/2016/B&W/Robust marks/03.08-18.48/IMG_1914.JPG,IMG_1914.JPG,BDF10-M6_2016_201603081848_IMG_1914.jpg,0.9063502550125122,944.7423095703125,97.95249938964844,386.015380859375,1006.7664794921875,2048,1536,386,1006
BDF10-M6,2016,201603081848,HC,0,/Volumes/Seagate Portable Drive/KYLE_AI_DATABASE/A_CAMERA/Focal_species/Gulo gulo/BDF10-M6/HC/2016/B&W/Robust marks/03.08-18.48/IMG_1915.JPG,IMG_1915.JPG,BDF10-M6_2016_201603081848_IMG_1915.jpg,0.902588427066803,622.8216552734375,1398.2247314453125,592.2763671875,104.0931396484375,2048,1536,592,104
BDF10-M6,2016,201603081848,HC,0,/Volumes/Seagate Portable Drive/KYLE_AI_DATABASE/A_CAMERA/Focal_species/Gulo gulo/BDF10-M6/HC/2016/B&W/Robust marks/03.08-18.48/IMG_1916.JPG,IMG_1916.JPG,BDF10-M6_2016_201603081848_IMG_1916.jpg,0.9168253540992737,622.5049438476562,1397.9459228515625,591.1803588867188,104.389892578125,2048,1536,591,104
BDF10-M6,2016,201603081848,HC,0,/Volumes/Seagate Portable Drive/KYLE_AI_DATABASE/A_CAMERA/Focal_species/Gulo gulo/BDF10-M6/HC/2016/B&W/Robust marks/03.08-18.48/IMG_1917.JPG,IMG_1917.JPG,BDF10-M6_2016_201603081848_IMG_1917.jpg,0.9153321385383606,621.585693359375,1398.264404296875,592.0904541015625,104.091796875,2048,1536,592,104
BDF10-M6,2016,201603081848,HC,0,/Volumes/Seagate Portable Drive/KYLE_AI_DATABASE/A_CAMERA/Focal_species/Gulo gulo/BDF10-M6/HC/2016/B&W/Robust marks/03.08-18.48/IMG_1918.JPG,IMG_1918.JPG,BDF10-M6_2016_201603081848_IMG_1918.jpg,0.9191840887069702,955.9609985351562,138.83303833007812,375.77557373046875,982.2847900390625,2048,1536,375,982
BDF10-M6,2016,201603081848,HC,0,/Volumes/Seagate Portable Drive/KYLE_AI_DATABASE/A_CAMERA/Focal_species/Gulo gulo/BDF10-M6/HC/2016/B&W/Robust marks/03.08-18.48/IMG_1919.JPG,IMG_1919.JPG,BDF10-M6_2016_201603081848_IMG_1919.jpg,0.8831779360771179,953.2958984375,77.94223022460938,359.242431640625,1029.0113525390625,2048,1536,359,1029
BDF10-M6,2016,201603081848,HC,0,/Volumes/Seagate Portable Drive/KYLE_AI_DATABASE/A_CAMERA/Focal_species/Gulo gulo/BDF10-M6/HC/2016/B&W/Robust marks/03.08-18.48/IMG_1920.JPG,IMG_1920.JPG,BDF10-M6_2016_201603081848_IMG_1920.jpg,0.9086781740188599,622.1163330078125,1397.729248046875,591.1531982421875,104.49365234375,2048,1536,591,104
BDF10-M6,2016,201603081848,HC,0,/Volumes/Seagate Portable Drive/KYLE_AI_DATABASE/A_CAMERA/Focal_species/Gulo gulo/BDF10-M6/HC/2016/B&W/Robust marks/03.08-18.48/IMG_1921.JPG,IMG_1921.JPG,BDF10-M6_2016_201603081848_IMG_1921.jpg,0.9191290736198425,984.4085693359375,199.66104125976562,377.83740234375,896.298583984375,2048,1536,377,896
BDF10-M6,2016,201603081848,HC,0,/Volumes/Seagate Portable Drive/KYLE_AI_DATABASE/A_CAMERA/Focal_species/Gulo gulo/BDF10-M6/HC/2016/B&W/Robust marks/03.08-18.48/IMG_1922.JPG,IMG_1922.JPG,BDF10-M6_2016_201603081848_IMG_1922.jpg,0.9113479852676392,621.1882934570312,1397.5198974609375,593.2015991210938,104.7044677734375,2048,1536,593,104
BDF10-M6,2016,201603081848,HC,0,/Volumes/Seagate Portable Drive/KYLE_AI_DATABASE/A_CAMERA/Focal_species/Gulo gulo/BDF10-M6/HC/2016/B&W/Robust marks/03.08-18.48/IMG_1923.JPG,IMG_1923.JPG,BDF10-M6_2016_201603081848_IMG_1923.jpg,0.8237097859382629,621.378662109375,1396.41845703125,593.0968017578125,105.8775634765625,2048,1536,593,105
BDF10-M6,2016,201603081848,HC,0,/Volumes/Seagate Portable Drive/KYLE_AI_DATABASE/A_CAMERA/Focal_species/Gulo gulo/BDF10-M6/HC/2016/B&W/Robust marks/03.08-18.48/IMG_1924.JPG,IMG_1924.JPG,BDF10-M6_2016_201603081848_IMG_1924.jpg,0.9257598519325256,947.2933349609375,82.80647277832031,397.70361328125,1043.9801025390625,2048,1536,397,1043
BDF10-M6,2016,201603081848,HC,0,/Volumes/Seagate Portable Drive/KYLE_AI_DATABASE/A_CAMERA/Focal_species/Gulo gulo/BDF10-M6/HC/2016/B&W/Robust marks/03.08-18.48/IMG_1925.JPG,IMG_1925.JPG,BDF10-M6_2016_201603081848_IMG_1925.jpg,0.9169161319732666,622.1528930664062,1397.078125,592.4618530273438,105.139404296875,2048,1536,592,105
BDF10-M6,2016,201603081848,HC,0,/Volumes/Seagate Portable Drive/KYLE_AI_DATABASE/A_CAMERA/Focal_species/Gulo gulo/BDF10-M6/HC/2016/B&W/Robust marks/03.08-18.48/IMG_1926.JPG,IMG_1926.JPG,BDF10-M6_2016_201603081848_IMG_1926.jpg,0.9025235772132874,619.9273071289062,1396.8623046875,594.4782104492188,105.4044189453125,2048,1536,594,105
BDF10-M6,2016,201603081848,HC,0,/Volumes/Seagate Portable Drive/KYLE_AI_DATABASE/A_CAMERA/Focal_species/Gulo gulo/BDF10-M6/HC/2016/B&W/Robust marks/03.08-18.48/IMG_1927.JPG,IMG_1927.JPG,BDF10-M6_2016_201603081848_IMG_1927.jpg,0.9083624482154846,621.4788818359375,1397.32568359375,592.980224609375,104.896484375,2048,1536,592,104
BDF10-M6,2016,201603081848,HC,0,/Volumes/Seagate Portable Drive/KYLE_AI_DATABASE/A_CAMERA/Focal_species/Gulo gulo/BDF10-M6/HC/2016/B&W/Robust marks/03.08-18.48/IMG_1928.JPG,IMG_1928.JPG,BDF10-M6_2016_201603081848_IMG_1928.jpg,0.9099676609039307,620.7739868164062,1396.7879638671875,595.2516479492188,105.40576171875,2048,1536,595,105
BDF10-M6,2016,201603081848,HC,0,/Volumes/Seagate Portable Drive/KYLE_AI_DATABASE/A_CAMERA/Focal_species/Gulo gulo/BDF10-M6/HC/2016/B&W/Robust marks/03.08-18.48/IMG_1929.JPG,IMG_1929.JPG,BDF10-M6_2016_201603081848_IMG_1929.jpg,0.9237282276153564,621.6630859375,1397.187744140625,592.5914306640625,105.08837890625,2048,1536,592,105
BDF10-M6,2016,201603081848,HC,0,/Volumes/Seagate Portable Drive/KYLE_AI_DATABASE/A_CAMERA/Focal_species/Gulo gulo/BDF10-M6/HC/2016/B&W/Robust marks/03.08-18.48/IMG_1930.JPG,IMG_1930.JPG,BDF10-M6_2016_201603081848_IMG_1930.jpg,0.877029299736023,982.1717529296875,152.17291259765625,360.714599609375,922.6587524414062,2048,1536,360,922
BDF10-M6,2016,201603081848,HC,0,/Volumes/Seagate Portable Drive/KYLE_AI_DATABASE/A_CAMERA/Focal_species/Gulo gulo/BDF10-M6/HC/2016/B&W/Robust marks/03.08-18.48/IMG_1931.JPG,IMG_1931.JPG,BDF10-M6_2016_201603081848_IMG_1931.jpg,0.9184930324554443,621.203125,1396.876953125,594.752197265625,105.164794921875,2048,1536,594,105
BDF10-M6,2016,201603081848,HC,0,/Volumes/Seagate Portable Drive/KYLE_AI_DATABASE/A_CAMERA/Focal_species/Gulo gulo/BDF10-M6/HC/2016/B&W/Robust marks/03.08-18.48/IMG_1932.JPG,IMG_1932.JPG,BDF10-M6_2016_201603081848_IMG_1932.jpg,0.901648223400116,620.4411010742188,1396.7764892578125,594.4778442382812,105.4925537109375,2048,1536,594,105
BDF10-M6,2016,201603081848,HC,0,/Volumes/Seagate Portable Drive/KYLE_AI_DATABASE/A_CAMERA/Focal_species/Gulo gulo/BDF10-M6/HC/2016/B&W/Robust marks/03.08-18.48/IMG_1933.JPG,IMG_1933.JPG,BDF10-M6_2016_201603081848_IMG_1933.jpg,0.9027749300003052,1000.91357421875,82.78875732421875,348.86572265625,989.1050415039062,2048,1536,348,989
BDF10-M6,2016,201603081848,HC,0,/Volumes/Seagate Portable Drive/KYLE_AI_DATABASE/A_CAMERA/Focal_species/Gulo gulo/BDF10-M6/HC/2016/B&W/Robust marks/03.08-18.48/IMG_1934.JPG,IMG_1934.JPG,BDF10-M6_2016_201603081848_IMG_1934.jpg,0.8912888169288635,620.65087890625,1396.35498046875,594.7398681640625,105.957763671875,2048,1536,594,105
BDF10-M6,2016,201603081848,HC,0,/Volumes/Seagate Portable Drive/KYLE_AI_DATABASE/A_CAMERA/Focal_species/Gulo gulo/BDF10-M6/HC/2016/B&W/Robust marks/03.08-18.48/IMG_1935.JPG,IMG_1935.JPG,BDF10-M6_2016_201603081848_IMG_1935.jpg,0.9060397744178772,994.7164306640625,113.18367004394531,339.774658203125,968.6659545898438,2048,1536,339,968
BDF10-M6,2016,201603081848,HC,0,/Volumes/Seagate Portable Drive/KYLE_AI_DATABASE/A_CAMERA/Focal_species/Gulo gulo/BDF10-M6/HC/2016/B&W/Robust marks/03.08-18.48/IMG_1936.JPG,IMG_1936.JPG,BDF10-M6_2016_201603081848_IMG_1936.jpg,0.9022283554077148,621.518798828125,1397.2972412109375,592.946533203125,104.9732666015625,2048,1536,592,104
BDF10-M6,2016,201603081848,HC,0,/Volumes/Seagate Portable Drive/KYLE_AI_DATABASE/A_CAMERA/Focal_species/Gulo gulo/BDF10-M6/HC/2016/B&W/Robust marks/03.08-18.48/IMG_1937.JPG,IMG_1937.JPG,BDF10-M6_2016_201603081848_IMG_1937.jpg,0.8977693915367126,975.6311645507812,180.15975952148438,358.60028076171875,897.5753173828125,2048,1536,358,897
BDF10-M6,2016,201603081848,HC,0,/Volumes/Seagate Portable Drive/KYLE_AI_DATABASE/A_CAMERA/Focal_species/Gulo gulo/BDF10-M6/HC/2016/B&W/Robust marks/03.08-18.48/IMG_1938.JPG,IMG_1938.JPG,BDF10-M6_2016_201603081848_IMG_1938.jpg,0.8850162625312805,993.206298828125,156.69515991210938,343.421630859375,945.3455810546875,2048,1536,343,945
BDF10-M6,2016,201603081848,HC,0,/Volumes/Seagate Portable Drive/KYLE_AI_DATABASE/A_CAMERA/Focal_species/Gulo gulo/BDF10-M6/HC/2016/B&W/Robust marks/03.08-18.48/IMG_1939.JPG,IMG_1939.JPG,BDF10-M6_2016_201603081848_IMG_1939.jpg,0.9025788903236389,622.022216796875,1397.374267578125,593.735595703125,104.8956298828125,2048,1536,593,104
BDF10-M6,2016,201603081848,HC,0,/Volumes/Seagate Portable Drive/KYLE_AI_DATABASE/A_CAMERA/Focal_species/Gulo gulo/BDF10-M6/HC/2016/B&W/Robust marks/03.08-18.48/IMG_1940.JPG,IMG_1940.JPG,BDF10-M6_2016_201603081848_IMG_1940.jpg,0.880589485168457,620.680419921875,1397.0206298828125,593.646728515625,105.290283203125,2048,1536,593,105
BDF10-M6,2016,201603081848,HC,0,/Volumes/Seagate Portable Drive/KYLE_AI_DATABASE/A_CAMERA/Focal_species/Gulo gulo/BDF10-M6/HC/2016/B&W/Robust marks/03.08-18.48/IMG_1941.JPG,IMG_1941.JPG,BDF10-M6_2016_201603081848_IMG_1941.jpg,0.917458176612854,1003.4982299804688,38.28565979003906,335.63751220703125,1048.22998046875,2048,1536,335,1048
BDF10-M6,2016,201603081848,HC,0,/Volumes/Seagate Portable Drive/KYLE_AI_DATABASE/A_CAMERA/Focal_species/Gulo gulo/BDF10-M6/HC/2016/B&W/Robust marks/03.08-18.48/IMG_1942.JPG,IMG_1942.JPG,BDF10-M6_2016_201603081848_IMG_1942.jpg,0.9128374457359314,1008.8685913085938,76.99497985839844,338.15728759765625,1003.417724609375,2048,1536,338,1003
BDF10-M6,2016,201603081848,HC,0,/Volumes/Seagate Portable Drive/KYLE_AI_DATABASE/A_CAMERA/Focal_species/Gulo gulo/BDF10-M6/HC/2016/B&W/Robust marks/03.08-18.48/IMG_1943.JPG,IMG_1943.JPG,BDF10-M6_2016_201603081848_IMG_1943.jpg,0.9226944446563721,1003.4132690429688,121.10293579101562,347.87969970703125,951.93603515625,2048,1536,347,951
BDF10-M6,2016,201603081848,HC,0,/Volumes/Seagate Portable Drive/KYLE_AI_DATABASE/A_CAMERA/Focal_species/Gulo gulo/BDF10-M6/HC/2016/B&W/Robust marks/03.08-18.48/IMG_1944.JPG,IMG_1944.JPG,BDF10-M6_2016_201603081848_IMG_1944.jpg,0.9064070582389832,992.5592041015625,105.63986206054688,360.87841796875,959.5992431640625,2048,1536,360,959
BDF10-M6,2016,201603081848,HC,0,/Volumes/Seagate Portable Drive/KYLE_AI_DATABASE/A_CAMERA/Focal_species/Gulo gulo/BDF10-M6/HC/2016/B&W/Robust marks/03.08-18.48/IMG_1945.JPG,IMG_1945.JPG,BDF10-M6_2016_201603081848_IMG_1945.jpg,0.9147174954414368,987.0673828125,129.70816040039062,369.12353515625,927.1805419921875,2048,1536,369,927
BDF10-M6,2016,201603081848,HC,0,/Volumes/Seagate Portable Drive/KYLE_AI_DATABASE/A_CAMERA/Focal_species/Gulo gulo/BDF10-M6/HC/2016/B&W/Robust marks/03.08-18.48/IMG_1946.JPG,IMG_1946.JPG,BDF10-M6_2016_201603081848_IMG_1946.jpg,0.8987541198730469,1001.0062255859375,109.71697998046875,356.733642578125,953.4619750976562,2048,1536,356,953
BDF10-M6,2016,201603081848,HC,0,/Volumes/Seagate Portable Drive/KYLE_AI_DATABASE/A_CAMERA/Focal_species/Gulo gulo/BDF10-M6/HC/2016/B&W/Robust marks/03.08-18.48/IMG_1947.JPG,IMG_1947.JPG,BDF10-M6_2016_201603081848_IMG_1947.jpg,0.9168891906738281,1033.8641357421875,114.71603393554688,325.6298828125,952.279296875,2048,1536,325,952
BDF10-M6,2016,201603081848,HC,0,/Volumes/Seagate Portable Drive/KYLE_AI_DATABASE/A_CAMERA/Focal_species/Gulo gulo/BDF10-M6/HC/2016/B&W/Robust marks/03.08-18.48/IMG_1948.JPG,IMG_1948.JPG,BDF10-M6_2016_201603081848_IMG_1948.jpg,0.9134755730628967,1012.7003173828125,131.5283660888672,351.103759765625,938.5595092773438,2048,1536,351,938
BDF10-M6,2016,201603081848,HC,0,/Volumes/Seagate Portable Drive/KYLE_AI_DATABASE/A_CAMERA/Focal_species/Gulo gulo/BDF10-M6/HC/2016/B&W/Robust marks/03.08-18.48/IMG_1949.JPG,IMG_1949.JPG,BDF10-M6_2016_201603081848_IMG_1949.jpg,0.9162360429763794,620.744140625,1397.03369140625,593.9189453125,105.198974609375,2048,1536,593,105
BDF10-M6,2016,201603081848,HC,0,/Volumes/Seagate Portable Drive/KYLE_AI_DATABASE/A_CAMERA/Focal_species/Gulo gulo/BDF10-M6/HC/2016/B&W/Robust marks/03.08-18.48/IMG_1950.JPG,IMG_1950.JPG,BDF10-M6_2016_201603081848_IMG_1950.jpg,0.910152792930603,1013.1947021484375,128.2130126953125,351.14599609375,955.765869140625,2048,1536,351,955
BDF10-M6,2016,201603081848,HC,0,/Volumes/Seagate Portable Drive/KYLE_AI_DATABASE/A_CAMERA/Focal_species/Gulo gulo/BDF10-M6/HC/2016/B&W/Robust marks/03.08-18.48/IMG_1951.JPG,IMG_1951.JPG,BDF10-M6_2016_201603081848_IMG_1951.jpg,0.9166530966758728,621.8809204101562,1397.12939453125,593.4442749023438,104.878662109375,2048,1536,593,104
BDF10-M6,2016,201603081848,HC,0,/Volumes/Seagate Portable Drive/KYLE_AI_DATABASE/A_CAMERA/Focal_species/Gulo gulo/BDF10-M6/HC/2016/B&W/Robust marks/03.08-18.48/IMG_1952.JPG,IMG_1952.JPG,BDF10-M6_2016_201603081848_IMG_1952.jpg,0.9323846697807312,964.0730590820312,129.62525939941406,380.36395263671875,939.66552734375,2048,1536,380,939
BDF10-M6,2016,201603081848,HC,0,/Volumes/Seagate Portable Drive/KYLE_AI_DATABASE/A_CAMERA/Focal_species/Gulo gulo/BDF10-M6/HC/2016/B&W/Robust marks/03.08-18.48/IMG_1953.JPG,IMG_1953.JPG,BDF10-M6_2016_201603081848_IMG_1953.jpg,0.9256937503814697,865.5068359375,30.710906982421875,493.2265625,1045.90771484375,2048,1536,493,1045
BDF10-M6,2016,201603081848,HC,0,/Volumes/Seagate Portable Drive/KYLE_AI_DATABASE/A_CAMERA/Focal_species/Gulo gulo/BDF10-M6/HC/2016/B&W/Robust marks/03.08-18.48/IMG_1954.JPG,IMG_1954.JPG,BDF10-M6_2016_201603081848_IMG_1954.jpg,0.8918138742446899,620.468505859375,1396.797607421875,594.2679443359375,105.4368896484375,2048,1536,594,105
BDF10-M6,2016,201603081848,HC,0,/Volumes/Seagate Portable Drive/KYLE_AI_DATABASE/A_CAMERA/Focal_species/Gulo gulo/BDF10-M6/HC/2016/B&W/Robust marks/03.08-18.48/IMG_1955.JPG,IMG_1955.JPG,BDF10-M6_2016_201603081848_IMG_1955.jpg,0.9066148400306702,619.7885131835938,1397.1392822265625,595.1157836914062,105.1427001953125,2048,1536,595,105
BDF10-M6,2016,201603081848,HC,0,/Volumes/Seagate Portable Drive/KYLE_AI_DATABASE/A_CAMERA/Focal_species/Gulo gulo/BDF10-M6/HC/2016/B&W/Robust marks/03.08-18.48/IMG_1956.JPG,IMG_1956.JPG,BDF10-M6_2016_201603081848_IMG_1956.jpg,0.8881649971008301,983.02685546875,183.9580078125,363.9052734375,897.056640625,2048,1536,363,897
BDF10-M6,2016,201603081848,HC,0,/Volumes/Seagate Portable Drive/KYLE_AI_DATABASE/A_CAMERA/Focal_species/Gulo gulo/BDF10-M6/HC/2016/B&W/Robust marks/03.08-18.48/IMG_1957.JPG,IMG_1957.JPG,BDF10-M6_2016_201603081848_IMG_1957.jpg,0.9048444032669067,620.614501953125,1397.2021484375,593.6409912109375,104.983154296875,2048,1536,593,104
BDF10-M6,2016,201603081848,HC,0,/Volumes/Seagate Portable Drive/KYLE_AI_DATABASE/A_CAMERA/Focal_species/Gulo gulo/BDF10-M6/HC/2016/B&W/Robust marks/03.08-18.48/IMG_1958.JPG,IMG_1958.JPG,BDF10-M6_2016_201603081848_IMG_1958.jpg,0.9025837779045105,621.5917358398438,1397.724365234375,592.9334106445312,104.6300048828125,2048,1536,592,104
BDF10-M6,2016,201603081848,HC,0,/Volumes/Seagate Portable Drive/KYLE_AI_DATABASE/A_CAMERA/Focal_species/Gulo gulo/BDF10-M6/HC/2016/B&W/Robust marks/03.08-18.48/IMG_1959.JPG,IMG_1959.JPG,BDF10-M6_2016_201603081848_IMG_1959.jpg,0.9426082372665405,986.3834838867188,174.1706085205078,369.59136962890625,930.8972778320312,2048,1536,369,930
BDF10-M6,2016,201603081848,HC,0,/Volumes/Seagate Portable Drive/KYLE_AI_DATABASE/A_CAMERA/Focal_species/Gulo gulo/BDF10-M6/HC/2016/B&W/Robust marks/03.08-18.48/IMG_1960.JPG,IMG_1960.JPG,BDF10-M6_2016_201603081848_IMG_1960.jpg,0.9235218167304993,995.3489990234375,173.28158569335938,362.079345703125,916.06201171875,2048,1536,362,916
BDF10-M6,2016,201603081848,HC,0,/Volumes/Seagate Portable Drive/KYLE_AI_DATABASE/A_CAMERA/Focal_species/Gulo gulo/BDF10-M6/HC/2016/B&W/Robust marks/03.08-18.48/IMG_1961.JPG,IMG_1961.JPG,BDF10-M6_2016_201603081848_IMG_1961.jpg,0.9158867597579956,991.9737548828125,95.46185302734375,340.113037109375,971.6630249023438,2048,1536,340,971
BDF10-M6,2016,201603081848,HC,0,/Volumes/Seagate Portable Drive/KYLE_AI_DATABASE/A_CAMERA/Focal_species/Gulo gulo/BDF10-M6/HC/2016/B&W/Robust marks/03.08-18.48/IMG_1962.JPG,IMG_1962.JPG,BDF10-M6_2016_201603081848_IMG_1962.jpg,0.9333596229553223,1049.9141845703125,102.20787048339844,308.95751953125,953.2113037109375,2048,1536,308,953
BDF10-M6,2016,201603081848,HC,0,/Volumes/Seagate Portable Drive/KYLE_AI_DATABASE/A_CAMERA/Focal_species/Gulo gulo/BDF10-M6/HC/2016/B&W/Robust marks/03.08-18.48/IMG_1963.JPG,IMG_1963.JPG,BDF10-M6_2016_201603081848_IMG_1963.jpg,0.9229077696800232,1040.687255859375,79.39810180664062,310.408203125,969.2596435546875,2048,1536,310,969
BDF10-M6,2016,201603081848,HC,0,/Volumes/Seagate Portable Drive/KYLE_AI_DATABASE/A_CAMERA/Focal_species/Gulo gulo/BDF10-M6/HC/2016/B&W/Robust marks/03.08-18.48/IMG_1964.JPG,IMG_1964.JPG,BDF10-M6_2016_201603081848_IMG_1964.jpg,0.9102844595909119,1029.546630859375,93.15408325195312,336.410400390625,961.5706787109375,2048,1536,336,961
BDF10-M6,2016,201603081848,HC,0,/Volumes/Seagate Portable Drive/KYLE_AI_DATABASE/A_CAMERA/Focal_species/Gulo gulo/BDF10-M6/HC/2016/B&W/Robust marks/03.08-18.48/IMG_1965.JPG,IMG_1965.JPG,BDF10-M6_2016_201603081848_IMG_1965.jpg,0.912022590637207,1009.870361328125,78.90325927734375,386.68798828125,999.6809692382812,2048,1536,386,999
BDF10-M6,2016,201603081848,HC,0,/Volumes/Seagate Portable Drive/KYLE_AI_DATABASE/A_CAMERA/Focal_species/Gulo gulo/BDF10-M6/HC/2016/B&W/Robust marks/03.08-18.48/IMG_1966.JPG,IMG_1966.JPG,BDF10-M6_2016_201603081848_IMG_1966.jpg,0.9207696318626404,1008.4253540039062,49.316162109375,367.95672607421875,1015.5789794921875,2048,1536,367,1015
BDF10-M6,2016,201603081848,HC,0,/Volumes/Seagate Portable Drive/KYLE_AI_DATABASE/A_CAMERA/Focal_species/Gulo gulo/BDF10-M6/HC/2016/B&W/Robust marks/03.08-18.48/IMG_1967.JPG,IMG_1967.JPG,BDF10-M6_2016_201603081848_IMG_1967.jpg,0.9410445094108582,991.8109741210938,74.90226745605469,393.14068603515625,1017.6602172851562,2048,1536,393,1017
BDF10-M6,2016,201603081848,HC,0,/Volumes/Seagate Portable Drive/KYLE_AI_DATABASE/A_CAMERA/Focal_species/Gulo gulo/BDF10-M6/HC/2016/B&W/Robust marks/03.08-18.48/IMG_1968.JPG,IMG_1968.JPG,BDF10-M6_2016_201603081848_IMG_1968.jpg,0.9114287495613098,1048.4581298828125,75.10546875,338.513671875,984.95263671875,2048,1536,338,984
BDF10-M6,2016,201603081848,HC,0,/Volumes/Seagate Portable Drive/KYLE_AI_DATABASE/A_CAMERA/Focal_species/Gulo gulo/BDF10-M6/HC/2016/B&W/Robust marks/03.08-18.48/IMG_1969.JPG,IMG_1969.JPG,BDF10-M6_2016_201603081848_IMG_1969.jpg,0.922874391078949,1011.3112182617188,74.40390014648438,371.35797119140625,977.8818359375,2048,1536,371,977
BDF10-M6,2016,201603081848,HC,0,/Volumes/Seagate Portable Drive/KYLE_AI_DATABASE/A_CAMERA/Focal_species/Gulo gulo/BDF10-M6/HC/2016/B&W/Robust marks/03.08-18.48/IMG_1970.JPG,IMG_1970.JPG,BDF10-M6_2016_201603081848_IMG_1970.jpg,0.9139750003814697,972.4122314453125,72.3050537109375,406.400146484375,969.4029541015625,2048,1536,406,969
BDF10-M6,2016,201603081848,HC,0,/Volumes/Seagate Portable Drive/KYLE_AI_DATABASE/A_CAMERA/Focal_species/Gulo gulo/BDF10-M6/HC/2016/B&W/Robust marks/03.08-18.48/IMG_1971.JPG,IMG_1971.JPG,BDF10-M6_2016_201603081848_IMG_1971.jpg,0.9032133221626282,621.0098266601562,1397.1942138671875,594.2460327148438,104.84326171875,2048,1536,594,104
BDF10-M6,2016,201603081848,HC,0,/Volumes/Seagate Portable Drive/KYLE_AI_DATABASE/A_CAMERA/Focal_species/Gulo gulo/BDF10-M6/HC/2016/B&W/Robust marks/03.08-18.48/IMG_1972.JPG,IMG_1972.JPG,BDF10-M6_2016_201603081848_IMG_1972.jpg,0.9214860200881958,1027.41943359375,63.154998779296875,354.984375,989.80712890625,2048,1536,354,989
BDF10-M6,2016,201603081848,HC,0,/Volumes/Seagate Portable Drive/KYLE_AI_DATABASE/A_CAMERA/Focal_species/Gulo gulo/BDF10-M6/HC/2016/B&W/Robust marks/03.08-18.48/IMG_1973.JPG,IMG_1973.JPG,BDF10-M6_2016_201603081848_IMG_1973.jpg,0.9318365454673767,1035.3409423828125,72.71250915527344,359.971435546875,982.5269775390625,2048,1536,359,982
BDF10-M6,2016,201603081848,HC,0,/Volumes/Seagate Portable Drive/KYLE_AI_DATABASE/A_CAMERA/Focal_species/Gulo gulo/BDF10-M6/HC/2016/B&W/Robust marks/03.08-18.48/IMG_1974.JPG,IMG_1974.JPG,BDF10-M6_2016_201603081848_IMG_1974.jpg,0.9097791910171509,1003.5452880859375,75.53773498535156,369.218017578125,970.8870849609375,2048,1536,369,970
BDF10-M6,2016,201603081848,HC,0,/Volumes/Seagate Portable Drive/KYLE_AI_DATABASE/A_CAMERA/Focal_species/Gulo gulo/BDF10-M6/HC/2016/B&W/Robust marks/03.08-18.48/IMG_1975.JPG,IMG_1975.JPG,BDF10-M6_2016_201603081848_IMG_1975.jpg,0.8989933133125305,1012.597900390625,77.81401062011719,334.18798828125,977.3740844726562,2048,1536,334,977
BDF10-M6,2016,201603081848,HC,0,/Volumes/Seagate Portable Drive/KYLE_AI_DATABASE/A_CAMERA/Focal_species/Gulo gulo/BDF10-M6/HC/2016/B&W/Robust marks/03.08-18.48/IMG_1976.JPG,IMG_1976.JPG,BDF10-M6_2016_201603081848_IMG_1976.jpg,0.9171887040138245,1013.6644897460938,81.28518676757812,351.55303955078125,993.8663330078125,2048,1536,351,993
BDF10-M6,2016,201603081848,HC,0,/Volumes/Seagate Portable Drive/KYLE_AI_DATABASE/A_CAMERA/Focal_species/Gulo gulo/BDF10-M6/HC/2016/B&W/Robust marks/03.08-18.48/IMG_1977.JPG,IMG_1977.JPG,BDF10-M6_2016_201603081848_IMG_1977.jpg,0.8911340236663818,1007.71044921875,86.66262817382812,349.266357421875,981.3092041015625,2048,1536,349,981
BDF10-M6,2016,201603081848,HC,0,/Volumes/Seagate Portable Drive/KYLE_AI_DATABASE/A_CAMERA/Focal_species/Gulo gulo/BDF10-M6/HC/2016/B&W/Robust marks/03.08-18.48/IMG_1978.JPG,IMG_1978.JPG,BDF10-M6_2016_201603081848_IMG_1978.jpg,0.9165950417518616,620.4913330078125,1396.364013671875,594.7135009765625,105.849853515625,2048,1536,594,105
BDF10-M6,2016,201603081848,HC,0,/Volumes/Seagate Portable Drive/KYLE_AI_DATABASE/A_CAMERA/Focal_species/Gulo gulo/BDF10-M6/HC/2016/B&W/Robust marks/03.08-18.48/IMG_1979.JPG,IMG_1979.JPG,BDF10-M6_2016_201603081848_IMG_1979.jpg,0.9098914861679077,1024.5936279296875,75.25186157226562,329.816162109375,978.26318359375,2048,1536,329,978
BDF10-M6,2016,201603081848,HC,0,/Volumes/Seagate Portable Drive/KYLE_AI_DATABASE/A_CAMERA/Focal_species/Gulo gulo/BDF10-M6/HC/2016/B&W/Robust marks/03.08-18.48/IMG_1980.JPG,IMG_1980.JPG,BDF10-M6_2016_201603081848_IMG_1980.jpg,0.8950169086456299,621.3142700195312,1396.1217041015625,594.3639526367188,106.0633544921875,2048,1536,594,106
BDF10-M6,2016,201603081848,HC,0,/Volumes/Seagate Portable Drive/KYLE_AI_DATABASE/A_CAMERA/Focal_species/Gulo gulo/BDF10-M6/HC/2016/B&W/Robust marks/03.08-18.48/IMG_1981.JPG,IMG_1981.JPG,BDF10-M6_2016_201603081848_IMG_1981.jpg,0.9085657000541687,995.7149658203125,62.098297119140625,353.913818359375,1009.9459228515625,2048,1536,353,1009
BDF10-M6,2016,201603081848,HC,0,/Volumes/Seagate Portable Drive/KYLE_AI_DATABASE/A_CAMERA/Focal_species/Gulo gulo/BDF10-M6/HC/2016/B&W/Robust marks/03.08-18.48/IMG_1982.JPG,IMG_1982.JPG,BDF10-M6_2016_201603081848_IMG_1982.jpg,0.9422997832298279,992.3308715820312,120.60122680664062,337.61077880859375,966.527099609375,2048,1536,337,966
BDF10-M6,2016,201603081848,HC,0,/Volumes/Seagate Portable Drive/KYLE_AI_DATABASE/A_CAMERA/Focal_species/Gulo gulo/BDF10-M6/HC/2016/B&W/Robust marks/03.08-18.48/IMG_1983.JPG,IMG_1983.JPG,BDF10-M6_2016_201603081848_IMG_1983.jpg,0.9197516441345215,1000.6075439453125,118.57896423339844,345.35498046875,983.2791748046875,2048,1536,345,983
BDF10-M6,2016,201603081848,HC,0,/Volumes/Seagate Portable Drive/KYLE_AI_DATABASE/A_CAMERA/Focal_species/Gulo gulo/BDF10-M6/HC/2016/B&W/Robust marks/03.08-18.48/IMG_1984.JPG,IMG_1984.JPG,BDF10-M6_2016_201603081848_IMG_1984.jpg,0.9088190793991089,988.1990966796875,86.06689453125,365.55517578125,1061.432861328125,2048,1536,365,1061
BDF10-M6,2016,201603081848,HC,0,/Volumes/Seagate Portable Drive/KYLE_AI_DATABASE/A_CAMERA/Focal_species/Gulo gulo/BDF10-M6/HC/2016/B&W/Robust marks/03.08-18.48/IMG_1985.JPG,IMG_1985.JPG,BDF10-M6_2016_201603081848_IMG_1985.jpg,0.9083070755004883,1009.0767822265625,74.40325927734375,326.29296875,1060.62939453125,2048,1536,326,1060
BDF10-M6,2016,201603081848,HC,0,/Volumes/Seagate Portable Drive/KYLE_AI_DATABASE/A_CAMERA/Focal_species/Gulo gulo/BDF10-M6/HC/2016/B&W/Robust marks/03.08-18.48/IMG_1986.JPG,IMG_1986.JPG,BDF10-M6_2016_201603081848_IMG_1986.jpg,0.9025452733039856,621.21630859375,1397.341064453125,593.0938720703125,104.972412109375,2048,1536,593,104
BDF10-M6,2016,201603081848,HC,0,/Volumes/Seagate Portable Drive/KYLE_AI_DATABASE/A_CAMERA/Focal_species/Gulo gulo/BDF10-M6/HC/2016/B&W/Robust marks/03.08-18.48/IMG_1987.JPG,IMG_1987.JPG,BDF10-M6_2016_201603081848_IMG_1987.jpg,0.9181455969810486,1067.3270263671875,86.61360168457031,309.787109375,1016.2291870117188,2048,1536,309,1016
BDF10-M6,2016,201603081848,HC,0,/Volumes/Seagate Portable Drive/KYLE_AI_DATABASE/A_CAMERA/Focal_species/Gulo gulo/BDF10-M6/HC/2016/B&W/Robust marks/03.08-18.48/IMG_1988.JPG,IMG_1988.JPG,BDF10-M6_2016_201603081848_IMG_1988.jpg,0.9140181541442871,1032.0911865234375,82.36102294921875,355.06982421875,1022.2365112304688,2048,1536,355,1022
BDF10-M6,2016,201603081848,HC,0,/Volumes/Seagate Portable Drive/KYLE_AI_DATABASE/A_CAMERA/Focal_species/Gulo gulo/BDF10-M6/HC/2016/B&W/Robust marks/03.08-18.48/IMG_1989.JPG,IMG_1989.JPG,BDF10-M6_2016_201603081848_IMG_1989.jpg,0.9170236587524414,1036.3331298828125,134.72396850585938,328.19140625,965.0640869140625,2048,1536,328,965
BDF10-M6,2016,201603081848,HC,0,/Volumes/Seagate Portable Drive/KYLE_AI_DATABASE/A_CAMERA/Focal_species/Gulo gulo/BDF10-M6/HC/2016/B&W/Robust marks/03.08-18.48/IMG_1990.JPG,IMG_1990.JPG,BDF10-M6_2016_201603081848_IMG_1990.jpg,0.9092445373535156,620.9793701171875,1396.754638671875,594.2589111328125,105.60791015625,2048,1536,594,105
BDF10-M6,2016,201603081848,HC,0,/Volumes/Seagate Portable Drive/KYLE_AI_DATABASE/A_CAMERA/Focal_species/Gulo gulo/BDF10-M6/HC/2016/B&W/Robust marks/03.08-18.48/IMG_1991.JPG,IMG_1991.JPG,BDF10-M6_2016_201603081848_IMG_1991.jpg,0.9327893257141113,983.4594116210938,131.5243377685547,349.37677001953125,963.8047485351562,2048,1536,349,963
BDF10-M6,2016,201603081848,HC,0,/Volumes/Seagate Portable Drive/KYLE_AI_DATABASE/A_CAMERA/Focal_species/Gulo gulo/BDF10-M6/HC/2016/B&W/Robust marks/03.08-18.48/IMG_1992.JPG,IMG_1992.JPG,BDF10-M6_2016_201603081848_IMG_1992.jpg,0.9206171035766602,987.9512939453125,140.34901428222656,340.54296875,975.92822265625,2048,1536,340,975
BDF10-M6,2016,201603081848,HC,0,/Volumes/Seagate Portable Drive/KYLE_AI_DATABASE/A_CAMERA/Focal_species/Gulo gulo/BDF10-M6/HC/2016/B&W/Robust marks/03.08-18.48/IMG_1993.JPG,IMG_1993.JPG,BDF10-M6_2016_201603081848_IMG_1993.jpg,0.905928909778595,1034.8392333984375,110.68922424316406,313.2900390625,960.78857421875,2048,1536,313,960
BDF10-M6,2016,201603081848,HC,0,/Volumes/Seagate Portable Drive/KYLE_AI_DATABASE/A_CAMERA/Focal_species/Gulo gulo/BDF10-M6/HC/2016/B&W/Robust marks/03.08-18.48/IMG_1994.JPG,IMG_1994.JPG,BDF10-M6_2016_201603081848_IMG_1994.jpg,0.939165472984314,1048.3533935546875,116.341552734375,303.82861328125,987.246337890625,2048,1536,303,987
BDF10-M6,2016,201603081848,HC,0,/Volumes/Seagate Portable Drive/KYLE_AI_DATABASE/A_CAMERA/Focal_species/Gulo gulo/BDF10-M6/HC/2016/B&W/Robust marks/03.08-18.48/IMG_1995.JPG,IMG_1995.JPG,BDF10-M6_2016_201603081848_IMG_1995.jpg,0.9133074879646301,1026.548095703125,118.04489135742188,308.671875,962.0626220703125,2048,1536,308,962
BDF10-M6,2016,201603081848,HC,0,/Volumes/Seagate Portable Drive/KYLE_AI_DATABASE/A_CAMERA/Focal_species/Gulo gulo/BDF10-M6/HC/2016/B&W/Robust marks/03.08-18.48/IMG_1996.JPG,IMG_1996.JPG,BDF10-M6_2016_201603081848_IMG_1996.jpg,0.9209136366844177,1070.068359375,111.06340026855469,295.30029296875,990.6455688476562,2048,1536,295,990
BDF10-M6,2016,201603081848,HC,0,/Volumes/Seagate Portable Drive/KYLE_AI_DATABASE/A_CAMERA/Focal_species/Gulo gulo/BDF10-M6/HC/2016/B&W/Robust marks/03.08-18.48/IMG_1997.JPG,IMG_1997.JPG,BDF10-M6_2016_201603081848_IMG_1997.jpg,0.93085777759552,1037.8818359375,105.20137023925781,308.498779296875,969.6738891601562,2048,1536,308,969
BDF10-M6,2016,201603081848,HC,0,/Volumes/Seagate Portable Drive/KYLE_AI_DATABASE/A_CAMERA/Focal_species/Gulo gulo/BDF10-M6/HC/2016/B&W/Robust marks/03.08-18.48/IMG_1998.JPG,IMG_1998.JPG,BDF10-M6_2016_201603081848_IMG_1998.jpg,0.9335551261901855,1035.8692626953125,104.37446594238281,313.28857421875,962.5830688476562,2048,1536,313,962
BDF10-M6,2016,201603081848,HC,0,/Volumes/Seagate Portable Drive/KYLE_AI_DATABASE/A_CAMERA/Focal_species/Gulo gulo/BDF10-M6/HC/2016/B&W/Robust marks/03.08-18.48/IMG_1999.JPG,IMG_1999.JPG,BDF10-M6_2016_201603081848_IMG_1999.jpg,0.9294018149375916,1066.39111328125,92.22990417480469,315.559814453125,1010.3070678710938,2048,1536,315,1010
BDF10-M6,2016,201603081848,HC,0,/Volumes/Seagate Portable Drive/KYLE_AI_DATABASE/A_CAMERA/Focal_species/Gulo gulo/BDF10-M6/HC/2016/B&W/Robust marks/03.08-18.48/IMG_2000.JPG,IMG_2000.JPG,BDF10-M6_2016_201603081848_IMG_2000.jpg,0.907168984413147,1057.854248046875,104.42848205566406,315.921142578125,1013.735107421875,2048,1536,315,1013
BDF10-M6,2016,201603081848,HC,0,/Volumes/Seagate Portable Drive/KYLE_AI_DATABASE/A_CAMERA/Focal_species/Gulo gulo/BDF10-M6/HC/2016/B&W/Robust marks/03.08-18.48/IMG_2001.JPG,IMG_2001.JPG,BDF10-M6_2016_201603081848_IMG_2001.jpg,0.9190508127212524,960.6611938476562,35.50799560546875,398.18353271484375,1095.174560546875,2048,1536,398,1095
BDF10-M6,2016,201603081848,HC,0,/Volumes/Seagate Portable Drive/KYLE_AI_DATABASE/A_CAMERA/Focal_species/Gulo gulo/BDF10-M6/HC/2016/B&W/Robust marks/03.08-18.48/IMG_2002.JPG,IMG_2002.JPG,BDF10-M6_2016_201603081848_IMG_2002.jpg,0.9343863129615784,996.025390625,115.23770141601562,361.23388671875,1004.3546142578125,2048,1536,361,1004
BDF10-M6,2016,201603081848,HC,0,/Volumes/Seagate Portable Drive/KYLE_AI_DATABASE/A_CAMERA/Focal_species/Gulo gulo/BDF10-M6/HC/2016/B&W/Robust marks/03.08-18.48/IMG_2003.JPG,IMG_2003.JPG,BDF10-M6_2016_201603081848_IMG_2003.jpg,0.9112100601196289,620.890625,1396.2972412109375,593.624267578125,105.881591796875,2048,1536,593,105
BDF10-M6,2016,201603081848,HC,0,/Volumes/Seagate Portable Drive/KYLE_AI_DATABASE/A_CAMERA/Focal_species/Gulo gulo/BDF10-M6/HC/2016/B&W/Robust marks/03.08-18.48/IMG_2004.JPG,IMG_2004.JPG,BDF10-M6_2016_201603081848_IMG_2004.jpg,0.9101380109786987,957.78466796875,133.7182159423828,383.2890625,910.9172973632812,2048,1536,383,910
BDF10-M6,2016,201603081848,HC,0,/Volumes/Seagate Portable Drive/KYLE_AI_DATABASE/A_CAMERA/Focal_species/Gulo gulo/BDF10-M6/HC/2016/B&W/Robust marks/03.08-18.48/IMG_2005.JPG,IMG_2005.JPG,BDF10-M6_2016_201603081848_IMG_2005.jpg,0.9216219782829285,956.9736938476562,140.78599548339844,383.39886474609375,932.4420166015625,2048,1536,383,932
BDF10-M6,2016,201603081848,HC,0,/Volumes/Seagate Portable Drive/KYLE_AI_DATABASE/A_CAMERA/Focal_species/Gulo gulo/BDF10-M6/HC/2016/B&W/Robust marks/03.08-18.48/IMG_2006.JPG,IMG_2006.JPG,BDF10-M6_2016_201603081848_IMG_2006.jpg,0.861139178276062,1009.5313720703125,90.93942260742188,335.958251953125,1016.527587890625,2048,1536,335,1016
BDF10-M6,2016,201603081848,HC,0,/Volumes/Seagate Portable Drive/KYLE_AI_DATABASE/A_CAMERA/Focal_species/Gulo gulo/BDF10-M6/HC/2016/B&W/Robust marks/03.08-18.48/IMG_2007.JPG,IMG_2007.JPG,BDF10-M6_2016_201603081848_IMG_2007.jpg,0.913593053817749,621.1038818359375,1396.218994140625,593.2711181640625,106.09228515625,2048,1536,593,106
BDF10-M6,2016,201603081848,HC,0,/Volumes/Seagate Portable Drive/KYLE_AI_DATABASE/A_CAMERA/Focal_species/Gulo gulo/BDF10-M6/HC/2016/B&W/Robust marks/03.08-18.48/IMG_2008.JPG,IMG_2008.JPG,BDF10-M6_2016_201603081848_IMG_2008.jpg,0.9315590262413025,989.3818969726562,109.46681213378906,366.17547607421875,991.056396484375,2048,1536,366,991
BDF10-M6,2016,201603081848,HC,0,/Volumes/Seagate Portable Drive/KYLE_AI_DATABASE/A_CAMERA/Focal_species/Gulo gulo/BDF10-M6/HC/2016/B&W/Robust marks/03.08-18.48/IMG_2009.JPG,IMG_2009.JPG,BDF10-M6_2016_201603081848_IMG_2009.jpg,0.9204310774803162,1002.1810302734375,128.86093139648438,355.21044921875,970.0218505859375,2048,1536,355,970
BDF10-M6,2016,201603081848,HC,0,/Volumes/Seagate Portable Drive/KYLE_AI_DATABASE/A_CAMERA/Focal_species/Gulo gulo/BDF10-M6/HC/2016/B&W/Robust marks/03.08-18.48/IMG_2010.JPG,IMG_2010.JPG,BDF10-M6_2016_201603081848_IMG_2010.jpg,0.9411556720733643,973.5814208984375,131.94332885742188,387.46044921875,968.42919921875,2048,1536,387,968
BDF10-M6,2016,201603081848,HC,0,/Volumes/Seagate Portable Drive/KYLE_AI_DATABASE/A_CAMERA/Focal_species/Gulo gulo/BDF10-M6/HC/2016/B&W/Robust marks/03.08-18.48/IMG_2011.JPG,IMG_2011.JPG,BDF10-M6_2016_201603081848_IMG_2011.jpg,0.9002669453620911,996.8104248046875,94.33181762695312,338.072021484375,992.4207763671875,2048,1536,338,992
BDF10-M6,2016,201603081848,HC,0,/Volumes/Seagate Portable Drive/KYLE_AI_DATABASE/A_CAMERA/Focal_species/Gulo gulo/BDF10-M6/HC/2016/B&W/Robust marks/03.08-18.48/IMG_2012.JPG,IMG_2012.JPG,BDF10-M6_2016_201603081848_IMG_2012.jpg,0.9085933566093445,1059.9947509765625,106.4454345703125,303.333740234375,959.7342529296875,2048,1536,303,959
BDF10-M6,2016,201603081848,HC,0,/Volumes/Seagate Portable Drive/KYLE_AI_DATABASE/A_CAMERA/Focal_species/Gulo gulo/BDF10-M6/HC/2016/B&W/Robust marks/03.08-18.48/IMG_2013.JPG,IMG_2013.JPG,BDF10-M6_2016_201603081848_IMG_2013.jpg,0.9300633668899536,1015.3017578125,117.30766296386719,345.138671875,961.9586791992188,2048,1536,345,961
BDF10-M6,2016,201603081848,HC,0,/Volumes/Seagate Portable Drive/KYLE_AI_DATABASE/A_CAMERA/Focal_species/Gulo gulo/BDF10-M6/HC/2016/B&W/Robust marks/03.08-18.48/IMG_2014.JPG,IMG_2014.JPG,BDF10-M6_2016_201603081848_IMG_2014.jpg,0.9123684763908386,1014.6100463867188,116.54521179199219,340.03204345703125,962.6146850585938,2048,1536,340,962
BDF10-M6,2016,201603081848,HC,0,/Volumes/Seagate Portable Drive/KYLE_AI_DATABASE/A_CAMERA/Focal_species/Gulo gulo/BDF10-M6/HC/2016/B&W/Robust marks/03.08-18.48/IMG_2015.JPG,IMG_2015.JPG,BDF10-M6_2016_201603081848_IMG_2015.jpg,0.867422342300415,1028.2781982421875,83.41342163085938,332.703857421875,985.0797119140625,2048,1536,332,985
BDF10-M6,2016,201603081848,HC,0,/Volumes/Seagate Portable Drive/KYLE_AI_DATABASE/A_CAMERA/Focal_species/Gulo gulo/BDF10-M6/HC/2016/B&W/Robust marks/03.08-18.48/IMG_2016.JPG,IMG_2016.JPG,BDF10-M6_2016_201603081848_IMG_2016.jpg,0.9271299839019775,1008.8543090820312,117.76730346679688,343.66302490234375,942.01611328125,2048,1536,343,942
BDF10-M6,2016,201603081848,HC,0,/Volumes/Seagate Portable Drive/KYLE_AI_DATABASE/A_CAMERA/Focal_species/Gulo gulo/BDF10-M6/HC/2016/B&W/Robust marks/03.08-18.48/IMG_2017.JPG,IMG_2017.JPG,BDF10-M6_2016_201603081848_IMG_2017.jpg,0.9082857966423035,962.884033203125,89.55532836914062,377.45654296875,971.300048828125,2048,1536,377,971
BDF10-M6,2016,201603081848,HC,0,/Volumes/Seagate Portable Drive/KYLE_AI_DATABASE/A_CAMERA/Focal_species/Gulo gulo/BDF10-M6/HC/2016/B&W/Robust marks/03.08-18.48/IMG_2018.JPG,IMG_2018.JPG,BDF10-M6_2016_201603081848_IMG_2018.jpg,0.8946829438209534,621.129150390625,1397.31103515625,594.2518310546875,104.963623046875,2048,1536,594,104
BDF10-M6,2016,201603081848,HC,0,/Volumes/Seagate Portable Drive/KYLE_AI_DATABASE/A_CAMERA/Focal_species/Gulo gulo/BDF10-M6/HC/2016/B&W/Robust marks/03.08-18.48/IMG_2019.JPG,IMG_2019.JPG,BDF10-M6_2016_201603081848_IMG_2019.jpg,0.8992820382118225,621.9083862304688,1396.673095703125,593.8128051757812,105.549072265625,2048,1536,593,105
BDF10-M6,2016,201603081848,HC,0,/Volumes/Seagate Portable Drive/KYLE_AI_DATABASE/A_CAMERA/Focal_species/Gulo gulo/BDF10-M6/HC/2016/B&W/Robust marks/03.08-18.48/IMG_2020.JPG,IMG_2020.JPG,BDF10-M6_2016_201603081848_IMG_2020.jpg,0.9137478470802307,1033.934326171875,168.3950958251953,321.260498046875,936.5009155273438,2048,1536,321,936
BDF10-M6,2016,201603081848,HC,0,/Volumes/Seagate Portable Drive/KYLE_AI_DATABASE/A_CAMERA/Focal_species/Gulo gulo/BDF10-M6/HC/2016/B&W/Robust marks/03.08-18.48/IMG_2021.JPG,IMG_2021.JPG,BDF10-M6_2016_201603081848_IMG_2021.jpg,0.9220825433731079,1015.4323120117188,115.40396118164062,332.33489990234375,986.400634765625,2048,1536,332,986
BDF10-M6,2016,201603081848,HC,0,/Volumes/Seagate Portable Drive/KYLE_AI_DATABASE/A_CAMERA/Focal_species/Gulo gulo/BDF10-M6/HC/2016/B&W/Robust marks/03.08-18.48/IMG_2022.JPG,IMG_2022.JPG,BDF10-M6_2016_201603081848_IMG_2022.jpg,0.9336272478103638,971.6932373046875,158.08387756347656,379.387451171875,954.340087890625,2048,1536,379,954
BDF10-M6,2016,201603081848,HC,0,/Volumes/Seagate Portable Drive/KYLE_AI_DATABASE/A_CAMERA/Focal_species/Gulo gulo/BDF10-M6/HC/2016/B&W/Robust marks/03.08-18.48/IMG_2023.JPG,IMG_2023.JPG,BDF10-M6_2016_201603081848_IMG_2023.jpg,0.854718029499054,619.642578125,1395.251708984375,596.5250244140625,107.018798828125,2048,1536,596,107
BDF10-M6,2016,201603081848,HC,0,/Volumes/Seagate Portable Drive/KYLE_AI_DATABASE/A_CAMERA/Focal_species/Gulo gulo/BDF10-M6/HC/2016/B&W/Robust marks/03.08-18.48/IMG_2024.JPG,IMG_2024.JPG,BDF10-M6_2016_201603081848_IMG_2024.jpg,0.925912082195282,1008.4716796875,118.67106628417969,321.780029296875,1002.7733764648438,2048,1536,321,1002
BDF10-M6,2016,201603081848,HC,0,/Volumes/Seagate Portable Drive/KYLE_AI_DATABASE/A_CAMERA/Focal_species/Gulo gulo/BDF10-M6/HC/2016/B&W/Robust marks/03.08-18.48/IMG_2025.JPG,IMG_2025.JPG,BDF10-M6_2016_201603081848_IMG_2025.jpg,0.9162209033966064,959.550048828125,119.07943725585938,361.804443359375,997.580078125,2048,1536,361,997
BDF10-M6,2016,201603081848,HC,0,/Volumes/Seagate Portable Drive/KYLE_AI_DATABASE/A_CAMERA/Focal_species/Gulo gulo/BDF10-M6/HC/2016/B&W/Robust marks/03.08-18.48/IMG_2026.JPG,IMG_2026.JPG,BDF10-M6_2016_201603081848_IMG_2026.jpg,0.9143517017364502,995.5567626953125,126.88252258300781,334.862548828125,995.1508178710938,2048,1536,334,995
BDF10-M6,2016,201603081848,HC,0,/Volumes/Seagate Portable Drive/KYLE_AI_DATABASE/A_CAMERA/Focal_species/Gulo gulo/BDF10-M6/HC/2016/B&W/Robust marks/03.08-18.48/IMG_2027.JPG,IMG_2027.JPG,BDF10-M6_2016_201603081848_IMG_2027.jpg,0.9136257171630859,620.107666015625,1396.466064453125,594.90869140625,105.8341064453125,2048,1536,594,105
BDF10-M6,2016,201603081848,HC,0,/Volumes/Seagate Portable Drive/KYLE_AI_DATABASE/A_CAMERA/Focal_species/Gulo gulo/BDF10-M6/HC/2016/B&W/Robust marks/03.08-18.48/IMG_2028.JPG,IMG_2028.JPG,BDF10-M6_2016_201603081848_IMG_2028.jpg,0.9101489186286926,993.7484741210938,125.13624572753906,341.54058837890625,979.22607421875,2048,1536,341,979
BDF10-M6,2016,201603081848,HC,0,/Volumes/Seagate Portable Drive/KYLE_AI_DATABASE/A_CAMERA/Focal_species/Gulo gulo/BDF10-M6/HC/2016/B&W/Robust marks/03.08-18.48/IMG_2029.JPG,IMG_2029.JPG,BDF10-M6_2016_201603081848_IMG_2029.jpg,0.919035017490387,992.3326416015625,117.40983581542969,343.281005859375,988.9292602539062,2048,1536,343,988
BDF10-M6,2016,201603081848,HC,0,/Volumes/Seagate Portable Drive/KYLE_AI_DATABASE/A_CAMERA/Focal_species/Gulo gulo/BDF10-M6/HC/2016/B&W/Robust marks/03.08-18.48/IMG_2030.JPG,IMG_2030.JPG,BDF10-M6_2016_201603081848_IMG_2030.jpg,0.9381767511367798,996.9578247070312,131.1888427734375,344.62957763671875,974.0108642578125,2048,1536,344,974
BDF10-M6,2016,201603081848,HC,0,/Volumes/Seagate Portable Drive/KYLE_AI_DATABASE/A_CAMERA/Focal_species/Gulo gulo/BDF10-M6/HC/2016/B&W/Robust marks/03.08-18.48/IMG_2031.JPG,IMG_2031.JPG,BDF10-M6_2016_201603081848_IMG_2031.jpg,0.8131386041641235,621.546630859375,1396.8243408203125,593.23095703125,105.112060546875,2048,1536,593,105
BDF10-M6,2016,201603081848,HC,0,/Volumes/Seagate Portable Drive/KYLE_AI_DATABASE/A_CAMERA/Focal_species/Gulo gulo/BDF10-M6/HC/2016/B&W/Robust marks/03.08-18.48/IMG_2032.JPG,IMG_2032.JPG,BDF10-M6_2016_201603081848_IMG_2032.jpg,0.9086033701896667,1012.29052734375,145.24346923828125,331.163330078125,973.1040649414062,2048,1536,331,973
BDF10-M6,2016,201603081848,HC,0,/Volumes/Seagate Portable Drive/KYLE_AI_DATABASE/A_CAMERA/Focal_species/Gulo gulo/BDF10-M6/HC/2016/B&W/Robust marks/03.08-18.48/IMG_2033.JPG,IMG_2033.JPG,BDF10-M6_2016_201603081848_IMG_2033.jpg,0.9138180017471313,992.1294555664062,111.77536010742188,315.24798583984375,1021.4320068359375,2048,1536,315,1021
BDF10-M6,2016,201603081848,HC,0,/Volumes/Seagate Portable Drive/KYLE_AI_DATABASE/A_CAMERA/Focal_species/Gulo gulo/BDF10-M6/HC/2016/B&W/Robust marks/03.08-18.48/IMG_2034.JPG,IMG_2034.JPG,BDF10-M6_2016_201603081848_IMG_2034.jpg,0.8992624878883362,1010.105224609375,115.9193115234375,296.2841796875,1008.876220703125,2048,1536,296,1008
BDF10-M6,2016,201603081848,HC,0,/Volumes/Seagate Portable Drive/KYLE_AI_DATABASE/A_CAMERA/Focal_species/Gulo gulo/BDF10-M6/HC/2016/B&W/Robust marks/03.08-18.48/IMG_2035.JPG,IMG_2035.JPG,BDF10-M6_2016_201603081848_IMG_2035.jpg,0.917243480682373,1069.2230224609375,108.33128356933594,267.428466796875,1017.06884765625,2048,1536,267,1017
BDF10-M6,2016,201603081848,HC,0,/Volumes/Seagate Portable Drive/KYLE_AI_DATABASE/A_CAMERA/Focal_species/Gulo gulo/BDF10-M6/HC/2016/B&W/Robust marks/03.08-18.48/IMG_2036.JPG,IMG_2036.JPG,BDF10-M6_2016_201603081848_IMG_2036.jpg,0.8820508718490601,1019.3152465820312,107.11660766601562,315.68499755859375,998.2373046875,2048,1536,315,998
BDF10-M6,2016,201603081848,HC,0,/Volumes/Seagate Portable Drive/KYLE_AI_DATABASE/A_CAMERA/Focal_species/Gulo gulo/BDF10-M6/HC/2016/B&W/Robust marks/03.08-18.48/IMG_2037.JPG,IMG_2037.JPG,BDF10-M6_2016_201603081848_IMG_2037.jpg,0.9063646793365479,620.9801025390625,1396.803955078125,594.3336181640625,105.4464111328125,2048,1536,594,105
BDF10-M6,2016,201603081848,HC,0,/Volumes/Seagate Portable Drive/KYLE_AI_DATABASE/A_CAMERA/Focal_species/Gulo gulo/BDF10-M6/HC/2016/B&W/Robust marks/03.08-18.48/IMG_2038.JPG,IMG_2038.JPG,BDF10-M6_2016_201603081848_IMG_2038.jpg,0.9077730178833008,1070.6114501953125,120.16914367675781,275.181884765625,958.0103149414062,2048,1536,275,958
BDF10-M6,2016,201603081848,HC,0,/Volumes/Seagate Portable Drive/KYLE_AI_DATABASE/A_CAMERA/Focal_species/Gulo gulo/BDF10-M6/HC/2016/B&W/Robust marks/03.08-18.48/IMG_2039.JPG,IMG_2039.JPG,BDF10-M6_2016_201603081848_IMG_2039.jpg,0.8924063444137573,620.2972412109375,1395.353515625,596.0185546875,106.8792724609375,2048,1536,596,106
BDF10-M6,2016,201603081848,HC,0,/Volumes/Seagate Portable Drive/KYLE_AI_DATABASE/A_CAMERA/Focal_species/Gulo gulo/BDF10-M6/HC/2016/B&W/Robust marks/03.08-18.48/IMG_2040.JPG,IMG_2040.JPG,BDF10-M6_2016_201603081848_IMG_2040.jpg,0.9062713384628296,1023.48583984375,114.30596923828125,332.30126953125,973.3922729492188,2048,1536,332,973
BDF10-M6,2016,201603081848,HC,0,/Volumes/Seagate Portable Drive/KYLE_AI_DATABASE/A_CAMERA/Focal_species/Gulo gulo/BDF10-M6/HC/2016/B&W/Robust marks/03.08-18.48/IMG_2041.JPG,IMG_2041.JPG,BDF10-M6_2016_201603081848_IMG_2041.jpg,0.9237890839576721,1012.6260375976562,134.3090057373047,352.88140869140625,973.8815307617188,2048,1536,352,973
BDF10-M6,2016,201603081848,HC,0,/Volumes/Seagate Portable Drive/KYLE_AI_DATABASE/A_CAMERA/Focal_species/Gulo gulo/BDF10-M6/HC/2016/B&W/Robust marks/03.08-18.48/IMG_2042.JPG,IMG_2042.JPG,BDF10-M6_2016_201603081848_IMG_2042.jpg,0.9112574458122253,621.4445190429688,1397.775390625,593.4939575195312,104.4796142578125,2048,1536,593,104
BDF10-M6,2016,201603081848,HC,0,/Volumes/Seagate Portable Drive/KYLE_AI_DATABASE/A_CAMERA/Focal_species/Gulo gulo/BDF10-M6/HC/2016/B&W/Robust marks/03.08-18.48/IMG_2043.JPG,IMG_2043.JPG,BDF10-M6_2016_201603081848_IMG_2043.jpg,0.8865138292312622,623.2939453125,1398.18115234375,591.7659912109375,104.051025390625,2048,1536,591,104
BDF10-M6,2016,201603081848,HC,0,/Volumes/Seagate Portable Drive/KYLE_AI_DATABASE/A_CAMERA/Focal_species/Gulo gulo/BDF10-M6/HC/2016/B&W/Robust marks/03.08-18.48/IMG_2044.JPG,IMG_2044.JPG,BDF10-M6_2016_201603081848_IMG_2044.jpg,0.9038740992546082,621.2107543945312,1397.65478515625,592.9852905273438,104.626220703125,2048,1536,592,104
BDF10-M6,2016,201603081848,HC,0,/Volumes/Seagate Portable Drive/KYLE_AI_DATABASE/A_CAMERA/Focal_species/Gulo gulo/BDF10-M6/HC/2016/B&W/Robust marks/03.08-18.48/IMG_2045.JPG,IMG_2045.JPG,BDF10-M6_2016_201603081848_IMG_2045.jpg,0.9191523194313049,992.2056274414062,139.2400360107422,372.25347900390625,983.8004760742188,2048,1536,372,983
BDF10-M6,2016,201603081848,HC,0,/Volumes/Seagate Portable Drive/KYLE_AI_DATABASE/A_CAMERA/Focal_species/Gulo gulo/BDF10-M6/HC/2016/B&W/Robust marks/03.08-18.48/IMG_2046.JPG,IMG_2046.JPG,BDF10-M6_2016_201603081848_IMG_2046.jpg,0.848740816116333,620.6196899414062,1397.523193359375,594.0739135742188,104.845947265625,2048,1536,594,104
BDF10-M6,2016,201603081848,HC,0,/Volumes/Seagate Portable Drive/KYLE_AI_DATABASE/A_CAMERA/Focal_species/Gulo gulo/BDF10-M6/HC/2016/B&W/Robust marks/03.08-18.48/IMG_2047.JPG,IMG_2047.JPG,BDF10-M6_2016_201603081848_IMG_2047.jpg,0.9021649956703186,621.0619506835938,1397.831787109375,593.6194458007812,104.533935546875,2048,1536,593,104
BDF10-M6,2016,201603081848,HC,0,/Volumes/Seagate Portable Drive/KYLE_AI_DATABASE/A_CAMERA/Focal_species/Gulo gulo/BDF10-M6/HC/2016/B&W/Robust marks/03.08-18.48/IMG_2048.JPG,IMG_2048.JPG,BDF10-M6_2016_201603081848_IMG_2048.jpg,0.8562636971473694,962.770263671875,41.22175598144531,392.346923828125,1058.0390625,2048,1536,392,1058
BDF10-M6,2016,201603081848,HC,0,/Volumes/Seagate Portable Drive/KYLE_AI_DATABASE/A_CAMERA/Focal_species/Gulo gulo/BDF10-M6/HC/2016/B&W/Robust marks/03.08-18.48/IMG_2049.JPG,IMG_2049.JPG,BDF10-M6_2016_201603081848_IMG_2049.jpg,0.8985792994499207,956.6947021484375,106.47843933105469,352.6728515625,1004.1694946289062,2048,1536,352,1004
BDF10-M6,2016,201603081848,HC,0,/Volumes/Seagate Portable Drive/KYLE_AI_DATABASE/A_CAMERA/Focal_species/Gulo gulo/BDF10-M6/HC/2016/B&W/Robust marks/03.08-18.48/IMG_2050.JPG,IMG_2050.JPG,BDF10-M6_2016_201603081848_IMG_2050.jpg,0.9086272120475769,1004.82080078125,88.9866943359375,324.58349609375,1011.839599609375,2048,1536,324,1011
BDF10-M6,2016,201603081848,HC,0,/Volumes/Seagate Portable Drive/KYLE_AI_DATABASE/A_CAMERA/Focal_species/Gulo gulo/BDF10-M6/HC/2016/B&W/Robust marks/03.08-18.48/IMG_2051.JPG,IMG_2051.JPG,BDF10-M6_2016_201603081848_IMG_2051.jpg,0.9071281552314758,984.0813598632812,141.5845184326172,334.38177490234375,966.0768432617188,2048,1536,334,966
BDF10-M6,2016,201603081848,HC,0,/Volumes/Seagate Portable Drive/KYLE_AI_DATABASE/A_CAMERA/Focal_species/Gulo gulo/BDF10-M6/HC/2016/B&W/Robust marks/03.08-18.48/IMG_2052.JPG,IMG_2052.JPG,BDF10-M6_2016_201603081848_IMG_2052.jpg,0.9110546112060547,996.2181396484375,148.20616149902344,333.510009765625,970.2530517578125,2048,1536,333,970
BDF10-M6,2016,201603081848,HC,0,/Volumes/Seagate Portable Drive/KYLE_AI_DATABASE/A_CAMERA/Focal_species/Gulo gulo/BDF10-M6/HC/2016/B&W/Robust marks/03.08-18.48/IMG_2053.JPG,IMG_2053.JPG,BDF10-M6_2016_201603081848_IMG_2053.jpg,0.9091189503669739,1005.412841796875,114.52651977539062,321.117431640625,1002.65283203125,2048,1536,321,1002
BDF10-M6,2016,201603081848,HC,0,/Volumes/Seagate Portable Drive/KYLE_AI_DATABASE/A_CAMERA/Focal_species/Gulo gulo/BDF10-M6/HC/2016/B&W/Robust marks/03.08-18.48/IMG_2054.JPG,IMG_2054.JPG,BDF10-M6_2016_201603081848_IMG_2054.jpg,0.8920566439628601,1007.58935546875,104.21745300292969,320.159912109375,1010.1604614257812,2048,1536,320,1010
BDF10-M6,2016,201603081848,HC,0,/Volumes/Seagate Portable Drive/KYLE_AI_DATABASE/A_CAMERA/Focal_species/Gulo gulo/BDF10-M6/HC/2016/B&W/Robust marks/03.08-18.48/IMG_2055.JPG,IMG_2055.JPG,BDF10-M6_2016_201603081848_IMG_2055.jpg,0.9260080456733704,1076.0115966796875,105.30775451660156,285.643798828125,1001.871337890625,2048,1536,285,1001
BDF10-M6,2016,201603081848,HC,0,/Volumes/Seagate Portable Drive/KYLE_AI_DATABASE/A_CAMERA/Focal_species/Gulo gulo/BDF10-M6/HC/2016/B&W/Robust marks/03.08-18.48/IMG_2056.JPG,IMG_2056.JPG,BDF10-M6_2016_201603081848_IMG_2056.jpg,0.9132324457168579,1097.4007568359375,91.77964782714844,275.05517578125,1015.2137451171875,2048,1536,275,1015
BDF10-M6,2016,201603081848,HC,0,/Volumes/Seagate Portable Drive/KYLE_AI_DATABASE/A_CAMERA/Focal_species/Gulo gulo/BDF10-M6/HC/2016/B&W/Robust marks/03.08-18.48/IMG_2057.JPG,IMG_2057.JPG,BDF10-M6_2016_201603081848_IMG_2057.jpg,0.8956217169761658,1051.2225341796875,121.65925598144531,318.5322265625,1003.2919311523438,2048,1536,318,1003
BDF10-M6,2016,201603081848,HC,0,/Volumes/Seagate Portable Drive/KYLE_AI_DATABASE/A_CAMERA/Focal_species/Gulo gulo/BDF10-M6/HC/2016/B&W/Robust marks/03.08-18.48/IMG_2058.JPG,IMG_2058.JPG,BDF10-M6_2016_201603081848_IMG_2058.jpg,0.926616907119751,855.6567993164062,30.905960083007812,489.54315185546875,1136.971923828125,2048,1536,489,1136
BDF10-M6,2016,201603081848,HC,0,/Volumes/Seagate Portable Drive/KYLE_AI_DATABASE/A_CAMERA/Focal_species/Gulo gulo/BDF10-M6/HC/2016/B&W/Robust marks/03.08-18.48/IMG_2059.JPG,IMG_2059.JPG,BDF10-M6_2016_201603081848_IMG_2059.jpg,0.9157810211181641,1065.054443359375,121.23568725585938,289.707763671875,995.365966796875,2048,1536,289,995
BDF10-M6,2016,201603081848,HC,0,/Volumes/Seagate Portable Drive/KYLE_AI_DATABASE/A_CAMERA/Focal_species/Gulo gulo/BDF10-M6/HC/2016/B&W/Robust marks/03.08-18.48/IMG_2060.JPG,IMG_2060.JPG,BDF10-M6_2016_201603081848_IMG_2060.jpg,0.9291411638259888,1096.3011474609375,109.07908630371094,269.314208984375,997.794677734375,2048,1536,269,997
BDF10-M6,2016,201603081848,HC,0,/Volumes/Seagate Portable Drive/KYLE_AI_DATABASE/A_CAMERA/Focal_species/Gulo gulo/BDF10-M6/HC/2016/B&W/Robust marks/03.08-18.48/IMG_2061.JPG,IMG_2061.JPG,BDF10-M6_2016_201603081848_IMG_2061.jpg,0.9212735295295715,991.0999145507812,157.59571838378906,345.84442138671875,947.719482421875,2048,1536,345,947
BDF10-M6,2016,201603081848,HC,0,/Volumes/Seagate Portable Drive/KYLE_AI_DATABASE/A_CAMERA/Focal_species/Gulo gulo/BDF10-M6/HC/2016/B&W/Robust marks/03.08-18.48/IMG_2062.JPG,IMG_2062.JPG,BDF10-M6_2016_201603081848_IMG_2062.jpg,0.9448813796043396,991.033203125,150.01409912109375,348.677978515625,956.9598999023438,2048,1536,348,956
BDF10-M6,2016,201603081848,HC,0,/Volumes/Seagate Portable Drive/KYLE_AI_DATABASE/A_CAMERA/Focal_species/Gulo gulo/BDF10-M6/HC/2016/B&W/Robust marks/03.08-18.48/IMG_2063.JPG,IMG_2063.JPG,BDF10-M6_2016_201603081848_IMG_2063.jpg,0.9304060339927673,1030.3975830078125,115.94865417480469,304.23486328125,975.5873413085938,2048,1536,304,975
BDF10-M6,2016,201603081848,HC,0,/Volumes/Seagate Portable Drive/KYLE_AI_DATABASE/A_CAMERA/Focal_species/Gulo gulo/BDF10-M6/HC/2016/B&W/Robust marks/03.08-18.48/IMG_2064.JPG,IMG_2064.JPG,BDF10-M6_2016_201603081848_IMG_2064.jpg,0.9107345938682556,1009.9959716796875,115.4622802734375,321.5595703125,937.1820068359375,2048,1536,321,937
BDF10-M6,2016,201603081848,HC,0,/Volumes/Seagate Portable Drive/KYLE_AI_DATABASE/A_CAMERA/Focal_species/Gulo gulo/BDF10-M6/HC/2016/B&W/Robust marks/03.08-18.48/IMG_2065.JPG,IMG_2065.JPG,BDF10-M6_2016_201603081848_IMG_2065.jpg,0.9313820600509644,1007.5372314453125,118.18601989746094,327.302001953125,944.59521484375,2048,1536,327,944
BDF10-M6,2016,201603081848,HC,0,/Volumes/Seagate Portable Drive/KYLE_AI_DATABASE/A_CAMERA/Focal_species/Gulo gulo/BDF10-M6/HC/2016/B&W/Robust marks/03.08-18.48/IMG_2066.JPG,IMG_2066.JPG,BDF10-M6_2016_201603081848_IMG_2066.jpg,0.9250752925872803,1061.258056640625,115.6351318359375,283.758544921875,945.3634033203125,2048,1536,283,945
BDF10-M6,2016,201603081848,HC,0,/Volumes/Seagate Portable Drive/KYLE_AI_DATABASE/A_CAMERA/Focal_species/Gulo gulo/BDF10-M6/HC/2016/B&W/Robust marks/03.08-18.48/IMG_2067.JPG,IMG_2067.JPG,BDF10-M6_2016_201603081848_IMG_2067.jpg,0.9191661477088928,1017.755859375,117.52011108398438,305.846923828125,960.56298828125,2048,1536,305,960
BDF10-M6,2016,201603081848,HC,0,/Volumes/Seagate Portable Drive/KYLE_AI_DATABASE/A_CAMERA/Focal_species/Gulo gulo/BDF10-M6/HC/2016/B&W/Robust marks/03.08-18.48/IMG_2068.JPG,IMG_2068.JPG,BDF10-M6_2016_201603081848_IMG_2068.jpg,0.9026490449905396,1022.7343139648438,124.23403930664062,300.53619384765625,978.8544921875,2048,1536,300,978
BDF10-M6,2016,201603081848,HC,0,/Volumes/Seagate Portable Drive/KYLE_AI_DATABASE/A_CAMERA/Focal_species/Gulo gulo/BDF10-M6/HC/2016/B&W/Robust marks/03.08-18.48/IMG_2069.JPG,IMG_2069.JPG,BDF10-M6_2016_201603081848_IMG_2069.jpg,0.9315207600593567,988.7650146484375,126.13298034667969,341.612060546875,981.9747924804688,2048,1536,341,981
BDF10-M6,2016,201603081848,HC,0,/Volumes/Seagate Portable Drive/KYLE_AI_DATABASE/A_CAMERA/Focal_species/Gulo gulo/BDF10-M6/HC/2016/B&W/Robust marks/03.08-18.48/IMG_2070.JPG,IMG_2070.JPG,BDF10-M6_2016_201603081848_IMG_2070.jpg,0.9056388735771179,1010.7431030273438,121.12042236328125,338.09954833984375,967.8983764648438,2048,1536,338,967
BDF10-M6,2016,201603081848,HC,0,/Volumes/Seagate Portable Drive/KYLE_AI_DATABASE/A_CAMERA/Focal_species/Gulo gulo/BDF10-M6/HC/2016/B&W/Robust marks/03.08-18.48/IMG_2071.JPG,IMG_2071.JPG,BDF10-M6_2016_201603081848_IMG_2071.jpg,0.9304586052894592,981.327880859375,117.17083740234375,356.755615234375,1037.014892578125,2048,1536,356,1037
BDF10-M6,2016,201603081848,HC,0,/Volumes/Seagate Portable Drive/KYLE_AI_DATABASE/A_CAMERA/Focal_species/Gulo gulo/BDF10-M6/HC/2016/B&W/Robust marks/03.08-18.48/IMG_2072.JPG,IMG_2072.JPG,BDF10-M6_2016_201603081848_IMG_2072.jpg,0.9105434417724609,622.4339599609375,1398.06298828125,592.2757568359375,104.2056884765625,2048,1536,592,104
BDF10-M6,2016,201603081848,HC,0,/Volumes/Seagate Portable Drive/KYLE_AI_DATABASE/A_CAMERA/Focal_species/Gulo gulo/BDF10-M6/HC/2016/B&W/Robust marks/03.08-18.48/IMG_2073.JPG,IMG_2073.JPG,BDF10-M6_2016_201603081848_IMG_2073.jpg,0.923315167427063,998.35595703125,133.1352996826172,345.05224609375,975.2958374023438,2048,1536,345,975
BDF10-M6,2016,201603081848,HC,0,/Volumes/Seagate Portable Drive/KYLE_AI_DATABASE/A_CAMERA/Focal_species/Gulo gulo/BDF10-M6/HC/2016/B&W/Robust marks/03.08-18.48/IMG_2074.JPG,IMG_2074.JPG,BDF10-M6_2016_201603081848_IMG_2074.jpg,0.9198198318481445,996.3956298828125,157.53895568847656,348.59326171875,962.6314697265625,2048,1536,348,962
BDF10-M6,2016,201603081848,HC,0,/Volumes/Seagate Portable Drive/KYLE_AI_DATABASE/A_CAMERA/Focal_species/Gulo gulo/BDF10-M6/HC/2016/B&W/Robust marks/03.08-18.48/IMG_2075.JPG,IMG_2075.JPG,BDF10-M6_2016_201603081848_IMG_2075.jpg,0.8965917229652405,621.66259765625,1397.22314453125,593.16748046875,105.091796875,2048,1536,593,105
BDF10-M6,2016,201603081848,HC,0,/Volumes/Seagate Portable Drive/KYLE_AI_DATABASE/A_CAMERA/Focal_species/Gulo gulo/BDF10-M6/HC/2016/B&W/Robust marks/03.08-18.48/IMG_2076.JPG,IMG_2076.JPG,BDF10-M6_2016_201603081848_IMG_2076.jpg,0.8901655673980713,910.0542602539062,126.19816589355469,433.74090576171875,975.0032348632812,2048,1536,433,975
BDF10-M6,2016,201603081848,HC,0,/Volumes/Seagate Portable Drive/KYLE_AI_DATABASE/A_CAMERA/Focal_species/Gulo gulo/BDF10-M6/HC/2016/B&W/Robust marks/03.08-18.48/IMG_2077.JPG,IMG_2077.JPG,BDF10-M6_2016_201603081848_IMG_2077.jpg,0.890121579170227,621.7479248046875,1397.632080078125,593.32177734375,104.608642578125,2048,1536,593,104
BDF10-M6,2016,201603081848,HC,0,/Volumes/Seagate Portable Drive/KYLE_AI_DATABASE/A_CAMERA/Focal_species/Gulo gulo/BDF10-M6/HC/2016/B&W/Robust marks/03.08-18.48/IMG_2078.JPG,IMG_2078.JPG,BDF10-M6_2016_201603081848_IMG_2078.jpg,0.8536332845687866,931.9528198242188,98.052978515625,406.75750732421875,984.60107421875,2048,1536,406,984
BDF10-M6,2016,201603081848,HC,0,/Volumes/Seagate Portable Drive/KYLE_AI_DATABASE/A_CAMERA/Focal_species/Gulo gulo/BDF10-M6/HC/2016/B&W/Robust marks/03.08-18.48/IMG_2079.JPG,IMG_2079.JPG,BDF10-M6_2016_201603081848_IMG_2079.jpg,0.8956716656684875,902.4663696289062,131.62120056152344,434.35650634765625,968.3397216796875,2048,1536,434,968
BDF10-M6,2016,201603081848,HC,0,/Volumes/Seagate Portable Drive/KYLE_AI_DATABASE/A_CAMERA/Focal_species/Gulo gulo/BDF10-M6/HC/2016/B&W/Robust marks/03.08-18.48/IMG_2080.JPG,IMG_2080.JPG,BDF10-M6_2016_201603081848_IMG_2080.jpg,0.910743236541748,907.888916015625,116.29600524902344,436.32666015625,942.9180908203125,2048,1536,436,942
BDF10-M6,2016,201603081848,HC,0,/Volumes/Seagate Portable Drive/KYLE_AI_DATABASE/A_CAMERA/Focal_species/Gulo gulo/BDF10-M6/HC/2016/B&W/Robust marks/03.08-18.48/IMG_2081.JPG,IMG_2081.JPG,BDF10-M6_2016_201603081848_IMG_2081.jpg,0.8591852784156799,622.295654296875,1397.821533203125,592.9752197265625,104.2371826171875,2048,1536,592,104
BDF10-M6,2016,201603081848,HC,0,/Volumes/Seagate Portable Drive/KYLE_AI_DATABASE/A_CAMERA/Focal_species/Gulo gulo/BDF10-M6/HC/2016/B&W/Robust marks/03.08-18.48/IMG_2082.JPG,IMG_2082.JPG,BDF10-M6_2016_201603081848_IMG_2082.jpg,0.9137042164802551,971.4298095703125,142.15699768066406,357.12548828125,966.230712890625,2048,1536,357,966
BDF10-M6,2016,201603081848,HC,0,/Volumes/Seagate Portable Drive/KYLE_AI_DATABASE/A_CAMERA/Focal_species/Gulo gulo/BDF10-M6/HC/2016/B&W/Robust marks/03.08-18.48/IMG_2083.JPG,IMG_2083.JPG,BDF10-M6_2016_201603081848_IMG_2083.jpg,0.9149110317230225,987.7095947265625,135.29237365722656,336.877685546875,979.9757080078125,2048,1536,336,979
BDF10-M6,2016,201603081848,HC,0,/Volumes/Seagate Portable Drive/KYLE_AI_DATABASE/A_CAMERA/Focal_species/Gulo gulo/BDF10-M6/HC/2016/B&W/Robust marks/03.08-18.48/IMG_2084.JPG,IMG_2084.JPG,BDF10-M6_2016_201603081848_IMG_2084.jpg,0.928309977054596,991.978515625,110.86798095703125,339.2685546875,1007.7214965820312,2048,1536,339,1007
BDF10-M6,2016,201603081848,HC,0,/Volumes/Seagate Portable Drive/KYLE_AI_DATABASE/A_CAMERA/Focal_species/Gulo gulo/BDF10-M6/HC/2016/B&W/Robust marks/03.08-18.48/IMG_2085.JPG,IMG_2085.JPG,BDF10-M6_2016_201603081848_IMG_2085.jpg,0.9042701125144958,987.453857421875,130.92320251464844,348.755615234375,973.3179931640625,2048,1536,348,973
BDF10-M6,2016,201603081848,HC,0,/Volumes/Seagate Portable Drive/KYLE_AI_DATABASE/A_CAMERA/Focal_species/Gulo gulo/BDF10-M6/HC/2016/B&W/Robust marks/03.08-18.48/IMG_2086.JPG,IMG_2086.JPG,BDF10-M6_2016_201603081848_IMG_2086.jpg,0.9004434943199158,621.9910888671875,1397.7979736328125,592.5272216796875,104.5467529296875,2048,1536,592,104
BDF10-M6,2016,201603081848,HC,0,/Volumes/Seagate Portable Drive/KYLE_AI_DATABASE/A_CAMERA/Focal_species/Gulo gulo/BDF10-M6/HC/2016/B&W/Robust marks/03.08-18.48/IMG_2087.JPG,IMG_2087.JPG,BDF10-M6_2016_201603081848_IMG_2087.jpg,0.9132807850837708,1000.119384765625,115.5091552734375,345.435546875,988.2567138671875,2048,1536,345,988
BDF10-M6,2016,201603081848,HC,0,/Volumes/Seagate Portable Drive/KYLE_AI_DATABASE/A_CAMERA/Focal_species/Gulo gulo/BDF10-M6/HC/2016/B&W/Robust marks/03.08-18.48/IMG_2088.JPG,IMG_2088.JPG,BDF10-M6_2016_201603081848_IMG_2088.jpg,0.8884320259094238,982.6351318359375,147.9693603515625,367.203857421875,968.5306396484375,2048,1536,367,968
BDF10-M6,2016,201603081848,HC,0,/Volumes/Seagate Portable Drive/KYLE_AI_DATABASE/A_CAMERA/Focal_species/Gulo gulo/BDF10-M6/HC/2016/B&W/Robust marks/03.08-18.48/IMG_2089.JPG,IMG_2089.JPG,BDF10-M6_2016_201603081848_IMG_2089.jpg,0.8682807683944702,620.3677368164062,1396.6278076171875,594.9955444335938,105.613037109375,2048,1536,594,105
BDF10-M6,2016,201603081848,HC,0,/Volumes/Seagate Portable Drive/KYLE_AI_DATABASE/A_CAMERA/Focal_species/Gulo gulo/BDF10-M6/HC/2016/B&W/Robust marks/03.08-18.48/IMG_2090.JPG,IMG_2090.JPG,BDF10-M6_2016_201603081848_IMG_2090.jpg,0.9028079509735107,1011.8072509765625,138.97494506835938,351.7587890625,971.83056640625,2048,1536,351,971
BDF10-M6,2016,201603081848,HC,0,/Volumes/Seagate Portable Drive/KYLE_AI_DATABASE/A_CAMERA/Focal_species/Gulo gulo/BDF10-M6/HC/2016/B&W/Robust marks/03.08-18.48/IMG_2091.JPG,IMG_2091.JPG,BDF10-M6_2016_201603081848_IMG_2091.jpg,0.9230223298072815,995.3485107421875,142.6083526611328,361.54345703125,961.1648559570312,2048,1536,361,961
BDF10-M6,2016,201603081848,HC,0,/Volumes/Seagate Portable Drive/KYLE_AI_DATABASE/A_CAMERA/Focal_species/Gulo gulo/BDF10-M6/HC/2016/B&W/Robust marks/03.08-18.48/IMG_2093.JPG,IMG_2093.JPG,BDF10-M6_2016_201603081848_IMG_2093.jpg,0.8574913144111633,621.1390380859375,1398.0009765625,593.286865234375,104.193359375,2048,1536,593,104
BDF10-M6,2016,201603081848,HC,0,/Volumes/Seagate Portable Drive/KYLE_AI_DATABASE/A_CAMERA/Focal_species/Gulo gulo/BDF10-M6/HC/2016/B&W/Robust marks/03.08-18.48/IMG_2095.JPG,IMG_2095.JPG,BDF10-M6_2016_201603081848_IMG_2095.jpg,0.8969870209693909,894.22509765625,142.16807556152344,467.4287109375,919.47265625,2048,1536,467,919
BDF10-M6,2016,201603081848,HC,0,/Volumes/Seagate Portable Drive/KYLE_AI_DATABASE/A_CAMERA/Focal_species/Gulo gulo/BDF10-M6/HC/2016/B&W/Robust marks/03.08-18.48/IMG_2096.JPG,IMG_2096.JPG,BDF10-M6_2016_201603081848_IMG_2096.jpg,0.9206531047821045,874.7388916015625,124.93954467773438,480.89013671875,969.2197265625,2048,1536,480,969
BDF10-M6,2016,201603081848,HC,0,/Volumes/Seagate Portable Drive/KYLE_AI_DATABASE/A_CAMERA/Focal_species/Gulo gulo/BDF10-M6/HC/2016/B&W/Robust marks/03.08-18.48/IMG_2097.JPG,IMG_2097.JPG,BDF10-M6_2016_201603081848_IMG_2097.jpg,0.8592021465301514,621.1661987304688,1396.57470703125,594.3745727539062,105.671142578125,2048,1536,594,105
BDF10-M6,2016,201603081848,HC,0,/Volumes/Seagate Portable Drive/KYLE_AI_DATABASE/A_CAMERA/Focal_species/Gulo gulo/BDF10-M6/HC/2016/B&W/Robust marks/03.08-18.48/IMG_2098.JPG,IMG_2098.JPG,BDF10-M6_2016_201603081848_IMG_2098.jpg,0.8870452046394348,622.971435546875,1397.896240234375,591.307861328125,104.4149169921875,2048,1536,591,104
BDF10-M6,2016,201603081848,HC,0,/Volumes/Seagate Portable Drive/KYLE_AI_DATABASE/A_CAMERA/Focal_species/Gulo gulo/BDF10-M6/HC/2016/B&W/Robust marks/03.08-18.48/IMG_2099.JPG,IMG_2099.JPG,BDF10-M6_2016_201603081848_IMG_2099.jpg,0.835883617401123,621.4923095703125,1397.4378662109375,593.2298583984375,104.8656005859375,2048,1536,593,104
BDF10-M6,2016,201603081848,HC,0,/Volumes/Seagate Portable Drive/KYLE_AI_DATABASE/A_CAMERA/Focal_species/Gulo gulo/BDF10-M6/HC/2016/B&W/Robust marks/03.08-18.48/IMG_2100.JPG,IMG_2100.JPG,BDF10-M6_2016_201603081848_IMG_2100.jpg,0.8667292594909668,622.1785888671875,1398.0899658203125,592.56005859375,104.1370849609375,2048,1536,592,104
BDF10-M6,2016,201603081848,HC,0,/Volumes/Seagate Portable Drive/KYLE_AI_DATABASE/A_CAMERA/Focal_species/Gulo gulo/BDF10-M6/HC/2016/B&W/Robust marks/03.08-18.48/IMG_2101.JPG,IMG_2101.JPG,BDF10-M6_2016_201603081848_IMG_2101.jpg,0.8507272601127625,621.3855590820312,1396.8369140625,593.7059936523438,105.15966796875,2048,1536,593,105
BDF10-M6,2016,201603081848,HC,0,/Volumes/Seagate Portable Drive/KYLE_AI_DATABASE/A_CAMERA/Focal_species/Gulo gulo/BDF10-M6/HC/2016/B&W/Robust marks/03.08-18.48/IMG_2102.JPG,IMG_2102.JPG,BDF10-M6_2016_201603081848_IMG_2102.jpg,0.8985298275947571,922.2977905273438,123.40269470214844,384.21734619140625,1007.12451171875,2048,1536,384,1007
BDF10-M6,2016,201603081848,HC,0,/Volumes/Seagate Portable Drive/KYLE_AI_DATABASE/A_CAMERA/Focal_species/Gulo gulo/BDF10-M6/HC/2016/B&W/Robust marks/03.08-18.48/IMG_2103.JPG,IMG_2103.JPG,BDF10-M6_2016_201603081848_IMG_2103.jpg,0.9098495244979858,938.4998779296875,117.86412048339844,382.08447265625,988.6258544921875,2048,1536,382,988
BDF10-M6,2016,201603081848,HC,0,/Volumes/Seagate Portable Drive/KYLE_AI_DATABASE/A_CAMERA/Focal_species/Gulo gulo/BDF10-M6/HC/2016/B&W/Robust marks/03.08-18.48/IMG_2104.JPG,IMG_2104.JPG,BDF10-M6_2016_201603081848_IMG_2104.jpg,0.9199470281600952,954.41650390625,116.9058837890625,360.4873046875,1000.1168212890625,2048,1536,360,1000
BDF10-M6,2016,201603081848,HC,0,/Volumes/Seagate Portable Drive/KYLE_AI_DATABASE/A_CAMERA/Focal_species/Gulo gulo/BDF10-M6/HC/2016/B&W/Robust marks/03.08-18.48/IMG_2105.JPG,IMG_2105.JPG,BDF10-M6_2016_201603081848_IMG_2105.jpg,0.9307175874710083,991.9596557617188,101.41030883789062,324.04559326171875,1004.3052978515625,2048,1536,324,1004
BDF10-M6,2016,201603081848,HC,0,/Volumes/Seagate Portable Drive/KYLE_AI_DATABASE/A_CAMERA/Focal_species/Gulo gulo/BDF10-M6/HC/2016/B&W/Robust marks/03.08-18.48/IMG_2106.JPG,IMG_2106.JPG,BDF10-M6_2016_201603081848_IMG_2106.jpg,0.8518919944763184,621.57177734375,1397.17138671875,592.8333740234375,105.1466064453125,2048,1536,592,105
BDF10-M6,2016,201603081848,HC,0,/Volumes/Seagate Portable Drive/KYLE_AI_DATABASE/A_CAMERA/Focal_species/Gulo gulo/BDF10-M6/HC/2016/B&W/Robust marks/03.08-18.48/IMG_2107.JPG,IMG_2107.JPG,BDF10-M6_2016_201603081848_IMG_2107.jpg,0.8984295725822449,1063.516357421875,96.50642395019531,306.185302734375,970.9138793945312,2048,1536,306,970
BDF10-M6,2016,201603081848,HC,0,/Volumes/Seagate Portable Drive/KYLE_AI_DATABASE/A_CAMERA/Focal_species/Gulo gulo/BDF10-M6/HC/2016/B&W/Robust marks/03.08-18.48/IMG_2108.JPG,IMG_2108.JPG,BDF10-M6_2016_201603081848_IMG_2108.jpg,0.8951074481010437,1010.5015869140625,100.58125305175781,345.82177734375,1001.0827026367188,2048,1536,345,1001
BDF10-M6,2016,201603081848,HC,0,/Volumes/Seagate Portable Drive/KYLE_AI_DATABASE/A_CAMERA/Focal_species/Gulo gulo/BDF10-M6/HC/2016/B&W/Robust marks/03.08-18.48/IMG_2109.JPG,IMG_2109.JPG,BDF10-M6_2016_201603081848_IMG_2109.jpg,0.9100658297538757,1080.7042236328125,34.553192138671875,316.312255859375,994.0833740234375,2048,1536,316,994
BDF10-M6,2016,201603081848,HC,0,/Volumes/Seagate Portable Drive/KYLE_AI_DATABASE/A_CAMERA/Focal_species/Gulo gulo/BDF10-M6/HC/2016/B&W/Robust marks/03.08-18.48/IMG_2110.JPG,IMG_2110.JPG,BDF10-M6_2016_201603081848_IMG_2110.jpg,0.8844441771507263,1071.307373046875,82.004150390625,314.282470703125,959.370849609375,2048,1536,314,959
BDF10-M6,2016,201603081848,HC,0,/Volumes/Seagate Portable Drive/KYLE_AI_DATABASE/A_CAMERA/Focal_species/Gulo gulo/BDF10-M6/HC/2016/B&W/Robust marks/03.08-18.48/IMG_2111.JPG,IMG_2111.JPG,BDF10-M6_2016_201603081848_IMG_2111.jpg,0.8895315527915955,998.691650390625,145.66671752929688,339.81103515625,944.544921875,2048,1536,339,944
BDF10-M6,2016,201603081848,HC,0,/Volumes/Seagate Portable Drive/KYLE_AI_DATABASE/A_CAMERA/Focal_species/Gulo gulo/BDF10-M6/HC/2016/B&W/Robust marks/03.08-18.48/IMG_2112.JPG,IMG_2112.JPG,BDF10-M6_2016_201603081848_IMG_2112.jpg,0.9024973511695862,621.6141357421875,1396.912841796875,593.622802734375,105.37939453125,2048,1536,593,105
BDF10-M6,2016,201603081848,HC,0,/Volumes/Seagate Portable Drive/KYLE_AI_DATABASE/A_CAMERA/Focal_species/Gulo gulo/BDF10-M6/HC/2016/B&W/Robust marks/03.08-18.48/IMG_2113.JPG,IMG_2113.JPG,BDF10-M6_2016_201603081848_IMG_2113.jpg,0.8729971051216125,622.8331909179688,1398.302734375,591.7051391601562,104.050048828125,2048,1536,591,104
BDF10-M6,2016,201603081848,HC,0,/Volumes/Seagate Portable Drive/KYLE_AI_DATABASE/A_CAMERA/Focal_species/Gulo gulo/BDF10-M6/HC/2016/B&W/Robust marks/03.08-18.48/IMG_2114.JPG,IMG_2114.JPG,BDF10-M6_2016_201603081848_IMG_2114.jpg,0.8785291314125061,908.4256591796875,121.31497192382812,415.185302734375,972.845947265625,2048,1536,415,972
BDF10-M6,2016,201603081848,HC,0,/Volumes/Seagate Portable Drive/KYLE_AI_DATABASE/A_CAMERA/Focal_species/Gulo gulo/BDF10-M6/HC/2016/B&W/Robust marks/03.08-18.48/IMG_2115.JPG,IMG_2115.JPG,BDF10-M6_2016_201603081848_IMG_2115.jpg,0.9086391925811768,896.658203125,132.41409301757812,444.3662109375,939.7559814453125,2048,1536,444,939
BDF10-M6,2016,201603081848,HC,0,/Volumes/Seagate Portable Drive/KYLE_AI_DATABASE/A_CAMERA/Focal_species/Gulo gulo/BDF10-M6/HC/2016/B&W/Robust marks/03.08-18.48/IMG_2116.JPG,IMG_2116.JPG,BDF10-M6_2016_201603081848_IMG_2116.jpg,0.8996431231498718,917.3816528320312,125.9794921875,414.99652099609375,943.0218505859375,2048,1536,414,943
BDF10-M6,2016,201603081848,HC,0,/Volumes/Seagate Portable Drive/KYLE_AI_DATABASE/A_CAMERA/Focal_species/Gulo gulo/BDF10-M6/HC/2016/B&W/Robust marks/03.08-18.48/IMG_2117.JPG,IMG_2117.JPG,BDF10-M6_2016_201603081848_IMG_2117.jpg,0.9342647194862366,918.7490844726562,125.58457946777344,395.54022216796875,950.6427001953125,2048,1536,395,950
BDF10-M6,2016,201603081848,HC,0,/Volumes/Seagate Portable Drive/KYLE_AI_DATABASE/A_CAMERA/Focal_species/Gulo gulo/BDF10-M6/HC/2016/B&W/Robust marks/03.08-18.48/IMG_2118.JPG,IMG_2118.JPG,BDF10-M6_2016_201603081848_IMG_2118.jpg,0.8979754447937012,621.57763671875,1397.130859375,594.0469970703125,105.173583984375,2048,1536,594,105
BDF10-M6,2016,201603081848,HC,0,/Volumes/Seagate Portable Drive/KYLE_AI_DATABASE/A_CAMERA/Focal_species/Gulo gulo/BDF10-M6/HC/2016/B&W/Robust marks/03.08-18.48/IMG_2119.JPG,IMG_2119.JPG,BDF10-M6_2016_201603081848_IMG_2119.jpg,0.8895689845085144,621.6282958984375,1398.1112060546875,592.0767822265625,104.1676025390625,2048,1536,592,104
BDF10-M6,2016,201603081848,HC,0,/Volumes/Seagate Portable Drive/KYLE_AI_DATABASE/A_CAMERA/Focal_species/Gulo gulo/BDF10-M6/HC/2016/B&W/Robust marks/03.08-18.48/IMG_2120.JPG,IMG_2120.JPG,BDF10-M6_2016_201603081848_IMG_2120.jpg,0.8899645209312439,916.5700073242188,104.01795959472656,399.29376220703125,968.0108642578125,2048,1536,399,968
BDF10-M6,2016,201603081848,HC,0,/Volumes/Seagate Portable Drive/KYLE_AI_DATABASE/A_CAMERA/Focal_species/Gulo gulo/BDF10-M6/HC/2016/B&W/Robust marks/03.08-18.48/IMG_2121.JPG,IMG_2121.JPG,BDF10-M6_2016_201603081848_IMG_2121.jpg,0.8807318210601807,978.928955078125,135.2450408935547,340.168212890625,963.8455200195312,2048,1536,340,963
BDF10-M6,2016,201603081848,HC,0,/Volumes/Seagate Portable Drive/KYLE_AI_DATABASE/A_CAMERA/Focal_species/Gulo gulo/BDF10-M6/HC/2016/B&W/Robust marks/03.08-18.48/IMG_2122.JPG,IMG_2122.JPG,BDF10-M6_2016_201603081848_IMG_2122.jpg,0.8594048619270325,982.7749633789062,130.16574096679688,350.20928955078125,982.2275390625,2048,1536,350,982
BDF10-M6,2016,201603081848,HC,0,/Volumes/Seagate Portable Drive/KYLE_AI_DATABASE/A_CAMERA/Focal_species/Gulo gulo/BDF10-M6/HC/2016/B&W/Robust marks/03.08-18.48/IMG_2123.JPG,IMG_2123.JPG,BDF10-M6_2016_201603081848_IMG_2123.jpg,0.9227616190910339,992.3778686523438,122.6923828125,338.50750732421875,987.301025390625,2048,1536,338,987
BDF10-M6,2016,201603081848,HC,0,/Volumes/Seagate Portable Drive/KYLE_AI_DATABASE/A_CAMERA/Focal_species/Gulo gulo/BDF10-M6/HC/2016/B&W/Robust marks/03.08-18.48/IMG_2124.JPG,IMG_2124.JPG,BDF10-M6_2016_201603081848_IMG_2124.jpg,0.9183254241943359,992.30322265625,103.01788330078125,339.685546875,1011.2129516601562,2048,1536,339,1011
BDF10-M6,2016,201603081848,HC,0,/Volumes/Seagate Portable Drive/KYLE_AI_DATABASE/A_CAMERA/Focal_species/Gulo gulo/BDF10-M6/HC/2016/B&W/Robust marks/03.08-18.48/IMG_2125.JPG,IMG_2125.JPG,BDF10-M6_2016_201603081848_IMG_2125.jpg,0.9270848035812378,989.4383544921875,113.04432678222656,347.956298828125,996.7008056640625,2048,1536,347,996
BDF10-M6,2016,201603081848,HC,0,/Volumes/Seagate Portable Drive/KYLE_AI_DATABASE/A_CAMERA/Focal_species/Gulo gulo/BDF10-M6/HC/2016/B&W/Robust marks/03.08-18.48/IMG_2126.JPG,IMG_2126.JPG,BDF10-M6_2016_201603081848_IMG_2126.jpg,0.9294700026512146,994.3357543945312,107.30511474609375,353.33001708984375,965.5557250976562,2048,1536,353,965
BDF10-M6,2016,201603081848,HC,0,/Volumes/Seagate Portable Drive/KYLE_AI_DATABASE/A_CAMERA/Focal_species/Gulo gulo/BDF10-M6/HC/2016/B&W/Robust marks/03.08-18.48/IMG_2127.JPG,IMG_2127.JPG,BDF10-M6_2016_201603081848_IMG_2127.jpg,0.9246159791946411,992.073974609375,99.58827209472656,366.4609375,977.965087890625,2048,1536,366,977
BDF10-M6,2016,201603081848,HC,0,/Volumes/Seagate Portable Drive/KYLE_AI_DATABASE/A_CAMERA/Focal_species/Gulo gulo/BDF10-M6/HC/2016/B&W/Robust marks/03.08-18.48/IMG_2128.JPG,IMG_2128.JPG,BDF10-M6_2016_201603081848_IMG_2128.jpg,0.9063845276832581,621.8701171875,1397.2861328125,593.08251953125,104.998779296875,2048,1536,593,104
BDF10-M6,2016,201603081848,HC,0,/Volumes/Seagate Portable Drive/KYLE_AI_DATABASE/A_CAMERA/Focal_species/Gulo gulo/BDF10-M6/HC/2016/B&W/Robust marks/03.08-18.48/IMG_2129.JPG,IMG_2129.JPG,BDF10-M6_2016_201603081848_IMG_2129.jpg,0.9383748769760132,990.3782958984375,119.66944885253906,344.24951171875,987.663330078125,2048,1536,344,987
BDF10-M6,2016,201603081848,HC,0,/Volumes/Seagate Portable Drive/KYLE_AI_DATABASE/A_CAMERA/Focal_species/Gulo gulo/BDF10-M6/HC/2016/B&W/Robust marks/03.08-18.48/IMG_2130.JPG,IMG_2130.JPG,BDF10-M6_2016_201603081848_IMG_2130.jpg,0.9042290449142456,621.9898681640625,1397.530517578125,592.8814697265625,104.734130859375,2048,1536,592,104
BDF10-M6,2016,201603081848,HC,0,/Volumes/Seagate Portable Drive/KYLE_AI_DATABASE/A_CAMERA/Focal_species/Gulo gulo/BDF10-M6/HC/2016/B&W/Robust marks/03.08-18.48/IMG_2131.JPG,IMG_2131.JPG,BDF10-M6_2016_201603081848_IMG_2131.jpg,0.9171364903450012,969.4323120117188,153.971923828125,372.62933349609375,949.8380126953125,2048,1536,372,949
BDF10-M6,2016,201603081848,HC,0,/Volumes/Seagate Portable Drive/KYLE_AI_DATABASE/A_CAMERA/Focal_species/Gulo gulo/BDF10-M6/HC/2016/B&W/Robust marks/03.08-18.48/IMG_2132.JPG,IMG_2132.JPG,BDF10-M6_2016_201603081848_IMG_2132.jpg,0.9076701998710632,950.0172729492188,151.28146362304688,369.00689697265625,957.621826171875,2048,1536,369,957
BDF10-M6,2016,201603081848,HC,0,/Volumes/Seagate Portable Drive/KYLE_AI_DATABASE/A_CAMERA/Focal_species/Gulo gulo/BDF10-M6/HC/2016/B&W/Robust marks/03.08-18.48/IMG_2133.JPG,IMG_2133.JPG,BDF10-M6_2016_201603081848_IMG_2133.jpg,0.9069439768791199,621.21044921875,1398.0894775390625,593.4871826171875,104.1201171875,2048,1536,593,104
BDF10-M6,2016,201603081848,HC,0,/Volumes/Seagate Portable Drive/KYLE_AI_DATABASE/A_CAMERA/Focal_species/Gulo gulo/BDF10-M6/HC/2016/B&W/Robust marks/03.08-18.48/IMG_2134.JPG,IMG_2134.JPG,BDF10-M6_2016_201603081848_IMG_2134.jpg,0.9029220342636108,621.5313720703125,1397.5975341796875,593.47607421875,104.6785888671875,2048,1536,593,104
BDF10-M6,2016,201603081848,HC,0,/Volumes/Seagate Portable Drive/KYLE_AI_DATABASE/A_CAMERA/Focal_species/Gulo gulo/BDF10-M6/HC/2016/B&W/Robust marks/03.08-18.48/IMG_2135.JPG,IMG_2135.JPG,BDF10-M6_2016_201603081848_IMG_2135.jpg,0.8402648568153381,867.473388671875,98.57450866699219,463.367431640625,1032.586181640625,2048,1536,463,1032
BDF10-M6,2016,201603081848,HC,0,/Volumes/Seagate Portable Drive/KYLE_AI_DATABASE/A_CAMERA/Focal_species/Gulo gulo/BDF10-M6/HC/2016/B&W/Robust marks/03.08-18.48/IMG_2136.JPG,IMG_2136.JPG,BDF10-M6_2016_201603081848_IMG_2136.jpg,0.9131239056587219,903.2793579101562,114.23194885253906,423.80975341796875,987.675537109375,2048,1536,423,987
BDF10-M6,2016,201603081848,HC,0,/Volumes/Seagate Portable Drive/KYLE_AI_DATABASE/A_CAMERA/Focal_species/Gulo gulo/BDF10-M6/HC/2016/B&W/Robust marks/03.08-18.48/IMG_2137.JPG,IMG_2137.JPG,BDF10-M6_2016_201603081848_IMG_2137.jpg,0.8533121347427368,621.1016845703125,1396.314697265625,593.724609375,106.00390625,2048,1536,593,106
BDF10-M6,2016,201603081848,HC,0,/Volumes/Seagate Portable Drive/KYLE_AI_DATABASE/A_CAMERA/Focal_species/Gulo gulo/BDF10-M6/HC/2016/B&W/Robust marks/03.08-18.48/IMG_2138.JPG,IMG_2138.JPG,BDF10-M6_2016_201603081848_IMG_2138.jpg,0.9303689002990723,943.9766845703125,117.70133972167969,368.684326171875,984.7156372070312,2048,1536,368,984
BDF10-M6,2016,201603081848,HC,0,/Volumes/Seagate Portable Drive/KYLE_AI_DATABASE/A_CAMERA/Focal_species/Gulo gulo/BDF10-M6/HC/2016/B&W/Robust marks/03.08-18.48/IMG_2139.JPG,IMG_2139.JPG,BDF10-M6_2016_201603081848_IMG_2139.jpg,0.9229534864425659,960.140625,110.23828125,380.71728515625,955.098388671875,2048,1536,380,955
BDF10-M6,2016,201603081848,HC,0,/Volumes/Seagate Portable Drive/KYLE_AI_DATABASE/A_CAMERA/Focal_species/Gulo gulo/BDF10-M6/HC/2016/B&W/Robust marks/03.08-18.48/IMG_2140.JPG,IMG_2140.JPG,BDF10-M6_2016_201603081848_IMG_2140.jpg,0.903736412525177,980.3560791015625,116.35020446777344,352.964599609375,988.4610595703125,2048,1536,352,988
BDF10-M6,2016,201603081848,HC,0,/Volumes/Seagate Portable Drive/KYLE_AI_DATABASE/A_CAMERA/Focal_species/Gulo gulo/BDF10-M6/HC/2016/B&W/Robust marks/03.08-18.48/IMG_2141.JPG,IMG_2141.JPG,BDF10-M6_2016_201603081848_IMG_2141.jpg,0.936123788356781,1000.3363037109375,92.78993225097656,339.28759765625,982.5169677734375,2048,1536,339,982
BDF10-M6,2016,201603081848,HC,0,/Volumes/Seagate Portable Drive/KYLE_AI_DATABASE/A_CAMERA/Focal_species/Gulo gulo/BDF10-M6/HC/2016/B&W/Robust marks/03.08-18.48/IMG_2142.JPG,IMG_2142.JPG,BDF10-M6_2016_201603081848_IMG_2142.jpg,0.9084509611129761,1034.01171875,93.01249694824219,333.64599609375,982.6664428710938,2048,1536,333,982
BDF10-M6,2016,201603081848,HC,0,/Volumes/Seagate Portable Drive/KYLE_AI_DATABASE/A_CAMERA/Focal_species/Gulo gulo/BDF10-M6/HC/2016/B&W/Robust marks/03.08-18.48/IMG_2143.JPG,IMG_2143.JPG,BDF10-M6_2016_201603081848_IMG_2143.jpg,0.9200621843338013,1062.461181640625,105.07118225097656,307.242431640625,973.6710205078125,2048,1536,307,973
BDF10-M6,2016,201603081848,HC,0,/Volumes/Seagate Portable Drive/KYLE_AI_DATABASE/A_CAMERA/Focal_species/Gulo gulo/BDF10-M6/HC/2016/B&W/Robust marks/03.08-18.48/IMG_2144.JPG,IMG_2144.JPG,BDF10-M6_2016_201603081848_IMG_2144.jpg,0.8810538649559021,620.0507202148438,1395.170166015625,595.8855590820312,107.216796875,2048,1536,595,107
BDF10-M6,2016,201603081848,HC,0,/Volumes/Seagate Portable Drive/KYLE_AI_DATABASE/A_CAMERA/Focal_species/Gulo gulo/BDF10-M6/HC/2016/B&W/Robust marks/03.08-18.48/IMG_2145.JPG,IMG_2145.JPG,BDF10-M6_2016_201603081848_IMG_2145.jpg,0.8511221408843994,622.113037109375,1396.9996337890625,592.730224609375,105.2354736328125,2048,1536,592,105
BDF10-M6,2016,201603081848,HC,0,/Volumes/Seagate Portable Drive/KYLE_AI_DATABASE/A_CAMERA/Focal_species/Gulo gulo/BDF10-M6/HC/2016/B&W/Robust marks/03.08-18.48/IMG_2146.JPG,IMG_2146.JPG,BDF10-M6_2016_201603081848_IMG_2146.jpg,0.895954966545105,1018.9122314453125,188.1064453125,336.853271484375,955.0599365234375,2048,1536,336,955
BDF10-M6,2016,201603081848,HC,0,/Volumes/Seagate Portable Drive/KYLE_AI_DATABASE/A_CAMERA/Focal_species/Gulo gulo/BDF10-M6/HC/2016/B&W/Robust marks/03.08-18.48/IMG_2147.JPG,IMG_2147.JPG,BDF10-M6_2016_201603081848_IMG_2147.jpg,0.9199060797691345,991.3081665039062,143.9962921142578,334.79632568359375,985.5210571289062,2048,1536,334,985
BDF10-M6,2016,201603081848,HC,0,/Volumes/Seagate Portable Drive/KYLE_AI_DATABASE/A_CAMERA/Focal_species/Gulo gulo/BDF10-M6/HC/2016/B&W/Robust marks/03.08-18.48/IMG_2148.JPG,IMG_2148.JPG,BDF10-M6_2016_201603081848_IMG_2148.jpg,0.8930385112762451,971.1192626953125,130.92681884765625,327.08349609375,985.1110229492188,2048,1536,327,985
BDF10-M6,2016,201603081848,HC,0,/Volumes/Seagate Portable Drive/KYLE_AI_DATABASE/A_CAMERA/Focal_species/Gulo gulo/BDF10-M6/HC/2016/B&W/Robust marks/03.08-18.48/IMG_2149.JPG,IMG_2149.JPG,BDF10-M6_2016_201603081848_IMG_2149.jpg,0.8976947069168091,974.8748168945312,130.6387939453125,326.03607177734375,987.156005859375,2048,1536,326,987
BDF10-M6,2016,201603081848,HC,0,/Volumes/Seagate Portable Drive/KYLE_AI_DATABASE/A_CAMERA/Focal_species/Gulo gulo/BDF10-M6/HC/2016/B&W/Robust marks/03.08-18.48/IMG_2150.JPG,IMG_2150.JPG,BDF10-M6_2016_201603081848_IMG_2150.jpg,0.8910967111587524,621.928466796875,1398.278564453125,592.421630859375,103.9400634765625,2048,1536,592,103
BDF10-M6,2016,201603081848,HC,0,/Volumes/Seagate Portable Drive/KYLE_AI_DATABASE/A_CAMERA/Focal_species/Gulo gulo/BDF10-M6/HC/2016/B&W/Robust marks/03.08-18.48/IMG_2151.JPG,IMG_2151.JPG,BDF10-M6_2016_201603081848_IMG_2151.jpg,0.9097118973731995,993.10009765625,82.64144897460938,318.948974609375,977.950927734375,2048,1536,318,977
BDF10-M6,2016,201603081848,HC,0,/Volumes/Seagate Portable Drive/KYLE_AI_DATABASE/A_CAMERA/Focal_species/Gulo gulo/BDF10-M6/HC/2016/B&W/Robust marks/03.08-18.48/IMG_2152.JPG,IMG_2152.JPG,BDF10-M6_2016_201603081848_IMG_2152.jpg,0.8969486355781555,981.3822021484375,58.50480651855469,406.181396484375,993.2518920898438,2048,1536,406,993
BDF10-M6,2016,201603081848,HC,0,/Volumes/Seagate Portable Drive/KYLE_AI_DATABASE/A_CAMERA/Focal_species/Gulo gulo/BDF10-M6/HC/2016/B&W/Robust marks/03.08-18.48/IMG_2153.JPG,IMG_2153.JPG,BDF10-M6_2016_201603081848_IMG_2153.jpg,0.9134997725486755,866.6636352539062,27.367034912109375,480.53387451171875,1094.044677734375,2048,1536,480,1094
BDF10-M6,2016,201603081848,HC,0,/Volumes/Seagate Portable Drive/KYLE_AI_DATABASE/A_CAMERA/Focal_species/Gulo gulo/BDF10-M6/HC/2016/B&W/Robust marks/03.08-18.48/IMG_2154.JPG,IMG_2154.JPG,BDF10-M6_2016_201603081848_IMG_2154.jpg,0.9202422499656677,1005.4654541015625,88.02076721191406,316.6826171875,987.34033203125,2048,1536,316,987
BDF10-M6,2016,201603081848,HC,0,/Volumes/Seagate Portable Drive/KYLE_AI_DATABASE/A_CAMERA/Focal_species/Gulo gulo/BDF10-M6/HC/2016/B&W/Robust marks/03.08-18.48/IMG_2155.JPG,IMG_2155.JPG,BDF10-M6_2016_201603081848_IMG_2155.jpg,0.8791785836219788,1001.013427734375,54.452362060546875,333.55810546875,1020.146728515625,2048,1536,333,1020
BDF10-M6,2016,201603081848,HC,0,/Volumes/Seagate Portable Drive/KYLE_AI_DATABASE/A_CAMERA/Focal_species/Gulo gulo/BDF10-M6/HC/2016/B&W/Robust marks/03.08-18.48/IMG_2156.JPG,IMG_2156.JPG,BDF10-M6_2016_201603081848_IMG_2156.jpg,0.9070976972579956,977.1304321289062,143.67347717285156,343.92010498046875,976.0926513671875,2048,1536,343,976
BDF10-M6,2016,201603081848,HC,0,/Volumes/Seagate Portable Drive/KYLE_AI_DATABASE/A_CAMERA/Focal_species/Gulo gulo/BDF10-M6/HC/2016/B&W/Robust marks/03.08-18.48/IMG_2157.JPG,IMG_2157.JPG,BDF10-M6_2016_201603081848_IMG_2157.jpg,0.9091157913208008,927.511474609375,42.9715576171875,394.050537109375,1064.22216796875,2048,1536,394,1064
BDF10-M6,2016,201603081848,HC,0,/Volumes/Seagate Portable Drive/KYLE_AI_DATABASE/A_CAMERA/Focal_species/Gulo gulo/BDF10-M6/HC/2016/B&W/Robust marks/03.08-18.48/IMG_2158.JPG,IMG_2158.JPG,BDF10-M6_2016_201603081848_IMG_2158.jpg,0.9025821089744568,997.23486328125,78.28660583496094,340.657958984375,1018.803466796875,2048,1536,340,1018
BDF10-M6,2016,201603081848,HC,0,/Volumes/Seagate Portable Drive/KYLE_AI_DATABASE/A_CAMERA/Focal_species/Gulo gulo/BDF10-M6/HC/2016/B&W/Robust marks/03.08-18.48/IMG_2159.JPG,IMG_2159.JPG,BDF10-M6_2016_201603081848_IMG_2159.jpg,0.8825557827949524,619.7490234375,1397.054931640625,594.80224609375,105.22412109375,2048,1536,594,105
BDF10-M6,2016,201603081848,HC,0,/Volumes/Seagate Portable Drive/KYLE_AI_DATABASE/A_CAMERA/Focal_species/Gulo gulo/BDF10-M6/HC/2016/B&W/Robust marks/03.08-18.48/IMG_2160.JPG,IMG_2160.JPG,BDF10-M6_2016_201603081848_IMG_2160.jpg,0.8491493463516235,621.8682861328125,1396.3916015625,593.0606689453125,105.9228515625,2048,1536,593,105
BDF10-M6,2016,201603081848,HC,0,/Volumes/Seagate Portable Drive/KYLE_AI_DATABASE/A_CAMERA/Focal_species/Gulo gulo/BDF10-M6/HC/2016/B&W/Robust marks/03.08-18.48/IMG_2161.JPG,IMG_2161.JPG,BDF10-M6_2016_201603081848_IMG_2161.jpg,0.8757420778274536,621.1063232421875,1398.23974609375,593.3800048828125,103.8922119140625,2048,1536,593,103
BDF10-M6,2016,201603081848,HC,0,/Volumes/Seagate Portable Drive/KYLE_AI_DATABASE/A_CAMERA/Focal_species/Gulo gulo/BDF10-M6/HC/2016/B&W/Robust marks/03.08-18.48/IMG_2162.JPG,IMG_2162.JPG,BDF10-M6_2016_201603081848_IMG_2162.jpg,0.8972905874252319,956.2344360351562,36.55549621582031,367.17303466796875,1109.2200927734375,2048,1536,367,1109
BDF10-M6,2016,201603081848,HC,0,/Volumes/Seagate Portable Drive/KYLE_AI_DATABASE/A_CAMERA/Focal_species/Gulo gulo/BDF10-M6/HC/2016/B&W/Robust marks/03.08-18.48/IMG_2163.JPG,IMG_2163.JPG,BDF10-M6_2016_201603081848_IMG_2163.jpg,0.8950214982032776,623.2962646484375,1399.28369140625,589.3629150390625,103.036865234375,2048,1536,589,103
BDF10-M6,2016,201603081848,HC,0,/Volumes/Seagate Portable Drive/KYLE_AI_DATABASE/A_CAMERA/Focal_species/Gulo gulo/BDF10-M6/HC/2016/B&W/Robust marks/03.08-18.48/IMG_2164.JPG,IMG_2164.JPG,BDF10-M6_2016_201603081848_IMG_2164.jpg,0.9102485179901123,912.1817016601562,83.18376159667969,410.48577880859375,1028.0740966796875,2048,1536,410,1028
BDF10-M6,2016,201603081848,HC,0,/Volumes/Seagate Portable Drive/KYLE_AI_DATABASE/A_CAMERA/Focal_species/Gulo gulo/BDF10-M6/HC/2016/B&W/Robust marks/03.08-18.48/IMG_2165.JPG,IMG_2165.JPG,BDF10-M6_2016_201603081848_IMG_2165.jpg,0.906370222568512,622.5601806640625,1398.891845703125,590.3388671875,103.4088134765625,2048,1536,590,103
BDF10-M6,2016,201603081848,HC,0,/Volumes/Seagate Portable Drive/KYLE_AI_DATABASE/A_CAMERA/Focal_species/Gulo gulo/BDF10-M6/HC/2016/B&W/Robust marks/03.08-18.48/IMG_2166.JPG,IMG_2166.JPG,BDF10-M6_2016_201603081848_IMG_2166.jpg,0.8891685605049133,988.7958374023438,114.87359619140625,325.82806396484375,1006.7251586914062,2048,1536,325,1006
BDF10-M6,2016,201603081848,HC,0,/Volumes/Seagate Portable Drive/KYLE_AI_DATABASE/A_CAMERA/Focal_species/Gulo gulo/BDF10-M6/HC/2016/B&W/Robust marks/03.08-18.48/IMG_2167.JPG,IMG_2167.JPG,BDF10-M6_2016_201603081848_IMG_2167.jpg,0.9239134788513184,1003.6695556640625,88.31172180175781,335.373046875,990.3799438476562,2048,1536,335,990
BDF10-M6,2016,201603081848,HC,0,/Volumes/Seagate Portable Drive/KYLE_AI_DATABASE/A_CAMERA/Focal_species/Gulo gulo/BDF10-M6/HC/2016/B&W/Robust marks/03.08-18.48/IMG_2168.JPG,IMG_2168.JPG,BDF10-M6_2016_201603081848_IMG_2168.jpg,0.912266194820404,897.6558837890625,96.758056640625,472.021728515625,956.60009765625,2048,1536,472,956
BDF10-M6,2016,201603081848,HC,0,/Volumes/Seagate Portable Drive/KYLE_AI_DATABASE/A_CAMERA/Focal_species/Gulo gulo/BDF10-M6/HC/2016/B&W/Robust marks/03.08-18.48/IMG_2169.JPG,IMG_2169.JPG,BDF10-M6_2016_201603081848_IMG_2169.jpg,0.9007564783096313,932.330322265625,113.07366943359375,423.53369140625,963.6061401367188,2048,1536,423,963
BDF10-M6,2016,201603081848,HC,0,/Volumes/Seagate Portable Drive/KYLE_AI_DATABASE/A_CAMERA/Focal_species/Gulo gulo/BDF10-M6/HC/2016/B&W/Robust marks/03.08-18.48/IMG_2170.JPG,IMG_2170.JPG,BDF10-M6_2016_201603081848_IMG_2170.jpg,0.8991397619247437,1031.2701416015625,122.39872741699219,348.38720703125,979.5772094726562,2048,1536,348,979
BDF10-M6,2016,201603081848,HC,0,/Volumes/Seagate Portable Drive/KYLE_AI_DATABASE/A_CAMERA/Focal_species/Gulo gulo/BDF10-M6/HC/2016/B&W/Robust marks/03.08-18.48/IMG_2171.JPG,IMG_2171.JPG,BDF10-M6_2016_201603081848_IMG_2171.jpg,0.914249837398529,1001.714599609375,60.752838134765625,392.048095703125,992.2110595703125,2048,1536,392,992
BDF10-M6,2016,201603081848,HC,0,/Volumes/Seagate Portable Drive/KYLE_AI_DATABASE/A_CAMERA/Focal_species/Gulo gulo/BDF10-M6/HC/2016/B&W/Robust marks/03.08-18.48/IMG_2172.JPG,IMG_2172.JPG,BDF10-M6_2016_201603081848_IMG_2172.jpg,0.8836126923561096,1012.584228515625,45.861053466796875,368.2666015625,996.501953125,2048,1536,368,996
BDF10-M6,2016,201603081848,HC,0,/Volumes/Seagate Portable Drive/KYLE_AI_DATABASE/A_CAMERA/Focal_species/Gulo gulo/BDF10-M6/HC/2016/B&W/Robust marks/03.08-18.48/IMG_2173.JPG,IMG_2173.JPG,BDF10-M6_2016_201603081848_IMG_2173.jpg,0.8733397126197815,1082.23291015625,56.138946533203125,296.43115234375,985.0712890625,2048,1536,296,985
BDF10-M6,2016,201603081848,HC,0,/Volumes/Seagate Portable Drive/KYLE_AI_DATABASE/A_CAMERA/Focal_species/Gulo gulo/BDF10-M6/HC/2016/B&W/Robust marks/03.08-18.48/IMG_2174.JPG,IMG_2174.JPG,BDF10-M6_2016_201603081848_IMG_2174.jpg,0.9202344417572021,1088.411376953125,73.52481079101562,303.24951171875,970.0343017578125,2048,1536,303,970
BDF10-M6,2016,201603081848,HC,0,/Volumes/Seagate Portable Drive/KYLE_AI_DATABASE/A_CAMERA/Focal_species/Gulo gulo/BDF10-M6/HC/2016/B&W/Robust marks/03.08-18.48/IMG_2175.JPG,IMG_2175.JPG,BDF10-M6_2016_201603081848_IMG_2175.jpg,0.895018458366394,621.998046875,1396.505859375,592.5020751953125,105.8455810546875,2048,1536,592,105
BDF10-M6,2016,201603081848,HC,0,/Volumes/Seagate Portable Drive/KYLE_AI_DATABASE/A_CAMERA/Focal_species/Gulo gulo/BDF10-M6/HC/2016/B&W/Robust marks/03.08-18.48/IMG_2176.JPG,IMG_2176.JPG,BDF10-M6_2016_201603081848_IMG_2176.jpg,0.9252089858055115,989.3887939453125,88.04530334472656,329.3828125,983.0980224609375,2048,1536,329,983
BDF10-M6,2016,201603081848,HC,0,/Volumes/Seagate Portable Drive/KYLE_AI_DATABASE/A_CAMERA/Focal_species/Gulo gulo/BDF10-M6/HC/2016/B&W/Robust marks/03.08-18.48/IMG_2177.JPG,IMG_2177.JPG,BDF10-M6_2016_201603081848_IMG_2177.jpg,0.9184779524803162,993.3714599609375,93.48394775390625,336.830810546875,964.0077514648438,2048,1536,336,964
BDF10-M6,2016,201603081848,HC,0,/Volumes/Seagate Portable Drive/KYLE_AI_DATABASE/A_CAMERA/Focal_species/Gulo gulo/BDF10-M6/HC/2016/B&W/Robust marks/03.08-18.48/IMG_2178.JPG,IMG_2178.JPG,BDF10-M6_2016_201603081848_IMG_2178.jpg,0.927253246307373,995.3681030273438,100.02983093261719,346.09466552734375,977.9489135742188,2048,1536,346,977
BDF10-M6,2016,201603081848,HC,0,/Volumes/Seagate Portable Drive/KYLE_AI_DATABASE/A_CAMERA/Focal_species/Gulo gulo/BDF10-M6/HC/2016/B&W/Robust marks/03.08-18.48/IMG_2179.JPG,IMG_2179.JPG,BDF10-M6_2016_201603081848_IMG_2179.jpg,0.9070218801498413,1016.6674194335938,85.93638610839844,321.95709228515625,966.8524169921875,2048,1536,321,966
BDF10-M6,2016,201603081848,HC,0,/Volumes/Seagate Portable Drive/KYLE_AI_DATABASE/A_CAMERA/Focal_species/Gulo gulo/BDF10-M6/HC/2016/B&W/Robust marks/03.08-18.48/IMG_2180.JPG,IMG_2180.JPG,BDF10-M6_2016_201603081848_IMG_2180.jpg,0.8945879936218262,981.838623046875,133.2787628173828,341.997802734375,929.2285766601562,2048,1536,341,929
BDF10-M6,2016,201603081848,HC,0,/Volumes/Seagate Portable Drive/KYLE_AI_DATABASE/A_CAMERA/Focal_species/Gulo gulo/BDF10-M6/HC/2016/B&W/Robust marks/03.08-18.48/IMG_2181.JPG,IMG_2181.JPG,BDF10-M6_2016_201603081848_IMG_2181.jpg,0.8733994960784912,621.4879150390625,1397.205322265625,592.8231201171875,104.80029296875,2048,1536,592,104
BDF10-M6,2016,201603081848,HC,0,/Volumes/Seagate Portable Drive/KYLE_AI_DATABASE/A_CAMERA/Focal_species/Gulo gulo/BDF10-M6/HC/2016/B&W/Robust marks/03.08-18.48/IMG_2182.JPG,IMG_2182.JPG,BDF10-M6_2016_201603081848_IMG_2182.jpg,0.9032972455024719,621.1934814453125,1397.8580322265625,592.8934326171875,104.3790283203125,2048,1536,592,104
BDF10-M6,2016,201603081848,HC,0,/Volumes/Seagate Portable Drive/KYLE_AI_DATABASE/A_CAMERA/Focal_species/Gulo gulo/BDF10-M6/HC/2016/B&W/Robust marks/03.08-18.48/IMG_2183.JPG,IMG_2183.JPG,BDF10-M6_2016_201603081848_IMG_2183.jpg,0.8467166423797607,621.8306884765625,1398.4803466796875,591.73291015625,103.8466796875,2048,1536,591,103
BDF10-M6,2016,201603081848,HC,0,/Volumes/Seagate Portable Drive/KYLE_AI_DATABASE/A_CAMERA/Focal_species/Gulo gulo/BDF10-M6/HC/2016/B&W/Robust marks/03.08-18.48/IMG_2184.JPG,IMG_2184.JPG,BDF10-M6_2016_201603081848_IMG_2184.jpg,0.8353960514068604,622.1752319335938,1398.335205078125,592.9043579101562,104.03271484375,2048,1536,592,104
BDF10-M6,2016,201603081848,HC,0,/Volumes/Seagate Portable Drive/KYLE_AI_DATABASE/A_CAMERA/Focal_species/Gulo gulo/BDF10-M6/HC/2016/B&W/Robust marks/03.08-18.48/IMG_2185.JPG,IMG_2185.JPG,BDF10-M6_2016_201603081848_IMG_2185.jpg,0.8847235441207886,949.1288452148438,125.24217224121094,380.24322509765625,978.220947265625,2048,1536,380,978
BDF10-M6,2016,201603081848,HC,0,/Volumes/Seagate Portable Drive/KYLE_AI_DATABASE/A_CAMERA/Focal_species/Gulo gulo/BDF10-M6/HC/2016/B&W/Robust marks/03.08-18.48/IMG_2186.JPG,IMG_2186.JPG,BDF10-M6_2016_201603081848_IMG_2186.jpg,0.8325425386428833,622.399658203125,1397.727294921875,591.2762451171875,104.576171875,2048,1536,591,104
BDF10-M6,2016,201603081848,HC,0,/Volumes/Seagate Portable Drive/KYLE_AI_DATABASE/A_CAMERA/Focal_species/Gulo gulo/BDF10-M6/HC/2016/B&W/Robust marks/03.08-18.48/IMG_2187.JPG,IMG_2187.JPG,BDF10-M6_2016_201603081848_IMG_2187.jpg,0.8808865547180176,622.71728515625,1399.037841796875,591.28369140625,103.2088623046875,2048,1536,591,103
BDF10-M6,2016,201603081848,HC,0,/Volumes/Seagate Portable Drive/KYLE_AI_DATABASE/A_CAMERA/Focal_species/Gulo gulo/BDF10-M6/HC/2016/B&W/Robust marks/03.08-18.48/IMG_2188.JPG,IMG_2188.JPG,BDF10-M6_2016_201603081848_IMG_2188.jpg,0.911212146282196,929.730712890625,160.39187622070312,391.81689453125,911.05322265625,2048,1536,391,911
BDF10-M6,2016,201603081848,HC,0,/Volumes/Seagate Portable Drive/KYLE_AI_DATABASE/A_CAMERA/Focal_species/Gulo gulo/BDF10-M6/HC/2016/B&W/Robust marks/03.08-18.48/IMG_2189.JPG,IMG_2189.JPG,BDF10-M6_2016_201603081848_IMG_2189.jpg,0.9043847322463989,939.1015625,148.2366485595703,385.4677734375,952.0206909179688,2048,1536,385,952
BDF10-M6,2016,201603081848,HC,0,/Volumes/Seagate Portable Drive/KYLE_AI_DATABASE/A_CAMERA/Focal_species/Gulo gulo/BDF10-M6/HC/2016/B&W/Robust marks/03.08-18.48/IMG_2190.JPG,IMG_2190.JPG,BDF10-M6_2016_201603081848_IMG_2190.jpg,0.8995450139045715,908.982177734375,99.87039184570312,415.010009765625,998.8096923828125,2048,1536,415,998
BDF10-M6,2016,201603081848,HC,0,/Volumes/Seagate Portable Drive/KYLE_AI_DATABASE/A_CAMERA/Focal_species/Gulo gulo/BDF10-M6/HC/2016/B&W/Robust marks/03.08-18.48/IMG_2191.JPG,IMG_2191.JPG,BDF10-M6_2016_201603081848_IMG_2191.jpg,0.9190836548805237,995.311279296875,145.46726989746094,334.1103515625,960.228271484375,2048,1536,334,960
BDF10-M6,2016,201603081848,HC,0,/Volumes/Seagate Portable Drive/KYLE_AI_DATABASE/A_CAMERA/Focal_species/Gulo gulo/BDF10-M6/HC/2016/B&W/Robust marks/03.08-18.48/IMG_2192.JPG,IMG_2192.JPG,BDF10-M6_2016_201603081848_IMG_2192.jpg,0.9211943745613098,986.6053466796875,166.8329315185547,333.710693359375,941.1567993164062,2048,1536,333,941
BDF10-M6,2016,201603081848,HC,0,/Volumes/Seagate Portable Drive/KYLE_AI_DATABASE/A_CAMERA/Focal_species/Gulo gulo/BDF10-M6/HC/2016/B&W/Robust marks/03.08-18.48/IMG_2193.JPG,IMG_2193.JPG,BDF10-M6_2016_201603081848_IMG_2193.jpg,0.9212952852249146,980.154052734375,152.18792724609375,340.736572265625,949.1845092773438,2048,1536,340,949
BDF10-M6,2016,201603081848,HC,0,/Volumes/Seagate Portable Drive/KYLE_AI_DATABASE/A_CAMERA/Focal_species/Gulo gulo/BDF10-M6/HC/2016/B&W/Robust marks/03.08-18.48/IMG_2194.JPG,IMG_2194.JPG,BDF10-M6_2016_201603081848_IMG_2194.jpg,0.9239324331283569,990.4337158203125,95.38934326171875,330.032958984375,1010.6279907226562,2048,1536,330,1010
BDF10-M6,2016,201603081848,HC,0,/Volumes/Seagate Portable Drive/KYLE_AI_DATABASE/A_CAMERA/Focal_species/Gulo gulo/BDF10-M6/HC/2016/B&W/Robust marks/03.08-18.48/IMG_2195.JPG,IMG_2195.JPG,BDF10-M6_2016_201603081848_IMG_2195.jpg,0.9082555174827576,622.5838012695312,1397.494873046875,592.8229370117188,104.7235107421875,2048,1536,592,104
BDF10-M6,2016,201603081848,HC,0,/Volumes/Seagate Portable Drive/KYLE_AI_DATABASE/A_CAMERA/Focal_species/Gulo gulo/BDF10-M6/HC/2016/B&W/Robust marks/03.08-18.48/IMG_2196.JPG,IMG_2196.JPG,BDF10-M6_2016_201603081848_IMG_2196.jpg,0.9025384783744812,622.556884765625,1398.04638671875,591.2679443359375,104.2735595703125,2048,1536,591,104
BDF10-M6,2016,201603081848,HC,0,/Volumes/Seagate Portable Drive/KYLE_AI_DATABASE/A_CAMERA/Focal_species/Gulo gulo/BDF10-M6/HC/2016/B&W/Robust marks/03.08-18.48/IMG_2197.JPG,IMG_2197.JPG,BDF10-M6_2016_201603081848_IMG_2197.jpg,0.9070277214050293,984.0006103515625,90.41766357421875,336.805908203125,984.4103393554688,2048,1536,336,984
BDF10-M6,2016,201603081848,HC,0,/Volumes/Seagate Portable Drive/KYLE_AI_DATABASE/A_CAMERA/Focal_species/Gulo gulo/BDF10-M6/HC/2016/B&W/Robust marks/03.08-18.48/IMG_2198.JPG,IMG_2198.JPG,BDF10-M6_2016_201603081848_IMG_2198.jpg,0.9094474911689758,622.37158203125,1397.9638671875,591.7763671875,104.42431640625,2048,1536,591,104
BDF10-M6,2016,201603081848,HC,0,/Volumes/Seagate Portable Drive/KYLE_AI_DATABASE/A_CAMERA/Focal_species/Gulo gulo/BDF10-M6/HC/2016/B&W/Robust marks/03.08-18.48/IMG_2199.JPG,IMG_2199.JPG,BDF10-M6_2016_201603081848_IMG_2199.jpg,0.8983405828475952,1014.3525390625,104.70487976074219,318.4453125,997.0557250976562,2048,1536,318,997
BDF10-M6,2016,201603081848,HC,0,/Volumes/Seagate Portable Drive/KYLE_AI_DATABASE/A_CAMERA/Focal_species/Gulo gulo/BDF10-M6/HC/2016/B&W/Robust marks/03.08-18.48/IMG_2200.JPG,IMG_2200.JPG,BDF10-M6_2016_201603081848_IMG_2200.jpg,0.9118062853813171,969.4163818359375,105.88114929199219,365.928466796875,958.0145874023438,2048,1536,365,958
BDF10-M6,2016,201603081848,HC,0,/Volumes/Seagate Portable Drive/KYLE_AI_DATABASE/A_CAMERA/Focal_species/Gulo gulo/BDF10-M6/HC/2016/B&W/Robust marks/03.08-18.48/IMG_2201.JPG,IMG_2201.JPG,BDF10-M6_2016_201603081848_IMG_2201.jpg,0.884096086025238,622.4801025390625,1396.93115234375,593.1490478515625,105.122802734375,2048,1536,593,105
BDF10-M6,2016,201603081848,HC,0,/Volumes/Seagate Portable Drive/KYLE_AI_DATABASE/A_CAMERA/Focal_species/Gulo gulo/BDF10-M6/HC/2016/B&W/Robust marks/03.08-18.48/IMG_2202.JPG,IMG_2202.JPG,BDF10-M6_2016_201603081848_IMG_2202.jpg,0.8969227075576782,622.7950439453125,1397.66064453125,591.6148681640625,104.6578369140625,2048,1536,591,104
BDF10-M6,2016,201603081848,HC,0,/Volumes/Seagate Portable Drive/KYLE_AI_DATABASE/A_CAMERA/Focal_species/Gulo gulo/BDF10-M6/HC/2016/B&W/Robust marks/03.08-18.48/IMG_2203.JPG,IMG_2203.JPG,BDF10-M6_2016_201603081848_IMG_2203.jpg,0.904624879360199,990.1162719726562,105.4449462890625,340.51019287109375,997.436279296875,2048,1536,340,997
BDF10-M6,2016,201603081848,HC,0,/Volumes/Seagate Portable Drive/KYLE_AI_DATABASE/A_CAMERA/Focal_species/Gulo gulo/BDF10-M6/HC/2016/B&W/Robust marks/03.08-18.48/IMG_2204.JPG,IMG_2204.JPG,BDF10-M6_2016_201603081848_IMG_2204.jpg,0.9380954504013062,992.3114013671875,107.45516967773438,335.231201171875,962.7852783203125,2048,1536,335,962
BDF10-M6,2016,201603081848,HC,0,/Volumes/Seagate Portable Drive/KYLE_AI_DATABASE/A_CAMERA/Focal_species/Gulo gulo/BDF10-M6/HC/2016/B&W/Robust marks/03.08-18.48/IMG_2205.JPG,IMG_2205.JPG,BDF10-M6_2016_201603081848_IMG_2205.jpg,0.8882164359092712,622.3155517578125,1398.46630859375,591.5133056640625,103.9464111328125,2048,1536,591,103
BDF10-M6,2016,201603081848,HC,0,/Volumes/Seagate Portable Drive/KYLE_AI_DATABASE/A_CAMERA/Focal_species/Gulo gulo/BDF10-M6/HC/2016/B&W/Robust marks/03.08-18.48/IMG_2206.JPG,IMG_2206.JPG,BDF10-M6_2016_201603081848_IMG_2206.jpg,0.851324200630188,622.213134765625,1398.141845703125,592.89697265625,104.3712158203125,2048,1536,592,104
BDF10-M6,2016,201603081848,HC,0,/Volumes/Seagate Portable Drive/KYLE_AI_DATABASE/A_CAMERA/Focal_species/Gulo gulo/BDF10-M6/HC/2016/B&W/Robust marks/03.08-18.48/IMG_2207.JPG,IMG_2207.JPG,BDF10-M6_2016_201603081848_IMG_2207.jpg,0.9448405504226685,992.6755981445312,103.79072570800781,333.35125732421875,946.8703002929688,2048,1536,333,946
BDF10-M6,2016,201603081848,HC,0,/Volumes/Seagate Portable Drive/KYLE_AI_DATABASE/A_CAMERA/Focal_species/Gulo gulo/BDF10-M6/HC/2016/B&W/Robust marks/03.08-18.48/IMG_2208.JPG,IMG_2208.JPG,BDF10-M6_2016_201603081848_IMG_2208.jpg,0.9381875395774841,992.3052978515625,117.55668640136719,330.00390625,959.0563354492188,2048,1536,330,959
BDF10-M6,2016,201603081848,HC,0,/Volumes/Seagate Portable Drive/KYLE_AI_DATABASE/A_CAMERA/Focal_species/Gulo gulo/BDF10-M6/HC/2016/B&W/Robust marks/03.08-18.48/IMG_2209.JPG,IMG_2209.JPG,BDF10-M6_2016_201603081848_IMG_2209.jpg,0.877576470375061,622.5289306640625,1397.849365234375,592.48193359375,104.4652099609375,2048,1536,592,104
BDF10-M6,2016,201603081848,HC,0,/Volumes/Seagate Portable Drive/KYLE_AI_DATABASE/A_CAMERA/Focal_species/Gulo gulo/BDF10-M6/HC/2016/B&W/Robust marks/03.08-18.48/IMG_2210.JPG,IMG_2210.JPG,BDF10-M6_2016_201603081848_IMG_2210.jpg,0.8858092427253723,621.841796875,1397.46533203125,592.5828857421875,104.8494873046875,2048,1536,592,104
BDF10-M6,2016,201603081848,HC,0,/Volumes/Seagate Portable Drive/KYLE_AI_DATABASE/A_CAMERA/Focal_species/Gulo gulo/BDF10-M6/HC/2016/B&W/Robust marks/03.08-18.48/IMG_2211.JPG,IMG_2211.JPG,BDF10-M6_2016_201603081848_IMG_2211.jpg,0.9250537753105164,989.5435180664062,89.97789001464844,327.39227294921875,976.0111083984375,2048,1536,327,976
BDF10-M6,2016,201603081848,HC,0,/Volumes/Seagate Portable Drive/KYLE_AI_DATABASE/A_CAMERA/Focal_species/Gulo gulo/BDF10-M6/HC/2016/B&W/Robust marks/03.08-18.48/IMG_2212.JPG,IMG_2212.JPG,BDF10-M6_2016_201603081848_IMG_2212.jpg,0.8647606372833252,991.1582641601562,96.2325439453125,308.53289794921875,947.8856201171875,2048,1536,308,947
BDF10-M6,2016,201603081848,HC,0,/Volumes/Seagate Portable Drive/KYLE_AI_DATABASE/A_CAMERA/Focal_species/Gulo gulo/BDF10-M6/HC/2016/B&W/Robust marks/03.08-18.48/IMG_2213.JPG,IMG_2213.JPG,BDF10-M6_2016_201603081848_IMG_2213.jpg,0.9169371724128723,930.0276489257812,133.03074645996094,388.85333251953125,930.25146484375,2048,1536,388,930
BDF10-M6,2016,201603081848,HC,0,/Volumes/Seagate Portable Drive/KYLE_AI_DATABASE/A_CAMERA/Focal_species/Gulo gulo/BDF10-M6/HC/2016/B&W/Robust marks/03.08-18.48/IMG_2214.JPG,IMG_2214.JPG,BDF10-M6_2016_201603081848_IMG_2214.jpg,0.8036150336265564,623.3790283203125,1398.70361328125,590.0623779296875,103.5802001953125,2048,1536,590,103
BDF10-M6,2016,201603081848,HC,0,/Volumes/Seagate Portable Drive/KYLE_AI_DATABASE/A_CAMERA/Focal_species/Gulo gulo/BDF10-M6/HC/2016/B&W/Robust marks/03.08-18.48/IMG_2215.JPG,IMG_2215.JPG,BDF10-M6_2016_201603081848_IMG_2215.jpg,0.8513233065605164,623.49267578125,1398.9156494140625,590.17529296875,103.3507080078125,2048,1536,590,103
BDF10-M6,2016,201603081848,HC,0,/Volumes/Seagate Portable Drive/KYLE_AI_DATABASE/A_CAMERA/Focal_species/Gulo gulo/BDF10-M6/HC/2016/B&W/Robust marks/03.08-18.48/IMG_2216.JPG,IMG_2216.JPG,BDF10-M6_2016_201603081848_IMG_2216.jpg,0.9142935872077942,884.6835327148438,137.28172302246094,419.69439697265625,937.706787109375,2048,1536,419,937
BDF10-M6,2016,201603081848,HC,0,/Volumes/Seagate Portable Drive/KYLE_AI_DATABASE/A_CAMERA/Focal_species/Gulo gulo/BDF10-M6/HC/2016/B&W/Robust marks/03.08-18.48/IMG_2217.JPG,IMG_2217.JPG,BDF10-M6_2016_201603081848_IMG_2217.jpg,0.9576476812362671,969.8408203125,118.66401672363281,391.532958984375,996.8796997070312,2048,1536,391,996
BDF10-M6,2016,201603081848,HC,0,/Volumes/Seagate Portable Drive/KYLE_AI_DATABASE/A_CAMERA/Focal_species/Gulo gulo/BDF10-M6/HC/2016/B&W/Robust marks/03.08-18.48/IMG_2218.JPG,IMG_2218.JPG,BDF10-M6_2016_201603081848_IMG_2218.jpg,0.9074745774269104,868.4429931640625,132.85519409179688,467.0185546875,974.7825927734375,2048,1536,467,974
BDF10-M6,2016,201603081848,HC,0,/Volumes/Seagate Portable Drive/KYLE_AI_DATABASE/A_CAMERA/Focal_species/Gulo gulo/BDF10-M6/HC/2016/B&W/Robust marks/03.08-18.48/IMG_2219.JPG,IMG_2219.JPG,BDF10-M6_2016_201603081848_IMG_2219.jpg,0.8868427872657776,622.5771484375,1398.657958984375,591.286376953125,103.684814453125,2048,1536,591,103
BDF10-M6,2016,201603081848,HC,0,/Volumes/Seagate Portable Drive/KYLE_AI_DATABASE/A_CAMERA/Focal_species/Gulo gulo/BDF10-M6/HC/2016/B&W/Robust marks/03.08-18.48/IMG_2220.JPG,IMG_2220.JPG,BDF10-M6_2016_201603081848_IMG_2220.jpg,0.9575296640396118,918.9769897460938,30.769546508789062,410.75506591796875,1141.4951171875,2048,1536,410,1141
BDF10-M6,2016,201603081848,HC,0,/Volumes/Seagate Portable Drive/KYLE_AI_DATABASE/A_CAMERA/Focal_species/Gulo gulo/BDF10-M6/HC/2016/B&W/Robust marks/03.08-18.48/IMG_2221.JPG,IMG_2221.JPG,BDF10-M6_2016_201603081848_IMG_2221.jpg,0.9543696641921997,860.1421508789062,30.399948120117188,484.62835693359375,1075.8466796875,2048,1536,484,1075
BDF10-M6,2016,201603081848,HC,0,/Volumes/Seagate Portable Drive/KYLE_AI_DATABASE/A_CAMERA/Focal_species/Gulo gulo/BDF10-M6/HC/2016/B&W/Robust marks/03.08-18.48/IMG_2222.JPG,IMG_2222.JPG,BDF10-M6_2016_201603081848_IMG_2222.jpg,0.9265201687812805,921.002197265625,193.368896484375,365.18603515625,917.076416015625,2048,1536,365,917
BDF10-M6,2016,201603081848,HC,0,/Volumes/Seagate Portable Drive/KYLE_AI_DATABASE/A_CAMERA/Focal_species/Gulo gulo/BDF10-M6/HC/2016/B&W/Robust marks/03.08-18.48/IMG_2223.JPG,IMG_2223.JPG,BDF10-M6_2016_201603081848_IMG_2223.jpg,0.9269348978996277,934.3460693359375,199.7721405029297,357.74853515625,932.5471801757812,2048,1536,357,932
BDF10-M6,2016,201603081848,HC,0,/Volumes/Seagate Portable Drive/KYLE_AI_DATABASE/A_CAMERA/Focal_species/Gulo gulo/BDF10-M6/HC/2016/B&W/Robust marks/03.08-18.48/IMG_2224.JPG,IMG_2224.JPG,BDF10-M6_2016_201603081848_IMG_2224.jpg,0.9358536005020142,932.4068603515625,154.6310577392578,358.174560546875,986.9597778320312,2048,1536,358,986
BDF10-M6,2016,201603081848,HC,0,/Volumes/Seagate Portable Drive/KYLE_AI_DATABASE/A_CAMERA/Focal_species/Gulo gulo/BDF10-M6/HC/2016/B&W/Robust marks/03.08-18.48/IMG_2225.JPG,IMG_2225.JPG,BDF10-M6_2016_201603081848_IMG_2225.jpg,0.9304943084716797,983.3463745117188,114.21080017089844,324.97076416015625,1005.6927490234375,2048,1536,324,1005
BDF10-M6,2016,201603081848,HC,0,/Volumes/Seagate Portable Drive/KYLE_AI_DATABASE/A_CAMERA/Focal_species/Gulo gulo/BDF10-M6/HC/2016/B&W/Robust marks/03.08-18.48/IMG_2226.JPG,IMG_2226.JPG,BDF10-M6_2016_201603081848_IMG_2226.jpg,0.8876299262046814,1062.1427001953125,111.90257263183594,306.337158203125,997.3697509765625,2048,1536,306,997
BDF10-M6,2016,201603081848,HC,0,/Volumes/Seagate Portable Drive/KYLE_AI_DATABASE/A_CAMERA/Focal_species/Gulo gulo/BDF10-M6/HC/2016/B&W/Robust marks/03.08-18.48/IMG_2227.JPG,IMG_2227.JPG,BDF10-M6_2016_201603081848_IMG_2227.jpg,0.8959512710571289,1027.9119873046875,109.93601989746094,340.5244140625,997.5771484375,2048,1536,340,997
BDF10-M6,2016,201603081848,HC,0,/Volumes/Seagate Portable Drive/KYLE_AI_DATABASE/A_CAMERA/Focal_species/Gulo gulo/BDF10-M6/HC/2016/B&W/Robust marks/03.08-18.48/IMG_2228.JPG,IMG_2228.JPG,BDF10-M6_2016_201603081848_IMG_2228.jpg,0.93796706199646,867.6507568359375,31.95281982421875,488.30029296875,1100.007080078125,2048,1536,488,1100
BDF10-M6,2016,201603081848,HC,0,/Volumes/Seagate Portable Drive/KYLE_AI_DATABASE/A_CAMERA/Focal_species/Gulo gulo/BDF10-M6/HC/2016/B&W/Robust marks/03.08-18.48/IMG_2229.JPG,IMG_2229.JPG,BDF10-M6_2016_201603081848_IMG_2229.jpg,0.9008172750473022,970.972900390625,181.2294158935547,339.1923828125,956.1328735351562,2048,1536,339,956
BDF10-M6,2016,201603081848,HC,0,/Volumes/Seagate Portable Drive/KYLE_AI_DATABASE/A_CAMERA/Focal_species/Gulo gulo/BDF10-M6/HC/2016/B&W/Robust marks/03.08-18.48/IMG_2230.JPG,IMG_2230.JPG,BDF10-M6_2016_201603081848_IMG_2230.jpg,0.8740155696868896,1041.3978271484375,156.22540283203125,298.023193359375,984.8988647460938,2048,1536,298,984
BDF10-M6,2016,201603081848,HC,0,/Volumes/Seagate Portable Drive/KYLE_AI_DATABASE/A_CAMERA/Focal_species/Gulo gulo/BDF10-M6/HC/2016/B&W/Robust marks/03.08-18.48/IMG_2231.JPG,IMG_2231.JPG,BDF10-M6_2016_201603081848_IMG_2231.jpg,0.940406322479248,1045.4521484375,153.37449645996094,313.854248046875,964.5770263671875,2048,1536,313,964
BDF10-M6,2016,201603081848,HC,0,/Volumes/Seagate Portable Drive/KYLE_AI_DATABASE/A_CAMERA/Focal_species/Gulo gulo/BDF10-M6/HC/2016/B&W/Robust marks/03.08-18.48/IMG_2232.JPG,IMG_2232.JPG,BDF10-M6_2016_201603081848_IMG_2232.jpg,0.8458563685417175,1004.47509765625,136.20620727539062,312.834228515625,983.7210693359375,2048,1536,312,983
BDF10-M6,2016,201603081848,HC,0,/Volumes/Seagate Portable Drive/KYLE_AI_DATABASE/A_CAMERA/Focal_species/Gulo gulo/BDF10-M6/HC/2016/B&W/Robust marks/03.08-18.48/IMG_2233.JPG,IMG_2233.JPG,BDF10-M6_2016_201603081848_IMG_2233.jpg,0.9472589492797852,968.2179565429688,142.27024841308594,344.93121337890625,968.3292236328125,2048,1536,344,968
BDF10-M6,2016,201603081848,HC,0,/Volumes/Seagate Portable Drive/KYLE_AI_DATABASE/A_CAMERA/Focal_species/Gulo gulo/BDF10-M6/HC/2016/B&W/Robust marks/03.08-18.48/IMG_2234.JPG,IMG_2234.JPG,BDF10-M6_2016_201603081848_IMG_2234.jpg,0.913455605506897,965.6534423828125,139.9442138671875,341.582763671875,965.5474853515625,2048,1536,341,965
BDF10-M6,2016,201603081848,HC,0,/Volumes/Seagate Portable Drive/KYLE_AI_DATABASE/A_CAMERA/Focal_species/Gulo gulo/BDF10-M6/HC/2016/B&W/Robust marks/03.08-18.48/IMG_2235.JPG,IMG_2235.JPG,BDF10-M6_2016_201603081848_IMG_2235.jpg,0.8916926980018616,1001.5262451171875,137.5162811279297,322.719970703125,968.1633911132812,2048,1536,322,968
BDF10-M6,2016,201603081848,HC,0,/Volumes/Seagate Portable Drive/KYLE_AI_DATABASE/A_CAMERA/Focal_species/Gulo gulo/BDF10-M6/HC/2016/B&W/Robust marks/03.08-18.48/IMG_2236.JPG,IMG_2236.JPG,BDF10-M6_2016_201603081848_IMG_2236.jpg,0.8676620721817017,979.3933715820312,95.19529724121094,373.80718994140625,950.74072265625,2048,1536,373,950
BDF10-M6,2016,201603081848,HC,0,/Volumes/Seagate Portable Drive/KYLE_AI_DATABASE/A_CAMERA/Focal_species/Gulo gulo/BDF10-M6/HC/2016/B&W/Robust marks/03.08-18.48/IMG_2237.JPG,IMG_2237.JPG,BDF10-M6_2016_201603081848_IMG_2237.jpg,0.9212848544120789,920.60986328125,110.74832153320312,444.723388671875,934.1162109375,2048,1536,444,934
BDF10-M6,2016,201603081848,HC,0,/Volumes/Seagate Portable Drive/KYLE_AI_DATABASE/A_CAMERA/Focal_species/Gulo gulo/BDF10-M6/HC/2016/B&W/Robust marks/03.08-18.48/IMG_2238.JPG,IMG_2238.JPG,BDF10-M6_2016_201603081848_IMG_2238.jpg,0.9284286499023438,913.185302734375,107.20468139648438,448.26953125,956.927490234375,2048,1536,448,956
BDF10-M6,2016,201603081848,HC,0,/Volumes/Seagate Portable Drive/KYLE_AI_DATABASE/A_CAMERA/Focal_species/Gulo gulo/BDF10-M6/HC/2016/B&W/Robust marks/03.08-18.48/IMG_2239.JPG,IMG_2239.JPG,BDF10-M6_2016_201603081848_IMG_2239.jpg,0.9140813946723938,913.819580078125,34.07322692871094,444.257080078125,1009.640625,2048,1536,444,1009
BDF10-M6,2016,201603081848,HC,0,/Volumes/Seagate Portable Drive/KYLE_AI_DATABASE/A_CAMERA/Focal_species/Gulo gulo/BDF10-M6/HC/2016/B&W/Robust marks/03.08-18.48/IMG_2240.JPG,IMG_2240.JPG,BDF10-M6_2016_201603081848_IMG_2240.jpg,0.8620812892913818,620.7506103515625,1396.1446533203125,594.5362548828125,106.169921875,2048,1536,594,106
BDF10-M6,2016,201603081848,HC,0,/Volumes/Seagate Portable Drive/KYLE_AI_DATABASE/A_CAMERA/Focal_species/Gulo gulo/BDF10-M6/HC/2016/B&W/Robust marks/03.08-18.48/IMG_2241.JPG,IMG_2241.JPG,BDF10-M6_2016_201603081848_IMG_2241.jpg,0.946022093296051,917.9710083007812,31.776580810546875,436.01788330078125,1076.25732421875,2048,1536,436,1076
BDF10-M6,2016,201603081848,HC,0,/Volumes/Seagate Portable Drive/KYLE_AI_DATABASE/A_CAMERA/Focal_species/Gulo gulo/BDF10-M6/HC/2016/B&W/Robust marks/03.08-18.48/IMG_2242.JPG,IMG_2242.JPG,BDF10-M6_2016_201603081848_IMG_2242.jpg,0.9193927049636841,997.8538818359375,120.71086120605469,342.190673828125,985.8201293945312,2048,1536,342,985
BDF10-M6,2016,201603081848,HC,0,/Volumes/Seagate Portable Drive/KYLE_AI_DATABASE/A_CAMERA/Focal_species/Gulo gulo/BDF10-M6/HC/2016/B&W/Robust marks/03.08-18.48/IMG_2243.JPG,IMG_2243.JPG,BDF10-M6_2016_201603081848_IMG_2243.jpg,0.919813871383667,986.156982421875,103.35763549804688,352.39501953125,980.733154296875,2048,1536,352,980
BDF10-M6,2016,201603081848,HC,0,/Volumes/Seagate Portable Drive/KYLE_AI_DATABASE/A_CAMERA/Focal_species/Gulo gulo/BDF10-M6/HC/2016/B&W/Robust marks/03.08-18.48/IMG_2244.JPG,IMG_2244.JPG,BDF10-M6_2016_201603081848_IMG_2244.jpg,0.9118606448173523,1026.90087890625,70.28782653808594,308.367919921875,1009.246826171875,2048,1536,308,1009
BDF10-M6,2016,201603081848,HC,0,/Volumes/Seagate Portable Drive/KYLE_AI_DATABASE/A_CAMERA/Focal_species/Gulo gulo/BDF10-M6/HC/2016/B&W/Robust marks/03.08-18.48/IMG_2245.JPG,IMG_2245.JPG,BDF10-M6_2016_201603081848_IMG_2245.jpg,0.9233629107475281,998.184326171875,34.84199523925781,345.986083984375,1014.2088012695312,2048,1536,345,1014
BDF10-M6,2016,201603081848,HC,0,/Volumes/Seagate Portable Drive/KYLE_AI_DATABASE/A_CAMERA/Focal_species/Gulo gulo/BDF10-M6/HC/2016/B&W/Robust marks/03.08-18.48/IMG_2246.JPG,IMG_2246.JPG,BDF10-M6_2016_201603081848_IMG_2246.jpg,0.9013972282409668,928.1766357421875,30.413360595703125,409.62939453125,958.19775390625,2048,1536,409,958
BDF10-M6,2016,201603081848,HC,0,/Volumes/Seagate Portable Drive/KYLE_AI_DATABASE/A_CAMERA/Focal_species/Gulo gulo/BDF10-M6/HC/2016/B&W/Robust marks/03.08-18.48/IMG_2247.JPG,IMG_2247.JPG,BDF10-M6_2016_201603081848_IMG_2247.jpg,0.9397429823875427,959.2847900390625,30.91937255859375,412.821533203125,966.422607421875,2048,1536,412,966
BDF10-M6,2016,201603081848,HC,0,/Volumes/Seagate Portable Drive/KYLE_AI_DATABASE/A_CAMERA/Focal_species/Gulo gulo/BDF10-M6/HC/2016/B&W/Robust marks/03.08-18.48/IMG_2248.JPG,IMG_2248.JPG,BDF10-M6_2016_201603081848_IMG_2248.jpg,0.9438967704772949,991.4780883789062,32.3719482421875,383.29400634765625,978.5531616210938,2048,1536,383,978
BDF10-M6,2016,201603081848,HC,0,/Volumes/Seagate Portable Drive/KYLE_AI_DATABASE/A_CAMERA/Focal_species/Gulo gulo/BDF10-M6/HC/2016/B&W/Robust marks/03.08-18.48/IMG_2249.JPG,IMG_2249.JPG,BDF10-M6_2016_201603081848_IMG_2249.jpg,0.9371975660324097,917.4880981445312,30.280105590820312,454.70404052734375,953.59521484375,2048,1536,454,953
BDF10-M6,2016,201603081848,HC,0,/Volumes/Seagate Portable Drive/KYLE_AI_DATABASE/A_CAMERA/Focal_species/Gulo gulo/BDF10-M6/HC/2016/B&W/Robust marks/03.08-18.48/IMG_2250.JPG,IMG_2250.JPG,BDF10-M6_2016_201603081848_IMG_2250.jpg,0.9416947364807129,953.0106811523438,31.296707153320312,436.23101806640625,974.5668334960938,2048,1536,436,974
BDF10-M6,2016,201603081848,HC,0,/Volumes/Seagate Portable Drive/KYLE_AI_DATABASE/A_CAMERA/Focal_species/Gulo gulo/BDF10-M6/HC/2016/B&W/Robust marks/03.08-18.48/IMG_2251.JPG,IMG_2251.JPG,BDF10-M6_2016_201603081848_IMG_2251.jpg,0.9113835096359253,1007.1553955078125,50.29893493652344,348.404296875,1007.46875,2048,1536,348,1007
BDF10-M6,2016,201603081848,HC,0,/Volumes/Seagate Portable Drive/KYLE_AI_DATABASE/A_CAMERA/Focal_species/Gulo gulo/BDF10-M6/HC/2016/B&W/Robust marks/03.08-18.48/IMG_2252.JPG,IMG_2252.JPG,BDF10-M6_2016_201603081848_IMG_2252.jpg,0.9296815991401672,983.9539794921875,71.78068542480469,354.16650390625,972.9044799804688,2048,1536,354,972
BDF10-M6,2016,201603081848,HC,0,/Volumes/Seagate Portable Drive/KYLE_AI_DATABASE/A_CAMERA/Focal_species/Gulo gulo/BDF10-M6/HC/2016/B&W/Robust marks/03.08-18.48/IMG_2253.JPG,IMG_2253.JPG,BDF10-M6_2016_201603081848_IMG_2253.jpg,0.8879802227020264,1002.617919921875,76.57594299316406,342.365234375,963.1361083984375,2048,1536,342,963
BDF10-M6,2016,201603081848,HC,0,/Volumes/Seagate Portable Drive/KYLE_AI_DATABASE/A_CAMERA/Focal_species/Gulo gulo/BDF10-M6/HC/2016/B&W/Robust marks/03.08-18.48/IMG_2254.JPG,IMG_2254.JPG,BDF10-M6_2016_201603081848_IMG_2254.jpg,0.9218137860298157,1004.717041015625,75.16937255859375,357.61767578125,983.8740844726562,2048,1536,357,983
BDF10-M6,2016,201603081848,HC,0,/Volumes/Seagate Portable Drive/KYLE_AI_DATABASE/A_CAMERA/Focal_species/Gulo gulo/BDF10-M6/HC/2016/B&W/Robust marks/03.08-18.48/IMG_2255.JPG,IMG_2255.JPG,BDF10-M6_2016_201603081848_IMG_2255.jpg,0.9256463646888733,945.2205200195312,74.14430236816406,408.19281005859375,974.185302734375,2048,1536,408,974
BDF10-M6,2016,201603081848,HC,0,/Volumes/Seagate Portable Drive/KYLE_AI_DATABASE/A_CAMERA/Focal_species/Gulo gulo/BDF10-M6/HC/2016/B&W/Robust marks/03.08-18.48/IMG_2256.JPG,IMG_2256.JPG,BDF10-M6_2016_201603081848_IMG_2256.jpg,0.928976833820343,991.0460205078125,73.3092041015625,344.17236328125,994.0574951171875,2048,1536,344,994
BDF10-M6,2016,201603081848,HC,0,/Volumes/Seagate Portable Drive/KYLE_AI_DATABASE/A_CAMERA/Focal_species/Gulo gulo/BDF10-M6/HC/2016/B&W/Robust marks/03.08-18.48/IMG_2257.JPG,IMG_2257.JPG,BDF10-M6_2016_201603081848_IMG_2257.jpg,0.9376527070999146,981.8843994140625,67.29167175292969,360.2197265625,1000.9236450195312,2048,1536,360,1000
BDF10-M6,2016,201603081848,HC,0,/Volumes/Seagate Portable Drive/KYLE_AI_DATABASE/A_CAMERA/Focal_species/Gulo gulo/BDF10-M6/HC/2016/B&W/Robust marks/03.08-18.48/IMG_2258.JPG,IMG_2258.JPG,BDF10-M6_2016_201603081848_IMG_2258.jpg,0.910746693611145,996.1912841796875,73.35896301269531,341.68359375,1014.0527954101562,2048,1536,341,1014
BDF10-M6,2016,201603081848,HC,0,/Volumes/Seagate Portable Drive/KYLE_AI_DATABASE/A_CAMERA/Focal_species/Gulo gulo/BDF10-M6/HC/2016/B&W/Robust marks/03.08-18.48/IMG_2259.JPG,IMG_2259.JPG,BDF10-M6_2016_201603081848_IMG_2259.jpg,0.9452025294303894,998.3818969726562,70.47761535644531,337.66400146484375,1035.4595947265625,2048,1536,337,1035
BDF10-M6,2016,201603081848,HC,0,/Volumes/Seagate Portable Drive/KYLE_AI_DATABASE/A_CAMERA/Focal_species/Gulo gulo/BDF10-M6/HC/2016/B&W/Robust marks/03.08-18.48/IMG_2260.JPG,IMG_2260.JPG,BDF10-M6_2016_201603081848_IMG_2260.jpg,0.9308115839958191,989.5587768554688,70.37837219238281,343.24884033203125,1038.989013671875,2048,1536,343,1038
BDF10-M6,2016,201603081848,HC,0,/Volumes/Seagate Portable Drive/KYLE_AI_DATABASE/A_CAMERA/Focal_species/Gulo gulo/BDF10-M6/HC/2016/B&W/Robust marks/03.08-18.48/IMG_2261.JPG,IMG_2261.JPG,BDF10-M6_2016_201603081848_IMG_2261.jpg,0.9153019785881042,987.071533203125,75.49195861816406,347.513427734375,1041.6376953125,2048,1536,347,1041
BDF10-M6,2016,201603081848,HC,0,/Volumes/Seagate Portable Drive/KYLE_AI_DATABASE/A_CAMERA/Focal_species/Gulo gulo/BDF10-M6/HC/2016/B&W/Robust marks/03.08-18.48/IMG_2262.JPG,IMG_2262.JPG,BDF10-M6_2016_201603081848_IMG_2262.jpg,0.8451460599899292,622.079833984375,1397.415771484375,593.093017578125,104.8681640625,2048,1536,593,104
BDF10-M6,2016,201603081848,HC,0,/Volumes/Seagate Portable Drive/KYLE_AI_DATABASE/A_CAMERA/Focal_species/Gulo gulo/BDF10-M6/HC/2016/B&W/Robust marks/03.08-18.48/IMG_2263.JPG,IMG_2263.JPG,BDF10-M6_2016_201603081848_IMG_2263.jpg,0.9267873167991638,1016.800537109375,75.65057373046875,319.447265625,999.1067504882812,2048,1536,319,999
BDF10-M6,2016,201603081848,HC,0,/Volumes/Seagate Portable Drive/KYLE_AI_DATABASE/A_CAMERA/Focal_species/Gulo gulo/BDF10-M6/HC/2016/B&W/Robust marks/03.08-18.48/IMG_2264.JPG,IMG_2264.JPG,BDF10-M6_2016_201603081848_IMG_2264.jpg,0.9087287783622742,998.0152587890625,73.71556091308594,321.625,1026.9306640625,2048,1536,321,1026
BDF10-M6,2016,201603081848,HC,0,/Volumes/Seagate Portable Drive/KYLE_AI_DATABASE/A_CAMERA/Focal_species/Gulo gulo/BDF10-M6/HC/2016/B&W/Robust marks/03.08-18.48/IMG_2265.JPG,IMG_2265.JPG,BDF10-M6_2016_201603081848_IMG_2265.jpg,0.9050332307815552,1002.62060546875,86.00111389160156,333.8115234375,1016.228271484375,2048,1536,333,1016
BDF10-M6,2016,201603081848,HC,0,/Volumes/Seagate Portable Drive/KYLE_AI_DATABASE/A_CAMERA/Focal_species/Gulo gulo/BDF10-M6/HC/2016/B&W/Robust marks/03.08-18.48/IMG_2266.JPG,IMG_2266.JPG,BDF10-M6_2016_201603081848_IMG_2266.jpg,0.8763962388038635,959.9066162109375,73.50430297851562,385.341552734375,1028.9478759765625,2048,1536,385,1028
BDF10-M6,2016,201603081848,HC,0,/Volumes/Seagate Portable Drive/KYLE_AI_DATABASE/A_CAMERA/Focal_species/Gulo gulo/BDF10-M6/HC/2016/B&W/Robust marks/03.08-18.48/IMG_2267.JPG,IMG_2267.JPG,BDF10-M6_2016_201603081848_IMG_2267.jpg,0.8748010396957397,1004.4935302734375,69.435791015625,371.502197265625,1042.7659912109375,2048,1536,371,1042
BDF10-M6,2016,201603081848,HC,0,/Volumes/Seagate Portable Drive/KYLE_AI_DATABASE/A_CAMERA/Focal_species/Gulo gulo/BDF10-M6/HC/2016/B&W/Robust marks/03.08-18.48/IMG_2268.JPG,IMG_2268.JPG,BDF10-M6_2016_201603081848_IMG_2268.jpg,0.9068489670753479,1018.2548828125,84.37449645996094,327.123291015625,993.58203125,2048,1536,327,993
BDF10-M6,2016,201603081848,HC,0,/Volumes/Seagate Portable Drive/KYLE_AI_DATABASE/A_CAMERA/Focal_species/Gulo gulo/BDF10-M6/HC/2016/B&W/Robust marks/03.08-18.48/IMG_2269.JPG,IMG_2269.JPG,BDF10-M6_2016_201603081848_IMG_2269.jpg,0.8868353366851807,1008.0169067382812,85.61810302734375,335.61029052734375,1017.8181762695312,2048,1536,335,1017
BDF10-M6,2016,201603081848,HC,0,/Volumes/Seagate Portable Drive/KYLE_AI_DATABASE/A_CAMERA/Focal_species/Gulo gulo/BDF10-M6/HC/2016/B&W/Robust marks/03.08-18.48/IMG_2270.JPG,IMG_2270.JPG,BDF10-M6_2016_201603081848_IMG_2270.jpg,0.9196888208389282,1042.4283447265625,43.12623596191406,293.079345703125,1024.76953125,2048,1536,293,1024
BDF10-M6,2016,201603081848,HC,0,/Volumes/Seagate Portable Drive/KYLE_AI_DATABASE/A_CAMERA/Focal_species/Gulo gulo/BDF10-M6/HC/2016/B&W/Robust marks/03.08-18.48/IMG_2271.JPG,IMG_2271.JPG,BDF10-M6_2016_201603081848_IMG_2271.jpg,0.9336782693862915,1039.0455322265625,64.60684204101562,309.1650390625,980.777099609375,2048,1536,309,980
BDF10-M6,2016,201603081848,HC,0,/Volumes/Seagate Portable Drive/KYLE_AI_DATABASE/A_CAMERA/Focal_species/Gulo gulo/BDF10-M6/HC/2016/B&W/Robust marks/03.08-18.48/IMG_2272.JPG,IMG_2272.JPG,BDF10-M6_2016_201603081848_IMG_2272.jpg,0.9240533709526062,1010.273681640625,76.23023986816406,333.01220703125,969.895751953125,2048,1536,333,969
BDF10-M6,2016,201603081848,HC,0,/Volumes/Seagate Portable Drive/KYLE_AI_DATABASE/A_CAMERA/Focal_species/Gulo gulo/BDF10-M6/HC/2016/B&W/Robust marks/03.08-18.48/IMG_2273.JPG,IMG_2273.JPG,BDF10-M6_2016_201603081848_IMG_2273.jpg,0.9365856647491455,1006.4090576171875,73.35997009277344,350.852783203125,983.6229248046875,2048,1536,350,983
BDF10-M6,2016,201603081848,HC,0,/Volumes/Seagate Portable Drive/KYLE_AI_DATABASE/A_CAMERA/Focal_species/Gulo gulo/BDF10-M6/HC/2016/B&W/Robust marks/03.08-18.48/IMG_2274.JPG,IMG_2274.JPG,BDF10-M6_2016_201603081848_IMG_2274.jpg,0.9342552423477173,917.2313232421875,83.17643737792969,440.90234375,988.5051879882812,2048,1536,440,988
BDF10-M6,2016,201603081848,HC,0,/Volumes/Seagate Portable Drive/KYLE_AI_DATABASE/A_CAMERA/Focal_species/Gulo gulo/BDF10-M6/HC/2016/B&W/Robust marks/03.08-18.48/IMG_2275.JPG,IMG_2275.JPG,BDF10-M6_2016_201603081848_IMG_2275.jpg,0.9313802719116211,1000.844482421875,72.61949157714844,345.132568359375,963.811279296875,2048,1536,345,963
BDF10-M6,2016,201603081848,HC,0,/Volumes/Seagate Portable Drive/KYLE_AI_DATABASE/A_CAMERA/Focal_species/Gulo gulo/BDF10-M6/HC/2016/B&W/Robust marks/03.08-18.48/IMG_2276.JPG,IMG_2276.JPG,BDF10-M6_2016_201603081848_IMG_2276.jpg,0.907027542591095,620.9554443359375,1396.4307861328125,594.246337890625,105.9022216796875,2048,1536,594,105
BDF10-M6,2016,201603081848,HC,0,/Volumes/Seagate Portable Drive/KYLE_AI_DATABASE/A_CAMERA/Focal_species/Gulo gulo/BDF10-M6/HC/2016/B&W/Robust marks/03.08-18.48/IMG_2277.JPG,IMG_2277.JPG,BDF10-M6_2016_201603081848_IMG_2277.jpg,0.8917668461799622,1058.932373046875,66.80630493164062,311.051025390625,962.97314453125,2048,1536,311,962
BDF10-M6,2016,201603081848,HC,0,/Volumes/Seagate Portable Drive/KYLE_AI_DATABASE/A_CAMERA/Focal_species/Gulo gulo/BDF10-M6/HC/2016/B&W/Robust marks/03.08-18.48/IMG_2278.JPG,IMG_2278.JPG,BDF10-M6_2016_201603081848_IMG_2278.jpg,0.9200889468193054,969.0338134765625,107.14878845214844,404.1435546875,959.6893310546875,2048,1536,404,959
BDF10-M6,2016,201603081848,HC,0,/Volumes/Seagate Portable Drive/KYLE_AI_DATABASE/A_CAMERA/Focal_species/Gulo gulo/BDF10-M6/HC/2016/B&W/Robust marks/03.08-18.48/IMG_2279.JPG,IMG_2279.JPG,BDF10-M6_2016_201603081848_IMG_2279.jpg,0.9222245216369629,927.0552368164062,99.44961547851562,439.60260009765625,941.7587890625,2048,1536,439,941
BDF10-M6,2016,201603081848,HC,0,/Volumes/Seagate Portable Drive/KYLE_AI_DATABASE/A_CAMERA/Focal_species/Gulo gulo/BDF10-M6/HC/2016/B&W/Robust marks/03.08-18.48/IMG_2280.JPG,IMG_2280.JPG,BDF10-M6_2016_201603081848_IMG_2280.jpg,0.9288417100906372,978.40234375,94.70127868652344,364.70068359375,973.5885009765625,2048,1536,364,973
BDF10-M6,2016,201603081848,HC,0,/Volumes/Seagate Portable Drive/KYLE_AI_DATABASE/A_CAMERA/Focal_species/Gulo gulo/BDF10-M6/HC/2016/B&W/Robust marks/03.08-18.48/IMG_2281.JPG,IMG_2281.JPG,BDF10-M6_2016_201603081848_IMG_2281.jpg,0.9208397269248962,1046.5667724609375,87.64027404785156,310.843994140625,1011.9063720703125,2048,1536,310,1011
BDF10-M6,2016,201603081848,HC,0,/Volumes/Seagate Portable Drive/KYLE_AI_DATABASE/A_CAMERA/Focal_species/Gulo gulo/BDF10-M6/HC/2016/B&W/Robust marks/03.08-18.48/IMG_2282.JPG,IMG_2282.JPG,BDF10-M6_2016_201603081848_IMG_2282.jpg,0.9181397557258606,1027.0439453125,89.34310913085938,347.586669921875,955.6514892578125,2048,1536,347,955
BDF10-M6,2016,201603081848,HC,0,/Volumes/Seagate Portable Drive/KYLE_AI_DATABASE/A_CAMERA/Focal_species/Gulo gulo/BDF10-M6/HC/2016/B&W/Robust marks/03.08-18.48/IMG_2283.JPG,IMG_2283.JPG,BDF10-M6_2016_201603081848_IMG_2283.jpg,0.8997441530227661,1060.199951171875,60.07466125488281,304.909912109375,978.5541381835938,2048,1536,304,978
BDF10-M6,2016,201603081848,HC,0,/Volumes/Seagate Portable Drive/KYLE_AI_DATABASE/A_CAMERA/Focal_species/Gulo gulo/BDF10-M6/HC/2016/B&W/Robust marks/03.08-18.48/IMG_2284.JPG,IMG_2284.JPG,BDF10-M6_2016_201603081848_IMG_2284.jpg,0.9154481887817383,1078.6317138671875,68.015625,293.956298828125,975.40380859375,2048,1536,293,975
BDF10-M6,2016,201603081848,HC,0,/Volumes/Seagate Portable Drive/KYLE_AI_DATABASE/A_CAMERA/Focal_species/Gulo gulo/BDF10-M6/HC/2016/B&W/Robust marks/03.08-18.48/IMG_2285.JPG,IMG_2285.JPG,BDF10-M6_2016_201603081848_IMG_2285.jpg,0.9223576188087463,1054.3050537109375,85.48489379882812,318.179443359375,966.1304931640625,2048,1536,318,966
BDF10-M6,2016,201603081848,HC,0,/Volumes/Seagate Portable Drive/KYLE_AI_DATABASE/A_CAMERA/Focal_species/Gulo gulo/BDF10-M6/HC/2016/B&W/Robust marks/03.08-18.48/IMG_2286.JPG,IMG_2286.JPG,BDF10-M6_2016_201603081848_IMG_2286.jpg,0.9038493633270264,927.951904296875,60.341766357421875,426.9775390625,1047.595458984375,2048,1536,426,1047
BDF10-M6,2016,201603081848,HC,0,/Volumes/Seagate Portable Drive/KYLE_AI_DATABASE/A_CAMERA/Focal_species/Gulo gulo/BDF10-M6/HC/2016/B&W/Robust marks/03.08-18.48/IMG_2287.JPG,IMG_2287.JPG,BDF10-M6_2016_201603081848_IMG_2287.jpg,0.9031153917312622,1067.8839111328125,61.67816162109375,297.750732421875,1044.874267578125,2048,1536,297,1044
BDF10-M6,2016,201603081848,HC,0,/Volumes/Seagate Portable Drive/KYLE_AI_DATABASE/A_CAMERA/Focal_species/Gulo gulo/BDF10-M6/HC/2016/B&W/Robust marks/03.08-18.48/IMG_2288.JPG,IMG_2288.JPG,BDF10-M6_2016_201603081848_IMG_2288.jpg,0.9302265048027039,1069.735595703125,70.25514221191406,297.38525390625,1027.788330078125,2048,1536,297,1027
BDF10-M6,2016,201603081848,HC,0,/Volumes/Seagate Portable Drive/KYLE_AI_DATABASE/A_CAMERA/Focal_species/Gulo gulo/BDF10-M6/HC/2016/B&W/Robust marks/03.08-18.48/IMG_2289.JPG,IMG_2289.JPG,BDF10-M6_2016_201603081848_IMG_2289.jpg,0.8998432755470276,1057.958251953125,59.63117980957031,313.73876953125,1030.760009765625,2048,1536,313,1030
BDF10-M6,2016,201603081848,HC,0,/Volumes/Seagate Portable Drive/KYLE_AI_DATABASE/A_CAMERA/Focal_species/Gulo gulo/BDF10-M6/HC/2016/B&W/Robust marks/03.08-18.48/IMG_2290.JPG,IMG_2290.JPG,BDF10-M6_2016_201603081848_IMG_2290.jpg,0.9507778882980347,853.3603515625,33.22434997558594,530.75439453125,1089.089599609375,2048,1536,530,1089
BDF10-M6,2016,201603081848,HC,0,/Volumes/Seagate Portable Drive/KYLE_AI_DATABASE/A_CAMERA/Focal_species/Gulo gulo/BDF10-M6/HC/2016/B&W/Robust marks/03.08-18.48/IMG_2291.JPG,IMG_2291.JPG,BDF10-M6_2016_201603081848_IMG_2291.jpg,0.8813742399215698,1058.19580078125,67.51396179199219,309.575927734375,1040.67724609375,2048,1536,309,1040
BDF10-M6,2016,201603081848,HC,0,/Volumes/Seagate Portable Drive/KYLE_AI_DATABASE/A_CAMERA/Focal_species/Gulo gulo/BDF10-M6/HC/2016/B&W/Robust marks/03.08-18.48/IMG_2292.JPG,IMG_2292.JPG,BDF10-M6_2016_201603081848_IMG_2292.jpg,0.8613985180854797,622.88037109375,1398.035400390625,591.6317138671875,104.36181640625,2048,1536,591,104
BDF10-M6,2016,201603081848,HC,0,/Volumes/Seagate Portable Drive/KYLE_AI_DATABASE/A_CAMERA/Focal_species/Gulo gulo/BDF10-M6/HC/2016/B&W/Robust marks/03.08-18.48/IMG_2293.JPG,IMG_2293.JPG,BDF10-M6_2016_201603081848_IMG_2293.jpg,0.8968684673309326,1064.020751953125,70.01614379882812,304.404296875,1028.977294921875,2048,1536,304,1028
BDF10-M6,2016,201603081848,HC,0,/Volumes/Seagate Portable Drive/KYLE_AI_DATABASE/A_CAMERA/Focal_species/Gulo gulo/BDF10-M6/HC/2016/B&W/Robust marks/03.08-18.48/IMG_2294.JPG,IMG_2294.JPG,BDF10-M6_2016_201603081848_IMG_2294.jpg,0.8968055844306946,622.602783203125,1398.18017578125,591.5562744140625,104.239990234375,2048,1536,591,104
BDF10-M6,2016,201603081848,HC,0,/Volumes/Seagate Portable Drive/KYLE_AI_DATABASE/A_CAMERA/Focal_species/Gulo gulo/BDF10-M6/HC/2016/B&W/Robust marks/03.08-18.48/IMG_2295.JPG,IMG_2295.JPG,BDF10-M6_2016_201603081848_IMG_2295.jpg,0.8897281885147095,1082.5672607421875,60.12052917480469,297.231689453125,1043.3741455078125,2048,1536,297,1043
BDF10-M6,2016,201603081848,HC,0,/Volumes/Seagate Portable Drive/KYLE_AI_DATABASE/A_CAMERA/Focal_species/Gulo gulo/BDF10-M6/HC/2016/B&W/Robust marks/03.08-18.48/IMG_2296.JPG,IMG_2296.JPG,BDF10-M6_2016_201603081848_IMG_2296.jpg,0.9124528765678406,1076.1435546875,58.161712646484375,298.31103515625,1066.70166015625,2048,1536,298,1066
BDF10-M6,2016,201603081848,HC,0,/Volumes/Seagate Portable Drive/KYLE_AI_DATABASE/A_CAMERA/Focal_species/Gulo gulo/BDF10-M6/HC/2016/B&W/Robust marks/03.08-18.48/IMG_2297.JPG,IMG_2297.JPG,BDF10-M6_2016_201603081848_IMG_2297.jpg,0.8833056688308716,1064.1925048828125,65.6217041015625,308.064208984375,1061.9207763671875,2048,1536,308,1061
BDF10-M6,2016,201603081848,HC,0,/Volumes/Seagate Portable Drive/KYLE_AI_DATABASE/A_CAMERA/Focal_species/Gulo gulo/BDF10-M6/HC/2016/B&W/Robust marks/03.08-18.48/IMG_2298.JPG,IMG_2298.JPG,BDF10-M6_2016_201603081848_IMG_2298.jpg,0.9428834915161133,1085.385498046875,73.9130859375,289.039794921875,1046.3414306640625,2048,1536,289,1046
BDF10-M6,2016,201603081848,HC,0,/Volumes/Seagate Portable Drive/KYLE_AI_DATABASE/A_CAMERA/Focal_species/Gulo gulo/BDF10-M6/HC/2016/B&W/Robust marks/03.08-18.48/IMG_2299.JPG,IMG_2299.JPG,BDF10-M6_2016_201603081848_IMG_2299.jpg,0.9425857663154602,1098.3765869140625,45.085968017578125,310.665283203125,1055.94287109375,2048,1536,310,1055
BDF10-M6,2016,201603081848,HC,0,/Volumes/Seagate Portable Drive/KYLE_AI_DATABASE/A_CAMERA/Focal_species/Gulo gulo/BDF10-M6/HC/2016/B&W/Robust marks/03.08-18.48/IMG_2300.JPG,IMG_2300.JPG,BDF10-M6_2016_201603081848_IMG_2300.jpg,0.9197657704353333,1023.8597412109375,49.13136291503906,390.303466796875,1058.3619384765625,2048,1536,390,1058
BDF10-M6,2016,201603081848,HC,0,/Volumes/Seagate Portable Drive/KYLE_AI_DATABASE/A_CAMERA/Focal_species/Gulo gulo/BDF10-M6/HC/2016/B&W/Robust marks/03.08-18.48/IMG_2301.JPG,IMG_2301.JPG,BDF10-M6_2016_201603081848_IMG_2301.jpg,0.9116122722625732,1079.0882568359375,144.680419921875,306.799072265625,1046.7119140625,2048,1536,306,1046
BDF10-M6,2016,201603081848,HC,0,/Volumes/Seagate Portable Drive/KYLE_AI_DATABASE/A_CAMERA/Focal_species/Gulo gulo/BDF10-M6/HC/2016/B&W/Robust marks/03.08-18.48/IMG_2302.JPG,IMG_2302.JPG,BDF10-M6_2016_201603081848_IMG_2302.jpg,0.9462669491767883,1073.1279296875,422.24969482421875,565.108642578125,788.3584594726562,2048,1536,565,788
BDF10-M6,2016,201603081848,HC,0,/Volumes/Seagate Portable Drive/KYLE_AI_DATABASE/A_CAMERA/Focal_species/Gulo gulo/BDF10-M6/HC/2016/B&W/Robust marks/03.08-18.48/IMG_2303.JPG,IMG_2303.JPG,BDF10-M6_2016_201603081848_IMG_2303.jpg,0.8759897351264954,1493.478759765625,1160.2347412109375,554.428466796875,342.0128173828125,2048,1536,554,342
BDF10-M6,2016,201603081848,HC,0,/Volumes/Seagate Portable Drive/KYLE_AI_DATABASE/A_CAMERA/Focal_species/Gulo gulo/BDF10-M6/HC/2016/B&W/Robust marks/03.08-18.48/IMG_2304.JPG,IMG_2304.JPG,BDF10-M6_2016_201603081848_IMG_2304.jpg,0.9554415941238403,1590.877197265625,1093.94287109375,456.0830078125,408.7099609375,2048,1536,456,408
BDF10-M6,2016,201603081848,HC,0,/Volumes/Seagate Portable Drive/KYLE_AI_DATABASE/A_CAMERA/Focal_species/Gulo gulo/BDF10-M6/HC/2016/B&W/Robust marks/03.08-18.48/IMG_2305.JPG,IMG_2305.JPG,BDF10-M6_2016_201603081848_IMG_2305.jpg,0.9271388649940491,1060.6280517578125,1008.8973999023438,875.580078125,493.41888427734375,2048,1536,875,493
BDF10-M6,2016,201603081848,HC,0,/Volumes/Seagate Portable Drive/KYLE_AI_DATABASE/A_CAMERA/Focal_species/Gulo gulo/BDF10-M6/HC/2016/B&W/Robust marks/03.08-18.48/IMG_2306.JPG,IMG_2306.JPG,BDF10-M6_2016_201603081848_IMG_2306.jpg,0.9093429446220398,481.87030029296875,795.4356079101562,1124.899658203125,705.4209594726562,2048,1536,1124,705
BDF10-M6,2016,201603081848,HC,0,/Volumes/Seagate Portable Drive/KYLE_AI_DATABASE/A_CAMERA/Focal_species/Gulo gulo/BDF10-M6/HC/2016/B&W/Robust marks/03.08-18.48/IMG_2307.JPG,IMG_2307.JPG,BDF10-M6_2016_201603081848_IMG_2307.jpg,0.9686228632926941,455.6566162109375,799.8446044921875,1260.993408203125,702.1417236328125,2048,1536,1260,702
BDF10-M6,2016,201603081848,HC,0,/Volumes/Seagate Portable Drive/KYLE_AI_DATABASE/A_CAMERA/Focal_species/Gulo gulo/BDF10-M6/HC/2016/B&W/Robust marks/03.08-18.48/IMG_2308.JPG,IMG_2308.JPG,BDF10-M6_2016_201603081848_IMG_2308.jpg,0.9696890115737915,451.9058837890625,801.6223754882812,1261.300048828125,700.3695678710938,2048,1536,1261,700
BDF10-M6,2016,201603081848,HC,0,/Volumes/Seagate Portable Drive/KYLE_AI_DATABASE/A_CAMERA/Focal_species/Gulo gulo/BDF10-M6/HC/2016/B&W/Robust marks/03.08-18.48/IMG_2309.JPG,IMG_2309.JPG,BDF10-M6_2016_201603081848_IMG_2309.jpg,0.9654820561408997,433.705810546875,808.1729736328125,1275.27001953125,693.6287841796875,2048,1536,1275,693
BDF10-M6,2016,201603081848,HC,0,/Volumes/Seagate Portable Drive/KYLE_AI_DATABASE/A_CAMERA/Focal_species/Gulo gulo/BDF10-M6/HC/2016/B&W/Robust marks/03.08-18.48/IMG_2310.JPG,IMG_2310.JPG,BDF10-M6_2016_201603081848_IMG_2310.jpg,0.9749472737312317,452.268310546875,890.87890625,1195.77587890625,612.343505859375,2048,1536,1195,612
BDF10-M6,2016,201603081848,HC,0,/Volumes/Seagate Portable Drive/KYLE_AI_DATABASE/A_CAMERA/Focal_species/Gulo gulo/BDF10-M6/HC/2016/B&W/Robust marks/03.08-18.48/IMG_2311.JPG,IMG_2311.JPG,BDF10-M6_2016_201603081848_IMG_2311.jpg,0.974541425704956,602.6265869140625,587.3533935546875,934.344970703125,916.031494140625,2048,1536,934,916
BDF10-M6,2016,201603081848,HC,0,/Volumes/Seagate Portable Drive/KYLE_AI_DATABASE/A_CAMERA/Focal_species/Gulo gulo/BDF10-M6/HC/2016/B&W/Robust marks/03.08-18.48/IMG_2312.JPG,IMG_2312.JPG,BDF10-M6_2016_201603081848_IMG_2312.jpg,0.974060595035553,425.57745361328125,829.677490234375,1279.73291015625,673.626220703125,2048,1536,1279,673
BDF10-M6,2016,201603081848,HC,0,/Volumes/Seagate Portable Drive/KYLE_AI_DATABASE/A_CAMERA/Focal_species/Gulo gulo/BDF10-M6/HC/2016/B&W/Robust marks/03.08-18.48/IMG_2313.JPG,IMG_2313.JPG,BDF10-M6_2016_201603081848_IMG_2313.jpg,0.9616067409515381,430.81695556640625,829.060546875,1122.847412109375,673.68115234375,2048,1536,1122,673
BDF10-M6,2016,201603081848,HC,0,/Volumes/Seagate Portable Drive/KYLE_AI_DATABASE/A_CAMERA/Focal_species/Gulo gulo/BDF10-M6/HC/2016/B&W/Robust marks/03.08-18.48/IMG_2314.JPG,IMG_2314.JPG,BDF10-M6_2016_201603081848_IMG_2314.jpg,0.965120792388916,669.7864990234375,818.5159912109375,798.640380859375,684.83837890625,2048,1536,798,684
BDF10-M6,2016,201603081848,HC,0,/Volumes/Seagate Portable Drive/KYLE_AI_DATABASE/A_CAMERA/Focal_species/Gulo gulo/BDF10-M6/HC/2016/B&W/Robust marks/03.08-18.48/IMG_2315.JPG,IMG_2315.JPG,BDF10-M6_2016_201603081848_IMG_2315.jpg,0.9223332405090332,623.06884765625,1399.7237548828125,588.3223876953125,102.5963134765625,2048,1536,588,102
BDF10-M6,2016,201603081848,HC,0,/Volumes/Seagate Portable Drive/KYLE_AI_DATABASE/A_CAMERA/Focal_species/Gulo gulo/BDF10-M6/HC/2016/B&W/Robust marks/03.08-18.48/IMG_2316.JPG,IMG_2316.JPG,BDF10-M6_2016_201603081848_IMG_2316.jpg,0.9139686226844788,622.02294921875,1399.934326171875,588.955810546875,102.8017578125,2048,1536,588,102
BDF10-M6,2016,201603081848,HC,0,/Volumes/Seagate Portable Drive/KYLE_AI_DATABASE/A_CAMERA/Focal_species/Gulo gulo/BDF10-M6/HC/2016/B&W/Robust marks/03.08-18.48/IMG_2317.JPG,IMG_2317.JPG,BDF10-M6_2016_201603081848_IMG_2317.jpg,0.9150350093841553,622.3927612304688,1399.721435546875,587.7866821289062,102.9495849609375,2048,1536,587,102
BDF10-M6,2016,201603081848,HC,0,/Volumes/Seagate Portable Drive/KYLE_AI_DATABASE/A_CAMERA/Focal_species/Gulo gulo/BDF10-M6/HC/2016/B&W/Robust marks/03.08-18.48/IMG_2318.JPG,IMG_2318.JPG,BDF10-M6_2016_201603081848_IMG_2318.jpg,0.9199111461639404,622.63916015625,1399.818359375,588.6651611328125,102.7274169921875,2048,1536,588,102
BDF10-M6,2016,201603081848,HC,0,/Volumes/Seagate Portable Drive/KYLE_AI_DATABASE/A_CAMERA/Focal_species/Gulo gulo/BDF10-M6/HC/2016/B&W/Robust marks/03.08-18.48/IMG_2319.JPG,IMG_2319.JPG,BDF10-M6_2016_201603081848_IMG_2319.jpg,0.9180532693862915,622.88134765625,1399.111572265625,589.46337890625,103.51220703125,2048,1536,589,103
BDF10-M6,2016,201603081848,HC,0,/Volumes/Seagate Portable Drive/KYLE_AI_DATABASE/A_CAMERA/Focal_species/Gulo gulo/BDF10-M6/HC/2016/B&W/Robust marks/03.08-18.48/IMG_2320.JPG,IMG_2320.JPG,BDF10-M6_2016_201603081848_IMG_2320.jpg,0.9211940765380859,623.1741943359375,1399.4073486328125,589.2977294921875,103.2459716796875,2048,1536,589,103
