id,year,ymdh,station,color,original_path,original_filename,crop_filename,confidence,bbox_x,bbox_y,bbox_width,bbox_height,image_width,image_height,crop_width,crop_height
BDF10-M6,2016,201603081822,HC,0,/Volumes/Seagate Portable Drive/KYLE_AI_DATABASE/A_CAMERA/Focal_species/Gulo gulo/BDF10-M6/HC/2016/B&W/Robust marks/03.08-18.22/IMG_1401.JPG,IMG_1401.JPG,BDF10-M6_2016_201603081822_IMG_1401.jpg,0.9445652961730957,1742.81689453125,1006.4273071289062,305.7001953125,426.74090576171875,2048,1536,305,426
BDF10-M6,2016,201603081822,HC,0,/Volumes/Seagate Portable Drive/KYLE_AI_DATABASE/A_CAMERA/Focal_species/Gulo gulo/BDF10-M6/HC/2016/B&W/Robust marks/03.08-18.22/IMG_1402.JPG,IMG_1402.JPG,BDF10-M6_2016_201603081822_IMG_1402.jpg,0.9721562266349792,1372.397705078125,1099.6798095703125,665.70068359375,402.0733642578125,2048,1536,665,402
BDF10-M6,2016,201603081822,HC,0,/Volumes/Seagate Portable Drive/KYLE_AI_DATABASE/A_CAMERA/Focal_species/Gulo gulo/BDF10-M6/HC/2016/B&W/Robust marks/03.08-18.22/IMG_1403.JPG,IMG_1403.JPG,BDF10-M6_2016_201603081822_IMG_1403.jpg,0.9671909809112549,1124.3170166015625,1131.0511474609375,661.282470703125,371.445556640625,2048,1536,661,371
BDF10-M6,2016,201603081822,HC,0,/Volumes/Seagate Portable Drive/KYLE_AI_DATABASE/A_CAMERA/Focal_species/Gulo gulo/BDF10-M6/HC/2016/B&W/Robust marks/03.08-18.22/IMG_1404.JPG,IMG_1404.JPG,BDF10-M6_2016_201603081822_IMG_1404.jpg,0.9454596638679504,827.4942626953125,891.8753662109375,521.9921875,440.386962890625,2048,1536,521,440
BDF10-M6,2016,201603081822,HC,0,/Volumes/Seagate Portable Drive/KYLE_AI_DATABASE/A_CAMERA/Focal_species/Gulo gulo/BDF10-M6/HC/2016/B&W/Robust marks/03.08-18.22/IMG_1405.JPG,IMG_1405.JPG,BDF10-M6_2016_201603081822_IMG_1405.jpg,0.8141507506370544,807.0316162109375,847.76806640625,353.6754150390625,457.344970703125,2048,1536,353,457
BDF10-M6,2016,201603081822,HC,0,/Volumes/Seagate Portable Drive/KYLE_AI_DATABASE/A_CAMERA/Focal_species/Gulo gulo/BDF10-M6/HC/2016/B&W/Robust marks/03.08-18.22/IMG_1406.JPG,IMG_1406.JPG,BDF10-M6_2016_201603081822_IMG_1406.jpg,0.872917115688324,819.6235961914062,631.8298950195312,317.77911376953125,573.3695678710938,2048,1536,317,573
BDF10-M6,2016,201603081822,HC,0,/Volumes/Seagate Portable Drive/KYLE_AI_DATABASE/A_CAMERA/Focal_species/Gulo gulo/BDF10-M6/HC/2016/B&W/Robust marks/03.08-18.22/IMG_1407.JPG,IMG_1407.JPG,BDF10-M6_2016_201603081822_IMG_1407.jpg,0.9042437672615051,731.7160034179688,302.7146301269531,407.16485595703125,890.5291748046875,2048,1536,407,890
BDF10-M6,2016,201603081822,HC,0,/Volumes/Seagate Portable Drive/KYLE_AI_DATABASE/A_CAMERA/Focal_species/Gulo gulo/BDF10-M6/HC/2016/B&W/Robust marks/03.08-18.22/IMG_1408.JPG,IMG_1408.JPG,BDF10-M6_2016_201603081822_IMG_1408.jpg,0.8968730568885803,730.0009155273438,178.4395751953125,382.46124267578125,922.3394775390625,2048,1536,382,922
BDF10-M6,2016,201603081822,HC,0,/Volumes/Seagate Portable Drive/KYLE_AI_DATABASE/A_CAMERA/Focal_species/Gulo gulo/BDF10-M6/HC/2016/B&W/Robust marks/03.08-18.22/IMG_1409.JPG,IMG_1409.JPG,BDF10-M6_2016_201603081822_IMG_1409.jpg,0.9067150950431824,735.0308837890625,290.8944091796875,418.1837158203125,815.4713134765625,2048,1536,418,815
BDF10-M6,2016,201603081822,HC,0,/Volumes/Seagate Portable Drive/KYLE_AI_DATABASE/A_CAMERA/Focal_species/Gulo gulo/BDF10-M6/HC/2016/B&W/Robust marks/03.08-18.22/IMG_1410.JPG,IMG_1410.JPG,BDF10-M6_2016_201603081822_IMG_1410.jpg,0.9121609330177307,727.7254638671875,290.23602294921875,421.6173095703125,781.5513305664062,2048,1536,421,781
BDF10-M6,2016,201603081822,HC,0,/Volumes/Seagate Portable Drive/KYLE_AI_DATABASE/A_CAMERA/Focal_species/Gulo gulo/BDF10-M6/HC/2016/B&W/Robust marks/03.08-18.22/IMG_1411.JPG,IMG_1411.JPG,BDF10-M6_2016_201603081822_IMG_1411.jpg,0.8967602849006653,734.1004028320312,54.17051696777344,454.06500244140625,1054.52685546875,2048,1536,454,1054
BDF10-M6,2016,201603081822,HC,0,/Volumes/Seagate Portable Drive/KYLE_AI_DATABASE/A_CAMERA/Focal_species/Gulo gulo/BDF10-M6/HC/2016/B&W/Robust marks/03.08-18.22/IMG_1412.JPG,IMG_1412.JPG,BDF10-M6_2016_201603081822_IMG_1412.jpg,0.9204381108283997,747.4808959960938,84.14927673339844,407.57110595703125,1025.7093505859375,2048,1536,407,1025
BDF10-M6,2016,201603081822,HC,0,/Volumes/Seagate Portable Drive/KYLE_AI_DATABASE/A_CAMERA/Focal_species/Gulo gulo/BDF10-M6/HC/2016/B&W/Robust marks/03.08-18.22/IMG_1414.JPG,IMG_1414.JPG,BDF10-M6_2016_201603081822_IMG_1414.jpg,0.8669139742851257,734.9234619140625,84.65336608886719,421.4376220703125,1009.0147094726562,2048,1536,421,1009
BDF10-M6,2016,201603081822,HC,0,/Volumes/Seagate Portable Drive/KYLE_AI_DATABASE/A_CAMERA/Focal_species/Gulo gulo/BDF10-M6/HC/2016/B&W/Robust marks/03.08-18.22/IMG_1415.JPG,IMG_1415.JPG,BDF10-M6_2016_201603081822_IMG_1415.jpg,0.8959122896194458,735.5733642578125,85.99200439453125,424.6424560546875,993.2734985351562,2048,1536,424,993
BDF10-M6,2016,201603081822,HC,0,/Volumes/Seagate Portable Drive/KYLE_AI_DATABASE/A_CAMERA/Focal_species/Gulo gulo/BDF10-M6/HC/2016/B&W/Robust marks/03.08-18.22/IMG_1416.JPG,IMG_1416.JPG,BDF10-M6_2016_201603081822_IMG_1416.jpg,0.9005301594734192,734.2969970703125,87.06129455566406,425.8138427734375,1013.85693359375,2048,1536,425,1013
BDF10-M6,2016,201603081822,HC,0,/Volumes/Seagate Portable Drive/KYLE_AI_DATABASE/A_CAMERA/Focal_species/Gulo gulo/BDF10-M6/HC/2016/B&W/Robust marks/03.08-18.22/IMG_1417.JPG,IMG_1417.JPG,BDF10-M6_2016_201603081822_IMG_1417.jpg,0.899157702922821,742.461669921875,80.50534057617188,419.821533203125,1018.317138671875,2048,1536,419,1018
BDF10-M6,2016,201603081822,HC,0,/Volumes/Seagate Portable Drive/KYLE_AI_DATABASE/A_CAMERA/Focal_species/Gulo gulo/BDF10-M6/HC/2016/B&W/Robust marks/03.08-18.22/IMG_1421.JPG,IMG_1421.JPG,BDF10-M6_2016_201603081822_IMG_1421.jpg,0.8745360970497131,760.197998046875,166.6793975830078,392.0250244140625,943.4513549804688,2048,1536,392,943
BDF10-M6,2016,201603081822,HC,0,/Volumes/Seagate Portable Drive/KYLE_AI_DATABASE/A_CAMERA/Focal_species/Gulo gulo/BDF10-M6/HC/2016/B&W/Robust marks/03.08-18.22/IMG_1422.JPG,IMG_1422.JPG,BDF10-M6_2016_201603081822_IMG_1422.jpg,0.8594756722450256,765.1934814453125,259.30694580078125,386.5162353515625,850.2045288085938,2048,1536,386,850
BDF10-M6,2016,201603081822,HC,0,/Volumes/Seagate Portable Drive/KYLE_AI_DATABASE/A_CAMERA/Focal_species/Gulo gulo/BDF10-M6/HC/2016/B&W/Robust marks/03.08-18.22/IMG_1423.JPG,IMG_1423.JPG,BDF10-M6_2016_201603081822_IMG_1423.jpg,0.82918781042099,760.6298217773438,252.58932495117188,393.83673095703125,855.245361328125,2048,1536,393,855
BDF10-M6,2016,201603081822,HC,0,/Volumes/Seagate Portable Drive/KYLE_AI_DATABASE/A_CAMERA/Focal_species/Gulo gulo/BDF10-M6/HC/2016/B&W/Robust marks/03.08-18.22/IMG_1424.JPG,IMG_1424.JPG,BDF10-M6_2016_201603081822_IMG_1424.jpg,0.8093587160110474,730.0306396484375,218.08900451660156,427.2059326171875,895.8206787109375,2048,1536,427,895
BDF10-M6,2016,201603081822,HC,0,/Volumes/Seagate Portable Drive/KYLE_AI_DATABASE/A_CAMERA/Focal_species/Gulo gulo/BDF10-M6/HC/2016/B&W/Robust marks/03.08-18.22/IMG_1425.JPG,IMG_1425.JPG,BDF10-M6_2016_201603081822_IMG_1425.jpg,0.8257370591163635,733.1402587890625,289.10162353515625,426.0244140625,822.7708129882812,2048,1536,426,822
BDF10-M6,2016,201603081822,HC,0,/Volumes/Seagate Portable Drive/KYLE_AI_DATABASE/A_CAMERA/Focal_species/Gulo gulo/BDF10-M6/HC/2016/B&W/Robust marks/03.08-18.22/IMG_1427.JPG,IMG_1427.JPG,BDF10-M6_2016_201603081822_IMG_1427.jpg,0.8860152363777161,732.2965087890625,241.97763061523438,428.2685546875,867.41064453125,2048,1536,428,867
BDF10-M6,2016,201603081822,HC,0,/Volumes/Seagate Portable Drive/KYLE_AI_DATABASE/A_CAMERA/Focal_species/Gulo gulo/BDF10-M6/HC/2016/B&W/Robust marks/03.08-18.22/IMG_1428.JPG,IMG_1428.JPG,BDF10-M6_2016_201603081822_IMG_1428.jpg,0.8301121592521667,738.8033447265625,266.15374755859375,419.2449951171875,845.3753051757812,2048,1536,419,845
BDF10-M6,2016,201603081822,HC,0,/Volumes/Seagate Portable Drive/KYLE_AI_DATABASE/A_CAMERA/Focal_species/Gulo gulo/BDF10-M6/HC/2016/B&W/Robust marks/03.08-18.22/IMG_1429.JPG,IMG_1429.JPG,BDF10-M6_2016_201603081822_IMG_1429.jpg,0.8441538214683533,735.5475463867188,246.7306365966797,422.52593994140625,863.4015502929688,2048,1536,422,863
BDF10-M6,2016,201603081822,HC,0,/Volumes/Seagate Portable Drive/KYLE_AI_DATABASE/A_CAMERA/Focal_species/Gulo gulo/BDF10-M6/HC/2016/B&W/Robust marks/03.08-18.22/IMG_1431.JPG,IMG_1431.JPG,BDF10-M6_2016_201603081822_IMG_1431.jpg,0.8941693902015686,758.359375,246.43826293945312,393.7655029296875,883.31396484375,2048,1536,393,883
BDF10-M6,2016,201603081822,HC,0,/Volumes/Seagate Portable Drive/KYLE_AI_DATABASE/A_CAMERA/Focal_species/Gulo gulo/BDF10-M6/HC/2016/B&W/Robust marks/03.08-18.22/IMG_1432.JPG,IMG_1432.JPG,BDF10-M6_2016_201603081822_IMG_1432.jpg,0.8794521689414978,763.709228515625,305.4776611328125,387.9364013671875,802.6832275390625,2048,1536,387,802
BDF10-M6,2016,201603081822,HC,0,/Volumes/Seagate Portable Drive/KYLE_AI_DATABASE/A_CAMERA/Focal_species/Gulo gulo/BDF10-M6/HC/2016/B&W/Robust marks/03.08-18.22/IMG_1434.JPG,IMG_1434.JPG,BDF10-M6_2016_201603081822_IMG_1434.jpg,0.8017200827598572,736.80615234375,311.81915283203125,419.6795654296875,798.4625854492188,2048,1536,419,798
BDF10-M6,2016,201603081822,HC,0,/Volumes/Seagate Portable Drive/KYLE_AI_DATABASE/A_CAMERA/Focal_species/Gulo gulo/BDF10-M6/HC/2016/B&W/Robust marks/03.08-18.22/IMG_1435.JPG,IMG_1435.JPG,BDF10-M6_2016_201603081822_IMG_1435.jpg,0.8491642475128174,733.1044311523438,235.85765075683594,423.16412353515625,876.991455078125,2048,1536,423,876
BDF10-M6,2016,201603081822,HC,0,/Volumes/Seagate Portable Drive/KYLE_AI_DATABASE/A_CAMERA/Focal_species/Gulo gulo/BDF10-M6/HC/2016/B&W/Robust marks/03.08-18.22/IMG_1436.JPG,IMG_1436.JPG,BDF10-M6_2016_201603081822_IMG_1436.jpg,0.8042321801185608,734.83447265625,318.1885986328125,421.5155029296875,791.1627197265625,2048,1536,421,791
BDF10-M6,2016,201603081822,HC,0,/Volumes/Seagate Portable Drive/KYLE_AI_DATABASE/A_CAMERA/Focal_species/Gulo gulo/BDF10-M6/HC/2016/B&W/Robust marks/03.08-18.22/IMG_1438.JPG,IMG_1438.JPG,BDF10-M6_2016_201603081822_IMG_1438.jpg,0.8941808342933655,733.0439453125,247.50704956054688,418.6856689453125,863.025634765625,2048,1536,418,863
BDF10-M6,2016,201603081822,HC,0,/Volumes/Seagate Portable Drive/KYLE_AI_DATABASE/A_CAMERA/Focal_species/Gulo gulo/BDF10-M6/HC/2016/B&W/Robust marks/03.08-18.22/IMG_1439.JPG,IMG_1439.JPG,BDF10-M6_2016_201603081822_IMG_1439.jpg,0.8823229670524597,735.8582763671875,220.0946044921875,415.85595703125,862.650390625,2048,1536,415,862
BDF10-M6,2016,201603081822,HC,0,/Volumes/Seagate Portable Drive/KYLE_AI_DATABASE/A_CAMERA/Focal_species/Gulo gulo/BDF10-M6/HC/2016/B&W/Robust marks/03.08-18.22/IMG_1440.JPG,IMG_1440.JPG,BDF10-M6_2016_201603081822_IMG_1440.jpg,0.8949448466300964,741.4429931640625,206.59547424316406,410.193115234375,890.0740966796875,2048,1536,410,890
BDF10-M6,2016,201603081822,HC,0,/Volumes/Seagate Portable Drive/KYLE_AI_DATABASE/A_CAMERA/Focal_species/Gulo gulo/BDF10-M6/HC/2016/B&W/Robust marks/03.08-18.22/IMG_1441.JPG,IMG_1441.JPG,BDF10-M6_2016_201603081822_IMG_1441.jpg,0.860100269317627,736.146484375,285.62823486328125,418.2467041015625,805.1519165039062,2048,1536,418,805
BDF10-M6,2016,201603081822,HC,0,/Volumes/Seagate Portable Drive/KYLE_AI_DATABASE/A_CAMERA/Focal_species/Gulo gulo/BDF10-M6/HC/2016/B&W/Robust marks/03.08-18.22/IMG_1442.JPG,IMG_1442.JPG,BDF10-M6_2016_201603081822_IMG_1442.jpg,0.900630533695221,745.168212890625,243.43597412109375,410.165771484375,854.2371215820312,2048,1536,410,854
BDF10-M6,2016,201603081822,HC,0,/Volumes/Seagate Portable Drive/KYLE_AI_DATABASE/A_CAMERA/Focal_species/Gulo gulo/BDF10-M6/HC/2016/B&W/Robust marks/03.08-18.22/IMG_1443.JPG,IMG_1443.JPG,BDF10-M6_2016_201603081822_IMG_1443.jpg,0.9058316349983215,748.4882202148438,244.50416564941406,403.06402587890625,862.6474609375,2048,1536,403,862
BDF10-M6,2016,201603081822,HC,0,/Volumes/Seagate Portable Drive/KYLE_AI_DATABASE/A_CAMERA/Focal_species/Gulo gulo/BDF10-M6/HC/2016/B&W/Robust marks/03.08-18.22/IMG_1444.JPG,IMG_1444.JPG,BDF10-M6_2016_201603081822_IMG_1444.jpg,0.9213308691978455,742.8427734375,246.66714477539062,412.83740234375,858.6502685546875,2048,1536,412,858
BDF10-M6,2016,201603081822,HC,0,/Volumes/Seagate Portable Drive/KYLE_AI_DATABASE/A_CAMERA/Focal_species/Gulo gulo/BDF10-M6/HC/2016/B&W/Robust marks/03.08-18.22/IMG_1445.JPG,IMG_1445.JPG,BDF10-M6_2016_201603081822_IMG_1445.jpg,0.8804161548614502,747.2008056640625,213.6859130859375,405.64892578125,896.9156494140625,2048,1536,405,896
BDF10-M6,2016,201603081822,HC,0,/Volumes/Seagate Portable Drive/KYLE_AI_DATABASE/A_CAMERA/Focal_species/Gulo gulo/BDF10-M6/HC/2016/B&W/Robust marks/03.08-18.22/IMG_1446.JPG,IMG_1446.JPG,BDF10-M6_2016_201603081822_IMG_1446.jpg,0.8856763243675232,731.3184204101562,125.39776611328125,425.87811279296875,948.6577758789062,2048,1536,425,948
BDF10-M6,2016,201603081822,HC,0,/Volumes/Seagate Portable Drive/KYLE_AI_DATABASE/A_CAMERA/Focal_species/Gulo gulo/BDF10-M6/HC/2016/B&W/Robust marks/03.08-18.22/IMG_1447.JPG,IMG_1447.JPG,BDF10-M6_2016_201603081822_IMG_1447.jpg,0.9340208768844604,730.3954467773438,123.05552673339844,429.50811767578125,985.4915771484375,2048,1536,429,985
BDF10-M6,2016,201603081822,HC,0,/Volumes/Seagate Portable Drive/KYLE_AI_DATABASE/A_CAMERA/Focal_species/Gulo gulo/BDF10-M6/HC/2016/B&W/Robust marks/03.08-18.22/IMG_1448.JPG,IMG_1448.JPG,BDF10-M6_2016_201603081822_IMG_1448.jpg,0.9357922077178955,730.4166259765625,117.211669921875,430.148681640625,957.161865234375,2048,1536,430,957
BDF10-M6,2016,201603081822,HC,0,/Volumes/Seagate Portable Drive/KYLE_AI_DATABASE/A_CAMERA/Focal_species/Gulo gulo/BDF10-M6/HC/2016/B&W/Robust marks/03.08-18.22/IMG_1449.JPG,IMG_1449.JPG,BDF10-M6_2016_201603081822_IMG_1449.jpg,0.9305233955383301,733.5177612304688,115.85348510742188,431.60552978515625,992.5491943359375,2048,1536,431,992
BDF10-M6,2016,201603081822,HC,0,/Volumes/Seagate Portable Drive/KYLE_AI_DATABASE/A_CAMERA/Focal_species/Gulo gulo/BDF10-M6/HC/2016/B&W/Robust marks/03.08-18.22/IMG_1450.JPG,IMG_1450.JPG,BDF10-M6_2016_201603081822_IMG_1450.jpg,0.8362508416175842,734.1024169921875,171.2445831298828,423.50830078125,936.1469116210938,2048,1536,423,936
BDF10-M6,2016,201603081822,HC,0,/Volumes/Seagate Portable Drive/KYLE_AI_DATABASE/A_CAMERA/Focal_species/Gulo gulo/BDF10-M6/HC/2016/B&W/Robust marks/03.08-18.22/IMG_1451.JPG,IMG_1451.JPG,BDF10-M6_2016_201603081822_IMG_1451.jpg,0.8601517081260681,732.8466796875,241.14688110351562,420.3175048828125,886.6934814453125,2048,1536,420,886
BDF10-M6,2016,201603081822,HC,0,/Volumes/Seagate Portable Drive/KYLE_AI_DATABASE/A_CAMERA/Focal_species/Gulo gulo/BDF10-M6/HC/2016/B&W/Robust marks/03.08-18.22/IMG_1452.JPG,IMG_1452.JPG,BDF10-M6_2016_201603081822_IMG_1452.jpg,0.9178224205970764,733.8701171875,242.5957489013672,417.822265625,867.2352905273438,2048,1536,417,867
BDF10-M6,2016,201603081822,HC,0,/Volumes/Seagate Portable Drive/KYLE_AI_DATABASE/A_CAMERA/Focal_species/Gulo gulo/BDF10-M6/HC/2016/B&W/Robust marks/03.08-18.22/IMG_1453.JPG,IMG_1453.JPG,BDF10-M6_2016_201603081822_IMG_1453.jpg,0.8881604671478271,738.2708740234375,263.4384765625,419.360595703125,846.9024658203125,2048,1536,419,846
BDF10-M6,2016,201603081822,HC,0,/Volumes/Seagate Portable Drive/KYLE_AI_DATABASE/A_CAMERA/Focal_species/Gulo gulo/BDF10-M6/HC/2016/B&W/Robust marks/03.08-18.22/IMG_1454.JPG,IMG_1454.JPG,BDF10-M6_2016_201603081822_IMG_1454.jpg,0.8934931755065918,745.1910400390625,264.62884521484375,412.2183837890625,843.3815307617188,2048,1536,412,843
BDF10-M6,2016,201603081822,HC,0,/Volumes/Seagate Portable Drive/KYLE_AI_DATABASE/A_CAMERA/Focal_species/Gulo gulo/BDF10-M6/HC/2016/B&W/Robust marks/03.08-18.22/IMG_1455.JPG,IMG_1455.JPG,BDF10-M6_2016_201603081822_IMG_1455.jpg,0.9296678900718689,758.2354125976562,106.45156860351562,403.53045654296875,1001.8311767578125,2048,1536,403,1001
BDF10-M6,2016,201603081822,HC,0,/Volumes/Seagate Portable Drive/KYLE_AI_DATABASE/A_CAMERA/Focal_species/Gulo gulo/BDF10-M6/HC/2016/B&W/Robust marks/03.08-18.22/IMG_1456.JPG,IMG_1456.JPG,BDF10-M6_2016_201603081822_IMG_1456.jpg,0.916754424571991,771.2593994140625,86.37693786621094,432.0906982421875,1022.247314453125,2048,1536,432,1022
BDF10-M6,2016,201603081822,HC,0,/Volumes/Seagate Portable Drive/KYLE_AI_DATABASE/A_CAMERA/Focal_species/Gulo gulo/BDF10-M6/HC/2016/B&W/Robust marks/03.08-18.22/IMG_1457.JPG,IMG_1457.JPG,BDF10-M6_2016_201603081822_IMG_1457.jpg,0.9212079644203186,763.8397827148438,82.71217346191406,483.36895751953125,1024.5537109375,2048,1536,483,1024
BDF10-M6,2016,201603081822,HC,0,/Volumes/Seagate Portable Drive/KYLE_AI_DATABASE/A_CAMERA/Focal_species/Gulo gulo/BDF10-M6/HC/2016/B&W/Robust marks/03.08-18.22/IMG_1459.JPG,IMG_1459.JPG,BDF10-M6_2016_201603081822_IMG_1459.jpg,0.9163314700126648,762.6585693359375,89.96195983886719,481.4178466796875,1018.8942260742188,2048,1536,481,1018
BDF10-M6,2016,201603081822,HC,0,/Volumes/Seagate Portable Drive/KYLE_AI_DATABASE/A_CAMERA/Focal_species/Gulo gulo/BDF10-M6/HC/2016/B&W/Robust marks/03.08-18.22/IMG_1460.JPG,IMG_1460.JPG,BDF10-M6_2016_201603081822_IMG_1460.jpg,0.9325218200683594,937.0050048828125,75.97389221191406,349.896484375,973.9283447265625,2048,1536,349,973
BDF10-M6,2016,201603081822,HC,0,/Volumes/Seagate Portable Drive/KYLE_AI_DATABASE/A_CAMERA/Focal_species/Gulo gulo/BDF10-M6/HC/2016/B&W/Robust marks/03.08-18.22/IMG_1461.JPG,IMG_1461.JPG,BDF10-M6_2016_201603081822_IMG_1461.jpg,0.8558555245399475,815.51708984375,249.9169464111328,375.51025390625,827.0110473632812,2048,1536,375,827
BDF10-M6,2016,201603081822,HC,0,/Volumes/Seagate Portable Drive/KYLE_AI_DATABASE/A_CAMERA/Focal_species/Gulo gulo/BDF10-M6/HC/2016/B&W/Robust marks/03.08-18.22/IMG_1462.JPG,IMG_1462.JPG,BDF10-M6_2016_201603081822_IMG_1462.jpg,0.8595147728919983,816.87158203125,157.61183166503906,372.0802001953125,1022.7918701171875,2048,1536,372,1022
BDF10-M6,2016,201603081822,HC,0,/Volumes/Seagate Portable Drive/KYLE_AI_DATABASE/A_CAMERA/Focal_species/Gulo gulo/BDF10-M6/HC/2016/B&W/Robust marks/03.08-18.22/IMG_1463.JPG,IMG_1463.JPG,BDF10-M6_2016_201603081822_IMG_1463.jpg,0.9393044710159302,945.8831787109375,101.38188171386719,360.49853515625,934.5717163085938,2048,1536,360,934
BDF10-M6,2016,201603081822,HC,0,/Volumes/Seagate Portable Drive/KYLE_AI_DATABASE/A_CAMERA/Focal_species/Gulo gulo/BDF10-M6/HC/2016/B&W/Robust marks/03.08-18.22/IMG_1464.JPG,IMG_1464.JPG,BDF10-M6_2016_201603081822_IMG_1464.jpg,0.9340208768844604,991.0367431640625,88.51400756835938,355.1279296875,944.4727783203125,2048,1536,355,944
BDF10-M6,2016,201603081822,HC,0,/Volumes/Seagate Portable Drive/KYLE_AI_DATABASE/A_CAMERA/Focal_species/Gulo gulo/BDF10-M6/HC/2016/B&W/Robust marks/03.08-18.22/IMG_1465.JPG,IMG_1465.JPG,BDF10-M6_2016_201603081822_IMG_1465.jpg,0.9292951822280884,1032.9996337890625,84.78749084472656,308.299072265625,951.830078125,2048,1536,308,951
BDF10-M6,2016,201603081822,HC,0,/Volumes/Seagate Portable Drive/KYLE_AI_DATABASE/A_CAMERA/Focal_species/Gulo gulo/BDF10-M6/HC/2016/B&W/Robust marks/03.08-18.22/IMG_1466.JPG,IMG_1466.JPG,BDF10-M6_2016_201603081822_IMG_1466.jpg,0.936156153678894,1057.1763916015625,83.47311401367188,312.413330078125,1024.97802734375,2048,1536,312,1024
BDF10-M6,2016,201603081822,HC,0,/Volumes/Seagate Portable Drive/KYLE_AI_DATABASE/A_CAMERA/Focal_species/Gulo gulo/BDF10-M6/HC/2016/B&W/Robust marks/03.08-18.22/IMG_1467.JPG,IMG_1467.JPG,BDF10-M6_2016_201603081822_IMG_1467.jpg,0.9289756417274475,1059.178466796875,78.12089538574219,299.275634765625,1024.705078125,2048,1536,299,1024
BDF10-M6,2016,201603081822,HC,0,/Volumes/Seagate Portable Drive/KYLE_AI_DATABASE/A_CAMERA/Focal_species/Gulo gulo/BDF10-M6/HC/2016/B&W/Robust marks/03.08-18.22/IMG_1468.JPG,IMG_1468.JPG,BDF10-M6_2016_201603081822_IMG_1468.jpg,0.9087445139884949,1060.8057861328125,81.77078247070312,299.703125,1037.2615966796875,2048,1536,299,1037
BDF10-M6,2016,201603081822,HC,0,/Volumes/Seagate Portable Drive/KYLE_AI_DATABASE/A_CAMERA/Focal_species/Gulo gulo/BDF10-M6/HC/2016/B&W/Robust marks/03.08-18.22/IMG_1469.JPG,IMG_1469.JPG,BDF10-M6_2016_201603081822_IMG_1469.jpg,0.9039587378501892,1008.5470581054688,83.29403686523438,345.25152587890625,1031.225830078125,2048,1536,345,1031
BDF10-M6,2016,201603081822,HC,0,/Volumes/Seagate Portable Drive/KYLE_AI_DATABASE/A_CAMERA/Focal_species/Gulo gulo/BDF10-M6/HC/2016/B&W/Robust marks/03.08-18.22/IMG_1470.JPG,IMG_1470.JPG,BDF10-M6_2016_201603081822_IMG_1470.jpg,0.917361319065094,1035.4002685546875,84.49452209472656,309.572509765625,1016.3719482421875,2048,1536,309,1016
BDF10-M6,2016,201603081822,HC,0,/Volumes/Seagate Portable Drive/KYLE_AI_DATABASE/A_CAMERA/Focal_species/Gulo gulo/BDF10-M6/HC/2016/B&W/Robust marks/03.08-18.22/IMG_1471.JPG,IMG_1471.JPG,BDF10-M6_2016_201603081822_IMG_1471.jpg,0.9293986558914185,987.922607421875,82.63137817382812,353.00732421875,1017.197021484375,2048,1536,353,1017
BDF10-M6,2016,201603081822,HC,0,/Volumes/Seagate Portable Drive/KYLE_AI_DATABASE/A_CAMERA/Focal_species/Gulo gulo/BDF10-M6/HC/2016/B&W/Robust marks/03.08-18.22/IMG_1472.JPG,IMG_1472.JPG,BDF10-M6_2016_201603081822_IMG_1472.jpg,0.9069063663482666,997.603759765625,82.45280456542969,346.626953125,997.5671997070312,2048,1536,346,997
BDF10-M6,2016,201603081822,HC,0,/Volumes/Seagate Portable Drive/KYLE_AI_DATABASE/A_CAMERA/Focal_species/Gulo gulo/BDF10-M6/HC/2016/B&W/Robust marks/03.08-18.22/IMG_1473.JPG,IMG_1473.JPG,BDF10-M6_2016_201603081822_IMG_1473.jpg,0.9327539801597595,930.5303344726562,84.59797668457031,400.94732666015625,963.8261108398438,2048,1536,400,963
BDF10-M6,2016,201603081822,HC,0,/Volumes/Seagate Portable Drive/KYLE_AI_DATABASE/A_CAMERA/Focal_species/Gulo gulo/BDF10-M6/HC/2016/B&W/Robust marks/03.08-18.22/IMG_1474.JPG,IMG_1474.JPG,BDF10-M6_2016_201603081822_IMG_1474.jpg,0.9428152441978455,920.0007934570312,81.30015563964844,402.59246826171875,958.184814453125,2048,1536,402,958
BDF10-M6,2016,201603081822,HC,0,/Volumes/Seagate Portable Drive/KYLE_AI_DATABASE/A_CAMERA/Focal_species/Gulo gulo/BDF10-M6/HC/2016/B&W/Robust marks/03.08-18.22/IMG_1475.JPG,IMG_1475.JPG,BDF10-M6_2016_201603081822_IMG_1475.jpg,0.9315303564071655,934.9146118164062,88.07341003417969,394.52386474609375,986.1878051757812,2048,1536,394,986
BDF10-M6,2016,201603081822,HC,0,/Volumes/Seagate Portable Drive/KYLE_AI_DATABASE/A_CAMERA/Focal_species/Gulo gulo/BDF10-M6/HC/2016/B&W/Robust marks/03.08-18.22/IMG_1476.JPG,IMG_1476.JPG,BDF10-M6_2016_201603081822_IMG_1476.jpg,0.9215429425239563,971.4893798828125,85.74723815917969,373.287841796875,986.1774291992188,2048,1536,373,986
BDF10-M6,2016,201603081822,HC,0,/Volumes/Seagate Portable Drive/KYLE_AI_DATABASE/A_CAMERA/Focal_species/Gulo gulo/BDF10-M6/HC/2016/B&W/Robust marks/03.08-18.22/IMG_1477.JPG,IMG_1477.JPG,BDF10-M6_2016_201603081822_IMG_1477.jpg,0.9064591526985168,933.7197875976562,95.29573059082031,404.20233154296875,975.4381713867188,2048,1536,404,975
BDF10-M6,2016,201603081822,HC,0,/Volumes/Seagate Portable Drive/KYLE_AI_DATABASE/A_CAMERA/Focal_species/Gulo gulo/BDF10-M6/HC/2016/B&W/Robust marks/03.08-18.22/IMG_1478.JPG,IMG_1478.JPG,BDF10-M6_2016_201603081822_IMG_1478.jpg,0.9379597306251526,914.0896606445312,82.63275146484375,400.71295166015625,960.9054565429688,2048,1536,400,960
BDF10-M6,2016,201603081822,HC,0,/Volumes/Seagate Portable Drive/KYLE_AI_DATABASE/A_CAMERA/Focal_species/Gulo gulo/BDF10-M6/HC/2016/B&W/Robust marks/03.08-18.22/IMG_1479.JPG,IMG_1479.JPG,BDF10-M6_2016_201603081822_IMG_1479.jpg,0.9401648640632629,917.1788940429688,72.68843078613281,390.04498291015625,969.2451782226562,2048,1536,390,969
BDF10-M6,2016,201603081822,HC,0,/Volumes/Seagate Portable Drive/KYLE_AI_DATABASE/A_CAMERA/Focal_species/Gulo gulo/BDF10-M6/HC/2016/B&W/Robust marks/03.08-18.22/IMG_1480.JPG,IMG_1480.JPG,BDF10-M6_2016_201603081822_IMG_1480.jpg,0.926395058631897,998.0540771484375,56.69627380371094,312.00146484375,988.70654296875,2048,1536,312,988
BDF10-M6,2016,201603081822,HC,0,/Volumes/Seagate Portable Drive/KYLE_AI_DATABASE/A_CAMERA/Focal_species/Gulo gulo/BDF10-M6/HC/2016/B&W/Robust marks/03.08-18.22/IMG_1481.JPG,IMG_1481.JPG,BDF10-M6_2016_201603081822_IMG_1481.jpg,0.9164762496948242,975.025146484375,68.05110168457031,363.142578125,1018.8795776367188,2048,1536,363,1018
BDF10-M6,2016,201603081822,HC,0,/Volumes/Seagate Portable Drive/KYLE_AI_DATABASE/A_CAMERA/Focal_species/Gulo gulo/BDF10-M6/HC/2016/B&W/Robust marks/03.08-18.22/IMG_1482.JPG,IMG_1482.JPG,BDF10-M6_2016_201603081822_IMG_1482.jpg,0.9154946804046631,998.1953125,74.04606628417969,340.68359375,1014.0339965820312,2048,1536,340,1014
BDF10-M6,2016,201603081822,HC,0,/Volumes/Seagate Portable Drive/KYLE_AI_DATABASE/A_CAMERA/Focal_species/Gulo gulo/BDF10-M6/HC/2016/B&W/Robust marks/03.08-18.22/IMG_1483.JPG,IMG_1483.JPG,BDF10-M6_2016_201603081822_IMG_1483.jpg,0.900827944278717,1003.2726440429688,74.31234741210938,335.08917236328125,1020.1453857421875,2048,1536,335,1020
BDF10-M6,2016,201603081822,HC,0,/Volumes/Seagate Portable Drive/KYLE_AI_DATABASE/A_CAMERA/Focal_species/Gulo gulo/BDF10-M6/HC/2016/B&W/Robust marks/03.08-18.22/IMG_1484.JPG,IMG_1484.JPG,BDF10-M6_2016_201603081822_IMG_1484.jpg,0.9350428581237793,986.1370849609375,75.01121520996094,352.190185546875,1017.110595703125,2048,1536,352,1017
BDF10-M6,2016,201603081822,HC,0,/Volumes/Seagate Portable Drive/KYLE_AI_DATABASE/A_CAMERA/Focal_species/Gulo gulo/BDF10-M6/HC/2016/B&W/Robust marks/03.08-18.22/IMG_1485.JPG,IMG_1485.JPG,BDF10-M6_2016_201603081822_IMG_1485.jpg,0.922482430934906,982.8323364257812,74.27760314941406,354.39520263671875,995.68359375,2048,1536,354,995
BDF10-M6,2016,201603081822,HC,0,/Volumes/Seagate Portable Drive/KYLE_AI_DATABASE/A_CAMERA/Focal_species/Gulo gulo/BDF10-M6/HC/2016/B&W/Robust marks/03.08-18.22/IMG_1486.JPG,IMG_1486.JPG,BDF10-M6_2016_201603081822_IMG_1486.jpg,0.9418917894363403,985.7469482421875,76.19197082519531,366.361328125,973.5617065429688,2048,1536,366,973
BDF10-M6,2016,201603081822,HC,0,/Volumes/Seagate Portable Drive/KYLE_AI_DATABASE/A_CAMERA/Focal_species/Gulo gulo/BDF10-M6/HC/2016/B&W/Robust marks/03.08-18.22/IMG_1487.JPG,IMG_1487.JPG,BDF10-M6_2016_201603081822_IMG_1487.jpg,0.9426898956298828,968.7942504882812,79.91885375976562,381.94195556640625,962.212890625,2048,1536,381,962
BDF10-M6,2016,201603081822,HC,0,/Volumes/Seagate Portable Drive/KYLE_AI_DATABASE/A_CAMERA/Focal_species/Gulo gulo/BDF10-M6/HC/2016/B&W/Robust marks/03.08-18.22/IMG_1488.JPG,IMG_1488.JPG,BDF10-M6_2016_201603081822_IMG_1488.jpg,0.9336552619934082,936.5036010742188,67.47573852539062,406.25115966796875,978.0498046875,2048,1536,406,978
BDF10-M6,2016,201603081822,HC,0,/Volumes/Seagate Portable Drive/KYLE_AI_DATABASE/A_CAMERA/Focal_species/Gulo gulo/BDF10-M6/HC/2016/B&W/Robust marks/03.08-18.22/IMG_1489.JPG,IMG_1489.JPG,BDF10-M6_2016_201603081822_IMG_1489.jpg,0.922205924987793,869.3523559570312,65.78663635253906,469.01751708984375,971.936279296875,2048,1536,469,971
BDF10-M6,2016,201603081822,HC,0,/Volumes/Seagate Portable Drive/KYLE_AI_DATABASE/A_CAMERA/Focal_species/Gulo gulo/BDF10-M6/HC/2016/B&W/Robust marks/03.08-18.22/IMG_1490.JPG,IMG_1490.JPG,BDF10-M6_2016_201603081822_IMG_1490.jpg,0.922353208065033,863.5916137695312,54.03840637207031,470.19866943359375,987.8547973632812,2048,1536,470,987
BDF10-M6,2016,201603081822,HC,0,/Volumes/Seagate Portable Drive/KYLE_AI_DATABASE/A_CAMERA/Focal_species/Gulo gulo/BDF10-M6/HC/2016/B&W/Robust marks/03.08-18.22/IMG_1491.JPG,IMG_1491.JPG,BDF10-M6_2016_201603081822_IMG_1491.jpg,0.9136667847633362,983.1885375976562,90.15312194824219,337.62493896484375,1014.9113159179688,2048,1536,337,1014
BDF10-M6,2016,201603081822,HC,0,/Volumes/Seagate Portable Drive/KYLE_AI_DATABASE/A_CAMERA/Focal_species/Gulo gulo/BDF10-M6/HC/2016/B&W/Robust marks/03.08-18.22/IMG_1492.JPG,IMG_1492.JPG,BDF10-M6_2016_201603081822_IMG_1492.jpg,0.8429804444313049,925.9620971679688,136.5450897216797,411.11505126953125,933.7625122070312,2048,1536,411,933
BDF10-M6,2016,201603081822,HC,0,/Volumes/Seagate Portable Drive/KYLE_AI_DATABASE/A_CAMERA/Focal_species/Gulo gulo/BDF10-M6/HC/2016/B&W/Robust marks/03.08-18.22/IMG_1493.JPG,IMG_1493.JPG,BDF10-M6_2016_201603081822_IMG_1493.jpg,0.9183881878852844,938.8132934570312,145.33616638183594,391.59613037109375,901.36279296875,2048,1536,391,901
BDF10-M6,2016,201603081822,HC,0,/Volumes/Seagate Portable Drive/KYLE_AI_DATABASE/A_CAMERA/Focal_species/Gulo gulo/BDF10-M6/HC/2016/B&W/Robust marks/03.08-18.22/IMG_1494.JPG,IMG_1494.JPG,BDF10-M6_2016_201603081822_IMG_1494.jpg,0.9063059091567993,916.869873046875,150.7118682861328,397.35791015625,887.0372924804688,2048,1536,397,887
BDF10-M6,2016,201603081822,HC,0,/Volumes/Seagate Portable Drive/KYLE_AI_DATABASE/A_CAMERA/Focal_species/Gulo gulo/BDF10-M6/HC/2016/B&W/Robust marks/03.08-18.22/IMG_1495.JPG,IMG_1495.JPG,BDF10-M6_2016_201603081822_IMG_1495.jpg,0.9208477139472961,918.2901000976562,179.36642456054688,383.81536865234375,761.5577392578125,2048,1536,383,761
BDF10-M6,2016,201603081822,HC,0,/Volumes/Seagate Portable Drive/KYLE_AI_DATABASE/A_CAMERA/Focal_species/Gulo gulo/BDF10-M6/HC/2016/B&W/Robust marks/03.08-18.22/IMG_1496.JPG,IMG_1496.JPG,BDF10-M6_2016_201603081822_IMG_1496.jpg,0.9063875079154968,965.3550415039062,184.53900146484375,323.66864013671875,834.4786376953125,2048,1536,323,834
BDF10-M6,2016,201603081822,HC,0,/Volumes/Seagate Portable Drive/KYLE_AI_DATABASE/A_CAMERA/Focal_species/Gulo gulo/BDF10-M6/HC/2016/B&W/Robust marks/03.08-18.22/IMG_1497.JPG,IMG_1497.JPG,BDF10-M6_2016_201603081822_IMG_1497.jpg,0.92500239610672,987.9931030273438,30.08294677734375,327.38531494140625,963.7723388671875,2048,1536,327,963
BDF10-M6,2016,201603081822,HC,0,/Volumes/Seagate Portable Drive/KYLE_AI_DATABASE/A_CAMERA/Focal_species/Gulo gulo/BDF10-M6/HC/2016/B&W/Robust marks/03.08-18.22/IMG_1498.JPG,IMG_1498.JPG,BDF10-M6_2016_201603081822_IMG_1498.jpg,0.9387878179550171,986.6484985351562,28.622268676757812,340.76507568359375,945.8467407226562,2048,1536,340,945
BDF10-M6,2016,201603081822,HC,0,/Volumes/Seagate Portable Drive/KYLE_AI_DATABASE/A_CAMERA/Focal_species/Gulo gulo/BDF10-M6/HC/2016/B&W/Robust marks/03.08-18.22/IMG_1499.JPG,IMG_1499.JPG,BDF10-M6_2016_201603081822_IMG_1499.jpg,0.910886287689209,1007.8829956054688,29.189620971679688,334.01593017578125,1008.1504516601562,2048,1536,334,1008
BDF10-M6,2016,201603081822,HC,0,/Volumes/Seagate Portable Drive/KYLE_AI_DATABASE/A_CAMERA/Focal_species/Gulo gulo/BDF10-M6/HC/2016/B&W/Robust marks/03.08-18.22/IMG_1500.JPG,IMG_1500.JPG,BDF10-M6_2016_201603081822_IMG_1500.jpg,0.9206385612487793,1035.444580078125,29.42193603515625,295.39404296875,1008.1803588867188,2048,1536,295,1008
BDF10-M6,2016,201603081822,HC,0,/Volumes/Seagate Portable Drive/KYLE_AI_DATABASE/A_CAMERA/Focal_species/Gulo gulo/BDF10-M6/HC/2016/B&W/Robust marks/03.08-18.22/IMG_1501.JPG,IMG_1501.JPG,BDF10-M6_2016_201603081822_IMG_1501.jpg,0.893973171710968,945.5723266601562,86.26780700683594,389.95379638671875,921.9985961914062,2048,1536,389,921
BDF10-M6,2016,201603081822,HC,0,/Volumes/Seagate Portable Drive/KYLE_AI_DATABASE/A_CAMERA/Focal_species/Gulo gulo/BDF10-M6/HC/2016/B&W/Robust marks/03.08-18.22/IMG_1502.JPG,IMG_1502.JPG,BDF10-M6_2016_201603081822_IMG_1502.jpg,0.933970034122467,1024.7523193359375,31.301559448242188,332.082763671875,945.6686401367188,2048,1536,332,945
BDF10-M6,2016,201603081822,HC,0,/Volumes/Seagate Portable Drive/KYLE_AI_DATABASE/A_CAMERA/Focal_species/Gulo gulo/BDF10-M6/HC/2016/B&W/Robust marks/03.08-18.22/IMG_1503.JPG,IMG_1503.JPG,BDF10-M6_2016_201603081822_IMG_1503.jpg,0.8836803436279297,996.7778930664062,39.77490234375,361.99273681640625,938.0919189453125,2048,1536,361,938
BDF10-M6,2016,201603081822,HC,0,/Volumes/Seagate Portable Drive/KYLE_AI_DATABASE/A_CAMERA/Focal_species/Gulo gulo/BDF10-M6/HC/2016/B&W/Robust marks/03.08-18.22/IMG_1504.JPG,IMG_1504.JPG,BDF10-M6_2016_201603081822_IMG_1504.jpg,0.9147016406059265,998.5726928710938,35.99281311035156,351.48553466796875,956.1658325195312,2048,1536,351,956
BDF10-M6,2016,201603081822,HC,0,/Volumes/Seagate Portable Drive/KYLE_AI_DATABASE/A_CAMERA/Focal_species/Gulo gulo/BDF10-M6/HC/2016/B&W/Robust marks/03.08-18.22/IMG_1505.JPG,IMG_1505.JPG,BDF10-M6_2016_201603081822_IMG_1505.jpg,0.9471476078033447,995.6860961914062,32.02821350097656,368.35479736328125,981.8037109375,2048,1536,368,981
BDF10-M6,2016,201603081822,HC,0,/Volumes/Seagate Portable Drive/KYLE_AI_DATABASE/A_CAMERA/Focal_species/Gulo gulo/BDF10-M6/HC/2016/B&W/Robust marks/03.08-18.22/IMG_1506.JPG,IMG_1506.JPG,BDF10-M6_2016_201603081822_IMG_1506.jpg,0.9424334764480591,976.8831176757812,31.971221923828125,375.51214599609375,981.4415283203125,2048,1536,375,981
BDF10-M6,2016,201603081822,HC,0,/Volumes/Seagate Portable Drive/KYLE_AI_DATABASE/A_CAMERA/Focal_species/Gulo gulo/BDF10-M6/HC/2016/B&W/Robust marks/03.08-18.22/IMG_1507.JPG,IMG_1507.JPG,BDF10-M6_2016_201603081822_IMG_1507.jpg,0.9406516551971436,982.0422973632812,31.112869262695312,358.98382568359375,1061.6343994140625,2048,1536,358,1061
BDF10-M6,2016,201603081822,HC,0,/Volumes/Seagate Portable Drive/KYLE_AI_DATABASE/A_CAMERA/Focal_species/Gulo gulo/BDF10-M6/HC/2016/B&W/Robust marks/03.08-18.22/IMG_1508.JPG,IMG_1508.JPG,BDF10-M6_2016_201603081822_IMG_1508.jpg,0.932775616645813,961.9727172851562,31.771408081054688,396.80340576171875,1065.1485595703125,2048,1536,396,1065
BDF10-M6,2016,201603081822,HC,0,/Volumes/Seagate Portable Drive/KYLE_AI_DATABASE/A_CAMERA/Focal_species/Gulo gulo/BDF10-M6/HC/2016/B&W/Robust marks/03.08-18.22/IMG_1509.JPG,IMG_1509.JPG,BDF10-M6_2016_201603081822_IMG_1509.jpg,0.9450441598892212,998.41259765625,31.5091552734375,352.84033203125,1053.0089111328125,2048,1536,352,1053
BDF10-M6,2016,201603081822,HC,0,/Volumes/Seagate Portable Drive/KYLE_AI_DATABASE/A_CAMERA/Focal_species/Gulo gulo/BDF10-M6/HC/2016/B&W/Robust marks/03.08-18.22/IMG_1510.JPG,IMG_1510.JPG,BDF10-M6_2016_201603081822_IMG_1510.jpg,0.9551182985305786,1008.1383666992188,32.10516357421875,361.64068603515625,1066.359619140625,2048,1536,361,1066
BDF10-M6,2016,201603081822,HC,0,/Volumes/Seagate Portable Drive/KYLE_AI_DATABASE/A_CAMERA/Focal_species/Gulo gulo/BDF10-M6/HC/2016/B&W/Robust marks/03.08-18.22/IMG_1511.JPG,IMG_1511.JPG,BDF10-M6_2016_201603081822_IMG_1511.jpg,0.9479373693466187,999.0872192382812,32.350982666015625,358.37835693359375,1062.3760986328125,2048,1536,358,1062
BDF10-M6,2016,201603081822,HC,0,/Volumes/Seagate Portable Drive/KYLE_AI_DATABASE/A_CAMERA/Focal_species/Gulo gulo/BDF10-M6/HC/2016/B&W/Robust marks/03.08-18.22/IMG_1512.JPG,IMG_1512.JPG,BDF10-M6_2016_201603081822_IMG_1512.jpg,0.9301747679710388,1030.6900634765625,32.46958923339844,326.588623046875,1069.3477783203125,2048,1536,326,1069
BDF10-M6,2016,201603081822,HC,0,/Volumes/Seagate Portable Drive/KYLE_AI_DATABASE/A_CAMERA/Focal_species/Gulo gulo/BDF10-M6/HC/2016/B&W/Robust marks/03.08-18.22/IMG_1513.JPG,IMG_1513.JPG,BDF10-M6_2016_201603081822_IMG_1513.jpg,0.9457037448883057,980.7940063476562,33.68902587890625,360.49652099609375,1067.68505859375,2048,1536,360,1067
BDF10-M6,2016,201603081822,HC,0,/Volumes/Seagate Portable Drive/KYLE_AI_DATABASE/A_CAMERA/Focal_species/Gulo gulo/BDF10-M6/HC/2016/B&W/Robust marks/03.08-18.22/IMG_1514.JPG,IMG_1514.JPG,BDF10-M6_2016_201603081822_IMG_1514.jpg,0.945306122303009,987.1588134765625,31.7596435546875,365.264404296875,1071.4583740234375,2048,1536,365,1071
BDF10-M6,2016,201603081822,HC,0,/Volumes/Seagate Portable Drive/KYLE_AI_DATABASE/A_CAMERA/Focal_species/Gulo gulo/BDF10-M6/HC/2016/B&W/Robust marks/03.08-18.22/IMG_1515.JPG,IMG_1515.JPG,BDF10-M6_2016_201603081822_IMG_1515.jpg,0.9466364979743958,985.939697265625,32.23406982421875,376.37451171875,1075.297607421875,2048,1536,376,1075
BDF10-M6,2016,201603081822,HC,0,/Volumes/Seagate Portable Drive/KYLE_AI_DATABASE/A_CAMERA/Focal_species/Gulo gulo/BDF10-M6/HC/2016/B&W/Robust marks/03.08-18.22/IMG_1516.JPG,IMG_1516.JPG,BDF10-M6_2016_201603081822_IMG_1516.jpg,0.9300362467765808,990.65673828125,35.135009765625,375.34814453125,1048.2647705078125,2048,1536,375,1048
BDF10-M6,2016,201603081822,HC,0,/Volumes/Seagate Portable Drive/KYLE_AI_DATABASE/A_CAMERA/Focal_species/Gulo gulo/BDF10-M6/HC/2016/B&W/Robust marks/03.08-18.22/IMG_1517.JPG,IMG_1517.JPG,BDF10-M6_2016_201603081822_IMG_1517.jpg,0.9345201253890991,983.4871826171875,33.35728454589844,390.377685546875,1015.0982666015625,2048,1536,390,1015
BDF10-M6,2016,201603081822,HC,0,/Volumes/Seagate Portable Drive/KYLE_AI_DATABASE/A_CAMERA/Focal_species/Gulo gulo/BDF10-M6/HC/2016/B&W/Robust marks/03.08-18.22/IMG_1518.JPG,IMG_1518.JPG,BDF10-M6_2016_201603081822_IMG_1518.jpg,0.9470890164375305,976.86279296875,31.047271728515625,392.05419921875,1047.91845703125,2048,1536,392,1047
BDF10-M6,2016,201603081822,HC,0,/Volumes/Seagate Portable Drive/KYLE_AI_DATABASE/A_CAMERA/Focal_species/Gulo gulo/BDF10-M6/HC/2016/B&W/Robust marks/03.08-18.22/IMG_1519.JPG,IMG_1519.JPG,BDF10-M6_2016_201603081822_IMG_1519.jpg,0.958922266960144,1013.80126953125,30.98895263671875,356.345703125,1017.2940063476562,2048,1536,356,1017
BDF10-M6,2016,201603081822,HC,0,/Volumes/Seagate Portable Drive/KYLE_AI_DATABASE/A_CAMERA/Focal_species/Gulo gulo/BDF10-M6/HC/2016/B&W/Robust marks/03.08-18.22/IMG_1520.JPG,IMG_1520.JPG,BDF10-M6_2016_201603081822_IMG_1520.jpg,0.9476998448371887,1019.6656494140625,32.19346618652344,351.69921875,1018.5733642578125,2048,1536,351,1018
BDF10-M6,2016,201603081822,HC,0,/Volumes/Seagate Portable Drive/KYLE_AI_DATABASE/A_CAMERA/Focal_species/Gulo gulo/BDF10-M6/HC/2016/B&W/Robust marks/03.08-18.22/IMG_1521.JPG,IMG_1521.JPG,BDF10-M6_2016_201603081822_IMG_1521.jpg,0.9364346861839294,996.6272583007812,36.056121826171875,349.59722900390625,1061.6025390625,2048,1536,349,1061
BDF10-M6,2016,201603081822,HC,0,/Volumes/Seagate Portable Drive/KYLE_AI_DATABASE/A_CAMERA/Focal_species/Gulo gulo/BDF10-M6/HC/2016/B&W/Robust marks/03.08-18.22/IMG_1522.JPG,IMG_1522.JPG,BDF10-M6_2016_201603081822_IMG_1522.jpg,0.9390402436256409,1057.7677001953125,44.67732238769531,299.7685546875,1029.3309326171875,2048,1536,299,1029
BDF10-M6,2016,201603081822,HC,0,/Volumes/Seagate Portable Drive/KYLE_AI_DATABASE/A_CAMERA/Focal_species/Gulo gulo/BDF10-M6/HC/2016/B&W/Robust marks/03.08-18.22/IMG_1523.JPG,IMG_1523.JPG,BDF10-M6_2016_201603081822_IMG_1523.jpg,0.9206631183624268,1018.1909790039062,45.68476867675781,326.07342529296875,1013.0818481445312,2048,1536,326,1013
BDF10-M6,2016,201603081822,HC,0,/Volumes/Seagate Portable Drive/KYLE_AI_DATABASE/A_CAMERA/Focal_species/Gulo gulo/BDF10-M6/HC/2016/B&W/Robust marks/03.08-18.22/IMG_1524.JPG,IMG_1524.JPG,BDF10-M6_2016_201603081822_IMG_1524.jpg,0.9161001443862915,1062.7498779296875,56.79551696777344,292.224365234375,983.9722900390625,2048,1536,292,983
BDF10-M6,2016,201603081822,HC,0,/Volumes/Seagate Portable Drive/KYLE_AI_DATABASE/A_CAMERA/Focal_species/Gulo gulo/BDF10-M6/HC/2016/B&W/Robust marks/03.08-18.22/IMG_1525.JPG,IMG_1525.JPG,BDF10-M6_2016_201603081822_IMG_1525.jpg,0.885409414768219,1035.472412109375,48.876251220703125,322.768310546875,1016.628173828125,2048,1536,322,1016
BDF10-M6,2016,201603081822,HC,0,/Volumes/Seagate Portable Drive/KYLE_AI_DATABASE/A_CAMERA/Focal_species/Gulo gulo/BDF10-M6/HC/2016/B&W/Robust marks/03.08-18.22/IMG_1526.JPG,IMG_1526.JPG,BDF10-M6_2016_201603081822_IMG_1526.jpg,0.9263909459114075,1028.2108154296875,43.25999450683594,348.496337890625,1013.9759521484375,2048,1536,348,1013
BDF10-M6,2016,201603081822,HC,0,/Volumes/Seagate Portable Drive/KYLE_AI_DATABASE/A_CAMERA/Focal_species/Gulo gulo/BDF10-M6/HC/2016/B&W/Robust marks/03.08-18.22/IMG_1527.JPG,IMG_1527.JPG,BDF10-M6_2016_201603081822_IMG_1527.jpg,0.9202657341957092,1033.255126953125,36.40997314453125,332.130126953125,1048.867431640625,2048,1536,332,1048
BDF10-M6,2016,201603081822,HC,0,/Volumes/Seagate Portable Drive/KYLE_AI_DATABASE/A_CAMERA/Focal_species/Gulo gulo/BDF10-M6/HC/2016/B&W/Robust marks/03.08-18.22/IMG_1528.JPG,IMG_1528.JPG,BDF10-M6_2016_201603081822_IMG_1528.jpg,0.924586832523346,1041.5638427734375,34.34019470214844,320.90478515625,1063.565673828125,2048,1536,320,1063
BDF10-M6,2016,201603081822,HC,0,/Volumes/Seagate Portable Drive/KYLE_AI_DATABASE/A_CAMERA/Focal_species/Gulo gulo/BDF10-M6/HC/2016/B&W/Robust marks/03.08-18.22/IMG_1529.JPG,IMG_1529.JPG,BDF10-M6_2016_201603081822_IMG_1529.jpg,0.9079866409301758,1018.8594360351562,36.20361328125,347.82257080078125,1065.8135986328125,2048,1536,347,1065
BDF10-M6,2016,201603081822,HC,0,/Volumes/Seagate Portable Drive/KYLE_AI_DATABASE/A_CAMERA/Focal_species/Gulo gulo/BDF10-M6/HC/2016/B&W/Robust marks/03.08-18.22/IMG_1530.JPG,IMG_1530.JPG,BDF10-M6_2016_201603081822_IMG_1530.jpg,0.92928546667099,979.1506958007812,42.935028076171875,367.92742919921875,1059.8494873046875,2048,1536,367,1059
BDF10-M6,2016,201603081822,HC,0,/Volumes/Seagate Portable Drive/KYLE_AI_DATABASE/A_CAMERA/Focal_species/Gulo gulo/BDF10-M6/HC/2016/B&W/Robust marks/03.08-18.22/IMG_1531.JPG,IMG_1531.JPG,BDF10-M6_2016_201603081822_IMG_1531.jpg,0.9338469505310059,1049.8212890625,35.22825622558594,294.935546875,1065.26806640625,2048,1536,294,1065
BDF10-M6,2016,201603081822,HC,0,/Volumes/Seagate Portable Drive/KYLE_AI_DATABASE/A_CAMERA/Focal_species/Gulo gulo/BDF10-M6/HC/2016/B&W/Robust marks/03.08-18.22/IMG_1532.JPG,IMG_1532.JPG,BDF10-M6_2016_201603081822_IMG_1532.jpg,0.9474971294403076,919.9706420898438,38.87461853027344,415.63018798828125,1086.9500732421875,2048,1536,415,1086
BDF10-M6,2016,201603081822,HC,0,/Volumes/Seagate Portable Drive/KYLE_AI_DATABASE/A_CAMERA/Focal_species/Gulo gulo/BDF10-M6/HC/2016/B&W/Robust marks/03.08-18.22/IMG_1533.JPG,IMG_1533.JPG,BDF10-M6_2016_201603081822_IMG_1533.jpg,0.9298446178436279,968.2456665039062,38.568328857421875,378.37420654296875,1072.06494140625,2048,1536,378,1072
BDF10-M6,2016,201603081822,HC,0,/Volumes/Seagate Portable Drive/KYLE_AI_DATABASE/A_CAMERA/Focal_species/Gulo gulo/BDF10-M6/HC/2016/B&W/Robust marks/03.08-18.22/IMG_1534.JPG,IMG_1534.JPG,BDF10-M6_2016_201603081822_IMG_1534.jpg,0.9315944910049438,992.08349609375,33.5357666015625,365.021240234375,1075.4595947265625,2048,1536,365,1075
BDF10-M6,2016,201603081822,HC,0,/Volumes/Seagate Portable Drive/KYLE_AI_DATABASE/A_CAMERA/Focal_species/Gulo gulo/BDF10-M6/HC/2016/B&W/Robust marks/03.08-18.22/IMG_1535.JPG,IMG_1535.JPG,BDF10-M6_2016_201603081822_IMG_1535.jpg,0.9382925033569336,980.0704345703125,34.67042541503906,375.124267578125,1081.0537109375,2048,1536,375,1081
BDF10-M6,2016,201603081822,HC,0,/Volumes/Seagate Portable Drive/KYLE_AI_DATABASE/A_CAMERA/Focal_species/Gulo gulo/BDF10-M6/HC/2016/B&W/Robust marks/03.08-18.22/IMG_1536.JPG,IMG_1536.JPG,BDF10-M6_2016_201603081822_IMG_1536.jpg,0.946085512638092,1003.092529296875,33.279876708984375,380.94189453125,1017.6910400390625,2048,1536,380,1017
BDF10-M6,2016,201603081822,HC,0,/Volumes/Seagate Portable Drive/KYLE_AI_DATABASE/A_CAMERA/Focal_species/Gulo gulo/BDF10-M6/HC/2016/B&W/Robust marks/03.08-18.22/IMG_1537.JPG,IMG_1537.JPG,BDF10-M6_2016_201603081822_IMG_1537.jpg,0.9403092861175537,999.6685180664062,108.02284240722656,380.79779052734375,940.235107421875,2048,1536,380,940
BDF10-M6,2016,201603081822,HC,0,/Volumes/Seagate Portable Drive/KYLE_AI_DATABASE/A_CAMERA/Focal_species/Gulo gulo/BDF10-M6/HC/2016/B&W/Robust marks/03.08-18.22/IMG_1538.JPG,IMG_1538.JPG,BDF10-M6_2016_201603081822_IMG_1538.jpg,0.9418509006500244,943.154052734375,34.710479736328125,426.852783203125,1062.8486328125,2048,1536,426,1062
BDF10-M6,2016,201603081822,HC,0,/Volumes/Seagate Portable Drive/KYLE_AI_DATABASE/A_CAMERA/Focal_species/Gulo gulo/BDF10-M6/HC/2016/B&W/Robust marks/03.08-18.22/IMG_1539.JPG,IMG_1539.JPG,BDF10-M6_2016_201603081822_IMG_1539.jpg,0.9281236529350281,982.0101318359375,121.57040405273438,368.853271484375,976.88037109375,2048,1536,368,976
BDF10-M6,2016,201603081822,HC,0,/Volumes/Seagate Portable Drive/KYLE_AI_DATABASE/A_CAMERA/Focal_species/Gulo gulo/BDF10-M6/HC/2016/B&W/Robust marks/03.08-18.22/IMG_1540.JPG,IMG_1540.JPG,BDF10-M6_2016_201603081822_IMG_1540.jpg,0.9252296090126038,985.9599609375,41.228302001953125,371.280517578125,1059.7269287109375,2048,1536,371,1059
BDF10-M6,2016,201603081822,HC,0,/Volumes/Seagate Portable Drive/KYLE_AI_DATABASE/A_CAMERA/Focal_species/Gulo gulo/BDF10-M6/HC/2016/B&W/Robust marks/03.08-18.22/IMG_1541.JPG,IMG_1541.JPG,BDF10-M6_2016_201603081822_IMG_1541.jpg,0.9163583517074585,980.00439453125,39.68975830078125,380.940673828125,1059.87060546875,2048,1536,380,1059
BDF10-M6,2016,201603081822,HC,0,/Volumes/Seagate Portable Drive/KYLE_AI_DATABASE/A_CAMERA/Focal_species/Gulo gulo/BDF10-M6/HC/2016/B&W/Robust marks/03.08-18.22/IMG_1542.JPG,IMG_1542.JPG,BDF10-M6_2016_201603081822_IMG_1542.jpg,0.9449370503425598,964.8568115234375,70.05940246582031,397.57763671875,976.4723510742188,2048,1536,397,976
BDF10-M6,2016,201603081822,HC,0,/Volumes/Seagate Portable Drive/KYLE_AI_DATABASE/A_CAMERA/Focal_species/Gulo gulo/BDF10-M6/HC/2016/B&W/Robust marks/03.08-18.22/IMG_1543.JPG,IMG_1543.JPG,BDF10-M6_2016_201603081822_IMG_1543.jpg,0.9608253836631775,971.419677734375,61.7508544921875,407.122802734375,1073.8564453125,2048,1536,407,1073
BDF10-M6,2016,201603081822,HC,0,/Volumes/Seagate Portable Drive/KYLE_AI_DATABASE/A_CAMERA/Focal_species/Gulo gulo/BDF10-M6/HC/2016/B&W/Robust marks/03.08-18.22/IMG_1544.JPG,IMG_1544.JPG,BDF10-M6_2016_201603081822_IMG_1544.jpg,0.9431102275848389,974.568359375,63.04216003417969,418.6875,1075.8282470703125,2048,1536,418,1075
BDF10-M6,2016,201603081822,HC,0,/Volumes/Seagate Portable Drive/KYLE_AI_DATABASE/A_CAMERA/Focal_species/Gulo gulo/BDF10-M6/HC/2016/B&W/Robust marks/03.08-18.22/IMG_1545.JPG,IMG_1545.JPG,BDF10-M6_2016_201603081822_IMG_1545.jpg,0.9401206374168396,1010.3218994140625,39.69163513183594,376.1240234375,1043.633056640625,2048,1536,376,1043
BDF10-M6,2016,201603081822,HC,0,/Volumes/Seagate Portable Drive/KYLE_AI_DATABASE/A_CAMERA/Focal_species/Gulo gulo/BDF10-M6/HC/2016/B&W/Robust marks/03.08-18.22/IMG_1546.JPG,IMG_1546.JPG,BDF10-M6_2016_201603081822_IMG_1546.jpg,0.9487988948822021,1010.1422729492188,32.13002014160156,343.13018798828125,1068.3875732421875,2048,1536,343,1068
BDF10-M6,2016,201603081822,HC,0,/Volumes/Seagate Portable Drive/KYLE_AI_DATABASE/A_CAMERA/Focal_species/Gulo gulo/BDF10-M6/HC/2016/B&W/Robust marks/03.08-18.22/IMG_1547.JPG,IMG_1547.JPG,BDF10-M6_2016_201603081822_IMG_1547.jpg,0.945027768611908,966.363525390625,33.75823974609375,386.419921875,1063.55810546875,2048,1536,386,1063
BDF10-M6,2016,201603081822,HC,0,/Volumes/Seagate Portable Drive/KYLE_AI_DATABASE/A_CAMERA/Focal_species/Gulo gulo/BDF10-M6/HC/2016/B&W/Robust marks/03.08-18.22/IMG_1548.JPG,IMG_1548.JPG,BDF10-M6_2016_201603081822_IMG_1548.jpg,0.944312334060669,987.3892211914062,33.405853271484375,371.35833740234375,1069.9671630859375,2048,1536,371,1069
BDF10-M6,2016,201603081822,HC,0,/Volumes/Seagate Portable Drive/KYLE_AI_DATABASE/A_CAMERA/Focal_species/Gulo gulo/BDF10-M6/HC/2016/B&W/Robust marks/03.08-18.22/IMG_1549.JPG,IMG_1549.JPG,BDF10-M6_2016_201603081822_IMG_1549.jpg,0.9229170680046082,959.1436767578125,81.14341735839844,394.459228515625,1022.5230712890625,2048,1536,394,1022
BDF10-M6,2016,201603081822,HC,0,/Volumes/Seagate Portable Drive/KYLE_AI_DATABASE/A_CAMERA/Focal_species/Gulo gulo/BDF10-M6/HC/2016/B&W/Robust marks/03.08-18.22/IMG_1550.JPG,IMG_1550.JPG,BDF10-M6_2016_201603081822_IMG_1550.jpg,0.9516825675964355,982.2726440429688,104.62051391601562,366.32135009765625,997.9720458984375,2048,1536,366,997
BDF10-M6,2016,201603081822,HC,0,/Volumes/Seagate Portable Drive/KYLE_AI_DATABASE/A_CAMERA/Focal_species/Gulo gulo/BDF10-M6/HC/2016/B&W/Robust marks/03.08-18.22/IMG_1551.JPG,IMG_1551.JPG,BDF10-M6_2016_201603081822_IMG_1551.jpg,0.8852027654647827,1081.2022705078125,162.06944274902344,316.287353515625,978.2711181640625,2048,1536,316,978
BDF10-M6,2016,201603081822,HC,0,/Volumes/Seagate Portable Drive/KYLE_AI_DATABASE/A_CAMERA/Focal_species/Gulo gulo/BDF10-M6/HC/2016/B&W/Robust marks/03.08-18.22/IMG_1552.JPG,IMG_1552.JPG,BDF10-M6_2016_201603081822_IMG_1552.jpg,0.9449057579040527,996.5611572265625,98.06117248535156,373.218994140625,1022.4373779296875,2048,1536,373,1022
BDF10-M6,2016,201603081822,HC,0,/Volumes/Seagate Portable Drive/KYLE_AI_DATABASE/A_CAMERA/Focal_species/Gulo gulo/BDF10-M6/HC/2016/B&W/Robust marks/03.08-18.22/IMG_1553.JPG,IMG_1553.JPG,BDF10-M6_2016_201603081822_IMG_1553.jpg,0.9453793168067932,1012.3527221679688,96.89300537109375,351.35284423828125,1042.83984375,2048,1536,351,1042
BDF10-M6,2016,201603081822,HC,0,/Volumes/Seagate Portable Drive/KYLE_AI_DATABASE/A_CAMERA/Focal_species/Gulo gulo/BDF10-M6/HC/2016/B&W/Robust marks/03.08-18.22/IMG_1554.JPG,IMG_1554.JPG,BDF10-M6_2016_201603081822_IMG_1554.jpg,0.9548711776733398,967.873046875,98.08268737792969,385.0869140625,1004.2817993164062,2048,1536,385,1004
BDF10-M6,2016,201603081822,HC,0,/Volumes/Seagate Portable Drive/KYLE_AI_DATABASE/A_CAMERA/Focal_species/Gulo gulo/BDF10-M6/HC/2016/B&W/Robust marks/03.08-18.22/IMG_1555.JPG,IMG_1555.JPG,BDF10-M6_2016_201603081822_IMG_1555.jpg,0.9482525587081909,924.2733154296875,90.1322021484375,382.48486328125,983.1949462890625,2048,1536,382,983
BDF10-M6,2016,201603081822,HC,0,/Volumes/Seagate Portable Drive/KYLE_AI_DATABASE/A_CAMERA/Focal_species/Gulo gulo/BDF10-M6/HC/2016/B&W/Robust marks/03.08-18.22/IMG_1556.JPG,IMG_1556.JPG,BDF10-M6_2016_201603081822_IMG_1556.jpg,0.911837637424469,920.6065673828125,83.0855712890625,378.14599609375,945.6954345703125,2048,1536,378,945
BDF10-M6,2016,201603081822,HC,0,/Volumes/Seagate Portable Drive/KYLE_AI_DATABASE/A_CAMERA/Focal_species/Gulo gulo/BDF10-M6/HC/2016/B&W/Robust marks/03.08-18.22/IMG_1557.JPG,IMG_1557.JPG,BDF10-M6_2016_201603081822_IMG_1557.jpg,0.9307684898376465,976.6218872070312,94.01014709472656,328.75689697265625,948.8641357421875,2048,1536,328,948
BDF10-M6,2016,201603081822,HC,0,/Volumes/Seagate Portable Drive/KYLE_AI_DATABASE/A_CAMERA/Focal_species/Gulo gulo/BDF10-M6/HC/2016/B&W/Robust marks/03.08-18.22/IMG_1558.JPG,IMG_1558.JPG,BDF10-M6_2016_201603081822_IMG_1558.jpg,0.9172772765159607,983.6941528320312,91.51158142089844,323.76922607421875,993.98779296875,2048,1536,323,993
BDF10-M6,2016,201603081822,HC,0,/Volumes/Seagate Portable Drive/KYLE_AI_DATABASE/A_CAMERA/Focal_species/Gulo gulo/BDF10-M6/HC/2016/B&W/Robust marks/03.08-18.22/IMG_1559.JPG,IMG_1559.JPG,BDF10-M6_2016_201603081822_IMG_1559.jpg,0.9284743666648865,995.0460205078125,97.74668884277344,332.870849609375,1011.0643310546875,2048,1536,332,1011
BDF10-M6,2016,201603081822,HC,0,/Volumes/Seagate Portable Drive/KYLE_AI_DATABASE/A_CAMERA/Focal_species/Gulo gulo/BDF10-M6/HC/2016/B&W/Robust marks/03.08-18.22/IMG_1560.JPG,IMG_1560.JPG,BDF10-M6_2016_201603081822_IMG_1560.jpg,0.9286900162696838,987.1434326171875,100.34527587890625,317.3828125,1029.5009765625,2048,1536,317,1029
BDF10-M6,2016,201603081822,HC,0,/Volumes/Seagate Portable Drive/KYLE_AI_DATABASE/A_CAMERA/Focal_species/Gulo gulo/BDF10-M6/HC/2016/B&W/Robust marks/03.08-18.22/IMG_1561.JPG,IMG_1561.JPG,BDF10-M6_2016_201603081822_IMG_1561.jpg,0.952033281326294,891.6214599609375,94.82002258300781,388.506103515625,975.8230590820312,2048,1536,388,975
BDF10-M6,2016,201603081822,HC,0,/Volumes/Seagate Portable Drive/KYLE_AI_DATABASE/A_CAMERA/Focal_species/Gulo gulo/BDF10-M6/HC/2016/B&W/Robust marks/03.08-18.22/IMG_1562.JPG,IMG_1562.JPG,BDF10-M6_2016_201603081822_IMG_1562.jpg,0.9363564848899841,917.789306640625,85.02703857421875,380.8876953125,1003.6387329101562,2048,1536,380,1003
BDF10-M6,2016,201603081822,HC,0,/Volumes/Seagate Portable Drive/KYLE_AI_DATABASE/A_CAMERA/Focal_species/Gulo gulo/BDF10-M6/HC/2016/B&W/Robust marks/03.08-18.22/IMG_1563.JPG,IMG_1563.JPG,BDF10-M6_2016_201603081822_IMG_1563.jpg,0.8803877830505371,917.3690185546875,91.86886596679688,367.51513671875,976.6209716796875,2048,1536,367,976
BDF10-M6,2016,201603081822,HC,0,/Volumes/Seagate Portable Drive/KYLE_AI_DATABASE/A_CAMERA/Focal_species/Gulo gulo/BDF10-M6/HC/2016/B&W/Robust marks/03.08-18.22/IMG_1564.JPG,IMG_1564.JPG,BDF10-M6_2016_201603081822_IMG_1564.jpg,0.8802645802497864,986.4805297851562,100.50416564941406,340.15924072265625,1011.198486328125,2048,1536,340,1011
BDF10-M6,2016,201603081822,HC,0,/Volumes/Seagate Portable Drive/KYLE_AI_DATABASE/A_CAMERA/Focal_species/Gulo gulo/BDF10-M6/HC/2016/B&W/Robust marks/03.08-18.22/IMG_1565.JPG,IMG_1565.JPG,BDF10-M6_2016_201603081822_IMG_1565.jpg,0.9398206472396851,971.2620239257812,97.13626098632812,341.99407958984375,1019.3404541015625,2048,1536,341,1019
BDF10-M6,2016,201603081822,HC,0,/Volumes/Seagate Portable Drive/KYLE_AI_DATABASE/A_CAMERA/Focal_species/Gulo gulo/BDF10-M6/HC/2016/B&W/Robust marks/03.08-18.22/IMG_1566.JPG,IMG_1566.JPG,BDF10-M6_2016_201603081822_IMG_1566.jpg,0.9225878715515137,1011.292724609375,104.78306579589844,314.688232421875,1025.3533935546875,2048,1536,314,1025
BDF10-M6,2016,201603081822,HC,0,/Volumes/Seagate Portable Drive/KYLE_AI_DATABASE/A_CAMERA/Focal_species/Gulo gulo/BDF10-M6/HC/2016/B&W/Robust marks/03.08-18.22/IMG_1567.JPG,IMG_1567.JPG,BDF10-M6_2016_201603081822_IMG_1567.jpg,0.9355146288871765,966.1776123046875,103.39759826660156,357.213134765625,1039.1478271484375,2048,1536,357,1039
BDF10-M6,2016,201603081822,HC,0,/Volumes/Seagate Portable Drive/KYLE_AI_DATABASE/A_CAMERA/Focal_species/Gulo gulo/BDF10-M6/HC/2016/B&W/Robust marks/03.08-18.22/IMG_1568.JPG,IMG_1568.JPG,BDF10-M6_2016_201603081822_IMG_1568.jpg,0.928654134273529,979.0485229492188,106.59246826171875,324.30438232421875,1030.47705078125,2048,1536,324,1030
BDF10-M6,2016,201603081822,HC,0,/Volumes/Seagate Portable Drive/KYLE_AI_DATABASE/A_CAMERA/Focal_species/Gulo gulo/BDF10-M6/HC/2016/B&W/Robust marks/03.08-18.22/IMG_1569.JPG,IMG_1569.JPG,BDF10-M6_2016_201603081822_IMG_1569.jpg,0.8689690232276917,894.7562866210938,102.14222717285156,421.46514892578125,1013.0089111328125,2048,1536,421,1013
BDF10-M6,2016,201603081822,HC,0,/Volumes/Seagate Portable Drive/KYLE_AI_DATABASE/A_CAMERA/Focal_species/Gulo gulo/BDF10-M6/HC/2016/B&W/Robust marks/03.08-18.22/IMG_1570.JPG,IMG_1570.JPG,BDF10-M6_2016_201603081822_IMG_1570.jpg,0.9532039165496826,903.0927124023438,135.14675903320312,394.14617919921875,985.5274658203125,2048,1536,394,985
BDF10-M6,2016,201603081822,HC,0,/Volumes/Seagate Portable Drive/KYLE_AI_DATABASE/A_CAMERA/Focal_species/Gulo gulo/BDF10-M6/HC/2016/B&W/Robust marks/03.08-18.22/IMG_1571.JPG,IMG_1571.JPG,BDF10-M6_2016_201603081822_IMG_1571.jpg,0.93988037109375,927.1209716796875,71.83877563476562,393.353759765625,1028.4072265625,2048,1536,393,1028
BDF10-M6,2016,201603081822,HC,0,/Volumes/Seagate Portable Drive/KYLE_AI_DATABASE/A_CAMERA/Focal_species/Gulo gulo/BDF10-M6/HC/2016/B&W/Robust marks/03.08-18.22/IMG_1572.JPG,IMG_1572.JPG,BDF10-M6_2016_201603081822_IMG_1572.jpg,0.9507617354393005,913.092041015625,84.21501159667969,396.329345703125,1001.4927368164062,2048,1536,396,1001
BDF10-M6,2016,201603081822,HC,0,/Volumes/Seagate Portable Drive/KYLE_AI_DATABASE/A_CAMERA/Focal_species/Gulo gulo/BDF10-M6/HC/2016/B&W/Robust marks/03.08-18.22/IMG_1573.JPG,IMG_1573.JPG,BDF10-M6_2016_201603081822_IMG_1573.jpg,0.9234811067581177,964.170654296875,71.68693542480469,354.201171875,1016.5889282226562,2048,1536,354,1016
BDF10-M6,2016,201603081822,HC,0,/Volumes/Seagate Portable Drive/KYLE_AI_DATABASE/A_CAMERA/Focal_species/Gulo gulo/BDF10-M6/HC/2016/B&W/Robust marks/03.08-18.22/IMG_1574.JPG,IMG_1574.JPG,BDF10-M6_2016_201603081822_IMG_1574.jpg,0.877293050289154,973.6709594726562,86.57730102539062,368.63922119140625,1005.2821044921875,2048,1536,368,1005
BDF10-M6,2016,201603081822,HC,0,/Volumes/Seagate Portable Drive/KYLE_AI_DATABASE/A_CAMERA/Focal_species/Gulo gulo/BDF10-M6/HC/2016/B&W/Robust marks/03.08-18.22/IMG_1575.JPG,IMG_1575.JPG,BDF10-M6_2016_201603081822_IMG_1575.jpg,0.9321950674057007,924.5982055664062,84.66297912597656,393.86553955078125,1003.6019287109375,2048,1536,393,1003
BDF10-M6,2016,201603081822,HC,0,/Volumes/Seagate Portable Drive/KYLE_AI_DATABASE/A_CAMERA/Focal_species/Gulo gulo/BDF10-M6/HC/2016/B&W/Robust marks/03.08-18.22/IMG_1576.JPG,IMG_1576.JPG,BDF10-M6_2016_201603081822_IMG_1576.jpg,0.9111414551734924,963.6689453125,96.72134399414062,379.461669921875,1014.21630859375,2048,1536,379,1014
BDF10-M6,2016,201603081822,HC,0,/Volumes/Seagate Portable Drive/KYLE_AI_DATABASE/A_CAMERA/Focal_species/Gulo gulo/BDF10-M6/HC/2016/B&W/Robust marks/03.08-18.22/IMG_1577.JPG,IMG_1577.JPG,BDF10-M6_2016_201603081822_IMG_1577.jpg,0.897649884223938,1037.64013671875,57.13462829589844,291.704833984375,1048.2230224609375,2048,1536,291,1048
BDF10-M6,2016,201603081822,HC,0,/Volumes/Seagate Portable Drive/KYLE_AI_DATABASE/A_CAMERA/Focal_species/Gulo gulo/BDF10-M6/HC/2016/B&W/Robust marks/03.08-18.22/IMG_1578.JPG,IMG_1578.JPG,BDF10-M6_2016_201603081822_IMG_1578.jpg,0.9266404509544373,971.0576171875,49.74256896972656,360.23095703125,1051.3397216796875,2048,1536,360,1051
BDF10-M6,2016,201603081822,HC,0,/Volumes/Seagate Portable Drive/KYLE_AI_DATABASE/A_CAMERA/Focal_species/Gulo gulo/BDF10-M6/HC/2016/B&W/Robust marks/03.08-18.22/IMG_1579.JPG,IMG_1579.JPG,BDF10-M6_2016_201603081822_IMG_1579.jpg,0.9227551221847534,1059.9420166015625,49.860076904296875,304.259521484375,1054.1243896484375,2048,1536,304,1054
BDF10-M6,2016,201603081822,HC,0,/Volumes/Seagate Portable Drive/KYLE_AI_DATABASE/A_CAMERA/Focal_species/Gulo gulo/BDF10-M6/HC/2016/B&W/Robust marks/03.08-18.22/IMG_1580.JPG,IMG_1580.JPG,BDF10-M6_2016_201603081822_IMG_1580.jpg,0.897063136100769,1111.0601806640625,45.438995361328125,279.464599609375,1061.85498046875,2048,1536,279,1061
BDF10-M6,2016,201603081822,HC,0,/Volumes/Seagate Portable Drive/KYLE_AI_DATABASE/A_CAMERA/Focal_species/Gulo gulo/BDF10-M6/HC/2016/B&W/Robust marks/03.08-18.22/IMG_1581.JPG,IMG_1581.JPG,BDF10-M6_2016_201603081822_IMG_1581.jpg,0.9313557147979736,1059.3284912109375,42.09690856933594,323.905517578125,1008.1943359375,2048,1536,323,1008
BDF10-M6,2016,201603081822,HC,0,/Volumes/Seagate Portable Drive/KYLE_AI_DATABASE/A_CAMERA/Focal_species/Gulo gulo/BDF10-M6/HC/2016/B&W/Robust marks/03.08-18.22/IMG_1582.JPG,IMG_1582.JPG,BDF10-M6_2016_201603081822_IMG_1582.jpg,0.9126573801040649,1053.9951171875,55.89349365234375,296.141845703125,980.2357788085938,2048,1536,296,980
BDF10-M6,2016,201603081822,HC,0,/Volumes/Seagate Portable Drive/KYLE_AI_DATABASE/A_CAMERA/Focal_species/Gulo gulo/BDF10-M6/HC/2016/B&W/Robust marks/03.08-18.22/IMG_1583.JPG,IMG_1583.JPG,BDF10-M6_2016_201603081822_IMG_1583.jpg,0.9177467226982117,1042.7298583984375,60.05213928222656,292.8046875,979.470947265625,2048,1536,292,979
BDF10-M6,2016,201603081822,HC,0,/Volumes/Seagate Portable Drive/KYLE_AI_DATABASE/A_CAMERA/Focal_species/Gulo gulo/BDF10-M6/HC/2016/B&W/Robust marks/03.08-18.22/IMG_1584.JPG,IMG_1584.JPG,BDF10-M6_2016_201603081822_IMG_1584.jpg,0.8977394104003906,1072.7869873046875,27.638671875,288.24560546875,958.7664794921875,2048,1536,288,958
BDF10-M6,2016,201603081822,HC,0,/Volumes/Seagate Portable Drive/KYLE_AI_DATABASE/A_CAMERA/Focal_species/Gulo gulo/BDF10-M6/HC/2016/B&W/Robust marks/03.08-18.22/IMG_1585.JPG,IMG_1585.JPG,BDF10-M6_2016_201603081822_IMG_1585.jpg,0.9194592237472534,991.83349609375,28.714187622070312,360.5732421875,1002.9741821289062,2048,1536,360,1002
BDF10-M6,2016,201603081822,HC,0,/Volumes/Seagate Portable Drive/KYLE_AI_DATABASE/A_CAMERA/Focal_species/Gulo gulo/BDF10-M6/HC/2016/B&W/Robust marks/03.08-18.22/IMG_1586.JPG,IMG_1586.JPG,BDF10-M6_2016_201603081822_IMG_1586.jpg,0.9229665994644165,1000.6453857421875,31.024795532226562,366.27587890625,1009.673828125,2048,1536,366,1009
BDF10-M6,2016,201603081822,HC,0,/Volumes/Seagate Portable Drive/KYLE_AI_DATABASE/A_CAMERA/Focal_species/Gulo gulo/BDF10-M6/HC/2016/B&W/Robust marks/03.08-18.22/IMG_1587.JPG,IMG_1587.JPG,BDF10-M6_2016_201603081822_IMG_1587.jpg,0.9171701669692993,1051.615966796875,37.49739074707031,315.33203125,987.4938354492188,2048,1536,315,987
BDF10-M6,2016,201603081822,HC,0,/Volumes/Seagate Portable Drive/KYLE_AI_DATABASE/A_CAMERA/Focal_species/Gulo gulo/BDF10-M6/HC/2016/B&W/Robust marks/03.08-18.22/IMG_1588.JPG,IMG_1588.JPG,BDF10-M6_2016_201603081822_IMG_1588.jpg,0.9471816420555115,914.1349487304688,30.840362548828125,473.00201416015625,997.7242431640625,2048,1536,473,997
BDF10-M6,2016,201603081822,HC,0,/Volumes/Seagate Portable Drive/KYLE_AI_DATABASE/A_CAMERA/Focal_species/Gulo gulo/BDF10-M6/HC/2016/B&W/Robust marks/03.08-18.22/IMG_1589.JPG,IMG_1589.JPG,BDF10-M6_2016_201603081822_IMG_1589.jpg,0.9271117448806763,949.5729370117188,49.73213195800781,436.21807861328125,908.9991455078125,2048,1536,436,908
BDF10-M6,2016,201603081822,HC,0,/Volumes/Seagate Portable Drive/KYLE_AI_DATABASE/A_CAMERA/Focal_species/Gulo gulo/BDF10-M6/HC/2016/B&W/Robust marks/03.08-18.22/IMG_1590.JPG,IMG_1590.JPG,BDF10-M6_2016_201603081822_IMG_1590.jpg,0.929809033870697,1104.646484375,104.65708923339844,280.494140625,976.1043701171875,2048,1536,280,976
BDF10-M6,2016,201603081822,HC,0,/Volumes/Seagate Portable Drive/KYLE_AI_DATABASE/A_CAMERA/Focal_species/Gulo gulo/BDF10-M6/HC/2016/B&W/Robust marks/03.08-18.22/IMG_1591.JPG,IMG_1591.JPG,BDF10-M6_2016_201603081822_IMG_1591.jpg,0.9123618602752686,984.1376342773438,285.83746337890625,361.44012451171875,858.4708862304688,2048,1536,361,858
BDF10-M6,2016,201603081822,HC,0,/Volumes/Seagate Portable Drive/KYLE_AI_DATABASE/A_CAMERA/Focal_species/Gulo gulo/BDF10-M6/HC/2016/B&W/Robust marks/03.08-18.22/IMG_1592.JPG,IMG_1592.JPG,BDF10-M6_2016_201603081822_IMG_1592.jpg,0.9087157845497131,965.1100463867188,291.8258056640625,386.29779052734375,853.817626953125,2048,1536,386,853
BDF10-M6,2016,201603081822,HC,0,/Volumes/Seagate Portable Drive/KYLE_AI_DATABASE/A_CAMERA/Focal_species/Gulo gulo/BDF10-M6/HC/2016/B&W/Robust marks/03.08-18.22/IMG_1593.JPG,IMG_1593.JPG,BDF10-M6_2016_201603081822_IMG_1593.jpg,0.9252490997314453,928.1941528320312,333.89300537109375,418.14593505859375,812.4999389648438,2048,1536,418,812
BDF10-M6,2016,201603081822,HC,0,/Volumes/Seagate Portable Drive/KYLE_AI_DATABASE/A_CAMERA/Focal_species/Gulo gulo/BDF10-M6/HC/2016/B&W/Robust marks/03.08-18.22/IMG_1594.JPG,IMG_1594.JPG,BDF10-M6_2016_201603081822_IMG_1594.jpg,0.8911720514297485,946.6746215820312,218.0185546875,354.03070068359375,888.8330078125,2048,1536,354,888
BDF10-M6,2016,201603081822,HC,0,/Volumes/Seagate Portable Drive/KYLE_AI_DATABASE/A_CAMERA/Focal_species/Gulo gulo/BDF10-M6/HC/2016/B&W/Robust marks/03.08-18.22/IMG_1595.JPG,IMG_1595.JPG,BDF10-M6_2016_201603081822_IMG_1595.jpg,0.8914944529533386,977.3033447265625,205.9119873046875,351.7744140625,917.5914306640625,2048,1536,351,917
BDF10-M6,2016,201603081822,HC,0,/Volumes/Seagate Portable Drive/KYLE_AI_DATABASE/A_CAMERA/Focal_species/Gulo gulo/BDF10-M6/HC/2016/B&W/Robust marks/03.08-18.22/IMG_1596.JPG,IMG_1596.JPG,BDF10-M6_2016_201603081822_IMG_1596.jpg,0.886232316493988,971.1837158203125,209.1532745361328,340.054931640625,907.6167602539062,2048,1536,340,907
BDF10-M6,2016,201603081822,HC,0,/Volumes/Seagate Portable Drive/KYLE_AI_DATABASE/A_CAMERA/Focal_species/Gulo gulo/BDF10-M6/HC/2016/B&W/Robust marks/03.08-18.22/IMG_1597.JPG,IMG_1597.JPG,BDF10-M6_2016_201603081822_IMG_1597.jpg,0.878355085849762,957.5889282226562,228.1079864501953,357.39581298828125,902.3751831054688,2048,1536,357,902
BDF10-M6,2016,201603081822,HC,0,/Volumes/Seagate Portable Drive/KYLE_AI_DATABASE/A_CAMERA/Focal_species/Gulo gulo/BDF10-M6/HC/2016/B&W/Robust marks/03.08-18.22/IMG_1598.JPG,IMG_1598.JPG,BDF10-M6_2016_201603081822_IMG_1598.jpg,0.9212445616722107,940.9578857421875,191.7499237060547,376.3896484375,936.7293090820312,2048,1536,376,936
BDF10-M6,2016,201603081822,HC,0,/Volumes/Seagate Portable Drive/KYLE_AI_DATABASE/A_CAMERA/Focal_species/Gulo gulo/BDF10-M6/HC/2016/B&W/Robust marks/03.08-18.22/IMG_1599.JPG,IMG_1599.JPG,BDF10-M6_2016_201603081822_IMG_1599.jpg,0.8746424317359924,962.43359375,220.09442138671875,349.0068359375,917.8074340820312,2048,1536,349,917
BDF10-M6,2016,201603081822,HC,0,/Volumes/Seagate Portable Drive/KYLE_AI_DATABASE/A_CAMERA/Focal_species/Gulo gulo/BDF10-M6/HC/2016/B&W/Robust marks/03.08-18.22/IMG_1600.JPG,IMG_1600.JPG,BDF10-M6_2016_201603081822_IMG_1600.jpg,0.9096519351005554,994.0924072265625,213.08921813964844,315.479736328125,924.8865966796875,2048,1536,315,924
BDF10-M6,2016,201603081822,HC,0,/Volumes/Seagate Portable Drive/KYLE_AI_DATABASE/A_CAMERA/Focal_species/Gulo gulo/BDF10-M6/HC/2016/B&W/Robust marks/03.08-18.22/IMG_1601.JPG,IMG_1601.JPG,BDF10-M6_2016_201603081822_IMG_1601.jpg,0.9181817770004272,1036.8486328125,122.68862915039062,288.178466796875,981.0882568359375,2048,1536,288,981
BDF10-M6,2016,201603081822,HC,0,/Volumes/Seagate Portable Drive/KYLE_AI_DATABASE/A_CAMERA/Focal_species/Gulo gulo/BDF10-M6/HC/2016/B&W/Robust marks/03.08-18.22/IMG_1602.JPG,IMG_1602.JPG,BDF10-M6_2016_201603081822_IMG_1602.jpg,0.9247336983680725,1061.9525146484375,46.01939392089844,284.933349609375,992.8455810546875,2048,1536,284,992
BDF10-M6,2016,201603081822,HC,0,/Volumes/Seagate Portable Drive/KYLE_AI_DATABASE/A_CAMERA/Focal_species/Gulo gulo/BDF10-M6/HC/2016/B&W/Robust marks/03.08-18.22/IMG_1603.JPG,IMG_1603.JPG,BDF10-M6_2016_201603081822_IMG_1603.jpg,0.9012911915779114,1065.0926513671875,47.35762023925781,291.175537109375,1016.6704711914062,2048,1536,291,1016
BDF10-M6,2016,201603081822,HC,0,/Volumes/Seagate Portable Drive/KYLE_AI_DATABASE/A_CAMERA/Focal_species/Gulo gulo/BDF10-M6/HC/2016/B&W/Robust marks/03.08-18.22/IMG_1604.JPG,IMG_1604.JPG,BDF10-M6_2016_201603081822_IMG_1604.jpg,0.9288023114204407,1087.7991943359375,87.17079162597656,280.9130859375,955.3458251953125,2048,1536,280,955
BDF10-M6,2016,201603081822,HC,0,/Volumes/Seagate Portable Drive/KYLE_AI_DATABASE/A_CAMERA/Focal_species/Gulo gulo/BDF10-M6/HC/2016/B&W/Robust marks/03.08-18.22/IMG_1605.JPG,IMG_1605.JPG,BDF10-M6_2016_201603081822_IMG_1605.jpg,0.891880989074707,1022.9910888671875,155.61305236816406,315.746826171875,919.827392578125,2048,1536,315,919
BDF10-M6,2016,201603081822,HC,0,/Volumes/Seagate Portable Drive/KYLE_AI_DATABASE/A_CAMERA/Focal_species/Gulo gulo/BDF10-M6/HC/2016/B&W/Robust marks/03.08-18.22/IMG_1606.JPG,IMG_1606.JPG,BDF10-M6_2016_201603081822_IMG_1606.jpg,0.9414474964141846,989.5664672851562,158.48995971679688,338.98846435546875,945.0810546875,2048,1536,338,945
BDF10-M6,2016,201603081822,HC,0,/Volumes/Seagate Portable Drive/KYLE_AI_DATABASE/A_CAMERA/Focal_species/Gulo gulo/BDF10-M6/HC/2016/B&W/Robust marks/03.08-18.22/IMG_1607.JPG,IMG_1607.JPG,BDF10-M6_2016_201603081822_IMG_1607.jpg,0.9063785672187805,1017.7667236328125,117.75050354003906,322.339111328125,951.9197998046875,2048,1536,322,951
BDF10-M6,2016,201603081822,HC,0,/Volumes/Seagate Portable Drive/KYLE_AI_DATABASE/A_CAMERA/Focal_species/Gulo gulo/BDF10-M6/HC/2016/B&W/Robust marks/03.08-18.22/IMG_1608.JPG,IMG_1608.JPG,BDF10-M6_2016_201603081822_IMG_1608.jpg,0.9338983297348022,1021.2308959960938,56.918243408203125,315.55413818359375,987.0,2048,1536,315,987
BDF10-M6,2016,201603081822,HC,0,/Volumes/Seagate Portable Drive/KYLE_AI_DATABASE/A_CAMERA/Focal_species/Gulo gulo/BDF10-M6/HC/2016/B&W/Robust marks/03.08-18.22/IMG_1609.JPG,IMG_1609.JPG,BDF10-M6_2016_201603081822_IMG_1609.jpg,0.9418116211891174,1036.750732421875,31.983535766601562,310.763427734375,1006.1192626953125,2048,1536,310,1006
BDF10-M6,2016,201603081822,HC,0,/Volumes/Seagate Portable Drive/KYLE_AI_DATABASE/A_CAMERA/Focal_species/Gulo gulo/BDF10-M6/HC/2016/B&W/Robust marks/03.08-18.22/IMG_1610.JPG,IMG_1610.JPG,BDF10-M6_2016_201603081822_IMG_1610.jpg,0.9092050194740295,999.8536987304688,59.67210388183594,359.34625244140625,930.257568359375,2048,1536,359,930
BDF10-M6,2016,201603081822,HC,0,/Volumes/Seagate Portable Drive/KYLE_AI_DATABASE/A_CAMERA/Focal_species/Gulo gulo/BDF10-M6/HC/2016/B&W/Robust marks/03.08-18.22/IMG_1611.JPG,IMG_1611.JPG,BDF10-M6_2016_201603081822_IMG_1611.jpg,0.9048119783401489,1046.3004150390625,131.0083465576172,299.0634765625,982.7631225585938,2048,1536,299,982
BDF10-M6,2016,201603081822,HC,0,/Volumes/Seagate Portable Drive/KYLE_AI_DATABASE/A_CAMERA/Focal_species/Gulo gulo/BDF10-M6/HC/2016/B&W/Robust marks/03.08-18.22/IMG_1612.JPG,IMG_1612.JPG,BDF10-M6_2016_201603081822_IMG_1612.jpg,0.9314603209495544,1056.9217529296875,155.9937744140625,290.233642578125,947.3748779296875,2048,1536,290,947
BDF10-M6,2016,201603081822,HC,0,/Volumes/Seagate Portable Drive/KYLE_AI_DATABASE/A_CAMERA/Focal_species/Gulo gulo/BDF10-M6/HC/2016/B&W/Robust marks/03.08-18.22/IMG_1613.JPG,IMG_1613.JPG,BDF10-M6_2016_201603081822_IMG_1613.jpg,0.9146893620491028,1057.169677734375,189.15394592285156,292.62158203125,924.9864501953125,2048,1536,292,924
BDF10-M6,2016,201603081822,HC,0,/Volumes/Seagate Portable Drive/KYLE_AI_DATABASE/A_CAMERA/Focal_species/Gulo gulo/BDF10-M6/HC/2016/B&W/Robust marks/03.08-18.22/IMG_1614.JPG,IMG_1614.JPG,BDF10-M6_2016_201603081822_IMG_1614.jpg,0.9266958236694336,1052.7230224609375,153.45423889160156,294.45166015625,961.54345703125,2048,1536,294,961
BDF10-M6,2016,201603081822,HC,0,/Volumes/Seagate Portable Drive/KYLE_AI_DATABASE/A_CAMERA/Focal_species/Gulo gulo/BDF10-M6/HC/2016/B&W/Robust marks/03.08-18.22/IMG_1615.JPG,IMG_1615.JPG,BDF10-M6_2016_201603081822_IMG_1615.jpg,0.9377748370170593,1052.024169921875,46.70072937011719,329.573486328125,980.3001098632812,2048,1536,329,980
BDF10-M6,2016,201603081822,HC,0,/Volumes/Seagate Portable Drive/KYLE_AI_DATABASE/A_CAMERA/Focal_species/Gulo gulo/BDF10-M6/HC/2016/B&W/Robust marks/03.08-18.22/IMG_1616.JPG,IMG_1616.JPG,BDF10-M6_2016_201603081822_IMG_1616.jpg,0.9451382756233215,1026.4693603515625,44.241485595703125,353.480224609375,930.1129150390625,2048,1536,353,930
BDF10-M6,2016,201603081822,HC,0,/Volumes/Seagate Portable Drive/KYLE_AI_DATABASE/A_CAMERA/Focal_species/Gulo gulo/BDF10-M6/HC/2016/B&W/Robust marks/03.08-18.22/IMG_1617.JPG,IMG_1617.JPG,BDF10-M6_2016_201603081822_IMG_1617.jpg,0.9178183078765869,1051.59326171875,136.21755981445312,335.54150390625,897.1663818359375,2048,1536,335,897
BDF10-M6,2016,201603081822,HC,0,/Volumes/Seagate Portable Drive/KYLE_AI_DATABASE/A_CAMERA/Focal_species/Gulo gulo/BDF10-M6/HC/2016/B&W/Robust marks/03.08-18.22/IMG_1618.JPG,IMG_1618.JPG,BDF10-M6_2016_201603081822_IMG_1618.jpg,0.9437903761863708,1012.7315673828125,89.933349609375,347.57080078125,921.94189453125,2048,1536,347,921
BDF10-M6,2016,201603081822,HC,0,/Volumes/Seagate Portable Drive/KYLE_AI_DATABASE/A_CAMERA/Focal_species/Gulo gulo/BDF10-M6/HC/2016/B&W/Robust marks/03.08-18.22/IMG_1619.JPG,IMG_1619.JPG,BDF10-M6_2016_201603081822_IMG_1619.jpg,0.9310076832771301,1018.8575439453125,90.98405456542969,345.1796875,924.449462890625,2048,1536,345,924
BDF10-M6,2016,201603081822,HC,0,/Volumes/Seagate Portable Drive/KYLE_AI_DATABASE/A_CAMERA/Focal_species/Gulo gulo/BDF10-M6/HC/2016/B&W/Robust marks/03.08-18.22/IMG_1620.JPG,IMG_1620.JPG,BDF10-M6_2016_201603081822_IMG_1620.jpg,0.9419922828674316,988.4539794921875,140.40147399902344,353.0400390625,896.0,2048,1536,353,896
BDF10-M6,2016,201603081822,HC,0,/Volumes/Seagate Portable Drive/KYLE_AI_DATABASE/A_CAMERA/Focal_species/Gulo gulo/BDF10-M6/HC/2016/B&W/Robust marks/03.08-18.22/IMG_1621.JPG,IMG_1621.JPG,BDF10-M6_2016_201603081822_IMG_1621.jpg,0.9271243214607239,1005.3685302734375,140.84628295898438,339.438720703125,905.7039794921875,2048,1536,339,905
BDF10-M6,2016,201603081822,HC,0,/Volumes/Seagate Portable Drive/KYLE_AI_DATABASE/A_CAMERA/Focal_species/Gulo gulo/BDF10-M6/HC/2016/B&W/Robust marks/03.08-18.22/IMG_1622.JPG,IMG_1622.JPG,BDF10-M6_2016_201603081822_IMG_1622.jpg,0.9461538791656494,1010.5619506835938,136.31607055664062,348.40765380859375,888.765869140625,2048,1536,348,888
BDF10-M6,2016,201603081822,HC,0,/Volumes/Seagate Portable Drive/KYLE_AI_DATABASE/A_CAMERA/Focal_species/Gulo gulo/BDF10-M6/HC/2016/B&W/Robust marks/03.08-18.22/IMG_1623.JPG,IMG_1623.JPG,BDF10-M6_2016_201603081822_IMG_1623.jpg,0.9389328360557556,1007.16943359375,145.17306518554688,347.91748046875,907.50537109375,2048,1536,347,907
BDF10-M6,2016,201603081822,HC,0,/Volumes/Seagate Portable Drive/KYLE_AI_DATABASE/A_CAMERA/Focal_species/Gulo gulo/BDF10-M6/HC/2016/B&W/Robust marks/03.08-18.22/IMG_1624.JPG,IMG_1624.JPG,BDF10-M6_2016_201603081822_IMG_1624.jpg,0.924580991268158,1008.1176147460938,125.81295776367188,353.53839111328125,940.466064453125,2048,1536,353,940
BDF10-M6,2016,201603081822,HC,0,/Volumes/Seagate Portable Drive/KYLE_AI_DATABASE/A_CAMERA/Focal_species/Gulo gulo/BDF10-M6/HC/2016/B&W/Robust marks/03.08-18.22/IMG_1625.JPG,IMG_1625.JPG,BDF10-M6_2016_201603081822_IMG_1625.jpg,0.9490525126457214,1010.0916137695312,46.83503723144531,348.38494873046875,953.8607177734375,2048,1536,348,953
BDF10-M6,2016,201603081822,HC,0,/Volumes/Seagate Portable Drive/KYLE_AI_DATABASE/A_CAMERA/Focal_species/Gulo gulo/BDF10-M6/HC/2016/B&W/Robust marks/03.08-18.22/IMG_1626.JPG,IMG_1626.JPG,BDF10-M6_2016_201603081822_IMG_1626.jpg,0.9468234777450562,1003.92578125,43.66337585449219,360.918212890625,929.8814697265625,2048,1536,360,929
BDF10-M6,2016,201603081822,HC,0,/Volumes/Seagate Portable Drive/KYLE_AI_DATABASE/A_CAMERA/Focal_species/Gulo gulo/BDF10-M6/HC/2016/B&W/Robust marks/03.08-18.22/IMG_1627.JPG,IMG_1627.JPG,BDF10-M6_2016_201603081822_IMG_1627.jpg,0.9416934251785278,1014.1077880859375,45.56268310546875,353.3916015625,927.1021728515625,2048,1536,353,927
BDF10-M6,2016,201603081822,HC,0,/Volumes/Seagate Portable Drive/KYLE_AI_DATABASE/A_CAMERA/Focal_species/Gulo gulo/BDF10-M6/HC/2016/B&W/Robust marks/03.08-18.22/IMG_1628.JPG,IMG_1628.JPG,BDF10-M6_2016_201603081822_IMG_1628.jpg,0.9349763989448547,1018.5241088867188,44.47874450683594,350.04351806640625,924.238525390625,2048,1536,350,924
BDF10-M6,2016,201603081822,HC,0,/Volumes/Seagate Portable Drive/KYLE_AI_DATABASE/A_CAMERA/Focal_species/Gulo gulo/BDF10-M6/HC/2016/B&W/Robust marks/03.08-18.22/IMG_1629.JPG,IMG_1629.JPG,BDF10-M6_2016_201603081822_IMG_1629.jpg,0.9111877083778381,995.684326171875,113.59231567382812,359.952392578125,915.20458984375,2048,1536,359,915
BDF10-M6,2016,201603081822,HC,0,/Volumes/Seagate Portable Drive/KYLE_AI_DATABASE/A_CAMERA/Focal_species/Gulo gulo/BDF10-M6/HC/2016/B&W/Robust marks/03.08-18.22/IMG_1630.JPG,IMG_1630.JPG,BDF10-M6_2016_201603081822_IMG_1630.jpg,0.9335669875144958,959.456298828125,65.88418579101562,384.895751953125,922.03662109375,2048,1536,384,922
BDF10-M6,2016,201603081822,HC,0,/Volumes/Seagate Portable Drive/KYLE_AI_DATABASE/A_CAMERA/Focal_species/Gulo gulo/BDF10-M6/HC/2016/B&W/Robust marks/03.08-18.22/IMG_1631.JPG,IMG_1631.JPG,BDF10-M6_2016_201603081822_IMG_1631.jpg,0.9481440782546997,983.9727172851562,68.06758117675781,377.34759521484375,905.5531005859375,2048,1536,377,905
BDF10-M6,2016,201603081822,HC,0,/Volumes/Seagate Portable Drive/KYLE_AI_DATABASE/A_CAMERA/Focal_species/Gulo gulo/BDF10-M6/HC/2016/B&W/Robust marks/03.08-18.22/IMG_1632.JPG,IMG_1632.JPG,BDF10-M6_2016_201603081822_IMG_1632.jpg,0.9466130137443542,994.5343017578125,96.31095886230469,371.387451171875,900.2476806640625,2048,1536,371,900
BDF10-M6,2016,201603081822,HC,0,/Volumes/Seagate Portable Drive/KYLE_AI_DATABASE/A_CAMERA/Focal_species/Gulo gulo/BDF10-M6/HC/2016/B&W/Robust marks/03.08-18.22/IMG_1633.JPG,IMG_1633.JPG,BDF10-M6_2016_201603081822_IMG_1633.jpg,0.9423585534095764,1013.5435180664062,58.75323486328125,355.28228759765625,946.4110107421875,2048,1536,355,946
BDF10-M6,2016,201603081822,HC,0,/Volumes/Seagate Portable Drive/KYLE_AI_DATABASE/A_CAMERA/Focal_species/Gulo gulo/BDF10-M6/HC/2016/B&W/Robust marks/03.08-18.22/IMG_1634.JPG,IMG_1634.JPG,BDF10-M6_2016_201603081822_IMG_1634.jpg,0.9442611932754517,1002.6824951171875,110.96658325195312,357.997314453125,902.1717529296875,2048,1536,357,902
BDF10-M6,2016,201603081822,HC,0,/Volumes/Seagate Portable Drive/KYLE_AI_DATABASE/A_CAMERA/Focal_species/Gulo gulo/BDF10-M6/HC/2016/B&W/Robust marks/03.08-18.22/IMG_1635.JPG,IMG_1635.JPG,BDF10-M6_2016_201603081822_IMG_1635.jpg,0.9419002532958984,1014.5307006835938,115.16285705566406,362.41070556640625,904.4725952148438,2048,1536,362,904
BDF10-M6,2016,201603081822,HC,0,/Volumes/Seagate Portable Drive/KYLE_AI_DATABASE/A_CAMERA/Focal_species/Gulo gulo/BDF10-M6/HC/2016/B&W/Robust marks/03.08-18.22/IMG_1636.JPG,IMG_1636.JPG,BDF10-M6_2016_201603081822_IMG_1636.jpg,0.9498264789581299,1022.5001220703125,117.58424377441406,353.162841796875,905.475830078125,2048,1536,353,905
BDF10-M6,2016,201603081822,HC,0,/Volumes/Seagate Portable Drive/KYLE_AI_DATABASE/A_CAMERA/Focal_species/Gulo gulo/BDF10-M6/HC/2016/B&W/Robust marks/03.08-18.22/IMG_1637.JPG,IMG_1637.JPG,BDF10-M6_2016_201603081822_IMG_1637.jpg,0.9382871389389038,1009.804931640625,78.37527465820312,371.284912109375,931.7734375,2048,1536,371,931
BDF10-M6,2016,201603081822,HC,0,/Volumes/Seagate Portable Drive/KYLE_AI_DATABASE/A_CAMERA/Focal_species/Gulo gulo/BDF10-M6/HC/2016/B&W/Robust marks/03.08-18.22/IMG_1638.JPG,IMG_1638.JPG,BDF10-M6_2016_201603081822_IMG_1638.jpg,0.9507998824119568,1011.3896484375,51.0670166015625,378.742919921875,907.9849853515625,2048,1536,378,907
BDF10-M6,2016,201603081822,HC,0,/Volumes/Seagate Portable Drive/KYLE_AI_DATABASE/A_CAMERA/Focal_species/Gulo gulo/BDF10-M6/HC/2016/B&W/Robust marks/03.08-18.22/IMG_1639.JPG,IMG_1639.JPG,BDF10-M6_2016_201603081822_IMG_1639.jpg,0.9503258466720581,1014.8748168945312,60.993896484375,379.32672119140625,900.361328125,2048,1536,379,900
BDF10-M6,2016,201603081822,HC,0,/Volumes/Seagate Portable Drive/KYLE_AI_DATABASE/A_CAMERA/Focal_species/Gulo gulo/BDF10-M6/HC/2016/B&W/Robust marks/03.08-18.22/IMG_1640.JPG,IMG_1640.JPG,BDF10-M6_2016_201603081822_IMG_1640.jpg,0.9492970705032349,979.1597290039062,76.91651916503906,409.79437255859375,872.922607421875,2048,1536,409,872
BDF10-M6,2016,201603081822,HC,0,/Volumes/Seagate Portable Drive/KYLE_AI_DATABASE/A_CAMERA/Focal_species/Gulo gulo/BDF10-M6/HC/2016/B&W/Robust marks/03.08-18.22/IMG_1641.JPG,IMG_1641.JPG,BDF10-M6_2016_201603081822_IMG_1641.jpg,0.939249575138092,912.52685546875,448.74615478515625,762.1611328125,566.1329345703125,2048,1536,762,566
BDF10-M6,2016,201603081822,HC,0,/Volumes/Seagate Portable Drive/KYLE_AI_DATABASE/A_CAMERA/Focal_species/Gulo gulo/BDF10-M6/HC/2016/B&W/Robust marks/03.08-18.22/IMG_1642.JPG,IMG_1642.JPG,BDF10-M6_2016_201603081822_IMG_1642.jpg,0.9711800813674927,1522.904296875,1090.76611328125,524.66015625,411.912109375,2048,1536,524,411
BDF10-M6,2016,201603081822,HC,0,/Volumes/Seagate Portable Drive/KYLE_AI_DATABASE/A_CAMERA/Focal_species/Gulo gulo/BDF10-M6/HC/2016/B&W/Robust marks/03.08-18.22/IMG_1643.JPG,IMG_1643.JPG,BDF10-M6_2016_201603081822_IMG_1643.jpg,0.9573999047279358,1772.31640625,1056.008056640625,275.440673828125,444.58544921875,2048,1536,275,444
BDF10-M6,2016,201603081822,HC,0,/Volumes/Seagate Portable Drive/KYLE_AI_DATABASE/A_CAMERA/Focal_species/Gulo gulo/BDF10-M6/HC/2016/B&W/Robust marks/03.08-18.22/IMG_1644.JPG,IMG_1644.JPG,BDF10-M6_2016_201603081822_IMG_1644.jpg,0.963391125202179,1463.1787109375,1040.1187744140625,583.761474609375,463.11328125,2048,1536,583,463
BDF10-M6,2016,201603081822,HC,0,/Volumes/Seagate Portable Drive/KYLE_AI_DATABASE/A_CAMERA/Focal_species/Gulo gulo/BDF10-M6/HC/2016/B&W/Robust marks/03.08-18.22/IMG_1645.JPG,IMG_1645.JPG,BDF10-M6_2016_201603081822_IMG_1645.jpg,0.9540017247200012,1270.0819091796875,1179.009033203125,696.302490234375,323.84130859375,2048,1536,696,323
BDF10-M6,2016,201603081822,HC,0,/Volumes/Seagate Portable Drive/KYLE_AI_DATABASE/A_CAMERA/Focal_species/Gulo gulo/BDF10-M6/HC/2016/B&W/Robust marks/03.08-18.22/IMG_1646.JPG,IMG_1646.JPG,BDF10-M6_2016_201603081822_IMG_1646.jpg,0.9087280035018921,1257.0140380859375,1226.9718017578125,505.509521484375,276.325927734375,2048,1536,505,276
BDF10-M6,2016,201603081822,HC,0,/Volumes/Seagate Portable Drive/KYLE_AI_DATABASE/A_CAMERA/Focal_species/Gulo gulo/BDF10-M6/HC/2016/B&W/Robust marks/03.08-18.22/IMG_1647.JPG,IMG_1647.JPG,BDF10-M6_2016_201603081822_IMG_1647.jpg,0.9183899760246277,1216.515869140625,1247.4149169921875,520.33935546875,255.725830078125,2048,1536,520,255
BDF10-M6,2016,201603081822,HC,0,/Volumes/Seagate Portable Drive/KYLE_AI_DATABASE/A_CAMERA/Focal_species/Gulo gulo/BDF10-M6/HC/2016/B&W/Robust marks/03.08-18.22/IMG_1648.JPG,IMG_1648.JPG,BDF10-M6_2016_201603081822_IMG_1648.jpg,0.9337276220321655,1213.892578125,1251.010498046875,529.39013671875,252.294921875,2048,1536,529,252
BDF10-M6,2016,201603081822,HC,0,/Volumes/Seagate Portable Drive/KYLE_AI_DATABASE/A_CAMERA/Focal_species/Gulo gulo/BDF10-M6/HC/2016/B&W/Robust marks/03.08-18.22/IMG_1649.JPG,IMG_1649.JPG,BDF10-M6_2016_201603081822_IMG_1649.jpg,0.8981977105140686,1225.8558349609375,1239.1402587890625,528.742431640625,263.7012939453125,2048,1536,528,263
BDF10-M6,2016,201603081822,HC,0,/Volumes/Seagate Portable Drive/KYLE_AI_DATABASE/A_CAMERA/Focal_species/Gulo gulo/BDF10-M6/HC/2016/B&W/Robust marks/03.08-18.22/IMG_1650.JPG,IMG_1650.JPG,BDF10-M6_2016_201603081822_IMG_1650.jpg,0.9312517642974854,1237.783935546875,1232.3798828125,507.28662109375,270.982666015625,2048,1536,507,270
BDF10-M6,2016,201603081822,HC,0,/Volumes/Seagate Portable Drive/KYLE_AI_DATABASE/A_CAMERA/Focal_species/Gulo gulo/BDF10-M6/HC/2016/B&W/Robust marks/03.08-18.22/IMG_1651.JPG,IMG_1651.JPG,BDF10-M6_2016_201603081822_IMG_1651.jpg,0.9271512627601624,1168.872314453125,1177.00048828125,680.798583984375,325.8466796875,2048,1536,680,325
BDF10-M6,2016,201603081822,HC,0,/Volumes/Seagate Portable Drive/KYLE_AI_DATABASE/A_CAMERA/Focal_species/Gulo gulo/BDF10-M6/HC/2016/B&W/Robust marks/03.08-18.22/IMG_1652.JPG,IMG_1652.JPG,BDF10-M6_2016_201603081822_IMG_1652.jpg,0.9205431938171387,1179.095947265625,1185.1461181640625,678.7412109375,317.4656982421875,2048,1536,678,317
BDF10-M6,2016,201603081822,HC,0,/Volumes/Seagate Portable Drive/KYLE_AI_DATABASE/A_CAMERA/Focal_species/Gulo gulo/BDF10-M6/HC/2016/B&W/Robust marks/03.08-18.22/IMG_1653.JPG,IMG_1653.JPG,BDF10-M6_2016_201603081822_IMG_1653.jpg,0.9526097178459167,1215.5113525390625,1135.2900390625,630.69482421875,367.757080078125,2048,1536,630,367
BDF10-M6,2016,201603081822,HC,0,/Volumes/Seagate Portable Drive/KYLE_AI_DATABASE/A_CAMERA/Focal_species/Gulo gulo/BDF10-M6/HC/2016/B&W/Robust marks/03.08-18.22/IMG_1655.JPG,IMG_1655.JPG,BDF10-M6_2016_201603081822_IMG_1655.jpg,0.9579540491104126,1367.310791015625,1169.8349609375,551.97314453125,332.89990234375,2048,1536,551,332
BDF10-M6,2016,201603081822,HC,0,/Volumes/Seagate Portable Drive/KYLE_AI_DATABASE/A_CAMERA/Focal_species/Gulo gulo/BDF10-M6/HC/2016/B&W/Robust marks/03.08-18.22/IMG_1656.JPG,IMG_1656.JPG,BDF10-M6_2016_201603081822_IMG_1656.jpg,0.9515101909637451,1410.244384765625,1141.283203125,585.322265625,360.90478515625,2048,1536,585,360
BDF10-M6,2016,201603081822,HC,0,/Volumes/Seagate Portable Drive/KYLE_AI_DATABASE/A_CAMERA/Focal_species/Gulo gulo/BDF10-M6/HC/2016/B&W/Robust marks/03.08-18.22/IMG_1657.JPG,IMG_1657.JPG,BDF10-M6_2016_201603081822_IMG_1657.jpg,0.9658921360969543,1470.6517333984375,1089.2158203125,500.209228515625,413.10693359375,2048,1536,500,413
BDF10-M6,2016,201603081822,HC,0,/Volumes/Seagate Portable Drive/KYLE_AI_DATABASE/A_CAMERA/Focal_species/Gulo gulo/BDF10-M6/HC/2016/B&W/Robust marks/03.08-18.22/IMG_1658.JPG,IMG_1658.JPG,BDF10-M6_2016_201603081822_IMG_1658.jpg,0.9684414863586426,1482.5731201171875,1078.701904296875,500.46630859375,423.3304443359375,2048,1536,500,423
BDF10-M6,2016,201603081822,HC,0,/Volumes/Seagate Portable Drive/KYLE_AI_DATABASE/A_CAMERA/Focal_species/Gulo gulo/BDF10-M6/HC/2016/B&W/Robust marks/03.08-18.22/IMG_1659.JPG,IMG_1659.JPG,BDF10-M6_2016_201603081822_IMG_1659.jpg,0.9646557569503784,1486.360107421875,1120.7816162109375,422.01904296875,381.8436279296875,2048,1536,422,381
BDF10-M6,2016,201603081822,HC,0,/Volumes/Seagate Portable Drive/KYLE_AI_DATABASE/A_CAMERA/Focal_species/Gulo gulo/BDF10-M6/HC/2016/B&W/Robust marks/03.08-18.22/IMG_1660.JPG,IMG_1660.JPG,BDF10-M6_2016_201603081822_IMG_1660.jpg,0.9413877129554749,1379.03173828125,1191.7535400390625,488.63623046875,310.7032470703125,2048,1536,488,310
BDF10-M6,2016,201603081822,HC,0,/Volumes/Seagate Portable Drive/KYLE_AI_DATABASE/A_CAMERA/Focal_species/Gulo gulo/BDF10-M6/HC/2016/B&W/Robust marks/03.08-18.22/IMG_1661.JPG,IMG_1661.JPG,BDF10-M6_2016_201603081822_IMG_1661.jpg,0.9695979952812195,1254.259765625,1129.2249755859375,598.713134765625,373.5245361328125,2048,1536,598,373
BDF10-M6,2016,201603081822,HC,0,/Volumes/Seagate Portable Drive/KYLE_AI_DATABASE/A_CAMERA/Focal_species/Gulo gulo/BDF10-M6/HC/2016/B&W/Robust marks/03.08-18.22/IMG_1662.JPG,IMG_1662.JPG,BDF10-M6_2016_201603081822_IMG_1662.jpg,0.9570658802986145,1196.08251953125,1163.905029296875,597.413818359375,338.852783203125,2048,1536,597,338
BDF10-M6,2016,201603081822,HC,0,/Volumes/Seagate Portable Drive/KYLE_AI_DATABASE/A_CAMERA/Focal_species/Gulo gulo/BDF10-M6/HC/2016/B&W/Robust marks/03.08-18.22/IMG_1663.JPG,IMG_1663.JPG,BDF10-M6_2016_201603081822_IMG_1663.jpg,0.9607833623886108,1195.2227783203125,1165.91845703125,603.526123046875,336.36279296875,2048,1536,603,336
BDF10-M6,2016,201603081822,HC,0,/Volumes/Seagate Portable Drive/KYLE_AI_DATABASE/A_CAMERA/Focal_species/Gulo gulo/BDF10-M6/HC/2016/B&W/Robust marks/03.08-18.22/IMG_1664.JPG,IMG_1664.JPG,BDF10-M6_2016_201603081822_IMG_1664.jpg,0.9515014290809631,1132.77099609375,1164.9268798828125,641.05810546875,337.6080322265625,2048,1536,641,337
BDF10-M6,2016,201603081822,HC,0,/Volumes/Seagate Portable Drive/KYLE_AI_DATABASE/A_CAMERA/Focal_species/Gulo gulo/BDF10-M6/HC/2016/B&W/Robust marks/03.08-18.22/IMG_1665.JPG,IMG_1665.JPG,BDF10-M6_2016_201603081822_IMG_1665.jpg,0.9459684491157532,863.8859252929688,931.261962890625,584.5879516601562,547.119384765625,2048,1536,584,547
BDF10-M6,2016,201603081822,HC,0,/Volumes/Seagate Portable Drive/KYLE_AI_DATABASE/A_CAMERA/Focal_species/Gulo gulo/BDF10-M6/HC/2016/B&W/Robust marks/03.08-18.22/IMG_1666.JPG,IMG_1666.JPG,BDF10-M6_2016_201603081822_IMG_1666.jpg,0.8656615018844604,797.3458251953125,758.0646362304688,361.725341796875,460.65362548828125,2048,1536,361,460
BDF10-M6,2016,201603081822,HC,0,/Volumes/Seagate Portable Drive/KYLE_AI_DATABASE/A_CAMERA/Focal_species/Gulo gulo/BDF10-M6/HC/2016/B&W/Robust marks/03.08-18.22/IMG_1667.JPG,IMG_1667.JPG,BDF10-M6_2016_201603081822_IMG_1667.jpg,0.8879551291465759,769.9646606445312,637.3924560546875,379.00531005859375,541.84521484375,2048,1536,379,541
BDF10-M6,2016,201603081822,HC,0,/Volumes/Seagate Portable Drive/KYLE_AI_DATABASE/A_CAMERA/Focal_species/Gulo gulo/BDF10-M6/HC/2016/B&W/Robust marks/03.08-18.22/IMG_1668.JPG,IMG_1668.JPG,BDF10-M6_2016_201603081822_IMG_1668.jpg,0.865908145904541,744.7547607421875,614.2706298828125,384.58251953125,559.4512939453125,2048,1536,384,559
BDF10-M6,2016,201603081822,HC,0,/Volumes/Seagate Portable Drive/KYLE_AI_DATABASE/A_CAMERA/Focal_species/Gulo gulo/BDF10-M6/HC/2016/B&W/Robust marks/03.08-18.22/IMG_1669.JPG,IMG_1669.JPG,BDF10-M6_2016_201603081822_IMG_1669.jpg,0.8410945534706116,753.23681640625,257.2427673339844,405.526611328125,1039.920166015625,2048,1536,405,1039
BDF10-M6,2016,201603081822,HC,0,/Volumes/Seagate Portable Drive/KYLE_AI_DATABASE/A_CAMERA/Focal_species/Gulo gulo/BDF10-M6/HC/2016/B&W/Robust marks/03.08-18.22/IMG_1670.JPG,IMG_1670.JPG,BDF10-M6_2016_201603081822_IMG_1670.jpg,0.8874577283859253,739.0509033203125,237.03392028808594,421.88818359375,909.9844970703125,2048,1536,421,909
BDF10-M6,2016,201603081822,HC,0,/Volumes/Seagate Portable Drive/KYLE_AI_DATABASE/A_CAMERA/Focal_species/Gulo gulo/BDF10-M6/HC/2016/B&W/Robust marks/03.08-18.22/IMG_1671.JPG,IMG_1671.JPG,BDF10-M6_2016_201603081822_IMG_1671.jpg,0.9189525842666626,739.8502197265625,291.1900634765625,421.5760498046875,819.4664306640625,2048,1536,421,819
BDF10-M6,2016,201603081822,HC,0,/Volumes/Seagate Portable Drive/KYLE_AI_DATABASE/A_CAMERA/Focal_species/Gulo gulo/BDF10-M6/HC/2016/B&W/Robust marks/03.08-18.22/IMG_1672.JPG,IMG_1672.JPG,BDF10-M6_2016_201603081822_IMG_1672.jpg,0.8887776732444763,751.9053955078125,293.32769775390625,392.3177490234375,784.9760131835938,2048,1536,392,784
BDF10-M6,2016,201603081822,HC,0,/Volumes/Seagate Portable Drive/KYLE_AI_DATABASE/A_CAMERA/Focal_species/Gulo gulo/BDF10-M6/HC/2016/B&W/Robust marks/03.08-18.22/IMG_1673.JPG,IMG_1673.JPG,BDF10-M6_2016_201603081822_IMG_1673.jpg,0.9303781986236572,735.8863525390625,138.9155731201172,411.228759765625,971.1012573242188,2048,1536,411,971
BDF10-M6,2016,201603081822,HC,0,/Volumes/Seagate Portable Drive/KYLE_AI_DATABASE/A_CAMERA/Focal_species/Gulo gulo/BDF10-M6/HC/2016/B&W/Robust marks/03.08-18.22/IMG_1674.JPG,IMG_1674.JPG,BDF10-M6_2016_201603081822_IMG_1674.jpg,0.9193071722984314,734.931396484375,142.67742919921875,418.17333984375,933.9456176757812,2048,1536,418,933
BDF10-M6,2016,201603081822,HC,0,/Volumes/Seagate Portable Drive/KYLE_AI_DATABASE/A_CAMERA/Focal_species/Gulo gulo/BDF10-M6/HC/2016/B&W/Robust marks/03.08-18.22/IMG_1675.JPG,IMG_1675.JPG,BDF10-M6_2016_201603081822_IMG_1675.jpg,0.9173249006271362,733.0524291992188,83.89155578613281,413.52801513671875,992.7363891601562,2048,1536,413,992
BDF10-M6,2016,201603081822,HC,0,/Volumes/Seagate Portable Drive/KYLE_AI_DATABASE/A_CAMERA/Focal_species/Gulo gulo/BDF10-M6/HC/2016/B&W/Robust marks/03.08-18.22/IMG_1676.JPG,IMG_1676.JPG,BDF10-M6_2016_201603081822_IMG_1676.jpg,0.9238957762718201,737.17431640625,218.5301055908203,522.614013671875,907.7933959960938,2048,1536,522,907
BDF10-M6,2016,201603081822,HC,0,/Volumes/Seagate Portable Drive/KYLE_AI_DATABASE/A_CAMERA/Focal_species/Gulo gulo/BDF10-M6/HC/2016/B&W/Robust marks/03.08-18.22/IMG_1677.JPG,IMG_1677.JPG,BDF10-M6_2016_201603081822_IMG_1677.jpg,0.958073079586029,892.2174072265625,123.7049560546875,384.00146484375,935.9034423828125,2048,1536,384,935
BDF10-M6,2016,201603081822,HC,0,/Volumes/Seagate Portable Drive/KYLE_AI_DATABASE/A_CAMERA/Focal_species/Gulo gulo/BDF10-M6/HC/2016/B&W/Robust marks/03.08-18.22/IMG_1678.JPG,IMG_1678.JPG,BDF10-M6_2016_201603081822_IMG_1678.jpg,0.9306376576423645,919.06982421875,151.69683837890625,393.840087890625,929.4796752929688,2048,1536,393,929
BDF10-M6,2016,201603081822,HC,0,/Volumes/Seagate Portable Drive/KYLE_AI_DATABASE/A_CAMERA/Focal_species/Gulo gulo/BDF10-M6/HC/2016/B&W/Robust marks/03.08-18.22/IMG_1679.JPG,IMG_1679.JPG,BDF10-M6_2016_201603081822_IMG_1679.jpg,0.9205425381660461,929.046630859375,198.94949340820312,346.2919921875,890.3983154296875,2048,1536,346,890
BDF10-M6,2016,201603081822,HC,0,/Volumes/Seagate Portable Drive/KYLE_AI_DATABASE/A_CAMERA/Focal_species/Gulo gulo/BDF10-M6/HC/2016/B&W/Robust marks/03.08-18.22/IMG_1680.JPG,IMG_1680.JPG,BDF10-M6_2016_201603081822_IMG_1680.jpg,0.8476142883300781,935.2744750976562,99.85057067871094,334.54498291015625,961.4027099609375,2048,1536,334,961
BDF10-M6,2016,201603081822,HC,0,/Volumes/Seagate Portable Drive/KYLE_AI_DATABASE/A_CAMERA/Focal_species/Gulo gulo/BDF10-M6/HC/2016/B&W/Robust marks/03.08-18.22/IMG_1681.JPG,IMG_1681.JPG,BDF10-M6_2016_201603081822_IMG_1681.jpg,0.9003764986991882,936.3312377929688,321.86328125,331.05780029296875,758.628662109375,2048,1536,331,758
BDF10-M6,2016,201603081822,HC,0,/Volumes/Seagate Portable Drive/KYLE_AI_DATABASE/A_CAMERA/Focal_species/Gulo gulo/BDF10-M6/HC/2016/B&W/Robust marks/03.08-18.22/IMG_1682.JPG,IMG_1682.JPG,BDF10-M6_2016_201603081822_IMG_1682.jpg,0.9193803071975708,909.76708984375,122.81497192382812,341.263427734375,991.568359375,2048,1536,341,991
BDF10-M6,2016,201603081822,HC,0,/Volumes/Seagate Portable Drive/KYLE_AI_DATABASE/A_CAMERA/Focal_species/Gulo gulo/BDF10-M6/HC/2016/B&W/Robust marks/03.08-18.22/IMG_1683.JPG,IMG_1683.JPG,BDF10-M6_2016_201603081822_IMG_1683.jpg,0.8967615365982056,953.6165161132812,241.74732971191406,325.37835693359375,848.9039306640625,2048,1536,325,848
BDF10-M6,2016,201603081822,HC,0,/Volumes/Seagate Portable Drive/KYLE_AI_DATABASE/A_CAMERA/Focal_species/Gulo gulo/BDF10-M6/HC/2016/B&W/Robust marks/03.08-18.22/IMG_1684.JPG,IMG_1684.JPG,BDF10-M6_2016_201603081822_IMG_1684.jpg,0.932611346244812,972.5946044921875,156.83734130859375,310.056884765625,983.2229614257812,2048,1536,310,983
BDF10-M6,2016,201603081822,HC,0,/Volumes/Seagate Portable Drive/KYLE_AI_DATABASE/A_CAMERA/Focal_species/Gulo gulo/BDF10-M6/HC/2016/B&W/Robust marks/03.08-18.22/IMG_1685.JPG,IMG_1685.JPG,BDF10-M6_2016_201603081822_IMG_1685.jpg,0.9332726001739502,981.8536376953125,132.34364318847656,319.286865234375,970.8712158203125,2048,1536,319,970
BDF10-M6,2016,201603081822,HC,0,/Volumes/Seagate Portable Drive/KYLE_AI_DATABASE/A_CAMERA/Focal_species/Gulo gulo/BDF10-M6/HC/2016/B&W/Robust marks/03.08-18.22/IMG_1686.JPG,IMG_1686.JPG,BDF10-M6_2016_201603081822_IMG_1686.jpg,0.9402840733528137,986.7898559570312,158.7644805908203,314.65643310546875,952.8333129882812,2048,1536,314,952
BDF10-M6,2016,201603081822,HC,0,/Volumes/Seagate Portable Drive/KYLE_AI_DATABASE/A_CAMERA/Focal_species/Gulo gulo/BDF10-M6/HC/2016/B&W/Robust marks/03.08-18.22/IMG_1687.JPG,IMG_1687.JPG,BDF10-M6_2016_201603081822_IMG_1687.jpg,0.9527937769889832,956.646240234375,176.63768005371094,355.328857421875,981.60302734375,2048,1536,355,981
BDF10-M6,2016,201603081822,HC,0,/Volumes/Seagate Portable Drive/KYLE_AI_DATABASE/A_CAMERA/Focal_species/Gulo gulo/BDF10-M6/HC/2016/B&W/Robust marks/03.08-18.22/IMG_1688.JPG,IMG_1688.JPG,BDF10-M6_2016_201603081822_IMG_1688.jpg,0.9472082853317261,966.736083984375,178.81732177734375,333.92724609375,954.4053344726562,2048,1536,333,954
BDF10-M6,2016,201603081822,HC,0,/Volumes/Seagate Portable Drive/KYLE_AI_DATABASE/A_CAMERA/Focal_species/Gulo gulo/BDF10-M6/HC/2016/B&W/Robust marks/03.08-18.22/IMG_1689.JPG,IMG_1689.JPG,BDF10-M6_2016_201603081822_IMG_1689.jpg,0.9142032861709595,975.0006713867188,175.97364807128906,331.41937255859375,981.798095703125,2048,1536,331,981
BDF10-M6,2016,201603081822,HC,0,/Volumes/Seagate Portable Drive/KYLE_AI_DATABASE/A_CAMERA/Focal_species/Gulo gulo/BDF10-M6/HC/2016/B&W/Robust marks/03.08-18.22/IMG_1690.JPG,IMG_1690.JPG,BDF10-M6_2016_201603081822_IMG_1690.jpg,0.9377119541168213,925.7342529296875,175.5929718017578,384.431884765625,982.0969848632812,2048,1536,384,982
BDF10-M6,2016,201603081822,HC,0,/Volumes/Seagate Portable Drive/KYLE_AI_DATABASE/A_CAMERA/Focal_species/Gulo gulo/BDF10-M6/HC/2016/B&W/Robust marks/03.08-18.22/IMG_1691.JPG,IMG_1691.JPG,BDF10-M6_2016_201603081822_IMG_1691.jpg,0.947044312953949,931.2241821289062,173.2459259033203,384.61688232421875,981.8485717773438,2048,1536,384,981
BDF10-M6,2016,201603081822,HC,0,/Volumes/Seagate Portable Drive/KYLE_AI_DATABASE/A_CAMERA/Focal_species/Gulo gulo/BDF10-M6/HC/2016/B&W/Robust marks/03.08-18.22/IMG_1692.JPG,IMG_1692.JPG,BDF10-M6_2016_201603081822_IMG_1692.jpg,0.8898369073867798,925.287841796875,312.39825439453125,387.69287109375,834.2803344726562,2048,1536,387,834
BDF10-M6,2016,201603081822,HC,0,/Volumes/Seagate Portable Drive/KYLE_AI_DATABASE/A_CAMERA/Focal_species/Gulo gulo/BDF10-M6/HC/2016/B&W/Robust marks/03.08-18.22/IMG_1693.JPG,IMG_1693.JPG,BDF10-M6_2016_201603081822_IMG_1693.jpg,0.872482419013977,933.078125,303.45440673828125,377.306640625,931.7417602539062,2048,1536,377,931
BDF10-M6,2016,201603081822,HC,0,/Volumes/Seagate Portable Drive/KYLE_AI_DATABASE/A_CAMERA/Focal_species/Gulo gulo/BDF10-M6/HC/2016/B&W/Robust marks/03.08-18.22/IMG_1694.JPG,IMG_1694.JPG,BDF10-M6_2016_201603081822_IMG_1694.jpg,0.9160813093185425,928.214599609375,177.40219116210938,384.818359375,1059.6566162109375,2048,1536,384,1059
BDF10-M6,2016,201603081822,HC,0,/Volumes/Seagate Portable Drive/KYLE_AI_DATABASE/A_CAMERA/Focal_species/Gulo gulo/BDF10-M6/HC/2016/B&W/Robust marks/03.08-18.22/IMG_1695.JPG,IMG_1695.JPG,BDF10-M6_2016_201603081822_IMG_1695.jpg,0.9226641654968262,932.3193359375,317.44488525390625,377.440673828125,917.8703002929688,2048,1536,377,917
BDF10-M6,2016,201603081822,HC,0,/Volumes/Seagate Portable Drive/KYLE_AI_DATABASE/A_CAMERA/Focal_species/Gulo gulo/BDF10-M6/HC/2016/B&W/Robust marks/03.08-18.22/IMG_1696.JPG,IMG_1696.JPG,BDF10-M6_2016_201603081822_IMG_1696.jpg,0.9141073822975159,924.0044555664062,179.17506408691406,390.02532958984375,1059.258056640625,2048,1536,390,1059
BDF10-M6,2016,201603081822,HC,0,/Volumes/Seagate Portable Drive/KYLE_AI_DATABASE/A_CAMERA/Focal_species/Gulo gulo/BDF10-M6/HC/2016/B&W/Robust marks/03.08-18.22/IMG_1697.JPG,IMG_1697.JPG,BDF10-M6_2016_201603081822_IMG_1697.jpg,0.9527882933616638,912.9175415039062,176.9362335205078,406.09515380859375,1061.45068359375,2048,1536,406,1061
BDF10-M6,2016,201603081822,HC,0,/Volumes/Seagate Portable Drive/KYLE_AI_DATABASE/A_CAMERA/Focal_species/Gulo gulo/BDF10-M6/HC/2016/B&W/Robust marks/03.08-18.22/IMG_1698.JPG,IMG_1698.JPG,BDF10-M6_2016_201603081822_IMG_1698.jpg,0.9310979843139648,910.4974975585938,323.0545349121094,412.79254150390625,913.7501220703125,2048,1536,412,913
BDF10-M6,2016,201603081822,HC,0,/Volumes/Seagate Portable Drive/KYLE_AI_DATABASE/A_CAMERA/Focal_species/Gulo gulo/BDF10-M6/HC/2016/B&W/Robust marks/03.08-18.22/IMG_1699.JPG,IMG_1699.JPG,BDF10-M6_2016_201603081822_IMG_1699.jpg,0.9560508131980896,911.365966796875,174.44961547851562,409.03564453125,1060.7723388671875,2048,1536,409,1060
BDF10-M6,2016,201603081822,HC,0,/Volumes/Seagate Portable Drive/KYLE_AI_DATABASE/A_CAMERA/Focal_species/Gulo gulo/BDF10-M6/HC/2016/B&W/Robust marks/03.08-18.22/IMG_1700.JPG,IMG_1700.JPG,BDF10-M6_2016_201603081822_IMG_1700.jpg,0.960813581943512,916.1494140625,177.05181884765625,403.38232421875,1060.671142578125,2048,1536,403,1060
BDF10-M6,2016,201603081822,HC,0,/Volumes/Seagate Portable Drive/KYLE_AI_DATABASE/A_CAMERA/Focal_species/Gulo gulo/BDF10-M6/HC/2016/B&W/Robust marks/03.08-18.22/IMG_1701.JPG,IMG_1701.JPG,BDF10-M6_2016_201603081822_IMG_1701.jpg,0.9033822417259216,872.8018798828125,311.9273986816406,406.020263671875,768.091552734375,2048,1536,406,768
BDF10-M6,2016,201603081822,HC,0,/Volumes/Seagate Portable Drive/KYLE_AI_DATABASE/A_CAMERA/Focal_species/Gulo gulo/BDF10-M6/HC/2016/B&W/Robust marks/03.08-18.22/IMG_1702.JPG,IMG_1702.JPG,BDF10-M6_2016_201603081822_IMG_1702.jpg,0.940992534160614,879.4363403320312,316.4971618652344,411.74920654296875,832.396728515625,2048,1536,411,832
BDF10-M6,2016,201603081822,HC,0,/Volumes/Seagate Portable Drive/KYLE_AI_DATABASE/A_CAMERA/Focal_species/Gulo gulo/BDF10-M6/HC/2016/B&W/Robust marks/03.08-18.22/IMG_1703.JPG,IMG_1703.JPG,BDF10-M6_2016_201603081822_IMG_1703.jpg,0.9241513609886169,881.6033325195312,314.74798583984375,412.40155029296875,878.2949829101562,2048,1536,412,878
BDF10-M6,2016,201603081822,HC,0,/Volumes/Seagate Portable Drive/KYLE_AI_DATABASE/A_CAMERA/Focal_species/Gulo gulo/BDF10-M6/HC/2016/B&W/Robust marks/03.08-18.22/IMG_1704.JPG,IMG_1704.JPG,BDF10-M6_2016_201603081822_IMG_1704.jpg,0.9550948143005371,884.86328125,303.8068542480469,420.39111328125,931.7193603515625,2048,1536,420,931
BDF10-M6,2016,201603081822,HC,0,/Volumes/Seagate Portable Drive/KYLE_AI_DATABASE/A_CAMERA/Focal_species/Gulo gulo/BDF10-M6/HC/2016/B&W/Robust marks/03.08-18.22/IMG_1705.JPG,IMG_1705.JPG,BDF10-M6_2016_201603081822_IMG_1705.jpg,0.9530205726623535,880.6226196289062,307.2747802734375,424.95318603515625,929.7158203125,2048,1536,424,929
BDF10-M6,2016,201603081822,HC,0,/Volumes/Seagate Portable Drive/KYLE_AI_DATABASE/A_CAMERA/Focal_species/Gulo gulo/BDF10-M6/HC/2016/B&W/Robust marks/03.08-18.22/IMG_1706.JPG,IMG_1706.JPG,BDF10-M6_2016_201603081822_IMG_1706.jpg,0.9570053219795227,880.9446411132812,308.1973571777344,426.18377685546875,926.6077880859375,2048,1536,426,926
BDF10-M6,2016,201603081822,HC,0,/Volumes/Seagate Portable Drive/KYLE_AI_DATABASE/A_CAMERA/Focal_species/Gulo gulo/BDF10-M6/HC/2016/B&W/Robust marks/03.08-18.22/IMG_1707.JPG,IMG_1707.JPG,BDF10-M6_2016_201603081822_IMG_1707.jpg,0.9482911229133606,882.1256713867188,308.1090087890625,426.39752197265625,928.2430419921875,2048,1536,426,928
BDF10-M6,2016,201603081822,HC,0,/Volumes/Seagate Portable Drive/KYLE_AI_DATABASE/A_CAMERA/Focal_species/Gulo gulo/BDF10-M6/HC/2016/B&W/Robust marks/03.08-18.22/IMG_1708.JPG,IMG_1708.JPG,BDF10-M6_2016_201603081822_IMG_1708.jpg,0.9541741609573364,875.540771484375,303.8960266113281,434.225830078125,931.735107421875,2048,1536,434,931
BDF10-M6,2016,201603081822,HC,0,/Volumes/Seagate Portable Drive/KYLE_AI_DATABASE/A_CAMERA/Focal_species/Gulo gulo/BDF10-M6/HC/2016/B&W/Robust marks/03.08-18.22/IMG_1709.JPG,IMG_1709.JPG,BDF10-M6_2016_201603081822_IMG_1709.jpg,0.9543465375900269,866.817138671875,311.29827880859375,443.60546875,926.7774047851562,2048,1536,443,926
BDF10-M6,2016,201603081822,HC,0,/Volumes/Seagate Portable Drive/KYLE_AI_DATABASE/A_CAMERA/Focal_species/Gulo gulo/BDF10-M6/HC/2016/B&W/Robust marks/03.08-18.22/IMG_1710.JPG,IMG_1710.JPG,BDF10-M6_2016_201603081822_IMG_1710.jpg,0.9410436749458313,878.4307861328125,340.5501708984375,429.53759765625,896.0716552734375,2048,1536,429,896
BDF10-M6,2016,201603081822,HC,0,/Volumes/Seagate Portable Drive/KYLE_AI_DATABASE/A_CAMERA/Focal_species/Gulo gulo/BDF10-M6/HC/2016/B&W/Robust marks/03.08-18.22/IMG_1711.JPG,IMG_1711.JPG,BDF10-M6_2016_201603081822_IMG_1711.jpg,0.915152370929718,881.8779296875,319.94403076171875,429.338623046875,824.6864624023438,2048,1536,429,824
BDF10-M6,2016,201603081822,HC,0,/Volumes/Seagate Portable Drive/KYLE_AI_DATABASE/A_CAMERA/Focal_species/Gulo gulo/BDF10-M6/HC/2016/B&W/Robust marks/03.08-18.22/IMG_1712.JPG,IMG_1712.JPG,BDF10-M6_2016_201603081822_IMG_1712.jpg,0.9472445249557495,877.9383544921875,300.1839294433594,405.2998046875,739.3050537109375,2048,1536,405,739
BDF10-M6,2016,201603081822,HC,0,/Volumes/Seagate Portable Drive/KYLE_AI_DATABASE/A_CAMERA/Focal_species/Gulo gulo/BDF10-M6/HC/2016/B&W/Robust marks/03.08-18.22/IMG_1713.JPG,IMG_1713.JPG,BDF10-M6_2016_201603081822_IMG_1713.jpg,0.9373050332069397,878.357177734375,300.6563415527344,412.09521484375,853.23046875,2048,1536,412,853
BDF10-M6,2016,201603081822,HC,0,/Volumes/Seagate Portable Drive/KYLE_AI_DATABASE/A_CAMERA/Focal_species/Gulo gulo/BDF10-M6/HC/2016/B&W/Robust marks/03.08-18.22/IMG_1714.JPG,IMG_1714.JPG,BDF10-M6_2016_201603081822_IMG_1714.jpg,0.9385688900947571,879.46630859375,315.72906494140625,413.37451171875,905.7333374023438,2048,1536,413,905
BDF10-M6,2016,201603081822,HC,0,/Volumes/Seagate Portable Drive/KYLE_AI_DATABASE/A_CAMERA/Focal_species/Gulo gulo/BDF10-M6/HC/2016/B&W/Robust marks/03.08-18.22/IMG_1715.JPG,IMG_1715.JPG,BDF10-M6_2016_201603081822_IMG_1715.jpg,0.9328822493553162,879.4053955078125,322.8983154296875,414.10498046875,856.5362548828125,2048,1536,414,856
BDF10-M6,2016,201603081822,HC,0,/Volumes/Seagate Portable Drive/KYLE_AI_DATABASE/A_CAMERA/Focal_species/Gulo gulo/BDF10-M6/HC/2016/B&W/Robust marks/03.08-18.22/IMG_1716.JPG,IMG_1716.JPG,BDF10-M6_2016_201603081822_IMG_1716.jpg,0.9287497401237488,878.1665649414062,321.23638916015625,416.37603759765625,822.6433715820312,2048,1536,416,822
BDF10-M6,2016,201603081822,HC,0,/Volumes/Seagate Portable Drive/KYLE_AI_DATABASE/A_CAMERA/Focal_species/Gulo gulo/BDF10-M6/HC/2016/B&W/Robust marks/03.08-18.22/IMG_1717.JPG,IMG_1717.JPG,BDF10-M6_2016_201603081822_IMG_1717.jpg,0.9649046659469604,812.826904296875,347.892333984375,492.504638671875,891.64794921875,2048,1536,492,891
BDF10-M6,2016,201603081822,HC,0,/Volumes/Seagate Portable Drive/KYLE_AI_DATABASE/A_CAMERA/Focal_species/Gulo gulo/BDF10-M6/HC/2016/B&W/Robust marks/03.08-18.22/IMG_1718.JPG,IMG_1718.JPG,BDF10-M6_2016_201603081822_IMG_1718.jpg,0.9479170441627502,732.6268920898438,556.9696044921875,582.3926391601562,682.642333984375,2048,1536,582,682
BDF10-M6,2016,201603081822,HC,0,/Volumes/Seagate Portable Drive/KYLE_AI_DATABASE/A_CAMERA/Focal_species/Gulo gulo/BDF10-M6/HC/2016/B&W/Robust marks/03.08-18.22/IMG_1719.JPG,IMG_1719.JPG,BDF10-M6_2016_201603081822_IMG_1719.jpg,0.9505161046981812,733.8802490234375,674.1253662109375,587.591552734375,487.4130859375,2048,1536,587,487
BDF10-M6,2016,201603081822,HC,0,/Volumes/Seagate Portable Drive/KYLE_AI_DATABASE/A_CAMERA/Focal_species/Gulo gulo/BDF10-M6/HC/2016/B&W/Robust marks/03.08-18.22/IMG_1720.JPG,IMG_1720.JPG,BDF10-M6_2016_201603081822_IMG_1720.jpg,0.9545256495475769,732.8685913085938,706.3985595703125,562.0632934570312,530.4510498046875,2048,1536,562,530
BDF10-M6,2016,201603081822,HC,0,/Volumes/Seagate Portable Drive/KYLE_AI_DATABASE/A_CAMERA/Focal_species/Gulo gulo/BDF10-M6/HC/2016/B&W/Robust marks/03.08-18.22/IMG_1721.JPG,IMG_1721.JPG,BDF10-M6_2016_201603081822_IMG_1721.jpg,0.9342061877250671,717.0699462890625,970.2437744140625,604.1502685546875,532.0008544921875,2048,1536,604,532
BDF10-M6,2016,201603081822,HC,0,/Volumes/Seagate Portable Drive/KYLE_AI_DATABASE/A_CAMERA/Focal_species/Gulo gulo/BDF10-M6/HC/2016/B&W/Robust marks/03.08-18.22/IMG_1722.JPG,IMG_1722.JPG,BDF10-M6_2016_201603081822_IMG_1722.jpg,0.9722275733947754,639.5725708007812,837.0708618164062,1036.30615234375,666.0087280273438,2048,1536,1036,666
BDF10-M6,2016,201603081822,HC,0,/Volumes/Seagate Portable Drive/KYLE_AI_DATABASE/A_CAMERA/Focal_species/Gulo gulo/BDF10-M6/HC/2016/B&W/Robust marks/03.08-18.22/IMG_1723.JPG,IMG_1723.JPG,BDF10-M6_2016_201603081822_IMG_1723.jpg,0.9766819477081299,594.5093994140625,795.2977294921875,1149.146728515625,707.1810302734375,2048,1536,1149,707
BDF10-M6,2016,201603081822,HC,0,/Volumes/Seagate Portable Drive/KYLE_AI_DATABASE/A_CAMERA/Focal_species/Gulo gulo/BDF10-M6/HC/2016/B&W/Robust marks/03.08-18.22/IMG_1724.JPG,IMG_1724.JPG,BDF10-M6_2016_201603081822_IMG_1724.jpg,0.977380633354187,637.5574951171875,622.0262451171875,1160.042236328125,881.1573486328125,2048,1536,1160,881
BDF10-M6,2016,201603081822,HC,0,/Volumes/Seagate Portable Drive/KYLE_AI_DATABASE/A_CAMERA/Focal_species/Gulo gulo/BDF10-M6/HC/2016/B&W/Robust marks/03.08-18.22/IMG_1725.JPG,IMG_1725.JPG,BDF10-M6_2016_201603081822_IMG_1725.jpg,0.9771222472190857,560.083984375,758.837158203125,1186.829345703125,743.9913330078125,2048,1536,1186,743
BDF10-M6,2016,201603081822,HC,0,/Volumes/Seagate Portable Drive/KYLE_AI_DATABASE/A_CAMERA/Focal_species/Gulo gulo/BDF10-M6/HC/2016/B&W/Robust marks/03.08-18.22/IMG_1726.JPG,IMG_1726.JPG,BDF10-M6_2016_201603081822_IMG_1726.jpg,0.9797918200492859,539.6517944335938,730.9859619140625,1193.51904296875,771.74853515625,2048,1536,1193,771
BDF10-M6,2016,201603081822,HC,0,/Volumes/Seagate Portable Drive/KYLE_AI_DATABASE/A_CAMERA/Focal_species/Gulo gulo/BDF10-M6/HC/2016/B&W/Robust marks/03.08-18.22/IMG_1727.JPG,IMG_1727.JPG,BDF10-M6_2016_201603081822_IMG_1727.jpg,0.9791005849838257,540.8497314453125,735.1649780273438,1194.951416015625,767.6924438476562,2048,1536,1194,767
BDF10-M6,2016,201603081822,HC,0,/Volumes/Seagate Portable Drive/KYLE_AI_DATABASE/A_CAMERA/Focal_species/Gulo gulo/BDF10-M6/HC/2016/B&W/Robust marks/03.08-18.22/IMG_1728.JPG,IMG_1728.JPG,BDF10-M6_2016_201603081822_IMG_1728.jpg,0.9741716980934143,532.4666748046875,745.1583251953125,1195.367919921875,757.486083984375,2048,1536,1195,757
BDF10-M6,2016,201603081822,HC,0,/Volumes/Seagate Portable Drive/KYLE_AI_DATABASE/A_CAMERA/Focal_species/Gulo gulo/BDF10-M6/HC/2016/B&W/Robust marks/03.08-18.22/IMG_1729.JPG,IMG_1729.JPG,BDF10-M6_2016_201603081822_IMG_1729.jpg,0.9787926077842712,541.7945556640625,779.9041748046875,1177.539794921875,723.266357421875,2048,1536,1177,723
BDF10-M6,2016,201603081822,HC,0,/Volumes/Seagate Portable Drive/KYLE_AI_DATABASE/A_CAMERA/Focal_species/Gulo gulo/BDF10-M6/HC/2016/B&W/Robust marks/03.08-18.22/IMG_1730.JPG,IMG_1730.JPG,BDF10-M6_2016_201603081822_IMG_1730.jpg,0.9585976004600525,619.083984375,524.8390502929688,582.432373046875,977.5430297851562,2048,1536,582,977
BDF10-M6,2016,201603081822,HC,0,/Volumes/Seagate Portable Drive/KYLE_AI_DATABASE/A_CAMERA/Focal_species/Gulo gulo/BDF10-M6/HC/2016/B&W/Robust marks/03.08-18.22/IMG_1731.JPG,IMG_1731.JPG,BDF10-M6_2016_201603081822_IMG_1731.jpg,0.9505808353424072,680.95556640625,895.1160888671875,576.5960693359375,607.907470703125,2048,1536,576,607
BDF10-M6,2016,201603081822,HC,0,/Volumes/Seagate Portable Drive/KYLE_AI_DATABASE/A_CAMERA/Focal_species/Gulo gulo/BDF10-M6/HC/2016/B&W/Robust marks/03.08-18.22/IMG_1732.JPG,IMG_1732.JPG,BDF10-M6_2016_201603081822_IMG_1732.jpg,0.9496266841888428,727.673583984375,812.263916015625,633.581298828125,690.430419921875,2048,1536,633,690
BDF10-M6,2016,201603081822,HC,0,/Volumes/Seagate Portable Drive/KYLE_AI_DATABASE/A_CAMERA/Focal_species/Gulo gulo/BDF10-M6/HC/2016/B&W/Robust marks/03.08-18.22/IMG_1733.JPG,IMG_1733.JPG,BDF10-M6_2016_201603081822_IMG_1733.jpg,0.9564346671104431,805.6265258789062,771.96728515625,599.6808471679688,730.8692626953125,2048,1536,599,730
BDF10-M6,2016,201603081822,HC,0,/Volumes/Seagate Portable Drive/KYLE_AI_DATABASE/A_CAMERA/Focal_species/Gulo gulo/BDF10-M6/HC/2016/B&W/Robust marks/03.08-18.22/IMG_1734.JPG,IMG_1734.JPG,BDF10-M6_2016_201603081822_IMG_1734.jpg,0.846351683139801,625.0564575195312,1200.9453125,879.0394897460938,302.449951171875,2048,1536,879,302
BDF10-M6,2016,201603081822,HC,0,/Volumes/Seagate Portable Drive/KYLE_AI_DATABASE/A_CAMERA/Focal_species/Gulo gulo/BDF10-M6/HC/2016/B&W/Robust marks/03.08-18.22/IMG_1735.JPG,IMG_1735.JPG,BDF10-M6_2016_201603081822_IMG_1735.jpg,0.8878825902938843,622.7568359375,1397.259765625,588.54296875,105.319091796875,2048,1536,588,105
BDF10-M6,2016,201603081822,HC,0,/Volumes/Seagate Portable Drive/KYLE_AI_DATABASE/A_CAMERA/Focal_species/Gulo gulo/BDF10-M6/HC/2016/B&W/Robust marks/03.08-18.22/IMG_1736.JPG,IMG_1736.JPG,BDF10-M6_2016_201603081822_IMG_1736.jpg,0.8906548619270325,622.1311645507812,1397.63037109375,590.3671264648438,104.97705078125,2048,1536,590,104
BDF10-M6,2016,201603081822,HC,0,/Volumes/Seagate Portable Drive/KYLE_AI_DATABASE/A_CAMERA/Focal_species/Gulo gulo/BDF10-M6/HC/2016/B&W/Robust marks/03.08-18.22/IMG_1737.JPG,IMG_1737.JPG,BDF10-M6_2016_201603081822_IMG_1737.jpg,0.8680823445320129,622.08251953125,1397.4964599609375,590.019287109375,105.20947265625,2048,1536,590,105
BDF10-M6,2016,201603081822,HC,0,/Volumes/Seagate Portable Drive/KYLE_AI_DATABASE/A_CAMERA/Focal_species/Gulo gulo/BDF10-M6/HC/2016/B&W/Robust marks/03.08-18.22/IMG_1738.JPG,IMG_1738.JPG,BDF10-M6_2016_201603081822_IMG_1738.jpg,0.8842743635177612,622.9171142578125,1397.36962890625,589.3345947265625,105.2344970703125,2048,1536,589,105
BDF10-M6,2016,201603081822,HC,0,/Volumes/Seagate Portable Drive/KYLE_AI_DATABASE/A_CAMERA/Focal_species/Gulo gulo/BDF10-M6/HC/2016/B&W/Robust marks/03.08-18.22/IMG_1739.JPG,IMG_1739.JPG,BDF10-M6_2016_201603081822_IMG_1739.jpg,0.8643441796302795,623.2545166015625,1397.501220703125,589.4234619140625,105.13232421875,2048,1536,589,105
BDF10-M6,2016,201603081822,HC,0,/Volumes/Seagate Portable Drive/KYLE_AI_DATABASE/A_CAMERA/Focal_species/Gulo gulo/BDF10-M6/HC/2016/B&W/Robust marks/03.08-18.22/IMG_1740.JPG,IMG_1740.JPG,BDF10-M6_2016_201603081822_IMG_1740.jpg,0.8836275935173035,623.47705078125,1397.635009765625,589.2147216796875,105.0029296875,2048,1536,589,105
