id,year,ymdh,station,color,original_path,original_filename,crop_filename,confidence,bbox_x,bbox_y,bbox_width,bbox_height,image_width,image_height,crop_width,crop_height
HFW12-F7,2016,201604070228,DM,0,/Volumes/Seagate Portable Drive/KYLE_AI_DATABASE/A_CAMERA/Focal_species/Gulo gulo/HFW12-F7/DM/2016/B&W/Robust marks/04.07-02.28/IMG_0612.JPG,IMG_0612.JPG,HFW12-F7_2016_201604070228_IMG_0612.jpg,0.8394284844398499,602.4780883789062,979.548095703125,319.4747314453125,342.4652099609375,2048,1536,319,342
HFW12-F7,2016,201604070228,DM,0,/Volumes/Seagate Portable Drive/KYLE_AI_DATABASE/A_CAMERA/Focal_species/Gulo gulo/HFW12-F7/DM/2016/B&W/Robust marks/04.07-02.28/IMG_0614.JPG,IMG_0614.JPG,HFW12-F7_2016_201604070228_IMG_0614.jpg,0.9298245906829834,512.9656372070312,688.0516357421875,320.6246337890625,586.862060546875,2048,1536,320,586
HFW12-F7,2016,201604070228,DM,0,/Volumes/Seagate Portable Drive/KYLE_AI_DATABASE/A_CAMERA/Focal_species/Gulo gulo/HFW12-F7/DM/2016/B&W/Robust marks/04.07-02.28/IMG_0615.JPG,IMG_0615.JPG,HFW12-F7_2016_201604070228_IMG_0615.jpg,0.8617562651634216,473.6240234375,355.70220947265625,362.3538818359375,983.5344848632812,2048,1536,362,983
HFW12-F7,2016,201604070228,DM,0,/Volumes/Seagate Portable Drive/KYLE_AI_DATABASE/A_CAMERA/Focal_species/Gulo gulo/HFW12-F7/DM/2016/B&W/Robust marks/04.07-02.28/IMG_0619.JPG,IMG_0619.JPG,HFW12-F7_2016_201604070228_IMG_0619.jpg,0.8871679902076721,425.05438232421875,412.10308837890625,393.1707763671875,864.5997924804688,2048,1536,393,864
HFW12-F7,2016,201604070228,DM,0,/Volumes/Seagate Portable Drive/KYLE_AI_DATABASE/A_CAMERA/Focal_species/Gulo gulo/HFW12-F7/DM/2016/B&W/Robust marks/04.07-02.28/IMG_0622.JPG,IMG_0622.JPG,HFW12-F7_2016_201604070228_IMG_0622.jpg,0.8679169416427612,425.98394775390625,394.139404296875,537.6055908203125,912.5440673828125,2048,1536,537,912
HFW12-F7,2016,201604070228,DM,0,/Volumes/Seagate Portable Drive/KYLE_AI_DATABASE/A_CAMERA/Focal_species/Gulo gulo/HFW12-F7/DM/2016/B&W/Robust marks/04.07-02.28/IMG_0625.JPG,IMG_0625.JPG,HFW12-F7_2016_201604070228_IMG_0625.jpg,0.8829296827316284,428.96405029296875,278.2330627441406,392.978271484375,1004.918701171875,2048,1536,392,1004
HFW12-F7,2016,201604070228,DM,0,/Volumes/Seagate Portable Drive/KYLE_AI_DATABASE/A_CAMERA/Focal_species/Gulo gulo/HFW12-F7/DM/2016/B&W/Robust marks/04.07-02.28/IMG_0627.JPG,IMG_0627.JPG,HFW12-F7_2016_201604070228_IMG_0627.jpg,0.8542850613594055,433.8748779296875,285.82672119140625,395.08837890625,1008.1078491210938,2048,1536,395,1008
HFW12-F7,2016,201604070228,DM,0,/Volumes/Seagate Portable Drive/KYLE_AI_DATABASE/A_CAMERA/Focal_species/Gulo gulo/HFW12-F7/DM/2016/B&W/Robust marks/04.07-02.28/IMG_0629.JPG,IMG_0629.JPG,HFW12-F7_2016_201604070228_IMG_0629.jpg,0.8148413300514221,432.7788391113281,366.66070556640625,380.3628845214844,970.0619506835938,2048,1536,380,970
HFW12-F7,2016,201604070228,DM,0,/Volumes/Seagate Portable Drive/KYLE_AI_DATABASE/A_CAMERA/Focal_species/Gulo gulo/HFW12-F7/DM/2016/B&W/Robust marks/04.07-02.28/IMG_0630.JPG,IMG_0630.JPG,HFW12-F7_2016_201604070228_IMG_0630.jpg,0.8083530068397522,434.99627685546875,363.9125061035156,382.0145263671875,959.875,2048,1536,382,959
HFW12-F7,2016,201604070228,DM,0,/Volumes/Seagate Portable Drive/KYLE_AI_DATABASE/A_CAMERA/Focal_species/Gulo gulo/HFW12-F7/DM/2016/B&W/Robust marks/04.07-02.28/IMG_0632.JPG,IMG_0632.JPG,HFW12-F7_2016_201604070228_IMG_0632.jpg,0.8348827362060547,447.2425231933594,291.57037353515625,346.7767639160156,1001.1450805664062,2048,1536,346,1001
HFW12-F7,2016,201604070228,DM,0,/Volumes/Seagate Portable Drive/KYLE_AI_DATABASE/A_CAMERA/Focal_species/Gulo gulo/HFW12-F7/DM/2016/B&W/Robust marks/04.07-02.28/IMG_0635.JPG,IMG_0635.JPG,HFW12-F7_2016_201604070228_IMG_0635.jpg,0.8162003755569458,445.659423828125,290.622314453125,348.5758056640625,1005.675537109375,2048,1536,348,1005
HFW12-F7,2016,201604070228,DM,0,/Volumes/Seagate Portable Drive/KYLE_AI_DATABASE/A_CAMERA/Focal_species/Gulo gulo/HFW12-F7/DM/2016/B&W/Robust marks/04.07-02.28/IMG_0641.JPG,IMG_0641.JPG,HFW12-F7_2016_201604070228_IMG_0641.jpg,0.8272820115089417,434.61273193359375,105.10111999511719,371.0235595703125,1310.829833984375,2048,1536,371,1310
HFW12-F7,2016,201604070228,DM,0,/Volumes/Seagate Portable Drive/KYLE_AI_DATABASE/A_CAMERA/Focal_species/Gulo gulo/HFW12-F7/DM/2016/B&W/Robust marks/04.07-02.28/IMG_0643.JPG,IMG_0643.JPG,HFW12-F7_2016_201604070228_IMG_0643.jpg,0.838698148727417,453.05047607421875,374.6426696777344,373.5570068359375,899.9298095703125,2048,1536,373,899
HFW12-F7,2016,201604070228,DM,0,/Volumes/Seagate Portable Drive/KYLE_AI_DATABASE/A_CAMERA/Focal_species/Gulo gulo/HFW12-F7/DM/2016/B&W/Robust marks/04.07-02.28/IMG_0644.JPG,IMG_0644.JPG,HFW12-F7_2016_201604070228_IMG_0644.jpg,0.8220465183258057,456.32257080078125,296.365234375,360.160400390625,972.76220703125,2048,1536,360,972
HFW12-F7,2016,201604070228,DM,0,/Volumes/Seagate Portable Drive/KYLE_AI_DATABASE/A_CAMERA/Focal_species/Gulo gulo/HFW12-F7/DM/2016/B&W/Robust marks/04.07-02.28/IMG_0647.JPG,IMG_0647.JPG,HFW12-F7_2016_201604070228_IMG_0647.jpg,0.8301816582679749,431.90673828125,117.22206115722656,421.3128662109375,1304.1781005859375,2048,1536,421,1304
HFW12-F7,2016,201604070228,DM,0,/Volumes/Seagate Portable Drive/KYLE_AI_DATABASE/A_CAMERA/Focal_species/Gulo gulo/HFW12-F7/DM/2016/B&W/Robust marks/04.07-02.28/IMG_0648.JPG,IMG_0648.JPG,HFW12-F7_2016_201604070228_IMG_0648.jpg,0.8564726114273071,465.03277587890625,78.48788452148438,410.8079833984375,1366.1025390625,2048,1536,410,1366
HFW12-F7,2016,201604070228,DM,0,/Volumes/Seagate Portable Drive/KYLE_AI_DATABASE/A_CAMERA/Focal_species/Gulo gulo/HFW12-F7/DM/2016/B&W/Robust marks/04.07-02.28/IMG_0653.JPG,IMG_0653.JPG,HFW12-F7_2016_201604070228_IMG_0653.jpg,0.8235266804695129,450.1857604980469,98.99555969238281,328.3656311035156,1329.43994140625,2048,1536,328,1329
HFW12-F7,2016,201604070228,DM,0,/Volumes/Seagate Portable Drive/KYLE_AI_DATABASE/A_CAMERA/Focal_species/Gulo gulo/HFW12-F7/DM/2016/B&W/Robust marks/04.07-02.28/IMG_0654.JPG,IMG_0654.JPG,HFW12-F7_2016_201604070228_IMG_0654.jpg,0.8481123447418213,453.9351806640625,71.23091125488281,339.5726318359375,1257.63232421875,2048,1536,339,1257
HFW12-F7,2016,201604070228,DM,0,/Volumes/Seagate Portable Drive/KYLE_AI_DATABASE/A_CAMERA/Focal_species/Gulo gulo/HFW12-F7/DM/2016/B&W/Robust marks/04.07-02.28/IMG_0655.JPG,IMG_0655.JPG,HFW12-F7_2016_201604070228_IMG_0655.jpg,0.8422341346740723,447.5008544921875,109.52719116210938,305.2655029296875,1229.956298828125,2048,1536,305,1229
HFW12-F7,2016,201604070228,DM,0,/Volumes/Seagate Portable Drive/KYLE_AI_DATABASE/A_CAMERA/Focal_species/Gulo gulo/HFW12-F7/DM/2016/B&W/Robust marks/04.07-02.28/IMG_0664.JPG,IMG_0664.JPG,HFW12-F7_2016_201604070228_IMG_0664.jpg,0.8560457229614258,461.86993408203125,371.793212890625,352.0059814453125,930.9937744140625,2048,1536,352,930
HFW12-F7,2016,201604070228,DM,0,/Volumes/Seagate Portable Drive/KYLE_AI_DATABASE/A_CAMERA/Focal_species/Gulo gulo/HFW12-F7/DM/2016/B&W/Robust marks/04.07-02.28/IMG_0667.JPG,IMG_0667.JPG,HFW12-F7_2016_201604070228_IMG_0667.jpg,0.8620533347129822,461.6560974121094,361.4732666015625,338.5845031738281,939.194091796875,2048,1536,338,939
HFW12-F7,2016,201604070228,DM,0,/Volumes/Seagate Portable Drive/KYLE_AI_DATABASE/A_CAMERA/Focal_species/Gulo gulo/HFW12-F7/DM/2016/B&W/Robust marks/04.07-02.28/IMG_0669.JPG,IMG_0669.JPG,HFW12-F7_2016_201604070228_IMG_0669.jpg,0.8192216753959656,431.23760986328125,281.48394775390625,375.7198486328125,1082.31005859375,2048,1536,375,1082
HFW12-F7,2016,201604070228,DM,0,/Volumes/Seagate Portable Drive/KYLE_AI_DATABASE/A_CAMERA/Focal_species/Gulo gulo/HFW12-F7/DM/2016/B&W/Robust marks/04.07-02.28/IMG_0677.JPG,IMG_0677.JPG,HFW12-F7_2016_201604070228_IMG_0677.jpg,0.8550257682800293,437.86871337890625,279.65020751953125,363.3948974609375,1046.828125,2048,1536,363,1046
HFW12-F7,2016,201604070228,DM,0,/Volumes/Seagate Portable Drive/KYLE_AI_DATABASE/A_CAMERA/Focal_species/Gulo gulo/HFW12-F7/DM/2016/B&W/Robust marks/04.07-02.28/IMG_0678.JPG,IMG_0678.JPG,HFW12-F7_2016_201604070228_IMG_0678.jpg,0.8102046847343445,438.5437927246094,273.20025634765625,360.1125793457031,1062.762939453125,2048,1536,360,1062
HFW12-F7,2016,201604070228,DM,0,/Volumes/Seagate Portable Drive/KYLE_AI_DATABASE/A_CAMERA/Focal_species/Gulo gulo/HFW12-F7/DM/2016/B&W/Robust marks/04.07-02.28/IMG_0679.JPG,IMG_0679.JPG,HFW12-F7_2016_201604070228_IMG_0679.jpg,0.8379533886909485,435.07989501953125,299.4412536621094,359.2315673828125,1024.0242919921875,2048,1536,359,1024
HFW12-F7,2016,201604070228,DM,0,/Volumes/Seagate Portable Drive/KYLE_AI_DATABASE/A_CAMERA/Focal_species/Gulo gulo/HFW12-F7/DM/2016/B&W/Robust marks/04.07-02.28/IMG_0680.JPG,IMG_0680.JPG,HFW12-F7_2016_201604070228_IMG_0680.jpg,0.8989558219909668,435.1723937988281,290.1600036621094,364.3780212402344,984.2783203125,2048,1536,364,984
HFW12-F7,2016,201604070228,DM,0,/Volumes/Seagate Portable Drive/KYLE_AI_DATABASE/A_CAMERA/Focal_species/Gulo gulo/HFW12-F7/DM/2016/B&W/Robust marks/04.07-02.28/IMG_0681.JPG,IMG_0681.JPG,HFW12-F7_2016_201604070228_IMG_0681.jpg,0.8516004085540771,424.3166198730469,289.80670166015625,372.0462951660156,988.6715698242188,2048,1536,372,988
HFW12-F7,2016,201604070228,DM,0,/Volumes/Seagate Portable Drive/KYLE_AI_DATABASE/A_CAMERA/Focal_species/Gulo gulo/HFW12-F7/DM/2016/B&W/Robust marks/04.07-02.28/IMG_0683.JPG,IMG_0683.JPG,HFW12-F7_2016_201604070228_IMG_0683.jpg,0.8780937790870667,448.047119140625,290.05548095703125,365.4747314453125,985.5499877929688,2048,1536,365,985
HFW12-F7,2016,201604070228,DM,0,/Volumes/Seagate Portable Drive/KYLE_AI_DATABASE/A_CAMERA/Focal_species/Gulo gulo/HFW12-F7/DM/2016/B&W/Robust marks/04.07-02.28/IMG_0684.JPG,IMG_0684.JPG,HFW12-F7_2016_201604070228_IMG_0684.jpg,0.8343528509140015,442.48193359375,279.85516357421875,342.7119140625,1028.353271484375,2048,1536,342,1028
HFW12-F7,2016,201604070228,DM,0,/Volumes/Seagate Portable Drive/KYLE_AI_DATABASE/A_CAMERA/Focal_species/Gulo gulo/HFW12-F7/DM/2016/B&W/Robust marks/04.07-02.28/IMG_0686.JPG,IMG_0686.JPG,HFW12-F7_2016_201604070228_IMG_0686.jpg,0.8277128338813782,429.6385498046875,281.1434326171875,351.834716796875,1057.0335693359375,2048,1536,351,1057
HFW12-F7,2016,201604070228,DM,0,/Volumes/Seagate Portable Drive/KYLE_AI_DATABASE/A_CAMERA/Focal_species/Gulo gulo/HFW12-F7/DM/2016/B&W/Robust marks/04.07-02.28/IMG_0688.JPG,IMG_0688.JPG,HFW12-F7_2016_201604070228_IMG_0688.jpg,0.8064976334571838,427.151611328125,285.31121826171875,399.468505859375,1071.141357421875,2048,1536,399,1071
HFW12-F7,2016,201604070228,DM,0,/Volumes/Seagate Portable Drive/KYLE_AI_DATABASE/A_CAMERA/Focal_species/Gulo gulo/HFW12-F7/DM/2016/B&W/Robust marks/04.07-02.28/IMG_0691.JPG,IMG_0691.JPG,HFW12-F7_2016_201604070228_IMG_0691.jpg,0.8085919618606567,465.8587646484375,369.802490234375,334.6102294921875,1004.002685546875,2048,1536,334,1004
HFW12-F7,2016,201604070228,DM,0,/Volumes/Seagate Portable Drive/KYLE_AI_DATABASE/A_CAMERA/Focal_species/Gulo gulo/HFW12-F7/DM/2016/B&W/Robust marks/04.07-02.28/IMG_0692.JPG,IMG_0692.JPG,HFW12-F7_2016_201604070228_IMG_0692.jpg,0.8859303593635559,454.2540283203125,289.0518493652344,316.62060546875,984.4888916015625,2048,1536,316,984
HFW12-F7,2016,201604070228,DM,0,/Volumes/Seagate Portable Drive/KYLE_AI_DATABASE/A_CAMERA/Focal_species/Gulo gulo/HFW12-F7/DM/2016/B&W/Robust marks/04.07-02.28/IMG_0695.JPG,IMG_0695.JPG,HFW12-F7_2016_201604070228_IMG_0695.jpg,0.8576591610908508,440.6558837890625,285.85430908203125,367.9378662109375,1073.16357421875,2048,1536,367,1073
HFW12-F7,2016,201604070228,DM,0,/Volumes/Seagate Portable Drive/KYLE_AI_DATABASE/A_CAMERA/Focal_species/Gulo gulo/HFW12-F7/DM/2016/B&W/Robust marks/04.07-02.28/IMG_0696.JPG,IMG_0696.JPG,HFW12-F7_2016_201604070228_IMG_0696.jpg,0.849116325378418,438.65533447265625,293.112548828125,377.1934814453125,1051.527587890625,2048,1536,377,1051
HFW12-F7,2016,201604070228,DM,0,/Volumes/Seagate Portable Drive/KYLE_AI_DATABASE/A_CAMERA/Focal_species/Gulo gulo/HFW12-F7/DM/2016/B&W/Robust marks/04.07-02.28/IMG_0697.JPG,IMG_0697.JPG,HFW12-F7_2016_201604070228_IMG_0697.jpg,0.8370531797409058,446.0184631347656,282.87860107421875,346.1487731933594,1077.28759765625,2048,1536,346,1077
HFW12-F7,2016,201604070228,DM,0,/Volumes/Seagate Portable Drive/KYLE_AI_DATABASE/A_CAMERA/Focal_species/Gulo gulo/HFW12-F7/DM/2016/B&W/Robust marks/04.07-02.28/IMG_0705.JPG,IMG_0705.JPG,HFW12-F7_2016_201604070228_IMG_0705.jpg,0.8339316248893738,447.40234375,321.99859619140625,359.864501953125,976.9995727539062,2048,1536,359,976
HFW12-F7,2016,201604070228,DM,0,/Volumes/Seagate Portable Drive/KYLE_AI_DATABASE/A_CAMERA/Focal_species/Gulo gulo/HFW12-F7/DM/2016/B&W/Robust marks/04.07-02.28/IMG_0708.JPG,IMG_0708.JPG,HFW12-F7_2016_201604070228_IMG_0708.jpg,0.8189455270767212,456.2542724609375,306.92724609375,405.959228515625,1004.980224609375,2048,1536,405,1004
HFW12-F7,2016,201604070228,DM,0,/Volumes/Seagate Portable Drive/KYLE_AI_DATABASE/A_CAMERA/Focal_species/Gulo gulo/HFW12-F7/DM/2016/B&W/Robust marks/04.07-02.28/IMG_0710.JPG,IMG_0710.JPG,HFW12-F7_2016_201604070228_IMG_0710.jpg,0.8781512379646301,471.4600830078125,389.81268310546875,400.763427734375,883.7095336914062,2048,1536,400,883
HFW12-F7,2016,201604070228,DM,0,/Volumes/Seagate Portable Drive/KYLE_AI_DATABASE/A_CAMERA/Focal_species/Gulo gulo/HFW12-F7/DM/2016/B&W/Robust marks/04.07-02.28/IMG_0712.JPG,IMG_0712.JPG,HFW12-F7_2016_201604070228_IMG_0712.jpg,0.8098332285881042,474.93389892578125,284.841552734375,343.413818359375,1072.4713134765625,2048,1536,343,1072
HFW12-F7,2016,201604070228,DM,0,/Volumes/Seagate Portable Drive/KYLE_AI_DATABASE/A_CAMERA/Focal_species/Gulo gulo/HFW12-F7/DM/2016/B&W/Robust marks/04.07-02.28/IMG_0714.JPG,IMG_0714.JPG,HFW12-F7_2016_201604070228_IMG_0714.jpg,0.8565025329589844,472.11505126953125,292.9461364746094,342.0640869140625,1044.28173828125,2048,1536,342,1044
HFW12-F7,2016,201604070228,DM,0,/Volumes/Seagate Portable Drive/KYLE_AI_DATABASE/A_CAMERA/Focal_species/Gulo gulo/HFW12-F7/DM/2016/B&W/Robust marks/04.07-02.28/IMG_0715.JPG,IMG_0715.JPG,HFW12-F7_2016_201604070228_IMG_0715.jpg,0.8559460639953613,467.747802734375,280.9456787109375,352.1378173828125,1071.2303466796875,2048,1536,352,1071
HFW12-F7,2016,201604070228,DM,0,/Volumes/Seagate Portable Drive/KYLE_AI_DATABASE/A_CAMERA/Focal_species/Gulo gulo/HFW12-F7/DM/2016/B&W/Robust marks/04.07-02.28/IMG_0719.JPG,IMG_0719.JPG,HFW12-F7_2016_201604070228_IMG_0719.jpg,0.8213006258010864,470.05987548828125,383.1431884765625,339.298095703125,914.8919677734375,2048,1536,339,914
HFW12-F7,2016,201604070228,DM,0,/Volumes/Seagate Portable Drive/KYLE_AI_DATABASE/A_CAMERA/Focal_species/Gulo gulo/HFW12-F7/DM/2016/B&W/Robust marks/04.07-02.28/IMG_0721.JPG,IMG_0721.JPG,HFW12-F7_2016_201604070228_IMG_0721.jpg,0.8047361373901367,474.5060729980469,284.30816650390625,340.1773986816406,1030.424560546875,2048,1536,340,1030
HFW12-F7,2016,201604070228,DM,0,/Volumes/Seagate Portable Drive/KYLE_AI_DATABASE/A_CAMERA/Focal_species/Gulo gulo/HFW12-F7/DM/2016/B&W/Robust marks/04.07-02.28/IMG_0724.JPG,IMG_0724.JPG,HFW12-F7_2016_201604070228_IMG_0724.jpg,0.8411117792129517,464.7437744140625,281.75048828125,414.8304443359375,1008.13671875,2048,1536,414,1008
HFW12-F7,2016,201604070228,DM,0,/Volumes/Seagate Portable Drive/KYLE_AI_DATABASE/A_CAMERA/Focal_species/Gulo gulo/HFW12-F7/DM/2016/B&W/Robust marks/04.07-02.28/IMG_0726.JPG,IMG_0726.JPG,HFW12-F7_2016_201604070228_IMG_0726.jpg,0.8465410470962524,472.4847412109375,286.03271484375,420.347900390625,1000.9169921875,2048,1536,420,1000
HFW12-F7,2016,201604070228,DM,0,/Volumes/Seagate Portable Drive/KYLE_AI_DATABASE/A_CAMERA/Focal_species/Gulo gulo/HFW12-F7/DM/2016/B&W/Robust marks/04.07-02.28/IMG_0727.JPG,IMG_0727.JPG,HFW12-F7_2016_201604070228_IMG_0727.jpg,0.8486448526382446,481.2680358886719,285.8648681640625,405.7854309082031,991.3294677734375,2048,1536,405,991
HFW12-F7,2016,201604070228,DM,0,/Volumes/Seagate Portable Drive/KYLE_AI_DATABASE/A_CAMERA/Focal_species/Gulo gulo/HFW12-F7/DM/2016/B&W/Robust marks/04.07-02.28/IMG_0729.JPG,IMG_0729.JPG,HFW12-F7_2016_201604070228_IMG_0729.jpg,0.8685327172279358,473.2482604980469,294.9364013671875,376.5472717285156,1009.3299560546875,2048,1536,376,1009
HFW12-F7,2016,201604070228,DM,0,/Volumes/Seagate Portable Drive/KYLE_AI_DATABASE/A_CAMERA/Focal_species/Gulo gulo/HFW12-F7/DM/2016/B&W/Robust marks/04.07-02.28/IMG_0747.JPG,IMG_0747.JPG,HFW12-F7_2016_201604070228_IMG_0747.jpg,0.802349865436554,474.4555358886719,294.6650390625,330.9177551269531,1068.9635009765625,2048,1536,330,1068
HFW12-F7,2016,201604070228,DM,0,/Volumes/Seagate Portable Drive/KYLE_AI_DATABASE/A_CAMERA/Focal_species/Gulo gulo/HFW12-F7/DM/2016/B&W/Robust marks/04.07-02.28/IMG_0750.JPG,IMG_0750.JPG,HFW12-F7_2016_201604070228_IMG_0750.jpg,0.8140950798988342,470.56121826171875,287.32696533203125,330.854248046875,1076.455078125,2048,1536,330,1076
HFW12-F7,2016,201604070228,DM,0,/Volumes/Seagate Portable Drive/KYLE_AI_DATABASE/A_CAMERA/Focal_species/Gulo gulo/HFW12-F7/DM/2016/B&W/Robust marks/04.07-02.28/IMG_0752.JPG,IMG_0752.JPG,HFW12-F7_2016_201604070228_IMG_0752.jpg,0.8303319811820984,479.5949401855469,372.52874755859375,404.9961242675781,997.9661254882812,2048,1536,404,997
HFW12-F7,2016,201604070228,DM,0,/Volumes/Seagate Portable Drive/KYLE_AI_DATABASE/A_CAMERA/Focal_species/Gulo gulo/HFW12-F7/DM/2016/B&W/Robust marks/04.07-02.28/IMG_0754.JPG,IMG_0754.JPG,HFW12-F7_2016_201604070228_IMG_0754.jpg,0.8479325175285339,473.47930908203125,309.3961486816406,380.9970703125,1020.6719970703125,2048,1536,380,1020
HFW12-F7,2016,201604070228,DM,0,/Volumes/Seagate Portable Drive/KYLE_AI_DATABASE/A_CAMERA/Focal_species/Gulo gulo/HFW12-F7/DM/2016/B&W/Robust marks/04.07-02.28/IMG_0756.JPG,IMG_0756.JPG,HFW12-F7_2016_201604070228_IMG_0756.jpg,0.8267298340797424,478.13031005859375,293.2381896972656,358.4029541015625,1049.529052734375,2048,1536,358,1049
HFW12-F7,2016,201604070228,DM,0,/Volumes/Seagate Portable Drive/KYLE_AI_DATABASE/A_CAMERA/Focal_species/Gulo gulo/HFW12-F7/DM/2016/B&W/Robust marks/04.07-02.28/IMG_0757.JPG,IMG_0757.JPG,HFW12-F7_2016_201604070228_IMG_0757.jpg,0.8520553112030029,472.285400390625,289.8672180175781,385.023681640625,1034.2022705078125,2048,1536,385,1034
HFW12-F7,2016,201604070228,DM,0,/Volumes/Seagate Portable Drive/KYLE_AI_DATABASE/A_CAMERA/Focal_species/Gulo gulo/HFW12-F7/DM/2016/B&W/Robust marks/04.07-02.28/IMG_0758.JPG,IMG_0758.JPG,HFW12-F7_2016_201604070228_IMG_0758.jpg,0.8421003818511963,473.2275695800781,291.0172119140625,379.6548767089844,1053.2607421875,2048,1536,379,1053
HFW12-F7,2016,201604070228,DM,0,/Volumes/Seagate Portable Drive/KYLE_AI_DATABASE/A_CAMERA/Focal_species/Gulo gulo/HFW12-F7/DM/2016/B&W/Robust marks/04.07-02.28/IMG_0759.JPG,IMG_0759.JPG,HFW12-F7_2016_201604070228_IMG_0759.jpg,0.8117669224739075,475.1553039550781,359.7329406738281,341.9836120605469,953.75048828125,2048,1536,341,953
HFW12-F7,2016,201604070228,DM,0,/Volumes/Seagate Portable Drive/KYLE_AI_DATABASE/A_CAMERA/Focal_species/Gulo gulo/HFW12-F7/DM/2016/B&W/Robust marks/04.07-02.28/IMG_0761.JPG,IMG_0761.JPG,HFW12-F7_2016_201604070228_IMG_0761.jpg,0.8473991751670837,479.9984436035156,382.0016784667969,351.2259216308594,984.9818115234375,2048,1536,351,984
HFW12-F7,2016,201604070228,DM,0,/Volumes/Seagate Portable Drive/KYLE_AI_DATABASE/A_CAMERA/Focal_species/Gulo gulo/HFW12-F7/DM/2016/B&W/Robust marks/04.07-02.28/IMG_0762.JPG,IMG_0762.JPG,HFW12-F7_2016_201604070228_IMG_0762.jpg,0.8402037024497986,481.6317138671875,381.3164978027344,374.453857421875,969.93017578125,2048,1536,374,969
HFW12-F7,2016,201604070228,DM,0,/Volumes/Seagate Portable Drive/KYLE_AI_DATABASE/A_CAMERA/Focal_species/Gulo gulo/HFW12-F7/DM/2016/B&W/Robust marks/04.07-02.28/IMG_0763.JPG,IMG_0763.JPG,HFW12-F7_2016_201604070228_IMG_0763.jpg,0.8150318264961243,481.0170593261719,422.05242919921875,358.4197082519531,921.1404418945312,2048,1536,358,921
HFW12-F7,2016,201604070228,DM,0,/Volumes/Seagate Portable Drive/KYLE_AI_DATABASE/A_CAMERA/Focal_species/Gulo gulo/HFW12-F7/DM/2016/B&W/Robust marks/04.07-02.28/IMG_0764.JPG,IMG_0764.JPG,HFW12-F7_2016_201604070228_IMG_0764.jpg,0.8743866682052612,482.76922607421875,455.091552734375,368.1627197265625,891.8524169921875,2048,1536,368,891
HFW12-F7,2016,201604070228,DM,0,/Volumes/Seagate Portable Drive/KYLE_AI_DATABASE/A_CAMERA/Focal_species/Gulo gulo/HFW12-F7/DM/2016/B&W/Robust marks/04.07-02.28/IMG_0765.JPG,IMG_0765.JPG,HFW12-F7_2016_201604070228_IMG_0765.jpg,0.8242434859275818,478.0106506347656,403.8492431640625,357.3327331542969,947.6944580078125,2048,1536,357,947
HFW12-F7,2016,201604070228,DM,0,/Volumes/Seagate Portable Drive/KYLE_AI_DATABASE/A_CAMERA/Focal_species/Gulo gulo/HFW12-F7/DM/2016/B&W/Robust marks/04.07-02.28/IMG_0766.JPG,IMG_0766.JPG,HFW12-F7_2016_201604070228_IMG_0766.jpg,0.8229231834411621,475.5426330566406,460.0697021484375,342.8787536621094,875.5577392578125,2048,1536,342,875
HFW12-F7,2016,201604070228,DM,0,/Volumes/Seagate Portable Drive/KYLE_AI_DATABASE/A_CAMERA/Focal_species/Gulo gulo/HFW12-F7/DM/2016/B&W/Robust marks/04.07-02.28/IMG_0767.JPG,IMG_0767.JPG,HFW12-F7_2016_201604070228_IMG_0767.jpg,0.8608835935592651,474.8497314453125,461.4482421875,355.5302734375,875.170654296875,2048,1536,355,875
HFW12-F7,2016,201604070228,DM,0,/Volumes/Seagate Portable Drive/KYLE_AI_DATABASE/A_CAMERA/Focal_species/Gulo gulo/HFW12-F7/DM/2016/B&W/Robust marks/04.07-02.28/IMG_0769.JPG,IMG_0769.JPG,HFW12-F7_2016_201604070228_IMG_0769.jpg,0.8406010866165161,475.59869384765625,440.9556884765625,362.4300537109375,908.09912109375,2048,1536,362,908
HFW12-F7,2016,201604070228,DM,0,/Volumes/Seagate Portable Drive/KYLE_AI_DATABASE/A_CAMERA/Focal_species/Gulo gulo/HFW12-F7/DM/2016/B&W/Robust marks/04.07-02.28/IMG_0770.JPG,IMG_0770.JPG,HFW12-F7_2016_201604070228_IMG_0770.jpg,0.8564996123313904,475.55316162109375,452.8728332519531,369.938720703125,892.1063232421875,2048,1536,369,892
HFW12-F7,2016,201604070228,DM,0,/Volumes/Seagate Portable Drive/KYLE_AI_DATABASE/A_CAMERA/Focal_species/Gulo gulo/HFW12-F7/DM/2016/B&W/Robust marks/04.07-02.28/IMG_0771.JPG,IMG_0771.JPG,HFW12-F7_2016_201604070228_IMG_0771.jpg,0.8713287711143494,448.0907287597656,441.1678466796875,400.4111022949219,897.8563232421875,2048,1536,400,897
HFW12-F7,2016,201604070228,DM,0,/Volumes/Seagate Portable Drive/KYLE_AI_DATABASE/A_CAMERA/Focal_species/Gulo gulo/HFW12-F7/DM/2016/B&W/Robust marks/04.07-02.28/IMG_0772.JPG,IMG_0772.JPG,HFW12-F7_2016_201604070228_IMG_0772.jpg,0.8095454573631287,465.4237976074219,422.9834289550781,391.7510070800781,990.8631591796875,2048,1536,391,990
HFW12-F7,2016,201604070228,DM,0,/Volumes/Seagate Portable Drive/KYLE_AI_DATABASE/A_CAMERA/Focal_species/Gulo gulo/HFW12-F7/DM/2016/B&W/Robust marks/04.07-02.28/IMG_0773.JPG,IMG_0773.JPG,HFW12-F7_2016_201604070228_IMG_0773.jpg,0.8462589383125305,463.631591796875,448.29864501953125,389.5291748046875,986.4354858398438,2048,1536,389,986
HFW12-F7,2016,201604070228,DM,0,/Volumes/Seagate Portable Drive/KYLE_AI_DATABASE/A_CAMERA/Focal_species/Gulo gulo/HFW12-F7/DM/2016/B&W/Robust marks/04.07-02.28/IMG_0774.JPG,IMG_0774.JPG,HFW12-F7_2016_201604070228_IMG_0774.jpg,0.8483619689941406,464.07354736328125,444.3984375,385.8502197265625,949.2733154296875,2048,1536,385,949
HFW12-F7,2016,201604070228,DM,0,/Volumes/Seagate Portable Drive/KYLE_AI_DATABASE/A_CAMERA/Focal_species/Gulo gulo/HFW12-F7/DM/2016/B&W/Robust marks/04.07-02.28/IMG_0796.JPG,IMG_0796.JPG,HFW12-F7_2016_201604070228_IMG_0796.jpg,0.8190633058547974,456.3524169921875,337.94390869140625,361.47802734375,1070.481689453125,2048,1536,361,1070
HFW12-F7,2016,201604070228,DM,0,/Volumes/Seagate Portable Drive/KYLE_AI_DATABASE/A_CAMERA/Focal_species/Gulo gulo/HFW12-F7/DM/2016/B&W/Robust marks/04.07-02.28/IMG_0802.JPG,IMG_0802.JPG,HFW12-F7_2016_201604070228_IMG_0802.jpg,0.8357105255126953,451.7189025878906,438.8471374511719,398.7400817871094,901.65673828125,2048,1536,398,901
HFW12-F7,2016,201604070228,DM,0,/Volumes/Seagate Portable Drive/KYLE_AI_DATABASE/A_CAMERA/Focal_species/Gulo gulo/HFW12-F7/DM/2016/B&W/Robust marks/04.07-02.28/IMG_0803.JPG,IMG_0803.JPG,HFW12-F7_2016_201604070228_IMG_0803.jpg,0.8180788159370422,450.80108642578125,388.85028076171875,418.8935546875,950.4757690429688,2048,1536,418,950
HFW12-F7,2016,201604070228,DM,0,/Volumes/Seagate Portable Drive/KYLE_AI_DATABASE/A_CAMERA/Focal_species/Gulo gulo/HFW12-F7/DM/2016/B&W/Robust marks/04.07-02.28/IMG_0814.JPG,IMG_0814.JPG,HFW12-F7_2016_201604070228_IMG_0814.jpg,0.8708561658859253,483.5380859375,381.03729248046875,393.7083740234375,941.3633422851562,2048,1536,393,941
HFW12-F7,2016,201604070228,DM,0,/Volumes/Seagate Portable Drive/KYLE_AI_DATABASE/A_CAMERA/Focal_species/Gulo gulo/HFW12-F7/DM/2016/B&W/Robust marks/04.07-02.28/IMG_0815.JPG,IMG_0815.JPG,HFW12-F7_2016_201604070228_IMG_0815.jpg,0.86600261926651,469.461181640625,394.80267333984375,376.5418701171875,943.3982543945312,2048,1536,376,943
HFW12-F7,2016,201604070228,DM,0,/Volumes/Seagate Portable Drive/KYLE_AI_DATABASE/A_CAMERA/Focal_species/Gulo gulo/HFW12-F7/DM/2016/B&W/Robust marks/04.07-02.28/IMG_0816.JPG,IMG_0816.JPG,HFW12-F7_2016_201604070228_IMG_0816.jpg,0.8708397746086121,470.21954345703125,383.69805908203125,380.708740234375,950.9155883789062,2048,1536,380,950
HFW12-F7,2016,201604070228,DM,0,/Volumes/Seagate Portable Drive/KYLE_AI_DATABASE/A_CAMERA/Focal_species/Gulo gulo/HFW12-F7/DM/2016/B&W/Robust marks/04.07-02.28/IMG_0817.JPG,IMG_0817.JPG,HFW12-F7_2016_201604070228_IMG_0817.jpg,0.8832893967628479,472.24798583984375,392.7611083984375,388.7928466796875,936.7462158203125,2048,1536,388,936
HFW12-F7,2016,201604070228,DM,0,/Volumes/Seagate Portable Drive/KYLE_AI_DATABASE/A_CAMERA/Focal_species/Gulo gulo/HFW12-F7/DM/2016/B&W/Robust marks/04.07-02.28/IMG_0818.JPG,IMG_0818.JPG,HFW12-F7_2016_201604070228_IMG_0818.jpg,0.8938533663749695,475.1158447265625,388.89923095703125,380.520751953125,949.9244995117188,2048,1536,380,949
HFW12-F7,2016,201604070228,DM,0,/Volumes/Seagate Portable Drive/KYLE_AI_DATABASE/A_CAMERA/Focal_species/Gulo gulo/HFW12-F7/DM/2016/B&W/Robust marks/04.07-02.28/IMG_0819.JPG,IMG_0819.JPG,HFW12-F7_2016_201604070228_IMG_0819.jpg,0.8706027269363403,474.85052490234375,384.8498840332031,379.1259765625,974.342529296875,2048,1536,379,974
HFW12-F7,2016,201604070228,DM,0,/Volumes/Seagate Portable Drive/KYLE_AI_DATABASE/A_CAMERA/Focal_species/Gulo gulo/HFW12-F7/DM/2016/B&W/Robust marks/04.07-02.28/IMG_0820.JPG,IMG_0820.JPG,HFW12-F7_2016_201604070228_IMG_0820.jpg,0.9011448621749878,468.8158264160156,371.1768493652344,398.6890563964844,976.8446044921875,2048,1536,398,976
HFW12-F7,2016,201604070228,DM,0,/Volumes/Seagate Portable Drive/KYLE_AI_DATABASE/A_CAMERA/Focal_species/Gulo gulo/HFW12-F7/DM/2016/B&W/Robust marks/04.07-02.28/IMG_0821.JPG,IMG_0821.JPG,HFW12-F7_2016_201604070228_IMG_0821.jpg,0.8894928693771362,466.560791015625,373.56390380859375,386.656982421875,960.5701293945312,2048,1536,386,960
HFW12-F7,2016,201604070228,DM,0,/Volumes/Seagate Portable Drive/KYLE_AI_DATABASE/A_CAMERA/Focal_species/Gulo gulo/HFW12-F7/DM/2016/B&W/Robust marks/04.07-02.28/IMG_0822.JPG,IMG_0822.JPG,HFW12-F7_2016_201604070228_IMG_0822.jpg,0.8743153214454651,475.2830810546875,403.19329833984375,381.3726806640625,931.0989379882812,2048,1536,381,931
HFW12-F7,2016,201604070228,DM,0,/Volumes/Seagate Portable Drive/KYLE_AI_DATABASE/A_CAMERA/Focal_species/Gulo gulo/HFW12-F7/DM/2016/B&W/Robust marks/04.07-02.28/IMG_0823.JPG,IMG_0823.JPG,HFW12-F7_2016_201604070228_IMG_0823.jpg,0.844573438167572,471.0890197753906,395.07061767578125,363.8821716308594,959.1168823242188,2048,1536,363,959
HFW12-F7,2016,201604070228,DM,0,/Volumes/Seagate Portable Drive/KYLE_AI_DATABASE/A_CAMERA/Focal_species/Gulo gulo/HFW12-F7/DM/2016/B&W/Robust marks/04.07-02.28/IMG_0824.JPG,IMG_0824.JPG,HFW12-F7_2016_201604070228_IMG_0824.jpg,0.8520727157592773,470.1276550292969,383.29339599609375,368.1507873535156,935.0151977539062,2048,1536,368,935
HFW12-F7,2016,201604070228,DM,0,/Volumes/Seagate Portable Drive/KYLE_AI_DATABASE/A_CAMERA/Focal_species/Gulo gulo/HFW12-F7/DM/2016/B&W/Robust marks/04.07-02.28/IMG_0825.JPG,IMG_0825.JPG,HFW12-F7_2016_201604070228_IMG_0825.jpg,0.8802767395973206,469.31939697265625,389.43017578125,373.8175048828125,965.720703125,2048,1536,373,965
HFW12-F7,2016,201604070228,DM,0,/Volumes/Seagate Portable Drive/KYLE_AI_DATABASE/A_CAMERA/Focal_species/Gulo gulo/HFW12-F7/DM/2016/B&W/Robust marks/04.07-02.28/IMG_0826.JPG,IMG_0826.JPG,HFW12-F7_2016_201604070228_IMG_0826.jpg,0.8725537657737732,475.1046142578125,392.10260009765625,368.5816650390625,943.3854370117188,2048,1536,368,943
HFW12-F7,2016,201604070228,DM,0,/Volumes/Seagate Portable Drive/KYLE_AI_DATABASE/A_CAMERA/Focal_species/Gulo gulo/HFW12-F7/DM/2016/B&W/Robust marks/04.07-02.28/IMG_0827.JPG,IMG_0827.JPG,HFW12-F7_2016_201604070228_IMG_0827.jpg,0.8989983201026917,479.21697998046875,390.3708801269531,360.2078857421875,947.1231689453125,2048,1536,360,947
HFW12-F7,2016,201604070228,DM,0,/Volumes/Seagate Portable Drive/KYLE_AI_DATABASE/A_CAMERA/Focal_species/Gulo gulo/HFW12-F7/DM/2016/B&W/Robust marks/04.07-02.28/IMG_0828.JPG,IMG_0828.JPG,HFW12-F7_2016_201604070228_IMG_0828.jpg,0.8828024864196777,471.6151123046875,384.20513916015625,381.1705322265625,950.5599975585938,2048,1536,381,950
HFW12-F7,2016,201604070228,DM,0,/Volumes/Seagate Portable Drive/KYLE_AI_DATABASE/A_CAMERA/Focal_species/Gulo gulo/HFW12-F7/DM/2016/B&W/Robust marks/04.07-02.28/IMG_0829.JPG,IMG_0829.JPG,HFW12-F7_2016_201604070228_IMG_0829.jpg,0.9061933159828186,470.142822265625,388.0831604003906,387.9666748046875,947.6929931640625,2048,1536,387,947
HFW12-F7,2016,201604070228,DM,0,/Volumes/Seagate Portable Drive/KYLE_AI_DATABASE/A_CAMERA/Focal_species/Gulo gulo/HFW12-F7/DM/2016/B&W/Robust marks/04.07-02.28/IMG_0830.JPG,IMG_0830.JPG,HFW12-F7_2016_201604070228_IMG_0830.jpg,0.8886248469352722,472.255859375,393.6535949707031,395.0440673828125,940.6358642578125,2048,1536,395,940
HFW12-F7,2016,201604070228,DM,0,/Volumes/Seagate Portable Drive/KYLE_AI_DATABASE/A_CAMERA/Focal_species/Gulo gulo/HFW12-F7/DM/2016/B&W/Robust marks/04.07-02.28/IMG_0831.JPG,IMG_0831.JPG,HFW12-F7_2016_201604070228_IMG_0831.jpg,0.8680093288421631,459.94329833984375,395.8458251953125,397.686279296875,904.1370849609375,2048,1536,397,904
HFW12-F7,2016,201604070228,DM,0,/Volumes/Seagate Portable Drive/KYLE_AI_DATABASE/A_CAMERA/Focal_species/Gulo gulo/HFW12-F7/DM/2016/B&W/Robust marks/04.07-02.28/IMG_0832.JPG,IMG_0832.JPG,HFW12-F7_2016_201604070228_IMG_0832.jpg,0.8952657580375671,463.9185791015625,410.26702880859375,394.3094482421875,923.5903930664062,2048,1536,394,923
HFW12-F7,2016,201604070228,DM,0,/Volumes/Seagate Portable Drive/KYLE_AI_DATABASE/A_CAMERA/Focal_species/Gulo gulo/HFW12-F7/DM/2016/B&W/Robust marks/04.07-02.28/IMG_0833.JPG,IMG_0833.JPG,HFW12-F7_2016_201604070228_IMG_0833.jpg,0.8292555212974548,466.4452819824219,354.3545837402344,394.8292541503906,961.7462158203125,2048,1536,394,961
HFW12-F7,2016,201604070228,DM,0,/Volumes/Seagate Portable Drive/KYLE_AI_DATABASE/A_CAMERA/Focal_species/Gulo gulo/HFW12-F7/DM/2016/B&W/Robust marks/04.07-02.28/IMG_0834.JPG,IMG_0834.JPG,HFW12-F7_2016_201604070228_IMG_0834.jpg,0.8817868232727051,458.4378967285156,369.0850830078125,390.2796325683594,975.9224853515625,2048,1536,390,975
HFW12-F7,2016,201604070228,DM,0,/Volumes/Seagate Portable Drive/KYLE_AI_DATABASE/A_CAMERA/Focal_species/Gulo gulo/HFW12-F7/DM/2016/B&W/Robust marks/04.07-02.28/IMG_0835.JPG,IMG_0835.JPG,HFW12-F7_2016_201604070228_IMG_0835.jpg,0.8750988245010376,473.16986083984375,373.50872802734375,386.5926513671875,961.3987426757812,2048,1536,386,961
HFW12-F7,2016,201604070228,DM,0,/Volumes/Seagate Portable Drive/KYLE_AI_DATABASE/A_CAMERA/Focal_species/Gulo gulo/HFW12-F7/DM/2016/B&W/Robust marks/04.07-02.28/IMG_0836.JPG,IMG_0836.JPG,HFW12-F7_2016_201604070228_IMG_0836.jpg,0.8834775686264038,458.11090087890625,379.3258056640625,387.10693359375,961.142822265625,2048,1536,387,961
HFW12-F7,2016,201604070228,DM,0,/Volumes/Seagate Portable Drive/KYLE_AI_DATABASE/A_CAMERA/Focal_species/Gulo gulo/HFW12-F7/DM/2016/B&W/Robust marks/04.07-02.28/IMG_0837.JPG,IMG_0837.JPG,HFW12-F7_2016_201604070228_IMG_0837.jpg,0.8247660398483276,467.2616882324219,351.5509033203125,378.9468078613281,993.0443115234375,2048,1536,378,993
HFW12-F7,2016,201604070228,DM,0,/Volumes/Seagate Portable Drive/KYLE_AI_DATABASE/A_CAMERA/Focal_species/Gulo gulo/HFW12-F7/DM/2016/B&W/Robust marks/04.07-02.28/IMG_0838.JPG,IMG_0838.JPG,HFW12-F7_2016_201604070228_IMG_0838.jpg,0.8605493307113647,473.4387512207031,387.58709716796875,373.7188415527344,946.1926879882812,2048,1536,373,946
HFW12-F7,2016,201604070228,DM,0,/Volumes/Seagate Portable Drive/KYLE_AI_DATABASE/A_CAMERA/Focal_species/Gulo gulo/HFW12-F7/DM/2016/B&W/Robust marks/04.07-02.28/IMG_0839.JPG,IMG_0839.JPG,HFW12-F7_2016_201604070228_IMG_0839.jpg,0.879192590713501,469.2532043457031,382.5931396484375,378.0511169433594,953.7044677734375,2048,1536,378,953
HFW12-F7,2016,201604070228,DM,0,/Volumes/Seagate Portable Drive/KYLE_AI_DATABASE/A_CAMERA/Focal_species/Gulo gulo/HFW12-F7/DM/2016/B&W/Robust marks/04.07-02.28/IMG_0840.JPG,IMG_0840.JPG,HFW12-F7_2016_201604070228_IMG_0840.jpg,0.8750385046005249,472.2119140625,364.3619384765625,399.6396484375,937.9044189453125,2048,1536,399,937
HFW12-F7,2016,201604070228,DM,0,/Volumes/Seagate Portable Drive/KYLE_AI_DATABASE/A_CAMERA/Focal_species/Gulo gulo/HFW12-F7/DM/2016/B&W/Robust marks/04.07-02.28/IMG_0841.JPG,IMG_0841.JPG,HFW12-F7_2016_201604070228_IMG_0841.jpg,0.9001613259315491,464.54302978515625,373.2045593261719,417.245849609375,937.99853515625,2048,1536,417,937
HFW12-F7,2016,201604070228,DM,0,/Volumes/Seagate Portable Drive/KYLE_AI_DATABASE/A_CAMERA/Focal_species/Gulo gulo/HFW12-F7/DM/2016/B&W/Robust marks/04.07-02.28/IMG_0842.JPG,IMG_0842.JPG,HFW12-F7_2016_201604070228_IMG_0842.jpg,0.8188318610191345,442.3976745605469,416.45257568359375,425.0492248535156,956.1162719726562,2048,1536,425,956
HFW12-F7,2016,201604070228,DM,0,/Volumes/Seagate Portable Drive/KYLE_AI_DATABASE/A_CAMERA/Focal_species/Gulo gulo/HFW12-F7/DM/2016/B&W/Robust marks/04.07-02.28/IMG_0844.JPG,IMG_0844.JPG,HFW12-F7_2016_201604070228_IMG_0844.jpg,0.8799964189529419,448.77069091796875,457.2611389160156,432.445068359375,814.0001220703125,2048,1536,432,814
HFW12-F7,2016,201604070228,DM,0,/Volumes/Seagate Portable Drive/KYLE_AI_DATABASE/A_CAMERA/Focal_species/Gulo gulo/HFW12-F7/DM/2016/B&W/Robust marks/04.07-02.28/IMG_0851.JPG,IMG_0851.JPG,HFW12-F7_2016_201604070228_IMG_0851.jpg,0.863605260848999,434.69927978515625,339.34185791015625,466.5303955078125,963.1726684570312,2048,1536,466,963
HFW12-F7,2016,201604070228,DM,0,/Volumes/Seagate Portable Drive/KYLE_AI_DATABASE/A_CAMERA/Focal_species/Gulo gulo/HFW12-F7/DM/2016/B&W/Robust marks/04.07-02.28/IMG_0852.JPG,IMG_0852.JPG,HFW12-F7_2016_201604070228_IMG_0852.jpg,0.8029400706291199,429.18896484375,359.23126220703125,463.122314453125,932.7583618164062,2048,1536,463,932
HFW12-F7,2016,201604070228,DM,0,/Volumes/Seagate Portable Drive/KYLE_AI_DATABASE/A_CAMERA/Focal_species/Gulo gulo/HFW12-F7/DM/2016/B&W/Robust marks/04.07-02.28/IMG_0853.JPG,IMG_0853.JPG,HFW12-F7_2016_201604070228_IMG_0853.jpg,0.8604190349578857,426.6561584472656,334.72320556640625,467.2830505371094,969.0165405273438,2048,1536,467,969
HFW12-F7,2016,201604070228,DM,0,/Volumes/Seagate Portable Drive/KYLE_AI_DATABASE/A_CAMERA/Focal_species/Gulo gulo/HFW12-F7/DM/2016/B&W/Robust marks/04.07-02.28/IMG_0854.JPG,IMG_0854.JPG,HFW12-F7_2016_201604070228_IMG_0854.jpg,0.8451279401779175,446.763916015625,346.5696716308594,484.3302001953125,940.703369140625,2048,1536,484,940
HFW12-F7,2016,201604070228,DM,0,/Volumes/Seagate Portable Drive/KYLE_AI_DATABASE/A_CAMERA/Focal_species/Gulo gulo/HFW12-F7/DM/2016/B&W/Robust marks/04.07-02.28/IMG_0855.JPG,IMG_0855.JPG,HFW12-F7_2016_201604070228_IMG_0855.jpg,0.8404187560081482,443.1324768066406,335.6741638183594,469.3561706542969,941.003662109375,2048,1536,469,941
HFW12-F7,2016,201604070228,DM,0,/Volumes/Seagate Portable Drive/KYLE_AI_DATABASE/A_CAMERA/Focal_species/Gulo gulo/HFW12-F7/DM/2016/B&W/Robust marks/04.07-02.28/IMG_0856.JPG,IMG_0856.JPG,HFW12-F7_2016_201604070228_IMG_0856.jpg,0.8357031941413879,446.80047607421875,370.8287353515625,488.1385498046875,906.4703369140625,2048,1536,488,906
HFW12-F7,2016,201604070228,DM,0,/Volumes/Seagate Portable Drive/KYLE_AI_DATABASE/A_CAMERA/Focal_species/Gulo gulo/HFW12-F7/DM/2016/B&W/Robust marks/04.07-02.28/IMG_0857.JPG,IMG_0857.JPG,HFW12-F7_2016_201604070228_IMG_0857.jpg,0.8180577754974365,443.13275146484375,425.86865234375,471.87158203125,844.20458984375,2048,1536,471,844
HFW12-F7,2016,201604070228,DM,0,/Volumes/Seagate Portable Drive/KYLE_AI_DATABASE/A_CAMERA/Focal_species/Gulo gulo/HFW12-F7/DM/2016/B&W/Robust marks/04.07-02.28/IMG_0859.JPG,IMG_0859.JPG,HFW12-F7_2016_201604070228_IMG_0859.jpg,0.8110434412956238,460.02899169921875,316.79058837890625,409.193603515625,967.7789916992188,2048,1536,409,967
HFW12-F7,2016,201604070228,DM,0,/Volumes/Seagate Portable Drive/KYLE_AI_DATABASE/A_CAMERA/Focal_species/Gulo gulo/HFW12-F7/DM/2016/B&W/Robust marks/04.07-02.28/IMG_0860.JPG,IMG_0860.JPG,HFW12-F7_2016_201604070228_IMG_0860.jpg,0.8509824275970459,466.4420166015625,306.45245361328125,408.5155029296875,1004.6366577148438,2048,1536,408,1004
HFW12-F7,2016,201604070228,DM,0,/Volumes/Seagate Portable Drive/KYLE_AI_DATABASE/A_CAMERA/Focal_species/Gulo gulo/HFW12-F7/DM/2016/B&W/Robust marks/04.07-02.28/IMG_0861.JPG,IMG_0861.JPG,HFW12-F7_2016_201604070228_IMG_0861.jpg,0.8092187643051147,470.77142333984375,389.5565185546875,359.79638671875,915.6500244140625,2048,1536,359,915
HFW12-F7,2016,201604070228,DM,0,/Volumes/Seagate Portable Drive/KYLE_AI_DATABASE/A_CAMERA/Focal_species/Gulo gulo/HFW12-F7/DM/2016/B&W/Robust marks/04.07-02.28/IMG_0863.JPG,IMG_0863.JPG,HFW12-F7_2016_201604070228_IMG_0863.jpg,0.8310727477073669,467.95684814453125,316.9608154296875,373.9140625,994.9771728515625,2048,1536,373,994
HFW12-F7,2016,201604070228,DM,0,/Volumes/Seagate Portable Drive/KYLE_AI_DATABASE/A_CAMERA/Focal_species/Gulo gulo/HFW12-F7/DM/2016/B&W/Robust marks/04.07-02.28/IMG_0864.JPG,IMG_0864.JPG,HFW12-F7_2016_201604070228_IMG_0864.jpg,0.8872926235198975,462.9927673339844,316.6827392578125,407.8913879394531,997.5909423828125,2048,1536,407,997
HFW12-F7,2016,201604070228,DM,0,/Volumes/Seagate Portable Drive/KYLE_AI_DATABASE/A_CAMERA/Focal_species/Gulo gulo/HFW12-F7/DM/2016/B&W/Robust marks/04.07-02.28/IMG_0865.JPG,IMG_0865.JPG,HFW12-F7_2016_201604070228_IMG_0865.jpg,0.9078998565673828,469.653564453125,311.2288818359375,411.01025390625,1026.4666748046875,2048,1536,411,1026
HFW12-F7,2016,201604070228,DM,0,/Volumes/Seagate Portable Drive/KYLE_AI_DATABASE/A_CAMERA/Focal_species/Gulo gulo/HFW12-F7/DM/2016/B&W/Robust marks/04.07-02.28/IMG_0866.JPG,IMG_0866.JPG,HFW12-F7_2016_201604070228_IMG_0866.jpg,0.8066985607147217,462.0694274902344,363.20892333984375,444.6293029785156,954.5656127929688,2048,1536,444,954
HFW12-F7,2016,201604070228,DM,0,/Volumes/Seagate Portable Drive/KYLE_AI_DATABASE/A_CAMERA/Focal_species/Gulo gulo/HFW12-F7/DM/2016/B&W/Robust marks/04.07-02.28/IMG_0868.JPG,IMG_0868.JPG,HFW12-F7_2016_201604070228_IMG_0868.jpg,0.8366444706916809,457.70245361328125,330.32568359375,414.53662109375,982.5498046875,2048,1536,414,982
HFW12-F7,2016,201604070228,DM,0,/Volumes/Seagate Portable Drive/KYLE_AI_DATABASE/A_CAMERA/Focal_species/Gulo gulo/HFW12-F7/DM/2016/B&W/Robust marks/04.07-02.28/IMG_0869.JPG,IMG_0869.JPG,HFW12-F7_2016_201604070228_IMG_0869.jpg,0.8764515519142151,456.6832275390625,296.3061218261719,428.283447265625,1030.9017333984375,2048,1536,428,1030
HFW12-F7,2016,201604070228,DM,0,/Volumes/Seagate Portable Drive/KYLE_AI_DATABASE/A_CAMERA/Focal_species/Gulo gulo/HFW12-F7/DM/2016/B&W/Robust marks/04.07-02.28/IMG_0870.JPG,IMG_0870.JPG,HFW12-F7_2016_201604070228_IMG_0870.jpg,0.845045268535614,464.26763916015625,293.695556640625,448.371826171875,1029.088623046875,2048,1536,448,1029
HFW12-F7,2016,201604070228,DM,0,/Volumes/Seagate Portable Drive/KYLE_AI_DATABASE/A_CAMERA/Focal_species/Gulo gulo/HFW12-F7/DM/2016/B&W/Robust marks/04.07-02.28/IMG_0873.JPG,IMG_0873.JPG,HFW12-F7_2016_201604070228_IMG_0873.jpg,0.8374655842781067,467.6258544921875,297.7567138671875,379.388427734375,1041.8802490234375,2048,1536,379,1041
HFW12-F7,2016,201604070228,DM,0,/Volumes/Seagate Portable Drive/KYLE_AI_DATABASE/A_CAMERA/Focal_species/Gulo gulo/HFW12-F7/DM/2016/B&W/Robust marks/04.07-02.28/IMG_0874.JPG,IMG_0874.JPG,HFW12-F7_2016_201604070228_IMG_0874.jpg,0.8027651906013489,463.9330139160156,308.5630187988281,403.3157653808594,1012.60400390625,2048,1536,403,1012
HFW12-F7,2016,201604070228,DM,0,/Volumes/Seagate Portable Drive/KYLE_AI_DATABASE/A_CAMERA/Focal_species/Gulo gulo/HFW12-F7/DM/2016/B&W/Robust marks/04.07-02.28/IMG_0875.JPG,IMG_0875.JPG,HFW12-F7_2016_201604070228_IMG_0875.jpg,0.8926467895507812,464.146728515625,295.93585205078125,421.4906005859375,1027.65576171875,2048,1536,421,1027
HFW12-F7,2016,201604070228,DM,0,/Volumes/Seagate Portable Drive/KYLE_AI_DATABASE/A_CAMERA/Focal_species/Gulo gulo/HFW12-F7/DM/2016/B&W/Robust marks/04.07-02.28/IMG_0876.JPG,IMG_0876.JPG,HFW12-F7_2016_201604070228_IMG_0876.jpg,0.9264934659004211,470.11981201171875,294.79888916015625,456.875,994.7964477539062,2048,1536,456,994
HFW12-F7,2016,201604070228,DM,0,/Volumes/Seagate Portable Drive/KYLE_AI_DATABASE/A_CAMERA/Focal_species/Gulo gulo/HFW12-F7/DM/2016/B&W/Robust marks/04.07-02.28/IMG_0877.JPG,IMG_0877.JPG,HFW12-F7_2016_201604070228_IMG_0877.jpg,0.8665499091148376,463.6458740234375,296.98699951171875,463.492919921875,979.3599243164062,2048,1536,463,979
HFW12-F7,2016,201604070228,DM,0,/Volumes/Seagate Portable Drive/KYLE_AI_DATABASE/A_CAMERA/Focal_species/Gulo gulo/HFW12-F7/DM/2016/B&W/Robust marks/04.07-02.28/IMG_0879.JPG,IMG_0879.JPG,HFW12-F7_2016_201604070228_IMG_0879.jpg,0.8607807755470276,467.9641418457031,291.23974609375,371.2665710449219,1000.491943359375,2048,1536,371,1000
HFW12-F7,2016,201604070228,DM,0,/Volumes/Seagate Portable Drive/KYLE_AI_DATABASE/A_CAMERA/Focal_species/Gulo gulo/HFW12-F7/DM/2016/B&W/Robust marks/04.07-02.28/IMG_0880.JPG,IMG_0880.JPG,HFW12-F7_2016_201604070228_IMG_0880.jpg,0.8725214600563049,465.8202209472656,306.205810546875,378.3350524902344,1001.1588134765625,2048,1536,378,1001
HFW12-F7,2016,201604070228,DM,0,/Volumes/Seagate Portable Drive/KYLE_AI_DATABASE/A_CAMERA/Focal_species/Gulo gulo/HFW12-F7/DM/2016/B&W/Robust marks/04.07-02.28/IMG_0881.JPG,IMG_0881.JPG,HFW12-F7_2016_201604070228_IMG_0881.jpg,0.824845016002655,471.60162353515625,308.47113037109375,370.090087890625,1003.4663696289062,2048,1536,370,1003
HFW12-F7,2016,201604070228,DM,0,/Volumes/Seagate Portable Drive/KYLE_AI_DATABASE/A_CAMERA/Focal_species/Gulo gulo/HFW12-F7/DM/2016/B&W/Robust marks/04.07-02.28/IMG_0882.JPG,IMG_0882.JPG,HFW12-F7_2016_201604070228_IMG_0882.jpg,0.8233354687690735,470.86944580078125,316.9434814453125,372.2276611328125,983.997802734375,2048,1536,372,983
HFW12-F7,2016,201604070228,DM,0,/Volumes/Seagate Portable Drive/KYLE_AI_DATABASE/A_CAMERA/Focal_species/Gulo gulo/HFW12-F7/DM/2016/B&W/Robust marks/04.07-02.28/IMG_0885.JPG,IMG_0885.JPG,HFW12-F7_2016_201604070228_IMG_0885.jpg,0.8164818286895752,458.5974426269531,316.6881408691406,417.6459655761719,1001.4681396484375,2048,1536,417,1001
HFW12-F7,2016,201604070228,DM,0,/Volumes/Seagate Portable Drive/KYLE_AI_DATABASE/A_CAMERA/Focal_species/Gulo gulo/HFW12-F7/DM/2016/B&W/Robust marks/04.07-02.28/IMG_0887.JPG,IMG_0887.JPG,HFW12-F7_2016_201604070228_IMG_0887.jpg,0.8091471195220947,447.07012939453125,341.37982177734375,417.4678955078125,966.3076782226562,2048,1536,417,966
HFW12-F7,2016,201604070228,DM,0,/Volumes/Seagate Portable Drive/KYLE_AI_DATABASE/A_CAMERA/Focal_species/Gulo gulo/HFW12-F7/DM/2016/B&W/Robust marks/04.07-02.28/IMG_0888.JPG,IMG_0888.JPG,HFW12-F7_2016_201604070228_IMG_0888.jpg,0.8231672644615173,460.83587646484375,340.4215393066406,404.7110595703125,962.3909912109375,2048,1536,404,962
HFW12-F7,2016,201604070228,DM,0,/Volumes/Seagate Portable Drive/KYLE_AI_DATABASE/A_CAMERA/Focal_species/Gulo gulo/HFW12-F7/DM/2016/B&W/Robust marks/04.07-02.28/IMG_0890.JPG,IMG_0890.JPG,HFW12-F7_2016_201604070228_IMG_0890.jpg,0.8254607915878296,466.2073669433594,310.57110595703125,386.8816223144531,1017.8162231445312,2048,1536,386,1017
HFW12-F7,2016,201604070228,DM,0,/Volumes/Seagate Portable Drive/KYLE_AI_DATABASE/A_CAMERA/Focal_species/Gulo gulo/HFW12-F7/DM/2016/B&W/Robust marks/04.07-02.28/IMG_0891.JPG,IMG_0891.JPG,HFW12-F7_2016_201604070228_IMG_0891.jpg,0.857036292552948,458.61236572265625,438.6575927734375,391.0745849609375,886.5721435546875,2048,1536,391,886
HFW12-F7,2016,201604070228,DM,0,/Volumes/Seagate Portable Drive/KYLE_AI_DATABASE/A_CAMERA/Focal_species/Gulo gulo/HFW12-F7/DM/2016/B&W/Robust marks/04.07-02.28/IMG_0892.JPG,IMG_0892.JPG,HFW12-F7_2016_201604070228_IMG_0892.jpg,0.8059194087982178,450.2325134277344,443.8448181152344,405.6267395019531,890.87109375,2048,1536,405,890
HFW12-F7,2016,201604070228,DM,0,/Volumes/Seagate Portable Drive/KYLE_AI_DATABASE/A_CAMERA/Focal_species/Gulo gulo/HFW12-F7/DM/2016/B&W/Robust marks/04.07-02.28/IMG_0893.JPG,IMG_0893.JPG,HFW12-F7_2016_201604070228_IMG_0893.jpg,0.8237916827201843,464.42828369140625,277.1883544921875,432.418212890625,1046.60302734375,2048,1536,432,1046
HFW12-F7,2016,201604070228,DM,0,/Volumes/Seagate Portable Drive/KYLE_AI_DATABASE/A_CAMERA/Focal_species/Gulo gulo/HFW12-F7/DM/2016/B&W/Robust marks/04.07-02.28/IMG_0894.JPG,IMG_0894.JPG,HFW12-F7_2016_201604070228_IMG_0894.jpg,0.8407359719276428,469.4501037597656,84.76913452148438,378.8986511230469,1202.89892578125,2048,1536,378,1202
HFW12-F7,2016,201604070228,DM,0,/Volumes/Seagate Portable Drive/KYLE_AI_DATABASE/A_CAMERA/Focal_species/Gulo gulo/HFW12-F7/DM/2016/B&W/Robust marks/04.07-02.28/IMG_0900.JPG,IMG_0900.JPG,HFW12-F7_2016_201604070228_IMG_0900.jpg,0.8467258810997009,467.22021484375,290.782958984375,365.222412109375,1044.91650390625,2048,1536,365,1044
HFW12-F7,2016,201604070228,DM,0,/Volumes/Seagate Portable Drive/KYLE_AI_DATABASE/A_CAMERA/Focal_species/Gulo gulo/HFW12-F7/DM/2016/B&W/Robust marks/04.07-02.28/IMG_0901.JPG,IMG_0901.JPG,HFW12-F7_2016_201604070228_IMG_0901.jpg,0.910603404045105,465.2804870605469,294.5378723144531,370.5910949707031,991.276123046875,2048,1536,370,991
HFW12-F7,2016,201604070228,DM,0,/Volumes/Seagate Portable Drive/KYLE_AI_DATABASE/A_CAMERA/Focal_species/Gulo gulo/HFW12-F7/DM/2016/B&W/Robust marks/04.07-02.28/IMG_0902.JPG,IMG_0902.JPG,HFW12-F7_2016_201604070228_IMG_0902.jpg,0.9154368042945862,469.3782043457031,285.56640625,396.0336608886719,984.413330078125,2048,1536,396,984
HFW12-F7,2016,201604070228,DM,0,/Volumes/Seagate Portable Drive/KYLE_AI_DATABASE/A_CAMERA/Focal_species/Gulo gulo/HFW12-F7/DM/2016/B&W/Robust marks/04.07-02.28/IMG_0903.JPG,IMG_0903.JPG,HFW12-F7_2016_201604070228_IMG_0903.jpg,0.8946427702903748,473.98406982421875,285.69390869140625,394.485107421875,998.1847534179688,2048,1536,394,998
HFW12-F7,2016,201604070228,DM,0,/Volumes/Seagate Portable Drive/KYLE_AI_DATABASE/A_CAMERA/Focal_species/Gulo gulo/HFW12-F7/DM/2016/B&W/Robust marks/04.07-02.28/IMG_0904.JPG,IMG_0904.JPG,HFW12-F7_2016_201604070228_IMG_0904.jpg,0.8949465751647949,473.4431457519531,279.6295166015625,392.7730407714844,1004.7974853515625,2048,1536,392,1004
HFW12-F7,2016,201604070228,DM,0,/Volumes/Seagate Portable Drive/KYLE_AI_DATABASE/A_CAMERA/Focal_species/Gulo gulo/HFW12-F7/DM/2016/B&W/Robust marks/04.07-02.28/IMG_0905.JPG,IMG_0905.JPG,HFW12-F7_2016_201604070228_IMG_0905.jpg,0.8203558921813965,472.64599609375,109.17182922363281,394.3231201171875,1178.4957275390625,2048,1536,394,1178
HFW12-F7,2016,201604070228,DM,0,/Volumes/Seagate Portable Drive/KYLE_AI_DATABASE/A_CAMERA/Focal_species/Gulo gulo/HFW12-F7/DM/2016/B&W/Robust marks/04.07-02.28/IMG_0906.JPG,IMG_0906.JPG,HFW12-F7_2016_201604070228_IMG_0906.jpg,0.8643007874488831,473.105224609375,115.7054443359375,389.9481201171875,1174.0538330078125,2048,1536,389,1174
HFW12-F7,2016,201604070228,DM,0,/Volumes/Seagate Portable Drive/KYLE_AI_DATABASE/A_CAMERA/Focal_species/Gulo gulo/HFW12-F7/DM/2016/B&W/Robust marks/04.07-02.28/IMG_0907.JPG,IMG_0907.JPG,HFW12-F7_2016_201604070228_IMG_0907.jpg,0.8113175630569458,483.51300048828125,95.58970642089844,342.099609375,1210.8133544921875,2048,1536,342,1210
HFW12-F7,2016,201604070228,DM,0,/Volumes/Seagate Portable Drive/KYLE_AI_DATABASE/A_CAMERA/Focal_species/Gulo gulo/HFW12-F7/DM/2016/B&W/Robust marks/04.07-02.28/IMG_0908.JPG,IMG_0908.JPG,HFW12-F7_2016_201604070228_IMG_0908.jpg,0.900054395198822,474.1018981933594,285.974853515625,341.4981994628906,979.5458984375,2048,1536,341,979
HFW12-F7,2016,201604070228,DM,0,/Volumes/Seagate Portable Drive/KYLE_AI_DATABASE/A_CAMERA/Focal_species/Gulo gulo/HFW12-F7/DM/2016/B&W/Robust marks/04.07-02.28/IMG_0912.JPG,IMG_0912.JPG,HFW12-F7_2016_201604070228_IMG_0912.jpg,0.8616504073143005,459.05474853515625,290.3387451171875,351.9444580078125,1016.2518310546875,2048,1536,351,1016
HFW12-F7,2016,201604070228,DM,0,/Volumes/Seagate Portable Drive/KYLE_AI_DATABASE/A_CAMERA/Focal_species/Gulo gulo/HFW12-F7/DM/2016/B&W/Robust marks/04.07-02.28/IMG_0913.JPG,IMG_0913.JPG,HFW12-F7_2016_201604070228_IMG_0913.jpg,0.8502002358436584,456.6045837402344,297.50439453125,358.6168518066406,1007.674072265625,2048,1536,358,1007
HFW12-F7,2016,201604070228,DM,0,/Volumes/Seagate Portable Drive/KYLE_AI_DATABASE/A_CAMERA/Focal_species/Gulo gulo/HFW12-F7/DM/2016/B&W/Robust marks/04.07-02.28/IMG_0914.JPG,IMG_0914.JPG,HFW12-F7_2016_201604070228_IMG_0914.jpg,0.8597973585128784,459.1820373535156,318.7998962402344,363.4320983886719,1000.3631591796875,2048,1536,363,1000
HFW12-F7,2016,201604070228,DM,0,/Volumes/Seagate Portable Drive/KYLE_AI_DATABASE/A_CAMERA/Focal_species/Gulo gulo/HFW12-F7/DM/2016/B&W/Robust marks/04.07-02.28/IMG_0915.JPG,IMG_0915.JPG,HFW12-F7_2016_201604070228_IMG_0915.jpg,0.854240894317627,460.18328857421875,314.463623046875,362.8492431640625,980.4088134765625,2048,1536,362,980
HFW12-F7,2016,201604070228,DM,0,/Volumes/Seagate Portable Drive/KYLE_AI_DATABASE/A_CAMERA/Focal_species/Gulo gulo/HFW12-F7/DM/2016/B&W/Robust marks/04.07-02.28/IMG_0916.JPG,IMG_0916.JPG,HFW12-F7_2016_201604070228_IMG_0916.jpg,0.8508825898170471,472.93304443359375,296.77081298828125,352.610107421875,996.4456176757812,2048,1536,352,996
HFW12-F7,2016,201604070228,DM,0,/Volumes/Seagate Portable Drive/KYLE_AI_DATABASE/A_CAMERA/Focal_species/Gulo gulo/HFW12-F7/DM/2016/B&W/Robust marks/04.07-02.28/IMG_0917.JPG,IMG_0917.JPG,HFW12-F7_2016_201604070228_IMG_0917.jpg,0.9022133350372314,476.1504821777344,332.0804443359375,365.0913391113281,962.5648193359375,2048,1536,365,962
HFW12-F7,2016,201604070228,DM,0,/Volumes/Seagate Portable Drive/KYLE_AI_DATABASE/A_CAMERA/Focal_species/Gulo gulo/HFW12-F7/DM/2016/B&W/Robust marks/04.07-02.28/IMG_0918.JPG,IMG_0918.JPG,HFW12-F7_2016_201604070228_IMG_0918.jpg,0.8627560138702393,467.927490234375,326.791015625,368.9501953125,990.2965087890625,2048,1536,368,990
HFW12-F7,2016,201604070228,DM,0,/Volumes/Seagate Portable Drive/KYLE_AI_DATABASE/A_CAMERA/Focal_species/Gulo gulo/HFW12-F7/DM/2016/B&W/Robust marks/04.07-02.28/IMG_0919.JPG,IMG_0919.JPG,HFW12-F7_2016_201604070228_IMG_0919.jpg,0.8342729806900024,472.336669921875,321.583251953125,362.1455078125,974.13623046875,2048,1536,362,974
HFW12-F7,2016,201604070228,DM,0,/Volumes/Seagate Portable Drive/KYLE_AI_DATABASE/A_CAMERA/Focal_species/Gulo gulo/HFW12-F7/DM/2016/B&W/Robust marks/04.07-02.28/IMG_0920.JPG,IMG_0920.JPG,HFW12-F7_2016_201604070228_IMG_0920.jpg,0.886078417301178,466.5223083496094,297.38433837890625,374.4789123535156,1021.2581176757812,2048,1536,374,1021
HFW12-F7,2016,201604070228,DM,0,/Volumes/Seagate Portable Drive/KYLE_AI_DATABASE/A_CAMERA/Focal_species/Gulo gulo/HFW12-F7/DM/2016/B&W/Robust marks/04.07-02.28/IMG_0921.JPG,IMG_0921.JPG,HFW12-F7_2016_201604070228_IMG_0921.jpg,0.8333567380905151,428.5409240722656,111.22837829589844,399.4779968261719,1232.5269775390625,2048,1536,399,1232
HFW12-F7,2016,201604070228,DM,0,/Volumes/Seagate Portable Drive/KYLE_AI_DATABASE/A_CAMERA/Focal_species/Gulo gulo/HFW12-F7/DM/2016/B&W/Robust marks/04.07-02.28/IMG_0922.JPG,IMG_0922.JPG,HFW12-F7_2016_201604070228_IMG_0922.jpg,0.8648738861083984,441.4288330078125,79.93318176269531,383.36767578125,1249.8082275390625,2048,1536,383,1249
HFW12-F7,2016,201604070228,DM,0,/Volumes/Seagate Portable Drive/KYLE_AI_DATABASE/A_CAMERA/Focal_species/Gulo gulo/HFW12-F7/DM/2016/B&W/Robust marks/04.07-02.28/IMG_0924.JPG,IMG_0924.JPG,HFW12-F7_2016_201604070228_IMG_0924.jpg,0.8284336924552917,461.45086669921875,362.3580322265625,403.3580322265625,924.9869384765625,2048,1536,403,924
HFW12-F7,2016,201604070228,DM,0,/Volumes/Seagate Portable Drive/KYLE_AI_DATABASE/A_CAMERA/Focal_species/Gulo gulo/HFW12-F7/DM/2016/B&W/Robust marks/04.07-02.28/IMG_0931.JPG,IMG_0931.JPG,HFW12-F7_2016_201604070228_IMG_0931.jpg,0.8356308341026306,403.3291015625,400.1900634765625,479.8582763671875,850.6168212890625,2048,1536,479,850
HFW12-F7,2016,201604070228,DM,0,/Volumes/Seagate Portable Drive/KYLE_AI_DATABASE/A_CAMERA/Focal_species/Gulo gulo/HFW12-F7/DM/2016/B&W/Robust marks/04.07-02.28/IMG_0932.JPG,IMG_0932.JPG,HFW12-F7_2016_201604070228_IMG_0932.jpg,0.8219519853591919,447.9877014160156,431.4854736328125,429.3345642089844,824.6162109375,2048,1536,429,824
HFW12-F7,2016,201604070228,DM,0,/Volumes/Seagate Portable Drive/KYLE_AI_DATABASE/A_CAMERA/Focal_species/Gulo gulo/HFW12-F7/DM/2016/B&W/Robust marks/04.07-02.28/IMG_0935.JPG,IMG_0935.JPG,HFW12-F7_2016_201604070228_IMG_0935.jpg,0.8123798370361328,455.36358642578125,383.29718017578125,377.771484375,877.3828735351562,2048,1536,377,877
HFW12-F7,2016,201604070228,DM,0,/Volumes/Seagate Portable Drive/KYLE_AI_DATABASE/A_CAMERA/Focal_species/Gulo gulo/HFW12-F7/DM/2016/B&W/Robust marks/04.07-02.28/IMG_0936.JPG,IMG_0936.JPG,HFW12-F7_2016_201604070228_IMG_0936.jpg,0.8632285594940186,427.0496826171875,346.4765625,379.69091796875,949.03369140625,2048,1536,379,949
HFW12-F7,2016,201604070228,DM,0,/Volumes/Seagate Portable Drive/KYLE_AI_DATABASE/A_CAMERA/Focal_species/Gulo gulo/HFW12-F7/DM/2016/B&W/Robust marks/04.07-02.28/IMG_0938.JPG,IMG_0938.JPG,HFW12-F7_2016_201604070228_IMG_0938.jpg,0.8534765839576721,430.8277893066406,407.38067626953125,435.7037048339844,858.7185668945312,2048,1536,435,858
HFW12-F7,2016,201604070228,DM,0,/Volumes/Seagate Portable Drive/KYLE_AI_DATABASE/A_CAMERA/Focal_species/Gulo gulo/HFW12-F7/DM/2016/B&W/Robust marks/04.07-02.28/IMG_0939.JPG,IMG_0939.JPG,HFW12-F7_2016_201604070228_IMG_0939.jpg,0.8190478086471558,440.22796630859375,404.63677978515625,430.82177734375,849.3657836914062,2048,1536,430,849
HFW12-F7,2016,201604070228,DM,0,/Volumes/Seagate Portable Drive/KYLE_AI_DATABASE/A_CAMERA/Focal_species/Gulo gulo/HFW12-F7/DM/2016/B&W/Robust marks/04.07-02.28/IMG_0940.JPG,IMG_0940.JPG,HFW12-F7_2016_201604070228_IMG_0940.jpg,0.9025880098342896,429.3746032714844,446.81280517578125,434.3836975097656,795.8536987304688,2048,1536,434,795
HFW12-F7,2016,201604070228,DM,0,/Volumes/Seagate Portable Drive/KYLE_AI_DATABASE/A_CAMERA/Focal_species/Gulo gulo/HFW12-F7/DM/2016/B&W/Robust marks/04.07-02.28/IMG_0941.JPG,IMG_0941.JPG,HFW12-F7_2016_201604070228_IMG_0941.jpg,0.8941632509231567,432.4737548828125,379.4634704589844,426.614990234375,849.254150390625,2048,1536,426,849
HFW12-F7,2016,201604070228,DM,0,/Volumes/Seagate Portable Drive/KYLE_AI_DATABASE/A_CAMERA/Focal_species/Gulo gulo/HFW12-F7/DM/2016/B&W/Robust marks/04.07-02.28/IMG_0942.JPG,IMG_0942.JPG,HFW12-F7_2016_201604070228_IMG_0942.jpg,0.8843323588371277,463.50811767578125,286.1814880371094,351.3563232421875,960.888427734375,2048,1536,351,960
HFW12-F7,2016,201604070228,DM,0,/Volumes/Seagate Portable Drive/KYLE_AI_DATABASE/A_CAMERA/Focal_species/Gulo gulo/HFW12-F7/DM/2016/B&W/Robust marks/04.07-02.28/IMG_0944.JPG,IMG_0944.JPG,HFW12-F7_2016_201604070228_IMG_0944.jpg,0.8490729331970215,436.3819274902344,387.74383544921875,402.7572326660156,873.9348754882812,2048,1536,402,873
HFW12-F7,2016,201604070228,DM,0,/Volumes/Seagate Portable Drive/KYLE_AI_DATABASE/A_CAMERA/Focal_species/Gulo gulo/HFW12-F7/DM/2016/B&W/Robust marks/04.07-02.28/IMG_0945.JPG,IMG_0945.JPG,HFW12-F7_2016_201604070228_IMG_0945.jpg,0.8444275856018066,444.94622802734375,386.060791015625,397.068603515625,880.2763671875,2048,1536,397,880
HFW12-F7,2016,201604070228,DM,0,/Volumes/Seagate Portable Drive/KYLE_AI_DATABASE/A_CAMERA/Focal_species/Gulo gulo/HFW12-F7/DM/2016/B&W/Robust marks/04.07-02.28/IMG_0947.JPG,IMG_0947.JPG,HFW12-F7_2016_201604070228_IMG_0947.jpg,0.892607569694519,446.60870361328125,363.213134765625,392.741455078125,910.577880859375,2048,1536,392,910
HFW12-F7,2016,201604070228,DM,0,/Volumes/Seagate Portable Drive/KYLE_AI_DATABASE/A_CAMERA/Focal_species/Gulo gulo/HFW12-F7/DM/2016/B&W/Robust marks/04.07-02.28/IMG_0948.JPG,IMG_0948.JPG,HFW12-F7_2016_201604070228_IMG_0948.jpg,0.8422747254371643,439.70465087890625,311.55474853515625,404.67578125,979.0103149414062,2048,1536,404,979
HFW12-F7,2016,201604070228,DM,0,/Volumes/Seagate Portable Drive/KYLE_AI_DATABASE/A_CAMERA/Focal_species/Gulo gulo/HFW12-F7/DM/2016/B&W/Robust marks/04.07-02.28/IMG_0949.JPG,IMG_0949.JPG,HFW12-F7_2016_201604070228_IMG_0949.jpg,0.8406740427017212,439.468017578125,382.1337890625,405.296142578125,912.2501220703125,2048,1536,405,912
HFW12-F7,2016,201604070228,DM,0,/Volumes/Seagate Portable Drive/KYLE_AI_DATABASE/A_CAMERA/Focal_species/Gulo gulo/HFW12-F7/DM/2016/B&W/Robust marks/04.07-02.28/IMG_0951.JPG,IMG_0951.JPG,HFW12-F7_2016_201604070228_IMG_0951.jpg,0.8540093898773193,444.65863037109375,306.6885986328125,423.7010498046875,1018.5213623046875,2048,1536,423,1018
HFW12-F7,2016,201604070228,DM,0,/Volumes/Seagate Portable Drive/KYLE_AI_DATABASE/A_CAMERA/Focal_species/Gulo gulo/HFW12-F7/DM/2016/B&W/Robust marks/04.07-02.28/IMG_0954.JPG,IMG_0954.JPG,HFW12-F7_2016_201604070228_IMG_0954.jpg,0.8057978749275208,435.7080383300781,319.4812316894531,380.8013610839844,1006.248046875,2048,1536,380,1006
HFW12-F7,2016,201604070228,DM,0,/Volumes/Seagate Portable Drive/KYLE_AI_DATABASE/A_CAMERA/Focal_species/Gulo gulo/HFW12-F7/DM/2016/B&W/Robust marks/04.07-02.28/IMG_0955.JPG,IMG_0955.JPG,HFW12-F7_2016_201604070228_IMG_0955.jpg,0.8330755829811096,406.4410400390625,403.15606689453125,457.805419921875,924.0191040039062,2048,1536,457,924
HFW12-F7,2016,201604070228,DM,0,/Volumes/Seagate Portable Drive/KYLE_AI_DATABASE/A_CAMERA/Focal_species/Gulo gulo/HFW12-F7/DM/2016/B&W/Robust marks/04.07-02.28/IMG_0958.JPG,IMG_0958.JPG,HFW12-F7_2016_201604070228_IMG_0958.jpg,0.9137337803840637,436.68072509765625,282.67498779296875,435.88623046875,1044.03271484375,2048,1536,435,1044
HFW12-F7,2016,201604070228,DM,0,/Volumes/Seagate Portable Drive/KYLE_AI_DATABASE/A_CAMERA/Focal_species/Gulo gulo/HFW12-F7/DM/2016/B&W/Robust marks/04.07-02.28/IMG_0964.JPG,IMG_0964.JPG,HFW12-F7_2016_201604070228_IMG_0964.jpg,0.8308876752853394,450.5126953125,289.7420654296875,413.693115234375,964.557861328125,2048,1536,413,964
HFW12-F7,2016,201604070228,DM,0,/Volumes/Seagate Portable Drive/KYLE_AI_DATABASE/A_CAMERA/Focal_species/Gulo gulo/HFW12-F7/DM/2016/B&W/Robust marks/04.07-02.28/IMG_0965.JPG,IMG_0965.JPG,HFW12-F7_2016_201604070228_IMG_0965.jpg,0.8287630677223206,449.04046630859375,294.458740234375,404.6744384765625,966.8065185546875,2048,1536,404,966
HFW12-F7,2016,201604070228,DM,0,/Volumes/Seagate Portable Drive/KYLE_AI_DATABASE/A_CAMERA/Focal_species/Gulo gulo/HFW12-F7/DM/2016/B&W/Robust marks/04.07-02.28/IMG_0966.JPG,IMG_0966.JPG,HFW12-F7_2016_201604070228_IMG_0966.jpg,0.8409932255744934,454.70770263671875,294.02447509765625,400.1416015625,943.4833374023438,2048,1536,400,943
HFW12-F7,2016,201604070228,DM,0,/Volumes/Seagate Portable Drive/KYLE_AI_DATABASE/A_CAMERA/Focal_species/Gulo gulo/HFW12-F7/DM/2016/B&W/Robust marks/04.07-02.28/IMG_0969.JPG,IMG_0969.JPG,HFW12-F7_2016_201604070228_IMG_0969.jpg,0.8902053236961365,453.8793640136719,332.7294921875,411.3188781738281,915.1470947265625,2048,1536,411,915
HFW12-F7,2016,201604070228,DM,0,/Volumes/Seagate Portable Drive/KYLE_AI_DATABASE/A_CAMERA/Focal_species/Gulo gulo/HFW12-F7/DM/2016/B&W/Robust marks/04.07-02.28/IMG_0971.JPG,IMG_0971.JPG,HFW12-F7_2016_201604070228_IMG_0971.jpg,0.8682351112365723,451.5931396484375,344.3174743652344,374.4354248046875,937.0445556640625,2048,1536,374,937
HFW12-F7,2016,201604070228,DM,0,/Volumes/Seagate Portable Drive/KYLE_AI_DATABASE/A_CAMERA/Focal_species/Gulo gulo/HFW12-F7/DM/2016/B&W/Robust marks/04.07-02.28/IMG_0973.JPG,IMG_0973.JPG,HFW12-F7_2016_201604070228_IMG_0973.jpg,0.8465621471405029,456.47418212890625,323.2696533203125,421.9688720703125,971.9083251953125,2048,1536,421,971
HFW12-F7,2016,201604070228,DM,0,/Volumes/Seagate Portable Drive/KYLE_AI_DATABASE/A_CAMERA/Focal_species/Gulo gulo/HFW12-F7/DM/2016/B&W/Robust marks/04.07-02.28/IMG_0974.JPG,IMG_0974.JPG,HFW12-F7_2016_201604070228_IMG_0974.jpg,0.883355975151062,452.13433837890625,292.06488037109375,431.9981689453125,995.3258666992188,2048,1536,431,995
HFW12-F7,2016,201604070228,DM,0,/Volumes/Seagate Portable Drive/KYLE_AI_DATABASE/A_CAMERA/Focal_species/Gulo gulo/HFW12-F7/DM/2016/B&W/Robust marks/04.07-02.28/IMG_0978.JPG,IMG_0978.JPG,HFW12-F7_2016_201604070228_IMG_0978.jpg,0.834253191947937,456.66748046875,332.86846923828125,401.1578369140625,956.9276733398438,2048,1536,401,956
HFW12-F7,2016,201604070228,DM,0,/Volumes/Seagate Portable Drive/KYLE_AI_DATABASE/A_CAMERA/Focal_species/Gulo gulo/HFW12-F7/DM/2016/B&W/Robust marks/04.07-02.28/IMG_0982.JPG,IMG_0982.JPG,HFW12-F7_2016_201604070228_IMG_0982.jpg,0.8293666839599609,453.5252685546875,305.0501708984375,425.0003662109375,1037.390869140625,2048,1536,425,1037
HFW12-F7,2016,201604070228,DM,0,/Volumes/Seagate Portable Drive/KYLE_AI_DATABASE/A_CAMERA/Focal_species/Gulo gulo/HFW12-F7/DM/2016/B&W/Robust marks/04.07-02.28/IMG_0983.JPG,IMG_0983.JPG,HFW12-F7_2016_201604070228_IMG_0983.jpg,0.8114789724349976,456.9031982421875,317.8501281738281,430.770263671875,998.665283203125,2048,1536,430,998
HFW12-F7,2016,201604070228,DM,0,/Volumes/Seagate Portable Drive/KYLE_AI_DATABASE/A_CAMERA/Focal_species/Gulo gulo/HFW12-F7/DM/2016/B&W/Robust marks/04.07-02.28/IMG_0985.JPG,IMG_0985.JPG,HFW12-F7_2016_201604070228_IMG_0985.jpg,0.8029167652130127,423.3443603515625,353.174072265625,443.1971435546875,978.8138427734375,2048,1536,443,978
HFW12-F7,2016,201604070228,DM,0,/Volumes/Seagate Portable Drive/KYLE_AI_DATABASE/A_CAMERA/Focal_species/Gulo gulo/HFW12-F7/DM/2016/B&W/Robust marks/04.07-02.28/IMG_0986.JPG,IMG_0986.JPG,HFW12-F7_2016_201604070228_IMG_0986.jpg,0.9109819531440735,435.3382873535156,416.3158264160156,410.3373718261719,901.370361328125,2048,1536,410,901
HFW12-F7,2016,201604070228,DM,0,/Volumes/Seagate Portable Drive/KYLE_AI_DATABASE/A_CAMERA/Focal_species/Gulo gulo/HFW12-F7/DM/2016/B&W/Robust marks/04.07-02.28/IMG_0987.JPG,IMG_0987.JPG,HFW12-F7_2016_201604070228_IMG_0987.jpg,0.8951605558395386,431.35345458984375,434.255615234375,430.9375,840.27734375,2048,1536,430,840
HFW12-F7,2016,201604070228,DM,0,/Volumes/Seagate Portable Drive/KYLE_AI_DATABASE/A_CAMERA/Focal_species/Gulo gulo/HFW12-F7/DM/2016/B&W/Robust marks/04.07-02.28/IMG_0988.JPG,IMG_0988.JPG,HFW12-F7_2016_201604070228_IMG_0988.jpg,0.8853338956832886,437.30267333984375,444.8992919921875,435.138671875,811.8973388671875,2048,1536,435,811
HFW12-F7,2016,201604070228,DM,0,/Volumes/Seagate Portable Drive/KYLE_AI_DATABASE/A_CAMERA/Focal_species/Gulo gulo/HFW12-F7/DM/2016/B&W/Robust marks/04.07-02.28/IMG_0989.JPG,IMG_0989.JPG,HFW12-F7_2016_201604070228_IMG_0989.jpg,0.9107114672660828,443.4483337402344,448.72711181640625,436.1998596191406,798.9306030273438,2048,1536,436,798
HFW12-F7,2016,201604070228,DM,0,/Volumes/Seagate Portable Drive/KYLE_AI_DATABASE/A_CAMERA/Focal_species/Gulo gulo/HFW12-F7/DM/2016/B&W/Robust marks/04.07-02.28/IMG_0990.JPG,IMG_0990.JPG,HFW12-F7_2016_201604070228_IMG_0990.jpg,0.867712676525116,453.08160400390625,371.8832702636719,435.5679931640625,883.5948486328125,2048,1536,435,883
HFW12-F7,2016,201604070228,DM,0,/Volumes/Seagate Portable Drive/KYLE_AI_DATABASE/A_CAMERA/Focal_species/Gulo gulo/HFW12-F7/DM/2016/B&W/Robust marks/04.07-02.28/IMG_0991.JPG,IMG_0991.JPG,HFW12-F7_2016_201604070228_IMG_0991.jpg,0.8302851915359497,467.30584716796875,414.9063720703125,396.163818359375,840.7308349609375,2048,1536,396,840
HFW12-F7,2016,201604070228,DM,0,/Volumes/Seagate Portable Drive/KYLE_AI_DATABASE/A_CAMERA/Focal_species/Gulo gulo/HFW12-F7/DM/2016/B&W/Robust marks/04.07-02.28/IMG_0992.JPG,IMG_0992.JPG,HFW12-F7_2016_201604070228_IMG_0992.jpg,0.845626175403595,463.06982421875,449.1234130859375,393.9677734375,813.0826416015625,2048,1536,393,813
HFW12-F7,2016,201604070228,DM,0,/Volumes/Seagate Portable Drive/KYLE_AI_DATABASE/A_CAMERA/Focal_species/Gulo gulo/HFW12-F7/DM/2016/B&W/Robust marks/04.07-02.28/IMG_0993.JPG,IMG_0993.JPG,HFW12-F7_2016_201604070228_IMG_0993.jpg,0.8012019991874695,464.10845947265625,415.496826171875,390.4993896484375,848.9140625,2048,1536,390,848
HFW12-F7,2016,201604070228,DM,0,/Volumes/Seagate Portable Drive/KYLE_AI_DATABASE/A_CAMERA/Focal_species/Gulo gulo/HFW12-F7/DM/2016/B&W/Robust marks/04.07-02.28/IMG_0994.JPG,IMG_0994.JPG,HFW12-F7_2016_201604070228_IMG_0994.jpg,0.9006924629211426,461.870361328125,454.8994140625,397.149169921875,799.869873046875,2048,1536,397,799
HFW12-F7,2016,201604070228,DM,0,/Volumes/Seagate Portable Drive/KYLE_AI_DATABASE/A_CAMERA/Focal_species/Gulo gulo/HFW12-F7/DM/2016/B&W/Robust marks/04.07-02.28/IMG_0995.JPG,IMG_0995.JPG,HFW12-F7_2016_201604070228_IMG_0995.jpg,0.8654439449310303,461.08349609375,445.84063720703125,378.7777099609375,862.1337280273438,2048,1536,378,862
HFW12-F7,2016,201604070228,DM,0,/Volumes/Seagate Portable Drive/KYLE_AI_DATABASE/A_CAMERA/Focal_species/Gulo gulo/HFW12-F7/DM/2016/B&W/Robust marks/04.07-02.28/IMG_0996.JPG,IMG_0996.JPG,HFW12-F7_2016_201604070228_IMG_0996.jpg,0.9019579887390137,467.5349426269531,294.0931091308594,408.5474548339844,994.33349609375,2048,1536,408,994
HFW12-F7,2016,201604070228,DM,0,/Volumes/Seagate Portable Drive/KYLE_AI_DATABASE/A_CAMERA/Focal_species/Gulo gulo/HFW12-F7/DM/2016/B&W/Robust marks/04.07-02.28/IMG_0997.JPG,IMG_0997.JPG,HFW12-F7_2016_201604070228_IMG_0997.jpg,0.8254100680351257,448.7455749511719,400.99920654296875,436.2335510253906,895.2041625976562,2048,1536,436,895
HFW12-F7,2016,201604070228,DM,0,/Volumes/Seagate Portable Drive/KYLE_AI_DATABASE/A_CAMERA/Focal_species/Gulo gulo/HFW12-F7/DM/2016/B&W/Robust marks/04.07-02.28/IMG_0998.JPG,IMG_0998.JPG,HFW12-F7_2016_201604070228_IMG_0998.jpg,0.8342986106872559,482.76104736328125,376.5912780761719,460.528564453125,835.107421875,2048,1536,460,835
HFW12-F7,2016,201604070228,DM,0,/Volumes/Seagate Portable Drive/KYLE_AI_DATABASE/A_CAMERA/Focal_species/Gulo gulo/HFW12-F7/DM/2016/B&W/Robust marks/04.07-02.28/IMG_0999.JPG,IMG_0999.JPG,HFW12-F7_2016_201604070228_IMG_0999.jpg,0.8364250659942627,454.0177001953125,407.51007080078125,454.3917236328125,819.6117553710938,2048,1536,454,819
HFW12-F7,2016,201604070228,DM,0,/Volumes/Seagate Portable Drive/KYLE_AI_DATABASE/A_CAMERA/Focal_species/Gulo gulo/HFW12-F7/DM/2016/B&W/Robust marks/04.07-02.28/IMG_1000.JPG,IMG_1000.JPG,HFW12-F7_2016_201604070228_IMG_1000.jpg,0.9075394868850708,435.9498291015625,447.2879333496094,474.1947021484375,789.2857666015625,2048,1536,474,789
HFW12-F7,2016,201604070228,DM,0,/Volumes/Seagate Portable Drive/KYLE_AI_DATABASE/A_CAMERA/Focal_species/Gulo gulo/HFW12-F7/DM/2016/B&W/Robust marks/04.07-02.28/IMG_1003.JPG,IMG_1003.JPG,HFW12-F7_2016_201604070228_IMG_1003.jpg,0.8206291794776917,469.16064453125,342.84136962890625,326.7877197265625,929.6691284179688,2048,1536,326,929
HFW12-F7,2016,201604070228,DM,0,/Volumes/Seagate Portable Drive/KYLE_AI_DATABASE/A_CAMERA/Focal_species/Gulo gulo/HFW12-F7/DM/2016/B&W/Robust marks/04.07-02.28/IMG_1004.JPG,IMG_1004.JPG,HFW12-F7_2016_201604070228_IMG_1004.jpg,0.8440956473350525,436.1834716796875,329.232666015625,402.2840576171875,988.3564453125,2048,1536,402,988
HFW12-F7,2016,201604070228,DM,0,/Volumes/Seagate Portable Drive/KYLE_AI_DATABASE/A_CAMERA/Focal_species/Gulo gulo/HFW12-F7/DM/2016/B&W/Robust marks/04.07-02.28/IMG_1005.JPG,IMG_1005.JPG,HFW12-F7_2016_201604070228_IMG_1005.jpg,0.8458653092384338,442.8047180175781,372.07586669921875,421.1556091308594,931.8462524414062,2048,1536,421,931
HFW12-F7,2016,201604070228,DM,0,/Volumes/Seagate Portable Drive/KYLE_AI_DATABASE/A_CAMERA/Focal_species/Gulo gulo/HFW12-F7/DM/2016/B&W/Robust marks/04.07-02.28/IMG_1006.JPG,IMG_1006.JPG,HFW12-F7_2016_201604070228_IMG_1006.jpg,0.8368809819221497,445.61761474609375,367.8189697265625,440.5306396484375,932.2105712890625,2048,1536,440,932
HFW12-F7,2016,201604070228,DM,0,/Volumes/Seagate Portable Drive/KYLE_AI_DATABASE/A_CAMERA/Focal_species/Gulo gulo/HFW12-F7/DM/2016/B&W/Robust marks/04.07-02.28/IMG_1007.JPG,IMG_1007.JPG,HFW12-F7_2016_201604070228_IMG_1007.jpg,0.849714457988739,448.6363830566406,294.18572998046875,421.3664245605469,1016.0073852539062,2048,1536,421,1016
HFW12-F7,2016,201604070228,DM,0,/Volumes/Seagate Portable Drive/KYLE_AI_DATABASE/A_CAMERA/Focal_species/Gulo gulo/HFW12-F7/DM/2016/B&W/Robust marks/04.07-02.28/IMG_1010.JPG,IMG_1010.JPG,HFW12-F7_2016_201604070228_IMG_1010.jpg,0.8954052925109863,453.417236328125,304.0980224609375,435.0894775390625,968.03857421875,2048,1536,435,968
HFW12-F7,2016,201604070228,DM,0,/Volumes/Seagate Portable Drive/KYLE_AI_DATABASE/A_CAMERA/Focal_species/Gulo gulo/HFW12-F7/DM/2016/B&W/Robust marks/04.07-02.28/IMG_1011.JPG,IMG_1011.JPG,HFW12-F7_2016_201604070228_IMG_1011.jpg,0.8007064461708069,442.2193298339844,376.2858581542969,400.4496154785156,901.4210205078125,2048,1536,400,901
HFW12-F7,2016,201604070228,DM,0,/Volumes/Seagate Portable Drive/KYLE_AI_DATABASE/A_CAMERA/Focal_species/Gulo gulo/HFW12-F7/DM/2016/B&W/Robust marks/04.07-02.28/IMG_1016.JPG,IMG_1016.JPG,HFW12-F7_2016_201604070228_IMG_1016.jpg,0.8180587887763977,450.29608154296875,355.5244140625,368.4786376953125,940.3828125,2048,1536,368,940
HFW12-F7,2016,201604070228,DM,0,/Volumes/Seagate Portable Drive/KYLE_AI_DATABASE/A_CAMERA/Focal_species/Gulo gulo/HFW12-F7/DM/2016/B&W/Robust marks/04.07-02.28/IMG_1017.JPG,IMG_1017.JPG,HFW12-F7_2016_201604070228_IMG_1017.jpg,0.8219844698905945,460.14007568359375,347.23590087890625,362.2105712890625,923.9536743164062,2048,1536,362,923
HFW12-F7,2016,201604070228,DM,0,/Volumes/Seagate Portable Drive/KYLE_AI_DATABASE/A_CAMERA/Focal_species/Gulo gulo/HFW12-F7/DM/2016/B&W/Robust marks/04.07-02.28/IMG_1020.JPG,IMG_1020.JPG,HFW12-F7_2016_201604070228_IMG_1020.jpg,0.8804569244384766,473.47796630859375,304.01123046875,369.795166015625,990.05078125,2048,1536,369,990
HFW12-F7,2016,201604070228,DM,0,/Volumes/Seagate Portable Drive/KYLE_AI_DATABASE/A_CAMERA/Focal_species/Gulo gulo/HFW12-F7/DM/2016/B&W/Robust marks/04.07-02.28/IMG_1021.JPG,IMG_1021.JPG,HFW12-F7_2016_201604070228_IMG_1021.jpg,0.9098028540611267,463.26422119140625,349.789306640625,389.3631591796875,927.96533203125,2048,1536,389,927
HFW12-F7,2016,201604070228,DM,0,/Volumes/Seagate Portable Drive/KYLE_AI_DATABASE/A_CAMERA/Focal_species/Gulo gulo/HFW12-F7/DM/2016/B&W/Robust marks/04.07-02.28/IMG_1022.JPG,IMG_1022.JPG,HFW12-F7_2016_201604070228_IMG_1022.jpg,0.8561999797821045,470.6611633300781,316.2974853515625,374.2394714355469,972.513427734375,2048,1536,374,972
HFW12-F7,2016,201604070228,DM,0,/Volumes/Seagate Portable Drive/KYLE_AI_DATABASE/A_CAMERA/Focal_species/Gulo gulo/HFW12-F7/DM/2016/B&W/Robust marks/04.07-02.28/IMG_1023.JPG,IMG_1023.JPG,HFW12-F7_2016_201604070228_IMG_1023.jpg,0.8548316955566406,462.93304443359375,331.8172302246094,411.5181884765625,974.7357177734375,2048,1536,411,974
HFW12-F7,2016,201604070228,DM,0,/Volumes/Seagate Portable Drive/KYLE_AI_DATABASE/A_CAMERA/Focal_species/Gulo gulo/HFW12-F7/DM/2016/B&W/Robust marks/04.07-02.28/IMG_1025.JPG,IMG_1025.JPG,HFW12-F7_2016_201604070228_IMG_1025.jpg,0.8513045907020569,462.13916015625,335.565185546875,417.406494140625,960.5809326171875,2048,1536,417,960
HFW12-F7,2016,201604070228,DM,0,/Volumes/Seagate Portable Drive/KYLE_AI_DATABASE/A_CAMERA/Focal_species/Gulo gulo/HFW12-F7/DM/2016/B&W/Robust marks/04.07-02.28/IMG_1026.JPG,IMG_1026.JPG,HFW12-F7_2016_201604070228_IMG_1026.jpg,0.8335103988647461,474.0111083984375,420.56103515625,434.5999755859375,866.2694091796875,2048,1536,434,866
HFW12-F7,2016,201604070228,DM,0,/Volumes/Seagate Portable Drive/KYLE_AI_DATABASE/A_CAMERA/Focal_species/Gulo gulo/HFW12-F7/DM/2016/B&W/Robust marks/04.07-02.28/IMG_1030.JPG,IMG_1030.JPG,HFW12-F7_2016_201604070228_IMG_1030.jpg,0.8205941915512085,463.89715576171875,428.83544921875,437.905029296875,854.412841796875,2048,1536,437,854
HFW12-F7,2016,201604070228,DM,0,/Volumes/Seagate Portable Drive/KYLE_AI_DATABASE/A_CAMERA/Focal_species/Gulo gulo/HFW12-F7/DM/2016/B&W/Robust marks/04.07-02.28/IMG_1031.JPG,IMG_1031.JPG,HFW12-F7_2016_201604070228_IMG_1031.jpg,0.8891100287437439,475.75830078125,301.4691467285156,491.3990478515625,963.702392578125,2048,1536,491,963
HFW12-F7,2016,201604070228,DM,0,/Volumes/Seagate Portable Drive/KYLE_AI_DATABASE/A_CAMERA/Focal_species/Gulo gulo/HFW12-F7/DM/2016/B&W/Robust marks/04.07-02.28/IMG_1032.JPG,IMG_1032.JPG,HFW12-F7_2016_201604070228_IMG_1032.jpg,0.8825061321258545,479.8797912597656,290.56549072265625,497.8420104980469,953.7748413085938,2048,1536,497,953
HFW12-F7,2016,201604070228,DM,0,/Volumes/Seagate Portable Drive/KYLE_AI_DATABASE/A_CAMERA/Focal_species/Gulo gulo/HFW12-F7/DM/2016/B&W/Robust marks/04.07-02.28/IMG_1033.JPG,IMG_1033.JPG,HFW12-F7_2016_201604070228_IMG_1033.jpg,0.8394083380699158,482.99920654296875,403.38116455078125,492.7469482421875,850.6382446289062,2048,1536,492,850
HFW12-F7,2016,201604070228,DM,0,/Volumes/Seagate Portable Drive/KYLE_AI_DATABASE/A_CAMERA/Focal_species/Gulo gulo/HFW12-F7/DM/2016/B&W/Robust marks/04.07-02.28/IMG_1034.JPG,IMG_1034.JPG,HFW12-F7_2016_201604070228_IMG_1034.jpg,0.8698534965515137,480.60626220703125,289.2335205078125,492.3897705078125,956.5931396484375,2048,1536,492,956
HFW12-F7,2016,201604070228,DM,0,/Volumes/Seagate Portable Drive/KYLE_AI_DATABASE/A_CAMERA/Focal_species/Gulo gulo/HFW12-F7/DM/2016/B&W/Robust marks/04.07-02.28/IMG_1036.JPG,IMG_1036.JPG,HFW12-F7_2016_201604070228_IMG_1036.jpg,0.8769679665565491,481.99066162109375,309.5870361328125,476.076171875,942.4127197265625,2048,1536,476,942
HFW12-F7,2016,201604070228,DM,0,/Volumes/Seagate Portable Drive/KYLE_AI_DATABASE/A_CAMERA/Focal_species/Gulo gulo/HFW12-F7/DM/2016/B&W/Robust marks/04.07-02.28/IMG_1037.JPG,IMG_1037.JPG,HFW12-F7_2016_201604070228_IMG_1037.jpg,0.8153516054153442,479.2443542480469,401.1585388183594,468.8740539550781,846.970947265625,2048,1536,468,846
HFW12-F7,2016,201604070228,DM,0,/Volumes/Seagate Portable Drive/KYLE_AI_DATABASE/A_CAMERA/Focal_species/Gulo gulo/HFW12-F7/DM/2016/B&W/Robust marks/04.07-02.28/IMG_1038.JPG,IMG_1038.JPG,HFW12-F7_2016_201604070228_IMG_1038.jpg,0.8817932605743408,469.63555908203125,414.05108642578125,486.9561767578125,803.9835815429688,2048,1536,486,803
HFW12-F7,2016,201604070228,DM,0,/Volumes/Seagate Portable Drive/KYLE_AI_DATABASE/A_CAMERA/Focal_species/Gulo gulo/HFW12-F7/DM/2016/B&W/Robust marks/04.07-02.28/IMG_1040.JPG,IMG_1040.JPG,HFW12-F7_2016_201604070228_IMG_1040.jpg,0.876773476600647,464.58148193359375,413.019775390625,482.9874267578125,828.87451171875,2048,1536,482,828
HFW12-F7,2016,201604070228,DM,0,/Volumes/Seagate Portable Drive/KYLE_AI_DATABASE/A_CAMERA/Focal_species/Gulo gulo/HFW12-F7/DM/2016/B&W/Robust marks/04.07-02.28/IMG_1041.JPG,IMG_1041.JPG,HFW12-F7_2016_201604070228_IMG_1041.jpg,0.8250422477722168,453.3040771484375,434.5179443359375,472.23388671875,820.7340087890625,2048,1536,472,820
HFW12-F7,2016,201604070228,DM,0,/Volumes/Seagate Portable Drive/KYLE_AI_DATABASE/A_CAMERA/Focal_species/Gulo gulo/HFW12-F7/DM/2016/B&W/Robust marks/04.07-02.28/IMG_1042.JPG,IMG_1042.JPG,HFW12-F7_2016_201604070228_IMG_1042.jpg,0.8766354322433472,441.48736572265625,404.8826904296875,451.9779052734375,857.3955078125,2048,1536,451,857
HFW12-F7,2016,201604070228,DM,0,/Volumes/Seagate Portable Drive/KYLE_AI_DATABASE/A_CAMERA/Focal_species/Gulo gulo/HFW12-F7/DM/2016/B&W/Robust marks/04.07-02.28/IMG_1044.JPG,IMG_1044.JPG,HFW12-F7_2016_201604070228_IMG_1044.jpg,0.8597515821456909,450.7303771972656,402.4142761230469,443.2445983886719,840.44384765625,2048,1536,443,840
HFW12-F7,2016,201604070228,DM,0,/Volumes/Seagate Portable Drive/KYLE_AI_DATABASE/A_CAMERA/Focal_species/Gulo gulo/HFW12-F7/DM/2016/B&W/Robust marks/04.07-02.28/IMG_1045.JPG,IMG_1045.JPG,HFW12-F7_2016_201604070228_IMG_1045.jpg,0.812222957611084,444.23095703125,323.87530517578125,456.4564208984375,928.2697143554688,2048,1536,456,928
HFW12-F7,2016,201604070228,DM,0,/Volumes/Seagate Portable Drive/KYLE_AI_DATABASE/A_CAMERA/Focal_species/Gulo gulo/HFW12-F7/DM/2016/B&W/Robust marks/04.07-02.28/IMG_1046.JPG,IMG_1046.JPG,HFW12-F7_2016_201604070228_IMG_1046.jpg,0.9047581553459167,450.6324157714844,408.8135986328125,445.8263244628906,834.856689453125,2048,1536,445,834
HFW12-F7,2016,201604070228,DM,0,/Volumes/Seagate Portable Drive/KYLE_AI_DATABASE/A_CAMERA/Focal_species/Gulo gulo/HFW12-F7/DM/2016/B&W/Robust marks/04.07-02.28/IMG_1049.JPG,IMG_1049.JPG,HFW12-F7_2016_201604070228_IMG_1049.jpg,0.8965182304382324,444.66473388671875,412.4595947265625,438.916015625,843.7491455078125,2048,1536,438,843
HFW12-F7,2016,201604070228,DM,0,/Volumes/Seagate Portable Drive/KYLE_AI_DATABASE/A_CAMERA/Focal_species/Gulo gulo/HFW12-F7/DM/2016/B&W/Robust marks/04.07-02.28/IMG_1050.JPG,IMG_1050.JPG,HFW12-F7_2016_201604070228_IMG_1050.jpg,0.9033803939819336,456.6853332519531,417.2502136230469,428.7032165527344,829.9622802734375,2048,1536,428,829
HFW12-F7,2016,201604070228,DM,0,/Volumes/Seagate Portable Drive/KYLE_AI_DATABASE/A_CAMERA/Focal_species/Gulo gulo/HFW12-F7/DM/2016/B&W/Robust marks/04.07-02.28/IMG_1051.JPG,IMG_1051.JPG,HFW12-F7_2016_201604070228_IMG_1051.jpg,0.9057347178459167,431.72918701171875,415.73193359375,450.0472412109375,841.10400390625,2048,1536,450,841
HFW12-F7,2016,201604070228,DM,0,/Volumes/Seagate Portable Drive/KYLE_AI_DATABASE/A_CAMERA/Focal_species/Gulo gulo/HFW12-F7/DM/2016/B&W/Robust marks/04.07-02.28/IMG_1052.JPG,IMG_1052.JPG,HFW12-F7_2016_201604070228_IMG_1052.jpg,0.86412113904953,445.9447021484375,425.3436584472656,432.5858154296875,852.137939453125,2048,1536,432,852
HFW12-F7,2016,201604070228,DM,0,/Volumes/Seagate Portable Drive/KYLE_AI_DATABASE/A_CAMERA/Focal_species/Gulo gulo/HFW12-F7/DM/2016/B&W/Robust marks/04.07-02.28/IMG_1053.JPG,IMG_1053.JPG,HFW12-F7_2016_201604070228_IMG_1053.jpg,0.8773032426834106,447.95416259765625,442.52142333984375,435.2535400390625,819.7197875976562,2048,1536,435,819
HFW12-F7,2016,201604070228,DM,0,/Volumes/Seagate Portable Drive/KYLE_AI_DATABASE/A_CAMERA/Focal_species/Gulo gulo/HFW12-F7/DM/2016/B&W/Robust marks/04.07-02.28/IMG_1054.JPG,IMG_1054.JPG,HFW12-F7_2016_201604070228_IMG_1054.jpg,0.8418802618980408,449.7117919921875,445.099853515625,428.1011962890625,819.3045654296875,2048,1536,428,819
HFW12-F7,2016,201604070228,DM,0,/Volumes/Seagate Portable Drive/KYLE_AI_DATABASE/A_CAMERA/Focal_species/Gulo gulo/HFW12-F7/DM/2016/B&W/Robust marks/04.07-02.28/IMG_1055.JPG,IMG_1055.JPG,HFW12-F7_2016_201604070228_IMG_1055.jpg,0.8866324424743652,454.794677734375,438.4807434082031,431.5936279296875,797.594482421875,2048,1536,431,797
HFW12-F7,2016,201604070228,DM,0,/Volumes/Seagate Portable Drive/KYLE_AI_DATABASE/A_CAMERA/Focal_species/Gulo gulo/HFW12-F7/DM/2016/B&W/Robust marks/04.07-02.28/IMG_1056.JPG,IMG_1056.JPG,HFW12-F7_2016_201604070228_IMG_1056.jpg,0.8276774883270264,446.0559997558594,399.9788818359375,436.5171203613281,839.8421630859375,2048,1536,436,839
HFW12-F7,2016,201604070228,DM,0,/Volumes/Seagate Portable Drive/KYLE_AI_DATABASE/A_CAMERA/Focal_species/Gulo gulo/HFW12-F7/DM/2016/B&W/Robust marks/04.07-02.28/IMG_1057.JPG,IMG_1057.JPG,HFW12-F7_2016_201604070228_IMG_1057.jpg,0.8748481273651123,450.7816467285156,424.6766052246094,429.0197448730469,825.77099609375,2048,1536,429,825
HFW12-F7,2016,201604070228,DM,0,/Volumes/Seagate Portable Drive/KYLE_AI_DATABASE/A_CAMERA/Focal_species/Gulo gulo/HFW12-F7/DM/2016/B&W/Robust marks/04.07-02.28/IMG_1058.JPG,IMG_1058.JPG,HFW12-F7_2016_201604070228_IMG_1058.jpg,0.8993803858757019,439.80157470703125,447.6374816894531,453.3856201171875,802.229248046875,2048,1536,453,802
HFW12-F7,2016,201604070228,DM,0,/Volumes/Seagate Portable Drive/KYLE_AI_DATABASE/A_CAMERA/Focal_species/Gulo gulo/HFW12-F7/DM/2016/B&W/Robust marks/04.07-02.28/IMG_1059.JPG,IMG_1059.JPG,HFW12-F7_2016_201604070228_IMG_1059.jpg,0.8559182286262512,442.6868896484375,442.750732421875,447.7545166015625,804.4666748046875,2048,1536,447,804
HFW12-F7,2016,201604070228,DM,0,/Volumes/Seagate Portable Drive/KYLE_AI_DATABASE/A_CAMERA/Focal_species/Gulo gulo/HFW12-F7/DM/2016/B&W/Robust marks/04.07-02.28/IMG_1060.JPG,IMG_1060.JPG,HFW12-F7_2016_201604070228_IMG_1060.jpg,0.8774296045303345,446.7415771484375,445.74200439453125,442.2537841796875,806.9149780273438,2048,1536,442,806
HFW12-F7,2016,201604070228,DM,0,/Volumes/Seagate Portable Drive/KYLE_AI_DATABASE/A_CAMERA/Focal_species/Gulo gulo/HFW12-F7/DM/2016/B&W/Robust marks/04.07-02.28/IMG_1061.JPG,IMG_1061.JPG,HFW12-F7_2016_201604070228_IMG_1061.jpg,0.8731447458267212,461.3338623046875,453.22216796875,413.53125,794.97802734375,2048,1536,413,794
HFW12-F7,2016,201604070228,DM,0,/Volumes/Seagate Portable Drive/KYLE_AI_DATABASE/A_CAMERA/Focal_species/Gulo gulo/HFW12-F7/DM/2016/B&W/Robust marks/04.07-02.28/IMG_1065.JPG,IMG_1065.JPG,HFW12-F7_2016_201604070228_IMG_1065.jpg,0.8064361214637756,453.46502685546875,459.34649658203125,424.48388671875,823.0390014648438,2048,1536,424,823
HFW12-F7,2016,201604070228,DM,0,/Volumes/Seagate Portable Drive/KYLE_AI_DATABASE/A_CAMERA/Focal_species/Gulo gulo/HFW12-F7/DM/2016/B&W/Robust marks/04.07-02.28/IMG_1066.JPG,IMG_1066.JPG,HFW12-F7_2016_201604070228_IMG_1066.jpg,0.8628326058387756,455.82244873046875,442.7070007324219,427.67529296875,829.6029052734375,2048,1536,427,829
HFW12-F7,2016,201604070228,DM,0,/Volumes/Seagate Portable Drive/KYLE_AI_DATABASE/A_CAMERA/Focal_species/Gulo gulo/HFW12-F7/DM/2016/B&W/Robust marks/04.07-02.28/IMG_1067.JPG,IMG_1067.JPG,HFW12-F7_2016_201604070228_IMG_1067.jpg,0.8191289901733398,457.06219482421875,435.94586181640625,419.2376708984375,846.8877563476562,2048,1536,419,846
HFW12-F7,2016,201604070228,DM,0,/Volumes/Seagate Portable Drive/KYLE_AI_DATABASE/A_CAMERA/Focal_species/Gulo gulo/HFW12-F7/DM/2016/B&W/Robust marks/04.07-02.28/IMG_1068.JPG,IMG_1068.JPG,HFW12-F7_2016_201604070228_IMG_1068.jpg,0.8087915182113647,432.445068359375,440.58172607421875,440.3856201171875,816.0952758789062,2048,1536,440,816
HFW12-F7,2016,201604070228,DM,0,/Volumes/Seagate Portable Drive/KYLE_AI_DATABASE/A_CAMERA/Focal_species/Gulo gulo/HFW12-F7/DM/2016/B&W/Robust marks/04.07-02.28/IMG_1069.JPG,IMG_1069.JPG,HFW12-F7_2016_201604070228_IMG_1069.jpg,0.8583994507789612,439.6569519042969,413.5079345703125,436.6543273925781,865.96826171875,2048,1536,436,865
HFW12-F7,2016,201604070228,DM,0,/Volumes/Seagate Portable Drive/KYLE_AI_DATABASE/A_CAMERA/Focal_species/Gulo gulo/HFW12-F7/DM/2016/B&W/Robust marks/04.07-02.28/IMG_1070.JPG,IMG_1070.JPG,HFW12-F7_2016_201604070228_IMG_1070.jpg,0.8223420977592468,439.53973388671875,439.7430725097656,437.99462890625,832.056884765625,2048,1536,437,832
HFW12-F7,2016,201604070228,DM,0,/Volumes/Seagate Portable Drive/KYLE_AI_DATABASE/A_CAMERA/Focal_species/Gulo gulo/HFW12-F7/DM/2016/B&W/Robust marks/04.07-02.28/IMG_1071.JPG,IMG_1071.JPG,HFW12-F7_2016_201604070228_IMG_1071.jpg,0.849733829498291,455.1318054199219,411.0632629394531,458.4951477050781,839.7425537109375,2048,1536,458,839
HFW12-F7,2016,201604070228,DM,0,/Volumes/Seagate Portable Drive/KYLE_AI_DATABASE/A_CAMERA/Focal_species/Gulo gulo/HFW12-F7/DM/2016/B&W/Robust marks/04.07-02.28/IMG_1073.JPG,IMG_1073.JPG,HFW12-F7_2016_201604070228_IMG_1073.jpg,0.8755125403404236,454.8123474121094,413.6861572265625,472.3757629394531,803.8580322265625,2048,1536,472,803
HFW12-F7,2016,201604070228,DM,0,/Volumes/Seagate Portable Drive/KYLE_AI_DATABASE/A_CAMERA/Focal_species/Gulo gulo/HFW12-F7/DM/2016/B&W/Robust marks/04.07-02.28/IMG_1074.JPG,IMG_1074.JPG,HFW12-F7_2016_201604070228_IMG_1074.jpg,0.8579437136650085,461.64007568359375,384.1870422363281,473.6519775390625,820.954345703125,2048,1536,473,820
HFW12-F7,2016,201604070228,DM,0,/Volumes/Seagate Portable Drive/KYLE_AI_DATABASE/A_CAMERA/Focal_species/Gulo gulo/HFW12-F7/DM/2016/B&W/Robust marks/04.07-02.28/IMG_1075.JPG,IMG_1075.JPG,HFW12-F7_2016_201604070228_IMG_1075.jpg,0.8604041337966919,471.72869873046875,420.14056396484375,461.99755859375,787.8794555664062,2048,1536,461,787
HFW12-F7,2016,201604070228,DM,0,/Volumes/Seagate Portable Drive/KYLE_AI_DATABASE/A_CAMERA/Focal_species/Gulo gulo/HFW12-F7/DM/2016/B&W/Robust marks/04.07-02.28/IMG_1085.JPG,IMG_1085.JPG,HFW12-F7_2016_201604070228_IMG_1085.jpg,0.880622923374176,447.8930969238281,338.9380187988281,412.9494323730469,932.4873046875,2048,1536,412,932
HFW12-F7,2016,201604070228,DM,0,/Volumes/Seagate Portable Drive/KYLE_AI_DATABASE/A_CAMERA/Focal_species/Gulo gulo/HFW12-F7/DM/2016/B&W/Robust marks/04.07-02.28/IMG_1086.JPG,IMG_1086.JPG,HFW12-F7_2016_201604070228_IMG_1086.jpg,0.8844211101531982,445.30230712890625,356.35333251953125,399.195068359375,917.1896362304688,2048,1536,399,917
HFW12-F7,2016,201604070228,DM,0,/Volumes/Seagate Portable Drive/KYLE_AI_DATABASE/A_CAMERA/Focal_species/Gulo gulo/HFW12-F7/DM/2016/B&W/Robust marks/04.07-02.28/IMG_1087.JPG,IMG_1087.JPG,HFW12-F7_2016_201604070228_IMG_1087.jpg,0.8165730834007263,445.77703857421875,345.293212890625,379.9879150390625,926.20947265625,2048,1536,379,926
HFW12-F7,2016,201604070228,DM,0,/Volumes/Seagate Portable Drive/KYLE_AI_DATABASE/A_CAMERA/Focal_species/Gulo gulo/HFW12-F7/DM/2016/B&W/Robust marks/04.07-02.28/IMG_1088.JPG,IMG_1088.JPG,HFW12-F7_2016_201604070228_IMG_1088.jpg,0.8570780158042908,452.294677734375,331.0277099609375,388.1527099609375,950.3787841796875,2048,1536,388,950
HFW12-F7,2016,201604070228,DM,0,/Volumes/Seagate Portable Drive/KYLE_AI_DATABASE/A_CAMERA/Focal_species/Gulo gulo/HFW12-F7/DM/2016/B&W/Robust marks/04.07-02.28/IMG_1102.JPG,IMG_1102.JPG,HFW12-F7_2016_201604070228_IMG_1102.jpg,0.8526148200035095,446.20452880859375,357.85382080078125,404.5367431640625,919.2089233398438,2048,1536,404,919
HFW12-F7,2016,201604070228,DM,0,/Volumes/Seagate Portable Drive/KYLE_AI_DATABASE/A_CAMERA/Focal_species/Gulo gulo/HFW12-F7/DM/2016/B&W/Robust marks/04.07-02.28/IMG_1108.JPG,IMG_1108.JPG,HFW12-F7_2016_201604070228_IMG_1108.jpg,0.8191519975662231,450.0091552734375,330.1552734375,419.870361328125,956.4326171875,2048,1536,419,956
HFW12-F7,2016,201604070228,DM,0,/Volumes/Seagate Portable Drive/KYLE_AI_DATABASE/A_CAMERA/Focal_species/Gulo gulo/HFW12-F7/DM/2016/B&W/Robust marks/04.07-02.28/IMG_1110.JPG,IMG_1110.JPG,HFW12-F7_2016_201604070228_IMG_1110.jpg,0.8129934072494507,450.0626525878906,340.1219482421875,420.3792419433594,944.3580322265625,2048,1536,420,944
HFW12-F7,2016,201604070228,DM,0,/Volumes/Seagate Portable Drive/KYLE_AI_DATABASE/A_CAMERA/Focal_species/Gulo gulo/HFW12-F7/DM/2016/B&W/Robust marks/04.07-02.28/IMG_1111.JPG,IMG_1111.JPG,HFW12-F7_2016_201604070228_IMG_1111.jpg,0.9007325768470764,415.60394287109375,330.3529052734375,447.385986328125,966.7821044921875,2048,1536,447,966
HFW12-F7,2016,201604070228,DM,0,/Volumes/Seagate Portable Drive/KYLE_AI_DATABASE/A_CAMERA/Focal_species/Gulo gulo/HFW12-F7/DM/2016/B&W/Robust marks/04.07-02.28/IMG_1112.JPG,IMG_1112.JPG,HFW12-F7_2016_201604070228_IMG_1112.jpg,0.8577412366867065,432.3874206542969,246.70614624023438,504.2489318847656,1015.2655029296875,2048,1536,504,1015
HFW12-F7,2016,201604070228,DM,0,/Volumes/Seagate Portable Drive/KYLE_AI_DATABASE/A_CAMERA/Focal_species/Gulo gulo/HFW12-F7/DM/2016/B&W/Robust marks/04.07-02.28/IMG_1113.JPG,IMG_1113.JPG,HFW12-F7_2016_201604070228_IMG_1113.jpg,0.8683699369430542,414.4342346191406,325.085205078125,499.3542175292969,905.4622802734375,2048,1536,499,905
HFW12-F7,2016,201604070228,DM,0,/Volumes/Seagate Portable Drive/KYLE_AI_DATABASE/A_CAMERA/Focal_species/Gulo gulo/HFW12-F7/DM/2016/B&W/Robust marks/04.07-02.28/IMG_1114.JPG,IMG_1114.JPG,HFW12-F7_2016_201604070228_IMG_1114.jpg,0.9158626794815063,430.02294921875,322.6483154296875,456.705810546875,933.4627685546875,2048,1536,456,933
HFW12-F7,2016,201604070228,DM,0,/Volumes/Seagate Portable Drive/KYLE_AI_DATABASE/A_CAMERA/Focal_species/Gulo gulo/HFW12-F7/DM/2016/B&W/Robust marks/04.07-02.28/IMG_1115.JPG,IMG_1115.JPG,HFW12-F7_2016_201604070228_IMG_1115.jpg,0.872231662273407,444.3835144042969,333.4421081542969,444.0295715332031,937.986083984375,2048,1536,444,937
HFW12-F7,2016,201604070228,DM,0,/Volumes/Seagate Portable Drive/KYLE_AI_DATABASE/A_CAMERA/Focal_species/Gulo gulo/HFW12-F7/DM/2016/B&W/Robust marks/04.07-02.28/IMG_1122.JPG,IMG_1122.JPG,HFW12-F7_2016_201604070228_IMG_1122.jpg,0.8856328129768372,437.462158203125,334.050048828125,436.162841796875,958.569091796875,2048,1536,436,958
HFW12-F7,2016,201604070228,DM,0,/Volumes/Seagate Portable Drive/KYLE_AI_DATABASE/A_CAMERA/Focal_species/Gulo gulo/HFW12-F7/DM/2016/B&W/Robust marks/04.07-02.28/IMG_1123.JPG,IMG_1123.JPG,HFW12-F7_2016_201604070228_IMG_1123.jpg,0.8050942420959473,439.6728515625,396.306884765625,418.7156982421875,886.096435546875,2048,1536,418,886
HFW12-F7,2016,201604070228,DM,0,/Volumes/Seagate Portable Drive/KYLE_AI_DATABASE/A_CAMERA/Focal_species/Gulo gulo/HFW12-F7/DM/2016/B&W/Robust marks/04.07-02.28/IMG_1124.JPG,IMG_1124.JPG,HFW12-F7_2016_201604070228_IMG_1124.jpg,0.8527350425720215,432.14654541015625,348.057861328125,415.6376953125,944.50146484375,2048,1536,415,944
HFW12-F7,2016,201604070228,DM,0,/Volumes/Seagate Portable Drive/KYLE_AI_DATABASE/A_CAMERA/Focal_species/Gulo gulo/HFW12-F7/DM/2016/B&W/Robust marks/04.07-02.28/IMG_1127.JPG,IMG_1127.JPG,HFW12-F7_2016_201604070228_IMG_1127.jpg,0.8535756468772888,427.6560974121094,343.4004821777344,440.6428527832031,925.6114501953125,2048,1536,440,925
HFW12-F7,2016,201604070228,DM,0,/Volumes/Seagate Portable Drive/KYLE_AI_DATABASE/A_CAMERA/Focal_species/Gulo gulo/HFW12-F7/DM/2016/B&W/Robust marks/04.07-02.28/IMG_1129.JPG,IMG_1129.JPG,HFW12-F7_2016_201604070228_IMG_1129.jpg,0.859728991985321,432.1875305175781,328.7366638183594,441.2775573730469,961.320556640625,2048,1536,441,961
HFW12-F7,2016,201604070228,DM,0,/Volumes/Seagate Portable Drive/KYLE_AI_DATABASE/A_CAMERA/Focal_species/Gulo gulo/HFW12-F7/DM/2016/B&W/Robust marks/04.07-02.28/IMG_1130.JPG,IMG_1130.JPG,HFW12-F7_2016_201604070228_IMG_1130.jpg,0.8241363763809204,430.18621826171875,349.47601318359375,434.172607421875,941.5994262695312,2048,1536,434,941
HFW12-F7,2016,201604070228,DM,0,/Volumes/Seagate Portable Drive/KYLE_AI_DATABASE/A_CAMERA/Focal_species/Gulo gulo/HFW12-F7/DM/2016/B&W/Robust marks/04.07-02.28/IMG_1131.JPG,IMG_1131.JPG,HFW12-F7_2016_201604070228_IMG_1131.jpg,0.8728641867637634,455.2667236328125,338.12744140625,452.4803466796875,927.3369140625,2048,1536,452,927
HFW12-F7,2016,201604070228,DM,0,/Volumes/Seagate Portable Drive/KYLE_AI_DATABASE/A_CAMERA/Focal_species/Gulo gulo/HFW12-F7/DM/2016/B&W/Robust marks/04.07-02.28/IMG_1140.JPG,IMG_1140.JPG,HFW12-F7_2016_201604070228_IMG_1140.jpg,0.855008065700531,462.25177001953125,322.3047180175781,345.4844970703125,936.5107421875,2048,1536,345,936
HFW12-F7,2016,201604070228,DM,0,/Volumes/Seagate Portable Drive/KYLE_AI_DATABASE/A_CAMERA/Focal_species/Gulo gulo/HFW12-F7/DM/2016/B&W/Robust marks/04.07-02.28/IMG_1153.JPG,IMG_1153.JPG,HFW12-F7_2016_201604070228_IMG_1153.jpg,0.8575013279914856,472.52203369140625,333.4043884277344,430.7027587890625,912.94482421875,2048,1536,430,912
HFW12-F7,2016,201604070228,DM,0,/Volumes/Seagate Portable Drive/KYLE_AI_DATABASE/A_CAMERA/Focal_species/Gulo gulo/HFW12-F7/DM/2016/B&W/Robust marks/04.07-02.28/IMG_1155.JPG,IMG_1155.JPG,HFW12-F7_2016_201604070228_IMG_1155.jpg,0.8593422770500183,492.3243408203125,323.5860900878906,466.110595703125,906.977783203125,2048,1536,466,906
HFW12-F7,2016,201604070228,DM,0,/Volumes/Seagate Portable Drive/KYLE_AI_DATABASE/A_CAMERA/Focal_species/Gulo gulo/HFW12-F7/DM/2016/B&W/Robust marks/04.07-02.28/IMG_1156.JPG,IMG_1156.JPG,HFW12-F7_2016_201604070228_IMG_1156.jpg,0.8655871152877808,486.78680419921875,328.7401123046875,463.47216796875,897.2921142578125,2048,1536,463,897
HFW12-F7,2016,201604070228,DM,0,/Volumes/Seagate Portable Drive/KYLE_AI_DATABASE/A_CAMERA/Focal_species/Gulo gulo/HFW12-F7/DM/2016/B&W/Robust marks/04.07-02.28/IMG_1158.JPG,IMG_1158.JPG,HFW12-F7_2016_201604070228_IMG_1158.jpg,0.8755164742469788,477.457275390625,330.0563049316406,440.600341796875,893.1123046875,2048,1536,440,893
HFW12-F7,2016,201604070228,DM,0,/Volumes/Seagate Portable Drive/KYLE_AI_DATABASE/A_CAMERA/Focal_species/Gulo gulo/HFW12-F7/DM/2016/B&W/Robust marks/04.07-02.28/IMG_1159.JPG,IMG_1159.JPG,HFW12-F7_2016_201604070228_IMG_1159.jpg,0.853103518486023,485.36553955078125,332.7508544921875,409.945068359375,887.0189208984375,2048,1536,409,887
HFW12-F7,2016,201604070228,DM,0,/Volumes/Seagate Portable Drive/KYLE_AI_DATABASE/A_CAMERA/Focal_species/Gulo gulo/HFW12-F7/DM/2016/B&W/Robust marks/04.07-02.28/IMG_1160.JPG,IMG_1160.JPG,HFW12-F7_2016_201604070228_IMG_1160.jpg,0.8343992829322815,446.0845947265625,332.84869384765625,404.4688720703125,897.6312866210938,2048,1536,404,897
HFW12-F7,2016,201604070228,DM,0,/Volumes/Seagate Portable Drive/KYLE_AI_DATABASE/A_CAMERA/Focal_species/Gulo gulo/HFW12-F7/DM/2016/B&W/Robust marks/04.07-02.28/IMG_1161.JPG,IMG_1161.JPG,HFW12-F7_2016_201604070228_IMG_1161.jpg,0.8300098776817322,452.25946044921875,313.06683349609375,391.23095703125,940.3137817382812,2048,1536,391,940
HFW12-F7,2016,201604070228,DM,0,/Volumes/Seagate Portable Drive/KYLE_AI_DATABASE/A_CAMERA/Focal_species/Gulo gulo/HFW12-F7/DM/2016/B&W/Robust marks/04.07-02.28/IMG_1163.JPG,IMG_1163.JPG,HFW12-F7_2016_201604070228_IMG_1163.jpg,0.8152275085449219,443.2628173828125,343.26702880859375,344.6756591796875,920.9776000976562,2048,1536,344,920
HFW12-F7,2016,201604070228,DM,0,/Volumes/Seagate Portable Drive/KYLE_AI_DATABASE/A_CAMERA/Focal_species/Gulo gulo/HFW12-F7/DM/2016/B&W/Robust marks/04.07-02.28/IMG_1168.JPG,IMG_1168.JPG,HFW12-F7_2016_201604070228_IMG_1168.jpg,0.9040418267250061,439.49383544921875,335.318603515625,409.4681396484375,923.0625,2048,1536,409,923
HFW12-F7,2016,201604070228,DM,0,/Volumes/Seagate Portable Drive/KYLE_AI_DATABASE/A_CAMERA/Focal_species/Gulo gulo/HFW12-F7/DM/2016/B&W/Robust marks/04.07-02.28/IMG_1169.JPG,IMG_1169.JPG,HFW12-F7_2016_201604070228_IMG_1169.jpg,0.9050780534744263,425.92352294921875,345.3586120605469,436.739013671875,927.359619140625,2048,1536,436,927
HFW12-F7,2016,201604070228,DM,0,/Volumes/Seagate Portable Drive/KYLE_AI_DATABASE/A_CAMERA/Focal_species/Gulo gulo/HFW12-F7/DM/2016/B&W/Robust marks/04.07-02.28/IMG_1170.JPG,IMG_1170.JPG,HFW12-F7_2016_201604070228_IMG_1170.jpg,0.8655693531036377,432.40997314453125,348.8846740722656,426.0721435546875,888.4925537109375,2048,1536,426,888
HFW12-F7,2016,201604070228,DM,0,/Volumes/Seagate Portable Drive/KYLE_AI_DATABASE/A_CAMERA/Focal_species/Gulo gulo/HFW12-F7/DM/2016/B&W/Robust marks/04.07-02.28/IMG_1171.JPG,IMG_1171.JPG,HFW12-F7_2016_201604070228_IMG_1171.jpg,0.8268176913261414,456.09478759765625,359.3739013671875,403.968994140625,864.4249267578125,2048,1536,403,864
HFW12-F7,2016,201604070228,DM,0,/Volumes/Seagate Portable Drive/KYLE_AI_DATABASE/A_CAMERA/Focal_species/Gulo gulo/HFW12-F7/DM/2016/B&W/Robust marks/04.07-02.28/IMG_1176.JPG,IMG_1176.JPG,HFW12-F7_2016_201604070228_IMG_1176.jpg,0.8440150022506714,442.57373046875,338.917724609375,399.9022216796875,922.413330078125,2048,1536,399,922
HFW12-F7,2016,201604070228,DM,0,/Volumes/Seagate Portable Drive/KYLE_AI_DATABASE/A_CAMERA/Focal_species/Gulo gulo/HFW12-F7/DM/2016/B&W/Robust marks/04.07-02.28/IMG_1178.JPG,IMG_1178.JPG,HFW12-F7_2016_201604070228_IMG_1178.jpg,0.8609175682067871,435.9735412597656,339.5299072265625,407.4606628417969,916.02978515625,2048,1536,407,916
HFW12-F7,2016,201604070228,DM,0,/Volumes/Seagate Portable Drive/KYLE_AI_DATABASE/A_CAMERA/Focal_species/Gulo gulo/HFW12-F7/DM/2016/B&W/Robust marks/04.07-02.28/IMG_1182.JPG,IMG_1182.JPG,HFW12-F7_2016_201604070228_IMG_1182.jpg,0.8367611169815063,445.6932373046875,340.6322021484375,444.232421875,908.2327880859375,2048,1536,444,908
HFW12-F7,2016,201604070228,DM,0,/Volumes/Seagate Portable Drive/KYLE_AI_DATABASE/A_CAMERA/Focal_species/Gulo gulo/HFW12-F7/DM/2016/B&W/Robust marks/04.07-02.28/IMG_1184.JPG,IMG_1184.JPG,HFW12-F7_2016_201604070228_IMG_1184.jpg,0.8546605706214905,441.0957336425781,344.71246337890625,414.4754333496094,910.9146118164062,2048,1536,414,910
HFW12-F7,2016,201604070228,DM,0,/Volumes/Seagate Portable Drive/KYLE_AI_DATABASE/A_CAMERA/Focal_species/Gulo gulo/HFW12-F7/DM/2016/B&W/Robust marks/04.07-02.28/IMG_1190.JPG,IMG_1190.JPG,HFW12-F7_2016_201604070228_IMG_1190.jpg,0.8429323434829712,454.147705078125,325.64801025390625,358.294921875,922.9992065429688,2048,1536,358,922
HFW12-F7,2016,201604070228,DM,0,/Volumes/Seagate Portable Drive/KYLE_AI_DATABASE/A_CAMERA/Focal_species/Gulo gulo/HFW12-F7/DM/2016/B&W/Robust marks/04.07-02.28/IMG_1194.JPG,IMG_1194.JPG,HFW12-F7_2016_201604070228_IMG_1194.jpg,0.8464982509613037,457.6790466308594,330.3979797363281,360.3974914550781,920.6099853515625,2048,1536,360,920
HFW12-F7,2016,201604070228,DM,0,/Volumes/Seagate Portable Drive/KYLE_AI_DATABASE/A_CAMERA/Focal_species/Gulo gulo/HFW12-F7/DM/2016/B&W/Robust marks/04.07-02.28/IMG_1196.JPG,IMG_1196.JPG,HFW12-F7_2016_201604070228_IMG_1196.jpg,0.844402551651001,459.7878723144531,343.74267578125,381.5953063964844,910.306396484375,2048,1536,381,910
HFW12-F7,2016,201604070228,DM,0,/Volumes/Seagate Portable Drive/KYLE_AI_DATABASE/A_CAMERA/Focal_species/Gulo gulo/HFW12-F7/DM/2016/B&W/Robust marks/04.07-02.28/IMG_1197.JPG,IMG_1197.JPG,HFW12-F7_2016_201604070228_IMG_1197.jpg,0.8626807332038879,452.30462646484375,341.30841064453125,431.9302978515625,911.3839721679688,2048,1536,431,911
HFW12-F7,2016,201604070228,DM,0,/Volumes/Seagate Portable Drive/KYLE_AI_DATABASE/A_CAMERA/Focal_species/Gulo gulo/HFW12-F7/DM/2016/B&W/Robust marks/04.07-02.28/IMG_1198.JPG,IMG_1198.JPG,HFW12-F7_2016_201604070228_IMG_1198.jpg,0.840114176273346,458.26483154296875,337.395751953125,431.811279296875,906.776123046875,2048,1536,431,906
HFW12-F7,2016,201604070228,DM,0,/Volumes/Seagate Portable Drive/KYLE_AI_DATABASE/A_CAMERA/Focal_species/Gulo gulo/HFW12-F7/DM/2016/B&W/Robust marks/04.07-02.28/IMG_1199.JPG,IMG_1199.JPG,HFW12-F7_2016_201604070228_IMG_1199.jpg,0.8179954290390015,464.1322937011719,343.2969970703125,424.1138000488281,906.1339111328125,2048,1536,424,906
HFW12-F7,2016,201604070228,DM,0,/Volumes/Seagate Portable Drive/KYLE_AI_DATABASE/A_CAMERA/Focal_species/Gulo gulo/HFW12-F7/DM/2016/B&W/Robust marks/04.07-02.28/IMG_1200.JPG,IMG_1200.JPG,HFW12-F7_2016_201604070228_IMG_1200.jpg,0.8175913095474243,455.94122314453125,345.45965576171875,418.780029296875,885.8591918945312,2048,1536,418,885
HFW12-F7,2016,201604070228,DM,0,/Volumes/Seagate Portable Drive/KYLE_AI_DATABASE/A_CAMERA/Focal_species/Gulo gulo/HFW12-F7/DM/2016/B&W/Robust marks/04.07-02.28/IMG_1201.JPG,IMG_1201.JPG,HFW12-F7_2016_201604070228_IMG_1201.jpg,0.8489048480987549,474.77069091796875,325.62200927734375,422.7362060546875,919.5813598632812,2048,1536,422,919
HFW12-F7,2016,201604070228,DM,0,/Volumes/Seagate Portable Drive/KYLE_AI_DATABASE/A_CAMERA/Focal_species/Gulo gulo/HFW12-F7/DM/2016/B&W/Robust marks/04.07-02.28/IMG_1202.JPG,IMG_1202.JPG,HFW12-F7_2016_201604070228_IMG_1202.jpg,0.8808231353759766,454.4215087890625,321.30914306640625,418.0703125,931.4255981445312,2048,1536,418,931
HFW12-F7,2016,201604070228,DM,0,/Volumes/Seagate Portable Drive/KYLE_AI_DATABASE/A_CAMERA/Focal_species/Gulo gulo/HFW12-F7/DM/2016/B&W/Robust marks/04.07-02.28/IMG_1203.JPG,IMG_1203.JPG,HFW12-F7_2016_201604070228_IMG_1203.jpg,0.870415985584259,448.1640319824219,331.44158935546875,415.6472473144531,924.2227172851562,2048,1536,415,924
HFW12-F7,2016,201604070228,DM,0,/Volumes/Seagate Portable Drive/KYLE_AI_DATABASE/A_CAMERA/Focal_species/Gulo gulo/HFW12-F7/DM/2016/B&W/Robust marks/04.07-02.28/IMG_1204.JPG,IMG_1204.JPG,HFW12-F7_2016_201604070228_IMG_1204.jpg,0.8382671475410461,457.709716796875,339.3351745605469,420.337646484375,918.4139404296875,2048,1536,420,918
HFW12-F7,2016,201604070228,DM,0,/Volumes/Seagate Portable Drive/KYLE_AI_DATABASE/A_CAMERA/Focal_species/Gulo gulo/HFW12-F7/DM/2016/B&W/Robust marks/04.07-02.28/IMG_1205.JPG,IMG_1205.JPG,HFW12-F7_2016_201604070228_IMG_1205.jpg,0.8158755302429199,457.9782409667969,350.44183349609375,381.2196350097656,886.9541625976562,2048,1536,381,886
HFW12-F7,2016,201604070228,DM,0,/Volumes/Seagate Portable Drive/KYLE_AI_DATABASE/A_CAMERA/Focal_species/Gulo gulo/HFW12-F7/DM/2016/B&W/Robust marks/04.07-02.28/IMG_1208.JPG,IMG_1208.JPG,HFW12-F7_2016_201604070228_IMG_1208.jpg,0.887840211391449,450.05731201171875,350.62713623046875,361.2705078125,922.6256713867188,2048,1536,361,922
HFW12-F7,2016,201604070228,DM,0,/Volumes/Seagate Portable Drive/KYLE_AI_DATABASE/A_CAMERA/Focal_species/Gulo gulo/HFW12-F7/DM/2016/B&W/Robust marks/04.07-02.28/IMG_1210.JPG,IMG_1210.JPG,HFW12-F7_2016_201604070228_IMG_1210.jpg,0.8004415035247803,442.60650634765625,369.34368896484375,360.7896728515625,891.2470092773438,2048,1536,360,891
HFW12-F7,2016,201604070228,DM,0,/Volumes/Seagate Portable Drive/KYLE_AI_DATABASE/A_CAMERA/Focal_species/Gulo gulo/HFW12-F7/DM/2016/B&W/Robust marks/04.07-02.28/IMG_1215.JPG,IMG_1215.JPG,HFW12-F7_2016_201604070228_IMG_1215.jpg,0.8264204263687134,451.6914978027344,332.23394775390625,353.0781555175781,910.2113647460938,2048,1536,353,910
HFW12-F7,2016,201604070228,DM,0,/Volumes/Seagate Portable Drive/KYLE_AI_DATABASE/A_CAMERA/Focal_species/Gulo gulo/HFW12-F7/DM/2016/B&W/Robust marks/04.07-02.28/IMG_1217.JPG,IMG_1217.JPG,HFW12-F7_2016_201604070228_IMG_1217.jpg,0.8039960861206055,455.2169189453125,357.0198669433594,356.66650390625,904.5601806640625,2048,1536,356,904
HFW12-F7,2016,201604070228,DM,0,/Volumes/Seagate Portable Drive/KYLE_AI_DATABASE/A_CAMERA/Focal_species/Gulo gulo/HFW12-F7/DM/2016/B&W/Robust marks/04.07-02.28/IMG_1218.JPG,IMG_1218.JPG,HFW12-F7_2016_201604070228_IMG_1218.jpg,0.8616639375686646,448.0633239746094,340.72222900390625,361.9365539550781,923.3921508789062,2048,1536,361,923
HFW12-F7,2016,201604070228,DM,0,/Volumes/Seagate Portable Drive/KYLE_AI_DATABASE/A_CAMERA/Focal_species/Gulo gulo/HFW12-F7/DM/2016/B&W/Robust marks/04.07-02.28/IMG_1219.JPG,IMG_1219.JPG,HFW12-F7_2016_201604070228_IMG_1219.jpg,0.8079348802566528,440.05926513671875,355.05322265625,393.4808349609375,914.1522216796875,2048,1536,393,914
HFW12-F7,2016,201604070228,DM,0,/Volumes/Seagate Portable Drive/KYLE_AI_DATABASE/A_CAMERA/Focal_species/Gulo gulo/HFW12-F7/DM/2016/B&W/Robust marks/04.07-02.28/IMG_1220.JPG,IMG_1220.JPG,HFW12-F7_2016_201604070228_IMG_1220.jpg,0.8941895961761475,441.7841796875,350.06243896484375,401.21923828125,917.9331665039062,2048,1536,401,917
HFW12-F7,2016,201604070228,DM,0,/Volumes/Seagate Portable Drive/KYLE_AI_DATABASE/A_CAMERA/Focal_species/Gulo gulo/HFW12-F7/DM/2016/B&W/Robust marks/04.07-02.28/IMG_1230.JPG,IMG_1230.JPG,HFW12-F7_2016_201604070228_IMG_1230.jpg,0.8205788135528564,446.9842224121094,397.0602722167969,382.0466613769531,860.9517822265625,2048,1536,382,860
HFW12-F7,2016,201604070228,DM,0,/Volumes/Seagate Portable Drive/KYLE_AI_DATABASE/A_CAMERA/Focal_species/Gulo gulo/HFW12-F7/DM/2016/B&W/Robust marks/04.07-02.28/IMG_1234.JPG,IMG_1234.JPG,HFW12-F7_2016_201604070228_IMG_1234.jpg,0.8525510430335999,447.8537902832031,348.72174072265625,406.9862976074219,934.7387084960938,2048,1536,406,934
HFW12-F7,2016,201604070228,DM,0,/Volumes/Seagate Portable Drive/KYLE_AI_DATABASE/A_CAMERA/Focal_species/Gulo gulo/HFW12-F7/DM/2016/B&W/Robust marks/04.07-02.28/IMG_1235.JPG,IMG_1235.JPG,HFW12-F7_2016_201604070228_IMG_1235.jpg,0.8512133359909058,436.9251403808594,331.6417236328125,460.3010559082031,923.3465576171875,2048,1536,460,923
HFW12-F7,2016,201604070228,DM,0,/Volumes/Seagate Portable Drive/KYLE_AI_DATABASE/A_CAMERA/Focal_species/Gulo gulo/HFW12-F7/DM/2016/B&W/Robust marks/04.07-02.28/IMG_1236.JPG,IMG_1236.JPG,HFW12-F7_2016_201604070228_IMG_1236.jpg,0.8279546499252319,436.70184326171875,349.11175537109375,451.2476806640625,878.8735961914062,2048,1536,451,878
HFW12-F7,2016,201604070228,DM,0,/Volumes/Seagate Portable Drive/KYLE_AI_DATABASE/A_CAMERA/Focal_species/Gulo gulo/HFW12-F7/DM/2016/B&W/Robust marks/04.07-02.28/IMG_1237.JPG,IMG_1237.JPG,HFW12-F7_2016_201604070228_IMG_1237.jpg,0.9156010746955872,428.59564208984375,330.8941650390625,459.79443359375,905.6622314453125,2048,1536,459,905
HFW12-F7,2016,201604070228,DM,0,/Volumes/Seagate Portable Drive/KYLE_AI_DATABASE/A_CAMERA/Focal_species/Gulo gulo/HFW12-F7/DM/2016/B&W/Robust marks/04.07-02.28/IMG_1239.JPG,IMG_1239.JPG,HFW12-F7_2016_201604070228_IMG_1239.jpg,0.8544495701789856,450.58636474609375,338.4950866699219,440.2470703125,897.2117919921875,2048,1536,440,897
HFW12-F7,2016,201604070228,DM,0,/Volumes/Seagate Portable Drive/KYLE_AI_DATABASE/A_CAMERA/Focal_species/Gulo gulo/HFW12-F7/DM/2016/B&W/Robust marks/04.07-02.28/IMG_1240.JPG,IMG_1240.JPG,HFW12-F7_2016_201604070228_IMG_1240.jpg,0.8652418255805969,435.4462890625,344.4341125488281,435.6583251953125,897.7642822265625,2048,1536,435,897
HFW12-F7,2016,201604070228,DM,0,/Volumes/Seagate Portable Drive/KYLE_AI_DATABASE/A_CAMERA/Focal_species/Gulo gulo/HFW12-F7/DM/2016/B&W/Robust marks/04.07-02.28/IMG_1242.JPG,IMG_1242.JPG,HFW12-F7_2016_201604070228_IMG_1242.jpg,0.8330531716346741,440.8829040527344,324.29766845703125,356.9166564941406,951.0726928710938,2048,1536,356,951
HFW12-F7,2016,201604070228,DM,0,/Volumes/Seagate Portable Drive/KYLE_AI_DATABASE/A_CAMERA/Focal_species/Gulo gulo/HFW12-F7/DM/2016/B&W/Robust marks/04.07-02.28/IMG_1244.JPG,IMG_1244.JPG,HFW12-F7_2016_201604070228_IMG_1244.jpg,0.8267226219177246,443.0558166503906,291.14129638671875,364.8923034667969,969.9177856445312,2048,1536,364,969
HFW12-F7,2016,201604070228,DM,0,/Volumes/Seagate Portable Drive/KYLE_AI_DATABASE/A_CAMERA/Focal_species/Gulo gulo/HFW12-F7/DM/2016/B&W/Robust marks/04.07-02.28/IMG_1252.JPG,IMG_1252.JPG,HFW12-F7_2016_201604070228_IMG_1252.jpg,0.8722947239875793,449.02105712890625,326.78076171875,401.3314208984375,925.5205078125,2048,1536,401,925
HFW12-F7,2016,201604070228,DM,0,/Volumes/Seagate Portable Drive/KYLE_AI_DATABASE/A_CAMERA/Focal_species/Gulo gulo/HFW12-F7/DM/2016/B&W/Robust marks/04.07-02.28/IMG_1258.JPG,IMG_1258.JPG,HFW12-F7_2016_201604070228_IMG_1258.jpg,0.8062626123428345,468.15155029296875,340.07745361328125,374.043701171875,956.4555053710938,2048,1536,374,956
HFW12-F7,2016,201604070228,DM,0,/Volumes/Seagate Portable Drive/KYLE_AI_DATABASE/A_CAMERA/Focal_species/Gulo gulo/HFW12-F7/DM/2016/B&W/Robust marks/04.07-02.28/IMG_1259.JPG,IMG_1259.JPG,HFW12-F7_2016_201604070228_IMG_1259.jpg,0.8034406304359436,482.9998474121094,370.59112548828125,339.1513977050781,867.1754760742188,2048,1536,339,867
HFW12-F7,2016,201604070228,DM,0,/Volumes/Seagate Portable Drive/KYLE_AI_DATABASE/A_CAMERA/Focal_species/Gulo gulo/HFW12-F7/DM/2016/B&W/Robust marks/04.07-02.28/IMG_1261.JPG,IMG_1261.JPG,HFW12-F7_2016_201604070228_IMG_1261.jpg,0.8289297223091125,436.106201171875,424.9765625,447.3758544921875,851.191162109375,2048,1536,447,851
HFW12-F7,2016,201604070228,DM,0,/Volumes/Seagate Portable Drive/KYLE_AI_DATABASE/A_CAMERA/Focal_species/Gulo gulo/HFW12-F7/DM/2016/B&W/Robust marks/04.07-02.28/IMG_1262.JPG,IMG_1262.JPG,HFW12-F7_2016_201604070228_IMG_1262.jpg,0.888506293296814,467.39996337890625,429.400146484375,422.5992431640625,803.557373046875,2048,1536,422,803
HFW12-F7,2016,201604070228,DM,0,/Volumes/Seagate Portable Drive/KYLE_AI_DATABASE/A_CAMERA/Focal_species/Gulo gulo/HFW12-F7/DM/2016/B&W/Robust marks/04.07-02.28/IMG_1263.JPG,IMG_1263.JPG,HFW12-F7_2016_201604070228_IMG_1263.jpg,0.833462655544281,476.4949035644531,424.6504211425781,400.0031433105469,792.7994384765625,2048,1536,400,792
HFW12-F7,2016,201604070228,DM,0,/Volumes/Seagate Portable Drive/KYLE_AI_DATABASE/A_CAMERA/Focal_species/Gulo gulo/HFW12-F7/DM/2016/B&W/Robust marks/04.07-02.28/IMG_1264.JPG,IMG_1264.JPG,HFW12-F7_2016_201604070228_IMG_1264.jpg,0.8843348026275635,479.0067443847656,421.21905517578125,402.9512634277344,796.8412475585938,2048,1536,402,796
HFW12-F7,2016,201604070228,DM,0,/Volumes/Seagate Portable Drive/KYLE_AI_DATABASE/A_CAMERA/Focal_species/Gulo gulo/HFW12-F7/DM/2016/B&W/Robust marks/04.07-02.28/IMG_1265.JPG,IMG_1265.JPG,HFW12-F7_2016_201604070228_IMG_1265.jpg,0.8679731488227844,470.1390686035156,309.7250061035156,404.8681335449219,963.7100830078125,2048,1536,404,963
HFW12-F7,2016,201604070228,DM,0,/Volumes/Seagate Portable Drive/KYLE_AI_DATABASE/A_CAMERA/Focal_species/Gulo gulo/HFW12-F7/DM/2016/B&W/Robust marks/04.07-02.28/IMG_1266.JPG,IMG_1266.JPG,HFW12-F7_2016_201604070228_IMG_1266.jpg,0.8848342895507812,464.3984680175781,430.115966796875,412.2699890136719,832.841064453125,2048,1536,412,832
HFW12-F7,2016,201604070228,DM,0,/Volumes/Seagate Portable Drive/KYLE_AI_DATABASE/A_CAMERA/Focal_species/Gulo gulo/HFW12-F7/DM/2016/B&W/Robust marks/04.07-02.28/IMG_1267.JPG,IMG_1267.JPG,HFW12-F7_2016_201604070228_IMG_1267.jpg,0.886623740196228,475.6348876953125,428.1822509765625,409.0283203125,812.5838623046875,2048,1536,409,812
HFW12-F7,2016,201604070228,DM,0,/Volumes/Seagate Portable Drive/KYLE_AI_DATABASE/A_CAMERA/Focal_species/Gulo gulo/HFW12-F7/DM/2016/B&W/Robust marks/04.07-02.28/IMG_1270.JPG,IMG_1270.JPG,HFW12-F7_2016_201604070228_IMG_1270.jpg,0.8303874731063843,472.811767578125,403.5693054199219,433.3775634765625,846.51171875,2048,1536,433,846
HFW12-F7,2016,201604070228,DM,0,/Volumes/Seagate Portable Drive/KYLE_AI_DATABASE/A_CAMERA/Focal_species/Gulo gulo/HFW12-F7/DM/2016/B&W/Robust marks/04.07-02.28/IMG_1277.JPG,IMG_1277.JPG,HFW12-F7_2016_201604070228_IMG_1277.jpg,0.8838440179824829,436.7328796386719,381.58673095703125,403.2505187988281,863.0144653320312,2048,1536,403,863
HFW12-F7,2016,201604070228,DM,0,/Volumes/Seagate Portable Drive/KYLE_AI_DATABASE/A_CAMERA/Focal_species/Gulo gulo/HFW12-F7/DM/2016/B&W/Robust marks/04.07-02.28/IMG_1279.JPG,IMG_1279.JPG,HFW12-F7_2016_201604070228_IMG_1279.jpg,0.800754964351654,449.6927490234375,431.01239013671875,377.1343994140625,847.5940551757812,2048,1536,377,847
HFW12-F7,2016,201604070228,DM,0,/Volumes/Seagate Portable Drive/KYLE_AI_DATABASE/A_CAMERA/Focal_species/Gulo gulo/HFW12-F7/DM/2016/B&W/Robust marks/04.07-02.28/IMG_1281.JPG,IMG_1281.JPG,HFW12-F7_2016_201604070228_IMG_1281.jpg,0.8233524560928345,419.50103759765625,356.38543701171875,380.4886474609375,943.9918823242188,2048,1536,380,943
HFW12-F7,2016,201604070228,DM,0,/Volumes/Seagate Portable Drive/KYLE_AI_DATABASE/A_CAMERA/Focal_species/Gulo gulo/HFW12-F7/DM/2016/B&W/Robust marks/04.07-02.28/IMG_1282.JPG,IMG_1282.JPG,HFW12-F7_2016_201604070228_IMG_1282.jpg,0.8142482042312622,444.4459228515625,436.82952880859375,362.9425048828125,837.4888305664062,2048,1536,362,837
HFW12-F7,2016,201604070228,DM,0,/Volumes/Seagate Portable Drive/KYLE_AI_DATABASE/A_CAMERA/Focal_species/Gulo gulo/HFW12-F7/DM/2016/B&W/Robust marks/04.07-02.28/IMG_1283.JPG,IMG_1283.JPG,HFW12-F7_2016_201604070228_IMG_1283.jpg,0.8670933842658997,443.0166015625,434.59222412109375,364.7965087890625,833.6690063476562,2048,1536,364,833
HFW12-F7,2016,201604070228,DM,0,/Volumes/Seagate Portable Drive/KYLE_AI_DATABASE/A_CAMERA/Focal_species/Gulo gulo/HFW12-F7/DM/2016/B&W/Robust marks/04.07-02.28/IMG_1284.JPG,IMG_1284.JPG,HFW12-F7_2016_201604070228_IMG_1284.jpg,0.8492846488952637,438.56768798828125,382.0284118652344,361.0679931640625,882.5615234375,2048,1536,361,882
HFW12-F7,2016,201604070228,DM,0,/Volumes/Seagate Portable Drive/KYLE_AI_DATABASE/A_CAMERA/Focal_species/Gulo gulo/HFW12-F7/DM/2016/B&W/Robust marks/04.07-02.28/IMG_1285.JPG,IMG_1285.JPG,HFW12-F7_2016_201604070228_IMG_1285.jpg,0.841272234916687,437.84942626953125,379.67156982421875,368.51123046875,897.7639770507812,2048,1536,368,897
HFW12-F7,2016,201604070228,DM,0,/Volumes/Seagate Portable Drive/KYLE_AI_DATABASE/A_CAMERA/Focal_species/Gulo gulo/HFW12-F7/DM/2016/B&W/Robust marks/04.07-02.28/IMG_1286.JPG,IMG_1286.JPG,HFW12-F7_2016_201604070228_IMG_1286.jpg,0.8535246253013611,445.2894287109375,382.0904541015625,366.8753662109375,887.8773193359375,2048,1536,366,887
HFW12-F7,2016,201604070228,DM,0,/Volumes/Seagate Portable Drive/KYLE_AI_DATABASE/A_CAMERA/Focal_species/Gulo gulo/HFW12-F7/DM/2016/B&W/Robust marks/04.07-02.28/IMG_1288.JPG,IMG_1288.JPG,HFW12-F7_2016_201604070228_IMG_1288.jpg,0.9101981520652771,443.65313720703125,343.11871337890625,400.07275390625,891.3895874023438,2048,1536,400,891
HFW12-F7,2016,201604070228,DM,0,/Volumes/Seagate Portable Drive/KYLE_AI_DATABASE/A_CAMERA/Focal_species/Gulo gulo/HFW12-F7/DM/2016/B&W/Robust marks/04.07-02.28/IMG_1289.JPG,IMG_1289.JPG,HFW12-F7_2016_201604070228_IMG_1289.jpg,0.8713763952255249,457.8465576171875,342.41253662109375,431.0784912109375,881.3897094726562,2048,1536,431,881
HFW12-F7,2016,201604070228,DM,0,/Volumes/Seagate Portable Drive/KYLE_AI_DATABASE/A_CAMERA/Focal_species/Gulo gulo/HFW12-F7/DM/2016/B&W/Robust marks/04.07-02.28/IMG_1290.JPG,IMG_1290.JPG,HFW12-F7_2016_201604070228_IMG_1290.jpg,0.8808665871620178,450.954833984375,388.34857177734375,468.132568359375,835.5762329101562,2048,1536,468,835
HFW12-F7,2016,201604070228,DM,0,/Volumes/Seagate Portable Drive/KYLE_AI_DATABASE/A_CAMERA/Focal_species/Gulo gulo/HFW12-F7/DM/2016/B&W/Robust marks/04.07-02.28/IMG_1294.JPG,IMG_1294.JPG,HFW12-F7_2016_201604070228_IMG_1294.jpg,0.8403017520904541,469.54132080078125,427.0467529296875,354.2305908203125,818.2188720703125,2048,1536,354,818
HFW12-F7,2016,201604070228,DM,0,/Volumes/Seagate Portable Drive/KYLE_AI_DATABASE/A_CAMERA/Focal_species/Gulo gulo/HFW12-F7/DM/2016/B&W/Robust marks/04.07-02.28/IMG_1295.JPG,IMG_1295.JPG,HFW12-F7_2016_201604070228_IMG_1295.jpg,0.8340962529182434,468.02874755859375,446.7896728515625,414.605712890625,801.5948486328125,2048,1536,414,801
HFW12-F7,2016,201604070228,DM,0,/Volumes/Seagate Portable Drive/KYLE_AI_DATABASE/A_CAMERA/Focal_species/Gulo gulo/HFW12-F7/DM/2016/B&W/Robust marks/04.07-02.28/IMG_1297.JPG,IMG_1297.JPG,HFW12-F7_2016_201604070228_IMG_1297.jpg,0.8216882348060608,447.5599365234375,385.2219543457031,357.45166015625,889.981201171875,2048,1536,357,889
HFW12-F7,2016,201604070228,DM,0,/Volumes/Seagate Portable Drive/KYLE_AI_DATABASE/A_CAMERA/Focal_species/Gulo gulo/HFW12-F7/DM/2016/B&W/Robust marks/04.07-02.28/IMG_1299.JPG,IMG_1299.JPG,HFW12-F7_2016_201604070228_IMG_1299.jpg,0.8458557724952698,458.4693908691406,400.75933837890625,368.3520202636719,868.0370483398438,2048,1536,368,868
HFW12-F7,2016,201604070228,DM,0,/Volumes/Seagate Portable Drive/KYLE_AI_DATABASE/A_CAMERA/Focal_species/Gulo gulo/HFW12-F7/DM/2016/B&W/Robust marks/04.07-02.28/IMG_1300.JPG,IMG_1300.JPG,HFW12-F7_2016_201604070228_IMG_1300.jpg,0.8297283053398132,464.4298095703125,398.7596740722656,366.8248291015625,859.228515625,2048,1536,366,859
HFW12-F7,2016,201604070228,DM,0,/Volumes/Seagate Portable Drive/KYLE_AI_DATABASE/A_CAMERA/Focal_species/Gulo gulo/HFW12-F7/DM/2016/B&W/Robust marks/04.07-02.28/IMG_1301.JPG,IMG_1301.JPG,HFW12-F7_2016_201604070228_IMG_1301.jpg,0.8172550797462463,465.3359069824219,326.4915771484375,341.3382873535156,949.0950927734375,2048,1536,341,949
HFW12-F7,2016,201604070228,DM,0,/Volumes/Seagate Portable Drive/KYLE_AI_DATABASE/A_CAMERA/Focal_species/Gulo gulo/HFW12-F7/DM/2016/B&W/Robust marks/04.07-02.28/IMG_1303.JPG,IMG_1303.JPG,HFW12-F7_2016_201604070228_IMG_1303.jpg,0.8070098757743835,461.28411865234375,422.86285400390625,362.0589599609375,849.6881713867188,2048,1536,362,849
HFW12-F7,2016,201604070228,DM,0,/Volumes/Seagate Portable Drive/KYLE_AI_DATABASE/A_CAMERA/Focal_species/Gulo gulo/HFW12-F7/DM/2016/B&W/Robust marks/04.07-02.28/IMG_1306.JPG,IMG_1306.JPG,HFW12-F7_2016_201604070228_IMG_1306.jpg,0.8062486052513123,470.757568359375,393.21697998046875,347.87548828125,875.2384643554688,2048,1536,347,875
HFW12-F7,2016,201604070228,DM,0,/Volumes/Seagate Portable Drive/KYLE_AI_DATABASE/A_CAMERA/Focal_species/Gulo gulo/HFW12-F7/DM/2016/B&W/Robust marks/04.07-02.28/IMG_1312.JPG,IMG_1312.JPG,HFW12-F7_2016_201604070228_IMG_1312.jpg,0.8326653242111206,470.320068359375,426.025634765625,369.287353515625,841.6226806640625,2048,1536,369,841
HFW12-F7,2016,201604070228,DM,0,/Volumes/Seagate Portable Drive/KYLE_AI_DATABASE/A_CAMERA/Focal_species/Gulo gulo/HFW12-F7/DM/2016/B&W/Robust marks/04.07-02.28/IMG_1316.JPG,IMG_1316.JPG,HFW12-F7_2016_201604070228_IMG_1316.jpg,0.837138831615448,454.3626708984375,398.22296142578125,351.9876708984375,874.1661987304688,2048,1536,351,874
HFW12-F7,2016,201604070228,DM,0,/Volumes/Seagate Portable Drive/KYLE_AI_DATABASE/A_CAMERA/Focal_species/Gulo gulo/HFW12-F7/DM/2016/B&W/Robust marks/04.07-02.28/IMG_1317.JPG,IMG_1317.JPG,HFW12-F7_2016_201604070228_IMG_1317.jpg,0.8443135619163513,461.05859375,393.283935546875,358.7611083984375,865.776123046875,2048,1536,358,865
HFW12-F7,2016,201604070228,DM,0,/Volumes/Seagate Portable Drive/KYLE_AI_DATABASE/A_CAMERA/Focal_species/Gulo gulo/HFW12-F7/DM/2016/B&W/Robust marks/04.07-02.28/IMG_1319.JPG,IMG_1319.JPG,HFW12-F7_2016_201604070228_IMG_1319.jpg,0.8232979774475098,461.26971435546875,383.32501220703125,342.0225830078125,893.0280151367188,2048,1536,342,893
HFW12-F7,2016,201604070228,DM,0,/Volumes/Seagate Portable Drive/KYLE_AI_DATABASE/A_CAMERA/Focal_species/Gulo gulo/HFW12-F7/DM/2016/B&W/Robust marks/04.07-02.28/IMG_1320.JPG,IMG_1320.JPG,HFW12-F7_2016_201604070228_IMG_1320.jpg,0.8541151881217957,478.14752197265625,427.91278076171875,396.5540771484375,873.8818969726562,2048,1536,396,873
HFW12-F7,2016,201604070228,DM,0,/Volumes/Seagate Portable Drive/KYLE_AI_DATABASE/A_CAMERA/Focal_species/Gulo gulo/HFW12-F7/DM/2016/B&W/Robust marks/04.07-02.28/IMG_1321.JPG,IMG_1321.JPG,HFW12-F7_2016_201604070228_IMG_1321.jpg,0.9385524392127991,394.28314208984375,723.202880859375,631.2659301757812,602.4869384765625,2048,1536,631,602
HFW12-F7,2016,201604070228,DM,0,/Volumes/Seagate Portable Drive/KYLE_AI_DATABASE/A_CAMERA/Focal_species/Gulo gulo/HFW12-F7/DM/2016/B&W/Robust marks/04.07-02.28/IMG_1323.JPG,IMG_1323.JPG,HFW12-F7_2016_201604070228_IMG_1323.jpg,0.8075810670852661,447.5125732421875,826.108642578125,688.9583740234375,417.0030517578125,2048,1536,688,417
HFW12-F7,2016,201604070228,DM,0,/Volumes/Seagate Portable Drive/KYLE_AI_DATABASE/A_CAMERA/Focal_species/Gulo gulo/HFW12-F7/DM/2016/B&W/Robust marks/04.07-02.28/IMG_1324.JPG,IMG_1324.JPG,HFW12-F7_2016_201604070228_IMG_1324.jpg,0.901630699634552,444.63958740234375,832.0982666015625,732.7070922851562,416.9412841796875,2048,1536,732,416
HFW12-F7,2016,201604070228,DM,0,/Volumes/Seagate Portable Drive/KYLE_AI_DATABASE/A_CAMERA/Focal_species/Gulo gulo/HFW12-F7/DM/2016/B&W/Robust marks/04.07-02.28/IMG_1325.JPG,IMG_1325.JPG,HFW12-F7_2016_201604070228_IMG_1325.jpg,0.913231372833252,434.8086242675781,813.8017578125,713.1666259765625,443.158447265625,2048,1536,713,443
HFW12-F7,2016,201604070228,DM,0,/Volumes/Seagate Portable Drive/KYLE_AI_DATABASE/A_CAMERA/Focal_species/Gulo gulo/HFW12-F7/DM/2016/B&W/Robust marks/04.07-02.28/IMG_1326.JPG,IMG_1326.JPG,HFW12-F7_2016_201604070228_IMG_1326.jpg,0.8548189997673035,471.81494140625,817.5833740234375,659.0562744140625,487.562255859375,2048,1536,659,487
HFW12-F7,2016,201604070228,DM,0,/Volumes/Seagate Portable Drive/KYLE_AI_DATABASE/A_CAMERA/Focal_species/Gulo gulo/HFW12-F7/DM/2016/B&W/Robust marks/04.07-02.28/IMG_1327.JPG,IMG_1327.JPG,HFW12-F7_2016_201604070228_IMG_1327.jpg,0.817514181137085,796.7220458984375,328.97833251953125,365.7032470703125,900.3619995117188,2048,1536,365,900
HFW12-F7,2016,201604070228,DM,0,/Volumes/Seagate Portable Drive/KYLE_AI_DATABASE/A_CAMERA/Focal_species/Gulo gulo/HFW12-F7/DM/2016/B&W/Robust marks/04.07-02.28/IMG_1329.JPG,IMG_1329.JPG,HFW12-F7_2016_201604070228_IMG_1329.jpg,0.853516161441803,782.4882202148438,364.50494384765625,491.76226806640625,898.5702514648438,2048,1536,491,898
HFW12-F7,2016,201604070228,DM,0,/Volumes/Seagate Portable Drive/KYLE_AI_DATABASE/A_CAMERA/Focal_species/Gulo gulo/HFW12-F7/DM/2016/B&W/Robust marks/04.07-02.28/IMG_1330.JPG,IMG_1330.JPG,HFW12-F7_2016_201604070228_IMG_1330.jpg,0.8321839570999146,780.190673828125,382.77069091796875,483.0111083984375,894.1478881835938,2048,1536,483,894
HFW12-F7,2016,201604070228,DM,0,/Volumes/Seagate Portable Drive/KYLE_AI_DATABASE/A_CAMERA/Focal_species/Gulo gulo/HFW12-F7/DM/2016/B&W/Robust marks/04.07-02.28/IMG_1331.JPG,IMG_1331.JPG,HFW12-F7_2016_201604070228_IMG_1331.jpg,0.8240417838096619,792.2152099609375,182.3338623046875,517.216064453125,1046.466064453125,2048,1536,517,1046
HFW12-F7,2016,201604070228,DM,0,/Volumes/Seagate Portable Drive/KYLE_AI_DATABASE/A_CAMERA/Focal_species/Gulo gulo/HFW12-F7/DM/2016/B&W/Robust marks/04.07-02.28/IMG_1340.JPG,IMG_1340.JPG,HFW12-F7_2016_201604070228_IMG_1340.jpg,0.9220261573791504,610.863525390625,77.13331604003906,543.6826171875,827.134521484375,2048,1536,543,827
HFW12-F7,2016,201604070228,DM,0,/Volumes/Seagate Portable Drive/KYLE_AI_DATABASE/A_CAMERA/Focal_species/Gulo gulo/HFW12-F7/DM/2016/B&W/Robust marks/04.07-02.28/IMG_1341.JPG,IMG_1341.JPG,HFW12-F7_2016_201604070228_IMG_1341.jpg,0.828626275062561,610.1122436523438,116.10260009765625,471.71258544921875,818.5324096679688,2048,1536,471,818
HFW12-F7,2016,201604070228,DM,0,/Volumes/Seagate Portable Drive/KYLE_AI_DATABASE/A_CAMERA/Focal_species/Gulo gulo/HFW12-F7/DM/2016/B&W/Robust marks/04.07-02.28/IMG_1349.JPG,IMG_1349.JPG,HFW12-F7_2016_201604070228_IMG_1349.jpg,0.8667405247688293,599.198974609375,201.4632110595703,485.1796875,1294.5631103515625,2048,1536,485,1294
HFW12-F7,2016,201604070228,DM,0,/Volumes/Seagate Portable Drive/KYLE_AI_DATABASE/A_CAMERA/Focal_species/Gulo gulo/HFW12-F7/DM/2016/B&W/Robust marks/04.07-02.28/IMG_1350.JPG,IMG_1350.JPG,HFW12-F7_2016_201604070228_IMG_1350.jpg,0.8759444355964661,600.5431518554688,200.72625732421875,495.63616943359375,1296.947021484375,2048,1536,495,1296
HFW12-F7,2016,201604070228,DM,0,/Volumes/Seagate Portable Drive/KYLE_AI_DATABASE/A_CAMERA/Focal_species/Gulo gulo/HFW12-F7/DM/2016/B&W/Robust marks/04.07-02.28/IMG_1351.JPG,IMG_1351.JPG,HFW12-F7_2016_201604070228_IMG_1351.jpg,0.8530371785163879,596.5850830078125,131.26318359375,505.302001953125,1364.833984375,2048,1536,505,1364
HFW12-F7,2016,201604070228,DM,0,/Volumes/Seagate Portable Drive/KYLE_AI_DATABASE/A_CAMERA/Focal_species/Gulo gulo/HFW12-F7/DM/2016/B&W/Robust marks/04.07-02.28/IMG_1359.JPG,IMG_1359.JPG,HFW12-F7_2016_201604070228_IMG_1359.jpg,0.9019615650177002,599.5960693359375,193.48178100585938,482.1788330078125,1301.7308349609375,2048,1536,482,1301
HFW12-F7,2016,201604070228,DM,0,/Volumes/Seagate Portable Drive/KYLE_AI_DATABASE/A_CAMERA/Focal_species/Gulo gulo/HFW12-F7/DM/2016/B&W/Robust marks/04.07-02.28/IMG_1360.JPG,IMG_1360.JPG,HFW12-F7_2016_201604070228_IMG_1360.jpg,0.9070441126823425,597.1997680664062,183.25845336914062,501.55426025390625,1317.8875732421875,2048,1536,501,1317
HFW12-F7,2016,201604070228,DM,0,/Volumes/Seagate Portable Drive/KYLE_AI_DATABASE/A_CAMERA/Focal_species/Gulo gulo/HFW12-F7/DM/2016/B&W/Robust marks/04.07-02.28/IMG_1361.JPG,IMG_1361.JPG,HFW12-F7_2016_201604070228_IMG_1361.jpg,0.8944374918937683,597.8853759765625,172.646484375,497.861083984375,1327.06201171875,2048,1536,497,1327
HFW12-F7,2016,201604070228,DM,0,/Volumes/Seagate Portable Drive/KYLE_AI_DATABASE/A_CAMERA/Focal_species/Gulo gulo/HFW12-F7/DM/2016/B&W/Robust marks/04.07-02.28/IMG_1362.JPG,IMG_1362.JPG,HFW12-F7_2016_201604070228_IMG_1362.jpg,0.897932767868042,598.3692016601562,215.25027465820312,486.16278076171875,1281.550048828125,2048,1536,486,1281
HFW12-F7,2016,201604070228,DM,0,/Volumes/Seagate Portable Drive/KYLE_AI_DATABASE/A_CAMERA/Focal_species/Gulo gulo/HFW12-F7/DM/2016/B&W/Robust marks/04.07-02.28/IMG_1364.JPG,IMG_1364.JPG,HFW12-F7_2016_201604070228_IMG_1364.jpg,0.9057256579399109,597.3278198242188,186.0794219970703,540.2937622070312,1313.4285888671875,2048,1536,540,1313
HFW12-F7,2016,201604070228,DM,0,/Volumes/Seagate Portable Drive/KYLE_AI_DATABASE/A_CAMERA/Focal_species/Gulo gulo/HFW12-F7/DM/2016/B&W/Robust marks/04.07-02.28/IMG_1365.JPG,IMG_1365.JPG,HFW12-F7_2016_201604070228_IMG_1365.jpg,0.8769310712814331,598.551025390625,202.6083526611328,493.510009765625,1295.0203857421875,2048,1536,493,1295
HFW12-F7,2016,201604070228,DM,0,/Volumes/Seagate Portable Drive/KYLE_AI_DATABASE/A_CAMERA/Focal_species/Gulo gulo/HFW12-F7/DM/2016/B&W/Robust marks/04.07-02.28/IMG_1366.JPG,IMG_1366.JPG,HFW12-F7_2016_201604070228_IMG_1366.jpg,0.8918395638465881,599.5770263671875,189.8982696533203,495.306640625,1310.0948486328125,2048,1536,495,1310
HFW12-F7,2016,201604070228,DM,0,/Volumes/Seagate Portable Drive/KYLE_AI_DATABASE/A_CAMERA/Focal_species/Gulo gulo/HFW12-F7/DM/2016/B&W/Robust marks/04.07-02.28/IMG_1367.JPG,IMG_1367.JPG,HFW12-F7_2016_201604070228_IMG_1367.jpg,0.8927135467529297,600.1590576171875,211.17901611328125,479.6046142578125,1289.84228515625,2048,1536,479,1289
HFW12-F7,2016,201604070228,DM,0,/Volumes/Seagate Portable Drive/KYLE_AI_DATABASE/A_CAMERA/Focal_species/Gulo gulo/HFW12-F7/DM/2016/B&W/Robust marks/04.07-02.28/IMG_1368.JPG,IMG_1368.JPG,HFW12-F7_2016_201604070228_IMG_1368.jpg,0.8755154609680176,595.70654296875,180.6262664794922,511.8089599609375,1321.544921875,2048,1536,511,1321
HFW12-F7,2016,201604070228,DM,0,/Volumes/Seagate Portable Drive/KYLE_AI_DATABASE/A_CAMERA/Focal_species/Gulo gulo/HFW12-F7/DM/2016/B&W/Robust marks/04.07-02.28/IMG_1369.JPG,IMG_1369.JPG,HFW12-F7_2016_201604070228_IMG_1369.jpg,0.8972000479698181,598.7885131835938,179.39950561523438,515.1892700195312,1320.5020751953125,2048,1536,515,1320
HFW12-F7,2016,201604070228,DM,0,/Volumes/Seagate Portable Drive/KYLE_AI_DATABASE/A_CAMERA/Focal_species/Gulo gulo/HFW12-F7/DM/2016/B&W/Robust marks/04.07-02.28/IMG_1370.JPG,IMG_1370.JPG,HFW12-F7_2016_201604070228_IMG_1370.jpg,0.8446719646453857,600.909423828125,173.79991149902344,506.66943359375,1324.9468994140625,2048,1536,506,1324
HFW12-F7,2016,201604070228,DM,0,/Volumes/Seagate Portable Drive/KYLE_AI_DATABASE/A_CAMERA/Focal_species/Gulo gulo/HFW12-F7/DM/2016/B&W/Robust marks/04.07-02.28/IMG_1371.JPG,IMG_1371.JPG,HFW12-F7_2016_201604070228_IMG_1371.jpg,0.9087548851966858,594.9046020507812,175.34756469726562,537.3261108398438,1325.2393798828125,2048,1536,537,1325
HFW12-F7,2016,201604070228,DM,0,/Volumes/Seagate Portable Drive/KYLE_AI_DATABASE/A_CAMERA/Focal_species/Gulo gulo/HFW12-F7/DM/2016/B&W/Robust marks/04.07-02.28/IMG_1372.JPG,IMG_1372.JPG,HFW12-F7_2016_201604070228_IMG_1372.jpg,0.9190912246704102,599.3485107421875,186.47543334960938,565.930419921875,1314.172607421875,2048,1536,565,1314
HFW12-F7,2016,201604070228,DM,0,/Volumes/Seagate Portable Drive/KYLE_AI_DATABASE/A_CAMERA/Focal_species/Gulo gulo/HFW12-F7/DM/2016/B&W/Robust marks/04.07-02.28/IMG_1373.JPG,IMG_1373.JPG,HFW12-F7_2016_201604070228_IMG_1373.jpg,0.925592303276062,597.908935546875,187.7478790283203,536.1473388671875,1312.6087646484375,2048,1536,536,1312
HFW12-F7,2016,201604070228,DM,0,/Volumes/Seagate Portable Drive/KYLE_AI_DATABASE/A_CAMERA/Focal_species/Gulo gulo/HFW12-F7/DM/2016/B&W/Robust marks/04.07-02.28/IMG_1374.JPG,IMG_1374.JPG,HFW12-F7_2016_201604070228_IMG_1374.jpg,0.8279787302017212,595.1260986328125,193.58193969726562,521.2099609375,1305.8983154296875,2048,1536,521,1305
HFW12-F7,2016,201604070228,DM,0,/Volumes/Seagate Portable Drive/KYLE_AI_DATABASE/A_CAMERA/Focal_species/Gulo gulo/HFW12-F7/DM/2016/B&W/Robust marks/04.07-02.28/IMG_1379.JPG,IMG_1379.JPG,HFW12-F7_2016_201604070228_IMG_1379.jpg,0.8659002780914307,790.4571533203125,439.71258544921875,468.396728515625,759.0448608398438,2048,1536,468,759
HFW12-F7,2016,201604070228,DM,0,/Volumes/Seagate Portable Drive/KYLE_AI_DATABASE/A_CAMERA/Focal_species/Gulo gulo/HFW12-F7/DM/2016/B&W/Robust marks/04.07-02.28/IMG_1381.JPG,IMG_1381.JPG,HFW12-F7_2016_201604070228_IMG_1381.jpg,0.9211428761482239,752.2259521484375,97.32957458496094,573.945556640625,1123.4422607421875,2048,1536,573,1123
HFW12-F7,2016,201604070228,DM,0,/Volumes/Seagate Portable Drive/KYLE_AI_DATABASE/A_CAMERA/Focal_species/Gulo gulo/HFW12-F7/DM/2016/B&W/Robust marks/04.07-02.28/IMG_1383.JPG,IMG_1383.JPG,HFW12-F7_2016_201604070228_IMG_1383.jpg,0.9064755439758301,800.7452392578125,251.9025421142578,516.114013671875,982.8845825195312,2048,1536,516,982
HFW12-F7,2016,201604070228,DM,0,/Volumes/Seagate Portable Drive/KYLE_AI_DATABASE/A_CAMERA/Focal_species/Gulo gulo/HFW12-F7/DM/2016/B&W/Robust marks/04.07-02.28/IMG_1384.JPG,IMG_1384.JPG,HFW12-F7_2016_201604070228_IMG_1384.jpg,0.9035050272941589,806.009521484375,282.8441162109375,514.213134765625,936.835205078125,2048,1536,514,936
HFW12-F7,2016,201604070228,DM,0,/Volumes/Seagate Portable Drive/KYLE_AI_DATABASE/A_CAMERA/Focal_species/Gulo gulo/HFW12-F7/DM/2016/B&W/Robust marks/04.07-02.28/IMG_1385.JPG,IMG_1385.JPG,HFW12-F7_2016_201604070228_IMG_1385.jpg,0.8863182663917542,829.7346801757812,235.7996063232422,481.65106201171875,998.4279174804688,2048,1536,481,998
HFW12-F7,2016,201604070228,DM,0,/Volumes/Seagate Portable Drive/KYLE_AI_DATABASE/A_CAMERA/Focal_species/Gulo gulo/HFW12-F7/DM/2016/B&W/Robust marks/04.07-02.28/IMG_1386.JPG,IMG_1386.JPG,HFW12-F7_2016_201604070228_IMG_1386.jpg,0.8684557676315308,832.335693359375,273.2696228027344,490.40966796875,963.5728759765625,2048,1536,490,963
HFW12-F7,2016,201604070228,DM,0,/Volumes/Seagate Portable Drive/KYLE_AI_DATABASE/A_CAMERA/Focal_species/Gulo gulo/HFW12-F7/DM/2016/B&W/Robust marks/04.07-02.28/IMG_1387.JPG,IMG_1387.JPG,HFW12-F7_2016_201604070228_IMG_1387.jpg,0.9036543369293213,798.8245239257812,256.92315673828125,518.8378295898438,982.4149780273438,2048,1536,518,982
HFW12-F7,2016,201604070228,DM,0,/Volumes/Seagate Portable Drive/KYLE_AI_DATABASE/A_CAMERA/Focal_species/Gulo gulo/HFW12-F7/DM/2016/B&W/Robust marks/04.07-02.28/IMG_1388.JPG,IMG_1388.JPG,HFW12-F7_2016_201604070228_IMG_1388.jpg,0.8954370021820068,791.9462280273438,298.75543212890625,545.8220825195312,939.1112670898438,2048,1536,545,939
HFW12-F7,2016,201604070228,DM,0,/Volumes/Seagate Portable Drive/KYLE_AI_DATABASE/A_CAMERA/Focal_species/Gulo gulo/HFW12-F7/DM/2016/B&W/Robust marks/04.07-02.28/IMG_1389.JPG,IMG_1389.JPG,HFW12-F7_2016_201604070228_IMG_1389.jpg,0.9281119704246521,718.811279296875,91.87550354003906,626.7763671875,1126.9620361328125,2048,1536,626,1126
HFW12-F7,2016,201604070228,DM,0,/Volumes/Seagate Portable Drive/KYLE_AI_DATABASE/A_CAMERA/Focal_species/Gulo gulo/HFW12-F7/DM/2016/B&W/Robust marks/04.07-02.28/IMG_1390.JPG,IMG_1390.JPG,HFW12-F7_2016_201604070228_IMG_1390.jpg,0.82735276222229,787.2821044921875,378.021484375,546.413330078125,847.647705078125,2048,1536,546,847
HFW12-F7,2016,201604070228,DM,0,/Volumes/Seagate Portable Drive/KYLE_AI_DATABASE/A_CAMERA/Focal_species/Gulo gulo/HFW12-F7/DM/2016/B&W/Robust marks/04.07-02.28/IMG_1391.JPG,IMG_1391.JPG,HFW12-F7_2016_201604070228_IMG_1391.jpg,0.8960276246070862,775.95556640625,120.2281494140625,565.47119140625,1142.1466064453125,2048,1536,565,1142
HFW12-F7,2016,201604070228,DM,0,/Volumes/Seagate Portable Drive/KYLE_AI_DATABASE/A_CAMERA/Focal_species/Gulo gulo/HFW12-F7/DM/2016/B&W/Robust marks/04.07-02.28/IMG_1392.JPG,IMG_1392.JPG,HFW12-F7_2016_201604070228_IMG_1392.jpg,0.8617501854896545,783.4176635742188,256.385986328125,536.2683715820312,970.3896484375,2048,1536,536,970
HFW12-F7,2016,201604070228,DM,0,/Volumes/Seagate Portable Drive/KYLE_AI_DATABASE/A_CAMERA/Focal_species/Gulo gulo/HFW12-F7/DM/2016/B&W/Robust marks/04.07-02.28/IMG_1393.JPG,IMG_1393.JPG,HFW12-F7_2016_201604070228_IMG_1393.jpg,0.8095519542694092,787.9579467773438,151.17709350585938,544.9148559570312,1105.9683837890625,2048,1536,544,1105
HFW12-F7,2016,201604070228,DM,0,/Volumes/Seagate Portable Drive/KYLE_AI_DATABASE/A_CAMERA/Focal_species/Gulo gulo/HFW12-F7/DM/2016/B&W/Robust marks/04.07-02.28/IMG_1396.JPG,IMG_1396.JPG,HFW12-F7_2016_201604070228_IMG_1396.jpg,0.8960188031196594,800.3232421875,272.16650390625,506.26904296875,986.7880859375,2048,1536,506,986
HFW12-F7,2016,201604070228,DM,0,/Volumes/Seagate Portable Drive/KYLE_AI_DATABASE/A_CAMERA/Focal_species/Gulo gulo/HFW12-F7/DM/2016/B&W/Robust marks/04.07-02.28/IMG_1398.JPG,IMG_1398.JPG,HFW12-F7_2016_201604070228_IMG_1398.jpg,0.8880583643913269,824.4053955078125,224.731201171875,482.91943359375,1034.7684326171875,2048,1536,482,1034
HFW12-F7,2016,201604070228,DM,0,/Volumes/Seagate Portable Drive/KYLE_AI_DATABASE/A_CAMERA/Focal_species/Gulo gulo/HFW12-F7/DM/2016/B&W/Robust marks/04.07-02.28/IMG_1399.JPG,IMG_1399.JPG,HFW12-F7_2016_201604070228_IMG_1399.jpg,0.8728976845741272,795.5546875,276.8162841796875,516.889892578125,964.6351318359375,2048,1536,516,964
HFW12-F7,2016,201604070228,DM,0,/Volumes/Seagate Portable Drive/KYLE_AI_DATABASE/A_CAMERA/Focal_species/Gulo gulo/HFW12-F7/DM/2016/B&W/Robust marks/04.07-02.28/IMG_1400.JPG,IMG_1400.JPG,HFW12-F7_2016_201604070228_IMG_1400.jpg,0.8583522439002991,755.4025268554688,290.0569152832031,564.8091430664062,924.800048828125,2048,1536,564,924
HFW12-F7,2016,201604070228,DM,0,/Volumes/Seagate Portable Drive/KYLE_AI_DATABASE/A_CAMERA/Focal_species/Gulo gulo/HFW12-F7/DM/2016/B&W/Robust marks/04.07-02.28/IMG_1401.JPG,IMG_1401.JPG,HFW12-F7_2016_201604070228_IMG_1401.jpg,0.9210614562034607,789.0234985351562,282.1932373046875,533.8688354492188,944.70751953125,2048,1536,533,944
HFW12-F7,2016,201604070228,DM,0,/Volumes/Seagate Portable Drive/KYLE_AI_DATABASE/A_CAMERA/Focal_species/Gulo gulo/HFW12-F7/DM/2016/B&W/Robust marks/04.07-02.28/IMG_1402.JPG,IMG_1402.JPG,HFW12-F7_2016_201604070228_IMG_1402.jpg,0.8337611556053162,756.813232421875,276.1038818359375,568.3759765625,965.611572265625,2048,1536,568,965
HFW12-F7,2016,201604070228,DM,0,/Volumes/Seagate Portable Drive/KYLE_AI_DATABASE/A_CAMERA/Focal_species/Gulo gulo/HFW12-F7/DM/2016/B&W/Robust marks/04.07-02.28/IMG_1403.JPG,IMG_1403.JPG,HFW12-F7_2016_201604070228_IMG_1403.jpg,0.8405064344406128,703.509033203125,106.41993713378906,646.9755859375,1109.2161865234375,2048,1536,646,1109
HFW12-F7,2016,201604070228,DM,0,/Volumes/Seagate Portable Drive/KYLE_AI_DATABASE/A_CAMERA/Focal_species/Gulo gulo/HFW12-F7/DM/2016/B&W/Robust marks/04.07-02.28/IMG_1404.JPG,IMG_1404.JPG,HFW12-F7_2016_201604070228_IMG_1404.jpg,0.895090639591217,775.9566040039062,314.6689453125,708.6818237304688,881.238037109375,2048,1536,708,881
HFW12-F7,2016,201604070228,DM,0,/Volumes/Seagate Portable Drive/KYLE_AI_DATABASE/A_CAMERA/Focal_species/Gulo gulo/HFW12-F7/DM/2016/B&W/Robust marks/04.07-02.28/IMG_1405.JPG,IMG_1405.JPG,HFW12-F7_2016_201604070228_IMG_1405.jpg,0.8676548004150391,802.9083251953125,286.432373046875,697.877685546875,906.2822265625,2048,1536,697,906
HFW12-F7,2016,201604070228,DM,0,/Volumes/Seagate Portable Drive/KYLE_AI_DATABASE/A_CAMERA/Focal_species/Gulo gulo/HFW12-F7/DM/2016/B&W/Robust marks/04.07-02.28/IMG_1406.JPG,IMG_1406.JPG,HFW12-F7_2016_201604070228_IMG_1406.jpg,0.8909904956817627,813.434814453125,375.8722839355469,661.97802734375,760.814453125,2048,1536,661,760
HFW12-F7,2016,201604070228,DM,0,/Volumes/Seagate Portable Drive/KYLE_AI_DATABASE/A_CAMERA/Focal_species/Gulo gulo/HFW12-F7/DM/2016/B&W/Robust marks/04.07-02.28/IMG_1408.JPG,IMG_1408.JPG,HFW12-F7_2016_201604070228_IMG_1408.jpg,0.9116920232772827,783.38330078125,267.7451477050781,598.055419921875,951.2119140625,2048,1536,598,951
HFW12-F7,2016,201604070228,DM,0,/Volumes/Seagate Portable Drive/KYLE_AI_DATABASE/A_CAMERA/Focal_species/Gulo gulo/HFW12-F7/DM/2016/B&W/Robust marks/04.07-02.28/IMG_1409.JPG,IMG_1409.JPG,HFW12-F7_2016_201604070228_IMG_1409.jpg,0.9071373343467712,752.4273681640625,114.55897521972656,581.61767578125,1150.136962890625,2048,1536,581,1150
HFW12-F7,2016,201604070228,DM,0,/Volumes/Seagate Portable Drive/KYLE_AI_DATABASE/A_CAMERA/Focal_species/Gulo gulo/HFW12-F7/DM/2016/B&W/Robust marks/04.07-02.28/IMG_1410.JPG,IMG_1410.JPG,HFW12-F7_2016_201604070228_IMG_1410.jpg,0.8687782883644104,810.0877685546875,240.7957763671875,514.641845703125,980.330810546875,2048,1536,514,980
HFW12-F7,2016,201604070228,DM,0,/Volumes/Seagate Portable Drive/KYLE_AI_DATABASE/A_CAMERA/Focal_species/Gulo gulo/HFW12-F7/DM/2016/B&W/Robust marks/04.07-02.28/IMG_1411.JPG,IMG_1411.JPG,HFW12-F7_2016_201604070228_IMG_1411.jpg,0.839808464050293,822.72900390625,253.53378295898438,516.35986328125,990.451904296875,2048,1536,516,990
HFW12-F7,2016,201604070228,DM,0,/Volumes/Seagate Portable Drive/KYLE_AI_DATABASE/A_CAMERA/Focal_species/Gulo gulo/HFW12-F7/DM/2016/B&W/Robust marks/04.07-02.28/IMG_1413.JPG,IMG_1413.JPG,HFW12-F7_2016_201604070228_IMG_1413.jpg,0.8645691275596619,729.8217163085938,126.81243896484375,591.2053833007812,1103.70263671875,2048,1536,591,1103
HFW12-F7,2016,201604070228,DM,0,/Volumes/Seagate Portable Drive/KYLE_AI_DATABASE/A_CAMERA/Focal_species/Gulo gulo/HFW12-F7/DM/2016/B&W/Robust marks/04.07-02.28/IMG_1414.JPG,IMG_1414.JPG,HFW12-F7_2016_201604070228_IMG_1414.jpg,0.8127724528312683,789.850830078125,258.437255859375,541.1953125,992.2366943359375,2048,1536,541,992
HFW12-F7,2016,201604070228,DM,0,/Volumes/Seagate Portable Drive/KYLE_AI_DATABASE/A_CAMERA/Focal_species/Gulo gulo/HFW12-F7/DM/2016/B&W/Robust marks/04.07-02.28/IMG_1415.JPG,IMG_1415.JPG,HFW12-F7_2016_201604070228_IMG_1415.jpg,0.89874267578125,793.64697265625,251.72470092773438,514.52587890625,975.796630859375,2048,1536,514,975
HFW12-F7,2016,201604070228,DM,0,/Volumes/Seagate Portable Drive/KYLE_AI_DATABASE/A_CAMERA/Focal_species/Gulo gulo/HFW12-F7/DM/2016/B&W/Robust marks/04.07-02.28/IMG_1416.JPG,IMG_1416.JPG,HFW12-F7_2016_201604070228_IMG_1416.jpg,0.8608669638633728,814.97705078125,253.50270080566406,506.072998046875,976.10107421875,2048,1536,506,976
HFW12-F7,2016,201604070228,DM,0,/Volumes/Seagate Portable Drive/KYLE_AI_DATABASE/A_CAMERA/Focal_species/Gulo gulo/HFW12-F7/DM/2016/B&W/Robust marks/04.07-02.28/IMG_1417.JPG,IMG_1417.JPG,HFW12-F7_2016_201604070228_IMG_1417.jpg,0.9103896617889404,757.3126220703125,150.2794189453125,554.90673828125,1097.6903076171875,2048,1536,554,1097
HFW12-F7,2016,201604070228,DM,0,/Volumes/Seagate Portable Drive/KYLE_AI_DATABASE/A_CAMERA/Focal_species/Gulo gulo/HFW12-F7/DM/2016/B&W/Robust marks/04.07-02.28/IMG_1418.JPG,IMG_1418.JPG,HFW12-F7_2016_201604070228_IMG_1418.jpg,0.8890133500099182,768.53759765625,251.46853637695312,521.806640625,987.8775634765625,2048,1536,521,987
HFW12-F7,2016,201604070228,DM,0,/Volumes/Seagate Portable Drive/KYLE_AI_DATABASE/A_CAMERA/Focal_species/Gulo gulo/HFW12-F7/DM/2016/B&W/Robust marks/04.07-02.28/IMG_1419.JPG,IMG_1419.JPG,HFW12-F7_2016_201604070228_IMG_1419.jpg,0.8599773049354553,784.6656494140625,252.56455993652344,505.47802734375,998.227783203125,2048,1536,505,998
HFW12-F7,2016,201604070228,DM,0,/Volumes/Seagate Portable Drive/KYLE_AI_DATABASE/A_CAMERA/Focal_species/Gulo gulo/HFW12-F7/DM/2016/B&W/Robust marks/04.07-02.28/IMG_1420.JPG,IMG_1420.JPG,HFW12-F7_2016_201604070228_IMG_1420.jpg,0.8441717624664307,804.2763061523438,243.24288940429688,489.54046630859375,1030.531005859375,2048,1536,489,1030
HFW12-F7,2016,201604070228,DM,0,/Volumes/Seagate Portable Drive/KYLE_AI_DATABASE/A_CAMERA/Focal_species/Gulo gulo/HFW12-F7/DM/2016/B&W/Robust marks/04.07-02.28/IMG_1421.JPG,IMG_1421.JPG,HFW12-F7_2016_201604070228_IMG_1421.jpg,0.8279563784599304,780.2784423828125,254.66395568847656,489.748291015625,995.2999267578125,2048,1536,489,995
HFW12-F7,2016,201604070228,DM,0,/Volumes/Seagate Portable Drive/KYLE_AI_DATABASE/A_CAMERA/Focal_species/Gulo gulo/HFW12-F7/DM/2016/B&W/Robust marks/04.07-02.28/IMG_1422.JPG,IMG_1422.JPG,HFW12-F7_2016_201604070228_IMG_1422.jpg,0.9023486971855164,777.5214233398438,245.79776000976562,488.24224853515625,980.565185546875,2048,1536,488,980
HFW12-F7,2016,201604070228,DM,0,/Volumes/Seagate Portable Drive/KYLE_AI_DATABASE/A_CAMERA/Focal_species/Gulo gulo/HFW12-F7/DM/2016/B&W/Robust marks/04.07-02.28/IMG_1423.JPG,IMG_1423.JPG,HFW12-F7_2016_201604070228_IMG_1423.jpg,0.9143325686454773,797.7081909179688,265.3443603515625,475.51568603515625,962.380615234375,2048,1536,475,962
HFW12-F7,2016,201604070228,DM,0,/Volumes/Seagate Portable Drive/KYLE_AI_DATABASE/A_CAMERA/Focal_species/Gulo gulo/HFW12-F7/DM/2016/B&W/Robust marks/04.07-02.28/IMG_1424.JPG,IMG_1424.JPG,HFW12-F7_2016_201604070228_IMG_1424.jpg,0.8444496989250183,765.0372314453125,236.9871826171875,501.88037109375,1003.3377685546875,2048,1536,501,1003
HFW12-F7,2016,201604070228,DM,0,/Volumes/Seagate Portable Drive/KYLE_AI_DATABASE/A_CAMERA/Focal_species/Gulo gulo/HFW12-F7/DM/2016/B&W/Robust marks/04.07-02.28/IMG_1425.JPG,IMG_1425.JPG,HFW12-F7_2016_201604070228_IMG_1425.jpg,0.8855258822441101,785.7353515625,252.45982360839844,478.236328125,984.2235107421875,2048,1536,478,984
HFW12-F7,2016,201604070228,DM,0,/Volumes/Seagate Portable Drive/KYLE_AI_DATABASE/A_CAMERA/Focal_species/Gulo gulo/HFW12-F7/DM/2016/B&W/Robust marks/04.07-02.28/IMG_1426.JPG,IMG_1426.JPG,HFW12-F7_2016_201604070228_IMG_1426.jpg,0.862290620803833,802.0404052734375,244.8677215576172,450.049072265625,992.9244995117188,2048,1536,450,992
HFW12-F7,2016,201604070228,DM,0,/Volumes/Seagate Portable Drive/KYLE_AI_DATABASE/A_CAMERA/Focal_species/Gulo gulo/HFW12-F7/DM/2016/B&W/Robust marks/04.07-02.28/IMG_1427.JPG,IMG_1427.JPG,HFW12-F7_2016_201604070228_IMG_1427.jpg,0.9022369980812073,783.3543701171875,237.70335388183594,486.630859375,1023.143310546875,2048,1536,486,1023
HFW12-F7,2016,201604070228,DM,0,/Volumes/Seagate Portable Drive/KYLE_AI_DATABASE/A_CAMERA/Focal_species/Gulo gulo/HFW12-F7/DM/2016/B&W/Robust marks/04.07-02.28/IMG_1429.JPG,IMG_1429.JPG,HFW12-F7_2016_201604070228_IMG_1429.jpg,0.8346766233444214,695.138671875,130.8138885498047,567.8939208984375,1145.4405517578125,2048,1536,567,1145
HFW12-F7,2016,201604070228,DM,0,/Volumes/Seagate Portable Drive/KYLE_AI_DATABASE/A_CAMERA/Focal_species/Gulo gulo/HFW12-F7/DM/2016/B&W/Robust marks/04.07-02.28/IMG_1440.JPG,IMG_1440.JPG,HFW12-F7_2016_201604070228_IMG_1440.jpg,0.822520911693573,626.4036865234375,203.203857421875,619.4268798828125,1032.926025390625,2048,1536,619,1032
