id,year,ymdh,station,color,original_path,original_filename,crop_filename,confidence,bbox_x,bbox_y,bbox_width,bbox_height,image_width,image_height,crop_width,crop_height
HFW12-F7,2016,201602110204,DM,0,/Volumes/Seagate Portable Drive/KYLE_AI_DATABASE/A_CAMERA/Focal_species/Gulo gulo/HFW12-F7/DM/2016/B&W/Robust marks/02.11-02.04/IMG_3581.JPG,IMG_3581.JPG,HFW12-F7_2016_201602110204_IMG_3581.jpg,0.8453178405761719,745.0001220703125,692.183837890625,352.8175048828125,542.679931640625,2048,1536,352,542
HFW12-F7,2016,201602110204,DM,0,/Volumes/Seagate Portable Drive/KYLE_AI_DATABASE/A_CAMERA/Focal_species/Gulo gulo/HFW12-F7/DM/2016/B&W/Robust marks/02.11-02.04/IMG_3582.JPG,IMG_3582.JPG,HFW12-F7_2016_201602110204_IMG_3582.jpg,0.8806567788124084,613.5714111328125,787.4788818359375,461.364501953125,449.6474609375,2048,1536,461,449
HFW12-F7,2016,201602110204,DM,0,/Volumes/Seagate Portable Drive/KYLE_AI_DATABASE/A_CAMERA/Focal_species/Gulo gulo/HFW12-F7/DM/2016/B&W/Robust marks/02.11-02.04/IMG_3583.JPG,IMG_3583.JPG,HFW12-F7_2016_201602110204_IMG_3583.jpg,0.8292416930198669,560.320556640625,736.2733764648438,509.6390380859375,561.3928833007812,2048,1536,509,561
HFW12-F7,2016,201602110204,DM,0,/Volumes/Seagate Portable Drive/KYLE_AI_DATABASE/A_CAMERA/Focal_species/Gulo gulo/HFW12-F7/DM/2016/B&W/Robust marks/02.11-02.04/IMG_3584.JPG,IMG_3584.JPG,HFW12-F7_2016_201602110204_IMG_3584.jpg,0.833115816116333,487.54443359375,485.31561279296875,556.3568115234375,816.6980590820312,2048,1536,556,816
HFW12-F7,2016,201602110204,DM,0,/Volumes/Seagate Portable Drive/KYLE_AI_DATABASE/A_CAMERA/Focal_species/Gulo gulo/HFW12-F7/DM/2016/B&W/Robust marks/02.11-02.04/IMG_3585.JPG,IMG_3585.JPG,HFW12-F7_2016_201602110204_IMG_3585.jpg,0.8981673121452332,442.0765380859375,313.4083557128906,427.89111328125,830.986572265625,2048,1536,427,830
HFW12-F7,2016,201602110204,DM,0,/Volumes/Seagate Portable Drive/KYLE_AI_DATABASE/A_CAMERA/Focal_species/Gulo gulo/HFW12-F7/DM/2016/B&W/Robust marks/02.11-02.04/IMG_3587.JPG,IMG_3587.JPG,HFW12-F7_2016_201602110204_IMG_3587.jpg,0.8791409134864807,480.16748046875,209.7681427001953,386.2813720703125,1002.5372924804688,2048,1536,386,1002
HFW12-F7,2016,201602110204,DM,0,/Volumes/Seagate Portable Drive/KYLE_AI_DATABASE/A_CAMERA/Focal_species/Gulo gulo/HFW12-F7/DM/2016/B&W/Robust marks/02.11-02.04/IMG_3589.JPG,IMG_3589.JPG,HFW12-F7_2016_201602110204_IMG_3589.jpg,0.8141688704490662,485.6363525390625,296.95867919921875,379.00537109375,848.5232543945312,2048,1536,379,848
HFW12-F7,2016,201602110204,DM,0,/Volumes/Seagate Portable Drive/KYLE_AI_DATABASE/A_CAMERA/Focal_species/Gulo gulo/HFW12-F7/DM/2016/B&W/Robust marks/02.11-02.04/IMG_3592.JPG,IMG_3592.JPG,HFW12-F7_2016_201602110204_IMG_3592.jpg,0.8657675385475159,430.2006530761719,270.9593505859375,439.3203430175781,809.9012451171875,2048,1536,439,809
HFW12-F7,2016,201602110204,DM,0,/Volumes/Seagate Portable Drive/KYLE_AI_DATABASE/A_CAMERA/Focal_species/Gulo gulo/HFW12-F7/DM/2016/B&W/Robust marks/02.11-02.04/IMG_3593.JPG,IMG_3593.JPG,HFW12-F7_2016_201602110204_IMG_3593.jpg,0.873575747013092,441.17120361328125,240.66384887695312,410.203857421875,848.674560546875,2048,1536,410,848
HFW12-F7,2016,201602110204,DM,0,/Volumes/Seagate Portable Drive/KYLE_AI_DATABASE/A_CAMERA/Focal_species/Gulo gulo/HFW12-F7/DM/2016/B&W/Robust marks/02.11-02.04/IMG_3594.JPG,IMG_3594.JPG,HFW12-F7_2016_201602110204_IMG_3594.jpg,0.8420029282569885,446.4957580566406,227.43836975097656,388.8361511230469,868.0003662109375,2048,1536,388,868
HFW12-F7,2016,201602110204,DM,0,/Volumes/Seagate Portable Drive/KYLE_AI_DATABASE/A_CAMERA/Focal_species/Gulo gulo/HFW12-F7/DM/2016/B&W/Robust marks/02.11-02.04/IMG_3595.JPG,IMG_3595.JPG,HFW12-F7_2016_201602110204_IMG_3595.jpg,0.8676604628562927,438.80438232421875,254.33509826660156,440.2158203125,817.7301025390625,2048,1536,440,817
HFW12-F7,2016,201602110204,DM,0,/Volumes/Seagate Portable Drive/KYLE_AI_DATABASE/A_CAMERA/Focal_species/Gulo gulo/HFW12-F7/DM/2016/B&W/Robust marks/02.11-02.04/IMG_3596.JPG,IMG_3596.JPG,HFW12-F7_2016_201602110204_IMG_3596.jpg,0.893291175365448,446.6798095703125,261.2985534667969,403.5794677734375,865.91357421875,2048,1536,403,865
HFW12-F7,2016,201602110204,DM,0,/Volumes/Seagate Portable Drive/KYLE_AI_DATABASE/A_CAMERA/Focal_species/Gulo gulo/HFW12-F7/DM/2016/B&W/Robust marks/02.11-02.04/IMG_3597.JPG,IMG_3597.JPG,HFW12-F7_2016_201602110204_IMG_3597.jpg,0.8110417723655701,436.52960205078125,300.0413818359375,452.882080078125,795.832275390625,2048,1536,452,795
HFW12-F7,2016,201602110204,DM,0,/Volumes/Seagate Portable Drive/KYLE_AI_DATABASE/A_CAMERA/Focal_species/Gulo gulo/HFW12-F7/DM/2016/B&W/Robust marks/02.11-02.04/IMG_3598.JPG,IMG_3598.JPG,HFW12-F7_2016_201602110204_IMG_3598.jpg,0.872433066368103,439.21478271484375,306.0339660644531,418.5418701171875,777.8720703125,2048,1536,418,777
HFW12-F7,2016,201602110204,DM,0,/Volumes/Seagate Portable Drive/KYLE_AI_DATABASE/A_CAMERA/Focal_species/Gulo gulo/HFW12-F7/DM/2016/B&W/Robust marks/02.11-02.04/IMG_3599.JPG,IMG_3599.JPG,HFW12-F7_2016_201602110204_IMG_3599.jpg,0.8662376403808594,438.0272216796875,269.9742431640625,435.928466796875,807.8143310546875,2048,1536,435,807
HFW12-F7,2016,201602110204,DM,0,/Volumes/Seagate Portable Drive/KYLE_AI_DATABASE/A_CAMERA/Focal_species/Gulo gulo/HFW12-F7/DM/2016/B&W/Robust marks/02.11-02.04/IMG_3600.JPG,IMG_3600.JPG,HFW12-F7_2016_201602110204_IMG_3600.jpg,0.8945958018302917,438.1602783203125,230.9923095703125,420.3974609375,842.7283935546875,2048,1536,420,842
HFW12-F7,2016,201602110204,DM,0,/Volumes/Seagate Portable Drive/KYLE_AI_DATABASE/A_CAMERA/Focal_species/Gulo gulo/HFW12-F7/DM/2016/B&W/Robust marks/02.11-02.04/IMG_3601.JPG,IMG_3601.JPG,HFW12-F7_2016_201602110204_IMG_3601.jpg,0.8529699444770813,443.59942626953125,299.91143798828125,429.41796875,822.9531860351562,2048,1536,429,822
HFW12-F7,2016,201602110204,DM,0,/Volumes/Seagate Portable Drive/KYLE_AI_DATABASE/A_CAMERA/Focal_species/Gulo gulo/HFW12-F7/DM/2016/B&W/Robust marks/02.11-02.04/IMG_3602.JPG,IMG_3602.JPG,HFW12-F7_2016_201602110204_IMG_3602.jpg,0.8877138495445251,475.6644287109375,303.19793701171875,404.7353515625,867.4751586914062,2048,1536,404,867
HFW12-F7,2016,201602110204,DM,0,/Volumes/Seagate Portable Drive/KYLE_AI_DATABASE/A_CAMERA/Focal_species/Gulo gulo/HFW12-F7/DM/2016/B&W/Robust marks/02.11-02.04/IMG_3603.JPG,IMG_3603.JPG,HFW12-F7_2016_201602110204_IMG_3603.jpg,0.8453558087348938,475.948486328125,313.899658203125,448.322509765625,889.3226318359375,2048,1536,448,889
HFW12-F7,2016,201602110204,DM,0,/Volumes/Seagate Portable Drive/KYLE_AI_DATABASE/A_CAMERA/Focal_species/Gulo gulo/HFW12-F7/DM/2016/B&W/Robust marks/02.11-02.04/IMG_3605.JPG,IMG_3605.JPG,HFW12-F7_2016_201602110204_IMG_3605.jpg,0.9112402200698853,468.67803955078125,275.29705810546875,475.7421875,864.2031860351562,2048,1536,475,864
HFW12-F7,2016,201602110204,DM,0,/Volumes/Seagate Portable Drive/KYLE_AI_DATABASE/A_CAMERA/Focal_species/Gulo gulo/HFW12-F7/DM/2016/B&W/Robust marks/02.11-02.04/IMG_3606.JPG,IMG_3606.JPG,HFW12-F7_2016_201602110204_IMG_3606.jpg,0.8790715336799622,447.87060546875,248.73829650878906,503.4666748046875,865.79931640625,2048,1536,503,865
HFW12-F7,2016,201602110204,DM,0,/Volumes/Seagate Portable Drive/KYLE_AI_DATABASE/A_CAMERA/Focal_species/Gulo gulo/HFW12-F7/DM/2016/B&W/Robust marks/02.11-02.04/IMG_3607.JPG,IMG_3607.JPG,HFW12-F7_2016_201602110204_IMG_3607.jpg,0.8667973279953003,463.17535400390625,247.3799285888672,482.05322265625,905.8193969726562,2048,1536,482,905
HFW12-F7,2016,201602110204,DM,0,/Volumes/Seagate Portable Drive/KYLE_AI_DATABASE/A_CAMERA/Focal_species/Gulo gulo/HFW12-F7/DM/2016/B&W/Robust marks/02.11-02.04/IMG_3608.JPG,IMG_3608.JPG,HFW12-F7_2016_201602110204_IMG_3608.jpg,0.8317228555679321,457.8352355957031,316.442138671875,503.3280944824219,916.9031982421875,2048,1536,503,916
HFW12-F7,2016,201602110204,DM,0,/Volumes/Seagate Portable Drive/KYLE_AI_DATABASE/A_CAMERA/Focal_species/Gulo gulo/HFW12-F7/DM/2016/B&W/Robust marks/02.11-02.04/IMG_3610.JPG,IMG_3610.JPG,HFW12-F7_2016_201602110204_IMG_3610.jpg,0.8263601064682007,452.2376708984375,316.317626953125,450.927490234375,823.5767822265625,2048,1536,450,823
HFW12-F7,2016,201602110204,DM,0,/Volumes/Seagate Portable Drive/KYLE_AI_DATABASE/A_CAMERA/Focal_species/Gulo gulo/HFW12-F7/DM/2016/B&W/Robust marks/02.11-02.04/IMG_3611.JPG,IMG_3611.JPG,HFW12-F7_2016_201602110204_IMG_3611.jpg,0.8996893167495728,492.9397277832031,336.5755615234375,617.8428955078125,736.6588134765625,2048,1536,617,736
HFW12-F7,2016,201602110204,DM,0,/Volumes/Seagate Portable Drive/KYLE_AI_DATABASE/A_CAMERA/Focal_species/Gulo gulo/HFW12-F7/DM/2016/B&W/Robust marks/02.11-02.04/IMG_3612.JPG,IMG_3612.JPG,HFW12-F7_2016_201602110204_IMG_3612.jpg,0.8932932019233704,495.0311279296875,322.69085693359375,612.8416748046875,754.2421264648438,2048,1536,612,754
HFW12-F7,2016,201602110204,DM,0,/Volumes/Seagate Portable Drive/KYLE_AI_DATABASE/A_CAMERA/Focal_species/Gulo gulo/HFW12-F7/DM/2016/B&W/Robust marks/02.11-02.04/IMG_3613.JPG,IMG_3613.JPG,HFW12-F7_2016_201602110204_IMG_3613.jpg,0.9059427976608276,498.0660095214844,270.1153564453125,525.668701171875,795.6351318359375,2048,1536,525,795
HFW12-F7,2016,201602110204,DM,0,/Volumes/Seagate Portable Drive/KYLE_AI_DATABASE/A_CAMERA/Focal_species/Gulo gulo/HFW12-F7/DM/2016/B&W/Robust marks/02.11-02.04/IMG_3614.JPG,IMG_3614.JPG,HFW12-F7_2016_201602110204_IMG_3614.jpg,0.8398865461349487,497.80096435546875,319.42120361328125,548.4763793945312,752.2875366210938,2048,1536,548,752
HFW12-F7,2016,201602110204,DM,0,/Volumes/Seagate Portable Drive/KYLE_AI_DATABASE/A_CAMERA/Focal_species/Gulo gulo/HFW12-F7/DM/2016/B&W/Robust marks/02.11-02.04/IMG_3615.JPG,IMG_3615.JPG,HFW12-F7_2016_201602110204_IMG_3615.jpg,0.8302191495895386,496.6748352050781,322.59552001953125,526.74658203125,755.4918823242188,2048,1536,526,755
HFW12-F7,2016,201602110204,DM,0,/Volumes/Seagate Portable Drive/KYLE_AI_DATABASE/A_CAMERA/Focal_species/Gulo gulo/HFW12-F7/DM/2016/B&W/Robust marks/02.11-02.04/IMG_3616.JPG,IMG_3616.JPG,HFW12-F7_2016_201602110204_IMG_3616.jpg,0.8470590710639954,487.20635986328125,320.4045104980469,524.4296875,756.5472412109375,2048,1536,524,756
HFW12-F7,2016,201602110204,DM,0,/Volumes/Seagate Portable Drive/KYLE_AI_DATABASE/A_CAMERA/Focal_species/Gulo gulo/HFW12-F7/DM/2016/B&W/Robust marks/02.11-02.04/IMG_3617.JPG,IMG_3617.JPG,HFW12-F7_2016_201602110204_IMG_3617.jpg,0.8475948572158813,489.01324462890625,318.7333984375,522.31787109375,752.44970703125,2048,1536,522,752
HFW12-F7,2016,201602110204,DM,0,/Volumes/Seagate Portable Drive/KYLE_AI_DATABASE/A_CAMERA/Focal_species/Gulo gulo/HFW12-F7/DM/2016/B&W/Robust marks/02.11-02.04/IMG_3618.JPG,IMG_3618.JPG,HFW12-F7_2016_201602110204_IMG_3618.jpg,0.8494948744773865,471.4923095703125,321.535400390625,527.556396484375,751.0487060546875,2048,1536,527,751
HFW12-F7,2016,201602110204,DM,0,/Volumes/Seagate Portable Drive/KYLE_AI_DATABASE/A_CAMERA/Focal_species/Gulo gulo/HFW12-F7/DM/2016/B&W/Robust marks/02.11-02.04/IMG_3620.JPG,IMG_3620.JPG,HFW12-F7_2016_201602110204_IMG_3620.jpg,0.873349666595459,457.7066650390625,315.8861389160156,522.18896484375,820.215576171875,2048,1536,522,820
HFW12-F7,2016,201602110204,DM,0,/Volumes/Seagate Portable Drive/KYLE_AI_DATABASE/A_CAMERA/Focal_species/Gulo gulo/HFW12-F7/DM/2016/B&W/Robust marks/02.11-02.04/IMG_3621.JPG,IMG_3621.JPG,HFW12-F7_2016_201602110204_IMG_3621.jpg,0.8942841291427612,448.0013427734375,309.1226806640625,491.9481201171875,909.2996826171875,2048,1536,491,909
HFW12-F7,2016,201602110204,DM,0,/Volumes/Seagate Portable Drive/KYLE_AI_DATABASE/A_CAMERA/Focal_species/Gulo gulo/HFW12-F7/DM/2016/B&W/Robust marks/02.11-02.04/IMG_3622.JPG,IMG_3622.JPG,HFW12-F7_2016_201602110204_IMG_3622.jpg,0.8846182227134705,421.9298400878906,296.86126708984375,505.0409851074219,909.4778442382812,2048,1536,505,909
HFW12-F7,2016,201602110204,DM,0,/Volumes/Seagate Portable Drive/KYLE_AI_DATABASE/A_CAMERA/Focal_species/Gulo gulo/HFW12-F7/DM/2016/B&W/Robust marks/02.11-02.04/IMG_3623.JPG,IMG_3623.JPG,HFW12-F7_2016_201602110204_IMG_3623.jpg,0.9133569598197937,416.68243408203125,322.4903564453125,430.2203369140625,895.4100341796875,2048,1536,430,895
HFW12-F7,2016,201602110204,DM,0,/Volumes/Seagate Portable Drive/KYLE_AI_DATABASE/A_CAMERA/Focal_species/Gulo gulo/HFW12-F7/DM/2016/B&W/Robust marks/02.11-02.04/IMG_3624.JPG,IMG_3624.JPG,HFW12-F7_2016_201602110204_IMG_3624.jpg,0.9196544885635376,416.1793518066406,268.2897033691406,453.7995300292969,975.3138427734375,2048,1536,453,975
HFW12-F7,2016,201602110204,DM,0,/Volumes/Seagate Portable Drive/KYLE_AI_DATABASE/A_CAMERA/Focal_species/Gulo gulo/HFW12-F7/DM/2016/B&W/Robust marks/02.11-02.04/IMG_3625.JPG,IMG_3625.JPG,HFW12-F7_2016_201602110204_IMG_3625.jpg,0.9217438101768494,440.580322265625,324.63720703125,380.4490966796875,947.80859375,2048,1536,380,947
HFW12-F7,2016,201602110204,DM,0,/Volumes/Seagate Portable Drive/KYLE_AI_DATABASE/A_CAMERA/Focal_species/Gulo gulo/HFW12-F7/DM/2016/B&W/Robust marks/02.11-02.04/IMG_3626.JPG,IMG_3626.JPG,HFW12-F7_2016_201602110204_IMG_3626.jpg,0.9394110441207886,436.072998046875,323.23419189453125,415.8475341796875,949.7023315429688,2048,1536,415,949
HFW12-F7,2016,201602110204,DM,0,/Volumes/Seagate Portable Drive/KYLE_AI_DATABASE/A_CAMERA/Focal_species/Gulo gulo/HFW12-F7/DM/2016/B&W/Robust marks/02.11-02.04/IMG_3627.JPG,IMG_3627.JPG,HFW12-F7_2016_201602110204_IMG_3627.jpg,0.8915352821350098,440.1181945800781,321.71942138671875,457.6510925292969,957.3334350585938,2048,1536,457,957
HFW12-F7,2016,201602110204,DM,0,/Volumes/Seagate Portable Drive/KYLE_AI_DATABASE/A_CAMERA/Focal_species/Gulo gulo/HFW12-F7/DM/2016/B&W/Robust marks/02.11-02.04/IMG_3629.JPG,IMG_3629.JPG,HFW12-F7_2016_201602110204_IMG_3629.jpg,0.8788225054740906,447.7968444824219,320.0917053222656,550.995849609375,950.920166015625,2048,1536,550,950
HFW12-F7,2016,201602110204,DM,0,/Volumes/Seagate Portable Drive/KYLE_AI_DATABASE/A_CAMERA/Focal_species/Gulo gulo/HFW12-F7/DM/2016/B&W/Robust marks/02.11-02.04/IMG_3630.JPG,IMG_3630.JPG,HFW12-F7_2016_201602110204_IMG_3630.jpg,0.8662502765655518,454.5894775390625,331.847900390625,523.166259765625,950.0445556640625,2048,1536,523,950
HFW12-F7,2016,201602110204,DM,0,/Volumes/Seagate Portable Drive/KYLE_AI_DATABASE/A_CAMERA/Focal_species/Gulo gulo/HFW12-F7/DM/2016/B&W/Robust marks/02.11-02.04/IMG_3631.JPG,IMG_3631.JPG,HFW12-F7_2016_201602110204_IMG_3631.jpg,0.9334458112716675,295.0992431640625,356.27606201171875,500.3548583984375,953.6548461914062,2048,1536,500,953
HFW12-F7,2016,201602110204,DM,0,/Volumes/Seagate Portable Drive/KYLE_AI_DATABASE/A_CAMERA/Focal_species/Gulo gulo/HFW12-F7/DM/2016/B&W/Robust marks/02.11-02.04/IMG_3633.JPG,IMG_3633.JPG,HFW12-F7_2016_201602110204_IMG_3633.jpg,0.8329347968101501,303.75469970703125,317.8746337890625,531.280517578125,993.8006591796875,2048,1536,531,993
HFW12-F7,2016,201602110204,DM,0,/Volumes/Seagate Portable Drive/KYLE_AI_DATABASE/A_CAMERA/Focal_species/Gulo gulo/HFW12-F7/DM/2016/B&W/Robust marks/02.11-02.04/IMG_3635.JPG,IMG_3635.JPG,HFW12-F7_2016_201602110204_IMG_3635.jpg,0.8669551610946655,332.2850341796875,321.89215087890625,357.193115234375,1071.29931640625,2048,1536,357,1071
HFW12-F7,2016,201602110204,DM,0,/Volumes/Seagate Portable Drive/KYLE_AI_DATABASE/A_CAMERA/Focal_species/Gulo gulo/HFW12-F7/DM/2016/B&W/Robust marks/02.11-02.04/IMG_3638.JPG,IMG_3638.JPG,HFW12-F7_2016_201602110204_IMG_3638.jpg,0.8408084511756897,327.4722900390625,320.09375,381.2252197265625,1010.913818359375,2048,1536,381,1010
HFW12-F7,2016,201602110204,DM,0,/Volumes/Seagate Portable Drive/KYLE_AI_DATABASE/A_CAMERA/Focal_species/Gulo gulo/HFW12-F7/DM/2016/B&W/Robust marks/02.11-02.04/IMG_3639.JPG,IMG_3639.JPG,HFW12-F7_2016_201602110204_IMG_3639.jpg,0.8500174283981323,299.3025817871094,214.53497314453125,552.733642578125,1134.149169921875,2048,1536,552,1134
HFW12-F7,2016,201602110204,DM,0,/Volumes/Seagate Portable Drive/KYLE_AI_DATABASE/A_CAMERA/Focal_species/Gulo gulo/HFW12-F7/DM/2016/B&W/Robust marks/02.11-02.04/IMG_3640.JPG,IMG_3640.JPG,HFW12-F7_2016_201602110204_IMG_3640.jpg,0.8074002265930176,307.34625244140625,332.83514404296875,402.66082763671875,1051.59716796875,2048,1536,402,1051
HFW12-F7,2016,201602110204,DM,0,/Volumes/Seagate Portable Drive/KYLE_AI_DATABASE/A_CAMERA/Focal_species/Gulo gulo/HFW12-F7/DM/2016/B&W/Robust marks/02.11-02.04/IMG_3641.JPG,IMG_3641.JPG,HFW12-F7_2016_201602110204_IMG_3641.jpg,0.8727802038192749,418.43536376953125,217.1246795654297,477.5279541015625,1052.8489990234375,2048,1536,477,1052
HFW12-F7,2016,201602110204,DM,0,/Volumes/Seagate Portable Drive/KYLE_AI_DATABASE/A_CAMERA/Focal_species/Gulo gulo/HFW12-F7/DM/2016/B&W/Robust marks/02.11-02.04/IMG_3642.JPG,IMG_3642.JPG,HFW12-F7_2016_201602110204_IMG_3642.jpg,0.8775495886802673,464.69561767578125,317.41839599609375,351.6700439453125,956.1316528320312,2048,1536,351,956
HFW12-F7,2016,201602110204,DM,0,/Volumes/Seagate Portable Drive/KYLE_AI_DATABASE/A_CAMERA/Focal_species/Gulo gulo/HFW12-F7/DM/2016/B&W/Robust marks/02.11-02.04/IMG_3643.JPG,IMG_3643.JPG,HFW12-F7_2016_201602110204_IMG_3643.jpg,0.8154343366622925,478.106689453125,259.34619140625,333.9327392578125,1016.592041015625,2048,1536,333,1016
HFW12-F7,2016,201602110204,DM,0,/Volumes/Seagate Portable Drive/KYLE_AI_DATABASE/A_CAMERA/Focal_species/Gulo gulo/HFW12-F7/DM/2016/B&W/Robust marks/02.11-02.04/IMG_3644.JPG,IMG_3644.JPG,HFW12-F7_2016_201602110204_IMG_3644.jpg,0.8708427548408508,497.21893310546875,246.61083984375,322.6729736328125,1022.4697265625,2048,1536,322,1022
HFW12-F7,2016,201602110204,DM,0,/Volumes/Seagate Portable Drive/KYLE_AI_DATABASE/A_CAMERA/Focal_species/Gulo gulo/HFW12-F7/DM/2016/B&W/Robust marks/02.11-02.04/IMG_3645.JPG,IMG_3645.JPG,HFW12-F7_2016_201602110204_IMG_3645.jpg,0.8925520777702332,488.7747497558594,224.74658203125,367.6217346191406,1019.0089111328125,2048,1536,367,1019
HFW12-F7,2016,201602110204,DM,0,/Volumes/Seagate Portable Drive/KYLE_AI_DATABASE/A_CAMERA/Focal_species/Gulo gulo/HFW12-F7/DM/2016/B&W/Robust marks/02.11-02.04/IMG_3646.JPG,IMG_3646.JPG,HFW12-F7_2016_201602110204_IMG_3646.jpg,0.9279568195343018,471.6888427734375,236.3455352783203,346.5159912109375,1033.515380859375,2048,1536,346,1033
HFW12-F7,2016,201602110204,DM,0,/Volumes/Seagate Portable Drive/KYLE_AI_DATABASE/A_CAMERA/Focal_species/Gulo gulo/HFW12-F7/DM/2016/B&W/Robust marks/02.11-02.04/IMG_3647.JPG,IMG_3647.JPG,HFW12-F7_2016_201602110204_IMG_3647.jpg,0.9313792586326599,470.2232971191406,273.09100341796875,410.6829528808594,998.6067504882812,2048,1536,410,998
HFW12-F7,2016,201602110204,DM,0,/Volumes/Seagate Portable Drive/KYLE_AI_DATABASE/A_CAMERA/Focal_species/Gulo gulo/HFW12-F7/DM/2016/B&W/Robust marks/02.11-02.04/IMG_3648.JPG,IMG_3648.JPG,HFW12-F7_2016_201602110204_IMG_3648.jpg,0.921263575553894,440.64471435546875,222.7781982421875,418.488037109375,980.0264892578125,2048,1536,418,980
HFW12-F7,2016,201602110204,DM,0,/Volumes/Seagate Portable Drive/KYLE_AI_DATABASE/A_CAMERA/Focal_species/Gulo gulo/HFW12-F7/DM/2016/B&W/Robust marks/02.11-02.04/IMG_3649.JPG,IMG_3649.JPG,HFW12-F7_2016_201602110204_IMG_3649.jpg,0.8874328136444092,437.371337890625,291.020751953125,535.5595703125,843.9844970703125,2048,1536,535,843
HFW12-F7,2016,201602110204,DM,0,/Volumes/Seagate Portable Drive/KYLE_AI_DATABASE/A_CAMERA/Focal_species/Gulo gulo/HFW12-F7/DM/2016/B&W/Robust marks/02.11-02.04/IMG_3650.JPG,IMG_3650.JPG,HFW12-F7_2016_201602110204_IMG_3650.jpg,0.8936789631843567,457.12799072265625,304.61114501953125,509.16259765625,891.0962524414062,2048,1536,509,891
HFW12-F7,2016,201602110204,DM,0,/Volumes/Seagate Portable Drive/KYLE_AI_DATABASE/A_CAMERA/Focal_species/Gulo gulo/HFW12-F7/DM/2016/B&W/Robust marks/02.11-02.04/IMG_3651.JPG,IMG_3651.JPG,HFW12-F7_2016_201602110204_IMG_3651.jpg,0.8880284428596497,441.26416015625,275.9725341796875,508.6673583984375,937.816650390625,2048,1536,508,937
HFW12-F7,2016,201602110204,DM,0,/Volumes/Seagate Portable Drive/KYLE_AI_DATABASE/A_CAMERA/Focal_species/Gulo gulo/HFW12-F7/DM/2016/B&W/Robust marks/02.11-02.04/IMG_3652.JPG,IMG_3652.JPG,HFW12-F7_2016_201602110204_IMG_3652.jpg,0.8516567945480347,458.7533874511719,277.99322509765625,480.9418029785156,947.7869262695312,2048,1536,480,947
HFW12-F7,2016,201602110204,DM,0,/Volumes/Seagate Portable Drive/KYLE_AI_DATABASE/A_CAMERA/Focal_species/Gulo gulo/HFW12-F7/DM/2016/B&W/Robust marks/02.11-02.04/IMG_3653.JPG,IMG_3653.JPG,HFW12-F7_2016_201602110204_IMG_3653.jpg,0.8795360922813416,472.58575439453125,312.31793212890625,459.0279541015625,984.2567749023438,2048,1536,459,984
HFW12-F7,2016,201602110204,DM,0,/Volumes/Seagate Portable Drive/KYLE_AI_DATABASE/A_CAMERA/Focal_species/Gulo gulo/HFW12-F7/DM/2016/B&W/Robust marks/02.11-02.04/IMG_3654.JPG,IMG_3654.JPG,HFW12-F7_2016_201602110204_IMG_3654.jpg,0.8317196369171143,463.2789611816406,305.4403076171875,469.1352233886719,965.1356201171875,2048,1536,469,965
HFW12-F7,2016,201602110204,DM,0,/Volumes/Seagate Portable Drive/KYLE_AI_DATABASE/A_CAMERA/Focal_species/Gulo gulo/HFW12-F7/DM/2016/B&W/Robust marks/02.11-02.04/IMG_3655.JPG,IMG_3655.JPG,HFW12-F7_2016_201602110204_IMG_3655.jpg,0.8929028511047363,467.327880859375,317.898193359375,462.4818115234375,951.7080078125,2048,1536,462,951
HFW12-F7,2016,201602110204,DM,0,/Volumes/Seagate Portable Drive/KYLE_AI_DATABASE/A_CAMERA/Focal_species/Gulo gulo/HFW12-F7/DM/2016/B&W/Robust marks/02.11-02.04/IMG_3656.JPG,IMG_3656.JPG,HFW12-F7_2016_201602110204_IMG_3656.jpg,0.8923937082290649,471.90179443359375,306.3022155761719,470.4306640625,974.6209716796875,2048,1536,470,974
HFW12-F7,2016,201602110204,DM,0,/Volumes/Seagate Portable Drive/KYLE_AI_DATABASE/A_CAMERA/Focal_species/Gulo gulo/HFW12-F7/DM/2016/B&W/Robust marks/02.11-02.04/IMG_3657.JPG,IMG_3657.JPG,HFW12-F7_2016_201602110204_IMG_3657.jpg,0.8415575623512268,467.16949462890625,305.71990966796875,465.5784912109375,959.8518676757812,2048,1536,465,959
HFW12-F7,2016,201602110204,DM,0,/Volumes/Seagate Portable Drive/KYLE_AI_DATABASE/A_CAMERA/Focal_species/Gulo gulo/HFW12-F7/DM/2016/B&W/Robust marks/02.11-02.04/IMG_3658.JPG,IMG_3658.JPG,HFW12-F7_2016_201602110204_IMG_3658.jpg,0.8170542120933533,459.37445068359375,288.27923583984375,481.391357421875,996.7522583007812,2048,1536,481,996
HFW12-F7,2016,201602110204,DM,0,/Volumes/Seagate Portable Drive/KYLE_AI_DATABASE/A_CAMERA/Focal_species/Gulo gulo/HFW12-F7/DM/2016/B&W/Robust marks/02.11-02.04/IMG_3659.JPG,IMG_3659.JPG,HFW12-F7_2016_201602110204_IMG_3659.jpg,0.8527972102165222,449.37115478515625,313.40618896484375,500.9578857421875,904.9823608398438,2048,1536,500,904
HFW12-F7,2016,201602110204,DM,0,/Volumes/Seagate Portable Drive/KYLE_AI_DATABASE/A_CAMERA/Focal_species/Gulo gulo/HFW12-F7/DM/2016/B&W/Robust marks/02.11-02.04/IMG_3661.JPG,IMG_3661.JPG,HFW12-F7_2016_201602110204_IMG_3661.jpg,0.9313216805458069,398.426025390625,319.64422607421875,663.286376953125,821.3486938476562,2048,1536,663,821
HFW12-F7,2016,201602110204,DM,0,/Volumes/Seagate Portable Drive/KYLE_AI_DATABASE/A_CAMERA/Focal_species/Gulo gulo/HFW12-F7/DM/2016/B&W/Robust marks/02.11-02.04/IMG_3662.JPG,IMG_3662.JPG,HFW12-F7_2016_201602110204_IMG_3662.jpg,0.8846103549003601,425.4668273925781,313.1446838378906,626.9783935546875,804.1798095703125,2048,1536,626,804
HFW12-F7,2016,201602110204,DM,0,/Volumes/Seagate Portable Drive/KYLE_AI_DATABASE/A_CAMERA/Focal_species/Gulo gulo/HFW12-F7/DM/2016/B&W/Robust marks/02.11-02.04/IMG_3664.JPG,IMG_3664.JPG,HFW12-F7_2016_201602110204_IMG_3664.jpg,0.8874905705451965,422.63336181640625,309.98291015625,491.74462890625,969.689208984375,2048,1536,491,969
HFW12-F7,2016,201602110204,DM,0,/Volumes/Seagate Portable Drive/KYLE_AI_DATABASE/A_CAMERA/Focal_species/Gulo gulo/HFW12-F7/DM/2016/B&W/Robust marks/02.11-02.04/IMG_3665.JPG,IMG_3665.JPG,HFW12-F7_2016_201602110204_IMG_3665.jpg,0.8264448642730713,409.2784423828125,261.1024475097656,398.1318359375,993.017822265625,2048,1536,398,993
HFW12-F7,2016,201602110204,DM,0,/Volumes/Seagate Portable Drive/KYLE_AI_DATABASE/A_CAMERA/Focal_species/Gulo gulo/HFW12-F7/DM/2016/B&W/Robust marks/02.11-02.04/IMG_3666.JPG,IMG_3666.JPG,HFW12-F7_2016_201602110204_IMG_3666.jpg,0.9095717072486877,314.5672607421875,261.795654296875,485.9619140625,805.251708984375,2048,1536,485,805
HFW12-F7,2016,201602110204,DM,0,/Volumes/Seagate Portable Drive/KYLE_AI_DATABASE/A_CAMERA/Focal_species/Gulo gulo/HFW12-F7/DM/2016/B&W/Robust marks/02.11-02.04/IMG_3668.JPG,IMG_3668.JPG,HFW12-F7_2016_201602110204_IMG_3668.jpg,0.9142394661903381,401.2667236328125,250.7039337158203,340.2467041015625,927.3289184570312,2048,1536,340,927
HFW12-F7,2016,201602110204,DM,0,/Volumes/Seagate Portable Drive/KYLE_AI_DATABASE/A_CAMERA/Focal_species/Gulo gulo/HFW12-F7/DM/2016/B&W/Robust marks/02.11-02.04/IMG_3669.JPG,IMG_3669.JPG,HFW12-F7_2016_201602110204_IMG_3669.jpg,0.8674147129058838,448.42254638671875,211.060546875,318.520751953125,1031.94970703125,2048,1536,318,1031
HFW12-F7,2016,201602110204,DM,0,/Volumes/Seagate Portable Drive/KYLE_AI_DATABASE/A_CAMERA/Focal_species/Gulo gulo/HFW12-F7/DM/2016/B&W/Robust marks/02.11-02.04/IMG_3671.JPG,IMG_3671.JPG,HFW12-F7_2016_201602110204_IMG_3671.jpg,0.8373661041259766,400.37158203125,305.12518310546875,454.683349609375,896.8388061523438,2048,1536,454,896
HFW12-F7,2016,201602110204,DM,0,/Volumes/Seagate Portable Drive/KYLE_AI_DATABASE/A_CAMERA/Focal_species/Gulo gulo/HFW12-F7/DM/2016/B&W/Robust marks/02.11-02.04/IMG_3672.JPG,IMG_3672.JPG,HFW12-F7_2016_201602110204_IMG_3672.jpg,0.8795868158340454,339.8128662109375,366.68408203125,404.924560546875,963.63525390625,2048,1536,404,963
HFW12-F7,2016,201602110204,DM,0,/Volumes/Seagate Portable Drive/KYLE_AI_DATABASE/A_CAMERA/Focal_species/Gulo gulo/HFW12-F7/DM/2016/B&W/Robust marks/02.11-02.04/IMG_3673.JPG,IMG_3673.JPG,HFW12-F7_2016_201602110204_IMG_3673.jpg,0.9168338775634766,273.104736328125,372.59521484375,464.2738037109375,945.9912109375,2048,1536,464,945
HFW12-F7,2016,201602110204,DM,0,/Volumes/Seagate Portable Drive/KYLE_AI_DATABASE/A_CAMERA/Focal_species/Gulo gulo/HFW12-F7/DM/2016/B&W/Robust marks/02.11-02.04/IMG_3674.JPG,IMG_3674.JPG,HFW12-F7_2016_201602110204_IMG_3674.jpg,0.891895592212677,439.4783935546875,321.1473083496094,413.3751220703125,960.52880859375,2048,1536,413,960
HFW12-F7,2016,201602110204,DM,0,/Volumes/Seagate Portable Drive/KYLE_AI_DATABASE/A_CAMERA/Focal_species/Gulo gulo/HFW12-F7/DM/2016/B&W/Robust marks/02.11-02.04/IMG_3675.JPG,IMG_3675.JPG,HFW12-F7_2016_201602110204_IMG_3675.jpg,0.8613016605377197,506.82452392578125,326.39154052734375,337.43408203125,828.8723754882812,2048,1536,337,828
HFW12-F7,2016,201602110204,DM,0,/Volumes/Seagate Portable Drive/KYLE_AI_DATABASE/A_CAMERA/Focal_species/Gulo gulo/HFW12-F7/DM/2016/B&W/Robust marks/02.11-02.04/IMG_3676.JPG,IMG_3676.JPG,HFW12-F7_2016_201602110204_IMG_3676.jpg,0.9419775009155273,491.57720947265625,359.18109130859375,490.9329833984375,957.9196166992188,2048,1536,490,957
HFW12-F7,2016,201602110204,DM,0,/Volumes/Seagate Portable Drive/KYLE_AI_DATABASE/A_CAMERA/Focal_species/Gulo gulo/HFW12-F7/DM/2016/B&W/Robust marks/02.11-02.04/IMG_3677.JPG,IMG_3677.JPG,HFW12-F7_2016_201602110204_IMG_3677.jpg,0.9316475987434387,510.375244140625,363.1266174316406,468.69921875,1023.8748779296875,2048,1536,468,1023
HFW12-F7,2016,201602110204,DM,0,/Volumes/Seagate Portable Drive/KYLE_AI_DATABASE/A_CAMERA/Focal_species/Gulo gulo/HFW12-F7/DM/2016/B&W/Robust marks/02.11-02.04/IMG_3678.JPG,IMG_3678.JPG,HFW12-F7_2016_201602110204_IMG_3678.jpg,0.913588285446167,524.7701416015625,380.80987548828125,462.2584228515625,1095.438720703125,2048,1536,462,1095
HFW12-F7,2016,201602110204,DM,0,/Volumes/Seagate Portable Drive/KYLE_AI_DATABASE/A_CAMERA/Focal_species/Gulo gulo/HFW12-F7/DM/2016/B&W/Robust marks/02.11-02.04/IMG_3679.JPG,IMG_3679.JPG,HFW12-F7_2016_201602110204_IMG_3679.jpg,0.8778622150421143,530.8262939453125,391.298583984375,420.3026123046875,1063.1473388671875,2048,1536,420,1063
HFW12-F7,2016,201602110204,DM,0,/Volumes/Seagate Portable Drive/KYLE_AI_DATABASE/A_CAMERA/Focal_species/Gulo gulo/HFW12-F7/DM/2016/B&W/Robust marks/02.11-02.04/IMG_3680.JPG,IMG_3680.JPG,HFW12-F7_2016_201602110204_IMG_3680.jpg,0.8047452569007874,609.8086547851562,451.77423095703125,493.22967529296875,880.7389526367188,2048,1536,493,880
HFW12-F7,2016,201602110204,DM,0,/Volumes/Seagate Portable Drive/KYLE_AI_DATABASE/A_CAMERA/Focal_species/Gulo gulo/HFW12-F7/DM/2016/B&W/Robust marks/02.11-02.04/IMG_3681.JPG,IMG_3681.JPG,HFW12-F7_2016_201602110204_IMG_3681.jpg,0.9207252264022827,487.95782470703125,698.8690795898438,495.948486328125,803.2883911132812,2048,1536,495,803
HFW12-F7,2016,201602110204,DM,0,/Volumes/Seagate Portable Drive/KYLE_AI_DATABASE/A_CAMERA/Focal_species/Gulo gulo/HFW12-F7/DM/2016/B&W/Robust marks/02.11-02.04/IMG_3682.JPG,IMG_3682.JPG,HFW12-F7_2016_201602110204_IMG_3682.jpg,0.9280304908752441,530.5433349609375,820.9978637695312,491.243408203125,682.6649780273438,2048,1536,491,682
HFW12-F7,2016,201602110204,DM,0,/Volumes/Seagate Portable Drive/KYLE_AI_DATABASE/A_CAMERA/Focal_species/Gulo gulo/HFW12-F7/DM/2016/B&W/Robust marks/02.11-02.04/IMG_3683.JPG,IMG_3683.JPG,HFW12-F7_2016_201602110204_IMG_3683.jpg,0.9313712120056152,487.45135498046875,763.162109375,469.2630615234375,735.2066650390625,2048,1536,469,735
HFW12-F7,2016,201602110204,DM,0,/Volumes/Seagate Portable Drive/KYLE_AI_DATABASE/A_CAMERA/Focal_species/Gulo gulo/HFW12-F7/DM/2016/B&W/Robust marks/02.11-02.04/IMG_3684.JPG,IMG_3684.JPG,HFW12-F7_2016_201602110204_IMG_3684.jpg,0.9170515537261963,548.193115234375,729.8134155273438,509.652099609375,772.9588012695312,2048,1536,509,772
HFW12-F7,2016,201602110204,DM,0,/Volumes/Seagate Portable Drive/KYLE_AI_DATABASE/A_CAMERA/Focal_species/Gulo gulo/HFW12-F7/DM/2016/B&W/Robust marks/02.11-02.04/IMG_3685.JPG,IMG_3685.JPG,HFW12-F7_2016_201602110204_IMG_3685.jpg,0.9021594524383545,592.4096069335938,719.0968627929688,449.75640869140625,784.1810913085938,2048,1536,449,784
HFW12-F7,2016,201602110204,DM,0,/Volumes/Seagate Portable Drive/KYLE_AI_DATABASE/A_CAMERA/Focal_species/Gulo gulo/HFW12-F7/DM/2016/B&W/Robust marks/02.11-02.04/IMG_3686.JPG,IMG_3686.JPG,HFW12-F7_2016_201602110204_IMG_3686.jpg,0.9099167585372925,595.2439575195312,724.93603515625,441.29681396484375,778.24462890625,2048,1536,441,778
HFW12-F7,2016,201602110204,DM,0,/Volumes/Seagate Portable Drive/KYLE_AI_DATABASE/A_CAMERA/Focal_species/Gulo gulo/HFW12-F7/DM/2016/B&W/Robust marks/02.11-02.04/IMG_3687.JPG,IMG_3687.JPG,HFW12-F7_2016_201602110204_IMG_3687.jpg,0.9214071035385132,599.8662109375,702.8722534179688,525.7943115234375,800.3068237304688,2048,1536,525,800
HFW12-F7,2016,201602110204,DM,0,/Volumes/Seagate Portable Drive/KYLE_AI_DATABASE/A_CAMERA/Focal_species/Gulo gulo/HFW12-F7/DM/2016/B&W/Robust marks/02.11-02.04/IMG_3688.JPG,IMG_3688.JPG,HFW12-F7_2016_201602110204_IMG_3688.jpg,0.9614777565002441,535.2218017578125,645.9163208007812,567.482666015625,857.8384399414062,2048,1536,567,857
HFW12-F7,2016,201602110204,DM,0,/Volumes/Seagate Portable Drive/KYLE_AI_DATABASE/A_CAMERA/Focal_species/Gulo gulo/HFW12-F7/DM/2016/B&W/Robust marks/02.11-02.04/IMG_3689.JPG,IMG_3689.JPG,HFW12-F7_2016_201602110204_IMG_3689.jpg,0.915619969367981,612.1898193359375,568.449951171875,632.5794677734375,776.071044921875,2048,1536,632,776
HFW12-F7,2016,201602110204,DM,0,/Volumes/Seagate Portable Drive/KYLE_AI_DATABASE/A_CAMERA/Focal_species/Gulo gulo/HFW12-F7/DM/2016/B&W/Robust marks/02.11-02.04/IMG_3690.JPG,IMG_3690.JPG,HFW12-F7_2016_201602110204_IMG_3690.jpg,0.8237255215644836,486.30682373046875,244.9080047607422,572.0679321289062,1056.560302734375,2048,1536,572,1056
HFW12-F7,2016,201602110204,DM,0,/Volumes/Seagate Portable Drive/KYLE_AI_DATABASE/A_CAMERA/Focal_species/Gulo gulo/HFW12-F7/DM/2016/B&W/Robust marks/02.11-02.04/IMG_3691.JPG,IMG_3691.JPG,HFW12-F7_2016_201602110204_IMG_3691.jpg,0.8971246480941772,473.62353515625,321.897705078125,397.193115234375,789.0570068359375,2048,1536,397,789
HFW12-F7,2016,201602110204,DM,0,/Volumes/Seagate Portable Drive/KYLE_AI_DATABASE/A_CAMERA/Focal_species/Gulo gulo/HFW12-F7/DM/2016/B&W/Robust marks/02.11-02.04/IMG_3692.JPG,IMG_3692.JPG,HFW12-F7_2016_201602110204_IMG_3692.jpg,0.8900710344314575,443.04840087890625,323.15264892578125,408.392333984375,942.5582885742188,2048,1536,408,942
HFW12-F7,2016,201602110204,DM,0,/Volumes/Seagate Portable Drive/KYLE_AI_DATABASE/A_CAMERA/Focal_species/Gulo gulo/HFW12-F7/DM/2016/B&W/Robust marks/02.11-02.04/IMG_3693.JPG,IMG_3693.JPG,HFW12-F7_2016_201602110204_IMG_3693.jpg,0.8387712240219116,450.38189697265625,295.26953125,397.6864013671875,928.873046875,2048,1536,397,928
HFW12-F7,2016,201602110204,DM,0,/Volumes/Seagate Portable Drive/KYLE_AI_DATABASE/A_CAMERA/Focal_species/Gulo gulo/HFW12-F7/DM/2016/B&W/Robust marks/02.11-02.04/IMG_3695.JPG,IMG_3695.JPG,HFW12-F7_2016_201602110204_IMG_3695.jpg,0.8966554403305054,433.01824951171875,324.8214111328125,451.9185791015625,839.2230224609375,2048,1536,451,839
HFW12-F7,2016,201602110204,DM,0,/Volumes/Seagate Portable Drive/KYLE_AI_DATABASE/A_CAMERA/Focal_species/Gulo gulo/HFW12-F7/DM/2016/B&W/Robust marks/02.11-02.04/IMG_3696.JPG,IMG_3696.JPG,HFW12-F7_2016_201602110204_IMG_3696.jpg,0.8887877464294434,448.8128967285156,322.11962890625,421.6999206542969,841.8594970703125,2048,1536,421,841
HFW12-F7,2016,201602110204,DM,0,/Volumes/Seagate Portable Drive/KYLE_AI_DATABASE/A_CAMERA/Focal_species/Gulo gulo/HFW12-F7/DM/2016/B&W/Robust marks/02.11-02.04/IMG_3697.JPG,IMG_3697.JPG,HFW12-F7_2016_201602110204_IMG_3697.jpg,0.8205452561378479,472.7732238769531,269.345947265625,514.172119140625,926.052490234375,2048,1536,514,926
HFW12-F7,2016,201602110204,DM,0,/Volumes/Seagate Portable Drive/KYLE_AI_DATABASE/A_CAMERA/Focal_species/Gulo gulo/HFW12-F7/DM/2016/B&W/Robust marks/02.11-02.04/IMG_3698.JPG,IMG_3698.JPG,HFW12-F7_2016_201602110204_IMG_3698.jpg,0.8487331867218018,442.6758728027344,305.42633056640625,565.3524169921875,912.8297729492188,2048,1536,565,912
HFW12-F7,2016,201602110204,DM,0,/Volumes/Seagate Portable Drive/KYLE_AI_DATABASE/A_CAMERA/Focal_species/Gulo gulo/HFW12-F7/DM/2016/B&W/Robust marks/02.11-02.04/IMG_3699.JPG,IMG_3699.JPG,HFW12-F7_2016_201602110204_IMG_3699.jpg,0.9180938601493835,443.9991149902344,294.906005859375,593.7215576171875,850.48876953125,2048,1536,593,850
HFW12-F7,2016,201602110204,DM,0,/Volumes/Seagate Portable Drive/KYLE_AI_DATABASE/A_CAMERA/Focal_species/Gulo gulo/HFW12-F7/DM/2016/B&W/Robust marks/02.11-02.04/IMG_3700.JPG,IMG_3700.JPG,HFW12-F7_2016_201602110204_IMG_3700.jpg,0.8504026532173157,450.0341796875,288.6371154785156,524.55224609375,875.8604736328125,2048,1536,524,875
HFW12-F7,2016,201602110204,DM,0,/Volumes/Seagate Portable Drive/KYLE_AI_DATABASE/A_CAMERA/Focal_species/Gulo gulo/HFW12-F7/DM/2016/B&W/Robust marks/02.11-02.04/IMG_3701.JPG,IMG_3701.JPG,HFW12-F7_2016_201602110204_IMG_3701.jpg,0.9085077047348022,388.9379577636719,300.82513427734375,517.40576171875,990.9960327148438,2048,1536,517,990
HFW12-F7,2016,201602110204,DM,0,/Volumes/Seagate Portable Drive/KYLE_AI_DATABASE/A_CAMERA/Focal_species/Gulo gulo/HFW12-F7/DM/2016/B&W/Robust marks/02.11-02.04/IMG_3702.JPG,IMG_3702.JPG,HFW12-F7_2016_201602110204_IMG_3702.jpg,0.9087046384811401,334.3990783691406,335.29718017578125,396.2117614746094,909.4120483398438,2048,1536,396,909
HFW12-F7,2016,201602110204,DM,0,/Volumes/Seagate Portable Drive/KYLE_AI_DATABASE/A_CAMERA/Focal_species/Gulo gulo/HFW12-F7/DM/2016/B&W/Robust marks/02.11-02.04/IMG_3703.JPG,IMG_3703.JPG,HFW12-F7_2016_201602110204_IMG_3703.jpg,0.8754792809486389,412.75860595703125,401.93280029296875,374.984130859375,910.1434936523438,2048,1536,374,910
HFW12-F7,2016,201602110204,DM,0,/Volumes/Seagate Portable Drive/KYLE_AI_DATABASE/A_CAMERA/Focal_species/Gulo gulo/HFW12-F7/DM/2016/B&W/Robust marks/02.11-02.04/IMG_3704.JPG,IMG_3704.JPG,HFW12-F7_2016_201602110204_IMG_3704.jpg,0.8717061877250671,294.00579833984375,339.4587707519531,552.2144775390625,965.6986083984375,2048,1536,552,965
HFW12-F7,2016,201602110204,DM,0,/Volumes/Seagate Portable Drive/KYLE_AI_DATABASE/A_CAMERA/Focal_species/Gulo gulo/HFW12-F7/DM/2016/B&W/Robust marks/02.11-02.04/IMG_3706.JPG,IMG_3706.JPG,HFW12-F7_2016_201602110204_IMG_3706.jpg,0.8818408250808716,355.5856628417969,350.2356262207031,514.2918701171875,1018.9283447265625,2048,1536,514,1018
HFW12-F7,2016,201602110204,DM,0,/Volumes/Seagate Portable Drive/KYLE_AI_DATABASE/A_CAMERA/Focal_species/Gulo gulo/HFW12-F7/DM/2016/B&W/Robust marks/02.11-02.04/IMG_3707.JPG,IMG_3707.JPG,HFW12-F7_2016_201602110204_IMG_3707.jpg,0.8661250472068787,341.2336120605469,337.02001953125,338.6593322753906,996.6795654296875,2048,1536,338,996
HFW12-F7,2016,201602110204,DM,0,/Volumes/Seagate Portable Drive/KYLE_AI_DATABASE/A_CAMERA/Focal_species/Gulo gulo/HFW12-F7/DM/2016/B&W/Robust marks/02.11-02.04/IMG_3709.JPG,IMG_3709.JPG,HFW12-F7_2016_201602110204_IMG_3709.jpg,0.8872622847557068,280.3787841796875,328.55487060546875,404.10247802734375,970.7706909179688,2048,1536,404,970
HFW12-F7,2016,201602110204,DM,0,/Volumes/Seagate Portable Drive/KYLE_AI_DATABASE/A_CAMERA/Focal_species/Gulo gulo/HFW12-F7/DM/2016/B&W/Robust marks/02.11-02.04/IMG_3710.JPG,IMG_3710.JPG,HFW12-F7_2016_201602110204_IMG_3710.jpg,0.876556932926178,287.86968994140625,326.818359375,376.74688720703125,1043.6597900390625,2048,1536,376,1043
HFW12-F7,2016,201602110204,DM,0,/Volumes/Seagate Portable Drive/KYLE_AI_DATABASE/A_CAMERA/Focal_species/Gulo gulo/HFW12-F7/DM/2016/B&W/Robust marks/02.11-02.04/IMG_3711.JPG,IMG_3711.JPG,HFW12-F7_2016_201602110204_IMG_3711.jpg,0.9062172770500183,262.51361083984375,434.81390380859375,523.048095703125,821.7605590820312,2048,1536,523,821
HFW12-F7,2016,201602110204,DM,0,/Volumes/Seagate Portable Drive/KYLE_AI_DATABASE/A_CAMERA/Focal_species/Gulo gulo/HFW12-F7/DM/2016/B&W/Robust marks/02.11-02.04/IMG_3712.JPG,IMG_3712.JPG,HFW12-F7_2016_201602110204_IMG_3712.jpg,0.8973995447158813,322.2706604003906,393.8353271484375,529.3956298828125,943.0970458984375,2048,1536,529,943
HFW12-F7,2016,201602110204,DM,0,/Volumes/Seagate Portable Drive/KYLE_AI_DATABASE/A_CAMERA/Focal_species/Gulo gulo/HFW12-F7/DM/2016/B&W/Robust marks/02.11-02.04/IMG_3713.JPG,IMG_3713.JPG,HFW12-F7_2016_201602110204_IMG_3713.jpg,0.8976437449455261,393.2230224609375,308.13433837890625,547.42724609375,921.3483276367188,2048,1536,547,921
HFW12-F7,2016,201602110204,DM,0,/Volumes/Seagate Portable Drive/KYLE_AI_DATABASE/A_CAMERA/Focal_species/Gulo gulo/HFW12-F7/DM/2016/B&W/Robust marks/02.11-02.04/IMG_3714.JPG,IMG_3714.JPG,HFW12-F7_2016_201602110204_IMG_3714.jpg,0.8853066563606262,437.2171936035156,277.8511047363281,518.4334716796875,924.1492919921875,2048,1536,518,924
HFW12-F7,2016,201602110204,DM,0,/Volumes/Seagate Portable Drive/KYLE_AI_DATABASE/A_CAMERA/Focal_species/Gulo gulo/HFW12-F7/DM/2016/B&W/Robust marks/02.11-02.04/IMG_3715.JPG,IMG_3715.JPG,HFW12-F7_2016_201602110204_IMG_3715.jpg,0.8028357625007629,440.8228759765625,321.3789367675781,504.2965087890625,897.63232421875,2048,1536,504,897
HFW12-F7,2016,201602110204,DM,0,/Volumes/Seagate Portable Drive/KYLE_AI_DATABASE/A_CAMERA/Focal_species/Gulo gulo/HFW12-F7/DM/2016/B&W/Robust marks/02.11-02.04/IMG_3720.JPG,IMG_3720.JPG,HFW12-F7_2016_201602110204_IMG_3720.jpg,0.8431414365768433,448.19573974609375,283.52587890625,578.7573852539062,965.02197265625,2048,1536,578,965
HFW12-F7,2016,201602110204,DM,0,/Volumes/Seagate Portable Drive/KYLE_AI_DATABASE/A_CAMERA/Focal_species/Gulo gulo/HFW12-F7/DM/2016/B&W/Robust marks/02.11-02.04/IMG_3721.JPG,IMG_3721.JPG,HFW12-F7_2016_201602110204_IMG_3721.jpg,0.9089005589485168,337.3309326171875,369.1729431152344,363.6044921875,1034.397705078125,2048,1536,363,1034
HFW12-F7,2016,201602110204,DM,0,/Volumes/Seagate Portable Drive/KYLE_AI_DATABASE/A_CAMERA/Focal_species/Gulo gulo/HFW12-F7/DM/2016/B&W/Robust marks/02.11-02.04/IMG_3723.JPG,IMG_3723.JPG,HFW12-F7_2016_201602110204_IMG_3723.jpg,0.8399262428283691,437.0735778808594,253.5586395263672,581.278564453125,824.7648315429688,2048,1536,581,824
HFW12-F7,2016,201602110204,DM,0,/Volumes/Seagate Portable Drive/KYLE_AI_DATABASE/A_CAMERA/Focal_species/Gulo gulo/HFW12-F7/DM/2016/B&W/Robust marks/02.11-02.04/IMG_3724.JPG,IMG_3724.JPG,HFW12-F7_2016_201602110204_IMG_3724.jpg,0.842245876789093,398.4224548339844,307.1529541015625,614.0821533203125,911.3687744140625,2048,1536,614,911
HFW12-F7,2016,201602110204,DM,0,/Volumes/Seagate Portable Drive/KYLE_AI_DATABASE/A_CAMERA/Focal_species/Gulo gulo/HFW12-F7/DM/2016/B&W/Robust marks/02.11-02.04/IMG_3725.JPG,IMG_3725.JPG,HFW12-F7_2016_201602110204_IMG_3725.jpg,0.9002183079719543,430.2303466796875,318.4967041015625,585.691162109375,881.8289794921875,2048,1536,585,881
HFW12-F7,2016,201602110204,DM,0,/Volumes/Seagate Portable Drive/KYLE_AI_DATABASE/A_CAMERA/Focal_species/Gulo gulo/HFW12-F7/DM/2016/B&W/Robust marks/02.11-02.04/IMG_3726.JPG,IMG_3726.JPG,HFW12-F7_2016_201602110204_IMG_3726.jpg,0.8102232813835144,440.9882507324219,145.13832092285156,535.99169921875,1071.596435546875,2048,1536,535,1071
HFW12-F7,2016,201602110204,DM,0,/Volumes/Seagate Portable Drive/KYLE_AI_DATABASE/A_CAMERA/Focal_species/Gulo gulo/HFW12-F7/DM/2016/B&W/Robust marks/02.11-02.04/IMG_3728.JPG,IMG_3728.JPG,HFW12-F7_2016_201602110204_IMG_3728.jpg,0.803375780582428,464.71826171875,309.5693664550781,474.0677490234375,979.145751953125,2048,1536,474,979
HFW12-F7,2016,201602110204,DM,0,/Volumes/Seagate Portable Drive/KYLE_AI_DATABASE/A_CAMERA/Focal_species/Gulo gulo/HFW12-F7/DM/2016/B&W/Robust marks/02.11-02.04/IMG_3729.JPG,IMG_3729.JPG,HFW12-F7_2016_201602110204_IMG_3729.jpg,0.8379952311515808,458.36962890625,319.7857666015625,480.7252197265625,929.8602294921875,2048,1536,480,929
HFW12-F7,2016,201602110204,DM,0,/Volumes/Seagate Portable Drive/KYLE_AI_DATABASE/A_CAMERA/Focal_species/Gulo gulo/HFW12-F7/DM/2016/B&W/Robust marks/02.11-02.04/IMG_3731.JPG,IMG_3731.JPG,HFW12-F7_2016_201602110204_IMG_3731.jpg,0.8949180841445923,415.3590087890625,318.161865234375,562.5535888671875,863.63623046875,2048,1536,562,863
HFW12-F7,2016,201602110204,DM,0,/Volumes/Seagate Portable Drive/KYLE_AI_DATABASE/A_CAMERA/Focal_species/Gulo gulo/HFW12-F7/DM/2016/B&W/Robust marks/02.11-02.04/IMG_3732.JPG,IMG_3732.JPG,HFW12-F7_2016_201602110204_IMG_3732.jpg,0.8567208647727966,421.19488525390625,311.2327880859375,546.01318359375,892.0994873046875,2048,1536,546,892
HFW12-F7,2016,201602110204,DM,0,/Volumes/Seagate Portable Drive/KYLE_AI_DATABASE/A_CAMERA/Focal_species/Gulo gulo/HFW12-F7/DM/2016/B&W/Robust marks/02.11-02.04/IMG_3733.JPG,IMG_3733.JPG,HFW12-F7_2016_201602110204_IMG_3733.jpg,0.9105547070503235,413.7756652832031,281.5291442871094,553.5560302734375,910.89404296875,2048,1536,553,910
HFW12-F7,2016,201602110204,DM,0,/Volumes/Seagate Portable Drive/KYLE_AI_DATABASE/A_CAMERA/Focal_species/Gulo gulo/HFW12-F7/DM/2016/B&W/Robust marks/02.11-02.04/IMG_3734.JPG,IMG_3734.JPG,HFW12-F7_2016_201602110204_IMG_3734.jpg,0.8775968551635742,419.6800231933594,275.75103759765625,548.9029541015625,908.8934936523438,2048,1536,548,908
HFW12-F7,2016,201602110204,DM,0,/Volumes/Seagate Portable Drive/KYLE_AI_DATABASE/A_CAMERA/Focal_species/Gulo gulo/HFW12-F7/DM/2016/B&W/Robust marks/02.11-02.04/IMG_3735.JPG,IMG_3735.JPG,HFW12-F7_2016_201602110204_IMG_3735.jpg,0.921760618686676,419.5787658691406,297.861083984375,544.3082275390625,880.99951171875,2048,1536,544,880
HFW12-F7,2016,201602110204,DM,0,/Volumes/Seagate Portable Drive/KYLE_AI_DATABASE/A_CAMERA/Focal_species/Gulo gulo/HFW12-F7/DM/2016/B&W/Robust marks/02.11-02.04/IMG_3736.JPG,IMG_3736.JPG,HFW12-F7_2016_201602110204_IMG_3736.jpg,0.9119795560836792,417.653076171875,288.2254638671875,545.5386962890625,911.0228271484375,2048,1536,545,911
HFW12-F7,2016,201602110204,DM,0,/Volumes/Seagate Portable Drive/KYLE_AI_DATABASE/A_CAMERA/Focal_species/Gulo gulo/HFW12-F7/DM/2016/B&W/Robust marks/02.11-02.04/IMG_3737.JPG,IMG_3737.JPG,HFW12-F7_2016_201602110204_IMG_3737.jpg,0.9121007323265076,416.1998291015625,320.75396728515625,544.6435546875,881.5687866210938,2048,1536,544,881
HFW12-F7,2016,201602110204,DM,0,/Volumes/Seagate Portable Drive/KYLE_AI_DATABASE/A_CAMERA/Focal_species/Gulo gulo/HFW12-F7/DM/2016/B&W/Robust marks/02.11-02.04/IMG_3738.JPG,IMG_3738.JPG,HFW12-F7_2016_201602110204_IMG_3738.jpg,0.8569279313087463,415.9300537109375,317.53350830078125,538.926513671875,889.1744995117188,2048,1536,538,889
HFW12-F7,2016,201602110204,DM,0,/Volumes/Seagate Portable Drive/KYLE_AI_DATABASE/A_CAMERA/Focal_species/Gulo gulo/HFW12-F7/DM/2016/B&W/Robust marks/02.11-02.04/IMG_3739.JPG,IMG_3739.JPG,HFW12-F7_2016_201602110204_IMG_3739.jpg,0.8540177345275879,419.7412414550781,320.82647705078125,540.98486328125,885.1974487304688,2048,1536,540,885
HFW12-F7,2016,201602110204,DM,0,/Volumes/Seagate Portable Drive/KYLE_AI_DATABASE/A_CAMERA/Focal_species/Gulo gulo/HFW12-F7/DM/2016/B&W/Robust marks/02.11-02.04/IMG_3742.JPG,IMG_3742.JPG,HFW12-F7_2016_201602110204_IMG_3742.jpg,0.8954613208770752,420.2047119140625,286.78326416015625,534.9173583984375,947.0411987304688,2048,1536,534,947
HFW12-F7,2016,201602110204,DM,0,/Volumes/Seagate Portable Drive/KYLE_AI_DATABASE/A_CAMERA/Focal_species/Gulo gulo/HFW12-F7/DM/2016/B&W/Robust marks/02.11-02.04/IMG_3743.JPG,IMG_3743.JPG,HFW12-F7_2016_201602110204_IMG_3743.jpg,0.9075808525085449,398.5679626464844,283.96807861328125,454.1660461425781,943.9177856445312,2048,1536,454,943
HFW12-F7,2016,201602110204,DM,0,/Volumes/Seagate Portable Drive/KYLE_AI_DATABASE/A_CAMERA/Focal_species/Gulo gulo/HFW12-F7/DM/2016/B&W/Robust marks/02.11-02.04/IMG_3744.JPG,IMG_3744.JPG,HFW12-F7_2016_201602110204_IMG_3744.jpg,0.9024935364723206,419.7191162109375,302.43353271484375,439.5216064453125,959.0247192382812,2048,1536,439,959
HFW12-F7,2016,201602110204,DM,0,/Volumes/Seagate Portable Drive/KYLE_AI_DATABASE/A_CAMERA/Focal_species/Gulo gulo/HFW12-F7/DM/2016/B&W/Robust marks/02.11-02.04/IMG_3745.JPG,IMG_3745.JPG,HFW12-F7_2016_201602110204_IMG_3745.jpg,0.9094574451446533,433.01556396484375,317.95220947265625,431.48876953125,943.0055541992188,2048,1536,431,943
HFW12-F7,2016,201602110204,DM,0,/Volumes/Seagate Portable Drive/KYLE_AI_DATABASE/A_CAMERA/Focal_species/Gulo gulo/HFW12-F7/DM/2016/B&W/Robust marks/02.11-02.04/IMG_3746.JPG,IMG_3746.JPG,HFW12-F7_2016_201602110204_IMG_3746.jpg,0.9015803933143616,433.7607421875,312.1663513183594,427.83349609375,942.9063720703125,2048,1536,427,942
HFW12-F7,2016,201602110204,DM,0,/Volumes/Seagate Portable Drive/KYLE_AI_DATABASE/A_CAMERA/Focal_species/Gulo gulo/HFW12-F7/DM/2016/B&W/Robust marks/02.11-02.04/IMG_3747.JPG,IMG_3747.JPG,HFW12-F7_2016_201602110204_IMG_3747.jpg,0.8775467276573181,431.87689208984375,313.95806884765625,429.5489501953125,946.1720581054688,2048,1536,429,946
HFW12-F7,2016,201602110204,DM,0,/Volumes/Seagate Portable Drive/KYLE_AI_DATABASE/A_CAMERA/Focal_species/Gulo gulo/HFW12-F7/DM/2016/B&W/Robust marks/02.11-02.04/IMG_3748.JPG,IMG_3748.JPG,HFW12-F7_2016_201602110204_IMG_3748.jpg,0.8852009773254395,430.57659912109375,311.6033020019531,431.8099365234375,964.2659912109375,2048,1536,431,964
HFW12-F7,2016,201602110204,DM,0,/Volumes/Seagate Portable Drive/KYLE_AI_DATABASE/A_CAMERA/Focal_species/Gulo gulo/HFW12-F7/DM/2016/B&W/Robust marks/02.11-02.04/IMG_3749.JPG,IMG_3749.JPG,HFW12-F7_2016_201602110204_IMG_3749.jpg,0.9124391674995422,429.5207214355469,311.4910583496094,431.1343078613281,958.9329833984375,2048,1536,431,958
HFW12-F7,2016,201602110204,DM,0,/Volumes/Seagate Portable Drive/KYLE_AI_DATABASE/A_CAMERA/Focal_species/Gulo gulo/HFW12-F7/DM/2016/B&W/Robust marks/02.11-02.04/IMG_3750.JPG,IMG_3750.JPG,HFW12-F7_2016_201602110204_IMG_3750.jpg,0.904561460018158,428.93408203125,320.92657470703125,430.654541015625,956.7841186523438,2048,1536,430,956
HFW12-F7,2016,201602110204,DM,0,/Volumes/Seagate Portable Drive/KYLE_AI_DATABASE/A_CAMERA/Focal_species/Gulo gulo/HFW12-F7/DM/2016/B&W/Robust marks/02.11-02.04/IMG_3752.JPG,IMG_3752.JPG,HFW12-F7_2016_201602110204_IMG_3752.jpg,0.8809874057769775,309.7693176269531,941.469482421875,457.5287780761719,562.0740966796875,2048,1536,457,562
HFW12-F7,2016,201602110204,DM,0,/Volumes/Seagate Portable Drive/KYLE_AI_DATABASE/A_CAMERA/Focal_species/Gulo gulo/HFW12-F7/DM/2016/B&W/Robust marks/02.11-02.04/IMG_3754.JPG,IMG_3754.JPG,HFW12-F7_2016_201602110204_IMG_3754.jpg,0.9552363753318787,285.029541015625,988.0133056640625,464.197509765625,515.8441162109375,2048,1536,464,515
HFW12-F7,2016,201602110204,DM,0,/Volumes/Seagate Portable Drive/KYLE_AI_DATABASE/A_CAMERA/Focal_species/Gulo gulo/HFW12-F7/DM/2016/B&W/Robust marks/02.11-02.04/IMG_3762.JPG,IMG_3762.JPG,HFW12-F7_2016_201602110204_IMG_3762.jpg,0.8254138827323914,520.42822265625,315.5050048828125,532.9827880859375,917.5953369140625,2048,1536,532,917
HFW12-F7,2016,201602110204,DM,0,/Volumes/Seagate Portable Drive/KYLE_AI_DATABASE/A_CAMERA/Focal_species/Gulo gulo/HFW12-F7/DM/2016/B&W/Robust marks/02.11-02.04/IMG_3763.JPG,IMG_3763.JPG,HFW12-F7_2016_201602110204_IMG_3763.jpg,0.8575191497802734,526.962646484375,318.8079528808594,536.828125,919.7362060546875,2048,1536,536,919
HFW12-F7,2016,201602110204,DM,0,/Volumes/Seagate Portable Drive/KYLE_AI_DATABASE/A_CAMERA/Focal_species/Gulo gulo/HFW12-F7/DM/2016/B&W/Robust marks/02.11-02.04/IMG_3764.JPG,IMG_3764.JPG,HFW12-F7_2016_201602110204_IMG_3764.jpg,0.8439359664916992,613.0645751953125,266.3204345703125,440.4349365234375,967.3302001953125,2048,1536,440,967
HFW12-F7,2016,201602110204,DM,0,/Volumes/Seagate Portable Drive/KYLE_AI_DATABASE/A_CAMERA/Focal_species/Gulo gulo/HFW12-F7/DM/2016/B&W/Robust marks/02.11-02.04/IMG_3765.JPG,IMG_3765.JPG,HFW12-F7_2016_201602110204_IMG_3765.jpg,0.8334431052207947,615.270263671875,313.9514465332031,443.0047607421875,911.1690673828125,2048,1536,443,911
HFW12-F7,2016,201602110204,DM,0,/Volumes/Seagate Portable Drive/KYLE_AI_DATABASE/A_CAMERA/Focal_species/Gulo gulo/HFW12-F7/DM/2016/B&W/Robust marks/02.11-02.04/IMG_3766.JPG,IMG_3766.JPG,HFW12-F7_2016_201602110204_IMG_3766.jpg,0.873016893863678,611.4869995117188,330.28167724609375,449.70599365234375,909.5991821289062,2048,1536,449,909
HFW12-F7,2016,201602110204,DM,0,/Volumes/Seagate Portable Drive/KYLE_AI_DATABASE/A_CAMERA/Focal_species/Gulo gulo/HFW12-F7/DM/2016/B&W/Robust marks/02.11-02.04/IMG_3767.JPG,IMG_3767.JPG,HFW12-F7_2016_201602110204_IMG_3767.jpg,0.8187283277511597,614.7947387695312,321.3280334472656,437.93316650390625,923.2568359375,2048,1536,437,923
HFW12-F7,2016,201602110204,DM,0,/Volumes/Seagate Portable Drive/KYLE_AI_DATABASE/A_CAMERA/Focal_species/Gulo gulo/HFW12-F7/DM/2016/B&W/Robust marks/02.11-02.04/IMG_3768.JPG,IMG_3768.JPG,HFW12-F7_2016_201602110204_IMG_3768.jpg,0.865565299987793,610.6901245117188,315.87078857421875,441.94293212890625,922.9706420898438,2048,1536,441,922
HFW12-F7,2016,201602110204,DM,0,/Volumes/Seagate Portable Drive/KYLE_AI_DATABASE/A_CAMERA/Focal_species/Gulo gulo/HFW12-F7/DM/2016/B&W/Robust marks/02.11-02.04/IMG_3769.JPG,IMG_3769.JPG,HFW12-F7_2016_201602110204_IMG_3769.jpg,0.8632535934448242,611.604736328125,307.8825988769531,444.9927978515625,933.416259765625,2048,1536,444,933
HFW12-F7,2016,201602110204,DM,0,/Volumes/Seagate Portable Drive/KYLE_AI_DATABASE/A_CAMERA/Focal_species/Gulo gulo/HFW12-F7/DM/2016/B&W/Robust marks/02.11-02.04/IMG_3770.JPG,IMG_3770.JPG,HFW12-F7_2016_201602110204_IMG_3770.jpg,0.8132317066192627,614.6507568359375,233.5528564453125,456.0755615234375,1005.1641845703125,2048,1536,456,1005
HFW12-F7,2016,201602110204,DM,0,/Volumes/Seagate Portable Drive/KYLE_AI_DATABASE/A_CAMERA/Focal_species/Gulo gulo/HFW12-F7/DM/2016/B&W/Robust marks/02.11-02.04/IMG_3771.JPG,IMG_3771.JPG,HFW12-F7_2016_201602110204_IMG_3771.jpg,0.8268840312957764,636.20849609375,321.9201965332031,425.5875244140625,912.1785888671875,2048,1536,425,912
HFW12-F7,2016,201602110204,DM,0,/Volumes/Seagate Portable Drive/KYLE_AI_DATABASE/A_CAMERA/Focal_species/Gulo gulo/HFW12-F7/DM/2016/B&W/Robust marks/02.11-02.04/IMG_3772.JPG,IMG_3772.JPG,HFW12-F7_2016_201602110204_IMG_3772.jpg,0.8394518494606018,634.1888427734375,207.97434997558594,425.8421630859375,1012.517822265625,2048,1536,425,1012
HFW12-F7,2016,201602110204,DM,0,/Volumes/Seagate Portable Drive/KYLE_AI_DATABASE/A_CAMERA/Focal_species/Gulo gulo/HFW12-F7/DM/2016/B&W/Robust marks/02.11-02.04/IMG_3774.JPG,IMG_3774.JPG,HFW12-F7_2016_201602110204_IMG_3774.jpg,0.8331267833709717,635.505126953125,148.757080078125,423.3975830078125,1076.297607421875,2048,1536,423,1076
HFW12-F7,2016,201602110204,DM,0,/Volumes/Seagate Portable Drive/KYLE_AI_DATABASE/A_CAMERA/Focal_species/Gulo gulo/HFW12-F7/DM/2016/B&W/Robust marks/02.11-02.04/IMG_3775.JPG,IMG_3775.JPG,HFW12-F7_2016_201602110204_IMG_3775.jpg,0.8192296028137207,634.917236328125,190.95217895507812,429.2330322265625,1034.0438232421875,2048,1536,429,1034
HFW12-F7,2016,201602110204,DM,0,/Volumes/Seagate Portable Drive/KYLE_AI_DATABASE/A_CAMERA/Focal_species/Gulo gulo/HFW12-F7/DM/2016/B&W/Robust marks/02.11-02.04/IMG_3776.JPG,IMG_3776.JPG,HFW12-F7_2016_201602110204_IMG_3776.jpg,0.8942365050315857,636.41552734375,324.8291931152344,418.00390625,906.8935546875,2048,1536,418,906
HFW12-F7,2016,201602110204,DM,0,/Volumes/Seagate Portable Drive/KYLE_AI_DATABASE/A_CAMERA/Focal_species/Gulo gulo/HFW12-F7/DM/2016/B&W/Robust marks/02.11-02.04/IMG_3777.JPG,IMG_3777.JPG,HFW12-F7_2016_201602110204_IMG_3777.jpg,0.88910311460495,627.7691650390625,326.8420715332031,428.0257568359375,910.11328125,2048,1536,428,910
HFW12-F7,2016,201602110204,DM,0,/Volumes/Seagate Portable Drive/KYLE_AI_DATABASE/A_CAMERA/Focal_species/Gulo gulo/HFW12-F7/DM/2016/B&W/Robust marks/02.11-02.04/IMG_3778.JPG,IMG_3778.JPG,HFW12-F7_2016_201602110204_IMG_3778.jpg,0.8733710050582886,610.6346435546875,326.3931884765625,449.5799560546875,915.2999267578125,2048,1536,449,915
HFW12-F7,2016,201602110204,DM,0,/Volumes/Seagate Portable Drive/KYLE_AI_DATABASE/A_CAMERA/Focal_species/Gulo gulo/HFW12-F7/DM/2016/B&W/Robust marks/02.11-02.04/IMG_3779.JPG,IMG_3779.JPG,HFW12-F7_2016_201602110204_IMG_3779.jpg,0.8792670965194702,631.3646240234375,323.7122802734375,425.2589111328125,914.4105224609375,2048,1536,425,914
HFW12-F7,2016,201602110204,DM,0,/Volumes/Seagate Portable Drive/KYLE_AI_DATABASE/A_CAMERA/Focal_species/Gulo gulo/HFW12-F7/DM/2016/B&W/Robust marks/02.11-02.04/IMG_3780.JPG,IMG_3780.JPG,HFW12-F7_2016_201602110204_IMG_3780.jpg,0.8305045962333679,612.1084594726562,289.885009765625,445.09197998046875,948.2841796875,2048,1536,445,948
HFW12-F7,2016,201602110204,DM,0,/Volumes/Seagate Portable Drive/KYLE_AI_DATABASE/A_CAMERA/Focal_species/Gulo gulo/HFW12-F7/DM/2016/B&W/Robust marks/02.11-02.04/IMG_3781.JPG,IMG_3781.JPG,HFW12-F7_2016_201602110204_IMG_3781.jpg,0.8691200613975525,650.2734375,288.77288818359375,411.07421875,918.8609008789062,2048,1536,411,918
HFW12-F7,2016,201602110204,DM,0,/Volumes/Seagate Portable Drive/KYLE_AI_DATABASE/A_CAMERA/Focal_species/Gulo gulo/HFW12-F7/DM/2016/B&W/Robust marks/02.11-02.04/IMG_3782.JPG,IMG_3782.JPG,HFW12-F7_2016_201602110204_IMG_3782.jpg,0.8635930418968201,645.0311279296875,327.67315673828125,419.189697265625,878.2620239257812,2048,1536,419,878
HFW12-F7,2016,201602110204,DM,0,/Volumes/Seagate Portable Drive/KYLE_AI_DATABASE/A_CAMERA/Focal_species/Gulo gulo/HFW12-F7/DM/2016/B&W/Robust marks/02.11-02.04/IMG_3783.JPG,IMG_3783.JPG,HFW12-F7_2016_201602110204_IMG_3783.jpg,0.8413891196250916,628.0264282226562,303.9788818359375,433.43634033203125,929.9051513671875,2048,1536,433,929
HFW12-F7,2016,201602110204,DM,0,/Volumes/Seagate Portable Drive/KYLE_AI_DATABASE/A_CAMERA/Focal_species/Gulo gulo/HFW12-F7/DM/2016/B&W/Robust marks/02.11-02.04/IMG_3784.JPG,IMG_3784.JPG,HFW12-F7_2016_201602110204_IMG_3784.jpg,0.8275664448738098,630.0264282226562,233.85704040527344,442.23529052734375,989.5718994140625,2048,1536,442,989
HFW12-F7,2016,201602110204,DM,0,/Volumes/Seagate Portable Drive/KYLE_AI_DATABASE/A_CAMERA/Focal_species/Gulo gulo/HFW12-F7/DM/2016/B&W/Robust marks/02.11-02.04/IMG_3785.JPG,IMG_3785.JPG,HFW12-F7_2016_201602110204_IMG_3785.jpg,0.8733574748039246,623.6181640625,261.164306640625,451.899658203125,991.455322265625,2048,1536,451,991
HFW12-F7,2016,201602110204,DM,0,/Volumes/Seagate Portable Drive/KYLE_AI_DATABASE/A_CAMERA/Focal_species/Gulo gulo/HFW12-F7/DM/2016/B&W/Robust marks/02.11-02.04/IMG_3786.JPG,IMG_3786.JPG,HFW12-F7_2016_201602110204_IMG_3786.jpg,0.849489688873291,616.9635009765625,331.4385681152344,450.621826171875,926.040283203125,2048,1536,450,926
HFW12-F7,2016,201602110204,DM,0,/Volumes/Seagate Portable Drive/KYLE_AI_DATABASE/A_CAMERA/Focal_species/Gulo gulo/HFW12-F7/DM/2016/B&W/Robust marks/02.11-02.04/IMG_3787.JPG,IMG_3787.JPG,HFW12-F7_2016_201602110204_IMG_3787.jpg,0.827134907245636,617.896728515625,310.9708557128906,445.1357421875,932.6202392578125,2048,1536,445,932
HFW12-F7,2016,201602110204,DM,0,/Volumes/Seagate Portable Drive/KYLE_AI_DATABASE/A_CAMERA/Focal_species/Gulo gulo/HFW12-F7/DM/2016/B&W/Robust marks/02.11-02.04/IMG_3788.JPG,IMG_3788.JPG,HFW12-F7_2016_201602110204_IMG_3788.jpg,0.8622189164161682,636.6279907226562,323.46649169921875,427.87518310546875,892.7546997070312,2048,1536,427,892
HFW12-F7,2016,201602110204,DM,0,/Volumes/Seagate Portable Drive/KYLE_AI_DATABASE/A_CAMERA/Focal_species/Gulo gulo/HFW12-F7/DM/2016/B&W/Robust marks/02.11-02.04/IMG_3789.JPG,IMG_3789.JPG,HFW12-F7_2016_201602110204_IMG_3789.jpg,0.8510591983795166,622.6909790039062,323.48895263671875,440.05853271484375,942.7439575195312,2048,1536,440,942
HFW12-F7,2016,201602110204,DM,0,/Volumes/Seagate Portable Drive/KYLE_AI_DATABASE/A_CAMERA/Focal_species/Gulo gulo/HFW12-F7/DM/2016/B&W/Robust marks/02.11-02.04/IMG_3790.JPG,IMG_3790.JPG,HFW12-F7_2016_201602110204_IMG_3790.jpg,0.8824553489685059,621.6218872070312,325.6151123046875,443.39971923828125,906.0291748046875,2048,1536,443,906
HFW12-F7,2016,201602110204,DM,0,/Volumes/Seagate Portable Drive/KYLE_AI_DATABASE/A_CAMERA/Focal_species/Gulo gulo/HFW12-F7/DM/2016/B&W/Robust marks/02.11-02.04/IMG_3791.JPG,IMG_3791.JPG,HFW12-F7_2016_201602110204_IMG_3791.jpg,0.8438652753829956,620.5838012695312,285.5362548828125,442.48272705078125,934.7939453125,2048,1536,442,934
HFW12-F7,2016,201602110204,DM,0,/Volumes/Seagate Portable Drive/KYLE_AI_DATABASE/A_CAMERA/Focal_species/Gulo gulo/HFW12-F7/DM/2016/B&W/Robust marks/02.11-02.04/IMG_3792.JPG,IMG_3792.JPG,HFW12-F7_2016_201602110204_IMG_3792.jpg,0.8623514175415039,623.8775634765625,320.8682556152344,435.7587890625,889.675048828125,2048,1536,435,889
HFW12-F7,2016,201602110204,DM,0,/Volumes/Seagate Portable Drive/KYLE_AI_DATABASE/A_CAMERA/Focal_species/Gulo gulo/HFW12-F7/DM/2016/B&W/Robust marks/02.11-02.04/IMG_3793.JPG,IMG_3793.JPG,HFW12-F7_2016_201602110204_IMG_3793.jpg,0.8424184918403625,615.689697265625,308.91534423828125,444.5225830078125,917.2758178710938,2048,1536,444,917
HFW12-F7,2016,201602110204,DM,0,/Volumes/Seagate Portable Drive/KYLE_AI_DATABASE/A_CAMERA/Focal_species/Gulo gulo/HFW12-F7/DM/2016/B&W/Robust marks/02.11-02.04/IMG_3794.JPG,IMG_3794.JPG,HFW12-F7_2016_201602110204_IMG_3794.jpg,0.8685177564620972,615.1000366210938,279.20501708984375,444.11383056640625,945.6325073242188,2048,1536,444,945
HFW12-F7,2016,201602110204,DM,0,/Volumes/Seagate Portable Drive/KYLE_AI_DATABASE/A_CAMERA/Focal_species/Gulo gulo/HFW12-F7/DM/2016/B&W/Robust marks/02.11-02.04/IMG_3795.JPG,IMG_3795.JPG,HFW12-F7_2016_201602110204_IMG_3795.jpg,0.8635789155960083,620.5980224609375,217.1342010498047,485.334228515625,1036.6373291015625,2048,1536,485,1036
HFW12-F7,2016,201602110204,DM,0,/Volumes/Seagate Portable Drive/KYLE_AI_DATABASE/A_CAMERA/Focal_species/Gulo gulo/HFW12-F7/DM/2016/B&W/Robust marks/02.11-02.04/IMG_3796.JPG,IMG_3796.JPG,HFW12-F7_2016_201602110204_IMG_3796.jpg,0.8659282326698303,616.0557861328125,234.01451110839844,480.446044921875,1007.5611572265625,2048,1536,480,1007
HFW12-F7,2016,201602110204,DM,0,/Volumes/Seagate Portable Drive/KYLE_AI_DATABASE/A_CAMERA/Focal_species/Gulo gulo/HFW12-F7/DM/2016/B&W/Robust marks/02.11-02.04/IMG_3797.JPG,IMG_3797.JPG,HFW12-F7_2016_201602110204_IMG_3797.jpg,0.8267029523849487,630.3074340820312,307.5570068359375,441.94256591796875,918.3970947265625,2048,1536,441,918
HFW12-F7,2016,201602110204,DM,0,/Volumes/Seagate Portable Drive/KYLE_AI_DATABASE/A_CAMERA/Focal_species/Gulo gulo/HFW12-F7/DM/2016/B&W/Robust marks/02.11-02.04/IMG_3798.JPG,IMG_3798.JPG,HFW12-F7_2016_201602110204_IMG_3798.jpg,0.8841185569763184,621.8924560546875,336.410888671875,456.262451171875,895.279541015625,2048,1536,456,895
HFW12-F7,2016,201602110204,DM,0,/Volumes/Seagate Portable Drive/KYLE_AI_DATABASE/A_CAMERA/Focal_species/Gulo gulo/HFW12-F7/DM/2016/B&W/Robust marks/02.11-02.04/IMG_3799.JPG,IMG_3799.JPG,HFW12-F7_2016_201602110204_IMG_3799.jpg,0.8731061816215515,620.0973510742188,336.30816650390625,453.03155517578125,915.4738159179688,2048,1536,453,915
HFW12-F7,2016,201602110204,DM,0,/Volumes/Seagate Portable Drive/KYLE_AI_DATABASE/A_CAMERA/Focal_species/Gulo gulo/HFW12-F7/DM/2016/B&W/Robust marks/02.11-02.04/IMG_3800.JPG,IMG_3800.JPG,HFW12-F7_2016_201602110204_IMG_3800.jpg,0.8138023614883423,621.8568725585938,258.64276123046875,453.34344482421875,966.4849243164062,2048,1536,453,966
HFW12-F7,2016,201602110204,DM,0,/Volumes/Seagate Portable Drive/KYLE_AI_DATABASE/A_CAMERA/Focal_species/Gulo gulo/HFW12-F7/DM/2016/B&W/Robust marks/02.11-02.04/IMG_3801.JPG,IMG_3801.JPG,HFW12-F7_2016_201602110204_IMG_3801.jpg,0.8790614008903503,613.876953125,272.41778564453125,440.8072509765625,964.4760131835938,2048,1536,440,964
HFW12-F7,2016,201602110204,DM,0,/Volumes/Seagate Portable Drive/KYLE_AI_DATABASE/A_CAMERA/Focal_species/Gulo gulo/HFW12-F7/DM/2016/B&W/Robust marks/02.11-02.04/IMG_3802.JPG,IMG_3802.JPG,HFW12-F7_2016_201602110204_IMG_3802.jpg,0.8619547486305237,617.0728759765625,338.8861083984375,435.489501953125,905.073486328125,2048,1536,435,905
HFW12-F7,2016,201602110204,DM,0,/Volumes/Seagate Portable Drive/KYLE_AI_DATABASE/A_CAMERA/Focal_species/Gulo gulo/HFW12-F7/DM/2016/B&W/Robust marks/02.11-02.04/IMG_3803.JPG,IMG_3803.JPG,HFW12-F7_2016_201602110204_IMG_3803.jpg,0.8957425355911255,614.5675659179688,331.09942626953125,439.06427001953125,907.1603393554688,2048,1536,439,907
HFW12-F7,2016,201602110204,DM,0,/Volumes/Seagate Portable Drive/KYLE_AI_DATABASE/A_CAMERA/Focal_species/Gulo gulo/HFW12-F7/DM/2016/B&W/Robust marks/02.11-02.04/IMG_3804.JPG,IMG_3804.JPG,HFW12-F7_2016_201602110204_IMG_3804.jpg,0.9003348350524902,625.9215698242188,333.9638671875,465.52716064453125,876.6259765625,2048,1536,465,876
HFW12-F7,2016,201602110204,DM,0,/Volumes/Seagate Portable Drive/KYLE_AI_DATABASE/A_CAMERA/Focal_species/Gulo gulo/HFW12-F7/DM/2016/B&W/Robust marks/02.11-02.04/IMG_3805.JPG,IMG_3805.JPG,HFW12-F7_2016_201602110204_IMG_3805.jpg,0.8862783908843994,617.3196411132812,334.5731201171875,441.61175537109375,899.024169921875,2048,1536,441,899
HFW12-F7,2016,201602110204,DM,0,/Volumes/Seagate Portable Drive/KYLE_AI_DATABASE/A_CAMERA/Focal_species/Gulo gulo/HFW12-F7/DM/2016/B&W/Robust marks/02.11-02.04/IMG_3806.JPG,IMG_3806.JPG,HFW12-F7_2016_201602110204_IMG_3806.jpg,0.8518874645233154,623.4752807617188,298.33941650390625,434.26605224609375,912.5945434570312,2048,1536,434,912
HFW12-F7,2016,201602110204,DM,0,/Volumes/Seagate Portable Drive/KYLE_AI_DATABASE/A_CAMERA/Focal_species/Gulo gulo/HFW12-F7/DM/2016/B&W/Robust marks/02.11-02.04/IMG_3808.JPG,IMG_3808.JPG,HFW12-F7_2016_201602110204_IMG_3808.jpg,0.8321014642715454,622.296875,303.85992431640625,441.886474609375,910.9696655273438,2048,1536,441,910
HFW12-F7,2016,201602110204,DM,0,/Volumes/Seagate Portable Drive/KYLE_AI_DATABASE/A_CAMERA/Focal_species/Gulo gulo/HFW12-F7/DM/2016/B&W/Robust marks/02.11-02.04/IMG_3809.JPG,IMG_3809.JPG,HFW12-F7_2016_201602110204_IMG_3809.jpg,0.8019630312919617,628.5155029296875,310.28973388671875,433.8564453125,890.9155883789062,2048,1536,433,890
HFW12-F7,2016,201602110204,DM,0,/Volumes/Seagate Portable Drive/KYLE_AI_DATABASE/A_CAMERA/Focal_species/Gulo gulo/HFW12-F7/DM/2016/B&W/Robust marks/02.11-02.04/IMG_3810.JPG,IMG_3810.JPG,HFW12-F7_2016_201602110204_IMG_3810.jpg,0.8368281722068787,619.0333251953125,291.0530090332031,440.477783203125,942.55224609375,2048,1536,440,942
HFW12-F7,2016,201602110204,DM,0,/Volumes/Seagate Portable Drive/KYLE_AI_DATABASE/A_CAMERA/Focal_species/Gulo gulo/HFW12-F7/DM/2016/B&W/Robust marks/02.11-02.04/IMG_3812.JPG,IMG_3812.JPG,HFW12-F7_2016_201602110204_IMG_3812.jpg,0.8809111714363098,613.91455078125,321.3033447265625,436.521240234375,914.2381591796875,2048,1536,436,914
HFW12-F7,2016,201602110204,DM,0,/Volumes/Seagate Portable Drive/KYLE_AI_DATABASE/A_CAMERA/Focal_species/Gulo gulo/HFW12-F7/DM/2016/B&W/Robust marks/02.11-02.04/IMG_3813.JPG,IMG_3813.JPG,HFW12-F7_2016_201602110204_IMG_3813.jpg,0.8861277103424072,613.734130859375,341.5731201171875,456.416015625,903.8057861328125,2048,1536,456,903
HFW12-F7,2016,201602110204,DM,0,/Volumes/Seagate Portable Drive/KYLE_AI_DATABASE/A_CAMERA/Focal_species/Gulo gulo/HFW12-F7/DM/2016/B&W/Robust marks/02.11-02.04/IMG_3814.JPG,IMG_3814.JPG,HFW12-F7_2016_201602110204_IMG_3814.jpg,0.8431730270385742,614.59228515625,261.7004699707031,438.0633544921875,988.9736328125,2048,1536,438,988
HFW12-F7,2016,201602110204,DM,0,/Volumes/Seagate Portable Drive/KYLE_AI_DATABASE/A_CAMERA/Focal_species/Gulo gulo/HFW12-F7/DM/2016/B&W/Robust marks/02.11-02.04/IMG_3815.JPG,IMG_3815.JPG,HFW12-F7_2016_201602110204_IMG_3815.jpg,0.8537045121192932,618.09814453125,220.89056396484375,451.053955078125,1011.6596069335938,2048,1536,451,1011
HFW12-F7,2016,201602110204,DM,0,/Volumes/Seagate Portable Drive/KYLE_AI_DATABASE/A_CAMERA/Focal_species/Gulo gulo/HFW12-F7/DM/2016/B&W/Robust marks/02.11-02.04/IMG_3816.JPG,IMG_3816.JPG,HFW12-F7_2016_201602110204_IMG_3816.jpg,0.8015914559364319,627.9830322265625,184.4447021484375,446.466064453125,1048.431396484375,2048,1536,446,1048
HFW12-F7,2016,201602110204,DM,0,/Volumes/Seagate Portable Drive/KYLE_AI_DATABASE/A_CAMERA/Focal_species/Gulo gulo/HFW12-F7/DM/2016/B&W/Robust marks/02.11-02.04/IMG_3817.JPG,IMG_3817.JPG,HFW12-F7_2016_201602110204_IMG_3817.jpg,0.8177005052566528,621.5283203125,276.3657531738281,452.5723876953125,962.9453125,2048,1536,452,962
HFW12-F7,2016,201602110204,DM,0,/Volumes/Seagate Portable Drive/KYLE_AI_DATABASE/A_CAMERA/Focal_species/Gulo gulo/HFW12-F7/DM/2016/B&W/Robust marks/02.11-02.04/IMG_3818.JPG,IMG_3818.JPG,HFW12-F7_2016_201602110204_IMG_3818.jpg,0.8295286297798157,623.54833984375,261.69232177734375,449.2235107421875,966.2841186523438,2048,1536,449,966
HFW12-F7,2016,201602110204,DM,0,/Volumes/Seagate Portable Drive/KYLE_AI_DATABASE/A_CAMERA/Focal_species/Gulo gulo/HFW12-F7/DM/2016/B&W/Robust marks/02.11-02.04/IMG_3819.JPG,IMG_3819.JPG,HFW12-F7_2016_201602110204_IMG_3819.jpg,0.8477652072906494,622.7332763671875,298.6634216308594,447.9495849609375,939.8660888671875,2048,1536,447,939
HFW12-F7,2016,201602110204,DM,0,/Volumes/Seagate Portable Drive/KYLE_AI_DATABASE/A_CAMERA/Focal_species/Gulo gulo/HFW12-F7/DM/2016/B&W/Robust marks/02.11-02.04/IMG_3820.JPG,IMG_3820.JPG,HFW12-F7_2016_201602110204_IMG_3820.jpg,0.8668192625045776,617.618896484375,314.11065673828125,448.3648681640625,917.0307006835938,2048,1536,448,917
HFW12-F7,2016,201602110204,DM,0,/Volumes/Seagate Portable Drive/KYLE_AI_DATABASE/A_CAMERA/Focal_species/Gulo gulo/HFW12-F7/DM/2016/B&W/Robust marks/02.11-02.04/IMG_3821.JPG,IMG_3821.JPG,HFW12-F7_2016_201602110204_IMG_3821.jpg,0.8705176711082458,618.3057861328125,308.11175537109375,515.6595458984375,929.5464477539062,2048,1536,515,929
HFW12-F7,2016,201602110204,DM,0,/Volumes/Seagate Portable Drive/KYLE_AI_DATABASE/A_CAMERA/Focal_species/Gulo gulo/HFW12-F7/DM/2016/B&W/Robust marks/02.11-02.04/IMG_3822.JPG,IMG_3822.JPG,HFW12-F7_2016_201602110204_IMG_3822.jpg,0.8687731027603149,655.34326171875,298.9600524902344,622.1129150390625,937.044921875,2048,1536,622,937
HFW12-F7,2016,201602110204,DM,0,/Volumes/Seagate Portable Drive/KYLE_AI_DATABASE/A_CAMERA/Focal_species/Gulo gulo/HFW12-F7/DM/2016/B&W/Robust marks/02.11-02.04/IMG_3823.JPG,IMG_3823.JPG,HFW12-F7_2016_201602110204_IMG_3823.jpg,0.9247975945472717,688.3222045898438,237.02435302734375,630.7188110351562,1056.870361328125,2048,1536,630,1056
HFW12-F7,2016,201602110204,DM,0,/Volumes/Seagate Portable Drive/KYLE_AI_DATABASE/A_CAMERA/Focal_species/Gulo gulo/HFW12-F7/DM/2016/B&W/Robust marks/02.11-02.04/IMG_3824.JPG,IMG_3824.JPG,HFW12-F7_2016_201602110204_IMG_3824.jpg,0.9257839322090149,735.2099609375,288.98980712890625,528.9962158203125,925.1755981445312,2048,1536,528,925
HFW12-F7,2016,201602110204,DM,0,/Volumes/Seagate Portable Drive/KYLE_AI_DATABASE/A_CAMERA/Focal_species/Gulo gulo/HFW12-F7/DM/2016/B&W/Robust marks/02.11-02.04/IMG_3825.JPG,IMG_3825.JPG,HFW12-F7_2016_201602110204_IMG_3825.jpg,0.8127121329307556,855.3001098632812,295.0634765625,398.60296630859375,907.340087890625,2048,1536,398,907
HFW12-F7,2016,201602110204,DM,0,/Volumes/Seagate Portable Drive/KYLE_AI_DATABASE/A_CAMERA/Focal_species/Gulo gulo/HFW12-F7/DM/2016/B&W/Robust marks/02.11-02.04/IMG_3826.JPG,IMG_3826.JPG,HFW12-F7_2016_201602110204_IMG_3826.jpg,0.909601092338562,945.5491943359375,307.29473876953125,374.531982421875,868.7365112304688,2048,1536,374,868
HFW12-F7,2016,201602110204,DM,0,/Volumes/Seagate Portable Drive/KYLE_AI_DATABASE/A_CAMERA/Focal_species/Gulo gulo/HFW12-F7/DM/2016/B&W/Robust marks/02.11-02.04/IMG_3827.JPG,IMG_3827.JPG,HFW12-F7_2016_201602110204_IMG_3827.jpg,0.9221780896186829,945.1384887695312,306.1954345703125,368.91815185546875,897.142578125,2048,1536,368,897
HFW12-F7,2016,201602110204,DM,0,/Volumes/Seagate Portable Drive/KYLE_AI_DATABASE/A_CAMERA/Focal_species/Gulo gulo/HFW12-F7/DM/2016/B&W/Robust marks/02.11-02.04/IMG_3828.JPG,IMG_3828.JPG,HFW12-F7_2016_201602110204_IMG_3828.jpg,0.9347913265228271,907.7022705078125,243.5357208251953,387.7265625,982.4161987304688,2048,1536,387,982
HFW12-F7,2016,201602110204,DM,0,/Volumes/Seagate Portable Drive/KYLE_AI_DATABASE/A_CAMERA/Focal_species/Gulo gulo/HFW12-F7/DM/2016/B&W/Robust marks/02.11-02.04/IMG_3829.JPG,IMG_3829.JPG,HFW12-F7_2016_201602110204_IMG_3829.jpg,0.8849939703941345,915.0703735351562,280.14654541015625,385.28228759765625,976.7482299804688,2048,1536,385,976
HFW12-F7,2016,201602110204,DM,0,/Volumes/Seagate Portable Drive/KYLE_AI_DATABASE/A_CAMERA/Focal_species/Gulo gulo/HFW12-F7/DM/2016/B&W/Robust marks/02.11-02.04/IMG_3830.JPG,IMG_3830.JPG,HFW12-F7_2016_201602110204_IMG_3830.jpg,0.942742645740509,879.0867919921875,312.41046142578125,427.624267578125,938.8740844726562,2048,1536,427,938
HFW12-F7,2016,201602110204,DM,0,/Volumes/Seagate Portable Drive/KYLE_AI_DATABASE/A_CAMERA/Focal_species/Gulo gulo/HFW12-F7/DM/2016/B&W/Robust marks/02.11-02.04/IMG_3831.JPG,IMG_3831.JPG,HFW12-F7_2016_201602110204_IMG_3831.jpg,0.8819986581802368,741.1767578125,254.296142578125,552.287841796875,973.7933349609375,2048,1536,552,973
HFW12-F7,2016,201602110204,DM,0,/Volumes/Seagate Portable Drive/KYLE_AI_DATABASE/A_CAMERA/Focal_species/Gulo gulo/HFW12-F7/DM/2016/B&W/Robust marks/02.11-02.04/IMG_3832.JPG,IMG_3832.JPG,HFW12-F7_2016_201602110204_IMG_3832.jpg,0.933842658996582,852.30908203125,336.38323974609375,395.1201171875,930.3679809570312,2048,1536,395,930
HFW12-F7,2016,201602110204,DM,0,/Volumes/Seagate Portable Drive/KYLE_AI_DATABASE/A_CAMERA/Focal_species/Gulo gulo/HFW12-F7/DM/2016/B&W/Robust marks/02.11-02.04/IMG_3833.JPG,IMG_3833.JPG,HFW12-F7_2016_201602110204_IMG_3833.jpg,0.9494725465774536,767.5226440429688,321.62078857421875,535.7800903320312,949.8372192382812,2048,1536,535,949
HFW12-F7,2016,201602110204,DM,0,/Volumes/Seagate Portable Drive/KYLE_AI_DATABASE/A_CAMERA/Focal_species/Gulo gulo/HFW12-F7/DM/2016/B&W/Robust marks/02.11-02.04/IMG_3835.JPG,IMG_3835.JPG,HFW12-F7_2016_201602110204_IMG_3835.jpg,0.841144859790802,613.5147705078125,324.1185302734375,468.1136474609375,988.4473876953125,2048,1536,468,988
HFW12-F7,2016,201602110204,DM,0,/Volumes/Seagate Portable Drive/KYLE_AI_DATABASE/A_CAMERA/Focal_species/Gulo gulo/HFW12-F7/DM/2016/B&W/Robust marks/02.11-02.04/IMG_3836.JPG,IMG_3836.JPG,HFW12-F7_2016_201602110204_IMG_3836.jpg,0.8890039920806885,610.6058349609375,262.0626525878906,473.4251708984375,1075.47216796875,2048,1536,473,1075
HFW12-F7,2016,201602110204,DM,0,/Volumes/Seagate Portable Drive/KYLE_AI_DATABASE/A_CAMERA/Focal_species/Gulo gulo/HFW12-F7/DM/2016/B&W/Robust marks/02.11-02.04/IMG_3838.JPG,IMG_3838.JPG,HFW12-F7_2016_201602110204_IMG_3838.jpg,0.8431563377380371,609.8894653320312,323.5244140625,467.17376708984375,1085.583984375,2048,1536,467,1085
HFW12-F7,2016,201602110204,DM,0,/Volumes/Seagate Portable Drive/KYLE_AI_DATABASE/A_CAMERA/Focal_species/Gulo gulo/HFW12-F7/DM/2016/B&W/Robust marks/02.11-02.04/IMG_3839.JPG,IMG_3839.JPG,HFW12-F7_2016_201602110204_IMG_3839.jpg,0.8207278251647949,599.0150146484375,304.569580078125,474.3272705078125,1059.660400390625,2048,1536,474,1059
HFW12-F7,2016,201602110204,DM,0,/Volumes/Seagate Portable Drive/KYLE_AI_DATABASE/A_CAMERA/Focal_species/Gulo gulo/HFW12-F7/DM/2016/B&W/Robust marks/02.11-02.04/IMG_3840.JPG,IMG_3840.JPG,HFW12-F7_2016_201602110204_IMG_3840.jpg,0.8823292851448059,614.0335693359375,261.44189453125,462.96240234375,1045.6533203125,2048,1536,462,1045
HFW12-F7,2016,201602110204,DM,0,/Volumes/Seagate Portable Drive/KYLE_AI_DATABASE/A_CAMERA/Focal_species/Gulo gulo/HFW12-F7/DM/2016/B&W/Robust marks/02.11-02.04/IMG_3841.JPG,IMG_3841.JPG,HFW12-F7_2016_201602110204_IMG_3841.jpg,0.8567410707473755,613.4075927734375,284.625732421875,462.117919921875,957.199951171875,2048,1536,462,957
HFW12-F7,2016,201602110204,DM,0,/Volumes/Seagate Portable Drive/KYLE_AI_DATABASE/A_CAMERA/Focal_species/Gulo gulo/HFW12-F7/DM/2016/B&W/Robust marks/02.11-02.04/IMG_3842.JPG,IMG_3842.JPG,HFW12-F7_2016_201602110204_IMG_3842.jpg,0.8962892889976501,612.5267944335938,325.534423828125,456.82037353515625,914.604736328125,2048,1536,456,914
HFW12-F7,2016,201602110204,DM,0,/Volumes/Seagate Portable Drive/KYLE_AI_DATABASE/A_CAMERA/Focal_species/Gulo gulo/HFW12-F7/DM/2016/B&W/Robust marks/02.11-02.04/IMG_3843.JPG,IMG_3843.JPG,HFW12-F7_2016_201602110204_IMG_3843.jpg,0.88800448179245,610.2014770507812,298.28656005859375,461.26837158203125,947.0833129882812,2048,1536,461,947
HFW12-F7,2016,201602110204,DM,0,/Volumes/Seagate Portable Drive/KYLE_AI_DATABASE/A_CAMERA/Focal_species/Gulo gulo/HFW12-F7/DM/2016/B&W/Robust marks/02.11-02.04/IMG_3844.JPG,IMG_3844.JPG,HFW12-F7_2016_201602110204_IMG_3844.jpg,0.8952012062072754,612.1583251953125,110.91307067871094,462.3148193359375,1126.939208984375,2048,1536,462,1126
HFW12-F7,2016,201602110204,DM,0,/Volumes/Seagate Portable Drive/KYLE_AI_DATABASE/A_CAMERA/Focal_species/Gulo gulo/HFW12-F7/DM/2016/B&W/Robust marks/02.11-02.04/IMG_3846.JPG,IMG_3846.JPG,HFW12-F7_2016_201602110204_IMG_3846.jpg,0.9006075263023376,613.66552734375,139.09217834472656,465.5311279296875,1102.17724609375,2048,1536,465,1102
HFW12-F7,2016,201602110204,DM,0,/Volumes/Seagate Portable Drive/KYLE_AI_DATABASE/A_CAMERA/Focal_species/Gulo gulo/HFW12-F7/DM/2016/B&W/Robust marks/02.11-02.04/IMG_3847.JPG,IMG_3847.JPG,HFW12-F7_2016_201602110204_IMG_3847.jpg,0.8887190818786621,633.0479736328125,294.187255859375,521.1090087890625,973.9503173828125,2048,1536,521,973
HFW12-F7,2016,201602110204,DM,0,/Volumes/Seagate Portable Drive/KYLE_AI_DATABASE/A_CAMERA/Focal_species/Gulo gulo/HFW12-F7/DM/2016/B&W/Robust marks/02.11-02.04/IMG_3848.JPG,IMG_3848.JPG,HFW12-F7_2016_201602110204_IMG_3848.jpg,0.8518883585929871,616.8405151367188,266.4097595214844,509.65106201171875,1040.5206298828125,2048,1536,509,1040
HFW12-F7,2016,201602110204,DM,0,/Volumes/Seagate Portable Drive/KYLE_AI_DATABASE/A_CAMERA/Focal_species/Gulo gulo/HFW12-F7/DM/2016/B&W/Robust marks/02.11-02.04/IMG_3849.JPG,IMG_3849.JPG,HFW12-F7_2016_201602110204_IMG_3849.jpg,0.8854573965072632,614.7142333984375,262.28363037109375,506.7587890625,1037.96630859375,2048,1536,506,1037
HFW12-F7,2016,201602110204,DM,0,/Volumes/Seagate Portable Drive/KYLE_AI_DATABASE/A_CAMERA/Focal_species/Gulo gulo/HFW12-F7/DM/2016/B&W/Robust marks/02.11-02.04/IMG_3850.JPG,IMG_3850.JPG,HFW12-F7_2016_201602110204_IMG_3850.jpg,0.8785545229911804,616.9396362304688,318.092529296875,496.29681396484375,984.7669677734375,2048,1536,496,984
HFW12-F7,2016,201602110204,DM,0,/Volumes/Seagate Portable Drive/KYLE_AI_DATABASE/A_CAMERA/Focal_species/Gulo gulo/HFW12-F7/DM/2016/B&W/Robust marks/02.11-02.04/IMG_3851.JPG,IMG_3851.JPG,HFW12-F7_2016_201602110204_IMG_3851.jpg,0.8842374682426453,617.9868774414062,276.54437255859375,498.51812744140625,1025.32958984375,2048,1536,498,1025
HFW12-F7,2016,201602110204,DM,0,/Volumes/Seagate Portable Drive/KYLE_AI_DATABASE/A_CAMERA/Focal_species/Gulo gulo/HFW12-F7/DM/2016/B&W/Robust marks/02.11-02.04/IMG_3852.JPG,IMG_3852.JPG,HFW12-F7_2016_201602110204_IMG_3852.jpg,0.8629915118217468,613.2650756835938,292.1031188964844,482.80023193359375,1001.49462890625,2048,1536,482,1001
HFW12-F7,2016,201602110204,DM,0,/Volumes/Seagate Portable Drive/KYLE_AI_DATABASE/A_CAMERA/Focal_species/Gulo gulo/HFW12-F7/DM/2016/B&W/Robust marks/02.11-02.04/IMG_3853.JPG,IMG_3853.JPG,HFW12-F7_2016_201602110204_IMG_3853.jpg,0.8858692049980164,609.255126953125,311.1990966796875,476.6798095703125,939.866455078125,2048,1536,476,939
HFW12-F7,2016,201602110204,DM,0,/Volumes/Seagate Portable Drive/KYLE_AI_DATABASE/A_CAMERA/Focal_species/Gulo gulo/HFW12-F7/DM/2016/B&W/Robust marks/02.11-02.04/IMG_3854.JPG,IMG_3854.JPG,HFW12-F7_2016_201602110204_IMG_3854.jpg,0.8782400488853455,584.6798095703125,272.65185546875,504.6722412109375,966.95361328125,2048,1536,504,966
HFW12-F7,2016,201602110204,DM,0,/Volumes/Seagate Portable Drive/KYLE_AI_DATABASE/A_CAMERA/Focal_species/Gulo gulo/HFW12-F7/DM/2016/B&W/Robust marks/02.11-02.04/IMG_3855.JPG,IMG_3855.JPG,HFW12-F7_2016_201602110204_IMG_3855.jpg,0.9086893796920776,610.1256103515625,316.59039306640625,477.413330078125,923.0414428710938,2048,1536,477,923
HFW12-F7,2016,201602110204,DM,0,/Volumes/Seagate Portable Drive/KYLE_AI_DATABASE/A_CAMERA/Focal_species/Gulo gulo/HFW12-F7/DM/2016/B&W/Robust marks/02.11-02.04/IMG_3856.JPG,IMG_3856.JPG,HFW12-F7_2016_201602110204_IMG_3856.jpg,0.911236584186554,611.8361206054688,311.672607421875,473.60797119140625,925.89697265625,2048,1536,473,925
HFW12-F7,2016,201602110204,DM,0,/Volumes/Seagate Portable Drive/KYLE_AI_DATABASE/A_CAMERA/Focal_species/Gulo gulo/HFW12-F7/DM/2016/B&W/Robust marks/02.11-02.04/IMG_3857.JPG,IMG_3857.JPG,HFW12-F7_2016_201602110204_IMG_3857.jpg,0.9116496443748474,615.56103515625,302.22021484375,505.1123046875,947.0626220703125,2048,1536,505,947
HFW12-F7,2016,201602110204,DM,0,/Volumes/Seagate Portable Drive/KYLE_AI_DATABASE/A_CAMERA/Focal_species/Gulo gulo/HFW12-F7/DM/2016/B&W/Robust marks/02.11-02.04/IMG_3858.JPG,IMG_3858.JPG,HFW12-F7_2016_201602110204_IMG_3858.jpg,0.90248703956604,613.5760498046875,301.9112548828125,510.3082275390625,944.2069091796875,2048,1536,510,944
HFW12-F7,2016,201602110204,DM,0,/Volumes/Seagate Portable Drive/KYLE_AI_DATABASE/A_CAMERA/Focal_species/Gulo gulo/HFW12-F7/DM/2016/B&W/Robust marks/02.11-02.04/IMG_3859.JPG,IMG_3859.JPG,HFW12-F7_2016_201602110204_IMG_3859.jpg,0.8868847489356995,614.4966430664062,307.71124267578125,499.38909912109375,951.8134155273438,2048,1536,499,951
HFW12-F7,2016,201602110204,DM,0,/Volumes/Seagate Portable Drive/KYLE_AI_DATABASE/A_CAMERA/Focal_species/Gulo gulo/HFW12-F7/DM/2016/B&W/Robust marks/02.11-02.04/IMG_3860.JPG,IMG_3860.JPG,HFW12-F7_2016_201602110204_IMG_3860.jpg,0.89225172996521,613.8946533203125,300.2935791015625,479.0316162109375,966.3760986328125,2048,1536,479,966
HFW12-F7,2016,201602110204,DM,0,/Volumes/Seagate Portable Drive/KYLE_AI_DATABASE/A_CAMERA/Focal_species/Gulo gulo/HFW12-F7/DM/2016/B&W/Robust marks/02.11-02.04/IMG_3861.JPG,IMG_3861.JPG,HFW12-F7_2016_201602110204_IMG_3861.jpg,0.9022138118743896,620.71728515625,304.28973388671875,597.8963623046875,1005.6028442382812,2048,1536,597,1005
HFW12-F7,2016,201602110204,DM,0,/Volumes/Seagate Portable Drive/KYLE_AI_DATABASE/A_CAMERA/Focal_species/Gulo gulo/HFW12-F7/DM/2016/B&W/Robust marks/02.11-02.04/IMG_3862.JPG,IMG_3862.JPG,HFW12-F7_2016_201602110204_IMG_3862.jpg,0.8678591847419739,610.5263671875,312.70440673828125,629.7623291015625,988.2793579101562,2048,1536,629,988
HFW12-F7,2016,201602110204,DM,0,/Volumes/Seagate Portable Drive/KYLE_AI_DATABASE/A_CAMERA/Focal_species/Gulo gulo/HFW12-F7/DM/2016/B&W/Robust marks/02.11-02.04/IMG_3863.JPG,IMG_3863.JPG,HFW12-F7_2016_201602110204_IMG_3863.jpg,0.9163382053375244,774.3842163085938,304.34033203125,567.5317993164062,865.107177734375,2048,1536,567,865
HFW12-F7,2016,201602110204,DM,0,/Volumes/Seagate Portable Drive/KYLE_AI_DATABASE/A_CAMERA/Focal_species/Gulo gulo/HFW12-F7/DM/2016/B&W/Robust marks/02.11-02.04/IMG_3864.JPG,IMG_3864.JPG,HFW12-F7_2016_201602110204_IMG_3864.jpg,0.8861774206161499,602.6090087890625,312.22149658203125,628.4085693359375,1029.27685546875,2048,1536,628,1029
HFW12-F7,2016,201602110204,DM,0,/Volumes/Seagate Portable Drive/KYLE_AI_DATABASE/A_CAMERA/Focal_species/Gulo gulo/HFW12-F7/DM/2016/B&W/Robust marks/02.11-02.04/IMG_3865.JPG,IMG_3865.JPG,HFW12-F7_2016_201602110204_IMG_3865.jpg,0.8069561719894409,617.3924560546875,310.1893310546875,539.8653564453125,975.525634765625,2048,1536,539,975
HFW12-F7,2016,201602110204,DM,0,/Volumes/Seagate Portable Drive/KYLE_AI_DATABASE/A_CAMERA/Focal_species/Gulo gulo/HFW12-F7/DM/2016/B&W/Robust marks/02.11-02.04/IMG_3866.JPG,IMG_3866.JPG,HFW12-F7_2016_201602110204_IMG_3866.jpg,0.896662175655365,614.936767578125,328.4089050292969,522.8309326171875,974.9384765625,2048,1536,522,974
HFW12-F7,2016,201602110204,DM,0,/Volumes/Seagate Portable Drive/KYLE_AI_DATABASE/A_CAMERA/Focal_species/Gulo gulo/HFW12-F7/DM/2016/B&W/Robust marks/02.11-02.04/IMG_3867.JPG,IMG_3867.JPG,HFW12-F7_2016_201602110204_IMG_3867.jpg,0.8576398491859436,614.889404296875,280.8686828613281,533.2640380859375,1005.5350341796875,2048,1536,533,1005
HFW12-F7,2016,201602110204,DM,0,/Volumes/Seagate Portable Drive/KYLE_AI_DATABASE/A_CAMERA/Focal_species/Gulo gulo/HFW12-F7/DM/2016/B&W/Robust marks/02.11-02.04/IMG_3869.JPG,IMG_3869.JPG,HFW12-F7_2016_201602110204_IMG_3869.jpg,0.890296459197998,656.7039794921875,295.51055908203125,612.0091552734375,988.5043334960938,2048,1536,612,988
HFW12-F7,2016,201602110204,DM,0,/Volumes/Seagate Portable Drive/KYLE_AI_DATABASE/A_CAMERA/Focal_species/Gulo gulo/HFW12-F7/DM/2016/B&W/Robust marks/02.11-02.04/IMG_3870.JPG,IMG_3870.JPG,HFW12-F7_2016_201602110204_IMG_3870.jpg,0.8323215246200562,637.0206298828125,286.25567626953125,610.9462890625,843.6168823242188,2048,1536,610,843
HFW12-F7,2016,201602110204,DM,0,/Volumes/Seagate Portable Drive/KYLE_AI_DATABASE/A_CAMERA/Focal_species/Gulo gulo/HFW12-F7/DM/2016/B&W/Robust marks/02.11-02.04/IMG_3871.JPG,IMG_3871.JPG,HFW12-F7_2016_201602110204_IMG_3871.jpg,0.9081676006317139,614.5792846679688,337.2655334472656,510.46026611328125,962.6175537109375,2048,1536,510,962
HFW12-F7,2016,201602110204,DM,0,/Volumes/Seagate Portable Drive/KYLE_AI_DATABASE/A_CAMERA/Focal_species/Gulo gulo/HFW12-F7/DM/2016/B&W/Robust marks/02.11-02.04/IMG_3872.JPG,IMG_3872.JPG,HFW12-F7_2016_201602110204_IMG_3872.jpg,0.9214038252830505,616.7028198242188,340.850341796875,504.54364013671875,955.7275390625,2048,1536,504,955
HFW12-F7,2016,201602110204,DM,0,/Volumes/Seagate Portable Drive/KYLE_AI_DATABASE/A_CAMERA/Focal_species/Gulo gulo/HFW12-F7/DM/2016/B&W/Robust marks/02.11-02.04/IMG_3874.JPG,IMG_3874.JPG,HFW12-F7_2016_201602110204_IMG_3874.jpg,0.9378637671470642,615.8619384765625,284.5251159667969,612.4267578125,944.516357421875,2048,1536,612,944
HFW12-F7,2016,201602110204,DM,0,/Volumes/Seagate Portable Drive/KYLE_AI_DATABASE/A_CAMERA/Focal_species/Gulo gulo/HFW12-F7/DM/2016/B&W/Robust marks/02.11-02.04/IMG_3875.JPG,IMG_3875.JPG,HFW12-F7_2016_201602110204_IMG_3875.jpg,0.8799105882644653,610.098388671875,267.287109375,604.104248046875,1031.11279296875,2048,1536,604,1031
HFW12-F7,2016,201602110204,DM,0,/Volumes/Seagate Portable Drive/KYLE_AI_DATABASE/A_CAMERA/Focal_species/Gulo gulo/HFW12-F7/DM/2016/B&W/Robust marks/02.11-02.04/IMG_3876.JPG,IMG_3876.JPG,HFW12-F7_2016_201602110204_IMG_3876.jpg,0.9273641705513,584.2122802734375,392.2471923828125,682.07080078125,858.6568603515625,2048,1536,682,858
HFW12-F7,2016,201602110204,DM,0,/Volumes/Seagate Portable Drive/KYLE_AI_DATABASE/A_CAMERA/Focal_species/Gulo gulo/HFW12-F7/DM/2016/B&W/Robust marks/02.11-02.04/IMG_3877.JPG,IMG_3877.JPG,HFW12-F7_2016_201602110204_IMG_3877.jpg,0.804391086101532,587.386962890625,287.6097412109375,620.022705078125,1082.4300537109375,2048,1536,620,1082
HFW12-F7,2016,201602110204,DM,0,/Volumes/Seagate Portable Drive/KYLE_AI_DATABASE/A_CAMERA/Focal_species/Gulo gulo/HFW12-F7/DM/2016/B&W/Robust marks/02.11-02.04/IMG_3878.JPG,IMG_3878.JPG,HFW12-F7_2016_201602110204_IMG_3878.jpg,0.8890604376792908,599.8404541015625,286.61138916015625,619.42236328125,931.7277221679688,2048,1536,619,931
HFW12-F7,2016,201602110204,DM,0,/Volumes/Seagate Portable Drive/KYLE_AI_DATABASE/A_CAMERA/Focal_species/Gulo gulo/HFW12-F7/DM/2016/B&W/Robust marks/02.11-02.04/IMG_3879.JPG,IMG_3879.JPG,HFW12-F7_2016_201602110204_IMG_3879.jpg,0.8087841272354126,614.1415405273438,445.54949951171875,604.3394165039062,832.7942504882812,2048,1536,604,832
HFW12-F7,2016,201602110204,DM,0,/Volumes/Seagate Portable Drive/KYLE_AI_DATABASE/A_CAMERA/Focal_species/Gulo gulo/HFW12-F7/DM/2016/B&W/Robust marks/02.11-02.04/IMG_3880.JPG,IMG_3880.JPG,HFW12-F7_2016_201602110204_IMG_3880.jpg,0.896390438079834,614.2688598632812,325.0502014160156,617.0578002929688,962.615478515625,2048,1536,617,962
HFW12-F7,2016,201602110204,DM,0,/Volumes/Seagate Portable Drive/KYLE_AI_DATABASE/A_CAMERA/Focal_species/Gulo gulo/HFW12-F7/DM/2016/B&W/Robust marks/02.11-02.04/IMG_3881.JPG,IMG_3881.JPG,HFW12-F7_2016_201602110204_IMG_3881.jpg,0.8961592316627502,613.254638671875,308.17572021484375,626.91796875,955.9060668945312,2048,1536,626,955
HFW12-F7,2016,201602110204,DM,0,/Volumes/Seagate Portable Drive/KYLE_AI_DATABASE/A_CAMERA/Focal_species/Gulo gulo/HFW12-F7/DM/2016/B&W/Robust marks/02.11-02.04/IMG_3882.JPG,IMG_3882.JPG,HFW12-F7_2016_201602110204_IMG_3882.jpg,0.939212441444397,612.1680297851562,227.81922912597656,687.2272338867188,1070.8709716796875,2048,1536,687,1070
HFW12-F7,2016,201602110204,DM,0,/Volumes/Seagate Portable Drive/KYLE_AI_DATABASE/A_CAMERA/Focal_species/Gulo gulo/HFW12-F7/DM/2016/B&W/Robust marks/02.11-02.04/IMG_3883.JPG,IMG_3883.JPG,HFW12-F7_2016_201602110204_IMG_3883.jpg,0.9214519262313843,1047.2574462890625,302.55975341796875,403.381103515625,878.2533569335938,2048,1536,403,878
HFW12-F7,2016,201602110204,DM,0,/Volumes/Seagate Portable Drive/KYLE_AI_DATABASE/A_CAMERA/Focal_species/Gulo gulo/HFW12-F7/DM/2016/B&W/Robust marks/02.11-02.04/IMG_3884.JPG,IMG_3884.JPG,HFW12-F7_2016_201602110204_IMG_3884.jpg,0.8361123204231262,874.3338623046875,276.6623840332031,521.231201171875,932.365966796875,2048,1536,521,932
HFW12-F7,2016,201602110204,DM,0,/Volumes/Seagate Portable Drive/KYLE_AI_DATABASE/A_CAMERA/Focal_species/Gulo gulo/HFW12-F7/DM/2016/B&W/Robust marks/02.11-02.04/IMG_3885.JPG,IMG_3885.JPG,HFW12-F7_2016_201602110204_IMG_3885.jpg,0.9163540005683899,981.2230224609375,262.83197021484375,404.624267578125,979.6835327148438,2048,1536,404,979
HFW12-F7,2016,201602110204,DM,0,/Volumes/Seagate Portable Drive/KYLE_AI_DATABASE/A_CAMERA/Focal_species/Gulo gulo/HFW12-F7/DM/2016/B&W/Robust marks/02.11-02.04/IMG_3886.JPG,IMG_3886.JPG,HFW12-F7_2016_201602110204_IMG_3886.jpg,0.8942933678627014,975.3131713867188,242.7322998046875,440.69708251953125,1028.9849853515625,2048,1536,440,1028
HFW12-F7,2016,201602110204,DM,0,/Volumes/Seagate Portable Drive/KYLE_AI_DATABASE/A_CAMERA/Focal_species/Gulo gulo/HFW12-F7/DM/2016/B&W/Robust marks/02.11-02.04/IMG_3888.JPG,IMG_3888.JPG,HFW12-F7_2016_201602110204_IMG_3888.jpg,0.9454243183135986,1000.4332885742188,288.260498046875,403.45306396484375,1069.69091796875,2048,1536,403,1069
HFW12-F7,2016,201602110204,DM,0,/Volumes/Seagate Portable Drive/KYLE_AI_DATABASE/A_CAMERA/Focal_species/Gulo gulo/HFW12-F7/DM/2016/B&W/Robust marks/02.11-02.04/IMG_3889.JPG,IMG_3889.JPG,HFW12-F7_2016_201602110204_IMG_3889.jpg,0.9318238496780396,1058.3284912109375,286.6515197753906,352.51171875,1051.298095703125,2048,1536,352,1051
HFW12-F7,2016,201602110204,DM,0,/Volumes/Seagate Portable Drive/KYLE_AI_DATABASE/A_CAMERA/Focal_species/Gulo gulo/HFW12-F7/DM/2016/B&W/Robust marks/02.11-02.04/IMG_3890.JPG,IMG_3890.JPG,HFW12-F7_2016_201602110204_IMG_3890.jpg,0.9363731145858765,1060.50390625,287.77294921875,350.94677734375,1054.584716796875,2048,1536,350,1054
HFW12-F7,2016,201602110204,DM,0,/Volumes/Seagate Portable Drive/KYLE_AI_DATABASE/A_CAMERA/Focal_species/Gulo gulo/HFW12-F7/DM/2016/B&W/Robust marks/02.11-02.04/IMG_3891.JPG,IMG_3891.JPG,HFW12-F7_2016_201602110204_IMG_3891.jpg,0.9155241250991821,924.6109008789062,292.162841796875,376.40875244140625,1029.76123046875,2048,1536,376,1029
HFW12-F7,2016,201602110204,DM,0,/Volumes/Seagate Portable Drive/KYLE_AI_DATABASE/A_CAMERA/Focal_species/Gulo gulo/HFW12-F7/DM/2016/B&W/Robust marks/02.11-02.04/IMG_3892.JPG,IMG_3892.JPG,HFW12-F7_2016_201602110204_IMG_3892.jpg,0.9391843676567078,947.193115234375,296.4598388671875,403.017333984375,961.169677734375,2048,1536,403,961
HFW12-F7,2016,201602110204,DM,0,/Volumes/Seagate Portable Drive/KYLE_AI_DATABASE/A_CAMERA/Focal_species/Gulo gulo/HFW12-F7/DM/2016/B&W/Robust marks/02.11-02.04/IMG_3893.JPG,IMG_3893.JPG,HFW12-F7_2016_201602110204_IMG_3893.jpg,0.9252395033836365,918.4099731445312,298.1278381347656,371.19158935546875,950.172607421875,2048,1536,371,950
HFW12-F7,2016,201602110204,DM,0,/Volumes/Seagate Portable Drive/KYLE_AI_DATABASE/A_CAMERA/Focal_species/Gulo gulo/HFW12-F7/DM/2016/B&W/Robust marks/02.11-02.04/IMG_3894.JPG,IMG_3894.JPG,HFW12-F7_2016_201602110204_IMG_3894.jpg,0.9151387214660645,890.2473754882812,290.802978515625,402.60394287109375,953.8251953125,2048,1536,402,953
HFW12-F7,2016,201602110204,DM,0,/Volumes/Seagate Portable Drive/KYLE_AI_DATABASE/A_CAMERA/Focal_species/Gulo gulo/HFW12-F7/DM/2016/B&W/Robust marks/02.11-02.04/IMG_3895.JPG,IMG_3895.JPG,HFW12-F7_2016_201602110204_IMG_3895.jpg,0.9200668334960938,833.0018920898438,324.66436767578125,467.91741943359375,884.1737670898438,2048,1536,467,884
HFW12-F7,2016,201602110204,DM,0,/Volumes/Seagate Portable Drive/KYLE_AI_DATABASE/A_CAMERA/Focal_species/Gulo gulo/HFW12-F7/DM/2016/B&W/Robust marks/02.11-02.04/IMG_3896.JPG,IMG_3896.JPG,HFW12-F7_2016_201602110204_IMG_3896.jpg,0.9439627528190613,812.8518676757812,321.57952880859375,475.81610107421875,850.6709594726562,2048,1536,475,850
HFW12-F7,2016,201602110204,DM,0,/Volumes/Seagate Portable Drive/KYLE_AI_DATABASE/A_CAMERA/Focal_species/Gulo gulo/HFW12-F7/DM/2016/B&W/Robust marks/02.11-02.04/IMG_3897.JPG,IMG_3897.JPG,HFW12-F7_2016_201602110204_IMG_3897.jpg,0.945437490940094,835.6195068359375,315.9073486328125,465.0234375,873.1844482421875,2048,1536,465,873
HFW12-F7,2016,201602110204,DM,0,/Volumes/Seagate Portable Drive/KYLE_AI_DATABASE/A_CAMERA/Focal_species/Gulo gulo/HFW12-F7/DM/2016/B&W/Robust marks/02.11-02.04/IMG_3898.JPG,IMG_3898.JPG,HFW12-F7_2016_201602110204_IMG_3898.jpg,0.9299959540367126,864.4002685546875,332.15234375,460.277587890625,861.5660400390625,2048,1536,460,861
HFW12-F7,2016,201602110204,DM,0,/Volumes/Seagate Portable Drive/KYLE_AI_DATABASE/A_CAMERA/Focal_species/Gulo gulo/HFW12-F7/DM/2016/B&W/Robust marks/02.11-02.04/IMG_3899.JPG,IMG_3899.JPG,HFW12-F7_2016_201602110204_IMG_3899.jpg,0.8817831873893738,914.5289916992188,333.19189453125,410.48248291015625,909.72314453125,2048,1536,410,909
HFW12-F7,2016,201602110204,DM,0,/Volumes/Seagate Portable Drive/KYLE_AI_DATABASE/A_CAMERA/Focal_species/Gulo gulo/HFW12-F7/DM/2016/B&W/Robust marks/02.11-02.04/IMG_3900.JPG,IMG_3900.JPG,HFW12-F7_2016_201602110204_IMG_3900.jpg,0.9476162791252136,949.9805297851562,31.210281372070312,353.24005126953125,1163.5084228515625,2048,1536,353,1163
HFW12-F7,2016,201602110204,DM,0,/Volumes/Seagate Portable Drive/KYLE_AI_DATABASE/A_CAMERA/Focal_species/Gulo gulo/HFW12-F7/DM/2016/B&W/Robust marks/02.11-02.04/IMG_3901.JPG,IMG_3901.JPG,HFW12-F7_2016_201602110204_IMG_3901.jpg,0.838636040687561,945.0067138671875,266.47479248046875,347.53466796875,959.3533325195312,2048,1536,347,959
HFW12-F7,2016,201602110204,DM,0,/Volumes/Seagate Portable Drive/KYLE_AI_DATABASE/A_CAMERA/Focal_species/Gulo gulo/HFW12-F7/DM/2016/B&W/Robust marks/02.11-02.04/IMG_3902.JPG,IMG_3902.JPG,HFW12-F7_2016_201602110204_IMG_3902.jpg,0.9107540845870972,931.0321655273438,255.47103881835938,454.25457763671875,914.0819091796875,2048,1536,454,914
HFW12-F7,2016,201602110204,DM,0,/Volumes/Seagate Portable Drive/KYLE_AI_DATABASE/A_CAMERA/Focal_species/Gulo gulo/HFW12-F7/DM/2016/B&W/Robust marks/02.11-02.04/IMG_3903.JPG,IMG_3903.JPG,HFW12-F7_2016_201602110204_IMG_3903.jpg,0.8910837173461914,878.869384765625,279.4505615234375,384.480224609375,961.122314453125,2048,1536,384,961
HFW12-F7,2016,201602110204,DM,0,/Volumes/Seagate Portable Drive/KYLE_AI_DATABASE/A_CAMERA/Focal_species/Gulo gulo/HFW12-F7/DM/2016/B&W/Robust marks/02.11-02.04/IMG_3904.JPG,IMG_3904.JPG,HFW12-F7_2016_201602110204_IMG_3904.jpg,0.9213324189186096,897.4630126953125,314.2425537109375,369.78564453125,937.8809814453125,2048,1536,369,937
HFW12-F7,2016,201602110204,DM,0,/Volumes/Seagate Portable Drive/KYLE_AI_DATABASE/A_CAMERA/Focal_species/Gulo gulo/HFW12-F7/DM/2016/B&W/Robust marks/02.11-02.04/IMG_3905.JPG,IMG_3905.JPG,HFW12-F7_2016_201602110204_IMG_3905.jpg,0.8744573593139648,887.304443359375,237.87945556640625,373.528076171875,1044.630859375,2048,1536,373,1044
HFW12-F7,2016,201602110204,DM,0,/Volumes/Seagate Portable Drive/KYLE_AI_DATABASE/A_CAMERA/Focal_species/Gulo gulo/HFW12-F7/DM/2016/B&W/Robust marks/02.11-02.04/IMG_3906.JPG,IMG_3906.JPG,HFW12-F7_2016_201602110204_IMG_3906.jpg,0.9315231442451477,884.0433959960938,306.86578369140625,384.73541259765625,939.7428588867188,2048,1536,384,939
HFW12-F7,2016,201602110204,DM,0,/Volumes/Seagate Portable Drive/KYLE_AI_DATABASE/A_CAMERA/Focal_species/Gulo gulo/HFW12-F7/DM/2016/B&W/Robust marks/02.11-02.04/IMG_3907.JPG,IMG_3907.JPG,HFW12-F7_2016_201602110204_IMG_3907.jpg,0.9440769553184509,838.0262451171875,340.7716064453125,433.2158203125,884.125244140625,2048,1536,433,884
HFW12-F7,2016,201602110204,DM,0,/Volumes/Seagate Portable Drive/KYLE_AI_DATABASE/A_CAMERA/Focal_species/Gulo gulo/HFW12-F7/DM/2016/B&W/Robust marks/02.11-02.04/IMG_3908.JPG,IMG_3908.JPG,HFW12-F7_2016_201602110204_IMG_3908.jpg,0.9456261396408081,835.6054077148438,343.775146484375,454.50518798828125,860.7490234375,2048,1536,454,860
HFW12-F7,2016,201602110204,DM,0,/Volumes/Seagate Portable Drive/KYLE_AI_DATABASE/A_CAMERA/Focal_species/Gulo gulo/HFW12-F7/DM/2016/B&W/Robust marks/02.11-02.04/IMG_3909.JPG,IMG_3909.JPG,HFW12-F7_2016_201602110204_IMG_3909.jpg,0.9542450308799744,823.3049926757812,339.14056396484375,473.22723388671875,854.1061401367188,2048,1536,473,854
HFW12-F7,2016,201602110204,DM,0,/Volumes/Seagate Portable Drive/KYLE_AI_DATABASE/A_CAMERA/Focal_species/Gulo gulo/HFW12-F7/DM/2016/B&W/Robust marks/02.11-02.04/IMG_3910.JPG,IMG_3910.JPG,HFW12-F7_2016_201602110204_IMG_3910.jpg,0.9428724646568298,842.9315185546875,339.5970458984375,426.042236328125,860.3990478515625,2048,1536,426,860
HFW12-F7,2016,201602110204,DM,0,/Volumes/Seagate Portable Drive/KYLE_AI_DATABASE/A_CAMERA/Focal_species/Gulo gulo/HFW12-F7/DM/2016/B&W/Robust marks/02.11-02.04/IMG_3911.JPG,IMG_3911.JPG,HFW12-F7_2016_201602110204_IMG_3911.jpg,0.937818706035614,863.502685546875,242.5316162109375,426.25,994.28271484375,2048,1536,426,994
HFW12-F7,2016,201602110204,DM,0,/Volumes/Seagate Portable Drive/KYLE_AI_DATABASE/A_CAMERA/Focal_species/Gulo gulo/HFW12-F7/DM/2016/B&W/Robust marks/02.11-02.04/IMG_3912.JPG,IMG_3912.JPG,HFW12-F7_2016_201602110204_IMG_3912.jpg,0.9294902086257935,861.6080322265625,258.06903076171875,419.191650390625,970.6174926757812,2048,1536,419,970
HFW12-F7,2016,201602110204,DM,0,/Volumes/Seagate Portable Drive/KYLE_AI_DATABASE/A_CAMERA/Focal_species/Gulo gulo/HFW12-F7/DM/2016/B&W/Robust marks/02.11-02.04/IMG_3913.JPG,IMG_3913.JPG,HFW12-F7_2016_201602110204_IMG_3913.jpg,0.932409942150116,862.3475952148438,255.9781951904297,418.90863037109375,977.6880493164062,2048,1536,418,977
HFW12-F7,2016,201602110204,DM,0,/Volumes/Seagate Portable Drive/KYLE_AI_DATABASE/A_CAMERA/Focal_species/Gulo gulo/HFW12-F7/DM/2016/B&W/Robust marks/02.11-02.04/IMG_3914.JPG,IMG_3914.JPG,HFW12-F7_2016_201602110204_IMG_3914.jpg,0.9194119572639465,872.4011840820312,335.2059631347656,409.54498291015625,902.5169677734375,2048,1536,409,902
HFW12-F7,2016,201602110204,DM,0,/Volumes/Seagate Portable Drive/KYLE_AI_DATABASE/A_CAMERA/Focal_species/Gulo gulo/HFW12-F7/DM/2016/B&W/Robust marks/02.11-02.04/IMG_3915.JPG,IMG_3915.JPG,HFW12-F7_2016_201602110204_IMG_3915.jpg,0.9386692047119141,863.3373413085938,259.1423034667969,410.74664306640625,975.8250732421875,2048,1536,410,975
HFW12-F7,2016,201602110204,DM,0,/Volumes/Seagate Portable Drive/KYLE_AI_DATABASE/A_CAMERA/Focal_species/Gulo gulo/HFW12-F7/DM/2016/B&W/Robust marks/02.11-02.04/IMG_3916.JPG,IMG_3916.JPG,HFW12-F7_2016_201602110204_IMG_3916.jpg,0.9402493834495544,863.511474609375,258.39288330078125,411.426513671875,972.7396850585938,2048,1536,411,972
HFW12-F7,2016,201602110204,DM,0,/Volumes/Seagate Portable Drive/KYLE_AI_DATABASE/A_CAMERA/Focal_species/Gulo gulo/HFW12-F7/DM/2016/B&W/Robust marks/02.11-02.04/IMG_3917.JPG,IMG_3917.JPG,HFW12-F7_2016_201602110204_IMG_3917.jpg,0.9263163805007935,862.8953247070312,271.025146484375,413.64410400390625,965.0301513671875,2048,1536,413,965
HFW12-F7,2016,201602110204,DM,0,/Volumes/Seagate Portable Drive/KYLE_AI_DATABASE/A_CAMERA/Focal_species/Gulo gulo/HFW12-F7/DM/2016/B&W/Robust marks/02.11-02.04/IMG_3918.JPG,IMG_3918.JPG,HFW12-F7_2016_201602110204_IMG_3918.jpg,0.9203157424926758,861.1278076171875,314.895263671875,412.771728515625,925.85986328125,2048,1536,412,925
HFW12-F7,2016,201602110204,DM,0,/Volumes/Seagate Portable Drive/KYLE_AI_DATABASE/A_CAMERA/Focal_species/Gulo gulo/HFW12-F7/DM/2016/B&W/Robust marks/02.11-02.04/IMG_3919.JPG,IMG_3919.JPG,HFW12-F7_2016_201602110204_IMG_3919.jpg,0.9003227949142456,870.8683471679688,304.18011474609375,404.42926025390625,936.2732543945312,2048,1536,404,936
HFW12-F7,2016,201602110204,DM,0,/Volumes/Seagate Portable Drive/KYLE_AI_DATABASE/A_CAMERA/Focal_species/Gulo gulo/HFW12-F7/DM/2016/B&W/Robust marks/02.11-02.04/IMG_3920.JPG,IMG_3920.JPG,HFW12-F7_2016_201602110204_IMG_3920.jpg,0.9390263557434082,864.1175537109375,260.968505859375,409.049072265625,976.562744140625,2048,1536,409,976
HFW12-F7,2016,201602110204,DM,0,/Volumes/Seagate Portable Drive/KYLE_AI_DATABASE/A_CAMERA/Focal_species/Gulo gulo/HFW12-F7/DM/2016/B&W/Robust marks/02.11-02.04/IMG_3921.JPG,IMG_3921.JPG,HFW12-F7_2016_201602110204_IMG_3921.jpg,0.9016755819320679,657.62939453125,332.116943359375,595.485107421875,945.9105224609375,2048,1536,595,945
HFW12-F7,2016,201602110204,DM,0,/Volumes/Seagate Portable Drive/KYLE_AI_DATABASE/A_CAMERA/Focal_species/Gulo gulo/HFW12-F7/DM/2016/B&W/Robust marks/02.11-02.04/IMG_3922.JPG,IMG_3922.JPG,HFW12-F7_2016_201602110204_IMG_3922.jpg,0.9345638751983643,831.3888549804688,345.0253601074219,447.27825927734375,939.4512939453125,2048,1536,447,939
HFW12-F7,2016,201602110204,DM,0,/Volumes/Seagate Portable Drive/KYLE_AI_DATABASE/A_CAMERA/Focal_species/Gulo gulo/HFW12-F7/DM/2016/B&W/Robust marks/02.11-02.04/IMG_3923.JPG,IMG_3923.JPG,HFW12-F7_2016_201602110204_IMG_3923.jpg,0.915838897228241,838.015380859375,327.9744873046875,448.483154296875,955.8338623046875,2048,1536,448,955
HFW12-F7,2016,201602110204,DM,0,/Volumes/Seagate Portable Drive/KYLE_AI_DATABASE/A_CAMERA/Focal_species/Gulo gulo/HFW12-F7/DM/2016/B&W/Robust marks/02.11-02.04/IMG_3924.JPG,IMG_3924.JPG,HFW12-F7_2016_201602110204_IMG_3924.jpg,0.9303280711174011,857.878173828125,262.9053039550781,429.268310546875,1016.721923828125,2048,1536,429,1016
HFW12-F7,2016,201602110204,DM,0,/Volumes/Seagate Portable Drive/KYLE_AI_DATABASE/A_CAMERA/Focal_species/Gulo gulo/HFW12-F7/DM/2016/B&W/Robust marks/02.11-02.04/IMG_3925.JPG,IMG_3925.JPG,HFW12-F7_2016_201602110204_IMG_3925.jpg,0.939526379108429,853.5380859375,294.52630615234375,428.5615234375,945.3496704101562,2048,1536,428,945
HFW12-F7,2016,201602110204,DM,0,/Volumes/Seagate Portable Drive/KYLE_AI_DATABASE/A_CAMERA/Focal_species/Gulo gulo/HFW12-F7/DM/2016/B&W/Robust marks/02.11-02.04/IMG_3926.JPG,IMG_3926.JPG,HFW12-F7_2016_201602110204_IMG_3926.jpg,0.9362114071846008,866.53271484375,307.25335693359375,401.405029296875,964.5354614257812,2048,1536,401,964
HFW12-F7,2016,201602110204,DM,0,/Volumes/Seagate Portable Drive/KYLE_AI_DATABASE/A_CAMERA/Focal_species/Gulo gulo/HFW12-F7/DM/2016/B&W/Robust marks/02.11-02.04/IMG_3927.JPG,IMG_3927.JPG,HFW12-F7_2016_201602110204_IMG_3927.jpg,0.931708037853241,843.1222534179688,35.0196533203125,420.01458740234375,1258.045654296875,2048,1536,420,1258
HFW12-F7,2016,201602110204,DM,0,/Volumes/Seagate Portable Drive/KYLE_AI_DATABASE/A_CAMERA/Focal_species/Gulo gulo/HFW12-F7/DM/2016/B&W/Robust marks/02.11-02.04/IMG_3928.JPG,IMG_3928.JPG,HFW12-F7_2016_201602110204_IMG_3928.jpg,0.9382902979850769,840.1610717773438,271.7458190917969,441.57501220703125,1014.90234375,2048,1536,441,1014
HFW12-F7,2016,201602110204,DM,0,/Volumes/Seagate Portable Drive/KYLE_AI_DATABASE/A_CAMERA/Focal_species/Gulo gulo/HFW12-F7/DM/2016/B&W/Robust marks/02.11-02.04/IMG_3929.JPG,IMG_3929.JPG,HFW12-F7_2016_201602110204_IMG_3929.jpg,0.9309598207473755,790.7606201171875,341.84649658203125,485.901123046875,955.5184936523438,2048,1536,485,955
HFW12-F7,2016,201602110204,DM,0,/Volumes/Seagate Portable Drive/KYLE_AI_DATABASE/A_CAMERA/Focal_species/Gulo gulo/HFW12-F7/DM/2016/B&W/Robust marks/02.11-02.04/IMG_3930.JPG,IMG_3930.JPG,HFW12-F7_2016_201602110204_IMG_3930.jpg,0.8761033415794373,818.068359375,310.4052429199219,461.9482421875,953.5760498046875,2048,1536,461,953
HFW12-F7,2016,201602110204,DM,0,/Volumes/Seagate Portable Drive/KYLE_AI_DATABASE/A_CAMERA/Focal_species/Gulo gulo/HFW12-F7/DM/2016/B&W/Robust marks/02.11-02.04/IMG_3931.JPG,IMG_3931.JPG,HFW12-F7_2016_201602110204_IMG_3931.jpg,0.9286969304084778,805.3936767578125,259.6870422363281,474.650146484375,903.8201904296875,2048,1536,474,903
HFW12-F7,2016,201602110204,DM,0,/Volumes/Seagate Portable Drive/KYLE_AI_DATABASE/A_CAMERA/Focal_species/Gulo gulo/HFW12-F7/DM/2016/B&W/Robust marks/02.11-02.04/IMG_3932.JPG,IMG_3932.JPG,HFW12-F7_2016_201602110204_IMG_3932.jpg,0.9190088510513306,787.2234497070312,299.26904296875,481.37933349609375,861.7911376953125,2048,1536,481,861
HFW12-F7,2016,201602110204,DM,0,/Volumes/Seagate Portable Drive/KYLE_AI_DATABASE/A_CAMERA/Focal_species/Gulo gulo/HFW12-F7/DM/2016/B&W/Robust marks/02.11-02.04/IMG_3933.JPG,IMG_3933.JPG,HFW12-F7_2016_201602110204_IMG_3933.jpg,0.9359747171401978,836.727783203125,309.2681884765625,450.31005859375,914.6861572265625,2048,1536,450,914
HFW12-F7,2016,201602110204,DM,0,/Volumes/Seagate Portable Drive/KYLE_AI_DATABASE/A_CAMERA/Focal_species/Gulo gulo/HFW12-F7/DM/2016/B&W/Robust marks/02.11-02.04/IMG_3934.JPG,IMG_3934.JPG,HFW12-F7_2016_201602110204_IMG_3934.jpg,0.9332784414291382,785.4953002929688,333.4893493652344,491.90155029296875,877.1961669921875,2048,1536,491,877
HFW12-F7,2016,201602110204,DM,0,/Volumes/Seagate Portable Drive/KYLE_AI_DATABASE/A_CAMERA/Focal_species/Gulo gulo/HFW12-F7/DM/2016/B&W/Robust marks/02.11-02.04/IMG_3935.JPG,IMG_3935.JPG,HFW12-F7_2016_201602110204_IMG_3935.jpg,0.9110813140869141,792.8496704101562,310.8985290527344,491.51251220703125,865.411376953125,2048,1536,491,865
HFW12-F7,2016,201602110204,DM,0,/Volumes/Seagate Portable Drive/KYLE_AI_DATABASE/A_CAMERA/Focal_species/Gulo gulo/HFW12-F7/DM/2016/B&W/Robust marks/02.11-02.04/IMG_3936.JPG,IMG_3936.JPG,HFW12-F7_2016_201602110204_IMG_3936.jpg,0.9324026107788086,769.9962158203125,303.85089111328125,517.078125,898.2106323242188,2048,1536,517,898
HFW12-F7,2016,201602110204,DM,0,/Volumes/Seagate Portable Drive/KYLE_AI_DATABASE/A_CAMERA/Focal_species/Gulo gulo/HFW12-F7/DM/2016/B&W/Robust marks/02.11-02.04/IMG_3937.JPG,IMG_3937.JPG,HFW12-F7_2016_201602110204_IMG_3937.jpg,0.9382022619247437,726.5364990234375,307.5887451171875,561.7803955078125,863.53076171875,2048,1536,561,863
HFW12-F7,2016,201602110204,DM,0,/Volumes/Seagate Portable Drive/KYLE_AI_DATABASE/A_CAMERA/Focal_species/Gulo gulo/HFW12-F7/DM/2016/B&W/Robust marks/02.11-02.04/IMG_3938.JPG,IMG_3938.JPG,HFW12-F7_2016_201602110204_IMG_3938.jpg,0.9350812435150146,745.379638671875,311.05804443359375,521.745849609375,846.8418579101562,2048,1536,521,846
HFW12-F7,2016,201602110204,DM,0,/Volumes/Seagate Portable Drive/KYLE_AI_DATABASE/A_CAMERA/Focal_species/Gulo gulo/HFW12-F7/DM/2016/B&W/Robust marks/02.11-02.04/IMG_3939.JPG,IMG_3939.JPG,HFW12-F7_2016_201602110204_IMG_3939.jpg,0.927108883857727,736.8231201171875,310.388671875,543.41259765625,861.88427734375,2048,1536,543,861
HFW12-F7,2016,201602110204,DM,0,/Volumes/Seagate Portable Drive/KYLE_AI_DATABASE/A_CAMERA/Focal_species/Gulo gulo/HFW12-F7/DM/2016/B&W/Robust marks/02.11-02.04/IMG_3940.JPG,IMG_3940.JPG,HFW12-F7_2016_201602110204_IMG_3940.jpg,0.9289605021476746,687.284423828125,302.1065368652344,578.51708984375,854.3956298828125,2048,1536,578,854
HFW12-F7,2016,201602110204,DM,0,/Volumes/Seagate Portable Drive/KYLE_AI_DATABASE/A_CAMERA/Focal_species/Gulo gulo/HFW12-F7/DM/2016/B&W/Robust marks/02.11-02.04/IMG_3941.JPG,IMG_3941.JPG,HFW12-F7_2016_201602110204_IMG_3941.jpg,0.8477750420570374,932.7063598632812,281.3150634765625,439.11016845703125,1013.5604248046875,2048,1536,439,1013
HFW12-F7,2016,201602110204,DM,0,/Volumes/Seagate Portable Drive/KYLE_AI_DATABASE/A_CAMERA/Focal_species/Gulo gulo/HFW12-F7/DM/2016/B&W/Robust marks/02.11-02.04/IMG_3942.JPG,IMG_3942.JPG,HFW12-F7_2016_201602110204_IMG_3942.jpg,0.8826775550842285,919.8389282226562,305.9918518066406,437.01141357421875,1011.145263671875,2048,1536,437,1011
HFW12-F7,2016,201602110204,DM,0,/Volumes/Seagate Portable Drive/KYLE_AI_DATABASE/A_CAMERA/Focal_species/Gulo gulo/HFW12-F7/DM/2016/B&W/Robust marks/02.11-02.04/IMG_3943.JPG,IMG_3943.JPG,HFW12-F7_2016_201602110204_IMG_3943.jpg,0.9281712770462036,908.9161987304688,30.061386108398438,464.61920166015625,1176.0091552734375,2048,1536,464,1176
HFW12-F7,2016,201602110204,DM,0,/Volumes/Seagate Portable Drive/KYLE_AI_DATABASE/A_CAMERA/Focal_species/Gulo gulo/HFW12-F7/DM/2016/B&W/Robust marks/02.11-02.04/IMG_3944.JPG,IMG_3944.JPG,HFW12-F7_2016_201602110204_IMG_3944.jpg,0.9458745718002319,903.692138671875,320.2343444824219,473.119140625,942.8433837890625,2048,1536,473,942
HFW12-F7,2016,201602110204,DM,0,/Volumes/Seagate Portable Drive/KYLE_AI_DATABASE/A_CAMERA/Focal_species/Gulo gulo/HFW12-F7/DM/2016/B&W/Robust marks/02.11-02.04/IMG_3945.JPG,IMG_3945.JPG,HFW12-F7_2016_201602110204_IMG_3945.jpg,0.8857386708259583,1023.17626953125,334.61962890625,429.499267578125,962.38330078125,2048,1536,429,962
HFW12-F7,2016,201602110204,DM,0,/Volumes/Seagate Portable Drive/KYLE_AI_DATABASE/A_CAMERA/Focal_species/Gulo gulo/HFW12-F7/DM/2016/B&W/Robust marks/02.11-02.04/IMG_3946.JPG,IMG_3946.JPG,HFW12-F7_2016_201602110204_IMG_3946.jpg,0.8775327801704407,989.8390502929688,333.46099853515625,436.34576416015625,863.1087036132812,2048,1536,436,863
HFW12-F7,2016,201602110204,DM,0,/Volumes/Seagate Portable Drive/KYLE_AI_DATABASE/A_CAMERA/Focal_species/Gulo gulo/HFW12-F7/DM/2016/B&W/Robust marks/02.11-02.04/IMG_3947.JPG,IMG_3947.JPG,HFW12-F7_2016_201602110204_IMG_3947.jpg,0.9334492683410645,964.9366455078125,266.93389892578125,362.19921875,1033.00927734375,2048,1536,362,1033
HFW12-F7,2016,201602110204,DM,0,/Volumes/Seagate Portable Drive/KYLE_AI_DATABASE/A_CAMERA/Focal_species/Gulo gulo/HFW12-F7/DM/2016/B&W/Robust marks/02.11-02.04/IMG_3948.JPG,IMG_3948.JPG,HFW12-F7_2016_201602110204_IMG_3948.jpg,0.8803991079330444,984.0054931640625,283.7166748046875,371.197021484375,966.4647216796875,2048,1536,371,966
HFW12-F7,2016,201602110204,DM,0,/Volumes/Seagate Portable Drive/KYLE_AI_DATABASE/A_CAMERA/Focal_species/Gulo gulo/HFW12-F7/DM/2016/B&W/Robust marks/02.11-02.04/IMG_3949.JPG,IMG_3949.JPG,HFW12-F7_2016_201602110204_IMG_3949.jpg,0.9337604641914368,984.7538452148438,230.1500244140625,359.80328369140625,1025.3367919921875,2048,1536,359,1025
HFW12-F7,2016,201602110204,DM,0,/Volumes/Seagate Portable Drive/KYLE_AI_DATABASE/A_CAMERA/Focal_species/Gulo gulo/HFW12-F7/DM/2016/B&W/Robust marks/02.11-02.04/IMG_3950.JPG,IMG_3950.JPG,HFW12-F7_2016_201602110204_IMG_3950.jpg,0.9173678755760193,949.584716796875,296.3304748535156,371.078857421875,935.385009765625,2048,1536,371,935
HFW12-F7,2016,201602110204,DM,0,/Volumes/Seagate Portable Drive/KYLE_AI_DATABASE/A_CAMERA/Focal_species/Gulo gulo/HFW12-F7/DM/2016/B&W/Robust marks/02.11-02.04/IMG_3951.JPG,IMG_3951.JPG,HFW12-F7_2016_201602110204_IMG_3951.jpg,0.9218606948852539,786.0673828125,321.3661193847656,513.057861328125,895.2061767578125,2048,1536,513,895
HFW12-F7,2016,201602110204,DM,0,/Volumes/Seagate Portable Drive/KYLE_AI_DATABASE/A_CAMERA/Focal_species/Gulo gulo/HFW12-F7/DM/2016/B&W/Robust marks/02.11-02.04/IMG_3952.JPG,IMG_3952.JPG,HFW12-F7_2016_201602110204_IMG_3952.jpg,0.9383268356323242,796.9100341796875,329.9299621582031,527.7470703125,866.2296142578125,2048,1536,527,866
HFW12-F7,2016,201602110204,DM,0,/Volumes/Seagate Portable Drive/KYLE_AI_DATABASE/A_CAMERA/Focal_species/Gulo gulo/HFW12-F7/DM/2016/B&W/Robust marks/02.11-02.04/IMG_3953.JPG,IMG_3953.JPG,HFW12-F7_2016_201602110204_IMG_3953.jpg,0.9306665062904358,808.4112548828125,324.38336181640625,516.475830078125,878.7977905273438,2048,1536,516,878
HFW12-F7,2016,201602110204,DM,0,/Volumes/Seagate Portable Drive/KYLE_AI_DATABASE/A_CAMERA/Focal_species/Gulo gulo/HFW12-F7/DM/2016/B&W/Robust marks/02.11-02.04/IMG_3954.JPG,IMG_3954.JPG,HFW12-F7_2016_201602110204_IMG_3954.jpg,0.9439915418624878,760.6500854492188,315.12701416015625,565.6536254882812,868.6598510742188,2048,1536,565,868
HFW12-F7,2016,201602110204,DM,0,/Volumes/Seagate Portable Drive/KYLE_AI_DATABASE/A_CAMERA/Focal_species/Gulo gulo/HFW12-F7/DM/2016/B&W/Robust marks/02.11-02.04/IMG_3955.JPG,IMG_3955.JPG,HFW12-F7_2016_201602110204_IMG_3955.jpg,0.9068335890769958,666.1845703125,288.3234558105469,638.194580078125,862.149658203125,2048,1536,638,862
HFW12-F7,2016,201602110204,DM,0,/Volumes/Seagate Portable Drive/KYLE_AI_DATABASE/A_CAMERA/Focal_species/Gulo gulo/HFW12-F7/DM/2016/B&W/Robust marks/02.11-02.04/IMG_3956.JPG,IMG_3956.JPG,HFW12-F7_2016_201602110204_IMG_3956.jpg,0.9287698268890381,748.07177734375,326.88555908203125,561.32373046875,848.2517700195312,2048,1536,561,848
HFW12-F7,2016,201602110204,DM,0,/Volumes/Seagate Portable Drive/KYLE_AI_DATABASE/A_CAMERA/Focal_species/Gulo gulo/HFW12-F7/DM/2016/B&W/Robust marks/02.11-02.04/IMG_3957.JPG,IMG_3957.JPG,HFW12-F7_2016_201602110204_IMG_3957.jpg,0.9317296743392944,793.004638671875,324.7925720214844,512.47021484375,868.31396484375,2048,1536,512,868
HFW12-F7,2016,201602110204,DM,0,/Volumes/Seagate Portable Drive/KYLE_AI_DATABASE/A_CAMERA/Focal_species/Gulo gulo/HFW12-F7/DM/2016/B&W/Robust marks/02.11-02.04/IMG_3958.JPG,IMG_3958.JPG,HFW12-F7_2016_201602110204_IMG_3958.jpg,0.9236754775047302,813.6651611328125,321.02740478515625,475.25634765625,861.0858764648438,2048,1536,475,861
HFW12-F7,2016,201602110204,DM,0,/Volumes/Seagate Portable Drive/KYLE_AI_DATABASE/A_CAMERA/Focal_species/Gulo gulo/HFW12-F7/DM/2016/B&W/Robust marks/02.11-02.04/IMG_3959.JPG,IMG_3959.JPG,HFW12-F7_2016_201602110204_IMG_3959.jpg,0.9403700828552246,837.5057983398438,271.6540832519531,470.69049072265625,932.0360107421875,2048,1536,470,932
HFW12-F7,2016,201602110204,DM,0,/Volumes/Seagate Portable Drive/KYLE_AI_DATABASE/A_CAMERA/Focal_species/Gulo gulo/HFW12-F7/DM/2016/B&W/Robust marks/02.11-02.04/IMG_3960.JPG,IMG_3960.JPG,HFW12-F7_2016_201602110204_IMG_3960.jpg,0.8660987615585327,838.0947875976562,311.5725402832031,464.49725341796875,898.6241455078125,2048,1536,464,898
HFW12-F7,2016,201602110204,DM,0,/Volumes/Seagate Portable Drive/KYLE_AI_DATABASE/A_CAMERA/Focal_species/Gulo gulo/HFW12-F7/DM/2016/B&W/Robust marks/02.11-02.04/IMG_3961.JPG,IMG_3961.JPG,HFW12-F7_2016_201602110204_IMG_3961.jpg,0.9019383788108826,835.1678466796875,322.7608642578125,472.181396484375,907.1107177734375,2048,1536,472,907
HFW12-F7,2016,201602110204,DM,0,/Volumes/Seagate Portable Drive/KYLE_AI_DATABASE/A_CAMERA/Focal_species/Gulo gulo/HFW12-F7/DM/2016/B&W/Robust marks/02.11-02.04/IMG_3962.JPG,IMG_3962.JPG,HFW12-F7_2016_201602110204_IMG_3962.jpg,0.9237237572669983,832.9827880859375,338.6116943359375,473.170654296875,877.09033203125,2048,1536,473,877
HFW12-F7,2016,201602110204,DM,0,/Volumes/Seagate Portable Drive/KYLE_AI_DATABASE/A_CAMERA/Focal_species/Gulo gulo/HFW12-F7/DM/2016/B&W/Robust marks/02.11-02.04/IMG_3963.JPG,IMG_3963.JPG,HFW12-F7_2016_201602110204_IMG_3963.jpg,0.9403330683708191,866.8433227539062,335.8638610839844,428.16644287109375,922.920166015625,2048,1536,428,922
HFW12-F7,2016,201602110204,DM,0,/Volumes/Seagate Portable Drive/KYLE_AI_DATABASE/A_CAMERA/Focal_species/Gulo gulo/HFW12-F7/DM/2016/B&W/Robust marks/02.11-02.04/IMG_3966.JPG,IMG_3966.JPG,HFW12-F7_2016_201602110204_IMG_3966.jpg,0.8255615234375,828.2464599609375,294.8236999511719,534.84228515625,911.80908203125,2048,1536,534,911
HFW12-F7,2016,201602110204,DM,0,/Volumes/Seagate Portable Drive/KYLE_AI_DATABASE/A_CAMERA/Focal_species/Gulo gulo/HFW12-F7/DM/2016/B&W/Robust marks/02.11-02.04/IMG_3967.JPG,IMG_3967.JPG,HFW12-F7_2016_201602110204_IMG_3967.jpg,0.8602698445320129,825.2496337890625,483.9877624511719,528.071044921875,721.65283203125,2048,1536,528,721
HFW12-F7,2016,201602110204,DM,0,/Volumes/Seagate Portable Drive/KYLE_AI_DATABASE/A_CAMERA/Focal_species/Gulo gulo/HFW12-F7/DM/2016/B&W/Robust marks/02.11-02.04/IMG_3969.JPG,IMG_3969.JPG,HFW12-F7_2016_201602110204_IMG_3969.jpg,0.8557578921318054,842.3253173828125,321.9837341308594,562.975341796875,1008.05615234375,2048,1536,562,1008
HFW12-F7,2016,201602110204,DM,0,/Volumes/Seagate Portable Drive/KYLE_AI_DATABASE/A_CAMERA/Focal_species/Gulo gulo/HFW12-F7/DM/2016/B&W/Robust marks/02.11-02.04/IMG_3970.JPG,IMG_3970.JPG,HFW12-F7_2016_201602110204_IMG_3970.jpg,0.9046892523765564,911.273681640625,396.2311706542969,467.348388671875,891.9346923828125,2048,1536,467,891
HFW12-F7,2016,201602110204,DM,0,/Volumes/Seagate Portable Drive/KYLE_AI_DATABASE/A_CAMERA/Focal_species/Gulo gulo/HFW12-F7/DM/2016/B&W/Robust marks/02.11-02.04/IMG_3971.JPG,IMG_3971.JPG,HFW12-F7_2016_201602110204_IMG_3971.jpg,0.8198941349983215,558.3577880859375,436.4175109863281,657.5316162109375,867.278564453125,2048,1536,657,867
HFW12-F7,2016,201602110204,DM,0,/Volumes/Seagate Portable Drive/KYLE_AI_DATABASE/A_CAMERA/Focal_species/Gulo gulo/HFW12-F7/DM/2016/B&W/Robust marks/02.11-02.04/IMG_3972.JPG,IMG_3972.JPG,HFW12-F7_2016_201602110204_IMG_3972.jpg,0.8619353175163269,549.4112548828125,432.5235900878906,675.295166015625,851.15869140625,2048,1536,675,851
HFW12-F7,2016,201602110204,DM,0,/Volumes/Seagate Portable Drive/KYLE_AI_DATABASE/A_CAMERA/Focal_species/Gulo gulo/HFW12-F7/DM/2016/B&W/Robust marks/02.11-02.04/IMG_3973.JPG,IMG_3973.JPG,HFW12-F7_2016_201602110204_IMG_3973.jpg,0.9039321541786194,553.2152709960938,364.40191650390625,668.5535278320312,924.3760375976562,2048,1536,668,924
HFW12-F7,2016,201602110204,DM,0,/Volumes/Seagate Portable Drive/KYLE_AI_DATABASE/A_CAMERA/Focal_species/Gulo gulo/HFW12-F7/DM/2016/B&W/Robust marks/02.11-02.04/IMG_3974.JPG,IMG_3974.JPG,HFW12-F7_2016_201602110204_IMG_3974.jpg,0.8763219714164734,545.4722290039062,367.9027099609375,676.4066772460938,909.6025390625,2048,1536,676,909
HFW12-F7,2016,201602110204,DM,0,/Volumes/Seagate Portable Drive/KYLE_AI_DATABASE/A_CAMERA/Focal_species/Gulo gulo/HFW12-F7/DM/2016/B&W/Robust marks/02.11-02.04/IMG_3975.JPG,IMG_3975.JPG,HFW12-F7_2016_201602110204_IMG_3975.jpg,0.9045149087905884,550.819091796875,361.84429931640625,671.2100830078125,928.5336303710938,2048,1536,671,928
HFW12-F7,2016,201602110204,DM,0,/Volumes/Seagate Portable Drive/KYLE_AI_DATABASE/A_CAMERA/Focal_species/Gulo gulo/HFW12-F7/DM/2016/B&W/Robust marks/02.11-02.04/IMG_3976.JPG,IMG_3976.JPG,HFW12-F7_2016_201602110204_IMG_3976.jpg,0.8995178937911987,544.6347045898438,364.39666748046875,676.3406372070312,911.5067749023438,2048,1536,676,911
HFW12-F7,2016,201602110204,DM,0,/Volumes/Seagate Portable Drive/KYLE_AI_DATABASE/A_CAMERA/Focal_species/Gulo gulo/HFW12-F7/DM/2016/B&W/Robust marks/02.11-02.04/IMG_3977.JPG,IMG_3977.JPG,HFW12-F7_2016_201602110204_IMG_3977.jpg,0.9233878254890442,638.469970703125,379.13531494140625,593.3641357421875,891.9015502929688,2048,1536,593,891
HFW12-F7,2016,201602110204,DM,0,/Volumes/Seagate Portable Drive/KYLE_AI_DATABASE/A_CAMERA/Focal_species/Gulo gulo/HFW12-F7/DM/2016/B&W/Robust marks/02.11-02.04/IMG_3978.JPG,IMG_3978.JPG,HFW12-F7_2016_201602110204_IMG_3978.jpg,0.9278746843338013,628.390380859375,378.638916015625,607.4295654296875,831.86669921875,2048,1536,607,831
HFW12-F7,2016,201602110204,DM,0,/Volumes/Seagate Portable Drive/KYLE_AI_DATABASE/A_CAMERA/Focal_species/Gulo gulo/HFW12-F7/DM/2016/B&W/Robust marks/02.11-02.04/IMG_3979.JPG,IMG_3979.JPG,HFW12-F7_2016_201602110204_IMG_3979.jpg,0.9453096389770508,633.268310546875,339.34033203125,605.3123779296875,885.2965087890625,2048,1536,605,885
HFW12-F7,2016,201602110204,DM,0,/Volumes/Seagate Portable Drive/KYLE_AI_DATABASE/A_CAMERA/Focal_species/Gulo gulo/HFW12-F7/DM/2016/B&W/Robust marks/02.11-02.04/IMG_3980.JPG,IMG_3980.JPG,HFW12-F7_2016_201602110204_IMG_3980.jpg,0.9156621694564819,633.5811767578125,329.54449462890625,601.5081787109375,876.7905883789062,2048,1536,601,876
HFW12-F7,2016,201602110204,DM,0,/Volumes/Seagate Portable Drive/KYLE_AI_DATABASE/A_CAMERA/Focal_species/Gulo gulo/HFW12-F7/DM/2016/B&W/Robust marks/02.11-02.04/IMG_3981.JPG,IMG_3981.JPG,HFW12-F7_2016_201602110204_IMG_3981.jpg,0.9360120892524719,642.0553588867188,284.2586669921875,605.2705688476562,910.841796875,2048,1536,605,910
HFW12-F7,2016,201602110204,DM,0,/Volumes/Seagate Portable Drive/KYLE_AI_DATABASE/A_CAMERA/Focal_species/Gulo gulo/HFW12-F7/DM/2016/B&W/Robust marks/02.11-02.04/IMG_3982.JPG,IMG_3982.JPG,HFW12-F7_2016_201602110204_IMG_3982.jpg,0.9351062178611755,643.0407104492188,309.79248046875,611.3079223632812,878.47802734375,2048,1536,611,878
HFW12-F7,2016,201602110204,DM,0,/Volumes/Seagate Portable Drive/KYLE_AI_DATABASE/A_CAMERA/Focal_species/Gulo gulo/HFW12-F7/DM/2016/B&W/Robust marks/02.11-02.04/IMG_3983.JPG,IMG_3983.JPG,HFW12-F7_2016_201602110204_IMG_3983.jpg,0.9093825817108154,640.539306640625,308.9473571777344,611.026611328125,889.232666015625,2048,1536,611,889
HFW12-F7,2016,201602110204,DM,0,/Volumes/Seagate Portable Drive/KYLE_AI_DATABASE/A_CAMERA/Focal_species/Gulo gulo/HFW12-F7/DM/2016/B&W/Robust marks/02.11-02.04/IMG_3984.JPG,IMG_3984.JPG,HFW12-F7_2016_201602110204_IMG_3984.jpg,0.9309943318367004,637.511474609375,299.56048583984375,618.7642822265625,918.2446899414062,2048,1536,618,918
HFW12-F7,2016,201602110204,DM,0,/Volumes/Seagate Portable Drive/KYLE_AI_DATABASE/A_CAMERA/Focal_species/Gulo gulo/HFW12-F7/DM/2016/B&W/Robust marks/02.11-02.04/IMG_3985.JPG,IMG_3985.JPG,HFW12-F7_2016_201602110204_IMG_3985.jpg,0.9273155927658081,645.5972290039062,297.5477600097656,601.6588745117188,913.16015625,2048,1536,601,913
HFW12-F7,2016,201602110204,DM,0,/Volumes/Seagate Portable Drive/KYLE_AI_DATABASE/A_CAMERA/Focal_species/Gulo gulo/HFW12-F7/DM/2016/B&W/Robust marks/02.11-02.04/IMG_3986.JPG,IMG_3986.JPG,HFW12-F7_2016_201602110204_IMG_3986.jpg,0.9316307306289673,644.3993530273438,311.8999328613281,611.6519165039062,872.447998046875,2048,1536,611,872
HFW12-F7,2016,201602110204,DM,0,/Volumes/Seagate Portable Drive/KYLE_AI_DATABASE/A_CAMERA/Focal_species/Gulo gulo/HFW12-F7/DM/2016/B&W/Robust marks/02.11-02.04/IMG_3987.JPG,IMG_3987.JPG,HFW12-F7_2016_201602110204_IMG_3987.jpg,0.9251489639282227,642.6839599609375,338.0963134765625,601.224365234375,877.0328369140625,2048,1536,601,877
HFW12-F7,2016,201602110204,DM,0,/Volumes/Seagate Portable Drive/KYLE_AI_DATABASE/A_CAMERA/Focal_species/Gulo gulo/HFW12-F7/DM/2016/B&W/Robust marks/02.11-02.04/IMG_3988.JPG,IMG_3988.JPG,HFW12-F7_2016_201602110204_IMG_3988.jpg,0.9130802750587463,772.8424072265625,314.24005126953125,483.246337890625,887.2141723632812,2048,1536,483,887
HFW12-F7,2016,201602110204,DM,0,/Volumes/Seagate Portable Drive/KYLE_AI_DATABASE/A_CAMERA/Focal_species/Gulo gulo/HFW12-F7/DM/2016/B&W/Robust marks/02.11-02.04/IMG_3989.JPG,IMG_3989.JPG,HFW12-F7_2016_201602110204_IMG_3989.jpg,0.9356857538223267,774.7678833007812,279.88214111328125,489.45623779296875,928.9457397460938,2048,1536,489,928
HFW12-F7,2016,201602110204,DM,0,/Volumes/Seagate Portable Drive/KYLE_AI_DATABASE/A_CAMERA/Focal_species/Gulo gulo/HFW12-F7/DM/2016/B&W/Robust marks/02.11-02.04/IMG_3990.JPG,IMG_3990.JPG,HFW12-F7_2016_201602110204_IMG_3990.jpg,0.9327630996704102,778.7672119140625,320.09515380859375,484.2928466796875,886.6963500976562,2048,1536,484,886
HFW12-F7,2016,201602110204,DM,0,/Volumes/Seagate Portable Drive/KYLE_AI_DATABASE/A_CAMERA/Focal_species/Gulo gulo/HFW12-F7/DM/2016/B&W/Robust marks/02.11-02.04/IMG_3991.JPG,IMG_3991.JPG,HFW12-F7_2016_201602110204_IMG_3991.jpg,0.9023647308349609,753.948486328125,291.9875793457031,519.4776611328125,891.0814208984375,2048,1536,519,891
HFW12-F7,2016,201602110204,DM,0,/Volumes/Seagate Portable Drive/KYLE_AI_DATABASE/A_CAMERA/Focal_species/Gulo gulo/HFW12-F7/DM/2016/B&W/Robust marks/02.11-02.04/IMG_3992.JPG,IMG_3992.JPG,HFW12-F7_2016_201602110204_IMG_3992.jpg,0.910601019859314,822.442626953125,253.18936157226562,449.7880859375,945.1671142578125,2048,1536,449,945
HFW12-F7,2016,201602110204,DM,0,/Volumes/Seagate Portable Drive/KYLE_AI_DATABASE/A_CAMERA/Focal_species/Gulo gulo/HFW12-F7/DM/2016/B&W/Robust marks/02.11-02.04/IMG_3993.JPG,IMG_3993.JPG,HFW12-F7_2016_201602110204_IMG_3993.jpg,0.8750454783439636,831.6426391601562,250.099365234375,438.59613037109375,958.8792724609375,2048,1536,438,958
HFW12-F7,2016,201602110204,DM,0,/Volumes/Seagate Portable Drive/KYLE_AI_DATABASE/A_CAMERA/Focal_species/Gulo gulo/HFW12-F7/DM/2016/B&W/Robust marks/02.11-02.04/IMG_3994.JPG,IMG_3994.JPG,HFW12-F7_2016_201602110204_IMG_3994.jpg,0.9206230640411377,746.0877685546875,224.9656219482422,510.840087890625,925.0551147460938,2048,1536,510,925
HFW12-F7,2016,201602110204,DM,0,/Volumes/Seagate Portable Drive/KYLE_AI_DATABASE/A_CAMERA/Focal_species/Gulo gulo/HFW12-F7/DM/2016/B&W/Robust marks/02.11-02.04/IMG_3995.JPG,IMG_3995.JPG,HFW12-F7_2016_201602110204_IMG_3995.jpg,0.9000940322875977,806.7152099609375,198.93429565429688,458.952392578125,943.02197265625,2048,1536,458,943
HFW12-F7,2016,201602110204,DM,0,/Volumes/Seagate Portable Drive/KYLE_AI_DATABASE/A_CAMERA/Focal_species/Gulo gulo/HFW12-F7/DM/2016/B&W/Robust marks/02.11-02.04/IMG_3996.JPG,IMG_3996.JPG,HFW12-F7_2016_201602110204_IMG_3996.jpg,0.9350664019584656,763.1400146484375,244.54660034179688,521.722900390625,919.995849609375,2048,1536,521,919
HFW12-F7,2016,201602110204,DM,0,/Volumes/Seagate Portable Drive/KYLE_AI_DATABASE/A_CAMERA/Focal_species/Gulo gulo/HFW12-F7/DM/2016/B&W/Robust marks/02.11-02.04/IMG_3997.JPG,IMG_3997.JPG,HFW12-F7_2016_201602110204_IMG_3997.jpg,0.9023726582527161,752.3402099609375,267.9903564453125,525.5738525390625,906.511474609375,2048,1536,525,906
HFW12-F7,2016,201602110204,DM,0,/Volumes/Seagate Portable Drive/KYLE_AI_DATABASE/A_CAMERA/Focal_species/Gulo gulo/HFW12-F7/DM/2016/B&W/Robust marks/02.11-02.04/IMG_3998.JPG,IMG_3998.JPG,HFW12-F7_2016_201602110204_IMG_3998.jpg,0.8861461877822876,654.5997314453125,284.4189147949219,635.11669921875,885.6087646484375,2048,1536,635,885
HFW12-F7,2016,201602110204,DM,0,/Volumes/Seagate Portable Drive/KYLE_AI_DATABASE/A_CAMERA/Focal_species/Gulo gulo/HFW12-F7/DM/2016/B&W/Robust marks/02.11-02.04/IMG_3999.JPG,IMG_3999.JPG,HFW12-F7_2016_201602110204_IMG_3999.jpg,0.9157875180244446,671.5736694335938,301.21514892578125,592.1909790039062,868.4330444335938,2048,1536,592,868
HFW12-F7,2016,201602110204,DM,0,/Volumes/Seagate Portable Drive/KYLE_AI_DATABASE/A_CAMERA/Focal_species/Gulo gulo/HFW12-F7/DM/2016/B&W/Robust marks/02.11-02.04/IMG_4000.JPG,IMG_4000.JPG,HFW12-F7_2016_201602110204_IMG_4000.jpg,0.897014319896698,815.0946655273438,230.2581024169922,427.54962158203125,966.1256713867188,2048,1536,427,966
HFW12-F7,2016,201602110204,DM,0,/Volumes/Seagate Portable Drive/KYLE_AI_DATABASE/A_CAMERA/Focal_species/Gulo gulo/HFW12-F7/DM/2016/B&W/Robust marks/02.11-02.04/IMG_4001.JPG,IMG_4001.JPG,HFW12-F7_2016_201602110204_IMG_4001.jpg,0.9299461245536804,820.4572143554688,246.80763244628906,443.61187744140625,917.9736328125,2048,1536,443,917
HFW12-F7,2016,201602110204,DM,0,/Volumes/Seagate Portable Drive/KYLE_AI_DATABASE/A_CAMERA/Focal_species/Gulo gulo/HFW12-F7/DM/2016/B&W/Robust marks/02.11-02.04/IMG_4002.JPG,IMG_4002.JPG,HFW12-F7_2016_201602110204_IMG_4002.jpg,0.9322119355201721,842.9974365234375,229.3095703125,405.795166015625,928.3466796875,2048,1536,405,928
HFW12-F7,2016,201602110204,DM,0,/Volumes/Seagate Portable Drive/KYLE_AI_DATABASE/A_CAMERA/Focal_species/Gulo gulo/HFW12-F7/DM/2016/B&W/Robust marks/02.11-02.04/IMG_4003.JPG,IMG_4003.JPG,HFW12-F7_2016_201602110204_IMG_4003.jpg,0.9269073605537415,855.7352294921875,225.32382202148438,410.61328125,936.2047119140625,2048,1536,410,936
HFW12-F7,2016,201602110204,DM,0,/Volumes/Seagate Portable Drive/KYLE_AI_DATABASE/A_CAMERA/Focal_species/Gulo gulo/HFW12-F7/DM/2016/B&W/Robust marks/02.11-02.04/IMG_4004.JPG,IMG_4004.JPG,HFW12-F7_2016_201602110204_IMG_4004.jpg,0.927337646484375,843.4952392578125,218.92062377929688,426.079345703125,932.99560546875,2048,1536,426,932
HFW12-F7,2016,201602110204,DM,0,/Volumes/Seagate Portable Drive/KYLE_AI_DATABASE/A_CAMERA/Focal_species/Gulo gulo/HFW12-F7/DM/2016/B&W/Robust marks/02.11-02.04/IMG_4005.JPG,IMG_4005.JPG,HFW12-F7_2016_201602110204_IMG_4005.jpg,0.9101434946060181,858.862060546875,216.72317504882812,413.7265625,931.0506591796875,2048,1536,413,931
HFW12-F7,2016,201602110204,DM,0,/Volumes/Seagate Portable Drive/KYLE_AI_DATABASE/A_CAMERA/Focal_species/Gulo gulo/HFW12-F7/DM/2016/B&W/Robust marks/02.11-02.04/IMG_4006.JPG,IMG_4006.JPG,HFW12-F7_2016_201602110204_IMG_4006.jpg,0.9292040467262268,841.5267944335938,208.07615661621094,422.71307373046875,928.598876953125,2048,1536,422,928
HFW12-F7,2016,201602110204,DM,0,/Volumes/Seagate Portable Drive/KYLE_AI_DATABASE/A_CAMERA/Focal_species/Gulo gulo/HFW12-F7/DM/2016/B&W/Robust marks/02.11-02.04/IMG_4007.JPG,IMG_4007.JPG,HFW12-F7_2016_201602110204_IMG_4007.jpg,0.9387446641921997,838.7138671875,200.30836486816406,440.355712890625,941.4578857421875,2048,1536,440,941
HFW12-F7,2016,201602110204,DM,0,/Volumes/Seagate Portable Drive/KYLE_AI_DATABASE/A_CAMERA/Focal_species/Gulo gulo/HFW12-F7/DM/2016/B&W/Robust marks/02.11-02.04/IMG_4008.JPG,IMG_4008.JPG,HFW12-F7_2016_201602110204_IMG_4008.jpg,0.9298577904701233,900.1159057617188,207.79783630371094,376.54351806640625,922.7275390625,2048,1536,376,922
HFW12-F7,2016,201602110204,DM,0,/Volumes/Seagate Portable Drive/KYLE_AI_DATABASE/A_CAMERA/Focal_species/Gulo gulo/HFW12-F7/DM/2016/B&W/Robust marks/02.11-02.04/IMG_4009.JPG,IMG_4009.JPG,HFW12-F7_2016_201602110204_IMG_4009.jpg,0.930090606212616,859.985107421875,228.34249877929688,422.839111328125,927.475830078125,2048,1536,422,927
HFW12-F7,2016,201602110204,DM,0,/Volumes/Seagate Portable Drive/KYLE_AI_DATABASE/A_CAMERA/Focal_species/Gulo gulo/HFW12-F7/DM/2016/B&W/Robust marks/02.11-02.04/IMG_4010.JPG,IMG_4010.JPG,HFW12-F7_2016_201602110204_IMG_4010.jpg,0.8955391049385071,861.8397216796875,196.10060119628906,432.7177734375,921.96337890625,2048,1536,432,921
HFW12-F7,2016,201602110204,DM,0,/Volumes/Seagate Portable Drive/KYLE_AI_DATABASE/A_CAMERA/Focal_species/Gulo gulo/HFW12-F7/DM/2016/B&W/Robust marks/02.11-02.04/IMG_4011.JPG,IMG_4011.JPG,HFW12-F7_2016_201602110204_IMG_4011.jpg,0.9259675741195679,821.13427734375,284.94073486328125,436.558837890625,956.2941284179688,2048,1536,436,956
HFW12-F7,2016,201602110204,DM,0,/Volumes/Seagate Portable Drive/KYLE_AI_DATABASE/A_CAMERA/Focal_species/Gulo gulo/HFW12-F7/DM/2016/B&W/Robust marks/02.11-02.04/IMG_4012.JPG,IMG_4012.JPG,HFW12-F7_2016_201602110204_IMG_4012.jpg,0.9161821603775024,794.0634765625,279.9754943847656,461.001953125,944.248291015625,2048,1536,461,944
HFW12-F7,2016,201602110204,DM,0,/Volumes/Seagate Portable Drive/KYLE_AI_DATABASE/A_CAMERA/Focal_species/Gulo gulo/HFW12-F7/DM/2016/B&W/Robust marks/02.11-02.04/IMG_4013.JPG,IMG_4013.JPG,HFW12-F7_2016_201602110204_IMG_4013.jpg,0.8796313405036926,794.0938720703125,243.57069396972656,457.576171875,968.4820556640625,2048,1536,457,968
HFW12-F7,2016,201602110204,DM,0,/Volumes/Seagate Portable Drive/KYLE_AI_DATABASE/A_CAMERA/Focal_species/Gulo gulo/HFW12-F7/DM/2016/B&W/Robust marks/02.11-02.04/IMG_4014.JPG,IMG_4014.JPG,HFW12-F7_2016_201602110204_IMG_4014.jpg,0.8992660045623779,761.467529296875,204.8594970703125,513.4210205078125,910.7528076171875,2048,1536,513,910
HFW12-F7,2016,201602110204,DM,0,/Volumes/Seagate Portable Drive/KYLE_AI_DATABASE/A_CAMERA/Focal_species/Gulo gulo/HFW12-F7/DM/2016/B&W/Robust marks/02.11-02.04/IMG_4015.JPG,IMG_4015.JPG,HFW12-F7_2016_201602110204_IMG_4015.jpg,0.8643391728401184,667.1528930664062,246.40274047851562,585.9349975585938,878.6666259765625,2048,1536,585,878
HFW12-F7,2016,201602110204,DM,0,/Volumes/Seagate Portable Drive/KYLE_AI_DATABASE/A_CAMERA/Focal_species/Gulo gulo/HFW12-F7/DM/2016/B&W/Robust marks/02.11-02.04/IMG_4016.JPG,IMG_4016.JPG,HFW12-F7_2016_201602110204_IMG_4016.jpg,0.9308270812034607,729.5101318359375,326.165771484375,531.6502685546875,856.3875732421875,2048,1536,531,856
HFW12-F7,2016,201602110204,DM,0,/Volumes/Seagate Portable Drive/KYLE_AI_DATABASE/A_CAMERA/Focal_species/Gulo gulo/HFW12-F7/DM/2016/B&W/Robust marks/02.11-02.04/IMG_4017.JPG,IMG_4017.JPG,HFW12-F7_2016_201602110204_IMG_4017.jpg,0.8691883683204651,719.9751586914062,306.4217834472656,551.7135620117188,883.1634521484375,2048,1536,551,883
HFW12-F7,2016,201602110204,DM,0,/Volumes/Seagate Portable Drive/KYLE_AI_DATABASE/A_CAMERA/Focal_species/Gulo gulo/HFW12-F7/DM/2016/B&W/Robust marks/02.11-02.04/IMG_4018.JPG,IMG_4018.JPG,HFW12-F7_2016_201602110204_IMG_4018.jpg,0.8881526589393616,765.3196411132812,321.12347412109375,502.00311279296875,869.3171997070312,2048,1536,502,869
HFW12-F7,2016,201602110204,DM,0,/Volumes/Seagate Portable Drive/KYLE_AI_DATABASE/A_CAMERA/Focal_species/Gulo gulo/HFW12-F7/DM/2016/B&W/Robust marks/02.11-02.04/IMG_4019.JPG,IMG_4019.JPG,HFW12-F7_2016_201602110204_IMG_4019.jpg,0.9173198938369751,731.298095703125,325.0882873535156,550.8397216796875,870.6676025390625,2048,1536,550,870
HFW12-F7,2016,201602110204,DM,0,/Volumes/Seagate Portable Drive/KYLE_AI_DATABASE/A_CAMERA/Focal_species/Gulo gulo/HFW12-F7/DM/2016/B&W/Robust marks/02.11-02.04/IMG_4020.JPG,IMG_4020.JPG,HFW12-F7_2016_201602110204_IMG_4020.jpg,0.9205421805381775,775.4241333007812,322.83740234375,508.68060302734375,894.7041015625,2048,1536,508,894
HFW12-F7,2016,201602110204,DM,0,/Volumes/Seagate Portable Drive/KYLE_AI_DATABASE/A_CAMERA/Focal_species/Gulo gulo/HFW12-F7/DM/2016/B&W/Robust marks/02.11-02.04/IMG_4021.JPG,IMG_4021.JPG,HFW12-F7_2016_201602110204_IMG_4021.jpg,0.8951910734176636,721.0311279296875,233.10191345214844,547.796875,951.5762939453125,2048,1536,547,951
HFW12-F7,2016,201602110204,DM,0,/Volumes/Seagate Portable Drive/KYLE_AI_DATABASE/A_CAMERA/Focal_species/Gulo gulo/HFW12-F7/DM/2016/B&W/Robust marks/02.11-02.04/IMG_4022.JPG,IMG_4022.JPG,HFW12-F7_2016_201602110204_IMG_4022.jpg,0.9021737575531006,748.2947998046875,261.516845703125,526.8260498046875,932.4930419921875,2048,1536,526,932
HFW12-F7,2016,201602110204,DM,0,/Volumes/Seagate Portable Drive/KYLE_AI_DATABASE/A_CAMERA/Focal_species/Gulo gulo/HFW12-F7/DM/2016/B&W/Robust marks/02.11-02.04/IMG_4023.JPG,IMG_4023.JPG,HFW12-F7_2016_201602110204_IMG_4023.jpg,0.8712162971496582,725.3197631835938,210.25428771972656,536.9077758789062,980.0775146484375,2048,1536,536,980
HFW12-F7,2016,201602110204,DM,0,/Volumes/Seagate Portable Drive/KYLE_AI_DATABASE/A_CAMERA/Focal_species/Gulo gulo/HFW12-F7/DM/2016/B&W/Robust marks/02.11-02.04/IMG_4024.JPG,IMG_4024.JPG,HFW12-F7_2016_201602110204_IMG_4024.jpg,0.9227353930473328,789.6646118164062,234.68865966796875,480.25592041015625,948.7593383789062,2048,1536,480,948
HFW12-F7,2016,201602110204,DM,0,/Volumes/Seagate Portable Drive/KYLE_AI_DATABASE/A_CAMERA/Focal_species/Gulo gulo/HFW12-F7/DM/2016/B&W/Robust marks/02.11-02.04/IMG_4025.JPG,IMG_4025.JPG,HFW12-F7_2016_201602110204_IMG_4025.jpg,0.8666231632232666,751.7844848632812,234.58731079101562,519.0812377929688,959.1021728515625,2048,1536,519,959
HFW12-F7,2016,201602110204,DM,0,/Volumes/Seagate Portable Drive/KYLE_AI_DATABASE/A_CAMERA/Focal_species/Gulo gulo/HFW12-F7/DM/2016/B&W/Robust marks/02.11-02.04/IMG_4026.JPG,IMG_4026.JPG,HFW12-F7_2016_201602110204_IMG_4026.jpg,0.9164674282073975,727.9767456054688,236.63475036621094,544.7383422851562,954.6171875,2048,1536,544,954
HFW12-F7,2016,201602110204,DM,0,/Volumes/Seagate Portable Drive/KYLE_AI_DATABASE/A_CAMERA/Focal_species/Gulo gulo/HFW12-F7/DM/2016/B&W/Robust marks/02.11-02.04/IMG_4027.JPG,IMG_4027.JPG,HFW12-F7_2016_201602110204_IMG_4027.jpg,0.9315670132637024,685.458251953125,215.0724334716797,585.6878662109375,972.2262573242188,2048,1536,585,972
HFW12-F7,2016,201602110204,DM,0,/Volumes/Seagate Portable Drive/KYLE_AI_DATABASE/A_CAMERA/Focal_species/Gulo gulo/HFW12-F7/DM/2016/B&W/Robust marks/02.11-02.04/IMG_4028.JPG,IMG_4028.JPG,HFW12-F7_2016_201602110204_IMG_4028.jpg,0.9058798551559448,699.4774169921875,184.52879333496094,599.0189208984375,967.64306640625,2048,1536,599,967
HFW12-F7,2016,201602110204,DM,0,/Volumes/Seagate Portable Drive/KYLE_AI_DATABASE/A_CAMERA/Focal_species/Gulo gulo/HFW12-F7/DM/2016/B&W/Robust marks/02.11-02.04/IMG_4029.JPG,IMG_4029.JPG,HFW12-F7_2016_201602110204_IMG_4029.jpg,0.9202200174331665,730.534912109375,208.71803283691406,573.723388671875,941.2255859375,2048,1536,573,941
HFW12-F7,2016,201602110204,DM,0,/Volumes/Seagate Portable Drive/KYLE_AI_DATABASE/A_CAMERA/Focal_species/Gulo gulo/HFW12-F7/DM/2016/B&W/Robust marks/02.11-02.04/IMG_4030.JPG,IMG_4030.JPG,HFW12-F7_2016_201602110204_IMG_4030.jpg,0.905456006526947,763.5250244140625,216.64137268066406,548.005615234375,966.7257080078125,2048,1536,548,966
HFW12-F7,2016,201602110204,DM,0,/Volumes/Seagate Portable Drive/KYLE_AI_DATABASE/A_CAMERA/Focal_species/Gulo gulo/HFW12-F7/DM/2016/B&W/Robust marks/02.11-02.04/IMG_4031.JPG,IMG_4031.JPG,HFW12-F7_2016_201602110204_IMG_4031.jpg,0.9098038673400879,678.1422119140625,227.13368225097656,604.1898193359375,931.3446044921875,2048,1536,604,931
HFW12-F7,2016,201602110204,DM,0,/Volumes/Seagate Portable Drive/KYLE_AI_DATABASE/A_CAMERA/Focal_species/Gulo gulo/HFW12-F7/DM/2016/B&W/Robust marks/02.11-02.04/IMG_4032.JPG,IMG_4032.JPG,HFW12-F7_2016_201602110204_IMG_4032.jpg,0.9135674238204956,697.766357421875,211.426025390625,574.156005859375,934.25048828125,2048,1536,574,934
HFW12-F7,2016,201602110204,DM,0,/Volumes/Seagate Portable Drive/KYLE_AI_DATABASE/A_CAMERA/Focal_species/Gulo gulo/HFW12-F7/DM/2016/B&W/Robust marks/02.11-02.04/IMG_4033.JPG,IMG_4033.JPG,HFW12-F7_2016_201602110204_IMG_4033.jpg,0.9403013586997986,727.0194091796875,215.96328735351562,554.1749267578125,939.305419921875,2048,1536,554,939
HFW12-F7,2016,201602110204,DM,0,/Volumes/Seagate Portable Drive/KYLE_AI_DATABASE/A_CAMERA/Focal_species/Gulo gulo/HFW12-F7/DM/2016/B&W/Robust marks/02.11-02.04/IMG_4034.JPG,IMG_4034.JPG,HFW12-F7_2016_201602110204_IMG_4034.jpg,0.9219779372215271,707.111572265625,231.83798217773438,576.818603515625,925.408203125,2048,1536,576,925
HFW12-F7,2016,201602110204,DM,0,/Volumes/Seagate Portable Drive/KYLE_AI_DATABASE/A_CAMERA/Focal_species/Gulo gulo/HFW12-F7/DM/2016/B&W/Robust marks/02.11-02.04/IMG_4035.JPG,IMG_4035.JPG,HFW12-F7_2016_201602110204_IMG_4035.jpg,0.8748820424079895,697.2613525390625,250.01010131835938,571.3604736328125,919.7786865234375,2048,1536,571,919
HFW12-F7,2016,201602110204,DM,0,/Volumes/Seagate Portable Drive/KYLE_AI_DATABASE/A_CAMERA/Focal_species/Gulo gulo/HFW12-F7/DM/2016/B&W/Robust marks/02.11-02.04/IMG_4036.JPG,IMG_4036.JPG,HFW12-F7_2016_201602110204_IMG_4036.jpg,0.939205527305603,735.598388671875,326.68011474609375,548.531005859375,841.1572875976562,2048,1536,548,841
HFW12-F7,2016,201602110204,DM,0,/Volumes/Seagate Portable Drive/KYLE_AI_DATABASE/A_CAMERA/Focal_species/Gulo gulo/HFW12-F7/DM/2016/B&W/Robust marks/02.11-02.04/IMG_4037.JPG,IMG_4037.JPG,HFW12-F7_2016_201602110204_IMG_4037.jpg,0.9031009078025818,718.13037109375,326.71319580078125,546.552734375,851.6671752929688,2048,1536,546,851
HFW12-F7,2016,201602110204,DM,0,/Volumes/Seagate Portable Drive/KYLE_AI_DATABASE/A_CAMERA/Focal_species/Gulo gulo/HFW12-F7/DM/2016/B&W/Robust marks/02.11-02.04/IMG_4038.JPG,IMG_4038.JPG,HFW12-F7_2016_201602110204_IMG_4038.jpg,0.8422062397003174,654.913818359375,252.1651611328125,603.619384765625,885.3389892578125,2048,1536,603,885
HFW12-F7,2016,201602110204,DM,0,/Volumes/Seagate Portable Drive/KYLE_AI_DATABASE/A_CAMERA/Focal_species/Gulo gulo/HFW12-F7/DM/2016/B&W/Robust marks/02.11-02.04/IMG_4039.JPG,IMG_4039.JPG,HFW12-F7_2016_201602110204_IMG_4039.jpg,0.8919616937637329,665.1708984375,261.55438232421875,587.602783203125,849.1519165039062,2048,1536,587,849
HFW12-F7,2016,201602110204,DM,0,/Volumes/Seagate Portable Drive/KYLE_AI_DATABASE/A_CAMERA/Focal_species/Gulo gulo/HFW12-F7/DM/2016/B&W/Robust marks/02.11-02.04/IMG_4040.JPG,IMG_4040.JPG,HFW12-F7_2016_201602110204_IMG_4040.jpg,0.9124270677566528,670.4221801757812,281.66943359375,580.5023803710938,886.06201171875,2048,1536,580,886
HFW12-F7,2016,201602110204,DM,0,/Volumes/Seagate Portable Drive/KYLE_AI_DATABASE/A_CAMERA/Focal_species/Gulo gulo/HFW12-F7/DM/2016/B&W/Robust marks/02.11-02.04/IMG_4041.JPG,IMG_4041.JPG,HFW12-F7_2016_201602110204_IMG_4041.jpg,0.8929837346076965,689.1967163085938,329.2264709472656,558.8530883789062,839.006591796875,2048,1536,558,839
HFW12-F7,2016,201602110204,DM,0,/Volumes/Seagate Portable Drive/KYLE_AI_DATABASE/A_CAMERA/Focal_species/Gulo gulo/HFW12-F7/DM/2016/B&W/Robust marks/02.11-02.04/IMG_4042.JPG,IMG_4042.JPG,HFW12-F7_2016_201602110204_IMG_4042.jpg,0.9061627984046936,665.3671875,302.01324462890625,590.4710693359375,867.2167358398438,2048,1536,590,867
HFW12-F7,2016,201602110204,DM,0,/Volumes/Seagate Portable Drive/KYLE_AI_DATABASE/A_CAMERA/Focal_species/Gulo gulo/HFW12-F7/DM/2016/B&W/Robust marks/02.11-02.04/IMG_4043.JPG,IMG_4043.JPG,HFW12-F7_2016_201602110204_IMG_4043.jpg,0.8857338428497314,710.3621215820312,316.601806640625,544.3117065429688,871.4638671875,2048,1536,544,871
HFW12-F7,2016,201602110204,DM,0,/Volumes/Seagate Portable Drive/KYLE_AI_DATABASE/A_CAMERA/Focal_species/Gulo gulo/HFW12-F7/DM/2016/B&W/Robust marks/02.11-02.04/IMG_4044.JPG,IMG_4044.JPG,HFW12-F7_2016_201602110204_IMG_4044.jpg,0.8543083071708679,738.6510009765625,309.2012939453125,515.026123046875,890.2176513671875,2048,1536,515,890
HFW12-F7,2016,201602110204,DM,0,/Volumes/Seagate Portable Drive/KYLE_AI_DATABASE/A_CAMERA/Focal_species/Gulo gulo/HFW12-F7/DM/2016/B&W/Robust marks/02.11-02.04/IMG_4045.JPG,IMG_4045.JPG,HFW12-F7_2016_201602110204_IMG_4045.jpg,0.898713231086731,724.4119873046875,311.0650634765625,535.812744140625,895.105712890625,2048,1536,535,895
HFW12-F7,2016,201602110204,DM,0,/Volumes/Seagate Portable Drive/KYLE_AI_DATABASE/A_CAMERA/Focal_species/Gulo gulo/HFW12-F7/DM/2016/B&W/Robust marks/02.11-02.04/IMG_4046.JPG,IMG_4046.JPG,HFW12-F7_2016_201602110204_IMG_4046.jpg,0.9121625423431396,740.7486572265625,288.53668212890625,523.8123779296875,926.3798217773438,2048,1536,523,926
HFW12-F7,2016,201602110204,DM,0,/Volumes/Seagate Portable Drive/KYLE_AI_DATABASE/A_CAMERA/Focal_species/Gulo gulo/HFW12-F7/DM/2016/B&W/Robust marks/02.11-02.04/IMG_4047.JPG,IMG_4047.JPG,HFW12-F7_2016_201602110204_IMG_4047.jpg,0.9425015449523926,762.2115478515625,254.07577514648438,508.9569091796875,933.331298828125,2048,1536,508,933
HFW12-F7,2016,201602110204,DM,0,/Volumes/Seagate Portable Drive/KYLE_AI_DATABASE/A_CAMERA/Focal_species/Gulo gulo/HFW12-F7/DM/2016/B&W/Robust marks/02.11-02.04/IMG_4048.JPG,IMG_4048.JPG,HFW12-F7_2016_201602110204_IMG_4048.jpg,0.9338715672492981,763.0006103515625,223.27056884765625,509.15087890625,921.0778198242188,2048,1536,509,921
HFW12-F7,2016,201602110204,DM,0,/Volumes/Seagate Portable Drive/KYLE_AI_DATABASE/A_CAMERA/Focal_species/Gulo gulo/HFW12-F7/DM/2016/B&W/Robust marks/02.11-02.04/IMG_4049.JPG,IMG_4049.JPG,HFW12-F7_2016_201602110204_IMG_4049.jpg,0.937070906162262,748.6678466796875,237.46092224121094,524.210205078125,912.760986328125,2048,1536,524,912
HFW12-F7,2016,201602110204,DM,0,/Volumes/Seagate Portable Drive/KYLE_AI_DATABASE/A_CAMERA/Focal_species/Gulo gulo/HFW12-F7/DM/2016/B&W/Robust marks/02.11-02.04/IMG_4050.JPG,IMG_4050.JPG,HFW12-F7_2016_201602110204_IMG_4050.jpg,0.9399347901344299,745.3572998046875,233.69284057617188,529.3829345703125,928.077880859375,2048,1536,529,928
HFW12-F7,2016,201602110204,DM,0,/Volumes/Seagate Portable Drive/KYLE_AI_DATABASE/A_CAMERA/Focal_species/Gulo gulo/HFW12-F7/DM/2016/B&W/Robust marks/02.11-02.04/IMG_4051.JPG,IMG_4051.JPG,HFW12-F7_2016_201602110204_IMG_4051.jpg,0.9425107836723328,760.275146484375,277.59454345703125,521.9486083984375,911.6107788085938,2048,1536,521,911
HFW12-F7,2016,201602110204,DM,0,/Volumes/Seagate Portable Drive/KYLE_AI_DATABASE/A_CAMERA/Focal_species/Gulo gulo/HFW12-F7/DM/2016/B&W/Robust marks/02.11-02.04/IMG_4052.JPG,IMG_4052.JPG,HFW12-F7_2016_201602110204_IMG_4052.jpg,0.9423387050628662,755.5250244140625,301.6201171875,518.811279296875,892.9669189453125,2048,1536,518,892
HFW12-F7,2016,201602110204,DM,0,/Volumes/Seagate Portable Drive/KYLE_AI_DATABASE/A_CAMERA/Focal_species/Gulo gulo/HFW12-F7/DM/2016/B&W/Robust marks/02.11-02.04/IMG_4053.JPG,IMG_4053.JPG,HFW12-F7_2016_201602110204_IMG_4053.jpg,0.9354683756828308,755.0567016601562,276.92974853515625,521.5702514648438,911.2067260742188,2048,1536,521,911
HFW12-F7,2016,201602110204,DM,0,/Volumes/Seagate Portable Drive/KYLE_AI_DATABASE/A_CAMERA/Focal_species/Gulo gulo/HFW12-F7/DM/2016/B&W/Robust marks/02.11-02.04/IMG_4054.JPG,IMG_4054.JPG,HFW12-F7_2016_201602110204_IMG_4054.jpg,0.9196810722351074,757.50048828125,312.380859375,516.528076171875,876.3345947265625,2048,1536,516,876
HFW12-F7,2016,201602110204,DM,0,/Volumes/Seagate Portable Drive/KYLE_AI_DATABASE/A_CAMERA/Focal_species/Gulo gulo/HFW12-F7/DM/2016/B&W/Robust marks/02.11-02.04/IMG_4055.JPG,IMG_4055.JPG,HFW12-F7_2016_201602110204_IMG_4055.jpg,0.9222705960273743,760.0567626953125,330.6436767578125,522.2567138671875,867.8873291015625,2048,1536,522,867
HFW12-F7,2016,201602110204,DM,0,/Volumes/Seagate Portable Drive/KYLE_AI_DATABASE/A_CAMERA/Focal_species/Gulo gulo/HFW12-F7/DM/2016/B&W/Robust marks/02.11-02.04/IMG_4056.JPG,IMG_4056.JPG,HFW12-F7_2016_201602110204_IMG_4056.jpg,0.921025812625885,761.7877197265625,330.914306640625,519.2496337890625,860.281982421875,2048,1536,519,860
HFW12-F7,2016,201602110204,DM,0,/Volumes/Seagate Portable Drive/KYLE_AI_DATABASE/A_CAMERA/Focal_species/Gulo gulo/HFW12-F7/DM/2016/B&W/Robust marks/02.11-02.04/IMG_4057.JPG,IMG_4057.JPG,HFW12-F7_2016_201602110204_IMG_4057.jpg,0.9342401623725891,756.921142578125,297.01409912109375,526.9139404296875,886.4406127929688,2048,1536,526,886
HFW12-F7,2016,201602110204,DM,0,/Volumes/Seagate Portable Drive/KYLE_AI_DATABASE/A_CAMERA/Focal_species/Gulo gulo/HFW12-F7/DM/2016/B&W/Robust marks/02.11-02.04/IMG_4058.JPG,IMG_4058.JPG,HFW12-F7_2016_201602110204_IMG_4058.jpg,0.9231556057929993,776.7138671875,298.5606994628906,492.968017578125,894.11669921875,2048,1536,492,894
HFW12-F7,2016,201602110204,DM,0,/Volumes/Seagate Portable Drive/KYLE_AI_DATABASE/A_CAMERA/Focal_species/Gulo gulo/HFW12-F7/DM/2016/B&W/Robust marks/02.11-02.04/IMG_4059.JPG,IMG_4059.JPG,HFW12-F7_2016_201602110204_IMG_4059.jpg,0.9179903864860535,741.7083740234375,318.10797119140625,536.326904296875,886.5908813476562,2048,1536,536,886
HFW12-F7,2016,201602110204,DM,0,/Volumes/Seagate Portable Drive/KYLE_AI_DATABASE/A_CAMERA/Focal_species/Gulo gulo/HFW12-F7/DM/2016/B&W/Robust marks/02.11-02.04/IMG_4060.JPG,IMG_4060.JPG,HFW12-F7_2016_201602110204_IMG_4060.jpg,0.8903821110725403,737.5820922851562,282.1518859863281,538.0001831054688,919.6751708984375,2048,1536,538,919
HFW12-F7,2016,201602110204,DM,0,/Volumes/Seagate Portable Drive/KYLE_AI_DATABASE/A_CAMERA/Focal_species/Gulo gulo/HFW12-F7/DM/2016/B&W/Robust marks/02.11-02.04/IMG_4061.JPG,IMG_4061.JPG,HFW12-F7_2016_201602110204_IMG_4061.jpg,0.9045109152793884,716.1558837890625,267.44500732421875,552.484130859375,924.5625610351562,2048,1536,552,924
HFW12-F7,2016,201602110204,DM,0,/Volumes/Seagate Portable Drive/KYLE_AI_DATABASE/A_CAMERA/Focal_species/Gulo gulo/HFW12-F7/DM/2016/B&W/Robust marks/02.11-02.04/IMG_4062.JPG,IMG_4062.JPG,HFW12-F7_2016_201602110204_IMG_4062.jpg,0.9104896783828735,667.3638305664062,299.91693115234375,599.8800659179688,880.5797729492188,2048,1536,599,880
HFW12-F7,2016,201602110204,DM,0,/Volumes/Seagate Portable Drive/KYLE_AI_DATABASE/A_CAMERA/Focal_species/Gulo gulo/HFW12-F7/DM/2016/B&W/Robust marks/02.11-02.04/IMG_4063.JPG,IMG_4063.JPG,HFW12-F7_2016_201602110204_IMG_4063.jpg,0.880853533744812,688.7937622070312,271.793212890625,581.9706420898438,921.961181640625,2048,1536,581,921
HFW12-F7,2016,201602110204,DM,0,/Volumes/Seagate Portable Drive/KYLE_AI_DATABASE/A_CAMERA/Focal_species/Gulo gulo/HFW12-F7/DM/2016/B&W/Robust marks/02.11-02.04/IMG_4064.JPG,IMG_4064.JPG,HFW12-F7_2016_201602110204_IMG_4064.jpg,0.8997535109519958,691.5643920898438,285.5970153808594,574.6687622070312,897.5076904296875,2048,1536,574,897
HFW12-F7,2016,201602110204,DM,0,/Volumes/Seagate Portable Drive/KYLE_AI_DATABASE/A_CAMERA/Focal_species/Gulo gulo/HFW12-F7/DM/2016/B&W/Robust marks/02.11-02.04/IMG_4065.JPG,IMG_4065.JPG,HFW12-F7_2016_201602110204_IMG_4065.jpg,0.9336921572685242,666.1331176757812,322.355712890625,602.6141967773438,867.6802978515625,2048,1536,602,867
HFW12-F7,2016,201602110204,DM,0,/Volumes/Seagate Portable Drive/KYLE_AI_DATABASE/A_CAMERA/Focal_species/Gulo gulo/HFW12-F7/DM/2016/B&W/Robust marks/02.11-02.04/IMG_4066.JPG,IMG_4066.JPG,HFW12-F7_2016_201602110204_IMG_4066.jpg,0.921781599521637,671.8916015625,323.26983642578125,591.2388916015625,871.6588745117188,2048,1536,591,871
HFW12-F7,2016,201602110204,DM,0,/Volumes/Seagate Portable Drive/KYLE_AI_DATABASE/A_CAMERA/Focal_species/Gulo gulo/HFW12-F7/DM/2016/B&W/Robust marks/02.11-02.04/IMG_4067.JPG,IMG_4067.JPG,HFW12-F7_2016_201602110204_IMG_4067.jpg,0.9208297729492188,744.120849609375,274.6053466796875,526.01806640625,937.9649658203125,2048,1536,526,937
HFW12-F7,2016,201602110204,DM,0,/Volumes/Seagate Portable Drive/KYLE_AI_DATABASE/A_CAMERA/Focal_species/Gulo gulo/HFW12-F7/DM/2016/B&W/Robust marks/02.11-02.04/IMG_4068.JPG,IMG_4068.JPG,HFW12-F7_2016_201602110204_IMG_4068.jpg,0.9320635199546814,707.4266967773438,324.14013671875,558.3511352539062,870.7347412109375,2048,1536,558,870
HFW12-F7,2016,201602110204,DM,0,/Volumes/Seagate Portable Drive/KYLE_AI_DATABASE/A_CAMERA/Focal_species/Gulo gulo/HFW12-F7/DM/2016/B&W/Robust marks/02.11-02.04/IMG_4069.JPG,IMG_4069.JPG,HFW12-F7_2016_201602110204_IMG_4069.jpg,0.9213655591011047,704.8233032226562,322.93017578125,566.2357788085938,883.099853515625,2048,1536,566,883
HFW12-F7,2016,201602110204,DM,0,/Volumes/Seagate Portable Drive/KYLE_AI_DATABASE/A_CAMERA/Focal_species/Gulo gulo/HFW12-F7/DM/2016/B&W/Robust marks/02.11-02.04/IMG_4070.JPG,IMG_4070.JPG,HFW12-F7_2016_201602110204_IMG_4070.jpg,0.9168117046356201,664.6470947265625,321.04901123046875,594.3184814453125,864.7102661132812,2048,1536,594,864
HFW12-F7,2016,201602110204,DM,0,/Volumes/Seagate Portable Drive/KYLE_AI_DATABASE/A_CAMERA/Focal_species/Gulo gulo/HFW12-F7/DM/2016/B&W/Robust marks/02.11-02.04/IMG_4071.JPG,IMG_4071.JPG,HFW12-F7_2016_201602110204_IMG_4071.jpg,0.9347396492958069,760.397705078125,330.2059326171875,491.8714599609375,894.9866943359375,2048,1536,491,894
HFW12-F7,2016,201602110204,DM,0,/Volumes/Seagate Portable Drive/KYLE_AI_DATABASE/A_CAMERA/Focal_species/Gulo gulo/HFW12-F7/DM/2016/B&W/Robust marks/02.11-02.04/IMG_4072.JPG,IMG_4072.JPG,HFW12-F7_2016_201602110204_IMG_4072.jpg,0.9066357016563416,751.0574340820312,316.89361572265625,505.36407470703125,902.2904663085938,2048,1536,505,902
HFW12-F7,2016,201602110204,DM,0,/Volumes/Seagate Portable Drive/KYLE_AI_DATABASE/A_CAMERA/Focal_species/Gulo gulo/HFW12-F7/DM/2016/B&W/Robust marks/02.11-02.04/IMG_4073.JPG,IMG_4073.JPG,HFW12-F7_2016_201602110204_IMG_4073.jpg,0.9227207899093628,866.5275268554688,202.3076934814453,421.49835205078125,957.2988891601562,2048,1536,421,957
HFW12-F7,2016,201602110204,DM,0,/Volumes/Seagate Portable Drive/KYLE_AI_DATABASE/A_CAMERA/Focal_species/Gulo gulo/HFW12-F7/DM/2016/B&W/Robust marks/02.11-02.04/IMG_4074.JPG,IMG_4074.JPG,HFW12-F7_2016_201602110204_IMG_4074.jpg,0.9111553430557251,969.4076538085938,272.3323974609375,350.76666259765625,943.61474609375,2048,1536,350,943
HFW12-F7,2016,201602110204,DM,0,/Volumes/Seagate Portable Drive/KYLE_AI_DATABASE/A_CAMERA/Focal_species/Gulo gulo/HFW12-F7/DM/2016/B&W/Robust marks/02.11-02.04/IMG_4075.JPG,IMG_4075.JPG,HFW12-F7_2016_201602110204_IMG_4075.jpg,0.8918296098709106,952.0933837890625,244.51235961914062,343.91748046875,942.254150390625,2048,1536,343,942
HFW12-F7,2016,201602110204,DM,0,/Volumes/Seagate Portable Drive/KYLE_AI_DATABASE/A_CAMERA/Focal_species/Gulo gulo/HFW12-F7/DM/2016/B&W/Robust marks/02.11-02.04/IMG_4076.JPG,IMG_4076.JPG,HFW12-F7_2016_201602110204_IMG_4076.jpg,0.9397207498550415,852.7149047851562,209.30520629882812,437.86187744140625,920.61865234375,2048,1536,437,920
HFW12-F7,2016,201602110204,DM,0,/Volumes/Seagate Portable Drive/KYLE_AI_DATABASE/A_CAMERA/Focal_species/Gulo gulo/HFW12-F7/DM/2016/B&W/Robust marks/02.11-02.04/IMG_4078.JPG,IMG_4078.JPG,HFW12-F7_2016_201602110204_IMG_4078.jpg,0.8611655235290527,831.2318115234375,119.49288940429688,476.52490234375,1079.673828125,2048,1536,476,1079
HFW12-F7,2016,201602110204,DM,0,/Volumes/Seagate Portable Drive/KYLE_AI_DATABASE/A_CAMERA/Focal_species/Gulo gulo/HFW12-F7/DM/2016/B&W/Robust marks/02.11-02.04/IMG_4079.JPG,IMG_4079.JPG,HFW12-F7_2016_201602110204_IMG_4079.jpg,0.9131830334663391,790.2969970703125,305.0741271972656,501.51513671875,876.8099365234375,2048,1536,501,876
HFW12-F7,2016,201602110204,DM,0,/Volumes/Seagate Portable Drive/KYLE_AI_DATABASE/A_CAMERA/Focal_species/Gulo gulo/HFW12-F7/DM/2016/B&W/Robust marks/02.11-02.04/IMG_4080.JPG,IMG_4080.JPG,HFW12-F7_2016_201602110204_IMG_4080.jpg,0.9375156760215759,796.59375,153.11984252929688,498.02392578125,1034.4293212890625,2048,1536,498,1034
HFW12-F7,2016,201602110204,DM,0,/Volumes/Seagate Portable Drive/KYLE_AI_DATABASE/A_CAMERA/Focal_species/Gulo gulo/HFW12-F7/DM/2016/B&W/Robust marks/02.11-02.04/IMG_4081.JPG,IMG_4081.JPG,HFW12-F7_2016_201602110204_IMG_4081.jpg,0.891331136226654,851.3988037109375,297.8905334472656,406.68603515625,911.72265625,2048,1536,406,911
HFW12-F7,2016,201602110204,DM,0,/Volumes/Seagate Portable Drive/KYLE_AI_DATABASE/A_CAMERA/Focal_species/Gulo gulo/HFW12-F7/DM/2016/B&W/Robust marks/02.11-02.04/IMG_4082.JPG,IMG_4082.JPG,HFW12-F7_2016_201602110204_IMG_4082.jpg,0.9107857346534729,796.0311889648438,296.3064880371094,468.19805908203125,906.591796875,2048,1536,468,906
HFW12-F7,2016,201602110204,DM,0,/Volumes/Seagate Portable Drive/KYLE_AI_DATABASE/A_CAMERA/Focal_species/Gulo gulo/HFW12-F7/DM/2016/B&W/Robust marks/02.11-02.04/IMG_4083.JPG,IMG_4083.JPG,HFW12-F7_2016_201602110204_IMG_4083.jpg,0.89751136302948,796.7682495117188,285.91253662109375,468.96075439453125,909.2077026367188,2048,1536,468,909
HFW12-F7,2016,201602110204,DM,0,/Volumes/Seagate Portable Drive/KYLE_AI_DATABASE/A_CAMERA/Focal_species/Gulo gulo/HFW12-F7/DM/2016/B&W/Robust marks/02.11-02.04/IMG_4084.JPG,IMG_4084.JPG,HFW12-F7_2016_201602110204_IMG_4084.jpg,0.8216336369514465,828.8201293945312,241.41156005859375,434.96258544921875,966.1392211914062,2048,1536,434,966
HFW12-F7,2016,201602110204,DM,0,/Volumes/Seagate Portable Drive/KYLE_AI_DATABASE/A_CAMERA/Focal_species/Gulo gulo/HFW12-F7/DM/2016/B&W/Robust marks/02.11-02.04/IMG_4085.JPG,IMG_4085.JPG,HFW12-F7_2016_201602110204_IMG_4085.jpg,0.9133597016334534,820.7932739257812,304.45355224609375,439.89727783203125,918.2698364257812,2048,1536,439,918
HFW12-F7,2016,201602110204,DM,0,/Volumes/Seagate Portable Drive/KYLE_AI_DATABASE/A_CAMERA/Focal_species/Gulo gulo/HFW12-F7/DM/2016/B&W/Robust marks/02.11-02.04/IMG_4086.JPG,IMG_4086.JPG,HFW12-F7_2016_201602110204_IMG_4086.jpg,0.869886040687561,774.4992065429688,289.0394287109375,474.79254150390625,949.2279052734375,2048,1536,474,949
HFW12-F7,2016,201602110204,DM,0,/Volumes/Seagate Portable Drive/KYLE_AI_DATABASE/A_CAMERA/Focal_species/Gulo gulo/HFW12-F7/DM/2016/B&W/Robust marks/02.11-02.04/IMG_4088.JPG,IMG_4088.JPG,HFW12-F7_2016_201602110204_IMG_4088.jpg,0.888355553150177,822.9625854492188,278.0537109375,473.51519775390625,925.4266357421875,2048,1536,473,925
HFW12-F7,2016,201602110204,DM,0,/Volumes/Seagate Portable Drive/KYLE_AI_DATABASE/A_CAMERA/Focal_species/Gulo gulo/HFW12-F7/DM/2016/B&W/Robust marks/02.11-02.04/IMG_4089.JPG,IMG_4089.JPG,HFW12-F7_2016_201602110204_IMG_4089.jpg,0.9215962886810303,803.06005859375,170.5883331298828,473.07421875,1070.6832275390625,2048,1536,473,1070
HFW12-F7,2016,201602110204,DM,0,/Volumes/Seagate Portable Drive/KYLE_AI_DATABASE/A_CAMERA/Focal_species/Gulo gulo/HFW12-F7/DM/2016/B&W/Robust marks/02.11-02.04/IMG_4090.JPG,IMG_4090.JPG,HFW12-F7_2016_201602110204_IMG_4090.jpg,0.8599972128868103,710.0497436523438,190.66419982910156,576.4212036132812,1030.383056640625,2048,1536,576,1030
HFW12-F7,2016,201602110204,DM,0,/Volumes/Seagate Portable Drive/KYLE_AI_DATABASE/A_CAMERA/Focal_species/Gulo gulo/HFW12-F7/DM/2016/B&W/Robust marks/02.11-02.04/IMG_4091.JPG,IMG_4091.JPG,HFW12-F7_2016_201602110204_IMG_4091.jpg,0.9398841261863708,821.5704956054688,264.7070617675781,455.00665283203125,984.652099609375,2048,1536,455,984
HFW12-F7,2016,201602110204,DM,0,/Volumes/Seagate Portable Drive/KYLE_AI_DATABASE/A_CAMERA/Focal_species/Gulo gulo/HFW12-F7/DM/2016/B&W/Robust marks/02.11-02.04/IMG_4092.JPG,IMG_4092.JPG,HFW12-F7_2016_201602110204_IMG_4092.jpg,0.922753095626831,841.2798461914062,274.4869384765625,434.72723388671875,988.9205322265625,2048,1536,434,988
HFW12-F7,2016,201602110204,DM,0,/Volumes/Seagate Portable Drive/KYLE_AI_DATABASE/A_CAMERA/Focal_species/Gulo gulo/HFW12-F7/DM/2016/B&W/Robust marks/02.11-02.04/IMG_4093.JPG,IMG_4093.JPG,HFW12-F7_2016_201602110204_IMG_4093.jpg,0.851115345954895,806.1266479492188,198.58428955078125,454.57391357421875,1001.9802856445312,2048,1536,454,1001
HFW12-F7,2016,201602110204,DM,0,/Volumes/Seagate Portable Drive/KYLE_AI_DATABASE/A_CAMERA/Focal_species/Gulo gulo/HFW12-F7/DM/2016/B&W/Robust marks/02.11-02.04/IMG_4094.JPG,IMG_4094.JPG,HFW12-F7_2016_201602110204_IMG_4094.jpg,0.9133093953132629,823.0908813476562,191.77679443359375,446.12957763671875,997.1788940429688,2048,1536,446,997
HFW12-F7,2016,201602110204,DM,0,/Volumes/Seagate Portable Drive/KYLE_AI_DATABASE/A_CAMERA/Focal_species/Gulo gulo/HFW12-F7/DM/2016/B&W/Robust marks/02.11-02.04/IMG_4095.JPG,IMG_4095.JPG,HFW12-F7_2016_201602110204_IMG_4095.jpg,0.9273229837417603,667.9725341796875,208.4681854248047,603.7362060546875,946.5072631835938,2048,1536,603,946
HFW12-F7,2016,201602110204,DM,0,/Volumes/Seagate Portable Drive/KYLE_AI_DATABASE/A_CAMERA/Focal_species/Gulo gulo/HFW12-F7/DM/2016/B&W/Robust marks/02.11-02.04/IMG_4096.JPG,IMG_4096.JPG,HFW12-F7_2016_201602110204_IMG_4096.jpg,0.9065864086151123,767.0690307617188,191.10260009765625,511.50982666015625,1009.6622924804688,2048,1536,511,1009
HFW12-F7,2016,201602110204,DM,0,/Volumes/Seagate Portable Drive/KYLE_AI_DATABASE/A_CAMERA/Focal_species/Gulo gulo/HFW12-F7/DM/2016/B&W/Robust marks/02.11-02.04/IMG_4097.JPG,IMG_4097.JPG,HFW12-F7_2016_201602110204_IMG_4097.jpg,0.8864611983299255,802.21142578125,245.41543579101562,473.022705078125,1003.04248046875,2048,1536,473,1003
HFW12-F7,2016,201602110204,DM,0,/Volumes/Seagate Portable Drive/KYLE_AI_DATABASE/A_CAMERA/Focal_species/Gulo gulo/HFW12-F7/DM/2016/B&W/Robust marks/02.11-02.04/IMG_4098.JPG,IMG_4098.JPG,HFW12-F7_2016_201602110204_IMG_4098.jpg,0.8948172330856323,777.4090576171875,291.9520568847656,492.2545166015625,941.0194091796875,2048,1536,492,941
HFW12-F7,2016,201602110204,DM,0,/Volumes/Seagate Portable Drive/KYLE_AI_DATABASE/A_CAMERA/Focal_species/Gulo gulo/HFW12-F7/DM/2016/B&W/Robust marks/02.11-02.04/IMG_4099.JPG,IMG_4099.JPG,HFW12-F7_2016_201602110204_IMG_4099.jpg,0.9045878648757935,742.941650390625,294.83154296875,529.7916259765625,884.6484375,2048,1536,529,884
HFW12-F7,2016,201602110204,DM,0,/Volumes/Seagate Portable Drive/KYLE_AI_DATABASE/A_CAMERA/Focal_species/Gulo gulo/HFW12-F7/DM/2016/B&W/Robust marks/02.11-02.04/IMG_4100.JPG,IMG_4100.JPG,HFW12-F7_2016_201602110204_IMG_4100.jpg,0.9336966276168823,792.6483154296875,238.88470458984375,487.591796875,934.9634399414062,2048,1536,487,934
HFW12-F7,2016,201602110204,DM,0,/Volumes/Seagate Portable Drive/KYLE_AI_DATABASE/A_CAMERA/Focal_species/Gulo gulo/HFW12-F7/DM/2016/B&W/Robust marks/02.11-02.04/IMG_4101.JPG,IMG_4101.JPG,HFW12-F7_2016_201602110204_IMG_4101.jpg,0.9448850154876709,850.111572265625,221.07815551757812,435.065673828125,1037.6317138671875,2048,1536,435,1037
HFW12-F7,2016,201602110204,DM,0,/Volumes/Seagate Portable Drive/KYLE_AI_DATABASE/A_CAMERA/Focal_species/Gulo gulo/HFW12-F7/DM/2016/B&W/Robust marks/02.11-02.04/IMG_4102.JPG,IMG_4102.JPG,HFW12-F7_2016_201602110204_IMG_4102.jpg,0.9064143896102905,722.888427734375,191.57666015625,572.2420654296875,1036.9066162109375,2048,1536,572,1036
HFW12-F7,2016,201602110204,DM,0,/Volumes/Seagate Portable Drive/KYLE_AI_DATABASE/A_CAMERA/Focal_species/Gulo gulo/HFW12-F7/DM/2016/B&W/Robust marks/02.11-02.04/IMG_4103.JPG,IMG_4103.JPG,HFW12-F7_2016_201602110204_IMG_4103.jpg,0.9383977651596069,666.586669921875,253.53387451171875,619.7176513671875,914.5857543945312,2048,1536,619,914
HFW12-F7,2016,201602110204,DM,0,/Volumes/Seagate Portable Drive/KYLE_AI_DATABASE/A_CAMERA/Focal_species/Gulo gulo/HFW12-F7/DM/2016/B&W/Robust marks/02.11-02.04/IMG_4104.JPG,IMG_4104.JPG,HFW12-F7_2016_201602110204_IMG_4104.jpg,0.9317411184310913,739.02001953125,227.4031219482422,546.029052734375,967.4540405273438,2048,1536,546,967
HFW12-F7,2016,201602110204,DM,0,/Volumes/Seagate Portable Drive/KYLE_AI_DATABASE/A_CAMERA/Focal_species/Gulo gulo/HFW12-F7/DM/2016/B&W/Robust marks/02.11-02.04/IMG_4105.JPG,IMG_4105.JPG,HFW12-F7_2016_201602110204_IMG_4105.jpg,0.9066700339317322,768.716064453125,247.8248748779297,520.77587890625,960.8948364257812,2048,1536,520,960
HFW12-F7,2016,201602110204,DM,0,/Volumes/Seagate Portable Drive/KYLE_AI_DATABASE/A_CAMERA/Focal_species/Gulo gulo/HFW12-F7/DM/2016/B&W/Robust marks/02.11-02.04/IMG_4106.JPG,IMG_4106.JPG,HFW12-F7_2016_201602110204_IMG_4106.jpg,0.9212272763252258,664.6370849609375,227.04061889648438,620.61083984375,962.7540283203125,2048,1536,620,962
HFW12-F7,2016,201602110204,DM,0,/Volumes/Seagate Portable Drive/KYLE_AI_DATABASE/A_CAMERA/Focal_species/Gulo gulo/HFW12-F7/DM/2016/B&W/Robust marks/02.11-02.04/IMG_4107.JPG,IMG_4107.JPG,HFW12-F7_2016_201602110204_IMG_4107.jpg,0.9199909567832947,664.7171630859375,245.2068328857422,616.0594482421875,948.9484252929688,2048,1536,616,948
HFW12-F7,2016,201602110204,DM,0,/Volumes/Seagate Portable Drive/KYLE_AI_DATABASE/A_CAMERA/Focal_species/Gulo gulo/HFW12-F7/DM/2016/B&W/Robust marks/02.11-02.04/IMG_4108.JPG,IMG_4108.JPG,HFW12-F7_2016_201602110204_IMG_4108.jpg,0.9158689975738525,663.8239135742188,248.5613250732422,615.8123168945312,956.3019409179688,2048,1536,615,956
HFW12-F7,2016,201602110204,DM,0,/Volumes/Seagate Portable Drive/KYLE_AI_DATABASE/A_CAMERA/Focal_species/Gulo gulo/HFW12-F7/DM/2016/B&W/Robust marks/02.11-02.04/IMG_4109.JPG,IMG_4109.JPG,HFW12-F7_2016_201602110204_IMG_4109.jpg,0.9462063908576965,668.1630249023438,235.97598266601562,600.9107055664062,964.187744140625,2048,1536,600,964
HFW12-F7,2016,201602110204,DM,0,/Volumes/Seagate Portable Drive/KYLE_AI_DATABASE/A_CAMERA/Focal_species/Gulo gulo/HFW12-F7/DM/2016/B&W/Robust marks/02.11-02.04/IMG_4110.JPG,IMG_4110.JPG,HFW12-F7_2016_201602110204_IMG_4110.jpg,0.9470759630203247,628.1910400390625,48.76286315917969,631.0447998046875,1166.3994140625,2048,1536,631,1166
HFW12-F7,2016,201602110204,DM,0,/Volumes/Seagate Portable Drive/KYLE_AI_DATABASE/A_CAMERA/Focal_species/Gulo gulo/HFW12-F7/DM/2016/B&W/Robust marks/02.11-02.04/IMG_4111.JPG,IMG_4111.JPG,HFW12-F7_2016_201602110204_IMG_4111.jpg,0.8976538777351379,665.3251953125,284.30584716796875,611.91650390625,922.0918579101562,2048,1536,611,922
HFW12-F7,2016,201602110204,DM,0,/Volumes/Seagate Portable Drive/KYLE_AI_DATABASE/A_CAMERA/Focal_species/Gulo gulo/HFW12-F7/DM/2016/B&W/Robust marks/02.11-02.04/IMG_4112.JPG,IMG_4112.JPG,HFW12-F7_2016_201602110204_IMG_4112.jpg,0.9257071018218994,665.4652099609375,235.5193634033203,606.897216796875,980.1444702148438,2048,1536,606,980
HFW12-F7,2016,201602110204,DM,0,/Volumes/Seagate Portable Drive/KYLE_AI_DATABASE/A_CAMERA/Focal_species/Gulo gulo/HFW12-F7/DM/2016/B&W/Robust marks/02.11-02.04/IMG_4113.JPG,IMG_4113.JPG,HFW12-F7_2016_201602110204_IMG_4113.jpg,0.930070161819458,665.9530029296875,227.1060333251953,606.8177490234375,999.6989135742188,2048,1536,606,999
HFW12-F7,2016,201602110204,DM,0,/Volumes/Seagate Portable Drive/KYLE_AI_DATABASE/A_CAMERA/Focal_species/Gulo gulo/HFW12-F7/DM/2016/B&W/Robust marks/02.11-02.04/IMG_4114.JPG,IMG_4114.JPG,HFW12-F7_2016_201602110204_IMG_4114.jpg,0.9409726858139038,739.4998779296875,227.9439697265625,545.3798828125,1009.401123046875,2048,1536,545,1009
HFW12-F7,2016,201602110204,DM,0,/Volumes/Seagate Portable Drive/KYLE_AI_DATABASE/A_CAMERA/Focal_species/Gulo gulo/HFW12-F7/DM/2016/B&W/Robust marks/02.11-02.04/IMG_4115.JPG,IMG_4115.JPG,HFW12-F7_2016_201602110204_IMG_4115.jpg,0.9297564029693604,813.169921875,244.00534057617188,464.30322265625,988.34521484375,2048,1536,464,988
HFW12-F7,2016,201602110204,DM,0,/Volumes/Seagate Portable Drive/KYLE_AI_DATABASE/A_CAMERA/Focal_species/Gulo gulo/HFW12-F7/DM/2016/B&W/Robust marks/02.11-02.04/IMG_4116.JPG,IMG_4116.JPG,HFW12-F7_2016_201602110204_IMG_4116.jpg,0.923316240310669,865.6912231445312,235.7581787109375,408.78314208984375,1012.0882568359375,2048,1536,408,1012
HFW12-F7,2016,201602110204,DM,0,/Volumes/Seagate Portable Drive/KYLE_AI_DATABASE/A_CAMERA/Focal_species/Gulo gulo/HFW12-F7/DM/2016/B&W/Robust marks/02.11-02.04/IMG_4117.JPG,IMG_4117.JPG,HFW12-F7_2016_201602110204_IMG_4117.jpg,0.9363347291946411,698.63720703125,228.1666717529297,566.5560302734375,990.4768676757812,2048,1536,566,990
HFW12-F7,2016,201602110204,DM,0,/Volumes/Seagate Portable Drive/KYLE_AI_DATABASE/A_CAMERA/Focal_species/Gulo gulo/HFW12-F7/DM/2016/B&W/Robust marks/02.11-02.04/IMG_4118.JPG,IMG_4118.JPG,HFW12-F7_2016_201602110204_IMG_4118.jpg,0.9082143902778625,664.8677368164062,262.55096435546875,580.6012573242188,949.6897583007812,2048,1536,580,949
HFW12-F7,2016,201602110204,DM,0,/Volumes/Seagate Portable Drive/KYLE_AI_DATABASE/A_CAMERA/Focal_species/Gulo gulo/HFW12-F7/DM/2016/B&W/Robust marks/02.11-02.04/IMG_4119.JPG,IMG_4119.JPG,HFW12-F7_2016_201602110204_IMG_4119.jpg,0.9184334874153137,666.4813232421875,207.3585662841797,590.1201171875,1003.0325317382812,2048,1536,590,1003
HFW12-F7,2016,201602110204,DM,0,/Volumes/Seagate Portable Drive/KYLE_AI_DATABASE/A_CAMERA/Focal_species/Gulo gulo/HFW12-F7/DM/2016/B&W/Robust marks/02.11-02.04/IMG_4120.JPG,IMG_4120.JPG,HFW12-F7_2016_201602110204_IMG_4120.jpg,0.9263936877250671,755.8247680664062,230.4671630859375,506.68487548828125,1016.927734375,2048,1536,506,1016
HFW12-F7,2016,201602110204,DM,0,/Volumes/Seagate Portable Drive/KYLE_AI_DATABASE/A_CAMERA/Focal_species/Gulo gulo/HFW12-F7/DM/2016/B&W/Robust marks/02.11-02.04/IMG_4121.JPG,IMG_4121.JPG,HFW12-F7_2016_201602110204_IMG_4121.jpg,0.9196522235870361,665.25146484375,226.9676513671875,600.252685546875,968.5426025390625,2048,1536,600,968
HFW12-F7,2016,201602110204,DM,0,/Volumes/Seagate Portable Drive/KYLE_AI_DATABASE/A_CAMERA/Focal_species/Gulo gulo/HFW12-F7/DM/2016/B&W/Robust marks/02.11-02.04/IMG_4122.JPG,IMG_4122.JPG,HFW12-F7_2016_201602110204_IMG_4122.jpg,0.9256539940834045,665.8087768554688,311.98089599609375,600.8396606445312,887.0900268554688,2048,1536,600,887
HFW12-F7,2016,201602110204,DM,0,/Volumes/Seagate Portable Drive/KYLE_AI_DATABASE/A_CAMERA/Focal_species/Gulo gulo/HFW12-F7/DM/2016/B&W/Robust marks/02.11-02.04/IMG_4123.JPG,IMG_4123.JPG,HFW12-F7_2016_201602110204_IMG_4123.jpg,0.9272260665893555,667.2321166992188,224.14617919921875,599.4551391601562,972.5408325195312,2048,1536,599,972
HFW12-F7,2016,201602110204,DM,0,/Volumes/Seagate Portable Drive/KYLE_AI_DATABASE/A_CAMERA/Focal_species/Gulo gulo/HFW12-F7/DM/2016/B&W/Robust marks/02.11-02.04/IMG_4124.JPG,IMG_4124.JPG,HFW12-F7_2016_201602110204_IMG_4124.jpg,0.9192366600036621,667.8417358398438,257.4324645996094,597.0505981445312,957.3839111328125,2048,1536,597,957
HFW12-F7,2016,201602110204,DM,0,/Volumes/Seagate Portable Drive/KYLE_AI_DATABASE/A_CAMERA/Focal_species/Gulo gulo/HFW12-F7/DM/2016/B&W/Robust marks/02.11-02.04/IMG_4125.JPG,IMG_4125.JPG,HFW12-F7_2016_201602110204_IMG_4125.jpg,0.910192608833313,665.6444091796875,229.73391723632812,594.2750244140625,984.486328125,2048,1536,594,984
HFW12-F7,2016,201602110204,DM,0,/Volumes/Seagate Portable Drive/KYLE_AI_DATABASE/A_CAMERA/Focal_species/Gulo gulo/HFW12-F7/DM/2016/B&W/Robust marks/02.11-02.04/IMG_4126.JPG,IMG_4126.JPG,HFW12-F7_2016_201602110204_IMG_4126.jpg,0.9226920008659363,667.7705078125,248.01361083984375,592.73828125,950.6668090820312,2048,1536,592,950
HFW12-F7,2016,201602110204,DM,0,/Volumes/Seagate Portable Drive/KYLE_AI_DATABASE/A_CAMERA/Focal_species/Gulo gulo/HFW12-F7/DM/2016/B&W/Robust marks/02.11-02.04/IMG_4127.JPG,IMG_4127.JPG,HFW12-F7_2016_201602110204_IMG_4127.jpg,0.9141117334365845,701.528076171875,229.657470703125,565.1031494140625,983.0980224609375,2048,1536,565,983
HFW12-F7,2016,201602110204,DM,0,/Volumes/Seagate Portable Drive/KYLE_AI_DATABASE/A_CAMERA/Focal_species/Gulo gulo/HFW12-F7/DM/2016/B&W/Robust marks/02.11-02.04/IMG_4128.JPG,IMG_4128.JPG,HFW12-F7_2016_201602110204_IMG_4128.jpg,0.890471339225769,783.9766845703125,228.8144073486328,484.925537109375,996.9285278320312,2048,1536,484,996
HFW12-F7,2016,201602110204,DM,0,/Volumes/Seagate Portable Drive/KYLE_AI_DATABASE/A_CAMERA/Focal_species/Gulo gulo/HFW12-F7/DM/2016/B&W/Robust marks/02.11-02.04/IMG_4129.JPG,IMG_4129.JPG,HFW12-F7_2016_201602110204_IMG_4129.jpg,0.9263448119163513,842.9573974609375,235.74114990234375,425.470458984375,977.7297973632812,2048,1536,425,977
HFW12-F7,2016,201602110204,DM,0,/Volumes/Seagate Portable Drive/KYLE_AI_DATABASE/A_CAMERA/Focal_species/Gulo gulo/HFW12-F7/DM/2016/B&W/Robust marks/02.11-02.04/IMG_4130.JPG,IMG_4130.JPG,HFW12-F7_2016_201602110204_IMG_4130.jpg,0.9278435111045837,858.9471435546875,227.86541748046875,400.49267578125,1010.5242309570312,2048,1536,400,1010
HFW12-F7,2016,201602110204,DM,0,/Volumes/Seagate Portable Drive/KYLE_AI_DATABASE/A_CAMERA/Focal_species/Gulo gulo/HFW12-F7/DM/2016/B&W/Robust marks/02.11-02.04/IMG_4131.JPG,IMG_4131.JPG,HFW12-F7_2016_201602110204_IMG_4131.jpg,0.9068995714187622,774.899169921875,313.9529113769531,492.0177001953125,901.405517578125,2048,1536,492,901
HFW12-F7,2016,201602110204,DM,0,/Volumes/Seagate Portable Drive/KYLE_AI_DATABASE/A_CAMERA/Focal_species/Gulo gulo/HFW12-F7/DM/2016/B&W/Robust marks/02.11-02.04/IMG_4132.JPG,IMG_4132.JPG,HFW12-F7_2016_201602110204_IMG_4132.jpg,0.9043654203414917,776.1884155273438,301.989990234375,490.56829833984375,913.5352783203125,2048,1536,490,913
HFW12-F7,2016,201602110204,DM,0,/Volumes/Seagate Portable Drive/KYLE_AI_DATABASE/A_CAMERA/Focal_species/Gulo gulo/HFW12-F7/DM/2016/B&W/Robust marks/02.11-02.04/IMG_4133.JPG,IMG_4133.JPG,HFW12-F7_2016_201602110204_IMG_4133.jpg,0.9338288903236389,790.0849609375,323.7489013671875,476.583740234375,891.9493408203125,2048,1536,476,891
HFW12-F7,2016,201602110204,DM,0,/Volumes/Seagate Portable Drive/KYLE_AI_DATABASE/A_CAMERA/Focal_species/Gulo gulo/HFW12-F7/DM/2016/B&W/Robust marks/02.11-02.04/IMG_4134.JPG,IMG_4134.JPG,HFW12-F7_2016_201602110204_IMG_4134.jpg,0.9095430374145508,845.2587890625,238.55223083496094,419.936279296875,1005.856201171875,2048,1536,419,1005
HFW12-F7,2016,201602110204,DM,0,/Volumes/Seagate Portable Drive/KYLE_AI_DATABASE/A_CAMERA/Focal_species/Gulo gulo/HFW12-F7/DM/2016/B&W/Robust marks/02.11-02.04/IMG_4135.JPG,IMG_4135.JPG,HFW12-F7_2016_201602110204_IMG_4135.jpg,0.910346508026123,868.2315673828125,241.68905639648438,393.309326171875,1023.3516845703125,2048,1536,393,1023
HFW12-F7,2016,201602110204,DM,0,/Volumes/Seagate Portable Drive/KYLE_AI_DATABASE/A_CAMERA/Focal_species/Gulo gulo/HFW12-F7/DM/2016/B&W/Robust marks/02.11-02.04/IMG_4136.JPG,IMG_4136.JPG,HFW12-F7_2016_201602110204_IMG_4136.jpg,0.9351575374603271,843.8133544921875,243.15550231933594,418.255126953125,1016.0494384765625,2048,1536,418,1016
HFW12-F7,2016,201602110204,DM,0,/Volumes/Seagate Portable Drive/KYLE_AI_DATABASE/A_CAMERA/Focal_species/Gulo gulo/HFW12-F7/DM/2016/B&W/Robust marks/02.11-02.04/IMG_4137.JPG,IMG_4137.JPG,HFW12-F7_2016_201602110204_IMG_4137.jpg,0.922915518283844,793.239501953125,239.331298828125,469.057861328125,1011.647705078125,2048,1536,469,1011
HFW12-F7,2016,201602110204,DM,0,/Volumes/Seagate Portable Drive/KYLE_AI_DATABASE/A_CAMERA/Focal_species/Gulo gulo/HFW12-F7/DM/2016/B&W/Robust marks/02.11-02.04/IMG_4138.JPG,IMG_4138.JPG,HFW12-F7_2016_201602110204_IMG_4138.jpg,0.8988040089607239,772.3283081054688,260.80377197265625,456.87481689453125,977.3024291992188,2048,1536,456,977
HFW12-F7,2016,201602110204,DM,0,/Volumes/Seagate Portable Drive/KYLE_AI_DATABASE/A_CAMERA/Focal_species/Gulo gulo/HFW12-F7/DM/2016/B&W/Robust marks/02.11-02.04/IMG_4139.JPG,IMG_4139.JPG,HFW12-F7_2016_201602110204_IMG_4139.jpg,0.9194077253341675,731.6199951171875,243.3109130859375,487.757080078125,987.555908203125,2048,1536,487,987
HFW12-F7,2016,201602110204,DM,0,/Volumes/Seagate Portable Drive/KYLE_AI_DATABASE/A_CAMERA/Focal_species/Gulo gulo/HFW12-F7/DM/2016/B&W/Robust marks/02.11-02.04/IMG_4140.JPG,IMG_4140.JPG,HFW12-F7_2016_201602110204_IMG_4140.jpg,0.8820447325706482,700.816162109375,245.45082092285156,517.998779296875,986.9412841796875,2048,1536,517,986
HFW12-F7,2016,201602110204,DM,0,/Volumes/Seagate Portable Drive/KYLE_AI_DATABASE/A_CAMERA/Focal_species/Gulo gulo/HFW12-F7/DM/2016/B&W/Robust marks/02.11-02.04/IMG_4141.JPG,IMG_4141.JPG,HFW12-F7_2016_201602110204_IMG_4141.jpg,0.895449161529541,727.4495239257812,305.1828918457031,482.12420654296875,915.4454345703125,2048,1536,482,915
HFW12-F7,2016,201602110204,DM,0,/Volumes/Seagate Portable Drive/KYLE_AI_DATABASE/A_CAMERA/Focal_species/Gulo gulo/HFW12-F7/DM/2016/B&W/Robust marks/02.11-02.04/IMG_4142.JPG,IMG_4142.JPG,HFW12-F7_2016_201602110204_IMG_4142.jpg,0.8988019824028015,679.6612548828125,266.1184387207031,532.2747802734375,956.57080078125,2048,1536,532,956
HFW12-F7,2016,201602110204,DM,0,/Volumes/Seagate Portable Drive/KYLE_AI_DATABASE/A_CAMERA/Focal_species/Gulo gulo/HFW12-F7/DM/2016/B&W/Robust marks/02.11-02.04/IMG_4143.JPG,IMG_4143.JPG,HFW12-F7_2016_201602110204_IMG_4143.jpg,0.9161228537559509,718.8034057617188,301.0686950683594,487.38653564453125,924.7235107421875,2048,1536,487,924
HFW12-F7,2016,201602110204,DM,0,/Volumes/Seagate Portable Drive/KYLE_AI_DATABASE/A_CAMERA/Focal_species/Gulo gulo/HFW12-F7/DM/2016/B&W/Robust marks/02.11-02.04/IMG_4144.JPG,IMG_4144.JPG,HFW12-F7_2016_201602110204_IMG_4144.jpg,0.9062924981117249,737.0186767578125,312.9463806152344,465.1771240234375,917.5364990234375,2048,1536,465,917
HFW12-F7,2016,201602110204,DM,0,/Volumes/Seagate Portable Drive/KYLE_AI_DATABASE/A_CAMERA/Focal_species/Gulo gulo/HFW12-F7/DM/2016/B&W/Robust marks/02.11-02.04/IMG_4145.JPG,IMG_4145.JPG,HFW12-F7_2016_201602110204_IMG_4145.jpg,0.8878384232521057,757.8351440429688,305.9224548339844,447.59600830078125,923.869873046875,2048,1536,447,923
HFW12-F7,2016,201602110204,DM,0,/Volumes/Seagate Portable Drive/KYLE_AI_DATABASE/A_CAMERA/Focal_species/Gulo gulo/HFW12-F7/DM/2016/B&W/Robust marks/02.11-02.04/IMG_4146.JPG,IMG_4146.JPG,HFW12-F7_2016_201602110204_IMG_4146.jpg,0.9052500128746033,669.6011962890625,265.95068359375,556.916748046875,940.735107421875,2048,1536,556,940
HFW12-F7,2016,201602110204,DM,0,/Volumes/Seagate Portable Drive/KYLE_AI_DATABASE/A_CAMERA/Focal_species/Gulo gulo/HFW12-F7/DM/2016/B&W/Robust marks/02.11-02.04/IMG_4147.JPG,IMG_4147.JPG,HFW12-F7_2016_201602110204_IMG_4147.jpg,0.8996490240097046,671.8696899414062,313.2042236328125,522.2536010742188,857.877197265625,2048,1536,522,857
HFW12-F7,2016,201602110204,DM,0,/Volumes/Seagate Portable Drive/KYLE_AI_DATABASE/A_CAMERA/Focal_species/Gulo gulo/HFW12-F7/DM/2016/B&W/Robust marks/02.11-02.04/IMG_4148.JPG,IMG_4148.JPG,HFW12-F7_2016_201602110204_IMG_4148.jpg,0.9146743416786194,669.7498779296875,307.44012451171875,535.9920654296875,860.2059936523438,2048,1536,535,860
HFW12-F7,2016,201602110204,DM,0,/Volumes/Seagate Portable Drive/KYLE_AI_DATABASE/A_CAMERA/Focal_species/Gulo gulo/HFW12-F7/DM/2016/B&W/Robust marks/02.11-02.04/IMG_4149.JPG,IMG_4149.JPG,HFW12-F7_2016_201602110204_IMG_4149.jpg,0.9056276679039001,696.816162109375,316.33624267578125,504.8553466796875,836.9004516601562,2048,1536,504,836
HFW12-F7,2016,201602110204,DM,0,/Volumes/Seagate Portable Drive/KYLE_AI_DATABASE/A_CAMERA/Focal_species/Gulo gulo/HFW12-F7/DM/2016/B&W/Robust marks/02.11-02.04/IMG_4150.JPG,IMG_4150.JPG,HFW12-F7_2016_201602110204_IMG_4150.jpg,0.8966296911239624,749.4602661132812,303.4913635253906,463.35614013671875,859.6072998046875,2048,1536,463,859
HFW12-F7,2016,201602110204,DM,0,/Volumes/Seagate Portable Drive/KYLE_AI_DATABASE/A_CAMERA/Focal_species/Gulo gulo/HFW12-F7/DM/2016/B&W/Robust marks/02.11-02.04/IMG_4151.JPG,IMG_4151.JPG,HFW12-F7_2016_201602110204_IMG_4151.jpg,0.9352715611457825,719.6864013671875,322.69842529296875,487.43798828125,847.1787719726562,2048,1536,487,847
HFW12-F7,2016,201602110204,DM,0,/Volumes/Seagate Portable Drive/KYLE_AI_DATABASE/A_CAMERA/Focal_species/Gulo gulo/HFW12-F7/DM/2016/B&W/Robust marks/02.11-02.04/IMG_4152.JPG,IMG_4152.JPG,HFW12-F7_2016_201602110204_IMG_4152.jpg,0.9130516052246094,743.7284545898438,289.694580078125,471.35894775390625,891.09130859375,2048,1536,471,891
HFW12-F7,2016,201602110204,DM,0,/Volumes/Seagate Portable Drive/KYLE_AI_DATABASE/A_CAMERA/Focal_species/Gulo gulo/HFW12-F7/DM/2016/B&W/Robust marks/02.11-02.04/IMG_4153.JPG,IMG_4153.JPG,HFW12-F7_2016_201602110204_IMG_4153.jpg,0.9208040833473206,737.3697509765625,288.8465881347656,473.12060546875,895.040771484375,2048,1536,473,895
HFW12-F7,2016,201602110204,DM,0,/Volumes/Seagate Portable Drive/KYLE_AI_DATABASE/A_CAMERA/Focal_species/Gulo gulo/HFW12-F7/DM/2016/B&W/Robust marks/02.11-02.04/IMG_4154.JPG,IMG_4154.JPG,HFW12-F7_2016_201602110204_IMG_4154.jpg,0.9299075603485107,734.110107421875,320.51104736328125,483.0615234375,857.3783569335938,2048,1536,483,857
HFW12-F7,2016,201602110204,DM,0,/Volumes/Seagate Portable Drive/KYLE_AI_DATABASE/A_CAMERA/Focal_species/Gulo gulo/HFW12-F7/DM/2016/B&W/Robust marks/02.11-02.04/IMG_4155.JPG,IMG_4155.JPG,HFW12-F7_2016_201602110204_IMG_4155.jpg,0.9225079417228699,741.9692993164062,291.4998779296875,493.83233642578125,888.539306640625,2048,1536,493,888
HFW12-F7,2016,201602110204,DM,0,/Volumes/Seagate Portable Drive/KYLE_AI_DATABASE/A_CAMERA/Focal_species/Gulo gulo/HFW12-F7/DM/2016/B&W/Robust marks/02.11-02.04/IMG_4156.JPG,IMG_4156.JPG,HFW12-F7_2016_201602110204_IMG_4156.jpg,0.903270959854126,729.2890014648438,308.71783447265625,520.7461547851562,872.0036010742188,2048,1536,520,872
HFW12-F7,2016,201602110204,DM,0,/Volumes/Seagate Portable Drive/KYLE_AI_DATABASE/A_CAMERA/Focal_species/Gulo gulo/HFW12-F7/DM/2016/B&W/Robust marks/02.11-02.04/IMG_4157.JPG,IMG_4157.JPG,HFW12-F7_2016_201602110204_IMG_4157.jpg,0.9051931500434875,696.5948486328125,290.7750549316406,575.4664306640625,944.441650390625,2048,1536,575,944
HFW12-F7,2016,201602110204,DM,0,/Volumes/Seagate Portable Drive/KYLE_AI_DATABASE/A_CAMERA/Focal_species/Gulo gulo/HFW12-F7/DM/2016/B&W/Robust marks/02.11-02.04/IMG_4158.JPG,IMG_4158.JPG,HFW12-F7_2016_201602110204_IMG_4158.jpg,0.8946345448493958,695.5338134765625,291.7101745605469,574.5047607421875,921.446533203125,2048,1536,574,921
HFW12-F7,2016,201602110204,DM,0,/Volumes/Seagate Portable Drive/KYLE_AI_DATABASE/A_CAMERA/Focal_species/Gulo gulo/HFW12-F7/DM/2016/B&W/Robust marks/02.11-02.04/IMG_4159.JPG,IMG_4159.JPG,HFW12-F7_2016_201602110204_IMG_4159.jpg,0.9168688058853149,698.3753051757812,304.5050354003906,569.6574096679688,919.9859619140625,2048,1536,569,919
HFW12-F7,2016,201602110204,DM,0,/Volumes/Seagate Portable Drive/KYLE_AI_DATABASE/A_CAMERA/Focal_species/Gulo gulo/HFW12-F7/DM/2016/B&W/Robust marks/02.11-02.04/IMG_4160.JPG,IMG_4160.JPG,HFW12-F7_2016_201602110204_IMG_4160.jpg,0.9152448177337646,716.744873046875,297.8403625488281,548.8084716796875,925.519287109375,2048,1536,548,925
HFW12-F7,2016,201602110204,DM,0,/Volumes/Seagate Portable Drive/KYLE_AI_DATABASE/A_CAMERA/Focal_species/Gulo gulo/HFW12-F7/DM/2016/B&W/Robust marks/02.11-02.04/IMG_4161.JPG,IMG_4161.JPG,HFW12-F7_2016_201602110204_IMG_4161.jpg,0.9226391315460205,797.1129150390625,235.4857177734375,482.174560546875,943.4302978515625,2048,1536,482,943
HFW12-F7,2016,201602110204,DM,0,/Volumes/Seagate Portable Drive/KYLE_AI_DATABASE/A_CAMERA/Focal_species/Gulo gulo/HFW12-F7/DM/2016/B&W/Robust marks/02.11-02.04/IMG_4162.JPG,IMG_4162.JPG,HFW12-F7_2016_201602110204_IMG_4162.jpg,0.9017371535301208,862.6439208984375,272.7953796386719,415.890625,912.08935546875,2048,1536,415,912
HFW12-F7,2016,201602110204,DM,0,/Volumes/Seagate Portable Drive/KYLE_AI_DATABASE/A_CAMERA/Focal_species/Gulo gulo/HFW12-F7/DM/2016/B&W/Robust marks/02.11-02.04/IMG_4163.JPG,IMG_4163.JPG,HFW12-F7_2016_201602110204_IMG_4163.jpg,0.9178153276443481,816.8779296875,276.2851867675781,452.89501953125,902.3834228515625,2048,1536,452,902
HFW12-F7,2016,201602110204,DM,0,/Volumes/Seagate Portable Drive/KYLE_AI_DATABASE/A_CAMERA/Focal_species/Gulo gulo/HFW12-F7/DM/2016/B&W/Robust marks/02.11-02.04/IMG_4164.JPG,IMG_4164.JPG,HFW12-F7_2016_201602110204_IMG_4164.jpg,0.919338583946228,804.92529296875,254.52658081054688,461.0126953125,918.492919921875,2048,1536,461,918
HFW12-F7,2016,201602110204,DM,0,/Volumes/Seagate Portable Drive/KYLE_AI_DATABASE/A_CAMERA/Focal_species/Gulo gulo/HFW12-F7/DM/2016/B&W/Robust marks/02.11-02.04/IMG_4165.JPG,IMG_4165.JPG,HFW12-F7_2016_201602110204_IMG_4165.jpg,0.9063801169395447,821.95361328125,274.0456237792969,447.72265625,915.399169921875,2048,1536,447,915
HFW12-F7,2016,201602110204,DM,0,/Volumes/Seagate Portable Drive/KYLE_AI_DATABASE/A_CAMERA/Focal_species/Gulo gulo/HFW12-F7/DM/2016/B&W/Robust marks/02.11-02.04/IMG_4166.JPG,IMG_4166.JPG,HFW12-F7_2016_201602110204_IMG_4166.jpg,0.9261313676834106,819.568603515625,272.06378173828125,451.259033203125,927.4746704101562,2048,1536,451,927
HFW12-F7,2016,201602110204,DM,0,/Volumes/Seagate Portable Drive/KYLE_AI_DATABASE/A_CAMERA/Focal_species/Gulo gulo/HFW12-F7/DM/2016/B&W/Robust marks/02.11-02.04/IMG_4167.JPG,IMG_4167.JPG,HFW12-F7_2016_201602110204_IMG_4167.jpg,0.9434815049171448,751.455078125,31.613937377929688,566.3818359375,1120.1180419921875,2048,1536,566,1120
HFW12-F7,2016,201602110204,DM,0,/Volumes/Seagate Portable Drive/KYLE_AI_DATABASE/A_CAMERA/Focal_species/Gulo gulo/HFW12-F7/DM/2016/B&W/Robust marks/02.11-02.04/IMG_4168.JPG,IMG_4168.JPG,HFW12-F7_2016_201602110204_IMG_4168.jpg,0.9360524415969849,817.7327880859375,266.2369384765625,457.96240234375,850.7540283203125,2048,1536,457,850
HFW12-F7,2016,201602110204,DM,0,/Volumes/Seagate Portable Drive/KYLE_AI_DATABASE/A_CAMERA/Focal_species/Gulo gulo/HFW12-F7/DM/2016/B&W/Robust marks/02.11-02.04/IMG_4169.JPG,IMG_4169.JPG,HFW12-F7_2016_201602110204_IMG_4169.jpg,0.8819019198417664,846.3253784179688,282.56585693359375,404.79376220703125,902.8877563476562,2048,1536,404,902
HFW12-F7,2016,201602110204,DM,0,/Volumes/Seagate Portable Drive/KYLE_AI_DATABASE/A_CAMERA/Focal_species/Gulo gulo/HFW12-F7/DM/2016/B&W/Robust marks/02.11-02.04/IMG_4170.JPG,IMG_4170.JPG,HFW12-F7_2016_201602110204_IMG_4170.jpg,0.8990972638130188,845.4496459960938,211.85147094726562,400.79205322265625,1001.03955078125,2048,1536,400,1001
HFW12-F7,2016,201602110204,DM,0,/Volumes/Seagate Portable Drive/KYLE_AI_DATABASE/A_CAMERA/Focal_species/Gulo gulo/HFW12-F7/DM/2016/B&W/Robust marks/02.11-02.04/IMG_4171.JPG,IMG_4171.JPG,HFW12-F7_2016_201602110204_IMG_4171.jpg,0.9332101345062256,778.0655517578125,284.66778564453125,482.9840087890625,909.5105590820312,2048,1536,482,909
HFW12-F7,2016,201602110204,DM,0,/Volumes/Seagate Portable Drive/KYLE_AI_DATABASE/A_CAMERA/Focal_species/Gulo gulo/HFW12-F7/DM/2016/B&W/Robust marks/02.11-02.04/IMG_4172.JPG,IMG_4172.JPG,HFW12-F7_2016_201602110204_IMG_4172.jpg,0.9206305742263794,780.4666137695312,202.7186737060547,460.57598876953125,1000.0164184570312,2048,1536,460,1000
HFW12-F7,2016,201602110204,DM,0,/Volumes/Seagate Portable Drive/KYLE_AI_DATABASE/A_CAMERA/Focal_species/Gulo gulo/HFW12-F7/DM/2016/B&W/Robust marks/02.11-02.04/IMG_4173.JPG,IMG_4173.JPG,HFW12-F7_2016_201602110204_IMG_4173.jpg,0.927286684513092,752.0487670898438,197.3653106689453,491.90045166015625,997.8757934570312,2048,1536,491,997
HFW12-F7,2016,201602110204,DM,0,/Volumes/Seagate Portable Drive/KYLE_AI_DATABASE/A_CAMERA/Focal_species/Gulo gulo/HFW12-F7/DM/2016/B&W/Robust marks/02.11-02.04/IMG_4174.JPG,IMG_4174.JPG,HFW12-F7_2016_201602110204_IMG_4174.jpg,0.9465292692184448,723.0372314453125,203.17813110351562,524.7464599609375,978.4913330078125,2048,1536,524,978
HFW12-F7,2016,201602110204,DM,0,/Volumes/Seagate Portable Drive/KYLE_AI_DATABASE/A_CAMERA/Focal_species/Gulo gulo/HFW12-F7/DM/2016/B&W/Robust marks/02.11-02.04/IMG_4175.JPG,IMG_4175.JPG,HFW12-F7_2016_201602110204_IMG_4175.jpg,0.9185649752616882,720.353759765625,205.74961853027344,531.9915771484375,987.3355712890625,2048,1536,531,987
HFW12-F7,2016,201602110204,DM,0,/Volumes/Seagate Portable Drive/KYLE_AI_DATABASE/A_CAMERA/Focal_species/Gulo gulo/HFW12-F7/DM/2016/B&W/Robust marks/02.11-02.04/IMG_4176.JPG,IMG_4176.JPG,HFW12-F7_2016_201602110204_IMG_4176.jpg,0.9412673115730286,763.0961303710938,223.22213745117188,488.57745361328125,989.6630859375,2048,1536,488,989
HFW12-F7,2016,201602110204,DM,0,/Volumes/Seagate Portable Drive/KYLE_AI_DATABASE/A_CAMERA/Focal_species/Gulo gulo/HFW12-F7/DM/2016/B&W/Robust marks/02.11-02.04/IMG_4177.JPG,IMG_4177.JPG,HFW12-F7_2016_201602110204_IMG_4177.jpg,0.9182672500610352,767.1810913085938,218.2920684814453,492.22991943359375,962.2859497070312,2048,1536,492,962
HFW12-F7,2016,201602110204,DM,0,/Volumes/Seagate Portable Drive/KYLE_AI_DATABASE/A_CAMERA/Focal_species/Gulo gulo/HFW12-F7/DM/2016/B&W/Robust marks/02.11-02.04/IMG_4178.JPG,IMG_4178.JPG,HFW12-F7_2016_201602110204_IMG_4178.jpg,0.927298367023468,749.9580078125,256.716552734375,512.34619140625,921.2137451171875,2048,1536,512,921
HFW12-F7,2016,201602110204,DM,0,/Volumes/Seagate Portable Drive/KYLE_AI_DATABASE/A_CAMERA/Focal_species/Gulo gulo/HFW12-F7/DM/2016/B&W/Robust marks/02.11-02.04/IMG_4179.JPG,IMG_4179.JPG,HFW12-F7_2016_201602110204_IMG_4179.jpg,0.9385871887207031,749.656494140625,271.57373046875,506.531982421875,896.6083984375,2048,1536,506,896
HFW12-F7,2016,201602110204,DM,0,/Volumes/Seagate Portable Drive/KYLE_AI_DATABASE/A_CAMERA/Focal_species/Gulo gulo/HFW12-F7/DM/2016/B&W/Robust marks/02.11-02.04/IMG_4180.JPG,IMG_4180.JPG,HFW12-F7_2016_201602110204_IMG_4180.jpg,0.9479101896286011,765.38623046875,218.77899169921875,496.1177978515625,958.9411010742188,2048,1536,496,958
HFW12-F7,2016,201602110204,DM,0,/Volumes/Seagate Portable Drive/KYLE_AI_DATABASE/A_CAMERA/Focal_species/Gulo gulo/HFW12-F7/DM/2016/B&W/Robust marks/02.11-02.04/IMG_4181.JPG,IMG_4181.JPG,HFW12-F7_2016_201602110204_IMG_4181.jpg,0.911583662033081,665.93310546875,287.1177062988281,582.3892822265625,890.3720703125,2048,1536,582,890
HFW12-F7,2016,201602110204,DM,0,/Volumes/Seagate Portable Drive/KYLE_AI_DATABASE/A_CAMERA/Focal_species/Gulo gulo/HFW12-F7/DM/2016/B&W/Robust marks/02.11-02.04/IMG_4182.JPG,IMG_4182.JPG,HFW12-F7_2016_201602110204_IMG_4182.jpg,0.9136024117469788,666.7306518554688,285.882568359375,583.5071411132812,883.841552734375,2048,1536,583,883
HFW12-F7,2016,201602110204,DM,0,/Volumes/Seagate Portable Drive/KYLE_AI_DATABASE/A_CAMERA/Focal_species/Gulo gulo/HFW12-F7/DM/2016/B&W/Robust marks/02.11-02.04/IMG_4183.JPG,IMG_4183.JPG,HFW12-F7_2016_201602110204_IMG_4183.jpg,0.8735963106155396,668.7196044921875,243.243896484375,595.0465087890625,948.6502685546875,2048,1536,595,948
HFW12-F7,2016,201602110204,DM,0,/Volumes/Seagate Portable Drive/KYLE_AI_DATABASE/A_CAMERA/Focal_species/Gulo gulo/HFW12-F7/DM/2016/B&W/Robust marks/02.11-02.04/IMG_4184.JPG,IMG_4184.JPG,HFW12-F7_2016_201602110204_IMG_4184.jpg,0.9208773374557495,724.5184326171875,226.1144256591797,527.6446533203125,972.5617065429688,2048,1536,527,972
HFW12-F7,2016,201602110204,DM,0,/Volumes/Seagate Portable Drive/KYLE_AI_DATABASE/A_CAMERA/Focal_species/Gulo gulo/HFW12-F7/DM/2016/B&W/Robust marks/02.11-02.04/IMG_4185.JPG,IMG_4185.JPG,HFW12-F7_2016_201602110204_IMG_4185.jpg,0.9239334464073181,668.1641235351562,223.4322509765625,589.0910034179688,978.542236328125,2048,1536,589,978
HFW12-F7,2016,201602110204,DM,0,/Volumes/Seagate Portable Drive/KYLE_AI_DATABASE/A_CAMERA/Focal_species/Gulo gulo/HFW12-F7/DM/2016/B&W/Robust marks/02.11-02.04/IMG_4186.JPG,IMG_4186.JPG,HFW12-F7_2016_201602110204_IMG_4186.jpg,0.9125219583511353,666.1217041015625,225.005126953125,593.7974853515625,980.35888671875,2048,1536,593,980
HFW12-F7,2016,201602110204,DM,0,/Volumes/Seagate Portable Drive/KYLE_AI_DATABASE/A_CAMERA/Focal_species/Gulo gulo/HFW12-F7/DM/2016/B&W/Robust marks/02.11-02.04/IMG_4187.JPG,IMG_4187.JPG,HFW12-F7_2016_201602110204_IMG_4187.jpg,0.9389273524284363,755.5297241210938,224.49989318847656,509.25738525390625,995.4959716796875,2048,1536,509,995
HFW12-F7,2016,201602110204,DM,0,/Volumes/Seagate Portable Drive/KYLE_AI_DATABASE/A_CAMERA/Focal_species/Gulo gulo/HFW12-F7/DM/2016/B&W/Robust marks/02.11-02.04/IMG_4188.JPG,IMG_4188.JPG,HFW12-F7_2016_201602110204_IMG_4188.jpg,0.9215465784072876,830.0198364257812,240.43844604492188,435.85955810546875,1012.1939697265625,2048,1536,435,1012
HFW12-F7,2016,201602110204,DM,0,/Volumes/Seagate Portable Drive/KYLE_AI_DATABASE/A_CAMERA/Focal_species/Gulo gulo/HFW12-F7/DM/2016/B&W/Robust marks/02.11-02.04/IMG_4189.JPG,IMG_4189.JPG,HFW12-F7_2016_201602110204_IMG_4189.jpg,0.8928039073944092,861.8988037109375,228.1058807373047,407.66015625,1011.9550170898438,2048,1536,407,1011
HFW12-F7,2016,201602110204,DM,0,/Volumes/Seagate Portable Drive/KYLE_AI_DATABASE/A_CAMERA/Focal_species/Gulo gulo/HFW12-F7/DM/2016/B&W/Robust marks/02.11-02.04/IMG_4190.JPG,IMG_4190.JPG,HFW12-F7_2016_201602110204_IMG_4190.jpg,0.9322937726974487,863.7861328125,235.52618408203125,390.9033203125,1023.1098022460938,2048,1536,390,1023
HFW12-F7,2016,201602110204,DM,0,/Volumes/Seagate Portable Drive/KYLE_AI_DATABASE/A_CAMERA/Focal_species/Gulo gulo/HFW12-F7/DM/2016/B&W/Robust marks/02.11-02.04/IMG_4191.JPG,IMG_4191.JPG,HFW12-F7_2016_201602110204_IMG_4191.jpg,0.9218825101852417,765.8421630859375,319.70294189453125,497.9693603515625,925.0231323242188,2048,1536,497,925
HFW12-F7,2016,201602110204,DM,0,/Volumes/Seagate Portable Drive/KYLE_AI_DATABASE/A_CAMERA/Focal_species/Gulo gulo/HFW12-F7/DM/2016/B&W/Robust marks/02.11-02.04/IMG_4192.JPG,IMG_4192.JPG,HFW12-F7_2016_201602110204_IMG_4192.jpg,0.8953137397766113,754.1920166015625,237.7030792236328,500.4395751953125,988.0147094726562,2048,1536,500,988
HFW12-F7,2016,201602110204,DM,0,/Volumes/Seagate Portable Drive/KYLE_AI_DATABASE/A_CAMERA/Focal_species/Gulo gulo/HFW12-F7/DM/2016/B&W/Robust marks/02.11-02.04/IMG_4193.JPG,IMG_4193.JPG,HFW12-F7_2016_201602110204_IMG_4193.jpg,0.9352163076400757,742.251708984375,229.28265380859375,513.961181640625,984.6683959960938,2048,1536,513,984
HFW12-F7,2016,201602110204,DM,0,/Volumes/Seagate Portable Drive/KYLE_AI_DATABASE/A_CAMERA/Focal_species/Gulo gulo/HFW12-F7/DM/2016/B&W/Robust marks/02.11-02.04/IMG_4194.JPG,IMG_4194.JPG,HFW12-F7_2016_201602110204_IMG_4194.jpg,0.9131820201873779,747.4946899414062,300.32073974609375,510.08599853515625,911.3333129882812,2048,1536,510,911
HFW12-F7,2016,201602110204,DM,0,/Volumes/Seagate Portable Drive/KYLE_AI_DATABASE/A_CAMERA/Focal_species/Gulo gulo/HFW12-F7/DM/2016/B&W/Robust marks/02.11-02.04/IMG_4195.JPG,IMG_4195.JPG,HFW12-F7_2016_201602110204_IMG_4195.jpg,0.8998332023620605,788.2473754882812,235.4817352294922,480.60015869140625,994.6486206054688,2048,1536,480,994
HFW12-F7,2016,201602110204,DM,0,/Volumes/Seagate Portable Drive/KYLE_AI_DATABASE/A_CAMERA/Focal_species/Gulo gulo/HFW12-F7/DM/2016/B&W/Robust marks/02.11-02.04/IMG_4196.JPG,IMG_4196.JPG,HFW12-F7_2016_201602110204_IMG_4196.jpg,0.9152387380599976,744.6644287109375,253.47203063964844,503.892822265625,959.2052001953125,2048,1536,503,959
HFW12-F7,2016,201602110204,DM,0,/Volumes/Seagate Portable Drive/KYLE_AI_DATABASE/A_CAMERA/Focal_species/Gulo gulo/HFW12-F7/DM/2016/B&W/Robust marks/02.11-02.04/IMG_4197.JPG,IMG_4197.JPG,HFW12-F7_2016_201602110204_IMG_4197.jpg,0.908123254776001,740.2183837890625,271.4543151855469,524.7249755859375,1007.7701416015625,2048,1536,524,1007
HFW12-F7,2016,201602110204,DM,0,/Volumes/Seagate Portable Drive/KYLE_AI_DATABASE/A_CAMERA/Focal_species/Gulo gulo/HFW12-F7/DM/2016/B&W/Robust marks/02.11-02.04/IMG_4198.JPG,IMG_4198.JPG,HFW12-F7_2016_201602110204_IMG_4198.jpg,0.9050065279006958,815.4793090820312,284.359619140625,445.64154052734375,1011.3310546875,2048,1536,445,1011
HFW12-F7,2016,201602110204,DM,0,/Volumes/Seagate Portable Drive/KYLE_AI_DATABASE/A_CAMERA/Focal_species/Gulo gulo/HFW12-F7/DM/2016/B&W/Robust marks/02.11-02.04/IMG_4199.JPG,IMG_4199.JPG,HFW12-F7_2016_201602110204_IMG_4199.jpg,0.9113402366638184,806.7843017578125,245.14938354492188,457.414306640625,1048.4554443359375,2048,1536,457,1048
HFW12-F7,2016,201602110204,DM,0,/Volumes/Seagate Portable Drive/KYLE_AI_DATABASE/A_CAMERA/Focal_species/Gulo gulo/HFW12-F7/DM/2016/B&W/Robust marks/02.11-02.04/IMG_4200.JPG,IMG_4200.JPG,HFW12-F7_2016_201602110204_IMG_4200.jpg,0.8627260327339172,744.4827270507812,261.34759521484375,511.99896240234375,1036.319091796875,2048,1536,511,1036
HFW12-F7,2016,201602110204,DM,0,/Volumes/Seagate Portable Drive/KYLE_AI_DATABASE/A_CAMERA/Focal_species/Gulo gulo/HFW12-F7/DM/2016/B&W/Robust marks/02.11-02.04/IMG_4201.JPG,IMG_4201.JPG,HFW12-F7_2016_201602110204_IMG_4201.jpg,0.927081823348999,743.4764404296875,313.960205078125,495.010986328125,983.041259765625,2048,1536,495,983
HFW12-F7,2016,201602110204,DM,0,/Volumes/Seagate Portable Drive/KYLE_AI_DATABASE/A_CAMERA/Focal_species/Gulo gulo/HFW12-F7/DM/2016/B&W/Robust marks/02.11-02.04/IMG_4202.JPG,IMG_4202.JPG,HFW12-F7_2016_201602110204_IMG_4202.jpg,0.917988657951355,800.657470703125,683.1513061523438,541.432861328125,664.4133911132812,2048,1536,541,664
HFW12-F7,2016,201602110204,DM,0,/Volumes/Seagate Portable Drive/KYLE_AI_DATABASE/A_CAMERA/Focal_species/Gulo gulo/HFW12-F7/DM/2016/B&W/Robust marks/02.11-02.04/IMG_4204.JPG,IMG_4204.JPG,HFW12-F7_2016_201602110204_IMG_4204.jpg,0.9318583011627197,968.6283569335938,808.5604248046875,420.77899169921875,693.1661376953125,2048,1536,420,693
HFW12-F7,2016,201602110204,DM,0,/Volumes/Seagate Portable Drive/KYLE_AI_DATABASE/A_CAMERA/Focal_species/Gulo gulo/HFW12-F7/DM/2016/B&W/Robust marks/02.11-02.04/IMG_4205.JPG,IMG_4205.JPG,HFW12-F7_2016_201602110204_IMG_4205.jpg,0.9245877265930176,738.7996826171875,735.2537841796875,708.02294921875,577.1705322265625,2048,1536,708,577
HFW12-F7,2016,201602110204,DM,0,/Volumes/Seagate Portable Drive/KYLE_AI_DATABASE/A_CAMERA/Focal_species/Gulo gulo/HFW12-F7/DM/2016/B&W/Robust marks/02.11-02.04/IMG_4206.JPG,IMG_4206.JPG,HFW12-F7_2016_201602110204_IMG_4206.jpg,0.8495543003082275,621.38134765625,712.5640869140625,779.9056396484375,457.5157470703125,2048,1536,779,457
HFW12-F7,2016,201602110204,DM,0,/Volumes/Seagate Portable Drive/KYLE_AI_DATABASE/A_CAMERA/Focal_species/Gulo gulo/HFW12-F7/DM/2016/B&W/Robust marks/02.11-02.04/IMG_4208.JPG,IMG_4208.JPG,HFW12-F7_2016_201602110204_IMG_4208.jpg,0.8429186344146729,621.3380737304688,713.916259765625,663.7454223632812,459.9473876953125,2048,1536,663,459
HFW12-F7,2016,201602110204,DM,0,/Volumes/Seagate Portable Drive/KYLE_AI_DATABASE/A_CAMERA/Focal_species/Gulo gulo/HFW12-F7/DM/2016/B&W/Robust marks/02.11-02.04/IMG_4209.JPG,IMG_4209.JPG,HFW12-F7_2016_201602110204_IMG_4209.jpg,0.9003495573997498,613.8373413085938,756.4833984375,596.9863891601562,390.088134765625,2048,1536,596,390
