id,year,ymdh,station,color,original_path,original_filename,crop_filename,confidence,bbox_x,bbox_y,bbox_width,bbox_height,image_width,image_height,crop_width,crop_height
HFW12-F7,2016,201603091108,HC,1,/Volumes/Seagate Portable Drive/KYLE_AI_DATABASE/A_CAMERA/Focal_species/Gulo gulo/HFW12-F7/HC/2016/COLOR/Robust marks/03.09-11.08/IMG_2641.JPG,IMG_2641.JPG,HFW12-F7_2016_201603091108_IMG_2641.jpg,0.9503337144851685,1343.453369140625,1101.876220703125,703.184326171875,400.390869140625,2048,1536,703,400
HFW12-F7,2016,201603091108,HC,1,/Volumes/Seagate Portable Drive/KYLE_AI_DATABASE/A_CAMERA/Focal_species/Gulo gulo/HFW12-F7/HC/2016/COLOR/Robust marks/03.09-11.08/IMG_2642.JPG,IMG_2642.JPG,HFW12-F7_2016_201603091108_IMG_2642.jpg,0.9646008610725403,1062.497802734375,1143.037353515625,983.481689453125,358.869140625,2048,1536,983,358
HFW12-F7,2016,201603091108,HC,1,/Volumes/Seagate Portable Drive/KYLE_AI_DATABASE/A_CAMERA/Focal_species/Gulo gulo/HFW12-F7/HC/2016/COLOR/Robust marks/03.09-11.08/IMG_2643.JPG,IMG_2643.JPG,HFW12-F7_2016_201603091108_IMG_2643.jpg,0.9547278881072998,661.64697265625,1096.3818359375,1121.188720703125,405.048828125,2048,1536,1121,405
HFW12-F7,2016,201603091108,HC,1,/Volumes/Seagate Portable Drive/KYLE_AI_DATABASE/A_CAMERA/Focal_species/Gulo gulo/HFW12-F7/HC/2016/COLOR/Robust marks/03.09-11.08/IMG_2644.JPG,IMG_2644.JPG,HFW12-F7_2016_201603091108_IMG_2644.jpg,0.959463894367218,785.365478515625,1060.037353515625,962.705810546875,441.843017578125,2048,1536,962,441
HFW12-F7,2016,201603091108,HC,1,/Volumes/Seagate Portable Drive/KYLE_AI_DATABASE/A_CAMERA/Focal_species/Gulo gulo/HFW12-F7/HC/2016/COLOR/Robust marks/03.09-11.08/IMG_2645.JPG,IMG_2645.JPG,HFW12-F7_2016_201603091108_IMG_2645.jpg,0.9576972126960754,797.0191650390625,1051.7091064453125,961.46826171875,450.1082763671875,2048,1536,961,450
HFW12-F7,2016,201603091108,HC,1,/Volumes/Seagate Portable Drive/KYLE_AI_DATABASE/A_CAMERA/Focal_species/Gulo gulo/HFW12-F7/HC/2016/COLOR/Robust marks/03.09-11.08/IMG_2646.JPG,IMG_2646.JPG,HFW12-F7_2016_201603091108_IMG_2646.jpg,0.9674386382102966,789.306884765625,899.309814453125,978.243896484375,603.3143310546875,2048,1536,978,603
HFW12-F7,2016,201603091108,HC,1,/Volumes/Seagate Portable Drive/KYLE_AI_DATABASE/A_CAMERA/Focal_species/Gulo gulo/HFW12-F7/HC/2016/COLOR/Robust marks/03.09-11.08/IMG_2647.JPG,IMG_2647.JPG,HFW12-F7_2016_201603091108_IMG_2647.jpg,0.918515145778656,884.3570556640625,866.91796875,913.718017578125,635.53857421875,2048,1536,913,635
HFW12-F7,2016,201603091108,HC,1,/Volumes/Seagate Portable Drive/KYLE_AI_DATABASE/A_CAMERA/Focal_species/Gulo gulo/HFW12-F7/HC/2016/COLOR/Robust marks/03.09-11.08/IMG_2648.JPG,IMG_2648.JPG,HFW12-F7_2016_201603091108_IMG_2648.jpg,0.9593251943588257,1308.7379150390625,1135.0203857421875,736.5595703125,367.0880126953125,2048,1536,736,367
HFW12-F7,2016,201603091108,HC,1,/Volumes/Seagate Portable Drive/KYLE_AI_DATABASE/A_CAMERA/Focal_species/Gulo gulo/HFW12-F7/HC/2016/COLOR/Robust marks/03.09-11.08/IMG_2649.JPG,IMG_2649.JPG,HFW12-F7_2016_201603091108_IMG_2649.jpg,0.913857102394104,1394.055419921875,1203.624755859375,418.4140625,299.097900390625,2048,1536,418,299
HFW12-F7,2016,201603091108,HC,1,/Volumes/Seagate Portable Drive/KYLE_AI_DATABASE/A_CAMERA/Focal_species/Gulo gulo/HFW12-F7/HC/2016/COLOR/Robust marks/03.09-11.08/IMG_2650.JPG,IMG_2650.JPG,HFW12-F7_2016_201603091108_IMG_2650.jpg,0.966399073600769,1324.3267822265625,1182.3033447265625,419.10498046875,320.3851318359375,2048,1536,419,320
HFW12-F7,2016,201603091108,HC,1,/Volumes/Seagate Portable Drive/KYLE_AI_DATABASE/A_CAMERA/Focal_species/Gulo gulo/HFW12-F7/HC/2016/COLOR/Robust marks/03.09-11.08/IMG_2651.JPG,IMG_2651.JPG,HFW12-F7_2016_201603091108_IMG_2651.jpg,0.9110023379325867,734.7269287109375,656.5386962890625,321.6756591796875,682.950927734375,2048,1536,321,682
HFW12-F7,2016,201603091108,HC,1,/Volumes/Seagate Portable Drive/KYLE_AI_DATABASE/A_CAMERA/Focal_species/Gulo gulo/HFW12-F7/HC/2016/COLOR/Robust marks/03.09-11.08/IMG_2652.JPG,IMG_2652.JPG,HFW12-F7_2016_201603091108_IMG_2652.jpg,0.8930734992027283,787.1679077148438,712.8715209960938,364.53692626953125,635.6023559570312,2048,1536,364,635
HFW12-F7,2016,201603091108,HC,1,/Volumes/Seagate Portable Drive/KYLE_AI_DATABASE/A_CAMERA/Focal_species/Gulo gulo/HFW12-F7/HC/2016/COLOR/Robust marks/03.09-11.08/IMG_2653.JPG,IMG_2653.JPG,HFW12-F7_2016_201603091108_IMG_2653.jpg,0.8910515904426575,936.1028442382812,238.2271270751953,340.63592529296875,914.3276977539062,2048,1536,340,914
HFW12-F7,2016,201603091108,HC,1,/Volumes/Seagate Portable Drive/KYLE_AI_DATABASE/A_CAMERA/Focal_species/Gulo gulo/HFW12-F7/HC/2016/COLOR/Robust marks/03.09-11.08/IMG_2654.JPG,IMG_2654.JPG,HFW12-F7_2016_201603091108_IMG_2654.jpg,0.8836405873298645,946.1629638671875,270.20916748046875,314.29736328125,779.0558471679688,2048,1536,314,779
HFW12-F7,2016,201603091108,HC,1,/Volumes/Seagate Portable Drive/KYLE_AI_DATABASE/A_CAMERA/Focal_species/Gulo gulo/HFW12-F7/HC/2016/COLOR/Robust marks/03.09-11.08/IMG_2655.JPG,IMG_2655.JPG,HFW12-F7_2016_201603091108_IMG_2655.jpg,0.9020215272903442,936.3892211914062,265.61865234375,335.78948974609375,770.5206298828125,2048,1536,335,770
HFW12-F7,2016,201603091108,HC,1,/Volumes/Seagate Portable Drive/KYLE_AI_DATABASE/A_CAMERA/Focal_species/Gulo gulo/HFW12-F7/HC/2016/COLOR/Robust marks/03.09-11.08/IMG_2656.JPG,IMG_2656.JPG,HFW12-F7_2016_201603091108_IMG_2656.jpg,0.8627565503120422,941.7109985351562,262.8289794921875,371.16351318359375,818.0482177734375,2048,1536,371,818
HFW12-F7,2016,201603091108,HC,1,/Volumes/Seagate Portable Drive/KYLE_AI_DATABASE/A_CAMERA/Focal_species/Gulo gulo/HFW12-F7/HC/2016/COLOR/Robust marks/03.09-11.08/IMG_2657.JPG,IMG_2657.JPG,HFW12-F7_2016_201603091108_IMG_2657.jpg,0.8617945909500122,946.2317504882812,251.06369018554688,377.54473876953125,805.49169921875,2048,1536,377,805
HFW12-F7,2016,201603091108,HC,1,/Volumes/Seagate Portable Drive/KYLE_AI_DATABASE/A_CAMERA/Focal_species/Gulo gulo/HFW12-F7/HC/2016/COLOR/Robust marks/03.09-11.08/IMG_2658.JPG,IMG_2658.JPG,HFW12-F7_2016_201603091108_IMG_2658.jpg,0.8821849822998047,948.7164916992188,185.59767150878906,340.48797607421875,864.427490234375,2048,1536,340,864
HFW12-F7,2016,201603091108,HC,1,/Volumes/Seagate Portable Drive/KYLE_AI_DATABASE/A_CAMERA/Focal_species/Gulo gulo/HFW12-F7/HC/2016/COLOR/Robust marks/03.09-11.08/IMG_2659.JPG,IMG_2659.JPG,HFW12-F7_2016_201603091108_IMG_2659.jpg,0.8680839538574219,948.8245239257812,130.4557342529297,350.74871826171875,849.9229736328125,2048,1536,350,849
HFW12-F7,2016,201603091108,HC,1,/Volumes/Seagate Portable Drive/KYLE_AI_DATABASE/A_CAMERA/Focal_species/Gulo gulo/HFW12-F7/HC/2016/COLOR/Robust marks/03.09-11.08/IMG_2660.JPG,IMG_2660.JPG,HFW12-F7_2016_201603091108_IMG_2660.jpg,0.902280867099762,953.2392578125,273.61151123046875,394.907470703125,722.3161010742188,2048,1536,394,722
HFW12-F7,2016,201603091108,HC,1,/Volumes/Seagate Portable Drive/KYLE_AI_DATABASE/A_CAMERA/Focal_species/Gulo gulo/HFW12-F7/HC/2016/COLOR/Robust marks/03.09-11.08/IMG_2661.JPG,IMG_2661.JPG,HFW12-F7_2016_201603091108_IMG_2661.jpg,0.9145699739456177,956.2705078125,249.6294708251953,404.156982421875,800.4682006835938,2048,1536,404,800
HFW12-F7,2016,201603091108,HC,1,/Volumes/Seagate Portable Drive/KYLE_AI_DATABASE/A_CAMERA/Focal_species/Gulo gulo/HFW12-F7/HC/2016/COLOR/Robust marks/03.09-11.08/IMG_2662.JPG,IMG_2662.JPG,HFW12-F7_2016_201603091108_IMG_2662.jpg,0.9265771508216858,956.6236572265625,263.3339538574219,407.4013671875,838.3306884765625,2048,1536,407,838
HFW12-F7,2016,201603091108,HC,1,/Volumes/Seagate Portable Drive/KYLE_AI_DATABASE/A_CAMERA/Focal_species/Gulo gulo/HFW12-F7/HC/2016/COLOR/Robust marks/03.09-11.08/IMG_2663.JPG,IMG_2663.JPG,HFW12-F7_2016_201603091108_IMG_2663.jpg,0.9123587608337402,935.0552978515625,300.3020324707031,436.443359375,749.1849365234375,2048,1536,436,749
HFW12-F7,2016,201603091108,HC,1,/Volumes/Seagate Portable Drive/KYLE_AI_DATABASE/A_CAMERA/Focal_species/Gulo gulo/HFW12-F7/HC/2016/COLOR/Robust marks/03.09-11.08/IMG_2664.JPG,IMG_2664.JPG,HFW12-F7_2016_201603091108_IMG_2664.jpg,0.885090708732605,831.0280151367188,282.9630126953125,540.9351196289062,692.4074096679688,2048,1536,540,692
HFW12-F7,2016,201603091108,HC,1,/Volumes/Seagate Portable Drive/KYLE_AI_DATABASE/A_CAMERA/Focal_species/Gulo gulo/HFW12-F7/HC/2016/COLOR/Robust marks/03.09-11.08/IMG_2665.JPG,IMG_2665.JPG,HFW12-F7_2016_201603091108_IMG_2665.jpg,0.9521955847740173,834.6701049804688,292.11614990234375,496.75079345703125,751.8998413085938,2048,1536,496,751
HFW12-F7,2016,201603091108,HC,1,/Volumes/Seagate Portable Drive/KYLE_AI_DATABASE/A_CAMERA/Focal_species/Gulo gulo/HFW12-F7/HC/2016/COLOR/Robust marks/03.09-11.08/IMG_2666.JPG,IMG_2666.JPG,HFW12-F7_2016_201603091108_IMG_2666.jpg,0.9477095007896423,834.1167602539062,282.55657958984375,494.33685302734375,759.2534790039062,2048,1536,494,759
HFW12-F7,2016,201603091108,HC,1,/Volumes/Seagate Portable Drive/KYLE_AI_DATABASE/A_CAMERA/Focal_species/Gulo gulo/HFW12-F7/HC/2016/COLOR/Robust marks/03.09-11.08/IMG_2667.JPG,IMG_2667.JPG,HFW12-F7_2016_201603091108_IMG_2667.jpg,0.9401466250419617,834.1419677734375,278.41363525390625,499.77685546875,765.0468139648438,2048,1536,499,765
HFW12-F7,2016,201603091108,HC,1,/Volumes/Seagate Portable Drive/KYLE_AI_DATABASE/A_CAMERA/Focal_species/Gulo gulo/HFW12-F7/HC/2016/COLOR/Robust marks/03.09-11.08/IMG_2668.JPG,IMG_2668.JPG,HFW12-F7_2016_201603091108_IMG_2668.jpg,0.9518195986747742,832.4552001953125,286.337646484375,515.01611328125,758.08154296875,2048,1536,515,758
HFW12-F7,2016,201603091108,HC,1,/Volumes/Seagate Portable Drive/KYLE_AI_DATABASE/A_CAMERA/Focal_species/Gulo gulo/HFW12-F7/HC/2016/COLOR/Robust marks/03.09-11.08/IMG_2669.JPG,IMG_2669.JPG,HFW12-F7_2016_201603091108_IMG_2669.jpg,0.939942479133606,835.590087890625,302.78131103515625,491.416259765625,738.7199096679688,2048,1536,491,738
HFW12-F7,2016,201603091108,HC,1,/Volumes/Seagate Portable Drive/KYLE_AI_DATABASE/A_CAMERA/Focal_species/Gulo gulo/HFW12-F7/HC/2016/COLOR/Robust marks/03.09-11.08/IMG_2670.JPG,IMG_2670.JPG,HFW12-F7_2016_201603091108_IMG_2670.jpg,0.9372177720069885,837.7853393554688,297.41851806640625,485.28265380859375,692.5546264648438,2048,1536,485,692
HFW12-F7,2016,201603091108,HC,1,/Volumes/Seagate Portable Drive/KYLE_AI_DATABASE/A_CAMERA/Focal_species/Gulo gulo/HFW12-F7/HC/2016/COLOR/Robust marks/03.09-11.08/IMG_2671.JPG,IMG_2671.JPG,HFW12-F7_2016_201603091108_IMG_2671.jpg,0.9461314678192139,840.9976196289062,275.5406494140625,469.00665283203125,695.8549194335938,2048,1536,469,695
HFW12-F7,2016,201603091108,HC,1,/Volumes/Seagate Portable Drive/KYLE_AI_DATABASE/A_CAMERA/Focal_species/Gulo gulo/HFW12-F7/HC/2016/COLOR/Robust marks/03.09-11.08/IMG_2672.JPG,IMG_2672.JPG,HFW12-F7_2016_201603091108_IMG_2672.jpg,0.9483708143234253,839.4486083984375,302.13299560546875,541.65234375,694.4511108398438,2048,1536,541,694
HFW12-F7,2016,201603091108,HC,1,/Volumes/Seagate Portable Drive/KYLE_AI_DATABASE/A_CAMERA/Focal_species/Gulo gulo/HFW12-F7/HC/2016/COLOR/Robust marks/03.09-11.08/IMG_2673.JPG,IMG_2673.JPG,HFW12-F7_2016_201603091108_IMG_2673.jpg,0.9581587314605713,839.1753540039062,298.3790588378906,517.2782592773438,672.2857666015625,2048,1536,517,672
HFW12-F7,2016,201603091108,HC,1,/Volumes/Seagate Portable Drive/KYLE_AI_DATABASE/A_CAMERA/Focal_species/Gulo gulo/HFW12-F7/HC/2016/COLOR/Robust marks/03.09-11.08/IMG_2674.JPG,IMG_2674.JPG,HFW12-F7_2016_201603091108_IMG_2674.jpg,0.9265608787536621,840.4161376953125,314.4637451171875,521.361572265625,658.1582641601562,2048,1536,521,658
HFW12-F7,2016,201603091108,HC,1,/Volumes/Seagate Portable Drive/KYLE_AI_DATABASE/A_CAMERA/Focal_species/Gulo gulo/HFW12-F7/HC/2016/COLOR/Robust marks/03.09-11.08/IMG_2675.JPG,IMG_2675.JPG,HFW12-F7_2016_201603091108_IMG_2675.jpg,0.9591048359870911,840.2640380859375,205.32252502441406,512.575927734375,765.9155883789062,2048,1536,512,765
HFW12-F7,2016,201603091108,HC,1,/Volumes/Seagate Portable Drive/KYLE_AI_DATABASE/A_CAMERA/Focal_species/Gulo gulo/HFW12-F7/HC/2016/COLOR/Robust marks/03.09-11.08/IMG_2676.JPG,IMG_2676.JPG,HFW12-F7_2016_201603091108_IMG_2676.jpg,0.9332036972045898,842.312255859375,303.7554016113281,505.96484375,674.0023193359375,2048,1536,505,674
HFW12-F7,2016,201603091108,HC,1,/Volumes/Seagate Portable Drive/KYLE_AI_DATABASE/A_CAMERA/Focal_species/Gulo gulo/HFW12-F7/HC/2016/COLOR/Robust marks/03.09-11.08/IMG_2677.JPG,IMG_2677.JPG,HFW12-F7_2016_201603091108_IMG_2677.jpg,0.8932576775550842,840.9785766601562,304.16192626953125,507.47625732421875,674.4993286132812,2048,1536,507,674
HFW12-F7,2016,201603091108,HC,1,/Volumes/Seagate Portable Drive/KYLE_AI_DATABASE/A_CAMERA/Focal_species/Gulo gulo/HFW12-F7/HC/2016/COLOR/Robust marks/03.09-11.08/IMG_2678.JPG,IMG_2678.JPG,HFW12-F7_2016_201603091108_IMG_2678.jpg,0.8554266691207886,842.2732543945312,221.25704956054688,507.74310302734375,763.0543212890625,2048,1536,507,763
HFW12-F7,2016,201603091108,HC,1,/Volumes/Seagate Portable Drive/KYLE_AI_DATABASE/A_CAMERA/Focal_species/Gulo gulo/HFW12-F7/HC/2016/COLOR/Robust marks/03.09-11.08/IMG_2679.JPG,IMG_2679.JPG,HFW12-F7_2016_201603091108_IMG_2679.jpg,0.9225614666938782,840.4632568359375,309.11822509765625,509.2578125,671.5778198242188,2048,1536,509,671
HFW12-F7,2016,201603091108,HC,1,/Volumes/Seagate Portable Drive/KYLE_AI_DATABASE/A_CAMERA/Focal_species/Gulo gulo/HFW12-F7/HC/2016/COLOR/Robust marks/03.09-11.08/IMG_2680.JPG,IMG_2680.JPG,HFW12-F7_2016_201603091108_IMG_2680.jpg,0.9214180111885071,836.8206787109375,303.7902526855469,512.964599609375,686.638427734375,2048,1536,512,686
HFW12-F7,2016,201603091108,HC,1,/Volumes/Seagate Portable Drive/KYLE_AI_DATABASE/A_CAMERA/Focal_species/Gulo gulo/HFW12-F7/HC/2016/COLOR/Robust marks/03.09-11.08/IMG_2681.JPG,IMG_2681.JPG,HFW12-F7_2016_201603091108_IMG_2681.jpg,0.9501989483833313,839.53466796875,293.2356262207031,523.6572265625,698.4278564453125,2048,1536,523,698
HFW12-F7,2016,201603091108,HC,1,/Volumes/Seagate Portable Drive/KYLE_AI_DATABASE/A_CAMERA/Focal_species/Gulo gulo/HFW12-F7/HC/2016/COLOR/Robust marks/03.09-11.08/IMG_2682.JPG,IMG_2682.JPG,HFW12-F7_2016_201603091108_IMG_2682.jpg,0.8925836086273193,927.5159912109375,238.7867889404297,526.344482421875,677.5729370117188,2048,1536,526,677
HFW12-F7,2016,201603091108,HC,1,/Volumes/Seagate Portable Drive/KYLE_AI_DATABASE/A_CAMERA/Focal_species/Gulo gulo/HFW12-F7/HC/2016/COLOR/Robust marks/03.09-11.08/IMG_2683.JPG,IMG_2683.JPG,HFW12-F7_2016_201603091108_IMG_2683.jpg,0.8698246479034424,928.0220947265625,276.04034423828125,507.020263671875,661.861572265625,2048,1536,507,661
HFW12-F7,2016,201603091108,HC,1,/Volumes/Seagate Portable Drive/KYLE_AI_DATABASE/A_CAMERA/Focal_species/Gulo gulo/HFW12-F7/HC/2016/COLOR/Robust marks/03.09-11.08/IMG_2684.JPG,IMG_2684.JPG,HFW12-F7_2016_201603091108_IMG_2684.jpg,0.9156277775764465,916.2833251953125,66.60713195800781,454.87548828125,838.3446044921875,2048,1536,454,838
HFW12-F7,2016,201603091108,HC,1,/Volumes/Seagate Portable Drive/KYLE_AI_DATABASE/A_CAMERA/Focal_species/Gulo gulo/HFW12-F7/HC/2016/COLOR/Robust marks/03.09-11.08/IMG_2685.JPG,IMG_2685.JPG,HFW12-F7_2016_201603091108_IMG_2685.jpg,0.8780972361564636,937.807373046875,282.15966796875,464.513671875,684.5277099609375,2048,1536,464,684
HFW12-F7,2016,201603091108,HC,1,/Volumes/Seagate Portable Drive/KYLE_AI_DATABASE/A_CAMERA/Focal_species/Gulo gulo/HFW12-F7/HC/2016/COLOR/Robust marks/03.09-11.08/IMG_2686.JPG,IMG_2686.JPG,HFW12-F7_2016_201603091108_IMG_2686.jpg,0.9350102543830872,932.138916015625,297.85833740234375,418.014892578125,692.3418579101562,2048,1536,418,692
HFW12-F7,2016,201603091108,HC,1,/Volumes/Seagate Portable Drive/KYLE_AI_DATABASE/A_CAMERA/Focal_species/Gulo gulo/HFW12-F7/HC/2016/COLOR/Robust marks/03.09-11.08/IMG_2687.JPG,IMG_2687.JPG,HFW12-F7_2016_201603091108_IMG_2687.jpg,0.9064359664916992,931.2674560546875,293.52056884765625,416.03564453125,752.5202026367188,2048,1536,416,752
HFW12-F7,2016,201603091108,HC,1,/Volumes/Seagate Portable Drive/KYLE_AI_DATABASE/A_CAMERA/Focal_species/Gulo gulo/HFW12-F7/HC/2016/COLOR/Robust marks/03.09-11.08/IMG_2689.JPG,IMG_2689.JPG,HFW12-F7_2016_201603091108_IMG_2689.jpg,0.9060856699943542,942.9825439453125,158.51124572753906,384.98974609375,926.3699951171875,2048,1536,384,926
HFW12-F7,2016,201603091108,HC,1,/Volumes/Seagate Portable Drive/KYLE_AI_DATABASE/A_CAMERA/Focal_species/Gulo gulo/HFW12-F7/HC/2016/COLOR/Robust marks/03.09-11.08/IMG_2690.JPG,IMG_2690.JPG,HFW12-F7_2016_201603091108_IMG_2690.jpg,0.811417818069458,938.7398071289062,213.35142517089844,397.37884521484375,915.6864013671875,2048,1536,397,915
HFW12-F7,2016,201603091108,HC,1,/Volumes/Seagate Portable Drive/KYLE_AI_DATABASE/A_CAMERA/Focal_species/Gulo gulo/HFW12-F7/HC/2016/COLOR/Robust marks/03.09-11.08/IMG_2691.JPG,IMG_2691.JPG,HFW12-F7_2016_201603091108_IMG_2691.jpg,0.933222770690918,945.9561157226562,116.1632080078125,431.30072021484375,946.0567626953125,2048,1536,431,946
HFW12-F7,2016,201603091108,HC,1,/Volumes/Seagate Portable Drive/KYLE_AI_DATABASE/A_CAMERA/Focal_species/Gulo gulo/HFW12-F7/HC/2016/COLOR/Robust marks/03.09-11.08/IMG_2692.JPG,IMG_2692.JPG,HFW12-F7_2016_201603091108_IMG_2692.jpg,0.9311806559562683,948.2056884765625,103.90635681152344,412.769287109375,945.1165771484375,2048,1536,412,945
HFW12-F7,2016,201603091108,HC,1,/Volumes/Seagate Portable Drive/KYLE_AI_DATABASE/A_CAMERA/Focal_species/Gulo gulo/HFW12-F7/HC/2016/COLOR/Robust marks/03.09-11.08/IMG_2693.JPG,IMG_2693.JPG,HFW12-F7_2016_201603091108_IMG_2693.jpg,0.9192031025886536,942.426513671875,125.04766845703125,411.171875,924.1868286132812,2048,1536,411,924
HFW12-F7,2016,201603091108,HC,1,/Volumes/Seagate Portable Drive/KYLE_AI_DATABASE/A_CAMERA/Focal_species/Gulo gulo/HFW12-F7/HC/2016/COLOR/Robust marks/03.09-11.08/IMG_2694.JPG,IMG_2694.JPG,HFW12-F7_2016_201603091108_IMG_2694.jpg,0.9323772192001343,946.1865234375,130.1439971923828,405.815185546875,920.7835083007812,2048,1536,405,920
HFW12-F7,2016,201603091108,HC,1,/Volumes/Seagate Portable Drive/KYLE_AI_DATABASE/A_CAMERA/Focal_species/Gulo gulo/HFW12-F7/HC/2016/COLOR/Robust marks/03.09-11.08/IMG_2695.JPG,IMG_2695.JPG,HFW12-F7_2016_201603091108_IMG_2695.jpg,0.9196014404296875,946.8184814453125,122.03659057617188,406.204345703125,927.993896484375,2048,1536,406,927
HFW12-F7,2016,201603091108,HC,1,/Volumes/Seagate Portable Drive/KYLE_AI_DATABASE/A_CAMERA/Focal_species/Gulo gulo/HFW12-F7/HC/2016/COLOR/Robust marks/03.09-11.08/IMG_2696.JPG,IMG_2696.JPG,HFW12-F7_2016_201603091108_IMG_2696.jpg,0.9359341263771057,947.8427124023438,110.41017150878906,403.52423095703125,938.903076171875,2048,1536,403,938
HFW12-F7,2016,201603091108,HC,1,/Volumes/Seagate Portable Drive/KYLE_AI_DATABASE/A_CAMERA/Focal_species/Gulo gulo/HFW12-F7/HC/2016/COLOR/Robust marks/03.09-11.08/IMG_2697.JPG,IMG_2697.JPG,HFW12-F7_2016_201603091108_IMG_2697.jpg,0.885213315486908,946.38916015625,79.5992431640625,409.873779296875,956.2369384765625,2048,1536,409,956
HFW12-F7,2016,201603091108,HC,1,/Volumes/Seagate Portable Drive/KYLE_AI_DATABASE/A_CAMERA/Focal_species/Gulo gulo/HFW12-F7/HC/2016/COLOR/Robust marks/03.09-11.08/IMG_2699.JPG,IMG_2699.JPG,HFW12-F7_2016_201603091108_IMG_2699.jpg,0.8983155488967896,942.144775390625,59.55894470214844,413.739990234375,923.3107299804688,2048,1536,413,923
HFW12-F7,2016,201603091108,HC,1,/Volumes/Seagate Portable Drive/KYLE_AI_DATABASE/A_CAMERA/Focal_species/Gulo gulo/HFW12-F7/HC/2016/COLOR/Robust marks/03.09-11.08/IMG_2700.JPG,IMG_2700.JPG,HFW12-F7_2016_201603091108_IMG_2700.jpg,0.9283041954040527,929.934814453125,272.42633056640625,397.02099609375,727.0070190429688,2048,1536,397,727
HFW12-F7,2016,201603091108,HC,1,/Volumes/Seagate Portable Drive/KYLE_AI_DATABASE/A_CAMERA/Focal_species/Gulo gulo/HFW12-F7/HC/2016/COLOR/Robust marks/03.09-11.08/IMG_2701.JPG,IMG_2701.JPG,HFW12-F7_2016_201603091108_IMG_2701.jpg,0.8665570020675659,1040.0787353515625,268.4682312011719,339.564697265625,738.0931396484375,2048,1536,339,738
HFW12-F7,2016,201603091108,HC,1,/Volumes/Seagate Portable Drive/KYLE_AI_DATABASE/A_CAMERA/Focal_species/Gulo gulo/HFW12-F7/HC/2016/COLOR/Robust marks/03.09-11.08/IMG_2702.JPG,IMG_2702.JPG,HFW12-F7_2016_201603091108_IMG_2702.jpg,0.8965535759925842,989.5494384765625,239.4261474609375,410.884033203125,767.8802490234375,2048,1536,410,767
HFW12-F7,2016,201603091108,HC,1,/Volumes/Seagate Portable Drive/KYLE_AI_DATABASE/A_CAMERA/Focal_species/Gulo gulo/HFW12-F7/HC/2016/COLOR/Robust marks/03.09-11.08/IMG_2703.JPG,IMG_2703.JPG,HFW12-F7_2016_201603091108_IMG_2703.jpg,0.8783410787582397,987.396240234375,237.26353454589844,387.07470703125,792.4305419921875,2048,1536,387,792
HFW12-F7,2016,201603091108,HC,1,/Volumes/Seagate Portable Drive/KYLE_AI_DATABASE/A_CAMERA/Focal_species/Gulo gulo/HFW12-F7/HC/2016/COLOR/Robust marks/03.09-11.08/IMG_2704.JPG,IMG_2704.JPG,HFW12-F7_2016_201603091108_IMG_2704.jpg,0.9078835844993591,980.8388061523438,256.3719177246094,399.46722412109375,840.4615478515625,2048,1536,399,840
HFW12-F7,2016,201603091108,HC,1,/Volumes/Seagate Portable Drive/KYLE_AI_DATABASE/A_CAMERA/Focal_species/Gulo gulo/HFW12-F7/HC/2016/COLOR/Robust marks/03.09-11.08/IMG_2705.JPG,IMG_2705.JPG,HFW12-F7_2016_201603091108_IMG_2705.jpg,0.9238020777702332,983.199462890625,256.4347229003906,386.361328125,807.372802734375,2048,1536,386,807
HFW12-F7,2016,201603091108,HC,1,/Volumes/Seagate Portable Drive/KYLE_AI_DATABASE/A_CAMERA/Focal_species/Gulo gulo/HFW12-F7/HC/2016/COLOR/Robust marks/03.09-11.08/IMG_2706.JPG,IMG_2706.JPG,HFW12-F7_2016_201603091108_IMG_2706.jpg,0.909594714641571,956.3673706054688,260.95880126953125,409.82232666015625,800.5919799804688,2048,1536,409,800
HFW12-F7,2016,201603091108,HC,1,/Volumes/Seagate Portable Drive/KYLE_AI_DATABASE/A_CAMERA/Focal_species/Gulo gulo/HFW12-F7/HC/2016/COLOR/Robust marks/03.09-11.08/IMG_2707.JPG,IMG_2707.JPG,HFW12-F7_2016_201603091108_IMG_2707.jpg,0.8987939953804016,914.1145629882812,254.3789520263672,436.24383544921875,796.5656127929688,2048,1536,436,796
HFW12-F7,2016,201603091108,HC,1,/Volumes/Seagate Portable Drive/KYLE_AI_DATABASE/A_CAMERA/Focal_species/Gulo gulo/HFW12-F7/HC/2016/COLOR/Robust marks/03.09-11.08/IMG_2708.JPG,IMG_2708.JPG,HFW12-F7_2016_201603091108_IMG_2708.jpg,0.8949421048164368,919.1613159179688,300.3228759765625,437.16595458984375,689.9951171875,2048,1536,437,689
HFW12-F7,2016,201603091108,HC,1,/Volumes/Seagate Portable Drive/KYLE_AI_DATABASE/A_CAMERA/Focal_species/Gulo gulo/HFW12-F7/HC/2016/COLOR/Robust marks/03.09-11.08/IMG_2709.JPG,IMG_2709.JPG,HFW12-F7_2016_201603091108_IMG_2709.jpg,0.9151570796966553,888.08740234375,265.2901306152344,478.35693359375,717.323974609375,2048,1536,478,717
HFW12-F7,2016,201603091108,HC,1,/Volumes/Seagate Portable Drive/KYLE_AI_DATABASE/A_CAMERA/Focal_species/Gulo gulo/HFW12-F7/HC/2016/COLOR/Robust marks/03.09-11.08/IMG_2710.JPG,IMG_2710.JPG,HFW12-F7_2016_201603091108_IMG_2710.jpg,0.9220675230026245,901.1553344726562,284.42041015625,448.50823974609375,747.419189453125,2048,1536,448,747
HFW12-F7,2016,201603091108,HC,1,/Volumes/Seagate Portable Drive/KYLE_AI_DATABASE/A_CAMERA/Focal_species/Gulo gulo/HFW12-F7/HC/2016/COLOR/Robust marks/03.09-11.08/IMG_2711.JPG,IMG_2711.JPG,HFW12-F7_2016_201603091108_IMG_2711.jpg,0.8859283328056335,903.477783203125,293.82183837890625,432.65380859375,743.7088012695312,2048,1536,432,743
HFW12-F7,2016,201603091108,HC,1,/Volumes/Seagate Portable Drive/KYLE_AI_DATABASE/A_CAMERA/Focal_species/Gulo gulo/HFW12-F7/HC/2016/COLOR/Robust marks/03.09-11.08/IMG_2712.JPG,IMG_2712.JPG,HFW12-F7_2016_201603091108_IMG_2712.jpg,0.9568815231323242,896.5054931640625,301.01947021484375,426.803955078125,737.2942504882812,2048,1536,426,737
HFW12-F7,2016,201603091108,HC,1,/Volumes/Seagate Portable Drive/KYLE_AI_DATABASE/A_CAMERA/Focal_species/Gulo gulo/HFW12-F7/HC/2016/COLOR/Robust marks/03.09-11.08/IMG_2713.JPG,IMG_2713.JPG,HFW12-F7_2016_201603091108_IMG_2713.jpg,0.9269130825996399,907.6182861328125,298.4018249511719,464.01123046875,710.4556884765625,2048,1536,464,710
HFW12-F7,2016,201603091108,HC,1,/Volumes/Seagate Portable Drive/KYLE_AI_DATABASE/A_CAMERA/Focal_species/Gulo gulo/HFW12-F7/HC/2016/COLOR/Robust marks/03.09-11.08/IMG_2714.JPG,IMG_2714.JPG,HFW12-F7_2016_201603091108_IMG_2714.jpg,0.9372897148132324,911.9569702148438,322.2707214355469,453.55255126953125,661.48974609375,2048,1536,453,661
HFW12-F7,2016,201603091108,HC,1,/Volumes/Seagate Portable Drive/KYLE_AI_DATABASE/A_CAMERA/Focal_species/Gulo gulo/HFW12-F7/HC/2016/COLOR/Robust marks/03.09-11.08/IMG_2715.JPG,IMG_2715.JPG,HFW12-F7_2016_201603091108_IMG_2715.jpg,0.9346145987510681,904.9340209960938,278.94525146484375,493.39324951171875,707.9683227539062,2048,1536,493,707
HFW12-F7,2016,201603091108,HC,1,/Volumes/Seagate Portable Drive/KYLE_AI_DATABASE/A_CAMERA/Focal_species/Gulo gulo/HFW12-F7/HC/2016/COLOR/Robust marks/03.09-11.08/IMG_2716.JPG,IMG_2716.JPG,HFW12-F7_2016_201603091108_IMG_2716.jpg,0.8555413484573364,903.9356079101562,286.2414855957031,482.66949462890625,752.2203369140625,2048,1536,482,752
HFW12-F7,2016,201603091108,HC,1,/Volumes/Seagate Portable Drive/KYLE_AI_DATABASE/A_CAMERA/Focal_species/Gulo gulo/HFW12-F7/HC/2016/COLOR/Robust marks/03.09-11.08/IMG_2717.JPG,IMG_2717.JPG,HFW12-F7_2016_201603091108_IMG_2717.jpg,0.9239931702613831,906.1942749023438,283.71905517578125,539.5200805664062,704.4493408203125,2048,1536,539,704
HFW12-F7,2016,201603091108,HC,1,/Volumes/Seagate Portable Drive/KYLE_AI_DATABASE/A_CAMERA/Focal_species/Gulo gulo/HFW12-F7/HC/2016/COLOR/Robust marks/03.09-11.08/IMG_2718.JPG,IMG_2718.JPG,HFW12-F7_2016_201603091108_IMG_2718.jpg,0.9297060966491699,907.3701782226562,268.2049560546875,469.52398681640625,725.3928833007812,2048,1536,469,725
HFW12-F7,2016,201603091108,HC,1,/Volumes/Seagate Portable Drive/KYLE_AI_DATABASE/A_CAMERA/Focal_species/Gulo gulo/HFW12-F7/HC/2016/COLOR/Robust marks/03.09-11.08/IMG_2719.JPG,IMG_2719.JPG,HFW12-F7_2016_201603091108_IMG_2719.jpg,0.9352582693099976,905.646240234375,267.966064453125,445.661865234375,778.4473876953125,2048,1536,445,778
HFW12-F7,2016,201603091108,HC,1,/Volumes/Seagate Portable Drive/KYLE_AI_DATABASE/A_CAMERA/Focal_species/Gulo gulo/HFW12-F7/HC/2016/COLOR/Robust marks/03.09-11.08/IMG_2720.JPG,IMG_2720.JPG,HFW12-F7_2016_201603091108_IMG_2720.jpg,0.9305505752563477,908.0878295898438,282.6354675292969,438.76971435546875,774.653076171875,2048,1536,438,774
HFW12-F7,2016,201603091108,HC,1,/Volumes/Seagate Portable Drive/KYLE_AI_DATABASE/A_CAMERA/Focal_species/Gulo gulo/HFW12-F7/HC/2016/COLOR/Robust marks/03.09-11.08/IMG_2721.JPG,IMG_2721.JPG,HFW12-F7_2016_201603091108_IMG_2721.jpg,0.8041324019432068,886.2742919921875,72.65240478515625,535.97265625,964.8656616210938,2048,1536,535,964
HFW12-F7,2016,201603091108,HC,1,/Volumes/Seagate Portable Drive/KYLE_AI_DATABASE/A_CAMERA/Focal_species/Gulo gulo/HFW12-F7/HC/2016/COLOR/Robust marks/03.09-11.08/IMG_2722.JPG,IMG_2722.JPG,HFW12-F7_2016_201603091108_IMG_2722.jpg,0.9309133291244507,900.28955078125,294.47314453125,478.42041015625,755.390380859375,2048,1536,478,755
HFW12-F7,2016,201603091108,HC,1,/Volumes/Seagate Portable Drive/KYLE_AI_DATABASE/A_CAMERA/Focal_species/Gulo gulo/HFW12-F7/HC/2016/COLOR/Robust marks/03.09-11.08/IMG_2723.JPG,IMG_2723.JPG,HFW12-F7_2016_201603091108_IMG_2723.jpg,0.9317880272865295,906.5546264648438,287.85546875,461.31329345703125,767.5267333984375,2048,1536,461,767
HFW12-F7,2016,201603091108,HC,1,/Volumes/Seagate Portable Drive/KYLE_AI_DATABASE/A_CAMERA/Focal_species/Gulo gulo/HFW12-F7/HC/2016/COLOR/Robust marks/03.09-11.08/IMG_2724.JPG,IMG_2724.JPG,HFW12-F7_2016_201603091108_IMG_2724.jpg,0.9154255986213684,906.489501953125,268.17340087890625,451.031005859375,789.0105590820312,2048,1536,451,789
HFW12-F7,2016,201603091108,HC,1,/Volumes/Seagate Portable Drive/KYLE_AI_DATABASE/A_CAMERA/Focal_species/Gulo gulo/HFW12-F7/HC/2016/COLOR/Robust marks/03.09-11.08/IMG_2725.JPG,IMG_2725.JPG,HFW12-F7_2016_201603091108_IMG_2725.jpg,0.9287354350090027,905.8153076171875,270.20867919921875,445.490966796875,778.6907348632812,2048,1536,445,778
HFW12-F7,2016,201603091108,HC,1,/Volumes/Seagate Portable Drive/KYLE_AI_DATABASE/A_CAMERA/Focal_species/Gulo gulo/HFW12-F7/HC/2016/COLOR/Robust marks/03.09-11.08/IMG_2726.JPG,IMG_2726.JPG,HFW12-F7_2016_201603091108_IMG_2726.jpg,0.9339574575424194,906.6763916015625,284.8026428222656,440.833984375,765.142578125,2048,1536,440,765
HFW12-F7,2016,201603091108,HC,1,/Volumes/Seagate Portable Drive/KYLE_AI_DATABASE/A_CAMERA/Focal_species/Gulo gulo/HFW12-F7/HC/2016/COLOR/Robust marks/03.09-11.08/IMG_2727.JPG,IMG_2727.JPG,HFW12-F7_2016_201603091108_IMG_2727.jpg,0.9411712884902954,909.6529541015625,297.8954162597656,437.19287109375,750.6693115234375,2048,1536,437,750
HFW12-F7,2016,201603091108,HC,1,/Volumes/Seagate Portable Drive/KYLE_AI_DATABASE/A_CAMERA/Focal_species/Gulo gulo/HFW12-F7/HC/2016/COLOR/Robust marks/03.09-11.08/IMG_2728.JPG,IMG_2728.JPG,HFW12-F7_2016_201603091108_IMG_2728.jpg,0.9153581261634827,908.2725830078125,293.058349609375,445.2861328125,751.238037109375,2048,1536,445,751
HFW12-F7,2016,201603091108,HC,1,/Volumes/Seagate Portable Drive/KYLE_AI_DATABASE/A_CAMERA/Focal_species/Gulo gulo/HFW12-F7/HC/2016/COLOR/Robust marks/03.09-11.08/IMG_2729.JPG,IMG_2729.JPG,HFW12-F7_2016_201603091108_IMG_2729.jpg,0.9050583839416504,908.931396484375,263.92425537109375,434.95068359375,770.2959594726562,2048,1536,434,770
HFW12-F7,2016,201603091108,HC,1,/Volumes/Seagate Portable Drive/KYLE_AI_DATABASE/A_CAMERA/Focal_species/Gulo gulo/HFW12-F7/HC/2016/COLOR/Robust marks/03.09-11.08/IMG_2730.JPG,IMG_2730.JPG,HFW12-F7_2016_201603091108_IMG_2730.jpg,0.9208677411079407,908.1631469726562,302.93804931640625,453.18804931640625,729.8710327148438,2048,1536,453,729
HFW12-F7,2016,201603091108,HC,1,/Volumes/Seagate Portable Drive/KYLE_AI_DATABASE/A_CAMERA/Focal_species/Gulo gulo/HFW12-F7/HC/2016/COLOR/Robust marks/03.09-11.08/IMG_2731.JPG,IMG_2731.JPG,HFW12-F7_2016_201603091108_IMG_2731.jpg,0.9214572906494141,906.320556640625,258.34197998046875,453.82666015625,836.0381469726562,2048,1536,453,836
HFW12-F7,2016,201603091108,HC,1,/Volumes/Seagate Portable Drive/KYLE_AI_DATABASE/A_CAMERA/Focal_species/Gulo gulo/HFW12-F7/HC/2016/COLOR/Robust marks/03.09-11.08/IMG_2732.JPG,IMG_2732.JPG,HFW12-F7_2016_201603091108_IMG_2732.jpg,0.9291352033615112,906.457275390625,288.06878662109375,417.283447265625,780.3733520507812,2048,1536,417,780
HFW12-F7,2016,201603091108,HC,1,/Volumes/Seagate Portable Drive/KYLE_AI_DATABASE/A_CAMERA/Focal_species/Gulo gulo/HFW12-F7/HC/2016/COLOR/Robust marks/03.09-11.08/IMG_2733.JPG,IMG_2733.JPG,HFW12-F7_2016_201603091108_IMG_2733.jpg,0.9418879747390747,908.98681640625,287.9574279785156,400.934326171875,819.3243408203125,2048,1536,400,819
HFW12-F7,2016,201603091108,HC,1,/Volumes/Seagate Portable Drive/KYLE_AI_DATABASE/A_CAMERA/Focal_species/Gulo gulo/HFW12-F7/HC/2016/COLOR/Robust marks/03.09-11.08/IMG_2734.JPG,IMG_2734.JPG,HFW12-F7_2016_201603091108_IMG_2734.jpg,0.9352014064788818,904.8857421875,287.388671875,417.260986328125,754.1337890625,2048,1536,417,754
HFW12-F7,2016,201603091108,HC,1,/Volumes/Seagate Portable Drive/KYLE_AI_DATABASE/A_CAMERA/Focal_species/Gulo gulo/HFW12-F7/HC/2016/COLOR/Robust marks/03.09-11.08/IMG_2735.JPG,IMG_2735.JPG,HFW12-F7_2016_201603091108_IMG_2735.jpg,0.9476495385169983,898.196533203125,292.1179504394531,424.392333984375,755.5250244140625,2048,1536,424,755
HFW12-F7,2016,201603091108,HC,1,/Volumes/Seagate Portable Drive/KYLE_AI_DATABASE/A_CAMERA/Focal_species/Gulo gulo/HFW12-F7/HC/2016/COLOR/Robust marks/03.09-11.08/IMG_2736.JPG,IMG_2736.JPG,HFW12-F7_2016_201603091108_IMG_2736.jpg,0.9385196566581726,906.9871215820312,286.73541259765625,416.96258544921875,761.3330688476562,2048,1536,416,761
HFW12-F7,2016,201603091108,HC,1,/Volumes/Seagate Portable Drive/KYLE_AI_DATABASE/A_CAMERA/Focal_species/Gulo gulo/HFW12-F7/HC/2016/COLOR/Robust marks/03.09-11.08/IMG_2737.JPG,IMG_2737.JPG,HFW12-F7_2016_201603091108_IMG_2737.jpg,0.9332885146141052,905.7547607421875,287.33746337890625,416.98046875,766.2919311523438,2048,1536,416,766
HFW12-F7,2016,201603091108,HC,1,/Volumes/Seagate Portable Drive/KYLE_AI_DATABASE/A_CAMERA/Focal_species/Gulo gulo/HFW12-F7/HC/2016/COLOR/Robust marks/03.09-11.08/IMG_2738.JPG,IMG_2738.JPG,HFW12-F7_2016_201603091108_IMG_2738.jpg,0.9496700167655945,903.934326171875,295.68426513671875,414.376953125,741.8059692382812,2048,1536,414,741
HFW12-F7,2016,201603091108,HC,1,/Volumes/Seagate Portable Drive/KYLE_AI_DATABASE/A_CAMERA/Focal_species/Gulo gulo/HFW12-F7/HC/2016/COLOR/Robust marks/03.09-11.08/IMG_2739.JPG,IMG_2739.JPG,HFW12-F7_2016_201603091108_IMG_2739.jpg,0.9415032863616943,903.5736083984375,303.8359680175781,410.286865234375,685.5792236328125,2048,1536,410,685
HFW12-F7,2016,201603091108,HC,1,/Volumes/Seagate Portable Drive/KYLE_AI_DATABASE/A_CAMERA/Focal_species/Gulo gulo/HFW12-F7/HC/2016/COLOR/Robust marks/03.09-11.08/IMG_2740.JPG,IMG_2740.JPG,HFW12-F7_2016_201603091108_IMG_2740.jpg,0.9519171714782715,886.6517944335938,291.1200866699219,466.83184814453125,762.174072265625,2048,1536,466,762
HFW12-F7,2016,201603091108,HC,1,/Volumes/Seagate Portable Drive/KYLE_AI_DATABASE/A_CAMERA/Focal_species/Gulo gulo/HFW12-F7/HC/2016/COLOR/Robust marks/03.09-11.08/IMG_2741.JPG,IMG_2741.JPG,HFW12-F7_2016_201603091108_IMG_2741.jpg,0.9637429118156433,903.1614990234375,297.07733154296875,474.81982421875,766.5291137695312,2048,1536,474,766
HFW12-F7,2016,201603091108,HC,1,/Volumes/Seagate Portable Drive/KYLE_AI_DATABASE/A_CAMERA/Focal_species/Gulo gulo/HFW12-F7/HC/2016/COLOR/Robust marks/03.09-11.08/IMG_2742.JPG,IMG_2742.JPG,HFW12-F7_2016_201603091108_IMG_2742.jpg,0.9576267004013062,901.1021728515625,292.4683532714844,459.668701171875,706.9493408203125,2048,1536,459,706
HFW12-F7,2016,201603091108,HC,1,/Volumes/Seagate Portable Drive/KYLE_AI_DATABASE/A_CAMERA/Focal_species/Gulo gulo/HFW12-F7/HC/2016/COLOR/Robust marks/03.09-11.08/IMG_2743.JPG,IMG_2743.JPG,HFW12-F7_2016_201603091108_IMG_2743.jpg,0.9388157725334167,913.096435546875,299.2010803222656,435.16845703125,748.4764404296875,2048,1536,435,748
HFW12-F7,2016,201603091108,HC,1,/Volumes/Seagate Portable Drive/KYLE_AI_DATABASE/A_CAMERA/Focal_species/Gulo gulo/HFW12-F7/HC/2016/COLOR/Robust marks/03.09-11.08/IMG_2744.JPG,IMG_2744.JPG,HFW12-F7_2016_201603091108_IMG_2744.jpg,0.9486261606216431,912.8395385742188,308.24114990234375,430.06866455078125,793.1282348632812,2048,1536,430,793
HFW12-F7,2016,201603091108,HC,1,/Volumes/Seagate Portable Drive/KYLE_AI_DATABASE/A_CAMERA/Focal_species/Gulo gulo/HFW12-F7/HC/2016/COLOR/Robust marks/03.09-11.08/IMG_2745.JPG,IMG_2745.JPG,HFW12-F7_2016_201603091108_IMG_2745.jpg,0.9465145468711853,911.5704345703125,307.56378173828125,431.556396484375,792.1343383789062,2048,1536,431,792
HFW12-F7,2016,201603091108,HC,1,/Volumes/Seagate Portable Drive/KYLE_AI_DATABASE/A_CAMERA/Focal_species/Gulo gulo/HFW12-F7/HC/2016/COLOR/Robust marks/03.09-11.08/IMG_2746.JPG,IMG_2746.JPG,HFW12-F7_2016_201603091108_IMG_2746.jpg,0.9239951372146606,911.1449584960938,270.4697265625,434.45440673828125,811.447509765625,2048,1536,434,811
HFW12-F7,2016,201603091108,HC,1,/Volumes/Seagate Portable Drive/KYLE_AI_DATABASE/A_CAMERA/Focal_species/Gulo gulo/HFW12-F7/HC/2016/COLOR/Robust marks/03.09-11.08/IMG_2747.JPG,IMG_2747.JPG,HFW12-F7_2016_201603091108_IMG_2747.jpg,0.9285736680030823,908.8219604492188,284.4388427734375,440.70245361328125,713.8662719726562,2048,1536,440,713
HFW12-F7,2016,201603091108,HC,1,/Volumes/Seagate Portable Drive/KYLE_AI_DATABASE/A_CAMERA/Focal_species/Gulo gulo/HFW12-F7/HC/2016/COLOR/Robust marks/03.09-11.08/IMG_2748.JPG,IMG_2748.JPG,HFW12-F7_2016_201603091108_IMG_2748.jpg,0.9289336204528809,905.6113891601562,273.420654296875,442.23773193359375,717.6361083984375,2048,1536,442,717
HFW12-F7,2016,201603091108,HC,1,/Volumes/Seagate Portable Drive/KYLE_AI_DATABASE/A_CAMERA/Focal_species/Gulo gulo/HFW12-F7/HC/2016/COLOR/Robust marks/03.09-11.08/IMG_2749.JPG,IMG_2749.JPG,HFW12-F7_2016_201603091108_IMG_2749.jpg,0.9292507767677307,905.4838256835938,294.38409423828125,425.92095947265625,709.9689331054688,2048,1536,425,709
HFW12-F7,2016,201603091108,HC,1,/Volumes/Seagate Portable Drive/KYLE_AI_DATABASE/A_CAMERA/Focal_species/Gulo gulo/HFW12-F7/HC/2016/COLOR/Robust marks/03.09-11.08/IMG_2750.JPG,IMG_2750.JPG,HFW12-F7_2016_201603091108_IMG_2750.jpg,0.9572910070419312,900.0200805664062,292.69134521484375,427.51824951171875,761.9072875976562,2048,1536,427,761
HFW12-F7,2016,201603091108,HC,1,/Volumes/Seagate Portable Drive/KYLE_AI_DATABASE/A_CAMERA/Focal_species/Gulo gulo/HFW12-F7/HC/2016/COLOR/Robust marks/03.09-11.08/IMG_2751.JPG,IMG_2751.JPG,HFW12-F7_2016_201603091108_IMG_2751.jpg,0.8983017206192017,953.9971923828125,246.3566436767578,470.06787109375,768.2216186523438,2048,1536,470,768
HFW12-F7,2016,201603091108,HC,1,/Volumes/Seagate Portable Drive/KYLE_AI_DATABASE/A_CAMERA/Focal_species/Gulo gulo/HFW12-F7/HC/2016/COLOR/Robust marks/03.09-11.08/IMG_2752.JPG,IMG_2752.JPG,HFW12-F7_2016_201603091108_IMG_2752.jpg,0.9205103516578674,964.0444946289062,275.55279541015625,443.05731201171875,771.3046264648438,2048,1536,443,771
HFW12-F7,2016,201603091108,HC,1,/Volumes/Seagate Portable Drive/KYLE_AI_DATABASE/A_CAMERA/Focal_species/Gulo gulo/HFW12-F7/HC/2016/COLOR/Robust marks/03.09-11.08/IMG_2753.JPG,IMG_2753.JPG,HFW12-F7_2016_201603091108_IMG_2753.jpg,0.9131525158882141,970.90234375,242.1324005126953,378.885009765625,797.1510620117188,2048,1536,378,797
HFW12-F7,2016,201603091108,HC,1,/Volumes/Seagate Portable Drive/KYLE_AI_DATABASE/A_CAMERA/Focal_species/Gulo gulo/HFW12-F7/HC/2016/COLOR/Robust marks/03.09-11.08/IMG_2754.JPG,IMG_2754.JPG,HFW12-F7_2016_201603091108_IMG_2754.jpg,0.8915138840675354,963.7926635742188,246.9415283203125,396.89630126953125,771.44189453125,2048,1536,396,771
HFW12-F7,2016,201603091108,HC,1,/Volumes/Seagate Portable Drive/KYLE_AI_DATABASE/A_CAMERA/Focal_species/Gulo gulo/HFW12-F7/HC/2016/COLOR/Robust marks/03.09-11.08/IMG_2755.JPG,IMG_2755.JPG,HFW12-F7_2016_201603091108_IMG_2755.jpg,0.8223707675933838,963.1942138671875,281.4236755371094,401.77490234375,770.459228515625,2048,1536,401,770
HFW12-F7,2016,201603091108,HC,1,/Volumes/Seagate Portable Drive/KYLE_AI_DATABASE/A_CAMERA/Focal_species/Gulo gulo/HFW12-F7/HC/2016/COLOR/Robust marks/03.09-11.08/IMG_2756.JPG,IMG_2756.JPG,HFW12-F7_2016_201603091108_IMG_2756.jpg,0.9309222102165222,959.8687133789062,327.5484313964844,389.65313720703125,659.945068359375,2048,1536,389,659
HFW12-F7,2016,201603091108,HC,1,/Volumes/Seagate Portable Drive/KYLE_AI_DATABASE/A_CAMERA/Focal_species/Gulo gulo/HFW12-F7/HC/2016/COLOR/Robust marks/03.09-11.08/IMG_2757.JPG,IMG_2757.JPG,HFW12-F7_2016_201603091108_IMG_2757.jpg,0.8886728882789612,963.6087646484375,308.89703369140625,389.40283203125,686.6153564453125,2048,1536,389,686
HFW12-F7,2016,201603091108,HC,1,/Volumes/Seagate Portable Drive/KYLE_AI_DATABASE/A_CAMERA/Focal_species/Gulo gulo/HFW12-F7/HC/2016/COLOR/Robust marks/03.09-11.08/IMG_2758.JPG,IMG_2758.JPG,HFW12-F7_2016_201603091108_IMG_2758.jpg,0.885088324546814,970.853759765625,315.24200439453125,377.6083984375,725.5076293945312,2048,1536,377,725
HFW12-F7,2016,201603091108,HC,1,/Volumes/Seagate Portable Drive/KYLE_AI_DATABASE/A_CAMERA/Focal_species/Gulo gulo/HFW12-F7/HC/2016/COLOR/Robust marks/03.09-11.08/IMG_2759.JPG,IMG_2759.JPG,HFW12-F7_2016_201603091108_IMG_2759.jpg,0.8777592182159424,979.3851928710938,281.2856140136719,358.19024658203125,773.8892822265625,2048,1536,358,773
HFW12-F7,2016,201603091108,HC,1,/Volumes/Seagate Portable Drive/KYLE_AI_DATABASE/A_CAMERA/Focal_species/Gulo gulo/HFW12-F7/HC/2016/COLOR/Robust marks/03.09-11.08/IMG_2760.JPG,IMG_2760.JPG,HFW12-F7_2016_201603091108_IMG_2760.jpg,0.9166367053985596,976.8712158203125,269.48370361328125,383.7998046875,830.5097045898438,2048,1536,383,830
HFW12-F7,2016,201603091108,HC,1,/Volumes/Seagate Portable Drive/KYLE_AI_DATABASE/A_CAMERA/Focal_species/Gulo gulo/HFW12-F7/HC/2016/COLOR/Robust marks/03.09-11.08/IMG_2761.JPG,IMG_2761.JPG,HFW12-F7_2016_201603091108_IMG_2761.jpg,0.904100239276886,1026.9793701171875,268.1405029296875,304.88525390625,791.012939453125,2048,1536,304,791
HFW12-F7,2016,201603091108,HC,1,/Volumes/Seagate Portable Drive/KYLE_AI_DATABASE/A_CAMERA/Focal_species/Gulo gulo/HFW12-F7/HC/2016/COLOR/Robust marks/03.09-11.08/IMG_2762.JPG,IMG_2762.JPG,HFW12-F7_2016_201603091108_IMG_2762.jpg,0.9507561326026917,1083.3106689453125,274.70965576171875,263.409912109375,830.8765258789062,2048,1536,263,830
HFW12-F7,2016,201603091108,HC,1,/Volumes/Seagate Portable Drive/KYLE_AI_DATABASE/A_CAMERA/Focal_species/Gulo gulo/HFW12-F7/HC/2016/COLOR/Robust marks/03.09-11.08/IMG_2763.JPG,IMG_2763.JPG,HFW12-F7_2016_201603091108_IMG_2763.jpg,0.9289252161979675,944.1710205078125,262.1331481933594,406.00048828125,944.5308837890625,2048,1536,406,944
HFW12-F7,2016,201603091108,HC,1,/Volumes/Seagate Portable Drive/KYLE_AI_DATABASE/A_CAMERA/Focal_species/Gulo gulo/HFW12-F7/HC/2016/COLOR/Robust marks/03.09-11.08/IMG_2764.JPG,IMG_2764.JPG,HFW12-F7_2016_201603091108_IMG_2764.jpg,0.8691188097000122,1017.3432006835938,284.65740966796875,371.82940673828125,797.2676391601562,2048,1536,371,797
HFW12-F7,2016,201603091108,HC,1,/Volumes/Seagate Portable Drive/KYLE_AI_DATABASE/A_CAMERA/Focal_species/Gulo gulo/HFW12-F7/HC/2016/COLOR/Robust marks/03.09-11.08/IMG_2765.JPG,IMG_2765.JPG,HFW12-F7_2016_201603091108_IMG_2765.jpg,0.9186047911643982,1018.1128540039062,317.9643859863281,325.11602783203125,806.6669921875,2048,1536,325,806
HFW12-F7,2016,201603091108,HC,1,/Volumes/Seagate Portable Drive/KYLE_AI_DATABASE/A_CAMERA/Focal_species/Gulo gulo/HFW12-F7/HC/2016/COLOR/Robust marks/03.09-11.08/IMG_2766.JPG,IMG_2766.JPG,HFW12-F7_2016_201603091108_IMG_2766.jpg,0.9192593097686768,1033.73486328125,320.74432373046875,307.064453125,782.2024536132812,2048,1536,307,782
HFW12-F7,2016,201603091108,HC,1,/Volumes/Seagate Portable Drive/KYLE_AI_DATABASE/A_CAMERA/Focal_species/Gulo gulo/HFW12-F7/HC/2016/COLOR/Robust marks/03.09-11.08/IMG_2767.JPG,IMG_2767.JPG,HFW12-F7_2016_201603091108_IMG_2767.jpg,0.92507004737854,1011.3287353515625,334.36572265625,333.0654296875,764.52294921875,2048,1536,333,764
HFW12-F7,2016,201603091108,HC,1,/Volumes/Seagate Portable Drive/KYLE_AI_DATABASE/A_CAMERA/Focal_species/Gulo gulo/HFW12-F7/HC/2016/COLOR/Robust marks/03.09-11.08/IMG_2768.JPG,IMG_2768.JPG,HFW12-F7_2016_201603091108_IMG_2768.jpg,0.9395954608917236,952.23046875,336.3426513671875,382.19189453125,883.905517578125,2048,1536,382,883
HFW12-F7,2016,201603091108,HC,1,/Volumes/Seagate Portable Drive/KYLE_AI_DATABASE/A_CAMERA/Focal_species/Gulo gulo/HFW12-F7/HC/2016/COLOR/Robust marks/03.09-11.08/IMG_2769.JPG,IMG_2769.JPG,HFW12-F7_2016_201603091108_IMG_2769.jpg,0.9077709913253784,1000.3176879882812,338.86041259765625,301.78289794921875,824.4557495117188,2048,1536,301,824
HFW12-F7,2016,201603091108,HC,1,/Volumes/Seagate Portable Drive/KYLE_AI_DATABASE/A_CAMERA/Focal_species/Gulo gulo/HFW12-F7/HC/2016/COLOR/Robust marks/03.09-11.08/IMG_2770.JPG,IMG_2770.JPG,HFW12-F7_2016_201603091108_IMG_2770.jpg,0.9265766739845276,957.1507568359375,317.14111328125,342.407470703125,813.4849853515625,2048,1536,342,813
HFW12-F7,2016,201603091108,HC,1,/Volumes/Seagate Portable Drive/KYLE_AI_DATABASE/A_CAMERA/Focal_species/Gulo gulo/HFW12-F7/HC/2016/COLOR/Robust marks/03.09-11.08/IMG_2771.JPG,IMG_2771.JPG,HFW12-F7_2016_201603091108_IMG_2771.jpg,0.9193471670150757,966.3932495117188,294.92596435546875,329.34527587890625,816.7019653320312,2048,1536,329,816
HFW12-F7,2016,201603091108,HC,1,/Volumes/Seagate Portable Drive/KYLE_AI_DATABASE/A_CAMERA/Focal_species/Gulo gulo/HFW12-F7/HC/2016/COLOR/Robust marks/03.09-11.08/IMG_2772.JPG,IMG_2772.JPG,HFW12-F7_2016_201603091108_IMG_2772.jpg,0.9349296689033508,970.349365234375,298.84796142578125,328.943359375,813.5990600585938,2048,1536,328,813
HFW12-F7,2016,201603091108,HC,1,/Volumes/Seagate Portable Drive/KYLE_AI_DATABASE/A_CAMERA/Focal_species/Gulo gulo/HFW12-F7/HC/2016/COLOR/Robust marks/03.09-11.08/IMG_2773.JPG,IMG_2773.JPG,HFW12-F7_2016_201603091108_IMG_2773.jpg,0.875043511390686,987.0865478515625,336.9201965332031,314.17333984375,788.6854248046875,2048,1536,314,788
HFW12-F7,2016,201603091108,HC,1,/Volumes/Seagate Portable Drive/KYLE_AI_DATABASE/A_CAMERA/Focal_species/Gulo gulo/HFW12-F7/HC/2016/COLOR/Robust marks/03.09-11.08/IMG_2774.JPG,IMG_2774.JPG,HFW12-F7_2016_201603091108_IMG_2774.jpg,0.9261945486068726,957.79052734375,296.5299072265625,352.284912109375,809.8294677734375,2048,1536,352,809
HFW12-F7,2016,201603091108,HC,1,/Volumes/Seagate Portable Drive/KYLE_AI_DATABASE/A_CAMERA/Focal_species/Gulo gulo/HFW12-F7/HC/2016/COLOR/Robust marks/03.09-11.08/IMG_2775.JPG,IMG_2775.JPG,HFW12-F7_2016_201603091108_IMG_2775.jpg,0.9282696843147278,961.7218627929688,288.7010192871094,347.17742919921875,813.6441650390625,2048,1536,347,813
HFW12-F7,2016,201603091108,HC,1,/Volumes/Seagate Portable Drive/KYLE_AI_DATABASE/A_CAMERA/Focal_species/Gulo gulo/HFW12-F7/HC/2016/COLOR/Robust marks/03.09-11.08/IMG_2776.JPG,IMG_2776.JPG,HFW12-F7_2016_201603091108_IMG_2776.jpg,0.9620237946510315,913.4747314453125,299.6536560058594,398.93994140625,802.4591064453125,2048,1536,398,802
HFW12-F7,2016,201603091108,HC,1,/Volumes/Seagate Portable Drive/KYLE_AI_DATABASE/A_CAMERA/Focal_species/Gulo gulo/HFW12-F7/HC/2016/COLOR/Robust marks/03.09-11.08/IMG_2777.JPG,IMG_2777.JPG,HFW12-F7_2016_201603091108_IMG_2777.jpg,0.9553936123847961,902.4730834960938,303.44964599609375,407.95501708984375,799.5516967773438,2048,1536,407,799
HFW12-F7,2016,201603091108,HC,1,/Volumes/Seagate Portable Drive/KYLE_AI_DATABASE/A_CAMERA/Focal_species/Gulo gulo/HFW12-F7/HC/2016/COLOR/Robust marks/03.09-11.08/IMG_2778.JPG,IMG_2778.JPG,HFW12-F7_2016_201603091108_IMG_2778.jpg,0.9539076089859009,891.5460205078125,302.77789306640625,419.571044921875,798.5807495117188,2048,1536,419,798
HFW12-F7,2016,201603091108,HC,1,/Volumes/Seagate Portable Drive/KYLE_AI_DATABASE/A_CAMERA/Focal_species/Gulo gulo/HFW12-F7/HC/2016/COLOR/Robust marks/03.09-11.08/IMG_2779.JPG,IMG_2779.JPG,HFW12-F7_2016_201603091108_IMG_2779.jpg,0.9559653997421265,902.9239501953125,305.9028625488281,408.003173828125,797.52197265625,2048,1536,408,797
HFW12-F7,2016,201603091108,HC,1,/Volumes/Seagate Portable Drive/KYLE_AI_DATABASE/A_CAMERA/Focal_species/Gulo gulo/HFW12-F7/HC/2016/COLOR/Robust marks/03.09-11.08/IMG_2780.JPG,IMG_2780.JPG,HFW12-F7_2016_201603091108_IMG_2780.jpg,0.9433432221412659,971.0022583007812,309.39202880859375,333.85223388671875,795.4800415039062,2048,1536,333,795
HFW12-F7,2016,201603091108,HC,1,/Volumes/Seagate Portable Drive/KYLE_AI_DATABASE/A_CAMERA/Focal_species/Gulo gulo/HFW12-F7/HC/2016/COLOR/Robust marks/03.09-11.08/IMG_2781.JPG,IMG_2781.JPG,HFW12-F7_2016_201603091108_IMG_2781.jpg,0.9293968677520752,975.7340087890625,307.0277099609375,335.66259765625,796.8673095703125,2048,1536,335,796
HFW12-F7,2016,201603091108,HC,1,/Volumes/Seagate Portable Drive/KYLE_AI_DATABASE/A_CAMERA/Focal_species/Gulo gulo/HFW12-F7/HC/2016/COLOR/Robust marks/03.09-11.08/IMG_2782.JPG,IMG_2782.JPG,HFW12-F7_2016_201603091108_IMG_2782.jpg,0.902035117149353,978.0198364257812,320.3753662109375,327.06329345703125,784.3040771484375,2048,1536,327,784
HFW12-F7,2016,201603091108,HC,1,/Volumes/Seagate Portable Drive/KYLE_AI_DATABASE/A_CAMERA/Focal_species/Gulo gulo/HFW12-F7/HC/2016/COLOR/Robust marks/03.09-11.08/IMG_2783.JPG,IMG_2783.JPG,HFW12-F7_2016_201603091108_IMG_2783.jpg,0.932640790939331,974.0511474609375,305.55462646484375,331.48876953125,802.2514038085938,2048,1536,331,802
HFW12-F7,2016,201603091108,HC,1,/Volumes/Seagate Portable Drive/KYLE_AI_DATABASE/A_CAMERA/Focal_species/Gulo gulo/HFW12-F7/HC/2016/COLOR/Robust marks/03.09-11.08/IMG_2784.JPG,IMG_2784.JPG,HFW12-F7_2016_201603091108_IMG_2784.jpg,0.9384045004844666,960.8359375,312.2066345214844,350.716064453125,796.6739501953125,2048,1536,350,796
HFW12-F7,2016,201603091108,HC,1,/Volumes/Seagate Portable Drive/KYLE_AI_DATABASE/A_CAMERA/Focal_species/Gulo gulo/HFW12-F7/HC/2016/COLOR/Robust marks/03.09-11.08/IMG_2785.JPG,IMG_2785.JPG,HFW12-F7_2016_201603091108_IMG_2785.jpg,0.9434648156166077,954.8176879882812,313.1366271972656,356.51800537109375,791.3682861328125,2048,1536,356,791
HFW12-F7,2016,201603091108,HC,1,/Volumes/Seagate Portable Drive/KYLE_AI_DATABASE/A_CAMERA/Focal_species/Gulo gulo/HFW12-F7/HC/2016/COLOR/Robust marks/03.09-11.08/IMG_2786.JPG,IMG_2786.JPG,HFW12-F7_2016_201603091108_IMG_2786.jpg,0.9418864846229553,954.5545654296875,313.237548828125,356.3935546875,791.42333984375,2048,1536,356,791
HFW12-F7,2016,201603091108,HC,1,/Volumes/Seagate Portable Drive/KYLE_AI_DATABASE/A_CAMERA/Focal_species/Gulo gulo/HFW12-F7/HC/2016/COLOR/Robust marks/03.09-11.08/IMG_2787.JPG,IMG_2787.JPG,HFW12-F7_2016_201603091108_IMG_2787.jpg,0.9324021935462952,966.1611328125,310.46759033203125,339.23876953125,815.7523803710938,2048,1536,339,815
HFW12-F7,2016,201603091108,HC,1,/Volumes/Seagate Portable Drive/KYLE_AI_DATABASE/A_CAMERA/Focal_species/Gulo gulo/HFW12-F7/HC/2016/COLOR/Robust marks/03.09-11.08/IMG_2788.JPG,IMG_2788.JPG,HFW12-F7_2016_201603091108_IMG_2788.jpg,0.9360335469245911,982.32958984375,316.4814147949219,305.727783203125,845.54296875,2048,1536,305,845
HFW12-F7,2016,201603091108,HC,1,/Volumes/Seagate Portable Drive/KYLE_AI_DATABASE/A_CAMERA/Focal_species/Gulo gulo/HFW12-F7/HC/2016/COLOR/Robust marks/03.09-11.08/IMG_2789.JPG,IMG_2789.JPG,HFW12-F7_2016_201603091108_IMG_2789.jpg,0.926728367805481,960.1749267578125,320.1741943359375,336.132080078125,861.1871337890625,2048,1536,336,861
HFW12-F7,2016,201603091108,HC,1,/Volumes/Seagate Portable Drive/KYLE_AI_DATABASE/A_CAMERA/Focal_species/Gulo gulo/HFW12-F7/HC/2016/COLOR/Robust marks/03.09-11.08/IMG_2790.JPG,IMG_2790.JPG,HFW12-F7_2016_201603091108_IMG_2790.jpg,0.9214115142822266,983.6591796875,321.27734375,317.113525390625,859.54248046875,2048,1536,317,859
HFW12-F7,2016,201603091108,HC,1,/Volumes/Seagate Portable Drive/KYLE_AI_DATABASE/A_CAMERA/Focal_species/Gulo gulo/HFW12-F7/HC/2016/COLOR/Robust marks/03.09-11.08/IMG_2791.JPG,IMG_2791.JPG,HFW12-F7_2016_201603091108_IMG_2791.jpg,0.9440348744392395,917.1531982421875,325.89306640625,389.4951171875,880.92626953125,2048,1536,389,880
HFW12-F7,2016,201603091108,HC,1,/Volumes/Seagate Portable Drive/KYLE_AI_DATABASE/A_CAMERA/Focal_species/Gulo gulo/HFW12-F7/HC/2016/COLOR/Robust marks/03.09-11.08/IMG_2792.JPG,IMG_2792.JPG,HFW12-F7_2016_201603091108_IMG_2792.jpg,0.9230784177780151,974.251953125,323.77294921875,336.62548828125,898.587158203125,2048,1536,336,898
HFW12-F7,2016,201603091108,HC,1,/Volumes/Seagate Portable Drive/KYLE_AI_DATABASE/A_CAMERA/Focal_species/Gulo gulo/HFW12-F7/HC/2016/COLOR/Robust marks/03.09-11.08/IMG_2793.JPG,IMG_2793.JPG,HFW12-F7_2016_201603091108_IMG_2793.jpg,0.9314386248588562,981.9007568359375,323.84417724609375,328.636474609375,908.1113891601562,2048,1536,328,908
HFW12-F7,2016,201603091108,HC,1,/Volumes/Seagate Portable Drive/KYLE_AI_DATABASE/A_CAMERA/Focal_species/Gulo gulo/HFW12-F7/HC/2016/COLOR/Robust marks/03.09-11.08/IMG_2794.JPG,IMG_2794.JPG,HFW12-F7_2016_201603091108_IMG_2794.jpg,0.9491703510284424,931.8154907226562,322.09161376953125,398.96453857421875,821.7626342773438,2048,1536,398,821
HFW12-F7,2016,201603091108,HC,1,/Volumes/Seagate Portable Drive/KYLE_AI_DATABASE/A_CAMERA/Focal_species/Gulo gulo/HFW12-F7/HC/2016/COLOR/Robust marks/03.09-11.08/IMG_2795.JPG,IMG_2795.JPG,HFW12-F7_2016_201603091108_IMG_2795.jpg,0.9145638346672058,983.2952880859375,321.59503173828125,337.082275390625,834.0192260742188,2048,1536,337,834
HFW12-F7,2016,201603091108,HC,1,/Volumes/Seagate Portable Drive/KYLE_AI_DATABASE/A_CAMERA/Focal_species/Gulo gulo/HFW12-F7/HC/2016/COLOR/Robust marks/03.09-11.08/IMG_2796.JPG,IMG_2796.JPG,HFW12-F7_2016_201603091108_IMG_2796.jpg,0.9180680513381958,973.5196533203125,324.347900390625,347.984130859375,875.8018798828125,2048,1536,347,875
HFW12-F7,2016,201603091108,HC,1,/Volumes/Seagate Portable Drive/KYLE_AI_DATABASE/A_CAMERA/Focal_species/Gulo gulo/HFW12-F7/HC/2016/COLOR/Robust marks/03.09-11.08/IMG_2797.JPG,IMG_2797.JPG,HFW12-F7_2016_201603091108_IMG_2797.jpg,0.9294915199279785,953.5154418945312,344.3236083984375,358.72247314453125,884.90625,2048,1536,358,884
HFW12-F7,2016,201603091108,HC,1,/Volumes/Seagate Portable Drive/KYLE_AI_DATABASE/A_CAMERA/Focal_species/Gulo gulo/HFW12-F7/HC/2016/COLOR/Robust marks/03.09-11.08/IMG_2798.JPG,IMG_2798.JPG,HFW12-F7_2016_201603091108_IMG_2798.jpg,0.9209092855453491,1112.08984375,700.44384765625,751.020263671875,484.71728515625,2048,1536,751,484
HFW12-F7,2016,201603091108,HC,1,/Volumes/Seagate Portable Drive/KYLE_AI_DATABASE/A_CAMERA/Focal_species/Gulo gulo/HFW12-F7/HC/2016/COLOR/Robust marks/03.09-11.08/IMG_2802.JPG,IMG_2802.JPG,HFW12-F7_2016_201603091108_IMG_2802.jpg,0.9342716932296753,651.8905639648438,496.3861999511719,404.74749755859375,708.9730224609375,2048,1536,404,708
HFW12-F7,2016,201603091108,HC,1,/Volumes/Seagate Portable Drive/KYLE_AI_DATABASE/A_CAMERA/Focal_species/Gulo gulo/HFW12-F7/HC/2016/COLOR/Robust marks/03.09-11.08/IMG_2803.JPG,IMG_2803.JPG,HFW12-F7_2016_201603091108_IMG_2803.jpg,0.9326428771018982,641.3365478515625,293.9552001953125,416.818115234375,740.01318359375,2048,1536,416,740
HFW12-F7,2016,201603091108,HC,1,/Volumes/Seagate Portable Drive/KYLE_AI_DATABASE/A_CAMERA/Focal_species/Gulo gulo/HFW12-F7/HC/2016/COLOR/Robust marks/03.09-11.08/IMG_2804.JPG,IMG_2804.JPG,HFW12-F7_2016_201603091108_IMG_2804.jpg,0.9384751319885254,607.3527221679688,295.8403015136719,452.16436767578125,748.82861328125,2048,1536,452,748
HFW12-F7,2016,201603091108,HC,1,/Volumes/Seagate Portable Drive/KYLE_AI_DATABASE/A_CAMERA/Focal_species/Gulo gulo/HFW12-F7/HC/2016/COLOR/Robust marks/03.09-11.08/IMG_2805.JPG,IMG_2805.JPG,HFW12-F7_2016_201603091108_IMG_2805.jpg,0.9464647769927979,629.7802734375,293.97479248046875,523.911865234375,736.6951293945312,2048,1536,523,736
HFW12-F7,2016,201603091108,HC,1,/Volumes/Seagate Portable Drive/KYLE_AI_DATABASE/A_CAMERA/Focal_species/Gulo gulo/HFW12-F7/HC/2016/COLOR/Robust marks/03.09-11.08/IMG_2806.JPG,IMG_2806.JPG,HFW12-F7_2016_201603091108_IMG_2806.jpg,0.9361085295677185,621.886962890625,300.4012451171875,533.5787353515625,684.4631958007812,2048,1536,533,684
HFW12-F7,2016,201603091108,HC,1,/Volumes/Seagate Portable Drive/KYLE_AI_DATABASE/A_CAMERA/Focal_species/Gulo gulo/HFW12-F7/HC/2016/COLOR/Robust marks/03.09-11.08/IMG_2807.JPG,IMG_2807.JPG,HFW12-F7_2016_201603091108_IMG_2807.jpg,0.9433466196060181,605.0736083984375,317.91424560546875,538.37890625,707.0233764648438,2048,1536,538,707
HFW12-F7,2016,201603091108,HC,1,/Volumes/Seagate Portable Drive/KYLE_AI_DATABASE/A_CAMERA/Focal_species/Gulo gulo/HFW12-F7/HC/2016/COLOR/Robust marks/03.09-11.08/IMG_2808.JPG,IMG_2808.JPG,HFW12-F7_2016_201603091108_IMG_2808.jpg,0.9413517117500305,619.976806640625,293.19873046875,521.2012939453125,722.6546630859375,2048,1536,521,722
HFW12-F7,2016,201603091108,HC,1,/Volumes/Seagate Portable Drive/KYLE_AI_DATABASE/A_CAMERA/Focal_species/Gulo gulo/HFW12-F7/HC/2016/COLOR/Robust marks/03.09-11.08/IMG_2809.JPG,IMG_2809.JPG,HFW12-F7_2016_201603091108_IMG_2809.jpg,0.9430776834487915,563.0438842773438,327.28314208984375,523.0379028320312,816.5325317382812,2048,1536,523,816
HFW12-F7,2016,201603091108,HC,1,/Volumes/Seagate Portable Drive/KYLE_AI_DATABASE/A_CAMERA/Focal_species/Gulo gulo/HFW12-F7/HC/2016/COLOR/Robust marks/03.09-11.08/IMG_2810.JPG,IMG_2810.JPG,HFW12-F7_2016_201603091108_IMG_2810.jpg,0.9527983069419861,563.9788818359375,323.6282043457031,523.7586669921875,806.1068115234375,2048,1536,523,806
HFW12-F7,2016,201603091108,HC,1,/Volumes/Seagate Portable Drive/KYLE_AI_DATABASE/A_CAMERA/Focal_species/Gulo gulo/HFW12-F7/HC/2016/COLOR/Robust marks/03.09-11.08/IMG_2811.JPG,IMG_2811.JPG,HFW12-F7_2016_201603091108_IMG_2811.jpg,0.9378108382225037,592.0283203125,316.7705078125,531.4083251953125,762.2601318359375,2048,1536,531,762
HFW12-F7,2016,201603091108,HC,1,/Volumes/Seagate Portable Drive/KYLE_AI_DATABASE/A_CAMERA/Focal_species/Gulo gulo/HFW12-F7/HC/2016/COLOR/Robust marks/03.09-11.08/IMG_2812.JPG,IMG_2812.JPG,HFW12-F7_2016_201603091108_IMG_2812.jpg,0.9420400857925415,602.3863525390625,320.068115234375,533.156982421875,708.033447265625,2048,1536,533,708
HFW12-F7,2016,201603091108,HC,1,/Volumes/Seagate Portable Drive/KYLE_AI_DATABASE/A_CAMERA/Focal_species/Gulo gulo/HFW12-F7/HC/2016/COLOR/Robust marks/03.09-11.08/IMG_2813.JPG,IMG_2813.JPG,HFW12-F7_2016_201603091108_IMG_2813.jpg,0.9293198585510254,546.9512939453125,319.92205810546875,530.3255615234375,793.6143188476562,2048,1536,530,793
HFW12-F7,2016,201603091108,HC,1,/Volumes/Seagate Portable Drive/KYLE_AI_DATABASE/A_CAMERA/Focal_species/Gulo gulo/HFW12-F7/HC/2016/COLOR/Robust marks/03.09-11.08/IMG_2814.JPG,IMG_2814.JPG,HFW12-F7_2016_201603091108_IMG_2814.jpg,0.9418588876724243,553.0213012695312,314.5285949707031,516.9249877929688,816.8839111328125,2048,1536,516,816
HFW12-F7,2016,201603091108,HC,1,/Volumes/Seagate Portable Drive/KYLE_AI_DATABASE/A_CAMERA/Focal_species/Gulo gulo/HFW12-F7/HC/2016/COLOR/Robust marks/03.09-11.08/IMG_2815.JPG,IMG_2815.JPG,HFW12-F7_2016_201603091108_IMG_2815.jpg,0.9381100535392761,574.2151489257812,343.52410888671875,480.13800048828125,808.6497192382812,2048,1536,480,808
HFW12-F7,2016,201603091108,HC,1,/Volumes/Seagate Portable Drive/KYLE_AI_DATABASE/A_CAMERA/Focal_species/Gulo gulo/HFW12-F7/HC/2016/COLOR/Robust marks/03.09-11.08/IMG_2816.JPG,IMG_2816.JPG,HFW12-F7_2016_201603091108_IMG_2816.jpg,0.9284264445304871,564.6470336914062,308.75604248046875,501.15789794921875,779.7053833007812,2048,1536,501,779
HFW12-F7,2016,201603091108,HC,1,/Volumes/Seagate Portable Drive/KYLE_AI_DATABASE/A_CAMERA/Focal_species/Gulo gulo/HFW12-F7/HC/2016/COLOR/Robust marks/03.09-11.08/IMG_2817.JPG,IMG_2817.JPG,HFW12-F7_2016_201603091108_IMG_2817.jpg,0.9306615591049194,579.3150634765625,357.46942138671875,512.683349609375,710.0862426757812,2048,1536,512,710
HFW12-F7,2016,201603091108,HC,1,/Volumes/Seagate Portable Drive/KYLE_AI_DATABASE/A_CAMERA/Focal_species/Gulo gulo/HFW12-F7/HC/2016/COLOR/Robust marks/03.09-11.08/IMG_2818.JPG,IMG_2818.JPG,HFW12-F7_2016_201603091108_IMG_2818.jpg,0.9124512672424316,592.995361328125,344.89849853515625,478.9307861328125,638.265625,2048,1536,478,638
HFW12-F7,2016,201603091108,HC,1,/Volumes/Seagate Portable Drive/KYLE_AI_DATABASE/A_CAMERA/Focal_species/Gulo gulo/HFW12-F7/HC/2016/COLOR/Robust marks/03.09-11.08/IMG_2819.JPG,IMG_2819.JPG,HFW12-F7_2016_201603091108_IMG_2819.jpg,0.9328653812408447,586.8843994140625,349.97509765625,511.81103515625,635.868408203125,2048,1536,511,635
HFW12-F7,2016,201603091108,HC,1,/Volumes/Seagate Portable Drive/KYLE_AI_DATABASE/A_CAMERA/Focal_species/Gulo gulo/HFW12-F7/HC/2016/COLOR/Robust marks/03.09-11.08/IMG_2820.JPG,IMG_2820.JPG,HFW12-F7_2016_201603091108_IMG_2820.jpg,0.9282853007316589,588.1000366210938,353.29083251953125,505.69976806640625,634.8798217773438,2048,1536,505,634
HFW12-F7,2016,201603091108,HC,1,/Volumes/Seagate Portable Drive/KYLE_AI_DATABASE/A_CAMERA/Focal_species/Gulo gulo/HFW12-F7/HC/2016/COLOR/Robust marks/03.09-11.08/IMG_2821.JPG,IMG_2821.JPG,HFW12-F7_2016_201603091108_IMG_2821.jpg,0.9407004714012146,575.312255859375,302.6766357421875,471.0592041015625,777.51220703125,2048,1536,471,777
HFW12-F7,2016,201603091108,HC,1,/Volumes/Seagate Portable Drive/KYLE_AI_DATABASE/A_CAMERA/Focal_species/Gulo gulo/HFW12-F7/HC/2016/COLOR/Robust marks/03.09-11.08/IMG_2822.JPG,IMG_2822.JPG,HFW12-F7_2016_201603091108_IMG_2822.jpg,0.9399733543395996,575.4089965820312,298.29571533203125,478.33905029296875,787.7487182617188,2048,1536,478,787
HFW12-F7,2016,201603091108,HC,1,/Volumes/Seagate Portable Drive/KYLE_AI_DATABASE/A_CAMERA/Focal_species/Gulo gulo/HFW12-F7/HC/2016/COLOR/Robust marks/03.09-11.08/IMG_2823.JPG,IMG_2823.JPG,HFW12-F7_2016_201603091108_IMG_2823.jpg,0.917769730091095,586.420654296875,347.51129150390625,452.480224609375,645.4765014648438,2048,1536,452,645
HFW12-F7,2016,201603091108,HC,1,/Volumes/Seagate Portable Drive/KYLE_AI_DATABASE/A_CAMERA/Focal_species/Gulo gulo/HFW12-F7/HC/2016/COLOR/Robust marks/03.09-11.08/IMG_2824.JPG,IMG_2824.JPG,HFW12-F7_2016_201603091108_IMG_2824.jpg,0.9075413346290588,579.0836791992188,300.663818359375,469.52239990234375,820.654296875,2048,1536,469,820
HFW12-F7,2016,201603091108,HC,1,/Volumes/Seagate Portable Drive/KYLE_AI_DATABASE/A_CAMERA/Focal_species/Gulo gulo/HFW12-F7/HC/2016/COLOR/Robust marks/03.09-11.08/IMG_2825.JPG,IMG_2825.JPG,HFW12-F7_2016_201603091108_IMG_2825.jpg,0.939228355884552,576.0325317382812,380.2513427734375,486.97918701171875,773.41162109375,2048,1536,486,773
HFW12-F7,2016,201603091108,HC,1,/Volumes/Seagate Portable Drive/KYLE_AI_DATABASE/A_CAMERA/Focal_species/Gulo gulo/HFW12-F7/HC/2016/COLOR/Robust marks/03.09-11.08/IMG_2826.JPG,IMG_2826.JPG,HFW12-F7_2016_201603091108_IMG_2826.jpg,0.9407320022583008,573.412353515625,366.1871337890625,490.5721435546875,798.7371826171875,2048,1536,490,798
HFW12-F7,2016,201603091108,HC,1,/Volumes/Seagate Portable Drive/KYLE_AI_DATABASE/A_CAMERA/Focal_species/Gulo gulo/HFW12-F7/HC/2016/COLOR/Robust marks/03.09-11.08/IMG_2827.JPG,IMG_2827.JPG,HFW12-F7_2016_201603091108_IMG_2827.jpg,0.9333046078681946,573.6214599609375,357.4102783203125,485.9678955078125,811.333984375,2048,1536,485,811
HFW12-F7,2016,201603091108,HC,1,/Volumes/Seagate Portable Drive/KYLE_AI_DATABASE/A_CAMERA/Focal_species/Gulo gulo/HFW12-F7/HC/2016/COLOR/Robust marks/03.09-11.08/IMG_2828.JPG,IMG_2828.JPG,HFW12-F7_2016_201603091108_IMG_2828.jpg,0.9515942931175232,570.7442626953125,302.27374267578125,477.5020751953125,868.7536010742188,2048,1536,477,868
HFW12-F7,2016,201603091108,HC,1,/Volumes/Seagate Portable Drive/KYLE_AI_DATABASE/A_CAMERA/Focal_species/Gulo gulo/HFW12-F7/HC/2016/COLOR/Robust marks/03.09-11.08/IMG_2829.JPG,IMG_2829.JPG,HFW12-F7_2016_201603091108_IMG_2829.jpg,0.9161360263824463,564.0396728515625,292.4508056640625,482.2860107421875,803.387451171875,2048,1536,482,803
HFW12-F7,2016,201603091108,HC,1,/Volumes/Seagate Portable Drive/KYLE_AI_DATABASE/A_CAMERA/Focal_species/Gulo gulo/HFW12-F7/HC/2016/COLOR/Robust marks/03.09-11.08/IMG_2830.JPG,IMG_2830.JPG,HFW12-F7_2016_201603091108_IMG_2830.jpg,0.935614287853241,551.4805908203125,291.4695739746094,462.8582763671875,834.55419921875,2048,1536,462,834
HFW12-F7,2016,201603091108,HC,1,/Volumes/Seagate Portable Drive/KYLE_AI_DATABASE/A_CAMERA/Focal_species/Gulo gulo/HFW12-F7/HC/2016/COLOR/Robust marks/03.09-11.08/IMG_2831.JPG,IMG_2831.JPG,HFW12-F7_2016_201603091108_IMG_2831.jpg,0.9621052145957947,560.7258911132812,299.30181884765625,480.77081298828125,804.0139770507812,2048,1536,480,804
HFW12-F7,2016,201603091108,HC,1,/Volumes/Seagate Portable Drive/KYLE_AI_DATABASE/A_CAMERA/Focal_species/Gulo gulo/HFW12-F7/HC/2016/COLOR/Robust marks/03.09-11.08/IMG_2832.JPG,IMG_2832.JPG,HFW12-F7_2016_201603091108_IMG_2832.jpg,0.9483996033668518,570.4422607421875,300.0244140625,472.309326171875,814.577880859375,2048,1536,472,814
HFW12-F7,2016,201603091108,HC,1,/Volumes/Seagate Portable Drive/KYLE_AI_DATABASE/A_CAMERA/Focal_species/Gulo gulo/HFW12-F7/HC/2016/COLOR/Robust marks/03.09-11.08/IMG_2833.JPG,IMG_2833.JPG,HFW12-F7_2016_201603091108_IMG_2833.jpg,0.9350995421409607,574.6993408203125,302.1693115234375,467.2520751953125,785.2191162109375,2048,1536,467,785
HFW12-F7,2016,201603091108,HC,1,/Volumes/Seagate Portable Drive/KYLE_AI_DATABASE/A_CAMERA/Focal_species/Gulo gulo/HFW12-F7/HC/2016/COLOR/Robust marks/03.09-11.08/IMG_2834.JPG,IMG_2834.JPG,HFW12-F7_2016_201603091108_IMG_2834.jpg,0.9493131041526794,569.2561645507812,321.0323486328125,480.25860595703125,770.71533203125,2048,1536,480,770
HFW12-F7,2016,201603091108,HC,1,/Volumes/Seagate Portable Drive/KYLE_AI_DATABASE/A_CAMERA/Focal_species/Gulo gulo/HFW12-F7/HC/2016/COLOR/Robust marks/03.09-11.08/IMG_2835.JPG,IMG_2835.JPG,HFW12-F7_2016_201603091108_IMG_2835.jpg,0.9370952844619751,577.4264526367188,302.88995361328125,455.13043212890625,747.5628051757812,2048,1536,455,747
HFW12-F7,2016,201603091108,HC,1,/Volumes/Seagate Portable Drive/KYLE_AI_DATABASE/A_CAMERA/Focal_species/Gulo gulo/HFW12-F7/HC/2016/COLOR/Robust marks/03.09-11.08/IMG_2836.JPG,IMG_2836.JPG,HFW12-F7_2016_201603091108_IMG_2836.jpg,0.9368169903755188,564.0042724609375,313.44732666015625,473.6312255859375,803.8854370117188,2048,1536,473,803
HFW12-F7,2016,201603091108,HC,1,/Volumes/Seagate Portable Drive/KYLE_AI_DATABASE/A_CAMERA/Focal_species/Gulo gulo/HFW12-F7/HC/2016/COLOR/Robust marks/03.09-11.08/IMG_2837.JPG,IMG_2837.JPG,HFW12-F7_2016_201603091108_IMG_2837.jpg,0.9385579824447632,575.8031005859375,298.770751953125,472.57470703125,765.1141357421875,2048,1536,472,765
HFW12-F7,2016,201603091108,HC,1,/Volumes/Seagate Portable Drive/KYLE_AI_DATABASE/A_CAMERA/Focal_species/Gulo gulo/HFW12-F7/HC/2016/COLOR/Robust marks/03.09-11.08/IMG_2838.JPG,IMG_2838.JPG,HFW12-F7_2016_201603091108_IMG_2838.jpg,0.9258764982223511,575.5459594726562,300.6405029296875,472.91204833984375,793.8245849609375,2048,1536,472,793
HFW12-F7,2016,201603091108,HC,1,/Volumes/Seagate Portable Drive/KYLE_AI_DATABASE/A_CAMERA/Focal_species/Gulo gulo/HFW12-F7/HC/2016/COLOR/Robust marks/03.09-11.08/IMG_2839.JPG,IMG_2839.JPG,HFW12-F7_2016_201603091108_IMG_2839.jpg,0.9309864640235901,581.303955078125,310.4659118652344,451.723388671875,748.891357421875,2048,1536,451,748
HFW12-F7,2016,201603091108,HC,1,/Volumes/Seagate Portable Drive/KYLE_AI_DATABASE/A_CAMERA/Focal_species/Gulo gulo/HFW12-F7/HC/2016/COLOR/Robust marks/03.09-11.08/IMG_2840.JPG,IMG_2840.JPG,HFW12-F7_2016_201603091108_IMG_2840.jpg,0.9379561543464661,582.4652709960938,295.2166442871094,457.55548095703125,763.127685546875,2048,1536,457,763
HFW12-F7,2016,201603091108,HC,1,/Volumes/Seagate Portable Drive/KYLE_AI_DATABASE/A_CAMERA/Focal_species/Gulo gulo/HFW12-F7/HC/2016/COLOR/Robust marks/03.09-11.08/IMG_2841.JPG,IMG_2841.JPG,HFW12-F7_2016_201603091108_IMG_2841.jpg,0.9449455738067627,612.1718139648438,325.98809814453125,429.84844970703125,698.7744750976562,2048,1536,429,698
HFW12-F7,2016,201603091108,HC,1,/Volumes/Seagate Portable Drive/KYLE_AI_DATABASE/A_CAMERA/Focal_species/Gulo gulo/HFW12-F7/HC/2016/COLOR/Robust marks/03.09-11.08/IMG_2842.JPG,IMG_2842.JPG,HFW12-F7_2016_201603091108_IMG_2842.jpg,0.9507883787155151,604.3711547851562,320.6009521484375,431.70635986328125,705.0233154296875,2048,1536,431,705
HFW12-F7,2016,201603091108,HC,1,/Volumes/Seagate Portable Drive/KYLE_AI_DATABASE/A_CAMERA/Focal_species/Gulo gulo/HFW12-F7/HC/2016/COLOR/Robust marks/03.09-11.08/IMG_2843.JPG,IMG_2843.JPG,HFW12-F7_2016_201603091108_IMG_2843.jpg,0.946946918964386,593.0005493164062,319.3117980957031,443.49945068359375,707.8895263671875,2048,1536,443,707
HFW12-F7,2016,201603091108,HC,1,/Volumes/Seagate Portable Drive/KYLE_AI_DATABASE/A_CAMERA/Focal_species/Gulo gulo/HFW12-F7/HC/2016/COLOR/Robust marks/03.09-11.08/IMG_2844.JPG,IMG_2844.JPG,HFW12-F7_2016_201603091108_IMG_2844.jpg,0.9435087442398071,586.9169921875,321.0648193359375,449.7103271484375,705.5391845703125,2048,1536,449,705
HFW12-F7,2016,201603091108,HC,1,/Volumes/Seagate Portable Drive/KYLE_AI_DATABASE/A_CAMERA/Focal_species/Gulo gulo/HFW12-F7/HC/2016/COLOR/Robust marks/03.09-11.08/IMG_2845.JPG,IMG_2845.JPG,HFW12-F7_2016_201603091108_IMG_2845.jpg,0.9461430907249451,586.5663452148438,321.07403564453125,449.86993408203125,707.2750854492188,2048,1536,449,707
HFW12-F7,2016,201603091108,HC,1,/Volumes/Seagate Portable Drive/KYLE_AI_DATABASE/A_CAMERA/Focal_species/Gulo gulo/HFW12-F7/HC/2016/COLOR/Robust marks/03.09-11.08/IMG_2846.JPG,IMG_2846.JPG,HFW12-F7_2016_201603091108_IMG_2846.jpg,0.9447689056396484,594.8394775390625,298.5531921386719,457.1448974609375,777.6893310546875,2048,1536,457,777
HFW12-F7,2016,201603091108,HC,1,/Volumes/Seagate Portable Drive/KYLE_AI_DATABASE/A_CAMERA/Focal_species/Gulo gulo/HFW12-F7/HC/2016/COLOR/Robust marks/03.09-11.08/IMG_2847.JPG,IMG_2847.JPG,HFW12-F7_2016_201603091108_IMG_2847.jpg,0.9495157599449158,606.2672119140625,268.46124267578125,432.5845947265625,805.2357788085938,2048,1536,432,805
HFW12-F7,2016,201603091108,HC,1,/Volumes/Seagate Portable Drive/KYLE_AI_DATABASE/A_CAMERA/Focal_species/Gulo gulo/HFW12-F7/HC/2016/COLOR/Robust marks/03.09-11.08/IMG_2848.JPG,IMG_2848.JPG,HFW12-F7_2016_201603091108_IMG_2848.jpg,0.9456896781921387,613.435302734375,255.62887573242188,425.3226318359375,815.49658203125,2048,1536,425,815
HFW12-F7,2016,201603091108,HC,1,/Volumes/Seagate Portable Drive/KYLE_AI_DATABASE/A_CAMERA/Focal_species/Gulo gulo/HFW12-F7/HC/2016/COLOR/Robust marks/03.09-11.08/IMG_2849.JPG,IMG_2849.JPG,HFW12-F7_2016_201603091108_IMG_2849.jpg,0.9569712281227112,586.753662109375,260.2976989746094,442.49755859375,798.04833984375,2048,1536,442,798
HFW12-F7,2016,201603091108,HC,1,/Volumes/Seagate Portable Drive/KYLE_AI_DATABASE/A_CAMERA/Focal_species/Gulo gulo/HFW12-F7/HC/2016/COLOR/Robust marks/03.09-11.08/IMG_2850.JPG,IMG_2850.JPG,HFW12-F7_2016_201603091108_IMG_2850.jpg,0.9516710042953491,586.132080078125,240.42897033691406,443.240966796875,777.9051513671875,2048,1536,443,777
HFW12-F7,2016,201603091108,HC,1,/Volumes/Seagate Portable Drive/KYLE_AI_DATABASE/A_CAMERA/Focal_species/Gulo gulo/HFW12-F7/HC/2016/COLOR/Robust marks/03.09-11.08/IMG_2851.JPG,IMG_2851.JPG,HFW12-F7_2016_201603091108_IMG_2851.jpg,0.9270579218864441,589.40673828125,307.6570129394531,454.27880859375,757.904052734375,2048,1536,454,757
HFW12-F7,2016,201603091108,HC,1,/Volumes/Seagate Portable Drive/KYLE_AI_DATABASE/A_CAMERA/Focal_species/Gulo gulo/HFW12-F7/HC/2016/COLOR/Robust marks/03.09-11.08/IMG_2852.JPG,IMG_2852.JPG,HFW12-F7_2016_201603091108_IMG_2852.jpg,0.9155246615409851,584.072265625,301.348876953125,461.89892578125,801.222900390625,2048,1536,461,801
HFW12-F7,2016,201603091108,HC,1,/Volumes/Seagate Portable Drive/KYLE_AI_DATABASE/A_CAMERA/Focal_species/Gulo gulo/HFW12-F7/HC/2016/COLOR/Robust marks/03.09-11.08/IMG_2853.JPG,IMG_2853.JPG,HFW12-F7_2016_201603091108_IMG_2853.jpg,0.9433944821357727,590.792724609375,303.5566101074219,458.4927978515625,750.9697265625,2048,1536,458,750
HFW12-F7,2016,201603091108,HC,1,/Volumes/Seagate Portable Drive/KYLE_AI_DATABASE/A_CAMERA/Focal_species/Gulo gulo/HFW12-F7/HC/2016/COLOR/Robust marks/03.09-11.08/IMG_2854.JPG,IMG_2854.JPG,HFW12-F7_2016_201603091108_IMG_2854.jpg,0.9495687484741211,587.6613159179688,295.2167663574219,460.67974853515625,759.9549560546875,2048,1536,460,759
HFW12-F7,2016,201603091108,HC,1,/Volumes/Seagate Portable Drive/KYLE_AI_DATABASE/A_CAMERA/Focal_species/Gulo gulo/HFW12-F7/HC/2016/COLOR/Robust marks/03.09-11.08/IMG_2855.JPG,IMG_2855.JPG,HFW12-F7_2016_201603091108_IMG_2855.jpg,0.9552330374717712,587.7460327148438,309.38787841796875,463.53875732421875,744.3016967773438,2048,1536,463,744
HFW12-F7,2016,201603091108,HC,1,/Volumes/Seagate Portable Drive/KYLE_AI_DATABASE/A_CAMERA/Focal_species/Gulo gulo/HFW12-F7/HC/2016/COLOR/Robust marks/03.09-11.08/IMG_2856.JPG,IMG_2856.JPG,HFW12-F7_2016_201603091108_IMG_2856.jpg,0.9471636414527893,587.7905883789062,310.0655212402344,462.13360595703125,745.6451416015625,2048,1536,462,745
HFW12-F7,2016,201603091108,HC,1,/Volumes/Seagate Portable Drive/KYLE_AI_DATABASE/A_CAMERA/Focal_species/Gulo gulo/HFW12-F7/HC/2016/COLOR/Robust marks/03.09-11.08/IMG_2857.JPG,IMG_2857.JPG,HFW12-F7_2016_201603091108_IMG_2857.jpg,0.9492412209510803,586.2071533203125,321.1313171386719,459.8968505859375,735.07958984375,2048,1536,459,735
HFW12-F7,2016,201603091108,HC,1,/Volumes/Seagate Portable Drive/KYLE_AI_DATABASE/A_CAMERA/Focal_species/Gulo gulo/HFW12-F7/HC/2016/COLOR/Robust marks/03.09-11.08/IMG_2858.JPG,IMG_2858.JPG,HFW12-F7_2016_201603091108_IMG_2858.jpg,0.9455663561820984,588.044189453125,318.52899169921875,462.732177734375,740.4138793945312,2048,1536,462,740
HFW12-F7,2016,201603091108,HC,1,/Volumes/Seagate Portable Drive/KYLE_AI_DATABASE/A_CAMERA/Focal_species/Gulo gulo/HFW12-F7/HC/2016/COLOR/Robust marks/03.09-11.08/IMG_2859.JPG,IMG_2859.JPG,HFW12-F7_2016_201603091108_IMG_2859.jpg,0.9588331580162048,587.84716796875,317.94647216796875,461.39892578125,741.2031860351562,2048,1536,461,741
HFW12-F7,2016,201603091108,HC,1,/Volumes/Seagate Portable Drive/KYLE_AI_DATABASE/A_CAMERA/Focal_species/Gulo gulo/HFW12-F7/HC/2016/COLOR/Robust marks/03.09-11.08/IMG_2860.JPG,IMG_2860.JPG,HFW12-F7_2016_201603091108_IMG_2860.jpg,0.9395687580108643,588.2633056640625,293.7479248046875,457.48388671875,776.3890380859375,2048,1536,457,776
HFW12-F7,2016,201603091108,HC,1,/Volumes/Seagate Portable Drive/KYLE_AI_DATABASE/A_CAMERA/Focal_species/Gulo gulo/HFW12-F7/HC/2016/COLOR/Robust marks/03.09-11.08/IMG_2861.JPG,IMG_2861.JPG,HFW12-F7_2016_201603091108_IMG_2861.jpg,0.885892391204834,618.6597900390625,227.3704376220703,453.6690673828125,813.7662963867188,2048,1536,453,813
HFW12-F7,2016,201603091108,HC,1,/Volumes/Seagate Portable Drive/KYLE_AI_DATABASE/A_CAMERA/Focal_species/Gulo gulo/HFW12-F7/HC/2016/COLOR/Robust marks/03.09-11.08/IMG_2862.JPG,IMG_2862.JPG,HFW12-F7_2016_201603091108_IMG_2862.jpg,0.9458581805229187,623.5867919921875,225.42617797851562,436.9412841796875,790.290771484375,2048,1536,436,790
HFW12-F7,2016,201603091108,HC,1,/Volumes/Seagate Portable Drive/KYLE_AI_DATABASE/A_CAMERA/Focal_species/Gulo gulo/HFW12-F7/HC/2016/COLOR/Robust marks/03.09-11.08/IMG_2863.JPG,IMG_2863.JPG,HFW12-F7_2016_201603091108_IMG_2863.jpg,0.8723019957542419,618.0358276367188,279.762939453125,447.45501708984375,751.4906005859375,2048,1536,447,751
HFW12-F7,2016,201603091108,HC,1,/Volumes/Seagate Portable Drive/KYLE_AI_DATABASE/A_CAMERA/Focal_species/Gulo gulo/HFW12-F7/HC/2016/COLOR/Robust marks/03.09-11.08/IMG_2864.JPG,IMG_2864.JPG,HFW12-F7_2016_201603091108_IMG_2864.jpg,0.9380944967269897,594.9102172851562,304.6628723144531,471.92803955078125,735.2789306640625,2048,1536,471,735
HFW12-F7,2016,201603091108,HC,1,/Volumes/Seagate Portable Drive/KYLE_AI_DATABASE/A_CAMERA/Focal_species/Gulo gulo/HFW12-F7/HC/2016/COLOR/Robust marks/03.09-11.08/IMG_2865.JPG,IMG_2865.JPG,HFW12-F7_2016_201603091108_IMG_2865.jpg,0.9511908292770386,591.6505126953125,310.055419921875,479.6553955078125,759.504638671875,2048,1536,479,759
HFW12-F7,2016,201603091108,HC,1,/Volumes/Seagate Portable Drive/KYLE_AI_DATABASE/A_CAMERA/Focal_species/Gulo gulo/HFW12-F7/HC/2016/COLOR/Robust marks/03.09-11.08/IMG_2866.JPG,IMG_2866.JPG,HFW12-F7_2016_201603091108_IMG_2866.jpg,0.9457952380180359,587.9249267578125,281.423583984375,471.6815185546875,790.2364501953125,2048,1536,471,790
HFW12-F7,2016,201603091108,HC,1,/Volumes/Seagate Portable Drive/KYLE_AI_DATABASE/A_CAMERA/Focal_species/Gulo gulo/HFW12-F7/HC/2016/COLOR/Robust marks/03.09-11.08/IMG_2867.JPG,IMG_2867.JPG,HFW12-F7_2016_201603091108_IMG_2867.jpg,0.9605098366737366,589.82470703125,299.4228515625,495.6119384765625,773.944091796875,2048,1536,495,773
HFW12-F7,2016,201603091108,HC,1,/Volumes/Seagate Portable Drive/KYLE_AI_DATABASE/A_CAMERA/Focal_species/Gulo gulo/HFW12-F7/HC/2016/COLOR/Robust marks/03.09-11.08/IMG_2868.JPG,IMG_2868.JPG,HFW12-F7_2016_201603091108_IMG_2868.jpg,0.960004448890686,588.8538818359375,314.3913879394531,486.4625244140625,760.15478515625,2048,1536,486,760
HFW12-F7,2016,201603091108,HC,1,/Volumes/Seagate Portable Drive/KYLE_AI_DATABASE/A_CAMERA/Focal_species/Gulo gulo/HFW12-F7/HC/2016/COLOR/Robust marks/03.09-11.08/IMG_2869.JPG,IMG_2869.JPG,HFW12-F7_2016_201603091108_IMG_2869.jpg,0.9612411260604858,589.662353515625,314.40374755859375,488.771728515625,760.8108520507812,2048,1536,488,760
HFW12-F7,2016,201603091108,HC,1,/Volumes/Seagate Portable Drive/KYLE_AI_DATABASE/A_CAMERA/Focal_species/Gulo gulo/HFW12-F7/HC/2016/COLOR/Robust marks/03.09-11.08/IMG_2870.JPG,IMG_2870.JPG,HFW12-F7_2016_201603091108_IMG_2870.jpg,0.962130069732666,587.969970703125,315.0968322753906,489.7425537109375,759.12841796875,2048,1536,489,759
HFW12-F7,2016,201603091108,HC,1,/Volumes/Seagate Portable Drive/KYLE_AI_DATABASE/A_CAMERA/Focal_species/Gulo gulo/HFW12-F7/HC/2016/COLOR/Robust marks/03.09-11.08/IMG_2871.JPG,IMG_2871.JPG,HFW12-F7_2016_201603091108_IMG_2871.jpg,0.9524975419044495,611.2225952148438,321.9940185546875,483.15899658203125,742.2528076171875,2048,1536,483,742
HFW12-F7,2016,201603091108,HC,1,/Volumes/Seagate Portable Drive/KYLE_AI_DATABASE/A_CAMERA/Focal_species/Gulo gulo/HFW12-F7/HC/2016/COLOR/Robust marks/03.09-11.08/IMG_2872.JPG,IMG_2872.JPG,HFW12-F7_2016_201603091108_IMG_2872.jpg,0.9523296356201172,594.7652587890625,370.08807373046875,673.8123779296875,756.2478637695312,2048,1536,673,756
HFW12-F7,2016,201603091108,HC,1,/Volumes/Seagate Portable Drive/KYLE_AI_DATABASE/A_CAMERA/Focal_species/Gulo gulo/HFW12-F7/HC/2016/COLOR/Robust marks/03.09-11.08/IMG_2873.JPG,IMG_2873.JPG,HFW12-F7_2016_201603091108_IMG_2873.jpg,0.9453534483909607,617.5162353515625,371.46343994140625,538.30712890625,718.6874389648438,2048,1536,538,718
HFW12-F7,2016,201603091108,HC,1,/Volumes/Seagate Portable Drive/KYLE_AI_DATABASE/A_CAMERA/Focal_species/Gulo gulo/HFW12-F7/HC/2016/COLOR/Robust marks/03.09-11.08/IMG_2874.JPG,IMG_2874.JPG,HFW12-F7_2016_201603091108_IMG_2874.jpg,0.957664966583252,586.4271240234375,364.0169677734375,495.8968505859375,786.3370361328125,2048,1536,495,786
HFW12-F7,2016,201603091108,HC,1,/Volumes/Seagate Portable Drive/KYLE_AI_DATABASE/A_CAMERA/Focal_species/Gulo gulo/HFW12-F7/HC/2016/COLOR/Robust marks/03.09-11.08/IMG_2875.JPG,IMG_2875.JPG,HFW12-F7_2016_201603091108_IMG_2875.jpg,0.9219011664390564,578.7234497070312,362.73760986328125,404.934326171875,770.5137329101562,2048,1536,404,770
HFW12-F7,2016,201603091108,HC,1,/Volumes/Seagate Portable Drive/KYLE_AI_DATABASE/A_CAMERA/Focal_species/Gulo gulo/HFW12-F7/HC/2016/COLOR/Robust marks/03.09-11.08/IMG_2876.JPG,IMG_2876.JPG,HFW12-F7_2016_201603091108_IMG_2876.jpg,0.9553208351135254,582.8750610351562,372.200439453125,450.72674560546875,802.184814453125,2048,1536,450,802
HFW12-F7,2016,201603091108,HC,1,/Volumes/Seagate Portable Drive/KYLE_AI_DATABASE/A_CAMERA/Focal_species/Gulo gulo/HFW12-F7/HC/2016/COLOR/Robust marks/03.09-11.08/IMG_2877.JPG,IMG_2877.JPG,HFW12-F7_2016_201603091108_IMG_2877.jpg,0.937102198600769,581.9071044921875,353.2145690917969,425.45654296875,815.1082763671875,2048,1536,425,815
HFW12-F7,2016,201603091108,HC,1,/Volumes/Seagate Portable Drive/KYLE_AI_DATABASE/A_CAMERA/Focal_species/Gulo gulo/HFW12-F7/HC/2016/COLOR/Robust marks/03.09-11.08/IMG_2878.JPG,IMG_2878.JPG,HFW12-F7_2016_201603091108_IMG_2878.jpg,0.9496434330940247,584.4624633789062,357.591796875,436.760986328125,827.0394287109375,2048,1536,436,827
HFW12-F7,2016,201603091108,HC,1,/Volumes/Seagate Portable Drive/KYLE_AI_DATABASE/A_CAMERA/Focal_species/Gulo gulo/HFW12-F7/HC/2016/COLOR/Robust marks/03.09-11.08/IMG_2879.JPG,IMG_2879.JPG,HFW12-F7_2016_201603091108_IMG_2879.jpg,0.9445644617080688,583.9195556640625,363.3126220703125,404.87841796875,815.3216552734375,2048,1536,404,815
HFW12-F7,2016,201603091108,HC,1,/Volumes/Seagate Portable Drive/KYLE_AI_DATABASE/A_CAMERA/Focal_species/Gulo gulo/HFW12-F7/HC/2016/COLOR/Robust marks/03.09-11.08/IMG_2880.JPG,IMG_2880.JPG,HFW12-F7_2016_201603091108_IMG_2880.jpg,0.9287793636322021,584.8426513671875,346.976806640625,390.4735107421875,774.080078125,2048,1536,390,774
HFW12-F7,2016,201603091108,HC,1,/Volumes/Seagate Portable Drive/KYLE_AI_DATABASE/A_CAMERA/Focal_species/Gulo gulo/HFW12-F7/HC/2016/COLOR/Robust marks/03.09-11.08/IMG_2881.JPG,IMG_2881.JPG,HFW12-F7_2016_201603091108_IMG_2881.jpg,0.957965075969696,588.590087890625,379.62286376953125,469.6793212890625,794.9683227539062,2048,1536,469,794
HFW12-F7,2016,201603091108,HC,1,/Volumes/Seagate Portable Drive/KYLE_AI_DATABASE/A_CAMERA/Focal_species/Gulo gulo/HFW12-F7/HC/2016/COLOR/Robust marks/03.09-11.08/IMG_2882.JPG,IMG_2882.JPG,HFW12-F7_2016_201603091108_IMG_2882.jpg,0.9605178833007812,588.9647216796875,385.1326904296875,452.162841796875,790.6905517578125,2048,1536,452,790
HFW12-F7,2016,201603091108,HC,1,/Volumes/Seagate Portable Drive/KYLE_AI_DATABASE/A_CAMERA/Focal_species/Gulo gulo/HFW12-F7/HC/2016/COLOR/Robust marks/03.09-11.08/IMG_2883.JPG,IMG_2883.JPG,HFW12-F7_2016_201603091108_IMG_2883.jpg,0.9464321732521057,605.1116943359375,324.4705810546875,425.9537353515625,816.40380859375,2048,1536,425,816
HFW12-F7,2016,201603091108,HC,1,/Volumes/Seagate Portable Drive/KYLE_AI_DATABASE/A_CAMERA/Focal_species/Gulo gulo/HFW12-F7/HC/2016/COLOR/Robust marks/03.09-11.08/IMG_2884.JPG,IMG_2884.JPG,HFW12-F7_2016_201603091108_IMG_2884.jpg,0.9397071599960327,585.897705078125,308.580078125,452.093994140625,756.2825927734375,2048,1536,452,756
HFW12-F7,2016,201603091108,HC,1,/Volumes/Seagate Portable Drive/KYLE_AI_DATABASE/A_CAMERA/Focal_species/Gulo gulo/HFW12-F7/HC/2016/COLOR/Robust marks/03.09-11.08/IMG_2885.JPG,IMG_2885.JPG,HFW12-F7_2016_201603091108_IMG_2885.jpg,0.9562076330184937,586.185791015625,337.6141052246094,478.591796875,730.90673828125,2048,1536,478,730
HFW12-F7,2016,201603091108,HC,1,/Volumes/Seagate Portable Drive/KYLE_AI_DATABASE/A_CAMERA/Focal_species/Gulo gulo/HFW12-F7/HC/2016/COLOR/Robust marks/03.09-11.08/IMG_2886.JPG,IMG_2886.JPG,HFW12-F7_2016_201603091108_IMG_2886.jpg,0.9499034881591797,588.8211669921875,328.58013916015625,462.0308837890625,738.8571166992188,2048,1536,462,738
HFW12-F7,2016,201603091108,HC,1,/Volumes/Seagate Portable Drive/KYLE_AI_DATABASE/A_CAMERA/Focal_species/Gulo gulo/HFW12-F7/HC/2016/COLOR/Robust marks/03.09-11.08/IMG_2887.JPG,IMG_2887.JPG,HFW12-F7_2016_201603091108_IMG_2887.jpg,0.9387640953063965,553.4324951171875,354.6763000488281,444.292236328125,799.388916015625,2048,1536,444,799
HFW12-F7,2016,201603091108,HC,1,/Volumes/Seagate Portable Drive/KYLE_AI_DATABASE/A_CAMERA/Focal_species/Gulo gulo/HFW12-F7/HC/2016/COLOR/Robust marks/03.09-11.08/IMG_2888.JPG,IMG_2888.JPG,HFW12-F7_2016_201603091108_IMG_2888.jpg,0.9396315813064575,577.6070556640625,384.0061340332031,449.5091552734375,777.3360595703125,2048,1536,449,777
HFW12-F7,2016,201603091108,HC,1,/Volumes/Seagate Portable Drive/KYLE_AI_DATABASE/A_CAMERA/Focal_species/Gulo gulo/HFW12-F7/HC/2016/COLOR/Robust marks/03.09-11.08/IMG_2889.JPG,IMG_2889.JPG,HFW12-F7_2016_201603091108_IMG_2889.jpg,0.9564768671989441,581.5123291015625,388.37774658203125,421.6876220703125,806.4568481445312,2048,1536,421,806
HFW12-F7,2016,201603091108,HC,1,/Volumes/Seagate Portable Drive/KYLE_AI_DATABASE/A_CAMERA/Focal_species/Gulo gulo/HFW12-F7/HC/2016/COLOR/Robust marks/03.09-11.08/IMG_2890.JPG,IMG_2890.JPG,HFW12-F7_2016_201603091108_IMG_2890.jpg,0.9598678946495056,582.1809692382812,394.9940185546875,435.318115234375,804.4771728515625,2048,1536,435,804
HFW12-F7,2016,201603091108,HC,1,/Volumes/Seagate Portable Drive/KYLE_AI_DATABASE/A_CAMERA/Focal_species/Gulo gulo/HFW12-F7/HC/2016/COLOR/Robust marks/03.09-11.08/IMG_2891.JPG,IMG_2891.JPG,HFW12-F7_2016_201603091108_IMG_2891.jpg,0.9506545662879944,585.1151123046875,361.00811767578125,505.827392578125,709.8410034179688,2048,1536,505,709
HFW12-F7,2016,201603091108,HC,1,/Volumes/Seagate Portable Drive/KYLE_AI_DATABASE/A_CAMERA/Focal_species/Gulo gulo/HFW12-F7/HC/2016/COLOR/Robust marks/03.09-11.08/IMG_2892.JPG,IMG_2892.JPG,HFW12-F7_2016_201603091108_IMG_2892.jpg,0.9437115788459778,586.6599731445312,324.0762939453125,428.9986572265625,747.3135986328125,2048,1536,428,747
HFW12-F7,2016,201603091108,HC,1,/Volumes/Seagate Portable Drive/KYLE_AI_DATABASE/A_CAMERA/Focal_species/Gulo gulo/HFW12-F7/HC/2016/COLOR/Robust marks/03.09-11.08/IMG_2893.JPG,IMG_2893.JPG,HFW12-F7_2016_201603091108_IMG_2893.jpg,0.9316108822822571,584.394287109375,349.0399169921875,434.84619140625,719.8973388671875,2048,1536,434,719
HFW12-F7,2016,201603091108,HC,1,/Volumes/Seagate Portable Drive/KYLE_AI_DATABASE/A_CAMERA/Focal_species/Gulo gulo/HFW12-F7/HC/2016/COLOR/Robust marks/03.09-11.08/IMG_2894.JPG,IMG_2894.JPG,HFW12-F7_2016_201603091108_IMG_2894.jpg,0.9387993812561035,584.4071044921875,390.5145263671875,439.6158447265625,761.135009765625,2048,1536,439,761
HFW12-F7,2016,201603091108,HC,1,/Volumes/Seagate Portable Drive/KYLE_AI_DATABASE/A_CAMERA/Focal_species/Gulo gulo/HFW12-F7/HC/2016/COLOR/Robust marks/03.09-11.08/IMG_2895.JPG,IMG_2895.JPG,HFW12-F7_2016_201603091108_IMG_2895.jpg,0.9442508816719055,583.7415161132812,394.32110595703125,434.5123291015625,799.9345092773438,2048,1536,434,799
HFW12-F7,2016,201603091108,HC,1,/Volumes/Seagate Portable Drive/KYLE_AI_DATABASE/A_CAMERA/Focal_species/Gulo gulo/HFW12-F7/HC/2016/COLOR/Robust marks/03.09-11.08/IMG_2896.JPG,IMG_2896.JPG,HFW12-F7_2016_201603091108_IMG_2896.jpg,0.9453101754188538,584.6712036132812,396.74383544921875,428.3056640625,794.9109497070312,2048,1536,428,794
HFW12-F7,2016,201603091108,HC,1,/Volumes/Seagate Portable Drive/KYLE_AI_DATABASE/A_CAMERA/Focal_species/Gulo gulo/HFW12-F7/HC/2016/COLOR/Robust marks/03.09-11.08/IMG_2897.JPG,IMG_2897.JPG,HFW12-F7_2016_201603091108_IMG_2897.jpg,0.9621543288230896,577.143798828125,363.7484130859375,650.8946533203125,688.3082275390625,2048,1536,650,688
HFW12-F7,2016,201603091108,HC,1,/Volumes/Seagate Portable Drive/KYLE_AI_DATABASE/A_CAMERA/Focal_species/Gulo gulo/HFW12-F7/HC/2016/COLOR/Robust marks/03.09-11.08/IMG_2898.JPG,IMG_2898.JPG,HFW12-F7_2016_201603091108_IMG_2898.jpg,0.9240772724151611,610.504638671875,345.42919921875,365.09228515625,822.1689453125,2048,1536,365,822
HFW12-F7,2016,201603091108,HC,1,/Volumes/Seagate Portable Drive/KYLE_AI_DATABASE/A_CAMERA/Focal_species/Gulo gulo/HFW12-F7/HC/2016/COLOR/Robust marks/03.09-11.08/IMG_2899.JPG,IMG_2899.JPG,HFW12-F7_2016_201603091108_IMG_2899.jpg,0.9338069558143616,613.7988891601562,344.3481140136719,416.72296142578125,693.7735595703125,2048,1536,416,693
HFW12-F7,2016,201603091108,HC,1,/Volumes/Seagate Portable Drive/KYLE_AI_DATABASE/A_CAMERA/Focal_species/Gulo gulo/HFW12-F7/HC/2016/COLOR/Robust marks/03.09-11.08/IMG_2900.JPG,IMG_2900.JPG,HFW12-F7_2016_201603091108_IMG_2900.jpg,0.9370089173316956,609.2872314453125,315.6929931640625,410.8988037109375,721.4520263671875,2048,1536,410,721
HFW12-F7,2016,201603091108,HC,1,/Volumes/Seagate Portable Drive/KYLE_AI_DATABASE/A_CAMERA/Focal_species/Gulo gulo/HFW12-F7/HC/2016/COLOR/Robust marks/03.09-11.08/IMG_2901.JPG,IMG_2901.JPG,HFW12-F7_2016_201603091108_IMG_2901.jpg,0.9551130533218384,603.147216796875,345.1026611328125,420.4803466796875,733.0460205078125,2048,1536,420,733
HFW12-F7,2016,201603091108,HC,1,/Volumes/Seagate Portable Drive/KYLE_AI_DATABASE/A_CAMERA/Focal_species/Gulo gulo/HFW12-F7/HC/2016/COLOR/Robust marks/03.09-11.08/IMG_2902.JPG,IMG_2902.JPG,HFW12-F7_2016_201603091108_IMG_2902.jpg,0.9219022393226624,606.4429931640625,373.9121398925781,396.6234130859375,661.6707763671875,2048,1536,396,661
HFW12-F7,2016,201603091108,HC,1,/Volumes/Seagate Portable Drive/KYLE_AI_DATABASE/A_CAMERA/Focal_species/Gulo gulo/HFW12-F7/HC/2016/COLOR/Robust marks/03.09-11.08/IMG_2903.JPG,IMG_2903.JPG,HFW12-F7_2016_201603091108_IMG_2903.jpg,0.943614661693573,608.5409545898438,350.45440673828125,385.0028076171875,677.9306030273438,2048,1536,385,677
HFW12-F7,2016,201603091108,HC,1,/Volumes/Seagate Portable Drive/KYLE_AI_DATABASE/A_CAMERA/Focal_species/Gulo gulo/HFW12-F7/HC/2016/COLOR/Robust marks/03.09-11.08/IMG_2904.JPG,IMG_2904.JPG,HFW12-F7_2016_201603091108_IMG_2904.jpg,0.9136050343513489,610.551025390625,327.3248291015625,379.842041015625,754.2896728515625,2048,1536,379,754
HFW12-F7,2016,201603091108,HC,1,/Volumes/Seagate Portable Drive/KYLE_AI_DATABASE/A_CAMERA/Focal_species/Gulo gulo/HFW12-F7/HC/2016/COLOR/Robust marks/03.09-11.08/IMG_2905.JPG,IMG_2905.JPG,HFW12-F7_2016_201603091108_IMG_2905.jpg,0.9252485632896423,605.2579345703125,315.1373596191406,381.8255615234375,751.193115234375,2048,1536,381,751
HFW12-F7,2016,201603091108,HC,1,/Volumes/Seagate Portable Drive/KYLE_AI_DATABASE/A_CAMERA/Focal_species/Gulo gulo/HFW12-F7/HC/2016/COLOR/Robust marks/03.09-11.08/IMG_2906.JPG,IMG_2906.JPG,HFW12-F7_2016_201603091108_IMG_2906.jpg,0.9467601180076599,539.7523193359375,349.4864501953125,484.4449462890625,802.9827880859375,2048,1536,484,802
HFW12-F7,2016,201603091108,HC,1,/Volumes/Seagate Portable Drive/KYLE_AI_DATABASE/A_CAMERA/Focal_species/Gulo gulo/HFW12-F7/HC/2016/COLOR/Robust marks/03.09-11.08/IMG_2907.JPG,IMG_2907.JPG,HFW12-F7_2016_201603091108_IMG_2907.jpg,0.9495030641555786,546.1172485351562,342.384765625,441.3343505859375,808.777099609375,2048,1536,441,808
HFW12-F7,2016,201603091108,HC,1,/Volumes/Seagate Portable Drive/KYLE_AI_DATABASE/A_CAMERA/Focal_species/Gulo gulo/HFW12-F7/HC/2016/COLOR/Robust marks/03.09-11.08/IMG_2908.JPG,IMG_2908.JPG,HFW12-F7_2016_201603091108_IMG_2908.jpg,0.9557559490203857,578.3300170898438,354.80096435546875,427.849365234375,828.9783325195312,2048,1536,427,828
HFW12-F7,2016,201603091108,HC,1,/Volumes/Seagate Portable Drive/KYLE_AI_DATABASE/A_CAMERA/Focal_species/Gulo gulo/HFW12-F7/HC/2016/COLOR/Robust marks/03.09-11.08/IMG_2909.JPG,IMG_2909.JPG,HFW12-F7_2016_201603091108_IMG_2909.jpg,0.9542969465255737,538.880126953125,356.54010009765625,447.2186279296875,833.4708862304688,2048,1536,447,833
HFW12-F7,2016,201603091108,HC,1,/Volumes/Seagate Portable Drive/KYLE_AI_DATABASE/A_CAMERA/Focal_species/Gulo gulo/HFW12-F7/HC/2016/COLOR/Robust marks/03.09-11.08/IMG_2910.JPG,IMG_2910.JPG,HFW12-F7_2016_201603091108_IMG_2910.jpg,0.9431794881820679,560.255126953125,356.03533935546875,436.5660400390625,824.8208618164062,2048,1536,436,824
HFW12-F7,2016,201603091108,HC,1,/Volumes/Seagate Portable Drive/KYLE_AI_DATABASE/A_CAMERA/Focal_species/Gulo gulo/HFW12-F7/HC/2016/COLOR/Robust marks/03.09-11.08/IMG_2911.JPG,IMG_2911.JPG,HFW12-F7_2016_201603091108_IMG_2911.jpg,0.9153578281402588,559.728515625,373.554931640625,526.0250244140625,828.0333251953125,2048,1536,526,828
HFW12-F7,2016,201603091108,HC,1,/Volumes/Seagate Portable Drive/KYLE_AI_DATABASE/A_CAMERA/Focal_species/Gulo gulo/HFW12-F7/HC/2016/COLOR/Robust marks/03.09-11.08/IMG_2912.JPG,IMG_2912.JPG,HFW12-F7_2016_201603091108_IMG_2912.jpg,0.9386696219444275,556.6441650390625,376.9721374511719,494.21337890625,826.458984375,2048,1536,494,826
HFW12-F7,2016,201603091108,HC,1,/Volumes/Seagate Portable Drive/KYLE_AI_DATABASE/A_CAMERA/Focal_species/Gulo gulo/HFW12-F7/HC/2016/COLOR/Robust marks/03.09-11.08/IMG_2913.JPG,IMG_2913.JPG,HFW12-F7_2016_201603091108_IMG_2913.jpg,0.9459583163261414,557.8956909179688,374.6326904296875,486.99822998046875,826.94677734375,2048,1536,486,826
HFW12-F7,2016,201603091108,HC,1,/Volumes/Seagate Portable Drive/KYLE_AI_DATABASE/A_CAMERA/Focal_species/Gulo gulo/HFW12-F7/HC/2016/COLOR/Robust marks/03.09-11.08/IMG_2914.JPG,IMG_2914.JPG,HFW12-F7_2016_201603091108_IMG_2914.jpg,0.9524950981140137,554.8881225585938,368.57318115234375,450.4512939453125,839.0667114257812,2048,1536,450,839
HFW12-F7,2016,201603091108,HC,1,/Volumes/Seagate Portable Drive/KYLE_AI_DATABASE/A_CAMERA/Focal_species/Gulo gulo/HFW12-F7/HC/2016/COLOR/Robust marks/03.09-11.08/IMG_2915.JPG,IMG_2915.JPG,HFW12-F7_2016_201603091108_IMG_2915.jpg,0.9319154620170593,561.5292358398438,333.02886962890625,523.8110961914062,849.3336791992188,2048,1536,523,849
HFW12-F7,2016,201603091108,HC,1,/Volumes/Seagate Portable Drive/KYLE_AI_DATABASE/A_CAMERA/Focal_species/Gulo gulo/HFW12-F7/HC/2016/COLOR/Robust marks/03.09-11.08/IMG_2916.JPG,IMG_2916.JPG,HFW12-F7_2016_201603091108_IMG_2916.jpg,0.9507890939712524,586.15283203125,336.3291015625,555.410400390625,839.123046875,2048,1536,555,839
HFW12-F7,2016,201603091108,HC,1,/Volumes/Seagate Portable Drive/KYLE_AI_DATABASE/A_CAMERA/Focal_species/Gulo gulo/HFW12-F7/HC/2016/COLOR/Robust marks/03.09-11.08/IMG_2917.JPG,IMG_2917.JPG,HFW12-F7_2016_201603091108_IMG_2917.jpg,0.9492670297622681,585.9520263671875,327.0832214355469,553.5068359375,838.2646484375,2048,1536,553,838
HFW12-F7,2016,201603091108,HC,1,/Volumes/Seagate Portable Drive/KYLE_AI_DATABASE/A_CAMERA/Focal_species/Gulo gulo/HFW12-F7/HC/2016/COLOR/Robust marks/03.09-11.08/IMG_2918.JPG,IMG_2918.JPG,HFW12-F7_2016_201603091108_IMG_2918.jpg,0.946047842502594,584.095703125,328.3812255859375,557.1646728515625,835.6488037109375,2048,1536,557,835
HFW12-F7,2016,201603091108,HC,1,/Volumes/Seagate Portable Drive/KYLE_AI_DATABASE/A_CAMERA/Focal_species/Gulo gulo/HFW12-F7/HC/2016/COLOR/Robust marks/03.09-11.08/IMG_2919.JPG,IMG_2919.JPG,HFW12-F7_2016_201603091108_IMG_2919.jpg,0.9406096339225769,586.69140625,304.1862487792969,542.1817626953125,864.114990234375,2048,1536,542,864
HFW12-F7,2016,201603091108,HC,1,/Volumes/Seagate Portable Drive/KYLE_AI_DATABASE/A_CAMERA/Focal_species/Gulo gulo/HFW12-F7/HC/2016/COLOR/Robust marks/03.09-11.08/IMG_2920.JPG,IMG_2920.JPG,HFW12-F7_2016_201603091108_IMG_2920.jpg,0.9415795207023621,597.272705078125,266.7335205078125,543.44189453125,883.744873046875,2048,1536,543,883
HFW12-F7,2016,201603091108,HC,1,/Volumes/Seagate Portable Drive/KYLE_AI_DATABASE/A_CAMERA/Focal_species/Gulo gulo/HFW12-F7/HC/2016/COLOR/Robust marks/03.09-11.08/IMG_2921.JPG,IMG_2921.JPG,HFW12-F7_2016_201603091108_IMG_2921.jpg,0.9416804313659668,599.607666015625,314.91851806640625,553.9212646484375,817.6552124023438,2048,1536,553,817
HFW12-F7,2016,201603091108,HC,1,/Volumes/Seagate Portable Drive/KYLE_AI_DATABASE/A_CAMERA/Focal_species/Gulo gulo/HFW12-F7/HC/2016/COLOR/Robust marks/03.09-11.08/IMG_2922.JPG,IMG_2922.JPG,HFW12-F7_2016_201603091108_IMG_2922.jpg,0.9125019907951355,606.0599365234375,316.0810852050781,546.9901123046875,719.061279296875,2048,1536,546,719
HFW12-F7,2016,201603091108,HC,1,/Volumes/Seagate Portable Drive/KYLE_AI_DATABASE/A_CAMERA/Focal_species/Gulo gulo/HFW12-F7/HC/2016/COLOR/Robust marks/03.09-11.08/IMG_2923.JPG,IMG_2923.JPG,HFW12-F7_2016_201603091108_IMG_2923.jpg,0.9502195119857788,623.1959228515625,321.8075866699219,533.010986328125,828.72265625,2048,1536,533,828
HFW12-F7,2016,201603091108,HC,1,/Volumes/Seagate Portable Drive/KYLE_AI_DATABASE/A_CAMERA/Focal_species/Gulo gulo/HFW12-F7/HC/2016/COLOR/Robust marks/03.09-11.08/IMG_2924.JPG,IMG_2924.JPG,HFW12-F7_2016_201603091108_IMG_2924.jpg,0.9454492330551147,551.2064819335938,296.2372741699219,601.6160278320312,759.5867919921875,2048,1536,601,759
HFW12-F7,2016,201603091108,HC,1,/Volumes/Seagate Portable Drive/KYLE_AI_DATABASE/A_CAMERA/Focal_species/Gulo gulo/HFW12-F7/HC/2016/COLOR/Robust marks/03.09-11.08/IMG_2925.JPG,IMG_2925.JPG,HFW12-F7_2016_201603091108_IMG_2925.jpg,0.9591304063796997,581.244873046875,316.0850830078125,454.8057861328125,844.5125732421875,2048,1536,454,844
HFW12-F7,2016,201603091108,HC,1,/Volumes/Seagate Portable Drive/KYLE_AI_DATABASE/A_CAMERA/Focal_species/Gulo gulo/HFW12-F7/HC/2016/COLOR/Robust marks/03.09-11.08/IMG_2926.JPG,IMG_2926.JPG,HFW12-F7_2016_201603091108_IMG_2926.jpg,0.9687661528587341,591.2594604492188,338.0185546875,496.30169677734375,820.79931640625,2048,1536,496,820
HFW12-F7,2016,201603091108,HC,1,/Volumes/Seagate Portable Drive/KYLE_AI_DATABASE/A_CAMERA/Focal_species/Gulo gulo/HFW12-F7/HC/2016/COLOR/Robust marks/03.09-11.08/IMG_2927.JPG,IMG_2927.JPG,HFW12-F7_2016_201603091108_IMG_2927.jpg,0.9492253065109253,585.9267578125,359.638916015625,443.223388671875,823.041259765625,2048,1536,443,823
HFW12-F7,2016,201603091108,HC,1,/Volumes/Seagate Portable Drive/KYLE_AI_DATABASE/A_CAMERA/Focal_species/Gulo gulo/HFW12-F7/HC/2016/COLOR/Robust marks/03.09-11.08/IMG_2928.JPG,IMG_2928.JPG,HFW12-F7_2016_201603091108_IMG_2928.jpg,0.9589677453041077,580.4212646484375,383.4427185058594,468.7049560546875,792.94384765625,2048,1536,468,792
HFW12-F7,2016,201603091108,HC,1,/Volumes/Seagate Portable Drive/KYLE_AI_DATABASE/A_CAMERA/Focal_species/Gulo gulo/HFW12-F7/HC/2016/COLOR/Robust marks/03.09-11.08/IMG_2929.JPG,IMG_2929.JPG,HFW12-F7_2016_201603091108_IMG_2929.jpg,0.9611100554466248,583.0272827148438,385.84918212890625,509.79742431640625,791.4146118164062,2048,1536,509,791
HFW12-F7,2016,201603091108,HC,1,/Volumes/Seagate Portable Drive/KYLE_AI_DATABASE/A_CAMERA/Focal_species/Gulo gulo/HFW12-F7/HC/2016/COLOR/Robust marks/03.09-11.08/IMG_2930.JPG,IMG_2930.JPG,HFW12-F7_2016_201603091108_IMG_2930.jpg,0.9535545110702515,585.6033325195312,379.3631591796875,522.3102416992188,801.5836181640625,2048,1536,522,801
HFW12-F7,2016,201603091108,HC,1,/Volumes/Seagate Portable Drive/KYLE_AI_DATABASE/A_CAMERA/Focal_species/Gulo gulo/HFW12-F7/HC/2016/COLOR/Robust marks/03.09-11.08/IMG_2931.JPG,IMG_2931.JPG,HFW12-F7_2016_201603091108_IMG_2931.jpg,0.9504950046539307,565.8896484375,319.30194091796875,565.5048828125,700.7838745117188,2048,1536,565,700
HFW12-F7,2016,201603091108,HC,1,/Volumes/Seagate Portable Drive/KYLE_AI_DATABASE/A_CAMERA/Focal_species/Gulo gulo/HFW12-F7/HC/2016/COLOR/Robust marks/03.09-11.08/IMG_2932.JPG,IMG_2932.JPG,HFW12-F7_2016_201603091108_IMG_2932.jpg,0.940026044845581,575.7355346679688,355.89105224609375,505.34942626953125,771.5988159179688,2048,1536,505,771
HFW12-F7,2016,201603091108,HC,1,/Volumes/Seagate Portable Drive/KYLE_AI_DATABASE/A_CAMERA/Focal_species/Gulo gulo/HFW12-F7/HC/2016/COLOR/Robust marks/03.09-11.08/IMG_2933.JPG,IMG_2933.JPG,HFW12-F7_2016_201603091108_IMG_2933.jpg,0.9397932887077332,580.2800903320312,393.5918884277344,584.8261108398438,756.3677978515625,2048,1536,584,756
HFW12-F7,2016,201603091108,HC,1,/Volumes/Seagate Portable Drive/KYLE_AI_DATABASE/A_CAMERA/Focal_species/Gulo gulo/HFW12-F7/HC/2016/COLOR/Robust marks/03.09-11.08/IMG_2934.JPG,IMG_2934.JPG,HFW12-F7_2016_201603091108_IMG_2934.jpg,0.9605633020401001,581.3380737304688,339.2623291015625,575.8677368164062,798.4735107421875,2048,1536,575,798
HFW12-F7,2016,201603091108,HC,1,/Volumes/Seagate Portable Drive/KYLE_AI_DATABASE/A_CAMERA/Focal_species/Gulo gulo/HFW12-F7/HC/2016/COLOR/Robust marks/03.09-11.08/IMG_2935.JPG,IMG_2935.JPG,HFW12-F7_2016_201603091108_IMG_2935.jpg,0.9590694308280945,557.9083862304688,325.06744384765625,601.1958618164062,771.7467651367188,2048,1536,601,771
HFW12-F7,2016,201603091108,HC,1,/Volumes/Seagate Portable Drive/KYLE_AI_DATABASE/A_CAMERA/Focal_species/Gulo gulo/HFW12-F7/HC/2016/COLOR/Robust marks/03.09-11.08/IMG_2936.JPG,IMG_2936.JPG,HFW12-F7_2016_201603091108_IMG_2936.jpg,0.9540287852287292,557.687255859375,354.52630615234375,600.4495849609375,772.5468139648438,2048,1536,600,772
HFW12-F7,2016,201603091108,HC,1,/Volumes/Seagate Portable Drive/KYLE_AI_DATABASE/A_CAMERA/Focal_species/Gulo gulo/HFW12-F7/HC/2016/COLOR/Robust marks/03.09-11.08/IMG_2937.JPG,IMG_2937.JPG,HFW12-F7_2016_201603091108_IMG_2937.jpg,0.9611527919769287,581.6392822265625,386.61297607421875,576.1343994140625,775.8965454101562,2048,1536,576,775
HFW12-F7,2016,201603091108,HC,1,/Volumes/Seagate Portable Drive/KYLE_AI_DATABASE/A_CAMERA/Focal_species/Gulo gulo/HFW12-F7/HC/2016/COLOR/Robust marks/03.09-11.08/IMG_2938.JPG,IMG_2938.JPG,HFW12-F7_2016_201603091108_IMG_2938.jpg,0.9578412771224976,586.7195434570312,391.04132080078125,574.3270874023438,772.7210083007812,2048,1536,574,772
HFW12-F7,2016,201603091108,HC,1,/Volumes/Seagate Portable Drive/KYLE_AI_DATABASE/A_CAMERA/Focal_species/Gulo gulo/HFW12-F7/HC/2016/COLOR/Robust marks/03.09-11.08/IMG_2939.JPG,IMG_2939.JPG,HFW12-F7_2016_201603091108_IMG_2939.jpg,0.9528522491455078,586.7384643554688,400.1018371582031,616.9473266601562,764.6575927734375,2048,1536,616,764
HFW12-F7,2016,201603091108,HC,1,/Volumes/Seagate Portable Drive/KYLE_AI_DATABASE/A_CAMERA/Focal_species/Gulo gulo/HFW12-F7/HC/2016/COLOR/Robust marks/03.09-11.08/IMG_2940.JPG,IMG_2940.JPG,HFW12-F7_2016_201603091108_IMG_2940.jpg,0.9567233920097351,586.5496215820312,393.9642333984375,619.2091674804688,768.9146728515625,2048,1536,619,768
HFW12-F7,2016,201603091108,HC,1,/Volumes/Seagate Portable Drive/KYLE_AI_DATABASE/A_CAMERA/Focal_species/Gulo gulo/HFW12-F7/HC/2016/COLOR/Robust marks/03.09-11.08/IMG_2941.JPG,IMG_2941.JPG,HFW12-F7_2016_201603091108_IMG_2941.jpg,0.9240244626998901,554.525390625,317.6331481933594,623.8323974609375,788.4244384765625,2048,1536,623,788
HFW12-F7,2016,201603091108,HC,1,/Volumes/Seagate Portable Drive/KYLE_AI_DATABASE/A_CAMERA/Focal_species/Gulo gulo/HFW12-F7/HC/2016/COLOR/Robust marks/03.09-11.08/IMG_2942.JPG,IMG_2942.JPG,HFW12-F7_2016_201603091108_IMG_2942.jpg,0.942027747631073,570.7666015625,332.5713806152344,630.3974609375,681.6614990234375,2048,1536,630,681
HFW12-F7,2016,201603091108,HC,1,/Volumes/Seagate Portable Drive/KYLE_AI_DATABASE/A_CAMERA/Focal_species/Gulo gulo/HFW12-F7/HC/2016/COLOR/Robust marks/03.09-11.08/IMG_2943.JPG,IMG_2943.JPG,HFW12-F7_2016_201603091108_IMG_2943.jpg,0.9039782285690308,583.64111328125,303.0429992675781,544.5052490234375,749.052978515625,2048,1536,544,749
HFW12-F7,2016,201603091108,HC,1,/Volumes/Seagate Portable Drive/KYLE_AI_DATABASE/A_CAMERA/Focal_species/Gulo gulo/HFW12-F7/HC/2016/COLOR/Robust marks/03.09-11.08/IMG_2944.JPG,IMG_2944.JPG,HFW12-F7_2016_201603091108_IMG_2944.jpg,0.9220704436302185,575.3521118164062,269.2949523925781,543.2435913085938,751.5499267578125,2048,1536,543,751
HFW12-F7,2016,201603091108,HC,1,/Volumes/Seagate Portable Drive/KYLE_AI_DATABASE/A_CAMERA/Focal_species/Gulo gulo/HFW12-F7/HC/2016/COLOR/Robust marks/03.09-11.08/IMG_2945.JPG,IMG_2945.JPG,HFW12-F7_2016_201603091108_IMG_2945.jpg,0.901932418346405,574.5249633789062,257.1217346191406,489.14910888671875,761.2938232421875,2048,1536,489,761
HFW12-F7,2016,201603091108,HC,1,/Volumes/Seagate Portable Drive/KYLE_AI_DATABASE/A_CAMERA/Focal_species/Gulo gulo/HFW12-F7/HC/2016/COLOR/Robust marks/03.09-11.08/IMG_2946.JPG,IMG_2946.JPG,HFW12-F7_2016_201603091108_IMG_2946.jpg,0.9252846837043762,578.7310791015625,202.9610137939453,451.600830078125,839.5100708007812,2048,1536,451,839
HFW12-F7,2016,201603091108,HC,1,/Volumes/Seagate Portable Drive/KYLE_AI_DATABASE/A_CAMERA/Focal_species/Gulo gulo/HFW12-F7/HC/2016/COLOR/Robust marks/03.09-11.08/IMG_2947.JPG,IMG_2947.JPG,HFW12-F7_2016_201603091108_IMG_2947.jpg,0.8385993242263794,570.310791015625,257.35992431640625,450.460205078125,757.7857666015625,2048,1536,450,757
HFW12-F7,2016,201603091108,HC,1,/Volumes/Seagate Portable Drive/KYLE_AI_DATABASE/A_CAMERA/Focal_species/Gulo gulo/HFW12-F7/HC/2016/COLOR/Robust marks/03.09-11.08/IMG_2948.JPG,IMG_2948.JPG,HFW12-F7_2016_201603091108_IMG_2948.jpg,0.9043482542037964,575.4389038085938,277.5849914550781,498.04205322265625,750.0040283203125,2048,1536,498,750
HFW12-F7,2016,201603091108,HC,1,/Volumes/Seagate Portable Drive/KYLE_AI_DATABASE/A_CAMERA/Focal_species/Gulo gulo/HFW12-F7/HC/2016/COLOR/Robust marks/03.09-11.08/IMG_2949.JPG,IMG_2949.JPG,HFW12-F7_2016_201603091108_IMG_2949.jpg,0.8905437588691711,570.51806640625,310.05938720703125,445.1712646484375,728.4767456054688,2048,1536,445,728
HFW12-F7,2016,201603091108,HC,1,/Volumes/Seagate Portable Drive/KYLE_AI_DATABASE/A_CAMERA/Focal_species/Gulo gulo/HFW12-F7/HC/2016/COLOR/Robust marks/03.09-11.08/IMG_2950.JPG,IMG_2950.JPG,HFW12-F7_2016_201603091108_IMG_2950.jpg,0.9380566477775574,571.2650146484375,268.020751953125,472.1175537109375,748.5667724609375,2048,1536,472,748
HFW12-F7,2016,201603091108,HC,1,/Volumes/Seagate Portable Drive/KYLE_AI_DATABASE/A_CAMERA/Focal_species/Gulo gulo/HFW12-F7/HC/2016/COLOR/Robust marks/03.09-11.08/IMG_2951.JPG,IMG_2951.JPG,HFW12-F7_2016_201603091108_IMG_2951.jpg,0.9566419720649719,577.2937622070312,316.8283996582031,448.39910888671875,841.194091796875,2048,1536,448,841
HFW12-F7,2016,201603091108,HC,1,/Volumes/Seagate Portable Drive/KYLE_AI_DATABASE/A_CAMERA/Focal_species/Gulo gulo/HFW12-F7/HC/2016/COLOR/Robust marks/03.09-11.08/IMG_2952.JPG,IMG_2952.JPG,HFW12-F7_2016_201603091108_IMG_2952.jpg,0.9415637254714966,583.7593994140625,312.775390625,480.3541259765625,846.05078125,2048,1536,480,846
HFW12-F7,2016,201603091108,HC,1,/Volumes/Seagate Portable Drive/KYLE_AI_DATABASE/A_CAMERA/Focal_species/Gulo gulo/HFW12-F7/HC/2016/COLOR/Robust marks/03.09-11.08/IMG_2953.JPG,IMG_2953.JPG,HFW12-F7_2016_201603091108_IMG_2953.jpg,0.9454751014709473,570.7282104492188,296.1136474609375,524.6841430664062,847.4278564453125,2048,1536,524,847
HFW12-F7,2016,201603091108,HC,1,/Volumes/Seagate Portable Drive/KYLE_AI_DATABASE/A_CAMERA/Focal_species/Gulo gulo/HFW12-F7/HC/2016/COLOR/Robust marks/03.09-11.08/IMG_2954.JPG,IMG_2954.JPG,HFW12-F7_2016_201603091108_IMG_2954.jpg,0.9483744502067566,557.7405395507812,290.3551940917969,504.86322021484375,822.2030029296875,2048,1536,504,822
HFW12-F7,2016,201603091108,HC,1,/Volumes/Seagate Portable Drive/KYLE_AI_DATABASE/A_CAMERA/Focal_species/Gulo gulo/HFW12-F7/HC/2016/COLOR/Robust marks/03.09-11.08/IMG_2955.JPG,IMG_2955.JPG,HFW12-F7_2016_201603091108_IMG_2955.jpg,0.9524700045585632,567.8814086914062,274.0729064941406,502.79803466796875,821.2938232421875,2048,1536,502,821
HFW12-F7,2016,201603091108,HC,1,/Volumes/Seagate Portable Drive/KYLE_AI_DATABASE/A_CAMERA/Focal_species/Gulo gulo/HFW12-F7/HC/2016/COLOR/Robust marks/03.09-11.08/IMG_2956.JPG,IMG_2956.JPG,HFW12-F7_2016_201603091108_IMG_2956.jpg,0.9538306593894958,567.403076171875,301.78955078125,552.101318359375,817.4169921875,2048,1536,552,817
HFW12-F7,2016,201603091108,HC,1,/Volumes/Seagate Portable Drive/KYLE_AI_DATABASE/A_CAMERA/Focal_species/Gulo gulo/HFW12-F7/HC/2016/COLOR/Robust marks/03.09-11.08/IMG_2957.JPG,IMG_2957.JPG,HFW12-F7_2016_201603091108_IMG_2957.jpg,0.9511752724647522,569.0975341796875,322.13946533203125,548.491455078125,812.0127563476562,2048,1536,548,812
HFW12-F7,2016,201603091108,HC,1,/Volumes/Seagate Portable Drive/KYLE_AI_DATABASE/A_CAMERA/Focal_species/Gulo gulo/HFW12-F7/HC/2016/COLOR/Robust marks/03.09-11.08/IMG_2958.JPG,IMG_2958.JPG,HFW12-F7_2016_201603091108_IMG_2958.jpg,0.9479299187660217,584.68505859375,321.22979736328125,488.5811767578125,839.1494750976562,2048,1536,488,839
HFW12-F7,2016,201603091108,HC,1,/Volumes/Seagate Portable Drive/KYLE_AI_DATABASE/A_CAMERA/Focal_species/Gulo gulo/HFW12-F7/HC/2016/COLOR/Robust marks/03.09-11.08/IMG_2959.JPG,IMG_2959.JPG,HFW12-F7_2016_201603091108_IMG_2959.jpg,0.9527934789657593,585.282958984375,322.8795166015625,475.3526611328125,839.3302001953125,2048,1536,475,839
HFW12-F7,2016,201603091108,HC,1,/Volumes/Seagate Portable Drive/KYLE_AI_DATABASE/A_CAMERA/Focal_species/Gulo gulo/HFW12-F7/HC/2016/COLOR/Robust marks/03.09-11.08/IMG_2960.JPG,IMG_2960.JPG,HFW12-F7_2016_201603091108_IMG_2960.jpg,0.9614669680595398,585.3080444335938,328.41595458984375,489.85540771484375,832.3086547851562,2048,1536,489,832
HFW12-F7,2016,201603091108,HC,1,/Volumes/Seagate Portable Drive/KYLE_AI_DATABASE/A_CAMERA/Focal_species/Gulo gulo/HFW12-F7/HC/2016/COLOR/Robust marks/03.09-11.08/IMG_2961.JPG,IMG_2961.JPG,HFW12-F7_2016_201603091108_IMG_2961.jpg,0.9555387496948242,575.29931640625,292.8822021484375,490.2342529296875,827.9725341796875,2048,1536,490,827
HFW12-F7,2016,201603091108,HC,1,/Volumes/Seagate Portable Drive/KYLE_AI_DATABASE/A_CAMERA/Focal_species/Gulo gulo/HFW12-F7/HC/2016/COLOR/Robust marks/03.09-11.08/IMG_2962.JPG,IMG_2962.JPG,HFW12-F7_2016_201603091108_IMG_2962.jpg,0.9520325064659119,575.7815551757812,295.7529602050781,386.159423828125,838.9876708984375,2048,1536,386,838
HFW12-F7,2016,201603091108,HC,1,/Volumes/Seagate Portable Drive/KYLE_AI_DATABASE/A_CAMERA/Focal_species/Gulo gulo/HFW12-F7/HC/2016/COLOR/Robust marks/03.09-11.08/IMG_2963.JPG,IMG_2963.JPG,HFW12-F7_2016_201603091108_IMG_2963.jpg,0.9570434093475342,568.6587524414062,301.49017333984375,458.39678955078125,824.5232543945312,2048,1536,458,824
HFW12-F7,2016,201603091108,HC,1,/Volumes/Seagate Portable Drive/KYLE_AI_DATABASE/A_CAMERA/Focal_species/Gulo gulo/HFW12-F7/HC/2016/COLOR/Robust marks/03.09-11.08/IMG_2964.JPG,IMG_2964.JPG,HFW12-F7_2016_201603091108_IMG_2964.jpg,0.9448246955871582,569.30517578125,282.14202880859375,453.7396240234375,840.3842163085938,2048,1536,453,840
HFW12-F7,2016,201603091108,HC,1,/Volumes/Seagate Portable Drive/KYLE_AI_DATABASE/A_CAMERA/Focal_species/Gulo gulo/HFW12-F7/HC/2016/COLOR/Robust marks/03.09-11.08/IMG_2965.JPG,IMG_2965.JPG,HFW12-F7_2016_201603091108_IMG_2965.jpg,0.9425539970397949,573.927978515625,270.55902099609375,416.88818359375,849.3903198242188,2048,1536,416,849
HFW12-F7,2016,201603091108,HC,1,/Volumes/Seagate Portable Drive/KYLE_AI_DATABASE/A_CAMERA/Focal_species/Gulo gulo/HFW12-F7/HC/2016/COLOR/Robust marks/03.09-11.08/IMG_2966.JPG,IMG_2966.JPG,HFW12-F7_2016_201603091108_IMG_2966.jpg,0.9466685652732849,574.8611450195312,262.6127014160156,423.805908203125,846.6788330078125,2048,1536,423,846
HFW12-F7,2016,201603091108,HC,1,/Volumes/Seagate Portable Drive/KYLE_AI_DATABASE/A_CAMERA/Focal_species/Gulo gulo/HFW12-F7/HC/2016/COLOR/Robust marks/03.09-11.08/IMG_2967.JPG,IMG_2967.JPG,HFW12-F7_2016_201603091108_IMG_2967.jpg,0.9376830458641052,576.2659301757812,302.500732421875,468.75238037109375,808.06005859375,2048,1536,468,808
HFW12-F7,2016,201603091108,HC,1,/Volumes/Seagate Portable Drive/KYLE_AI_DATABASE/A_CAMERA/Focal_species/Gulo gulo/HFW12-F7/HC/2016/COLOR/Robust marks/03.09-11.08/IMG_2968.JPG,IMG_2968.JPG,HFW12-F7_2016_201603091108_IMG_2968.jpg,0.9451906085014343,579.075439453125,309.9795227050781,477.3203125,812.0953369140625,2048,1536,477,812
HFW12-F7,2016,201603091108,HC,1,/Volumes/Seagate Portable Drive/KYLE_AI_DATABASE/A_CAMERA/Focal_species/Gulo gulo/HFW12-F7/HC/2016/COLOR/Robust marks/03.09-11.08/IMG_2969.JPG,IMG_2969.JPG,HFW12-F7_2016_201603091108_IMG_2969.jpg,0.9491961002349854,578.6434326171875,309.2831726074219,472.900390625,813.8892822265625,2048,1536,472,813
HFW12-F7,2016,201603091108,HC,1,/Volumes/Seagate Portable Drive/KYLE_AI_DATABASE/A_CAMERA/Focal_species/Gulo gulo/HFW12-F7/HC/2016/COLOR/Robust marks/03.09-11.08/IMG_2970.JPG,IMG_2970.JPG,HFW12-F7_2016_201603091108_IMG_2970.jpg,0.9552630186080933,579.0628051757812,317.1990966796875,505.58367919921875,806.76416015625,2048,1536,505,806
HFW12-F7,2016,201603091108,HC,1,/Volumes/Seagate Portable Drive/KYLE_AI_DATABASE/A_CAMERA/Focal_species/Gulo gulo/HFW12-F7/HC/2016/COLOR/Robust marks/03.09-11.08/IMG_2971.JPG,IMG_2971.JPG,HFW12-F7_2016_201603091108_IMG_2971.jpg,0.9263712167739868,585.4561767578125,302.31689453125,484.794189453125,808.061767578125,2048,1536,484,808
HFW12-F7,2016,201603091108,HC,1,/Volumes/Seagate Portable Drive/KYLE_AI_DATABASE/A_CAMERA/Focal_species/Gulo gulo/HFW12-F7/HC/2016/COLOR/Robust marks/03.09-11.08/IMG_2972.JPG,IMG_2972.JPG,HFW12-F7_2016_201603091108_IMG_2972.jpg,0.922630786895752,605.669189453125,318.0262451171875,492.787841796875,700.9549560546875,2048,1536,492,700
HFW12-F7,2016,201603091108,HC,1,/Volumes/Seagate Portable Drive/KYLE_AI_DATABASE/A_CAMERA/Focal_species/Gulo gulo/HFW12-F7/HC/2016/COLOR/Robust marks/03.09-11.08/IMG_2973.JPG,IMG_2973.JPG,HFW12-F7_2016_201603091108_IMG_2973.jpg,0.9097028970718384,638.0201416015625,320.1099853515625,467.916015625,701.3817749023438,2048,1536,467,701
HFW12-F7,2016,201603091108,HC,1,/Volumes/Seagate Portable Drive/KYLE_AI_DATABASE/A_CAMERA/Focal_species/Gulo gulo/HFW12-F7/HC/2016/COLOR/Robust marks/03.09-11.08/IMG_2974.JPG,IMG_2974.JPG,HFW12-F7_2016_201603091108_IMG_2974.jpg,0.9274414777755737,617.7490844726562,319.1754455566406,485.67694091796875,700.3946533203125,2048,1536,485,700
HFW12-F7,2016,201603091108,HC,1,/Volumes/Seagate Portable Drive/KYLE_AI_DATABASE/A_CAMERA/Focal_species/Gulo gulo/HFW12-F7/HC/2016/COLOR/Robust marks/03.09-11.08/IMG_2975.JPG,IMG_2975.JPG,HFW12-F7_2016_201603091108_IMG_2975.jpg,0.936467170715332,613.5069580078125,316.2273864746094,506.8931884765625,718.2044677734375,2048,1536,506,718
HFW12-F7,2016,201603091108,HC,1,/Volumes/Seagate Portable Drive/KYLE_AI_DATABASE/A_CAMERA/Focal_species/Gulo gulo/HFW12-F7/HC/2016/COLOR/Robust marks/03.09-11.08/IMG_2976.JPG,IMG_2976.JPG,HFW12-F7_2016_201603091108_IMG_2976.jpg,0.9397853016853333,605.0225219726562,326.5164794921875,489.36993408203125,736.1358642578125,2048,1536,489,736
HFW12-F7,2016,201603091108,HC,1,/Volumes/Seagate Portable Drive/KYLE_AI_DATABASE/A_CAMERA/Focal_species/Gulo gulo/HFW12-F7/HC/2016/COLOR/Robust marks/03.09-11.08/IMG_2977.JPG,IMG_2977.JPG,HFW12-F7_2016_201603091108_IMG_2977.jpg,0.9179069995880127,616.519287109375,318.5657653808594,522.641357421875,744.68701171875,2048,1536,522,744
HFW12-F7,2016,201603091108,HC,1,/Volumes/Seagate Portable Drive/KYLE_AI_DATABASE/A_CAMERA/Focal_species/Gulo gulo/HFW12-F7/HC/2016/COLOR/Robust marks/03.09-11.08/IMG_2978.JPG,IMG_2978.JPG,HFW12-F7_2016_201603091108_IMG_2978.jpg,0.9194496273994446,600.5352783203125,255.68756103515625,488.338134765625,809.9153442382812,2048,1536,488,809
HFW12-F7,2016,201603091108,HC,1,/Volumes/Seagate Portable Drive/KYLE_AI_DATABASE/A_CAMERA/Focal_species/Gulo gulo/HFW12-F7/HC/2016/COLOR/Robust marks/03.09-11.08/IMG_2979.JPG,IMG_2979.JPG,HFW12-F7_2016_201603091108_IMG_2979.jpg,0.9256334900856018,604.674072265625,287.33062744140625,464.1878662109375,779.4935913085938,2048,1536,464,779
HFW12-F7,2016,201603091108,HC,1,/Volumes/Seagate Portable Drive/KYLE_AI_DATABASE/A_CAMERA/Focal_species/Gulo gulo/HFW12-F7/HC/2016/COLOR/Robust marks/03.09-11.08/IMG_2980.JPG,IMG_2980.JPG,HFW12-F7_2016_201603091108_IMG_2980.jpg,0.924103856086731,614.37451171875,284.0072021484375,493.48974609375,743.4716796875,2048,1536,493,743
HFW12-F7,2016,201603091108,HC,1,/Volumes/Seagate Portable Drive/KYLE_AI_DATABASE/A_CAMERA/Focal_species/Gulo gulo/HFW12-F7/HC/2016/COLOR/Robust marks/03.09-11.08/IMG_2981.JPG,IMG_2981.JPG,HFW12-F7_2016_201603091108_IMG_2981.jpg,0.9319704174995422,607.8342895507812,319.2172546386719,483.56365966796875,749.886962890625,2048,1536,483,749
HFW12-F7,2016,201603091108,HC,1,/Volumes/Seagate Portable Drive/KYLE_AI_DATABASE/A_CAMERA/Focal_species/Gulo gulo/HFW12-F7/HC/2016/COLOR/Robust marks/03.09-11.08/IMG_2982.JPG,IMG_2982.JPG,HFW12-F7_2016_201603091108_IMG_2982.jpg,0.9470428228378296,608.5367431640625,311.5932922363281,521.0906982421875,760.86181640625,2048,1536,521,760
HFW12-F7,2016,201603091108,HC,1,/Volumes/Seagate Portable Drive/KYLE_AI_DATABASE/A_CAMERA/Focal_species/Gulo gulo/HFW12-F7/HC/2016/COLOR/Robust marks/03.09-11.08/IMG_2983.JPG,IMG_2983.JPG,HFW12-F7_2016_201603091108_IMG_2983.jpg,0.9506511092185974,611.0025634765625,320.9287414550781,530.27294921875,753.2091064453125,2048,1536,530,753
HFW12-F7,2016,201603091108,HC,1,/Volumes/Seagate Portable Drive/KYLE_AI_DATABASE/A_CAMERA/Focal_species/Gulo gulo/HFW12-F7/HC/2016/COLOR/Robust marks/03.09-11.08/IMG_2984.JPG,IMG_2984.JPG,HFW12-F7_2016_201603091108_IMG_2984.jpg,0.9646806120872498,614.8330078125,326.6444091796875,533.025390625,745.8336181640625,2048,1536,533,745
HFW12-F7,2016,201603091108,HC,1,/Volumes/Seagate Portable Drive/KYLE_AI_DATABASE/A_CAMERA/Focal_species/Gulo gulo/HFW12-F7/HC/2016/COLOR/Robust marks/03.09-11.08/IMG_2985.JPG,IMG_2985.JPG,HFW12-F7_2016_201603091108_IMG_2985.jpg,0.9584248661994934,613.0260009765625,359.39300537109375,512.5240478515625,789.9009399414062,2048,1536,512,789
HFW12-F7,2016,201603091108,HC,1,/Volumes/Seagate Portable Drive/KYLE_AI_DATABASE/A_CAMERA/Focal_species/Gulo gulo/HFW12-F7/HC/2016/COLOR/Robust marks/03.09-11.08/IMG_2986.JPG,IMG_2986.JPG,HFW12-F7_2016_201603091108_IMG_2986.jpg,0.9462055563926697,612.5975341796875,358.4584655761719,494.492919921875,724.0489501953125,2048,1536,494,724
HFW12-F7,2016,201603091108,HC,1,/Volumes/Seagate Portable Drive/KYLE_AI_DATABASE/A_CAMERA/Focal_species/Gulo gulo/HFW12-F7/HC/2016/COLOR/Robust marks/03.09-11.08/IMG_2987.JPG,IMG_2987.JPG,HFW12-F7_2016_201603091108_IMG_2987.jpg,0.9494913816452026,611.4599609375,366.7218322753906,501.64794921875,716.342529296875,2048,1536,501,716
HFW12-F7,2016,201603091108,HC,1,/Volumes/Seagate Portable Drive/KYLE_AI_DATABASE/A_CAMERA/Focal_species/Gulo gulo/HFW12-F7/HC/2016/COLOR/Robust marks/03.09-11.08/IMG_2988.JPG,IMG_2988.JPG,HFW12-F7_2016_201603091108_IMG_2988.jpg,0.9620540142059326,599.3945922851562,367.96185302734375,504.72845458984375,794.5656127929688,2048,1536,504,794
HFW12-F7,2016,201603091108,HC,1,/Volumes/Seagate Portable Drive/KYLE_AI_DATABASE/A_CAMERA/Focal_species/Gulo gulo/HFW12-F7/HC/2016/COLOR/Robust marks/03.09-11.08/IMG_2989.JPG,IMG_2989.JPG,HFW12-F7_2016_201603091108_IMG_2989.jpg,0.9643415808677673,590.9859619140625,366.82745361328125,512.59033203125,795.5243530273438,2048,1536,512,795
HFW12-F7,2016,201603091108,HC,1,/Volumes/Seagate Portable Drive/KYLE_AI_DATABASE/A_CAMERA/Focal_species/Gulo gulo/HFW12-F7/HC/2016/COLOR/Robust marks/03.09-11.08/IMG_2990.JPG,IMG_2990.JPG,HFW12-F7_2016_201603091108_IMG_2990.jpg,0.9705044031143188,590.1444091796875,358.1248779296875,518.059814453125,801.9251708984375,2048,1536,518,801
HFW12-F7,2016,201603091108,HC,1,/Volumes/Seagate Portable Drive/KYLE_AI_DATABASE/A_CAMERA/Focal_species/Gulo gulo/HFW12-F7/HC/2016/COLOR/Robust marks/03.09-11.08/IMG_2991.JPG,IMG_2991.JPG,HFW12-F7_2016_201603091108_IMG_2991.jpg,0.9165071845054626,555.1395874023438,404.30670166015625,455.2452392578125,808.6765747070312,2048,1536,455,808
HFW12-F7,2016,201603091108,HC,1,/Volumes/Seagate Portable Drive/KYLE_AI_DATABASE/A_CAMERA/Focal_species/Gulo gulo/HFW12-F7/HC/2016/COLOR/Robust marks/03.09-11.08/IMG_2992.JPG,IMG_2992.JPG,HFW12-F7_2016_201603091108_IMG_2992.jpg,0.9446158409118652,588.1747436523438,288.76458740234375,501.53985595703125,904.6746215820312,2048,1536,501,904
HFW12-F7,2016,201603091108,HC,1,/Volumes/Seagate Portable Drive/KYLE_AI_DATABASE/A_CAMERA/Focal_species/Gulo gulo/HFW12-F7/HC/2016/COLOR/Robust marks/03.09-11.08/IMG_2993.JPG,IMG_2993.JPG,HFW12-F7_2016_201603091108_IMG_2993.jpg,0.9607657194137573,590.9029541015625,369.23443603515625,464.9376220703125,790.5980834960938,2048,1536,464,790
HFW12-F7,2016,201603091108,HC,1,/Volumes/Seagate Portable Drive/KYLE_AI_DATABASE/A_CAMERA/Focal_species/Gulo gulo/HFW12-F7/HC/2016/COLOR/Robust marks/03.09-11.08/IMG_2994.JPG,IMG_2994.JPG,HFW12-F7_2016_201603091108_IMG_2994.jpg,0.9628562927246094,595.744873046875,343.5823974609375,449.9051513671875,818.3504638671875,2048,1536,449,818
HFW12-F7,2016,201603091108,HC,1,/Volumes/Seagate Portable Drive/KYLE_AI_DATABASE/A_CAMERA/Focal_species/Gulo gulo/HFW12-F7/HC/2016/COLOR/Robust marks/03.09-11.08/IMG_2995.JPG,IMG_2995.JPG,HFW12-F7_2016_201603091108_IMG_2995.jpg,0.960433840751648,587.8624267578125,337.92742919921875,417.3565673828125,831.4174194335938,2048,1536,417,831
HFW12-F7,2016,201603091108,HC,1,/Volumes/Seagate Portable Drive/KYLE_AI_DATABASE/A_CAMERA/Focal_species/Gulo gulo/HFW12-F7/HC/2016/COLOR/Robust marks/03.09-11.08/IMG_2996.JPG,IMG_2996.JPG,HFW12-F7_2016_201603091108_IMG_2996.jpg,0.9580458998680115,590.28125,346.345458984375,418.218017578125,816.798583984375,2048,1536,418,816
HFW12-F7,2016,201603091108,HC,1,/Volumes/Seagate Portable Drive/KYLE_AI_DATABASE/A_CAMERA/Focal_species/Gulo gulo/HFW12-F7/HC/2016/COLOR/Robust marks/03.09-11.08/IMG_2997.JPG,IMG_2997.JPG,HFW12-F7_2016_201603091108_IMG_2997.jpg,0.9496157169342041,591.147705078125,351.41510009765625,424.69970703125,828.9473266601562,2048,1536,424,828
HFW12-F7,2016,201603091108,HC,1,/Volumes/Seagate Portable Drive/KYLE_AI_DATABASE/A_CAMERA/Focal_species/Gulo gulo/HFW12-F7/HC/2016/COLOR/Robust marks/03.09-11.08/IMG_2998.JPG,IMG_2998.JPG,HFW12-F7_2016_201603091108_IMG_2998.jpg,0.9510701298713684,598.33251953125,253.94911193847656,374.2401123046875,906.3162841796875,2048,1536,374,906
HFW12-F7,2016,201603091108,HC,1,/Volumes/Seagate Portable Drive/KYLE_AI_DATABASE/A_CAMERA/Focal_species/Gulo gulo/HFW12-F7/HC/2016/COLOR/Robust marks/03.09-11.08/IMG_2999.JPG,IMG_2999.JPG,HFW12-F7_2016_201603091108_IMG_2999.jpg,0.9532414674758911,609.475341796875,207.33018493652344,520.0570068359375,858.576904296875,2048,1536,520,858
HFW12-F7,2016,201603091108,HC,1,/Volumes/Seagate Portable Drive/KYLE_AI_DATABASE/A_CAMERA/Focal_species/Gulo gulo/HFW12-F7/HC/2016/COLOR/Robust marks/03.09-11.08/IMG_3000.JPG,IMG_3000.JPG,HFW12-F7_2016_201603091108_IMG_3000.jpg,0.9544073939323425,606.6959228515625,230.05091857910156,439.55078125,842.699951171875,2048,1536,439,842
HFW12-F7,2016,201603091108,HC,1,/Volumes/Seagate Portable Drive/KYLE_AI_DATABASE/A_CAMERA/Focal_species/Gulo gulo/HFW12-F7/HC/2016/COLOR/Robust marks/03.09-11.08/IMG_3001.JPG,IMG_3001.JPG,HFW12-F7_2016_201603091108_IMG_3001.jpg,0.9493717551231384,726.968017578125,280.3228454589844,430.6328125,687.8424072265625,2048,1536,430,687
HFW12-F7,2016,201603091108,HC,1,/Volumes/Seagate Portable Drive/KYLE_AI_DATABASE/A_CAMERA/Focal_species/Gulo gulo/HFW12-F7/HC/2016/COLOR/Robust marks/03.09-11.08/IMG_3002.JPG,IMG_3002.JPG,HFW12-F7_2016_201603091108_IMG_3002.jpg,0.9408184289932251,727.3533935546875,249.13169860839844,423.285888671875,797.3839111328125,2048,1536,423,797
HFW12-F7,2016,201603091108,HC,1,/Volumes/Seagate Portable Drive/KYLE_AI_DATABASE/A_CAMERA/Focal_species/Gulo gulo/HFW12-F7/HC/2016/COLOR/Robust marks/03.09-11.08/IMG_3003.JPG,IMG_3003.JPG,HFW12-F7_2016_201603091108_IMG_3003.jpg,0.9066964983940125,728.8248291015625,290.14849853515625,428.4295654296875,710.1305541992188,2048,1536,428,710
HFW12-F7,2016,201603091108,HC,1,/Volumes/Seagate Portable Drive/KYLE_AI_DATABASE/A_CAMERA/Focal_species/Gulo gulo/HFW12-F7/HC/2016/COLOR/Robust marks/03.09-11.08/IMG_3004.JPG,IMG_3004.JPG,HFW12-F7_2016_201603091108_IMG_3004.jpg,0.9086074829101562,728.7672119140625,288.963623046875,428.7945556640625,732.6687622070312,2048,1536,428,732
HFW12-F7,2016,201603091108,HC,1,/Volumes/Seagate Portable Drive/KYLE_AI_DATABASE/A_CAMERA/Focal_species/Gulo gulo/HFW12-F7/HC/2016/COLOR/Robust marks/03.09-11.08/IMG_3005.JPG,IMG_3005.JPG,HFW12-F7_2016_201603091108_IMG_3005.jpg,0.9220637679100037,729.1556396484375,286.13043212890625,427.6519775390625,711.2701416015625,2048,1536,427,711
HFW12-F7,2016,201603091108,HC,1,/Volumes/Seagate Portable Drive/KYLE_AI_DATABASE/A_CAMERA/Focal_species/Gulo gulo/HFW12-F7/HC/2016/COLOR/Robust marks/03.09-11.08/IMG_3006.JPG,IMG_3006.JPG,HFW12-F7_2016_201603091108_IMG_3006.jpg,0.940268874168396,728.486083984375,238.05755615234375,428.2259521484375,727.17138671875,2048,1536,428,727
HFW12-F7,2016,201603091108,HC,1,/Volumes/Seagate Portable Drive/KYLE_AI_DATABASE/A_CAMERA/Focal_species/Gulo gulo/HFW12-F7/HC/2016/COLOR/Robust marks/03.09-11.08/IMG_3007.JPG,IMG_3007.JPG,HFW12-F7_2016_201603091108_IMG_3007.jpg,0.8984271287918091,757.322021484375,320.07568359375,404.3472900390625,620.6390380859375,2048,1536,404,620
HFW12-F7,2016,201603091108,HC,1,/Volumes/Seagate Portable Drive/KYLE_AI_DATABASE/A_CAMERA/Focal_species/Gulo gulo/HFW12-F7/HC/2016/COLOR/Robust marks/03.09-11.08/IMG_3008.JPG,IMG_3008.JPG,HFW12-F7_2016_201603091108_IMG_3008.jpg,0.9419773817062378,917.079345703125,271.58282470703125,364.332763671875,747.7213745117188,2048,1536,364,747
HFW12-F7,2016,201603091108,HC,1,/Volumes/Seagate Portable Drive/KYLE_AI_DATABASE/A_CAMERA/Focal_species/Gulo gulo/HFW12-F7/HC/2016/COLOR/Robust marks/03.09-11.08/IMG_3009.JPG,IMG_3009.JPG,HFW12-F7_2016_201603091108_IMG_3009.jpg,0.9096232056617737,921.0596313476562,281.287841796875,466.51666259765625,714.3712158203125,2048,1536,466,714
HFW12-F7,2016,201603091108,HC,1,/Volumes/Seagate Portable Drive/KYLE_AI_DATABASE/A_CAMERA/Focal_species/Gulo gulo/HFW12-F7/HC/2016/COLOR/Robust marks/03.09-11.08/IMG_3010.JPG,IMG_3010.JPG,HFW12-F7_2016_201603091108_IMG_3010.jpg,0.9317250847816467,926.321533203125,194.3673095703125,512.569091796875,756.25390625,2048,1536,512,756
HFW12-F7,2016,201603091108,HC,1,/Volumes/Seagate Portable Drive/KYLE_AI_DATABASE/A_CAMERA/Focal_species/Gulo gulo/HFW12-F7/HC/2016/COLOR/Robust marks/03.09-11.08/IMG_3011.JPG,IMG_3011.JPG,HFW12-F7_2016_201603091108_IMG_3011.jpg,0.8834153413772583,1031.9052734375,162.58895874023438,362.098876953125,793.59130859375,2048,1536,362,793
HFW12-F7,2016,201603091108,HC,1,/Volumes/Seagate Portable Drive/KYLE_AI_DATABASE/A_CAMERA/Focal_species/Gulo gulo/HFW12-F7/HC/2016/COLOR/Robust marks/03.09-11.08/IMG_3013.JPG,IMG_3013.JPG,HFW12-F7_2016_201603091108_IMG_3013.jpg,0.9214355945587158,982.3392333984375,31.10614013671875,412.35546875,931.4819946289062,2048,1536,412,931
HFW12-F7,2016,201603091108,HC,1,/Volumes/Seagate Portable Drive/KYLE_AI_DATABASE/A_CAMERA/Focal_species/Gulo gulo/HFW12-F7/HC/2016/COLOR/Robust marks/03.09-11.08/IMG_3015.JPG,IMG_3015.JPG,HFW12-F7_2016_201603091108_IMG_3015.jpg,0.895369827747345,1018.1484985351562,153.59596252441406,314.05096435546875,775.9790649414062,2048,1536,314,775
HFW12-F7,2016,201603091108,HC,1,/Volumes/Seagate Portable Drive/KYLE_AI_DATABASE/A_CAMERA/Focal_species/Gulo gulo/HFW12-F7/HC/2016/COLOR/Robust marks/03.09-11.08/IMG_3016.JPG,IMG_3016.JPG,HFW12-F7_2016_201603091108_IMG_3016.jpg,0.8958441019058228,1097.4818115234375,117.7646484375,274.22216796875,853.5479736328125,2048,1536,274,853
HFW12-F7,2016,201603091108,HC,1,/Volumes/Seagate Portable Drive/KYLE_AI_DATABASE/A_CAMERA/Focal_species/Gulo gulo/HFW12-F7/HC/2016/COLOR/Robust marks/03.09-11.08/IMG_3017.JPG,IMG_3017.JPG,HFW12-F7_2016_201603091108_IMG_3017.jpg,0.9275850653648376,1082.2723388671875,97.44621276855469,286.534912109375,882.1143798828125,2048,1536,286,882
HFW12-F7,2016,201603091108,HC,1,/Volumes/Seagate Portable Drive/KYLE_AI_DATABASE/A_CAMERA/Focal_species/Gulo gulo/HFW12-F7/HC/2016/COLOR/Robust marks/03.09-11.08/IMG_3018.JPG,IMG_3018.JPG,HFW12-F7_2016_201603091108_IMG_3018.jpg,0.9089491367340088,1064.027099609375,59.5931396484375,267.837158203125,915.4798583984375,2048,1536,267,915
HFW12-F7,2016,201603091108,HC,1,/Volumes/Seagate Portable Drive/KYLE_AI_DATABASE/A_CAMERA/Focal_species/Gulo gulo/HFW12-F7/HC/2016/COLOR/Robust marks/03.09-11.08/IMG_3019.JPG,IMG_3019.JPG,HFW12-F7_2016_201603091108_IMG_3019.jpg,0.9165771007537842,1021.2449951171875,101.1478271484375,303.6533203125,790.7318115234375,2048,1536,303,790
HFW12-F7,2016,201603091108,HC,1,/Volumes/Seagate Portable Drive/KYLE_AI_DATABASE/A_CAMERA/Focal_species/Gulo gulo/HFW12-F7/HC/2016/COLOR/Robust marks/03.09-11.08/IMG_3020.JPG,IMG_3020.JPG,HFW12-F7_2016_201603091108_IMG_3020.jpg,0.9290512204170227,975.1385498046875,85.73268127441406,368.5927734375,851.557861328125,2048,1536,368,851
HFW12-F7,2016,201603091108,HC,1,/Volumes/Seagate Portable Drive/KYLE_AI_DATABASE/A_CAMERA/Focal_species/Gulo gulo/HFW12-F7/HC/2016/COLOR/Robust marks/03.09-11.08/IMG_3021.JPG,IMG_3021.JPG,HFW12-F7_2016_201603091108_IMG_3021.jpg,0.9105384945869446,903.198974609375,145.46681213378906,390.063720703125,867.08447265625,2048,1536,390,867
HFW12-F7,2016,201603091108,HC,1,/Volumes/Seagate Portable Drive/KYLE_AI_DATABASE/A_CAMERA/Focal_species/Gulo gulo/HFW12-F7/HC/2016/COLOR/Robust marks/03.09-11.08/IMG_3022.JPG,IMG_3022.JPG,HFW12-F7_2016_201603091108_IMG_3022.jpg,0.8639747500419617,897.7979125976562,193.6273956298828,375.96636962890625,812.1015625,2048,1536,375,812
HFW12-F7,2016,201603091108,HC,1,/Volumes/Seagate Portable Drive/KYLE_AI_DATABASE/A_CAMERA/Focal_species/Gulo gulo/HFW12-F7/HC/2016/COLOR/Robust marks/03.09-11.08/IMG_3023.JPG,IMG_3023.JPG,HFW12-F7_2016_201603091108_IMG_3023.jpg,0.8291506767272949,910.2901611328125,169.3685302734375,383.0302734375,986.0960693359375,2048,1536,383,986
HFW12-F7,2016,201603091108,HC,1,/Volumes/Seagate Portable Drive/KYLE_AI_DATABASE/A_CAMERA/Focal_species/Gulo gulo/HFW12-F7/HC/2016/COLOR/Robust marks/03.09-11.08/IMG_3024.JPG,IMG_3024.JPG,HFW12-F7_2016_201603091108_IMG_3024.jpg,0.932293713092804,912.9165649414062,141.2109375,380.43450927734375,881.0380859375,2048,1536,380,881
HFW12-F7,2016,201603091108,HC,1,/Volumes/Seagate Portable Drive/KYLE_AI_DATABASE/A_CAMERA/Focal_species/Gulo gulo/HFW12-F7/HC/2016/COLOR/Robust marks/03.09-11.08/IMG_3025.JPG,IMG_3025.JPG,HFW12-F7_2016_201603091108_IMG_3025.jpg,0.92526775598526,917.8882446289062,134.7872314453125,391.10076904296875,884.9356689453125,2048,1536,391,884
HFW12-F7,2016,201603091108,HC,1,/Volumes/Seagate Portable Drive/KYLE_AI_DATABASE/A_CAMERA/Focal_species/Gulo gulo/HFW12-F7/HC/2016/COLOR/Robust marks/03.09-11.08/IMG_3026.JPG,IMG_3026.JPG,HFW12-F7_2016_201603091108_IMG_3026.jpg,0.93021559715271,916.4213256835938,140.0811767578125,393.40435791015625,879.39306640625,2048,1536,393,879
HFW12-F7,2016,201603091108,HC,1,/Volumes/Seagate Portable Drive/KYLE_AI_DATABASE/A_CAMERA/Focal_species/Gulo gulo/HFW12-F7/HC/2016/COLOR/Robust marks/03.09-11.08/IMG_3027.JPG,IMG_3027.JPG,HFW12-F7_2016_201603091108_IMG_3027.jpg,0.9467947483062744,918.49267578125,143.1295623779297,393.122314453125,876.51611328125,2048,1536,393,876
HFW12-F7,2016,201603091108,HC,1,/Volumes/Seagate Portable Drive/KYLE_AI_DATABASE/A_CAMERA/Focal_species/Gulo gulo/HFW12-F7/HC/2016/COLOR/Robust marks/03.09-11.08/IMG_3029.JPG,IMG_3029.JPG,HFW12-F7_2016_201603091108_IMG_3029.jpg,0.8575634956359863,964.7781982421875,165.6763458251953,305.999755859375,858.8558959960938,2048,1536,305,858
HFW12-F7,2016,201603091108,HC,1,/Volumes/Seagate Portable Drive/KYLE_AI_DATABASE/A_CAMERA/Focal_species/Gulo gulo/HFW12-F7/HC/2016/COLOR/Robust marks/03.09-11.08/IMG_3030.JPG,IMG_3030.JPG,HFW12-F7_2016_201603091108_IMG_3030.jpg,0.8821514844894409,1027.18017578125,119.95028686523438,265.8203125,853.9373779296875,2048,1536,265,853
HFW12-F7,2016,201603091108,HC,1,/Volumes/Seagate Portable Drive/KYLE_AI_DATABASE/A_CAMERA/Focal_species/Gulo gulo/HFW12-F7/HC/2016/COLOR/Robust marks/03.09-11.08/IMG_3031.JPG,IMG_3031.JPG,HFW12-F7_2016_201603091108_IMG_3031.jpg,0.8479576110839844,971.0489501953125,186.57833862304688,318.059326171875,811.79931640625,2048,1536,318,811
HFW12-F7,2016,201603091108,HC,1,/Volumes/Seagate Portable Drive/KYLE_AI_DATABASE/A_CAMERA/Focal_species/Gulo gulo/HFW12-F7/HC/2016/COLOR/Robust marks/03.09-11.08/IMG_3032.JPG,IMG_3032.JPG,HFW12-F7_2016_201603091108_IMG_3032.jpg,0.8700851798057556,963.23388671875,194.5491943359375,375.62109375,793.97412109375,2048,1536,375,793
HFW12-F7,2016,201603091108,HC,1,/Volumes/Seagate Portable Drive/KYLE_AI_DATABASE/A_CAMERA/Focal_species/Gulo gulo/HFW12-F7/HC/2016/COLOR/Robust marks/03.09-11.08/IMG_3033.JPG,IMG_3033.JPG,HFW12-F7_2016_201603091108_IMG_3033.jpg,0.8508850932121277,995.6964721679688,142.9599609375,295.03326416015625,847.056396484375,2048,1536,295,847
HFW12-F7,2016,201603091108,HC,1,/Volumes/Seagate Portable Drive/KYLE_AI_DATABASE/A_CAMERA/Focal_species/Gulo gulo/HFW12-F7/HC/2016/COLOR/Robust marks/03.09-11.08/IMG_3034.JPG,IMG_3034.JPG,HFW12-F7_2016_201603091108_IMG_3034.jpg,0.8899737000465393,1075.229248046875,156.50477600097656,245.81103515625,830.9603271484375,2048,1536,245,830
HFW12-F7,2016,201603091108,HC,1,/Volumes/Seagate Portable Drive/KYLE_AI_DATABASE/A_CAMERA/Focal_species/Gulo gulo/HFW12-F7/HC/2016/COLOR/Robust marks/03.09-11.08/IMG_3035.JPG,IMG_3035.JPG,HFW12-F7_2016_201603091108_IMG_3035.jpg,0.9101081490516663,1086.3941650390625,152.37753295898438,255.30810546875,835.30615234375,2048,1536,255,835
HFW12-F7,2016,201603091108,HC,1,/Volumes/Seagate Portable Drive/KYLE_AI_DATABASE/A_CAMERA/Focal_species/Gulo gulo/HFW12-F7/HC/2016/COLOR/Robust marks/03.09-11.08/IMG_3036.JPG,IMG_3036.JPG,HFW12-F7_2016_201603091108_IMG_3036.jpg,0.9067818522453308,1078.8511962890625,144.58401489257812,257.4140625,846.155517578125,2048,1536,257,846
HFW12-F7,2016,201603091108,HC,1,/Volumes/Seagate Portable Drive/KYLE_AI_DATABASE/A_CAMERA/Focal_species/Gulo gulo/HFW12-F7/HC/2016/COLOR/Robust marks/03.09-11.08/IMG_3037.JPG,IMG_3037.JPG,HFW12-F7_2016_201603091108_IMG_3037.jpg,0.8776066303253174,1083.90966796875,153.7079315185547,254.0966796875,836.7144775390625,2048,1536,254,836
HFW12-F7,2016,201603091108,HC,1,/Volumes/Seagate Portable Drive/KYLE_AI_DATABASE/A_CAMERA/Focal_species/Gulo gulo/HFW12-F7/HC/2016/COLOR/Robust marks/03.09-11.08/IMG_3039.JPG,IMG_3039.JPG,HFW12-F7_2016_201603091108_IMG_3039.jpg,0.8837097883224487,1070.6888427734375,172.9083251953125,257.800537109375,833.2989501953125,2048,1536,257,833
HFW12-F7,2016,201603091108,HC,1,/Volumes/Seagate Portable Drive/KYLE_AI_DATABASE/A_CAMERA/Focal_species/Gulo gulo/HFW12-F7/HC/2016/COLOR/Robust marks/03.09-11.08/IMG_3040.JPG,IMG_3040.JPG,HFW12-F7_2016_201603091108_IMG_3040.jpg,0.8385810256004333,927.55419921875,129.5350799560547,412.390869140625,872.0728759765625,2048,1536,412,872
HFW12-F7,2016,201603091108,HC,1,/Volumes/Seagate Portable Drive/KYLE_AI_DATABASE/A_CAMERA/Focal_species/Gulo gulo/HFW12-F7/HC/2016/COLOR/Robust marks/03.09-11.08/IMG_3041.JPG,IMG_3041.JPG,HFW12-F7_2016_201603091108_IMG_3041.jpg,0.8908678889274597,1032.529541015625,206.2489471435547,298.56103515625,813.847900390625,2048,1536,298,813
HFW12-F7,2016,201603091108,HC,1,/Volumes/Seagate Portable Drive/KYLE_AI_DATABASE/A_CAMERA/Focal_species/Gulo gulo/HFW12-F7/HC/2016/COLOR/Robust marks/03.09-11.08/IMG_3042.JPG,IMG_3042.JPG,HFW12-F7_2016_201603091108_IMG_3042.jpg,0.9068722128868103,1031.6466064453125,205.96385192871094,295.478759765625,815.3636474609375,2048,1536,295,815
HFW12-F7,2016,201603091108,HC,1,/Volumes/Seagate Portable Drive/KYLE_AI_DATABASE/A_CAMERA/Focal_species/Gulo gulo/HFW12-F7/HC/2016/COLOR/Robust marks/03.09-11.08/IMG_3043.JPG,IMG_3043.JPG,HFW12-F7_2016_201603091108_IMG_3043.jpg,0.9176197052001953,1024.71875,207.16676330566406,303.29296875,814.8199462890625,2048,1536,303,814
HFW12-F7,2016,201603091108,HC,1,/Volumes/Seagate Portable Drive/KYLE_AI_DATABASE/A_CAMERA/Focal_species/Gulo gulo/HFW12-F7/HC/2016/COLOR/Robust marks/03.09-11.08/IMG_3044.JPG,IMG_3044.JPG,HFW12-F7_2016_201603091108_IMG_3044.jpg,0.9212172627449036,1024.4476318359375,209.2525634765625,305.3740234375,814.907958984375,2048,1536,305,814
HFW12-F7,2016,201603091108,HC,1,/Volumes/Seagate Portable Drive/KYLE_AI_DATABASE/A_CAMERA/Focal_species/Gulo gulo/HFW12-F7/HC/2016/COLOR/Robust marks/03.09-11.08/IMG_3045.JPG,IMG_3045.JPG,HFW12-F7_2016_201603091108_IMG_3045.jpg,0.912416934967041,1028.99072265625,212.46519470214844,309.416748046875,814.2991943359375,2048,1536,309,814
HFW12-F7,2016,201603091108,HC,1,/Volumes/Seagate Portable Drive/KYLE_AI_DATABASE/A_CAMERA/Focal_species/Gulo gulo/HFW12-F7/HC/2016/COLOR/Robust marks/03.09-11.08/IMG_3046.JPG,IMG_3046.JPG,HFW12-F7_2016_201603091108_IMG_3046.jpg,0.8847396969795227,1060.84912109375,177.17930603027344,287.337646484375,850.663818359375,2048,1536,287,850
HFW12-F7,2016,201603091108,HC,1,/Volumes/Seagate Portable Drive/KYLE_AI_DATABASE/A_CAMERA/Focal_species/Gulo gulo/HFW12-F7/HC/2016/COLOR/Robust marks/03.09-11.08/IMG_3047.JPG,IMG_3047.JPG,HFW12-F7_2016_201603091108_IMG_3047.jpg,0.896388053894043,1024.1343994140625,154.7504425048828,289.542724609375,831.129150390625,2048,1536,289,831
HFW12-F7,2016,201603091108,HC,1,/Volumes/Seagate Portable Drive/KYLE_AI_DATABASE/A_CAMERA/Focal_species/Gulo gulo/HFW12-F7/HC/2016/COLOR/Robust marks/03.09-11.08/IMG_3048.JPG,IMG_3048.JPG,HFW12-F7_2016_201603091108_IMG_3048.jpg,0.8576074242591858,1036.931884765625,197.81826782226562,313.913330078125,817.51513671875,2048,1536,313,817
HFW12-F7,2016,201603091108,HC,1,/Volumes/Seagate Portable Drive/KYLE_AI_DATABASE/A_CAMERA/Focal_species/Gulo gulo/HFW12-F7/HC/2016/COLOR/Robust marks/03.09-11.08/IMG_3049.JPG,IMG_3049.JPG,HFW12-F7_2016_201603091108_IMG_3049.jpg,0.8716539144515991,1014.2615356445312,149.2793426513672,319.03594970703125,843.47509765625,2048,1536,319,843
HFW12-F7,2016,201603091108,HC,1,/Volumes/Seagate Portable Drive/KYLE_AI_DATABASE/A_CAMERA/Focal_species/Gulo gulo/HFW12-F7/HC/2016/COLOR/Robust marks/03.09-11.08/IMG_3050.JPG,IMG_3050.JPG,HFW12-F7_2016_201603091108_IMG_3050.jpg,0.8659777045249939,1024.9588623046875,197.246337890625,310.637939453125,834.6839599609375,2048,1536,310,834
HFW12-F7,2016,201603091108,HC,1,/Volumes/Seagate Portable Drive/KYLE_AI_DATABASE/A_CAMERA/Focal_species/Gulo gulo/HFW12-F7/HC/2016/COLOR/Robust marks/03.09-11.08/IMG_3051.JPG,IMG_3051.JPG,HFW12-F7_2016_201603091108_IMG_3051.jpg,0.9147260785102844,1026.05859375,180.33526611328125,308.825439453125,851.7948608398438,2048,1536,308,851
HFW12-F7,2016,201603091108,HC,1,/Volumes/Seagate Portable Drive/KYLE_AI_DATABASE/A_CAMERA/Focal_species/Gulo gulo/HFW12-F7/HC/2016/COLOR/Robust marks/03.09-11.08/IMG_3052.JPG,IMG_3052.JPG,HFW12-F7_2016_201603091108_IMG_3052.jpg,0.9036945700645447,1029.964111328125,181.0602264404297,304.250244140625,851.5982055664062,2048,1536,304,851
HFW12-F7,2016,201603091108,HC,1,/Volumes/Seagate Portable Drive/KYLE_AI_DATABASE/A_CAMERA/Focal_species/Gulo gulo/HFW12-F7/HC/2016/COLOR/Robust marks/03.09-11.08/IMG_3053.JPG,IMG_3053.JPG,HFW12-F7_2016_201603091108_IMG_3053.jpg,0.9072791934013367,1032.1893310546875,176.4770050048828,314.01806640625,863.4668579101562,2048,1536,314,863
HFW12-F7,2016,201603091108,HC,1,/Volumes/Seagate Portable Drive/KYLE_AI_DATABASE/A_CAMERA/Focal_species/Gulo gulo/HFW12-F7/HC/2016/COLOR/Robust marks/03.09-11.08/IMG_3054.JPG,IMG_3054.JPG,HFW12-F7_2016_201603091108_IMG_3054.jpg,0.9242115616798401,1032.6387939453125,252.9337921142578,317.0478515625,785.8649291992188,2048,1536,317,785
HFW12-F7,2016,201603091108,HC,1,/Volumes/Seagate Portable Drive/KYLE_AI_DATABASE/A_CAMERA/Focal_species/Gulo gulo/HFW12-F7/HC/2016/COLOR/Robust marks/03.09-11.08/IMG_3055.JPG,IMG_3055.JPG,HFW12-F7_2016_201603091108_IMG_3055.jpg,0.9077279567718506,983.3998413085938,267.1553649902344,350.38677978515625,775.4603271484375,2048,1536,350,775
HFW12-F7,2016,201603091108,HC,1,/Volumes/Seagate Portable Drive/KYLE_AI_DATABASE/A_CAMERA/Focal_species/Gulo gulo/HFW12-F7/HC/2016/COLOR/Robust marks/03.09-11.08/IMG_3056.JPG,IMG_3056.JPG,HFW12-F7_2016_201603091108_IMG_3056.jpg,0.9139351844787598,981.7802734375,275.433837890625,356.45703125,776.0147705078125,2048,1536,356,776
HFW12-F7,2016,201603091108,HC,1,/Volumes/Seagate Portable Drive/KYLE_AI_DATABASE/A_CAMERA/Focal_species/Gulo gulo/HFW12-F7/HC/2016/COLOR/Robust marks/03.09-11.08/IMG_3057.JPG,IMG_3057.JPG,HFW12-F7_2016_201603091108_IMG_3057.jpg,0.8894845843315125,975.7086791992188,250.96896362304688,343.45806884765625,762.061279296875,2048,1536,343,762
HFW12-F7,2016,201603091108,HC,1,/Volumes/Seagate Portable Drive/KYLE_AI_DATABASE/A_CAMERA/Focal_species/Gulo gulo/HFW12-F7/HC/2016/COLOR/Robust marks/03.09-11.08/IMG_3058.JPG,IMG_3058.JPG,HFW12-F7_2016_201603091108_IMG_3058.jpg,0.8943448066711426,984.2334594726562,236.0266571044922,334.90643310546875,796.7369995117188,2048,1536,334,796
HFW12-F7,2016,201603091108,HC,1,/Volumes/Seagate Portable Drive/KYLE_AI_DATABASE/A_CAMERA/Focal_species/Gulo gulo/HFW12-F7/HC/2016/COLOR/Robust marks/03.09-11.08/IMG_3059.JPG,IMG_3059.JPG,HFW12-F7_2016_201603091108_IMG_3059.jpg,0.9281686544418335,979.6666259765625,231.2604217529297,349.311279296875,809.7898559570312,2048,1536,349,809
HFW12-F7,2016,201603091108,HC,1,/Volumes/Seagate Portable Drive/KYLE_AI_DATABASE/A_CAMERA/Focal_species/Gulo gulo/HFW12-F7/HC/2016/COLOR/Robust marks/03.09-11.08/IMG_3060.JPG,IMG_3060.JPG,HFW12-F7_2016_201603091108_IMG_3060.jpg,0.8837382793426514,1012.1991577148438,143.7528076171875,307.12847900390625,839.4402465820312,2048,1536,307,839
HFW12-F7,2016,201603091108,HC,1,/Volumes/Seagate Portable Drive/KYLE_AI_DATABASE/A_CAMERA/Focal_species/Gulo gulo/HFW12-F7/HC/2016/COLOR/Robust marks/03.09-11.08/IMG_3061.JPG,IMG_3061.JPG,HFW12-F7_2016_201603091108_IMG_3061.jpg,0.8818706274032593,959.1260986328125,171.28848266601562,386.427001953125,807.45654296875,2048,1536,386,807
HFW12-F7,2016,201603091108,HC,1,/Volumes/Seagate Portable Drive/KYLE_AI_DATABASE/A_CAMERA/Focal_species/Gulo gulo/HFW12-F7/HC/2016/COLOR/Robust marks/03.09-11.08/IMG_3062.JPG,IMG_3062.JPG,HFW12-F7_2016_201603091108_IMG_3062.jpg,0.8708649277687073,1033.1302490234375,149.13743591308594,302.700927734375,839.873046875,2048,1536,302,839
HFW12-F7,2016,201603091108,HC,1,/Volumes/Seagate Portable Drive/KYLE_AI_DATABASE/A_CAMERA/Focal_species/Gulo gulo/HFW12-F7/HC/2016/COLOR/Robust marks/03.09-11.08/IMG_3063.JPG,IMG_3063.JPG,HFW12-F7_2016_201603091108_IMG_3063.jpg,0.8796964883804321,991.667724609375,173.63479614257812,346.05908203125,815.250244140625,2048,1536,346,815
HFW12-F7,2016,201603091108,HC,1,/Volumes/Seagate Portable Drive/KYLE_AI_DATABASE/A_CAMERA/Focal_species/Gulo gulo/HFW12-F7/HC/2016/COLOR/Robust marks/03.09-11.08/IMG_3064.JPG,IMG_3064.JPG,HFW12-F7_2016_201603091108_IMG_3064.jpg,0.8817023634910583,1030.4652099609375,166.14541625976562,310.580810546875,829.598388671875,2048,1536,310,829
HFW12-F7,2016,201603091108,HC,1,/Volumes/Seagate Portable Drive/KYLE_AI_DATABASE/A_CAMERA/Focal_species/Gulo gulo/HFW12-F7/HC/2016/COLOR/Robust marks/03.09-11.08/IMG_3065.JPG,IMG_3065.JPG,HFW12-F7_2016_201603091108_IMG_3065.jpg,0.8796654939651489,1011.4775390625,150.46568298339844,329.52392578125,840.0991821289062,2048,1536,329,840
HFW12-F7,2016,201603091108,HC,1,/Volumes/Seagate Portable Drive/KYLE_AI_DATABASE/A_CAMERA/Focal_species/Gulo gulo/HFW12-F7/HC/2016/COLOR/Robust marks/03.09-11.08/IMG_3066.JPG,IMG_3066.JPG,HFW12-F7_2016_201603091108_IMG_3066.jpg,0.8846931457519531,1024.887451171875,138.03868103027344,312.532470703125,841.8082885742188,2048,1536,312,841
HFW12-F7,2016,201603091108,HC,1,/Volumes/Seagate Portable Drive/KYLE_AI_DATABASE/A_CAMERA/Focal_species/Gulo gulo/HFW12-F7/HC/2016/COLOR/Robust marks/03.09-11.08/IMG_3067.JPG,IMG_3067.JPG,HFW12-F7_2016_201603091108_IMG_3067.jpg,0.932848334312439,1023.7958984375,164.15798950195312,337.972412109375,830.6395263671875,2048,1536,337,830
HFW12-F7,2016,201603091108,HC,1,/Volumes/Seagate Portable Drive/KYLE_AI_DATABASE/A_CAMERA/Focal_species/Gulo gulo/HFW12-F7/HC/2016/COLOR/Robust marks/03.09-11.08/IMG_3068.JPG,IMG_3068.JPG,HFW12-F7_2016_201603091108_IMG_3068.jpg,0.8876677751541138,1024.6090087890625,161.12484741210938,323.116943359375,835.457763671875,2048,1536,323,835
HFW12-F7,2016,201603091108,HC,1,/Volumes/Seagate Portable Drive/KYLE_AI_DATABASE/A_CAMERA/Focal_species/Gulo gulo/HFW12-F7/HC/2016/COLOR/Robust marks/03.09-11.08/IMG_3069.JPG,IMG_3069.JPG,HFW12-F7_2016_201603091108_IMG_3069.jpg,0.9068266153335571,1030.381591796875,167.51499938964844,322.782958984375,824.5813598632812,2048,1536,322,824
HFW12-F7,2016,201603091108,HC,1,/Volumes/Seagate Portable Drive/KYLE_AI_DATABASE/A_CAMERA/Focal_species/Gulo gulo/HFW12-F7/HC/2016/COLOR/Robust marks/03.09-11.08/IMG_3070.JPG,IMG_3070.JPG,HFW12-F7_2016_201603091108_IMG_3070.jpg,0.9084169268608093,1034.430908203125,228.64901733398438,315.263916015625,801.5098876953125,2048,1536,315,801
HFW12-F7,2016,201603091108,HC,1,/Volumes/Seagate Portable Drive/KYLE_AI_DATABASE/A_CAMERA/Focal_species/Gulo gulo/HFW12-F7/HC/2016/COLOR/Robust marks/03.09-11.08/IMG_3071.JPG,IMG_3071.JPG,HFW12-F7_2016_201603091108_IMG_3071.jpg,0.8597551584243774,973.3525390625,207.87222290039062,379.196533203125,838.6192626953125,2048,1536,379,838
HFW12-F7,2016,201603091108,HC,1,/Volumes/Seagate Portable Drive/KYLE_AI_DATABASE/A_CAMERA/Focal_species/Gulo gulo/HFW12-F7/HC/2016/COLOR/Robust marks/03.09-11.08/IMG_3073.JPG,IMG_3073.JPG,HFW12-F7_2016_201603091108_IMG_3073.jpg,0.8950406908988953,1048.1590576171875,104.92643737792969,282.659423828125,880.6691284179688,2048,1536,282,880
HFW12-F7,2016,201603091108,HC,1,/Volumes/Seagate Portable Drive/KYLE_AI_DATABASE/A_CAMERA/Focal_species/Gulo gulo/HFW12-F7/HC/2016/COLOR/Robust marks/03.09-11.08/IMG_3074.JPG,IMG_3074.JPG,HFW12-F7_2016_201603091108_IMG_3074.jpg,0.8890058994293213,1030.259521484375,104.59016418457031,290.26025390625,867.4028930664062,2048,1536,290,867
HFW12-F7,2016,201603091108,HC,1,/Volumes/Seagate Portable Drive/KYLE_AI_DATABASE/A_CAMERA/Focal_species/Gulo gulo/HFW12-F7/HC/2016/COLOR/Robust marks/03.09-11.08/IMG_3075.JPG,IMG_3075.JPG,HFW12-F7_2016_201603091108_IMG_3075.jpg,0.9047046899795532,1052.677734375,107.72044372558594,284.2783203125,879.614990234375,2048,1536,284,879
HFW12-F7,2016,201603091108,HC,1,/Volumes/Seagate Portable Drive/KYLE_AI_DATABASE/A_CAMERA/Focal_species/Gulo gulo/HFW12-F7/HC/2016/COLOR/Robust marks/03.09-11.08/IMG_3076.JPG,IMG_3076.JPG,HFW12-F7_2016_201603091108_IMG_3076.jpg,0.8557670712471008,1050.850341796875,178.6754608154297,276.726318359375,818.821044921875,2048,1536,276,818
HFW12-F7,2016,201603091108,HC,1,/Volumes/Seagate Portable Drive/KYLE_AI_DATABASE/A_CAMERA/Focal_species/Gulo gulo/HFW12-F7/HC/2016/COLOR/Robust marks/03.09-11.08/IMG_3077.JPG,IMG_3077.JPG,HFW12-F7_2016_201603091108_IMG_3077.jpg,0.9224328398704529,1044.497802734375,231.9348907470703,284.971435546875,773.9075927734375,2048,1536,284,773
HFW12-F7,2016,201603091108,HC,1,/Volumes/Seagate Portable Drive/KYLE_AI_DATABASE/A_CAMERA/Focal_species/Gulo gulo/HFW12-F7/HC/2016/COLOR/Robust marks/03.09-11.08/IMG_3078.JPG,IMG_3078.JPG,HFW12-F7_2016_201603091108_IMG_3078.jpg,0.8587987422943115,1015.6884155273438,110.58174133300781,315.01300048828125,885.338623046875,2048,1536,315,885
HFW12-F7,2016,201603091108,HC,1,/Volumes/Seagate Portable Drive/KYLE_AI_DATABASE/A_CAMERA/Focal_species/Gulo gulo/HFW12-F7/HC/2016/COLOR/Robust marks/03.09-11.08/IMG_3079.JPG,IMG_3079.JPG,HFW12-F7_2016_201603091108_IMG_3079.jpg,0.897210419178009,1017.54833984375,163.2074432373047,310.983154296875,825.0947875976562,2048,1536,310,825
HFW12-F7,2016,201603091108,HC,1,/Volumes/Seagate Portable Drive/KYLE_AI_DATABASE/A_CAMERA/Focal_species/Gulo gulo/HFW12-F7/HC/2016/COLOR/Robust marks/03.09-11.08/IMG_3080.JPG,IMG_3080.JPG,HFW12-F7_2016_201603091108_IMG_3080.jpg,0.8927004337310791,1048.585205078125,167.6714630126953,281.211669921875,825.6348876953125,2048,1536,281,825
HFW12-F7,2016,201603091108,HC,1,/Volumes/Seagate Portable Drive/KYLE_AI_DATABASE/A_CAMERA/Focal_species/Gulo gulo/HFW12-F7/HC/2016/COLOR/Robust marks/03.09-11.08/IMG_3081.JPG,IMG_3081.JPG,HFW12-F7_2016_201603091108_IMG_3081.jpg,0.928182065486908,1045.28857421875,185.59844970703125,292.432373046875,840.5698852539062,2048,1536,292,840
HFW12-F7,2016,201603091108,HC,1,/Volumes/Seagate Portable Drive/KYLE_AI_DATABASE/A_CAMERA/Focal_species/Gulo gulo/HFW12-F7/HC/2016/COLOR/Robust marks/03.09-11.08/IMG_3082.JPG,IMG_3082.JPG,HFW12-F7_2016_201603091108_IMG_3082.jpg,0.9139807820320129,1047.295654296875,196.36807250976562,289.30810546875,818.453125,2048,1536,289,818
HFW12-F7,2016,201603091108,HC,1,/Volumes/Seagate Portable Drive/KYLE_AI_DATABASE/A_CAMERA/Focal_species/Gulo gulo/HFW12-F7/HC/2016/COLOR/Robust marks/03.09-11.08/IMG_3083.JPG,IMG_3083.JPG,HFW12-F7_2016_201603091108_IMG_3083.jpg,0.8980520367622375,924.9215698242188,243.92962646484375,409.00335693359375,809.9555053710938,2048,1536,409,809
HFW12-F7,2016,201603091108,HC,1,/Volumes/Seagate Portable Drive/KYLE_AI_DATABASE/A_CAMERA/Focal_species/Gulo gulo/HFW12-F7/HC/2016/COLOR/Robust marks/03.09-11.08/IMG_3084.JPG,IMG_3084.JPG,HFW12-F7_2016_201603091108_IMG_3084.jpg,0.9100034832954407,971.13623046875,240.2091522216797,382.6044921875,829.0773315429688,2048,1536,382,829
HFW12-F7,2016,201603091108,HC,1,/Volumes/Seagate Portable Drive/KYLE_AI_DATABASE/A_CAMERA/Focal_species/Gulo gulo/HFW12-F7/HC/2016/COLOR/Robust marks/03.09-11.08/IMG_3085.JPG,IMG_3085.JPG,HFW12-F7_2016_201603091108_IMG_3085.jpg,0.9149008393287659,971.5689086914062,252.01011657714844,381.99700927734375,816.2994384765625,2048,1536,381,816
HFW12-F7,2016,201603091108,HC,1,/Volumes/Seagate Portable Drive/KYLE_AI_DATABASE/A_CAMERA/Focal_species/Gulo gulo/HFW12-F7/HC/2016/COLOR/Robust marks/03.09-11.08/IMG_3086.JPG,IMG_3086.JPG,HFW12-F7_2016_201603091108_IMG_3086.jpg,0.8861191272735596,969.4253540039062,248.70391845703125,385.47991943359375,807.7953491210938,2048,1536,385,807
HFW12-F7,2016,201603091108,HC,1,/Volumes/Seagate Portable Drive/KYLE_AI_DATABASE/A_CAMERA/Focal_species/Gulo gulo/HFW12-F7/HC/2016/COLOR/Robust marks/03.09-11.08/IMG_3087.JPG,IMG_3087.JPG,HFW12-F7_2016_201603091108_IMG_3087.jpg,0.916447103023529,945.9869384765625,268.37890625,408.812744140625,790.85107421875,2048,1536,408,790
HFW12-F7,2016,201603091108,HC,1,/Volumes/Seagate Portable Drive/KYLE_AI_DATABASE/A_CAMERA/Focal_species/Gulo gulo/HFW12-F7/HC/2016/COLOR/Robust marks/03.09-11.08/IMG_3088.JPG,IMG_3088.JPG,HFW12-F7_2016_201603091108_IMG_3088.jpg,0.9338316917419434,930.59130859375,302.6435852050781,423.49755859375,770.81103515625,2048,1536,423,770
HFW12-F7,2016,201603091108,HC,1,/Volumes/Seagate Portable Drive/KYLE_AI_DATABASE/A_CAMERA/Focal_species/Gulo gulo/HFW12-F7/HC/2016/COLOR/Robust marks/03.09-11.08/IMG_3089.JPG,IMG_3089.JPG,HFW12-F7_2016_201603091108_IMG_3089.jpg,0.8891176581382751,934.5369262695312,305.56109619140625,419.58148193359375,768.4822387695312,2048,1536,419,768
HFW12-F7,2016,201603091108,HC,1,/Volumes/Seagate Portable Drive/KYLE_AI_DATABASE/A_CAMERA/Focal_species/Gulo gulo/HFW12-F7/HC/2016/COLOR/Robust marks/03.09-11.08/IMG_3090.JPG,IMG_3090.JPG,HFW12-F7_2016_201603091108_IMG_3090.jpg,0.8850045204162598,961.8840942382812,258.98138427734375,391.43328857421875,797.7009887695312,2048,1536,391,797
HFW12-F7,2016,201603091108,HC,1,/Volumes/Seagate Portable Drive/KYLE_AI_DATABASE/A_CAMERA/Focal_species/Gulo gulo/HFW12-F7/HC/2016/COLOR/Robust marks/03.09-11.08/IMG_3091.JPG,IMG_3091.JPG,HFW12-F7_2016_201603091108_IMG_3091.jpg,0.9126672744750977,932.2340087890625,329.4852600097656,386.74658203125,736.8795166015625,2048,1536,386,736
HFW12-F7,2016,201603091108,HC,1,/Volumes/Seagate Portable Drive/KYLE_AI_DATABASE/A_CAMERA/Focal_species/Gulo gulo/HFW12-F7/HC/2016/COLOR/Robust marks/03.09-11.08/IMG_3092.JPG,IMG_3092.JPG,HFW12-F7_2016_201603091108_IMG_3092.jpg,0.9050261974334717,937.2091674804688,314.7522888183594,379.57989501953125,758.4937744140625,2048,1536,379,758
HFW12-F7,2016,201603091108,HC,1,/Volumes/Seagate Portable Drive/KYLE_AI_DATABASE/A_CAMERA/Focal_species/Gulo gulo/HFW12-F7/HC/2016/COLOR/Robust marks/03.09-11.08/IMG_3093.JPG,IMG_3093.JPG,HFW12-F7_2016_201603091108_IMG_3093.jpg,0.9410739541053772,927.792236328125,325.98040771484375,414.970458984375,786.5081176757812,2048,1536,414,786
HFW12-F7,2016,201603091108,HC,1,/Volumes/Seagate Portable Drive/KYLE_AI_DATABASE/A_CAMERA/Focal_species/Gulo gulo/HFW12-F7/HC/2016/COLOR/Robust marks/03.09-11.08/IMG_3094.JPG,IMG_3094.JPG,HFW12-F7_2016_201603091108_IMG_3094.jpg,0.8935595750808716,941.7406616210938,307.1296691894531,391.34600830078125,744.1025390625,2048,1536,391,744
HFW12-F7,2016,201603091108,HC,1,/Volumes/Seagate Portable Drive/KYLE_AI_DATABASE/A_CAMERA/Focal_species/Gulo gulo/HFW12-F7/HC/2016/COLOR/Robust marks/03.09-11.08/IMG_3095.JPG,IMG_3095.JPG,HFW12-F7_2016_201603091108_IMG_3095.jpg,0.9201537370681763,922.7349853515625,325.2997741699219,406.095458984375,726.5902099609375,2048,1536,406,726
HFW12-F7,2016,201603091108,HC,1,/Volumes/Seagate Portable Drive/KYLE_AI_DATABASE/A_CAMERA/Focal_species/Gulo gulo/HFW12-F7/HC/2016/COLOR/Robust marks/03.09-11.08/IMG_3096.JPG,IMG_3096.JPG,HFW12-F7_2016_201603091108_IMG_3096.jpg,0.8767336010932922,963.8209838867188,311.73480224609375,353.65997314453125,680.1790161132812,2048,1536,353,680
HFW12-F7,2016,201603091108,HC,1,/Volumes/Seagate Portable Drive/KYLE_AI_DATABASE/A_CAMERA/Focal_species/Gulo gulo/HFW12-F7/HC/2016/COLOR/Robust marks/03.09-11.08/IMG_3097.JPG,IMG_3097.JPG,HFW12-F7_2016_201603091108_IMG_3097.jpg,0.84246426820755,1022.1430053710938,233.3437042236328,301.00494384765625,778.3909301757812,2048,1536,301,778
HFW12-F7,2016,201603091108,HC,1,/Volumes/Seagate Portable Drive/KYLE_AI_DATABASE/A_CAMERA/Focal_species/Gulo gulo/HFW12-F7/HC/2016/COLOR/Robust marks/03.09-11.08/IMG_3098.JPG,IMG_3098.JPG,HFW12-F7_2016_201603091108_IMG_3098.jpg,0.8990646600723267,1037.84521484375,209.98851013183594,296.2158203125,800.6509399414062,2048,1536,296,800
HFW12-F7,2016,201603091108,HC,1,/Volumes/Seagate Portable Drive/KYLE_AI_DATABASE/A_CAMERA/Focal_species/Gulo gulo/HFW12-F7/HC/2016/COLOR/Robust marks/03.09-11.08/IMG_3099.JPG,IMG_3099.JPG,HFW12-F7_2016_201603091108_IMG_3099.jpg,0.9043242931365967,1055.024169921875,152.3144073486328,284.938232421875,852.0817260742188,2048,1536,284,852
HFW12-F7,2016,201603091108,HC,1,/Volumes/Seagate Portable Drive/KYLE_AI_DATABASE/A_CAMERA/Focal_species/Gulo gulo/HFW12-F7/HC/2016/COLOR/Robust marks/03.09-11.08/IMG_3100.JPG,IMG_3100.JPG,HFW12-F7_2016_201603091108_IMG_3100.jpg,0.9231707453727722,1058.3994140625,119.45301818847656,287.2197265625,864.0696411132812,2048,1536,287,864
HFW12-F7,2016,201603091108,HC,1,/Volumes/Seagate Portable Drive/KYLE_AI_DATABASE/A_CAMERA/Focal_species/Gulo gulo/HFW12-F7/HC/2016/COLOR/Robust marks/03.09-11.08/IMG_3101.JPG,IMG_3101.JPG,HFW12-F7_2016_201603091108_IMG_3101.jpg,0.9515059590339661,923.989013671875,218.68301391601562,515.6474609375,755.810302734375,2048,1536,515,755
HFW12-F7,2016,201603091108,HC,1,/Volumes/Seagate Portable Drive/KYLE_AI_DATABASE/A_CAMERA/Focal_species/Gulo gulo/HFW12-F7/HC/2016/COLOR/Robust marks/03.09-11.08/IMG_3102.JPG,IMG_3102.JPG,HFW12-F7_2016_201603091108_IMG_3102.jpg,0.9467629790306091,857.7359619140625,255.56109619140625,437.774169921875,727.2774658203125,2048,1536,437,727
HFW12-F7,2016,201603091108,HC,1,/Volumes/Seagate Portable Drive/KYLE_AI_DATABASE/A_CAMERA/Focal_species/Gulo gulo/HFW12-F7/HC/2016/COLOR/Robust marks/03.09-11.08/IMG_3103.JPG,IMG_3103.JPG,HFW12-F7_2016_201603091108_IMG_3103.jpg,0.9183366894721985,982.86376953125,261.4416198730469,387.01708984375,709.77197265625,2048,1536,387,709
HFW12-F7,2016,201603091108,HC,1,/Volumes/Seagate Portable Drive/KYLE_AI_DATABASE/A_CAMERA/Focal_species/Gulo gulo/HFW12-F7/HC/2016/COLOR/Robust marks/03.09-11.08/IMG_3104.JPG,IMG_3104.JPG,HFW12-F7_2016_201603091108_IMG_3104.jpg,0.8579868674278259,1049.0870361328125,184.62094116210938,308.68408203125,794.4359130859375,2048,1536,308,794
HFW12-F7,2016,201603091108,HC,1,/Volumes/Seagate Portable Drive/KYLE_AI_DATABASE/A_CAMERA/Focal_species/Gulo gulo/HFW12-F7/HC/2016/COLOR/Robust marks/03.09-11.08/IMG_3105.JPG,IMG_3105.JPG,HFW12-F7_2016_201603091108_IMG_3105.jpg,0.8857033252716064,929.7177124023438,200.49142456054688,435.91680908203125,782.0316162109375,2048,1536,435,782
HFW12-F7,2016,201603091108,HC,1,/Volumes/Seagate Portable Drive/KYLE_AI_DATABASE/A_CAMERA/Focal_species/Gulo gulo/HFW12-F7/HC/2016/COLOR/Robust marks/03.09-11.08/IMG_3106.JPG,IMG_3106.JPG,HFW12-F7_2016_201603091108_IMG_3106.jpg,0.9109487533569336,960.8511962890625,176.45452880859375,366.554443359375,808.9700317382812,2048,1536,366,808
HFW12-F7,2016,201603091108,HC,1,/Volumes/Seagate Portable Drive/KYLE_AI_DATABASE/A_CAMERA/Focal_species/Gulo gulo/HFW12-F7/HC/2016/COLOR/Robust marks/03.09-11.08/IMG_3107.JPG,IMG_3107.JPG,HFW12-F7_2016_201603091108_IMG_3107.jpg,0.9312096834182739,961.9959106445312,198.4827117919922,382.28985595703125,789.5750732421875,2048,1536,382,789
HFW12-F7,2016,201603091108,HC,1,/Volumes/Seagate Portable Drive/KYLE_AI_DATABASE/A_CAMERA/Focal_species/Gulo gulo/HFW12-F7/HC/2016/COLOR/Robust marks/03.09-11.08/IMG_3108.JPG,IMG_3108.JPG,HFW12-F7_2016_201603091108_IMG_3108.jpg,0.8894405364990234,953.1790771484375,182.9937744140625,411.802001953125,819.59130859375,2048,1536,411,819
HFW12-F7,2016,201603091108,HC,1,/Volumes/Seagate Portable Drive/KYLE_AI_DATABASE/A_CAMERA/Focal_species/Gulo gulo/HFW12-F7/HC/2016/COLOR/Robust marks/03.09-11.08/IMG_3109.JPG,IMG_3109.JPG,HFW12-F7_2016_201603091108_IMG_3109.jpg,0.8403757214546204,953.867919921875,153.04225158691406,386.285888671875,832.2999267578125,2048,1536,386,832
HFW12-F7,2016,201603091108,HC,1,/Volumes/Seagate Portable Drive/KYLE_AI_DATABASE/A_CAMERA/Focal_species/Gulo gulo/HFW12-F7/HC/2016/COLOR/Robust marks/03.09-11.08/IMG_3111.JPG,IMG_3111.JPG,HFW12-F7_2016_201603091108_IMG_3111.jpg,0.8935180306434631,918.1527099609375,221.30772399902344,424.88916015625,768.7882080078125,2048,1536,424,768
HFW12-F7,2016,201603091108,HC,1,/Volumes/Seagate Portable Drive/KYLE_AI_DATABASE/A_CAMERA/Focal_species/Gulo gulo/HFW12-F7/HC/2016/COLOR/Robust marks/03.09-11.08/IMG_3112.JPG,IMG_3112.JPG,HFW12-F7_2016_201603091108_IMG_3112.jpg,0.9051933884620667,929.69189453125,201.2464599609375,434.308349609375,795.5286254882812,2048,1536,434,795
HFW12-F7,2016,201603091108,HC,1,/Volumes/Seagate Portable Drive/KYLE_AI_DATABASE/A_CAMERA/Focal_species/Gulo gulo/HFW12-F7/HC/2016/COLOR/Robust marks/03.09-11.08/IMG_3113.JPG,IMG_3113.JPG,HFW12-F7_2016_201603091108_IMG_3113.jpg,0.9206616878509521,921.8603515625,170.18453979492188,444.637451171875,824.7012939453125,2048,1536,444,824
HFW12-F7,2016,201603091108,HC,1,/Volumes/Seagate Portable Drive/KYLE_AI_DATABASE/A_CAMERA/Focal_species/Gulo gulo/HFW12-F7/HC/2016/COLOR/Robust marks/03.09-11.08/IMG_3114.JPG,IMG_3114.JPG,HFW12-F7_2016_201603091108_IMG_3114.jpg,0.903663694858551,934.3277587890625,161.97047424316406,444.491455078125,843.4537963867188,2048,1536,444,843
HFW12-F7,2016,201603091108,HC,1,/Volumes/Seagate Portable Drive/KYLE_AI_DATABASE/A_CAMERA/Focal_species/Gulo gulo/HFW12-F7/HC/2016/COLOR/Robust marks/03.09-11.08/IMG_3115.JPG,IMG_3115.JPG,HFW12-F7_2016_201603091108_IMG_3115.jpg,0.8917906284332275,934.4401245117188,154.13543701171875,434.39935302734375,839.940673828125,2048,1536,434,839
HFW12-F7,2016,201603091108,HC,1,/Volumes/Seagate Portable Drive/KYLE_AI_DATABASE/A_CAMERA/Focal_species/Gulo gulo/HFW12-F7/HC/2016/COLOR/Robust marks/03.09-11.08/IMG_3116.JPG,IMG_3116.JPG,HFW12-F7_2016_201603091108_IMG_3116.jpg,0.9145853519439697,920.7387084960938,212.90574645996094,444.71417236328125,773.8682861328125,2048,1536,444,773
HFW12-F7,2016,201603091108,HC,1,/Volumes/Seagate Portable Drive/KYLE_AI_DATABASE/A_CAMERA/Focal_species/Gulo gulo/HFW12-F7/HC/2016/COLOR/Robust marks/03.09-11.08/IMG_3118.JPG,IMG_3118.JPG,HFW12-F7_2016_201603091108_IMG_3118.jpg,0.9163987636566162,945.4282836914062,203.2086181640625,417.27471923828125,792.1378173828125,2048,1536,417,792
HFW12-F7,2016,201603091108,HC,1,/Volumes/Seagate Portable Drive/KYLE_AI_DATABASE/A_CAMERA/Focal_species/Gulo gulo/HFW12-F7/HC/2016/COLOR/Robust marks/03.09-11.08/IMG_3119.JPG,IMG_3119.JPG,HFW12-F7_2016_201603091108_IMG_3119.jpg,0.901542603969574,940.1559448242188,185.43878173828125,423.22686767578125,824.2433471679688,2048,1536,423,824
HFW12-F7,2016,201603091108,HC,1,/Volumes/Seagate Portable Drive/KYLE_AI_DATABASE/A_CAMERA/Focal_species/Gulo gulo/HFW12-F7/HC/2016/COLOR/Robust marks/03.09-11.08/IMG_3120.JPG,IMG_3120.JPG,HFW12-F7_2016_201603091108_IMG_3120.jpg,0.9043782353401184,940.657470703125,184.3820343017578,427.44970703125,813.9778442382812,2048,1536,427,813
HFW12-F7,2016,201603091108,HC,1,/Volumes/Seagate Portable Drive/KYLE_AI_DATABASE/A_CAMERA/Focal_species/Gulo gulo/HFW12-F7/HC/2016/COLOR/Robust marks/03.09-11.08/IMG_3121.JPG,IMG_3121.JPG,HFW12-F7_2016_201603091108_IMG_3121.jpg,0.9444040060043335,914.6318359375,318.01513671875,435.224365234375,675.2604370117188,2048,1536,435,675
HFW12-F7,2016,201603091108,HC,1,/Volumes/Seagate Portable Drive/KYLE_AI_DATABASE/A_CAMERA/Focal_species/Gulo gulo/HFW12-F7/HC/2016/COLOR/Robust marks/03.09-11.08/IMG_3122.JPG,IMG_3122.JPG,HFW12-F7_2016_201603091108_IMG_3122.jpg,0.9278457760810852,911.7276611328125,322.09259033203125,439.13037109375,669.4784545898438,2048,1536,439,669
HFW12-F7,2016,201603091108,HC,1,/Volumes/Seagate Portable Drive/KYLE_AI_DATABASE/A_CAMERA/Focal_species/Gulo gulo/HFW12-F7/HC/2016/COLOR/Robust marks/03.09-11.08/IMG_3123.JPG,IMG_3123.JPG,HFW12-F7_2016_201603091108_IMG_3123.jpg,0.9255864024162292,914.258056640625,320.0203552246094,438.787841796875,674.324951171875,2048,1536,438,674
HFW12-F7,2016,201603091108,HC,1,/Volumes/Seagate Portable Drive/KYLE_AI_DATABASE/A_CAMERA/Focal_species/Gulo gulo/HFW12-F7/HC/2016/COLOR/Robust marks/03.09-11.08/IMG_3124.JPG,IMG_3124.JPG,HFW12-F7_2016_201603091108_IMG_3124.jpg,0.9204131960868835,907.63134765625,321.2437744140625,443.853271484375,672.0953369140625,2048,1536,443,672
HFW12-F7,2016,201603091108,HC,1,/Volumes/Seagate Portable Drive/KYLE_AI_DATABASE/A_CAMERA/Focal_species/Gulo gulo/HFW12-F7/HC/2016/COLOR/Robust marks/03.09-11.08/IMG_3125.JPG,IMG_3125.JPG,HFW12-F7_2016_201603091108_IMG_3125.jpg,0.9256086349487305,909.1235961914062,320.6219177246094,442.89727783203125,673.2374267578125,2048,1536,442,673
HFW12-F7,2016,201603091108,HC,1,/Volumes/Seagate Portable Drive/KYLE_AI_DATABASE/A_CAMERA/Focal_species/Gulo gulo/HFW12-F7/HC/2016/COLOR/Robust marks/03.09-11.08/IMG_3126.JPG,IMG_3126.JPG,HFW12-F7_2016_201603091108_IMG_3126.jpg,0.9082279801368713,913.59814453125,313.744140625,413.8193359375,696.8510131835938,2048,1536,413,696
HFW12-F7,2016,201603091108,HC,1,/Volumes/Seagate Portable Drive/KYLE_AI_DATABASE/A_CAMERA/Focal_species/Gulo gulo/HFW12-F7/HC/2016/COLOR/Robust marks/03.09-11.08/IMG_3127.JPG,IMG_3127.JPG,HFW12-F7_2016_201603091108_IMG_3127.jpg,0.87596595287323,931.93798828125,284.6758117675781,396.9599609375,700.8067626953125,2048,1536,396,700
HFW12-F7,2016,201603091108,HC,1,/Volumes/Seagate Portable Drive/KYLE_AI_DATABASE/A_CAMERA/Focal_species/Gulo gulo/HFW12-F7/HC/2016/COLOR/Robust marks/03.09-11.08/IMG_3128.JPG,IMG_3128.JPG,HFW12-F7_2016_201603091108_IMG_3128.jpg,0.8745083212852478,942.72265625,193.865478515625,389.4072265625,784.9495239257812,2048,1536,389,784
HFW12-F7,2016,201603091108,HC,1,/Volumes/Seagate Portable Drive/KYLE_AI_DATABASE/A_CAMERA/Focal_species/Gulo gulo/HFW12-F7/HC/2016/COLOR/Robust marks/03.09-11.08/IMG_3129.JPG,IMG_3129.JPG,HFW12-F7_2016_201603091108_IMG_3129.jpg,0.8724048733711243,932.223876953125,282.5174560546875,400.303955078125,697.7569580078125,2048,1536,400,697
HFW12-F7,2016,201603091108,HC,1,/Volumes/Seagate Portable Drive/KYLE_AI_DATABASE/A_CAMERA/Focal_species/Gulo gulo/HFW12-F7/HC/2016/COLOR/Robust marks/03.09-11.08/IMG_3130.JPG,IMG_3130.JPG,HFW12-F7_2016_201603091108_IMG_3130.jpg,0.8774548768997192,926.2943725585938,303.0497131347656,403.57305908203125,685.197021484375,2048,1536,403,685
HFW12-F7,2016,201603091108,HC,1,/Volumes/Seagate Portable Drive/KYLE_AI_DATABASE/A_CAMERA/Focal_species/Gulo gulo/HFW12-F7/HC/2016/COLOR/Robust marks/03.09-11.08/IMG_3131.JPG,IMG_3131.JPG,HFW12-F7_2016_201603091108_IMG_3131.jpg,0.855990469455719,898.4342651367188,293.749755859375,440.39105224609375,747.3067626953125,2048,1536,440,747
HFW12-F7,2016,201603091108,HC,1,/Volumes/Seagate Portable Drive/KYLE_AI_DATABASE/A_CAMERA/Focal_species/Gulo gulo/HFW12-F7/HC/2016/COLOR/Robust marks/03.09-11.08/IMG_3132.JPG,IMG_3132.JPG,HFW12-F7_2016_201603091108_IMG_3132.jpg,0.8795965909957886,887.902587890625,292.68780517578125,458.3828125,750.8871459960938,2048,1536,458,750
HFW12-F7,2016,201603091108,HC,1,/Volumes/Seagate Portable Drive/KYLE_AI_DATABASE/A_CAMERA/Focal_species/Gulo gulo/HFW12-F7/HC/2016/COLOR/Robust marks/03.09-11.08/IMG_3133.JPG,IMG_3133.JPG,HFW12-F7_2016_201603091108_IMG_3133.jpg,0.8772661685943604,886.4981689453125,231.6029052734375,450.902587890625,754.97265625,2048,1536,450,754
HFW12-F7,2016,201603091108,HC,1,/Volumes/Seagate Portable Drive/KYLE_AI_DATABASE/A_CAMERA/Focal_species/Gulo gulo/HFW12-F7/HC/2016/COLOR/Robust marks/03.09-11.08/IMG_3134.JPG,IMG_3134.JPG,HFW12-F7_2016_201603091108_IMG_3134.jpg,0.8924151659011841,911.1697998046875,245.5074005126953,431.71142578125,739.4061279296875,2048,1536,431,739
HFW12-F7,2016,201603091108,HC,1,/Volumes/Seagate Portable Drive/KYLE_AI_DATABASE/A_CAMERA/Focal_species/Gulo gulo/HFW12-F7/HC/2016/COLOR/Robust marks/03.09-11.08/IMG_3135.JPG,IMG_3135.JPG,HFW12-F7_2016_201603091108_IMG_3135.jpg,0.9074409008026123,913.1259155273438,311.1328430175781,409.72491455078125,659.609375,2048,1536,409,659
HFW12-F7,2016,201603091108,HC,1,/Volumes/Seagate Portable Drive/KYLE_AI_DATABASE/A_CAMERA/Focal_species/Gulo gulo/HFW12-F7/HC/2016/COLOR/Robust marks/03.09-11.08/IMG_3136.JPG,IMG_3136.JPG,HFW12-F7_2016_201603091108_IMG_3136.jpg,0.8945886492729187,921.9808349609375,315.48638916015625,423.3701171875,719.2979125976562,2048,1536,423,719
HFW12-F7,2016,201603091108,HC,1,/Volumes/Seagate Portable Drive/KYLE_AI_DATABASE/A_CAMERA/Focal_species/Gulo gulo/HFW12-F7/HC/2016/COLOR/Robust marks/03.09-11.08/IMG_3137.JPG,IMG_3137.JPG,HFW12-F7_2016_201603091108_IMG_3137.jpg,0.8982925415039062,926.7349243164062,317.083740234375,406.77691650390625,682.5992431640625,2048,1536,406,682
HFW12-F7,2016,201603091108,HC,1,/Volumes/Seagate Portable Drive/KYLE_AI_DATABASE/A_CAMERA/Focal_species/Gulo gulo/HFW12-F7/HC/2016/COLOR/Robust marks/03.09-11.08/IMG_3138.JPG,IMG_3138.JPG,HFW12-F7_2016_201603091108_IMG_3138.jpg,0.8863131999969482,963.8323364257812,253.06927490234375,382.19586181640625,749.254638671875,2048,1536,382,749
HFW12-F7,2016,201603091108,HC,1,/Volumes/Seagate Portable Drive/KYLE_AI_DATABASE/A_CAMERA/Focal_species/Gulo gulo/HFW12-F7/HC/2016/COLOR/Robust marks/03.09-11.08/IMG_3139.JPG,IMG_3139.JPG,HFW12-F7_2016_201603091108_IMG_3139.jpg,0.8780592083930969,982.4150390625,181.20364379882812,358.242919921875,811.1453857421875,2048,1536,358,811
HFW12-F7,2016,201603091108,HC,1,/Volumes/Seagate Portable Drive/KYLE_AI_DATABASE/A_CAMERA/Focal_species/Gulo gulo/HFW12-F7/HC/2016/COLOR/Robust marks/03.09-11.08/IMG_3140.JPG,IMG_3140.JPG,HFW12-F7_2016_201603091108_IMG_3140.jpg,0.8788542747497559,1101.2530517578125,173.1239776611328,255.445068359375,815.7852783203125,2048,1536,255,815
HFW12-F7,2016,201603091108,HC,1,/Volumes/Seagate Portable Drive/KYLE_AI_DATABASE/A_CAMERA/Focal_species/Gulo gulo/HFW12-F7/HC/2016/COLOR/Robust marks/03.09-11.08/IMG_3142.JPG,IMG_3142.JPG,HFW12-F7_2016_201603091108_IMG_3142.jpg,0.8915442228317261,932.0430297851562,303.7200012207031,398.19610595703125,672.8779296875,2048,1536,398,672
HFW12-F7,2016,201603091108,HC,1,/Volumes/Seagate Portable Drive/KYLE_AI_DATABASE/A_CAMERA/Focal_species/Gulo gulo/HFW12-F7/HC/2016/COLOR/Robust marks/03.09-11.08/IMG_3143.JPG,IMG_3143.JPG,HFW12-F7_2016_201603091108_IMG_3143.jpg,0.8921621441841125,914.9295654296875,282.2989196777344,434.4052734375,717.752685546875,2048,1536,434,717
HFW12-F7,2016,201603091108,HC,1,/Volumes/Seagate Portable Drive/KYLE_AI_DATABASE/A_CAMERA/Focal_species/Gulo gulo/HFW12-F7/HC/2016/COLOR/Robust marks/03.09-11.08/IMG_3144.JPG,IMG_3144.JPG,HFW12-F7_2016_201603091108_IMG_3144.jpg,0.9084459543228149,927.4221801757812,195.9469757080078,417.54730224609375,816.9240112304688,2048,1536,417,816
HFW12-F7,2016,201603091108,HC,1,/Volumes/Seagate Portable Drive/KYLE_AI_DATABASE/A_CAMERA/Focal_species/Gulo gulo/HFW12-F7/HC/2016/COLOR/Robust marks/03.09-11.08/IMG_3145.JPG,IMG_3145.JPG,HFW12-F7_2016_201603091108_IMG_3145.jpg,0.9014310240745544,934.815673828125,205.1752166748047,408.010986328125,793.0908813476562,2048,1536,408,793
HFW12-F7,2016,201603091108,HC,1,/Volumes/Seagate Portable Drive/KYLE_AI_DATABASE/A_CAMERA/Focal_species/Gulo gulo/HFW12-F7/HC/2016/COLOR/Robust marks/03.09-11.08/IMG_3146.JPG,IMG_3146.JPG,HFW12-F7_2016_201603091108_IMG_3146.jpg,0.9233927130699158,941.53125,225.0055389404297,402.647705078125,770.87158203125,2048,1536,402,770
HFW12-F7,2016,201603091108,HC,1,/Volumes/Seagate Portable Drive/KYLE_AI_DATABASE/A_CAMERA/Focal_species/Gulo gulo/HFW12-F7/HC/2016/COLOR/Robust marks/03.09-11.08/IMG_3147.JPG,IMG_3147.JPG,HFW12-F7_2016_201603091108_IMG_3147.jpg,0.9238651990890503,948.6130981445312,207.68701171875,396.61749267578125,786.2054443359375,2048,1536,396,786
HFW12-F7,2016,201603091108,HC,1,/Volumes/Seagate Portable Drive/KYLE_AI_DATABASE/A_CAMERA/Focal_species/Gulo gulo/HFW12-F7/HC/2016/COLOR/Robust marks/03.09-11.08/IMG_3148.JPG,IMG_3148.JPG,HFW12-F7_2016_201603091108_IMG_3148.jpg,0.8947514295578003,932.3958740234375,201.7317352294922,411.138671875,796.1549682617188,2048,1536,411,796
HFW12-F7,2016,201603091108,HC,1,/Volumes/Seagate Portable Drive/KYLE_AI_DATABASE/A_CAMERA/Focal_species/Gulo gulo/HFW12-F7/HC/2016/COLOR/Robust marks/03.09-11.08/IMG_3149.JPG,IMG_3149.JPG,HFW12-F7_2016_201603091108_IMG_3149.jpg,0.884320080280304,950.5274658203125,284.98846435546875,399.12646484375,719.2153930664062,2048,1536,399,719
HFW12-F7,2016,201603091108,HC,1,/Volumes/Seagate Portable Drive/KYLE_AI_DATABASE/A_CAMERA/Focal_species/Gulo gulo/HFW12-F7/HC/2016/COLOR/Robust marks/03.09-11.08/IMG_3150.JPG,IMG_3150.JPG,HFW12-F7_2016_201603091108_IMG_3150.jpg,0.9085754156112671,924.6885986328125,227.4986114501953,422.509033203125,818.4965209960938,2048,1536,422,818
HFW12-F7,2016,201603091108,HC,1,/Volumes/Seagate Portable Drive/KYLE_AI_DATABASE/A_CAMERA/Focal_species/Gulo gulo/HFW12-F7/HC/2016/COLOR/Robust marks/03.09-11.08/IMG_3151.JPG,IMG_3151.JPG,HFW12-F7_2016_201603091108_IMG_3151.jpg,0.8975900411605835,954.249755859375,222.04371643066406,396.8984375,774.6683959960938,2048,1536,396,774
HFW12-F7,2016,201603091108,HC,1,/Volumes/Seagate Portable Drive/KYLE_AI_DATABASE/A_CAMERA/Focal_species/Gulo gulo/HFW12-F7/HC/2016/COLOR/Robust marks/03.09-11.08/IMG_3152.JPG,IMG_3152.JPG,HFW12-F7_2016_201603091108_IMG_3152.jpg,0.9089980721473694,946.7594604492188,194.23681640625,405.09735107421875,844.26416015625,2048,1536,405,844
HFW12-F7,2016,201603091108,HC,1,/Volumes/Seagate Portable Drive/KYLE_AI_DATABASE/A_CAMERA/Focal_species/Gulo gulo/HFW12-F7/HC/2016/COLOR/Robust marks/03.09-11.08/IMG_3153.JPG,IMG_3153.JPG,HFW12-F7_2016_201603091108_IMG_3153.jpg,0.9049031734466553,942.9036865234375,205.68214416503906,409.474365234375,819.719970703125,2048,1536,409,819
HFW12-F7,2016,201603091108,HC,1,/Volumes/Seagate Portable Drive/KYLE_AI_DATABASE/A_CAMERA/Focal_species/Gulo gulo/HFW12-F7/HC/2016/COLOR/Robust marks/03.09-11.08/IMG_3154.JPG,IMG_3154.JPG,HFW12-F7_2016_201603091108_IMG_3154.jpg,0.8739801049232483,942.16357421875,284.7904052734375,402.939453125,718.6905517578125,2048,1536,402,718
HFW12-F7,2016,201603091108,HC,1,/Volumes/Seagate Portable Drive/KYLE_AI_DATABASE/A_CAMERA/Focal_species/Gulo gulo/HFW12-F7/HC/2016/COLOR/Robust marks/03.09-11.08/IMG_3155.JPG,IMG_3155.JPG,HFW12-F7_2016_201603091108_IMG_3155.jpg,0.865344762802124,953.0119018554688,288.787353515625,400.70953369140625,726.8067626953125,2048,1536,400,726
HFW12-F7,2016,201603091108,HC,1,/Volumes/Seagate Portable Drive/KYLE_AI_DATABASE/A_CAMERA/Focal_species/Gulo gulo/HFW12-F7/HC/2016/COLOR/Robust marks/03.09-11.08/IMG_3156.JPG,IMG_3156.JPG,HFW12-F7_2016_201603091108_IMG_3156.jpg,0.9261184930801392,949.1966552734375,291.3840637207031,401.351318359375,753.217529296875,2048,1536,401,753
HFW12-F7,2016,201603091108,HC,1,/Volumes/Seagate Portable Drive/KYLE_AI_DATABASE/A_CAMERA/Focal_species/Gulo gulo/HFW12-F7/HC/2016/COLOR/Robust marks/03.09-11.08/IMG_3157.JPG,IMG_3157.JPG,HFW12-F7_2016_201603091108_IMG_3157.jpg,0.9360020756721497,923.782958984375,224.6077423095703,424.325927734375,779.1656494140625,2048,1536,424,779
HFW12-F7,2016,201603091108,HC,1,/Volumes/Seagate Portable Drive/KYLE_AI_DATABASE/A_CAMERA/Focal_species/Gulo gulo/HFW12-F7/HC/2016/COLOR/Robust marks/03.09-11.08/IMG_3158.JPG,IMG_3158.JPG,HFW12-F7_2016_201603091108_IMG_3158.jpg,0.95346999168396,911.3851318359375,220.52581787109375,436.84521484375,822.2962036132812,2048,1536,436,822
HFW12-F7,2016,201603091108,HC,1,/Volumes/Seagate Portable Drive/KYLE_AI_DATABASE/A_CAMERA/Focal_species/Gulo gulo/HFW12-F7/HC/2016/COLOR/Robust marks/03.09-11.08/IMG_3159.JPG,IMG_3159.JPG,HFW12-F7_2016_201603091108_IMG_3159.jpg,0.9513804912567139,895.6874389648438,218.08392333984375,450.50555419921875,825.0630493164062,2048,1536,450,825
HFW12-F7,2016,201603091108,HC,1,/Volumes/Seagate Portable Drive/KYLE_AI_DATABASE/A_CAMERA/Focal_species/Gulo gulo/HFW12-F7/HC/2016/COLOR/Robust marks/03.09-11.08/IMG_3160.JPG,IMG_3160.JPG,HFW12-F7_2016_201603091108_IMG_3160.jpg,0.9190633296966553,910.7855834960938,219.23126220703125,437.82244873046875,826.4379272460938,2048,1536,437,826
HFW12-F7,2016,201603091108,HC,1,/Volumes/Seagate Portable Drive/KYLE_AI_DATABASE/A_CAMERA/Focal_species/Gulo gulo/HFW12-F7/HC/2016/COLOR/Robust marks/03.09-11.08/IMG_3161.JPG,IMG_3161.JPG,HFW12-F7_2016_201603091108_IMG_3161.jpg,0.9467211365699768,880.1163940429688,217.9361572265625,437.06622314453125,820.4056396484375,2048,1536,437,820
HFW12-F7,2016,201603091108,HC,1,/Volumes/Seagate Portable Drive/KYLE_AI_DATABASE/A_CAMERA/Focal_species/Gulo gulo/HFW12-F7/HC/2016/COLOR/Robust marks/03.09-11.08/IMG_3162.JPG,IMG_3162.JPG,HFW12-F7_2016_201603091108_IMG_3162.jpg,0.94373619556427,903.6543579101562,235.1458740234375,400.43963623046875,827.4879150390625,2048,1536,400,827
HFW12-F7,2016,201603091108,HC,1,/Volumes/Seagate Portable Drive/KYLE_AI_DATABASE/A_CAMERA/Focal_species/Gulo gulo/HFW12-F7/HC/2016/COLOR/Robust marks/03.09-11.08/IMG_3163.JPG,IMG_3163.JPG,HFW12-F7_2016_201603091108_IMG_3163.jpg,0.9075112342834473,910.9739379882812,278.587646484375,403.76849365234375,763.7701416015625,2048,1536,403,763
HFW12-F7,2016,201603091108,HC,1,/Volumes/Seagate Portable Drive/KYLE_AI_DATABASE/A_CAMERA/Focal_species/Gulo gulo/HFW12-F7/HC/2016/COLOR/Robust marks/03.09-11.08/IMG_3164.JPG,IMG_3164.JPG,HFW12-F7_2016_201603091108_IMG_3164.jpg,0.9343365430831909,926.8933715820312,324.70989990234375,379.67449951171875,712.8259887695312,2048,1536,379,712
HFW12-F7,2016,201603091108,HC,1,/Volumes/Seagate Portable Drive/KYLE_AI_DATABASE/A_CAMERA/Focal_species/Gulo gulo/HFW12-F7/HC/2016/COLOR/Robust marks/03.09-11.08/IMG_3165.JPG,IMG_3165.JPG,HFW12-F7_2016_201603091108_IMG_3165.jpg,0.933253824710846,912.5433349609375,296.99859619140625,388.236328125,734.6928100585938,2048,1536,388,734
HFW12-F7,2016,201603091108,HC,1,/Volumes/Seagate Portable Drive/KYLE_AI_DATABASE/A_CAMERA/Focal_species/Gulo gulo/HFW12-F7/HC/2016/COLOR/Robust marks/03.09-11.08/IMG_3166.JPG,IMG_3166.JPG,HFW12-F7_2016_201603091108_IMG_3166.jpg,0.9310674667358398,918.458984375,238.878662109375,394.876953125,800.2392578125,2048,1536,394,800
HFW12-F7,2016,201603091108,HC,1,/Volumes/Seagate Portable Drive/KYLE_AI_DATABASE/A_CAMERA/Focal_species/Gulo gulo/HFW12-F7/HC/2016/COLOR/Robust marks/03.09-11.08/IMG_3167.JPG,IMG_3167.JPG,HFW12-F7_2016_201603091108_IMG_3167.jpg,0.9189400672912598,930.5841064453125,296.2828369140625,385.612548828125,739.9940185546875,2048,1536,385,739
HFW12-F7,2016,201603091108,HC,1,/Volumes/Seagate Portable Drive/KYLE_AI_DATABASE/A_CAMERA/Focal_species/Gulo gulo/HFW12-F7/HC/2016/COLOR/Robust marks/03.09-11.08/IMG_3168.JPG,IMG_3168.JPG,HFW12-F7_2016_201603091108_IMG_3168.jpg,0.9567475914955139,925.1085205078125,223.91299438476562,421.42431640625,861.6705322265625,2048,1536,421,861
HFW12-F7,2016,201603091108,HC,1,/Volumes/Seagate Portable Drive/KYLE_AI_DATABASE/A_CAMERA/Focal_species/Gulo gulo/HFW12-F7/HC/2016/COLOR/Robust marks/03.09-11.08/IMG_3169.JPG,IMG_3169.JPG,HFW12-F7_2016_201603091108_IMG_3169.jpg,0.9239113926887512,930.7627563476562,301.9571533203125,400.58319091796875,793.388916015625,2048,1536,400,793
HFW12-F7,2016,201603091108,HC,1,/Volumes/Seagate Portable Drive/KYLE_AI_DATABASE/A_CAMERA/Focal_species/Gulo gulo/HFW12-F7/HC/2016/COLOR/Robust marks/03.09-11.08/IMG_3170.JPG,IMG_3170.JPG,HFW12-F7_2016_201603091108_IMG_3170.jpg,0.9238544702529907,929.580810546875,279.91943359375,416.843994140625,763.88427734375,2048,1536,416,763
HFW12-F7,2016,201603091108,HC,1,/Volumes/Seagate Portable Drive/KYLE_AI_DATABASE/A_CAMERA/Focal_species/Gulo gulo/HFW12-F7/HC/2016/COLOR/Robust marks/03.09-11.08/IMG_3171.JPG,IMG_3171.JPG,HFW12-F7_2016_201603091108_IMG_3171.jpg,0.9360471367835999,913.1724853515625,275.7742614746094,432.6318359375,755.7513427734375,2048,1536,432,755
HFW12-F7,2016,201603091108,HC,1,/Volumes/Seagate Portable Drive/KYLE_AI_DATABASE/A_CAMERA/Focal_species/Gulo gulo/HFW12-F7/HC/2016/COLOR/Robust marks/03.09-11.08/IMG_3172.JPG,IMG_3172.JPG,HFW12-F7_2016_201603091108_IMG_3172.jpg,0.9399001598358154,917.7189331054688,277.0364685058594,421.50262451171875,756.783447265625,2048,1536,421,756
HFW12-F7,2016,201603091108,HC,1,/Volumes/Seagate Portable Drive/KYLE_AI_DATABASE/A_CAMERA/Focal_species/Gulo gulo/HFW12-F7/HC/2016/COLOR/Robust marks/03.09-11.08/IMG_3173.JPG,IMG_3173.JPG,HFW12-F7_2016_201603091108_IMG_3173.jpg,0.9576353430747986,915.0130615234375,270.04583740234375,433.0791015625,835.2122192382812,2048,1536,433,835
HFW12-F7,2016,201603091108,HC,1,/Volumes/Seagate Portable Drive/KYLE_AI_DATABASE/A_CAMERA/Focal_species/Gulo gulo/HFW12-F7/HC/2016/COLOR/Robust marks/03.09-11.08/IMG_3174.JPG,IMG_3174.JPG,HFW12-F7_2016_201603091108_IMG_3174.jpg,0.9556319713592529,916.2608032226562,264.01458740234375,433.40533447265625,835.8534545898438,2048,1536,433,835
HFW12-F7,2016,201603091108,HC,1,/Volumes/Seagate Portable Drive/KYLE_AI_DATABASE/A_CAMERA/Focal_species/Gulo gulo/HFW12-F7/HC/2016/COLOR/Robust marks/03.09-11.08/IMG_3175.JPG,IMG_3175.JPG,HFW12-F7_2016_201603091108_IMG_3175.jpg,0.9151206612586975,919.0377197265625,267.54315185546875,422.332763671875,749.1320190429688,2048,1536,422,749
HFW12-F7,2016,201603091108,HC,1,/Volumes/Seagate Portable Drive/KYLE_AI_DATABASE/A_CAMERA/Focal_species/Gulo gulo/HFW12-F7/HC/2016/COLOR/Robust marks/03.09-11.08/IMG_3176.JPG,IMG_3176.JPG,HFW12-F7_2016_201603091108_IMG_3176.jpg,0.9343695044517517,915.9735717773438,277.7894287109375,429.82379150390625,752.894775390625,2048,1536,429,752
HFW12-F7,2016,201603091108,HC,1,/Volumes/Seagate Portable Drive/KYLE_AI_DATABASE/A_CAMERA/Focal_species/Gulo gulo/HFW12-F7/HC/2016/COLOR/Robust marks/03.09-11.08/IMG_3177.JPG,IMG_3177.JPG,HFW12-F7_2016_201603091108_IMG_3177.jpg,0.9582890272140503,915.4937744140625,274.4496765136719,421.673095703125,766.2779541015625,2048,1536,421,766
HFW12-F7,2016,201603091108,HC,1,/Volumes/Seagate Portable Drive/KYLE_AI_DATABASE/A_CAMERA/Focal_species/Gulo gulo/HFW12-F7/HC/2016/COLOR/Robust marks/03.09-11.08/IMG_3178.JPG,IMG_3178.JPG,HFW12-F7_2016_201603091108_IMG_3178.jpg,0.957840621471405,909.2525634765625,273.66961669921875,433.293701171875,772.4762573242188,2048,1536,433,772
HFW12-F7,2016,201603091108,HC,1,/Volumes/Seagate Portable Drive/KYLE_AI_DATABASE/A_CAMERA/Focal_species/Gulo gulo/HFW12-F7/HC/2016/COLOR/Robust marks/03.09-11.08/IMG_3179.JPG,IMG_3179.JPG,HFW12-F7_2016_201603091108_IMG_3179.jpg,0.9488729238510132,905.5552978515625,273.28228759765625,438.100341796875,790.8501586914062,2048,1536,438,790
HFW12-F7,2016,201603091108,HC,1,/Volumes/Seagate Portable Drive/KYLE_AI_DATABASE/A_CAMERA/Focal_species/Gulo gulo/HFW12-F7/HC/2016/COLOR/Robust marks/03.09-11.08/IMG_3180.JPG,IMG_3180.JPG,HFW12-F7_2016_201603091108_IMG_3180.jpg,0.9422600865364075,917.2911987304688,256.30743408203125,425.88226318359375,787.3486938476562,2048,1536,425,787
HFW12-F7,2016,201603091108,HC,1,/Volumes/Seagate Portable Drive/KYLE_AI_DATABASE/A_CAMERA/Focal_species/Gulo gulo/HFW12-F7/HC/2016/COLOR/Robust marks/03.09-11.08/IMG_3181.JPG,IMG_3181.JPG,HFW12-F7_2016_201603091108_IMG_3181.jpg,0.9023409485816956,892.874755859375,270.04119873046875,458.692138671875,776.8267211914062,2048,1536,458,776
HFW12-F7,2016,201603091108,HC,1,/Volumes/Seagate Portable Drive/KYLE_AI_DATABASE/A_CAMERA/Focal_species/Gulo gulo/HFW12-F7/HC/2016/COLOR/Robust marks/03.09-11.08/IMG_3182.JPG,IMG_3182.JPG,HFW12-F7_2016_201603091108_IMG_3182.jpg,0.9306082725524902,856.7094116210938,250.83908081054688,507.33673095703125,748.240234375,2048,1536,507,748
HFW12-F7,2016,201603091108,HC,1,/Volumes/Seagate Portable Drive/KYLE_AI_DATABASE/A_CAMERA/Focal_species/Gulo gulo/HFW12-F7/HC/2016/COLOR/Robust marks/03.09-11.08/IMG_3183.JPG,IMG_3183.JPG,HFW12-F7_2016_201603091108_IMG_3183.jpg,0.9552570581436157,888.5571899414062,234.6700439453125,447.16229248046875,750.319580078125,2048,1536,447,750
HFW12-F7,2016,201603091108,HC,1,/Volumes/Seagate Portable Drive/KYLE_AI_DATABASE/A_CAMERA/Focal_species/Gulo gulo/HFW12-F7/HC/2016/COLOR/Robust marks/03.09-11.08/IMG_3184.JPG,IMG_3184.JPG,HFW12-F7_2016_201603091108_IMG_3184.jpg,0.9395299553871155,910.9967651367188,246.0271453857422,436.72906494140625,791.4978637695312,2048,1536,436,791
HFW12-F7,2016,201603091108,HC,1,/Volumes/Seagate Portable Drive/KYLE_AI_DATABASE/A_CAMERA/Focal_species/Gulo gulo/HFW12-F7/HC/2016/COLOR/Robust marks/03.09-11.08/IMG_3185.JPG,IMG_3185.JPG,HFW12-F7_2016_201603091108_IMG_3185.jpg,0.9335260391235352,919.01904296875,270.7057189941406,403.5341796875,767.6549072265625,2048,1536,403,767
HFW12-F7,2016,201603091108,HC,1,/Volumes/Seagate Portable Drive/KYLE_AI_DATABASE/A_CAMERA/Focal_species/Gulo gulo/HFW12-F7/HC/2016/COLOR/Robust marks/03.09-11.08/IMG_3186.JPG,IMG_3186.JPG,HFW12-F7_2016_201603091108_IMG_3186.jpg,0.9263719320297241,922.2926025390625,262.4097900390625,406.747314453125,805.95751953125,2048,1536,406,805
HFW12-F7,2016,201603091108,HC,1,/Volumes/Seagate Portable Drive/KYLE_AI_DATABASE/A_CAMERA/Focal_species/Gulo gulo/HFW12-F7/HC/2016/COLOR/Robust marks/03.09-11.08/IMG_3187.JPG,IMG_3187.JPG,HFW12-F7_2016_201603091108_IMG_3187.jpg,0.9301357865333557,931.4337768554688,268.54071044921875,406.37310791015625,789.7742309570312,2048,1536,406,789
HFW12-F7,2016,201603091108,HC,1,/Volumes/Seagate Portable Drive/KYLE_AI_DATABASE/A_CAMERA/Focal_species/Gulo gulo/HFW12-F7/HC/2016/COLOR/Robust marks/03.09-11.08/IMG_3188.JPG,IMG_3188.JPG,HFW12-F7_2016_201603091108_IMG_3188.jpg,0.9628402590751648,903.5137329101562,239.26034545898438,427.00494384765625,806.8538818359375,2048,1536,427,806
HFW12-F7,2016,201603091108,HC,1,/Volumes/Seagate Portable Drive/KYLE_AI_DATABASE/A_CAMERA/Focal_species/Gulo gulo/HFW12-F7/HC/2016/COLOR/Robust marks/03.09-11.08/IMG_3189.JPG,IMG_3189.JPG,HFW12-F7_2016_201603091108_IMG_3189.jpg,0.9581064581871033,908.2313232421875,269.6932067871094,419.792724609375,808.0328369140625,2048,1536,419,808
HFW12-F7,2016,201603091108,HC,1,/Volumes/Seagate Portable Drive/KYLE_AI_DATABASE/A_CAMERA/Focal_species/Gulo gulo/HFW12-F7/HC/2016/COLOR/Robust marks/03.09-11.08/IMG_3190.JPG,IMG_3190.JPG,HFW12-F7_2016_201603091108_IMG_3190.jpg,0.9579076170921326,917.6442260742188,316.15582275390625,411.47637939453125,786.2269897460938,2048,1536,411,786
HFW12-F7,2016,201603091108,HC,1,/Volumes/Seagate Portable Drive/KYLE_AI_DATABASE/A_CAMERA/Focal_species/Gulo gulo/HFW12-F7/HC/2016/COLOR/Robust marks/03.09-11.08/IMG_3191.JPG,IMG_3191.JPG,HFW12-F7_2016_201603091108_IMG_3191.jpg,0.9284839034080505,890.5684814453125,250.52481079101562,455.43359375,799.6064453125,2048,1536,455,799
HFW12-F7,2016,201603091108,HC,1,/Volumes/Seagate Portable Drive/KYLE_AI_DATABASE/A_CAMERA/Focal_species/Gulo gulo/HFW12-F7/HC/2016/COLOR/Robust marks/03.09-11.08/IMG_3192.JPG,IMG_3192.JPG,HFW12-F7_2016_201603091108_IMG_3192.jpg,0.9490156173706055,890.4322509765625,225.2281494140625,450.331787109375,773.9921875,2048,1536,450,773
HFW12-F7,2016,201603091108,HC,1,/Volumes/Seagate Portable Drive/KYLE_AI_DATABASE/A_CAMERA/Focal_species/Gulo gulo/HFW12-F7/HC/2016/COLOR/Robust marks/03.09-11.08/IMG_3193.JPG,IMG_3193.JPG,HFW12-F7_2016_201603091108_IMG_3193.jpg,0.9500823616981506,886.8211059570312,215.64939880371094,456.47393798828125,782.0093383789062,2048,1536,456,782
HFW12-F7,2016,201603091108,HC,1,/Volumes/Seagate Portable Drive/KYLE_AI_DATABASE/A_CAMERA/Focal_species/Gulo gulo/HFW12-F7/HC/2016/COLOR/Robust marks/03.09-11.08/IMG_3194.JPG,IMG_3194.JPG,HFW12-F7_2016_201603091108_IMG_3194.jpg,0.9360893964767456,870.0039672851562,224.40252685546875,481.43048095703125,774.4061889648438,2048,1536,481,774
HFW12-F7,2016,201603091108,HC,1,/Volumes/Seagate Portable Drive/KYLE_AI_DATABASE/A_CAMERA/Focal_species/Gulo gulo/HFW12-F7/HC/2016/COLOR/Robust marks/03.09-11.08/IMG_3195.JPG,IMG_3195.JPG,HFW12-F7_2016_201603091108_IMG_3195.jpg,0.9425376653671265,903.0885009765625,279.9252624511719,443.769287109375,761.66455078125,2048,1536,443,761
HFW12-F7,2016,201603091108,HC,1,/Volumes/Seagate Portable Drive/KYLE_AI_DATABASE/A_CAMERA/Focal_species/Gulo gulo/HFW12-F7/HC/2016/COLOR/Robust marks/03.09-11.08/IMG_3196.JPG,IMG_3196.JPG,HFW12-F7_2016_201603091108_IMG_3196.jpg,0.9319995045661926,865.56005859375,228.81967163085938,474.47314453125,793.416259765625,2048,1536,474,793
HFW12-F7,2016,201603091108,HC,1,/Volumes/Seagate Portable Drive/KYLE_AI_DATABASE/A_CAMERA/Focal_species/Gulo gulo/HFW12-F7/HC/2016/COLOR/Robust marks/03.09-11.08/IMG_3197.JPG,IMG_3197.JPG,HFW12-F7_2016_201603091108_IMG_3197.jpg,0.9692991971969604,850.3944091796875,216.47589111328125,480.25244140625,769.6160278320312,2048,1536,480,769
HFW12-F7,2016,201603091108,HC,1,/Volumes/Seagate Portable Drive/KYLE_AI_DATABASE/A_CAMERA/Focal_species/Gulo gulo/HFW12-F7/HC/2016/COLOR/Robust marks/03.09-11.08/IMG_3198.JPG,IMG_3198.JPG,HFW12-F7_2016_201603091108_IMG_3198.jpg,0.9289571046829224,902.4012451171875,293.4893798828125,446.99267578125,753.2052001953125,2048,1536,446,753
HFW12-F7,2016,201603091108,HC,1,/Volumes/Seagate Portable Drive/KYLE_AI_DATABASE/A_CAMERA/Focal_species/Gulo gulo/HFW12-F7/HC/2016/COLOR/Robust marks/03.09-11.08/IMG_3199.JPG,IMG_3199.JPG,HFW12-F7_2016_201603091108_IMG_3199.jpg,0.9336287975311279,867.6624755859375,275.4564208984375,475.020263671875,715.4721069335938,2048,1536,475,715
HFW12-F7,2016,201603091108,HC,1,/Volumes/Seagate Portable Drive/KYLE_AI_DATABASE/A_CAMERA/Focal_species/Gulo gulo/HFW12-F7/HC/2016/COLOR/Robust marks/03.09-11.08/IMG_3200.JPG,IMG_3200.JPG,HFW12-F7_2016_201603091108_IMG_3200.jpg,0.9394093751907349,894.863037109375,322.568603515625,449.18408203125,666.7879638671875,2048,1536,449,666
HFW12-F7,2016,201603091108,HC,1,/Volumes/Seagate Portable Drive/KYLE_AI_DATABASE/A_CAMERA/Focal_species/Gulo gulo/HFW12-F7/HC/2016/COLOR/Robust marks/03.09-11.08/IMG_3201.JPG,IMG_3201.JPG,HFW12-F7_2016_201603091108_IMG_3201.jpg,0.9348793625831604,921.6342163085938,261.9330139160156,428.89141845703125,792.6331787109375,2048,1536,428,792
HFW12-F7,2016,201603091108,HC,1,/Volumes/Seagate Portable Drive/KYLE_AI_DATABASE/A_CAMERA/Focal_species/Gulo gulo/HFW12-F7/HC/2016/COLOR/Robust marks/03.09-11.08/IMG_3202.JPG,IMG_3202.JPG,HFW12-F7_2016_201603091108_IMG_3202.jpg,0.9445503950119019,922.5015258789062,272.208251953125,415.46136474609375,768.654296875,2048,1536,415,768
HFW12-F7,2016,201603091108,HC,1,/Volumes/Seagate Portable Drive/KYLE_AI_DATABASE/A_CAMERA/Focal_species/Gulo gulo/HFW12-F7/HC/2016/COLOR/Robust marks/03.09-11.08/IMG_3203.JPG,IMG_3203.JPG,HFW12-F7_2016_201603091108_IMG_3203.jpg,0.9240151643753052,921.2994384765625,278.15118408203125,412.86767578125,762.7443237304688,2048,1536,412,762
HFW12-F7,2016,201603091108,HC,1,/Volumes/Seagate Portable Drive/KYLE_AI_DATABASE/A_CAMERA/Focal_species/Gulo gulo/HFW12-F7/HC/2016/COLOR/Robust marks/03.09-11.08/IMG_3204.JPG,IMG_3204.JPG,HFW12-F7_2016_201603091108_IMG_3204.jpg,0.9351367950439453,919.0220336914062,276.917724609375,416.07855224609375,766.6474609375,2048,1536,416,766
HFW12-F7,2016,201603091108,HC,1,/Volumes/Seagate Portable Drive/KYLE_AI_DATABASE/A_CAMERA/Focal_species/Gulo gulo/HFW12-F7/HC/2016/COLOR/Robust marks/03.09-11.08/IMG_3205.JPG,IMG_3205.JPG,HFW12-F7_2016_201603091108_IMG_3205.jpg,0.9431015253067017,903.1253662109375,277.4039611816406,433.30078125,766.0047607421875,2048,1536,433,766
HFW12-F7,2016,201603091108,HC,1,/Volumes/Seagate Portable Drive/KYLE_AI_DATABASE/A_CAMERA/Focal_species/Gulo gulo/HFW12-F7/HC/2016/COLOR/Robust marks/03.09-11.08/IMG_3206.JPG,IMG_3206.JPG,HFW12-F7_2016_201603091108_IMG_3206.jpg,0.9514802694320679,898.1539916992188,275.9688415527344,442.43682861328125,766.60888671875,2048,1536,442,766
HFW12-F7,2016,201603091108,HC,1,/Volumes/Seagate Portable Drive/KYLE_AI_DATABASE/A_CAMERA/Focal_species/Gulo gulo/HFW12-F7/HC/2016/COLOR/Robust marks/03.09-11.08/IMG_3207.JPG,IMG_3207.JPG,HFW12-F7_2016_201603091108_IMG_3207.jpg,0.9460108876228333,897.9039306640625,276.7872314453125,436.70361328125,762.4730224609375,2048,1536,436,762
HFW12-F7,2016,201603091108,HC,1,/Volumes/Seagate Portable Drive/KYLE_AI_DATABASE/A_CAMERA/Focal_species/Gulo gulo/HFW12-F7/HC/2016/COLOR/Robust marks/03.09-11.08/IMG_3208.JPG,IMG_3208.JPG,HFW12-F7_2016_201603091108_IMG_3208.jpg,0.9561455249786377,915.5457763671875,272.67010498046875,419.42822265625,770.9854125976562,2048,1536,419,770
HFW12-F7,2016,201603091108,HC,1,/Volumes/Seagate Portable Drive/KYLE_AI_DATABASE/A_CAMERA/Focal_species/Gulo gulo/HFW12-F7/HC/2016/COLOR/Robust marks/03.09-11.08/IMG_3209.JPG,IMG_3209.JPG,HFW12-F7_2016_201603091108_IMG_3209.jpg,0.9519628286361694,908.2679443359375,272.113525390625,426.360107421875,765.664794921875,2048,1536,426,765
HFW12-F7,2016,201603091108,HC,1,/Volumes/Seagate Portable Drive/KYLE_AI_DATABASE/A_CAMERA/Focal_species/Gulo gulo/HFW12-F7/HC/2016/COLOR/Robust marks/03.09-11.08/IMG_3210.JPG,IMG_3210.JPG,HFW12-F7_2016_201603091108_IMG_3210.jpg,0.9492618441581726,906.811279296875,270.96820068359375,427.12548828125,761.4285278320312,2048,1536,427,761
HFW12-F7,2016,201603091108,HC,1,/Volumes/Seagate Portable Drive/KYLE_AI_DATABASE/A_CAMERA/Focal_species/Gulo gulo/HFW12-F7/HC/2016/COLOR/Robust marks/03.09-11.08/IMG_3211.JPG,IMG_3211.JPG,HFW12-F7_2016_201603091108_IMG_3211.jpg,0.9486231207847595,896.2203979492188,224.25306701660156,447.12799072265625,818.6368408203125,2048,1536,447,818
HFW12-F7,2016,201603091108,HC,1,/Volumes/Seagate Portable Drive/KYLE_AI_DATABASE/A_CAMERA/Focal_species/Gulo gulo/HFW12-F7/HC/2016/COLOR/Robust marks/03.09-11.08/IMG_3212.JPG,IMG_3212.JPG,HFW12-F7_2016_201603091108_IMG_3212.jpg,0.901185929775238,868.2994995117188,208.00831604003906,476.86920166015625,782.9720458984375,2048,1536,476,782
HFW12-F7,2016,201603091108,HC,1,/Volumes/Seagate Portable Drive/KYLE_AI_DATABASE/A_CAMERA/Focal_species/Gulo gulo/HFW12-F7/HC/2016/COLOR/Robust marks/03.09-11.08/IMG_3213.JPG,IMG_3213.JPG,HFW12-F7_2016_201603091108_IMG_3213.jpg,0.8997161388397217,880.4594116210938,270.06201171875,471.52593994140625,718.9501953125,2048,1536,471,718
HFW12-F7,2016,201603091108,HC,1,/Volumes/Seagate Portable Drive/KYLE_AI_DATABASE/A_CAMERA/Focal_species/Gulo gulo/HFW12-F7/HC/2016/COLOR/Robust marks/03.09-11.08/IMG_3214.JPG,IMG_3214.JPG,HFW12-F7_2016_201603091108_IMG_3214.jpg,0.9225610494613647,875.963623046875,233.98233032226562,471.46533203125,753.0704345703125,2048,1536,471,753
HFW12-F7,2016,201603091108,HC,1,/Volumes/Seagate Portable Drive/KYLE_AI_DATABASE/A_CAMERA/Focal_species/Gulo gulo/HFW12-F7/HC/2016/COLOR/Robust marks/03.09-11.08/IMG_3215.JPG,IMG_3215.JPG,HFW12-F7_2016_201603091108_IMG_3215.jpg,0.9382374286651611,869.3802490234375,272.94427490234375,481.63623046875,718.368408203125,2048,1536,481,718
HFW12-F7,2016,201603091108,HC,1,/Volumes/Seagate Portable Drive/KYLE_AI_DATABASE/A_CAMERA/Focal_species/Gulo gulo/HFW12-F7/HC/2016/COLOR/Robust marks/03.09-11.08/IMG_3216.JPG,IMG_3216.JPG,HFW12-F7_2016_201603091108_IMG_3216.jpg,0.9538937211036682,920.3150634765625,257.322265625,399.799072265625,780.42236328125,2048,1536,399,780
HFW12-F7,2016,201603091108,HC,1,/Volumes/Seagate Portable Drive/KYLE_AI_DATABASE/A_CAMERA/Focal_species/Gulo gulo/HFW12-F7/HC/2016/COLOR/Robust marks/03.09-11.08/IMG_3217.JPG,IMG_3217.JPG,HFW12-F7_2016_201603091108_IMG_3217.jpg,0.9449304938316345,919.478271484375,255.22787475585938,412.788818359375,783.1966552734375,2048,1536,412,783
HFW12-F7,2016,201603091108,HC,1,/Volumes/Seagate Portable Drive/KYLE_AI_DATABASE/A_CAMERA/Focal_species/Gulo gulo/HFW12-F7/HC/2016/COLOR/Robust marks/03.09-11.08/IMG_3218.JPG,IMG_3218.JPG,HFW12-F7_2016_201603091108_IMG_3218.jpg,0.9034045338630676,924.3687744140625,264.6173400878906,408.3525390625,774.5938720703125,2048,1536,408,774
HFW12-F7,2016,201603091108,HC,1,/Volumes/Seagate Portable Drive/KYLE_AI_DATABASE/A_CAMERA/Focal_species/Gulo gulo/HFW12-F7/HC/2016/COLOR/Robust marks/03.09-11.08/IMG_3219.JPG,IMG_3219.JPG,HFW12-F7_2016_201603091108_IMG_3219.jpg,0.9482635855674744,920.8523559570312,230.13656616210938,413.77581787109375,812.5679931640625,2048,1536,413,812
HFW12-F7,2016,201603091108,HC,1,/Volumes/Seagate Portable Drive/KYLE_AI_DATABASE/A_CAMERA/Focal_species/Gulo gulo/HFW12-F7/HC/2016/COLOR/Robust marks/03.09-11.08/IMG_3220.JPG,IMG_3220.JPG,HFW12-F7_2016_201603091108_IMG_3220.jpg,0.9485839605331421,917.1171264648438,252.43345642089844,416.04791259765625,799.7086181640625,2048,1536,416,799
HFW12-F7,2016,201603091108,HC,1,/Volumes/Seagate Portable Drive/KYLE_AI_DATABASE/A_CAMERA/Focal_species/Gulo gulo/HFW12-F7/HC/2016/COLOR/Robust marks/03.09-11.08/IMG_3221.JPG,IMG_3221.JPG,HFW12-F7_2016_201603091108_IMG_3221.jpg,0.9367532730102539,919.9930419921875,232.19082641601562,417.3642578125,811.74267578125,2048,1536,417,811
HFW12-F7,2016,201603091108,HC,1,/Volumes/Seagate Portable Drive/KYLE_AI_DATABASE/A_CAMERA/Focal_species/Gulo gulo/HFW12-F7/HC/2016/COLOR/Robust marks/03.09-11.08/IMG_3222.JPG,IMG_3222.JPG,HFW12-F7_2016_201603091108_IMG_3222.jpg,0.9050328135490417,929.2828369140625,282.9862976074219,399.18115234375,764.269775390625,2048,1536,399,764
HFW12-F7,2016,201603091108,HC,1,/Volumes/Seagate Portable Drive/KYLE_AI_DATABASE/A_CAMERA/Focal_species/Gulo gulo/HFW12-F7/HC/2016/COLOR/Robust marks/03.09-11.08/IMG_3223.JPG,IMG_3223.JPG,HFW12-F7_2016_201603091108_IMG_3223.jpg,0.9263402819633484,920.4725341796875,269.23455810546875,414.360595703125,786.6541137695312,2048,1536,414,786
HFW12-F7,2016,201603091108,HC,1,/Volumes/Seagate Portable Drive/KYLE_AI_DATABASE/A_CAMERA/Focal_species/Gulo gulo/HFW12-F7/HC/2016/COLOR/Robust marks/03.09-11.08/IMG_3224.JPG,IMG_3224.JPG,HFW12-F7_2016_201603091108_IMG_3224.jpg,0.9425926208496094,908.5072021484375,278.43597412109375,425.60107421875,772.4944458007812,2048,1536,425,772
HFW12-F7,2016,201603091108,HC,1,/Volumes/Seagate Portable Drive/KYLE_AI_DATABASE/A_CAMERA/Focal_species/Gulo gulo/HFW12-F7/HC/2016/COLOR/Robust marks/03.09-11.08/IMG_3225.JPG,IMG_3225.JPG,HFW12-F7_2016_201603091108_IMG_3225.jpg,0.9474815130233765,903.10791015625,278.817138671875,437.174072265625,769.879638671875,2048,1536,437,769
HFW12-F7,2016,201603091108,HC,1,/Volumes/Seagate Portable Drive/KYLE_AI_DATABASE/A_CAMERA/Focal_species/Gulo gulo/HFW12-F7/HC/2016/COLOR/Robust marks/03.09-11.08/IMG_3226.JPG,IMG_3226.JPG,HFW12-F7_2016_201603091108_IMG_3226.jpg,0.929180383682251,890.67431640625,303.3636474609375,447.33251953125,743.6156005859375,2048,1536,447,743
HFW12-F7,2016,201603091108,HC,1,/Volumes/Seagate Portable Drive/KYLE_AI_DATABASE/A_CAMERA/Focal_species/Gulo gulo/HFW12-F7/HC/2016/COLOR/Robust marks/03.09-11.08/IMG_3227.JPG,IMG_3227.JPG,HFW12-F7_2016_201603091108_IMG_3227.jpg,0.9496792554855347,871.8292236328125,312.23480224609375,465.7587890625,732.4429321289062,2048,1536,465,732
HFW12-F7,2016,201603091108,HC,1,/Volumes/Seagate Portable Drive/KYLE_AI_DATABASE/A_CAMERA/Focal_species/Gulo gulo/HFW12-F7/HC/2016/COLOR/Robust marks/03.09-11.08/IMG_3228.JPG,IMG_3228.JPG,HFW12-F7_2016_201603091108_IMG_3228.jpg,0.9416414499282837,866.0200805664062,283.5409240722656,472.73040771484375,761.5152587890625,2048,1536,472,761
HFW12-F7,2016,201603091108,HC,1,/Volumes/Seagate Portable Drive/KYLE_AI_DATABASE/A_CAMERA/Focal_species/Gulo gulo/HFW12-F7/HC/2016/COLOR/Robust marks/03.09-11.08/IMG_3229.JPG,IMG_3229.JPG,HFW12-F7_2016_201603091108_IMG_3229.jpg,0.944543182849884,899.9973754882812,272.23828125,441.93524169921875,771.747802734375,2048,1536,441,771
HFW12-F7,2016,201603091108,HC,1,/Volumes/Seagate Portable Drive/KYLE_AI_DATABASE/A_CAMERA/Focal_species/Gulo gulo/HFW12-F7/HC/2016/COLOR/Robust marks/03.09-11.08/IMG_3230.JPG,IMG_3230.JPG,HFW12-F7_2016_201603091108_IMG_3230.jpg,0.9203978180885315,922.5538940429688,281.6432800292969,429.15765380859375,766.640625,2048,1536,429,766
HFW12-F7,2016,201603091108,HC,1,/Volumes/Seagate Portable Drive/KYLE_AI_DATABASE/A_CAMERA/Focal_species/Gulo gulo/HFW12-F7/HC/2016/COLOR/Robust marks/03.09-11.08/IMG_3231.JPG,IMG_3231.JPG,HFW12-F7_2016_201603091108_IMG_3231.jpg,0.9356459975242615,909.3330078125,273.5521240234375,435.871826171875,772.7916259765625,2048,1536,435,772
HFW12-F7,2016,201603091108,HC,1,/Volumes/Seagate Portable Drive/KYLE_AI_DATABASE/A_CAMERA/Focal_species/Gulo gulo/HFW12-F7/HC/2016/COLOR/Robust marks/03.09-11.08/IMG_3232.JPG,IMG_3232.JPG,HFW12-F7_2016_201603091108_IMG_3232.jpg,0.9259667992591858,913.2952880859375,264.81842041015625,428.788818359375,778.3330688476562,2048,1536,428,778
HFW12-F7,2016,201603091108,HC,1,/Volumes/Seagate Portable Drive/KYLE_AI_DATABASE/A_CAMERA/Focal_species/Gulo gulo/HFW12-F7/HC/2016/COLOR/Robust marks/03.09-11.08/IMG_3233.JPG,IMG_3233.JPG,HFW12-F7_2016_201603091108_IMG_3233.jpg,0.9407666921615601,910.1389770507812,263.782958984375,430.83367919921875,780.05322265625,2048,1536,430,780
HFW12-F7,2016,201603091108,HC,1,/Volumes/Seagate Portable Drive/KYLE_AI_DATABASE/A_CAMERA/Focal_species/Gulo gulo/HFW12-F7/HC/2016/COLOR/Robust marks/03.09-11.08/IMG_3234.JPG,IMG_3234.JPG,HFW12-F7_2016_201603091108_IMG_3234.jpg,0.9220222234725952,923.7059326171875,277.00732421875,403.455810546875,771.277587890625,2048,1536,403,771
HFW12-F7,2016,201603091108,HC,1,/Volumes/Seagate Portable Drive/KYLE_AI_DATABASE/A_CAMERA/Focal_species/Gulo gulo/HFW12-F7/HC/2016/COLOR/Robust marks/03.09-11.08/IMG_3235.JPG,IMG_3235.JPG,HFW12-F7_2016_201603091108_IMG_3235.jpg,0.937173068523407,920.178466796875,310.3696594238281,405.078857421875,738.287353515625,2048,1536,405,738
HFW12-F7,2016,201603091108,HC,1,/Volumes/Seagate Portable Drive/KYLE_AI_DATABASE/A_CAMERA/Focal_species/Gulo gulo/HFW12-F7/HC/2016/COLOR/Robust marks/03.09-11.08/IMG_3236.JPG,IMG_3236.JPG,HFW12-F7_2016_201603091108_IMG_3236.jpg,0.9207774996757507,921.8974609375,292.70458984375,402.304931640625,703.640380859375,2048,1536,402,703
HFW12-F7,2016,201603091108,HC,1,/Volumes/Seagate Portable Drive/KYLE_AI_DATABASE/A_CAMERA/Focal_species/Gulo gulo/HFW12-F7/HC/2016/COLOR/Robust marks/03.09-11.08/IMG_3237.JPG,IMG_3237.JPG,HFW12-F7_2016_201603091108_IMG_3237.jpg,0.9342860579490662,911.52001953125,269.6722717285156,432.74755859375,723.94677734375,2048,1536,432,723
HFW12-F7,2016,201603091108,HC,1,/Volumes/Seagate Portable Drive/KYLE_AI_DATABASE/A_CAMERA/Focal_species/Gulo gulo/HFW12-F7/HC/2016/COLOR/Robust marks/03.09-11.08/IMG_3238.JPG,IMG_3238.JPG,HFW12-F7_2016_201603091108_IMG_3238.jpg,0.9455210566520691,910.3870239257812,269.7671813964844,416.43035888671875,716.461181640625,2048,1536,416,716
HFW12-F7,2016,201603091108,HC,1,/Volumes/Seagate Portable Drive/KYLE_AI_DATABASE/A_CAMERA/Focal_species/Gulo gulo/HFW12-F7/HC/2016/COLOR/Robust marks/03.09-11.08/IMG_3239.JPG,IMG_3239.JPG,HFW12-F7_2016_201603091108_IMG_3239.jpg,0.8801748156547546,928.9013671875,300.1546630859375,433.93310546875,701.6943359375,2048,1536,433,701
HFW12-F7,2016,201603091108,HC,1,/Volumes/Seagate Portable Drive/KYLE_AI_DATABASE/A_CAMERA/Focal_species/Gulo gulo/HFW12-F7/HC/2016/COLOR/Robust marks/03.09-11.08/IMG_3240.JPG,IMG_3240.JPG,HFW12-F7_2016_201603091108_IMG_3240.jpg,0.9046944975852966,937.9002685546875,247.7523193359375,423.889892578125,751.5888061523438,2048,1536,423,751
HFW12-F7,2016,201603091108,HC,1,/Volumes/Seagate Portable Drive/KYLE_AI_DATABASE/A_CAMERA/Focal_species/Gulo gulo/HFW12-F7/HC/2016/COLOR/Robust marks/03.09-11.08/IMG_3241.JPG,IMG_3241.JPG,HFW12-F7_2016_201603091108_IMG_3241.jpg,0.913061261177063,962.1776123046875,271.5465087890625,396.06689453125,779.6844482421875,2048,1536,396,779
HFW12-F7,2016,201603091108,HC,1,/Volumes/Seagate Portable Drive/KYLE_AI_DATABASE/A_CAMERA/Focal_species/Gulo gulo/HFW12-F7/HC/2016/COLOR/Robust marks/03.09-11.08/IMG_3242.JPG,IMG_3242.JPG,HFW12-F7_2016_201603091108_IMG_3242.jpg,0.9279778599739075,939.1123657226562,273.6112060546875,411.76763916015625,779.213623046875,2048,1536,411,779
HFW12-F7,2016,201603091108,HC,1,/Volumes/Seagate Portable Drive/KYLE_AI_DATABASE/A_CAMERA/Focal_species/Gulo gulo/HFW12-F7/HC/2016/COLOR/Robust marks/03.09-11.08/IMG_3243.JPG,IMG_3243.JPG,HFW12-F7_2016_201603091108_IMG_3243.jpg,0.9361390471458435,923.1122436523438,269.40179443359375,399.90069580078125,769.4424438476562,2048,1536,399,769
HFW12-F7,2016,201603091108,HC,1,/Volumes/Seagate Portable Drive/KYLE_AI_DATABASE/A_CAMERA/Focal_species/Gulo gulo/HFW12-F7/HC/2016/COLOR/Robust marks/03.09-11.08/IMG_3244.JPG,IMG_3244.JPG,HFW12-F7_2016_201603091108_IMG_3244.jpg,0.9399532675743103,909.8489379882812,264.52313232421875,407.10235595703125,774.8880004882812,2048,1536,407,774
HFW12-F7,2016,201603091108,HC,1,/Volumes/Seagate Portable Drive/KYLE_AI_DATABASE/A_CAMERA/Focal_species/Gulo gulo/HFW12-F7/HC/2016/COLOR/Robust marks/03.09-11.08/IMG_3245.JPG,IMG_3245.JPG,HFW12-F7_2016_201603091108_IMG_3245.jpg,0.9384170770645142,921.1299438476562,268.02642822265625,402.13543701171875,777.8276977539062,2048,1536,402,777
HFW12-F7,2016,201603091108,HC,1,/Volumes/Seagate Portable Drive/KYLE_AI_DATABASE/A_CAMERA/Focal_species/Gulo gulo/HFW12-F7/HC/2016/COLOR/Robust marks/03.09-11.08/IMG_3246.JPG,IMG_3246.JPG,HFW12-F7_2016_201603091108_IMG_3246.jpg,0.9377489686012268,931.4677124023438,266.72503662109375,394.87286376953125,782.8213500976562,2048,1536,394,782
HFW12-F7,2016,201603091108,HC,1,/Volumes/Seagate Portable Drive/KYLE_AI_DATABASE/A_CAMERA/Focal_species/Gulo gulo/HFW12-F7/HC/2016/COLOR/Robust marks/03.09-11.08/IMG_3247.JPG,IMG_3247.JPG,HFW12-F7_2016_201603091108_IMG_3247.jpg,0.9512156248092651,906.2813110351562,269.133544921875,420.38165283203125,771.182861328125,2048,1536,420,771
HFW12-F7,2016,201603091108,HC,1,/Volumes/Seagate Portable Drive/KYLE_AI_DATABASE/A_CAMERA/Focal_species/Gulo gulo/HFW12-F7/HC/2016/COLOR/Robust marks/03.09-11.08/IMG_3248.JPG,IMG_3248.JPG,HFW12-F7_2016_201603091108_IMG_3248.jpg,0.9345070123672485,848.7145385742188,265.42041015625,465.19512939453125,728.6454467773438,2048,1536,465,728
HFW12-F7,2016,201603091108,HC,1,/Volumes/Seagate Portable Drive/KYLE_AI_DATABASE/A_CAMERA/Focal_species/Gulo gulo/HFW12-F7/HC/2016/COLOR/Robust marks/03.09-11.08/IMG_3249.JPG,IMG_3249.JPG,HFW12-F7_2016_201603091108_IMG_3249.jpg,0.9273881316184998,862.7610473632812,278.87261962890625,456.42266845703125,727.5845336914062,2048,1536,456,727
HFW12-F7,2016,201603091108,HC,1,/Volumes/Seagate Portable Drive/KYLE_AI_DATABASE/A_CAMERA/Focal_species/Gulo gulo/HFW12-F7/HC/2016/COLOR/Robust marks/03.09-11.08/IMG_3250.JPG,IMG_3250.JPG,HFW12-F7_2016_201603091108_IMG_3250.jpg,0.949333906173706,862.3200073242188,298.0406188964844,467.67535400390625,690.28125,2048,1536,467,690
HFW12-F7,2016,201603091108,HC,1,/Volumes/Seagate Portable Drive/KYLE_AI_DATABASE/A_CAMERA/Focal_species/Gulo gulo/HFW12-F7/HC/2016/COLOR/Robust marks/03.09-11.08/IMG_3251.JPG,IMG_3251.JPG,HFW12-F7_2016_201603091108_IMG_3251.jpg,0.950639009475708,860.4578857421875,291.01324462890625,488.413818359375,764.2078247070312,2048,1536,488,764
HFW12-F7,2016,201603091108,HC,1,/Volumes/Seagate Portable Drive/KYLE_AI_DATABASE/A_CAMERA/Focal_species/Gulo gulo/HFW12-F7/HC/2016/COLOR/Robust marks/03.09-11.08/IMG_3252.JPG,IMG_3252.JPG,HFW12-F7_2016_201603091108_IMG_3252.jpg,0.9549629092216492,861.9398193359375,293.3683776855469,473.204345703125,750.457763671875,2048,1536,473,750
HFW12-F7,2016,201603091108,HC,1,/Volumes/Seagate Portable Drive/KYLE_AI_DATABASE/A_CAMERA/Focal_species/Gulo gulo/HFW12-F7/HC/2016/COLOR/Robust marks/03.09-11.08/IMG_3253.JPG,IMG_3253.JPG,HFW12-F7_2016_201603091108_IMG_3253.jpg,0.9433814287185669,862.9519653320312,287.6158142089844,482.95269775390625,767.50244140625,2048,1536,482,767
HFW12-F7,2016,201603091108,HC,1,/Volumes/Seagate Portable Drive/KYLE_AI_DATABASE/A_CAMERA/Focal_species/Gulo gulo/HFW12-F7/HC/2016/COLOR/Robust marks/03.09-11.08/IMG_3254.JPG,IMG_3254.JPG,HFW12-F7_2016_201603091108_IMG_3254.jpg,0.9315866231918335,866.947265625,287.1775207519531,478.0986328125,761.3243408203125,2048,1536,478,761
HFW12-F7,2016,201603091108,HC,1,/Volumes/Seagate Portable Drive/KYLE_AI_DATABASE/A_CAMERA/Focal_species/Gulo gulo/HFW12-F7/HC/2016/COLOR/Robust marks/03.09-11.08/IMG_3255.JPG,IMG_3255.JPG,HFW12-F7_2016_201603091108_IMG_3255.jpg,0.9633457660675049,873.24072265625,256.00372314453125,481.006103515625,799.4057006835938,2048,1536,481,799
HFW12-F7,2016,201603091108,HC,1,/Volumes/Seagate Portable Drive/KYLE_AI_DATABASE/A_CAMERA/Focal_species/Gulo gulo/HFW12-F7/HC/2016/COLOR/Robust marks/03.09-11.08/IMG_3256.JPG,IMG_3256.JPG,HFW12-F7_2016_201603091108_IMG_3256.jpg,0.9530176520347595,870.554931640625,262.0426025390625,473.172607421875,780.8194580078125,2048,1536,473,780
HFW12-F7,2016,201603091108,HC,1,/Volumes/Seagate Portable Drive/KYLE_AI_DATABASE/A_CAMERA/Focal_species/Gulo gulo/HFW12-F7/HC/2016/COLOR/Robust marks/03.09-11.08/IMG_3257.JPG,IMG_3257.JPG,HFW12-F7_2016_201603091108_IMG_3257.jpg,0.9394025206565857,866.3486328125,283.64752197265625,458.710205078125,707.666259765625,2048,1536,458,707
HFW12-F7,2016,201603091108,HC,1,/Volumes/Seagate Portable Drive/KYLE_AI_DATABASE/A_CAMERA/Focal_species/Gulo gulo/HFW12-F7/HC/2016/COLOR/Robust marks/03.09-11.08/IMG_3258.JPG,IMG_3258.JPG,HFW12-F7_2016_201603091108_IMG_3258.jpg,0.9472560882568359,872.9644165039062,272.00103759765625,441.05352783203125,766.8783569335938,2048,1536,441,766
HFW12-F7,2016,201603091108,HC,1,/Volumes/Seagate Portable Drive/KYLE_AI_DATABASE/A_CAMERA/Focal_species/Gulo gulo/HFW12-F7/HC/2016/COLOR/Robust marks/03.09-11.08/IMG_3259.JPG,IMG_3259.JPG,HFW12-F7_2016_201603091108_IMG_3259.jpg,0.9514513611793518,872.724853515625,281.25897216796875,454.556396484375,755.6880493164062,2048,1536,454,755
HFW12-F7,2016,201603091108,HC,1,/Volumes/Seagate Portable Drive/KYLE_AI_DATABASE/A_CAMERA/Focal_species/Gulo gulo/HFW12-F7/HC/2016/COLOR/Robust marks/03.09-11.08/IMG_3260.JPG,IMG_3260.JPG,HFW12-F7_2016_201603091108_IMG_3260.jpg,0.9445974230766296,870.4698486328125,259.87042236328125,448.636962890625,749.67626953125,2048,1536,448,749
HFW12-F7,2016,201603091108,HC,1,/Volumes/Seagate Portable Drive/KYLE_AI_DATABASE/A_CAMERA/Focal_species/Gulo gulo/HFW12-F7/HC/2016/COLOR/Robust marks/03.09-11.08/IMG_3261.JPG,IMG_3261.JPG,HFW12-F7_2016_201603091108_IMG_3261.jpg,0.9312049746513367,876.7548828125,279.66650390625,434.54443359375,758.10693359375,2048,1536,434,758
HFW12-F7,2016,201603091108,HC,1,/Volumes/Seagate Portable Drive/KYLE_AI_DATABASE/A_CAMERA/Focal_species/Gulo gulo/HFW12-F7/HC/2016/COLOR/Robust marks/03.09-11.08/IMG_3262.JPG,IMG_3262.JPG,HFW12-F7_2016_201603091108_IMG_3262.jpg,0.903539776802063,861.8450927734375,260.90997314453125,422.8740234375,762.5304565429688,2048,1536,422,762
HFW12-F7,2016,201603091108,HC,1,/Volumes/Seagate Portable Drive/KYLE_AI_DATABASE/A_CAMERA/Focal_species/Gulo gulo/HFW12-F7/HC/2016/COLOR/Robust marks/03.09-11.08/IMG_3263.JPG,IMG_3263.JPG,HFW12-F7_2016_201603091108_IMG_3263.jpg,0.9470312595367432,848.5167846679688,260.09893798828125,441.66693115234375,773.2605590820312,2048,1536,441,773
HFW12-F7,2016,201603091108,HC,1,/Volumes/Seagate Portable Drive/KYLE_AI_DATABASE/A_CAMERA/Focal_species/Gulo gulo/HFW12-F7/HC/2016/COLOR/Robust marks/03.09-11.08/IMG_3264.JPG,IMG_3264.JPG,HFW12-F7_2016_201603091108_IMG_3264.jpg,0.9141066670417786,845.002197265625,287.78076171875,450.599853515625,748.17529296875,2048,1536,450,748
HFW12-F7,2016,201603091108,HC,1,/Volumes/Seagate Portable Drive/KYLE_AI_DATABASE/A_CAMERA/Focal_species/Gulo gulo/HFW12-F7/HC/2016/COLOR/Robust marks/03.09-11.08/IMG_3265.JPG,IMG_3265.JPG,HFW12-F7_2016_201603091108_IMG_3265.jpg,0.9572663307189941,867.7277221679688,296.2012023925781,422.89227294921875,808.0765380859375,2048,1536,422,808
HFW12-F7,2016,201603091108,HC,1,/Volumes/Seagate Portable Drive/KYLE_AI_DATABASE/A_CAMERA/Focal_species/Gulo gulo/HFW12-F7/HC/2016/COLOR/Robust marks/03.09-11.08/IMG_3266.JPG,IMG_3266.JPG,HFW12-F7_2016_201603091108_IMG_3266.jpg,0.9504261016845703,1643.5517578125,883.8966064453125,339.525390625,547.8133544921875,2048,1536,339,547
HFW12-F7,2016,201603091108,HC,1,/Volumes/Seagate Portable Drive/KYLE_AI_DATABASE/A_CAMERA/Focal_species/Gulo gulo/HFW12-F7/HC/2016/COLOR/Robust marks/03.09-11.08/IMG_3267.JPG,IMG_3267.JPG,HFW12-F7_2016_201603091108_IMG_3267.jpg,0.9048891067504883,1572.677978515625,844.94873046875,166.191162109375,190.749755859375,2048,1536,166,190
