id,year,ymdh,station,color,original_path,original_filename,crop_filename,confidence,bbox_x,bbox_y,bbox_width,bbox_height,image_width,image_height,crop_width,crop_height
BDF10-M6,2020,202005032158,SC,0,/Volumes/Seagate Portable Drive/KYLE_AI_DATABASE/A_CAMERA/Focal_species/Gulo gulo/BDF10-M6/SC/2020/B&W/Robust marks/05.03-21.58/RCNX1422.JPG,RCNX1422.JPG,BDF10-M6_2020_202005032158_RCNX1422.jpg,0.8888905048370361,1324.1474609375,988.1339721679688,672.446533203125,1096.674560546875,3776,2124,672,1096
BDF10-M6,2020,202005032158,SC,0,/Volumes/Seagate Portable Drive/KYLE_AI_DATABASE/A_CAMERA/Focal_species/Gulo gulo/BDF10-M6/SC/2020/B&W/Robust marks/05.03-21.58/RCNX1423.JPG,RCNX1423.JPG,BDF10-M6_2020_202005032158_RCNX1423.jpg,0.8964232802391052,1287.9281005859375,487.6878356933594,682.0062255859375,1595.2745361328125,3776,2124,682,1595
BDF10-M6,2020,202005032158,SC,0,/Volumes/Seagate Portable Drive/KYLE_AI_DATABASE/A_CAMERA/Focal_species/Gulo gulo/BDF10-M6/SC/2020/B&W/Robust marks/05.03-21.58/RCNX1424.JPG,RCNX1424.JPG,BDF10-M6_2020_202005032158_RCNX1424.jpg,0.9372244477272034,1309.379150390625,288.8340759277344,757.737060546875,1793.7064208984375,3776,2124,757,1793
BDF10-M6,2020,202005032158,SC,0,/Volumes/Seagate Portable Drive/KYLE_AI_DATABASE/A_CAMERA/Focal_species/Gulo gulo/BDF10-M6/SC/2020/B&W/Robust marks/05.03-21.58/RCNX1427.JPG,RCNX1427.JPG,BDF10-M6_2020_202005032158_RCNX1427.jpg,0.8882158398628235,1143.891357421875,74.4615249633789,901.83544921875,1402.659423828125,3776,2124,901,1402
BDF10-M6,2020,202005032158,SC,0,/Volumes/Seagate Portable Drive/KYLE_AI_DATABASE/A_CAMERA/Focal_species/Gulo gulo/BDF10-M6/SC/2020/B&W/Robust marks/05.03-21.58/RCNX1429.JPG,RCNX1429.JPG,BDF10-M6_2020_202005032158_RCNX1429.jpg,0.9043478965759277,1245.8258056640625,220.46873474121094,686.5938720703125,1853.582275390625,3776,2124,686,1853
BDF10-M6,2020,202005032158,SC,0,/Volumes/Seagate Portable Drive/KYLE_AI_DATABASE/A_CAMERA/Focal_species/Gulo gulo/BDF10-M6/SC/2020/B&W/Robust marks/05.03-21.58/RCNX1431.JPG,RCNX1431.JPG,BDF10-M6_2020_202005032158_RCNX1431.jpg,0.8944411277770996,1250.39501953125,219.94985961914062,689.1588134765625,1838.3109130859375,3776,2124,689,1838
BDF10-M6,2020,202005032158,SC,0,/Volumes/Seagate Portable Drive/KYLE_AI_DATABASE/A_CAMERA/Focal_species/Gulo gulo/BDF10-M6/SC/2020/B&W/Robust marks/05.03-21.58/RCNX1432.JPG,RCNX1432.JPG,BDF10-M6_2020_202005032158_RCNX1432.jpg,0.9302899837493896,1255.3768310546875,297.89263916015625,705.8253173828125,1786.93310546875,3776,2124,705,1786
BDF10-M6,2020,202005032158,SC,0,/Volumes/Seagate Portable Drive/KYLE_AI_DATABASE/A_CAMERA/Focal_species/Gulo gulo/BDF10-M6/SC/2020/B&W/Robust marks/05.03-21.58/RCNX1433.JPG,RCNX1433.JPG,BDF10-M6_2020_202005032158_RCNX1433.jpg,0.928411602973938,1255.559326171875,236.9674072265625,687.5592041015625,1843.7691650390625,3776,2124,687,1843
BDF10-M6,2020,202005032158,SC,0,/Volumes/Seagate Portable Drive/KYLE_AI_DATABASE/A_CAMERA/Focal_species/Gulo gulo/BDF10-M6/SC/2020/B&W/Robust marks/05.03-21.58/RCNX1434.JPG,RCNX1434.JPG,BDF10-M6_2020_202005032158_RCNX1434.jpg,0.9054543375968933,1258.2933349609375,249.0364532470703,702.4632568359375,1835.1358642578125,3776,2124,702,1835
BDF10-M6,2020,202005032158,SC,0,/Volumes/Seagate Portable Drive/KYLE_AI_DATABASE/A_CAMERA/Focal_species/Gulo gulo/BDF10-M6/SC/2020/B&W/Robust marks/05.03-21.58/RCNX1435.JPG,RCNX1435.JPG,BDF10-M6_2020_202005032158_RCNX1435.jpg,0.9286370873451233,1260.26904296875,254.22694396972656,683.2491455078125,1828.8577880859375,3776,2124,683,1828
BDF10-M6,2020,202005032158,SC,0,/Volumes/Seagate Portable Drive/KYLE_AI_DATABASE/A_CAMERA/Focal_species/Gulo gulo/BDF10-M6/SC/2020/B&W/Robust marks/05.03-21.58/RCNX1436.JPG,RCNX1436.JPG,BDF10-M6_2020_202005032158_RCNX1436.jpg,0.9237920045852661,1258.6199951171875,228.47555541992188,701.5001220703125,1858.1455078125,3776,2124,701,1858
BDF10-M6,2020,202005032158,SC,0,/Volumes/Seagate Portable Drive/KYLE_AI_DATABASE/A_CAMERA/Focal_species/Gulo gulo/BDF10-M6/SC/2020/B&W/Robust marks/05.03-21.58/RCNX1437.JPG,RCNX1437.JPG,BDF10-M6_2020_202005032158_RCNX1437.jpg,0.828353226184845,1251.981689453125,164.1822509765625,707.31396484375,1919.8477783203125,3776,2124,707,1919
BDF10-M6,2020,202005032158,SC,0,/Volumes/Seagate Portable Drive/KYLE_AI_DATABASE/A_CAMERA/Focal_species/Gulo gulo/BDF10-M6/SC/2020/B&W/Robust marks/05.03-21.58/RCNX1438.JPG,RCNX1438.JPG,BDF10-M6_2020_202005032158_RCNX1438.jpg,0.8991526961326599,1245.080810546875,187.19862365722656,713.3929443359375,1889.3067626953125,3776,2124,713,1889
BDF10-M6,2020,202005032158,SC,0,/Volumes/Seagate Portable Drive/KYLE_AI_DATABASE/A_CAMERA/Focal_species/Gulo gulo/BDF10-M6/SC/2020/B&W/Robust marks/05.03-21.58/RCNX1439.JPG,RCNX1439.JPG,BDF10-M6_2020_202005032158_RCNX1439.jpg,0.8490067720413208,1229.853271484375,123.48033142089844,708.29150390625,1623.56884765625,3776,2124,708,1623
BDF10-M6,2020,202005032158,SC,0,/Volumes/Seagate Portable Drive/KYLE_AI_DATABASE/A_CAMERA/Focal_species/Gulo gulo/BDF10-M6/SC/2020/B&W/Robust marks/05.03-21.58/RCNX1441.JPG,RCNX1441.JPG,BDF10-M6_2020_202005032158_RCNX1441.jpg,0.8576474189758301,1250.78173828125,292.6872253417969,693.697509765625,1787.67529296875,3776,2124,693,1787
BDF10-M6,2020,202005032158,SC,0,/Volumes/Seagate Portable Drive/KYLE_AI_DATABASE/A_CAMERA/Focal_species/Gulo gulo/BDF10-M6/SC/2020/B&W/Robust marks/05.03-21.58/RCNX1442.JPG,RCNX1442.JPG,BDF10-M6_2020_202005032158_RCNX1442.jpg,0.8680772185325623,1249.9090576171875,384.2529602050781,707.111572265625,1700.04296875,3776,2124,707,1700
BDF10-M6,2020,202005032158,SC,0,/Volumes/Seagate Portable Drive/KYLE_AI_DATABASE/A_CAMERA/Focal_species/Gulo gulo/BDF10-M6/SC/2020/B&W/Robust marks/05.03-21.58/RCNX1443.JPG,RCNX1443.JPG,BDF10-M6_2020_202005032158_RCNX1443.jpg,0.8922762870788574,1241.3311767578125,166.08985900878906,719.8858642578125,1910.382080078125,3776,2124,719,1910
BDF10-M6,2020,202005032158,SC,0,/Volumes/Seagate Portable Drive/KYLE_AI_DATABASE/A_CAMERA/Focal_species/Gulo gulo/BDF10-M6/SC/2020/B&W/Robust marks/05.03-21.58/RCNX1444.JPG,RCNX1444.JPG,BDF10-M6_2020_202005032158_RCNX1444.jpg,0.830236554145813,1228.2677001953125,124.32848358154297,718.65576171875,1940.4510498046875,3776,2124,718,1940
BDF10-M6,2020,202005032158,SC,0,/Volumes/Seagate Portable Drive/KYLE_AI_DATABASE/A_CAMERA/Focal_species/Gulo gulo/BDF10-M6/SC/2020/B&W/Robust marks/05.03-21.58/RCNX1452.JPG,RCNX1452.JPG,BDF10-M6_2020_202005032158_RCNX1452.jpg,0.8333203792572021,1251.614501953125,76.3629379272461,688.053466796875,1949.975830078125,3776,2124,688,1949
BDF10-M6,2020,202005032158,SC,0,/Volumes/Seagate Portable Drive/KYLE_AI_DATABASE/A_CAMERA/Focal_species/Gulo gulo/BDF10-M6/SC/2020/B&W/Robust marks/05.03-21.58/RCNX1453.JPG,RCNX1453.JPG,BDF10-M6_2020_202005032158_RCNX1453.jpg,0.8496403694152832,1257.5341796875,152.10325622558594,695.18701171875,1924.970458984375,3776,2124,695,1924
BDF10-M6,2020,202005032158,SC,0,/Volumes/Seagate Portable Drive/KYLE_AI_DATABASE/A_CAMERA/Focal_species/Gulo gulo/BDF10-M6/SC/2020/B&W/Robust marks/05.03-21.58/RCNX1455.JPG,RCNX1455.JPG,BDF10-M6_2020_202005032158_RCNX1455.jpg,0.8323397636413574,1258.045654296875,253.764404296875,712.5133056640625,1824.275634765625,3776,2124,712,1824
BDF10-M6,2020,202005032158,SC,0,/Volumes/Seagate Portable Drive/KYLE_AI_DATABASE/A_CAMERA/Focal_species/Gulo gulo/BDF10-M6/SC/2020/B&W/Robust marks/05.03-21.58/RCNX1456.JPG,RCNX1456.JPG,BDF10-M6_2020_202005032158_RCNX1456.jpg,0.9014869332313538,1267.273193359375,173.3911590576172,703.9219970703125,1898.854736328125,3776,2124,703,1898
BDF10-M6,2020,202005032158,SC,0,/Volumes/Seagate Portable Drive/KYLE_AI_DATABASE/A_CAMERA/Focal_species/Gulo gulo/BDF10-M6/SC/2020/B&W/Robust marks/05.03-21.58/RCNX1457.JPG,RCNX1457.JPG,BDF10-M6_2020_202005032158_RCNX1457.jpg,0.876150906085968,1246.5889892578125,155.88101196289062,729.917724609375,1915.3516845703125,3776,2124,729,1915
BDF10-M6,2020,202005032158,SC,0,/Volumes/Seagate Portable Drive/KYLE_AI_DATABASE/A_CAMERA/Focal_species/Gulo gulo/BDF10-M6/SC/2020/B&W/Robust marks/05.03-21.58/RCNX1458.JPG,RCNX1458.JPG,BDF10-M6_2020_202005032158_RCNX1458.jpg,0.9040974974632263,1275.784912109375,139.7885284423828,701.732666015625,1938.097412109375,3776,2124,701,1938
BDF10-M6,2020,202005032158,SC,0,/Volumes/Seagate Portable Drive/KYLE_AI_DATABASE/A_CAMERA/Focal_species/Gulo gulo/BDF10-M6/SC/2020/B&W/Robust marks/05.03-21.58/RCNX1459.JPG,RCNX1459.JPG,BDF10-M6_2020_202005032158_RCNX1459.jpg,0.8840793371200562,1251.840087890625,137.10289001464844,738.7286376953125,1941.2381591796875,3776,2124,738,1941
BDF10-M6,2020,202005032158,SC,0,/Volumes/Seagate Portable Drive/KYLE_AI_DATABASE/A_CAMERA/Focal_species/Gulo gulo/BDF10-M6/SC/2020/B&W/Robust marks/05.03-21.58/RCNX1460.JPG,RCNX1460.JPG,BDF10-M6_2020_202005032158_RCNX1460.jpg,0.8350032567977905,1271.3358154296875,139.40335083007812,724.47265625,1938.52587890625,3776,2124,724,1938
BDF10-M6,2020,202005032158,SC,0,/Volumes/Seagate Portable Drive/KYLE_AI_DATABASE/A_CAMERA/Focal_species/Gulo gulo/BDF10-M6/SC/2020/B&W/Robust marks/05.03-21.58/RCNX1461.JPG,RCNX1461.JPG,BDF10-M6_2020_202005032158_RCNX1461.jpg,0.882131814956665,1254.0028076171875,184.5955352783203,714.6414794921875,1885.7940673828125,3776,2124,714,1885
BDF10-M6,2020,202005032158,SC,0,/Volumes/Seagate Portable Drive/KYLE_AI_DATABASE/A_CAMERA/Focal_species/Gulo gulo/BDF10-M6/SC/2020/B&W/Robust marks/05.03-21.58/RCNX1462.JPG,RCNX1462.JPG,BDF10-M6_2020_202005032158_RCNX1462.jpg,0.896199643611908,1253.2763671875,180.397216796875,702.2069091796875,1900.261474609375,3776,2124,702,1900
BDF10-M6,2020,202005032158,SC,0,/Volumes/Seagate Portable Drive/KYLE_AI_DATABASE/A_CAMERA/Focal_species/Gulo gulo/BDF10-M6/SC/2020/B&W/Robust marks/05.03-21.58/RCNX1463.JPG,RCNX1463.JPG,BDF10-M6_2020_202005032158_RCNX1463.jpg,0.8834146857261658,1253.7430419921875,245.06431579589844,716.471923828125,1832.2073974609375,3776,2124,716,1832
BDF10-M6,2020,202005032158,SC,0,/Volumes/Seagate Portable Drive/KYLE_AI_DATABASE/A_CAMERA/Focal_species/Gulo gulo/BDF10-M6/SC/2020/B&W/Robust marks/05.03-21.58/RCNX1465.JPG,RCNX1465.JPG,BDF10-M6_2020_202005032158_RCNX1465.jpg,0.9144503474235535,1267.4696044921875,286.70770263671875,686.2027587890625,1796.141845703125,3776,2124,686,1796
BDF10-M6,2020,202005032158,SC,0,/Volumes/Seagate Portable Drive/KYLE_AI_DATABASE/A_CAMERA/Focal_species/Gulo gulo/BDF10-M6/SC/2020/B&W/Robust marks/05.03-21.58/RCNX1466.JPG,RCNX1466.JPG,BDF10-M6_2020_202005032158_RCNX1466.jpg,0.8964884281158447,1280.4610595703125,305.0137634277344,688.7186279296875,1779.1917724609375,3776,2124,688,1779
BDF10-M6,2020,202005032158,SC,0,/Volumes/Seagate Portable Drive/KYLE_AI_DATABASE/A_CAMERA/Focal_species/Gulo gulo/BDF10-M6/SC/2020/B&W/Robust marks/05.03-21.58/RCNX1467.JPG,RCNX1467.JPG,BDF10-M6_2020_202005032158_RCNX1467.jpg,0.9124405384063721,1282.091064453125,314.59918212890625,676.3013916015625,1768.531982421875,3776,2124,676,1768
BDF10-M6,2020,202005032158,SC,0,/Volumes/Seagate Portable Drive/KYLE_AI_DATABASE/A_CAMERA/Focal_species/Gulo gulo/BDF10-M6/SC/2020/B&W/Robust marks/05.03-21.58/RCNX1468.JPG,RCNX1468.JPG,BDF10-M6_2020_202005032158_RCNX1468.jpg,0.9112250804901123,1273.561279296875,271.9485778808594,674.2530517578125,1810.5802001953125,3776,2124,674,1810
BDF10-M6,2020,202005032158,SC,0,/Volumes/Seagate Portable Drive/KYLE_AI_DATABASE/A_CAMERA/Focal_species/Gulo gulo/BDF10-M6/SC/2020/B&W/Robust marks/05.03-21.58/RCNX1469.JPG,RCNX1469.JPG,BDF10-M6_2020_202005032158_RCNX1469.jpg,0.9250600337982178,1271.6019287109375,276.6572265625,675.95263671875,1805.67822265625,3776,2124,675,1805
BDF10-M6,2020,202005032158,SC,0,/Volumes/Seagate Portable Drive/KYLE_AI_DATABASE/A_CAMERA/Focal_species/Gulo gulo/BDF10-M6/SC/2020/B&W/Robust marks/05.03-21.58/RCNX1470.JPG,RCNX1470.JPG,BDF10-M6_2020_202005032158_RCNX1470.jpg,0.902737021446228,1260.9609375,245.71035766601562,685.973388671875,1835.7633056640625,3776,2124,685,1835
BDF10-M6,2020,202005032158,SC,0,/Volumes/Seagate Portable Drive/KYLE_AI_DATABASE/A_CAMERA/Focal_species/Gulo gulo/BDF10-M6/SC/2020/B&W/Robust marks/05.03-21.58/RCNX1471.JPG,RCNX1471.JPG,BDF10-M6_2020_202005032158_RCNX1471.jpg,0.8586022257804871,1249.2061767578125,152.2347869873047,691.828857421875,1596.27294921875,3776,2124,691,1596
BDF10-M6,2020,202005032158,SC,0,/Volumes/Seagate Portable Drive/KYLE_AI_DATABASE/A_CAMERA/Focal_species/Gulo gulo/BDF10-M6/SC/2020/B&W/Robust marks/05.03-21.58/RCNX1472.JPG,RCNX1472.JPG,BDF10-M6_2020_202005032158_RCNX1472.jpg,0.9093055129051208,1241.3548583984375,151.3843536376953,703.8184814453125,1583.60205078125,3776,2124,703,1583
BDF10-M6,2020,202005032158,SC,0,/Volumes/Seagate Portable Drive/KYLE_AI_DATABASE/A_CAMERA/Focal_species/Gulo gulo/BDF10-M6/SC/2020/B&W/Robust marks/05.03-21.58/RCNX1473.JPG,RCNX1473.JPG,BDF10-M6_2020_202005032158_RCNX1473.jpg,0.9010008573532104,1254.185791015625,241.39068603515625,702.390869140625,1836.854248046875,3776,2124,702,1836
BDF10-M6,2020,202005032158,SC,0,/Volumes/Seagate Portable Drive/KYLE_AI_DATABASE/A_CAMERA/Focal_species/Gulo gulo/BDF10-M6/SC/2020/B&W/Robust marks/05.03-21.58/RCNX1474.JPG,RCNX1474.JPG,BDF10-M6_2020_202005032158_RCNX1474.jpg,0.891026496887207,1262.612548828125,210.157958984375,698.48046875,1868.1572265625,3776,2124,698,1868
BDF10-M6,2020,202005032158,SC,0,/Volumes/Seagate Portable Drive/KYLE_AI_DATABASE/A_CAMERA/Focal_species/Gulo gulo/BDF10-M6/SC/2020/B&W/Robust marks/05.03-21.58/RCNX1475.JPG,RCNX1475.JPG,BDF10-M6_2020_202005032158_RCNX1475.jpg,0.8586511611938477,1251.8958740234375,129.70216369628906,701.9482421875,1937.6044921875,3776,2124,701,1937
BDF10-M6,2020,202005032158,SC,0,/Volumes/Seagate Portable Drive/KYLE_AI_DATABASE/A_CAMERA/Focal_species/Gulo gulo/BDF10-M6/SC/2020/B&W/Robust marks/05.03-21.58/RCNX1476.JPG,RCNX1476.JPG,BDF10-M6_2020_202005032158_RCNX1476.jpg,0.9021732211112976,1246.72314453125,173.71823120117188,701.7373046875,1895.906982421875,3776,2124,701,1895
BDF10-M6,2020,202005032158,SC,0,/Volumes/Seagate Portable Drive/KYLE_AI_DATABASE/A_CAMERA/Focal_species/Gulo gulo/BDF10-M6/SC/2020/B&W/Robust marks/05.03-21.58/RCNX1477.JPG,RCNX1477.JPG,BDF10-M6_2020_202005032158_RCNX1477.jpg,0.8455691337585449,1265.474853515625,379.1629333496094,699.655029296875,1705.0733642578125,3776,2124,699,1705
BDF10-M6,2020,202005032158,SC,0,/Volumes/Seagate Portable Drive/KYLE_AI_DATABASE/A_CAMERA/Focal_species/Gulo gulo/BDF10-M6/SC/2020/B&W/Robust marks/05.03-21.58/RCNX1479.JPG,RCNX1479.JPG,BDF10-M6_2020_202005032158_RCNX1479.jpg,0.828281581401825,1244.5560302734375,266.8365783691406,714.1002197265625,1820.7896728515625,3776,2124,714,1820
BDF10-M6,2020,202005032158,SC,0,/Volumes/Seagate Portable Drive/KYLE_AI_DATABASE/A_CAMERA/Focal_species/Gulo gulo/BDF10-M6/SC/2020/B&W/Robust marks/05.03-21.58/RCNX1481.JPG,RCNX1481.JPG,BDF10-M6_2020_202005032158_RCNX1481.jpg,0.9055479764938354,1291.8875732421875,47.413570404052734,665.2796630859375,2022.411865234375,3776,2124,665,2022
BDF10-M6,2020,202005032158,SC,0,/Volumes/Seagate Portable Drive/KYLE_AI_DATABASE/A_CAMERA/Focal_species/Gulo gulo/BDF10-M6/SC/2020/B&W/Robust marks/05.03-21.58/RCNX1482.JPG,RCNX1482.JPG,BDF10-M6_2020_202005032158_RCNX1482.jpg,0.8739830255508423,1293.669677734375,147.2554168701172,670.92333984375,1931.313232421875,3776,2124,670,1931
BDF10-M6,2020,202005032158,SC,0,/Volumes/Seagate Portable Drive/KYLE_AI_DATABASE/A_CAMERA/Focal_species/Gulo gulo/BDF10-M6/SC/2020/B&W/Robust marks/05.03-21.58/RCNX1483.JPG,RCNX1483.JPG,BDF10-M6_2020_202005032158_RCNX1483.jpg,0.8677229285240173,1293.4688720703125,71.49597930908203,638.1038818359375,1996.8311767578125,3776,2124,638,1996
BDF10-M6,2020,202005032158,SC,0,/Volumes/Seagate Portable Drive/KYLE_AI_DATABASE/A_CAMERA/Focal_species/Gulo gulo/BDF10-M6/SC/2020/B&W/Robust marks/05.03-21.58/RCNX1487.JPG,RCNX1487.JPG,BDF10-M6_2020_202005032158_RCNX1487.jpg,0.8364483118057251,1300.937255859375,135.4393768310547,642.4969482421875,1944.9439697265625,3776,2124,642,1944
BDF10-M6,2020,202005032158,SC,0,/Volumes/Seagate Portable Drive/KYLE_AI_DATABASE/A_CAMERA/Focal_species/Gulo gulo/BDF10-M6/SC/2020/B&W/Robust marks/05.03-21.58/RCNX1488.JPG,RCNX1488.JPG,BDF10-M6_2020_202005032158_RCNX1488.jpg,0.8661624193191528,1296.763427734375,375.0301208496094,655.42236328125,1711.4730224609375,3776,2124,655,1711
BDF10-M6,2020,202005032158,SC,0,/Volumes/Seagate Portable Drive/KYLE_AI_DATABASE/A_CAMERA/Focal_species/Gulo gulo/BDF10-M6/SC/2020/B&W/Robust marks/05.03-21.58/RCNX1489.JPG,RCNX1489.JPG,BDF10-M6_2020_202005032158_RCNX1489.jpg,0.8535279035568237,1291.8602294921875,372.6080627441406,665.12060546875,1714.6932373046875,3776,2124,665,1714
BDF10-M6,2020,202005032158,SC,0,/Volumes/Seagate Portable Drive/KYLE_AI_DATABASE/A_CAMERA/Focal_species/Gulo gulo/BDF10-M6/SC/2020/B&W/Robust marks/05.03-21.58/RCNX1490.JPG,RCNX1490.JPG,BDF10-M6_2020_202005032158_RCNX1490.jpg,0.9101442098617554,1280.8590087890625,186.90997314453125,668.4805908203125,1885.05419921875,3776,2124,668,1885
BDF10-M6,2020,202005032158,SC,0,/Volumes/Seagate Portable Drive/KYLE_AI_DATABASE/A_CAMERA/Focal_species/Gulo gulo/BDF10-M6/SC/2020/B&W/Robust marks/05.03-21.58/RCNX1491.JPG,RCNX1491.JPG,BDF10-M6_2020_202005032158_RCNX1491.jpg,0.9053820371627808,1303.0958251953125,197.67239379882812,651.4722900390625,1874.092529296875,3776,2124,651,1874
BDF10-M6,2020,202005032158,SC,0,/Volumes/Seagate Portable Drive/KYLE_AI_DATABASE/A_CAMERA/Focal_species/Gulo gulo/BDF10-M6/SC/2020/B&W/Robust marks/05.03-21.58/RCNX1492.JPG,RCNX1492.JPG,BDF10-M6_2020_202005032158_RCNX1492.jpg,0.9046929478645325,1301.8017578125,230.99952697753906,639.7369384765625,1849.159912109375,3776,2124,639,1849
BDF10-M6,2020,202005032158,SC,0,/Volumes/Seagate Portable Drive/KYLE_AI_DATABASE/A_CAMERA/Focal_species/Gulo gulo/BDF10-M6/SC/2020/B&W/Robust marks/05.03-21.58/RCNX1493.JPG,RCNX1493.JPG,BDF10-M6_2020_202005032158_RCNX1493.jpg,0.8893035054206848,1298.4127197265625,226.36228942871094,638.4466552734375,1854.421875,3776,2124,638,1854
BDF10-M6,2020,202005032158,SC,0,/Volumes/Seagate Portable Drive/KYLE_AI_DATABASE/A_CAMERA/Focal_species/Gulo gulo/BDF10-M6/SC/2020/B&W/Robust marks/05.03-21.58/RCNX1494.JPG,RCNX1494.JPG,BDF10-M6_2020_202005032158_RCNX1494.jpg,0.9048066139221191,1298.8583984375,204.18255615234375,637.4144287109375,1871.616455078125,3776,2124,637,1871
BDF10-M6,2020,202005032158,SC,0,/Volumes/Seagate Portable Drive/KYLE_AI_DATABASE/A_CAMERA/Focal_species/Gulo gulo/BDF10-M6/SC/2020/B&W/Robust marks/05.03-21.58/RCNX1495.JPG,RCNX1495.JPG,BDF10-M6_2020_202005032158_RCNX1495.jpg,0.9099971652030945,1305.3106689453125,280.7079162597656,658.7197265625,1800.1361083984375,3776,2124,658,1800
BDF10-M6,2020,202005032158,SC,0,/Volumes/Seagate Portable Drive/KYLE_AI_DATABASE/A_CAMERA/Focal_species/Gulo gulo/BDF10-M6/SC/2020/B&W/Robust marks/05.03-21.58/RCNX1496.JPG,RCNX1496.JPG,BDF10-M6_2020_202005032158_RCNX1496.jpg,0.9019657373428345,1300.981201171875,262.3313293457031,644.28173828125,1813.509521484375,3776,2124,644,1813
BDF10-M6,2020,202005032158,SC,0,/Volumes/Seagate Portable Drive/KYLE_AI_DATABASE/A_CAMERA/Focal_species/Gulo gulo/BDF10-M6/SC/2020/B&W/Robust marks/05.03-21.58/RCNX1497.JPG,RCNX1497.JPG,BDF10-M6_2020_202005032158_RCNX1497.jpg,0.9072909355163574,1306.0460205078125,264.2519226074219,644.3621826171875,1814.74462890625,3776,2124,644,1814
BDF10-M6,2020,202005032158,SC,0,/Volumes/Seagate Portable Drive/KYLE_AI_DATABASE/A_CAMERA/Focal_species/Gulo gulo/BDF10-M6/SC/2020/B&W/Robust marks/05.03-21.58/RCNX1498.JPG,RCNX1498.JPG,BDF10-M6_2020_202005032158_RCNX1498.jpg,0.8968877196311951,1296.2318115234375,244.0104217529297,672.92578125,1839.4454345703125,3776,2124,672,1839
BDF10-M6,2020,202005032158,SC,0,/Volumes/Seagate Portable Drive/KYLE_AI_DATABASE/A_CAMERA/Focal_species/Gulo gulo/BDF10-M6/SC/2020/B&W/Robust marks/05.03-21.58/RCNX1499.JPG,RCNX1499.JPG,BDF10-M6_2020_202005032158_RCNX1499.jpg,0.9225053787231445,1270.90625,402.62530517578125,715.4820556640625,1681.05712890625,3776,2124,715,1681
BDF10-M6,2020,202005032158,SC,0,/Volumes/Seagate Portable Drive/KYLE_AI_DATABASE/A_CAMERA/Focal_species/Gulo gulo/BDF10-M6/SC/2020/B&W/Robust marks/05.03-21.58/RCNX1500.JPG,RCNX1500.JPG,BDF10-M6_2020_202005032158_RCNX1500.jpg,0.9266951084136963,1239.460205078125,193.19017028808594,724.182861328125,1869.708251953125,3776,2124,724,1869
BDF10-M6,2020,202005032158,SC,0,/Volumes/Seagate Portable Drive/KYLE_AI_DATABASE/A_CAMERA/Focal_species/Gulo gulo/BDF10-M6/SC/2020/B&W/Robust marks/05.03-21.58/RCNX1501.JPG,RCNX1501.JPG,BDF10-M6_2020_202005032158_RCNX1501.jpg,0.9212145209312439,1246.6697998046875,212.7382049560547,691.0965576171875,1875.1016845703125,3776,2124,691,1875
BDF10-M6,2020,202005032158,SC,0,/Volumes/Seagate Portable Drive/KYLE_AI_DATABASE/A_CAMERA/Focal_species/Gulo gulo/BDF10-M6/SC/2020/B&W/Robust marks/05.03-21.58/RCNX1502.JPG,RCNX1502.JPG,BDF10-M6_2020_202005032158_RCNX1502.jpg,0.8919402360916138,1271.5172119140625,278.2293395996094,667.929931640625,1807.8817138671875,3776,2124,667,1807
BDF10-M6,2020,202005032158,SC,0,/Volumes/Seagate Portable Drive/KYLE_AI_DATABASE/A_CAMERA/Focal_species/Gulo gulo/BDF10-M6/SC/2020/B&W/Robust marks/05.03-21.58/RCNX1503.JPG,RCNX1503.JPG,BDF10-M6_2020_202005032158_RCNX1503.jpg,0.8863527178764343,1261.0665283203125,254.7660675048828,693.405029296875,1827.713623046875,3776,2124,693,1827
BDF10-M6,2020,202005032158,SC,0,/Volumes/Seagate Portable Drive/KYLE_AI_DATABASE/A_CAMERA/Focal_species/Gulo gulo/BDF10-M6/SC/2020/B&W/Robust marks/05.03-21.58/RCNX1504.JPG,RCNX1504.JPG,BDF10-M6_2020_202005032158_RCNX1504.jpg,0.9218066334724426,1238.8583984375,233.8990478515625,729.2344970703125,1845.8231201171875,3776,2124,729,1845
BDF10-M6,2020,202005032158,SC,0,/Volumes/Seagate Portable Drive/KYLE_AI_DATABASE/A_CAMERA/Focal_species/Gulo gulo/BDF10-M6/SC/2020/B&W/Robust marks/05.03-21.58/RCNX1505.JPG,RCNX1505.JPG,BDF10-M6_2020_202005032158_RCNX1505.jpg,0.9314985275268555,1246.152099609375,259.9842224121094,714.3353271484375,1824.0037841796875,3776,2124,714,1824
BDF10-M6,2020,202005032158,SC,0,/Volumes/Seagate Portable Drive/KYLE_AI_DATABASE/A_CAMERA/Focal_species/Gulo gulo/BDF10-M6/SC/2020/B&W/Robust marks/05.03-21.58/RCNX1506.JPG,RCNX1506.JPG,BDF10-M6_2020_202005032158_RCNX1506.jpg,0.9206000566482544,1251.85400390625,230.78518676757812,700.7132568359375,1849.285400390625,3776,2124,700,1849
BDF10-M6,2020,202005032158,SC,0,/Volumes/Seagate Portable Drive/KYLE_AI_DATABASE/A_CAMERA/Focal_species/Gulo gulo/BDF10-M6/SC/2020/B&W/Robust marks/05.03-21.58/RCNX1507.JPG,RCNX1507.JPG,BDF10-M6_2020_202005032158_RCNX1507.jpg,0.8840656280517578,1121.147705078125,239.40444946289062,850.6298828125,1845.7408447265625,3776,2124,850,1845
BDF10-M6,2020,202005032158,SC,0,/Volumes/Seagate Portable Drive/KYLE_AI_DATABASE/A_CAMERA/Focal_species/Gulo gulo/BDF10-M6/SC/2020/B&W/Robust marks/05.03-21.58/RCNX1508.JPG,RCNX1508.JPG,BDF10-M6_2020_202005032158_RCNX1508.jpg,0.9310799837112427,1072.97119140625,225.72378540039062,899.7359619140625,1845.4024658203125,3776,2124,899,1845
BDF10-M6,2020,202005032158,SC,0,/Volumes/Seagate Portable Drive/KYLE_AI_DATABASE/A_CAMERA/Focal_species/Gulo gulo/BDF10-M6/SC/2020/B&W/Robust marks/05.03-21.58/RCNX1509.JPG,RCNX1509.JPG,BDF10-M6_2020_202005032158_RCNX1509.jpg,0.8914459347724915,1239.771240234375,222.66461181640625,747.0673828125,1863.287109375,3776,2124,747,1863
BDF10-M6,2020,202005032158,SC,0,/Volumes/Seagate Portable Drive/KYLE_AI_DATABASE/A_CAMERA/Focal_species/Gulo gulo/BDF10-M6/SC/2020/B&W/Robust marks/05.03-21.58/RCNX1510.JPG,RCNX1510.JPG,BDF10-M6_2020_202005032158_RCNX1510.jpg,0.8802938461303711,1246.0677490234375,204.96981811523438,718.6588134765625,1880.1300048828125,3776,2124,718,1880
BDF10-M6,2020,202005032158,SC,0,/Volumes/Seagate Portable Drive/KYLE_AI_DATABASE/A_CAMERA/Focal_species/Gulo gulo/BDF10-M6/SC/2020/B&W/Robust marks/05.03-21.58/RCNX1511.JPG,RCNX1511.JPG,BDF10-M6_2020_202005032158_RCNX1511.jpg,0.8042270541191101,1267.4105224609375,246.50514221191406,694.709228515625,1837.3515625,3776,2124,694,1837
BDF10-M6,2020,202005032158,SC,0,/Volumes/Seagate Portable Drive/KYLE_AI_DATABASE/A_CAMERA/Focal_species/Gulo gulo/BDF10-M6/SC/2020/B&W/Robust marks/05.03-21.58/RCNX1512.JPG,RCNX1512.JPG,BDF10-M6_2020_202005032158_RCNX1512.jpg,0.8956139087677002,1219.6483154296875,206.7315216064453,760.119873046875,1869.8157958984375,3776,2124,760,1869
BDF10-M6,2020,202005032158,SC,0,/Volumes/Seagate Portable Drive/KYLE_AI_DATABASE/A_CAMERA/Focal_species/Gulo gulo/BDF10-M6/SC/2020/B&W/Robust marks/05.03-21.58/RCNX1513.JPG,RCNX1513.JPG,BDF10-M6_2020_202005032158_RCNX1513.jpg,0.9353621006011963,1226.1917724609375,224.38674926757812,747.0408935546875,1851.2763671875,3776,2124,747,1851
BDF10-M6,2020,202005032158,SC,0,/Volumes/Seagate Portable Drive/KYLE_AI_DATABASE/A_CAMERA/Focal_species/Gulo gulo/BDF10-M6/SC/2020/B&W/Robust marks/05.03-21.58/RCNX1514.JPG,RCNX1514.JPG,BDF10-M6_2020_202005032158_RCNX1514.jpg,0.9001683592796326,1240.6378173828125,222.9530029296875,720.1376953125,1842.8148193359375,3776,2124,720,1842
BDF10-M6,2020,202005032158,SC,0,/Volumes/Seagate Portable Drive/KYLE_AI_DATABASE/A_CAMERA/Focal_species/Gulo gulo/BDF10-M6/SC/2020/B&W/Robust marks/05.03-21.58/RCNX1515.JPG,RCNX1515.JPG,BDF10-M6_2020_202005032158_RCNX1515.jpg,0.8840131163597107,1091.84228515625,199.45213317871094,863.753662109375,1864.3828125,3776,2124,863,1864
BDF10-M6,2020,202005032158,SC,0,/Volumes/Seagate Portable Drive/KYLE_AI_DATABASE/A_CAMERA/Focal_species/Gulo gulo/BDF10-M6/SC/2020/B&W/Robust marks/05.03-21.58/RCNX1516.JPG,RCNX1516.JPG,BDF10-M6_2020_202005032158_RCNX1516.jpg,0.924460768699646,1137.6851806640625,140.6977081298828,828.341552734375,1929.439697265625,3776,2124,828,1929
BDF10-M6,2020,202005032158,SC,0,/Volumes/Seagate Portable Drive/KYLE_AI_DATABASE/A_CAMERA/Focal_species/Gulo gulo/BDF10-M6/SC/2020/B&W/Robust marks/05.03-21.58/RCNX1517.JPG,RCNX1517.JPG,BDF10-M6_2020_202005032158_RCNX1517.jpg,0.9256445169448853,1247.351318359375,162.76742553710938,726.03466796875,1912.9595947265625,3776,2124,726,1912
BDF10-M6,2020,202005032158,SC,0,/Volumes/Seagate Portable Drive/KYLE_AI_DATABASE/A_CAMERA/Focal_species/Gulo gulo/BDF10-M6/SC/2020/B&W/Robust marks/05.03-21.58/RCNX1519.JPG,RCNX1519.JPG,BDF10-M6_2020_202005032158_RCNX1519.jpg,0.9101670384407043,1274.9365234375,465.7362365722656,699.062255859375,1618.8323974609375,3776,2124,699,1618
BDF10-M6,2020,202005032158,SC,0,/Volumes/Seagate Portable Drive/KYLE_AI_DATABASE/A_CAMERA/Focal_species/Gulo gulo/BDF10-M6/SC/2020/B&W/Robust marks/05.03-21.58/RCNX1520.JPG,RCNX1520.JPG,BDF10-M6_2020_202005032158_RCNX1520.jpg,0.8688527941703796,1257.7967529296875,217.5321044921875,686.8548583984375,1865.4285888671875,3776,2124,686,1865
BDF10-M6,2020,202005032158,SC,0,/Volumes/Seagate Portable Drive/KYLE_AI_DATABASE/A_CAMERA/Focal_species/Gulo gulo/BDF10-M6/SC/2020/B&W/Robust marks/05.03-21.58/RCNX1521.JPG,RCNX1521.JPG,BDF10-M6_2020_202005032158_RCNX1521.jpg,0.9011821150779724,1259.1368408203125,276.2219543457031,698.9130859375,1807.295654296875,3776,2124,698,1807
BDF10-M6,2020,202005032158,SC,0,/Volumes/Seagate Portable Drive/KYLE_AI_DATABASE/A_CAMERA/Focal_species/Gulo gulo/BDF10-M6/SC/2020/B&W/Robust marks/05.03-21.58/RCNX1522.JPG,RCNX1522.JPG,BDF10-M6_2020_202005032158_RCNX1522.jpg,0.8908085823059082,1312.7198486328125,415.5855712890625,666.44921875,1669.5435791015625,3776,2124,666,1669
BDF10-M6,2020,202005032158,SC,0,/Volumes/Seagate Portable Drive/KYLE_AI_DATABASE/A_CAMERA/Focal_species/Gulo gulo/BDF10-M6/SC/2020/B&W/Robust marks/05.03-21.58/RCNX1523.JPG,RCNX1523.JPG,BDF10-M6_2020_202005032158_RCNX1523.jpg,0.8892149925231934,1317.3740234375,308.4252624511719,657.2772216796875,1776.031982421875,3776,2124,657,1776
BDF10-M6,2020,202005032158,SC,0,/Volumes/Seagate Portable Drive/KYLE_AI_DATABASE/A_CAMERA/Focal_species/Gulo gulo/BDF10-M6/SC/2020/B&W/Robust marks/05.03-21.58/RCNX1525.JPG,RCNX1525.JPG,BDF10-M6_2020_202005032158_RCNX1525.jpg,0.8574977517127991,1292.58447265625,355.21484375,677.9935302734375,1725.78564453125,3776,2124,677,1725
BDF10-M6,2020,202005032158,SC,0,/Volumes/Seagate Portable Drive/KYLE_AI_DATABASE/A_CAMERA/Focal_species/Gulo gulo/BDF10-M6/SC/2020/B&W/Robust marks/05.03-21.58/RCNX1526.JPG,RCNX1526.JPG,BDF10-M6_2020_202005032158_RCNX1526.jpg,0.8348580002784729,1249.6180419921875,325.88458251953125,726.191650390625,1760.295654296875,3776,2124,726,1760
BDF10-M6,2020,202005032158,SC,0,/Volumes/Seagate Portable Drive/KYLE_AI_DATABASE/A_CAMERA/Focal_species/Gulo gulo/BDF10-M6/SC/2020/B&W/Robust marks/05.03-21.58/RCNX1527.JPG,RCNX1527.JPG,BDF10-M6_2020_202005032158_RCNX1527.jpg,0.859780490398407,1259.148193359375,318.9744873046875,705.984130859375,1760.2645263671875,3776,2124,705,1760
BDF10-M6,2020,202005032158,SC,0,/Volumes/Seagate Portable Drive/KYLE_AI_DATABASE/A_CAMERA/Focal_species/Gulo gulo/BDF10-M6/SC/2020/B&W/Robust marks/05.03-21.58/RCNX1528.JPG,RCNX1528.JPG,BDF10-M6_2020_202005032158_RCNX1528.jpg,0.838485836982727,1254.5933837890625,133.7342529296875,715.6356201171875,1946.5157470703125,3776,2124,715,1946
BDF10-M6,2020,202005032158,SC,0,/Volumes/Seagate Portable Drive/KYLE_AI_DATABASE/A_CAMERA/Focal_species/Gulo gulo/BDF10-M6/SC/2020/B&W/Robust marks/05.03-21.58/RCNX1529.JPG,RCNX1529.JPG,BDF10-M6_2020_202005032158_RCNX1529.jpg,0.830866277217865,1248.7725830078125,52.54100799560547,695.4739990234375,2014.72216796875,3776,2124,695,2014
BDF10-M6,2020,202005032158,SC,0,/Volumes/Seagate Portable Drive/KYLE_AI_DATABASE/A_CAMERA/Focal_species/Gulo gulo/BDF10-M6/SC/2020/B&W/Robust marks/05.03-21.58/RCNX1530.JPG,RCNX1530.JPG,BDF10-M6_2020_202005032158_RCNX1530.jpg,0.874305009841919,1250.3699951171875,76.49111938476562,687.040771484375,1989.2547607421875,3776,2124,687,1989
BDF10-M6,2020,202005032158,SC,0,/Volumes/Seagate Portable Drive/KYLE_AI_DATABASE/A_CAMERA/Focal_species/Gulo gulo/BDF10-M6/SC/2020/B&W/Robust marks/05.03-21.58/RCNX1531.JPG,RCNX1531.JPG,BDF10-M6_2020_202005032158_RCNX1531.jpg,0.895348310470581,1250.371337890625,185.49134826660156,694.0260009765625,1892.7125244140625,3776,2124,694,1892
BDF10-M6,2020,202005032158,SC,0,/Volumes/Seagate Portable Drive/KYLE_AI_DATABASE/A_CAMERA/Focal_species/Gulo gulo/BDF10-M6/SC/2020/B&W/Robust marks/05.03-21.58/RCNX1532.JPG,RCNX1532.JPG,BDF10-M6_2020_202005032158_RCNX1532.jpg,0.8689550757408142,1244.3863525390625,50.543701171875,688.9981689453125,2011.538330078125,3776,2124,688,2011
BDF10-M6,2020,202005032158,SC,0,/Volumes/Seagate Portable Drive/KYLE_AI_DATABASE/A_CAMERA/Focal_species/Gulo gulo/BDF10-M6/SC/2020/B&W/Robust marks/05.03-21.58/RCNX1533.JPG,RCNX1533.JPG,BDF10-M6_2020_202005032158_RCNX1533.jpg,0.8752443790435791,1247.0087890625,57.86284255981445,692.53515625,2010.69921875,3776,2124,692,2010
BDF10-M6,2020,202005032158,SC,0,/Volumes/Seagate Portable Drive/KYLE_AI_DATABASE/A_CAMERA/Focal_species/Gulo gulo/BDF10-M6/SC/2020/B&W/Robust marks/05.03-21.58/RCNX1534.JPG,RCNX1534.JPG,BDF10-M6_2020_202005032158_RCNX1534.jpg,0.9044557213783264,1244.363525390625,48.5619010925293,718.0482177734375,2032.4388427734375,3776,2124,718,2032
BDF10-M6,2020,202005032158,SC,0,/Volumes/Seagate Portable Drive/KYLE_AI_DATABASE/A_CAMERA/Focal_species/Gulo gulo/BDF10-M6/SC/2020/B&W/Robust marks/05.03-21.58/RCNX1535.JPG,RCNX1535.JPG,BDF10-M6_2020_202005032158_RCNX1535.jpg,0.9068580865859985,1247.005126953125,178.51174926757812,674.675048828125,1892.607177734375,3776,2124,674,1892
BDF10-M6,2020,202005032158,SC,0,/Volumes/Seagate Portable Drive/KYLE_AI_DATABASE/A_CAMERA/Focal_species/Gulo gulo/BDF10-M6/SC/2020/B&W/Robust marks/05.03-21.58/RCNX1537.JPG,RCNX1537.JPG,BDF10-M6_2020_202005032158_RCNX1537.jpg,0.8875248432159424,1258.5162353515625,73.72888946533203,705.888671875,1994.4158935546875,3776,2124,705,1994
BDF10-M6,2020,202005032158,SC,0,/Volumes/Seagate Portable Drive/KYLE_AI_DATABASE/A_CAMERA/Focal_species/Gulo gulo/BDF10-M6/SC/2020/B&W/Robust marks/05.03-21.58/RCNX1538.JPG,RCNX1538.JPG,BDF10-M6_2020_202005032158_RCNX1538.jpg,0.8256732821464539,1276.0926513671875,234.29689025878906,688.1650390625,1848.14501953125,3776,2124,688,1848
BDF10-M6,2020,202005032158,SC,0,/Volumes/Seagate Portable Drive/KYLE_AI_DATABASE/A_CAMERA/Focal_species/Gulo gulo/BDF10-M6/SC/2020/B&W/Robust marks/05.03-21.58/RCNX1539.JPG,RCNX1539.JPG,BDF10-M6_2020_202005032158_RCNX1539.jpg,0.8776691555976868,1293.105224609375,229.6349639892578,678.319091796875,1850.521240234375,3776,2124,678,1850
BDF10-M6,2020,202005032158,SC,0,/Volumes/Seagate Portable Drive/KYLE_AI_DATABASE/A_CAMERA/Focal_species/Gulo gulo/BDF10-M6/SC/2020/B&W/Robust marks/05.03-21.58/RCNX1541.JPG,RCNX1541.JPG,BDF10-M6_2020_202005032158_RCNX1541.jpg,0.8624683022499084,1275.85498046875,198.4773712158203,665.1546630859375,1885.2840576171875,3776,2124,665,1885
BDF10-M6,2020,202005032158,SC,0,/Volumes/Seagate Portable Drive/KYLE_AI_DATABASE/A_CAMERA/Focal_species/Gulo gulo/BDF10-M6/SC/2020/B&W/Robust marks/05.03-21.58/RCNX1542.JPG,RCNX1542.JPG,BDF10-M6_2020_202005032158_RCNX1542.jpg,0.8106776475906372,1296.90869140625,130.97828674316406,662.8170166015625,1940.186279296875,3776,2124,662,1940
BDF10-M6,2020,202005032158,SC,0,/Volumes/Seagate Portable Drive/KYLE_AI_DATABASE/A_CAMERA/Focal_species/Gulo gulo/BDF10-M6/SC/2020/B&W/Robust marks/05.03-21.58/RCNX1543.JPG,RCNX1543.JPG,BDF10-M6_2020_202005032158_RCNX1543.jpg,0.9192333221435547,1267.263916015625,303.2252197265625,713.177490234375,1780.7364501953125,3776,2124,713,1780
BDF10-M6,2020,202005032158,SC,0,/Volumes/Seagate Portable Drive/KYLE_AI_DATABASE/A_CAMERA/Focal_species/Gulo gulo/BDF10-M6/SC/2020/B&W/Robust marks/05.03-21.58/RCNX1545.JPG,RCNX1545.JPG,BDF10-M6_2020_202005032158_RCNX1545.jpg,0.8893195390701294,1241.759033203125,206.90895080566406,731.131591796875,1869.844970703125,3776,2124,731,1869
BDF10-M6,2020,202005032158,SC,0,/Volumes/Seagate Portable Drive/KYLE_AI_DATABASE/A_CAMERA/Focal_species/Gulo gulo/BDF10-M6/SC/2020/B&W/Robust marks/05.03-21.58/RCNX1548.JPG,RCNX1548.JPG,BDF10-M6_2020_202005032158_RCNX1548.jpg,0.8393807411193848,1235.888427734375,178.30337524414062,717.8218994140625,1510.77734375,3776,2124,717,1510
BDF10-M6,2020,202005032158,SC,0,/Volumes/Seagate Portable Drive/KYLE_AI_DATABASE/A_CAMERA/Focal_species/Gulo gulo/BDF10-M6/SC/2020/B&W/Robust marks/05.03-21.58/RCNX1550.JPG,RCNX1550.JPG,BDF10-M6_2020_202005032158_RCNX1550.jpg,0.8025655746459961,1230.962890625,121.46959686279297,726.3729248046875,1565.9359130859375,3776,2124,726,1565
BDF10-M6,2020,202005032158,SC,0,/Volumes/Seagate Portable Drive/KYLE_AI_DATABASE/A_CAMERA/Focal_species/Gulo gulo/BDF10-M6/SC/2020/B&W/Robust marks/05.03-21.58/RCNX1551.JPG,RCNX1551.JPG,BDF10-M6_2020_202005032158_RCNX1551.jpg,0.9059578776359558,1239.86572265625,203.846435546875,717.677734375,1869.1982421875,3776,2124,717,1869
BDF10-M6,2020,202005032158,SC,0,/Volumes/Seagate Portable Drive/KYLE_AI_DATABASE/A_CAMERA/Focal_species/Gulo gulo/BDF10-M6/SC/2020/B&W/Robust marks/05.03-21.58/RCNX1553.JPG,RCNX1553.JPG,BDF10-M6_2020_202005032158_RCNX1553.jpg,0.8979692459106445,1277.9544677734375,268.1368408203125,711.1375732421875,1815.3973388671875,3776,2124,711,1815
BDF10-M6,2020,202005032158,SC,0,/Volumes/Seagate Portable Drive/KYLE_AI_DATABASE/A_CAMERA/Focal_species/Gulo gulo/BDF10-M6/SC/2020/B&W/Robust marks/05.03-21.58/RCNX1554.JPG,RCNX1554.JPG,BDF10-M6_2020_202005032158_RCNX1554.jpg,0.8855446577072144,1266.940673828125,300.543212890625,781.7880859375,1784.422119140625,3776,2124,781,1784
BDF10-M6,2020,202005032158,SC,0,/Volumes/Seagate Portable Drive/KYLE_AI_DATABASE/A_CAMERA/Focal_species/Gulo gulo/BDF10-M6/SC/2020/B&W/Robust marks/05.03-21.58/RCNX1555.JPG,RCNX1555.JPG,BDF10-M6_2020_202005032158_RCNX1555.jpg,0.8656516075134277,1260.27734375,215.98289489746094,755.99658203125,1869.076416015625,3776,2124,755,1869
BDF10-M6,2020,202005032158,SC,0,/Volumes/Seagate Portable Drive/KYLE_AI_DATABASE/A_CAMERA/Focal_species/Gulo gulo/BDF10-M6/SC/2020/B&W/Robust marks/05.03-21.58/RCNX1556.JPG,RCNX1556.JPG,BDF10-M6_2020_202005032158_RCNX1556.jpg,0.9003505110740662,1275.5018310546875,526.4994506835938,764.4840087890625,1559.516357421875,3776,2124,764,1559
BDF10-M6,2020,202005032158,SC,0,/Volumes/Seagate Portable Drive/KYLE_AI_DATABASE/A_CAMERA/Focal_species/Gulo gulo/BDF10-M6/SC/2020/B&W/Robust marks/05.03-21.58/RCNX1557.JPG,RCNX1557.JPG,BDF10-M6_2020_202005032158_RCNX1557.jpg,0.8596023917198181,1297.1446533203125,393.2152404785156,752.4444580078125,1695.8311767578125,3776,2124,752,1695
BDF10-M6,2020,202005032158,SC,0,/Volumes/Seagate Portable Drive/KYLE_AI_DATABASE/A_CAMERA/Focal_species/Gulo gulo/BDF10-M6/SC/2020/B&W/Robust marks/05.03-21.58/RCNX1558.JPG,RCNX1558.JPG,BDF10-M6_2020_202005032158_RCNX1558.jpg,0.8909762501716614,1277.00439453125,464.038330078125,773.786865234375,1620.9560546875,3776,2124,773,1620
BDF10-M6,2020,202005032158,SC,0,/Volumes/Seagate Portable Drive/KYLE_AI_DATABASE/A_CAMERA/Focal_species/Gulo gulo/BDF10-M6/SC/2020/B&W/Robust marks/05.03-21.58/RCNX1559.JPG,RCNX1559.JPG,BDF10-M6_2020_202005032158_RCNX1559.jpg,0.8442962169647217,1268.5303955078125,478.8893127441406,671.45654296875,1599.6737060546875,3776,2124,671,1599
BDF10-M6,2020,202005032158,SC,0,/Volumes/Seagate Portable Drive/KYLE_AI_DATABASE/A_CAMERA/Focal_species/Gulo gulo/BDF10-M6/SC/2020/B&W/Robust marks/05.03-21.58/RCNX1560.JPG,RCNX1560.JPG,BDF10-M6_2020_202005032158_RCNX1560.jpg,0.9066523909568787,1273.49755859375,317.8753662109375,684.30810546875,1765.0909423828125,3776,2124,684,1765
BDF10-M6,2020,202005032158,SC,0,/Volumes/Seagate Portable Drive/KYLE_AI_DATABASE/A_CAMERA/Focal_species/Gulo gulo/BDF10-M6/SC/2020/B&W/Robust marks/05.03-21.58/RCNX1561.JPG,RCNX1561.JPG,BDF10-M6_2020_202005032158_RCNX1561.jpg,0.9151027798652649,1255.8258056640625,48.06809616088867,692.08642578125,2030.17626953125,3776,2124,692,2030
BDF10-M6,2020,202005032158,SC,0,/Volumes/Seagate Portable Drive/KYLE_AI_DATABASE/A_CAMERA/Focal_species/Gulo gulo/BDF10-M6/SC/2020/B&W/Robust marks/05.03-21.58/RCNX1562.JPG,RCNX1562.JPG,BDF10-M6_2020_202005032158_RCNX1562.jpg,0.8800138831138611,1267.9686279296875,322.7010498046875,681.5892333984375,1761.3023681640625,3776,2124,681,1761
BDF10-M6,2020,202005032158,SC,0,/Volumes/Seagate Portable Drive/KYLE_AI_DATABASE/A_CAMERA/Focal_species/Gulo gulo/BDF10-M6/SC/2020/B&W/Robust marks/05.03-21.58/RCNX1563.JPG,RCNX1563.JPG,BDF10-M6_2020_202005032158_RCNX1563.jpg,0.8785374760627747,1267.1658935546875,238.0013427734375,660.84423828125,1846.9498291015625,3776,2124,660,1846
BDF10-M6,2020,202005032158,SC,0,/Volumes/Seagate Portable Drive/KYLE_AI_DATABASE/A_CAMERA/Focal_species/Gulo gulo/BDF10-M6/SC/2020/B&W/Robust marks/05.03-21.58/RCNX1564.JPG,RCNX1564.JPG,BDF10-M6_2020_202005032158_RCNX1564.jpg,0.8019046187400818,1260.180908203125,225.08590698242188,673.0032958984375,1863.201171875,3776,2124,673,1863
BDF10-M6,2020,202005032158,SC,0,/Volumes/Seagate Portable Drive/KYLE_AI_DATABASE/A_CAMERA/Focal_species/Gulo gulo/BDF10-M6/SC/2020/B&W/Robust marks/05.03-21.58/RCNX1565.JPG,RCNX1565.JPG,BDF10-M6_2020_202005032158_RCNX1565.jpg,0.8995134830474854,1265.205078125,228.6112823486328,708.30224609375,1856.658447265625,3776,2124,708,1856
BDF10-M6,2020,202005032158,SC,0,/Volumes/Seagate Portable Drive/KYLE_AI_DATABASE/A_CAMERA/Focal_species/Gulo gulo/BDF10-M6/SC/2020/B&W/Robust marks/05.03-21.58/RCNX1566.JPG,RCNX1566.JPG,BDF10-M6_2020_202005032158_RCNX1566.jpg,0.8702877759933472,1259.2889404296875,302.75244140625,672.037841796875,1786.119140625,3776,2124,672,1786
BDF10-M6,2020,202005032158,SC,0,/Volumes/Seagate Portable Drive/KYLE_AI_DATABASE/A_CAMERA/Focal_species/Gulo gulo/BDF10-M6/SC/2020/B&W/Robust marks/05.03-21.58/RCNX1567.JPG,RCNX1567.JPG,BDF10-M6_2020_202005032158_RCNX1567.jpg,0.9071496725082397,1262.0662841796875,349.1346130371094,662.5152587890625,1735.2069091796875,3776,2124,662,1735
BDF10-M6,2020,202005032158,SC,0,/Volumes/Seagate Portable Drive/KYLE_AI_DATABASE/A_CAMERA/Focal_species/Gulo gulo/BDF10-M6/SC/2020/B&W/Robust marks/05.03-21.58/RCNX1568.JPG,RCNX1568.JPG,BDF10-M6_2020_202005032158_RCNX1568.jpg,0.8628988265991211,1261.304931640625,391.85546875,662.1048583984375,1695.08544921875,3776,2124,662,1695
BDF10-M6,2020,202005032158,SC,0,/Volumes/Seagate Portable Drive/KYLE_AI_DATABASE/A_CAMERA/Focal_species/Gulo gulo/BDF10-M6/SC/2020/B&W/Robust marks/05.03-21.58/RCNX1569.JPG,RCNX1569.JPG,BDF10-M6_2020_202005032158_RCNX1569.jpg,0.8925102353096008,1249.60546875,212.28067016601562,662.1429443359375,1860.9903564453125,3776,2124,662,1860
BDF10-M6,2020,202005032158,SC,0,/Volumes/Seagate Portable Drive/KYLE_AI_DATABASE/A_CAMERA/Focal_species/Gulo gulo/BDF10-M6/SC/2020/B&W/Robust marks/05.03-21.58/RCNX1570.JPG,RCNX1570.JPG,BDF10-M6_2020_202005032158_RCNX1570.jpg,0.8954999446868896,1251.8831787109375,251.05111694335938,645.5635986328125,1828.0550537109375,3776,2124,645,1828
BDF10-M6,2020,202005032158,SC,0,/Volumes/Seagate Portable Drive/KYLE_AI_DATABASE/A_CAMERA/Focal_species/Gulo gulo/BDF10-M6/SC/2020/B&W/Robust marks/05.03-21.58/RCNX1571.JPG,RCNX1571.JPG,BDF10-M6_2020_202005032158_RCNX1571.jpg,0.8934679627418518,1260.350830078125,227.2963409423828,701.8646240234375,1853.931640625,3776,2124,701,1853
BDF10-M6,2020,202005032158,SC,0,/Volumes/Seagate Portable Drive/KYLE_AI_DATABASE/A_CAMERA/Focal_species/Gulo gulo/BDF10-M6/SC/2020/B&W/Robust marks/05.03-21.58/RCNX1572.JPG,RCNX1572.JPG,BDF10-M6_2020_202005032158_RCNX1572.jpg,0.9064794778823853,1254.354248046875,235.602783203125,691.6761474609375,1848.20849609375,3776,2124,691,1848
BDF10-M6,2020,202005032158,SC,0,/Volumes/Seagate Portable Drive/KYLE_AI_DATABASE/A_CAMERA/Focal_species/Gulo gulo/BDF10-M6/SC/2020/B&W/Robust marks/05.03-21.58/RCNX1573.JPG,RCNX1573.JPG,BDF10-M6_2020_202005032158_RCNX1573.jpg,0.8455054759979248,1255.280029296875,229.49913024902344,681.2318115234375,1853.3377685546875,3776,2124,681,1853
BDF10-M6,2020,202005032158,SC,0,/Volumes/Seagate Portable Drive/KYLE_AI_DATABASE/A_CAMERA/Focal_species/Gulo gulo/BDF10-M6/SC/2020/B&W/Robust marks/05.03-21.58/RCNX1574.JPG,RCNX1574.JPG,BDF10-M6_2020_202005032158_RCNX1574.jpg,0.8882001638412476,1259.0076904296875,239.03921508789062,703.6588134765625,1844.5601806640625,3776,2124,703,1844
BDF10-M6,2020,202005032158,SC,0,/Volumes/Seagate Portable Drive/KYLE_AI_DATABASE/A_CAMERA/Focal_species/Gulo gulo/BDF10-M6/SC/2020/B&W/Robust marks/05.03-21.58/RCNX1575.JPG,RCNX1575.JPG,BDF10-M6_2020_202005032158_RCNX1575.jpg,0.8565661907196045,1259.330322265625,338.3609313964844,696.00732421875,1748.5228271484375,3776,2124,696,1748
BDF10-M6,2020,202005032158,SC,0,/Volumes/Seagate Portable Drive/KYLE_AI_DATABASE/A_CAMERA/Focal_species/Gulo gulo/BDF10-M6/SC/2020/B&W/Robust marks/05.03-21.58/RCNX1576.JPG,RCNX1576.JPG,BDF10-M6_2020_202005032158_RCNX1576.jpg,0.9183697700500488,1259.684326171875,296.6456298828125,706.39208984375,1785.2630615234375,3776,2124,706,1785
BDF10-M6,2020,202005032158,SC,0,/Volumes/Seagate Portable Drive/KYLE_AI_DATABASE/A_CAMERA/Focal_species/Gulo gulo/BDF10-M6/SC/2020/B&W/Robust marks/05.03-21.58/RCNX1577.JPG,RCNX1577.JPG,BDF10-M6_2020_202005032158_RCNX1577.jpg,0.9128752946853638,1250.286865234375,241.6087646484375,681.694580078125,1840.8568115234375,3776,2124,681,1840
BDF10-M6,2020,202005032158,SC,0,/Volumes/Seagate Portable Drive/KYLE_AI_DATABASE/A_CAMERA/Focal_species/Gulo gulo/BDF10-M6/SC/2020/B&W/Robust marks/05.03-21.58/RCNX1578.JPG,RCNX1578.JPG,BDF10-M6_2020_202005032158_RCNX1578.jpg,0.869587242603302,1254.9310302734375,305.5199279785156,701.4898681640625,1778.8709716796875,3776,2124,701,1778
BDF10-M6,2020,202005032158,SC,0,/Volumes/Seagate Portable Drive/KYLE_AI_DATABASE/A_CAMERA/Focal_species/Gulo gulo/BDF10-M6/SC/2020/B&W/Robust marks/05.03-21.58/RCNX1579.JPG,RCNX1579.JPG,BDF10-M6_2020_202005032158_RCNX1579.jpg,0.9002687335014343,1265.675537109375,303.2489013671875,677.7652587890625,1778.4041748046875,3776,2124,677,1778
BDF10-M6,2020,202005032158,SC,0,/Volumes/Seagate Portable Drive/KYLE_AI_DATABASE/A_CAMERA/Focal_species/Gulo gulo/BDF10-M6/SC/2020/B&W/Robust marks/05.03-21.58/RCNX1580.JPG,RCNX1580.JPG,BDF10-M6_2020_202005032158_RCNX1580.jpg,0.8852304220199585,1264.9365234375,299.6028747558594,688.92529296875,1780.2364501953125,3776,2124,688,1780
BDF10-M6,2020,202005032158,SC,0,/Volumes/Seagate Portable Drive/KYLE_AI_DATABASE/A_CAMERA/Focal_species/Gulo gulo/BDF10-M6/SC/2020/B&W/Robust marks/05.03-21.58/RCNX1581.JPG,RCNX1581.JPG,BDF10-M6_2020_202005032158_RCNX1581.jpg,0.868436872959137,1335.463623046875,471.5775146484375,599.678466796875,1615.2320556640625,3776,2124,599,1615
BDF10-M6,2020,202005032158,SC,0,/Volumes/Seagate Portable Drive/KYLE_AI_DATABASE/A_CAMERA/Focal_species/Gulo gulo/BDF10-M6/SC/2020/B&W/Robust marks/05.03-21.58/RCNX1582.JPG,RCNX1582.JPG,BDF10-M6_2020_202005032158_RCNX1582.jpg,0.8210345506668091,1335.84228515625,317.5476379394531,633.6871337890625,1763.052490234375,3776,2124,633,1763
BDF10-M6,2020,202005032158,SC,0,/Volumes/Seagate Portable Drive/KYLE_AI_DATABASE/A_CAMERA/Focal_species/Gulo gulo/BDF10-M6/SC/2020/B&W/Robust marks/05.03-21.58/RCNX1583.JPG,RCNX1583.JPG,BDF10-M6_2020_202005032158_RCNX1583.jpg,0.8245171904563904,1322.13916015625,321.0992431640625,654.021484375,1762.2489013671875,3776,2124,654,1762
BDF10-M6,2020,202005032158,SC,0,/Volumes/Seagate Portable Drive/KYLE_AI_DATABASE/A_CAMERA/Focal_species/Gulo gulo/BDF10-M6/SC/2020/B&W/Robust marks/05.03-21.58/RCNX1584.JPG,RCNX1584.JPG,BDF10-M6_2020_202005032158_RCNX1584.jpg,0.9281138181686401,1319.4691162109375,546.4910888671875,649.686767578125,1535.3939208984375,3776,2124,649,1535
BDF10-M6,2020,202005032158,SC,0,/Volumes/Seagate Portable Drive/KYLE_AI_DATABASE/A_CAMERA/Focal_species/Gulo gulo/BDF10-M6/SC/2020/B&W/Robust marks/05.03-21.58/RCNX1585.JPG,RCNX1585.JPG,BDF10-M6_2020_202005032158_RCNX1585.jpg,0.8147936463356018,1332.8685302734375,297.26007080078125,611.8265380859375,1783.420654296875,3776,2124,611,1783
BDF10-M6,2020,202005032158,SC,0,/Volumes/Seagate Portable Drive/KYLE_AI_DATABASE/A_CAMERA/Focal_species/Gulo gulo/BDF10-M6/SC/2020/B&W/Robust marks/05.03-21.58/RCNX1586.JPG,RCNX1586.JPG,BDF10-M6_2020_202005032158_RCNX1586.jpg,0.8523135185241699,1300.1839599609375,265.1991271972656,640.0537109375,1819.2486572265625,3776,2124,640,1819
BDF10-M6,2020,202005032158,SC,0,/Volumes/Seagate Portable Drive/KYLE_AI_DATABASE/A_CAMERA/Focal_species/Gulo gulo/BDF10-M6/SC/2020/B&W/Robust marks/05.03-21.58/RCNX1587.JPG,RCNX1587.JPG,BDF10-M6_2020_202005032158_RCNX1587.jpg,0.8535136580467224,1312.6754150390625,317.1687316894531,639.670166015625,1762.287353515625,3776,2124,639,1762
BDF10-M6,2020,202005032158,SC,0,/Volumes/Seagate Portable Drive/KYLE_AI_DATABASE/A_CAMERA/Focal_species/Gulo gulo/BDF10-M6/SC/2020/B&W/Robust marks/05.03-21.58/RCNX1588.JPG,RCNX1588.JPG,BDF10-M6_2020_202005032158_RCNX1588.jpg,0.8338173627853394,1255.2313232421875,297.5451354980469,549.5020751953125,1787.5791015625,3776,2124,549,1787
BDF10-M6,2020,202005032158,SC,0,/Volumes/Seagate Portable Drive/KYLE_AI_DATABASE/A_CAMERA/Focal_species/Gulo gulo/BDF10-M6/SC/2020/B&W/Robust marks/05.03-21.58/RCNX1589.JPG,RCNX1589.JPG,BDF10-M6_2020_202005032158_RCNX1589.jpg,0.8507891297340393,1246.3375244140625,317.2899475097656,616.6173095703125,1767.4244384765625,3776,2124,616,1767
BDF10-M6,2020,202005032158,SC,0,/Volumes/Seagate Portable Drive/KYLE_AI_DATABASE/A_CAMERA/Focal_species/Gulo gulo/BDF10-M6/SC/2020/B&W/Robust marks/05.03-21.58/RCNX1590.JPG,RCNX1590.JPG,BDF10-M6_2020_202005032158_RCNX1590.jpg,0.8838350176811218,1243.22265625,321.69647216796875,643.327880859375,1765.5556640625,3776,2124,643,1765
BDF10-M6,2020,202005032158,SC,0,/Volumes/Seagate Portable Drive/KYLE_AI_DATABASE/A_CAMERA/Focal_species/Gulo gulo/BDF10-M6/SC/2020/B&W/Robust marks/05.03-21.58/RCNX1591.JPG,RCNX1591.JPG,BDF10-M6_2020_202005032158_RCNX1591.jpg,0.9151652455329895,1178.80712890625,70.62155151367188,758.6822509765625,1989.48876953125,3776,2124,758,1989
BDF10-M6,2020,202005032158,SC,0,/Volumes/Seagate Portable Drive/KYLE_AI_DATABASE/A_CAMERA/Focal_species/Gulo gulo/BDF10-M6/SC/2020/B&W/Robust marks/05.03-21.58/RCNX1592.JPG,RCNX1592.JPG,BDF10-M6_2020_202005032158_RCNX1592.jpg,0.8732766509056091,1229.7259521484375,158.36756896972656,727.384765625,1914.5257568359375,3776,2124,727,1914
BDF10-M6,2020,202005032158,SC,0,/Volumes/Seagate Portable Drive/KYLE_AI_DATABASE/A_CAMERA/Focal_species/Gulo gulo/BDF10-M6/SC/2020/B&W/Robust marks/05.03-21.58/RCNX1593.JPG,RCNX1593.JPG,BDF10-M6_2020_202005032158_RCNX1593.jpg,0.9121621251106262,1236.2647705078125,440.833251953125,726.7901611328125,1644.73583984375,3776,2124,726,1644
BDF10-M6,2020,202005032158,SC,0,/Volumes/Seagate Portable Drive/KYLE_AI_DATABASE/A_CAMERA/Focal_species/Gulo gulo/BDF10-M6/SC/2020/B&W/Robust marks/05.03-21.58/RCNX1594.JPG,RCNX1594.JPG,BDF10-M6_2020_202005032158_RCNX1594.jpg,0.8730422258377075,1233.6427001953125,54.094459533691406,684.9202880859375,2011.352294921875,3776,2124,684,2011
BDF10-M6,2020,202005032158,SC,0,/Volumes/Seagate Portable Drive/KYLE_AI_DATABASE/A_CAMERA/Focal_species/Gulo gulo/BDF10-M6/SC/2020/B&W/Robust marks/05.03-21.58/RCNX1595.JPG,RCNX1595.JPG,BDF10-M6_2020_202005032158_RCNX1595.jpg,0.871415913105011,1247.62451171875,418.8111572265625,709.1580810546875,1667.0145263671875,3776,2124,709,1667
BDF10-M6,2020,202005032158,SC,0,/Volumes/Seagate Portable Drive/KYLE_AI_DATABASE/A_CAMERA/Focal_species/Gulo gulo/BDF10-M6/SC/2020/B&W/Robust marks/05.03-21.58/RCNX1596.JPG,RCNX1596.JPG,BDF10-M6_2020_202005032158_RCNX1596.jpg,0.8251993060112,1249.39111328125,163.109130859375,694.43359375,1914.606201171875,3776,2124,694,1914
BDF10-M6,2020,202005032158,SC,0,/Volumes/Seagate Portable Drive/KYLE_AI_DATABASE/A_CAMERA/Focal_species/Gulo gulo/BDF10-M6/SC/2020/B&W/Robust marks/05.03-21.58/RCNX1597.JPG,RCNX1597.JPG,BDF10-M6_2020_202005032158_RCNX1597.jpg,0.8776321411132812,1254.3948974609375,419.8967590332031,697.455078125,1665.98046875,3776,2124,697,1665
BDF10-M6,2020,202005032158,SC,0,/Volumes/Seagate Portable Drive/KYLE_AI_DATABASE/A_CAMERA/Focal_species/Gulo gulo/BDF10-M6/SC/2020/B&W/Robust marks/05.03-21.58/RCNX1598.JPG,RCNX1598.JPG,BDF10-M6_2020_202005032158_RCNX1598.jpg,0.9089169502258301,1258.7664794921875,182.88681030273438,679.8349609375,1897.4752197265625,3776,2124,679,1897
BDF10-M6,2020,202005032158,SC,0,/Volumes/Seagate Portable Drive/KYLE_AI_DATABASE/A_CAMERA/Focal_species/Gulo gulo/BDF10-M6/SC/2020/B&W/Robust marks/05.03-21.58/RCNX1599.JPG,RCNX1599.JPG,BDF10-M6_2020_202005032158_RCNX1599.jpg,0.881087064743042,1258.054931640625,192.71884155273438,686.243408203125,1888.7008056640625,3776,2124,686,1888
BDF10-M6,2020,202005032158,SC,0,/Volumes/Seagate Portable Drive/KYLE_AI_DATABASE/A_CAMERA/Focal_species/Gulo gulo/BDF10-M6/SC/2020/B&W/Robust marks/05.03-21.58/RCNX1600.JPG,RCNX1600.JPG,BDF10-M6_2020_202005032158_RCNX1600.jpg,0.8162292242050171,1245.30908203125,245.4389190673828,707.760986328125,1844.191162109375,3776,2124,707,1844
BDF10-M6,2020,202005032158,SC,0,/Volumes/Seagate Portable Drive/KYLE_AI_DATABASE/A_CAMERA/Focal_species/Gulo gulo/BDF10-M6/SC/2020/B&W/Robust marks/05.03-21.58/RCNX1601.JPG,RCNX1601.JPG,BDF10-M6_2020_202005032158_RCNX1601.jpg,0.8404300212860107,1245.1141357421875,429.70440673828125,714.3343505859375,1653.570068359375,3776,2124,714,1653
BDF10-M6,2020,202005032158,SC,0,/Volumes/Seagate Portable Drive/KYLE_AI_DATABASE/A_CAMERA/Focal_species/Gulo gulo/BDF10-M6/SC/2020/B&W/Robust marks/05.03-21.58/RCNX1602.JPG,RCNX1602.JPG,BDF10-M6_2020_202005032158_RCNX1602.jpg,0.8650243878364563,1246.6910400390625,422.64056396484375,692.114013671875,1658.939208984375,3776,2124,692,1658
BDF10-M6,2020,202005032158,SC,0,/Volumes/Seagate Portable Drive/KYLE_AI_DATABASE/A_CAMERA/Focal_species/Gulo gulo/BDF10-M6/SC/2020/B&W/Robust marks/05.03-21.58/RCNX1603.JPG,RCNX1603.JPG,BDF10-M6_2020_202005032158_RCNX1603.jpg,0.8374754190444946,1245.07177734375,425.5380554199219,698.7025146484375,1655.196044921875,3776,2124,698,1655
BDF10-M6,2020,202005032158,SC,0,/Volumes/Seagate Portable Drive/KYLE_AI_DATABASE/A_CAMERA/Focal_species/Gulo gulo/BDF10-M6/SC/2020/B&W/Robust marks/05.03-21.58/RCNX1604.JPG,RCNX1604.JPG,BDF10-M6_2020_202005032158_RCNX1604.jpg,0.8377910256385803,1245.31591796875,414.1787109375,706.2049560546875,1671.67919921875,3776,2124,706,1671
BDF10-M6,2020,202005032158,SC,0,/Volumes/Seagate Portable Drive/KYLE_AI_DATABASE/A_CAMERA/Focal_species/Gulo gulo/BDF10-M6/SC/2020/B&W/Robust marks/05.03-21.58/RCNX1605.JPG,RCNX1605.JPG,BDF10-M6_2020_202005032158_RCNX1605.jpg,0.8990958333015442,1247.3673095703125,435.5200500488281,695.3309326171875,1647.486083984375,3776,2124,695,1647
BDF10-M6,2020,202005032158,SC,0,/Volumes/Seagate Portable Drive/KYLE_AI_DATABASE/A_CAMERA/Focal_species/Gulo gulo/BDF10-M6/SC/2020/B&W/Robust marks/05.03-21.58/RCNX1606.JPG,RCNX1606.JPG,BDF10-M6_2020_202005032158_RCNX1606.jpg,0.8931702971458435,1253.599365234375,457.96600341796875,711.3873291015625,1624.644287109375,3776,2124,711,1624
BDF10-M6,2020,202005032158,SC,0,/Volumes/Seagate Portable Drive/KYLE_AI_DATABASE/A_CAMERA/Focal_species/Gulo gulo/BDF10-M6/SC/2020/B&W/Robust marks/05.03-21.58/RCNX1607.JPG,RCNX1607.JPG,BDF10-M6_2020_202005032158_RCNX1607.jpg,0.8996868133544922,1267.85107421875,461.75115966796875,681.3028564453125,1622.51806640625,3776,2124,681,1622
BDF10-M6,2020,202005032158,SC,0,/Volumes/Seagate Portable Drive/KYLE_AI_DATABASE/A_CAMERA/Focal_species/Gulo gulo/BDF10-M6/SC/2020/B&W/Robust marks/05.03-21.58/RCNX1608.JPG,RCNX1608.JPG,BDF10-M6_2020_202005032158_RCNX1608.jpg,0.8856810927391052,1261.1326904296875,457.80718994140625,711.8670654296875,1626.904296875,3776,2124,711,1626
BDF10-M6,2020,202005032158,SC,0,/Volumes/Seagate Portable Drive/KYLE_AI_DATABASE/A_CAMERA/Focal_species/Gulo gulo/BDF10-M6/SC/2020/B&W/Robust marks/05.03-21.58/RCNX1609.JPG,RCNX1609.JPG,BDF10-M6_2020_202005032158_RCNX1609.jpg,0.8923818469047546,1255.6722412109375,459.9672546386719,708.1119384765625,1623.962158203125,3776,2124,708,1623
BDF10-M6,2020,202005032158,SC,0,/Volumes/Seagate Portable Drive/KYLE_AI_DATABASE/A_CAMERA/Focal_species/Gulo gulo/BDF10-M6/SC/2020/B&W/Robust marks/05.03-21.58/RCNX1610.JPG,RCNX1610.JPG,BDF10-M6_2020_202005032158_RCNX1610.jpg,0.8988404273986816,1263.9068603515625,459.55035400390625,706.9560546875,1623.3720703125,3776,2124,706,1623
BDF10-M6,2020,202005032158,SC,0,/Volumes/Seagate Portable Drive/KYLE_AI_DATABASE/A_CAMERA/Focal_species/Gulo gulo/BDF10-M6/SC/2020/B&W/Robust marks/05.03-21.58/RCNX1611.JPG,RCNX1611.JPG,BDF10-M6_2020_202005032158_RCNX1611.jpg,0.8849655389785767,1257.437744140625,435.3992614746094,712.48779296875,1651.7012939453125,3776,2124,712,1651
BDF10-M6,2020,202005032158,SC,0,/Volumes/Seagate Portable Drive/KYLE_AI_DATABASE/A_CAMERA/Focal_species/Gulo gulo/BDF10-M6/SC/2020/B&W/Robust marks/05.03-21.58/RCNX1612.JPG,RCNX1612.JPG,BDF10-M6_2020_202005032158_RCNX1612.jpg,0.9003171920776367,1254.9542236328125,254.12774658203125,697.8499755859375,1828.09716796875,3776,2124,697,1828
BDF10-M6,2020,202005032158,SC,0,/Volumes/Seagate Portable Drive/KYLE_AI_DATABASE/A_CAMERA/Focal_species/Gulo gulo/BDF10-M6/SC/2020/B&W/Robust marks/05.03-21.58/RCNX1613.JPG,RCNX1613.JPG,BDF10-M6_2020_202005032158_RCNX1613.jpg,0.8963988423347473,1266.5565185546875,240.13082885742188,695.2344970703125,1842.23193359375,3776,2124,695,1842
BDF10-M6,2020,202005032158,SC,0,/Volumes/Seagate Portable Drive/KYLE_AI_DATABASE/A_CAMERA/Focal_species/Gulo gulo/BDF10-M6/SC/2020/B&W/Robust marks/05.03-21.58/RCNX1614.JPG,RCNX1614.JPG,BDF10-M6_2020_202005032158_RCNX1614.jpg,0.9378674030303955,1310.004150390625,382.46337890625,678.4735107421875,1700.06787109375,3776,2124,678,1700
BDF10-M6,2020,202005032158,SC,0,/Volumes/Seagate Portable Drive/KYLE_AI_DATABASE/A_CAMERA/Focal_species/Gulo gulo/BDF10-M6/SC/2020/B&W/Robust marks/05.03-21.58/RCNX1617.JPG,RCNX1617.JPG,BDF10-M6_2020_202005032158_RCNX1617.jpg,0.8191351294517517,1230.389404296875,46.799686431884766,711.430908203125,1632.646484375,3776,2124,711,1632
BDF10-M6,2020,202005032158,SC,0,/Volumes/Seagate Portable Drive/KYLE_AI_DATABASE/A_CAMERA/Focal_species/Gulo gulo/BDF10-M6/SC/2020/B&W/Robust marks/05.03-21.58/RCNX1619.JPG,RCNX1619.JPG,BDF10-M6_2020_202005032158_RCNX1619.jpg,0.8748926520347595,1245.258056640625,184.3415069580078,760.4840087890625,1892.150146484375,3776,2124,760,1892
BDF10-M6,2020,202005032158,SC,0,/Volumes/Seagate Portable Drive/KYLE_AI_DATABASE/A_CAMERA/Focal_species/Gulo gulo/BDF10-M6/SC/2020/B&W/Robust marks/05.03-21.58/RCNX1621.JPG,RCNX1621.JPG,BDF10-M6_2020_202005032158_RCNX1621.jpg,0.8640801906585693,1239.9443359375,139.7689666748047,730.0035400390625,1944.3897705078125,3776,2124,730,1944
BDF10-M6,2020,202005032158,SC,0,/Volumes/Seagate Portable Drive/KYLE_AI_DATABASE/A_CAMERA/Focal_species/Gulo gulo/BDF10-M6/SC/2020/B&W/Robust marks/05.03-21.58/RCNX1622.JPG,RCNX1622.JPG,BDF10-M6_2020_202005032158_RCNX1622.jpg,0.8681561350822449,1253.0711669921875,166.87997436523438,711.3487548828125,1916.3448486328125,3776,2124,711,1916
BDF10-M6,2020,202005032158,SC,0,/Volumes/Seagate Portable Drive/KYLE_AI_DATABASE/A_CAMERA/Focal_species/Gulo gulo/BDF10-M6/SC/2020/B&W/Robust marks/05.03-21.58/RCNX1623.JPG,RCNX1623.JPG,BDF10-M6_2020_202005032158_RCNX1623.jpg,0.8311517238616943,1236.8092041015625,57.456199645996094,709.65576171875,2010.3895263671875,3776,2124,709,2010
BDF10-M6,2020,202005032158,SC,0,/Volumes/Seagate Portable Drive/KYLE_AI_DATABASE/A_CAMERA/Focal_species/Gulo gulo/BDF10-M6/SC/2020/B&W/Robust marks/05.03-21.58/RCNX1624.JPG,RCNX1624.JPG,BDF10-M6_2020_202005032158_RCNX1624.jpg,0.8488066792488098,1241.8038330078125,154.91941833496094,719.9254150390625,1925.516357421875,3776,2124,719,1925
BDF10-M6,2020,202005032158,SC,0,/Volumes/Seagate Portable Drive/KYLE_AI_DATABASE/A_CAMERA/Focal_species/Gulo gulo/BDF10-M6/SC/2020/B&W/Robust marks/05.03-21.58/RCNX1625.JPG,RCNX1625.JPG,BDF10-M6_2020_202005032158_RCNX1625.jpg,0.8908331394195557,1240.414306640625,94.24826049804688,723.6531982421875,1974.101318359375,3776,2124,723,1974
BDF10-M6,2020,202005032158,SC,0,/Volumes/Seagate Portable Drive/KYLE_AI_DATABASE/A_CAMERA/Focal_species/Gulo gulo/BDF10-M6/SC/2020/B&W/Robust marks/05.03-21.58/RCNX1626.JPG,RCNX1626.JPG,BDF10-M6_2020_202005032158_RCNX1626.jpg,0.830790638923645,1241.600830078125,107.55768585205078,708.6630859375,1972.1895751953125,3776,2124,708,1972
BDF10-M6,2020,202005032158,SC,0,/Volumes/Seagate Portable Drive/KYLE_AI_DATABASE/A_CAMERA/Focal_species/Gulo gulo/BDF10-M6/SC/2020/B&W/Robust marks/05.03-21.58/RCNX1628.JPG,RCNX1628.JPG,BDF10-M6_2020_202005032158_RCNX1628.jpg,0.8117028474807739,1245.162109375,263.10845947265625,726.3123779296875,1823.447998046875,3776,2124,726,1823
BDF10-M6,2020,202005032158,SC,0,/Volumes/Seagate Portable Drive/KYLE_AI_DATABASE/A_CAMERA/Focal_species/Gulo gulo/BDF10-M6/SC/2020/B&W/Robust marks/05.03-21.58/RCNX1629.JPG,RCNX1629.JPG,BDF10-M6_2020_202005032158_RCNX1629.jpg,0.8454172611236572,1240.900634765625,306.7961120605469,744.8997802734375,1781.193359375,3776,2124,744,1781
BDF10-M6,2020,202005032158,SC,0,/Volumes/Seagate Portable Drive/KYLE_AI_DATABASE/A_CAMERA/Focal_species/Gulo gulo/BDF10-M6/SC/2020/B&W/Robust marks/05.03-21.58/RCNX1630.JPG,RCNX1630.JPG,BDF10-M6_2020_202005032158_RCNX1630.jpg,0.823881208896637,1242.9967041015625,301.84307861328125,734.103759765625,1782.39990234375,3776,2124,734,1782
BDF10-M6,2020,202005032158,SC,0,/Volumes/Seagate Portable Drive/KYLE_AI_DATABASE/A_CAMERA/Focal_species/Gulo gulo/BDF10-M6/SC/2020/B&W/Robust marks/05.03-21.58/RCNX1631.JPG,RCNX1631.JPG,BDF10-M6_2020_202005032158_RCNX1631.jpg,0.9196679592132568,1242.5458984375,293.9186096191406,715.880126953125,1788.5648193359375,3776,2124,715,1788
BDF10-M6,2020,202005032158,SC,0,/Volumes/Seagate Portable Drive/KYLE_AI_DATABASE/A_CAMERA/Focal_species/Gulo gulo/BDF10-M6/SC/2020/B&W/Robust marks/05.03-21.58/RCNX1632.JPG,RCNX1632.JPG,BDF10-M6_2020_202005032158_RCNX1632.jpg,0.9300664663314819,1233.8770751953125,267.3993225097656,805.1629638671875,1813.3983154296875,3776,2124,805,1813
BDF10-M6,2020,202005032158,SC,0,/Volumes/Seagate Portable Drive/KYLE_AI_DATABASE/A_CAMERA/Focal_species/Gulo gulo/BDF10-M6/SC/2020/B&W/Robust marks/05.03-21.58/RCNX1633.JPG,RCNX1633.JPG,BDF10-M6_2020_202005032158_RCNX1633.jpg,0.8872600197792053,1252.1998291015625,257.36724853515625,724.1214599609375,1830.791259765625,3776,2124,724,1830
BDF10-M6,2020,202005032158,SC,0,/Volumes/Seagate Portable Drive/KYLE_AI_DATABASE/A_CAMERA/Focal_species/Gulo gulo/BDF10-M6/SC/2020/B&W/Robust marks/05.03-21.58/RCNX1634.JPG,RCNX1634.JPG,BDF10-M6_2020_202005032158_RCNX1634.jpg,0.8984967470169067,1221.329345703125,255.46920776367188,746.824951171875,1828.102294921875,3776,2124,746,1828
BDF10-M6,2020,202005032158,SC,0,/Volumes/Seagate Portable Drive/KYLE_AI_DATABASE/A_CAMERA/Focal_species/Gulo gulo/BDF10-M6/SC/2020/B&W/Robust marks/05.03-21.58/RCNX1635.JPG,RCNX1635.JPG,BDF10-M6_2020_202005032158_RCNX1635.jpg,0.8578085899353027,1222.3160400390625,241.5640106201172,748.4617919921875,1838.221435546875,3776,2124,748,1838
BDF10-M6,2020,202005032158,SC,0,/Volumes/Seagate Portable Drive/KYLE_AI_DATABASE/A_CAMERA/Focal_species/Gulo gulo/BDF10-M6/SC/2020/B&W/Robust marks/05.03-21.58/RCNX1636.JPG,RCNX1636.JPG,BDF10-M6_2020_202005032158_RCNX1636.jpg,0.9013049006462097,1249.4200439453125,264.6377868652344,725.791259765625,1821.5469970703125,3776,2124,725,1821
BDF10-M6,2020,202005032158,SC,0,/Volumes/Seagate Portable Drive/KYLE_AI_DATABASE/A_CAMERA/Focal_species/Gulo gulo/BDF10-M6/SC/2020/B&W/Robust marks/05.03-21.58/RCNX1637.JPG,RCNX1637.JPG,BDF10-M6_2020_202005032158_RCNX1637.jpg,0.8321758508682251,1222.9766845703125,243.23031616210938,695.11474609375,1837.4241943359375,3776,2124,695,1837
BDF10-M6,2020,202005032158,SC,0,/Volumes/Seagate Portable Drive/KYLE_AI_DATABASE/A_CAMERA/Focal_species/Gulo gulo/BDF10-M6/SC/2020/B&W/Robust marks/05.03-21.58/RCNX1638.JPG,RCNX1638.JPG,BDF10-M6_2020_202005032158_RCNX1638.jpg,0.8896894454956055,1233.147705078125,247.6501922607422,697.5601806640625,1832.688232421875,3776,2124,697,1832
BDF10-M6,2020,202005032158,SC,0,/Volumes/Seagate Portable Drive/KYLE_AI_DATABASE/A_CAMERA/Focal_species/Gulo gulo/BDF10-M6/SC/2020/B&W/Robust marks/05.03-21.58/RCNX1639.JPG,RCNX1639.JPG,BDF10-M6_2020_202005032158_RCNX1639.jpg,0.9034740924835205,1259.0888671875,239.95623779296875,697.576171875,1843.93994140625,3776,2124,697,1843
BDF10-M6,2020,202005032158,SC,0,/Volumes/Seagate Portable Drive/KYLE_AI_DATABASE/A_CAMERA/Focal_species/Gulo gulo/BDF10-M6/SC/2020/B&W/Robust marks/05.03-21.58/RCNX1640.JPG,RCNX1640.JPG,BDF10-M6_2020_202005032158_RCNX1640.jpg,0.8977667093276978,1254.836669921875,183.54505920410156,684.5992431640625,1900.7449951171875,3776,2124,684,1900
BDF10-M6,2020,202005032158,SC,0,/Volumes/Seagate Portable Drive/KYLE_AI_DATABASE/A_CAMERA/Focal_species/Gulo gulo/BDF10-M6/SC/2020/B&W/Robust marks/05.03-21.58/RCNX1641.JPG,RCNX1641.JPG,BDF10-M6_2020_202005032158_RCNX1641.jpg,0.8282604813575745,1261.0308837890625,58.27479934692383,710.6065673828125,2002.2960205078125,3776,2124,710,2002
BDF10-M6,2020,202005032158,SC,0,/Volumes/Seagate Portable Drive/KYLE_AI_DATABASE/A_CAMERA/Focal_species/Gulo gulo/BDF10-M6/SC/2020/B&W/Robust marks/05.03-21.58/RCNX1642.JPG,RCNX1642.JPG,BDF10-M6_2020_202005032158_RCNX1642.jpg,0.9006152749061584,1293.8692626953125,266.84771728515625,665.2073974609375,1815.546142578125,3776,2124,665,1815
BDF10-M6,2020,202005032158,SC,0,/Volumes/Seagate Portable Drive/KYLE_AI_DATABASE/A_CAMERA/Focal_species/Gulo gulo/BDF10-M6/SC/2020/B&W/Robust marks/05.03-21.58/RCNX1643.JPG,RCNX1643.JPG,BDF10-M6_2020_202005032158_RCNX1643.jpg,0.9014204740524292,1262.0650634765625,242.10458374023438,660.5535888671875,1842.8621826171875,3776,2124,660,1842
BDF10-M6,2020,202005032158,SC,0,/Volumes/Seagate Portable Drive/KYLE_AI_DATABASE/A_CAMERA/Focal_species/Gulo gulo/BDF10-M6/SC/2020/B&W/Robust marks/05.03-21.58/RCNX1644.JPG,RCNX1644.JPG,BDF10-M6_2020_202005032158_RCNX1644.jpg,0.9073115587234497,1264.1785888671875,297.4786071777344,646.6986083984375,1786.2528076171875,3776,2124,646,1786
BDF10-M6,2020,202005032158,SC,0,/Volumes/Seagate Portable Drive/KYLE_AI_DATABASE/A_CAMERA/Focal_species/Gulo gulo/BDF10-M6/SC/2020/B&W/Robust marks/05.03-21.58/RCNX1645.JPG,RCNX1645.JPG,BDF10-M6_2020_202005032158_RCNX1645.jpg,0.8692159056663513,1271.5504150390625,337.75482177734375,709.7174072265625,1748.08203125,3776,2124,709,1748
BDF10-M6,2020,202005032158,SC,0,/Volumes/Seagate Portable Drive/KYLE_AI_DATABASE/A_CAMERA/Focal_species/Gulo gulo/BDF10-M6/SC/2020/B&W/Robust marks/05.03-21.58/RCNX1646.JPG,RCNX1646.JPG,BDF10-M6_2020_202005032158_RCNX1646.jpg,0.8989796042442322,1248.1629638671875,315.56646728515625,693.059814453125,1771.526611328125,3776,2124,693,1771
BDF10-M6,2020,202005032158,SC,0,/Volumes/Seagate Portable Drive/KYLE_AI_DATABASE/A_CAMERA/Focal_species/Gulo gulo/BDF10-M6/SC/2020/B&W/Robust marks/05.03-21.58/RCNX1647.JPG,RCNX1647.JPG,BDF10-M6_2020_202005032158_RCNX1647.jpg,0.8952950835227966,1252.7021484375,336.6672058105469,672.994140625,1748.956787109375,3776,2124,672,1748
BDF10-M6,2020,202005032158,SC,0,/Volumes/Seagate Portable Drive/KYLE_AI_DATABASE/A_CAMERA/Focal_species/Gulo gulo/BDF10-M6/SC/2020/B&W/Robust marks/05.03-21.58/RCNX1648.JPG,RCNX1648.JPG,BDF10-M6_2020_202005032158_RCNX1648.jpg,0.90760338306427,1242.401123046875,258.6077575683594,714.86669921875,1820.7769775390625,3776,2124,714,1820
BDF10-M6,2020,202005032158,SC,0,/Volumes/Seagate Portable Drive/KYLE_AI_DATABASE/A_CAMERA/Focal_species/Gulo gulo/BDF10-M6/SC/2020/B&W/Robust marks/05.03-21.58/RCNX1649.JPG,RCNX1649.JPG,BDF10-M6_2020_202005032158_RCNX1649.jpg,0.9059064984321594,1239.745849609375,233.0089874267578,707.0338134765625,1839.824951171875,3776,2124,707,1839
BDF10-M6,2020,202005032158,SC,0,/Volumes/Seagate Portable Drive/KYLE_AI_DATABASE/A_CAMERA/Focal_species/Gulo gulo/BDF10-M6/SC/2020/B&W/Robust marks/05.03-21.58/RCNX1650.JPG,RCNX1650.JPG,BDF10-M6_2020_202005032158_RCNX1650.jpg,0.9141795039176941,1256.394775390625,322.90594482421875,689.784423828125,1760.8076171875,3776,2124,689,1760
BDF10-M6,2020,202005032158,SC,0,/Volumes/Seagate Portable Drive/KYLE_AI_DATABASE/A_CAMERA/Focal_species/Gulo gulo/BDF10-M6/SC/2020/B&W/Robust marks/05.03-21.58/RCNX1651.JPG,RCNX1651.JPG,BDF10-M6_2020_202005032158_RCNX1651.jpg,0.8960375189781189,1286.4658203125,336.0443115234375,675.021484375,1747.0279541015625,3776,2124,675,1747
BDF10-M6,2020,202005032158,SC,0,/Volumes/Seagate Portable Drive/KYLE_AI_DATABASE/A_CAMERA/Focal_species/Gulo gulo/BDF10-M6/SC/2020/B&W/Robust marks/05.03-21.58/RCNX1652.JPG,RCNX1652.JPG,BDF10-M6_2020_202005032158_RCNX1652.jpg,0.8785704970359802,1277.278076171875,450.5070495605469,698.59375,1634.01513671875,3776,2124,698,1634
BDF10-M6,2020,202005032158,SC,0,/Volumes/Seagate Portable Drive/KYLE_AI_DATABASE/A_CAMERA/Focal_species/Gulo gulo/BDF10-M6/SC/2020/B&W/Robust marks/05.03-21.58/RCNX1653.JPG,RCNX1653.JPG,BDF10-M6_2020_202005032158_RCNX1653.jpg,0.8773652911186218,1323.1741943359375,352.38690185546875,624.106689453125,1731.917236328125,3776,2124,624,1731
BDF10-M6,2020,202005032158,SC,0,/Volumes/Seagate Portable Drive/KYLE_AI_DATABASE/A_CAMERA/Focal_species/Gulo gulo/BDF10-M6/SC/2020/B&W/Robust marks/05.03-21.58/RCNX1654.JPG,RCNX1654.JPG,BDF10-M6_2020_202005032158_RCNX1654.jpg,0.9173920154571533,1315.227294921875,373.3536682128906,672.2509765625,1711.4532470703125,3776,2124,672,1711
BDF10-M6,2020,202005032158,SC,0,/Volumes/Seagate Portable Drive/KYLE_AI_DATABASE/A_CAMERA/Focal_species/Gulo gulo/BDF10-M6/SC/2020/B&W/Robust marks/05.03-21.58/RCNX1655.JPG,RCNX1655.JPG,BDF10-M6_2020_202005032158_RCNX1655.jpg,0.8036492466926575,1423.3763427734375,379.1648254394531,639.8848876953125,1701.89990234375,3776,2124,639,1701
BDF10-M6,2020,202005032158,SC,0,/Volumes/Seagate Portable Drive/KYLE_AI_DATABASE/A_CAMERA/Focal_species/Gulo gulo/BDF10-M6/SC/2020/B&W/Robust marks/05.03-21.58/RCNX1656.JPG,RCNX1656.JPG,BDF10-M6_2020_202005032158_RCNX1656.jpg,0.8137385845184326,1418.4459228515625,318.91455078125,660.1282958984375,1764.358154296875,3776,2124,660,1764
BDF10-M6,2020,202005032158,SC,0,/Volumes/Seagate Portable Drive/KYLE_AI_DATABASE/A_CAMERA/Focal_species/Gulo gulo/BDF10-M6/SC/2020/B&W/Robust marks/05.03-21.58/RCNX1657.JPG,RCNX1657.JPG,BDF10-M6_2020_202005032158_RCNX1657.jpg,0.8633096218109131,1365.5418701171875,349.71246337890625,709.2349853515625,1735.613037109375,3776,2124,709,1735
BDF10-M6,2020,202005032158,SC,0,/Volumes/Seagate Portable Drive/KYLE_AI_DATABASE/A_CAMERA/Focal_species/Gulo gulo/BDF10-M6/SC/2020/B&W/Robust marks/05.03-21.58/RCNX1658.JPG,RCNX1658.JPG,BDF10-M6_2020_202005032158_RCNX1658.jpg,0.8559665083885193,1367.6798095703125,300.9363708496094,693.3463134765625,1782.4324951171875,3776,2124,693,1782
BDF10-M6,2020,202005032158,SC,0,/Volumes/Seagate Portable Drive/KYLE_AI_DATABASE/A_CAMERA/Focal_species/Gulo gulo/BDF10-M6/SC/2020/B&W/Robust marks/05.03-21.58/RCNX1659.JPG,RCNX1659.JPG,BDF10-M6_2020_202005032158_RCNX1659.jpg,0.871441125869751,1360.87939453125,338.00543212890625,689.93505859375,1744.263427734375,3776,2124,689,1744
BDF10-M6,2020,202005032158,SC,0,/Volumes/Seagate Portable Drive/KYLE_AI_DATABASE/A_CAMERA/Focal_species/Gulo gulo/BDF10-M6/SC/2020/B&W/Robust marks/05.03-21.58/RCNX1660.JPG,RCNX1660.JPG,BDF10-M6_2020_202005032158_RCNX1660.jpg,0.9023765325546265,1374.2899169921875,437.3508605957031,590.65673828125,1638.55810546875,3776,2124,590,1638
BDF10-M6,2020,202005032158,SC,0,/Volumes/Seagate Portable Drive/KYLE_AI_DATABASE/A_CAMERA/Focal_species/Gulo gulo/BDF10-M6/SC/2020/B&W/Robust marks/05.03-21.58/RCNX1661.JPG,RCNX1661.JPG,BDF10-M6_2020_202005032158_RCNX1661.jpg,0.8012856245040894,1362.5888671875,440.24432373046875,661.4696044921875,1641.706298828125,3776,2124,661,1641
BDF10-M6,2020,202005032158,SC,0,/Volumes/Seagate Portable Drive/KYLE_AI_DATABASE/A_CAMERA/Focal_species/Gulo gulo/BDF10-M6/SC/2020/B&W/Robust marks/05.03-21.58/RCNX1668.JPG,RCNX1668.JPG,BDF10-M6_2020_202005032158_RCNX1668.jpg,0.8039244413375854,1330.990478515625,474.30523681640625,652.6865234375,1608.62744140625,3776,2124,652,1608
BDF10-M6,2020,202005032158,SC,0,/Volumes/Seagate Portable Drive/KYLE_AI_DATABASE/A_CAMERA/Focal_species/Gulo gulo/BDF10-M6/SC/2020/B&W/Robust marks/05.03-21.58/RCNX1672.JPG,RCNX1672.JPG,BDF10-M6_2020_202005032158_RCNX1672.jpg,0.8495445251464844,1356.2271728515625,58.64567565917969,595.0732421875,1995.9202880859375,3776,2124,595,1995
BDF10-M6,2020,202005032158,SC,0,/Volumes/Seagate Portable Drive/KYLE_AI_DATABASE/A_CAMERA/Focal_species/Gulo gulo/BDF10-M6/SC/2020/B&W/Robust marks/05.03-21.58/RCNX1678.JPG,RCNX1678.JPG,BDF10-M6_2020_202005032158_RCNX1678.jpg,0.8946875929832458,1357.9503173828125,194.5819549560547,841.4390869140625,1895.3148193359375,3776,2124,841,1895
BDF10-M6,2020,202005032158,SC,0,/Volumes/Seagate Portable Drive/KYLE_AI_DATABASE/A_CAMERA/Focal_species/Gulo gulo/BDF10-M6/SC/2020/B&W/Robust marks/05.03-21.58/RCNX1679.JPG,RCNX1679.JPG,BDF10-M6_2020_202005032158_RCNX1679.jpg,0.8035675287246704,1400.9337158203125,182.86578369140625,684.8880615234375,1897.792236328125,3776,2124,684,1897
BDF10-M6,2020,202005032158,SC,0,/Volumes/Seagate Portable Drive/KYLE_AI_DATABASE/A_CAMERA/Focal_species/Gulo gulo/BDF10-M6/SC/2020/B&W/Robust marks/05.03-21.58/RCNX1681.JPG,RCNX1681.JPG,BDF10-M6_2020_202005032158_RCNX1681.jpg,0.8973779082298279,1343.2603759765625,323.21112060546875,624.6143798828125,1756.15771484375,3776,2124,624,1756
BDF10-M6,2020,202005032158,SC,0,/Volumes/Seagate Portable Drive/KYLE_AI_DATABASE/A_CAMERA/Focal_species/Gulo gulo/BDF10-M6/SC/2020/B&W/Robust marks/05.03-21.58/RCNX1682.JPG,RCNX1682.JPG,BDF10-M6_2020_202005032158_RCNX1682.jpg,0.8988370299339294,1349.4571533203125,325.7183532714844,616.7723388671875,1751.4656982421875,3776,2124,616,1751
BDF10-M6,2020,202005032158,SC,0,/Volumes/Seagate Portable Drive/KYLE_AI_DATABASE/A_CAMERA/Focal_species/Gulo gulo/BDF10-M6/SC/2020/B&W/Robust marks/05.03-21.58/RCNX1683.JPG,RCNX1683.JPG,BDF10-M6_2020_202005032158_RCNX1683.jpg,0.876173734664917,1362.8206787109375,306.1357727050781,588.3829345703125,1761.6005859375,3776,2124,588,1761
BDF10-M6,2020,202005032158,SC,0,/Volumes/Seagate Portable Drive/KYLE_AI_DATABASE/A_CAMERA/Focal_species/Gulo gulo/BDF10-M6/SC/2020/B&W/Robust marks/05.03-21.58/RCNX1684.JPG,RCNX1684.JPG,BDF10-M6_2020_202005032158_RCNX1684.jpg,0.8710342645645142,1345.0263671875,333.09832763671875,599.6414794921875,1705.03955078125,3776,2124,599,1705
BDF10-M6,2020,202005032158,SC,0,/Volumes/Seagate Portable Drive/KYLE_AI_DATABASE/A_CAMERA/Focal_species/Gulo gulo/BDF10-M6/SC/2020/B&W/Robust marks/05.03-21.58/RCNX1685.JPG,RCNX1685.JPG,BDF10-M6_2020_202005032158_RCNX1685.jpg,0.8427989482879639,1352.26123046875,326.9696960449219,584.4559326171875,1574.877685546875,3776,2124,584,1574
BDF10-M6,2020,202005032158,SC,0,/Volumes/Seagate Portable Drive/KYLE_AI_DATABASE/A_CAMERA/Focal_species/Gulo gulo/BDF10-M6/SC/2020/B&W/Robust marks/05.03-21.58/RCNX1686.JPG,RCNX1686.JPG,BDF10-M6_2020_202005032158_RCNX1686.jpg,0.8425723910331726,1369.7293701171875,267.13055419921875,573.353759765625,1668.5693359375,3776,2124,573,1668
BDF10-M6,2020,202005032158,SC,0,/Volumes/Seagate Portable Drive/KYLE_AI_DATABASE/A_CAMERA/Focal_species/Gulo gulo/BDF10-M6/SC/2020/B&W/Robust marks/05.03-21.58/RCNX1687.JPG,RCNX1687.JPG,BDF10-M6_2020_202005032158_RCNX1687.jpg,0.8651119470596313,1378.918701171875,275.9742126464844,561.55322265625,1563.957763671875,3776,2124,561,1563
BDF10-M6,2020,202005032158,SC,0,/Volumes/Seagate Portable Drive/KYLE_AI_DATABASE/A_CAMERA/Focal_species/Gulo gulo/BDF10-M6/SC/2020/B&W/Robust marks/05.03-21.58/RCNX1688.JPG,RCNX1688.JPG,BDF10-M6_2020_202005032158_RCNX1688.jpg,0.8787075281143188,1389.040283203125,351.5677490234375,561.9249267578125,1725.7254638671875,3776,2124,561,1725
BDF10-M6,2020,202005032158,SC,0,/Volumes/Seagate Portable Drive/KYLE_AI_DATABASE/A_CAMERA/Focal_species/Gulo gulo/BDF10-M6/SC/2020/B&W/Robust marks/05.03-21.58/RCNX1689.JPG,RCNX1689.JPG,BDF10-M6_2020_202005032158_RCNX1689.jpg,0.8855704069137573,1368.274658203125,352.73651123046875,595.37646484375,1724.178466796875,3776,2124,595,1724
BDF10-M6,2020,202005032158,SC,0,/Volumes/Seagate Portable Drive/KYLE_AI_DATABASE/A_CAMERA/Focal_species/Gulo gulo/BDF10-M6/SC/2020/B&W/Robust marks/05.03-21.58/RCNX1691.JPG,RCNX1691.JPG,BDF10-M6_2020_202005032158_RCNX1691.jpg,0.8336575031280518,1408.962890625,256.7721252441406,547.4052734375,1823.5394287109375,3776,2124,547,1823
BDF10-M6,2020,202005032158,SC,0,/Volumes/Seagate Portable Drive/KYLE_AI_DATABASE/A_CAMERA/Focal_species/Gulo gulo/BDF10-M6/SC/2020/B&W/Robust marks/05.03-21.58/RCNX1692.JPG,RCNX1692.JPG,BDF10-M6_2020_202005032158_RCNX1692.jpg,0.8213565945625305,1361.7232666015625,306.82550048828125,608.2547607421875,1771.04541015625,3776,2124,608,1771
BDF10-M6,2020,202005032158,SC,0,/Volumes/Seagate Portable Drive/KYLE_AI_DATABASE/A_CAMERA/Focal_species/Gulo gulo/BDF10-M6/SC/2020/B&W/Robust marks/05.03-21.58/RCNX1693.JPG,RCNX1693.JPG,BDF10-M6_2020_202005032158_RCNX1693.jpg,0.8710922598838806,1365.570556640625,344.9387512207031,592.454833984375,1734.23974609375,3776,2124,592,1734
BDF10-M6,2020,202005032158,SC,0,/Volumes/Seagate Portable Drive/KYLE_AI_DATABASE/A_CAMERA/Focal_species/Gulo gulo/BDF10-M6/SC/2020/B&W/Robust marks/05.03-21.58/RCNX1694.JPG,RCNX1694.JPG,BDF10-M6_2020_202005032158_RCNX1694.jpg,0.8607887029647827,1361.8939208984375,390.5735778808594,602.2471923828125,1688.8870849609375,3776,2124,602,1688
BDF10-M6,2020,202005032158,SC,0,/Volumes/Seagate Portable Drive/KYLE_AI_DATABASE/A_CAMERA/Focal_species/Gulo gulo/BDF10-M6/SC/2020/B&W/Robust marks/05.03-21.58/RCNX1695.JPG,RCNX1695.JPG,BDF10-M6_2020_202005032158_RCNX1695.jpg,0.9048249125480652,1348.389892578125,326.4263000488281,611.3560791015625,1750.472412109375,3776,2124,611,1750
BDF10-M6,2020,202005032158,SC,0,/Volumes/Seagate Portable Drive/KYLE_AI_DATABASE/A_CAMERA/Focal_species/Gulo gulo/BDF10-M6/SC/2020/B&W/Robust marks/05.03-21.58/RCNX1696.JPG,RCNX1696.JPG,BDF10-M6_2020_202005032158_RCNX1696.jpg,0.8856876492500305,1360.572998046875,330.387451171875,607.013671875,1755.548583984375,3776,2124,607,1755
BDF10-M6,2020,202005032158,SC,0,/Volumes/Seagate Portable Drive/KYLE_AI_DATABASE/A_CAMERA/Focal_species/Gulo gulo/BDF10-M6/SC/2020/B&W/Robust marks/05.03-21.58/RCNX1697.JPG,RCNX1697.JPG,BDF10-M6_2020_202005032158_RCNX1697.jpg,0.9042651057243347,1374.5235595703125,332.4048767089844,588.9801025390625,1749.8460693359375,3776,2124,588,1749
BDF10-M6,2020,202005032158,SC,0,/Volumes/Seagate Portable Drive/KYLE_AI_DATABASE/A_CAMERA/Focal_species/Gulo gulo/BDF10-M6/SC/2020/B&W/Robust marks/05.03-21.58/RCNX1698.JPG,RCNX1698.JPG,BDF10-M6_2020_202005032158_RCNX1698.jpg,0.8789714574813843,1360.4884033203125,303.51141357421875,603.780517578125,1779.151611328125,3776,2124,603,1779
BDF10-M6,2020,202005032158,SC,0,/Volumes/Seagate Portable Drive/KYLE_AI_DATABASE/A_CAMERA/Focal_species/Gulo gulo/BDF10-M6/SC/2020/B&W/Robust marks/05.03-21.58/RCNX1699.JPG,RCNX1699.JPG,BDF10-M6_2020_202005032158_RCNX1699.jpg,0.8733595609664917,1368.7384033203125,283.1590881347656,598.4937744140625,1797.5167236328125,3776,2124,598,1797
BDF10-M6,2020,202005032158,SC,0,/Volumes/Seagate Portable Drive/KYLE_AI_DATABASE/A_CAMERA/Focal_species/Gulo gulo/BDF10-M6/SC/2020/B&W/Robust marks/05.03-21.58/RCNX1700.JPG,RCNX1700.JPG,BDF10-M6_2020_202005032158_RCNX1700.jpg,0.864639937877655,1376.6656494140625,267.6566467285156,576.7530517578125,1815.6282958984375,3776,2124,576,1815
BDF10-M6,2020,202005032158,SC,0,/Volumes/Seagate Portable Drive/KYLE_AI_DATABASE/A_CAMERA/Focal_species/Gulo gulo/BDF10-M6/SC/2020/B&W/Robust marks/05.03-21.58/RCNX1701.JPG,RCNX1701.JPG,BDF10-M6_2020_202005032158_RCNX1701.jpg,0.9055777788162231,1208.5560302734375,1125.3074951171875,789.7144775390625,959.9263916015625,3776,2124,789,959
BDF10-M6,2020,202005032158,SC,0,/Volumes/Seagate Portable Drive/KYLE_AI_DATABASE/A_CAMERA/Focal_species/Gulo gulo/BDF10-M6/SC/2020/B&W/Robust marks/05.03-21.58/RCNX1711.JPG,RCNX1711.JPG,BDF10-M6_2020_202005032158_RCNX1711.jpg,0.9451751112937927,1310.56884765625,1020.8946533203125,805.833984375,1065.2530517578125,3776,2124,805,1065
BDF10-M6,2020,202005032158,SC,0,/Volumes/Seagate Portable Drive/KYLE_AI_DATABASE/A_CAMERA/Focal_species/Gulo gulo/BDF10-M6/SC/2020/B&W/Robust marks/05.03-21.58/RCNX1712.JPG,RCNX1712.JPG,BDF10-M6_2020_202005032158_RCNX1712.jpg,0.8801623582839966,1365.6153564453125,831.6301879882812,625.1988525390625,1252.302001953125,3776,2124,625,1252
BDF10-M6,2020,202005032158,SC,0,/Volumes/Seagate Portable Drive/KYLE_AI_DATABASE/A_CAMERA/Focal_species/Gulo gulo/BDF10-M6/SC/2020/B&W/Robust marks/05.03-21.58/RCNX1713.JPG,RCNX1713.JPG,BDF10-M6_2020_202005032158_RCNX1713.jpg,0.8603253960609436,1290.285400390625,198.396484375,670.891845703125,1881.500732421875,3776,2124,670,1881
BDF10-M6,2020,202005032158,SC,0,/Volumes/Seagate Portable Drive/KYLE_AI_DATABASE/A_CAMERA/Focal_species/Gulo gulo/BDF10-M6/SC/2020/B&W/Robust marks/05.03-21.58/RCNX1715.JPG,RCNX1715.JPG,BDF10-M6_2020_202005032158_RCNX1715.jpg,0.907571017742157,1210.7176513671875,252.35516357421875,722.5264892578125,1829.450439453125,3776,2124,722,1829
BDF10-M6,2020,202005032158,SC,0,/Volumes/Seagate Portable Drive/KYLE_AI_DATABASE/A_CAMERA/Focal_species/Gulo gulo/BDF10-M6/SC/2020/B&W/Robust marks/05.03-21.58/RCNX1716.JPG,RCNX1716.JPG,BDF10-M6_2020_202005032158_RCNX1716.jpg,0.8857041597366333,1208.370849609375,278.2494201660156,713.5606689453125,1799.7127685546875,3776,2124,713,1799
BDF10-M6,2020,202005032158,SC,0,/Volumes/Seagate Portable Drive/KYLE_AI_DATABASE/A_CAMERA/Focal_species/Gulo gulo/BDF10-M6/SC/2020/B&W/Robust marks/05.03-21.58/RCNX1717.JPG,RCNX1717.JPG,BDF10-M6_2020_202005032158_RCNX1717.jpg,0.9438057541847229,1225.4261474609375,462.0929260253906,730.26611328125,1622.5064697265625,3776,2124,730,1622
BDF10-M6,2020,202005032158,SC,0,/Volumes/Seagate Portable Drive/KYLE_AI_DATABASE/A_CAMERA/Focal_species/Gulo gulo/BDF10-M6/SC/2020/B&W/Robust marks/05.03-21.58/RCNX1719.JPG,RCNX1719.JPG,BDF10-M6_2020_202005032158_RCNX1719.jpg,0.9027461409568787,1220.882568359375,56.92644119262695,713.816162109375,2003.0885009765625,3776,2124,713,2003
BDF10-M6,2020,202005032158,SC,0,/Volumes/Seagate Portable Drive/KYLE_AI_DATABASE/A_CAMERA/Focal_species/Gulo gulo/BDF10-M6/SC/2020/B&W/Robust marks/05.03-21.58/RCNX1720.JPG,RCNX1720.JPG,BDF10-M6_2020_202005032158_RCNX1720.jpg,0.8904471397399902,1239.3154296875,57.969818115234375,712.5438232421875,2019.1607666015625,3776,2124,712,2019
BDF10-M6,2020,202005032158,SC,0,/Volumes/Seagate Portable Drive/KYLE_AI_DATABASE/A_CAMERA/Focal_species/Gulo gulo/BDF10-M6/SC/2020/B&W/Robust marks/05.03-21.58/RCNX1721.JPG,RCNX1721.JPG,BDF10-M6_2020_202005032158_RCNX1721.jpg,0.9282689690589905,1234.2823486328125,204.153564453125,713.355712890625,1872.837890625,3776,2124,713,1872
BDF10-M6,2020,202005032158,SC,0,/Volumes/Seagate Portable Drive/KYLE_AI_DATABASE/A_CAMERA/Focal_species/Gulo gulo/BDF10-M6/SC/2020/B&W/Robust marks/05.03-21.58/RCNX1722.JPG,RCNX1722.JPG,BDF10-M6_2020_202005032158_RCNX1722.jpg,0.9197670221328735,1230.367919921875,131.57830810546875,726.2757568359375,1950.85205078125,3776,2124,726,1950
BDF10-M6,2020,202005032158,SC,0,/Volumes/Seagate Portable Drive/KYLE_AI_DATABASE/A_CAMERA/Focal_species/Gulo gulo/BDF10-M6/SC/2020/B&W/Robust marks/05.03-21.58/RCNX1723.JPG,RCNX1723.JPG,BDF10-M6_2020_202005032158_RCNX1723.jpg,0.9116864204406738,1226.48046875,133.45547485351562,736.7169189453125,1938.7322998046875,3776,2124,736,1938
BDF10-M6,2020,202005032158,SC,0,/Volumes/Seagate Portable Drive/KYLE_AI_DATABASE/A_CAMERA/Focal_species/Gulo gulo/BDF10-M6/SC/2020/B&W/Robust marks/05.03-21.58/RCNX1724.JPG,RCNX1724.JPG,BDF10-M6_2020_202005032158_RCNX1724.jpg,0.924356997013092,1272.275390625,185.5432586669922,692.260498046875,1886.332275390625,3776,2124,692,1886
BDF10-M6,2020,202005032158,SC,0,/Volumes/Seagate Portable Drive/KYLE_AI_DATABASE/A_CAMERA/Focal_species/Gulo gulo/BDF10-M6/SC/2020/B&W/Robust marks/05.03-21.58/RCNX1725.JPG,RCNX1725.JPG,BDF10-M6_2020_202005032158_RCNX1725.jpg,0.9248095750808716,1274.806396484375,225.97482299804688,682.1663818359375,1847.14990234375,3776,2124,682,1847
BDF10-M6,2020,202005032158,SC,0,/Volumes/Seagate Portable Drive/KYLE_AI_DATABASE/A_CAMERA/Focal_species/Gulo gulo/BDF10-M6/SC/2020/B&W/Robust marks/05.03-21.58/RCNX1726.JPG,RCNX1726.JPG,BDF10-M6_2020_202005032158_RCNX1726.jpg,0.9054376482963562,1270.8114013671875,210.31588745117188,666.2928466796875,1855.6875,3776,2124,666,1855
BDF10-M6,2020,202005032158,SC,0,/Volumes/Seagate Portable Drive/KYLE_AI_DATABASE/A_CAMERA/Focal_species/Gulo gulo/BDF10-M6/SC/2020/B&W/Robust marks/05.03-21.58/RCNX1727.JPG,RCNX1727.JPG,BDF10-M6_2020_202005032158_RCNX1727.jpg,0.9285622239112854,1257.5946044921875,213.44898986816406,684.1531982421875,1858.892578125,3776,2124,684,1858
BDF10-M6,2020,202005032158,SC,0,/Volumes/Seagate Portable Drive/KYLE_AI_DATABASE/A_CAMERA/Focal_species/Gulo gulo/BDF10-M6/SC/2020/B&W/Robust marks/05.03-21.58/RCNX1728.JPG,RCNX1728.JPG,BDF10-M6_2020_202005032158_RCNX1728.jpg,0.9181570410728455,1268.976806640625,214.8060302734375,673.506591796875,1862.6116943359375,3776,2124,673,1862
BDF10-M6,2020,202005032158,SC,0,/Volumes/Seagate Portable Drive/KYLE_AI_DATABASE/A_CAMERA/Focal_species/Gulo gulo/BDF10-M6/SC/2020/B&W/Robust marks/05.03-21.58/RCNX1729.JPG,RCNX1729.JPG,BDF10-M6_2020_202005032158_RCNX1729.jpg,0.8922198414802551,1234.0028076171875,320.9278259277344,702.947265625,1763.8089599609375,3776,2124,702,1763
BDF10-M6,2020,202005032158,SC,0,/Volumes/Seagate Portable Drive/KYLE_AI_DATABASE/A_CAMERA/Focal_species/Gulo gulo/BDF10-M6/SC/2020/B&W/Robust marks/05.03-21.58/RCNX1730.JPG,RCNX1730.JPG,BDF10-M6_2020_202005032158_RCNX1730.jpg,0.8981197476387024,1240.416259765625,291.2563171386719,674.4122314453125,1792.7861328125,3776,2124,674,1792
BDF10-M6,2020,202005032158,SC,0,/Volumes/Seagate Portable Drive/KYLE_AI_DATABASE/A_CAMERA/Focal_species/Gulo gulo/BDF10-M6/SC/2020/B&W/Robust marks/05.03-21.58/RCNX1731.JPG,RCNX1731.JPG,BDF10-M6_2020_202005032158_RCNX1731.jpg,0.8853992223739624,1221.30859375,203.53765869140625,535.7691650390625,1867.291748046875,3776,2124,535,1867
BDF10-M6,2020,202005032158,SC,0,/Volumes/Seagate Portable Drive/KYLE_AI_DATABASE/A_CAMERA/Focal_species/Gulo gulo/BDF10-M6/SC/2020/B&W/Robust marks/05.03-21.58/RCNX1733.JPG,RCNX1733.JPG,BDF10-M6_2020_202005032158_RCNX1733.jpg,0.8501061797142029,1221.4443359375,222.88343811035156,578.5787353515625,1862.9173583984375,3776,2124,578,1862
BDF10-M6,2020,202005032158,SC,0,/Volumes/Seagate Portable Drive/KYLE_AI_DATABASE/A_CAMERA/Focal_species/Gulo gulo/BDF10-M6/SC/2020/B&W/Robust marks/05.03-21.58/RCNX1734.JPG,RCNX1734.JPG,BDF10-M6_2020_202005032158_RCNX1734.jpg,0.8966797590255737,1219.1866455078125,218.7648162841797,525.53466796875,1851.4949951171875,3776,2124,525,1851
BDF10-M6,2020,202005032158,SC,0,/Volumes/Seagate Portable Drive/KYLE_AI_DATABASE/A_CAMERA/Focal_species/Gulo gulo/BDF10-M6/SC/2020/B&W/Robust marks/05.03-21.58/RCNX1735.JPG,RCNX1735.JPG,BDF10-M6_2020_202005032158_RCNX1735.jpg,0.8152212500572205,1217.6519775390625,270.9511413574219,516.7254638671875,1816.80322265625,3776,2124,516,1816
BDF10-M6,2020,202005032158,SC,0,/Volumes/Seagate Portable Drive/KYLE_AI_DATABASE/A_CAMERA/Focal_species/Gulo gulo/BDF10-M6/SC/2020/B&W/Robust marks/05.03-21.58/RCNX1736.JPG,RCNX1736.JPG,BDF10-M6_2020_202005032158_RCNX1736.jpg,0.9238739013671875,1219.1044921875,232.7494659423828,534.454345703125,1841.03173828125,3776,2124,534,1841
BDF10-M6,2020,202005032158,SC,0,/Volumes/Seagate Portable Drive/KYLE_AI_DATABASE/A_CAMERA/Focal_species/Gulo gulo/BDF10-M6/SC/2020/B&W/Robust marks/05.03-21.58/RCNX1737.JPG,RCNX1737.JPG,BDF10-M6_2020_202005032158_RCNX1737.jpg,0.9109745621681213,1221.657958984375,205.7469482421875,538.872314453125,1862.9808349609375,3776,2124,538,1862
BDF10-M6,2020,202005032158,SC,0,/Volumes/Seagate Portable Drive/KYLE_AI_DATABASE/A_CAMERA/Focal_species/Gulo gulo/BDF10-M6/SC/2020/B&W/Robust marks/05.03-21.58/RCNX1738.JPG,RCNX1738.JPG,BDF10-M6_2020_202005032158_RCNX1738.jpg,0.87970370054245,1226.4747314453125,323.9151306152344,555.62841796875,1759.9046630859375,3776,2124,555,1759
BDF10-M6,2020,202005032158,SC,0,/Volumes/Seagate Portable Drive/KYLE_AI_DATABASE/A_CAMERA/Focal_species/Gulo gulo/BDF10-M6/SC/2020/B&W/Robust marks/05.03-21.58/RCNX1739.JPG,RCNX1739.JPG,BDF10-M6_2020_202005032158_RCNX1739.jpg,0.8210701942443848,1218.868408203125,247.86065673828125,563.58251953125,1828.344970703125,3776,2124,563,1828
BDF10-M6,2020,202005032158,SC,0,/Volumes/Seagate Portable Drive/KYLE_AI_DATABASE/A_CAMERA/Focal_species/Gulo gulo/BDF10-M6/SC/2020/B&W/Robust marks/05.03-21.58/RCNX1740.JPG,RCNX1740.JPG,BDF10-M6_2020_202005032158_RCNX1740.jpg,0.8268680572509766,1212.251708984375,230.34475708007812,519.1898193359375,1842.906494140625,3776,2124,519,1842
BDF10-M6,2020,202005032158,SC,0,/Volumes/Seagate Portable Drive/KYLE_AI_DATABASE/A_CAMERA/Focal_species/Gulo gulo/BDF10-M6/SC/2020/B&W/Robust marks/05.03-21.58/RCNX1741.JPG,RCNX1741.JPG,BDF10-M6_2020_202005032158_RCNX1741.jpg,0.8398826122283936,1208.1180419921875,317.57696533203125,555.5029296875,1764.064453125,3776,2124,555,1764
BDF10-M6,2020,202005032158,SC,0,/Volumes/Seagate Portable Drive/KYLE_AI_DATABASE/A_CAMERA/Focal_species/Gulo gulo/BDF10-M6/SC/2020/B&W/Robust marks/05.03-21.58/RCNX1742.JPG,RCNX1742.JPG,BDF10-M6_2020_202005032158_RCNX1742.jpg,0.9093777537345886,1219.9278564453125,223.5895538330078,506.24169921875,1842.41845703125,3776,2124,506,1842
BDF10-M6,2020,202005032158,SC,0,/Volumes/Seagate Portable Drive/KYLE_AI_DATABASE/A_CAMERA/Focal_species/Gulo gulo/BDF10-M6/SC/2020/B&W/Robust marks/05.03-21.58/RCNX1743.JPG,RCNX1743.JPG,BDF10-M6_2020_202005032158_RCNX1743.jpg,0.8899150490760803,1212.050537109375,214.8723602294922,554.9527587890625,1855.293701171875,3776,2124,554,1855
BDF10-M6,2020,202005032158,SC,0,/Volumes/Seagate Portable Drive/KYLE_AI_DATABASE/A_CAMERA/Focal_species/Gulo gulo/BDF10-M6/SC/2020/B&W/Robust marks/05.03-21.58/RCNX1744.JPG,RCNX1744.JPG,BDF10-M6_2020_202005032158_RCNX1744.jpg,0.8770447969436646,1211.1636962890625,208.29319763183594,543.151611328125,1864.142822265625,3776,2124,543,1864
BDF10-M6,2020,202005032158,SC,0,/Volumes/Seagate Portable Drive/KYLE_AI_DATABASE/A_CAMERA/Focal_species/Gulo gulo/BDF10-M6/SC/2020/B&W/Robust marks/05.03-21.58/RCNX1745.JPG,RCNX1745.JPG,BDF10-M6_2020_202005032158_RCNX1745.jpg,0.8771297335624695,1211.8338623046875,206.6101837158203,530.913330078125,1863.4730224609375,3776,2124,530,1863
BDF10-M6,2020,202005032158,SC,0,/Volumes/Seagate Portable Drive/KYLE_AI_DATABASE/A_CAMERA/Focal_species/Gulo gulo/BDF10-M6/SC/2020/B&W/Robust marks/05.03-21.58/RCNX1746.JPG,RCNX1746.JPG,BDF10-M6_2020_202005032158_RCNX1746.jpg,0.8737468123435974,1216.552734375,177.48040771484375,544.3426513671875,1895.57470703125,3776,2124,544,1895
BDF10-M6,2020,202005032158,SC,0,/Volumes/Seagate Portable Drive/KYLE_AI_DATABASE/A_CAMERA/Focal_species/Gulo gulo/BDF10-M6/SC/2020/B&W/Robust marks/05.03-21.58/RCNX1747.JPG,RCNX1747.JPG,BDF10-M6_2020_202005032158_RCNX1747.jpg,0.8640328645706177,1210.6416015625,186.68670654296875,549.774169921875,1886.051513671875,3776,2124,549,1886
BDF10-M6,2020,202005032158,SC,0,/Volumes/Seagate Portable Drive/KYLE_AI_DATABASE/A_CAMERA/Focal_species/Gulo gulo/BDF10-M6/SC/2020/B&W/Robust marks/05.03-21.58/RCNX1748.JPG,RCNX1748.JPG,BDF10-M6_2020_202005032158_RCNX1748.jpg,0.845792293548584,1212.1727294921875,194.95794677734375,569.090576171875,1879.1455078125,3776,2124,569,1879
BDF10-M6,2020,202005032158,SC,0,/Volumes/Seagate Portable Drive/KYLE_AI_DATABASE/A_CAMERA/Focal_species/Gulo gulo/BDF10-M6/SC/2020/B&W/Robust marks/05.03-21.58/RCNX1749.JPG,RCNX1749.JPG,BDF10-M6_2020_202005032158_RCNX1749.jpg,0.858913779258728,1212.439208984375,194.4169921875,542.7359619140625,1878.97216796875,3776,2124,542,1878
BDF10-M6,2020,202005032158,SC,0,/Volumes/Seagate Portable Drive/KYLE_AI_DATABASE/A_CAMERA/Focal_species/Gulo gulo/BDF10-M6/SC/2020/B&W/Robust marks/05.03-21.58/RCNX1750.JPG,RCNX1750.JPG,BDF10-M6_2020_202005032158_RCNX1750.jpg,0.8292354345321655,1215.065185546875,186.80039978027344,574.3785400390625,1887.5150146484375,3776,2124,574,1887
BDF10-M6,2020,202005032158,SC,0,/Volumes/Seagate Portable Drive/KYLE_AI_DATABASE/A_CAMERA/Focal_species/Gulo gulo/BDF10-M6/SC/2020/B&W/Robust marks/05.03-21.58/RCNX1751.JPG,RCNX1751.JPG,BDF10-M6_2020_202005032158_RCNX1751.jpg,0.8817135691642761,1203.0677490234375,256.62664794921875,599.9564208984375,1808.4794921875,3776,2124,599,1808
BDF10-M6,2020,202005032158,SC,0,/Volumes/Seagate Portable Drive/KYLE_AI_DATABASE/A_CAMERA/Focal_species/Gulo gulo/BDF10-M6/SC/2020/B&W/Robust marks/05.03-21.58/RCNX1752.JPG,RCNX1752.JPG,BDF10-M6_2020_202005032158_RCNX1752.jpg,0.9031633138656616,1220.8740234375,190.9149169921875,603.6219482421875,1881.1497802734375,3776,2124,603,1881
BDF10-M6,2020,202005032158,SC,0,/Volumes/Seagate Portable Drive/KYLE_AI_DATABASE/A_CAMERA/Focal_species/Gulo gulo/BDF10-M6/SC/2020/B&W/Robust marks/05.03-21.58/RCNX1753.JPG,RCNX1753.JPG,BDF10-M6_2020_202005032158_RCNX1753.jpg,0.8519532084465027,1205.7783203125,206.61163330078125,594.64013671875,1868.58544921875,3776,2124,594,1868
BDF10-M6,2020,202005032158,SC,0,/Volumes/Seagate Portable Drive/KYLE_AI_DATABASE/A_CAMERA/Focal_species/Gulo gulo/BDF10-M6/SC/2020/B&W/Robust marks/05.03-21.58/RCNX1754.JPG,RCNX1754.JPG,BDF10-M6_2020_202005032158_RCNX1754.jpg,0.9026023745536804,1219.849853515625,238.05990600585938,539.861572265625,1835.8248291015625,3776,2124,539,1835
BDF10-M6,2020,202005032158,SC,0,/Volumes/Seagate Portable Drive/KYLE_AI_DATABASE/A_CAMERA/Focal_species/Gulo gulo/BDF10-M6/SC/2020/B&W/Robust marks/05.03-21.58/RCNX1755.JPG,RCNX1755.JPG,BDF10-M6_2020_202005032158_RCNX1755.jpg,0.9005646109580994,1215.65673828125,240.6499481201172,554.388671875,1832.718017578125,3776,2124,554,1832
BDF10-M6,2020,202005032158,SC,0,/Volumes/Seagate Portable Drive/KYLE_AI_DATABASE/A_CAMERA/Focal_species/Gulo gulo/BDF10-M6/SC/2020/B&W/Robust marks/05.03-21.58/RCNX1756.JPG,RCNX1756.JPG,BDF10-M6_2020_202005032158_RCNX1756.jpg,0.8754672408103943,1222.09912109375,243.46250915527344,551.57568359375,1834.4315185546875,3776,2124,551,1834
BDF10-M6,2020,202005032158,SC,0,/Volumes/Seagate Portable Drive/KYLE_AI_DATABASE/A_CAMERA/Focal_species/Gulo gulo/BDF10-M6/SC/2020/B&W/Robust marks/05.03-21.58/RCNX1757.JPG,RCNX1757.JPG,BDF10-M6_2020_202005032158_RCNX1757.jpg,0.8784390687942505,1217.9002685546875,289.6307678222656,574.6171875,1791.4866943359375,3776,2124,574,1791
BDF10-M6,2020,202005032158,SC,0,/Volumes/Seagate Portable Drive/KYLE_AI_DATABASE/A_CAMERA/Focal_species/Gulo gulo/BDF10-M6/SC/2020/B&W/Robust marks/05.03-21.58/RCNX1758.JPG,RCNX1758.JPG,BDF10-M6_2020_202005032158_RCNX1758.jpg,0.9071998000144958,1233.8927001953125,254.82791137695312,617.5714111328125,1824.693115234375,3776,2124,617,1824
BDF10-M6,2020,202005032158,SC,0,/Volumes/Seagate Portable Drive/KYLE_AI_DATABASE/A_CAMERA/Focal_species/Gulo gulo/BDF10-M6/SC/2020/B&W/Robust marks/05.03-21.58/RCNX1759.JPG,RCNX1759.JPG,BDF10-M6_2020_202005032158_RCNX1759.jpg,0.9128233194351196,1232.181396484375,220.31414794921875,593.8963623046875,1857.834228515625,3776,2124,593,1857
BDF10-M6,2020,202005032158,SC,0,/Volumes/Seagate Portable Drive/KYLE_AI_DATABASE/A_CAMERA/Focal_species/Gulo gulo/BDF10-M6/SC/2020/B&W/Robust marks/05.03-21.58/RCNX1761.JPG,RCNX1761.JPG,BDF10-M6_2020_202005032158_RCNX1761.jpg,0.9319420456886292,1277.6611328125,385.18011474609375,573.72265625,1695.7734375,3776,2124,573,1695
BDF10-M6,2020,202005032158,SC,0,/Volumes/Seagate Portable Drive/KYLE_AI_DATABASE/A_CAMERA/Focal_species/Gulo gulo/BDF10-M6/SC/2020/B&W/Robust marks/05.03-21.58/RCNX1762.JPG,RCNX1762.JPG,BDF10-M6_2020_202005032158_RCNX1762.jpg,0.8948677778244019,1236.13330078125,334.1022644042969,553.8175048828125,1749.110107421875,3776,2124,553,1749
BDF10-M6,2020,202005032158,SC,0,/Volumes/Seagate Portable Drive/KYLE_AI_DATABASE/A_CAMERA/Focal_species/Gulo gulo/BDF10-M6/SC/2020/B&W/Robust marks/05.03-21.58/RCNX1763.JPG,RCNX1763.JPG,BDF10-M6_2020_202005032158_RCNX1763.jpg,0.9430639147758484,1262.9390869140625,362.1193542480469,616.9659423828125,1719.789794921875,3776,2124,616,1719
BDF10-M6,2020,202005032158,SC,0,/Volumes/Seagate Portable Drive/KYLE_AI_DATABASE/A_CAMERA/Focal_species/Gulo gulo/BDF10-M6/SC/2020/B&W/Robust marks/05.03-21.58/RCNX1764.JPG,RCNX1764.JPG,BDF10-M6_2020_202005032158_RCNX1764.jpg,0.8985515832901001,1258.4857177734375,306.8907470703125,698.3055419921875,1778.5167236328125,3776,2124,698,1778
BDF10-M6,2020,202005032158,SC,0,/Volumes/Seagate Portable Drive/KYLE_AI_DATABASE/A_CAMERA/Focal_species/Gulo gulo/BDF10-M6/SC/2020/B&W/Robust marks/05.03-21.58/RCNX1765.JPG,RCNX1765.JPG,BDF10-M6_2020_202005032158_RCNX1765.jpg,0.9446447491645813,1290.2054443359375,458.1062316894531,803.3072509765625,1625.663818359375,3776,2124,803,1625
BDF10-M6,2020,202005032158,SC,0,/Volumes/Seagate Portable Drive/KYLE_AI_DATABASE/A_CAMERA/Focal_species/Gulo gulo/BDF10-M6/SC/2020/B&W/Robust marks/05.03-21.58/RCNX1766.JPG,RCNX1766.JPG,BDF10-M6_2020_202005032158_RCNX1766.jpg,0.9206143021583557,1231.7135009765625,331.7047119140625,873.2017822265625,1752.4749755859375,3776,2124,873,1752
BDF10-M6,2020,202005032158,SC,0,/Volumes/Seagate Portable Drive/KYLE_AI_DATABASE/A_CAMERA/Focal_species/Gulo gulo/BDF10-M6/SC/2020/B&W/Robust marks/05.03-21.58/RCNX1767.JPG,RCNX1767.JPG,BDF10-M6_2020_202005032158_RCNX1767.jpg,0.9062140583992004,1259.36865234375,200.16558837890625,804.09228515625,1891.035400390625,3776,2124,804,1891
BDF10-M6,2020,202005032158,SC,0,/Volumes/Seagate Portable Drive/KYLE_AI_DATABASE/A_CAMERA/Focal_species/Gulo gulo/BDF10-M6/SC/2020/B&W/Robust marks/05.03-21.58/RCNX1768.JPG,RCNX1768.JPG,BDF10-M6_2020_202005032158_RCNX1768.jpg,0.8363035321235657,1318.3868408203125,437.0844421386719,708.2655029296875,1654.34228515625,3776,2124,708,1654
BDF10-M6,2020,202005032158,SC,0,/Volumes/Seagate Portable Drive/KYLE_AI_DATABASE/A_CAMERA/Focal_species/Gulo gulo/BDF10-M6/SC/2020/B&W/Robust marks/05.03-21.58/RCNX1769.JPG,RCNX1769.JPG,BDF10-M6_2020_202005032158_RCNX1769.jpg,0.903645396232605,1287.6328125,330.8491516113281,750.002685546875,1753.404541015625,3776,2124,750,1753
BDF10-M6,2020,202005032158,SC,0,/Volumes/Seagate Portable Drive/KYLE_AI_DATABASE/A_CAMERA/Focal_species/Gulo gulo/BDF10-M6/SC/2020/B&W/Robust marks/05.03-21.58/RCNX1770.JPG,RCNX1770.JPG,BDF10-M6_2020_202005032158_RCNX1770.jpg,0.9317076802253723,1223.642578125,254.51014709472656,833.20361328125,1823.7803955078125,3776,2124,833,1823
BDF10-M6,2020,202005032158,SC,0,/Volumes/Seagate Portable Drive/KYLE_AI_DATABASE/A_CAMERA/Focal_species/Gulo gulo/BDF10-M6/SC/2020/B&W/Robust marks/05.03-21.58/RCNX1771.JPG,RCNX1771.JPG,BDF10-M6_2020_202005032158_RCNX1771.jpg,0.8449522852897644,1222.77978515625,219.10581970214844,711.374267578125,1737.6661376953125,3776,2124,711,1737
BDF10-M6,2020,202005032158,SC,0,/Volumes/Seagate Portable Drive/KYLE_AI_DATABASE/A_CAMERA/Focal_species/Gulo gulo/BDF10-M6/SC/2020/B&W/Robust marks/05.03-21.58/RCNX1772.JPG,RCNX1772.JPG,BDF10-M6_2020_202005032158_RCNX1772.jpg,0.9269289970397949,1230.9127197265625,198.10435485839844,726.1851806640625,1871.2755126953125,3776,2124,726,1871
BDF10-M6,2020,202005032158,SC,0,/Volumes/Seagate Portable Drive/KYLE_AI_DATABASE/A_CAMERA/Focal_species/Gulo gulo/BDF10-M6/SC/2020/B&W/Robust marks/05.03-21.58/RCNX1773.JPG,RCNX1773.JPG,BDF10-M6_2020_202005032158_RCNX1773.jpg,0.8418605327606201,1245.378173828125,108.70500183105469,701.080810546875,1558.896240234375,3776,2124,701,1558
BDF10-M6,2020,202005032158,SC,0,/Volumes/Seagate Portable Drive/KYLE_AI_DATABASE/A_CAMERA/Focal_species/Gulo gulo/BDF10-M6/SC/2020/B&W/Robust marks/05.03-21.58/RCNX1774.JPG,RCNX1774.JPG,BDF10-M6_2020_202005032158_RCNX1774.jpg,0.8649810552597046,1240.927734375,140.2300567626953,708.5172119140625,1602.1529541015625,3776,2124,708,1602
BDF10-M6,2020,202005032158,SC,0,/Volumes/Seagate Portable Drive/KYLE_AI_DATABASE/A_CAMERA/Focal_species/Gulo gulo/BDF10-M6/SC/2020/B&W/Robust marks/05.03-21.58/RCNX1776.JPG,RCNX1776.JPG,BDF10-M6_2020_202005032158_RCNX1776.jpg,0.8906159400939941,1236.3707275390625,209.94564819335938,725.28564453125,1856.7996826171875,3776,2124,725,1856
BDF10-M6,2020,202005032158,SC,0,/Volumes/Seagate Portable Drive/KYLE_AI_DATABASE/A_CAMERA/Focal_species/Gulo gulo/BDF10-M6/SC/2020/B&W/Robust marks/05.03-21.58/RCNX1777.JPG,RCNX1777.JPG,BDF10-M6_2020_202005032158_RCNX1777.jpg,0.8750270009040833,1231.2542724609375,139.5574188232422,722.9217529296875,1932.5048828125,3776,2124,722,1932
BDF10-M6,2020,202005032158,SC,0,/Volumes/Seagate Portable Drive/KYLE_AI_DATABASE/A_CAMERA/Focal_species/Gulo gulo/BDF10-M6/SC/2020/B&W/Robust marks/05.03-21.58/RCNX1778.JPG,RCNX1778.JPG,BDF10-M6_2020_202005032158_RCNX1778.jpg,0.8960304260253906,1219.8790283203125,228.25204467773438,748.2025146484375,1848.0108642578125,3776,2124,748,1848
BDF10-M6,2020,202005032158,SC,0,/Volumes/Seagate Portable Drive/KYLE_AI_DATABASE/A_CAMERA/Focal_species/Gulo gulo/BDF10-M6/SC/2020/B&W/Robust marks/05.03-21.58/RCNX1779.JPG,RCNX1779.JPG,BDF10-M6_2020_202005032158_RCNX1779.jpg,0.8989976048469543,1245.223388671875,448.0594787597656,717.0201416015625,1637.2491455078125,3776,2124,717,1637
BDF10-M6,2020,202005032158,SC,0,/Volumes/Seagate Portable Drive/KYLE_AI_DATABASE/A_CAMERA/Focal_species/Gulo gulo/BDF10-M6/SC/2020/B&W/Robust marks/05.03-21.58/RCNX1780.JPG,RCNX1780.JPG,BDF10-M6_2020_202005032158_RCNX1780.jpg,0.9031626582145691,1237.8858642578125,482.2107849121094,726.2181396484375,1602.0330810546875,3776,2124,726,1602
BDF10-M6,2020,202005032158,SC,0,/Volumes/Seagate Portable Drive/KYLE_AI_DATABASE/A_CAMERA/Focal_species/Gulo gulo/BDF10-M6/SC/2020/B&W/Robust marks/05.03-21.58/RCNX1781.JPG,RCNX1781.JPG,BDF10-M6_2020_202005032158_RCNX1781.jpg,0.9135637283325195,1260.936279296875,345.5245361328125,780.7821044921875,1741.5023193359375,3776,2124,780,1741
BDF10-M6,2020,202005032158,SC,0,/Volumes/Seagate Portable Drive/KYLE_AI_DATABASE/A_CAMERA/Focal_species/Gulo gulo/BDF10-M6/SC/2020/B&W/Robust marks/05.03-21.58/RCNX1782.JPG,RCNX1782.JPG,BDF10-M6_2020_202005032158_RCNX1782.jpg,0.8870758414268494,1250.5255126953125,225.2802276611328,795.510498046875,1859.279296875,3776,2124,795,1859
BDF10-M6,2020,202005032158,SC,0,/Volumes/Seagate Portable Drive/KYLE_AI_DATABASE/A_CAMERA/Focal_species/Gulo gulo/BDF10-M6/SC/2020/B&W/Robust marks/05.03-21.58/RCNX1783.JPG,RCNX1783.JPG,BDF10-M6_2020_202005032158_RCNX1783.jpg,0.8389987349510193,1248.9095458984375,411.6550598144531,802.8724365234375,1675.38720703125,3776,2124,802,1675
BDF10-M6,2020,202005032158,SC,0,/Volumes/Seagate Portable Drive/KYLE_AI_DATABASE/A_CAMERA/Focal_species/Gulo gulo/BDF10-M6/SC/2020/B&W/Robust marks/05.03-21.58/RCNX1784.JPG,RCNX1784.JPG,BDF10-M6_2020_202005032158_RCNX1784.jpg,0.876939594745636,1259.567626953125,317.3126220703125,798.31396484375,1770.5262451171875,3776,2124,798,1770
BDF10-M6,2020,202005032158,SC,0,/Volumes/Seagate Portable Drive/KYLE_AI_DATABASE/A_CAMERA/Focal_species/Gulo gulo/BDF10-M6/SC/2020/B&W/Robust marks/05.03-21.58/RCNX1785.JPG,RCNX1785.JPG,BDF10-M6_2020_202005032158_RCNX1785.jpg,0.9151943922042847,1260.623779296875,339.07696533203125,784.542236328125,1747.498779296875,3776,2124,784,1747
BDF10-M6,2020,202005032158,SC,0,/Volumes/Seagate Portable Drive/KYLE_AI_DATABASE/A_CAMERA/Focal_species/Gulo gulo/BDF10-M6/SC/2020/B&W/Robust marks/05.03-21.58/RCNX1786.JPG,RCNX1786.JPG,BDF10-M6_2020_202005032158_RCNX1786.jpg,0.8798313140869141,1256.455078125,214.73190307617188,795.8544921875,1861.525634765625,3776,2124,795,1861
BDF10-M6,2020,202005032158,SC,0,/Volumes/Seagate Portable Drive/KYLE_AI_DATABASE/A_CAMERA/Focal_species/Gulo gulo/BDF10-M6/SC/2020/B&W/Robust marks/05.03-21.58/RCNX1787.JPG,RCNX1787.JPG,BDF10-M6_2020_202005032158_RCNX1787.jpg,0.8734867572784424,1273.5777587890625,422.2035217285156,776.1231689453125,1665.9703369140625,3776,2124,776,1665
BDF10-M6,2020,202005032158,SC,0,/Volumes/Seagate Portable Drive/KYLE_AI_DATABASE/A_CAMERA/Focal_species/Gulo gulo/BDF10-M6/SC/2020/B&W/Robust marks/05.03-21.58/RCNX1788.JPG,RCNX1788.JPG,BDF10-M6_2020_202005032158_RCNX1788.jpg,0.9069626331329346,1263.593994140625,441.74346923828125,782.9375,1645.374755859375,3776,2124,782,1645
BDF10-M6,2020,202005032158,SC,0,/Volumes/Seagate Portable Drive/KYLE_AI_DATABASE/A_CAMERA/Focal_species/Gulo gulo/BDF10-M6/SC/2020/B&W/Robust marks/05.03-21.58/RCNX1789.JPG,RCNX1789.JPG,BDF10-M6_2020_202005032158_RCNX1789.jpg,0.8911665081977844,1274.36181640625,439.68310546875,775.222412109375,1646.788330078125,3776,2124,775,1646
BDF10-M6,2020,202005032158,SC,0,/Volumes/Seagate Portable Drive/KYLE_AI_DATABASE/A_CAMERA/Focal_species/Gulo gulo/BDF10-M6/SC/2020/B&W/Robust marks/05.03-21.58/RCNX1790.JPG,RCNX1790.JPG,BDF10-M6_2020_202005032158_RCNX1790.jpg,0.9035096168518066,1269.6478271484375,433.3299865722656,774.7230224609375,1652.5758056640625,3776,2124,774,1652
BDF10-M6,2020,202005032158,SC,0,/Volumes/Seagate Portable Drive/KYLE_AI_DATABASE/A_CAMERA/Focal_species/Gulo gulo/BDF10-M6/SC/2020/B&W/Robust marks/05.03-21.58/RCNX1791.JPG,RCNX1791.JPG,BDF10-M6_2020_202005032158_RCNX1791.jpg,0.8974640369415283,1279.2896728515625,284.56890869140625,763.19140625,1801.471923828125,3776,2124,763,1801
BDF10-M6,2020,202005032158,SC,0,/Volumes/Seagate Portable Drive/KYLE_AI_DATABASE/A_CAMERA/Focal_species/Gulo gulo/BDF10-M6/SC/2020/B&W/Robust marks/05.03-21.58/RCNX1807.JPG,RCNX1807.JPG,BDF10-M6_2020_202005032158_RCNX1807.jpg,0.8552135825157166,1356.66552734375,277.4158020019531,619.183349609375,1806.72119140625,3776,2124,619,1806
BDF10-M6,2020,202005032158,SC,0,/Volumes/Seagate Portable Drive/KYLE_AI_DATABASE/A_CAMERA/Focal_species/Gulo gulo/BDF10-M6/SC/2020/B&W/Robust marks/05.03-21.58/RCNX1809.JPG,RCNX1809.JPG,BDF10-M6_2020_202005032158_RCNX1809.jpg,0.8516016006469727,1326.1265869140625,446.7760009765625,650.5494384765625,1636.7982177734375,3776,2124,650,1636
BDF10-M6,2020,202005032158,SC,0,/Volumes/Seagate Portable Drive/KYLE_AI_DATABASE/A_CAMERA/Focal_species/Gulo gulo/BDF10-M6/SC/2020/B&W/Robust marks/05.03-21.58/RCNX1811.JPG,RCNX1811.JPG,BDF10-M6_2020_202005032158_RCNX1811.jpg,0.8136765360832214,1362.7000732421875,372.1656494140625,728.7952880859375,1713.2867431640625,3776,2124,728,1713
BDF10-M6,2020,202005032158,SC,0,/Volumes/Seagate Portable Drive/KYLE_AI_DATABASE/A_CAMERA/Focal_species/Gulo gulo/BDF10-M6/SC/2020/B&W/Robust marks/05.03-21.58/RCNX1812.JPG,RCNX1812.JPG,BDF10-M6_2020_202005032158_RCNX1812.jpg,0.8177564740180969,1445.3966064453125,253.16110229492188,642.7142333984375,1817.317138671875,3776,2124,642,1817
BDF10-M6,2020,202005032158,SC,0,/Volumes/Seagate Portable Drive/KYLE_AI_DATABASE/A_CAMERA/Focal_species/Gulo gulo/BDF10-M6/SC/2020/B&W/Robust marks/05.03-21.58/RCNX1813.JPG,RCNX1813.JPG,BDF10-M6_2020_202005032158_RCNX1813.jpg,0.8954312801361084,1408.8973388671875,278.2239074707031,671.9205322265625,1803.5205078125,3776,2124,671,1803
BDF10-M6,2020,202005032158,SC,0,/Volumes/Seagate Portable Drive/KYLE_AI_DATABASE/A_CAMERA/Focal_species/Gulo gulo/BDF10-M6/SC/2020/B&W/Robust marks/05.03-21.58/RCNX1814.JPG,RCNX1814.JPG,BDF10-M6_2020_202005032158_RCNX1814.jpg,0.9434756636619568,1432.4654541015625,169.25625610351562,642.5601806640625,1501.3489990234375,3776,2124,642,1501
BDF10-M6,2020,202005032158,SC,0,/Volumes/Seagate Portable Drive/KYLE_AI_DATABASE/A_CAMERA/Focal_species/Gulo gulo/BDF10-M6/SC/2020/B&W/Robust marks/05.03-21.58/RCNX1815.JPG,RCNX1815.JPG,BDF10-M6_2020_202005032158_RCNX1815.jpg,0.8769194483757019,1421.1181640625,189.85501098632812,601.5361328125,1458.235595703125,3776,2124,601,1458
BDF10-M6,2020,202005032158,SC,0,/Volumes/Seagate Portable Drive/KYLE_AI_DATABASE/A_CAMERA/Focal_species/Gulo gulo/BDF10-M6/SC/2020/B&W/Robust marks/05.03-21.58/RCNX1816.JPG,RCNX1816.JPG,BDF10-M6_2020_202005032158_RCNX1816.jpg,0.8968249559402466,1203.2498779296875,55.323368072509766,728.2218017578125,1503.653076171875,3776,2124,728,1503
BDF10-M6,2020,202005032158,SC,0,/Volumes/Seagate Portable Drive/KYLE_AI_DATABASE/A_CAMERA/Focal_species/Gulo gulo/BDF10-M6/SC/2020/B&W/Robust marks/05.03-21.58/RCNX1817.JPG,RCNX1817.JPG,BDF10-M6_2020_202005032158_RCNX1817.jpg,0.9415920972824097,1180.4183349609375,40.40156173706055,741.675048828125,1436.412353515625,3776,2124,741,1436
BDF10-M6,2020,202005032158,SC,0,/Volumes/Seagate Portable Drive/KYLE_AI_DATABASE/A_CAMERA/Focal_species/Gulo gulo/BDF10-M6/SC/2020/B&W/Robust marks/05.03-21.58/RCNX1818.JPG,RCNX1818.JPG,BDF10-M6_2020_202005032158_RCNX1818.jpg,0.9283698797225952,1165.86962890625,41.692569732666016,756.39208984375,1418.6768798828125,3776,2124,756,1418
BDF10-M6,2020,202005032158,SC,0,/Volumes/Seagate Portable Drive/KYLE_AI_DATABASE/A_CAMERA/Focal_species/Gulo gulo/BDF10-M6/SC/2020/B&W/Robust marks/05.03-21.58/RCNX1819.JPG,RCNX1819.JPG,BDF10-M6_2020_202005032158_RCNX1819.jpg,0.9028223156929016,1167.8258056640625,44.81674575805664,750.8948974609375,1408.414794921875,3776,2124,750,1408
BDF10-M6,2020,202005032158,SC,0,/Volumes/Seagate Portable Drive/KYLE_AI_DATABASE/A_CAMERA/Focal_species/Gulo gulo/BDF10-M6/SC/2020/B&W/Robust marks/05.03-21.58/RCNX1820.JPG,RCNX1820.JPG,BDF10-M6_2020_202005032158_RCNX1820.jpg,0.9123712778091431,1159.455078125,42.98085403442383,762.7772216796875,1424.3974609375,3776,2124,762,1424
BDF10-M6,2020,202005032158,SC,0,/Volumes/Seagate Portable Drive/KYLE_AI_DATABASE/A_CAMERA/Focal_species/Gulo gulo/BDF10-M6/SC/2020/B&W/Robust marks/05.03-21.58/RCNX1821.JPG,RCNX1821.JPG,BDF10-M6_2020_202005032158_RCNX1821.jpg,0.9105561971664429,1052.88427734375,85.14823913574219,867.7288818359375,1476.5860595703125,3776,2124,867,1476
BDF10-M6,2020,202005032158,SC,0,/Volumes/Seagate Portable Drive/KYLE_AI_DATABASE/A_CAMERA/Focal_species/Gulo gulo/BDF10-M6/SC/2020/B&W/Robust marks/05.03-21.58/RCNX1822.JPG,RCNX1822.JPG,BDF10-M6_2020_202005032158_RCNX1822.jpg,0.954801619052887,1013.55810546875,44.365482330322266,908.1002197265625,1460.1280517578125,3776,2124,908,1460
BDF10-M6,2020,202005032158,SC,0,/Volumes/Seagate Portable Drive/KYLE_AI_DATABASE/A_CAMERA/Focal_species/Gulo gulo/BDF10-M6/SC/2020/B&W/Robust marks/05.03-21.58/RCNX1823.JPG,RCNX1823.JPG,BDF10-M6_2020_202005032158_RCNX1823.jpg,0.9141959547996521,1015.8427734375,106.70750427246094,909.35498046875,1420.3388671875,3776,2124,909,1420
BDF10-M6,2020,202005032158,SC,0,/Volumes/Seagate Portable Drive/KYLE_AI_DATABASE/A_CAMERA/Focal_species/Gulo gulo/BDF10-M6/SC/2020/B&W/Robust marks/05.03-21.58/RCNX1824.JPG,RCNX1824.JPG,BDF10-M6_2020_202005032158_RCNX1824.jpg,0.9350322484970093,1035.50830078125,48.398014068603516,880.9951171875,1530.6767578125,3776,2124,880,1530
BDF10-M6,2020,202005032158,SC,0,/Volumes/Seagate Portable Drive/KYLE_AI_DATABASE/A_CAMERA/Focal_species/Gulo gulo/BDF10-M6/SC/2020/B&W/Robust marks/05.03-21.58/RCNX1825.JPG,RCNX1825.JPG,BDF10-M6_2020_202005032158_RCNX1825.jpg,0.8671898245811462,917.0208129882812,495.1452331542969,1026.188720703125,916.3289794921875,3776,2124,1026,916
BDF10-M6,2020,202005032158,SC,0,/Volumes/Seagate Portable Drive/KYLE_AI_DATABASE/A_CAMERA/Focal_species/Gulo gulo/BDF10-M6/SC/2020/B&W/Robust marks/05.03-21.58/RCNX1826.JPG,RCNX1826.JPG,BDF10-M6_2020_202005032158_RCNX1826.jpg,0.8348135352134705,1123.52783203125,154.0104217529297,908.523193359375,1939.8524169921875,3776,2124,908,1939
BDF10-M6,2020,202005032158,SC,0,/Volumes/Seagate Portable Drive/KYLE_AI_DATABASE/A_CAMERA/Focal_species/Gulo gulo/BDF10-M6/SC/2020/B&W/Robust marks/05.03-21.58/RCNX1827.JPG,RCNX1827.JPG,BDF10-M6_2020_202005032158_RCNX1827.jpg,0.8935271501541138,1243.2572021484375,104.30621337890625,711.6475830078125,1985.26220703125,3776,2124,711,1985
BDF10-M6,2020,202005032158,SC,0,/Volumes/Seagate Portable Drive/KYLE_AI_DATABASE/A_CAMERA/Focal_species/Gulo gulo/BDF10-M6/SC/2020/B&W/Robust marks/05.03-21.58/RCNX1828.JPG,RCNX1828.JPG,BDF10-M6_2020_202005032158_RCNX1828.jpg,0.8942345976829529,1240.7401123046875,225.5509033203125,690.2427978515625,1859.0587158203125,3776,2124,690,1859
BDF10-M6,2020,202005032158,SC,0,/Volumes/Seagate Portable Drive/KYLE_AI_DATABASE/A_CAMERA/Focal_species/Gulo gulo/BDF10-M6/SC/2020/B&W/Robust marks/05.03-21.58/RCNX1829.JPG,RCNX1829.JPG,BDF10-M6_2020_202005032158_RCNX1829.jpg,0.9160133004188538,1238.35107421875,252.11651611328125,668.4208984375,1831.1220703125,3776,2124,668,1831
BDF10-M6,2020,202005032158,SC,0,/Volumes/Seagate Portable Drive/KYLE_AI_DATABASE/A_CAMERA/Focal_species/Gulo gulo/BDF10-M6/SC/2020/B&W/Robust marks/05.03-21.58/RCNX1830.JPG,RCNX1830.JPG,BDF10-M6_2020_202005032158_RCNX1830.jpg,0.8602360486984253,1240.06298828125,388.86676025390625,696.0723876953125,1698.729248046875,3776,2124,696,1698
BDF10-M6,2020,202005032158,SC,0,/Volumes/Seagate Portable Drive/KYLE_AI_DATABASE/A_CAMERA/Focal_species/Gulo gulo/BDF10-M6/SC/2020/B&W/Robust marks/05.03-21.58/RCNX1831.JPG,RCNX1831.JPG,BDF10-M6_2020_202005032158_RCNX1831.jpg,0.8910855650901794,1244.73876953125,239.28994750976562,723.7294921875,1840.3878173828125,3776,2124,723,1840
BDF10-M6,2020,202005032158,SC,0,/Volumes/Seagate Portable Drive/KYLE_AI_DATABASE/A_CAMERA/Focal_species/Gulo gulo/BDF10-M6/SC/2020/B&W/Robust marks/05.03-21.58/RCNX1832.JPG,RCNX1832.JPG,BDF10-M6_2020_202005032158_RCNX1832.jpg,0.8543930053710938,1242.39697265625,333.5703125,701.01123046875,1750.976806640625,3776,2124,701,1750
BDF10-M6,2020,202005032158,SC,0,/Volumes/Seagate Portable Drive/KYLE_AI_DATABASE/A_CAMERA/Focal_species/Gulo gulo/BDF10-M6/SC/2020/B&W/Robust marks/05.03-21.58/RCNX1833.JPG,RCNX1833.JPG,BDF10-M6_2020_202005032158_RCNX1833.jpg,0.8991754055023193,1248.5445556640625,233.05848693847656,671.105712890625,1850.0411376953125,3776,2124,671,1850
BDF10-M6,2020,202005032158,SC,0,/Volumes/Seagate Portable Drive/KYLE_AI_DATABASE/A_CAMERA/Focal_species/Gulo gulo/BDF10-M6/SC/2020/B&W/Robust marks/05.03-21.58/RCNX1834.JPG,RCNX1834.JPG,BDF10-M6_2020_202005032158_RCNX1834.jpg,0.8910025358200073,1242.860595703125,221.74017333984375,679.4195556640625,1860.0625,3776,2124,679,1860
BDF10-M6,2020,202005032158,SC,0,/Volumes/Seagate Portable Drive/KYLE_AI_DATABASE/A_CAMERA/Focal_species/Gulo gulo/BDF10-M6/SC/2020/B&W/Robust marks/05.03-21.58/RCNX1835.JPG,RCNX1835.JPG,BDF10-M6_2020_202005032158_RCNX1835.jpg,0.8943636417388916,1242.9683837890625,235.0484619140625,674.2125244140625,1844.7557373046875,3776,2124,674,1844
BDF10-M6,2020,202005032158,SC,0,/Volumes/Seagate Portable Drive/KYLE_AI_DATABASE/A_CAMERA/Focal_species/Gulo gulo/BDF10-M6/SC/2020/B&W/Robust marks/05.03-21.58/RCNX1836.JPG,RCNX1836.JPG,BDF10-M6_2020_202005032158_RCNX1836.jpg,0.9515747427940369,1243.89892578125,234.08837890625,849.822998046875,1844.580078125,3776,2124,849,1844
BDF10-M6,2020,202005032158,SC,0,/Volumes/Seagate Portable Drive/KYLE_AI_DATABASE/A_CAMERA/Focal_species/Gulo gulo/BDF10-M6/SC/2020/B&W/Robust marks/05.03-21.58/RCNX1837.JPG,RCNX1837.JPG,BDF10-M6_2020_202005032158_RCNX1837.jpg,0.9269949197769165,1229.0487060546875,218.39590454101562,711.97265625,1862.5557861328125,3776,2124,711,1862
BDF10-M6,2020,202005032158,SC,0,/Volumes/Seagate Portable Drive/KYLE_AI_DATABASE/A_CAMERA/Focal_species/Gulo gulo/BDF10-M6/SC/2020/B&W/Robust marks/05.03-21.58/RCNX1838.JPG,RCNX1838.JPG,BDF10-M6_2020_202005032158_RCNX1838.jpg,0.9082076549530029,1215.2601318359375,269.69989013671875,753.5760498046875,1814.869140625,3776,2124,753,1814
BDF10-M6,2020,202005032158,SC,0,/Volumes/Seagate Portable Drive/KYLE_AI_DATABASE/A_CAMERA/Focal_species/Gulo gulo/BDF10-M6/SC/2020/B&W/Robust marks/05.03-21.58/RCNX1839.JPG,RCNX1839.JPG,BDF10-M6_2020_202005032158_RCNX1839.jpg,0.9170409440994263,1236.9832763671875,200.2844696044922,733.7158203125,1877.6943359375,3776,2124,733,1877
BDF10-M6,2020,202005032158,SC,0,/Volumes/Seagate Portable Drive/KYLE_AI_DATABASE/A_CAMERA/Focal_species/Gulo gulo/BDF10-M6/SC/2020/B&W/Robust marks/05.03-21.58/RCNX1840.JPG,RCNX1840.JPG,BDF10-M6_2020_202005032158_RCNX1840.jpg,0.9175691604614258,1232.2852783203125,187.79908752441406,714.6024169921875,1887.942138671875,3776,2124,714,1887
BDF10-M6,2020,202005032158,SC,0,/Volumes/Seagate Portable Drive/KYLE_AI_DATABASE/A_CAMERA/Focal_species/Gulo gulo/BDF10-M6/SC/2020/B&W/Robust marks/05.03-21.58/RCNX1841.JPG,RCNX1841.JPG,BDF10-M6_2020_202005032158_RCNX1841.jpg,0.8951923847198486,1239.9139404296875,231.2682342529297,700.7537841796875,1840.5714111328125,3776,2124,700,1840
BDF10-M6,2020,202005032158,SC,0,/Volumes/Seagate Portable Drive/KYLE_AI_DATABASE/A_CAMERA/Focal_species/Gulo gulo/BDF10-M6/SC/2020/B&W/Robust marks/05.03-21.58/RCNX1842.JPG,RCNX1842.JPG,BDF10-M6_2020_202005032158_RCNX1842.jpg,0.9142244458198547,1241.9344482421875,307.54205322265625,694.3321533203125,1778.2734375,3776,2124,694,1778
BDF10-M6,2020,202005032158,SC,0,/Volumes/Seagate Portable Drive/KYLE_AI_DATABASE/A_CAMERA/Focal_species/Gulo gulo/BDF10-M6/SC/2020/B&W/Robust marks/05.03-21.58/RCNX1843.JPG,RCNX1843.JPG,BDF10-M6_2020_202005032158_RCNX1843.jpg,0.8928101658821106,1252.9700927734375,480.9838562011719,703.4818115234375,1604.207763671875,3776,2124,703,1604
BDF10-M6,2020,202005032158,SC,0,/Volumes/Seagate Portable Drive/KYLE_AI_DATABASE/A_CAMERA/Focal_species/Gulo gulo/BDF10-M6/SC/2020/B&W/Robust marks/05.03-21.58/RCNX1844.JPG,RCNX1844.JPG,BDF10-M6_2020_202005032158_RCNX1844.jpg,0.9186616539955139,1252.6776123046875,373.35736083984375,701.0640869140625,1710.40673828125,3776,2124,701,1710
BDF10-M6,2020,202005032158,SC,0,/Volumes/Seagate Portable Drive/KYLE_AI_DATABASE/A_CAMERA/Focal_species/Gulo gulo/BDF10-M6/SC/2020/B&W/Robust marks/05.03-21.58/RCNX1845.JPG,RCNX1845.JPG,BDF10-M6_2020_202005032158_RCNX1845.jpg,0.9261683821678162,1253.718505859375,318.81878662109375,690.6385498046875,1765.9345703125,3776,2124,690,1765
BDF10-M6,2020,202005032158,SC,0,/Volumes/Seagate Portable Drive/KYLE_AI_DATABASE/A_CAMERA/Focal_species/Gulo gulo/BDF10-M6/SC/2020/B&W/Robust marks/05.03-21.58/RCNX1846.JPG,RCNX1846.JPG,BDF10-M6_2020_202005032158_RCNX1846.jpg,0.9140691161155701,1242.4124755859375,243.41578674316406,687.191650390625,1837.919921875,3776,2124,687,1837
BDF10-M6,2020,202005032158,SC,0,/Volumes/Seagate Portable Drive/KYLE_AI_DATABASE/A_CAMERA/Focal_species/Gulo gulo/BDF10-M6/SC/2020/B&W/Robust marks/05.03-21.58/RCNX1847.JPG,RCNX1847.JPG,BDF10-M6_2020_202005032158_RCNX1847.jpg,0.9044853448867798,1251.1630859375,61.13007736206055,685.9044189453125,2001.06494140625,3776,2124,685,2001
BDF10-M6,2020,202005032158,SC,0,/Volumes/Seagate Portable Drive/KYLE_AI_DATABASE/A_CAMERA/Focal_species/Gulo gulo/BDF10-M6/SC/2020/B&W/Robust marks/05.03-21.58/RCNX1848.JPG,RCNX1848.JPG,BDF10-M6_2020_202005032158_RCNX1848.jpg,0.8520808219909668,1242.076171875,123.23731994628906,698.240234375,1954.636474609375,3776,2124,698,1954
BDF10-M6,2020,202005032158,SC,0,/Volumes/Seagate Portable Drive/KYLE_AI_DATABASE/A_CAMERA/Focal_species/Gulo gulo/BDF10-M6/SC/2020/B&W/Robust marks/05.03-21.58/RCNX1849.JPG,RCNX1849.JPG,BDF10-M6_2020_202005032158_RCNX1849.jpg,0.9010359644889832,1250.6512451171875,135.7281494140625,701.78369140625,1953.8343505859375,3776,2124,701,1953
BDF10-M6,2020,202005032158,SC,0,/Volumes/Seagate Portable Drive/KYLE_AI_DATABASE/A_CAMERA/Focal_species/Gulo gulo/BDF10-M6/SC/2020/B&W/Robust marks/05.03-21.58/RCNX1850.JPG,RCNX1850.JPG,BDF10-M6_2020_202005032158_RCNX1850.jpg,0.8755101561546326,1239.125732421875,157.94712829589844,718.8831787109375,1925.5618896484375,3776,2124,718,1925
BDF10-M6,2020,202005032158,SC,0,/Volumes/Seagate Portable Drive/KYLE_AI_DATABASE/A_CAMERA/Focal_species/Gulo gulo/BDF10-M6/SC/2020/B&W/Robust marks/05.03-21.58/RCNX1851.JPG,RCNX1851.JPG,BDF10-M6_2020_202005032158_RCNX1851.jpg,0.8437298536300659,1256.2894287109375,173.03964233398438,724.0628662109375,1927.6282958984375,3776,2124,724,1927
BDF10-M6,2020,202005032158,SC,0,/Volumes/Seagate Portable Drive/KYLE_AI_DATABASE/A_CAMERA/Focal_species/Gulo gulo/BDF10-M6/SC/2020/B&W/Robust marks/05.03-21.58/RCNX1852.JPG,RCNX1852.JPG,BDF10-M6_2020_202005032158_RCNX1852.jpg,0.8065750598907471,1255.0943603515625,280.5479736328125,698.9835205078125,1798.8216552734375,3776,2124,698,1798
BDF10-M6,2020,202005032158,SC,0,/Volumes/Seagate Portable Drive/KYLE_AI_DATABASE/A_CAMERA/Focal_species/Gulo gulo/BDF10-M6/SC/2020/B&W/Robust marks/05.03-21.58/RCNX1854.JPG,RCNX1854.JPG,BDF10-M6_2020_202005032158_RCNX1854.jpg,0.8858579397201538,1322.2923583984375,339.199951171875,639.047119140625,1743.487060546875,3776,2124,639,1743
BDF10-M6,2020,202005032158,SC,0,/Volumes/Seagate Portable Drive/KYLE_AI_DATABASE/A_CAMERA/Focal_species/Gulo gulo/BDF10-M6/SC/2020/B&W/Robust marks/05.03-21.58/RCNX1855.JPG,RCNX1855.JPG,BDF10-M6_2020_202005032158_RCNX1855.jpg,0.9109774231910706,1320.5726318359375,539.6189575195312,641.9732666015625,1543.1591796875,3776,2124,641,1543
BDF10-M6,2020,202005032158,SC,0,/Volumes/Seagate Portable Drive/KYLE_AI_DATABASE/A_CAMERA/Focal_species/Gulo gulo/BDF10-M6/SC/2020/B&W/Robust marks/05.03-21.58/RCNX1856.JPG,RCNX1856.JPG,BDF10-M6_2020_202005032158_RCNX1856.jpg,0.8924457430839539,1308.772705078125,508.5016784667969,665.473876953125,1577.251953125,3776,2124,665,1577
BDF10-M6,2020,202005032158,SC,0,/Volumes/Seagate Portable Drive/KYLE_AI_DATABASE/A_CAMERA/Focal_species/Gulo gulo/BDF10-M6/SC/2020/B&W/Robust marks/05.03-21.58/RCNX1857.JPG,RCNX1857.JPG,BDF10-M6_2020_202005032158_RCNX1857.jpg,0.8431200981140137,1314.1119384765625,300.9109191894531,640.808349609375,1773.405029296875,3776,2124,640,1773
BDF10-M6,2020,202005032158,SC,0,/Volumes/Seagate Portable Drive/KYLE_AI_DATABASE/A_CAMERA/Focal_species/Gulo gulo/BDF10-M6/SC/2020/B&W/Robust marks/05.03-21.58/RCNX1858.JPG,RCNX1858.JPG,BDF10-M6_2020_202005032158_RCNX1858.jpg,0.8489684462547302,1312.8963623046875,372.7154235839844,652.3941650390625,1708.2215576171875,3776,2124,652,1708
BDF10-M6,2020,202005032158,SC,0,/Volumes/Seagate Portable Drive/KYLE_AI_DATABASE/A_CAMERA/Focal_species/Gulo gulo/BDF10-M6/SC/2020/B&W/Robust marks/05.03-21.58/RCNX1859.JPG,RCNX1859.JPG,BDF10-M6_2020_202005032158_RCNX1859.jpg,0.875271201133728,1329.2386474609375,442.1219787597656,662.4000244140625,1642.9310302734375,3776,2124,662,1642
BDF10-M6,2020,202005032158,SC,0,/Volumes/Seagate Portable Drive/KYLE_AI_DATABASE/A_CAMERA/Focal_species/Gulo gulo/BDF10-M6/SC/2020/B&W/Robust marks/05.03-21.58/RCNX1860.JPG,RCNX1860.JPG,BDF10-M6_2020_202005032158_RCNX1860.jpg,0.8338596224784851,1448.0650634765625,342.1087951660156,616.7471923828125,1738.5928955078125,3776,2124,616,1738
BDF10-M6,2020,202005032158,SC,0,/Volumes/Seagate Portable Drive/KYLE_AI_DATABASE/A_CAMERA/Focal_species/Gulo gulo/BDF10-M6/SC/2020/B&W/Robust marks/05.03-21.58/RCNX1861.JPG,RCNX1861.JPG,BDF10-M6_2020_202005032158_RCNX1861.jpg,0.9019234776496887,1354.2000732421875,389.3897399902344,640.78564453125,1693.3900146484375,3776,2124,640,1693
BDF10-M6,2020,202005032158,SC,0,/Volumes/Seagate Portable Drive/KYLE_AI_DATABASE/A_CAMERA/Focal_species/Gulo gulo/BDF10-M6/SC/2020/B&W/Robust marks/05.03-21.58/RCNX1862.JPG,RCNX1862.JPG,BDF10-M6_2020_202005032158_RCNX1862.jpg,0.9052675366401672,1346.6328125,394.3299560546875,645.005615234375,1689.3092041015625,3776,2124,645,1689
BDF10-M6,2020,202005032158,SC,0,/Volumes/Seagate Portable Drive/KYLE_AI_DATABASE/A_CAMERA/Focal_species/Gulo gulo/BDF10-M6/SC/2020/B&W/Robust marks/05.03-21.58/RCNX1863.JPG,RCNX1863.JPG,BDF10-M6_2020_202005032158_RCNX1863.jpg,0.8990030288696289,1352.1097412109375,404.1163330078125,638.5462646484375,1679.8912353515625,3776,2124,638,1679
BDF10-M6,2020,202005032158,SC,0,/Volumes/Seagate Portable Drive/KYLE_AI_DATABASE/A_CAMERA/Focal_species/Gulo gulo/BDF10-M6/SC/2020/B&W/Robust marks/05.03-21.58/RCNX1864.JPG,RCNX1864.JPG,BDF10-M6_2020_202005032158_RCNX1864.jpg,0.9067365527153015,1325.2283935546875,411.6581115722656,666.8480224609375,1673.1734619140625,3776,2124,666,1673
BDF10-M6,2020,202005032158,SC,0,/Volumes/Seagate Portable Drive/KYLE_AI_DATABASE/A_CAMERA/Focal_species/Gulo gulo/BDF10-M6/SC/2020/B&W/Robust marks/05.03-21.58/RCNX1865.JPG,RCNX1865.JPG,BDF10-M6_2020_202005032158_RCNX1865.jpg,0.9049628376960754,1311.2017822265625,412.10736083984375,646.6649169921875,1672.76513671875,3776,2124,646,1672
BDF10-M6,2020,202005032158,SC,0,/Volumes/Seagate Portable Drive/KYLE_AI_DATABASE/A_CAMERA/Focal_species/Gulo gulo/BDF10-M6/SC/2020/B&W/Robust marks/05.03-21.58/RCNX1866.JPG,RCNX1866.JPG,BDF10-M6_2020_202005032158_RCNX1866.jpg,0.8244670629501343,1308.7275390625,247.64283752441406,669.4129638671875,1834.255859375,3776,2124,669,1834
BDF10-M6,2020,202005032158,SC,0,/Volumes/Seagate Portable Drive/KYLE_AI_DATABASE/A_CAMERA/Focal_species/Gulo gulo/BDF10-M6/SC/2020/B&W/Robust marks/05.03-21.58/RCNX1867.JPG,RCNX1867.JPG,BDF10-M6_2020_202005032158_RCNX1867.jpg,0.9140743017196655,1281.0511474609375,258.67156982421875,693.883056640625,1820.86376953125,3776,2124,693,1820
BDF10-M6,2020,202005032158,SC,0,/Volumes/Seagate Portable Drive/KYLE_AI_DATABASE/A_CAMERA/Focal_species/Gulo gulo/BDF10-M6/SC/2020/B&W/Robust marks/05.03-21.58/RCNX1868.JPG,RCNX1868.JPG,BDF10-M6_2020_202005032158_RCNX1868.jpg,0.8770785331726074,1249.260986328125,215.67311096191406,728.0859375,1865.558349609375,3776,2124,728,1865
BDF10-M6,2020,202005032158,SC,0,/Volumes/Seagate Portable Drive/KYLE_AI_DATABASE/A_CAMERA/Focal_species/Gulo gulo/BDF10-M6/SC/2020/B&W/Robust marks/05.03-21.58/RCNX1869.JPG,RCNX1869.JPG,BDF10-M6_2020_202005032158_RCNX1869.jpg,0.895514726638794,1324.1085205078125,313.721923828125,700.229248046875,1767.73583984375,3776,2124,700,1767
BDF10-M6,2020,202005032158,SC,0,/Volumes/Seagate Portable Drive/KYLE_AI_DATABASE/A_CAMERA/Focal_species/Gulo gulo/BDF10-M6/SC/2020/B&W/Robust marks/05.03-21.58/RCNX1870.JPG,RCNX1870.JPG,BDF10-M6_2020_202005032158_RCNX1870.jpg,0.8485035300254822,1357.1258544921875,267.61187744140625,629.4945068359375,1812.281005859375,3776,2124,629,1812
BDF10-M6,2020,202005032158,SC,0,/Volumes/Seagate Portable Drive/KYLE_AI_DATABASE/A_CAMERA/Focal_species/Gulo gulo/BDF10-M6/SC/2020/B&W/Robust marks/05.03-21.58/RCNX1871.JPG,RCNX1871.JPG,BDF10-M6_2020_202005032158_RCNX1871.jpg,0.8688834309577942,1490.083984375,219.6354522705078,640.93408203125,1859.76611328125,3776,2124,640,1859
BDF10-M6,2020,202005032158,SC,0,/Volumes/Seagate Portable Drive/KYLE_AI_DATABASE/A_CAMERA/Focal_species/Gulo gulo/BDF10-M6/SC/2020/B&W/Robust marks/05.03-21.58/RCNX1874.JPG,RCNX1874.JPG,BDF10-M6_2020_202005032158_RCNX1874.jpg,0.8897224068641663,1293.5135498046875,471.8675537109375,670.0318603515625,1607.6680908203125,3776,2124,670,1607
BDF10-M6,2020,202005032158,SC,0,/Volumes/Seagate Portable Drive/KYLE_AI_DATABASE/A_CAMERA/Focal_species/Gulo gulo/BDF10-M6/SC/2020/B&W/Robust marks/05.03-21.58/RCNX1875.JPG,RCNX1875.JPG,BDF10-M6_2020_202005032158_RCNX1875.jpg,0.9358473420143127,1303.0904541015625,211.2150115966797,749.9881591796875,1866.9649658203125,3776,2124,749,1866
BDF10-M6,2020,202005032158,SC,0,/Volumes/Seagate Portable Drive/KYLE_AI_DATABASE/A_CAMERA/Focal_species/Gulo gulo/BDF10-M6/SC/2020/B&W/Robust marks/05.03-21.58/RCNX1876.JPG,RCNX1876.JPG,BDF10-M6_2020_202005032158_RCNX1876.jpg,0.8726534247398376,1307.5740966796875,475.4937744140625,648.4146728515625,1609.1153564453125,3776,2124,648,1609
BDF10-M6,2020,202005032158,SC,0,/Volumes/Seagate Portable Drive/KYLE_AI_DATABASE/A_CAMERA/Focal_species/Gulo gulo/BDF10-M6/SC/2020/B&W/Robust marks/05.03-21.58/RCNX1877.JPG,RCNX1877.JPG,BDF10-M6_2020_202005032158_RCNX1877.jpg,0.9263225793838501,1302.3575439453125,411.7641906738281,682.6697998046875,1670.961669921875,3776,2124,682,1670
BDF10-M6,2020,202005032158,SC,0,/Volumes/Seagate Portable Drive/KYLE_AI_DATABASE/A_CAMERA/Focal_species/Gulo gulo/BDF10-M6/SC/2020/B&W/Robust marks/05.03-21.58/RCNX1878.JPG,RCNX1878.JPG,BDF10-M6_2020_202005032158_RCNX1878.jpg,0.8852978348731995,1243.1766357421875,45.286624908447266,696.127685546875,2029.429931640625,3776,2124,696,2029
BDF10-M6,2020,202005032158,SC,0,/Volumes/Seagate Portable Drive/KYLE_AI_DATABASE/A_CAMERA/Focal_species/Gulo gulo/BDF10-M6/SC/2020/B&W/Robust marks/05.03-21.58/RCNX1879.JPG,RCNX1879.JPG,BDF10-M6_2020_202005032158_RCNX1879.jpg,0.8977802991867065,1316.250732421875,292.4418640136719,645.17138671875,1791.830810546875,3776,2124,645,1791
BDF10-M6,2020,202005032158,SC,0,/Volumes/Seagate Portable Drive/KYLE_AI_DATABASE/A_CAMERA/Focal_species/Gulo gulo/BDF10-M6/SC/2020/B&W/Robust marks/05.03-21.58/RCNX1880.JPG,RCNX1880.JPG,BDF10-M6_2020_202005032158_RCNX1880.jpg,0.9236623048782349,1247.8370361328125,356.8306884765625,716.7850341796875,1725.3370361328125,3776,2124,716,1725
BDF10-M6,2020,202005032158,SC,0,/Volumes/Seagate Portable Drive/KYLE_AI_DATABASE/A_CAMERA/Focal_species/Gulo gulo/BDF10-M6/SC/2020/B&W/Robust marks/05.03-21.58/RCNX1881.JPG,RCNX1881.JPG,BDF10-M6_2020_202005032158_RCNX1881.jpg,0.9248881340026855,1177.7911376953125,475.74322509765625,784.0970458984375,1606.745361328125,3776,2124,784,1606
BDF10-M6,2020,202005032158,SC,0,/Volumes/Seagate Portable Drive/KYLE_AI_DATABASE/A_CAMERA/Focal_species/Gulo gulo/BDF10-M6/SC/2020/B&W/Robust marks/05.03-21.58/RCNX1882.JPG,RCNX1882.JPG,BDF10-M6_2020_202005032158_RCNX1882.jpg,0.893096387386322,1333.1083984375,412.46099853515625,663.7318115234375,1671.86865234375,3776,2124,663,1671
BDF10-M6,2020,202005032158,SC,0,/Volumes/Seagate Portable Drive/KYLE_AI_DATABASE/A_CAMERA/Focal_species/Gulo gulo/BDF10-M6/SC/2020/B&W/Robust marks/05.03-21.58/RCNX1883.JPG,RCNX1883.JPG,BDF10-M6_2020_202005032158_RCNX1883.jpg,0.9603688716888428,1447.2470703125,459.0810546875,651.754638671875,1626.763916015625,3776,2124,651,1626
BDF10-M6,2020,202005032158,SC,0,/Volumes/Seagate Portable Drive/KYLE_AI_DATABASE/A_CAMERA/Focal_species/Gulo gulo/BDF10-M6/SC/2020/B&W/Robust marks/05.03-21.58/RCNX1884.JPG,RCNX1884.JPG,BDF10-M6_2020_202005032158_RCNX1884.jpg,0.8654502034187317,1429.172119140625,630.5078735351562,641.740966796875,1455.83447265625,3776,2124,641,1455
BDF10-M6,2020,202005032158,SC,0,/Volumes/Seagate Portable Drive/KYLE_AI_DATABASE/A_CAMERA/Focal_species/Gulo gulo/BDF10-M6/SC/2020/B&W/Robust marks/05.03-21.58/RCNX1885.JPG,RCNX1885.JPG,BDF10-M6_2020_202005032158_RCNX1885.jpg,0.933154284954071,1323.1463623046875,749.8848876953125,722.302001953125,1336.2137451171875,3776,2124,722,1336
BDF10-M6,2020,202005032158,SC,0,/Volumes/Seagate Portable Drive/KYLE_AI_DATABASE/A_CAMERA/Focal_species/Gulo gulo/BDF10-M6/SC/2020/B&W/Robust marks/05.03-21.58/RCNX1886.JPG,RCNX1886.JPG,BDF10-M6_2020_202005032158_RCNX1886.jpg,0.9331496953964233,1193.7529296875,753.19287109375,798.3314208984375,1332.501220703125,3776,2124,798,1332
BDF10-M6,2020,202005032158,SC,0,/Volumes/Seagate Portable Drive/KYLE_AI_DATABASE/A_CAMERA/Focal_species/Gulo gulo/BDF10-M6/SC/2020/B&W/Robust marks/05.03-21.58/RCNX1887.JPG,RCNX1887.JPG,BDF10-M6_2020_202005032158_RCNX1887.jpg,0.9534280300140381,1219.1898193359375,753.2748413085938,764.1015625,1332.449951171875,3776,2124,764,1332
BDF10-M6,2020,202005032158,SC,0,/Volumes/Seagate Portable Drive/KYLE_AI_DATABASE/A_CAMERA/Focal_species/Gulo gulo/BDF10-M6/SC/2020/B&W/Robust marks/05.03-21.58/RCNX1888.JPG,RCNX1888.JPG,BDF10-M6_2020_202005032158_RCNX1888.jpg,0.9594002366065979,1224.75537109375,757.21337890625,762.4189453125,1328.745849609375,3776,2124,762,1328
BDF10-M6,2020,202005032158,SC,0,/Volumes/Seagate Portable Drive/KYLE_AI_DATABASE/A_CAMERA/Focal_species/Gulo gulo/BDF10-M6/SC/2020/B&W/Robust marks/05.03-21.58/RCNX1889.JPG,RCNX1889.JPG,BDF10-M6_2020_202005032158_RCNX1889.jpg,0.9081403613090515,1255.8968505859375,434.8567810058594,708.1805419921875,1651.7742919921875,3776,2124,708,1651
BDF10-M6,2020,202005032158,SC,0,/Volumes/Seagate Portable Drive/KYLE_AI_DATABASE/A_CAMERA/Focal_species/Gulo gulo/BDF10-M6/SC/2020/B&W/Robust marks/05.03-21.58/RCNX1891.JPG,RCNX1891.JPG,BDF10-M6_2020_202005032158_RCNX1891.jpg,0.9183706641197205,1081.0052490234375,39.15540313720703,819.90869140625,977.6704711914062,3776,2124,819,977
BDF10-M6,2020,202005032158,SC,0,/Volumes/Seagate Portable Drive/KYLE_AI_DATABASE/A_CAMERA/Focal_species/Gulo gulo/BDF10-M6/SC/2020/B&W/Robust marks/05.03-21.58/RCNX1892.JPG,RCNX1892.JPG,BDF10-M6_2020_202005032158_RCNX1892.jpg,0.8949444890022278,1044.7191162109375,39.55897521972656,666.949951171875,1144.598388671875,3776,2124,666,1144
BDF10-M6,2020,202005032158,SC,0,/Volumes/Seagate Portable Drive/KYLE_AI_DATABASE/A_CAMERA/Focal_species/Gulo gulo/BDF10-M6/SC/2020/B&W/Robust marks/05.03-21.58/RCNX1893.JPG,RCNX1893.JPG,BDF10-M6_2020_202005032158_RCNX1893.jpg,0.9401986002922058,1063.57421875,40.25416946411133,895.7508544921875,937.9735717773438,3776,2124,895,937
BDF10-M6,2020,202005032158,SC,0,/Volumes/Seagate Portable Drive/KYLE_AI_DATABASE/A_CAMERA/Focal_species/Gulo gulo/BDF10-M6/SC/2020/B&W/Robust marks/05.03-21.58/RCNX1897.JPG,RCNX1897.JPG,BDF10-M6_2020_202005032158_RCNX1897.jpg,0.8797000050544739,1056.00537109375,41.10001754760742,772.233642578125,1114.9300537109375,3776,2124,772,1114
BDF10-M6,2020,202005032158,SC,0,/Volumes/Seagate Portable Drive/KYLE_AI_DATABASE/A_CAMERA/Focal_species/Gulo gulo/BDF10-M6/SC/2020/B&W/Robust marks/05.03-21.58/RCNX1899.JPG,RCNX1899.JPG,BDF10-M6_2020_202005032158_RCNX1899.jpg,0.902422308921814,1049.890869140625,40.13203048706055,851.916748046875,1105.0196533203125,3776,2124,851,1105
