id,year,ymdh,station,color,original_path,original_filename,crop_filename,confidence,bbox_x,bbox_y,bbox_width,bbox_height,image_width,image_height,crop_width,crop_height
BDF10-M6,2016,201602091445,DM,1,/Volumes/Seagate Portable Drive/KYLE_AI_DATABASE/A_CAMERA/Focal_species/Gulo gulo/BDF10-M6/DM/2016/COLOR/Robust marks/02.09-14.45/IMG_0301.JPG,IMG_0301.JPG,BDF10-M6_2016_201602091445_IMG_0301.jpg,0.8625432848930359,615.541259765625,671.680908203125,361.65478515625,520.4664306640625,2048,1536,361,520
BDF10-M6,2016,201602091445,DM,1,/Volumes/Seagate Portable Drive/KYLE_AI_DATABASE/A_CAMERA/Focal_species/Gulo gulo/BDF10-M6/DM/2016/COLOR/Robust marks/02.09-14.45/IMG_0302.JPG,IMG_0302.JPG,BDF10-M6_2016_201602091445_IMG_0302.jpg,0.914401650428772,614.1251831054688,504.6638488769531,371.4383544921875,683.6907958984375,2048,1536,371,683
BDF10-M6,2016,201602091445,DM,1,/Volumes/Seagate Portable Drive/KYLE_AI_DATABASE/A_CAMERA/Focal_species/Gulo gulo/BDF10-M6/DM/2016/COLOR/Robust marks/02.09-14.45/IMG_0303.JPG,IMG_0303.JPG,BDF10-M6_2016_201602091445_IMG_0303.jpg,0.899283766746521,598.7880859375,432.8304748535156,390.6954345703125,753.10693359375,2048,1536,390,753
BDF10-M6,2016,201602091445,DM,1,/Volumes/Seagate Portable Drive/KYLE_AI_DATABASE/A_CAMERA/Focal_species/Gulo gulo/BDF10-M6/DM/2016/COLOR/Robust marks/02.09-14.45/IMG_0304.JPG,IMG_0304.JPG,BDF10-M6_2016_201602091445_IMG_0304.jpg,0.8581748008728027,577.79345703125,456.57891845703125,434.330322265625,731.8202514648438,2048,1536,434,731
BDF10-M6,2016,201602091445,DM,1,/Volumes/Seagate Portable Drive/KYLE_AI_DATABASE/A_CAMERA/Focal_species/Gulo gulo/BDF10-M6/DM/2016/COLOR/Robust marks/02.09-14.45/IMG_0305.JPG,IMG_0305.JPG,BDF10-M6_2016_201602091445_IMG_0305.jpg,0.8627223372459412,579.9755859375,423.73858642578125,431.206787109375,745.8707885742188,2048,1536,431,745
BDF10-M6,2016,201602091445,DM,1,/Volumes/Seagate Portable Drive/KYLE_AI_DATABASE/A_CAMERA/Focal_species/Gulo gulo/BDF10-M6/DM/2016/COLOR/Robust marks/02.09-14.45/IMG_0306.JPG,IMG_0306.JPG,BDF10-M6_2016_201602091445_IMG_0306.jpg,0.9206252098083496,619.6793212890625,410.476318359375,485.6812744140625,755.1339111328125,2048,1536,485,755
BDF10-M6,2016,201602091445,DM,1,/Volumes/Seagate Portable Drive/KYLE_AI_DATABASE/A_CAMERA/Focal_species/Gulo gulo/BDF10-M6/DM/2016/COLOR/Robust marks/02.09-14.45/IMG_0307.JPG,IMG_0307.JPG,BDF10-M6_2016_201602091445_IMG_0307.jpg,0.9206452369689941,616.556396484375,410.1477355957031,440.7852783203125,780.1007080078125,2048,1536,440,780
BDF10-M6,2016,201602091445,DM,1,/Volumes/Seagate Portable Drive/KYLE_AI_DATABASE/A_CAMERA/Focal_species/Gulo gulo/BDF10-M6/DM/2016/COLOR/Robust marks/02.09-14.45/IMG_0308.JPG,IMG_0308.JPG,BDF10-M6_2016_201602091445_IMG_0308.jpg,0.9204622507095337,613.8504028320312,440.6769104003906,417.97137451171875,735.052001953125,2048,1536,417,735
BDF10-M6,2016,201602091445,DM,1,/Volumes/Seagate Portable Drive/KYLE_AI_DATABASE/A_CAMERA/Focal_species/Gulo gulo/BDF10-M6/DM/2016/COLOR/Robust marks/02.09-14.45/IMG_0309.JPG,IMG_0309.JPG,BDF10-M6_2016_201602091445_IMG_0309.jpg,0.9098439812660217,614.8541870117188,389.85614013671875,413.79779052734375,796.0847778320312,2048,1536,413,796
BDF10-M6,2016,201602091445,DM,1,/Volumes/Seagate Portable Drive/KYLE_AI_DATABASE/A_CAMERA/Focal_species/Gulo gulo/BDF10-M6/DM/2016/COLOR/Robust marks/02.09-14.45/IMG_0310.JPG,IMG_0310.JPG,BDF10-M6_2016_201602091445_IMG_0310.jpg,0.8471565246582031,614.34912109375,390.8026123046875,418.1070556640625,790.58251953125,2048,1536,418,790
BDF10-M6,2016,201602091445,DM,1,/Volumes/Seagate Portable Drive/KYLE_AI_DATABASE/A_CAMERA/Focal_species/Gulo gulo/BDF10-M6/DM/2016/COLOR/Robust marks/02.09-14.45/IMG_0312.JPG,IMG_0312.JPG,BDF10-M6_2016_201602091445_IMG_0312.jpg,0.9209063649177551,624.36474609375,346.92669677734375,408.8211669921875,804.8524780273438,2048,1536,408,804
BDF10-M6,2016,201602091445,DM,1,/Volumes/Seagate Portable Drive/KYLE_AI_DATABASE/A_CAMERA/Focal_species/Gulo gulo/BDF10-M6/DM/2016/COLOR/Robust marks/02.09-14.45/IMG_0313.JPG,IMG_0313.JPG,BDF10-M6_2016_201602091445_IMG_0313.jpg,0.8091037273406982,615.7965087890625,413.5842590332031,415.8839111328125,776.3704833984375,2048,1536,415,776
BDF10-M6,2016,201602091445,DM,1,/Volumes/Seagate Portable Drive/KYLE_AI_DATABASE/A_CAMERA/Focal_species/Gulo gulo/BDF10-M6/DM/2016/COLOR/Robust marks/02.09-14.45/IMG_0315.JPG,IMG_0315.JPG,BDF10-M6_2016_201602091445_IMG_0315.jpg,0.8174867630004883,615.3233642578125,472.5057678222656,417.840087890625,714.3687744140625,2048,1536,417,714
BDF10-M6,2016,201602091445,DM,1,/Volumes/Seagate Portable Drive/KYLE_AI_DATABASE/A_CAMERA/Focal_species/Gulo gulo/BDF10-M6/DM/2016/COLOR/Robust marks/02.09-14.45/IMG_0316.JPG,IMG_0316.JPG,BDF10-M6_2016_201602091445_IMG_0316.jpg,0.8100675940513611,619.1222534179688,444.3139343261719,414.44940185546875,722.9388427734375,2048,1536,414,722
BDF10-M6,2016,201602091445,DM,1,/Volumes/Seagate Portable Drive/KYLE_AI_DATABASE/A_CAMERA/Focal_species/Gulo gulo/BDF10-M6/DM/2016/COLOR/Robust marks/02.09-14.45/IMG_0317.JPG,IMG_0317.JPG,BDF10-M6_2016_201602091445_IMG_0317.jpg,0.8414229154586792,617.398681640625,445.70635986328125,413.2320556640625,724.6605834960938,2048,1536,413,724
BDF10-M6,2016,201602091445,DM,1,/Volumes/Seagate Portable Drive/KYLE_AI_DATABASE/A_CAMERA/Focal_species/Gulo gulo/BDF10-M6/DM/2016/COLOR/Robust marks/02.09-14.45/IMG_0319.JPG,IMG_0319.JPG,BDF10-M6_2016_201602091445_IMG_0319.jpg,0.9199347496032715,616.9695434570312,337.8833312988281,484.29754638671875,866.6788330078125,2048,1536,484,866
BDF10-M6,2016,201602091445,DM,1,/Volumes/Seagate Portable Drive/KYLE_AI_DATABASE/A_CAMERA/Focal_species/Gulo gulo/BDF10-M6/DM/2016/COLOR/Robust marks/02.09-14.45/IMG_0320.JPG,IMG_0320.JPG,BDF10-M6_2016_201602091445_IMG_0320.jpg,0.8967111110687256,616.0650024414062,459.0143737792969,494.94744873046875,720.998779296875,2048,1536,494,720
BDF10-M6,2016,201602091445,DM,1,/Volumes/Seagate Portable Drive/KYLE_AI_DATABASE/A_CAMERA/Focal_species/Gulo gulo/BDF10-M6/DM/2016/COLOR/Robust marks/02.09-14.45/IMG_0321.JPG,IMG_0321.JPG,BDF10-M6_2016_201602091445_IMG_0321.jpg,0.9210344552993774,616.6975708007812,322.38616943359375,418.02557373046875,851.1441040039062,2048,1536,418,851
BDF10-M6,2016,201602091445,DM,1,/Volumes/Seagate Portable Drive/KYLE_AI_DATABASE/A_CAMERA/Focal_species/Gulo gulo/BDF10-M6/DM/2016/COLOR/Robust marks/02.09-14.45/IMG_0322.JPG,IMG_0322.JPG,BDF10-M6_2016_201602091445_IMG_0322.jpg,0.8858593702316284,614.8646850585938,331.67034912109375,412.73077392578125,874.2966918945312,2048,1536,412,874
BDF10-M6,2016,201602091445,DM,1,/Volumes/Seagate Portable Drive/KYLE_AI_DATABASE/A_CAMERA/Focal_species/Gulo gulo/BDF10-M6/DM/2016/COLOR/Robust marks/02.09-14.45/IMG_0323.JPG,IMG_0323.JPG,BDF10-M6_2016_201602091445_IMG_0323.jpg,0.8774744272232056,616.0772705078125,335.37164306640625,409.9708251953125,861.0632934570312,2048,1536,409,861
BDF10-M6,2016,201602091445,DM,1,/Volumes/Seagate Portable Drive/KYLE_AI_DATABASE/A_CAMERA/Focal_species/Gulo gulo/BDF10-M6/DM/2016/COLOR/Robust marks/02.09-14.45/IMG_0324.JPG,IMG_0324.JPG,BDF10-M6_2016_201602091445_IMG_0324.jpg,0.9109010696411133,617.2055053710938,393.28656005859375,410.46356201171875,802.8550415039062,2048,1536,410,802
BDF10-M6,2016,201602091445,DM,1,/Volumes/Seagate Portable Drive/KYLE_AI_DATABASE/A_CAMERA/Focal_species/Gulo gulo/BDF10-M6/DM/2016/COLOR/Robust marks/02.09-14.45/IMG_0325.JPG,IMG_0325.JPG,BDF10-M6_2016_201602091445_IMG_0325.jpg,0.8729297518730164,616.38427734375,415.1217956542969,411.3399658203125,776.150390625,2048,1536,411,776
BDF10-M6,2016,201602091445,DM,1,/Volumes/Seagate Portable Drive/KYLE_AI_DATABASE/A_CAMERA/Focal_species/Gulo gulo/BDF10-M6/DM/2016/COLOR/Robust marks/02.09-14.45/IMG_0326.JPG,IMG_0326.JPG,BDF10-M6_2016_201602091445_IMG_0326.jpg,0.8556415438652039,615.3367919921875,450.94659423828125,410.115478515625,775.8834838867188,2048,1536,410,775
BDF10-M6,2016,201602091445,DM,1,/Volumes/Seagate Portable Drive/KYLE_AI_DATABASE/A_CAMERA/Focal_species/Gulo gulo/BDF10-M6/DM/2016/COLOR/Robust marks/02.09-14.45/IMG_0327.JPG,IMG_0327.JPG,BDF10-M6_2016_201602091445_IMG_0327.jpg,0.8832999467849731,614.63232421875,467.6195068359375,408.9339599609375,746.709228515625,2048,1536,408,746
BDF10-M6,2016,201602091445,DM,1,/Volumes/Seagate Portable Drive/KYLE_AI_DATABASE/A_CAMERA/Focal_species/Gulo gulo/BDF10-M6/DM/2016/COLOR/Robust marks/02.09-14.45/IMG_0329.JPG,IMG_0329.JPG,BDF10-M6_2016_201602091445_IMG_0329.jpg,0.8444287776947021,616.9310913085938,452.6238098144531,405.5478515625,753.2420654296875,2048,1536,405,753
BDF10-M6,2016,201602091445,DM,1,/Volumes/Seagate Portable Drive/KYLE_AI_DATABASE/A_CAMERA/Focal_species/Gulo gulo/BDF10-M6/DM/2016/COLOR/Robust marks/02.09-14.45/IMG_0331.JPG,IMG_0331.JPG,BDF10-M6_2016_201602091445_IMG_0331.jpg,0.8642454147338867,614.2021484375,815.37744140625,556.25927734375,449.645263671875,2048,1536,556,449
BDF10-M6,2016,201602091445,DM,1,/Volumes/Seagate Portable Drive/KYLE_AI_DATABASE/A_CAMERA/Focal_species/Gulo gulo/BDF10-M6/DM/2016/COLOR/Robust marks/02.09-14.45/IMG_0332.JPG,IMG_0332.JPG,BDF10-M6_2016_201602091445_IMG_0332.jpg,0.8316544890403748,613.0238037109375,968.2706909179688,658.3240966796875,535.1348266601562,2048,1536,658,535
BDF10-M6,2016,201602091445,DM,1,/Volumes/Seagate Portable Drive/KYLE_AI_DATABASE/A_CAMERA/Focal_species/Gulo gulo/BDF10-M6/DM/2016/COLOR/Robust marks/02.09-14.45/IMG_0335.JPG,IMG_0335.JPG,BDF10-M6_2016_201602091445_IMG_0335.jpg,0.9375810623168945,1086.05517578125,1282.6063232421875,380.7568359375,220.3935546875,2048,1536,380,220
BDF10-M6,2016,201602091445,DM,1,/Volumes/Seagate Portable Drive/KYLE_AI_DATABASE/A_CAMERA/Focal_species/Gulo gulo/BDF10-M6/DM/2016/COLOR/Robust marks/02.09-14.45/IMG_0336.JPG,IMG_0336.JPG,BDF10-M6_2016_201602091445_IMG_0336.jpg,0.9235539436340332,1099.44140625,1309.349365234375,360.339111328125,193.9913330078125,2048,1536,360,193
BDF10-M6,2016,201602091445,DM,1,/Volumes/Seagate Portable Drive/KYLE_AI_DATABASE/A_CAMERA/Focal_species/Gulo gulo/BDF10-M6/DM/2016/COLOR/Robust marks/02.09-14.45/IMG_0337.JPG,IMG_0337.JPG,BDF10-M6_2016_201602091445_IMG_0337.jpg,0.8867846131324768,1112.0369873046875,1320.45166015625,361.125,181.7662353515625,2048,1536,361,181
BDF10-M6,2016,201602091445,DM,1,/Volumes/Seagate Portable Drive/KYLE_AI_DATABASE/A_CAMERA/Focal_species/Gulo gulo/BDF10-M6/DM/2016/COLOR/Robust marks/02.09-14.45/IMG_0338.JPG,IMG_0338.JPG,BDF10-M6_2016_201602091445_IMG_0338.jpg,0.9062722325325012,1116.0994873046875,1325.2135009765625,365.55908203125,177.078857421875,2048,1536,365,177
BDF10-M6,2016,201602091445,DM,1,/Volumes/Seagate Portable Drive/KYLE_AI_DATABASE/A_CAMERA/Focal_species/Gulo gulo/BDF10-M6/DM/2016/COLOR/Robust marks/02.09-14.45/IMG_0339.JPG,IMG_0339.JPG,BDF10-M6_2016_201602091445_IMG_0339.jpg,0.8922924399375916,1109.3056640625,1317.8138427734375,370.54248046875,184.818359375,2048,1536,370,184
BDF10-M6,2016,201602091445,DM,1,/Volumes/Seagate Portable Drive/KYLE_AI_DATABASE/A_CAMERA/Focal_species/Gulo gulo/BDF10-M6/DM/2016/COLOR/Robust marks/02.09-14.45/IMG_0340.JPG,IMG_0340.JPG,BDF10-M6_2016_201602091445_IMG_0340.jpg,0.9076411128044128,1116.7705078125,1319.4647216796875,333.343017578125,183.3626708984375,2048,1536,333,183
BDF10-M6,2016,201602091445,DM,1,/Volumes/Seagate Portable Drive/KYLE_AI_DATABASE/A_CAMERA/Focal_species/Gulo gulo/BDF10-M6/DM/2016/COLOR/Robust marks/02.09-14.45/IMG_0341.JPG,IMG_0341.JPG,BDF10-M6_2016_201602091445_IMG_0341.jpg,0.9027610421180725,618.0317993164062,660.28857421875,386.269775390625,525.070556640625,2048,1536,386,525
BDF10-M6,2016,201602091445,DM,1,/Volumes/Seagate Portable Drive/KYLE_AI_DATABASE/A_CAMERA/Focal_species/Gulo gulo/BDF10-M6/DM/2016/COLOR/Robust marks/02.09-14.45/IMG_0342.JPG,IMG_0342.JPG,BDF10-M6_2016_201602091445_IMG_0342.jpg,0.9499582052230835,508.89776611328125,426.5504150390625,488.80908203125,755.5235595703125,2048,1536,488,755
BDF10-M6,2016,201602091445,DM,1,/Volumes/Seagate Portable Drive/KYLE_AI_DATABASE/A_CAMERA/Focal_species/Gulo gulo/BDF10-M6/DM/2016/COLOR/Robust marks/02.09-14.45/IMG_0343.JPG,IMG_0343.JPG,BDF10-M6_2016_201602091445_IMG_0343.jpg,0.94537752866745,530.11962890625,402.699462890625,467.7313232421875,758.552001953125,2048,1536,467,758
BDF10-M6,2016,201602091445,DM,1,/Volumes/Seagate Portable Drive/KYLE_AI_DATABASE/A_CAMERA/Focal_species/Gulo gulo/BDF10-M6/DM/2016/COLOR/Robust marks/02.09-14.45/IMG_0344.JPG,IMG_0344.JPG,BDF10-M6_2016_201602091445_IMG_0344.jpg,0.8575835824012756,566.9197387695312,402.5946350097656,440.3179931640625,813.509033203125,2048,1536,440,813
BDF10-M6,2016,201602091445,DM,1,/Volumes/Seagate Portable Drive/KYLE_AI_DATABASE/A_CAMERA/Focal_species/Gulo gulo/BDF10-M6/DM/2016/COLOR/Robust marks/02.09-14.45/IMG_0345.JPG,IMG_0345.JPG,BDF10-M6_2016_201602091445_IMG_0345.jpg,0.8953809142112732,607.26904296875,329.80035400390625,585.2171630859375,855.9501342773438,2048,1536,585,855
BDF10-M6,2016,201602091445,DM,1,/Volumes/Seagate Portable Drive/KYLE_AI_DATABASE/A_CAMERA/Focal_species/Gulo gulo/BDF10-M6/DM/2016/COLOR/Robust marks/02.09-14.45/IMG_0346.JPG,IMG_0346.JPG,BDF10-M6_2016_201602091445_IMG_0346.jpg,0.934440016746521,622.3287963867188,449.2973327636719,601.4868774414062,711.90576171875,2048,1536,601,711
BDF10-M6,2016,201602091445,DM,1,/Volumes/Seagate Portable Drive/KYLE_AI_DATABASE/A_CAMERA/Focal_species/Gulo gulo/BDF10-M6/DM/2016/COLOR/Robust marks/02.09-14.45/IMG_0347.JPG,IMG_0347.JPG,BDF10-M6_2016_201602091445_IMG_0347.jpg,0.9568334817886353,616.6036987304688,304.747802734375,580.0569458007812,877.13525390625,2048,1536,580,877
BDF10-M6,2016,201602091445,DM,1,/Volumes/Seagate Portable Drive/KYLE_AI_DATABASE/A_CAMERA/Focal_species/Gulo gulo/BDF10-M6/DM/2016/COLOR/Robust marks/02.09-14.45/IMG_0348.JPG,IMG_0348.JPG,BDF10-M6_2016_201602091445_IMG_0348.jpg,0.9170780181884766,616.0226440429688,346.04107666015625,448.35345458984375,826.2660522460938,2048,1536,448,826
BDF10-M6,2016,201602091445,DM,1,/Volumes/Seagate Portable Drive/KYLE_AI_DATABASE/A_CAMERA/Focal_species/Gulo gulo/BDF10-M6/DM/2016/COLOR/Robust marks/02.09-14.45/IMG_0349.JPG,IMG_0349.JPG,BDF10-M6_2016_201602091445_IMG_0349.jpg,0.895541787147522,616.455078125,425.8125915527344,409.4449462890625,747.53515625,2048,1536,409,747
BDF10-M6,2016,201602091445,DM,1,/Volumes/Seagate Portable Drive/KYLE_AI_DATABASE/A_CAMERA/Focal_species/Gulo gulo/BDF10-M6/DM/2016/COLOR/Robust marks/02.09-14.45/IMG_0350.JPG,IMG_0350.JPG,BDF10-M6_2016_201602091445_IMG_0350.jpg,0.8530322313308716,616.6226196289062,407.309326171875,404.6864013671875,776.786376953125,2048,1536,404,776
BDF10-M6,2016,201602091445,DM,1,/Volumes/Seagate Portable Drive/KYLE_AI_DATABASE/A_CAMERA/Focal_species/Gulo gulo/BDF10-M6/DM/2016/COLOR/Robust marks/02.09-14.45/IMG_0351.JPG,IMG_0351.JPG,BDF10-M6_2016_201602091445_IMG_0351.jpg,0.8579786419868469,618.0677490234375,431.2496337890625,387.723876953125,783.2855224609375,2048,1536,387,783
BDF10-M6,2016,201602091445,DM,1,/Volumes/Seagate Portable Drive/KYLE_AI_DATABASE/A_CAMERA/Focal_species/Gulo gulo/BDF10-M6/DM/2016/COLOR/Robust marks/02.09-14.45/IMG_0352.JPG,IMG_0352.JPG,BDF10-M6_2016_201602091445_IMG_0352.jpg,0.8844471573829651,612.63720703125,413.416259765625,390.4271240234375,809.0064697265625,2048,1536,390,809
BDF10-M6,2016,201602091445,DM,1,/Volumes/Seagate Portable Drive/KYLE_AI_DATABASE/A_CAMERA/Focal_species/Gulo gulo/BDF10-M6/DM/2016/COLOR/Robust marks/02.09-14.45/IMG_0353.JPG,IMG_0353.JPG,BDF10-M6_2016_201602091445_IMG_0353.jpg,0.8979188799858093,616.27392578125,425.9234619140625,389.4298095703125,796.6226806640625,2048,1536,389,796
BDF10-M6,2016,201602091445,DM,1,/Volumes/Seagate Portable Drive/KYLE_AI_DATABASE/A_CAMERA/Focal_species/Gulo gulo/BDF10-M6/DM/2016/COLOR/Robust marks/02.09-14.45/IMG_0354.JPG,IMG_0354.JPG,BDF10-M6_2016_201602091445_IMG_0354.jpg,0.8812723755836487,614.8319702148438,439.90087890625,390.8739013671875,782.78955078125,2048,1536,390,782
BDF10-M6,2016,201602091445,DM,1,/Volumes/Seagate Portable Drive/KYLE_AI_DATABASE/A_CAMERA/Focal_species/Gulo gulo/BDF10-M6/DM/2016/COLOR/Robust marks/02.09-14.45/IMG_0355.JPG,IMG_0355.JPG,BDF10-M6_2016_201602091445_IMG_0355.jpg,0.875255286693573,614.8405151367188,407.790771484375,389.5223388671875,830.523193359375,2048,1536,389,830
BDF10-M6,2016,201602091445,DM,1,/Volumes/Seagate Portable Drive/KYLE_AI_DATABASE/A_CAMERA/Focal_species/Gulo gulo/BDF10-M6/DM/2016/COLOR/Robust marks/02.09-14.45/IMG_0356.JPG,IMG_0356.JPG,BDF10-M6_2016_201602091445_IMG_0356.jpg,0.8609082102775574,614.564453125,454.5111083984375,390.9139404296875,771.244140625,2048,1536,390,771
BDF10-M6,2016,201602091445,DM,1,/Volumes/Seagate Portable Drive/KYLE_AI_DATABASE/A_CAMERA/Focal_species/Gulo gulo/BDF10-M6/DM/2016/COLOR/Robust marks/02.09-14.45/IMG_0357.JPG,IMG_0357.JPG,BDF10-M6_2016_201602091445_IMG_0357.jpg,0.8884939551353455,615.0596313476562,426.4713134765625,387.55712890625,804.0465087890625,2048,1536,387,804
BDF10-M6,2016,201602091445,DM,1,/Volumes/Seagate Portable Drive/KYLE_AI_DATABASE/A_CAMERA/Focal_species/Gulo gulo/BDF10-M6/DM/2016/COLOR/Robust marks/02.09-14.45/IMG_0358.JPG,IMG_0358.JPG,BDF10-M6_2016_201602091445_IMG_0358.jpg,0.8700617551803589,615.4896850585938,436.50885009765625,390.614501953125,785.6371459960938,2048,1536,390,785
BDF10-M6,2016,201602091445,DM,1,/Volumes/Seagate Portable Drive/KYLE_AI_DATABASE/A_CAMERA/Focal_species/Gulo gulo/BDF10-M6/DM/2016/COLOR/Robust marks/02.09-14.45/IMG_0359.JPG,IMG_0359.JPG,BDF10-M6_2016_201602091445_IMG_0359.jpg,0.842214047908783,618.3373413085938,430.7113037109375,387.884521484375,795.4500732421875,2048,1536,387,795
BDF10-M6,2016,201602091445,DM,1,/Volumes/Seagate Portable Drive/KYLE_AI_DATABASE/A_CAMERA/Focal_species/Gulo gulo/BDF10-M6/DM/2016/COLOR/Robust marks/02.09-14.45/IMG_0360.JPG,IMG_0360.JPG,BDF10-M6_2016_201602091445_IMG_0360.jpg,0.8805363178253174,614.1397705078125,420.17578125,389.6583251953125,807.4749755859375,2048,1536,389,807
BDF10-M6,2016,201602091445,DM,1,/Volumes/Seagate Portable Drive/KYLE_AI_DATABASE/A_CAMERA/Focal_species/Gulo gulo/BDF10-M6/DM/2016/COLOR/Robust marks/02.09-14.45/IMG_0361.JPG,IMG_0361.JPG,BDF10-M6_2016_201602091445_IMG_0361.jpg,0.893839418888092,616.4832763671875,431.57086181640625,563.3433837890625,808.1450805664062,2048,1536,563,808
BDF10-M6,2016,201602091445,DM,1,/Volumes/Seagate Portable Drive/KYLE_AI_DATABASE/A_CAMERA/Focal_species/Gulo gulo/BDF10-M6/DM/2016/COLOR/Robust marks/02.09-14.45/IMG_0362.JPG,IMG_0362.JPG,BDF10-M6_2016_201602091445_IMG_0362.jpg,0.895038902759552,635.84033203125,430.7302551269531,599.2972412109375,735.04345703125,2048,1536,599,735
BDF10-M6,2016,201602091445,DM,1,/Volumes/Seagate Portable Drive/KYLE_AI_DATABASE/A_CAMERA/Focal_species/Gulo gulo/BDF10-M6/DM/2016/COLOR/Robust marks/02.09-14.45/IMG_0363.JPG,IMG_0363.JPG,BDF10-M6_2016_201602091445_IMG_0363.jpg,0.835010826587677,631.4369506835938,376.9849548339844,494.91900634765625,791.6173095703125,2048,1536,494,791
BDF10-M6,2016,201602091445,DM,1,/Volumes/Seagate Portable Drive/KYLE_AI_DATABASE/A_CAMERA/Focal_species/Gulo gulo/BDF10-M6/DM/2016/COLOR/Robust marks/02.09-14.45/IMG_0364.JPG,IMG_0364.JPG,BDF10-M6_2016_201602091445_IMG_0364.jpg,0.9000029563903809,619.872314453125,331.73797607421875,500.883544921875,835.8688354492188,2048,1536,500,835
BDF10-M6,2016,201602091445,DM,1,/Volumes/Seagate Portable Drive/KYLE_AI_DATABASE/A_CAMERA/Focal_species/Gulo gulo/BDF10-M6/DM/2016/COLOR/Robust marks/02.09-14.45/IMG_0365.JPG,IMG_0365.JPG,BDF10-M6_2016_201602091445_IMG_0365.jpg,0.8817358016967773,621.0182495117188,373.9517822265625,504.74908447265625,781.9300537109375,2048,1536,504,781
BDF10-M6,2016,201602091445,DM,1,/Volumes/Seagate Portable Drive/KYLE_AI_DATABASE/A_CAMERA/Focal_species/Gulo gulo/BDF10-M6/DM/2016/COLOR/Robust marks/02.09-14.45/IMG_0366.JPG,IMG_0366.JPG,BDF10-M6_2016_201602091445_IMG_0366.jpg,0.8487452864646912,622.952392578125,205.2122039794922,486.1016845703125,938.2533569335938,2048,1536,486,938
BDF10-M6,2016,201602091445,DM,1,/Volumes/Seagate Portable Drive/KYLE_AI_DATABASE/A_CAMERA/Focal_species/Gulo gulo/BDF10-M6/DM/2016/COLOR/Robust marks/02.09-14.45/IMG_0367.JPG,IMG_0367.JPG,BDF10-M6_2016_201602091445_IMG_0367.jpg,0.87608402967453,610.6871337890625,273.0010986328125,506.84130859375,895.4521484375,2048,1536,506,895
BDF10-M6,2016,201602091445,DM,1,/Volumes/Seagate Portable Drive/KYLE_AI_DATABASE/A_CAMERA/Focal_species/Gulo gulo/BDF10-M6/DM/2016/COLOR/Robust marks/02.09-14.45/IMG_0369.JPG,IMG_0369.JPG,BDF10-M6_2016_201602091445_IMG_0369.jpg,0.8529272079467773,548.355224609375,230.892333984375,570.7274169921875,946.48876953125,2048,1536,570,946
BDF10-M6,2016,201602091445,DM,1,/Volumes/Seagate Portable Drive/KYLE_AI_DATABASE/A_CAMERA/Focal_species/Gulo gulo/BDF10-M6/DM/2016/COLOR/Robust marks/02.09-14.45/IMG_0370.JPG,IMG_0370.JPG,BDF10-M6_2016_201602091445_IMG_0370.jpg,0.9015063047409058,570.37255859375,159.40150451660156,557.279296875,983.935791015625,2048,1536,557,983
BDF10-M6,2016,201602091445,DM,1,/Volumes/Seagate Portable Drive/KYLE_AI_DATABASE/A_CAMERA/Focal_species/Gulo gulo/BDF10-M6/DM/2016/COLOR/Robust marks/02.09-14.45/IMG_0371.JPG,IMG_0371.JPG,BDF10-M6_2016_201602091445_IMG_0371.jpg,0.8280777335166931,650.811279296875,282.3443603515625,461.399658203125,873.1802978515625,2048,1536,461,873
BDF10-M6,2016,201602091445,DM,1,/Volumes/Seagate Portable Drive/KYLE_AI_DATABASE/A_CAMERA/Focal_species/Gulo gulo/BDF10-M6/DM/2016/COLOR/Robust marks/02.09-14.45/IMG_0372.JPG,IMG_0372.JPG,BDF10-M6_2016_201602091445_IMG_0372.jpg,0.8158991932868958,649.6932373046875,243.65931701660156,481.99560546875,908.289794921875,2048,1536,481,908
BDF10-M6,2016,201602091445,DM,1,/Volumes/Seagate Portable Drive/KYLE_AI_DATABASE/A_CAMERA/Focal_species/Gulo gulo/BDF10-M6/DM/2016/COLOR/Robust marks/02.09-14.45/IMG_0373.JPG,IMG_0373.JPG,BDF10-M6_2016_201602091445_IMG_0373.jpg,0.9163628220558167,650.00830078125,195.7130584716797,447.5555419921875,903.2947387695312,2048,1536,447,903
BDF10-M6,2016,201602091445,DM,1,/Volumes/Seagate Portable Drive/KYLE_AI_DATABASE/A_CAMERA/Focal_species/Gulo gulo/BDF10-M6/DM/2016/COLOR/Robust marks/02.09-14.45/IMG_0374.JPG,IMG_0374.JPG,BDF10-M6_2016_201602091445_IMG_0374.jpg,0.9111490845680237,627.213623046875,295.2404479980469,505.976806640625,864.751220703125,2048,1536,505,864
BDF10-M6,2016,201602091445,DM,1,/Volumes/Seagate Portable Drive/KYLE_AI_DATABASE/A_CAMERA/Focal_species/Gulo gulo/BDF10-M6/DM/2016/COLOR/Robust marks/02.09-14.45/IMG_0375.JPG,IMG_0375.JPG,BDF10-M6_2016_201602091445_IMG_0375.jpg,0.8640919327735901,650.0836181640625,265.2625732421875,428.5234375,915.1185302734375,2048,1536,428,915
BDF10-M6,2016,201602091445,DM,1,/Volumes/Seagate Portable Drive/KYLE_AI_DATABASE/A_CAMERA/Focal_species/Gulo gulo/BDF10-M6/DM/2016/COLOR/Robust marks/02.09-14.45/IMG_0376.JPG,IMG_0376.JPG,BDF10-M6_2016_201602091445_IMG_0376.jpg,0.8859339356422424,659.4917602539062,259.1624450683594,430.03485107421875,870.1568603515625,2048,1536,430,870
BDF10-M6,2016,201602091445,DM,1,/Volumes/Seagate Portable Drive/KYLE_AI_DATABASE/A_CAMERA/Focal_species/Gulo gulo/BDF10-M6/DM/2016/COLOR/Robust marks/02.09-14.45/IMG_0378.JPG,IMG_0378.JPG,BDF10-M6_2016_201602091445_IMG_0378.jpg,0.8791957497596741,647.9934692382812,104.22528076171875,437.67132568359375,1040.49951171875,2048,1536,437,1040
BDF10-M6,2016,201602091445,DM,1,/Volumes/Seagate Portable Drive/KYLE_AI_DATABASE/A_CAMERA/Focal_species/Gulo gulo/BDF10-M6/DM/2016/COLOR/Robust marks/02.09-14.45/IMG_0379.JPG,IMG_0379.JPG,BDF10-M6_2016_201602091445_IMG_0379.jpg,0.8843214511871338,638.3951416015625,161.59730529785156,445.984619140625,973.4539794921875,2048,1536,445,973
BDF10-M6,2016,201602091445,DM,1,/Volumes/Seagate Portable Drive/KYLE_AI_DATABASE/A_CAMERA/Focal_species/Gulo gulo/BDF10-M6/DM/2016/COLOR/Robust marks/02.09-14.45/IMG_0380.JPG,IMG_0380.JPG,BDF10-M6_2016_201602091445_IMG_0380.jpg,0.8923826217651367,630.034423828125,137.88995361328125,449.53125,1039.67919921875,2048,1536,449,1039
BDF10-M6,2016,201602091445,DM,1,/Volumes/Seagate Portable Drive/KYLE_AI_DATABASE/A_CAMERA/Focal_species/Gulo gulo/BDF10-M6/DM/2016/COLOR/Robust marks/02.09-14.45/IMG_0381.JPG,IMG_0381.JPG,BDF10-M6_2016_201602091445_IMG_0381.jpg,0.9487893581390381,409.6187744140625,683.59521484375,627.639404296875,505.547607421875,2048,1536,627,505
BDF10-M6,2016,201602091445,DM,1,/Volumes/Seagate Portable Drive/KYLE_AI_DATABASE/A_CAMERA/Focal_species/Gulo gulo/BDF10-M6/DM/2016/COLOR/Robust marks/02.09-14.45/IMG_0391.JPG,IMG_0391.JPG,BDF10-M6_2016_201602091445_IMG_0391.jpg,0.8903171420097351,613.9088134765625,653.856689453125,375.117919921875,542.8387451171875,2048,1536,375,542
BDF10-M6,2016,201602091445,DM,1,/Volumes/Seagate Portable Drive/KYLE_AI_DATABASE/A_CAMERA/Focal_species/Gulo gulo/BDF10-M6/DM/2016/COLOR/Robust marks/02.09-14.45/IMG_0392.JPG,IMG_0392.JPG,BDF10-M6_2016_201602091445_IMG_0392.jpg,0.9291200637817383,484.8785400390625,385.89678955078125,481.34716796875,788.1278686523438,2048,1536,481,788
BDF10-M6,2016,201602091445,DM,1,/Volumes/Seagate Portable Drive/KYLE_AI_DATABASE/A_CAMERA/Focal_species/Gulo gulo/BDF10-M6/DM/2016/COLOR/Robust marks/02.09-14.45/IMG_0399.JPG,IMG_0399.JPG,BDF10-M6_2016_201602091445_IMG_0399.jpg,0.9074085354804993,434.5930480957031,247.77365112304688,679.6256103515625,890.3892822265625,2048,1536,679,890
BDF10-M6,2016,201602091445,DM,1,/Volumes/Seagate Portable Drive/KYLE_AI_DATABASE/A_CAMERA/Focal_species/Gulo gulo/BDF10-M6/DM/2016/COLOR/Robust marks/02.09-14.45/IMG_0400.JPG,IMG_0400.JPG,BDF10-M6_2016_201602091445_IMG_0400.jpg,0.9316778779029846,385.739501953125,308.36395263671875,743.114990234375,802.3775024414062,2048,1536,743,802
BDF10-M6,2016,201602091445,DM,1,/Volumes/Seagate Portable Drive/KYLE_AI_DATABASE/A_CAMERA/Focal_species/Gulo gulo/BDF10-M6/DM/2016/COLOR/Robust marks/02.09-14.45/IMG_0401.JPG,IMG_0401.JPG,BDF10-M6_2016_201602091445_IMG_0401.jpg,0.9060028791427612,370.31451416015625,322.8214416503906,721.0541381835938,783.3016357421875,2048,1536,721,783
BDF10-M6,2016,201602091445,DM,1,/Volumes/Seagate Portable Drive/KYLE_AI_DATABASE/A_CAMERA/Focal_species/Gulo gulo/BDF10-M6/DM/2016/COLOR/Robust marks/02.09-14.45/IMG_0402.JPG,IMG_0402.JPG,BDF10-M6_2016_201602091445_IMG_0402.jpg,0.9310362935066223,385.2289733886719,355.424560546875,829.900390625,777.662109375,2048,1536,829,777
BDF10-M6,2016,201602091445,DM,1,/Volumes/Seagate Portable Drive/KYLE_AI_DATABASE/A_CAMERA/Focal_species/Gulo gulo/BDF10-M6/DM/2016/COLOR/Robust marks/02.09-14.45/IMG_0403.JPG,IMG_0403.JPG,BDF10-M6_2016_201602091445_IMG_0403.jpg,0.8156100511550903,640.0435791015625,24.323410034179688,525.6680908203125,1033.6278076171875,2048,1536,525,1033
BDF10-M6,2016,201602091445,DM,1,/Volumes/Seagate Portable Drive/KYLE_AI_DATABASE/A_CAMERA/Focal_species/Gulo gulo/BDF10-M6/DM/2016/COLOR/Robust marks/02.09-14.45/IMG_0406.JPG,IMG_0406.JPG,BDF10-M6_2016_201602091445_IMG_0406.jpg,0.8391815423965454,644.822265625,180.47186279296875,538.9901123046875,925.3696899414062,2048,1536,538,925
BDF10-M6,2016,201602091445,DM,1,/Volumes/Seagate Portable Drive/KYLE_AI_DATABASE/A_CAMERA/Focal_species/Gulo gulo/BDF10-M6/DM/2016/COLOR/Robust marks/02.09-14.45/IMG_0407.JPG,IMG_0407.JPG,BDF10-M6_2016_201602091445_IMG_0407.jpg,0.9160488843917847,636.716796875,168.33201599121094,586.86669921875,941.2288818359375,2048,1536,586,941
BDF10-M6,2016,201602091445,DM,1,/Volumes/Seagate Portable Drive/KYLE_AI_DATABASE/A_CAMERA/Focal_species/Gulo gulo/BDF10-M6/DM/2016/COLOR/Robust marks/02.09-14.45/IMG_0409.JPG,IMG_0409.JPG,BDF10-M6_2016_201602091445_IMG_0409.jpg,0.9373132586479187,625.2271728515625,207.26902770996094,558.0338134765625,927.00537109375,2048,1536,558,927
BDF10-M6,2016,201602091445,DM,1,/Volumes/Seagate Portable Drive/KYLE_AI_DATABASE/A_CAMERA/Focal_species/Gulo gulo/BDF10-M6/DM/2016/COLOR/Robust marks/02.09-14.45/IMG_0410.JPG,IMG_0410.JPG,BDF10-M6_2016_201602091445_IMG_0410.jpg,0.8791515231132507,626.1993408203125,303.25653076171875,553.0242919921875,835.2772827148438,2048,1536,553,835
BDF10-M6,2016,201602091445,DM,1,/Volumes/Seagate Portable Drive/KYLE_AI_DATABASE/A_CAMERA/Focal_species/Gulo gulo/BDF10-M6/DM/2016/COLOR/Robust marks/02.09-14.45/IMG_0411.JPG,IMG_0411.JPG,BDF10-M6_2016_201602091445_IMG_0411.jpg,0.9103701114654541,626.0255126953125,311.79730224609375,564.0936279296875,854.3849487304688,2048,1536,564,854
BDF10-M6,2016,201602091445,DM,1,/Volumes/Seagate Portable Drive/KYLE_AI_DATABASE/A_CAMERA/Focal_species/Gulo gulo/BDF10-M6/DM/2016/COLOR/Robust marks/02.09-14.45/IMG_0412.JPG,IMG_0412.JPG,BDF10-M6_2016_201602091445_IMG_0412.jpg,0.8034405708312988,628.24365234375,309.0499267578125,571.546142578125,792.3905029296875,2048,1536,571,792
BDF10-M6,2016,201602091445,DM,1,/Volumes/Seagate Portable Drive/KYLE_AI_DATABASE/A_CAMERA/Focal_species/Gulo gulo/BDF10-M6/DM/2016/COLOR/Robust marks/02.09-14.45/IMG_0413.JPG,IMG_0413.JPG,BDF10-M6_2016_201602091445_IMG_0413.jpg,0.8340482711791992,627.9893188476562,279.17529296875,571.7658081054688,940.093994140625,2048,1536,571,940
BDF10-M6,2016,201602091445,DM,1,/Volumes/Seagate Portable Drive/KYLE_AI_DATABASE/A_CAMERA/Focal_species/Gulo gulo/BDF10-M6/DM/2016/COLOR/Robust marks/02.09-14.45/IMG_0414.JPG,IMG_0414.JPG,BDF10-M6_2016_201602091445_IMG_0414.jpg,0.849754810333252,625.9815063476562,283.05206298828125,575.0975952148438,964.7747192382812,2048,1536,575,964
BDF10-M6,2016,201602091445,DM,1,/Volumes/Seagate Portable Drive/KYLE_AI_DATABASE/A_CAMERA/Focal_species/Gulo gulo/BDF10-M6/DM/2016/COLOR/Robust marks/02.09-14.45/IMG_0415.JPG,IMG_0415.JPG,BDF10-M6_2016_201602091445_IMG_0415.jpg,0.8915992379188538,627.5377807617188,281.382568359375,573.7725219726562,953.4403076171875,2048,1536,573,953
BDF10-M6,2016,201602091445,DM,1,/Volumes/Seagate Portable Drive/KYLE_AI_DATABASE/A_CAMERA/Focal_species/Gulo gulo/BDF10-M6/DM/2016/COLOR/Robust marks/02.09-14.45/IMG_0416.JPG,IMG_0416.JPG,BDF10-M6_2016_201602091445_IMG_0416.jpg,0.8854561448097229,627.567626953125,274.06915283203125,578.98681640625,965.8239135742188,2048,1536,578,965
BDF10-M6,2016,201602091445,DM,1,/Volumes/Seagate Portable Drive/KYLE_AI_DATABASE/A_CAMERA/Focal_species/Gulo gulo/BDF10-M6/DM/2016/COLOR/Robust marks/02.09-14.45/IMG_0417.JPG,IMG_0417.JPG,BDF10-M6_2016_201602091445_IMG_0417.jpg,0.8883845806121826,626.1572265625,290.86517333984375,580.08984375,954.5087280273438,2048,1536,580,954
BDF10-M6,2016,201602091445,DM,1,/Volumes/Seagate Portable Drive/KYLE_AI_DATABASE/A_CAMERA/Focal_species/Gulo gulo/BDF10-M6/DM/2016/COLOR/Robust marks/02.09-14.45/IMG_0418.JPG,IMG_0418.JPG,BDF10-M6_2016_201602091445_IMG_0418.jpg,0.934097945690155,627.4716796875,291.4945068359375,579.4981689453125,937.6417236328125,2048,1536,579,937
BDF10-M6,2016,201602091445,DM,1,/Volumes/Seagate Portable Drive/KYLE_AI_DATABASE/A_CAMERA/Focal_species/Gulo gulo/BDF10-M6/DM/2016/COLOR/Robust marks/02.09-14.45/IMG_0419.JPG,IMG_0419.JPG,BDF10-M6_2016_201602091445_IMG_0419.jpg,0.8876558542251587,627.805419921875,279.45440673828125,576.5047607421875,956.1569213867188,2048,1536,576,956
BDF10-M6,2016,201602091445,DM,1,/Volumes/Seagate Portable Drive/KYLE_AI_DATABASE/A_CAMERA/Focal_species/Gulo gulo/BDF10-M6/DM/2016/COLOR/Robust marks/02.09-14.45/IMG_0420.JPG,IMG_0420.JPG,BDF10-M6_2016_201602091445_IMG_0420.jpg,0.809805154800415,626.2342529296875,277.75091552734375,548.6014404296875,856.8317260742188,2048,1536,548,856
BDF10-M6,2016,201602091445,DM,1,/Volumes/Seagate Portable Drive/KYLE_AI_DATABASE/A_CAMERA/Focal_species/Gulo gulo/BDF10-M6/DM/2016/COLOR/Robust marks/02.09-14.45/IMG_0421.JPG,IMG_0421.JPG,BDF10-M6_2016_201602091445_IMG_0421.jpg,0.8198713660240173,627.4119873046875,30.511871337890625,546.5450439453125,1179.0247802734375,2048,1536,546,1179
BDF10-M6,2016,201602091445,DM,1,/Volumes/Seagate Portable Drive/KYLE_AI_DATABASE/A_CAMERA/Focal_species/Gulo gulo/BDF10-M6/DM/2016/COLOR/Robust marks/02.09-14.45/IMG_0424.JPG,IMG_0424.JPG,BDF10-M6_2016_201602091445_IMG_0424.jpg,0.8224283456802368,626.2635498046875,245.16586303710938,553.3492431640625,927.318359375,2048,1536,553,927
BDF10-M6,2016,201602091445,DM,1,/Volumes/Seagate Portable Drive/KYLE_AI_DATABASE/A_CAMERA/Focal_species/Gulo gulo/BDF10-M6/DM/2016/COLOR/Robust marks/02.09-14.45/IMG_0425.JPG,IMG_0425.JPG,BDF10-M6_2016_201602091445_IMG_0425.jpg,0.8928609490394592,625.499267578125,203.9630584716797,563.878173828125,949.9826049804688,2048,1536,563,949
BDF10-M6,2016,201602091445,DM,1,/Volumes/Seagate Portable Drive/KYLE_AI_DATABASE/A_CAMERA/Focal_species/Gulo gulo/BDF10-M6/DM/2016/COLOR/Robust marks/02.09-14.45/IMG_0426.JPG,IMG_0426.JPG,BDF10-M6_2016_201602091445_IMG_0426.jpg,0.9178914427757263,624.912109375,284.54296875,606.2076416015625,947.6328125,2048,1536,606,947
BDF10-M6,2016,201602091445,DM,1,/Volumes/Seagate Portable Drive/KYLE_AI_DATABASE/A_CAMERA/Focal_species/Gulo gulo/BDF10-M6/DM/2016/COLOR/Robust marks/02.09-14.45/IMG_0427.JPG,IMG_0427.JPG,BDF10-M6_2016_201602091445_IMG_0427.jpg,0.8338967561721802,623.078125,229.7493438720703,563.7469482421875,964.5150756835938,2048,1536,563,964
BDF10-M6,2016,201602091445,DM,1,/Volumes/Seagate Portable Drive/KYLE_AI_DATABASE/A_CAMERA/Focal_species/Gulo gulo/BDF10-M6/DM/2016/COLOR/Robust marks/02.09-14.45/IMG_0428.JPG,IMG_0428.JPG,BDF10-M6_2016_201602091445_IMG_0428.jpg,0.8732714653015137,623.7642211914062,177.29763793945312,471.46893310546875,951.8038330078125,2048,1536,471,951
BDF10-M6,2016,201602091445,DM,1,/Volumes/Seagate Portable Drive/KYLE_AI_DATABASE/A_CAMERA/Focal_species/Gulo gulo/BDF10-M6/DM/2016/COLOR/Robust marks/02.09-14.45/IMG_0429.JPG,IMG_0429.JPG,BDF10-M6_2016_201602091445_IMG_0429.jpg,0.838004469871521,629.1133422851562,31.991226196289062,462.66400146484375,1176.4796142578125,2048,1536,462,1176
BDF10-M6,2016,201602091445,DM,1,/Volumes/Seagate Portable Drive/KYLE_AI_DATABASE/A_CAMERA/Focal_species/Gulo gulo/BDF10-M6/DM/2016/COLOR/Robust marks/02.09-14.45/IMG_0430.JPG,IMG_0430.JPG,BDF10-M6_2016_201602091445_IMG_0430.jpg,0.8453794121742249,628.8800048828125,177.09764099121094,530.72021484375,945.0880126953125,2048,1536,530,945
BDF10-M6,2016,201602091445,DM,1,/Volumes/Seagate Portable Drive/KYLE_AI_DATABASE/A_CAMERA/Focal_species/Gulo gulo/BDF10-M6/DM/2016/COLOR/Robust marks/02.09-14.45/IMG_0431.JPG,IMG_0431.JPG,BDF10-M6_2016_201602091445_IMG_0431.jpg,0.858159601688385,628.0969848632812,178.13072204589844,468.68450927734375,945.0513916015625,2048,1536,468,945
BDF10-M6,2016,201602091445,DM,1,/Volumes/Seagate Portable Drive/KYLE_AI_DATABASE/A_CAMERA/Focal_species/Gulo gulo/BDF10-M6/DM/2016/COLOR/Robust marks/02.09-14.45/IMG_0432.JPG,IMG_0432.JPG,BDF10-M6_2016_201602091445_IMG_0432.jpg,0.946291983127594,628.3992919921875,29.662994384765625,461.341064453125,1115.522705078125,2048,1536,461,1115
BDF10-M6,2016,201602091445,DM,1,/Volumes/Seagate Portable Drive/KYLE_AI_DATABASE/A_CAMERA/Focal_species/Gulo gulo/BDF10-M6/DM/2016/COLOR/Robust marks/02.09-14.45/IMG_0433.JPG,IMG_0433.JPG,BDF10-M6_2016_201602091445_IMG_0433.jpg,0.8749110102653503,634.451904296875,307.03192138671875,456.5909423828125,836.2709350585938,2048,1536,456,836
BDF10-M6,2016,201602091445,DM,1,/Volumes/Seagate Portable Drive/KYLE_AI_DATABASE/A_CAMERA/Focal_species/Gulo gulo/BDF10-M6/DM/2016/COLOR/Robust marks/02.09-14.45/IMG_0435.JPG,IMG_0435.JPG,BDF10-M6_2016_201602091445_IMG_0435.jpg,0.8846734166145325,621.0953369140625,313.37939453125,462.85888671875,872.1424560546875,2048,1536,462,872
BDF10-M6,2016,201602091445,DM,1,/Volumes/Seagate Portable Drive/KYLE_AI_DATABASE/A_CAMERA/Focal_species/Gulo gulo/BDF10-M6/DM/2016/COLOR/Robust marks/02.09-14.45/IMG_0436.JPG,IMG_0436.JPG,BDF10-M6_2016_201602091445_IMG_0436.jpg,0.8997699022293091,622.1205444335938,303.6733703613281,462.79595947265625,880.1881103515625,2048,1536,462,880
BDF10-M6,2016,201602091445,DM,1,/Volumes/Seagate Portable Drive/KYLE_AI_DATABASE/A_CAMERA/Focal_species/Gulo gulo/BDF10-M6/DM/2016/COLOR/Robust marks/02.09-14.45/IMG_0437.JPG,IMG_0437.JPG,BDF10-M6_2016_201602091445_IMG_0437.jpg,0.892114520072937,622.2839965820312,305.03790283203125,463.86395263671875,883.2887573242188,2048,1536,463,883
BDF10-M6,2016,201602091445,DM,1,/Volumes/Seagate Portable Drive/KYLE_AI_DATABASE/A_CAMERA/Focal_species/Gulo gulo/BDF10-M6/DM/2016/COLOR/Robust marks/02.09-14.45/IMG_0438.JPG,IMG_0438.JPG,BDF10-M6_2016_201602091445_IMG_0438.jpg,0.9161247611045837,621.9135131835938,192.966064453125,464.27447509765625,984.55712890625,2048,1536,464,984
BDF10-M6,2016,201602091445,DM,1,/Volumes/Seagate Portable Drive/KYLE_AI_DATABASE/A_CAMERA/Focal_species/Gulo gulo/BDF10-M6/DM/2016/COLOR/Robust marks/02.09-14.45/IMG_0439.JPG,IMG_0439.JPG,BDF10-M6_2016_201602091445_IMG_0439.jpg,0.8735620975494385,627.2557373046875,301.59136962890625,457.8240966796875,881.5071411132812,2048,1536,457,881
BDF10-M6,2016,201602091445,DM,1,/Volumes/Seagate Portable Drive/KYLE_AI_DATABASE/A_CAMERA/Focal_species/Gulo gulo/BDF10-M6/DM/2016/COLOR/Robust marks/02.09-14.45/IMG_0440.JPG,IMG_0440.JPG,BDF10-M6_2016_201602091445_IMG_0440.jpg,0.8979505300521851,630.1548461914062,177.26856994628906,458.55462646484375,1004.891357421875,2048,1536,458,1004
BDF10-M6,2016,201602091445,DM,1,/Volumes/Seagate Portable Drive/KYLE_AI_DATABASE/A_CAMERA/Focal_species/Gulo gulo/BDF10-M6/DM/2016/COLOR/Robust marks/02.09-14.45/IMG_0441.JPG,IMG_0441.JPG,BDF10-M6_2016_201602091445_IMG_0441.jpg,0.8851512670516968,640.4675903320312,180.32171630859375,501.03228759765625,895.5187377929688,2048,1536,501,895
BDF10-M6,2016,201602091445,DM,1,/Volumes/Seagate Portable Drive/KYLE_AI_DATABASE/A_CAMERA/Focal_species/Gulo gulo/BDF10-M6/DM/2016/COLOR/Robust marks/02.09-14.45/IMG_0442.JPG,IMG_0442.JPG,BDF10-M6_2016_201602091445_IMG_0442.jpg,0.8903999924659729,633.60693359375,201.1798553466797,483.2061767578125,907.6270141601562,2048,1536,483,907
BDF10-M6,2016,201602091445,DM,1,/Volumes/Seagate Portable Drive/KYLE_AI_DATABASE/A_CAMERA/Focal_species/Gulo gulo/BDF10-M6/DM/2016/COLOR/Robust marks/02.09-14.45/IMG_0443.JPG,IMG_0443.JPG,BDF10-M6_2016_201602091445_IMG_0443.jpg,0.8409134745597839,611.5228271484375,196.72439575195312,482.3837890625,924.565673828125,2048,1536,482,924
BDF10-M6,2016,201602091445,DM,1,/Volumes/Seagate Portable Drive/KYLE_AI_DATABASE/A_CAMERA/Focal_species/Gulo gulo/BDF10-M6/DM/2016/COLOR/Robust marks/02.09-14.45/IMG_0444.JPG,IMG_0444.JPG,BDF10-M6_2016_201602091445_IMG_0444.jpg,0.851900041103363,620.5775146484375,94.17864990234375,472.8953857421875,1108.751953125,2048,1536,472,1108
BDF10-M6,2016,201602091445,DM,1,/Volumes/Seagate Portable Drive/KYLE_AI_DATABASE/A_CAMERA/Focal_species/Gulo gulo/BDF10-M6/DM/2016/COLOR/Robust marks/02.09-14.45/IMG_0445.JPG,IMG_0445.JPG,BDF10-M6_2016_201602091445_IMG_0445.jpg,0.8781734704971313,656.254150390625,93.83262634277344,441.8675537109375,1060.3428955078125,2048,1536,441,1060
BDF10-M6,2016,201602091445,DM,1,/Volumes/Seagate Portable Drive/KYLE_AI_DATABASE/A_CAMERA/Focal_species/Gulo gulo/BDF10-M6/DM/2016/COLOR/Robust marks/02.09-14.45/IMG_0446.JPG,IMG_0446.JPG,BDF10-M6_2016_201602091445_IMG_0446.jpg,0.8569085001945496,657.941162109375,134.9897003173828,457.6148681640625,1007.8989868164062,2048,1536,457,1007
BDF10-M6,2016,201602091445,DM,1,/Volumes/Seagate Portable Drive/KYLE_AI_DATABASE/A_CAMERA/Focal_species/Gulo gulo/BDF10-M6/DM/2016/COLOR/Robust marks/02.09-14.45/IMG_0447.JPG,IMG_0447.JPG,BDF10-M6_2016_201602091445_IMG_0447.jpg,0.8437051177024841,655.6222534179688,130.7401885986328,455.01519775390625,1007.9585571289062,2048,1536,455,1007
BDF10-M6,2016,201602091445,DM,1,/Volumes/Seagate Portable Drive/KYLE_AI_DATABASE/A_CAMERA/Focal_species/Gulo gulo/BDF10-M6/DM/2016/COLOR/Robust marks/02.09-14.45/IMG_0448.JPG,IMG_0448.JPG,BDF10-M6_2016_201602091445_IMG_0448.jpg,0.8794224262237549,649.8983764648438,131.41488647460938,440.64715576171875,1040.6949462890625,2048,1536,440,1040
BDF10-M6,2016,201602091445,DM,1,/Volumes/Seagate Portable Drive/KYLE_AI_DATABASE/A_CAMERA/Focal_species/Gulo gulo/BDF10-M6/DM/2016/COLOR/Robust marks/02.09-14.45/IMG_0449.JPG,IMG_0449.JPG,BDF10-M6_2016_201602091445_IMG_0449.jpg,0.8553734421730042,655.968017578125,140.5155487060547,436.0765380859375,1059.9420166015625,2048,1536,436,1059
BDF10-M6,2016,201602091445,DM,1,/Volumes/Seagate Portable Drive/KYLE_AI_DATABASE/A_CAMERA/Focal_species/Gulo gulo/BDF10-M6/DM/2016/COLOR/Robust marks/02.09-14.45/IMG_0453.JPG,IMG_0453.JPG,BDF10-M6_2016_201602091445_IMG_0453.jpg,0.883238673210144,658.4012451171875,27.006591796875,508.431884765625,1099.04638671875,2048,1536,508,1099
BDF10-M6,2016,201602091445,DM,1,/Volumes/Seagate Portable Drive/KYLE_AI_DATABASE/A_CAMERA/Focal_species/Gulo gulo/BDF10-M6/DM/2016/COLOR/Robust marks/02.09-14.45/IMG_0457.JPG,IMG_0457.JPG,BDF10-M6_2016_201602091445_IMG_0457.jpg,0.8645638227462769,698.2150268554688,114.49232482910156,555.6978149414062,997.2501220703125,2048,1536,555,997
BDF10-M6,2016,201602091445,DM,1,/Volumes/Seagate Portable Drive/KYLE_AI_DATABASE/A_CAMERA/Focal_species/Gulo gulo/BDF10-M6/DM/2016/COLOR/Robust marks/02.09-14.45/IMG_0458.JPG,IMG_0458.JPG,BDF10-M6_2016_201602091445_IMG_0458.jpg,0.8673790097236633,734.8726806640625,113.90634155273438,525.4495849609375,982.952880859375,2048,1536,525,982
BDF10-M6,2016,201602091445,DM,1,/Volumes/Seagate Portable Drive/KYLE_AI_DATABASE/A_CAMERA/Focal_species/Gulo gulo/BDF10-M6/DM/2016/COLOR/Robust marks/02.09-14.45/IMG_0460.JPG,IMG_0460.JPG,BDF10-M6_2016_201602091445_IMG_0460.jpg,0.8534054756164551,765.0314331054688,126.30299377441406,495.73284912109375,1089.9183349609375,2048,1536,495,1089
BDF10-M6,2016,201602091445,DM,1,/Volumes/Seagate Portable Drive/KYLE_AI_DATABASE/A_CAMERA/Focal_species/Gulo gulo/BDF10-M6/DM/2016/COLOR/Robust marks/02.09-14.45/IMG_0466.JPG,IMG_0466.JPG,BDF10-M6_2016_201602091445_IMG_0466.jpg,0.9175035953521729,699.9454345703125,124.8431396484375,593.04736328125,1083.8433837890625,2048,1536,593,1083
BDF10-M6,2016,201602091445,DM,1,/Volumes/Seagate Portable Drive/KYLE_AI_DATABASE/A_CAMERA/Focal_species/Gulo gulo/BDF10-M6/DM/2016/COLOR/Robust marks/02.09-14.45/IMG_0467.JPG,IMG_0467.JPG,BDF10-M6_2016_201602091445_IMG_0467.jpg,0.9062249660491943,720.4661254882812,43.2041015625,570.6810913085938,1187.7255859375,2048,1536,570,1187
BDF10-M6,2016,201602091445,DM,1,/Volumes/Seagate Portable Drive/KYLE_AI_DATABASE/A_CAMERA/Focal_species/Gulo gulo/BDF10-M6/DM/2016/COLOR/Robust marks/02.09-14.45/IMG_0468.JPG,IMG_0468.JPG,BDF10-M6_2016_201602091445_IMG_0468.jpg,0.8129337430000305,785.2259521484375,444.36865234375,488.678955078125,804.09423828125,2048,1536,488,804
BDF10-M6,2016,201602091445,DM,1,/Volumes/Seagate Portable Drive/KYLE_AI_DATABASE/A_CAMERA/Focal_species/Gulo gulo/BDF10-M6/DM/2016/COLOR/Robust marks/02.09-14.45/IMG_0469.JPG,IMG_0469.JPG,BDF10-M6_2016_201602091445_IMG_0469.jpg,0.856484591960907,758.5018310546875,186.5075225830078,557.39892578125,1080.135986328125,2048,1536,557,1080
BDF10-M6,2016,201602091445,DM,1,/Volumes/Seagate Portable Drive/KYLE_AI_DATABASE/A_CAMERA/Focal_species/Gulo gulo/BDF10-M6/DM/2016/COLOR/Robust marks/02.09-14.45/IMG_0470.JPG,IMG_0470.JPG,BDF10-M6_2016_201602091445_IMG_0470.jpg,0.9517325758934021,833.0817260742188,416.79302978515625,518.5711059570312,837.8966674804688,2048,1536,518,837
BDF10-M6,2016,201602091445,DM,1,/Volumes/Seagate Portable Drive/KYLE_AI_DATABASE/A_CAMERA/Focal_species/Gulo gulo/BDF10-M6/DM/2016/COLOR/Robust marks/02.09-14.45/IMG_0473.JPG,IMG_0473.JPG,BDF10-M6_2016_201602091445_IMG_0473.jpg,0.8154736161231995,853.7921752929688,31.598831176757812,372.63677978515625,1228.332275390625,2048,1536,372,1228
BDF10-M6,2016,201602091445,DM,1,/Volumes/Seagate Portable Drive/KYLE_AI_DATABASE/A_CAMERA/Focal_species/Gulo gulo/BDF10-M6/DM/2016/COLOR/Robust marks/02.09-14.45/IMG_0474.JPG,IMG_0474.JPG,BDF10-M6_2016_201602091445_IMG_0474.jpg,0.9565590023994446,643.4594116210938,328.77996826171875,562.9019165039062,813.3562622070312,2048,1536,562,813
BDF10-M6,2016,201602091445,DM,1,/Volumes/Seagate Portable Drive/KYLE_AI_DATABASE/A_CAMERA/Focal_species/Gulo gulo/BDF10-M6/DM/2016/COLOR/Robust marks/02.09-14.45/IMG_0475.JPG,IMG_0475.JPG,BDF10-M6_2016_201602091445_IMG_0475.jpg,0.9551642537117004,640.5886840820312,313.926025390625,582.5639038085938,832.610107421875,2048,1536,582,832
BDF10-M6,2016,201602091445,DM,1,/Volumes/Seagate Portable Drive/KYLE_AI_DATABASE/A_CAMERA/Focal_species/Gulo gulo/BDF10-M6/DM/2016/COLOR/Robust marks/02.09-14.45/IMG_0476.JPG,IMG_0476.JPG,BDF10-M6_2016_201602091445_IMG_0476.jpg,0.9559962749481201,644.4715576171875,311.56878662109375,571.15576171875,831.1973266601562,2048,1536,571,831
BDF10-M6,2016,201602091445,DM,1,/Volumes/Seagate Portable Drive/KYLE_AI_DATABASE/A_CAMERA/Focal_species/Gulo gulo/BDF10-M6/DM/2016/COLOR/Robust marks/02.09-14.45/IMG_0477.JPG,IMG_0477.JPG,BDF10-M6_2016_201602091445_IMG_0477.jpg,0.9610093235969543,643.3758544921875,311.17681884765625,572.5635986328125,833.5983276367188,2048,1536,572,833
BDF10-M6,2016,201602091445,DM,1,/Volumes/Seagate Portable Drive/KYLE_AI_DATABASE/A_CAMERA/Focal_species/Gulo gulo/BDF10-M6/DM/2016/COLOR/Robust marks/02.09-14.45/IMG_0478.JPG,IMG_0478.JPG,BDF10-M6_2016_201602091445_IMG_0478.jpg,0.960047721862793,643.55078125,312.72467041015625,570.9368896484375,831.6841430664062,2048,1536,570,831
BDF10-M6,2016,201602091445,DM,1,/Volumes/Seagate Portable Drive/KYLE_AI_DATABASE/A_CAMERA/Focal_species/Gulo gulo/BDF10-M6/DM/2016/COLOR/Robust marks/02.09-14.45/IMG_0479.JPG,IMG_0479.JPG,BDF10-M6_2016_201602091445_IMG_0479.jpg,0.9292646646499634,650.71826171875,126.83921813964844,538.0753173828125,994.1578369140625,2048,1536,538,994
BDF10-M6,2016,201602091445,DM,1,/Volumes/Seagate Portable Drive/KYLE_AI_DATABASE/A_CAMERA/Focal_species/Gulo gulo/BDF10-M6/DM/2016/COLOR/Robust marks/02.09-14.45/IMG_0481.JPG,IMG_0481.JPG,BDF10-M6_2016_201602091445_IMG_0481.jpg,0.9194532632827759,746.7838134765625,189.30230712890625,644.940185546875,837.2599487304688,2048,1536,644,837
BDF10-M6,2016,201602091445,DM,1,/Volumes/Seagate Portable Drive/KYLE_AI_DATABASE/A_CAMERA/Focal_species/Gulo gulo/BDF10-M6/DM/2016/COLOR/Robust marks/02.09-14.45/IMG_0483.JPG,IMG_0483.JPG,BDF10-M6_2016_201602091445_IMG_0483.jpg,0.8750349283218384,564.8290405273438,133.9855499267578,620.4263305664062,916.0455932617188,2048,1536,620,916
BDF10-M6,2016,201602091445,DM,1,/Volumes/Seagate Portable Drive/KYLE_AI_DATABASE/A_CAMERA/Focal_species/Gulo gulo/BDF10-M6/DM/2016/COLOR/Robust marks/02.09-14.45/IMG_0484.JPG,IMG_0484.JPG,BDF10-M6_2016_201602091445_IMG_0484.jpg,0.8635109066963196,702.3275146484375,93.69630432128906,518.6400146484375,980.3115234375,2048,1536,518,980
BDF10-M6,2016,201602091445,DM,1,/Volumes/Seagate Portable Drive/KYLE_AI_DATABASE/A_CAMERA/Focal_species/Gulo gulo/BDF10-M6/DM/2016/COLOR/Robust marks/02.09-14.45/IMG_0487.JPG,IMG_0487.JPG,BDF10-M6_2016_201602091445_IMG_0487.jpg,0.8305041193962097,752.6187133789062,239.26675415039062,498.14837646484375,910.6556396484375,2048,1536,498,910
BDF10-M6,2016,201602091445,DM,1,/Volumes/Seagate Portable Drive/KYLE_AI_DATABASE/A_CAMERA/Focal_species/Gulo gulo/BDF10-M6/DM/2016/COLOR/Robust marks/02.09-14.45/IMG_0488.JPG,IMG_0488.JPG,BDF10-M6_2016_201602091445_IMG_0488.jpg,0.9104720950126648,794.29833984375,306.35357666015625,460.653564453125,842.1382446289062,2048,1536,460,842
BDF10-M6,2016,201602091445,DM,1,/Volumes/Seagate Portable Drive/KYLE_AI_DATABASE/A_CAMERA/Focal_species/Gulo gulo/BDF10-M6/DM/2016/COLOR/Robust marks/02.09-14.45/IMG_0489.JPG,IMG_0489.JPG,BDF10-M6_2016_201602091445_IMG_0489.jpg,0.8893621563911438,744.6412353515625,296.1303405761719,493.7196044921875,803.473388671875,2048,1536,493,803
BDF10-M6,2016,201602091445,DM,1,/Volumes/Seagate Portable Drive/KYLE_AI_DATABASE/A_CAMERA/Focal_species/Gulo gulo/BDF10-M6/DM/2016/COLOR/Robust marks/02.09-14.45/IMG_0490.JPG,IMG_0490.JPG,BDF10-M6_2016_201602091445_IMG_0490.jpg,0.9068259596824646,742.0098266601562,267.00701904296875,510.75958251953125,769.2847290039062,2048,1536,510,769
BDF10-M6,2016,201602091445,DM,1,/Volumes/Seagate Portable Drive/KYLE_AI_DATABASE/A_CAMERA/Focal_species/Gulo gulo/BDF10-M6/DM/2016/COLOR/Robust marks/02.09-14.45/IMG_0492.JPG,IMG_0492.JPG,BDF10-M6_2016_201602091445_IMG_0492.jpg,0.9153674840927124,697.3984985351562,69.93768310546875,749.9672241210938,984.4347534179688,2048,1536,749,984
BDF10-M6,2016,201602091445,DM,1,/Volumes/Seagate Portable Drive/KYLE_AI_DATABASE/A_CAMERA/Focal_species/Gulo gulo/BDF10-M6/DM/2016/COLOR/Robust marks/02.09-14.45/IMG_0493.JPG,IMG_0493.JPG,BDF10-M6_2016_201602091445_IMG_0493.jpg,0.9135245084762573,563.008544921875,244.62437438964844,818.565673828125,743.4537353515625,2048,1536,818,743
BDF10-M6,2016,201602091445,DM,1,/Volumes/Seagate Portable Drive/KYLE_AI_DATABASE/A_CAMERA/Focal_species/Gulo gulo/BDF10-M6/DM/2016/COLOR/Robust marks/02.09-14.45/IMG_0494.JPG,IMG_0494.JPG,BDF10-M6_2016_201602091445_IMG_0494.jpg,0.8926458358764648,702.4676513671875,268.8411865234375,627.7501220703125,764.8345947265625,2048,1536,627,764
BDF10-M6,2016,201602091445,DM,1,/Volumes/Seagate Portable Drive/KYLE_AI_DATABASE/A_CAMERA/Focal_species/Gulo gulo/BDF10-M6/DM/2016/COLOR/Robust marks/02.09-14.45/IMG_0495.JPG,IMG_0495.JPG,BDF10-M6_2016_201602091445_IMG_0495.jpg,0.8315151333808899,662.4417724609375,30.631851196289062,662.0322265625,1005.85791015625,2048,1536,662,1005
BDF10-M6,2016,201602091445,DM,1,/Volumes/Seagate Portable Drive/KYLE_AI_DATABASE/A_CAMERA/Focal_species/Gulo gulo/BDF10-M6/DM/2016/COLOR/Robust marks/02.09-14.45/IMG_0496.JPG,IMG_0496.JPG,BDF10-M6_2016_201602091445_IMG_0496.jpg,0.8624158501625061,729.918701171875,259.64349365234375,484.5162353515625,770.2715454101562,2048,1536,484,770
BDF10-M6,2016,201602091445,DM,1,/Volumes/Seagate Portable Drive/KYLE_AI_DATABASE/A_CAMERA/Focal_species/Gulo gulo/BDF10-M6/DM/2016/COLOR/Robust marks/02.09-14.45/IMG_0497.JPG,IMG_0497.JPG,BDF10-M6_2016_201602091445_IMG_0497.jpg,0.935309648513794,468.45635986328125,33.84571838378906,725.5665893554688,1014.411376953125,2048,1536,725,1014
BDF10-M6,2016,201602091445,DM,1,/Volumes/Seagate Portable Drive/KYLE_AI_DATABASE/A_CAMERA/Focal_species/Gulo gulo/BDF10-M6/DM/2016/COLOR/Robust marks/02.09-14.45/IMG_0498.JPG,IMG_0498.JPG,BDF10-M6_2016_201602091445_IMG_0498.jpg,0.893502414226532,217.81524658203125,97.5311279296875,684.912109375,813.0023193359375,2048,1536,684,813
BDF10-M6,2016,201602091445,DM,1,/Volumes/Seagate Portable Drive/KYLE_AI_DATABASE/A_CAMERA/Focal_species/Gulo gulo/BDF10-M6/DM/2016/COLOR/Robust marks/02.09-14.45/IMG_0499.JPG,IMG_0499.JPG,BDF10-M6_2016_201602091445_IMG_0499.jpg,0.9254970550537109,217.16644287109375,180.10653686523438,502.7012939453125,669.2978515625,2048,1536,502,669
BDF10-M6,2016,201602091445,DM,1,/Volumes/Seagate Portable Drive/KYLE_AI_DATABASE/A_CAMERA/Focal_species/Gulo gulo/BDF10-M6/DM/2016/COLOR/Robust marks/02.09-14.45/IMG_0500.JPG,IMG_0500.JPG,BDF10-M6_2016_201602091445_IMG_0500.jpg,0.9286728501319885,496.29736328125,183.90234375,481.982421875,778.56298828125,2048,1536,481,778
BDF10-M6,2016,201602091445,DM,1,/Volumes/Seagate Portable Drive/KYLE_AI_DATABASE/A_CAMERA/Focal_species/Gulo gulo/BDF10-M6/DM/2016/COLOR/Robust marks/02.09-14.45/IMG_0501.JPG,IMG_0501.JPG,BDF10-M6_2016_201602091445_IMG_0501.jpg,0.9281176924705505,630.2473754882812,31.107650756835938,532.8964233398438,966.9363403320312,2048,1536,532,966
BDF10-M6,2016,201602091445,DM,1,/Volumes/Seagate Portable Drive/KYLE_AI_DATABASE/A_CAMERA/Focal_species/Gulo gulo/BDF10-M6/DM/2016/COLOR/Robust marks/02.09-14.45/IMG_0502.JPG,IMG_0502.JPG,BDF10-M6_2016_201602091445_IMG_0502.jpg,0.90836501121521,630.6002197265625,33.473419189453125,527.3468017578125,984.8033447265625,2048,1536,527,984
BDF10-M6,2016,201602091445,DM,1,/Volumes/Seagate Portable Drive/KYLE_AI_DATABASE/A_CAMERA/Focal_species/Gulo gulo/BDF10-M6/DM/2016/COLOR/Robust marks/02.09-14.45/IMG_0503.JPG,IMG_0503.JPG,BDF10-M6_2016_201602091445_IMG_0503.jpg,0.8703100681304932,573.9393920898438,53.90419006347656,586.3211059570312,975.3712158203125,2048,1536,586,975
BDF10-M6,2016,201602091445,DM,1,/Volumes/Seagate Portable Drive/KYLE_AI_DATABASE/A_CAMERA/Focal_species/Gulo gulo/BDF10-M6/DM/2016/COLOR/Robust marks/02.09-14.45/IMG_0505.JPG,IMG_0505.JPG,BDF10-M6_2016_201602091445_IMG_0505.jpg,0.8669701218605042,632.6683959960938,31.721649169921875,495.26434326171875,1112.1611328125,2048,1536,495,1112
BDF10-M6,2016,201602091445,DM,1,/Volumes/Seagate Portable Drive/KYLE_AI_DATABASE/A_CAMERA/Focal_species/Gulo gulo/BDF10-M6/DM/2016/COLOR/Robust marks/02.09-14.45/IMG_0506.JPG,IMG_0506.JPG,BDF10-M6_2016_201602091445_IMG_0506.jpg,0.9282870292663574,473.95947265625,29.521774291992188,484.37841796875,847.7409057617188,2048,1536,484,847
BDF10-M6,2016,201602091445,DM,1,/Volumes/Seagate Portable Drive/KYLE_AI_DATABASE/A_CAMERA/Focal_species/Gulo gulo/BDF10-M6/DM/2016/COLOR/Robust marks/02.09-14.45/IMG_0507.JPG,IMG_0507.JPG,BDF10-M6_2016_201602091445_IMG_0507.jpg,0.894642174243927,285.7265319824219,84.32290649414062,469.4864807128906,831.6153564453125,2048,1536,469,831
BDF10-M6,2016,201602091445,DM,1,/Volumes/Seagate Portable Drive/KYLE_AI_DATABASE/A_CAMERA/Focal_species/Gulo gulo/BDF10-M6/DM/2016/COLOR/Robust marks/02.09-14.45/IMG_0508.JPG,IMG_0508.JPG,BDF10-M6_2016_201602091445_IMG_0508.jpg,0.8187136650085449,275.1320495605469,92.96324157714844,419.6452941894531,840.9026489257812,2048,1536,419,840
BDF10-M6,2016,201602091445,DM,1,/Volumes/Seagate Portable Drive/KYLE_AI_DATABASE/A_CAMERA/Focal_species/Gulo gulo/BDF10-M6/DM/2016/COLOR/Robust marks/02.09-14.45/IMG_0509.JPG,IMG_0509.JPG,BDF10-M6_2016_201602091445_IMG_0509.jpg,0.9322952628135681,311.6849060058594,108.53352355957031,394.4028625488281,977.3364868164062,2048,1536,394,977
BDF10-M6,2016,201602091445,DM,1,/Volumes/Seagate Portable Drive/KYLE_AI_DATABASE/A_CAMERA/Focal_species/Gulo gulo/BDF10-M6/DM/2016/COLOR/Robust marks/02.09-14.45/IMG_0510.JPG,IMG_0510.JPG,BDF10-M6_2016_201602091445_IMG_0510.jpg,0.8718969821929932,327.0035705566406,118.14468383789062,386.9280700683594,1039.240478515625,2048,1536,386,1039
BDF10-M6,2016,201602091445,DM,1,/Volumes/Seagate Portable Drive/KYLE_AI_DATABASE/A_CAMERA/Focal_species/Gulo gulo/BDF10-M6/DM/2016/COLOR/Robust marks/02.09-14.45/IMG_0511.JPG,IMG_0511.JPG,BDF10-M6_2016_201602091445_IMG_0511.jpg,0.9470459222793579,485.5933532714844,307.9697265625,445.4664611816406,933.367919921875,2048,1536,445,933
BDF10-M6,2016,201602091445,DM,1,/Volumes/Seagate Portable Drive/KYLE_AI_DATABASE/A_CAMERA/Focal_species/Gulo gulo/BDF10-M6/DM/2016/COLOR/Robust marks/02.09-14.45/IMG_0512.JPG,IMG_0512.JPG,BDF10-M6_2016_201602091445_IMG_0512.jpg,0.8940780758857727,453.90802001953125,315.8717041015625,400.54296875,921.8177490234375,2048,1536,400,921
BDF10-M6,2016,201602091445,DM,1,/Volumes/Seagate Portable Drive/KYLE_AI_DATABASE/A_CAMERA/Focal_species/Gulo gulo/BDF10-M6/DM/2016/COLOR/Robust marks/02.09-14.45/IMG_0513.JPG,IMG_0513.JPG,BDF10-M6_2016_201602091445_IMG_0513.jpg,0.890571117401123,424.8753356933594,31.043472290039062,564.0845947265625,1141.639404296875,2048,1536,564,1141
BDF10-M6,2016,201602091445,DM,1,/Volumes/Seagate Portable Drive/KYLE_AI_DATABASE/A_CAMERA/Focal_species/Gulo gulo/BDF10-M6/DM/2016/COLOR/Robust marks/02.09-14.45/IMG_0514.JPG,IMG_0514.JPG,BDF10-M6_2016_201602091445_IMG_0514.jpg,0.9542685151100159,410.69720458984375,337.20489501953125,507.283935546875,889.4462280273438,2048,1536,507,889
BDF10-M6,2016,201602091445,DM,1,/Volumes/Seagate Portable Drive/KYLE_AI_DATABASE/A_CAMERA/Focal_species/Gulo gulo/BDF10-M6/DM/2016/COLOR/Robust marks/02.09-14.45/IMG_0515.JPG,IMG_0515.JPG,BDF10-M6_2016_201602091445_IMG_0515.jpg,0.9091406464576721,423.1061096191406,334.2862243652344,561.239990234375,846.0250244140625,2048,1536,561,846
BDF10-M6,2016,201602091445,DM,1,/Volumes/Seagate Portable Drive/KYLE_AI_DATABASE/A_CAMERA/Focal_species/Gulo gulo/BDF10-M6/DM/2016/COLOR/Robust marks/02.09-14.45/IMG_0516.JPG,IMG_0516.JPG,BDF10-M6_2016_201602091445_IMG_0516.jpg,0.9284770488739014,449.19256591796875,323.0213623046875,522.94775390625,870.1124267578125,2048,1536,522,870
BDF10-M6,2016,201602091445,DM,1,/Volumes/Seagate Portable Drive/KYLE_AI_DATABASE/A_CAMERA/Focal_species/Gulo gulo/BDF10-M6/DM/2016/COLOR/Robust marks/02.09-14.45/IMG_0517.JPG,IMG_0517.JPG,BDF10-M6_2016_201602091445_IMG_0517.jpg,0.934480607509613,455.792724609375,344.203125,537.4781494140625,836.2855224609375,2048,1536,537,836
BDF10-M6,2016,201602091445,DM,1,/Volumes/Seagate Portable Drive/KYLE_AI_DATABASE/A_CAMERA/Focal_species/Gulo gulo/BDF10-M6/DM/2016/COLOR/Robust marks/02.09-14.45/IMG_0518.JPG,IMG_0518.JPG,BDF10-M6_2016_201602091445_IMG_0518.jpg,0.9359642863273621,475.01519775390625,310.4612731933594,584.1056518554688,864.6168212890625,2048,1536,584,864
BDF10-M6,2016,201602091445,DM,1,/Volumes/Seagate Portable Drive/KYLE_AI_DATABASE/A_CAMERA/Focal_species/Gulo gulo/BDF10-M6/DM/2016/COLOR/Robust marks/02.09-14.45/IMG_0519.JPG,IMG_0519.JPG,BDF10-M6_2016_201602091445_IMG_0519.jpg,0.9076414108276367,483.7250671386719,279.188720703125,563.5684814453125,889.316650390625,2048,1536,563,889
BDF10-M6,2016,201602091445,DM,1,/Volumes/Seagate Portable Drive/KYLE_AI_DATABASE/A_CAMERA/Focal_species/Gulo gulo/BDF10-M6/DM/2016/COLOR/Robust marks/02.09-14.45/IMG_0520.JPG,IMG_0520.JPG,BDF10-M6_2016_201602091445_IMG_0520.jpg,0.9127079844474792,403.4960021972656,283.78515625,573.6944580078125,901.864013671875,2048,1536,573,901
BDF10-M6,2016,201602091445,DM,1,/Volumes/Seagate Portable Drive/KYLE_AI_DATABASE/A_CAMERA/Focal_species/Gulo gulo/BDF10-M6/DM/2016/COLOR/Robust marks/02.09-14.45/IMG_0521.JPG,IMG_0521.JPG,BDF10-M6_2016_201602091445_IMG_0521.jpg,0.8860309720039368,314.96148681640625,175.16372680664062,505.8848876953125,1002.1907958984375,2048,1536,505,1002
BDF10-M6,2016,201602091445,DM,1,/Volumes/Seagate Portable Drive/KYLE_AI_DATABASE/A_CAMERA/Focal_species/Gulo gulo/BDF10-M6/DM/2016/COLOR/Robust marks/02.09-14.45/IMG_0522.JPG,IMG_0522.JPG,BDF10-M6_2016_201602091445_IMG_0522.jpg,0.9401194453239441,269.17401123046875,281.50933837890625,549.985107421875,1005.4203491210938,2048,1536,549,1005
BDF10-M6,2016,201602091445,DM,1,/Volumes/Seagate Portable Drive/KYLE_AI_DATABASE/A_CAMERA/Focal_species/Gulo gulo/BDF10-M6/DM/2016/COLOR/Robust marks/02.09-14.45/IMG_0523.JPG,IMG_0523.JPG,BDF10-M6_2016_201602091445_IMG_0523.jpg,0.8722297549247742,386.0009765625,170.87599182128906,422.17578125,1133.023681640625,2048,1536,422,1133
BDF10-M6,2016,201602091445,DM,1,/Volumes/Seagate Portable Drive/KYLE_AI_DATABASE/A_CAMERA/Focal_species/Gulo gulo/BDF10-M6/DM/2016/COLOR/Robust marks/02.09-14.45/IMG_0524.JPG,IMG_0524.JPG,BDF10-M6_2016_201602091445_IMG_0524.jpg,0.8834491968154907,442.17388916015625,128.02761840820312,523.951904296875,1087.1324462890625,2048,1536,523,1087
BDF10-M6,2016,201602091445,DM,1,/Volumes/Seagate Portable Drive/KYLE_AI_DATABASE/A_CAMERA/Focal_species/Gulo gulo/BDF10-M6/DM/2016/COLOR/Robust marks/02.09-14.45/IMG_0525.JPG,IMG_0525.JPG,BDF10-M6_2016_201602091445_IMG_0525.jpg,0.8726478219032288,486.7130432128906,113.75962829589844,509.5693054199219,1140.837646484375,2048,1536,509,1140
BDF10-M6,2016,201602091445,DM,1,/Volumes/Seagate Portable Drive/KYLE_AI_DATABASE/A_CAMERA/Focal_species/Gulo gulo/BDF10-M6/DM/2016/COLOR/Robust marks/02.09-14.45/IMG_0526.JPG,IMG_0526.JPG,BDF10-M6_2016_201602091445_IMG_0526.jpg,0.9268625974655151,482.1568908691406,155.7176513671875,486.6391296386719,1115.6075439453125,2048,1536,486,1115
BDF10-M6,2016,201602091445,DM,1,/Volumes/Seagate Portable Drive/KYLE_AI_DATABASE/A_CAMERA/Focal_species/Gulo gulo/BDF10-M6/DM/2016/COLOR/Robust marks/02.09-14.45/IMG_0527.JPG,IMG_0527.JPG,BDF10-M6_2016_201602091445_IMG_0527.jpg,0.8456030488014221,559.90673828125,31.42510986328125,466.6619873046875,1022.5365600585938,2048,1536,466,1022
BDF10-M6,2016,201602091445,DM,1,/Volumes/Seagate Portable Drive/KYLE_AI_DATABASE/A_CAMERA/Focal_species/Gulo gulo/BDF10-M6/DM/2016/COLOR/Robust marks/02.09-14.45/IMG_0528.JPG,IMG_0528.JPG,BDF10-M6_2016_201602091445_IMG_0528.jpg,0.955963134765625,586.02490234375,31.856964111328125,563.720947265625,806.364013671875,2048,1536,563,806
BDF10-M6,2016,201602091445,DM,1,/Volumes/Seagate Portable Drive/KYLE_AI_DATABASE/A_CAMERA/Focal_species/Gulo gulo/BDF10-M6/DM/2016/COLOR/Robust marks/02.09-14.45/IMG_0529.JPG,IMG_0529.JPG,BDF10-M6_2016_201602091445_IMG_0529.jpg,0.9615392684936523,580.773193359375,31.461685180664062,568.5296630859375,825.5924072265625,2048,1536,568,825
BDF10-M6,2016,201602091445,DM,1,/Volumes/Seagate Portable Drive/KYLE_AI_DATABASE/A_CAMERA/Focal_species/Gulo gulo/BDF10-M6/DM/2016/COLOR/Robust marks/02.09-14.45/IMG_0530.JPG,IMG_0530.JPG,BDF10-M6_2016_201602091445_IMG_0530.jpg,0.9614534378051758,583.287353515625,57.11723327636719,568.517822265625,856.1366577148438,2048,1536,568,856
BDF10-M6,2016,201602091445,DM,1,/Volumes/Seagate Portable Drive/KYLE_AI_DATABASE/A_CAMERA/Focal_species/Gulo gulo/BDF10-M6/DM/2016/COLOR/Robust marks/02.09-14.45/IMG_0531.JPG,IMG_0531.JPG,BDF10-M6_2016_201602091445_IMG_0531.jpg,0.9608321785926819,573.1992797851562,33.02320861816406,610.4296264648438,1007.48974609375,2048,1536,610,1007
BDF10-M6,2016,201602091445,DM,1,/Volumes/Seagate Portable Drive/KYLE_AI_DATABASE/A_CAMERA/Focal_species/Gulo gulo/BDF10-M6/DM/2016/COLOR/Robust marks/02.09-14.45/IMG_0532.JPG,IMG_0532.JPG,BDF10-M6_2016_201602091445_IMG_0532.jpg,0.9581844806671143,573.9955444335938,33.92866516113281,609.7002563476562,1010.5023803710938,2048,1536,609,1010
BDF10-M6,2016,201602091445,DM,1,/Volumes/Seagate Portable Drive/KYLE_AI_DATABASE/A_CAMERA/Focal_species/Gulo gulo/BDF10-M6/DM/2016/COLOR/Robust marks/02.09-14.45/IMG_0533.JPG,IMG_0533.JPG,BDF10-M6_2016_201602091445_IMG_0533.jpg,0.9633603096008301,581.6661376953125,54.175689697265625,594.06787109375,992.1605224609375,2048,1536,594,992
BDF10-M6,2016,201602091445,DM,1,/Volumes/Seagate Portable Drive/KYLE_AI_DATABASE/A_CAMERA/Focal_species/Gulo gulo/BDF10-M6/DM/2016/COLOR/Robust marks/02.09-14.45/IMG_0534.JPG,IMG_0534.JPG,BDF10-M6_2016_201602091445_IMG_0534.jpg,0.9603312611579895,566.031982421875,49.03271484375,593.82373046875,904.23193359375,2048,1536,593,904
BDF10-M6,2016,201602091445,DM,1,/Volumes/Seagate Portable Drive/KYLE_AI_DATABASE/A_CAMERA/Focal_species/Gulo gulo/BDF10-M6/DM/2016/COLOR/Robust marks/02.09-14.45/IMG_0535.JPG,IMG_0535.JPG,BDF10-M6_2016_201602091445_IMG_0535.jpg,0.958573579788208,566.1903076171875,52.455047607421875,610.046630859375,940.9119873046875,2048,1536,610,940
BDF10-M6,2016,201602091445,DM,1,/Volumes/Seagate Portable Drive/KYLE_AI_DATABASE/A_CAMERA/Focal_species/Gulo gulo/BDF10-M6/DM/2016/COLOR/Robust marks/02.09-14.45/IMG_0536.JPG,IMG_0536.JPG,BDF10-M6_2016_201602091445_IMG_0536.jpg,0.9488750696182251,566.3106689453125,93.7686767578125,601.7659912109375,892.1947021484375,2048,1536,601,892
BDF10-M6,2016,201602091445,DM,1,/Volumes/Seagate Portable Drive/KYLE_AI_DATABASE/A_CAMERA/Focal_species/Gulo gulo/BDF10-M6/DM/2016/COLOR/Robust marks/02.09-14.45/IMG_0537.JPG,IMG_0537.JPG,BDF10-M6_2016_201602091445_IMG_0537.jpg,0.9386920928955078,568.2550659179688,74.16105651855469,587.3794555664062,885.5844116210938,2048,1536,587,885
BDF10-M6,2016,201602091445,DM,1,/Volumes/Seagate Portable Drive/KYLE_AI_DATABASE/A_CAMERA/Focal_species/Gulo gulo/BDF10-M6/DM/2016/COLOR/Robust marks/02.09-14.45/IMG_0538.JPG,IMG_0538.JPG,BDF10-M6_2016_201602091445_IMG_0538.jpg,0.9540423154830933,566.15625,72.29937744140625,590.4903564453125,884.0486450195312,2048,1536,590,884
BDF10-M6,2016,201602091445,DM,1,/Volumes/Seagate Portable Drive/KYLE_AI_DATABASE/A_CAMERA/Focal_species/Gulo gulo/BDF10-M6/DM/2016/COLOR/Robust marks/02.09-14.45/IMG_0539.JPG,IMG_0539.JPG,BDF10-M6_2016_201602091445_IMG_0539.jpg,0.9524452090263367,570.2252807617188,30.659912109375,582.7463989257812,943.00048828125,2048,1536,582,943
BDF10-M6,2016,201602091445,DM,1,/Volumes/Seagate Portable Drive/KYLE_AI_DATABASE/A_CAMERA/Focal_species/Gulo gulo/BDF10-M6/DM/2016/COLOR/Robust marks/02.09-14.45/IMG_0540.JPG,IMG_0540.JPG,BDF10-M6_2016_201602091445_IMG_0540.jpg,0.9541787505149841,577.435791015625,58.48347473144531,579.6690673828125,943.1287231445312,2048,1536,579,943
BDF10-M6,2016,201602091445,DM,1,/Volumes/Seagate Portable Drive/KYLE_AI_DATABASE/A_CAMERA/Focal_species/Gulo gulo/BDF10-M6/DM/2016/COLOR/Robust marks/02.09-14.45/IMG_0541.JPG,IMG_0541.JPG,BDF10-M6_2016_201602091445_IMG_0541.jpg,0.9586378931999207,541.3219604492188,190.8800811767578,610.8381958007812,923.7402954101562,2048,1536,610,923
BDF10-M6,2016,201602091445,DM,1,/Volumes/Seagate Portable Drive/KYLE_AI_DATABASE/A_CAMERA/Focal_species/Gulo gulo/BDF10-M6/DM/2016/COLOR/Robust marks/02.09-14.45/IMG_0542.JPG,IMG_0542.JPG,BDF10-M6_2016_201602091445_IMG_0542.jpg,0.9494298696517944,545.6072387695312,190.82029724121094,605.7538452148438,926.853271484375,2048,1536,605,926
BDF10-M6,2016,201602091445,DM,1,/Volumes/Seagate Portable Drive/KYLE_AI_DATABASE/A_CAMERA/Focal_species/Gulo gulo/BDF10-M6/DM/2016/COLOR/Robust marks/02.09-14.45/IMG_0551.JPG,IMG_0551.JPG,BDF10-M6_2016_201602091445_IMG_0551.jpg,0.8784489631652832,612.1163940429688,654.2054443359375,450.56268310546875,567.0089111328125,2048,1536,450,567
BDF10-M6,2016,201602091445,DM,1,/Volumes/Seagate Portable Drive/KYLE_AI_DATABASE/A_CAMERA/Focal_species/Gulo gulo/BDF10-M6/DM/2016/COLOR/Robust marks/02.09-14.45/IMG_0552.JPG,IMG_0552.JPG,BDF10-M6_2016_201602091445_IMG_0552.jpg,0.9064767360687256,612.7872314453125,465.4772644042969,455.1439208984375,752.9349365234375,2048,1536,455,752
BDF10-M6,2016,201602091445,DM,1,/Volumes/Seagate Portable Drive/KYLE_AI_DATABASE/A_CAMERA/Focal_species/Gulo gulo/BDF10-M6/DM/2016/COLOR/Robust marks/02.09-14.45/IMG_0553.JPG,IMG_0553.JPG,BDF10-M6_2016_201602091445_IMG_0553.jpg,0.8008572459220886,629.71826171875,333.8970947265625,590.9862060546875,846.4359130859375,2048,1536,590,846
BDF10-M6,2016,201602091445,DM,1,/Volumes/Seagate Portable Drive/KYLE_AI_DATABASE/A_CAMERA/Focal_species/Gulo gulo/BDF10-M6/DM/2016/COLOR/Robust marks/02.09-14.45/IMG_0555.JPG,IMG_0555.JPG,BDF10-M6_2016_201602091445_IMG_0555.jpg,0.869530439376831,622.2596435546875,307.63739013671875,428.679443359375,864.4197387695312,2048,1536,428,864
BDF10-M6,2016,201602091445,DM,1,/Volumes/Seagate Portable Drive/KYLE_AI_DATABASE/A_CAMERA/Focal_species/Gulo gulo/BDF10-M6/DM/2016/COLOR/Robust marks/02.09-14.45/IMG_0556.JPG,IMG_0556.JPG,BDF10-M6_2016_201602091445_IMG_0556.jpg,0.8727197051048279,614.6828002929688,412.52606201171875,416.85125732421875,772.0048217773438,2048,1536,416,772
BDF10-M6,2016,201602091445,DM,1,/Volumes/Seagate Portable Drive/KYLE_AI_DATABASE/A_CAMERA/Focal_species/Gulo gulo/BDF10-M6/DM/2016/COLOR/Robust marks/02.09-14.45/IMG_0557.JPG,IMG_0557.JPG,BDF10-M6_2016_201602091445_IMG_0557.jpg,0.9120969176292419,614.0425415039062,427.0934143066406,417.43841552734375,747.0108642578125,2048,1536,417,747
BDF10-M6,2016,201602091445,DM,1,/Volumes/Seagate Portable Drive/KYLE_AI_DATABASE/A_CAMERA/Focal_species/Gulo gulo/BDF10-M6/DM/2016/COLOR/Robust marks/02.09-14.45/IMG_0558.JPG,IMG_0558.JPG,BDF10-M6_2016_201602091445_IMG_0558.jpg,0.8790307641029358,613.8056030273438,409.92828369140625,418.27130126953125,770.1017456054688,2048,1536,418,770
BDF10-M6,2016,201602091445,DM,1,/Volumes/Seagate Portable Drive/KYLE_AI_DATABASE/A_CAMERA/Focal_species/Gulo gulo/BDF10-M6/DM/2016/COLOR/Robust marks/02.09-14.45/IMG_0559.JPG,IMG_0559.JPG,BDF10-M6_2016_201602091445_IMG_0559.jpg,0.9076637029647827,611.645263671875,422.8319091796875,422.037109375,758.278564453125,2048,1536,422,758
BDF10-M6,2016,201602091445,DM,1,/Volumes/Seagate Portable Drive/KYLE_AI_DATABASE/A_CAMERA/Focal_species/Gulo gulo/BDF10-M6/DM/2016/COLOR/Robust marks/02.09-14.45/IMG_0561.JPG,IMG_0561.JPG,BDF10-M6_2016_201602091445_IMG_0561.jpg,0.8328709602355957,614.7006225585938,387.03302001953125,412.65972900390625,784.9208374023438,2048,1536,412,784
BDF10-M6,2016,201602091445,DM,1,/Volumes/Seagate Portable Drive/KYLE_AI_DATABASE/A_CAMERA/Focal_species/Gulo gulo/BDF10-M6/DM/2016/COLOR/Robust marks/02.09-14.45/IMG_0562.JPG,IMG_0562.JPG,BDF10-M6_2016_201602091445_IMG_0562.jpg,0.8917062282562256,619.9754638671875,413.2042236328125,410.6201171875,753.3553466796875,2048,1536,410,753
BDF10-M6,2016,201602091445,DM,1,/Volumes/Seagate Portable Drive/KYLE_AI_DATABASE/A_CAMERA/Focal_species/Gulo gulo/BDF10-M6/DM/2016/COLOR/Robust marks/02.09-14.45/IMG_0563.JPG,IMG_0563.JPG,BDF10-M6_2016_201602091445_IMG_0563.jpg,0.8913764953613281,614.1045532226562,394.58367919921875,415.79791259765625,784.7645874023438,2048,1536,415,784
BDF10-M6,2016,201602091445,DM,1,/Volumes/Seagate Portable Drive/KYLE_AI_DATABASE/A_CAMERA/Focal_species/Gulo gulo/BDF10-M6/DM/2016/COLOR/Robust marks/02.09-14.45/IMG_0564.JPG,IMG_0564.JPG,BDF10-M6_2016_201602091445_IMG_0564.jpg,0.852847158908844,613.48779296875,391.8612060546875,417.20849609375,786.9295654296875,2048,1536,417,786
BDF10-M6,2016,201602091445,DM,1,/Volumes/Seagate Portable Drive/KYLE_AI_DATABASE/A_CAMERA/Focal_species/Gulo gulo/BDF10-M6/DM/2016/COLOR/Robust marks/02.09-14.45/IMG_0565.JPG,IMG_0565.JPG,BDF10-M6_2016_201602091445_IMG_0565.jpg,0.9064393043518066,614.557861328125,387.51416015625,414.3458251953125,787.40185546875,2048,1536,414,787
BDF10-M6,2016,201602091445,DM,1,/Volumes/Seagate Portable Drive/KYLE_AI_DATABASE/A_CAMERA/Focal_species/Gulo gulo/BDF10-M6/DM/2016/COLOR/Robust marks/02.09-14.45/IMG_0566.JPG,IMG_0566.JPG,BDF10-M6_2016_201602091445_IMG_0566.jpg,0.892069935798645,612.99609375,400.1025695800781,417.79296875,779.263916015625,2048,1536,417,779
BDF10-M6,2016,201602091445,DM,1,/Volumes/Seagate Portable Drive/KYLE_AI_DATABASE/A_CAMERA/Focal_species/Gulo gulo/BDF10-M6/DM/2016/COLOR/Robust marks/02.09-14.45/IMG_0567.JPG,IMG_0567.JPG,BDF10-M6_2016_201602091445_IMG_0567.jpg,0.9019081592559814,616.6826171875,295.6109619140625,418.5555419921875,868.7115478515625,2048,1536,418,868
BDF10-M6,2016,201602091445,DM,1,/Volumes/Seagate Portable Drive/KYLE_AI_DATABASE/A_CAMERA/Focal_species/Gulo gulo/BDF10-M6/DM/2016/COLOR/Robust marks/02.09-14.45/IMG_0569.JPG,IMG_0569.JPG,BDF10-M6_2016_201602091445_IMG_0569.jpg,0.9396039247512817,613.8400268554688,353.2962341308594,419.67462158203125,817.8665771484375,2048,1536,419,817
BDF10-M6,2016,201602091445,DM,1,/Volumes/Seagate Portable Drive/KYLE_AI_DATABASE/A_CAMERA/Focal_species/Gulo gulo/BDF10-M6/DM/2016/COLOR/Robust marks/02.09-14.45/IMG_0571.JPG,IMG_0571.JPG,BDF10-M6_2016_201602091445_IMG_0571.jpg,0.8297191262245178,612.8033447265625,361.35699462890625,409.0943603515625,863.5061645507812,2048,1536,409,863
BDF10-M6,2016,201602091445,DM,1,/Volumes/Seagate Portable Drive/KYLE_AI_DATABASE/A_CAMERA/Focal_species/Gulo gulo/BDF10-M6/DM/2016/COLOR/Robust marks/02.09-14.45/IMG_0572.JPG,IMG_0572.JPG,BDF10-M6_2016_201602091445_IMG_0572.jpg,0.9285446405410767,614.200439453125,319.75762939453125,492.996826171875,850.0986938476562,2048,1536,492,850
BDF10-M6,2016,201602091445,DM,1,/Volumes/Seagate Portable Drive/KYLE_AI_DATABASE/A_CAMERA/Focal_species/Gulo gulo/BDF10-M6/DM/2016/COLOR/Robust marks/02.09-14.45/IMG_0573.JPG,IMG_0573.JPG,BDF10-M6_2016_201602091445_IMG_0573.jpg,0.8477994799613953,596.9564208984375,386.9356689453125,432.80029296875,801.4141845703125,2048,1536,432,801
BDF10-M6,2016,201602091445,DM,1,/Volumes/Seagate Portable Drive/KYLE_AI_DATABASE/A_CAMERA/Focal_species/Gulo gulo/BDF10-M6/DM/2016/COLOR/Robust marks/02.09-14.45/IMG_0574.JPG,IMG_0574.JPG,BDF10-M6_2016_201602091445_IMG_0574.jpg,0.9326037168502808,612.1826171875,346.96148681640625,425.8052978515625,835.9309692382812,2048,1536,425,835
BDF10-M6,2016,201602091445,DM,1,/Volumes/Seagate Portable Drive/KYLE_AI_DATABASE/A_CAMERA/Focal_species/Gulo gulo/BDF10-M6/DM/2016/COLOR/Robust marks/02.09-14.45/IMG_0575.JPG,IMG_0575.JPG,BDF10-M6_2016_201602091445_IMG_0575.jpg,0.9153620004653931,614.2251586914062,389.3916320800781,439.72918701171875,787.821533203125,2048,1536,439,787
BDF10-M6,2016,201602091445,DM,1,/Volumes/Seagate Portable Drive/KYLE_AI_DATABASE/A_CAMERA/Focal_species/Gulo gulo/BDF10-M6/DM/2016/COLOR/Robust marks/02.09-14.45/IMG_0576.JPG,IMG_0576.JPG,BDF10-M6_2016_201602091445_IMG_0576.jpg,0.8946642279624939,613.0243530273438,364.904541015625,418.75445556640625,859.478271484375,2048,1536,418,859
BDF10-M6,2016,201602091445,DM,1,/Volumes/Seagate Portable Drive/KYLE_AI_DATABASE/A_CAMERA/Focal_species/Gulo gulo/BDF10-M6/DM/2016/COLOR/Robust marks/02.09-14.45/IMG_0577.JPG,IMG_0577.JPG,BDF10-M6_2016_201602091445_IMG_0577.jpg,0.8763805031776428,618.5974731445312,467.97088623046875,409.94842529296875,763.2522583007812,2048,1536,409,763
BDF10-M6,2016,201602091445,DM,1,/Volumes/Seagate Portable Drive/KYLE_AI_DATABASE/A_CAMERA/Focal_species/Gulo gulo/BDF10-M6/DM/2016/COLOR/Robust marks/02.09-14.45/IMG_0578.JPG,IMG_0578.JPG,BDF10-M6_2016_201602091445_IMG_0578.jpg,0.9085586071014404,615.2503662109375,434.14642333984375,414.600341796875,787.6336059570312,2048,1536,414,787
BDF10-M6,2016,201602091445,DM,1,/Volumes/Seagate Portable Drive/KYLE_AI_DATABASE/A_CAMERA/Focal_species/Gulo gulo/BDF10-M6/DM/2016/COLOR/Robust marks/02.09-14.45/IMG_0579.JPG,IMG_0579.JPG,BDF10-M6_2016_201602091445_IMG_0579.jpg,0.8877143859863281,618.6329345703125,298.96099853515625,413.4278564453125,917.3207397460938,2048,1536,413,917
BDF10-M6,2016,201602091445,DM,1,/Volumes/Seagate Portable Drive/KYLE_AI_DATABASE/A_CAMERA/Focal_species/Gulo gulo/BDF10-M6/DM/2016/COLOR/Robust marks/02.09-14.45/IMG_0580.JPG,IMG_0580.JPG,BDF10-M6_2016_201602091445_IMG_0580.jpg,0.8493504524230957,617.8294677734375,407.774658203125,492.22509765625,815.787841796875,2048,1536,492,815
BDF10-M6,2016,201602091445,DM,1,/Volumes/Seagate Portable Drive/KYLE_AI_DATABASE/A_CAMERA/Focal_species/Gulo gulo/BDF10-M6/DM/2016/COLOR/Robust marks/02.09-14.45/IMG_0581.JPG,IMG_0581.JPG,BDF10-M6_2016_201602091445_IMG_0581.jpg,0.9130426645278931,618.9658813476562,231.15074157714844,494.63580322265625,998.0389404296875,2048,1536,494,998
BDF10-M6,2016,201602091445,DM,1,/Volumes/Seagate Portable Drive/KYLE_AI_DATABASE/A_CAMERA/Focal_species/Gulo gulo/BDF10-M6/DM/2016/COLOR/Robust marks/02.09-14.45/IMG_0582.JPG,IMG_0582.JPG,BDF10-M6_2016_201602091445_IMG_0582.jpg,0.8992406725883484,616.2752685546875,472.11273193359375,407.9840087890625,698.7671508789062,2048,1536,407,698
BDF10-M6,2016,201602091445,DM,1,/Volumes/Seagate Portable Drive/KYLE_AI_DATABASE/A_CAMERA/Focal_species/Gulo gulo/BDF10-M6/DM/2016/COLOR/Robust marks/02.09-14.45/IMG_0583.JPG,IMG_0583.JPG,BDF10-M6_2016_201602091445_IMG_0583.jpg,0.8918209671974182,614.2608642578125,216.35549926757812,483.1788330078125,1011.54345703125,2048,1536,483,1011
BDF10-M6,2016,201602091445,DM,1,/Volumes/Seagate Portable Drive/KYLE_AI_DATABASE/A_CAMERA/Focal_species/Gulo gulo/BDF10-M6/DM/2016/COLOR/Robust marks/02.09-14.45/IMG_0584.JPG,IMG_0584.JPG,BDF10-M6_2016_201602091445_IMG_0584.jpg,0.8466354608535767,617.85595703125,461.77978515625,493.41943359375,756.141845703125,2048,1536,493,756
BDF10-M6,2016,201602091445,DM,1,/Volumes/Seagate Portable Drive/KYLE_AI_DATABASE/A_CAMERA/Focal_species/Gulo gulo/BDF10-M6/DM/2016/COLOR/Robust marks/02.09-14.45/IMG_0585.JPG,IMG_0585.JPG,BDF10-M6_2016_201602091445_IMG_0585.jpg,0.8324282765388489,614.3948974609375,854.3052978515625,546.8524169921875,420.1287841796875,2048,1536,546,420
BDF10-M6,2016,201602091445,DM,1,/Volumes/Seagate Portable Drive/KYLE_AI_DATABASE/A_CAMERA/Focal_species/Gulo gulo/BDF10-M6/DM/2016/COLOR/Robust marks/02.09-14.45/IMG_0586.JPG,IMG_0586.JPG,BDF10-M6_2016_201602091445_IMG_0586.jpg,0.8485446572303772,1086.5906982421875,1258.44775390625,246.31982421875,244.2491455078125,2048,1536,246,244
BDF10-M6,2016,201602091445,DM,1,/Volumes/Seagate Portable Drive/KYLE_AI_DATABASE/A_CAMERA/Focal_species/Gulo gulo/BDF10-M6/DM/2016/COLOR/Robust marks/02.09-14.45/IMG_0591.JPG,IMG_0591.JPG,BDF10-M6_2016_201602091445_IMG_0591.jpg,0.8675732016563416,612.466796875,665.9613647460938,415.0858154296875,592.1328735351562,2048,1536,415,592
BDF10-M6,2016,201602091445,DM,1,/Volumes/Seagate Portable Drive/KYLE_AI_DATABASE/A_CAMERA/Focal_species/Gulo gulo/BDF10-M6/DM/2016/COLOR/Robust marks/02.09-14.45/IMG_0592.JPG,IMG_0592.JPG,BDF10-M6_2016_201602091445_IMG_0592.jpg,0.9112973809242249,613.41162109375,545.157470703125,402.8590087890625,642.273681640625,2048,1536,402,642
BDF10-M6,2016,201602091445,DM,1,/Volumes/Seagate Portable Drive/KYLE_AI_DATABASE/A_CAMERA/Focal_species/Gulo gulo/BDF10-M6/DM/2016/COLOR/Robust marks/02.09-14.45/IMG_0593.JPG,IMG_0593.JPG,BDF10-M6_2016_201602091445_IMG_0593.jpg,0.9004382491111755,613.3895263671875,535.313232421875,476.869140625,688.258544921875,2048,1536,476,688
BDF10-M6,2016,201602091445,DM,1,/Volumes/Seagate Portable Drive/KYLE_AI_DATABASE/A_CAMERA/Focal_species/Gulo gulo/BDF10-M6/DM/2016/COLOR/Robust marks/02.09-14.45/IMG_0594.JPG,IMG_0594.JPG,BDF10-M6_2016_201602091445_IMG_0594.jpg,0.8800724744796753,614.7673950195312,368.1497802734375,379.126953125,893.236328125,2048,1536,379,893
BDF10-M6,2016,201602091445,DM,1,/Volumes/Seagate Portable Drive/KYLE_AI_DATABASE/A_CAMERA/Focal_species/Gulo gulo/BDF10-M6/DM/2016/COLOR/Robust marks/02.09-14.45/IMG_0595.JPG,IMG_0595.JPG,BDF10-M6_2016_201602091445_IMG_0595.jpg,0.8825782537460327,614.5043334960938,456.671630859375,380.8702392578125,796.399658203125,2048,1536,380,796
BDF10-M6,2016,201602091445,DM,1,/Volumes/Seagate Portable Drive/KYLE_AI_DATABASE/A_CAMERA/Focal_species/Gulo gulo/BDF10-M6/DM/2016/COLOR/Robust marks/02.09-14.45/IMG_0596.JPG,IMG_0596.JPG,BDF10-M6_2016_201602091445_IMG_0596.jpg,0.9232574105262756,611.1437377929688,462.834716796875,381.5654296875,770.189697265625,2048,1536,381,770
BDF10-M6,2016,201602091445,DM,1,/Volumes/Seagate Portable Drive/KYLE_AI_DATABASE/A_CAMERA/Focal_species/Gulo gulo/BDF10-M6/DM/2016/COLOR/Robust marks/02.09-14.45/IMG_0597.JPG,IMG_0597.JPG,BDF10-M6_2016_201602091445_IMG_0597.jpg,0.8769862651824951,612.5652465820312,382.8486328125,381.4830322265625,871.6475830078125,2048,1536,381,871
BDF10-M6,2016,201602091445,DM,1,/Volumes/Seagate Portable Drive/KYLE_AI_DATABASE/A_CAMERA/Focal_species/Gulo gulo/BDF10-M6/DM/2016/COLOR/Robust marks/02.09-14.45/IMG_0598.JPG,IMG_0598.JPG,BDF10-M6_2016_201602091445_IMG_0598.jpg,0.8255046010017395,613.0361938476562,442.77020263671875,391.0467529296875,801.1546020507812,2048,1536,391,801
BDF10-M6,2016,201602091445,DM,1,/Volumes/Seagate Portable Drive/KYLE_AI_DATABASE/A_CAMERA/Focal_species/Gulo gulo/BDF10-M6/DM/2016/COLOR/Robust marks/02.09-14.45/IMG_0599.JPG,IMG_0599.JPG,BDF10-M6_2016_201602091445_IMG_0599.jpg,0.9140569567680359,613.629638671875,472.7597351074219,379.505615234375,768.1953125,2048,1536,379,768
BDF10-M6,2016,201602091445,DM,1,/Volumes/Seagate Portable Drive/KYLE_AI_DATABASE/A_CAMERA/Focal_species/Gulo gulo/BDF10-M6/DM/2016/COLOR/Robust marks/02.09-14.45/IMG_0600.JPG,IMG_0600.JPG,BDF10-M6_2016_201602091445_IMG_0600.jpg,0.9000911116600037,613.7312622070312,412.23883056640625,381.2291259765625,849.7603149414062,2048,1536,381,849
BDF10-M6,2016,201602091445,DM,1,/Volumes/Seagate Portable Drive/KYLE_AI_DATABASE/A_CAMERA/Focal_species/Gulo gulo/BDF10-M6/DM/2016/COLOR/Robust marks/02.09-14.45/IMG_0601.JPG,IMG_0601.JPG,BDF10-M6_2016_201602091445_IMG_0601.jpg,0.8016527891159058,611.5963134765625,450.1856689453125,411.2821044921875,820.2259521484375,2048,1536,411,820
BDF10-M6,2016,201602091445,DM,1,/Volumes/Seagate Portable Drive/KYLE_AI_DATABASE/A_CAMERA/Focal_species/Gulo gulo/BDF10-M6/DM/2016/COLOR/Robust marks/02.09-14.45/IMG_0602.JPG,IMG_0602.JPG,BDF10-M6_2016_201602091445_IMG_0602.jpg,0.9205710291862488,615.15283203125,428.454345703125,416.240478515625,815.542724609375,2048,1536,416,815
BDF10-M6,2016,201602091445,DM,1,/Volumes/Seagate Portable Drive/KYLE_AI_DATABASE/A_CAMERA/Focal_species/Gulo gulo/BDF10-M6/DM/2016/COLOR/Robust marks/02.09-14.45/IMG_0603.JPG,IMG_0603.JPG,BDF10-M6_2016_201602091445_IMG_0603.jpg,0.9446436166763306,614.3506469726562,398.4134521484375,486.13092041015625,777.4315185546875,2048,1536,486,777
BDF10-M6,2016,201602091445,DM,1,/Volumes/Seagate Portable Drive/KYLE_AI_DATABASE/A_CAMERA/Focal_species/Gulo gulo/BDF10-M6/DM/2016/COLOR/Robust marks/02.09-14.45/IMG_0605.JPG,IMG_0605.JPG,BDF10-M6_2016_201602091445_IMG_0605.jpg,0.8102629780769348,613.6248779296875,322.4989013671875,395.1971435546875,875.8895263671875,2048,1536,395,875
BDF10-M6,2016,201602091445,DM,1,/Volumes/Seagate Portable Drive/KYLE_AI_DATABASE/A_CAMERA/Focal_species/Gulo gulo/BDF10-M6/DM/2016/COLOR/Robust marks/02.09-14.45/IMG_0606.JPG,IMG_0606.JPG,BDF10-M6_2016_201602091445_IMG_0606.jpg,0.8779680132865906,614.4530029296875,411.5138854980469,394.85009765625,765.547119140625,2048,1536,394,765
BDF10-M6,2016,201602091445,DM,1,/Volumes/Seagate Portable Drive/KYLE_AI_DATABASE/A_CAMERA/Focal_species/Gulo gulo/BDF10-M6/DM/2016/COLOR/Robust marks/02.09-14.45/IMG_0607.JPG,IMG_0607.JPG,BDF10-M6_2016_201602091445_IMG_0607.jpg,0.9360179901123047,612.8777465820312,409.3365783691406,427.46954345703125,764.326416015625,2048,1536,427,764
BDF10-M6,2016,201602091445,DM,1,/Volumes/Seagate Portable Drive/KYLE_AI_DATABASE/A_CAMERA/Focal_species/Gulo gulo/BDF10-M6/DM/2016/COLOR/Robust marks/02.09-14.45/IMG_0608.JPG,IMG_0608.JPG,BDF10-M6_2016_201602091445_IMG_0608.jpg,0.9436770081520081,613.6793212890625,319.8756408691406,426.0386962890625,853.6719970703125,2048,1536,426,853
BDF10-M6,2016,201602091445,DM,1,/Volumes/Seagate Portable Drive/KYLE_AI_DATABASE/A_CAMERA/Focal_species/Gulo gulo/BDF10-M6/DM/2016/COLOR/Robust marks/02.09-14.45/IMG_0609.JPG,IMG_0609.JPG,BDF10-M6_2016_201602091445_IMG_0609.jpg,0.8447661995887756,617.7567138671875,295.23358154296875,397.6024169921875,879.2429809570312,2048,1536,397,879
BDF10-M6,2016,201602091445,DM,1,/Volumes/Seagate Portable Drive/KYLE_AI_DATABASE/A_CAMERA/Focal_species/Gulo gulo/BDF10-M6/DM/2016/COLOR/Robust marks/02.09-14.45/IMG_0610.JPG,IMG_0610.JPG,BDF10-M6_2016_201602091445_IMG_0610.jpg,0.8220096230506897,639.3292236328125,328.2631530761719,383.563232421875,805.509521484375,2048,1536,383,805
BDF10-M6,2016,201602091445,DM,1,/Volumes/Seagate Portable Drive/KYLE_AI_DATABASE/A_CAMERA/Focal_species/Gulo gulo/BDF10-M6/DM/2016/COLOR/Robust marks/02.09-14.45/IMG_0613.JPG,IMG_0613.JPG,BDF10-M6_2016_201602091445_IMG_0613.jpg,0.9059743881225586,575.48779296875,206.149658203125,471.9801025390625,954.455078125,2048,1536,471,954
BDF10-M6,2016,201602091445,DM,1,/Volumes/Seagate Portable Drive/KYLE_AI_DATABASE/A_CAMERA/Focal_species/Gulo gulo/BDF10-M6/DM/2016/COLOR/Robust marks/02.09-14.45/IMG_0614.JPG,IMG_0614.JPG,BDF10-M6_2016_201602091445_IMG_0614.jpg,0.840589702129364,546.2926025390625,282.1334228515625,532.05078125,855.9384765625,2048,1536,532,855
BDF10-M6,2016,201602091445,DM,1,/Volumes/Seagate Portable Drive/KYLE_AI_DATABASE/A_CAMERA/Focal_species/Gulo gulo/BDF10-M6/DM/2016/COLOR/Robust marks/02.09-14.45/IMG_0615.JPG,IMG_0615.JPG,BDF10-M6_2016_201602091445_IMG_0615.jpg,0.9137535095214844,595.0775146484375,26.511154174804688,537.5828857421875,1150.7474365234375,2048,1536,537,1150
BDF10-M6,2016,201602091445,DM,1,/Volumes/Seagate Portable Drive/KYLE_AI_DATABASE/A_CAMERA/Focal_species/Gulo gulo/BDF10-M6/DM/2016/COLOR/Robust marks/02.09-14.45/IMG_0617.JPG,IMG_0617.JPG,BDF10-M6_2016_201602091445_IMG_0617.jpg,0.8786661624908447,352.8984680175781,111.62132263183594,583.5831298828125,894.9645385742188,2048,1536,583,894
BDF10-M6,2016,201602091445,DM,1,/Volumes/Seagate Portable Drive/KYLE_AI_DATABASE/A_CAMERA/Focal_species/Gulo gulo/BDF10-M6/DM/2016/COLOR/Robust marks/02.09-14.45/IMG_0618.JPG,IMG_0618.JPG,BDF10-M6_2016_201602091445_IMG_0618.jpg,0.8628135323524475,390.549560546875,140.98146057128906,494.1707763671875,990.61962890625,2048,1536,494,990
BDF10-M6,2016,201602091445,DM,1,/Volumes/Seagate Portable Drive/KYLE_AI_DATABASE/A_CAMERA/Focal_species/Gulo gulo/BDF10-M6/DM/2016/COLOR/Robust marks/02.09-14.45/IMG_0619.JPG,IMG_0619.JPG,BDF10-M6_2016_201602091445_IMG_0619.jpg,0.9033629894256592,431.68402099609375,152.56727600097656,467.76416015625,1002.1424560546875,2048,1536,467,1002
BDF10-M6,2016,201602091445,DM,1,/Volumes/Seagate Portable Drive/KYLE_AI_DATABASE/A_CAMERA/Focal_species/Gulo gulo/BDF10-M6/DM/2016/COLOR/Robust marks/02.09-14.45/IMG_0620.JPG,IMG_0620.JPG,BDF10-M6_2016_201602091445_IMG_0620.jpg,0.8684258460998535,389.1249084472656,122.71357727050781,530.5194091796875,995.5067749023438,2048,1536,530,995
BDF10-M6,2016,201602091445,DM,1,/Volumes/Seagate Portable Drive/KYLE_AI_DATABASE/A_CAMERA/Focal_species/Gulo gulo/BDF10-M6/DM/2016/COLOR/Robust marks/02.09-14.45/IMG_0621.JPG,IMG_0621.JPG,BDF10-M6_2016_201602091445_IMG_0621.jpg,0.8720354437828064,301.0887145996094,30.33563232421875,766.3394775390625,942.6985473632812,2048,1536,766,942
BDF10-M6,2016,201602091445,DM,1,/Volumes/Seagate Portable Drive/KYLE_AI_DATABASE/A_CAMERA/Focal_species/Gulo gulo/BDF10-M6/DM/2016/COLOR/Robust marks/02.09-14.45/IMG_0622.JPG,IMG_0622.JPG,BDF10-M6_2016_201602091445_IMG_0622.jpg,0.9322701692581177,318.12261962890625,56.46611022949219,693.2430419921875,998.6574096679688,2048,1536,693,998
BDF10-M6,2016,201602091445,DM,1,/Volumes/Seagate Portable Drive/KYLE_AI_DATABASE/A_CAMERA/Focal_species/Gulo gulo/BDF10-M6/DM/2016/COLOR/Robust marks/02.09-14.45/IMG_0623.JPG,IMG_0623.JPG,BDF10-M6_2016_201602091445_IMG_0623.jpg,0.9430193901062012,289.3425598144531,238.4890594482422,529.462646484375,801.5986938476562,2048,1536,529,801
BDF10-M6,2016,201602091445,DM,1,/Volumes/Seagate Portable Drive/KYLE_AI_DATABASE/A_CAMERA/Focal_species/Gulo gulo/BDF10-M6/DM/2016/COLOR/Robust marks/02.09-14.45/IMG_0624.JPG,IMG_0624.JPG,BDF10-M6_2016_201602091445_IMG_0624.jpg,0.9488334655761719,351.5936584472656,31.52783203125,618.9312744140625,1019.5673828125,2048,1536,618,1019
BDF10-M6,2016,201602091445,DM,1,/Volumes/Seagate Portable Drive/KYLE_AI_DATABASE/A_CAMERA/Focal_species/Gulo gulo/BDF10-M6/DM/2016/COLOR/Robust marks/02.09-14.45/IMG_0625.JPG,IMG_0625.JPG,BDF10-M6_2016_201602091445_IMG_0625.jpg,0.9095873832702637,427.63067626953125,265.19476318359375,480.6805419921875,798.5801391601562,2048,1536,480,798
BDF10-M6,2016,201602091445,DM,1,/Volumes/Seagate Portable Drive/KYLE_AI_DATABASE/A_CAMERA/Focal_species/Gulo gulo/BDF10-M6/DM/2016/COLOR/Robust marks/02.09-14.45/IMG_0626.JPG,IMG_0626.JPG,BDF10-M6_2016_201602091445_IMG_0626.jpg,0.9211421012878418,568.2341918945312,304.93701171875,637.5070190429688,692.1581420898438,2048,1536,637,692
BDF10-M6,2016,201602091445,DM,1,/Volumes/Seagate Portable Drive/KYLE_AI_DATABASE/A_CAMERA/Focal_species/Gulo gulo/BDF10-M6/DM/2016/COLOR/Robust marks/02.09-14.45/IMG_0628.JPG,IMG_0628.JPG,BDF10-M6_2016_201602091445_IMG_0628.jpg,0.8590673804283142,682.5916137695312,67.16390991210938,614.1412963867188,927.332763671875,2048,1536,614,927
BDF10-M6,2016,201602091445,DM,1,/Volumes/Seagate Portable Drive/KYLE_AI_DATABASE/A_CAMERA/Focal_species/Gulo gulo/BDF10-M6/DM/2016/COLOR/Robust marks/02.09-14.45/IMG_0629.JPG,IMG_0629.JPG,BDF10-M6_2016_201602091445_IMG_0629.jpg,0.9218388199806213,806.6061401367188,31.903106689453125,492.16412353515625,1049.5687255859375,2048,1536,492,1049
BDF10-M6,2016,201602091445,DM,1,/Volumes/Seagate Portable Drive/KYLE_AI_DATABASE/A_CAMERA/Focal_species/Gulo gulo/BDF10-M6/DM/2016/COLOR/Robust marks/02.09-14.45/IMG_0630.JPG,IMG_0630.JPG,BDF10-M6_2016_201602091445_IMG_0630.jpg,0.9070641398429871,683.4392700195312,31.376953125,616.4974975585938,1042.845458984375,2048,1536,616,1042
BDF10-M6,2016,201602091445,DM,1,/Volumes/Seagate Portable Drive/KYLE_AI_DATABASE/A_CAMERA/Focal_species/Gulo gulo/BDF10-M6/DM/2016/COLOR/Robust marks/02.09-14.45/IMG_0632.JPG,IMG_0632.JPG,BDF10-M6_2016_201602091445_IMG_0632.jpg,0.9449645280838013,690.9713134765625,31.42840576171875,666.42626953125,1089.037109375,2048,1536,666,1089
BDF10-M6,2016,201602091445,DM,1,/Volumes/Seagate Portable Drive/KYLE_AI_DATABASE/A_CAMERA/Focal_species/Gulo gulo/BDF10-M6/DM/2016/COLOR/Robust marks/02.09-14.45/IMG_0633.JPG,IMG_0633.JPG,BDF10-M6_2016_201602091445_IMG_0633.jpg,0.9516633749008179,706.77978515625,289.81072998046875,763.378173828125,872.0977172851562,2048,1536,763,872
BDF10-M6,2016,201602091445,DM,1,/Volumes/Seagate Portable Drive/KYLE_AI_DATABASE/A_CAMERA/Focal_species/Gulo gulo/BDF10-M6/DM/2016/COLOR/Robust marks/02.09-14.45/IMG_0634.JPG,IMG_0634.JPG,BDF10-M6_2016_201602091445_IMG_0634.jpg,0.8529714345932007,705.1412353515625,257.63427734375,594.6651611328125,951.9637451171875,2048,1536,594,951
BDF10-M6,2016,201602091445,DM,1,/Volumes/Seagate Portable Drive/KYLE_AI_DATABASE/A_CAMERA/Focal_species/Gulo gulo/BDF10-M6/DM/2016/COLOR/Robust marks/02.09-14.45/IMG_0635.JPG,IMG_0635.JPG,BDF10-M6_2016_201602091445_IMG_0635.jpg,0.8540120720863342,791.9847412109375,276.20550537109375,472.489990234375,938.4153442382812,2048,1536,472,938
BDF10-M6,2016,201602091445,DM,1,/Volumes/Seagate Portable Drive/KYLE_AI_DATABASE/A_CAMERA/Focal_species/Gulo gulo/BDF10-M6/DM/2016/COLOR/Robust marks/02.09-14.45/IMG_0636.JPG,IMG_0636.JPG,BDF10-M6_2016_201602091445_IMG_0636.jpg,0.9402976632118225,646.5784912109375,303.03094482421875,581.1558837890625,930.7538452148438,2048,1536,581,930
BDF10-M6,2016,201602091445,DM,1,/Volumes/Seagate Portable Drive/KYLE_AI_DATABASE/A_CAMERA/Focal_species/Gulo gulo/BDF10-M6/DM/2016/COLOR/Robust marks/02.09-14.45/IMG_0637.JPG,IMG_0637.JPG,BDF10-M6_2016_201602091445_IMG_0637.jpg,0.941643238067627,648.3967895507812,299.0089416503906,587.9476928710938,916.731689453125,2048,1536,587,916
BDF10-M6,2016,201602091445,DM,1,/Volumes/Seagate Portable Drive/KYLE_AI_DATABASE/A_CAMERA/Focal_species/Gulo gulo/BDF10-M6/DM/2016/COLOR/Robust marks/02.09-14.45/IMG_0638.JPG,IMG_0638.JPG,BDF10-M6_2016_201602091445_IMG_0638.jpg,0.8881632685661316,636.1593017578125,238.43545532226562,611.8876953125,985.6876220703125,2048,1536,611,985
BDF10-M6,2016,201602091445,DM,1,/Volumes/Seagate Portable Drive/KYLE_AI_DATABASE/A_CAMERA/Focal_species/Gulo gulo/BDF10-M6/DM/2016/COLOR/Robust marks/02.09-14.45/IMG_0639.JPG,IMG_0639.JPG,BDF10-M6_2016_201602091445_IMG_0639.jpg,0.9686444401741028,638.9515380859375,31.38336181640625,696.7747802734375,1139.8203125,2048,1536,696,1139
BDF10-M6,2016,201602091445,DM,1,/Volumes/Seagate Portable Drive/KYLE_AI_DATABASE/A_CAMERA/Focal_species/Gulo gulo/BDF10-M6/DM/2016/COLOR/Robust marks/02.09-14.45/IMG_0640.JPG,IMG_0640.JPG,BDF10-M6_2016_201602091445_IMG_0640.jpg,0.911134660243988,889.55322265625,280.4173278808594,583.67626953125,918.611083984375,2048,1536,583,918
BDF10-M6,2016,201602091445,DM,1,/Volumes/Seagate Portable Drive/KYLE_AI_DATABASE/A_CAMERA/Focal_species/Gulo gulo/BDF10-M6/DM/2016/COLOR/Robust marks/02.09-14.45/IMG_0642.JPG,IMG_0642.JPG,BDF10-M6_2016_201602091445_IMG_0642.jpg,0.921757161617279,748.8912353515625,30.333984375,555.575927734375,1100.2730712890625,2048,1536,555,1100
BDF10-M6,2016,201602091445,DM,1,/Volumes/Seagate Portable Drive/KYLE_AI_DATABASE/A_CAMERA/Focal_species/Gulo gulo/BDF10-M6/DM/2016/COLOR/Robust marks/02.09-14.45/IMG_0645.JPG,IMG_0645.JPG,BDF10-M6_2016_201602091445_IMG_0645.jpg,0.8896436095237732,903.016357421875,197.4254150390625,395.81103515625,982.8099365234375,2048,1536,395,982
BDF10-M6,2016,201602091445,DM,1,/Volumes/Seagate Portable Drive/KYLE_AI_DATABASE/A_CAMERA/Focal_species/Gulo gulo/BDF10-M6/DM/2016/COLOR/Robust marks/02.09-14.45/IMG_0646.JPG,IMG_0646.JPG,BDF10-M6_2016_201602091445_IMG_0646.jpg,0.8970712423324585,913.9838256835938,160.45028686523438,386.63970947265625,1013.02783203125,2048,1536,386,1013
BDF10-M6,2016,201602091445,DM,1,/Volumes/Seagate Portable Drive/KYLE_AI_DATABASE/A_CAMERA/Focal_species/Gulo gulo/BDF10-M6/DM/2016/COLOR/Robust marks/02.09-14.45/IMG_0654.JPG,IMG_0654.JPG,BDF10-M6_2016_201602091445_IMG_0654.jpg,0.8625719547271729,575.107666015625,391.9150390625,595.5235595703125,850.370849609375,2048,1536,595,850
BDF10-M6,2016,201602091445,DM,1,/Volumes/Seagate Portable Drive/KYLE_AI_DATABASE/A_CAMERA/Focal_species/Gulo gulo/BDF10-M6/DM/2016/COLOR/Robust marks/02.09-14.45/IMG_0655.JPG,IMG_0655.JPG,BDF10-M6_2016_201602091445_IMG_0655.jpg,0.8798860311508179,599.4931030273438,324.2518310546875,491.11041259765625,899.9549560546875,2048,1536,491,899
BDF10-M6,2016,201602091445,DM,1,/Volumes/Seagate Portable Drive/KYLE_AI_DATABASE/A_CAMERA/Focal_species/Gulo gulo/BDF10-M6/DM/2016/COLOR/Robust marks/02.09-14.45/IMG_0656.JPG,IMG_0656.JPG,BDF10-M6_2016_201602091445_IMG_0656.jpg,0.9287498593330383,561.5971069335938,323.37518310546875,607.8255004882812,910.2222290039062,2048,1536,607,910
BDF10-M6,2016,201602091445,DM,1,/Volumes/Seagate Portable Drive/KYLE_AI_DATABASE/A_CAMERA/Focal_species/Gulo gulo/BDF10-M6/DM/2016/COLOR/Robust marks/02.09-14.45/IMG_0657.JPG,IMG_0657.JPG,BDF10-M6_2016_201602091445_IMG_0657.jpg,0.9305679202079773,644.8218383789062,308.2474365234375,514.1625366210938,923.93701171875,2048,1536,514,923
BDF10-M6,2016,201602091445,DM,1,/Volumes/Seagate Portable Drive/KYLE_AI_DATABASE/A_CAMERA/Focal_species/Gulo gulo/BDF10-M6/DM/2016/COLOR/Robust marks/02.09-14.45/IMG_0658.JPG,IMG_0658.JPG,BDF10-M6_2016_201602091445_IMG_0658.jpg,0.9083492159843445,528.1297607421875,311.259765625,624.9671630859375,910.9007568359375,2048,1536,624,910
BDF10-M6,2016,201602091445,DM,1,/Volumes/Seagate Portable Drive/KYLE_AI_DATABASE/A_CAMERA/Focal_species/Gulo gulo/BDF10-M6/DM/2016/COLOR/Robust marks/02.09-14.45/IMG_0659.JPG,IMG_0659.JPG,BDF10-M6_2016_201602091445_IMG_0659.jpg,0.9164217710494995,578.8123779296875,363.6036071777344,595.374267578125,871.6524658203125,2048,1536,595,871
BDF10-M6,2016,201602091445,DM,1,/Volumes/Seagate Portable Drive/KYLE_AI_DATABASE/A_CAMERA/Focal_species/Gulo gulo/BDF10-M6/DM/2016/COLOR/Robust marks/02.09-14.45/IMG_0660.JPG,IMG_0660.JPG,BDF10-M6_2016_201602091445_IMG_0660.jpg,0.9231070876121521,644.0650024414062,305.6070556640625,551.6039428710938,928.3829345703125,2048,1536,551,928
BDF10-M6,2016,201602091445,DM,1,/Volumes/Seagate Portable Drive/KYLE_AI_DATABASE/A_CAMERA/Focal_species/Gulo gulo/BDF10-M6/DM/2016/COLOR/Robust marks/02.09-14.45/IMG_0661.JPG,IMG_0661.JPG,BDF10-M6_2016_201602091445_IMG_0661.jpg,0.9002901911735535,706.7926025390625,413.1468200683594,481.6903076171875,868.4498291015625,2048,1536,481,868
BDF10-M6,2016,201602091445,DM,1,/Volumes/Seagate Portable Drive/KYLE_AI_DATABASE/A_CAMERA/Focal_species/Gulo gulo/BDF10-M6/DM/2016/COLOR/Robust marks/02.09-14.45/IMG_0662.JPG,IMG_0662.JPG,BDF10-M6_2016_201602091445_IMG_0662.jpg,0.8776387572288513,688.6795654296875,436.5901794433594,498.7086181640625,841.384033203125,2048,1536,498,841
BDF10-M6,2016,201602091445,DM,1,/Volumes/Seagate Portable Drive/KYLE_AI_DATABASE/A_CAMERA/Focal_species/Gulo gulo/BDF10-M6/DM/2016/COLOR/Robust marks/02.09-14.45/IMG_0663.JPG,IMG_0663.JPG,BDF10-M6_2016_201602091445_IMG_0663.jpg,0.9052204489707947,647.5054931640625,394.2765197753906,504.763427734375,873.813232421875,2048,1536,504,873
BDF10-M6,2016,201602091445,DM,1,/Volumes/Seagate Portable Drive/KYLE_AI_DATABASE/A_CAMERA/Focal_species/Gulo gulo/BDF10-M6/DM/2016/COLOR/Robust marks/02.09-14.45/IMG_0664.JPG,IMG_0664.JPG,BDF10-M6_2016_201602091445_IMG_0664.jpg,0.9367274641990662,647.4998779296875,291.3132019042969,529.226806640625,966.353515625,2048,1536,529,966
BDF10-M6,2016,201602091445,DM,1,/Volumes/Seagate Portable Drive/KYLE_AI_DATABASE/A_CAMERA/Focal_species/Gulo gulo/BDF10-M6/DM/2016/COLOR/Robust marks/02.09-14.45/IMG_0665.JPG,IMG_0665.JPG,BDF10-M6_2016_201602091445_IMG_0665.jpg,0.8134682774543762,757.9777221679688,389.69097900390625,394.77838134765625,838.4921264648438,2048,1536,394,838
BDF10-M6,2016,201602091445,DM,1,/Volumes/Seagate Portable Drive/KYLE_AI_DATABASE/A_CAMERA/Focal_species/Gulo gulo/BDF10-M6/DM/2016/COLOR/Robust marks/02.09-14.45/IMG_0666.JPG,IMG_0666.JPG,BDF10-M6_2016_201602091445_IMG_0666.jpg,0.8627825975418091,649.4185180664062,356.4779052734375,439.95916748046875,869.0345458984375,2048,1536,439,869
BDF10-M6,2016,201602091445,DM,1,/Volumes/Seagate Portable Drive/KYLE_AI_DATABASE/A_CAMERA/Focal_species/Gulo gulo/BDF10-M6/DM/2016/COLOR/Robust marks/02.09-14.45/IMG_0667.JPG,IMG_0667.JPG,BDF10-M6_2016_201602091445_IMG_0667.jpg,0.8788554072380066,618.953369140625,399.95330810546875,542.4053955078125,846.3938598632812,2048,1536,542,846
BDF10-M6,2016,201602091445,DM,1,/Volumes/Seagate Portable Drive/KYLE_AI_DATABASE/A_CAMERA/Focal_species/Gulo gulo/BDF10-M6/DM/2016/COLOR/Robust marks/02.09-14.45/IMG_0668.JPG,IMG_0668.JPG,BDF10-M6_2016_201602091445_IMG_0668.jpg,0.865950882434845,667.3531494140625,410.57171630859375,478.4854736328125,845.5381469726562,2048,1536,478,845
BDF10-M6,2016,201602091445,DM,1,/Volumes/Seagate Portable Drive/KYLE_AI_DATABASE/A_CAMERA/Focal_species/Gulo gulo/BDF10-M6/DM/2016/COLOR/Robust marks/02.09-14.45/IMG_0669.JPG,IMG_0669.JPG,BDF10-M6_2016_201602091445_IMG_0669.jpg,0.865382969379425,668.502685546875,394.6557312011719,419.5400390625,852.945556640625,2048,1536,419,852
BDF10-M6,2016,201602091445,DM,1,/Volumes/Seagate Portable Drive/KYLE_AI_DATABASE/A_CAMERA/Focal_species/Gulo gulo/BDF10-M6/DM/2016/COLOR/Robust marks/02.09-14.45/IMG_0670.JPG,IMG_0670.JPG,BDF10-M6_2016_201602091445_IMG_0670.jpg,0.9189204573631287,655.0428466796875,313.4613037109375,430.8284912109375,903.2532958984375,2048,1536,430,903
BDF10-M6,2016,201602091445,DM,1,/Volumes/Seagate Portable Drive/KYLE_AI_DATABASE/A_CAMERA/Focal_species/Gulo gulo/BDF10-M6/DM/2016/COLOR/Robust marks/02.09-14.45/IMG_0671.JPG,IMG_0671.JPG,BDF10-M6_2016_201602091445_IMG_0671.jpg,0.9187403321266174,641.103759765625,349.0082702636719,437.935546875,880.379150390625,2048,1536,437,880
BDF10-M6,2016,201602091445,DM,1,/Volumes/Seagate Portable Drive/KYLE_AI_DATABASE/A_CAMERA/Focal_species/Gulo gulo/BDF10-M6/DM/2016/COLOR/Robust marks/02.09-14.45/IMG_0672.JPG,IMG_0672.JPG,BDF10-M6_2016_201602091445_IMG_0672.jpg,0.909814178943634,658.66943359375,325.73529052734375,428.876708984375,883.5781860351562,2048,1536,428,883
BDF10-M6,2016,201602091445,DM,1,/Volumes/Seagate Portable Drive/KYLE_AI_DATABASE/A_CAMERA/Focal_species/Gulo gulo/BDF10-M6/DM/2016/COLOR/Robust marks/02.09-14.45/IMG_0673.JPG,IMG_0673.JPG,BDF10-M6_2016_201602091445_IMG_0673.jpg,0.853360652923584,704.270751953125,319.87200927734375,394.212890625,896.6585083007812,2048,1536,394,896
BDF10-M6,2016,201602091445,DM,1,/Volumes/Seagate Portable Drive/KYLE_AI_DATABASE/A_CAMERA/Focal_species/Gulo gulo/BDF10-M6/DM/2016/COLOR/Robust marks/02.09-14.45/IMG_0675.JPG,IMG_0675.JPG,BDF10-M6_2016_201602091445_IMG_0675.jpg,0.8654815554618835,726.5067138671875,442.866455078125,361.544677734375,792.058349609375,2048,1536,361,792
BDF10-M6,2016,201602091445,DM,1,/Volumes/Seagate Portable Drive/KYLE_AI_DATABASE/A_CAMERA/Focal_species/Gulo gulo/BDF10-M6/DM/2016/COLOR/Robust marks/02.09-14.45/IMG_0676.JPG,IMG_0676.JPG,BDF10-M6_2016_201602091445_IMG_0676.jpg,0.884174644947052,731.4483032226562,421.33795166015625,355.52606201171875,804.8798217773438,2048,1536,355,804
BDF10-M6,2016,201602091445,DM,1,/Volumes/Seagate Portable Drive/KYLE_AI_DATABASE/A_CAMERA/Focal_species/Gulo gulo/BDF10-M6/DM/2016/COLOR/Robust marks/02.09-14.45/IMG_0677.JPG,IMG_0677.JPG,BDF10-M6_2016_201602091445_IMG_0677.jpg,0.8782634735107422,729.5140380859375,449.01947021484375,358.275146484375,765.7827758789062,2048,1536,358,765
BDF10-M6,2016,201602091445,DM,1,/Volumes/Seagate Portable Drive/KYLE_AI_DATABASE/A_CAMERA/Focal_species/Gulo gulo/BDF10-M6/DM/2016/COLOR/Robust marks/02.09-14.45/IMG_0678.JPG,IMG_0678.JPG,BDF10-M6_2016_201602091445_IMG_0678.jpg,0.894144594669342,661.5477294921875,406.0379638671875,496.901611328125,845.175537109375,2048,1536,496,845
BDF10-M6,2016,201602091445,DM,1,/Volumes/Seagate Portable Drive/KYLE_AI_DATABASE/A_CAMERA/Focal_species/Gulo gulo/BDF10-M6/DM/2016/COLOR/Robust marks/02.09-14.45/IMG_0679.JPG,IMG_0679.JPG,BDF10-M6_2016_201602091445_IMG_0679.jpg,0.9171705842018127,718.4498901367188,416.44757080078125,368.21417236328125,812.2792358398438,2048,1536,368,812
BDF10-M6,2016,201602091445,DM,1,/Volumes/Seagate Portable Drive/KYLE_AI_DATABASE/A_CAMERA/Focal_species/Gulo gulo/BDF10-M6/DM/2016/COLOR/Robust marks/02.09-14.45/IMG_0680.JPG,IMG_0680.JPG,BDF10-M6_2016_201602091445_IMG_0680.jpg,0.9165332317352295,659.5064697265625,388.530029296875,427.864013671875,840.70556640625,2048,1536,427,840
BDF10-M6,2016,201602091445,DM,1,/Volumes/Seagate Portable Drive/KYLE_AI_DATABASE/A_CAMERA/Focal_species/Gulo gulo/BDF10-M6/DM/2016/COLOR/Robust marks/02.09-14.45/IMG_0681.JPG,IMG_0681.JPG,BDF10-M6_2016_201602091445_IMG_0681.jpg,0.8979000449180603,650.7884521484375,287.434814453125,548.033447265625,937.421875,2048,1536,548,937
BDF10-M6,2016,201602091445,DM,1,/Volumes/Seagate Portable Drive/KYLE_AI_DATABASE/A_CAMERA/Focal_species/Gulo gulo/BDF10-M6/DM/2016/COLOR/Robust marks/02.09-14.45/IMG_0682.JPG,IMG_0682.JPG,BDF10-M6_2016_201602091445_IMG_0682.jpg,0.9001510143280029,646.6866455078125,315.64208984375,532.1248779296875,912.058349609375,2048,1536,532,912
BDF10-M6,2016,201602091445,DM,1,/Volumes/Seagate Portable Drive/KYLE_AI_DATABASE/A_CAMERA/Focal_species/Gulo gulo/BDF10-M6/DM/2016/COLOR/Robust marks/02.09-14.45/IMG_0683.JPG,IMG_0683.JPG,BDF10-M6_2016_201602091445_IMG_0683.jpg,0.8556102514266968,632.8096923828125,338.28173828125,562.0360107421875,899.9013671875,2048,1536,562,899
BDF10-M6,2016,201602091445,DM,1,/Volumes/Seagate Portable Drive/KYLE_AI_DATABASE/A_CAMERA/Focal_species/Gulo gulo/BDF10-M6/DM/2016/COLOR/Robust marks/02.09-14.45/IMG_0684.JPG,IMG_0684.JPG,BDF10-M6_2016_201602091445_IMG_0684.jpg,0.9331452250480652,638.9992065429688,293.3467712402344,456.77813720703125,937.9241943359375,2048,1536,456,937
BDF10-M6,2016,201602091445,DM,1,/Volumes/Seagate Portable Drive/KYLE_AI_DATABASE/A_CAMERA/Focal_species/Gulo gulo/BDF10-M6/DM/2016/COLOR/Robust marks/02.09-14.45/IMG_0685.JPG,IMG_0685.JPG,BDF10-M6_2016_201602091445_IMG_0685.jpg,0.933801531791687,547.8856201171875,327.66119384765625,546.79931640625,924.5805053710938,2048,1536,546,924
BDF10-M6,2016,201602091445,DM,1,/Volumes/Seagate Portable Drive/KYLE_AI_DATABASE/A_CAMERA/Focal_species/Gulo gulo/BDF10-M6/DM/2016/COLOR/Robust marks/02.09-14.45/IMG_0686.JPG,IMG_0686.JPG,BDF10-M6_2016_201602091445_IMG_0686.jpg,0.9486221671104431,632.41552734375,32.324432373046875,526.586181640625,1169.080078125,2048,1536,526,1169
BDF10-M6,2016,201602091445,DM,1,/Volumes/Seagate Portable Drive/KYLE_AI_DATABASE/A_CAMERA/Focal_species/Gulo gulo/BDF10-M6/DM/2016/COLOR/Robust marks/02.09-14.45/IMG_0687.JPG,IMG_0687.JPG,BDF10-M6_2016_201602091445_IMG_0687.jpg,0.8560301065444946,642.63134765625,322.3277587890625,463.8369140625,931.2696533203125,2048,1536,463,931
BDF10-M6,2016,201602091445,DM,1,/Volumes/Seagate Portable Drive/KYLE_AI_DATABASE/A_CAMERA/Focal_species/Gulo gulo/BDF10-M6/DM/2016/COLOR/Robust marks/02.09-14.45/IMG_0688.JPG,IMG_0688.JPG,BDF10-M6_2016_201602091445_IMG_0688.jpg,0.9123640656471252,664.7322998046875,293.44781494140625,506.6749267578125,933.3790893554688,2048,1536,506,933
BDF10-M6,2016,201602091445,DM,1,/Volumes/Seagate Portable Drive/KYLE_AI_DATABASE/A_CAMERA/Focal_species/Gulo gulo/BDF10-M6/DM/2016/COLOR/Robust marks/02.09-14.45/IMG_0689.JPG,IMG_0689.JPG,BDF10-M6_2016_201602091445_IMG_0689.jpg,0.8602038621902466,657.7384033203125,297.3251037597656,481.36865234375,927.4981689453125,2048,1536,481,927
BDF10-M6,2016,201602091445,DM,1,/Volumes/Seagate Portable Drive/KYLE_AI_DATABASE/A_CAMERA/Focal_species/Gulo gulo/BDF10-M6/DM/2016/COLOR/Robust marks/02.09-14.45/IMG_0690.JPG,IMG_0690.JPG,BDF10-M6_2016_201602091445_IMG_0690.jpg,0.8540322780609131,805.5658569335938,295.517578125,391.45660400390625,824.719482421875,2048,1536,391,824
BDF10-M6,2016,201602091445,DM,1,/Volumes/Seagate Portable Drive/KYLE_AI_DATABASE/A_CAMERA/Focal_species/Gulo gulo/BDF10-M6/DM/2016/COLOR/Robust marks/02.09-14.45/IMG_0691.JPG,IMG_0691.JPG,BDF10-M6_2016_201602091445_IMG_0691.jpg,0.9307996034622192,648.73779296875,314.7413330078125,609.5916748046875,824.0093994140625,2048,1536,609,824
BDF10-M6,2016,201602091445,DM,1,/Volumes/Seagate Portable Drive/KYLE_AI_DATABASE/A_CAMERA/Focal_species/Gulo gulo/BDF10-M6/DM/2016/COLOR/Robust marks/02.09-14.45/IMG_0692.JPG,IMG_0692.JPG,BDF10-M6_2016_201602091445_IMG_0692.jpg,0.9225826859474182,656.2918701171875,311.289794921875,571.6475830078125,823.292236328125,2048,1536,571,823
BDF10-M6,2016,201602091445,DM,1,/Volumes/Seagate Portable Drive/KYLE_AI_DATABASE/A_CAMERA/Focal_species/Gulo gulo/BDF10-M6/DM/2016/COLOR/Robust marks/02.09-14.45/IMG_0693.JPG,IMG_0693.JPG,BDF10-M6_2016_201602091445_IMG_0693.jpg,0.9271659255027771,640.37109375,296.72418212890625,591.5411376953125,847.2063598632812,2048,1536,591,847
BDF10-M6,2016,201602091445,DM,1,/Volumes/Seagate Portable Drive/KYLE_AI_DATABASE/A_CAMERA/Focal_species/Gulo gulo/BDF10-M6/DM/2016/COLOR/Robust marks/02.09-14.45/IMG_0694.JPG,IMG_0694.JPG,BDF10-M6_2016_201602091445_IMG_0694.jpg,0.9219237565994263,564.0162963867188,284.8618469238281,674.5227661132812,902.3524169921875,2048,1536,674,902
BDF10-M6,2016,201602091445,DM,1,/Volumes/Seagate Portable Drive/KYLE_AI_DATABASE/A_CAMERA/Focal_species/Gulo gulo/BDF10-M6/DM/2016/COLOR/Robust marks/02.09-14.45/IMG_0695.JPG,IMG_0695.JPG,BDF10-M6_2016_201602091445_IMG_0695.jpg,0.9196140170097351,558.14501953125,282.95062255859375,673.3602294921875,865.6680297851562,2048,1536,673,865
BDF10-M6,2016,201602091445,DM,1,/Volumes/Seagate Portable Drive/KYLE_AI_DATABASE/A_CAMERA/Focal_species/Gulo gulo/BDF10-M6/DM/2016/COLOR/Robust marks/02.09-14.45/IMG_0696.JPG,IMG_0696.JPG,BDF10-M6_2016_201602091445_IMG_0696.jpg,0.9346600770950317,549.0706787109375,289.9991455078125,680.8477783203125,857.2249755859375,2048,1536,680,857
BDF10-M6,2016,201602091445,DM,1,/Volumes/Seagate Portable Drive/KYLE_AI_DATABASE/A_CAMERA/Focal_species/Gulo gulo/BDF10-M6/DM/2016/COLOR/Robust marks/02.09-14.45/IMG_0697.JPG,IMG_0697.JPG,BDF10-M6_2016_201602091445_IMG_0697.jpg,0.936310887336731,543.4906005859375,351.06903076171875,684.4012451171875,830.9370727539062,2048,1536,684,830
BDF10-M6,2016,201602091445,DM,1,/Volumes/Seagate Portable Drive/KYLE_AI_DATABASE/A_CAMERA/Focal_species/Gulo gulo/BDF10-M6/DM/2016/COLOR/Robust marks/02.09-14.45/IMG_0698.JPG,IMG_0698.JPG,BDF10-M6_2016_201602091445_IMG_0698.jpg,0.9490583539009094,631.8936767578125,296.12860107421875,598.392578125,856.0831909179688,2048,1536,598,856
BDF10-M6,2016,201602091445,DM,1,/Volumes/Seagate Portable Drive/KYLE_AI_DATABASE/A_CAMERA/Focal_species/Gulo gulo/BDF10-M6/DM/2016/COLOR/Robust marks/02.09-14.45/IMG_0699.JPG,IMG_0699.JPG,BDF10-M6_2016_201602091445_IMG_0699.jpg,0.9591225981712341,641.8523559570312,289.9747009277344,612.1979370117188,860.6986083984375,2048,1536,612,860
BDF10-M6,2016,201602091445,DM,1,/Volumes/Seagate Portable Drive/KYLE_AI_DATABASE/A_CAMERA/Focal_species/Gulo gulo/BDF10-M6/DM/2016/COLOR/Robust marks/02.09-14.45/IMG_0700.JPG,IMG_0700.JPG,BDF10-M6_2016_201602091445_IMG_0700.jpg,0.950072169303894,750.1366577148438,359.8633117675781,521.7695922851562,894.1959228515625,2048,1536,521,894
BDF10-M6,2016,201602091445,DM,1,/Volumes/Seagate Portable Drive/KYLE_AI_DATABASE/A_CAMERA/Focal_species/Gulo gulo/BDF10-M6/DM/2016/COLOR/Robust marks/02.09-14.45/IMG_0701.JPG,IMG_0701.JPG,BDF10-M6_2016_201602091445_IMG_0701.jpg,0.9322692155838013,734.4755859375,306.9183349609375,568.450927734375,942.0640869140625,2048,1536,568,942
BDF10-M6,2016,201602091445,DM,1,/Volumes/Seagate Portable Drive/KYLE_AI_DATABASE/A_CAMERA/Focal_species/Gulo gulo/BDF10-M6/DM/2016/COLOR/Robust marks/02.09-14.45/IMG_0702.JPG,IMG_0702.JPG,BDF10-M6_2016_201602091445_IMG_0702.jpg,0.9321893453598022,750.1620483398438,317.9548645019531,591.0952758789062,890.4390869140625,2048,1536,591,890
BDF10-M6,2016,201602091445,DM,1,/Volumes/Seagate Portable Drive/KYLE_AI_DATABASE/A_CAMERA/Focal_species/Gulo gulo/BDF10-M6/DM/2016/COLOR/Robust marks/02.09-14.45/IMG_0703.JPG,IMG_0703.JPG,BDF10-M6_2016_201602091445_IMG_0703.jpg,0.9375288486480713,730.1107177734375,428.1473693847656,540.6676025390625,845.6103515625,2048,1536,540,845
BDF10-M6,2016,201602091445,DM,1,/Volumes/Seagate Portable Drive/KYLE_AI_DATABASE/A_CAMERA/Focal_species/Gulo gulo/BDF10-M6/DM/2016/COLOR/Robust marks/02.09-14.45/IMG_0704.JPG,IMG_0704.JPG,BDF10-M6_2016_201602091445_IMG_0704.jpg,0.9334632754325867,782.4163818359375,409.11798095703125,469.0653076171875,875.3265991210938,2048,1536,469,875
BDF10-M6,2016,201602091445,DM,1,/Volumes/Seagate Portable Drive/KYLE_AI_DATABASE/A_CAMERA/Focal_species/Gulo gulo/BDF10-M6/DM/2016/COLOR/Robust marks/02.09-14.45/IMG_0705.JPG,IMG_0705.JPG,BDF10-M6_2016_201602091445_IMG_0705.jpg,0.9336630702018738,697.1884155273438,315.5965576171875,559.2754516601562,971.1558837890625,2048,1536,559,971
BDF10-M6,2016,201602091445,DM,1,/Volumes/Seagate Portable Drive/KYLE_AI_DATABASE/A_CAMERA/Focal_species/Gulo gulo/BDF10-M6/DM/2016/COLOR/Robust marks/02.09-14.45/IMG_0706.JPG,IMG_0706.JPG,BDF10-M6_2016_201602091445_IMG_0706.jpg,0.9495453238487244,679.1527099609375,416.0418701171875,566.432373046875,860.0089111328125,2048,1536,566,860
BDF10-M6,2016,201602091445,DM,1,/Volumes/Seagate Portable Drive/KYLE_AI_DATABASE/A_CAMERA/Focal_species/Gulo gulo/BDF10-M6/DM/2016/COLOR/Robust marks/02.09-14.45/IMG_0707.JPG,IMG_0707.JPG,BDF10-M6_2016_201602091445_IMG_0707.jpg,0.9456604719161987,674.5745849609375,307.7257080078125,569.33935546875,949.6453857421875,2048,1536,569,949
BDF10-M6,2016,201602091445,DM,1,/Volumes/Seagate Portable Drive/KYLE_AI_DATABASE/A_CAMERA/Focal_species/Gulo gulo/BDF10-M6/DM/2016/COLOR/Robust marks/02.09-14.45/IMG_0708.JPG,IMG_0708.JPG,BDF10-M6_2016_201602091445_IMG_0708.jpg,0.9505053758621216,639.1768798828125,299.1512145996094,614.253662109375,890.27294921875,2048,1536,614,890
BDF10-M6,2016,201602091445,DM,1,/Volumes/Seagate Portable Drive/KYLE_AI_DATABASE/A_CAMERA/Focal_species/Gulo gulo/BDF10-M6/DM/2016/COLOR/Robust marks/02.09-14.45/IMG_0709.JPG,IMG_0709.JPG,BDF10-M6_2016_201602091445_IMG_0709.jpg,0.9548541903495789,717.1495361328125,378.1121826171875,533.0244140625,892.6199951171875,2048,1536,533,892
BDF10-M6,2016,201602091445,DM,1,/Volumes/Seagate Portable Drive/KYLE_AI_DATABASE/A_CAMERA/Focal_species/Gulo gulo/BDF10-M6/DM/2016/COLOR/Robust marks/02.09-14.45/IMG_0710.JPG,IMG_0710.JPG,BDF10-M6_2016_201602091445_IMG_0710.jpg,0.9555249214172363,647.2160034179688,390.30352783203125,597.2285766601562,884.4562377929688,2048,1536,597,884
BDF10-M6,2016,201602091445,DM,1,/Volumes/Seagate Portable Drive/KYLE_AI_DATABASE/A_CAMERA/Focal_species/Gulo gulo/BDF10-M6/DM/2016/COLOR/Robust marks/02.09-14.45/IMG_0711.JPG,IMG_0711.JPG,BDF10-M6_2016_201602091445_IMG_0711.jpg,0.9185079336166382,640.15087890625,426.2042236328125,590.9180908203125,919.709228515625,2048,1536,590,919
BDF10-M6,2016,201602091445,DM,1,/Volumes/Seagate Portable Drive/KYLE_AI_DATABASE/A_CAMERA/Focal_species/Gulo gulo/BDF10-M6/DM/2016/COLOR/Robust marks/02.09-14.45/IMG_0712.JPG,IMG_0712.JPG,BDF10-M6_2016_201602091445_IMG_0712.jpg,0.9520007371902466,625.388671875,495.345947265625,601.6282958984375,836.068115234375,2048,1536,601,836
BDF10-M6,2016,201602091445,DM,1,/Volumes/Seagate Portable Drive/KYLE_AI_DATABASE/A_CAMERA/Focal_species/Gulo gulo/BDF10-M6/DM/2016/COLOR/Robust marks/02.09-14.45/IMG_0713.JPG,IMG_0713.JPG,BDF10-M6_2016_201602091445_IMG_0713.jpg,0.936229944229126,638.1947631835938,473.7347412109375,581.9536743164062,876.9901123046875,2048,1536,581,876
BDF10-M6,2016,201602091445,DM,1,/Volumes/Seagate Portable Drive/KYLE_AI_DATABASE/A_CAMERA/Focal_species/Gulo gulo/BDF10-M6/DM/2016/COLOR/Robust marks/02.09-14.45/IMG_0714.JPG,IMG_0714.JPG,BDF10-M6_2016_201602091445_IMG_0714.jpg,0.9355632066726685,633.3765869140625,481.36572265625,588.443359375,850.04296875,2048,1536,588,850
BDF10-M6,2016,201602091445,DM,1,/Volumes/Seagate Portable Drive/KYLE_AI_DATABASE/A_CAMERA/Focal_species/Gulo gulo/BDF10-M6/DM/2016/COLOR/Robust marks/02.09-14.45/IMG_0715.JPG,IMG_0715.JPG,BDF10-M6_2016_201602091445_IMG_0715.jpg,0.942692756652832,639.1472778320312,480.77386474609375,582.2160034179688,858.4890747070312,2048,1536,582,858
BDF10-M6,2016,201602091445,DM,1,/Volumes/Seagate Portable Drive/KYLE_AI_DATABASE/A_CAMERA/Focal_species/Gulo gulo/BDF10-M6/DM/2016/COLOR/Robust marks/02.09-14.45/IMG_0716.JPG,IMG_0716.JPG,BDF10-M6_2016_201602091445_IMG_0716.jpg,0.8945908546447754,559.4539184570312,353.9930419921875,638.1159057617188,930.9249267578125,2048,1536,638,930
BDF10-M6,2016,201602091445,DM,1,/Volumes/Seagate Portable Drive/KYLE_AI_DATABASE/A_CAMERA/Focal_species/Gulo gulo/BDF10-M6/DM/2016/COLOR/Robust marks/02.09-14.45/IMG_0717.JPG,IMG_0717.JPG,BDF10-M6_2016_201602091445_IMG_0717.jpg,0.9256599545478821,552.2027587890625,288.8204345703125,668.5177001953125,865.2020263671875,2048,1536,668,865
BDF10-M6,2016,201602091445,DM,1,/Volumes/Seagate Portable Drive/KYLE_AI_DATABASE/A_CAMERA/Focal_species/Gulo gulo/BDF10-M6/DM/2016/COLOR/Robust marks/02.09-14.45/IMG_0718.JPG,IMG_0718.JPG,BDF10-M6_2016_201602091445_IMG_0718.jpg,0.9427693486213684,636.24462890625,307.55706787109375,579.45166015625,960.8943481445312,2048,1536,579,960
BDF10-M6,2016,201602091445,DM,1,/Volumes/Seagate Portable Drive/KYLE_AI_DATABASE/A_CAMERA/Focal_species/Gulo gulo/BDF10-M6/DM/2016/COLOR/Robust marks/02.09-14.45/IMG_0719.JPG,IMG_0719.JPG,BDF10-M6_2016_201602091445_IMG_0719.jpg,0.9493172764778137,641.3524169921875,306.11541748046875,578.9228515625,899.5554809570312,2048,1536,578,899
BDF10-M6,2016,201602091445,DM,1,/Volumes/Seagate Portable Drive/KYLE_AI_DATABASE/A_CAMERA/Focal_species/Gulo gulo/BDF10-M6/DM/2016/COLOR/Robust marks/02.09-14.45/IMG_0720.JPG,IMG_0720.JPG,BDF10-M6_2016_201602091445_IMG_0720.jpg,0.9463042616844177,635.6387329101562,305.7501525878906,568.0424194335938,896.5977783203125,2048,1536,568,896
BDF10-M6,2016,201602091445,DM,1,/Volumes/Seagate Portable Drive/KYLE_AI_DATABASE/A_CAMERA/Focal_species/Gulo gulo/BDF10-M6/DM/2016/COLOR/Robust marks/02.09-14.45/IMG_0721.JPG,IMG_0721.JPG,BDF10-M6_2016_201602091445_IMG_0721.jpg,0.8181989192962646,550.0093994140625,419.2601318359375,615.414306640625,823.8499755859375,2048,1536,615,823
BDF10-M6,2016,201602091445,DM,1,/Volumes/Seagate Portable Drive/KYLE_AI_DATABASE/A_CAMERA/Focal_species/Gulo gulo/BDF10-M6/DM/2016/COLOR/Robust marks/02.09-14.45/IMG_0722.JPG,IMG_0722.JPG,BDF10-M6_2016_201602091445_IMG_0722.jpg,0.9093005061149597,513.949951171875,376.0077209472656,672.789306640625,807.861328125,2048,1536,672,807
BDF10-M6,2016,201602091445,DM,1,/Volumes/Seagate Portable Drive/KYLE_AI_DATABASE/A_CAMERA/Focal_species/Gulo gulo/BDF10-M6/DM/2016/COLOR/Robust marks/02.09-14.45/IMG_0723.JPG,IMG_0723.JPG,BDF10-M6_2016_201602091445_IMG_0723.jpg,0.9410499930381775,542.7137451171875,312.0476989746094,642.759521484375,875.2313232421875,2048,1536,642,875
BDF10-M6,2016,201602091445,DM,1,/Volumes/Seagate Portable Drive/KYLE_AI_DATABASE/A_CAMERA/Focal_species/Gulo gulo/BDF10-M6/DM/2016/COLOR/Robust marks/02.09-14.45/IMG_0724.JPG,IMG_0724.JPG,BDF10-M6_2016_201602091445_IMG_0724.jpg,0.9505767822265625,546.21728515625,310.15069580078125,645.943115234375,823.4013061523438,2048,1536,645,823
BDF10-M6,2016,201602091445,DM,1,/Volumes/Seagate Portable Drive/KYLE_AI_DATABASE/A_CAMERA/Focal_species/Gulo gulo/BDF10-M6/DM/2016/COLOR/Robust marks/02.09-14.45/IMG_0725.JPG,IMG_0725.JPG,BDF10-M6_2016_201602091445_IMG_0725.jpg,0.9383786916732788,679.1005859375,300.3026123046875,586.0162353515625,918.0362548828125,2048,1536,586,918
BDF10-M6,2016,201602091445,DM,1,/Volumes/Seagate Portable Drive/KYLE_AI_DATABASE/A_CAMERA/Focal_species/Gulo gulo/BDF10-M6/DM/2016/COLOR/Robust marks/02.09-14.45/IMG_0726.JPG,IMG_0726.JPG,BDF10-M6_2016_201602091445_IMG_0726.jpg,0.9275798201560974,766.9291381835938,378.5836486816406,423.21881103515625,842.50732421875,2048,1536,423,842
BDF10-M6,2016,201602091445,DM,1,/Volumes/Seagate Portable Drive/KYLE_AI_DATABASE/A_CAMERA/Focal_species/Gulo gulo/BDF10-M6/DM/2016/COLOR/Robust marks/02.09-14.45/IMG_0727.JPG,IMG_0727.JPG,BDF10-M6_2016_201602091445_IMG_0727.jpg,0.9408191442489624,605.8163452148438,311.2183837890625,601.7849731445312,847.54736328125,2048,1536,601,847
BDF10-M6,2016,201602091445,DM,1,/Volumes/Seagate Portable Drive/KYLE_AI_DATABASE/A_CAMERA/Focal_species/Gulo gulo/BDF10-M6/DM/2016/COLOR/Robust marks/02.09-14.45/IMG_0728.JPG,IMG_0728.JPG,BDF10-M6_2016_201602091445_IMG_0728.jpg,0.9137533903121948,627.14892578125,321.3828125,572.0804443359375,891.112060546875,2048,1536,572,891
BDF10-M6,2016,201602091445,DM,1,/Volumes/Seagate Portable Drive/KYLE_AI_DATABASE/A_CAMERA/Focal_species/Gulo gulo/BDF10-M6/DM/2016/COLOR/Robust marks/02.09-14.45/IMG_0729.JPG,IMG_0729.JPG,BDF10-M6_2016_201602091445_IMG_0729.jpg,0.8978402614593506,618.70361328125,342.36041259765625,571.327392578125,874.4882202148438,2048,1536,571,874
BDF10-M6,2016,201602091445,DM,1,/Volumes/Seagate Portable Drive/KYLE_AI_DATABASE/A_CAMERA/Focal_species/Gulo gulo/BDF10-M6/DM/2016/COLOR/Robust marks/02.09-14.45/IMG_0730.JPG,IMG_0730.JPG,BDF10-M6_2016_201602091445_IMG_0730.jpg,0.935583770275116,625.3018798828125,314.30975341796875,571.04443359375,896.4148559570312,2048,1536,571,896
BDF10-M6,2016,201602091445,DM,1,/Volumes/Seagate Portable Drive/KYLE_AI_DATABASE/A_CAMERA/Focal_species/Gulo gulo/BDF10-M6/DM/2016/COLOR/Robust marks/02.09-14.45/IMG_0731.JPG,IMG_0731.JPG,BDF10-M6_2016_201602091445_IMG_0731.jpg,0.9519924521446228,644.0806884765625,338.21514892578125,597.128662109375,913.5719604492188,2048,1536,597,913
BDF10-M6,2016,201602091445,DM,1,/Volumes/Seagate Portable Drive/KYLE_AI_DATABASE/A_CAMERA/Focal_species/Gulo gulo/BDF10-M6/DM/2016/COLOR/Robust marks/02.09-14.45/IMG_0732.JPG,IMG_0732.JPG,BDF10-M6_2016_201602091445_IMG_0732.jpg,0.9103081822395325,705.6259765625,314.224365234375,513.9427490234375,965.1690673828125,2048,1536,513,965
BDF10-M6,2016,201602091445,DM,1,/Volumes/Seagate Portable Drive/KYLE_AI_DATABASE/A_CAMERA/Focal_species/Gulo gulo/BDF10-M6/DM/2016/COLOR/Robust marks/02.09-14.45/IMG_0733.JPG,IMG_0733.JPG,BDF10-M6_2016_201602091445_IMG_0733.jpg,0.9193094968795776,638.6007690429688,326.98651123046875,540.2481079101562,885.7990112304688,2048,1536,540,885
BDF10-M6,2016,201602091445,DM,1,/Volumes/Seagate Portable Drive/KYLE_AI_DATABASE/A_CAMERA/Focal_species/Gulo gulo/BDF10-M6/DM/2016/COLOR/Robust marks/02.09-14.45/IMG_0734.JPG,IMG_0734.JPG,BDF10-M6_2016_201602091445_IMG_0734.jpg,0.9290469288825989,638.7095947265625,289.96063232421875,553.3929443359375,928.9351196289062,2048,1536,553,928
BDF10-M6,2016,201602091445,DM,1,/Volumes/Seagate Portable Drive/KYLE_AI_DATABASE/A_CAMERA/Focal_species/Gulo gulo/BDF10-M6/DM/2016/COLOR/Robust marks/02.09-14.45/IMG_0735.JPG,IMG_0735.JPG,BDF10-M6_2016_201602091445_IMG_0735.jpg,0.8836498260498047,634.15966796875,332.6746826171875,557.9515380859375,890.6810302734375,2048,1536,557,890
BDF10-M6,2016,201602091445,DM,1,/Volumes/Seagate Portable Drive/KYLE_AI_DATABASE/A_CAMERA/Focal_species/Gulo gulo/BDF10-M6/DM/2016/COLOR/Robust marks/02.09-14.45/IMG_0736.JPG,IMG_0736.JPG,BDF10-M6_2016_201602091445_IMG_0736.jpg,0.9481176137924194,643.85595703125,335.10260009765625,549.209228515625,875.1752319335938,2048,1536,549,875
BDF10-M6,2016,201602091445,DM,1,/Volumes/Seagate Portable Drive/KYLE_AI_DATABASE/A_CAMERA/Focal_species/Gulo gulo/BDF10-M6/DM/2016/COLOR/Robust marks/02.09-14.45/IMG_0737.JPG,IMG_0737.JPG,BDF10-M6_2016_201602091445_IMG_0737.jpg,0.8512319922447205,686.0875244140625,315.59619140625,530.587646484375,898.1197509765625,2048,1536,530,898
BDF10-M6,2016,201602091445,DM,1,/Volumes/Seagate Portable Drive/KYLE_AI_DATABASE/A_CAMERA/Focal_species/Gulo gulo/BDF10-M6/DM/2016/COLOR/Robust marks/02.09-14.45/IMG_0738.JPG,IMG_0738.JPG,BDF10-M6_2016_201602091445_IMG_0738.jpg,0.9388473033905029,626.591064453125,314.2409362792969,605.6705322265625,859.280517578125,2048,1536,605,859
BDF10-M6,2016,201602091445,DM,1,/Volumes/Seagate Portable Drive/KYLE_AI_DATABASE/A_CAMERA/Focal_species/Gulo gulo/BDF10-M6/DM/2016/COLOR/Robust marks/02.09-14.45/IMG_0739.JPG,IMG_0739.JPG,BDF10-M6_2016_201602091445_IMG_0739.jpg,0.9404988288879395,629.860107421875,356.3670959472656,578.296142578125,878.909912109375,2048,1536,578,878
BDF10-M6,2016,201602091445,DM,1,/Volumes/Seagate Portable Drive/KYLE_AI_DATABASE/A_CAMERA/Focal_species/Gulo gulo/BDF10-M6/DM/2016/COLOR/Robust marks/02.09-14.45/IMG_0740.JPG,IMG_0740.JPG,BDF10-M6_2016_201602091445_IMG_0740.jpg,0.9434637427330017,626.800048828125,371.57733154296875,596.0355224609375,854.1604614257812,2048,1536,596,854
BDF10-M6,2016,201602091445,DM,1,/Volumes/Seagate Portable Drive/KYLE_AI_DATABASE/A_CAMERA/Focal_species/Gulo gulo/BDF10-M6/DM/2016/COLOR/Robust marks/02.09-14.45/IMG_0741.JPG,IMG_0741.JPG,BDF10-M6_2016_201602091445_IMG_0741.jpg,0.9180629253387451,779.1632080078125,299.08349609375,539.159912109375,1025.54931640625,2048,1536,539,1025
BDF10-M6,2016,201602091445,DM,1,/Volumes/Seagate Portable Drive/KYLE_AI_DATABASE/A_CAMERA/Focal_species/Gulo gulo/BDF10-M6/DM/2016/COLOR/Robust marks/02.09-14.45/IMG_0742.JPG,IMG_0742.JPG,BDF10-M6_2016_201602091445_IMG_0742.jpg,0.9030247926712036,725.4618530273438,295.2850341796875,537.2988891601562,1002.5550537109375,2048,1536,537,1002
BDF10-M6,2016,201602091445,DM,1,/Volumes/Seagate Portable Drive/KYLE_AI_DATABASE/A_CAMERA/Focal_species/Gulo gulo/BDF10-M6/DM/2016/COLOR/Robust marks/02.09-14.45/IMG_0743.JPG,IMG_0743.JPG,BDF10-M6_2016_201602091445_IMG_0743.jpg,0.932928204536438,648.3199462890625,317.3398132324219,564.388427734375,885.3094482421875,2048,1536,564,885
BDF10-M6,2016,201602091445,DM,1,/Volumes/Seagate Portable Drive/KYLE_AI_DATABASE/A_CAMERA/Focal_species/Gulo gulo/BDF10-M6/DM/2016/COLOR/Robust marks/02.09-14.45/IMG_0744.JPG,IMG_0744.JPG,BDF10-M6_2016_201602091445_IMG_0744.jpg,0.9142220616340637,800.6670532226562,391.173828125,457.46588134765625,884.93603515625,2048,1536,457,884
BDF10-M6,2016,201602091445,DM,1,/Volumes/Seagate Portable Drive/KYLE_AI_DATABASE/A_CAMERA/Focal_species/Gulo gulo/BDF10-M6/DM/2016/COLOR/Robust marks/02.09-14.45/IMG_0745.JPG,IMG_0745.JPG,BDF10-M6_2016_201602091445_IMG_0745.jpg,0.8031138777732849,719.9378051757812,390.6162414550781,487.34027099609375,876.788330078125,2048,1536,487,876
BDF10-M6,2016,201602091445,DM,1,/Volumes/Seagate Portable Drive/KYLE_AI_DATABASE/A_CAMERA/Focal_species/Gulo gulo/BDF10-M6/DM/2016/COLOR/Robust marks/02.09-14.45/IMG_0746.JPG,IMG_0746.JPG,BDF10-M6_2016_201602091445_IMG_0746.jpg,0.859548032283783,787.8370361328125,369.13970947265625,399.8548583984375,856.7079467773438,2048,1536,399,856
BDF10-M6,2016,201602091445,DM,1,/Volumes/Seagate Portable Drive/KYLE_AI_DATABASE/A_CAMERA/Focal_species/Gulo gulo/BDF10-M6/DM/2016/COLOR/Robust marks/02.09-14.45/IMG_0747.JPG,IMG_0747.JPG,BDF10-M6_2016_201602091445_IMG_0747.jpg,0.8653022050857544,718.0694580078125,373.57220458984375,481.6103515625,798.4053344726562,2048,1536,481,798
BDF10-M6,2016,201602091445,DM,1,/Volumes/Seagate Portable Drive/KYLE_AI_DATABASE/A_CAMERA/Focal_species/Gulo gulo/BDF10-M6/DM/2016/COLOR/Robust marks/02.09-14.45/IMG_0748.JPG,IMG_0748.JPG,BDF10-M6_2016_201602091445_IMG_0748.jpg,0.9054664373397827,650.8670043945312,188.1767578125,568.8834838867188,945.3458251953125,2048,1536,568,945
BDF10-M6,2016,201602091445,DM,1,/Volumes/Seagate Portable Drive/KYLE_AI_DATABASE/A_CAMERA/Focal_species/Gulo gulo/BDF10-M6/DM/2016/COLOR/Robust marks/02.09-14.45/IMG_0750.JPG,IMG_0750.JPG,BDF10-M6_2016_201602091445_IMG_0750.jpg,0.8934151530265808,717.4301147460938,434.219482421875,472.69317626953125,798.373779296875,2048,1536,472,798
BDF10-M6,2016,201602091445,DM,1,/Volumes/Seagate Portable Drive/KYLE_AI_DATABASE/A_CAMERA/Focal_species/Gulo gulo/BDF10-M6/DM/2016/COLOR/Robust marks/02.09-14.45/IMG_0751.JPG,IMG_0751.JPG,BDF10-M6_2016_201602091445_IMG_0751.jpg,0.9130497574806213,639.2591552734375,301.95367431640625,541.0460205078125,864.5475463867188,2048,1536,541,864
BDF10-M6,2016,201602091445,DM,1,/Volumes/Seagate Portable Drive/KYLE_AI_DATABASE/A_CAMERA/Focal_species/Gulo gulo/BDF10-M6/DM/2016/COLOR/Robust marks/02.09-14.45/IMG_0752.JPG,IMG_0752.JPG,BDF10-M6_2016_201602091445_IMG_0752.jpg,0.845578134059906,709.75390625,301.6645202636719,480.1832275390625,828.893310546875,2048,1536,480,828
BDF10-M6,2016,201602091445,DM,1,/Volumes/Seagate Portable Drive/KYLE_AI_DATABASE/A_CAMERA/Focal_species/Gulo gulo/BDF10-M6/DM/2016/COLOR/Robust marks/02.09-14.45/IMG_0753.JPG,IMG_0753.JPG,BDF10-M6_2016_201602091445_IMG_0753.jpg,0.8902687430381775,630.827880859375,287.4751281738281,594.5333251953125,873.60498046875,2048,1536,594,873
BDF10-M6,2016,201602091445,DM,1,/Volumes/Seagate Portable Drive/KYLE_AI_DATABASE/A_CAMERA/Focal_species/Gulo gulo/BDF10-M6/DM/2016/COLOR/Robust marks/02.09-14.45/IMG_0754.JPG,IMG_0754.JPG,BDF10-M6_2016_201602091445_IMG_0754.jpg,0.9319003224372864,644.20361328125,226.8208465576172,579.8084716796875,935.7040405273438,2048,1536,579,935
BDF10-M6,2016,201602091445,DM,1,/Volumes/Seagate Portable Drive/KYLE_AI_DATABASE/A_CAMERA/Focal_species/Gulo gulo/BDF10-M6/DM/2016/COLOR/Robust marks/02.09-14.45/IMG_0755.JPG,IMG_0755.JPG,BDF10-M6_2016_201602091445_IMG_0755.jpg,0.9608953595161438,643.818603515625,301.9503479003906,608.5020751953125,898.5018310546875,2048,1536,608,898
BDF10-M6,2016,201602091445,DM,1,/Volumes/Seagate Portable Drive/KYLE_AI_DATABASE/A_CAMERA/Focal_species/Gulo gulo/BDF10-M6/DM/2016/COLOR/Robust marks/02.09-14.45/IMG_0756.JPG,IMG_0756.JPG,BDF10-M6_2016_201602091445_IMG_0756.jpg,0.9617673754692078,717.156005859375,298.10198974609375,559.8140869140625,900.3147583007812,2048,1536,559,900
BDF10-M6,2016,201602091445,DM,1,/Volumes/Seagate Portable Drive/KYLE_AI_DATABASE/A_CAMERA/Focal_species/Gulo gulo/BDF10-M6/DM/2016/COLOR/Robust marks/02.09-14.45/IMG_0757.JPG,IMG_0757.JPG,BDF10-M6_2016_201602091445_IMG_0757.jpg,0.921723484992981,717.1685791015625,315.25311279296875,532.8304443359375,912.8804321289062,2048,1536,532,912
BDF10-M6,2016,201602091445,DM,1,/Volumes/Seagate Portable Drive/KYLE_AI_DATABASE/A_CAMERA/Focal_species/Gulo gulo/BDF10-M6/DM/2016/COLOR/Robust marks/02.09-14.45/IMG_0758.JPG,IMG_0758.JPG,BDF10-M6_2016_201602091445_IMG_0758.jpg,0.8745829463005066,649.897216796875,193.17796325683594,589.627685546875,1014.0400390625,2048,1536,589,1014
BDF10-M6,2016,201602091445,DM,1,/Volumes/Seagate Portable Drive/KYLE_AI_DATABASE/A_CAMERA/Focal_species/Gulo gulo/BDF10-M6/DM/2016/COLOR/Robust marks/02.09-14.45/IMG_0759.JPG,IMG_0759.JPG,BDF10-M6_2016_201602091445_IMG_0759.jpg,0.9272471070289612,487.0076904296875,202.1063690185547,730.572998046875,953.3956909179688,2048,1536,730,953
BDF10-M6,2016,201602091445,DM,1,/Volumes/Seagate Portable Drive/KYLE_AI_DATABASE/A_CAMERA/Focal_species/Gulo gulo/BDF10-M6/DM/2016/COLOR/Robust marks/02.09-14.45/IMG_0760.JPG,IMG_0760.JPG,BDF10-M6_2016_201602091445_IMG_0760.jpg,0.9444188475608826,492.1689147949219,219.39019775390625,775.2398681640625,942.1747436523438,2048,1536,775,942
BDF10-M6,2016,201602091445,DM,1,/Volumes/Seagate Portable Drive/KYLE_AI_DATABASE/A_CAMERA/Focal_species/Gulo gulo/BDF10-M6/DM/2016/COLOR/Robust marks/02.09-14.45/IMG_0761.JPG,IMG_0761.JPG,BDF10-M6_2016_201602091445_IMG_0761.jpg,0.9284045696258545,629.440185546875,295.1942138671875,565.9215087890625,903.8739013671875,2048,1536,565,903
BDF10-M6,2016,201602091445,DM,1,/Volumes/Seagate Portable Drive/KYLE_AI_DATABASE/A_CAMERA/Focal_species/Gulo gulo/BDF10-M6/DM/2016/COLOR/Robust marks/02.09-14.45/IMG_0762.JPG,IMG_0762.JPG,BDF10-M6_2016_201602091445_IMG_0762.jpg,0.8543086051940918,751.069091796875,429.052734375,351.188720703125,830.175048828125,2048,1536,351,830
BDF10-M6,2016,201602091445,DM,1,/Volumes/Seagate Portable Drive/KYLE_AI_DATABASE/A_CAMERA/Focal_species/Gulo gulo/BDF10-M6/DM/2016/COLOR/Robust marks/02.09-14.45/IMG_0763.JPG,IMG_0763.JPG,BDF10-M6_2016_201602091445_IMG_0763.jpg,0.8947440981864929,613.6055297851562,356.2060546875,478.06365966796875,879.427001953125,2048,1536,478,879
BDF10-M6,2016,201602091445,DM,1,/Volumes/Seagate Portable Drive/KYLE_AI_DATABASE/A_CAMERA/Focal_species/Gulo gulo/BDF10-M6/DM/2016/COLOR/Robust marks/02.09-14.45/IMG_0764.JPG,IMG_0764.JPG,BDF10-M6_2016_201602091445_IMG_0764.jpg,0.8727217316627502,557.570556640625,396.4920654296875,525.55322265625,853.3280029296875,2048,1536,525,853
BDF10-M6,2016,201602091445,DM,1,/Volumes/Seagate Portable Drive/KYLE_AI_DATABASE/A_CAMERA/Focal_species/Gulo gulo/BDF10-M6/DM/2016/COLOR/Robust marks/02.09-14.45/IMG_0765.JPG,IMG_0765.JPG,BDF10-M6_2016_201602091445_IMG_0765.jpg,0.9360561966896057,608.2413330078125,413.8319091796875,479.93408203125,823.5208740234375,2048,1536,479,823
BDF10-M6,2016,201602091445,DM,1,/Volumes/Seagate Portable Drive/KYLE_AI_DATABASE/A_CAMERA/Focal_species/Gulo gulo/BDF10-M6/DM/2016/COLOR/Robust marks/02.09-14.45/IMG_0766.JPG,IMG_0766.JPG,BDF10-M6_2016_201602091445_IMG_0766.jpg,0.9418002367019653,628.6069946289062,412.695556640625,457.67803955078125,810.6544189453125,2048,1536,457,810
BDF10-M6,2016,201602091445,DM,1,/Volumes/Seagate Portable Drive/KYLE_AI_DATABASE/A_CAMERA/Focal_species/Gulo gulo/BDF10-M6/DM/2016/COLOR/Robust marks/02.09-14.45/IMG_0767.JPG,IMG_0767.JPG,BDF10-M6_2016_201602091445_IMG_0767.jpg,0.9391372799873352,620.067626953125,416.91217041015625,468.9146728515625,824.7680053710938,2048,1536,468,824
BDF10-M6,2016,201602091445,DM,1,/Volumes/Seagate Portable Drive/KYLE_AI_DATABASE/A_CAMERA/Focal_species/Gulo gulo/BDF10-M6/DM/2016/COLOR/Robust marks/02.09-14.45/IMG_0768.JPG,IMG_0768.JPG,BDF10-M6_2016_201602091445_IMG_0768.jpg,0.9501793384552002,627.186767578125,418.0740051269531,459.805908203125,797.3927001953125,2048,1536,459,797
BDF10-M6,2016,201602091445,DM,1,/Volumes/Seagate Portable Drive/KYLE_AI_DATABASE/A_CAMERA/Focal_species/Gulo gulo/BDF10-M6/DM/2016/COLOR/Robust marks/02.09-14.45/IMG_0769.JPG,IMG_0769.JPG,BDF10-M6_2016_201602091445_IMG_0769.jpg,0.9379163980484009,627.6749267578125,420.8189697265625,460.3311767578125,810.4923095703125,2048,1536,460,810
BDF10-M6,2016,201602091445,DM,1,/Volumes/Seagate Portable Drive/KYLE_AI_DATABASE/A_CAMERA/Focal_species/Gulo gulo/BDF10-M6/DM/2016/COLOR/Robust marks/02.09-14.45/IMG_0770.JPG,IMG_0770.JPG,BDF10-M6_2016_201602091445_IMG_0770.jpg,0.9259403944015503,625.2716064453125,344.2061767578125,459.2952880859375,892.4658203125,2048,1536,459,892
BDF10-M6,2016,201602091445,DM,1,/Volumes/Seagate Portable Drive/KYLE_AI_DATABASE/A_CAMERA/Focal_species/Gulo gulo/BDF10-M6/DM/2016/COLOR/Robust marks/02.09-14.45/IMG_0771.JPG,IMG_0771.JPG,BDF10-M6_2016_201602091445_IMG_0771.jpg,0.8682114481925964,723.2555541992188,376.5746154785156,360.42181396484375,873.0252685546875,2048,1536,360,873
BDF10-M6,2016,201602091445,DM,1,/Volumes/Seagate Portable Drive/KYLE_AI_DATABASE/A_CAMERA/Focal_species/Gulo gulo/BDF10-M6/DM/2016/COLOR/Robust marks/02.09-14.45/IMG_0772.JPG,IMG_0772.JPG,BDF10-M6_2016_201602091445_IMG_0772.jpg,0.829818606376648,725.2052612304688,316.34564208984375,354.95428466796875,943.5088500976562,2048,1536,354,943
BDF10-M6,2016,201602091445,DM,1,/Volumes/Seagate Portable Drive/KYLE_AI_DATABASE/A_CAMERA/Focal_species/Gulo gulo/BDF10-M6/DM/2016/COLOR/Robust marks/02.09-14.45/IMG_0773.JPG,IMG_0773.JPG,BDF10-M6_2016_201602091445_IMG_0773.jpg,0.8279097676277161,664.9797973632812,391.15386962890625,419.33148193359375,843.3934936523438,2048,1536,419,843
BDF10-M6,2016,201602091445,DM,1,/Volumes/Seagate Portable Drive/KYLE_AI_DATABASE/A_CAMERA/Focal_species/Gulo gulo/BDF10-M6/DM/2016/COLOR/Robust marks/02.09-14.45/IMG_0774.JPG,IMG_0774.JPG,BDF10-M6_2016_201602091445_IMG_0774.jpg,0.8249075412750244,721.8411865234375,377.9702453613281,354.7152099609375,866.027587890625,2048,1536,354,866
BDF10-M6,2016,201602091445,DM,1,/Volumes/Seagate Portable Drive/KYLE_AI_DATABASE/A_CAMERA/Focal_species/Gulo gulo/BDF10-M6/DM/2016/COLOR/Robust marks/02.09-14.45/IMG_0775.JPG,IMG_0775.JPG,BDF10-M6_2016_201602091445_IMG_0775.jpg,0.831850528717041,705.4317626953125,308.401611328125,358.1107177734375,907.518798828125,2048,1536,358,907
BDF10-M6,2016,201602091445,DM,1,/Volumes/Seagate Portable Drive/KYLE_AI_DATABASE/A_CAMERA/Focal_species/Gulo gulo/BDF10-M6/DM/2016/COLOR/Robust marks/02.09-14.45/IMG_0776.JPG,IMG_0776.JPG,BDF10-M6_2016_201602091445_IMG_0776.jpg,0.9327967762947083,534.1741943359375,360.24981689453125,535.236572265625,876.3727416992188,2048,1536,535,876
BDF10-M6,2016,201602091445,DM,1,/Volumes/Seagate Portable Drive/KYLE_AI_DATABASE/A_CAMERA/Focal_species/Gulo gulo/BDF10-M6/DM/2016/COLOR/Robust marks/02.09-14.45/IMG_0777.JPG,IMG_0777.JPG,BDF10-M6_2016_201602091445_IMG_0777.jpg,0.822990357875824,672.385986328125,415.400146484375,406.1993408203125,796.325927734375,2048,1536,406,796
BDF10-M6,2016,201602091445,DM,1,/Volumes/Seagate Portable Drive/KYLE_AI_DATABASE/A_CAMERA/Focal_species/Gulo gulo/BDF10-M6/DM/2016/COLOR/Robust marks/02.09-14.45/IMG_0778.JPG,IMG_0778.JPG,BDF10-M6_2016_201602091445_IMG_0778.jpg,0.9003143906593323,633.7454223632812,385.8373718261719,429.05255126953125,840.6021728515625,2048,1536,429,840
BDF10-M6,2016,201602091445,DM,1,/Volumes/Seagate Portable Drive/KYLE_AI_DATABASE/A_CAMERA/Focal_species/Gulo gulo/BDF10-M6/DM/2016/COLOR/Robust marks/02.09-14.45/IMG_0779.JPG,IMG_0779.JPG,BDF10-M6_2016_201602091445_IMG_0779.jpg,0.8599429130554199,744.0968017578125,360.19866943359375,323.275634765625,887.5234985351562,2048,1536,323,887
BDF10-M6,2016,201602091445,DM,1,/Volumes/Seagate Portable Drive/KYLE_AI_DATABASE/A_CAMERA/Focal_species/Gulo gulo/BDF10-M6/DM/2016/COLOR/Robust marks/02.09-14.45/IMG_0780.JPG,IMG_0780.JPG,BDF10-M6_2016_201602091445_IMG_0780.jpg,0.9056771397590637,619.5732421875,521.032470703125,464.0015869140625,668.2265625,2048,1536,464,668
BDF10-M6,2016,201602091445,DM,1,/Volumes/Seagate Portable Drive/KYLE_AI_DATABASE/A_CAMERA/Focal_species/Gulo gulo/BDF10-M6/DM/2016/COLOR/Robust marks/02.09-14.45/IMG_0781.JPG,IMG_0781.JPG,BDF10-M6_2016_201602091445_IMG_0781.jpg,0.8746920228004456,655.055908203125,318.62890625,426.021484375,905.2857666015625,2048,1536,426,905
BDF10-M6,2016,201602091445,DM,1,/Volumes/Seagate Portable Drive/KYLE_AI_DATABASE/A_CAMERA/Focal_species/Gulo gulo/BDF10-M6/DM/2016/COLOR/Robust marks/02.09-14.45/IMG_0782.JPG,IMG_0782.JPG,BDF10-M6_2016_201602091445_IMG_0782.jpg,0.9167540073394775,603.054931640625,315.088134765625,477.881103515625,919.6591796875,2048,1536,477,919
BDF10-M6,2016,201602091445,DM,1,/Volumes/Seagate Portable Drive/KYLE_AI_DATABASE/A_CAMERA/Focal_species/Gulo gulo/BDF10-M6/DM/2016/COLOR/Robust marks/02.09-14.45/IMG_0783.JPG,IMG_0783.JPG,BDF10-M6_2016_201602091445_IMG_0783.jpg,0.9036662578582764,620.8848266601562,451.970947265625,494.77777099609375,738.6787109375,2048,1536,494,738
BDF10-M6,2016,201602091445,DM,1,/Volumes/Seagate Portable Drive/KYLE_AI_DATABASE/A_CAMERA/Focal_species/Gulo gulo/BDF10-M6/DM/2016/COLOR/Robust marks/02.09-14.45/IMG_0784.JPG,IMG_0784.JPG,BDF10-M6_2016_201602091445_IMG_0784.jpg,0.9129453301429749,609.6614990234375,316.7091979980469,468.9315185546875,926.69580078125,2048,1536,468,926
BDF10-M6,2016,201602091445,DM,1,/Volumes/Seagate Portable Drive/KYLE_AI_DATABASE/A_CAMERA/Focal_species/Gulo gulo/BDF10-M6/DM/2016/COLOR/Robust marks/02.09-14.45/IMG_0785.JPG,IMG_0785.JPG,BDF10-M6_2016_201602091445_IMG_0785.jpg,0.8938595056533813,641.4984741210938,316.11370849609375,443.90985107421875,880.5046997070312,2048,1536,443,880
BDF10-M6,2016,201602091445,DM,1,/Volumes/Seagate Portable Drive/KYLE_AI_DATABASE/A_CAMERA/Focal_species/Gulo gulo/BDF10-M6/DM/2016/COLOR/Robust marks/02.09-14.45/IMG_0786.JPG,IMG_0786.JPG,BDF10-M6_2016_201602091445_IMG_0786.jpg,0.8436746597290039,726.1224365234375,317.4957275390625,357.7376708984375,933.0780029296875,2048,1536,357,933
BDF10-M6,2016,201602091445,DM,1,/Volumes/Seagate Portable Drive/KYLE_AI_DATABASE/A_CAMERA/Focal_species/Gulo gulo/BDF10-M6/DM/2016/COLOR/Robust marks/02.09-14.45/IMG_0787.JPG,IMG_0787.JPG,BDF10-M6_2016_201602091445_IMG_0787.jpg,0.9151774644851685,631.3247680664062,293.10809326171875,453.84576416015625,928.0911254882812,2048,1536,453,928
BDF10-M6,2016,201602091445,DM,1,/Volumes/Seagate Portable Drive/KYLE_AI_DATABASE/A_CAMERA/Focal_species/Gulo gulo/BDF10-M6/DM/2016/COLOR/Robust marks/02.09-14.45/IMG_0788.JPG,IMG_0788.JPG,BDF10-M6_2016_201602091445_IMG_0788.jpg,0.8296272158622742,609.3521728515625,299.39007568359375,477.5230712890625,957.0449829101562,2048,1536,477,957
BDF10-M6,2016,201602091445,DM,1,/Volumes/Seagate Portable Drive/KYLE_AI_DATABASE/A_CAMERA/Focal_species/Gulo gulo/BDF10-M6/DM/2016/COLOR/Robust marks/02.09-14.45/IMG_0790.JPG,IMG_0790.JPG,BDF10-M6_2016_201602091445_IMG_0790.jpg,0.9239508509635925,641.6427001953125,298.34552001953125,446.851806640625,943.4332885742188,2048,1536,446,943
BDF10-M6,2016,201602091445,DM,1,/Volumes/Seagate Portable Drive/KYLE_AI_DATABASE/A_CAMERA/Focal_species/Gulo gulo/BDF10-M6/DM/2016/COLOR/Robust marks/02.09-14.45/IMG_0791.JPG,IMG_0791.JPG,BDF10-M6_2016_201602091445_IMG_0791.jpg,0.8477007746696472,741.63720703125,351.3839111328125,456.671875,870.1263427734375,2048,1536,456,870
BDF10-M6,2016,201602091445,DM,1,/Volumes/Seagate Portable Drive/KYLE_AI_DATABASE/A_CAMERA/Focal_species/Gulo gulo/BDF10-M6/DM/2016/COLOR/Robust marks/02.09-14.45/IMG_0793.JPG,IMG_0793.JPG,BDF10-M6_2016_201602091445_IMG_0793.jpg,0.9325301051139832,386.0611877441406,731.1029663085938,761.595458984375,564.7239379882812,2048,1536,761,564
BDF10-M6,2016,201602091445,DM,1,/Volumes/Seagate Portable Drive/KYLE_AI_DATABASE/A_CAMERA/Focal_species/Gulo gulo/BDF10-M6/DM/2016/COLOR/Robust marks/02.09-14.45/IMG_0794.JPG,IMG_0794.JPG,BDF10-M6_2016_201602091445_IMG_0794.jpg,0.9251255989074707,-0.07330322265625,1016.0846557617188,404.3365173339844,487.63800048828125,2048,1536,404,487
