id,year,ymdh,station,color,original_path,original_filename,crop_filename,confidence,bbox_x,bbox_y,bbox_width,bbox_height,image_width,image_height,crop_width,crop_height
Turk,2023,202301091035,PP,1,/Volumes/Seagate Portable Drive/KYLE_AI_DATABASE/A_CAMERA/Focal_species/Gulo gulo/Turk/PP/2023/COLOR/Robust marks/01.09-10.35/RCNX0521.JPG,RCNX0521.JPG,Turk_2023_202301091035_RCNX0521.jpg,0.8168254494667053,777.849853515625,293.672119140625,547.217529296875,888.2039794921875,2048,1440,547,888
Turk,2023,202301091035,PP,1,/Volumes/Seagate Portable Drive/KYLE_AI_DATABASE/A_CAMERA/Focal_species/Gulo gulo/Turk/PP/2023/COLOR/Robust marks/01.09-10.35/RCNX0522.JPG,RCNX0522.JPG,Turk_2023_202301091035_RCNX0522.jpg,0.8806668519973755,940.7406616210938,288.71624755859375,402.38763427734375,859.5358276367188,2048,1440,402,859
Turk,2023,202301091035,PP,1,/Volumes/Seagate Portable Drive/KYLE_AI_DATABASE/A_CAMERA/Focal_species/Gulo gulo/Turk/PP/2023/COLOR/Robust marks/01.09-10.35/RCNX0523.JPG,RCNX0523.JPG,Turk_2023_202301091035_RCNX0523.jpg,0.8793209791183472,921.10498046875,298.0408020019531,406.384765625,884.0743408203125,2048,1440,406,884
Turk,2023,202301091035,PP,1,/Volumes/Seagate Portable Drive/KYLE_AI_DATABASE/A_CAMERA/Focal_species/Gulo gulo/Turk/PP/2023/COLOR/Robust marks/01.09-10.35/RCNX0524.JPG,RCNX0524.JPG,Turk_2023_202301091035_RCNX0524.jpg,0.8668612241744995,936.9134521484375,292.4441223144531,390.462158203125,886.3153076171875,2048,1440,390,886
Turk,2023,202301091035,PP,1,/Volumes/Seagate Portable Drive/KYLE_AI_DATABASE/A_CAMERA/Focal_species/Gulo gulo/Turk/PP/2023/COLOR/Robust marks/01.09-10.35/RCNX0525.JPG,RCNX0525.JPG,Turk_2023_202301091035_RCNX0525.jpg,0.9283219575881958,937.353271484375,297.0606689453125,396.322509765625,886.3592529296875,2048,1440,396,886
Turk,2023,202301091035,PP,1,/Volumes/Seagate Portable Drive/KYLE_AI_DATABASE/A_CAMERA/Focal_species/Gulo gulo/Turk/PP/2023/COLOR/Robust marks/01.09-10.35/RCNX0526.JPG,RCNX0526.JPG,Turk_2023_202301091035_RCNX0526.jpg,0.9172342419624329,920.1351928710938,295.40924072265625,405.36480712890625,934.5779418945312,2048,1440,405,934
Turk,2023,202301091035,PP,1,/Volumes/Seagate Portable Drive/KYLE_AI_DATABASE/A_CAMERA/Focal_species/Gulo gulo/Turk/PP/2023/COLOR/Robust marks/01.09-10.35/RCNX0527.JPG,RCNX0527.JPG,Turk_2023_202301091035_RCNX0527.jpg,0.844212532043457,936.5342407226562,383.6517639160156,387.37750244140625,840.2371826171875,2048,1440,387,840
Turk,2023,202301091035,PP,1,/Volumes/Seagate Portable Drive/KYLE_AI_DATABASE/A_CAMERA/Focal_species/Gulo gulo/Turk/PP/2023/COLOR/Robust marks/01.09-10.35/RCNX0528.JPG,RCNX0528.JPG,Turk_2023_202301091035_RCNX0528.jpg,0.8562943339347839,930.5013427734375,303.40484619140625,388.865478515625,878.3413696289062,2048,1440,388,878
Turk,2023,202301091035,PP,1,/Volumes/Seagate Portable Drive/KYLE_AI_DATABASE/A_CAMERA/Focal_species/Gulo gulo/Turk/PP/2023/COLOR/Robust marks/01.09-10.35/RCNX0529.JPG,RCNX0529.JPG,Turk_2023_202301091035_RCNX0529.jpg,0.9343574643135071,941.101318359375,374.0158996582031,412.595947265625,812.62646484375,2048,1440,412,812
Turk,2023,202301091035,PP,1,/Volumes/Seagate Portable Drive/KYLE_AI_DATABASE/A_CAMERA/Focal_species/Gulo gulo/Turk/PP/2023/COLOR/Robust marks/01.09-10.35/RCNX0530.JPG,RCNX0530.JPG,Turk_2023_202301091035_RCNX0530.jpg,0.8778989315032959,877.9447021484375,259.34149169921875,443.78759765625,979.4536743164062,2048,1440,443,979
Turk,2023,202301091035,PP,1,/Volumes/Seagate Portable Drive/KYLE_AI_DATABASE/A_CAMERA/Focal_species/Gulo gulo/Turk/PP/2023/COLOR/Robust marks/01.09-10.35/RCNX0532.JPG,RCNX0532.JPG,Turk_2023_202301091035_RCNX0532.jpg,0.9080570340156555,918.089599609375,248.69464111328125,406.02490234375,927.3413696289062,2048,1440,406,927
Turk,2023,202301091035,PP,1,/Volumes/Seagate Portable Drive/KYLE_AI_DATABASE/A_CAMERA/Focal_species/Gulo gulo/Turk/PP/2023/COLOR/Robust marks/01.09-10.35/RCNX0533.JPG,RCNX0533.JPG,Turk_2023_202301091035_RCNX0533.jpg,0.8863115906715393,926.00439453125,261.5696716308594,399.14208984375,918.68310546875,2048,1440,399,918
Turk,2023,202301091035,PP,1,/Volumes/Seagate Portable Drive/KYLE_AI_DATABASE/A_CAMERA/Focal_species/Gulo gulo/Turk/PP/2023/COLOR/Robust marks/01.09-10.35/RCNX0534.JPG,RCNX0534.JPG,Turk_2023_202301091035_RCNX0534.jpg,0.9113764762878418,915.9527587890625,251.02085876464844,409.39892578125,912.22314453125,2048,1440,409,912
Turk,2023,202301091035,PP,1,/Volumes/Seagate Portable Drive/KYLE_AI_DATABASE/A_CAMERA/Focal_species/Gulo gulo/Turk/PP/2023/COLOR/Robust marks/01.09-10.35/RCNX0535.JPG,RCNX0535.JPG,Turk_2023_202301091035_RCNX0535.jpg,0.9115647673606873,938.819091796875,253.66307067871094,385.89453125,906.227783203125,2048,1440,385,906
Turk,2023,202301091035,PP,1,/Volumes/Seagate Portable Drive/KYLE_AI_DATABASE/A_CAMERA/Focal_species/Gulo gulo/Turk/PP/2023/COLOR/Robust marks/01.09-10.35/RCNX0536.JPG,RCNX0536.JPG,Turk_2023_202301091035_RCNX0536.jpg,0.9387795925140381,887.6812744140625,260.9894104003906,441.507080078125,884.9530029296875,2048,1440,441,884
Turk,2023,202301091035,PP,1,/Volumes/Seagate Portable Drive/KYLE_AI_DATABASE/A_CAMERA/Focal_species/Gulo gulo/Turk/PP/2023/COLOR/Robust marks/01.09-10.35/RCNX0538.JPG,RCNX0538.JPG,Turk_2023_202301091035_RCNX0538.jpg,0.8853715658187866,941.4558715820312,377.22637939453125,386.94915771484375,775.7376098632812,2048,1440,386,775
Turk,2023,202301091035,PP,1,/Volumes/Seagate Portable Drive/KYLE_AI_DATABASE/A_CAMERA/Focal_species/Gulo gulo/Turk/PP/2023/COLOR/Robust marks/01.09-10.35/RCNX0539.JPG,RCNX0539.JPG,Turk_2023_202301091035_RCNX0539.jpg,0.8310344219207764,938.5482177734375,293.5797424316406,380.19091796875,872.995849609375,2048,1440,380,872
Turk,2023,202301091035,PP,1,/Volumes/Seagate Portable Drive/KYLE_AI_DATABASE/A_CAMERA/Focal_species/Gulo gulo/Turk/PP/2023/COLOR/Robust marks/01.09-10.35/RCNX0540.JPG,RCNX0540.JPG,Turk_2023_202301091035_RCNX0540.jpg,0.9210085868835449,936.2154541015625,413.8646240234375,388.084228515625,771.8968505859375,2048,1440,388,771
Turk,2023,202301091035,PP,1,/Volumes/Seagate Portable Drive/KYLE_AI_DATABASE/A_CAMERA/Focal_species/Gulo gulo/Turk/PP/2023/COLOR/Robust marks/01.09-10.35/RCNX0541.JPG,RCNX0541.JPG,Turk_2023_202301091035_RCNX0541.jpg,0.9174036979675293,913.708984375,384.161376953125,411.0283203125,796.510498046875,2048,1440,411,796
Turk,2023,202301091035,PP,1,/Volumes/Seagate Portable Drive/KYLE_AI_DATABASE/A_CAMERA/Focal_species/Gulo gulo/Turk/PP/2023/COLOR/Robust marks/01.09-10.35/RCNX0542.JPG,RCNX0542.JPG,Turk_2023_202301091035_RCNX0542.jpg,0.8783044219017029,932.015869140625,389.1362609863281,390.385498046875,776.4344482421875,2048,1440,390,776
Turk,2023,202301091035,PP,1,/Volumes/Seagate Portable Drive/KYLE_AI_DATABASE/A_CAMERA/Focal_species/Gulo gulo/Turk/PP/2023/COLOR/Robust marks/01.09-10.35/RCNX0543.JPG,RCNX0543.JPG,Turk_2023_202301091035_RCNX0543.jpg,0.922562301158905,916.9481201171875,248.563232421875,407.697021484375,932.398193359375,2048,1440,407,932
Turk,2023,202301091035,PP,1,/Volumes/Seagate Portable Drive/KYLE_AI_DATABASE/A_CAMERA/Focal_species/Gulo gulo/Turk/PP/2023/COLOR/Robust marks/01.09-10.35/RCNX0544.JPG,RCNX0544.JPG,Turk_2023_202301091035_RCNX0544.jpg,0.9081214070320129,926.424560546875,388.0482177734375,397.172607421875,796.7333984375,2048,1440,397,796
Turk,2023,202301091035,PP,1,/Volumes/Seagate Portable Drive/KYLE_AI_DATABASE/A_CAMERA/Focal_species/Gulo gulo/Turk/PP/2023/COLOR/Robust marks/01.09-10.35/RCNX0545.JPG,RCNX0545.JPG,Turk_2023_202301091035_RCNX0545.jpg,0.9013944864273071,923.5631713867188,259.1676025390625,402.58856201171875,923.1080322265625,2048,1440,402,923
Turk,2023,202301091035,PP,1,/Volumes/Seagate Portable Drive/KYLE_AI_DATABASE/A_CAMERA/Focal_species/Gulo gulo/Turk/PP/2023/COLOR/Robust marks/01.09-10.35/RCNX0546.JPG,RCNX0546.JPG,Turk_2023_202301091035_RCNX0546.jpg,0.8504660725593567,929.7594604492188,317.9639587402344,395.09869384765625,842.3536376953125,2048,1440,395,842
Turk,2023,202301091035,PP,1,/Volumes/Seagate Portable Drive/KYLE_AI_DATABASE/A_CAMERA/Focal_species/Gulo gulo/Turk/PP/2023/COLOR/Robust marks/01.09-10.35/RCNX0547.JPG,RCNX0547.JPG,Turk_2023_202301091035_RCNX0547.jpg,0.9058412313461304,927.6385498046875,363.9471740722656,393.295166015625,819.735107421875,2048,1440,393,819
Turk,2023,202301091035,PP,1,/Volumes/Seagate Portable Drive/KYLE_AI_DATABASE/A_CAMERA/Focal_species/Gulo gulo/Turk/PP/2023/COLOR/Robust marks/01.09-10.35/RCNX0548.JPG,RCNX0548.JPG,Turk_2023_202301091035_RCNX0548.jpg,0.8922827243804932,933.1219482421875,331.1375732421875,395.88720703125,850.1099853515625,2048,1440,395,850
Turk,2023,202301091035,PP,1,/Volumes/Seagate Portable Drive/KYLE_AI_DATABASE/A_CAMERA/Focal_species/Gulo gulo/Turk/PP/2023/COLOR/Robust marks/01.09-10.35/RCNX0549.JPG,RCNX0549.JPG,Turk_2023_202301091035_RCNX0549.jpg,0.9347794651985168,938.6871337890625,390.3595886230469,400.929931640625,786.6026611328125,2048,1440,400,786
Turk,2023,202301091035,PP,1,/Volumes/Seagate Portable Drive/KYLE_AI_DATABASE/A_CAMERA/Focal_species/Gulo gulo/Turk/PP/2023/COLOR/Robust marks/01.09-10.35/RCNX0550.JPG,RCNX0550.JPG,Turk_2023_202301091035_RCNX0550.jpg,0.9301912784576416,940.0697021484375,389.7491455078125,406.366943359375,806.4266357421875,2048,1440,406,806
Turk,2023,202301091035,PP,1,/Volumes/Seagate Portable Drive/KYLE_AI_DATABASE/A_CAMERA/Focal_species/Gulo gulo/Turk/PP/2023/COLOR/Robust marks/01.09-10.35/RCNX0551.JPG,RCNX0551.JPG,Turk_2023_202301091035_RCNX0551.jpg,0.8290563821792603,939.10302734375,374.78253173828125,384.43212890625,768.3572387695312,2048,1440,384,768
Turk,2023,202301091035,PP,1,/Volumes/Seagate Portable Drive/KYLE_AI_DATABASE/A_CAMERA/Focal_species/Gulo gulo/Turk/PP/2023/COLOR/Robust marks/01.09-10.35/RCNX0552.JPG,RCNX0552.JPG,Turk_2023_202301091035_RCNX0552.jpg,0.9182562828063965,939.3336791992188,400.8846740722656,386.34185791015625,742.513916015625,2048,1440,386,742
Turk,2023,202301091035,PP,1,/Volumes/Seagate Portable Drive/KYLE_AI_DATABASE/A_CAMERA/Focal_species/Gulo gulo/Turk/PP/2023/COLOR/Robust marks/01.09-10.35/RCNX0553.JPG,RCNX0553.JPG,Turk_2023_202301091035_RCNX0553.jpg,0.9023479223251343,938.4177856445312,407.2414245605469,389.85552978515625,732.131591796875,2048,1440,389,732
Turk,2023,202301091035,PP,1,/Volumes/Seagate Portable Drive/KYLE_AI_DATABASE/A_CAMERA/Focal_species/Gulo gulo/Turk/PP/2023/COLOR/Robust marks/01.09-10.35/RCNX0554.JPG,RCNX0554.JPG,Turk_2023_202301091035_RCNX0554.jpg,0.9090574979782104,939.6263427734375,412.107177734375,381.46240234375,724.783447265625,2048,1440,381,724
Turk,2023,202301091035,PP,1,/Volumes/Seagate Portable Drive/KYLE_AI_DATABASE/A_CAMERA/Focal_species/Gulo gulo/Turk/PP/2023/COLOR/Robust marks/01.09-10.35/RCNX0555.JPG,RCNX0555.JPG,Turk_2023_202301091035_RCNX0555.jpg,0.9012323021888733,933.6314086914062,404.0378723144531,389.04376220703125,737.525634765625,2048,1440,389,737
Turk,2023,202301091035,PP,1,/Volumes/Seagate Portable Drive/KYLE_AI_DATABASE/A_CAMERA/Focal_species/Gulo gulo/Turk/PP/2023/COLOR/Robust marks/01.09-10.35/RCNX0556.JPG,RCNX0556.JPG,Turk_2023_202301091035_RCNX0556.jpg,0.9199943542480469,937.2606811523438,398.042236328125,385.53887939453125,784.50146484375,2048,1440,385,784
Turk,2023,202301091035,PP,1,/Volumes/Seagate Portable Drive/KYLE_AI_DATABASE/A_CAMERA/Focal_species/Gulo gulo/Turk/PP/2023/COLOR/Robust marks/01.09-10.35/RCNX0557.JPG,RCNX0557.JPG,Turk_2023_202301091035_RCNX0557.jpg,0.8845465779304504,938.1553955078125,388.8591613769531,385.885498046875,765.7557373046875,2048,1440,385,765
Turk,2023,202301091035,PP,1,/Volumes/Seagate Portable Drive/KYLE_AI_DATABASE/A_CAMERA/Focal_species/Gulo gulo/Turk/PP/2023/COLOR/Robust marks/01.09-10.35/RCNX0558.JPG,RCNX0558.JPG,Turk_2023_202301091035_RCNX0558.jpg,0.9028018116950989,924.0426025390625,402.75811767578125,404.771484375,738.7247924804688,2048,1440,404,738
Turk,2023,202301091035,PP,1,/Volumes/Seagate Portable Drive/KYLE_AI_DATABASE/A_CAMERA/Focal_species/Gulo gulo/Turk/PP/2023/COLOR/Robust marks/01.09-10.35/RCNX0559.JPG,RCNX0559.JPG,Turk_2023_202301091035_RCNX0559.jpg,0.9000342488288879,938.5941162109375,389.0299987792969,383.96484375,753.6815185546875,2048,1440,383,753
Turk,2023,202301091035,PP,1,/Volumes/Seagate Portable Drive/KYLE_AI_DATABASE/A_CAMERA/Focal_species/Gulo gulo/Turk/PP/2023/COLOR/Robust marks/01.09-10.35/RCNX0560.JPG,RCNX0560.JPG,Turk_2023_202301091035_RCNX0560.jpg,0.9443610310554504,934.3863525390625,396.96856689453125,390.388427734375,749.3591918945312,2048,1440,390,749
Turk,2023,202301091035,PP,1,/Volumes/Seagate Portable Drive/KYLE_AI_DATABASE/A_CAMERA/Focal_species/Gulo gulo/Turk/PP/2023/COLOR/Robust marks/01.09-10.35/RCNX0561.JPG,RCNX0561.JPG,Turk_2023_202301091035_RCNX0561.jpg,0.9008147120475769,940.6910400390625,302.7655334472656,422.114013671875,877.5172119140625,2048,1440,422,877
Turk,2023,202301091035,PP,1,/Volumes/Seagate Portable Drive/KYLE_AI_DATABASE/A_CAMERA/Focal_species/Gulo gulo/Turk/PP/2023/COLOR/Robust marks/01.09-10.35/RCNX0562.JPG,RCNX0562.JPG,Turk_2023_202301091035_RCNX0562.jpg,0.9385353922843933,939.7738037109375,324.0477600097656,450.01904296875,861.9061279296875,2048,1440,450,861
Turk,2023,202301091035,PP,1,/Volumes/Seagate Portable Drive/KYLE_AI_DATABASE/A_CAMERA/Focal_species/Gulo gulo/Turk/PP/2023/COLOR/Robust marks/01.09-10.35/RCNX0563.JPG,RCNX0563.JPG,Turk_2023_202301091035_RCNX0563.jpg,0.9236511588096619,940.5671997070312,397.43695068359375,391.35760498046875,793.2376098632812,2048,1440,391,793
Turk,2023,202301091035,PP,1,/Volumes/Seagate Portable Drive/KYLE_AI_DATABASE/A_CAMERA/Focal_species/Gulo gulo/Turk/PP/2023/COLOR/Robust marks/01.09-10.35/RCNX0564.JPG,RCNX0564.JPG,Turk_2023_202301091035_RCNX0564.jpg,0.9391873478889465,940.536865234375,399.7695617675781,412.458984375,788.00390625,2048,1440,412,788
Turk,2023,202301091035,PP,1,/Volumes/Seagate Portable Drive/KYLE_AI_DATABASE/A_CAMERA/Focal_species/Gulo gulo/Turk/PP/2023/COLOR/Robust marks/01.09-10.35/RCNX0565.JPG,RCNX0565.JPG,Turk_2023_202301091035_RCNX0565.jpg,0.8914396166801453,939.1387329101562,323.21051025390625,403.85931396484375,861.2964477539062,2048,1440,403,861
Turk,2023,202301091035,PP,1,/Volumes/Seagate Portable Drive/KYLE_AI_DATABASE/A_CAMERA/Focal_species/Gulo gulo/Turk/PP/2023/COLOR/Robust marks/01.09-10.35/RCNX0566.JPG,RCNX0566.JPG,Turk_2023_202301091035_RCNX0566.jpg,0.9378262162208557,942.2667236328125,386.00213623046875,434.393798828125,803.4002075195312,2048,1440,434,803
Turk,2023,202301091035,PP,1,/Volumes/Seagate Portable Drive/KYLE_AI_DATABASE/A_CAMERA/Focal_species/Gulo gulo/Turk/PP/2023/COLOR/Robust marks/01.09-10.35/RCNX0567.JPG,RCNX0567.JPG,Turk_2023_202301091035_RCNX0567.jpg,0.9592758417129517,942.041259765625,401.90399169921875,480.1357421875,784.6179809570312,2048,1440,480,784
Turk,2023,202301091035,PP,1,/Volumes/Seagate Portable Drive/KYLE_AI_DATABASE/A_CAMERA/Focal_species/Gulo gulo/Turk/PP/2023/COLOR/Robust marks/01.09-10.35/RCNX0568.JPG,RCNX0568.JPG,Turk_2023_202301091035_RCNX0568.jpg,0.9481906890869141,940.7921142578125,395.904296875,453.163818359375,790.5640869140625,2048,1440,453,790
Turk,2023,202301091035,PP,1,/Volumes/Seagate Portable Drive/KYLE_AI_DATABASE/A_CAMERA/Focal_species/Gulo gulo/Turk/PP/2023/COLOR/Robust marks/01.09-10.35/RCNX0569.JPG,RCNX0569.JPG,Turk_2023_202301091035_RCNX0569.jpg,0.9382370114326477,940.99072265625,401.6920471191406,390.22021484375,834.675048828125,2048,1440,390,834
Turk,2023,202301091035,PP,1,/Volumes/Seagate Portable Drive/KYLE_AI_DATABASE/A_CAMERA/Focal_species/Gulo gulo/Turk/PP/2023/COLOR/Robust marks/01.09-10.35/RCNX0570.JPG,RCNX0570.JPG,Turk_2023_202301091035_RCNX0570.jpg,0.950546145439148,938.7449340820312,395.82220458984375,502.36004638671875,839.0667114257812,2048,1440,502,839
Turk,2023,202301091035,PP,1,/Volumes/Seagate Portable Drive/KYLE_AI_DATABASE/A_CAMERA/Focal_species/Gulo gulo/Turk/PP/2023/COLOR/Robust marks/01.09-10.35/RCNX0571.JPG,RCNX0571.JPG,Turk_2023_202301091035_RCNX0571.jpg,0.9413537979125977,938.0344848632812,407.94635009765625,403.15301513671875,830.7796020507812,2048,1440,403,830
Turk,2023,202301091035,PP,1,/Volumes/Seagate Portable Drive/KYLE_AI_DATABASE/A_CAMERA/Focal_species/Gulo gulo/Turk/PP/2023/COLOR/Robust marks/01.09-10.35/RCNX0572.JPG,RCNX0572.JPG,Turk_2023_202301091035_RCNX0572.jpg,0.9290673136711121,942.3037719726562,385.21929931640625,378.85565185546875,802.7771606445312,2048,1440,378,802
Turk,2023,202301091035,PP,1,/Volumes/Seagate Portable Drive/KYLE_AI_DATABASE/A_CAMERA/Focal_species/Gulo gulo/Turk/PP/2023/COLOR/Robust marks/01.09-10.35/RCNX0573.JPG,RCNX0573.JPG,Turk_2023_202301091035_RCNX0573.jpg,0.9391590356826782,910.3546142578125,337.8774719238281,416.000732421875,898.2864990234375,2048,1440,416,898
Turk,2023,202301091035,PP,1,/Volumes/Seagate Portable Drive/KYLE_AI_DATABASE/A_CAMERA/Focal_species/Gulo gulo/Turk/PP/2023/COLOR/Robust marks/01.09-10.35/RCNX0574.JPG,RCNX0574.JPG,Turk_2023_202301091035_RCNX0574.jpg,0.9355602860450745,937.0213012695312,385.1514892578125,388.17999267578125,856.3897705078125,2048,1440,388,856
Turk,2023,202301091035,PP,1,/Volumes/Seagate Portable Drive/KYLE_AI_DATABASE/A_CAMERA/Focal_species/Gulo gulo/Turk/PP/2023/COLOR/Robust marks/01.09-10.35/RCNX0575.JPG,RCNX0575.JPG,Turk_2023_202301091035_RCNX0575.jpg,0.9293329119682312,939.7808837890625,386.0062561035156,382.05322265625,802.6072998046875,2048,1440,382,802
Turk,2023,202301091035,PP,1,/Volumes/Seagate Portable Drive/KYLE_AI_DATABASE/A_CAMERA/Focal_species/Gulo gulo/Turk/PP/2023/COLOR/Robust marks/01.09-10.35/RCNX0576.JPG,RCNX0576.JPG,Turk_2023_202301091035_RCNX0576.jpg,0.9199322462081909,941.8974609375,394.1826171875,383.327880859375,793.529541015625,2048,1440,383,793
Turk,2023,202301091035,PP,1,/Volumes/Seagate Portable Drive/KYLE_AI_DATABASE/A_CAMERA/Focal_species/Gulo gulo/Turk/PP/2023/COLOR/Robust marks/01.09-10.35/RCNX0578.JPG,RCNX0578.JPG,Turk_2023_202301091035_RCNX0578.jpg,0.8728681802749634,940.3779907226562,314.0392150878906,400.08197021484375,828.0618896484375,2048,1440,400,828
Turk,2023,202301091035,PP,1,/Volumes/Seagate Portable Drive/KYLE_AI_DATABASE/A_CAMERA/Focal_species/Gulo gulo/Turk/PP/2023/COLOR/Robust marks/01.09-10.35/RCNX0579.JPG,RCNX0579.JPG,Turk_2023_202301091035_RCNX0579.jpg,0.9202483892440796,939.221435546875,264.860595703125,400.10205078125,900.5791015625,2048,1440,400,900
Turk,2023,202301091035,PP,1,/Volumes/Seagate Portable Drive/KYLE_AI_DATABASE/A_CAMERA/Focal_species/Gulo gulo/Turk/PP/2023/COLOR/Robust marks/01.09-10.35/RCNX0580.JPG,RCNX0580.JPG,Turk_2023_202301091035_RCNX0580.jpg,0.9114416241645813,942.9563598632812,265.44366455078125,400.99859619140625,907.8739624023438,2048,1440,400,907
Turk,2023,202301091035,PP,1,/Volumes/Seagate Portable Drive/KYLE_AI_DATABASE/A_CAMERA/Focal_species/Gulo gulo/Turk/PP/2023/COLOR/Robust marks/01.09-10.35/RCNX0581.JPG,RCNX0581.JPG,Turk_2023_202301091035_RCNX0581.jpg,0.8403054475784302,934.5452880859375,277.007568359375,390.10546875,864.65576171875,2048,1440,390,864
Turk,2023,202301091035,PP,1,/Volumes/Seagate Portable Drive/KYLE_AI_DATABASE/A_CAMERA/Focal_species/Gulo gulo/Turk/PP/2023/COLOR/Robust marks/01.09-10.35/RCNX0582.JPG,RCNX0582.JPG,Turk_2023_202301091035_RCNX0582.jpg,0.8826006054878235,918.7749633789062,385.4130554199219,403.34967041015625,797.1920166015625,2048,1440,403,797
Turk,2023,202301091035,PP,1,/Volumes/Seagate Portable Drive/KYLE_AI_DATABASE/A_CAMERA/Focal_species/Gulo gulo/Turk/PP/2023/COLOR/Robust marks/01.09-10.35/RCNX0583.JPG,RCNX0583.JPG,Turk_2023_202301091035_RCNX0583.jpg,0.8625346422195435,942.6768798828125,396.4363708496094,378.097412109375,785.4921875,2048,1440,378,785
Turk,2023,202301091035,PP,1,/Volumes/Seagate Portable Drive/KYLE_AI_DATABASE/A_CAMERA/Focal_species/Gulo gulo/Turk/PP/2023/COLOR/Robust marks/01.09-10.35/RCNX0584.JPG,RCNX0584.JPG,Turk_2023_202301091035_RCNX0584.jpg,0.840260922908783,937.0836791992188,405.7802429199219,376.62872314453125,779.5933837890625,2048,1440,376,779
Turk,2023,202301091035,PP,1,/Volumes/Seagate Portable Drive/KYLE_AI_DATABASE/A_CAMERA/Focal_species/Gulo gulo/Turk/PP/2023/COLOR/Robust marks/01.09-10.35/RCNX0585.JPG,RCNX0585.JPG,Turk_2023_202301091035_RCNX0585.jpg,0.8880897164344788,939.4281616210938,396.9031066894531,384.92401123046875,789.145263671875,2048,1440,384,789
Turk,2023,202301091035,PP,1,/Volumes/Seagate Portable Drive/KYLE_AI_DATABASE/A_CAMERA/Focal_species/Gulo gulo/Turk/PP/2023/COLOR/Robust marks/01.09-10.35/RCNX0586.JPG,RCNX0586.JPG,Turk_2023_202301091035_RCNX0586.jpg,0.9231706261634827,941.8117065429688,388.865234375,375.11944580078125,846.699951171875,2048,1440,375,846
Turk,2023,202301091035,PP,1,/Volumes/Seagate Portable Drive/KYLE_AI_DATABASE/A_CAMERA/Focal_species/Gulo gulo/Turk/PP/2023/COLOR/Robust marks/01.09-10.35/RCNX0587.JPG,RCNX0587.JPG,Turk_2023_202301091035_RCNX0587.jpg,0.9470738172531128,938.6875,403.2947998046875,435.7099609375,840.25927734375,2048,1440,435,840
Turk,2023,202301091035,PP,1,/Volumes/Seagate Portable Drive/KYLE_AI_DATABASE/A_CAMERA/Focal_species/Gulo gulo/Turk/PP/2023/COLOR/Robust marks/01.09-10.35/RCNX0588.JPG,RCNX0588.JPG,Turk_2023_202301091035_RCNX0588.jpg,0.941390872001648,937.924072265625,407.03546142578125,438.223876953125,831.0453491210938,2048,1440,438,831
Turk,2023,202301091035,PP,1,/Volumes/Seagate Portable Drive/KYLE_AI_DATABASE/A_CAMERA/Focal_species/Gulo gulo/Turk/PP/2023/COLOR/Robust marks/01.09-10.35/RCNX0589.JPG,RCNX0589.JPG,Turk_2023_202301091035_RCNX0589.jpg,0.921270489692688,939.445068359375,409.89569091796875,382.36279296875,839.2236938476562,2048,1440,382,839
Turk,2023,202301091035,PP,1,/Volumes/Seagate Portable Drive/KYLE_AI_DATABASE/A_CAMERA/Focal_species/Gulo gulo/Turk/PP/2023/COLOR/Robust marks/01.09-10.35/RCNX0590.JPG,RCNX0590.JPG,Turk_2023_202301091035_RCNX0590.jpg,0.9013439416885376,937.51904296875,406.61614990234375,387.413330078125,704.8462524414062,2048,1440,387,704
Turk,2023,202301091035,PP,1,/Volumes/Seagate Portable Drive/KYLE_AI_DATABASE/A_CAMERA/Focal_species/Gulo gulo/Turk/PP/2023/COLOR/Robust marks/01.09-10.35/RCNX0591.JPG,RCNX0591.JPG,Turk_2023_202301091035_RCNX0591.jpg,0.8865768313407898,941.4050903320312,409.3928527832031,383.11553955078125,723.114501953125,2048,1440,383,723
Turk,2023,202301091035,PP,1,/Volumes/Seagate Portable Drive/KYLE_AI_DATABASE/A_CAMERA/Focal_species/Gulo gulo/Turk/PP/2023/COLOR/Robust marks/01.09-10.35/RCNX0592.JPG,RCNX0592.JPG,Turk_2023_202301091035_RCNX0592.jpg,0.8087666630744934,923.0716552734375,391.578125,405.449462890625,745.580810546875,2048,1440,405,745
Turk,2023,202301091035,PP,1,/Volumes/Seagate Portable Drive/KYLE_AI_DATABASE/A_CAMERA/Focal_species/Gulo gulo/Turk/PP/2023/COLOR/Robust marks/01.09-10.35/RCNX0593.JPG,RCNX0593.JPG,Turk_2023_202301091035_RCNX0593.jpg,0.9114678502082825,904.681640625,395.7579650878906,425.459228515625,744.511474609375,2048,1440,425,744
Turk,2023,202301091035,PP,1,/Volumes/Seagate Portable Drive/KYLE_AI_DATABASE/A_CAMERA/Focal_species/Gulo gulo/Turk/PP/2023/COLOR/Robust marks/01.09-10.35/RCNX0594.JPG,RCNX0594.JPG,Turk_2023_202301091035_RCNX0594.jpg,0.9039105176925659,937.1795654296875,395.339599609375,390.7666015625,752.73046875,2048,1440,390,752
Turk,2023,202301091035,PP,1,/Volumes/Seagate Portable Drive/KYLE_AI_DATABASE/A_CAMERA/Focal_species/Gulo gulo/Turk/PP/2023/COLOR/Robust marks/01.09-10.35/RCNX0595.JPG,RCNX0595.JPG,Turk_2023_202301091035_RCNX0595.jpg,0.9257432818412781,926.265869140625,385.3697814941406,404.007568359375,755.2408447265625,2048,1440,404,755
Turk,2023,202301091035,PP,1,/Volumes/Seagate Portable Drive/KYLE_AI_DATABASE/A_CAMERA/Focal_species/Gulo gulo/Turk/PP/2023/COLOR/Robust marks/01.09-10.35/RCNX0596.JPG,RCNX0596.JPG,Turk_2023_202301091035_RCNX0596.jpg,0.8827255368232727,931.163818359375,371.6961364746094,394.54736328125,770.0274658203125,2048,1440,394,770
Turk,2023,202301091035,PP,1,/Volumes/Seagate Portable Drive/KYLE_AI_DATABASE/A_CAMERA/Focal_species/Gulo gulo/Turk/PP/2023/COLOR/Robust marks/01.09-10.35/RCNX0597.JPG,RCNX0597.JPG,Turk_2023_202301091035_RCNX0597.jpg,0.8991857171058655,939.573974609375,367.56927490234375,386.547119140625,788.4472045898438,2048,1440,386,788
Turk,2023,202301091035,PP,1,/Volumes/Seagate Portable Drive/KYLE_AI_DATABASE/A_CAMERA/Focal_species/Gulo gulo/Turk/PP/2023/COLOR/Robust marks/01.09-10.35/RCNX0598.JPG,RCNX0598.JPG,Turk_2023_202301091035_RCNX0598.jpg,0.869158148765564,943.577392578125,369.770751953125,381.22021484375,814.47216796875,2048,1440,381,814
Turk,2023,202301091035,PP,1,/Volumes/Seagate Portable Drive/KYLE_AI_DATABASE/A_CAMERA/Focal_species/Gulo gulo/Turk/PP/2023/COLOR/Robust marks/01.09-10.35/RCNX0599.JPG,RCNX0599.JPG,Turk_2023_202301091035_RCNX0599.jpg,0.9001096487045288,942.8154907226562,330.92181396484375,385.41571044921875,851.1149291992188,2048,1440,385,851
Turk,2023,202301091035,PP,1,/Volumes/Seagate Portable Drive/KYLE_AI_DATABASE/A_CAMERA/Focal_species/Gulo gulo/Turk/PP/2023/COLOR/Robust marks/01.09-10.35/RCNX0600.JPG,RCNX0600.JPG,Turk_2023_202301091035_RCNX0600.jpg,0.917913556098938,944.314453125,334.24822998046875,403.562744140625,815.2733764648438,2048,1440,403,815
Turk,2023,202301091035,PP,1,/Volumes/Seagate Portable Drive/KYLE_AI_DATABASE/A_CAMERA/Focal_species/Gulo gulo/Turk/PP/2023/COLOR/Robust marks/01.09-10.35/RCNX0601.JPG,RCNX0601.JPG,Turk_2023_202301091035_RCNX0601.jpg,0.9120978713035583,935.815673828125,362.6531066894531,389.257080078125,791.59033203125,2048,1440,389,791
Turk,2023,202301091035,PP,1,/Volumes/Seagate Portable Drive/KYLE_AI_DATABASE/A_CAMERA/Focal_species/Gulo gulo/Turk/PP/2023/COLOR/Robust marks/01.09-10.35/RCNX0603.JPG,RCNX0603.JPG,Turk_2023_202301091035_RCNX0603.jpg,0.9280387163162231,857.2453002929688,237.08706665039062,471.88067626953125,911.2103271484375,2048,1440,471,911
Turk,2023,202301091035,PP,1,/Volumes/Seagate Portable Drive/KYLE_AI_DATABASE/A_CAMERA/Focal_species/Gulo gulo/Turk/PP/2023/COLOR/Robust marks/01.09-10.35/RCNX0604.JPG,RCNX0604.JPG,Turk_2023_202301091035_RCNX0604.jpg,0.9204323887825012,830.3668823242188,358.3546142578125,501.23370361328125,798.74658203125,2048,1440,501,798
Turk,2023,202301091035,PP,1,/Volumes/Seagate Portable Drive/KYLE_AI_DATABASE/A_CAMERA/Focal_species/Gulo gulo/Turk/PP/2023/COLOR/Robust marks/01.09-10.35/RCNX0605.JPG,RCNX0605.JPG,Turk_2023_202301091035_RCNX0605.jpg,0.871760904788971,870.5044555664062,345.4077453613281,458.20477294921875,831.4219970703125,2048,1440,458,831
Turk,2023,202301091035,PP,1,/Volumes/Seagate Portable Drive/KYLE_AI_DATABASE/A_CAMERA/Focal_species/Gulo gulo/Turk/PP/2023/COLOR/Robust marks/01.09-10.35/RCNX0606.JPG,RCNX0606.JPG,Turk_2023_202301091035_RCNX0606.jpg,0.8727996945381165,943.5538940429688,304.7396240234375,386.78753662109375,880.8365478515625,2048,1440,386,880
Turk,2023,202301091035,PP,1,/Volumes/Seagate Portable Drive/KYLE_AI_DATABASE/A_CAMERA/Focal_species/Gulo gulo/Turk/PP/2023/COLOR/Robust marks/01.09-10.35/RCNX0607.JPG,RCNX0607.JPG,Turk_2023_202301091035_RCNX0607.jpg,0.8974802494049072,941.0010375976562,298.529296875,408.53631591796875,935.3563232421875,2048,1440,408,935
Turk,2023,202301091035,PP,1,/Volumes/Seagate Portable Drive/KYLE_AI_DATABASE/A_CAMERA/Focal_species/Gulo gulo/Turk/PP/2023/COLOR/Robust marks/01.09-10.35/RCNX0608.JPG,RCNX0608.JPG,Turk_2023_202301091035_RCNX0608.jpg,0.8625498414039612,941.94580078125,405.021728515625,374.668701171875,829.3048095703125,2048,1440,374,829
Turk,2023,202301091035,PP,1,/Volumes/Seagate Portable Drive/KYLE_AI_DATABASE/A_CAMERA/Focal_species/Gulo gulo/Turk/PP/2023/COLOR/Robust marks/01.09-10.35/RCNX0609.JPG,RCNX0609.JPG,Turk_2023_202301091035_RCNX0609.jpg,0.9111005067825317,940.6875610351562,274.2850036621094,380.30780029296875,961.1639404296875,2048,1440,380,961
Turk,2023,202301091035,PP,1,/Volumes/Seagate Portable Drive/KYLE_AI_DATABASE/A_CAMERA/Focal_species/Gulo gulo/Turk/PP/2023/COLOR/Robust marks/01.09-10.35/RCNX0610.JPG,RCNX0610.JPG,Turk_2023_202301091035_RCNX0610.jpg,0.8700168132781982,942.6278686523438,348.3046569824219,381.55059814453125,896.6973876953125,2048,1440,381,896
Turk,2023,202301091035,PP,1,/Volumes/Seagate Portable Drive/KYLE_AI_DATABASE/A_CAMERA/Focal_species/Gulo gulo/Turk/PP/2023/COLOR/Robust marks/01.09-10.35/RCNX0611.JPG,RCNX0611.JPG,Turk_2023_202301091035_RCNX0611.jpg,0.9416917562484741,913.5132446289062,286.9383850097656,411.25164794921875,896.74267578125,2048,1440,411,896
Turk,2023,202301091035,PP,1,/Volumes/Seagate Portable Drive/KYLE_AI_DATABASE/A_CAMERA/Focal_species/Gulo gulo/Turk/PP/2023/COLOR/Robust marks/01.09-10.35/RCNX0612.JPG,RCNX0612.JPG,Turk_2023_202301091035_RCNX0612.jpg,0.8866325616836548,892.5772705078125,343.87249755859375,437.663330078125,885.9274291992188,2048,1440,437,885
Turk,2023,202301091035,PP,1,/Volumes/Seagate Portable Drive/KYLE_AI_DATABASE/A_CAMERA/Focal_species/Gulo gulo/Turk/PP/2023/COLOR/Robust marks/01.09-10.35/RCNX0613.JPG,RCNX0613.JPG,Turk_2023_202301091035_RCNX0613.jpg,0.9090068340301514,708.7596435546875,294.6531066894531,619.2373046875,845.323486328125,2048,1440,619,845
Turk,2023,202301091035,PP,1,/Volumes/Seagate Portable Drive/KYLE_AI_DATABASE/A_CAMERA/Focal_species/Gulo gulo/Turk/PP/2023/COLOR/Robust marks/01.09-10.35/RCNX0614.JPG,RCNX0614.JPG,Turk_2023_202301091035_RCNX0614.jpg,0.8770584464073181,746.4861450195312,361.02374267578125,578.0114135742188,780.0519409179688,2048,1440,578,780
Turk,2023,202301091035,PP,1,/Volumes/Seagate Portable Drive/KYLE_AI_DATABASE/A_CAMERA/Focal_species/Gulo gulo/Turk/PP/2023/COLOR/Robust marks/01.09-10.35/RCNX0616.JPG,RCNX0616.JPG,Turk_2023_202301091035_RCNX0616.jpg,0.9257082343101501,854.5042724609375,431.111083984375,465.392333984375,711.8021240234375,2048,1440,465,711
Turk,2023,202301091035,PP,1,/Volumes/Seagate Portable Drive/KYLE_AI_DATABASE/A_CAMERA/Focal_species/Gulo gulo/Turk/PP/2023/COLOR/Robust marks/01.09-10.35/RCNX0617.JPG,RCNX0617.JPG,Turk_2023_202301091035_RCNX0617.jpg,0.9351092576980591,895.3582153320312,239.64219665527344,429.00653076171875,944.4473876953125,2048,1440,429,944
Turk,2023,202301091035,PP,1,/Volumes/Seagate Portable Drive/KYLE_AI_DATABASE/A_CAMERA/Focal_species/Gulo gulo/Turk/PP/2023/COLOR/Robust marks/01.09-10.35/RCNX0618.JPG,RCNX0618.JPG,Turk_2023_202301091035_RCNX0618.jpg,0.926652193069458,910.9329833984375,287.6769714355469,410.496826171875,894.6163330078125,2048,1440,410,894
Turk,2023,202301091035,PP,1,/Volumes/Seagate Portable Drive/KYLE_AI_DATABASE/A_CAMERA/Focal_species/Gulo gulo/Turk/PP/2023/COLOR/Robust marks/01.09-10.35/RCNX0619.JPG,RCNX0619.JPG,Turk_2023_202301091035_RCNX0619.jpg,0.8928920030593872,892.661376953125,379.1412353515625,423.9111328125,788.24951171875,2048,1440,423,788
Turk,2023,202301091035,PP,1,/Volumes/Seagate Portable Drive/KYLE_AI_DATABASE/A_CAMERA/Focal_species/Gulo gulo/Turk/PP/2023/COLOR/Robust marks/01.09-10.35/RCNX0620.JPG,RCNX0620.JPG,Turk_2023_202301091035_RCNX0620.jpg,0.8949099183082581,926.0330810546875,302.6073303222656,394.1435546875,878.1817626953125,2048,1440,394,878
Turk,2023,202301091035,PP,1,/Volumes/Seagate Portable Drive/KYLE_AI_DATABASE/A_CAMERA/Focal_species/Gulo gulo/Turk/PP/2023/COLOR/Robust marks/01.09-10.35/RCNX0621.JPG,RCNX0621.JPG,Turk_2023_202301091035_RCNX0621.jpg,0.9110103845596313,940.3442993164062,246.31849670410156,382.96295166015625,904.486572265625,2048,1440,382,904
Turk,2023,202301091035,PP,1,/Volumes/Seagate Portable Drive/KYLE_AI_DATABASE/A_CAMERA/Focal_species/Gulo gulo/Turk/PP/2023/COLOR/Robust marks/01.09-10.35/RCNX0622.JPG,RCNX0622.JPG,Turk_2023_202301091035_RCNX0622.jpg,0.8780342936515808,942.703369140625,282.10205078125,400.580078125,883.017578125,2048,1440,400,883
Turk,2023,202301091035,PP,1,/Volumes/Seagate Portable Drive/KYLE_AI_DATABASE/A_CAMERA/Focal_species/Gulo gulo/Turk/PP/2023/COLOR/Robust marks/01.09-10.35/RCNX0623.JPG,RCNX0623.JPG,Turk_2023_202301091035_RCNX0623.jpg,0.92884361743927,937.6689453125,278.3577575683594,383.890869140625,871.43701171875,2048,1440,383,871
Turk,2023,202301091035,PP,1,/Volumes/Seagate Portable Drive/KYLE_AI_DATABASE/A_CAMERA/Focal_species/Gulo gulo/Turk/PP/2023/COLOR/Robust marks/01.09-10.35/RCNX0624.JPG,RCNX0624.JPG,Turk_2023_202301091035_RCNX0624.jpg,0.8170544505119324,939.1422119140625,234.00750732421875,385.229736328125,911.7434692382812,2048,1440,385,911
Turk,2023,202301091035,PP,1,/Volumes/Seagate Portable Drive/KYLE_AI_DATABASE/A_CAMERA/Focal_species/Gulo gulo/Turk/PP/2023/COLOR/Robust marks/01.09-10.35/RCNX0625.JPG,RCNX0625.JPG,Turk_2023_202301091035_RCNX0625.jpg,0.9356503486633301,941.9382934570312,272.4384460449219,484.34027099609375,883.9508056640625,2048,1440,484,883
Turk,2023,202301091035,PP,1,/Volumes/Seagate Portable Drive/KYLE_AI_DATABASE/A_CAMERA/Focal_species/Gulo gulo/Turk/PP/2023/COLOR/Robust marks/01.09-10.35/RCNX0626.JPG,RCNX0626.JPG,Turk_2023_202301091035_RCNX0626.jpg,0.901474118232727,918.5214233398438,259.8084716796875,406.41949462890625,893.2247314453125,2048,1440,406,893
Turk,2023,202301091035,PP,1,/Volumes/Seagate Portable Drive/KYLE_AI_DATABASE/A_CAMERA/Focal_species/Gulo gulo/Turk/PP/2023/COLOR/Robust marks/01.09-10.35/RCNX0627.JPG,RCNX0627.JPG,Turk_2023_202301091035_RCNX0627.jpg,0.8617251515388489,941.57421875,244.60235595703125,387.9130859375,904.4389038085938,2048,1440,387,904
Turk,2023,202301091035,PP,1,/Volumes/Seagate Portable Drive/KYLE_AI_DATABASE/A_CAMERA/Focal_species/Gulo gulo/Turk/PP/2023/COLOR/Robust marks/01.09-10.35/RCNX0628.JPG,RCNX0628.JPG,Turk_2023_202301091035_RCNX0628.jpg,0.9059171676635742,941.8824462890625,246.88836669921875,409.527099609375,911.0714721679688,2048,1440,409,911
Turk,2023,202301091035,PP,1,/Volumes/Seagate Portable Drive/KYLE_AI_DATABASE/A_CAMERA/Focal_species/Gulo gulo/Turk/PP/2023/COLOR/Robust marks/01.09-10.35/RCNX0629.JPG,RCNX0629.JPG,Turk_2023_202301091035_RCNX0629.jpg,0.9082476496696472,941.1216430664062,230.661865234375,382.80975341796875,922.0625,2048,1440,382,922
Turk,2023,202301091035,PP,1,/Volumes/Seagate Portable Drive/KYLE_AI_DATABASE/A_CAMERA/Focal_species/Gulo gulo/Turk/PP/2023/COLOR/Robust marks/01.09-10.35/RCNX0630.JPG,RCNX0630.JPG,Turk_2023_202301091035_RCNX0630.jpg,0.9400181174278259,843.9830932617188,274.5215148925781,483.94390869140625,869.679931640625,2048,1440,483,869
Turk,2023,202301091035,PP,1,/Volumes/Seagate Portable Drive/KYLE_AI_DATABASE/A_CAMERA/Focal_species/Gulo gulo/Turk/PP/2023/COLOR/Robust marks/01.09-10.35/RCNX0631.JPG,RCNX0631.JPG,Turk_2023_202301091035_RCNX0631.jpg,0.8763426542282104,942.4580078125,385.67401123046875,388.099365234375,792.2770385742188,2048,1440,388,792
Turk,2023,202301091035,PP,1,/Volumes/Seagate Portable Drive/KYLE_AI_DATABASE/A_CAMERA/Focal_species/Gulo gulo/Turk/PP/2023/COLOR/Robust marks/01.09-10.35/RCNX0632.JPG,RCNX0632.JPG,Turk_2023_202301091035_RCNX0632.jpg,0.9053055047988892,935.6980590820312,301.6103210449219,394.01031494140625,885.1531982421875,2048,1440,394,885
Turk,2023,202301091035,PP,1,/Volumes/Seagate Portable Drive/KYLE_AI_DATABASE/A_CAMERA/Focal_species/Gulo gulo/Turk/PP/2023/COLOR/Robust marks/01.09-10.35/RCNX0633.JPG,RCNX0633.JPG,Turk_2023_202301091035_RCNX0633.jpg,0.9568746089935303,941.742431640625,268.45123291015625,483.30224609375,915.6408081054688,2048,1440,483,915
Turk,2023,202301091035,PP,1,/Volumes/Seagate Portable Drive/KYLE_AI_DATABASE/A_CAMERA/Focal_species/Gulo gulo/Turk/PP/2023/COLOR/Robust marks/01.09-10.35/RCNX0634.JPG,RCNX0634.JPG,Turk_2023_202301091035_RCNX0634.jpg,0.9329186081886292,939.0147705078125,285.2875061035156,418.72607421875,913.205078125,2048,1440,418,913
Turk,2023,202301091035,PP,1,/Volumes/Seagate Portable Drive/KYLE_AI_DATABASE/A_CAMERA/Focal_species/Gulo gulo/Turk/PP/2023/COLOR/Robust marks/01.09-10.35/RCNX0635.JPG,RCNX0635.JPG,Turk_2023_202301091035_RCNX0635.jpg,0.920796275138855,949.1708984375,291.4624328613281,406.1796875,893.548583984375,2048,1440,406,893
Turk,2023,202301091035,PP,1,/Volumes/Seagate Portable Drive/KYLE_AI_DATABASE/A_CAMERA/Focal_species/Gulo gulo/Turk/PP/2023/COLOR/Robust marks/01.09-10.35/RCNX0636.JPG,RCNX0636.JPG,Turk_2023_202301091035_RCNX0636.jpg,0.9341148138046265,943.7786865234375,255.0201416015625,509.81884765625,942.472412109375,2048,1440,509,942
Turk,2023,202301091035,PP,1,/Volumes/Seagate Portable Drive/KYLE_AI_DATABASE/A_CAMERA/Focal_species/Gulo gulo/Turk/PP/2023/COLOR/Robust marks/01.09-10.35/RCNX0637.JPG,RCNX0637.JPG,Turk_2023_202301091035_RCNX0637.jpg,0.9243262410163879,940.2486572265625,332.21978759765625,493.968017578125,855.7383422851562,2048,1440,493,855
Turk,2023,202301091035,PP,1,/Volumes/Seagate Portable Drive/KYLE_AI_DATABASE/A_CAMERA/Focal_species/Gulo gulo/Turk/PP/2023/COLOR/Robust marks/01.09-10.35/RCNX0638.JPG,RCNX0638.JPG,Turk_2023_202301091035_RCNX0638.jpg,0.9236887693405151,940.0912475585938,473.3200988769531,592.9517211914062,724.1561279296875,2048,1440,592,724
Turk,2023,202301091035,PP,1,/Volumes/Seagate Portable Drive/KYLE_AI_DATABASE/A_CAMERA/Focal_species/Gulo gulo/Turk/PP/2023/COLOR/Robust marks/01.09-10.35/RCNX0639.JPG,RCNX0639.JPG,Turk_2023_202301091035_RCNX0639.jpg,0.925616443157196,941.1762084960938,477.3580627441406,527.5796508789062,751.494384765625,2048,1440,527,751
Turk,2023,202301091035,PP,1,/Volumes/Seagate Portable Drive/KYLE_AI_DATABASE/A_CAMERA/Focal_species/Gulo gulo/Turk/PP/2023/COLOR/Robust marks/01.09-10.35/RCNX0640.JPG,RCNX0640.JPG,Turk_2023_202301091035_RCNX0640.jpg,0.8962981700897217,941.501220703125,498.8914794921875,558.47705078125,735.3511962890625,2048,1440,558,735
Turk,2023,202301091035,PP,1,/Volumes/Seagate Portable Drive/KYLE_AI_DATABASE/A_CAMERA/Focal_species/Gulo gulo/Turk/PP/2023/COLOR/Robust marks/01.09-10.35/RCNX0641.JPG,RCNX0641.JPG,Turk_2023_202301091035_RCNX0641.jpg,0.8937720060348511,941.6512451171875,252.24154663085938,521.4228515625,999.886474609375,2048,1440,521,999
Turk,2023,202301091035,PP,1,/Volumes/Seagate Portable Drive/KYLE_AI_DATABASE/A_CAMERA/Focal_species/Gulo gulo/Turk/PP/2023/COLOR/Robust marks/01.09-10.35/RCNX0642.JPG,RCNX0642.JPG,Turk_2023_202301091035_RCNX0642.jpg,0.9274284839630127,940.6788330078125,347.9833984375,518.94482421875,886.4716796875,2048,1440,518,886
Turk,2023,202301091035,PP,1,/Volumes/Seagate Portable Drive/KYLE_AI_DATABASE/A_CAMERA/Focal_species/Gulo gulo/Turk/PP/2023/COLOR/Robust marks/01.09-10.35/RCNX0643.JPG,RCNX0643.JPG,Turk_2023_202301091035_RCNX0643.jpg,0.9266306757926941,937.9246826171875,280.3335876464844,522.314453125,958.4556884765625,2048,1440,522,958
Turk,2023,202301091035,PP,1,/Volumes/Seagate Portable Drive/KYLE_AI_DATABASE/A_CAMERA/Focal_species/Gulo gulo/Turk/PP/2023/COLOR/Robust marks/01.09-10.35/RCNX0644.JPG,RCNX0644.JPG,Turk_2023_202301091035_RCNX0644.jpg,0.9056771993637085,940.6431884765625,423.63580322265625,494.823486328125,821.2673950195312,2048,1440,494,821
Turk,2023,202301091035,PP,1,/Volumes/Seagate Portable Drive/KYLE_AI_DATABASE/A_CAMERA/Focal_species/Gulo gulo/Turk/PP/2023/COLOR/Robust marks/01.09-10.35/RCNX0645.JPG,RCNX0645.JPG,Turk_2023_202301091035_RCNX0645.jpg,0.936085045337677,941.903564453125,304.7129211425781,476.748046875,876.296142578125,2048,1440,476,876
Turk,2023,202301091035,PP,1,/Volumes/Seagate Portable Drive/KYLE_AI_DATABASE/A_CAMERA/Focal_species/Gulo gulo/Turk/PP/2023/COLOR/Robust marks/01.09-10.35/RCNX0646.JPG,RCNX0646.JPG,Turk_2023_202301091035_RCNX0646.jpg,0.9360271692276001,939.467041015625,266.7403564453125,502.924560546875,916.0750732421875,2048,1440,502,916
Turk,2023,202301091035,PP,1,/Volumes/Seagate Portable Drive/KYLE_AI_DATABASE/A_CAMERA/Focal_species/Gulo gulo/Turk/PP/2023/COLOR/Robust marks/01.09-10.35/RCNX0647.JPG,RCNX0647.JPG,Turk_2023_202301091035_RCNX0647.jpg,0.9205279350280762,940.677978515625,313.7493591308594,526.413330078125,866.533935546875,2048,1440,526,866
Turk,2023,202301091035,PP,1,/Volumes/Seagate Portable Drive/KYLE_AI_DATABASE/A_CAMERA/Focal_species/Gulo gulo/Turk/PP/2023/COLOR/Robust marks/01.09-10.35/RCNX0648.JPG,RCNX0648.JPG,Turk_2023_202301091035_RCNX0648.jpg,0.9312690496444702,941.0386352539062,298.91888427734375,500.09320068359375,884.4143676757812,2048,1440,500,884
Turk,2023,202301091035,PP,1,/Volumes/Seagate Portable Drive/KYLE_AI_DATABASE/A_CAMERA/Focal_species/Gulo gulo/Turk/PP/2023/COLOR/Robust marks/01.09-10.35/RCNX0649.JPG,RCNX0649.JPG,Turk_2023_202301091035_RCNX0649.jpg,0.9160311222076416,940.9275512695312,252.33282470703125,472.64105224609375,931.7432250976562,2048,1440,472,931
Turk,2023,202301091035,PP,1,/Volumes/Seagate Portable Drive/KYLE_AI_DATABASE/A_CAMERA/Focal_species/Gulo gulo/Turk/PP/2023/COLOR/Robust marks/01.09-10.35/RCNX0650.JPG,RCNX0650.JPG,Turk_2023_202301091035_RCNX0650.jpg,0.9033492803573608,940.2247924804688,336.0950012207031,480.81964111328125,904.95361328125,2048,1440,480,904
Turk,2023,202301091035,PP,1,/Volumes/Seagate Portable Drive/KYLE_AI_DATABASE/A_CAMERA/Focal_species/Gulo gulo/Turk/PP/2023/COLOR/Robust marks/01.09-10.35/RCNX0651.JPG,RCNX0651.JPG,Turk_2023_202301091035_RCNX0651.jpg,0.8815668821334839,941.93310546875,475.0480041503906,458.7060546875,762.89453125,2048,1440,458,762
Turk,2023,202301091035,PP,1,/Volumes/Seagate Portable Drive/KYLE_AI_DATABASE/A_CAMERA/Focal_species/Gulo gulo/Turk/PP/2023/COLOR/Robust marks/01.09-10.35/RCNX0652.JPG,RCNX0652.JPG,Turk_2023_202301091035_RCNX0652.jpg,0.9243521094322205,938.495849609375,280.69097900390625,441.346923828125,956.1372680664062,2048,1440,441,956
Turk,2023,202301091035,PP,1,/Volumes/Seagate Portable Drive/KYLE_AI_DATABASE/A_CAMERA/Focal_species/Gulo gulo/Turk/PP/2023/COLOR/Robust marks/01.09-10.35/RCNX0653.JPG,RCNX0653.JPG,Turk_2023_202301091035_RCNX0653.jpg,0.8996044397354126,939.2725219726562,286.54058837890625,419.28485107421875,950.6096801757812,2048,1440,419,950
Turk,2023,202301091035,PP,1,/Volumes/Seagate Portable Drive/KYLE_AI_DATABASE/A_CAMERA/Focal_species/Gulo gulo/Turk/PP/2023/COLOR/Robust marks/01.09-10.35/RCNX0654.JPG,RCNX0654.JPG,Turk_2023_202301091035_RCNX0654.jpg,0.9268110990524292,937.557373046875,285.16485595703125,391.23486328125,951.4280395507812,2048,1440,391,951
Turk,2023,202301091035,PP,1,/Volumes/Seagate Portable Drive/KYLE_AI_DATABASE/A_CAMERA/Focal_species/Gulo gulo/Turk/PP/2023/COLOR/Robust marks/01.09-10.35/RCNX0655.JPG,RCNX0655.JPG,Turk_2023_202301091035_RCNX0655.jpg,0.927203357219696,939.84619140625,284.77880859375,395.2939453125,963.4156494140625,2048,1440,395,963
Turk,2023,202301091035,PP,1,/Volumes/Seagate Portable Drive/KYLE_AI_DATABASE/A_CAMERA/Focal_species/Gulo gulo/Turk/PP/2023/COLOR/Robust marks/01.09-10.35/RCNX0656.JPG,RCNX0656.JPG,Turk_2023_202301091035_RCNX0656.jpg,0.8987150192260742,942.57861328125,273.1687316894531,405.178955078125,970.2098388671875,2048,1440,405,970
Turk,2023,202301091035,PP,1,/Volumes/Seagate Portable Drive/KYLE_AI_DATABASE/A_CAMERA/Focal_species/Gulo gulo/Turk/PP/2023/COLOR/Robust marks/01.09-10.35/RCNX0657.JPG,RCNX0657.JPG,Turk_2023_202301091035_RCNX0657.jpg,0.8413798809051514,938.0736694335938,287.3752136230469,402.62481689453125,960.0040283203125,2048,1440,402,960
Turk,2023,202301091035,PP,1,/Volumes/Seagate Portable Drive/KYLE_AI_DATABASE/A_CAMERA/Focal_species/Gulo gulo/Turk/PP/2023/COLOR/Robust marks/01.09-10.35/RCNX0658.JPG,RCNX0658.JPG,Turk_2023_202301091035_RCNX0658.jpg,0.8769322633743286,909.80126953125,286.15887451171875,422.659912109375,950.3464965820312,2048,1440,422,950
Turk,2023,202301091035,PP,1,/Volumes/Seagate Portable Drive/KYLE_AI_DATABASE/A_CAMERA/Focal_species/Gulo gulo/Turk/PP/2023/COLOR/Robust marks/01.09-10.35/RCNX0659.JPG,RCNX0659.JPG,Turk_2023_202301091035_RCNX0659.jpg,0.8015928268432617,926.5111694335938,261.0787658691406,417.14910888671875,937.9453125,2048,1440,417,937
Turk,2023,202301091035,PP,1,/Volumes/Seagate Portable Drive/KYLE_AI_DATABASE/A_CAMERA/Focal_species/Gulo gulo/Turk/PP/2023/COLOR/Robust marks/01.09-10.35/RCNX0660.JPG,RCNX0660.JPG,Turk_2023_202301091035_RCNX0660.jpg,0.9414048194885254,940.7728271484375,286.4136962890625,397.585693359375,946.214599609375,2048,1440,397,946
Turk,2023,202301091035,PP,1,/Volumes/Seagate Portable Drive/KYLE_AI_DATABASE/A_CAMERA/Focal_species/Gulo gulo/Turk/PP/2023/COLOR/Robust marks/01.09-10.35/RCNX0661.JPG,RCNX0661.JPG,Turk_2023_202301091035_RCNX0661.jpg,0.9543781876564026,826.4780883789062,274.1750183105469,502.24066162109375,916.9161376953125,2048,1440,502,916
Turk,2023,202301091035,PP,1,/Volumes/Seagate Portable Drive/KYLE_AI_DATABASE/A_CAMERA/Focal_species/Gulo gulo/Turk/PP/2023/COLOR/Robust marks/01.09-10.35/RCNX0662.JPG,RCNX0662.JPG,Turk_2023_202301091035_RCNX0662.jpg,0.9423490166664124,925.77685546875,270.61224365234375,401.985595703125,914.5263061523438,2048,1440,401,914
Turk,2023,202301091035,PP,1,/Volumes/Seagate Portable Drive/KYLE_AI_DATABASE/A_CAMERA/Focal_species/Gulo gulo/Turk/PP/2023/COLOR/Robust marks/01.09-10.35/RCNX0663.JPG,RCNX0663.JPG,Turk_2023_202301091035_RCNX0663.jpg,0.9326305389404297,942.791748046875,269.3318176269531,383.80224609375,914.318115234375,2048,1440,383,914
Turk,2023,202301091035,PP,1,/Volumes/Seagate Portable Drive/KYLE_AI_DATABASE/A_CAMERA/Focal_species/Gulo gulo/Turk/PP/2023/COLOR/Robust marks/01.09-10.35/RCNX0664.JPG,RCNX0664.JPG,Turk_2023_202301091035_RCNX0664.jpg,0.8932337164878845,942.072265625,297.2628173828125,385.764892578125,888.7359619140625,2048,1440,385,888
Turk,2023,202301091035,PP,1,/Volumes/Seagate Portable Drive/KYLE_AI_DATABASE/A_CAMERA/Focal_species/Gulo gulo/Turk/PP/2023/COLOR/Robust marks/01.09-10.35/RCNX0665.JPG,RCNX0665.JPG,Turk_2023_202301091035_RCNX0665.jpg,0.9355343580245972,943.477294921875,261.5125427246094,389.69287109375,923.7857666015625,2048,1440,389,923
Turk,2023,202301091035,PP,1,/Volumes/Seagate Portable Drive/KYLE_AI_DATABASE/A_CAMERA/Focal_species/Gulo gulo/Turk/PP/2023/COLOR/Robust marks/01.09-10.35/RCNX0666.JPG,RCNX0666.JPG,Turk_2023_202301091035_RCNX0666.jpg,0.9446940422058105,944.4478149414062,286.3876953125,381.65240478515625,899.8167724609375,2048,1440,381,899
Turk,2023,202301091035,PP,1,/Volumes/Seagate Portable Drive/KYLE_AI_DATABASE/A_CAMERA/Focal_species/Gulo gulo/Turk/PP/2023/COLOR/Robust marks/01.09-10.35/RCNX0667.JPG,RCNX0667.JPG,Turk_2023_202301091035_RCNX0667.jpg,0.9559052586555481,941.6343994140625,282.73095703125,428.93359375,952.2684326171875,2048,1440,428,952
Turk,2023,202301091035,PP,1,/Volumes/Seagate Portable Drive/KYLE_AI_DATABASE/A_CAMERA/Focal_species/Gulo gulo/Turk/PP/2023/COLOR/Robust marks/01.09-10.35/RCNX0668.JPG,RCNX0668.JPG,Turk_2023_202301091035_RCNX0668.jpg,0.9612993001937866,942.2161865234375,287.4503173828125,441.87353515625,947.6549072265625,2048,1440,441,947
Turk,2023,202301091035,PP,1,/Volumes/Seagate Portable Drive/KYLE_AI_DATABASE/A_CAMERA/Focal_species/Gulo gulo/Turk/PP/2023/COLOR/Robust marks/01.09-10.35/RCNX0669.JPG,RCNX0669.JPG,Turk_2023_202301091035_RCNX0669.jpg,0.9362496733665466,946.4874267578125,285.43292236328125,415.092529296875,963.8432006835938,2048,1440,415,963
Turk,2023,202301091035,PP,1,/Volumes/Seagate Portable Drive/KYLE_AI_DATABASE/A_CAMERA/Focal_species/Gulo gulo/Turk/PP/2023/COLOR/Robust marks/01.09-10.35/RCNX0670.JPG,RCNX0670.JPG,Turk_2023_202301091035_RCNX0670.jpg,0.9503216743469238,943.19287109375,240.87171936035156,504.7451171875,996.1502685546875,2048,1440,504,996
Turk,2023,202301091035,PP,1,/Volumes/Seagate Portable Drive/KYLE_AI_DATABASE/A_CAMERA/Focal_species/Gulo gulo/Turk/PP/2023/COLOR/Robust marks/01.09-10.35/RCNX0671.JPG,RCNX0671.JPG,Turk_2023_202301091035_RCNX0671.jpg,0.9389824271202087,941.8211669921875,262.2161560058594,521.3837890625,968.841064453125,2048,1440,521,968
Turk,2023,202301091035,PP,1,/Volumes/Seagate Portable Drive/KYLE_AI_DATABASE/A_CAMERA/Focal_species/Gulo gulo/Turk/PP/2023/COLOR/Robust marks/01.09-10.35/RCNX0672.JPG,RCNX0672.JPG,Turk_2023_202301091035_RCNX0672.jpg,0.8719905018806458,944.2392578125,399.2290344238281,434.86767578125,817.330322265625,2048,1440,434,817
Turk,2023,202301091035,PP,1,/Volumes/Seagate Portable Drive/KYLE_AI_DATABASE/A_CAMERA/Focal_species/Gulo gulo/Turk/PP/2023/COLOR/Robust marks/01.09-10.35/RCNX0675.JPG,RCNX0675.JPG,Turk_2023_202301091035_RCNX0675.jpg,0.9157444834709167,996.5802612304688,1179.772705078125,403.66607666015625,227.014404296875,2048,1440,403,227
Turk,2023,202301091035,PP,1,/Volumes/Seagate Portable Drive/KYLE_AI_DATABASE/A_CAMERA/Focal_species/Gulo gulo/Turk/PP/2023/COLOR/Robust marks/01.09-10.35/RCNX0681.JPG,RCNX0681.JPG,Turk_2023_202301091035_RCNX0681.jpg,0.9170368313789368,943.4407958984375,601.7669677734375,382.29296875,752.1302490234375,2048,1440,382,752
Turk,2023,202301091035,PP,1,/Volumes/Seagate Portable Drive/KYLE_AI_DATABASE/A_CAMERA/Focal_species/Gulo gulo/Turk/PP/2023/COLOR/Robust marks/01.09-10.35/RCNX0683.JPG,RCNX0683.JPG,Turk_2023_202301091035_RCNX0683.jpg,0.9128094911575317,941.5018920898438,361.3450622558594,364.58575439453125,825.9359130859375,2048,1440,364,825
Turk,2023,202301091035,PP,1,/Volumes/Seagate Portable Drive/KYLE_AI_DATABASE/A_CAMERA/Focal_species/Gulo gulo/Turk/PP/2023/COLOR/Robust marks/01.09-10.35/RCNX0684.JPG,RCNX0684.JPG,Turk_2023_202301091035_RCNX0684.jpg,0.8864608407020569,925.3265991210938,363.07403564453125,383.83587646484375,782.7654418945312,2048,1440,383,782
Turk,2023,202301091035,PP,1,/Volumes/Seagate Portable Drive/KYLE_AI_DATABASE/A_CAMERA/Focal_species/Gulo gulo/Turk/PP/2023/COLOR/Robust marks/01.09-10.35/RCNX0688.JPG,RCNX0688.JPG,Turk_2023_202301091035_RCNX0688.jpg,0.8259405493736267,862.3251953125,247.25680541992188,462.546875,903.9794921875,2048,1440,462,903
Turk,2023,202301091035,PP,1,/Volumes/Seagate Portable Drive/KYLE_AI_DATABASE/A_CAMERA/Focal_species/Gulo gulo/Turk/PP/2023/COLOR/Robust marks/01.09-10.35/RCNX0689.JPG,RCNX0689.JPG,Turk_2023_202301091035_RCNX0689.jpg,0.8187787532806396,868.0693359375,244.9001007080078,454.69775390625,910.2468872070312,2048,1440,454,910
Turk,2023,202301091035,PP,1,/Volumes/Seagate Portable Drive/KYLE_AI_DATABASE/A_CAMERA/Focal_species/Gulo gulo/Turk/PP/2023/COLOR/Robust marks/01.09-10.35/RCNX0690.JPG,RCNX0690.JPG,Turk_2023_202301091035_RCNX0690.jpg,0.862453281879425,948.6939086914062,271.4924621582031,369.07952880859375,910.379638671875,2048,1440,369,910
Turk,2023,202301091035,PP,1,/Volumes/Seagate Portable Drive/KYLE_AI_DATABASE/A_CAMERA/Focal_species/Gulo gulo/Turk/PP/2023/COLOR/Robust marks/01.09-10.35/RCNX0691.JPG,RCNX0691.JPG,Turk_2023_202301091035_RCNX0691.jpg,0.9207175374031067,939.344970703125,293.68438720703125,500.095947265625,964.4484252929688,2048,1440,500,964
Turk,2023,202301091035,PP,1,/Volumes/Seagate Portable Drive/KYLE_AI_DATABASE/A_CAMERA/Focal_species/Gulo gulo/Turk/PP/2023/COLOR/Robust marks/01.09-10.35/RCNX0692.JPG,RCNX0692.JPG,Turk_2023_202301091035_RCNX0692.jpg,0.8723549842834473,945.01318359375,425.86419677734375,468.6806640625,833.8988647460938,2048,1440,468,833
Turk,2023,202301091035,PP,1,/Volumes/Seagate Portable Drive/KYLE_AI_DATABASE/A_CAMERA/Focal_species/Gulo gulo/Turk/PP/2023/COLOR/Robust marks/01.09-10.35/RCNX0697.JPG,RCNX0697.JPG,Turk_2023_202301091035_RCNX0697.jpg,0.8874680399894714,902.60009765625,288.6728820800781,421.8984375,907.4542236328125,2048,1440,421,907
Turk,2023,202301091035,PP,1,/Volumes/Seagate Portable Drive/KYLE_AI_DATABASE/A_CAMERA/Focal_species/Gulo gulo/Turk/PP/2023/COLOR/Robust marks/01.09-10.35/RCNX0698.JPG,RCNX0698.JPG,Turk_2023_202301091035_RCNX0698.jpg,0.9193512201309204,926.28759765625,256.6717834472656,400.3876953125,925.196533203125,2048,1440,400,925
Turk,2023,202301091035,PP,1,/Volumes/Seagate Portable Drive/KYLE_AI_DATABASE/A_CAMERA/Focal_species/Gulo gulo/Turk/PP/2023/COLOR/Robust marks/01.09-10.35/RCNX0700.JPG,RCNX0700.JPG,Turk_2023_202301091035_RCNX0700.jpg,0.8353115320205688,882.0489501953125,383.5113525390625,440.176025390625,784.795166015625,2048,1440,440,784
Turk,2023,202301091035,PP,1,/Volumes/Seagate Portable Drive/KYLE_AI_DATABASE/A_CAMERA/Focal_species/Gulo gulo/Turk/PP/2023/COLOR/Robust marks/01.09-10.35/RCNX0701.JPG,RCNX0701.JPG,Turk_2023_202301091035_RCNX0701.jpg,0.8952587842941284,938.0133666992188,271.2912292480469,390.36871337890625,886.844482421875,2048,1440,390,886
Turk,2023,202301091035,PP,1,/Volumes/Seagate Portable Drive/KYLE_AI_DATABASE/A_CAMERA/Focal_species/Gulo gulo/Turk/PP/2023/COLOR/Robust marks/01.09-10.35/RCNX0702.JPG,RCNX0702.JPG,Turk_2023_202301091035_RCNX0702.jpg,0.8681614398956299,937.8942260742188,329.57928466796875,460.70391845703125,823.2800903320312,2048,1440,460,823
Turk,2023,202301091035,PP,1,/Volumes/Seagate Portable Drive/KYLE_AI_DATABASE/A_CAMERA/Focal_species/Gulo gulo/Turk/PP/2023/COLOR/Robust marks/01.09-10.35/RCNX0703.JPG,RCNX0703.JPG,Turk_2023_202301091035_RCNX0703.jpg,0.8936290740966797,936.8328857421875,351.5979919433594,416.97021484375,800.575927734375,2048,1440,416,800
Turk,2023,202301091035,PP,1,/Volumes/Seagate Portable Drive/KYLE_AI_DATABASE/A_CAMERA/Focal_species/Gulo gulo/Turk/PP/2023/COLOR/Robust marks/01.09-10.35/RCNX0704.JPG,RCNX0704.JPG,Turk_2023_202301091035_RCNX0704.jpg,0.8683574199676514,937.677978515625,318.58111572265625,424.500244140625,838.7354125976562,2048,1440,424,838
Turk,2023,202301091035,PP,1,/Volumes/Seagate Portable Drive/KYLE_AI_DATABASE/A_CAMERA/Focal_species/Gulo gulo/Turk/PP/2023/COLOR/Robust marks/01.09-10.35/RCNX0705.JPG,RCNX0705.JPG,Turk_2023_202301091035_RCNX0705.jpg,0.8580893874168396,935.3712158203125,270.0093078613281,454.009033203125,883.4969482421875,2048,1440,454,883
Turk,2023,202301091035,PP,1,/Volumes/Seagate Portable Drive/KYLE_AI_DATABASE/A_CAMERA/Focal_species/Gulo gulo/Turk/PP/2023/COLOR/Robust marks/01.09-10.35/RCNX0707.JPG,RCNX0707.JPG,Turk_2023_202301091035_RCNX0707.jpg,0.8040753602981567,939.037353515625,270.48956298828125,383.527099609375,883.6691284179688,2048,1440,383,883
Turk,2023,202301091035,PP,1,/Volumes/Seagate Portable Drive/KYLE_AI_DATABASE/A_CAMERA/Focal_species/Gulo gulo/Turk/PP/2023/COLOR/Robust marks/01.09-10.35/RCNX0708.JPG,RCNX0708.JPG,Turk_2023_202301091035_RCNX0708.jpg,0.9028383493423462,937.327880859375,256.77862548828125,388.261474609375,890.3936157226562,2048,1440,388,890
Turk,2023,202301091035,PP,1,/Volumes/Seagate Portable Drive/KYLE_AI_DATABASE/A_CAMERA/Focal_species/Gulo gulo/Turk/PP/2023/COLOR/Robust marks/01.09-10.35/RCNX0709.JPG,RCNX0709.JPG,Turk_2023_202301091035_RCNX0709.jpg,0.874268114566803,940.1253051757812,262.2926940917969,383.71661376953125,894.6573486328125,2048,1440,383,894
Turk,2023,202301091035,PP,1,/Volumes/Seagate Portable Drive/KYLE_AI_DATABASE/A_CAMERA/Focal_species/Gulo gulo/Turk/PP/2023/COLOR/Robust marks/01.09-10.35/RCNX0710.JPG,RCNX0710.JPG,Turk_2023_202301091035_RCNX0710.jpg,0.8775538802146912,939.0365600585938,311.6852111816406,381.39971923828125,838.9652099609375,2048,1440,381,838
Turk,2023,202301091035,PP,1,/Volumes/Seagate Portable Drive/KYLE_AI_DATABASE/A_CAMERA/Focal_species/Gulo gulo/Turk/PP/2023/COLOR/Robust marks/01.09-10.35/RCNX0711.JPG,RCNX0711.JPG,Turk_2023_202301091035_RCNX0711.jpg,0.8514358401298523,953.8071899414062,358.1917724609375,496.15997314453125,817.2354736328125,2048,1440,496,817
Turk,2023,202301091035,PP,1,/Volumes/Seagate Portable Drive/KYLE_AI_DATABASE/A_CAMERA/Focal_species/Gulo gulo/Turk/PP/2023/COLOR/Robust marks/01.09-10.35/RCNX0712.JPG,RCNX0712.JPG,Turk_2023_202301091035_RCNX0712.jpg,0.8012319207191467,939.0665283203125,900.46728515625,389.414306640625,399.3226318359375,2048,1440,389,399
Turk,2023,202301091035,PP,1,/Volumes/Seagate Portable Drive/KYLE_AI_DATABASE/A_CAMERA/Focal_species/Gulo gulo/Turk/PP/2023/COLOR/Robust marks/01.09-10.35/RCNX0713.JPG,RCNX0713.JPG,Turk_2023_202301091035_RCNX0713.jpg,0.8200011253356934,954.377685546875,407.10791015625,351.840576171875,806.972412109375,2048,1440,351,806
Turk,2023,202301091035,PP,1,/Volumes/Seagate Portable Drive/KYLE_AI_DATABASE/A_CAMERA/Focal_species/Gulo gulo/Turk/PP/2023/COLOR/Robust marks/01.09-10.35/RCNX0715.JPG,RCNX0715.JPG,Turk_2023_202301091035_RCNX0715.jpg,0.9244602918624878,945.0031127929688,397.9375915527344,420.43609619140625,792.3509521484375,2048,1440,420,792
Turk,2023,202301091035,PP,1,/Volumes/Seagate Portable Drive/KYLE_AI_DATABASE/A_CAMERA/Focal_species/Gulo gulo/Turk/PP/2023/COLOR/Robust marks/01.09-10.35/RCNX0716.JPG,RCNX0716.JPG,Turk_2023_202301091035_RCNX0716.jpg,0.9157107472419739,946.8305053710938,387.5586853027344,372.56939697265625,805.2935791015625,2048,1440,372,805
Turk,2023,202301091035,PP,1,/Volumes/Seagate Portable Drive/KYLE_AI_DATABASE/A_CAMERA/Focal_species/Gulo gulo/Turk/PP/2023/COLOR/Robust marks/01.09-10.35/RCNX0717.JPG,RCNX0717.JPG,Turk_2023_202301091035_RCNX0717.jpg,0.8547629714012146,946.900390625,246.58135986328125,375.37841796875,970.1201782226562,2048,1440,375,970
Turk,2023,202301091035,PP,1,/Volumes/Seagate Portable Drive/KYLE_AI_DATABASE/A_CAMERA/Focal_species/Gulo gulo/Turk/PP/2023/COLOR/Robust marks/01.09-10.35/RCNX0718.JPG,RCNX0718.JPG,Turk_2023_202301091035_RCNX0718.jpg,0.8733276128768921,893.32177734375,275.8177795410156,424.60009765625,910.029052734375,2048,1440,424,910
Turk,2023,202301091035,PP,1,/Volumes/Seagate Portable Drive/KYLE_AI_DATABASE/A_CAMERA/Focal_species/Gulo gulo/Turk/PP/2023/COLOR/Robust marks/01.09-10.35/RCNX0720.JPG,RCNX0720.JPG,Turk_2023_202301091035_RCNX0720.jpg,0.8346759676933289,905.0963134765625,444.6476745605469,438.917724609375,710.796142578125,2048,1440,438,710
Turk,2023,202301091035,PP,1,/Volumes/Seagate Portable Drive/KYLE_AI_DATABASE/A_CAMERA/Focal_species/Gulo gulo/Turk/PP/2023/COLOR/Robust marks/01.09-10.35/RCNX0724.JPG,RCNX0724.JPG,Turk_2023_202301091035_RCNX0724.jpg,0.8853815793991089,873.5570678710938,303.64739990234375,450.72784423828125,874.4589233398438,2048,1440,450,874
Turk,2023,202301091035,PP,1,/Volumes/Seagate Portable Drive/KYLE_AI_DATABASE/A_CAMERA/Focal_species/Gulo gulo/Turk/PP/2023/COLOR/Robust marks/01.09-10.35/RCNX0725.JPG,RCNX0725.JPG,Turk_2023_202301091035_RCNX0725.jpg,0.8539727926254272,906.7752685546875,389.9841003417969,417.887939453125,752.0484619140625,2048,1440,417,752
Turk,2023,202301091035,PP,1,/Volumes/Seagate Portable Drive/KYLE_AI_DATABASE/A_CAMERA/Focal_species/Gulo gulo/Turk/PP/2023/COLOR/Robust marks/01.09-10.35/RCNX0726.JPG,RCNX0726.JPG,Turk_2023_202301091035_RCNX0726.jpg,0.8077026009559631,866.045166015625,330.95269775390625,465.1318359375,819.8629760742188,2048,1440,465,819
Turk,2023,202301091035,PP,1,/Volumes/Seagate Portable Drive/KYLE_AI_DATABASE/A_CAMERA/Focal_species/Gulo gulo/Turk/PP/2023/COLOR/Robust marks/01.09-10.35/RCNX0727.JPG,RCNX0727.JPG,Turk_2023_202301091035_RCNX0727.jpg,0.9187203049659729,823.24560546875,247.00994873046875,502.929931640625,897.4047241210938,2048,1440,502,897
Turk,2023,202301091035,PP,1,/Volumes/Seagate Portable Drive/KYLE_AI_DATABASE/A_CAMERA/Focal_species/Gulo gulo/Turk/PP/2023/COLOR/Robust marks/01.09-10.35/RCNX0728.JPG,RCNX0728.JPG,Turk_2023_202301091035_RCNX0728.jpg,0.9122921824455261,916.4775390625,290.9373779296875,413.83349609375,859.318115234375,2048,1440,413,859
Turk,2023,202301091035,PP,1,/Volumes/Seagate Portable Drive/KYLE_AI_DATABASE/A_CAMERA/Focal_species/Gulo gulo/Turk/PP/2023/COLOR/Robust marks/01.09-10.35/RCNX0729.JPG,RCNX0729.JPG,Turk_2023_202301091035_RCNX0729.jpg,0.880841076374054,901.7388916015625,291.45355224609375,425.436279296875,849.9088745117188,2048,1440,425,849
Turk,2023,202301091035,PP,1,/Volumes/Seagate Portable Drive/KYLE_AI_DATABASE/A_CAMERA/Focal_species/Gulo gulo/Turk/PP/2023/COLOR/Robust marks/01.09-10.35/RCNX0730.JPG,RCNX0730.JPG,Turk_2023_202301091035_RCNX0730.jpg,0.8713528513908386,897.1212158203125,280.50048828125,428.944091796875,857.433837890625,2048,1440,428,857
Turk,2023,202301091035,PP,1,/Volumes/Seagate Portable Drive/KYLE_AI_DATABASE/A_CAMERA/Focal_species/Gulo gulo/Turk/PP/2023/COLOR/Robust marks/01.09-10.35/RCNX0731.JPG,RCNX0731.JPG,Turk_2023_202301091035_RCNX0731.jpg,0.8102831840515137,918.070068359375,281.2762756347656,420.25146484375,903.3154296875,2048,1440,420,903
Turk,2023,202301091035,PP,1,/Volumes/Seagate Portable Drive/KYLE_AI_DATABASE/A_CAMERA/Focal_species/Gulo gulo/Turk/PP/2023/COLOR/Robust marks/01.09-10.35/RCNX0732.JPG,RCNX0732.JPG,Turk_2023_202301091035_RCNX0732.jpg,0.9441969990730286,927.5394287109375,202.6554412841797,406.06884765625,984.9942016601562,2048,1440,406,984
Turk,2023,202301091035,PP,1,/Volumes/Seagate Portable Drive/KYLE_AI_DATABASE/A_CAMERA/Focal_species/Gulo gulo/Turk/PP/2023/COLOR/Robust marks/01.09-10.35/RCNX0733.JPG,RCNX0733.JPG,Turk_2023_202301091035_RCNX0733.jpg,0.8497270941734314,950.4971923828125,409.7333068847656,385.856689453125,773.32177734375,2048,1440,385,773
Turk,2023,202301091035,PP,1,/Volumes/Seagate Portable Drive/KYLE_AI_DATABASE/A_CAMERA/Focal_species/Gulo gulo/Turk/PP/2023/COLOR/Robust marks/01.09-10.35/RCNX0734.JPG,RCNX0734.JPG,Turk_2023_202301091035_RCNX0734.jpg,0.840969979763031,949.1820068359375,330.72509765625,400.061279296875,851.3927001953125,2048,1440,400,851
Turk,2023,202301091035,PP,1,/Volumes/Seagate Portable Drive/KYLE_AI_DATABASE/A_CAMERA/Focal_species/Gulo gulo/Turk/PP/2023/COLOR/Robust marks/01.09-10.35/RCNX0735.JPG,RCNX0735.JPG,Turk_2023_202301091035_RCNX0735.jpg,0.9058639407157898,937.0425415039062,477.5068359375,410.52508544921875,705.814453125,2048,1440,410,705
Turk,2023,202301091035,PP,1,/Volumes/Seagate Portable Drive/KYLE_AI_DATABASE/A_CAMERA/Focal_species/Gulo gulo/Turk/PP/2023/COLOR/Robust marks/01.09-10.35/RCNX0736.JPG,RCNX0736.JPG,Turk_2023_202301091035_RCNX0736.jpg,0.9165096879005432,937.1253662109375,371.2803039550781,406.760986328125,812.84326171875,2048,1440,406,812
Turk,2023,202301091035,PP,1,/Volumes/Seagate Portable Drive/KYLE_AI_DATABASE/A_CAMERA/Focal_species/Gulo gulo/Turk/PP/2023/COLOR/Robust marks/01.09-10.35/RCNX0737.JPG,RCNX0737.JPG,Turk_2023_202301091035_RCNX0737.jpg,0.8757886290550232,948.0081787109375,283.237060546875,398.547607421875,898.93359375,2048,1440,398,898
Turk,2023,202301091035,PP,1,/Volumes/Seagate Portable Drive/KYLE_AI_DATABASE/A_CAMERA/Focal_species/Gulo gulo/Turk/PP/2023/COLOR/Robust marks/01.09-10.35/RCNX0738.JPG,RCNX0738.JPG,Turk_2023_202301091035_RCNX0738.jpg,0.812480628490448,942.136962890625,338.5794982910156,393.6533203125,843.455078125,2048,1440,393,843
Turk,2023,202301091035,PP,1,/Volumes/Seagate Portable Drive/KYLE_AI_DATABASE/A_CAMERA/Focal_species/Gulo gulo/Turk/PP/2023/COLOR/Robust marks/01.09-10.35/RCNX0739.JPG,RCNX0739.JPG,Turk_2023_202301091035_RCNX0739.jpg,0.8615476489067078,937.075927734375,359.8035888671875,414.22509765625,823.3631591796875,2048,1440,414,823
Turk,2023,202301091035,PP,1,/Volumes/Seagate Portable Drive/KYLE_AI_DATABASE/A_CAMERA/Focal_species/Gulo gulo/Turk/PP/2023/COLOR/Robust marks/01.09-10.35/RCNX0740.JPG,RCNX0740.JPG,Turk_2023_202301091035_RCNX0740.jpg,0.8268413543701172,942.2105712890625,268.3960266113281,410.719482421875,912.81103515625,2048,1440,410,912
Turk,2023,202301091035,PP,1,/Volumes/Seagate Portable Drive/KYLE_AI_DATABASE/A_CAMERA/Focal_species/Gulo gulo/Turk/PP/2023/COLOR/Robust marks/01.09-10.35/RCNX0741.JPG,RCNX0741.JPG,Turk_2023_202301091035_RCNX0741.jpg,0.8744730353355408,940.1103515625,362.2966003417969,495.447265625,830.236328125,2048,1440,495,830
Turk,2023,202301091035,PP,1,/Volumes/Seagate Portable Drive/KYLE_AI_DATABASE/A_CAMERA/Focal_species/Gulo gulo/Turk/PP/2023/COLOR/Robust marks/01.09-10.35/RCNX0742.JPG,RCNX0742.JPG,Turk_2023_202301091035_RCNX0742.jpg,0.8423991203308105,938.2874145507812,393.74664306640625,535.8212280273438,822.0530395507812,2048,1440,535,822
Turk,2023,202301091035,PP,1,/Volumes/Seagate Portable Drive/KYLE_AI_DATABASE/A_CAMERA/Focal_species/Gulo gulo/Turk/PP/2023/COLOR/Robust marks/01.09-10.35/RCNX0743.JPG,RCNX0743.JPG,Turk_2023_202301091035_RCNX0743.jpg,0.8939761519432068,938.1575317382812,367.35394287109375,497.94537353515625,847.5213012695312,2048,1440,497,847
Turk,2023,202301091035,PP,1,/Volumes/Seagate Portable Drive/KYLE_AI_DATABASE/A_CAMERA/Focal_species/Gulo gulo/Turk/PP/2023/COLOR/Robust marks/01.09-10.35/RCNX0744.JPG,RCNX0744.JPG,Turk_2023_202301091035_RCNX0744.jpg,0.8684630393981934,934.4610595703125,168.81935119628906,650.615966796875,1007.721923828125,2048,1440,650,1007
Turk,2023,202301091035,PP,1,/Volumes/Seagate Portable Drive/KYLE_AI_DATABASE/A_CAMERA/Focal_species/Gulo gulo/Turk/PP/2023/COLOR/Robust marks/01.09-10.35/RCNX0745.JPG,RCNX0745.JPG,Turk_2023_202301091035_RCNX0745.jpg,0.8912455439567566,933.3411865234375,194.20574951171875,576.390869140625,941.6582641601562,2048,1440,576,941
Turk,2023,202301091035,PP,1,/Volumes/Seagate Portable Drive/KYLE_AI_DATABASE/A_CAMERA/Focal_species/Gulo gulo/Turk/PP/2023/COLOR/Robust marks/01.09-10.35/RCNX0746.JPG,RCNX0746.JPG,Turk_2023_202301091035_RCNX0746.jpg,0.911823570728302,908.5512084960938,250.4083709716797,494.94158935546875,908.6066284179688,2048,1440,494,908
Turk,2023,202301091035,PP,1,/Volumes/Seagate Portable Drive/KYLE_AI_DATABASE/A_CAMERA/Focal_species/Gulo gulo/Turk/PP/2023/COLOR/Robust marks/01.09-10.35/RCNX0747.JPG,RCNX0747.JPG,Turk_2023_202301091035_RCNX0747.jpg,0.9299367666244507,902.100341796875,256.8183288574219,491.0419921875,895.2523193359375,2048,1440,491,895
Turk,2023,202301091035,PP,1,/Volumes/Seagate Portable Drive/KYLE_AI_DATABASE/A_CAMERA/Focal_species/Gulo gulo/Turk/PP/2023/COLOR/Robust marks/01.09-10.35/RCNX0748.JPG,RCNX0748.JPG,Turk_2023_202301091035_RCNX0748.jpg,0.9288837313652039,936.0714111328125,436.2310485839844,567.875244140625,710.673828125,2048,1440,567,710
Turk,2023,202301091035,PP,1,/Volumes/Seagate Portable Drive/KYLE_AI_DATABASE/A_CAMERA/Focal_species/Gulo gulo/Turk/PP/2023/COLOR/Robust marks/01.09-10.35/RCNX0749.JPG,RCNX0749.JPG,Turk_2023_202301091035_RCNX0749.jpg,0.9628763794898987,1388.3873291015625,944.945556640625,659.9368896484375,460.552001953125,2048,1440,659,460
Turk,2023,202301091035,PP,1,/Volumes/Seagate Portable Drive/KYLE_AI_DATABASE/A_CAMERA/Focal_species/Gulo gulo/Turk/PP/2023/COLOR/Robust marks/01.09-10.35/RCNX0752.JPG,RCNX0752.JPG,Turk_2023_202301091035_RCNX0752.jpg,0.8973627686500549,834.8419189453125,234.2442169189453,510.103759765625,945.6685180664062,2048,1440,510,945
Turk,2023,202301091035,PP,1,/Volumes/Seagate Portable Drive/KYLE_AI_DATABASE/A_CAMERA/Focal_species/Gulo gulo/Turk/PP/2023/COLOR/Robust marks/01.09-10.35/RCNX0753.JPG,RCNX0753.JPG,Turk_2023_202301091035_RCNX0753.jpg,0.9082792401313782,926.4893188476562,296.2562561035156,446.74847412109375,847.99853515625,2048,1440,446,847
Turk,2023,202301091035,PP,1,/Volumes/Seagate Portable Drive/KYLE_AI_DATABASE/A_CAMERA/Focal_species/Gulo gulo/Turk/PP/2023/COLOR/Robust marks/01.09-10.35/RCNX0754.JPG,RCNX0754.JPG,Turk_2023_202301091035_RCNX0754.jpg,0.891241192817688,911.6378173828125,287.87762451171875,453.102783203125,891.8347778320312,2048,1440,453,891
Turk,2023,202301091035,PP,1,/Volumes/Seagate Portable Drive/KYLE_AI_DATABASE/A_CAMERA/Focal_species/Gulo gulo/Turk/PP/2023/COLOR/Robust marks/01.09-10.35/RCNX0755.JPG,RCNX0755.JPG,Turk_2023_202301091035_RCNX0755.jpg,0.8824974894523621,924.0960693359375,280.85272216796875,444.8779296875,896.0441284179688,2048,1440,444,896
Turk,2023,202301091035,PP,1,/Volumes/Seagate Portable Drive/KYLE_AI_DATABASE/A_CAMERA/Focal_species/Gulo gulo/Turk/PP/2023/COLOR/Robust marks/01.09-10.35/RCNX0756.JPG,RCNX0756.JPG,Turk_2023_202301091035_RCNX0756.jpg,0.9015660881996155,919.6195068359375,294.185791015625,454.0771484375,885.6446533203125,2048,1440,454,885
Turk,2023,202301091035,PP,1,/Volumes/Seagate Portable Drive/KYLE_AI_DATABASE/A_CAMERA/Focal_species/Gulo gulo/Turk/PP/2023/COLOR/Robust marks/01.09-10.35/RCNX0757.JPG,RCNX0757.JPG,Turk_2023_202301091035_RCNX0757.jpg,0.9328446388244629,941.720458984375,272.9329528808594,435.782958984375,909.05126953125,2048,1440,435,909
Turk,2023,202301091035,PP,1,/Volumes/Seagate Portable Drive/KYLE_AI_DATABASE/A_CAMERA/Focal_species/Gulo gulo/Turk/PP/2023/COLOR/Robust marks/01.09-10.35/RCNX0758.JPG,RCNX0758.JPG,Turk_2023_202301091035_RCNX0758.jpg,0.8613409996032715,923.7679443359375,348.5002746582031,448.223388671875,805.0706787109375,2048,1440,448,805
Turk,2023,202301091035,PP,1,/Volumes/Seagate Portable Drive/KYLE_AI_DATABASE/A_CAMERA/Focal_species/Gulo gulo/Turk/PP/2023/COLOR/Robust marks/01.09-10.35/RCNX0759.JPG,RCNX0759.JPG,Turk_2023_202301091035_RCNX0759.jpg,0.9233799576759338,932.5894165039062,387.6986083984375,420.45965576171875,749.3541259765625,2048,1440,420,749
Turk,2023,202301091035,PP,1,/Volumes/Seagate Portable Drive/KYLE_AI_DATABASE/A_CAMERA/Focal_species/Gulo gulo/Turk/PP/2023/COLOR/Robust marks/01.09-10.35/RCNX0760.JPG,RCNX0760.JPG,Turk_2023_202301091035_RCNX0760.jpg,0.8994584679603577,906.29248046875,308.367919921875,469.999267578125,833.887939453125,2048,1440,469,833
Turk,2023,202301091035,PP,1,/Volumes/Seagate Portable Drive/KYLE_AI_DATABASE/A_CAMERA/Focal_species/Gulo gulo/Turk/PP/2023/COLOR/Robust marks/01.09-10.35/RCNX0762.JPG,RCNX0762.JPG,Turk_2023_202301091035_RCNX0762.jpg,0.8899999260902405,929.5,469.20166015625,395.611328125,679.3724365234375,2048,1440,395,679
Turk,2023,202301091035,PP,1,/Volumes/Seagate Portable Drive/KYLE_AI_DATABASE/A_CAMERA/Focal_species/Gulo gulo/Turk/PP/2023/COLOR/Robust marks/01.09-10.35/RCNX0764.JPG,RCNX0764.JPG,Turk_2023_202301091035_RCNX0764.jpg,0.8791074752807617,875.3360595703125,409.7563171386719,451.3017578125,713.001708984375,2048,1440,451,713
Turk,2023,202301091035,PP,1,/Volumes/Seagate Portable Drive/KYLE_AI_DATABASE/A_CAMERA/Focal_species/Gulo gulo/Turk/PP/2023/COLOR/Robust marks/01.09-10.35/RCNX0765.JPG,RCNX0765.JPG,Turk_2023_202301091035_RCNX0765.jpg,0.8539788126945496,904.1774291992188,328.74578857421875,420.67901611328125,798.3816528320312,2048,1440,420,798
Turk,2023,202301091035,PP,1,/Volumes/Seagate Portable Drive/KYLE_AI_DATABASE/A_CAMERA/Focal_species/Gulo gulo/Turk/PP/2023/COLOR/Robust marks/01.09-10.35/RCNX0766.JPG,RCNX0766.JPG,Turk_2023_202301091035_RCNX0766.jpg,0.8559337854385376,874.3825073242188,272.0091552734375,454.22186279296875,862.0833740234375,2048,1440,454,862
Turk,2023,202301091035,PP,1,/Volumes/Seagate Portable Drive/KYLE_AI_DATABASE/A_CAMERA/Focal_species/Gulo gulo/Turk/PP/2023/COLOR/Robust marks/01.09-10.35/RCNX0767.JPG,RCNX0767.JPG,Turk_2023_202301091035_RCNX0767.jpg,0.89146888256073,882.705810546875,268.00958251953125,445.9501953125,859.7058715820312,2048,1440,445,859
Turk,2023,202301091035,PP,1,/Volumes/Seagate Portable Drive/KYLE_AI_DATABASE/A_CAMERA/Focal_species/Gulo gulo/Turk/PP/2023/COLOR/Robust marks/01.09-10.35/RCNX0768.JPG,RCNX0768.JPG,Turk_2023_202301091035_RCNX0768.jpg,0.858902096748352,883.1846923828125,282.30914306640625,442.471923828125,844.5209350585938,2048,1440,442,844
Turk,2023,202301091035,PP,1,/Volumes/Seagate Portable Drive/KYLE_AI_DATABASE/A_CAMERA/Focal_species/Gulo gulo/Turk/PP/2023/COLOR/Robust marks/01.09-10.35/RCNX0769.JPG,RCNX0769.JPG,Turk_2023_202301091035_RCNX0769.jpg,0.8457949757575989,846.8892822265625,282.1971435546875,479.967529296875,849.067626953125,2048,1440,479,849
Turk,2023,202301091035,PP,1,/Volumes/Seagate Portable Drive/KYLE_AI_DATABASE/A_CAMERA/Focal_species/Gulo gulo/Turk/PP/2023/COLOR/Robust marks/01.09-10.35/RCNX0770.JPG,RCNX0770.JPG,Turk_2023_202301091035_RCNX0770.jpg,0.9044235348701477,899.79541015625,287.2616271972656,446.380126953125,882.728759765625,2048,1440,446,882
Turk,2023,202301091035,PP,1,/Volumes/Seagate Portable Drive/KYLE_AI_DATABASE/A_CAMERA/Focal_species/Gulo gulo/Turk/PP/2023/COLOR/Robust marks/01.09-10.35/RCNX0773.JPG,RCNX0773.JPG,Turk_2023_202301091035_RCNX0773.jpg,0.8391790986061096,968.1668701171875,295.45745849609375,364.9970703125,922.5281372070312,2048,1440,364,922
Turk,2023,202301091035,PP,1,/Volumes/Seagate Portable Drive/KYLE_AI_DATABASE/A_CAMERA/Focal_species/Gulo gulo/Turk/PP/2023/COLOR/Robust marks/01.09-10.35/RCNX0774.JPG,RCNX0774.JPG,Turk_2023_202301091035_RCNX0774.jpg,0.8867934942245483,949.63671875,237.74916076660156,376.687744140625,994.844482421875,2048,1440,376,994
Turk,2023,202301091035,PP,1,/Volumes/Seagate Portable Drive/KYLE_AI_DATABASE/A_CAMERA/Focal_species/Gulo gulo/Turk/PP/2023/COLOR/Robust marks/01.09-10.35/RCNX0775.JPG,RCNX0775.JPG,Turk_2023_202301091035_RCNX0775.jpg,0.915435791015625,945.1851196289062,379.59613037109375,378.95477294921875,853.9340209960938,2048,1440,378,853
Turk,2023,202301091035,PP,1,/Volumes/Seagate Portable Drive/KYLE_AI_DATABASE/A_CAMERA/Focal_species/Gulo gulo/Turk/PP/2023/COLOR/Robust marks/01.09-10.35/RCNX0776.JPG,RCNX0776.JPG,Turk_2023_202301091035_RCNX0776.jpg,0.874261736869812,942.5159912109375,312.0855407714844,382.375,954.039306640625,2048,1440,382,954
Turk,2023,202301091035,PP,1,/Volumes/Seagate Portable Drive/KYLE_AI_DATABASE/A_CAMERA/Focal_species/Gulo gulo/Turk/PP/2023/COLOR/Robust marks/01.09-10.35/RCNX0777.JPG,RCNX0777.JPG,Turk_2023_202301091035_RCNX0777.jpg,0.9004787802696228,963.53369140625,535.4964599609375,361.721923828125,745.0784912109375,2048,1440,361,745
Turk,2023,202301091035,PP,1,/Volumes/Seagate Portable Drive/KYLE_AI_DATABASE/A_CAMERA/Focal_species/Gulo gulo/Turk/PP/2023/COLOR/Robust marks/01.09-10.35/RCNX0778.JPG,RCNX0778.JPG,Turk_2023_202301091035_RCNX0778.jpg,0.8028846383094788,955.7344360351562,348.2098388671875,366.12567138671875,928.3807373046875,2048,1440,366,928
Turk,2023,202301091035,PP,1,/Volumes/Seagate Portable Drive/KYLE_AI_DATABASE/A_CAMERA/Focal_species/Gulo gulo/Turk/PP/2023/COLOR/Robust marks/01.09-10.35/RCNX0779.JPG,RCNX0779.JPG,Turk_2023_202301091035_RCNX0779.jpg,0.9232822060585022,931.685302734375,384.875244140625,391.99169921875,850.51708984375,2048,1440,391,850
Turk,2023,202301091035,PP,1,/Volumes/Seagate Portable Drive/KYLE_AI_DATABASE/A_CAMERA/Focal_species/Gulo gulo/Turk/PP/2023/COLOR/Robust marks/01.09-10.35/RCNX0782.JPG,RCNX0782.JPG,Turk_2023_202301091035_RCNX0782.jpg,0.8843238949775696,945.1005249023438,528.21923828125,536.1455688476562,725.0732421875,2048,1440,536,725
Turk,2023,202301091035,PP,1,/Volumes/Seagate Portable Drive/KYLE_AI_DATABASE/A_CAMERA/Focal_species/Gulo gulo/Turk/PP/2023/COLOR/Robust marks/01.09-10.35/RCNX0783.JPG,RCNX0783.JPG,Turk_2023_202301091035_RCNX0783.jpg,0.902673602104187,948.0137329101562,537.88232421875,527.6185913085938,721.4735107421875,2048,1440,527,721
Turk,2023,202301091035,PP,1,/Volumes/Seagate Portable Drive/KYLE_AI_DATABASE/A_CAMERA/Focal_species/Gulo gulo/Turk/PP/2023/COLOR/Robust marks/01.09-10.35/RCNX0784.JPG,RCNX0784.JPG,Turk_2023_202301091035_RCNX0784.jpg,0.857780933380127,951.3070068359375,528.2503662109375,494.908203125,735.5224609375,2048,1440,494,735
Turk,2023,202301091035,PP,1,/Volumes/Seagate Portable Drive/KYLE_AI_DATABASE/A_CAMERA/Focal_species/Gulo gulo/Turk/PP/2023/COLOR/Robust marks/01.09-10.35/RCNX0786.JPG,RCNX0786.JPG,Turk_2023_202301091035_RCNX0786.jpg,0.9240896701812744,965.7444458007812,259.060791015625,441.08148193359375,999.5296630859375,2048,1440,441,999
Turk,2023,202301091035,PP,1,/Volumes/Seagate Portable Drive/KYLE_AI_DATABASE/A_CAMERA/Focal_species/Gulo gulo/Turk/PP/2023/COLOR/Robust marks/01.09-10.35/RCNX0788.JPG,RCNX0788.JPG,Turk_2023_202301091035_RCNX0788.jpg,0.8237038254737854,966.1668701171875,259.7006530761719,455.10205078125,996.20703125,2048,1440,455,996
Turk,2023,202301091035,PP,1,/Volumes/Seagate Portable Drive/KYLE_AI_DATABASE/A_CAMERA/Focal_species/Gulo gulo/Turk/PP/2023/COLOR/Robust marks/01.09-10.35/RCNX0789.JPG,RCNX0789.JPG,Turk_2023_202301091035_RCNX0789.jpg,0.8530528545379639,950.78857421875,535.8828735351562,534.906982421875,719.4263305664062,2048,1440,534,719
Turk,2023,202301091035,PP,1,/Volumes/Seagate Portable Drive/KYLE_AI_DATABASE/A_CAMERA/Focal_species/Gulo gulo/Turk/PP/2023/COLOR/Robust marks/01.09-10.35/RCNX0790.JPG,RCNX0790.JPG,Turk_2023_202301091035_RCNX0790.jpg,0.9156426787376404,946.3045043945312,315.25341796875,495.09808349609375,919.11767578125,2048,1440,495,919
Turk,2023,202301091035,PP,1,/Volumes/Seagate Portable Drive/KYLE_AI_DATABASE/A_CAMERA/Focal_species/Gulo gulo/Turk/PP/2023/COLOR/Robust marks/01.09-10.35/RCNX0791.JPG,RCNX0791.JPG,Turk_2023_202301091035_RCNX0791.jpg,0.8792983889579773,955.131591796875,268.805908203125,371.182373046875,890.565673828125,2048,1440,371,890
Turk,2023,202301091035,PP,1,/Volumes/Seagate Portable Drive/KYLE_AI_DATABASE/A_CAMERA/Focal_species/Gulo gulo/Turk/PP/2023/COLOR/Robust marks/01.09-10.35/RCNX0792.JPG,RCNX0792.JPG,Turk_2023_202301091035_RCNX0792.jpg,0.8732340931892395,955.5,373.102783203125,374.81787109375,801.606689453125,2048,1440,374,801
Turk,2023,202301091035,PP,1,/Volumes/Seagate Portable Drive/KYLE_AI_DATABASE/A_CAMERA/Focal_species/Gulo gulo/Turk/PP/2023/COLOR/Robust marks/01.09-10.35/RCNX0793.JPG,RCNX0793.JPG,Turk_2023_202301091035_RCNX0793.jpg,0.8202736377716064,975.8018798828125,257.751708984375,345.239501953125,985.369140625,2048,1440,345,985
Turk,2023,202301091035,PP,1,/Volumes/Seagate Portable Drive/KYLE_AI_DATABASE/A_CAMERA/Focal_species/Gulo gulo/Turk/PP/2023/COLOR/Robust marks/01.09-10.35/RCNX0796.JPG,RCNX0796.JPG,Turk_2023_202301091035_RCNX0796.jpg,0.8408700823783875,952.212158203125,421.17694091796875,365.4697265625,763.5305786132812,2048,1440,365,763
Turk,2023,202301091035,PP,1,/Volumes/Seagate Portable Drive/KYLE_AI_DATABASE/A_CAMERA/Focal_species/Gulo gulo/Turk/PP/2023/COLOR/Robust marks/01.09-10.35/RCNX0798.JPG,RCNX0798.JPG,Turk_2023_202301091035_RCNX0798.jpg,0.8788081407546997,916.6054077148438,373.0426940917969,386.31866455078125,771.87841796875,2048,1440,386,771
Turk,2023,202301091035,PP,1,/Volumes/Seagate Portable Drive/KYLE_AI_DATABASE/A_CAMERA/Focal_species/Gulo gulo/Turk/PP/2023/COLOR/Robust marks/01.09-10.35/RCNX0799.JPG,RCNX0799.JPG,Turk_2023_202301091035_RCNX0799.jpg,0.8224755525588989,873.8811645507812,367.19195556640625,442.27825927734375,814.4811401367188,2048,1440,442,814
Turk,2023,202301091035,PP,1,/Volumes/Seagate Portable Drive/KYLE_AI_DATABASE/A_CAMERA/Focal_species/Gulo gulo/Turk/PP/2023/COLOR/Robust marks/01.09-10.35/RCNX0800.JPG,RCNX0800.JPG,Turk_2023_202301091035_RCNX0800.jpg,0.8676895499229431,942.315185546875,283.59259033203125,380.36376953125,866.5695190429688,2048,1440,380,866
Turk,2023,202301091035,PP,1,/Volumes/Seagate Portable Drive/KYLE_AI_DATABASE/A_CAMERA/Focal_species/Gulo gulo/Turk/PP/2023/COLOR/Robust marks/01.09-10.35/RCNX0801.JPG,RCNX0801.JPG,Turk_2023_202301091035_RCNX0801.jpg,0.9213287234306335,939.527587890625,446.9596252441406,387.99267578125,692.559326171875,2048,1440,387,692
Turk,2023,202301091035,PP,1,/Volumes/Seagate Portable Drive/KYLE_AI_DATABASE/A_CAMERA/Focal_species/Gulo gulo/Turk/PP/2023/COLOR/Robust marks/01.09-10.35/RCNX0802.JPG,RCNX0802.JPG,Turk_2023_202301091035_RCNX0802.jpg,0.8773406744003296,940.3419189453125,391.1698913574219,388.62744140625,751.8006591796875,2048,1440,388,751
Turk,2023,202301091035,PP,1,/Volumes/Seagate Portable Drive/KYLE_AI_DATABASE/A_CAMERA/Focal_species/Gulo gulo/Turk/PP/2023/COLOR/Robust marks/01.09-10.35/RCNX0803.JPG,RCNX0803.JPG,Turk_2023_202301091035_RCNX0803.jpg,0.9090797305107117,942.437255859375,316.4407958984375,421.455810546875,832.7593994140625,2048,1440,421,832
Turk,2023,202301091035,PP,1,/Volumes/Seagate Portable Drive/KYLE_AI_DATABASE/A_CAMERA/Focal_species/Gulo gulo/Turk/PP/2023/COLOR/Robust marks/01.09-10.35/RCNX0804.JPG,RCNX0804.JPG,Turk_2023_202301091035_RCNX0804.jpg,0.9251371622085571,942.809814453125,380.49639892578125,457.564208984375,766.9351196289062,2048,1440,457,766
Turk,2023,202301091035,PP,1,/Volumes/Seagate Portable Drive/KYLE_AI_DATABASE/A_CAMERA/Focal_species/Gulo gulo/Turk/PP/2023/COLOR/Robust marks/01.09-10.35/RCNX0805.JPG,RCNX0805.JPG,Turk_2023_202301091035_RCNX0805.jpg,0.8025007247924805,941.1240844726562,357.6626281738281,427.81744384765625,792.8912353515625,2048,1440,427,792
Turk,2023,202301091035,PP,1,/Volumes/Seagate Portable Drive/KYLE_AI_DATABASE/A_CAMERA/Focal_species/Gulo gulo/Turk/PP/2023/COLOR/Robust marks/01.09-10.35/RCNX0807.JPG,RCNX0807.JPG,Turk_2023_202301091035_RCNX0807.jpg,0.9001139998435974,941.9449462890625,374.0329284667969,387.526123046875,769.7401123046875,2048,1440,387,769
Turk,2023,202301091035,PP,1,/Volumes/Seagate Portable Drive/KYLE_AI_DATABASE/A_CAMERA/Focal_species/Gulo gulo/Turk/PP/2023/COLOR/Robust marks/01.09-10.35/RCNX0808.JPG,RCNX0808.JPG,Turk_2023_202301091035_RCNX0808.jpg,0.9177010655403137,937.001953125,486.712158203125,394.70068359375,655.91845703125,2048,1440,394,655
Turk,2023,202301091035,PP,1,/Volumes/Seagate Portable Drive/KYLE_AI_DATABASE/A_CAMERA/Focal_species/Gulo gulo/Turk/PP/2023/COLOR/Robust marks/01.09-10.35/RCNX0809.JPG,RCNX0809.JPG,Turk_2023_202301091035_RCNX0809.jpg,0.950370728969574,940.911865234375,475.53875732421875,400.686279296875,663.9865112304688,2048,1440,400,663
Turk,2023,202301091035,PP,1,/Volumes/Seagate Portable Drive/KYLE_AI_DATABASE/A_CAMERA/Focal_species/Gulo gulo/Turk/PP/2023/COLOR/Robust marks/01.09-10.35/RCNX0810.JPG,RCNX0810.JPG,Turk_2023_202301091035_RCNX0810.jpg,0.9232063293457031,945.8985595703125,247.48377990722656,535.34765625,923.561279296875,2048,1440,535,923
Turk,2023,202301091035,PP,1,/Volumes/Seagate Portable Drive/KYLE_AI_DATABASE/A_CAMERA/Focal_species/Gulo gulo/Turk/PP/2023/COLOR/Robust marks/01.09-10.35/RCNX0811.JPG,RCNX0811.JPG,Turk_2023_202301091035_RCNX0811.jpg,0.9210300445556641,937.8042602539062,315.7095947265625,402.00653076171875,833.487060546875,2048,1440,402,833
Turk,2023,202301091035,PP,1,/Volumes/Seagate Portable Drive/KYLE_AI_DATABASE/A_CAMERA/Focal_species/Gulo gulo/Turk/PP/2023/COLOR/Robust marks/01.09-10.35/RCNX0812.JPG,RCNX0812.JPG,Turk_2023_202301091035_RCNX0812.jpg,0.8988670110702515,935.8851318359375,254.03807067871094,402.5380859375,875.131103515625,2048,1440,402,875
Turk,2023,202301091035,PP,1,/Volumes/Seagate Portable Drive/KYLE_AI_DATABASE/A_CAMERA/Focal_species/Gulo gulo/Turk/PP/2023/COLOR/Robust marks/01.09-10.35/RCNX0813.JPG,RCNX0813.JPG,Turk_2023_202301091035_RCNX0813.jpg,0.852754533290863,938.43994140625,227.6493377685547,386.53271484375,910.8966674804688,2048,1440,386,910
Turk,2023,202301091035,PP,1,/Volumes/Seagate Portable Drive/KYLE_AI_DATABASE/A_CAMERA/Focal_species/Gulo gulo/Turk/PP/2023/COLOR/Robust marks/01.09-10.35/RCNX0814.JPG,RCNX0814.JPG,Turk_2023_202301091035_RCNX0814.jpg,0.8643030524253845,940.2505493164062,350.2755432128906,390.74359130859375,765.962158203125,2048,1440,390,765
Turk,2023,202301091035,PP,1,/Volumes/Seagate Portable Drive/KYLE_AI_DATABASE/A_CAMERA/Focal_species/Gulo gulo/Turk/PP/2023/COLOR/Robust marks/01.09-10.35/RCNX0815.JPG,RCNX0815.JPG,Turk_2023_202301091035_RCNX0815.jpg,0.8844247460365295,941.0282592773438,232.14810180664062,454.59124755859375,886.369873046875,2048,1440,454,886
Turk,2023,202301091035,PP,1,/Volumes/Seagate Portable Drive/KYLE_AI_DATABASE/A_CAMERA/Focal_species/Gulo gulo/Turk/PP/2023/COLOR/Robust marks/01.09-10.35/RCNX0816.JPG,RCNX0816.JPG,Turk_2023_202301091035_RCNX0816.jpg,0.9221793413162231,940.4660034179688,345.8968200683594,465.59710693359375,781.563232421875,2048,1440,465,781
Turk,2023,202301091035,PP,1,/Volumes/Seagate Portable Drive/KYLE_AI_DATABASE/A_CAMERA/Focal_species/Gulo gulo/Turk/PP/2023/COLOR/Robust marks/01.09-10.35/RCNX0817.JPG,RCNX0817.JPG,Turk_2023_202301091035_RCNX0817.jpg,0.9390538930892944,937.79931640625,257.9921569824219,522.101806640625,870.359375,2048,1440,522,870
Turk,2023,202301091035,PP,1,/Volumes/Seagate Portable Drive/KYLE_AI_DATABASE/A_CAMERA/Focal_species/Gulo gulo/Turk/PP/2023/COLOR/Robust marks/01.09-10.35/RCNX0818.JPG,RCNX0818.JPG,Turk_2023_202301091035_RCNX0818.jpg,0.928927481174469,937.5914306640625,365.0937805175781,384.90478515625,765.3509521484375,2048,1440,384,765
Turk,2023,202301091035,PP,1,/Volumes/Seagate Portable Drive/KYLE_AI_DATABASE/A_CAMERA/Focal_species/Gulo gulo/Turk/PP/2023/COLOR/Robust marks/01.09-10.35/RCNX0819.JPG,RCNX0819.JPG,Turk_2023_202301091035_RCNX0819.jpg,0.8584856390953064,923.7570190429688,406.3801574707031,397.64202880859375,742.2620849609375,2048,1440,397,742
Turk,2023,202301091035,PP,1,/Volumes/Seagate Portable Drive/KYLE_AI_DATABASE/A_CAMERA/Focal_species/Gulo gulo/Turk/PP/2023/COLOR/Robust marks/01.09-10.35/RCNX0820.JPG,RCNX0820.JPG,Turk_2023_202301091035_RCNX0820.jpg,0.8760168552398682,930.5213623046875,394.9849853515625,391.69775390625,733.8458251953125,2048,1440,391,733
Turk,2023,202301091035,PP,1,/Volumes/Seagate Portable Drive/KYLE_AI_DATABASE/A_CAMERA/Focal_species/Gulo gulo/Turk/PP/2023/COLOR/Robust marks/01.09-10.35/RCNX0821.JPG,RCNX0821.JPG,Turk_2023_202301091035_RCNX0821.jpg,0.9215206503868103,944.5621337890625,247.6077117919922,554.907958984375,876.8016967773438,2048,1440,554,876
Turk,2023,202301091035,PP,1,/Volumes/Seagate Portable Drive/KYLE_AI_DATABASE/A_CAMERA/Focal_species/Gulo gulo/Turk/PP/2023/COLOR/Robust marks/01.09-10.35/RCNX0822.JPG,RCNX0822.JPG,Turk_2023_202301091035_RCNX0822.jpg,0.9200616478919983,954.9591674804688,256.7450256347656,451.82818603515625,867.9642333984375,2048,1440,451,867
Turk,2023,202301091035,PP,1,/Volumes/Seagate Portable Drive/KYLE_AI_DATABASE/A_CAMERA/Focal_species/Gulo gulo/Turk/PP/2023/COLOR/Robust marks/01.09-10.35/RCNX0823.JPG,RCNX0823.JPG,Turk_2023_202301091035_RCNX0823.jpg,0.8969347476959229,947.6026611328125,251.85482788085938,527.65771484375,871.0057373046875,2048,1440,527,871
Turk,2023,202301091035,PP,1,/Volumes/Seagate Portable Drive/KYLE_AI_DATABASE/A_CAMERA/Focal_species/Gulo gulo/Turk/PP/2023/COLOR/Robust marks/01.09-10.35/RCNX0824.JPG,RCNX0824.JPG,Turk_2023_202301091035_RCNX0824.jpg,0.9080131649971008,951.2819213867188,262.5921630859375,504.20831298828125,865.108642578125,2048,1440,504,865
Turk,2023,202301091035,PP,1,/Volumes/Seagate Portable Drive/KYLE_AI_DATABASE/A_CAMERA/Focal_species/Gulo gulo/Turk/PP/2023/COLOR/Robust marks/01.09-10.35/RCNX0825.JPG,RCNX0825.JPG,Turk_2023_202301091035_RCNX0825.jpg,0.8917731046676636,948.3665771484375,354.1287841796875,482.8427734375,772.5111083984375,2048,1440,482,772
Turk,2023,202301091035,PP,1,/Volumes/Seagate Portable Drive/KYLE_AI_DATABASE/A_CAMERA/Focal_species/Gulo gulo/Turk/PP/2023/COLOR/Robust marks/01.09-10.35/RCNX0826.JPG,RCNX0826.JPG,Turk_2023_202301091035_RCNX0826.jpg,0.9293451905250549,957.8580322265625,249.06748962402344,490.465576171875,877.435791015625,2048,1440,490,877
Turk,2023,202301091035,PP,1,/Volumes/Seagate Portable Drive/KYLE_AI_DATABASE/A_CAMERA/Focal_species/Gulo gulo/Turk/PP/2023/COLOR/Robust marks/01.09-10.35/RCNX0827.JPG,RCNX0827.JPG,Turk_2023_202301091035_RCNX0827.jpg,0.915162980556488,953.753662109375,261.6511535644531,483.46337890625,865.9119873046875,2048,1440,483,865
Turk,2023,202301091035,PP,1,/Volumes/Seagate Portable Drive/KYLE_AI_DATABASE/A_CAMERA/Focal_species/Gulo gulo/Turk/PP/2023/COLOR/Robust marks/01.09-10.35/RCNX0828.JPG,RCNX0828.JPG,Turk_2023_202301091035_RCNX0828.jpg,0.9236618280410767,941.6802978515625,354.55145263671875,389.998779296875,771.5590209960938,2048,1440,389,771
Turk,2023,202301091035,PP,1,/Volumes/Seagate Portable Drive/KYLE_AI_DATABASE/A_CAMERA/Focal_species/Gulo gulo/Turk/PP/2023/COLOR/Robust marks/01.09-10.35/RCNX0829.JPG,RCNX0829.JPG,Turk_2023_202301091035_RCNX0829.jpg,0.8726396560668945,926.2507934570312,383.8705749511719,398.00994873046875,772.5819091796875,2048,1440,398,772
Turk,2023,202301091035,PP,1,/Volumes/Seagate Portable Drive/KYLE_AI_DATABASE/A_CAMERA/Focal_species/Gulo gulo/Turk/PP/2023/COLOR/Robust marks/01.09-10.35/RCNX0831.JPG,RCNX0831.JPG,Turk_2023_202301091035_RCNX0831.jpg,0.8651423454284668,944.4981689453125,271.7940673828125,417.356689453125,851.1624755859375,2048,1440,417,851
Turk,2023,202301091035,PP,1,/Volumes/Seagate Portable Drive/KYLE_AI_DATABASE/A_CAMERA/Focal_species/Gulo gulo/Turk/PP/2023/COLOR/Robust marks/01.09-10.35/RCNX0832.JPG,RCNX0832.JPG,Turk_2023_202301091035_RCNX0832.jpg,0.847399890422821,948.259033203125,384.11749267578125,407.536865234375,739.7097778320312,2048,1440,407,739
Turk,2023,202301091035,PP,1,/Volumes/Seagate Portable Drive/KYLE_AI_DATABASE/A_CAMERA/Focal_species/Gulo gulo/Turk/PP/2023/COLOR/Robust marks/01.09-10.35/RCNX0841.JPG,RCNX0841.JPG,Turk_2023_202301091035_RCNX0841.jpg,0.8559728860855103,940.9382934570312,418.7159729003906,401.44561767578125,741.8067626953125,2048,1440,401,741
Turk,2023,202301091035,PP,1,/Volumes/Seagate Portable Drive/KYLE_AI_DATABASE/A_CAMERA/Focal_species/Gulo gulo/Turk/PP/2023/COLOR/Robust marks/01.09-10.35/RCNX0842.JPG,RCNX0842.JPG,Turk_2023_202301091035_RCNX0842.jpg,0.936007022857666,942.5906372070312,401.78515625,415.07269287109375,740.7220458984375,2048,1440,415,740
Turk,2023,202301091035,PP,1,/Volumes/Seagate Portable Drive/KYLE_AI_DATABASE/A_CAMERA/Focal_species/Gulo gulo/Turk/PP/2023/COLOR/Robust marks/01.09-10.35/RCNX0843.JPG,RCNX0843.JPG,Turk_2023_202301091035_RCNX0843.jpg,0.831403911113739,795.3306884765625,243.31768798828125,546.181884765625,901.0460815429688,2048,1440,546,901
Turk,2023,202301091035,PP,1,/Volumes/Seagate Portable Drive/KYLE_AI_DATABASE/A_CAMERA/Focal_species/Gulo gulo/Turk/PP/2023/COLOR/Robust marks/01.09-10.35/RCNX0844.JPG,RCNX0844.JPG,Turk_2023_202301091035_RCNX0844.jpg,0.9085786938667297,810.7107543945312,226.08087158203125,524.4562377929688,917.0961303710938,2048,1440,524,917
Turk,2023,202301091035,PP,1,/Volumes/Seagate Portable Drive/KYLE_AI_DATABASE/A_CAMERA/Focal_species/Gulo gulo/Turk/PP/2023/COLOR/Robust marks/01.09-10.35/RCNX0845.JPG,RCNX0845.JPG,Turk_2023_202301091035_RCNX0845.jpg,0.8566848039627075,937.608642578125,252.19300842285156,503.885498046875,911.2562255859375,2048,1440,503,911
Turk,2023,202301091035,PP,1,/Volumes/Seagate Portable Drive/KYLE_AI_DATABASE/A_CAMERA/Focal_species/Gulo gulo/Turk/PP/2023/COLOR/Robust marks/01.09-10.35/RCNX0846.JPG,RCNX0846.JPG,Turk_2023_202301091035_RCNX0846.jpg,0.8687084913253784,935.0031127929688,265.92449951171875,509.93780517578125,860.4863891601562,2048,1440,509,860
Turk,2023,202301091035,PP,1,/Volumes/Seagate Portable Drive/KYLE_AI_DATABASE/A_CAMERA/Focal_species/Gulo gulo/Turk/PP/2023/COLOR/Robust marks/01.09-10.35/RCNX0849.JPG,RCNX0849.JPG,Turk_2023_202301091035_RCNX0849.jpg,0.8814796209335327,934.4285888671875,266.0888977050781,528.10107421875,895.3275146484375,2048,1440,528,895
Turk,2023,202301091035,PP,1,/Volumes/Seagate Portable Drive/KYLE_AI_DATABASE/A_CAMERA/Focal_species/Gulo gulo/Turk/PP/2023/COLOR/Robust marks/01.09-10.35/RCNX0850.JPG,RCNX0850.JPG,Turk_2023_202301091035_RCNX0850.jpg,0.863370954990387,937.8876342773438,372.76873779296875,578.5886840820312,785.4286499023438,2048,1440,578,785
Turk,2023,202301091035,PP,1,/Volumes/Seagate Portable Drive/KYLE_AI_DATABASE/A_CAMERA/Focal_species/Gulo gulo/Turk/PP/2023/COLOR/Robust marks/01.09-10.35/RCNX0851.JPG,RCNX0851.JPG,Turk_2023_202301091035_RCNX0851.jpg,0.8954898715019226,941.8109130859375,400.6495056152344,415.279541015625,782.9090576171875,2048,1440,415,782
Turk,2023,202301091035,PP,1,/Volumes/Seagate Portable Drive/KYLE_AI_DATABASE/A_CAMERA/Focal_species/Gulo gulo/Turk/PP/2023/COLOR/Robust marks/01.09-10.35/RCNX0853.JPG,RCNX0853.JPG,Turk_2023_202301091035_RCNX0853.jpg,0.8243668079376221,930.7884521484375,288.830810546875,415.57177734375,893.8121337890625,2048,1440,415,893
Turk,2023,202301091035,PP,1,/Volumes/Seagate Portable Drive/KYLE_AI_DATABASE/A_CAMERA/Focal_species/Gulo gulo/Turk/PP/2023/COLOR/Robust marks/01.09-10.35/RCNX0854.JPG,RCNX0854.JPG,Turk_2023_202301091035_RCNX0854.jpg,0.8894838094711304,945.1090087890625,252.31260681152344,508.84375,921.746337890625,2048,1440,508,921
Turk,2023,202301091035,PP,1,/Volumes/Seagate Portable Drive/KYLE_AI_DATABASE/A_CAMERA/Focal_species/Gulo gulo/Turk/PP/2023/COLOR/Robust marks/01.09-10.35/RCNX0855.JPG,RCNX0855.JPG,Turk_2023_202301091035_RCNX0855.jpg,0.8409112691879272,945.2221069335938,323.9181213378906,525.0020141601562,860.61767578125,2048,1440,525,860
Turk,2023,202301091035,PP,1,/Volumes/Seagate Portable Drive/KYLE_AI_DATABASE/A_CAMERA/Focal_species/Gulo gulo/Turk/PP/2023/COLOR/Robust marks/01.09-10.35/RCNX0856.JPG,RCNX0856.JPG,Turk_2023_202301091035_RCNX0856.jpg,0.8805941939353943,943.0028686523438,357.3944396972656,554.2905883789062,794.9033203125,2048,1440,554,794
Turk,2023,202301091035,PP,1,/Volumes/Seagate Portable Drive/KYLE_AI_DATABASE/A_CAMERA/Focal_species/Gulo gulo/Turk/PP/2023/COLOR/Robust marks/01.09-10.35/RCNX0857.JPG,RCNX0857.JPG,Turk_2023_202301091035_RCNX0857.jpg,0.8839961290359497,930.044189453125,312.669189453125,401.267822265625,839.6116943359375,2048,1440,401,839
Turk,2023,202301091035,PP,1,/Volumes/Seagate Portable Drive/KYLE_AI_DATABASE/A_CAMERA/Focal_species/Gulo gulo/Turk/PP/2023/COLOR/Robust marks/01.09-10.35/RCNX0859.JPG,RCNX0859.JPG,Turk_2023_202301091035_RCNX0859.jpg,0.8161105513572693,937.5596313476562,233.94711303710938,408.29071044921875,914.440673828125,2048,1440,408,914
Turk,2023,202301091035,PP,1,/Volumes/Seagate Portable Drive/KYLE_AI_DATABASE/A_CAMERA/Focal_species/Gulo gulo/Turk/PP/2023/COLOR/Robust marks/01.09-10.35/RCNX0860.JPG,RCNX0860.JPG,Turk_2023_202301091035_RCNX0860.jpg,0.8454551696777344,821.4376220703125,245.1968994140625,503.118896484375,889.722900390625,2048,1440,503,889
Turk,2023,202301091035,PP,1,/Volumes/Seagate Portable Drive/KYLE_AI_DATABASE/A_CAMERA/Focal_species/Gulo gulo/Turk/PP/2023/COLOR/Robust marks/01.09-10.35/RCNX0862.JPG,RCNX0862.JPG,Turk_2023_202301091035_RCNX0862.jpg,0.8214117288589478,862.8532104492188,333.044921875,461.19952392578125,797.5645751953125,2048,1440,461,797
Turk,2023,202301091035,PP,1,/Volumes/Seagate Portable Drive/KYLE_AI_DATABASE/A_CAMERA/Focal_species/Gulo gulo/Turk/PP/2023/COLOR/Robust marks/01.09-10.35/RCNX0863.JPG,RCNX0863.JPG,Turk_2023_202301091035_RCNX0863.jpg,0.8424648642539978,857.519287109375,403.48602294921875,466.929931640625,734.7361450195312,2048,1440,466,734
Turk,2023,202301091035,PP,1,/Volumes/Seagate Portable Drive/KYLE_AI_DATABASE/A_CAMERA/Focal_species/Gulo gulo/Turk/PP/2023/COLOR/Robust marks/01.09-10.35/RCNX0864.JPG,RCNX0864.JPG,Turk_2023_202301091035_RCNX0864.jpg,0.91878741979599,928.3213500976562,242.70510864257812,402.54608154296875,887.6925048828125,2048,1440,402,887
Turk,2023,202301091035,PP,1,/Volumes/Seagate Portable Drive/KYLE_AI_DATABASE/A_CAMERA/Focal_species/Gulo gulo/Turk/PP/2023/COLOR/Robust marks/01.09-10.35/RCNX0866.JPG,RCNX0866.JPG,Turk_2023_202301091035_RCNX0866.jpg,0.9206910133361816,940.8057250976562,413.9212341308594,398.15264892578125,718.7489013671875,2048,1440,398,718
Turk,2023,202301091035,PP,1,/Volumes/Seagate Portable Drive/KYLE_AI_DATABASE/A_CAMERA/Focal_species/Gulo gulo/Turk/PP/2023/COLOR/Robust marks/01.09-10.35/RCNX0867.JPG,RCNX0867.JPG,Turk_2023_202301091035_RCNX0867.jpg,0.8721796274185181,941.6918334960938,400.7549743652344,395.55072021484375,743.3524169921875,2048,1440,395,743
Turk,2023,202301091035,PP,1,/Volumes/Seagate Portable Drive/KYLE_AI_DATABASE/A_CAMERA/Focal_species/Gulo gulo/Turk/PP/2023/COLOR/Robust marks/01.09-10.35/RCNX0872.JPG,RCNX0872.JPG,Turk_2023_202301091035_RCNX0872.jpg,0.8319166302680969,943.4118041992188,363.505615234375,500.01885986328125,808.5712890625,2048,1440,500,808
Turk,2023,202301091035,PP,1,/Volumes/Seagate Portable Drive/KYLE_AI_DATABASE/A_CAMERA/Focal_species/Gulo gulo/Turk/PP/2023/COLOR/Robust marks/01.09-10.35/RCNX0873.JPG,RCNX0873.JPG,Turk_2023_202301091035_RCNX0873.jpg,0.8495860695838928,935.6483154296875,244.3892364501953,454.4638671875,859.7527465820312,2048,1440,454,859
Turk,2023,202301091035,PP,1,/Volumes/Seagate Portable Drive/KYLE_AI_DATABASE/A_CAMERA/Focal_species/Gulo gulo/Turk/PP/2023/COLOR/Robust marks/01.09-10.35/RCNX0875.JPG,RCNX0875.JPG,Turk_2023_202301091035_RCNX0875.jpg,0.8979400396347046,939.4381713867188,240.53359985351562,482.00616455078125,934.3814697265625,2048,1440,482,934
Turk,2023,202301091035,PP,1,/Volumes/Seagate Portable Drive/KYLE_AI_DATABASE/A_CAMERA/Focal_species/Gulo gulo/Turk/PP/2023/COLOR/Robust marks/01.09-10.35/RCNX0876.JPG,RCNX0876.JPG,Turk_2023_202301091035_RCNX0876.jpg,0.8398642539978027,940.474609375,251.89346313476562,478.320556640625,890.8304443359375,2048,1440,478,890
Turk,2023,202301091035,PP,1,/Volumes/Seagate Portable Drive/KYLE_AI_DATABASE/A_CAMERA/Focal_species/Gulo gulo/Turk/PP/2023/COLOR/Robust marks/01.09-10.35/RCNX0877.JPG,RCNX0877.JPG,Turk_2023_202301091035_RCNX0877.jpg,0.8584589958190918,943.582275390625,234.1082305908203,465.6865234375,926.4791870117188,2048,1440,465,926
Turk,2023,202301091035,PP,1,/Volumes/Seagate Portable Drive/KYLE_AI_DATABASE/A_CAMERA/Focal_species/Gulo gulo/Turk/PP/2023/COLOR/Robust marks/01.09-10.35/RCNX0878.JPG,RCNX0878.JPG,Turk_2023_202301091035_RCNX0878.jpg,0.8434844613075256,938.1868286132812,252.4844512939453,474.80975341796875,907.5062866210938,2048,1440,474,907
Turk,2023,202301091035,PP,1,/Volumes/Seagate Portable Drive/KYLE_AI_DATABASE/A_CAMERA/Focal_species/Gulo gulo/Turk/PP/2023/COLOR/Robust marks/01.09-10.35/RCNX0879.JPG,RCNX0879.JPG,Turk_2023_202301091035_RCNX0879.jpg,0.8678464293479919,937.1109619140625,228.3414764404297,465.683349609375,925.7866821289062,2048,1440,465,925
Turk,2023,202301091035,PP,1,/Volumes/Seagate Portable Drive/KYLE_AI_DATABASE/A_CAMERA/Focal_species/Gulo gulo/Turk/PP/2023/COLOR/Robust marks/01.09-10.35/RCNX0880.JPG,RCNX0880.JPG,Turk_2023_202301091035_RCNX0880.jpg,0.8712496161460876,939.1676635742188,255.46243286132812,508.24810791015625,907.369140625,2048,1440,508,907
Turk,2023,202301091035,PP,1,/Volumes/Seagate Portable Drive/KYLE_AI_DATABASE/A_CAMERA/Focal_species/Gulo gulo/Turk/PP/2023/COLOR/Robust marks/01.09-10.35/RCNX0883.JPG,RCNX0883.JPG,Turk_2023_202301091035_RCNX0883.jpg,0.8213998675346375,944.265625,410.1972961425781,379.86767578125,778.4556884765625,2048,1440,379,778
Turk,2023,202301091035,PP,1,/Volumes/Seagate Portable Drive/KYLE_AI_DATABASE/A_CAMERA/Focal_species/Gulo gulo/Turk/PP/2023/COLOR/Robust marks/01.09-10.35/RCNX0884.JPG,RCNX0884.JPG,Turk_2023_202301091035_RCNX0884.jpg,0.8630722165107727,941.0093383789062,441.3792419433594,381.02362060546875,801.4541015625,2048,1440,381,801
Turk,2023,202301091035,PP,1,/Volumes/Seagate Portable Drive/KYLE_AI_DATABASE/A_CAMERA/Focal_species/Gulo gulo/Turk/PP/2023/COLOR/Robust marks/01.09-10.35/RCNX0885.JPG,RCNX0885.JPG,Turk_2023_202301091035_RCNX0885.jpg,0.8505675196647644,944.6137084960938,434.90777587890625,367.75909423828125,827.2855834960938,2048,1440,367,827
Turk,2023,202301091035,PP,1,/Volumes/Seagate Portable Drive/KYLE_AI_DATABASE/A_CAMERA/Focal_species/Gulo gulo/Turk/PP/2023/COLOR/Robust marks/01.09-10.35/RCNX0886.JPG,RCNX0886.JPG,Turk_2023_202301091035_RCNX0886.jpg,0.8578435182571411,941.996826171875,373.146728515625,381.000244140625,878.1162109375,2048,1440,381,878
Turk,2023,202301091035,PP,1,/Volumes/Seagate Portable Drive/KYLE_AI_DATABASE/A_CAMERA/Focal_species/Gulo gulo/Turk/PP/2023/COLOR/Robust marks/01.09-10.35/RCNX0887.JPG,RCNX0887.JPG,Turk_2023_202301091035_RCNX0887.jpg,0.8579472899436951,943.0027465820312,392.912109375,376.78045654296875,868.689208984375,2048,1440,376,868
Turk,2023,202301091035,PP,1,/Volumes/Seagate Portable Drive/KYLE_AI_DATABASE/A_CAMERA/Focal_species/Gulo gulo/Turk/PP/2023/COLOR/Robust marks/01.09-10.35/RCNX0888.JPG,RCNX0888.JPG,Turk_2023_202301091035_RCNX0888.jpg,0.8858383893966675,951.004150390625,305.4813232421875,371.08544921875,931.7364501953125,2048,1440,371,931
Turk,2023,202301091035,PP,1,/Volumes/Seagate Portable Drive/KYLE_AI_DATABASE/A_CAMERA/Focal_species/Gulo gulo/Turk/PP/2023/COLOR/Robust marks/01.09-10.35/RCNX0889.JPG,RCNX0889.JPG,Turk_2023_202301091035_RCNX0889.jpg,0.9090158939361572,905.2227783203125,275.405517578125,421.801025390625,902.97509765625,2048,1440,421,902
Turk,2023,202301091035,PP,1,/Volumes/Seagate Portable Drive/KYLE_AI_DATABASE/A_CAMERA/Focal_species/Gulo gulo/Turk/PP/2023/COLOR/Robust marks/01.09-10.35/RCNX0890.JPG,RCNX0890.JPG,Turk_2023_202301091035_RCNX0890.jpg,0.8325842618942261,939.2125244140625,285.63238525390625,392.716064453125,935.2622680664062,2048,1440,392,935
Turk,2023,202301091035,PP,1,/Volumes/Seagate Portable Drive/KYLE_AI_DATABASE/A_CAMERA/Focal_species/Gulo gulo/Turk/PP/2023/COLOR/Robust marks/01.09-10.35/RCNX0891.JPG,RCNX0891.JPG,Turk_2023_202301091035_RCNX0891.jpg,0.8874286413192749,945.4620361328125,433.9610290527344,384.85107421875,800.2015380859375,2048,1440,384,800
Turk,2023,202301091035,PP,1,/Volumes/Seagate Portable Drive/KYLE_AI_DATABASE/A_CAMERA/Focal_species/Gulo gulo/Turk/PP/2023/COLOR/Robust marks/01.09-10.35/RCNX0892.JPG,RCNX0892.JPG,Turk_2023_202301091035_RCNX0892.jpg,0.9279754161834717,945.3663330078125,255.01048278808594,454.329833984375,910.907958984375,2048,1440,454,910
Turk,2023,202301091035,PP,1,/Volumes/Seagate Portable Drive/KYLE_AI_DATABASE/A_CAMERA/Focal_species/Gulo gulo/Turk/PP/2023/COLOR/Robust marks/01.09-10.35/RCNX0893.JPG,RCNX0893.JPG,Turk_2023_202301091035_RCNX0893.jpg,0.8494277596473694,947.21240234375,258.3245849609375,444.925537109375,892.71728515625,2048,1440,444,892
Turk,2023,202301091035,PP,1,/Volumes/Seagate Portable Drive/KYLE_AI_DATABASE/A_CAMERA/Focal_species/Gulo gulo/Turk/PP/2023/COLOR/Robust marks/01.09-10.35/RCNX0895.JPG,RCNX0895.JPG,Turk_2023_202301091035_RCNX0895.jpg,0.8527123332023621,943.4829711914062,357.14337158203125,414.57330322265625,805.0300903320312,2048,1440,414,805
Turk,2023,202301091035,PP,1,/Volumes/Seagate Portable Drive/KYLE_AI_DATABASE/A_CAMERA/Focal_species/Gulo gulo/Turk/PP/2023/COLOR/Robust marks/01.09-10.35/RCNX0898.JPG,RCNX0898.JPG,Turk_2023_202301091035_RCNX0898.jpg,0.8881704211235046,937.6137084960938,272.9393615722656,391.41510009765625,934.1070556640625,2048,1440,391,934
Turk,2023,202301091035,PP,1,/Volumes/Seagate Portable Drive/KYLE_AI_DATABASE/A_CAMERA/Focal_species/Gulo gulo/Turk/PP/2023/COLOR/Robust marks/01.09-10.35/RCNX0900.JPG,RCNX0900.JPG,Turk_2023_202301091035_RCNX0900.jpg,0.8383095860481262,936.8232421875,287.2206726074219,390.9404296875,936.9654541015625,2048,1440,390,936
Turk,2023,202301091035,PP,1,/Volumes/Seagate Portable Drive/KYLE_AI_DATABASE/A_CAMERA/Focal_species/Gulo gulo/Turk/PP/2023/COLOR/Robust marks/01.09-10.35/RCNX0901.JPG,RCNX0901.JPG,Turk_2023_202301091035_RCNX0901.jpg,0.8522257208824158,933.0126953125,428.7344970703125,427.436279296875,717.29931640625,2048,1440,427,717
Turk,2023,202301091035,PP,1,/Volumes/Seagate Portable Drive/KYLE_AI_DATABASE/A_CAMERA/Focal_species/Gulo gulo/Turk/PP/2023/COLOR/Robust marks/01.09-10.35/RCNX0902.JPG,RCNX0902.JPG,Turk_2023_202301091035_RCNX0902.jpg,0.8400459289550781,933.7801513671875,430.1173095703125,400.93359375,749.4744873046875,2048,1440,400,749
Turk,2023,202301091035,PP,1,/Volumes/Seagate Portable Drive/KYLE_AI_DATABASE/A_CAMERA/Focal_species/Gulo gulo/Turk/PP/2023/COLOR/Robust marks/01.09-10.35/RCNX0903.JPG,RCNX0903.JPG,Turk_2023_202301091035_RCNX0903.jpg,0.8708932399749756,920.2669067382812,414.0690002441406,408.43353271484375,751.6502685546875,2048,1440,408,751
Turk,2023,202301091035,PP,1,/Volumes/Seagate Portable Drive/KYLE_AI_DATABASE/A_CAMERA/Focal_species/Gulo gulo/Turk/PP/2023/COLOR/Robust marks/01.09-10.35/RCNX0904.JPG,RCNX0904.JPG,Turk_2023_202301091035_RCNX0904.jpg,0.8386869430541992,937.6146240234375,415.18231201171875,387.587890625,744.0164184570312,2048,1440,387,744
Turk,2023,202301091035,PP,1,/Volumes/Seagate Portable Drive/KYLE_AI_DATABASE/A_CAMERA/Focal_species/Gulo gulo/Turk/PP/2023/COLOR/Robust marks/01.09-10.35/RCNX0905.JPG,RCNX0905.JPG,Turk_2023_202301091035_RCNX0905.jpg,0.8554457426071167,939.1837768554688,410.031982421875,389.91510009765625,766.150634765625,2048,1440,389,766
Turk,2023,202301091035,PP,1,/Volumes/Seagate Portable Drive/KYLE_AI_DATABASE/A_CAMERA/Focal_species/Gulo gulo/Turk/PP/2023/COLOR/Robust marks/01.09-10.35/RCNX0906.JPG,RCNX0906.JPG,Turk_2023_202301091035_RCNX0906.jpg,0.9044017195701599,939.0875244140625,403.6331481933594,405.124267578125,827.965576171875,2048,1440,405,827
Turk,2023,202301091035,PP,1,/Volumes/Seagate Portable Drive/KYLE_AI_DATABASE/A_CAMERA/Focal_species/Gulo gulo/Turk/PP/2023/COLOR/Robust marks/01.09-10.35/RCNX0907.JPG,RCNX0907.JPG,Turk_2023_202301091035_RCNX0907.jpg,0.8818106055259705,941.262451171875,407.6168518066406,400.628173828125,830.0709228515625,2048,1440,400,830
Turk,2023,202301091035,PP,1,/Volumes/Seagate Portable Drive/KYLE_AI_DATABASE/A_CAMERA/Focal_species/Gulo gulo/Turk/PP/2023/COLOR/Robust marks/01.09-10.35/RCNX0909.JPG,RCNX0909.JPG,Turk_2023_202301091035_RCNX0909.jpg,0.9040127992630005,944.2093505859375,401.9440002441406,393.696044921875,838.5289306640625,2048,1440,393,838
Turk,2023,202301091035,PP,1,/Volumes/Seagate Portable Drive/KYLE_AI_DATABASE/A_CAMERA/Focal_species/Gulo gulo/Turk/PP/2023/COLOR/Robust marks/01.09-10.35/RCNX0910.JPG,RCNX0910.JPG,Turk_2023_202301091035_RCNX0910.jpg,0.8845458030700684,924.53955078125,422.54931640625,410.018798828125,754.9365234375,2048,1440,410,754
Turk,2023,202301091035,PP,1,/Volumes/Seagate Portable Drive/KYLE_AI_DATABASE/A_CAMERA/Focal_species/Gulo gulo/Turk/PP/2023/COLOR/Robust marks/01.09-10.35/RCNX0911.JPG,RCNX0911.JPG,Turk_2023_202301091035_RCNX0911.jpg,0.9210382103919983,969.6895751953125,637.7864379882812,453.40185546875,592.2936401367188,2048,1440,453,592
