id,year,ymdh,station,color,original_path,original_filename,crop_filename,confidence,bbox_x,bbox_y,bbox_width,bbox_height,image_width,image_height,crop_width,crop_height
HFW12-F7,2016,201603251248,HC,1,/Volumes/Seagate Portable Drive/KYLE_AI_DATABASE/A_CAMERA/Focal_species/Gulo gulo/HFW12-F7/HC/2016/COLOR/Robust marks/03.25-12.48/IMG_2471.JPG,IMG_2471.JPG,HFW12-F7_2016_201603251248_IMG_2471.jpg,0.9551048874855042,1581.96826171875,1174.9324951171875,323.414794921875,328.6097412109375,2048,1536,323,328
HFW12-F7,2016,201603251248,HC,1,/Volumes/Seagate Portable Drive/KYLE_AI_DATABASE/A_CAMERA/Focal_species/Gulo gulo/HFW12-F7/HC/2016/COLOR/Robust marks/03.25-12.48/IMG_2472.JPG,IMG_2472.JPG,HFW12-F7_2016_201603251248_IMG_2472.jpg,0.9542067646980286,1519.171630859375,1172.0950927734375,366.228515625,330.465087890625,2048,1536,366,330
HFW12-F7,2016,201603251248,HC,1,/Volumes/Seagate Portable Drive/KYLE_AI_DATABASE/A_CAMERA/Focal_species/Gulo gulo/HFW12-F7/HC/2016/COLOR/Robust marks/03.25-12.48/IMG_2473.JPG,IMG_2473.JPG,HFW12-F7_2016_201603251248_IMG_2473.jpg,0.9216914772987366,1191.532470703125,1179.00146484375,497.576171875,323.2781982421875,2048,1536,497,323
HFW12-F7,2016,201603251248,HC,1,/Volumes/Seagate Portable Drive/KYLE_AI_DATABASE/A_CAMERA/Focal_species/Gulo gulo/HFW12-F7/HC/2016/COLOR/Robust marks/03.25-12.48/IMG_2477.JPG,IMG_2477.JPG,HFW12-F7_2016_201603251248_IMG_2477.jpg,0.9029554724693298,597.941162109375,225.7599334716797,485.3682861328125,800.0479125976562,2048,1536,485,800
HFW12-F7,2016,201603251248,HC,1,/Volumes/Seagate Portable Drive/KYLE_AI_DATABASE/A_CAMERA/Focal_species/Gulo gulo/HFW12-F7/HC/2016/COLOR/Robust marks/03.25-12.48/IMG_2478.JPG,IMG_2478.JPG,HFW12-F7_2016_201603251248_IMG_2478.jpg,0.8837361931800842,576.40966796875,222.8862762451172,511.959716796875,794.7467041015625,2048,1536,511,794
HFW12-F7,2016,201603251248,HC,1,/Volumes/Seagate Portable Drive/KYLE_AI_DATABASE/A_CAMERA/Focal_species/Gulo gulo/HFW12-F7/HC/2016/COLOR/Robust marks/03.25-12.48/IMG_2479.JPG,IMG_2479.JPG,HFW12-F7_2016_201603251248_IMG_2479.jpg,0.9167091250419617,591.4427490234375,239.6725616455078,502.24560546875,803.9607543945312,2048,1536,502,803
HFW12-F7,2016,201603251248,HC,1,/Volumes/Seagate Portable Drive/KYLE_AI_DATABASE/A_CAMERA/Focal_species/Gulo gulo/HFW12-F7/HC/2016/COLOR/Robust marks/03.25-12.48/IMG_2492.JPG,IMG_2492.JPG,HFW12-F7_2016_201603251248_IMG_2492.jpg,0.9195358157157898,951.999755859375,797.9653930664062,764.21142578125,305.58709716796875,2048,1536,764,305
HFW12-F7,2016,201603251248,HC,1,/Volumes/Seagate Portable Drive/KYLE_AI_DATABASE/A_CAMERA/Focal_species/Gulo gulo/HFW12-F7/HC/2016/COLOR/Robust marks/03.25-12.48/IMG_2501.JPG,IMG_2501.JPG,HFW12-F7_2016_201603251248_IMG_2501.jpg,0.8975866436958313,603.1956787109375,423.58734130859375,413.0626220703125,688.2681274414062,2048,1536,413,688
HFW12-F7,2016,201603251248,HC,1,/Volumes/Seagate Portable Drive/KYLE_AI_DATABASE/A_CAMERA/Focal_species/Gulo gulo/HFW12-F7/HC/2016/COLOR/Robust marks/03.25-12.48/IMG_2503.JPG,IMG_2503.JPG,HFW12-F7_2016_201603251248_IMG_2503.jpg,0.8174000978469849,616.9112548828125,229.1774139404297,467.2176513671875,763.3464965820312,2048,1536,467,763
HFW12-F7,2016,201603251248,HC,1,/Volumes/Seagate Portable Drive/KYLE_AI_DATABASE/A_CAMERA/Focal_species/Gulo gulo/HFW12-F7/HC/2016/COLOR/Robust marks/03.25-12.48/IMG_2504.JPG,IMG_2504.JPG,HFW12-F7_2016_201603251248_IMG_2504.jpg,0.8935481905937195,581.6364135742188,271.7405090332031,509.64605712890625,792.155029296875,2048,1536,509,792
HFW12-F7,2016,201603251248,HC,1,/Volumes/Seagate Portable Drive/KYLE_AI_DATABASE/A_CAMERA/Focal_species/Gulo gulo/HFW12-F7/HC/2016/COLOR/Robust marks/03.25-12.48/IMG_2505.JPG,IMG_2505.JPG,HFW12-F7_2016_201603251248_IMG_2505.jpg,0.8829507827758789,626.7850341796875,270.6817932128906,470.5675048828125,728.51025390625,2048,1536,470,728
HFW12-F7,2016,201603251248,HC,1,/Volumes/Seagate Portable Drive/KYLE_AI_DATABASE/A_CAMERA/Focal_species/Gulo gulo/HFW12-F7/HC/2016/COLOR/Robust marks/03.25-12.48/IMG_2508.JPG,IMG_2508.JPG,HFW12-F7_2016_201603251248_IMG_2508.jpg,0.8369774222373962,739.5782470703125,249.83688354492188,413.5228271484375,692.6148681640625,2048,1536,413,692
HFW12-F7,2016,201603251248,HC,1,/Volumes/Seagate Portable Drive/KYLE_AI_DATABASE/A_CAMERA/Focal_species/Gulo gulo/HFW12-F7/HC/2016/COLOR/Robust marks/03.25-12.48/IMG_2511.JPG,IMG_2511.JPG,HFW12-F7_2016_201603251248_IMG_2511.jpg,0.8673384785652161,728.9537963867188,162.91818237304688,493.31744384765625,733.66015625,2048,1536,493,733
HFW12-F7,2016,201603251248,HC,1,/Volumes/Seagate Portable Drive/KYLE_AI_DATABASE/A_CAMERA/Focal_species/Gulo gulo/HFW12-F7/HC/2016/COLOR/Robust marks/03.25-12.48/IMG_2514.JPG,IMG_2514.JPG,HFW12-F7_2016_201603251248_IMG_2514.jpg,0.8550564050674438,735.671630859375,212.95413208007812,410.412109375,846.6834716796875,2048,1536,410,846
HFW12-F7,2016,201603251248,HC,1,/Volumes/Seagate Portable Drive/KYLE_AI_DATABASE/A_CAMERA/Focal_species/Gulo gulo/HFW12-F7/HC/2016/COLOR/Robust marks/03.25-12.48/IMG_2515.JPG,IMG_2515.JPG,HFW12-F7_2016_201603251248_IMG_2515.jpg,0.8428265452384949,726.3546752929688,212.2910614013672,416.45001220703125,825.4826049804688,2048,1536,416,825
HFW12-F7,2016,201603251248,HC,1,/Volumes/Seagate Portable Drive/KYLE_AI_DATABASE/A_CAMERA/Focal_species/Gulo gulo/HFW12-F7/HC/2016/COLOR/Robust marks/03.25-12.48/IMG_2517.JPG,IMG_2517.JPG,HFW12-F7_2016_201603251248_IMG_2517.jpg,0.8720176815986633,732.6625366210938,222.7266082763672,422.20635986328125,836.9197387695312,2048,1536,422,836
HFW12-F7,2016,201603251248,HC,1,/Volumes/Seagate Portable Drive/KYLE_AI_DATABASE/A_CAMERA/Focal_species/Gulo gulo/HFW12-F7/HC/2016/COLOR/Robust marks/03.25-12.48/IMG_2518.JPG,IMG_2518.JPG,HFW12-F7_2016_201603251248_IMG_2518.jpg,0.8509404063224792,729.8197631835938,300.3621826171875,426.29193115234375,816.1668701171875,2048,1536,426,816
HFW12-F7,2016,201603251248,HC,1,/Volumes/Seagate Portable Drive/KYLE_AI_DATABASE/A_CAMERA/Focal_species/Gulo gulo/HFW12-F7/HC/2016/COLOR/Robust marks/03.25-12.48/IMG_2520.JPG,IMG_2520.JPG,HFW12-F7_2016_201603251248_IMG_2520.jpg,0.8561341762542725,722.5794677734375,254.98562622070312,433.127685546875,853.7562255859375,2048,1536,433,853
HFW12-F7,2016,201603251248,HC,1,/Volumes/Seagate Portable Drive/KYLE_AI_DATABASE/A_CAMERA/Focal_species/Gulo gulo/HFW12-F7/HC/2016/COLOR/Robust marks/03.25-12.48/IMG_2521.JPG,IMG_2521.JPG,HFW12-F7_2016_201603251248_IMG_2521.jpg,0.8273260593414307,712.8689575195312,288.9976501464844,439.66033935546875,822.5716552734375,2048,1536,439,822
HFW12-F7,2016,201603251248,HC,1,/Volumes/Seagate Portable Drive/KYLE_AI_DATABASE/A_CAMERA/Focal_species/Gulo gulo/HFW12-F7/HC/2016/COLOR/Robust marks/03.25-12.48/IMG_2522.JPG,IMG_2522.JPG,HFW12-F7_2016_201603251248_IMG_2522.jpg,0.8555934429168701,724.0731201171875,291.30645751953125,429.8895263671875,865.7841186523438,2048,1536,429,865
HFW12-F7,2016,201603251248,HC,1,/Volumes/Seagate Portable Drive/KYLE_AI_DATABASE/A_CAMERA/Focal_species/Gulo gulo/HFW12-F7/HC/2016/COLOR/Robust marks/03.25-12.48/IMG_2523.JPG,IMG_2523.JPG,HFW12-F7_2016_201603251248_IMG_2523.jpg,0.8799877166748047,736.51025390625,233.206787109375,413.7623291015625,873.6552734375,2048,1536,413,873
HFW12-F7,2016,201603251248,HC,1,/Volumes/Seagate Portable Drive/KYLE_AI_DATABASE/A_CAMERA/Focal_species/Gulo gulo/HFW12-F7/HC/2016/COLOR/Robust marks/03.25-12.48/IMG_2524.JPG,IMG_2524.JPG,HFW12-F7_2016_201603251248_IMG_2524.jpg,0.9112045168876648,732.226318359375,229.24891662597656,407.457275390625,832.2186279296875,2048,1536,407,832
HFW12-F7,2016,201603251248,HC,1,/Volumes/Seagate Portable Drive/KYLE_AI_DATABASE/A_CAMERA/Focal_species/Gulo gulo/HFW12-F7/HC/2016/COLOR/Robust marks/03.25-12.48/IMG_2525.JPG,IMG_2525.JPG,HFW12-F7_2016_201603251248_IMG_2525.jpg,0.9295196533203125,728.7547607421875,233.69192504882812,414.0733642578125,825.8349609375,2048,1536,414,825
HFW12-F7,2016,201603251248,HC,1,/Volumes/Seagate Portable Drive/KYLE_AI_DATABASE/A_CAMERA/Focal_species/Gulo gulo/HFW12-F7/HC/2016/COLOR/Robust marks/03.25-12.48/IMG_2526.JPG,IMG_2526.JPG,HFW12-F7_2016_201603251248_IMG_2526.jpg,0.9326233863830566,731.2274169921875,239.8098907470703,413.9915771484375,823.6444702148438,2048,1536,413,823
HFW12-F7,2016,201603251248,HC,1,/Volumes/Seagate Portable Drive/KYLE_AI_DATABASE/A_CAMERA/Focal_species/Gulo gulo/HFW12-F7/HC/2016/COLOR/Robust marks/03.25-12.48/IMG_2527.JPG,IMG_2527.JPG,HFW12-F7_2016_201603251248_IMG_2527.jpg,0.9186272025108337,734.3202514648438,247.965087890625,403.11944580078125,814.87255859375,2048,1536,403,814
HFW12-F7,2016,201603251248,HC,1,/Volumes/Seagate Portable Drive/KYLE_AI_DATABASE/A_CAMERA/Focal_species/Gulo gulo/HFW12-F7/HC/2016/COLOR/Robust marks/03.25-12.48/IMG_2529.JPG,IMG_2529.JPG,HFW12-F7_2016_201603251248_IMG_2529.jpg,0.8940823674201965,730.5692749023438,199.92361450195312,416.35833740234375,856.2647705078125,2048,1536,416,856
HFW12-F7,2016,201603251248,HC,1,/Volumes/Seagate Portable Drive/KYLE_AI_DATABASE/A_CAMERA/Focal_species/Gulo gulo/HFW12-F7/HC/2016/COLOR/Robust marks/03.25-12.48/IMG_2530.JPG,IMG_2530.JPG,HFW12-F7_2016_201603251248_IMG_2530.jpg,0.934018611907959,731.945068359375,217.4403533935547,408.942626953125,842.3078002929688,2048,1536,408,842
HFW12-F7,2016,201603251248,HC,1,/Volumes/Seagate Portable Drive/KYLE_AI_DATABASE/A_CAMERA/Focal_species/Gulo gulo/HFW12-F7/HC/2016/COLOR/Robust marks/03.25-12.48/IMG_2531.JPG,IMG_2531.JPG,HFW12-F7_2016_201603251248_IMG_2531.jpg,0.9213284254074097,738.5399780273438,180.6375274658203,412.17413330078125,827.8275756835938,2048,1536,412,827
HFW12-F7,2016,201603251248,HC,1,/Volumes/Seagate Portable Drive/KYLE_AI_DATABASE/A_CAMERA/Focal_species/Gulo gulo/HFW12-F7/HC/2016/COLOR/Robust marks/03.25-12.48/IMG_2532.JPG,IMG_2532.JPG,HFW12-F7_2016_201603251248_IMG_2532.jpg,0.8308275938034058,734.9180908203125,261.20068359375,414.4654541015625,824.9365234375,2048,1536,414,824
HFW12-F7,2016,201603251248,HC,1,/Volumes/Seagate Portable Drive/KYLE_AI_DATABASE/A_CAMERA/Focal_species/Gulo gulo/HFW12-F7/HC/2016/COLOR/Robust marks/03.25-12.48/IMG_2533.JPG,IMG_2533.JPG,HFW12-F7_2016_201603251248_IMG_2533.jpg,0.8827707767486572,724.9371337890625,219.07411193847656,380.3280029296875,880.3992919921875,2048,1536,380,880
HFW12-F7,2016,201603251248,HC,1,/Volumes/Seagate Portable Drive/KYLE_AI_DATABASE/A_CAMERA/Focal_species/Gulo gulo/HFW12-F7/HC/2016/COLOR/Robust marks/03.25-12.48/IMG_2534.JPG,IMG_2534.JPG,HFW12-F7_2016_201603251248_IMG_2534.jpg,0.9375722408294678,746.7171630859375,202.453125,401.411865234375,824.664794921875,2048,1536,401,824
HFW12-F7,2016,201603251248,HC,1,/Volumes/Seagate Portable Drive/KYLE_AI_DATABASE/A_CAMERA/Focal_species/Gulo gulo/HFW12-F7/HC/2016/COLOR/Robust marks/03.25-12.48/IMG_2535.JPG,IMG_2535.JPG,HFW12-F7_2016_201603251248_IMG_2535.jpg,0.9185866713523865,746.0880126953125,215.91522216796875,404.009033203125,842.4346313476562,2048,1536,404,842
HFW12-F7,2016,201603251248,HC,1,/Volumes/Seagate Portable Drive/KYLE_AI_DATABASE/A_CAMERA/Focal_species/Gulo gulo/HFW12-F7/HC/2016/COLOR/Robust marks/03.25-12.48/IMG_2536.JPG,IMG_2536.JPG,HFW12-F7_2016_201603251248_IMG_2536.jpg,0.9367578029632568,737.8406982421875,184.9610137939453,413.948974609375,836.9191284179688,2048,1536,413,836
HFW12-F7,2016,201603251248,HC,1,/Volumes/Seagate Portable Drive/KYLE_AI_DATABASE/A_CAMERA/Focal_species/Gulo gulo/HFW12-F7/HC/2016/COLOR/Robust marks/03.25-12.48/IMG_2537.JPG,IMG_2537.JPG,HFW12-F7_2016_201603251248_IMG_2537.jpg,0.9171244502067566,749.4749755859375,228.903076171875,402.8101806640625,875.38916015625,2048,1536,402,875
HFW12-F7,2016,201603251248,HC,1,/Volumes/Seagate Portable Drive/KYLE_AI_DATABASE/A_CAMERA/Focal_species/Gulo gulo/HFW12-F7/HC/2016/COLOR/Robust marks/03.25-12.48/IMG_2538.JPG,IMG_2538.JPG,HFW12-F7_2016_201603251248_IMG_2538.jpg,0.9348986148834229,745.0779418945312,222.71127319335938,406.40557861328125,834.2308349609375,2048,1536,406,834
HFW12-F7,2016,201603251248,HC,1,/Volumes/Seagate Portable Drive/KYLE_AI_DATABASE/A_CAMERA/Focal_species/Gulo gulo/HFW12-F7/HC/2016/COLOR/Robust marks/03.25-12.48/IMG_2539.JPG,IMG_2539.JPG,HFW12-F7_2016_201603251248_IMG_2539.jpg,0.868313193321228,749.3688354492188,247.57040405273438,400.66583251953125,841.6549072265625,2048,1536,400,841
HFW12-F7,2016,201603251248,HC,1,/Volumes/Seagate Portable Drive/KYLE_AI_DATABASE/A_CAMERA/Focal_species/Gulo gulo/HFW12-F7/HC/2016/COLOR/Robust marks/03.25-12.48/IMG_2541.JPG,IMG_2541.JPG,HFW12-F7_2016_201603251248_IMG_2541.jpg,0.9174656867980957,750.8719482421875,194.5906219482422,398.327392578125,864.9432983398438,2048,1536,398,864
HFW12-F7,2016,201603251248,HC,1,/Volumes/Seagate Portable Drive/KYLE_AI_DATABASE/A_CAMERA/Focal_species/Gulo gulo/HFW12-F7/HC/2016/COLOR/Robust marks/03.25-12.48/IMG_2542.JPG,IMG_2542.JPG,HFW12-F7_2016_201603251248_IMG_2542.jpg,0.8991779088973999,753.1475830078125,201.05209350585938,392.7845458984375,855.5743408203125,2048,1536,392,855
HFW12-F7,2016,201603251248,HC,1,/Volumes/Seagate Portable Drive/KYLE_AI_DATABASE/A_CAMERA/Focal_species/Gulo gulo/HFW12-F7/HC/2016/COLOR/Robust marks/03.25-12.48/IMG_2544.JPG,IMG_2544.JPG,HFW12-F7_2016_201603251248_IMG_2544.jpg,0.924015462398529,734.142578125,249.67579650878906,418.70947265625,855.4609375,2048,1536,418,855
HFW12-F7,2016,201603251248,HC,1,/Volumes/Seagate Portable Drive/KYLE_AI_DATABASE/A_CAMERA/Focal_species/Gulo gulo/HFW12-F7/HC/2016/COLOR/Robust marks/03.25-12.48/IMG_2545.JPG,IMG_2545.JPG,HFW12-F7_2016_201603251248_IMG_2545.jpg,0.8574045896530151,752.966796875,298.6642761230469,379.4881591796875,756.771484375,2048,1536,379,756
HFW12-F7,2016,201603251248,HC,1,/Volumes/Seagate Portable Drive/KYLE_AI_DATABASE/A_CAMERA/Focal_species/Gulo gulo/HFW12-F7/HC/2016/COLOR/Robust marks/03.25-12.48/IMG_2546.JPG,IMG_2546.JPG,HFW12-F7_2016_201603251248_IMG_2546.jpg,0.9101051092147827,738.1220092773438,268.93994140625,405.71697998046875,840.35546875,2048,1536,405,840
HFW12-F7,2016,201603251248,HC,1,/Volumes/Seagate Portable Drive/KYLE_AI_DATABASE/A_CAMERA/Focal_species/Gulo gulo/HFW12-F7/HC/2016/COLOR/Robust marks/03.25-12.48/IMG_2547.JPG,IMG_2547.JPG,HFW12-F7_2016_201603251248_IMG_2547.jpg,0.8449430465698242,746.923095703125,246.07882690429688,397.102783203125,761.614501953125,2048,1536,397,761
HFW12-F7,2016,201603251248,HC,1,/Volumes/Seagate Portable Drive/KYLE_AI_DATABASE/A_CAMERA/Focal_species/Gulo gulo/HFW12-F7/HC/2016/COLOR/Robust marks/03.25-12.48/IMG_2548.JPG,IMG_2548.JPG,HFW12-F7_2016_201603251248_IMG_2548.jpg,0.8935010433197021,745.5487670898438,242.3177032470703,397.08233642578125,834.0287475585938,2048,1536,397,834
HFW12-F7,2016,201603251248,HC,1,/Volumes/Seagate Portable Drive/KYLE_AI_DATABASE/A_CAMERA/Focal_species/Gulo gulo/HFW12-F7/HC/2016/COLOR/Robust marks/03.25-12.48/IMG_2549.JPG,IMG_2549.JPG,HFW12-F7_2016_201603251248_IMG_2549.jpg,0.9013293981552124,752.1338500976562,206.0694122314453,389.54571533203125,861.7184448242188,2048,1536,389,861
HFW12-F7,2016,201603251248,HC,1,/Volumes/Seagate Portable Drive/KYLE_AI_DATABASE/A_CAMERA/Focal_species/Gulo gulo/HFW12-F7/HC/2016/COLOR/Robust marks/03.25-12.48/IMG_2550.JPG,IMG_2550.JPG,HFW12-F7_2016_201603251248_IMG_2550.jpg,0.8835968971252441,752.8541870117188,213.76075744628906,386.22845458984375,846.30224609375,2048,1536,386,846
HFW12-F7,2016,201603251248,HC,1,/Volumes/Seagate Portable Drive/KYLE_AI_DATABASE/A_CAMERA/Focal_species/Gulo gulo/HFW12-F7/HC/2016/COLOR/Robust marks/03.25-12.48/IMG_2551.JPG,IMG_2551.JPG,HFW12-F7_2016_201603251248_IMG_2551.jpg,0.8538645505905151,739.9802856445312,287.1061096191406,405.84991455078125,764.8291015625,2048,1536,405,764
HFW12-F7,2016,201603251248,HC,1,/Volumes/Seagate Portable Drive/KYLE_AI_DATABASE/A_CAMERA/Focal_species/Gulo gulo/HFW12-F7/HC/2016/COLOR/Robust marks/03.25-12.48/IMG_2552.JPG,IMG_2552.JPG,HFW12-F7_2016_201603251248_IMG_2552.jpg,0.9055872559547424,762.63037109375,276.04266357421875,390.0272216796875,823.0446166992188,2048,1536,390,823
HFW12-F7,2016,201603251248,HC,1,/Volumes/Seagate Portable Drive/KYLE_AI_DATABASE/A_CAMERA/Focal_species/Gulo gulo/HFW12-F7/HC/2016/COLOR/Robust marks/03.25-12.48/IMG_2553.JPG,IMG_2553.JPG,HFW12-F7_2016_201603251248_IMG_2553.jpg,0.895597517490387,741.875732421875,271.8102722167969,406.60205078125,834.088134765625,2048,1536,406,834
HFW12-F7,2016,201603251248,HC,1,/Volumes/Seagate Portable Drive/KYLE_AI_DATABASE/A_CAMERA/Focal_species/Gulo gulo/HFW12-F7/HC/2016/COLOR/Robust marks/03.25-12.48/IMG_2554.JPG,IMG_2554.JPG,HFW12-F7_2016_201603251248_IMG_2554.jpg,0.9116920232772827,737.263671875,282.919677734375,411.5885009765625,825.090087890625,2048,1536,411,825
HFW12-F7,2016,201603251248,HC,1,/Volumes/Seagate Portable Drive/KYLE_AI_DATABASE/A_CAMERA/Focal_species/Gulo gulo/HFW12-F7/HC/2016/COLOR/Robust marks/03.25-12.48/IMG_2555.JPG,IMG_2555.JPG,HFW12-F7_2016_201603251248_IMG_2555.jpg,0.8064294457435608,735.6221923828125,298.3948059082031,413.718994140625,762.3201904296875,2048,1536,413,762
HFW12-F7,2016,201603251248,HC,1,/Volumes/Seagate Portable Drive/KYLE_AI_DATABASE/A_CAMERA/Focal_species/Gulo gulo/HFW12-F7/HC/2016/COLOR/Robust marks/03.25-12.48/IMG_2556.JPG,IMG_2556.JPG,HFW12-F7_2016_201603251248_IMG_2556.jpg,0.8346645832061768,735.5226440429688,299.56927490234375,412.21759033203125,717.6325073242188,2048,1536,412,717
HFW12-F7,2016,201603251248,HC,1,/Volumes/Seagate Portable Drive/KYLE_AI_DATABASE/A_CAMERA/Focal_species/Gulo gulo/HFW12-F7/HC/2016/COLOR/Robust marks/03.25-12.48/IMG_2557.JPG,IMG_2557.JPG,HFW12-F7_2016_201603251248_IMG_2557.jpg,0.8048046827316284,728.9519653320312,338.5874938964844,415.81890869140625,710.0262451171875,2048,1536,415,710
HFW12-F7,2016,201603251248,HC,1,/Volumes/Seagate Portable Drive/KYLE_AI_DATABASE/A_CAMERA/Focal_species/Gulo gulo/HFW12-F7/HC/2016/COLOR/Robust marks/03.25-12.48/IMG_2559.JPG,IMG_2559.JPG,HFW12-F7_2016_201603251248_IMG_2559.jpg,0.9262573719024658,743.3017578125,690.6537475585938,701.490966796875,418.58135986328125,2048,1536,701,418
HFW12-F7,2016,201603251248,HC,1,/Volumes/Seagate Portable Drive/KYLE_AI_DATABASE/A_CAMERA/Focal_species/Gulo gulo/HFW12-F7/HC/2016/COLOR/Robust marks/03.25-12.48/IMG_2561.JPG,IMG_2561.JPG,HFW12-F7_2016_201603251248_IMG_2561.jpg,0.9374212622642517,632.0319213867188,414.17095947265625,387.2158203125,751.6840209960938,2048,1536,387,751
HFW12-F7,2016,201603251248,HC,1,/Volumes/Seagate Portable Drive/KYLE_AI_DATABASE/A_CAMERA/Focal_species/Gulo gulo/HFW12-F7/HC/2016/COLOR/Robust marks/03.25-12.48/IMG_2562.JPG,IMG_2562.JPG,HFW12-F7_2016_201603251248_IMG_2562.jpg,0.9146910905838013,642.9276123046875,239.20321655273438,569.912841796875,834.590576171875,2048,1536,569,834
HFW12-F7,2016,201603251248,HC,1,/Volumes/Seagate Portable Drive/KYLE_AI_DATABASE/A_CAMERA/Focal_species/Gulo gulo/HFW12-F7/HC/2016/COLOR/Robust marks/03.25-12.48/IMG_2563.JPG,IMG_2563.JPG,HFW12-F7_2016_201603251248_IMG_2563.jpg,0.9007080793380737,624.9371337890625,241.2726287841797,460.5849609375,800.9214477539062,2048,1536,460,800
HFW12-F7,2016,201603251248,HC,1,/Volumes/Seagate Portable Drive/KYLE_AI_DATABASE/A_CAMERA/Focal_species/Gulo gulo/HFW12-F7/HC/2016/COLOR/Robust marks/03.25-12.48/IMG_2564.JPG,IMG_2564.JPG,HFW12-F7_2016_201603251248_IMG_2564.jpg,0.928311288356781,635.5968017578125,224.48817443847656,511.962890625,799.60791015625,2048,1536,511,799
HFW12-F7,2016,201603251248,HC,1,/Volumes/Seagate Portable Drive/KYLE_AI_DATABASE/A_CAMERA/Focal_species/Gulo gulo/HFW12-F7/HC/2016/COLOR/Robust marks/03.25-12.48/IMG_2565.JPG,IMG_2565.JPG,HFW12-F7_2016_201603251248_IMG_2565.jpg,0.9281064867973328,592.14111328125,246.51150512695312,552.54736328125,778.53466796875,2048,1536,552,778
HFW12-F7,2016,201603251248,HC,1,/Volumes/Seagate Portable Drive/KYLE_AI_DATABASE/A_CAMERA/Focal_species/Gulo gulo/HFW12-F7/HC/2016/COLOR/Robust marks/03.25-12.48/IMG_2566.JPG,IMG_2566.JPG,HFW12-F7_2016_201603251248_IMG_2566.jpg,0.9219151139259338,571.2020263671875,247.0228271484375,544.9771728515625,784.5994873046875,2048,1536,544,784
HFW12-F7,2016,201603251248,HC,1,/Volumes/Seagate Portable Drive/KYLE_AI_DATABASE/A_CAMERA/Focal_species/Gulo gulo/HFW12-F7/HC/2016/COLOR/Robust marks/03.25-12.48/IMG_2567.JPG,IMG_2567.JPG,HFW12-F7_2016_201603251248_IMG_2567.jpg,0.9245913028717041,576.9573364257812,328.5552062988281,511.33343505859375,747.3748779296875,2048,1536,511,747
HFW12-F7,2016,201603251248,HC,1,/Volumes/Seagate Portable Drive/KYLE_AI_DATABASE/A_CAMERA/Focal_species/Gulo gulo/HFW12-F7/HC/2016/COLOR/Robust marks/03.25-12.48/IMG_2568.JPG,IMG_2568.JPG,HFW12-F7_2016_201603251248_IMG_2568.jpg,0.9079565405845642,575.9602661132812,321.4762268066406,517.0175170898438,745.4598388671875,2048,1536,517,745
HFW12-F7,2016,201603251248,HC,1,/Volumes/Seagate Portable Drive/KYLE_AI_DATABASE/A_CAMERA/Focal_species/Gulo gulo/HFW12-F7/HC/2016/COLOR/Robust marks/03.25-12.48/IMG_2569.JPG,IMG_2569.JPG,HFW12-F7_2016_201603251248_IMG_2569.jpg,0.9113544821739197,573.02685546875,327.89312744140625,511.9266357421875,759.6791381835938,2048,1536,511,759
HFW12-F7,2016,201603251248,HC,1,/Volumes/Seagate Portable Drive/KYLE_AI_DATABASE/A_CAMERA/Focal_species/Gulo gulo/HFW12-F7/HC/2016/COLOR/Robust marks/03.25-12.48/IMG_2570.JPG,IMG_2570.JPG,HFW12-F7_2016_201603251248_IMG_2570.jpg,0.8978791236877441,580.854736328125,325.565673828125,501.2308349609375,740.82958984375,2048,1536,501,740
HFW12-F7,2016,201603251248,HC,1,/Volumes/Seagate Portable Drive/KYLE_AI_DATABASE/A_CAMERA/Focal_species/Gulo gulo/HFW12-F7/HC/2016/COLOR/Robust marks/03.25-12.48/IMG_2574.JPG,IMG_2574.JPG,HFW12-F7_2016_201603251248_IMG_2574.jpg,0.8579779267311096,567.9131469726562,329.18658447265625,382.539794921875,740.8178100585938,2048,1536,382,740
HFW12-F7,2016,201603251248,HC,1,/Volumes/Seagate Portable Drive/KYLE_AI_DATABASE/A_CAMERA/Focal_species/Gulo gulo/HFW12-F7/HC/2016/COLOR/Robust marks/03.25-12.48/IMG_2576.JPG,IMG_2576.JPG,HFW12-F7_2016_201603251248_IMG_2576.jpg,0.805298924446106,573.82763671875,246.088623046875,354.7855224609375,819.9158935546875,2048,1536,354,819
HFW12-F7,2016,201603251248,HC,1,/Volumes/Seagate Portable Drive/KYLE_AI_DATABASE/A_CAMERA/Focal_species/Gulo gulo/HFW12-F7/HC/2016/COLOR/Robust marks/03.25-12.48/IMG_2577.JPG,IMG_2577.JPG,HFW12-F7_2016_201603251248_IMG_2577.jpg,0.8569836616516113,573.15380859375,251.5059356689453,364.803466796875,821.2134399414062,2048,1536,364,821
HFW12-F7,2016,201603251248,HC,1,/Volumes/Seagate Portable Drive/KYLE_AI_DATABASE/A_CAMERA/Focal_species/Gulo gulo/HFW12-F7/HC/2016/COLOR/Robust marks/03.25-12.48/IMG_2578.JPG,IMG_2578.JPG,HFW12-F7_2016_201603251248_IMG_2578.jpg,0.8625190258026123,570.487548828125,334.5205383300781,372.3402099609375,717.3612060546875,2048,1536,372,717
HFW12-F7,2016,201603251248,HC,1,/Volumes/Seagate Portable Drive/KYLE_AI_DATABASE/A_CAMERA/Focal_species/Gulo gulo/HFW12-F7/HC/2016/COLOR/Robust marks/03.25-12.48/IMG_2579.JPG,IMG_2579.JPG,HFW12-F7_2016_201603251248_IMG_2579.jpg,0.8392016291618347,572.4214477539062,334.83917236328125,372.9305419921875,710.3519897460938,2048,1536,372,710
HFW12-F7,2016,201603251248,HC,1,/Volumes/Seagate Portable Drive/KYLE_AI_DATABASE/A_CAMERA/Focal_species/Gulo gulo/HFW12-F7/HC/2016/COLOR/Robust marks/03.25-12.48/IMG_2580.JPG,IMG_2580.JPG,HFW12-F7_2016_201603251248_IMG_2580.jpg,0.8332882523536682,574.3609619140625,326.9806213378906,384.1798095703125,734.4776611328125,2048,1536,384,734
HFW12-F7,2016,201603251248,HC,1,/Volumes/Seagate Portable Drive/KYLE_AI_DATABASE/A_CAMERA/Focal_species/Gulo gulo/HFW12-F7/HC/2016/COLOR/Robust marks/03.25-12.48/IMG_2583.JPG,IMG_2583.JPG,HFW12-F7_2016_201603251248_IMG_2583.jpg,0.8443676829338074,584.5584106445312,337.3979797363281,379.094482421875,727.5986328125,2048,1536,379,727
HFW12-F7,2016,201603251248,HC,1,/Volumes/Seagate Portable Drive/KYLE_AI_DATABASE/A_CAMERA/Focal_species/Gulo gulo/HFW12-F7/HC/2016/COLOR/Robust marks/03.25-12.48/IMG_2590.JPG,IMG_2590.JPG,HFW12-F7_2016_201603251248_IMG_2590.jpg,0.8230059146881104,546.4114990234375,151.42918395996094,349.283203125,888.2509765625,2048,1536,349,888
HFW12-F7,2016,201603251248,HC,1,/Volumes/Seagate Portable Drive/KYLE_AI_DATABASE/A_CAMERA/Focal_species/Gulo gulo/HFW12-F7/HC/2016/COLOR/Robust marks/03.25-12.48/IMG_2591.JPG,IMG_2591.JPG,HFW12-F7_2016_201603251248_IMG_2591.jpg,0.9115955233573914,570.210205078125,220.40478515625,532.0728759765625,866.4217529296875,2048,1536,532,866
HFW12-F7,2016,201603251248,HC,1,/Volumes/Seagate Portable Drive/KYLE_AI_DATABASE/A_CAMERA/Focal_species/Gulo gulo/HFW12-F7/HC/2016/COLOR/Robust marks/03.25-12.48/IMG_2592.JPG,IMG_2592.JPG,HFW12-F7_2016_201603251248_IMG_2592.jpg,0.8649418950080872,519.3199462890625,188.8307647705078,557.4718017578125,892.9684448242188,2048,1536,557,892
HFW12-F7,2016,201603251248,HC,1,/Volumes/Seagate Portable Drive/KYLE_AI_DATABASE/A_CAMERA/Focal_species/Gulo gulo/HFW12-F7/HC/2016/COLOR/Robust marks/03.25-12.48/IMG_2594.JPG,IMG_2594.JPG,HFW12-F7_2016_201603251248_IMG_2594.jpg,0.8379346132278442,633.63330078125,324.701904296875,422.852294921875,623.4805908203125,2048,1536,422,623
HFW12-F7,2016,201603251248,HC,1,/Volumes/Seagate Portable Drive/KYLE_AI_DATABASE/A_CAMERA/Focal_species/Gulo gulo/HFW12-F7/HC/2016/COLOR/Robust marks/03.25-12.48/IMG_2595.JPG,IMG_2595.JPG,HFW12-F7_2016_201603251248_IMG_2595.jpg,0.8793430924415588,605.499755859375,234.90325927734375,454.1519775390625,830.7830200195312,2048,1536,454,830
HFW12-F7,2016,201603251248,HC,1,/Volumes/Seagate Portable Drive/KYLE_AI_DATABASE/A_CAMERA/Focal_species/Gulo gulo/HFW12-F7/HC/2016/COLOR/Robust marks/03.25-12.48/IMG_2596.JPG,IMG_2596.JPG,HFW12-F7_2016_201603251248_IMG_2596.jpg,0.8514453172683716,602.4959106445312,238.2564697265625,456.07012939453125,831.3941650390625,2048,1536,456,831
HFW12-F7,2016,201603251248,HC,1,/Volumes/Seagate Portable Drive/KYLE_AI_DATABASE/A_CAMERA/Focal_species/Gulo gulo/HFW12-F7/HC/2016/COLOR/Robust marks/03.25-12.48/IMG_2598.JPG,IMG_2598.JPG,HFW12-F7_2016_201603251248_IMG_2598.jpg,0.8035027384757996,603.1558227539062,151.934326171875,369.5328369140625,794.266845703125,2048,1536,369,794
HFW12-F7,2016,201603251248,HC,1,/Volumes/Seagate Portable Drive/KYLE_AI_DATABASE/A_CAMERA/Focal_species/Gulo gulo/HFW12-F7/HC/2016/COLOR/Robust marks/03.25-12.48/IMG_2602.JPG,IMG_2602.JPG,HFW12-F7_2016_201603251248_IMG_2602.jpg,0.8763520121574402,511.020263671875,208.42771911621094,449.1395263671875,815.704345703125,2048,1536,449,815
HFW12-F7,2016,201603251248,HC,1,/Volumes/Seagate Portable Drive/KYLE_AI_DATABASE/A_CAMERA/Focal_species/Gulo gulo/HFW12-F7/HC/2016/COLOR/Robust marks/03.25-12.48/IMG_2603.JPG,IMG_2603.JPG,HFW12-F7_2016_201603251248_IMG_2603.jpg,0.8791163563728333,512.5318603515625,209.71646118164062,447.04052734375,808.702880859375,2048,1536,447,808
HFW12-F7,2016,201603251248,HC,1,/Volumes/Seagate Portable Drive/KYLE_AI_DATABASE/A_CAMERA/Focal_species/Gulo gulo/HFW12-F7/HC/2016/COLOR/Robust marks/03.25-12.48/IMG_2605.JPG,IMG_2605.JPG,HFW12-F7_2016_201603251248_IMG_2605.jpg,0.8524479866027832,521.2330322265625,186.3328857421875,507.1680908203125,868.1651611328125,2048,1536,507,868
HFW12-F7,2016,201603251248,HC,1,/Volumes/Seagate Portable Drive/KYLE_AI_DATABASE/A_CAMERA/Focal_species/Gulo gulo/HFW12-F7/HC/2016/COLOR/Robust marks/03.25-12.48/IMG_2606.JPG,IMG_2606.JPG,HFW12-F7_2016_201603251248_IMG_2606.jpg,0.863838791847229,528.4775390625,219.91818237304688,505.965576171875,833.60791015625,2048,1536,505,833
HFW12-F7,2016,201603251248,HC,1,/Volumes/Seagate Portable Drive/KYLE_AI_DATABASE/A_CAMERA/Focal_species/Gulo gulo/HFW12-F7/HC/2016/COLOR/Robust marks/03.25-12.48/IMG_2609.JPG,IMG_2609.JPG,HFW12-F7_2016_201603251248_IMG_2609.jpg,0.8912439942359924,545.77392578125,201.85171508789062,525.038330078125,878.3604736328125,2048,1536,525,878
HFW12-F7,2016,201603251248,HC,1,/Volumes/Seagate Portable Drive/KYLE_AI_DATABASE/A_CAMERA/Focal_species/Gulo gulo/HFW12-F7/HC/2016/COLOR/Robust marks/03.25-12.48/IMG_2610.JPG,IMG_2610.JPG,HFW12-F7_2016_201603251248_IMG_2610.jpg,0.9284593462944031,515.6898193359375,202.90493774414062,540.8336181640625,868.7100830078125,2048,1536,540,868
HFW12-F7,2016,201603251248,HC,1,/Volumes/Seagate Portable Drive/KYLE_AI_DATABASE/A_CAMERA/Focal_species/Gulo gulo/HFW12-F7/HC/2016/COLOR/Robust marks/03.25-12.48/IMG_2611.JPG,IMG_2611.JPG,HFW12-F7_2016_201603251248_IMG_2611.jpg,0.8931165337562561,553.504638671875,228.06417846679688,494.9691162109375,849.968017578125,2048,1536,494,849
HFW12-F7,2016,201603251248,HC,1,/Volumes/Seagate Portable Drive/KYLE_AI_DATABASE/A_CAMERA/Focal_species/Gulo gulo/HFW12-F7/HC/2016/COLOR/Robust marks/03.25-12.48/IMG_2614.JPG,IMG_2614.JPG,HFW12-F7_2016_201603251248_IMG_2614.jpg,0.9335600137710571,561.3540649414062,210.40676879882812,472.95721435546875,869.5616455078125,2048,1536,472,869
HFW12-F7,2016,201603251248,HC,1,/Volumes/Seagate Portable Drive/KYLE_AI_DATABASE/A_CAMERA/Focal_species/Gulo gulo/HFW12-F7/HC/2016/COLOR/Robust marks/03.25-12.48/IMG_2615.JPG,IMG_2615.JPG,HFW12-F7_2016_201603251248_IMG_2615.jpg,0.8856956958770752,564.9788208007812,284.7413330078125,508.12518310546875,804.85595703125,2048,1536,508,804
HFW12-F7,2016,201603251248,HC,1,/Volumes/Seagate Portable Drive/KYLE_AI_DATABASE/A_CAMERA/Focal_species/Gulo gulo/HFW12-F7/HC/2016/COLOR/Robust marks/03.25-12.48/IMG_2616.JPG,IMG_2616.JPG,HFW12-F7_2016_201603251248_IMG_2616.jpg,0.9228422045707703,564.2486572265625,300.03387451171875,493.0421142578125,790.8195190429688,2048,1536,493,790
HFW12-F7,2016,201603251248,HC,1,/Volumes/Seagate Portable Drive/KYLE_AI_DATABASE/A_CAMERA/Focal_species/Gulo gulo/HFW12-F7/HC/2016/COLOR/Robust marks/03.25-12.48/IMG_2617.JPG,IMG_2617.JPG,HFW12-F7_2016_201603251248_IMG_2617.jpg,0.9183176755905151,567.6272583007812,242.79583740234375,487.12884521484375,873.3890991210938,2048,1536,487,873
HFW12-F7,2016,201603251248,HC,1,/Volumes/Seagate Portable Drive/KYLE_AI_DATABASE/A_CAMERA/Focal_species/Gulo gulo/HFW12-F7/HC/2016/COLOR/Robust marks/03.25-12.48/IMG_2618.JPG,IMG_2618.JPG,HFW12-F7_2016_201603251248_IMG_2618.jpg,0.8834457397460938,556.805908203125,296.6780090332031,492.3162841796875,870.326171875,2048,1536,492,870
HFW12-F7,2016,201603251248,HC,1,/Volumes/Seagate Portable Drive/KYLE_AI_DATABASE/A_CAMERA/Focal_species/Gulo gulo/HFW12-F7/HC/2016/COLOR/Robust marks/03.25-12.48/IMG_2619.JPG,IMG_2619.JPG,HFW12-F7_2016_201603251248_IMG_2619.jpg,0.8816960453987122,568.6876831054688,328.83148193359375,361.474365234375,829.9043579101562,2048,1536,361,829
HFW12-F7,2016,201603251248,HC,1,/Volumes/Seagate Portable Drive/KYLE_AI_DATABASE/A_CAMERA/Focal_species/Gulo gulo/HFW12-F7/HC/2016/COLOR/Robust marks/03.25-12.48/IMG_2621.JPG,IMG_2621.JPG,HFW12-F7_2016_201603251248_IMG_2621.jpg,0.847573459148407,532.7158203125,276.93634033203125,431.258544921875,772.8678588867188,2048,1536,431,772
HFW12-F7,2016,201603251248,HC,1,/Volumes/Seagate Portable Drive/KYLE_AI_DATABASE/A_CAMERA/Focal_species/Gulo gulo/HFW12-F7/HC/2016/COLOR/Robust marks/03.25-12.48/IMG_2622.JPG,IMG_2622.JPG,HFW12-F7_2016_201603251248_IMG_2622.jpg,0.9282780289649963,562.72802734375,329.97406005859375,480.9027099609375,765.4788208007812,2048,1536,480,765
HFW12-F7,2016,201603251248,HC,1,/Volumes/Seagate Portable Drive/KYLE_AI_DATABASE/A_CAMERA/Focal_species/Gulo gulo/HFW12-F7/HC/2016/COLOR/Robust marks/03.25-12.48/IMG_2623.JPG,IMG_2623.JPG,HFW12-F7_2016_201603251248_IMG_2623.jpg,0.9111490845680237,569.21875,279.72613525390625,479.892333984375,796.6626586914062,2048,1536,479,796
HFW12-F7,2016,201603251248,HC,1,/Volumes/Seagate Portable Drive/KYLE_AI_DATABASE/A_CAMERA/Focal_species/Gulo gulo/HFW12-F7/HC/2016/COLOR/Robust marks/03.25-12.48/IMG_2624.JPG,IMG_2624.JPG,HFW12-F7_2016_201603251248_IMG_2624.jpg,0.924105167388916,578.7092895507812,289.904052734375,474.76544189453125,796.69775390625,2048,1536,474,796
HFW12-F7,2016,201603251248,HC,1,/Volumes/Seagate Portable Drive/KYLE_AI_DATABASE/A_CAMERA/Focal_species/Gulo gulo/HFW12-F7/HC/2016/COLOR/Robust marks/03.25-12.48/IMG_2625.JPG,IMG_2625.JPG,HFW12-F7_2016_201603251248_IMG_2625.jpg,0.9239470958709717,578.019287109375,322.771484375,476.0810546875,764.312744140625,2048,1536,476,764
HFW12-F7,2016,201603251248,HC,1,/Volumes/Seagate Portable Drive/KYLE_AI_DATABASE/A_CAMERA/Focal_species/Gulo gulo/HFW12-F7/HC/2016/COLOR/Robust marks/03.25-12.48/IMG_2626.JPG,IMG_2626.JPG,HFW12-F7_2016_201603251248_IMG_2626.jpg,0.9386360049247742,578.96630859375,309.19580078125,478.1217041015625,778.4853515625,2048,1536,478,778
HFW12-F7,2016,201603251248,HC,1,/Volumes/Seagate Portable Drive/KYLE_AI_DATABASE/A_CAMERA/Focal_species/Gulo gulo/HFW12-F7/HC/2016/COLOR/Robust marks/03.25-12.48/IMG_2627.JPG,IMG_2627.JPG,HFW12-F7_2016_201603251248_IMG_2627.jpg,0.9170740246772766,604.8568725585938,321.2875061035156,446.80426025390625,748.9747314453125,2048,1536,446,748
HFW12-F7,2016,201603251248,HC,1,/Volumes/Seagate Portable Drive/KYLE_AI_DATABASE/A_CAMERA/Focal_species/Gulo gulo/HFW12-F7/HC/2016/COLOR/Robust marks/03.25-12.48/IMG_2628.JPG,IMG_2628.JPG,HFW12-F7_2016_201603251248_IMG_2628.jpg,0.9232651591300964,578.0279541015625,324.9175720214844,472.339111328125,761.647705078125,2048,1536,472,761
HFW12-F7,2016,201603251248,HC,1,/Volumes/Seagate Portable Drive/KYLE_AI_DATABASE/A_CAMERA/Focal_species/Gulo gulo/HFW12-F7/HC/2016/COLOR/Robust marks/03.25-12.48/IMG_2629.JPG,IMG_2629.JPG,HFW12-F7_2016_201603251248_IMG_2629.jpg,0.9274202585220337,579.23388671875,328.5259704589844,466.4251708984375,760.4376220703125,2048,1536,466,760
HFW12-F7,2016,201603251248,HC,1,/Volumes/Seagate Portable Drive/KYLE_AI_DATABASE/A_CAMERA/Focal_species/Gulo gulo/HFW12-F7/HC/2016/COLOR/Robust marks/03.25-12.48/IMG_2630.JPG,IMG_2630.JPG,HFW12-F7_2016_201603251248_IMG_2630.jpg,0.9185435175895691,580.0718994140625,290.367431640625,466.9114990234375,797.9049072265625,2048,1536,466,797
HFW12-F7,2016,201603251248,HC,1,/Volumes/Seagate Portable Drive/KYLE_AI_DATABASE/A_CAMERA/Focal_species/Gulo gulo/HFW12-F7/HC/2016/COLOR/Robust marks/03.25-12.48/IMG_2631.JPG,IMG_2631.JPG,HFW12-F7_2016_201603251248_IMG_2631.jpg,0.8390622735023499,599.652099609375,301.74560546875,415.6884765625,695.550537109375,2048,1536,415,695
HFW12-F7,2016,201603251248,HC,1,/Volumes/Seagate Portable Drive/KYLE_AI_DATABASE/A_CAMERA/Focal_species/Gulo gulo/HFW12-F7/HC/2016/COLOR/Robust marks/03.25-12.48/IMG_2632.JPG,IMG_2632.JPG,HFW12-F7_2016_201603251248_IMG_2632.jpg,0.817051351070404,594.3480224609375,322.3615417480469,377.8121337890625,677.9271240234375,2048,1536,377,677
HFW12-F7,2016,201603251248,HC,1,/Volumes/Seagate Portable Drive/KYLE_AI_DATABASE/A_CAMERA/Focal_species/Gulo gulo/HFW12-F7/HC/2016/COLOR/Robust marks/03.25-12.48/IMG_2633.JPG,IMG_2633.JPG,HFW12-F7_2016_201603251248_IMG_2633.jpg,0.8751612901687622,568.48486328125,275.45440673828125,386.49755859375,743.4010620117188,2048,1536,386,743
HFW12-F7,2016,201603251248,HC,1,/Volumes/Seagate Portable Drive/KYLE_AI_DATABASE/A_CAMERA/Focal_species/Gulo gulo/HFW12-F7/HC/2016/COLOR/Robust marks/03.25-12.48/IMG_2634.JPG,IMG_2634.JPG,HFW12-F7_2016_201603251248_IMG_2634.jpg,0.8959426283836365,563.6044921875,335.522216796875,405.0028076171875,752.944580078125,2048,1536,405,752
HFW12-F7,2016,201603251248,HC,1,/Volumes/Seagate Portable Drive/KYLE_AI_DATABASE/A_CAMERA/Focal_species/Gulo gulo/HFW12-F7/HC/2016/COLOR/Robust marks/03.25-12.48/IMG_2635.JPG,IMG_2635.JPG,HFW12-F7_2016_201603251248_IMG_2635.jpg,0.8350983262062073,569.62744140625,322.7447509765625,397.3634033203125,784.3604736328125,2048,1536,397,784
HFW12-F7,2016,201603251248,HC,1,/Volumes/Seagate Portable Drive/KYLE_AI_DATABASE/A_CAMERA/Focal_species/Gulo gulo/HFW12-F7/HC/2016/COLOR/Robust marks/03.25-12.48/IMG_2636.JPG,IMG_2636.JPG,HFW12-F7_2016_201603251248_IMG_2636.jpg,0.9111226797103882,566.0828247070312,336.8498840332031,480.98382568359375,867.862060546875,2048,1536,480,867
HFW12-F7,2016,201603251248,HC,1,/Volumes/Seagate Portable Drive/KYLE_AI_DATABASE/A_CAMERA/Focal_species/Gulo gulo/HFW12-F7/HC/2016/COLOR/Robust marks/03.25-12.48/IMG_2637.JPG,IMG_2637.JPG,HFW12-F7_2016_201603251248_IMG_2637.jpg,0.8815862536430359,851.0355224609375,755.4830932617188,839.4404296875,315.64337158203125,2048,1536,839,315
HFW12-F7,2016,201603251248,HC,1,/Volumes/Seagate Portable Drive/KYLE_AI_DATABASE/A_CAMERA/Focal_species/Gulo gulo/HFW12-F7/HC/2016/COLOR/Robust marks/03.25-12.48/IMG_2641.JPG,IMG_2641.JPG,HFW12-F7_2016_201603251248_IMG_2641.jpg,0.9118041396141052,835.2833251953125,603.5367431640625,320.065185546875,598.3648681640625,2048,1536,320,598
HFW12-F7,2016,201603251248,HC,1,/Volumes/Seagate Portable Drive/KYLE_AI_DATABASE/A_CAMERA/Focal_species/Gulo gulo/HFW12-F7/HC/2016/COLOR/Robust marks/03.25-12.48/IMG_2642.JPG,IMG_2642.JPG,HFW12-F7_2016_201603251248_IMG_2642.jpg,0.8904122710227966,884.4886474609375,382.67230224609375,328.98583984375,819.2074584960938,2048,1536,328,819
HFW12-F7,2016,201603251248,HC,1,/Volumes/Seagate Portable Drive/KYLE_AI_DATABASE/A_CAMERA/Focal_species/Gulo gulo/HFW12-F7/HC/2016/COLOR/Robust marks/03.25-12.48/IMG_2643.JPG,IMG_2643.JPG,HFW12-F7_2016_201603251248_IMG_2643.jpg,0.8298727869987488,848.7017822265625,333.22393798828125,307.9066162109375,865.3001098632812,2048,1536,307,865
HFW12-F7,2016,201603251248,HC,1,/Volumes/Seagate Portable Drive/KYLE_AI_DATABASE/A_CAMERA/Focal_species/Gulo gulo/HFW12-F7/HC/2016/COLOR/Robust marks/03.25-12.48/IMG_2644.JPG,IMG_2644.JPG,HFW12-F7_2016_201603251248_IMG_2644.jpg,0.8836784958839417,752.31494140625,331.0916748046875,394.392333984375,676.63134765625,2048,1536,394,676
HFW12-F7,2016,201603251248,HC,1,/Volumes/Seagate Portable Drive/KYLE_AI_DATABASE/A_CAMERA/Focal_species/Gulo gulo/HFW12-F7/HC/2016/COLOR/Robust marks/03.25-12.48/IMG_2645.JPG,IMG_2645.JPG,HFW12-F7_2016_201603251248_IMG_2645.jpg,0.8650245666503906,725.3233032226562,324.02789306640625,377.67852783203125,732.5289916992188,2048,1536,377,732
HFW12-F7,2016,201603251248,HC,1,/Volumes/Seagate Portable Drive/KYLE_AI_DATABASE/A_CAMERA/Focal_species/Gulo gulo/HFW12-F7/HC/2016/COLOR/Robust marks/03.25-12.48/IMG_2646.JPG,IMG_2646.JPG,HFW12-F7_2016_201603251248_IMG_2646.jpg,0.9110051393508911,722.8275146484375,327.4252014160156,384.4078369140625,729.9193115234375,2048,1536,384,729
HFW12-F7,2016,201603251248,HC,1,/Volumes/Seagate Portable Drive/KYLE_AI_DATABASE/A_CAMERA/Focal_species/Gulo gulo/HFW12-F7/HC/2016/COLOR/Robust marks/03.25-12.48/IMG_2647.JPG,IMG_2647.JPG,HFW12-F7_2016_201603251248_IMG_2647.jpg,0.8386735916137695,720.9605102539062,162.88673400878906,407.22393798828125,853.3673095703125,2048,1536,407,853
HFW12-F7,2016,201603251248,HC,1,/Volumes/Seagate Portable Drive/KYLE_AI_DATABASE/A_CAMERA/Focal_species/Gulo gulo/HFW12-F7/HC/2016/COLOR/Robust marks/03.25-12.48/IMG_2648.JPG,IMG_2648.JPG,HFW12-F7_2016_201603251248_IMG_2648.jpg,0.9032745957374573,505.938720703125,145.95021057128906,606.5845947265625,785.3291625976562,2048,1536,606,785
HFW12-F7,2016,201603251248,HC,1,/Volumes/Seagate Portable Drive/KYLE_AI_DATABASE/A_CAMERA/Focal_species/Gulo gulo/HFW12-F7/HC/2016/COLOR/Robust marks/03.25-12.48/IMG_2649.JPG,IMG_2649.JPG,HFW12-F7_2016_201603251248_IMG_2649.jpg,0.9015270471572876,543.3770751953125,180.08143615722656,618.6217041015625,816.6116333007812,2048,1536,618,816
HFW12-F7,2016,201603251248,HC,1,/Volumes/Seagate Portable Drive/KYLE_AI_DATABASE/A_CAMERA/Focal_species/Gulo gulo/HFW12-F7/HC/2016/COLOR/Robust marks/03.25-12.48/IMG_2650.JPG,IMG_2650.JPG,HFW12-F7_2016_201603251248_IMG_2650.jpg,0.8952184915542603,563.9417724609375,209.87828063964844,495.413818359375,816.2882080078125,2048,1536,495,816
HFW12-F7,2016,201603251248,HC,1,/Volumes/Seagate Portable Drive/KYLE_AI_DATABASE/A_CAMERA/Focal_species/Gulo gulo/HFW12-F7/HC/2016/COLOR/Robust marks/03.25-12.48/IMG_2651.JPG,IMG_2651.JPG,HFW12-F7_2016_201603251248_IMG_2651.jpg,0.920079231262207,539.307373046875,320.03070068359375,503.6558837890625,770.0930786132812,2048,1536,503,770
HFW12-F7,2016,201603251248,HC,1,/Volumes/Seagate Portable Drive/KYLE_AI_DATABASE/A_CAMERA/Focal_species/Gulo gulo/HFW12-F7/HC/2016/COLOR/Robust marks/03.25-12.48/IMG_2652.JPG,IMG_2652.JPG,HFW12-F7_2016_201603251248_IMG_2652.jpg,0.86397385597229,508.7596130371094,204.31906127929688,496.6656799316406,801.686767578125,2048,1536,496,801
HFW12-F7,2016,201603251248,HC,1,/Volumes/Seagate Portable Drive/KYLE_AI_DATABASE/A_CAMERA/Focal_species/Gulo gulo/HFW12-F7/HC/2016/COLOR/Robust marks/03.25-12.48/IMG_2653.JPG,IMG_2653.JPG,HFW12-F7_2016_201603251248_IMG_2653.jpg,0.8332868814468384,524.5022583007812,190.14344787597656,477.328125,864.8953857421875,2048,1536,477,864
HFW12-F7,2016,201603251248,HC,1,/Volumes/Seagate Portable Drive/KYLE_AI_DATABASE/A_CAMERA/Focal_species/Gulo gulo/HFW12-F7/HC/2016/COLOR/Robust marks/03.25-12.48/IMG_2654.JPG,IMG_2654.JPG,HFW12-F7_2016_201603251248_IMG_2654.jpg,0.8584533929824829,540.1032104492188,242.97097778320312,510.09417724609375,808.934814453125,2048,1536,510,808
HFW12-F7,2016,201603251248,HC,1,/Volumes/Seagate Portable Drive/KYLE_AI_DATABASE/A_CAMERA/Focal_species/Gulo gulo/HFW12-F7/HC/2016/COLOR/Robust marks/03.25-12.48/IMG_2655.JPG,IMG_2655.JPG,HFW12-F7_2016_201603251248_IMG_2655.jpg,0.897907555103302,548.8626708984375,203.45013427734375,480.5108642578125,847.1849975585938,2048,1536,480,847
HFW12-F7,2016,201603251248,HC,1,/Volumes/Seagate Portable Drive/KYLE_AI_DATABASE/A_CAMERA/Focal_species/Gulo gulo/HFW12-F7/HC/2016/COLOR/Robust marks/03.25-12.48/IMG_2656.JPG,IMG_2656.JPG,HFW12-F7_2016_201603251248_IMG_2656.jpg,0.9312849640846252,567.2943725585938,200.02056884765625,456.3636474609375,886.0407104492188,2048,1536,456,886
HFW12-F7,2016,201603251248,HC,1,/Volumes/Seagate Portable Drive/KYLE_AI_DATABASE/A_CAMERA/Focal_species/Gulo gulo/HFW12-F7/HC/2016/COLOR/Robust marks/03.25-12.48/IMG_2657.JPG,IMG_2657.JPG,HFW12-F7_2016_201603251248_IMG_2657.jpg,0.9128950238227844,541.522705078125,184.14605712890625,485.630859375,868.9412231445312,2048,1536,485,868
HFW12-F7,2016,201603251248,HC,1,/Volumes/Seagate Portable Drive/KYLE_AI_DATABASE/A_CAMERA/Focal_species/Gulo gulo/HFW12-F7/HC/2016/COLOR/Robust marks/03.25-12.48/IMG_2658.JPG,IMG_2658.JPG,HFW12-F7_2016_201603251248_IMG_2658.jpg,0.9396189451217651,565.943359375,199.6278533935547,506.33642578125,878.1846313476562,2048,1536,506,878
HFW12-F7,2016,201603251248,HC,1,/Volumes/Seagate Portable Drive/KYLE_AI_DATABASE/A_CAMERA/Focal_species/Gulo gulo/HFW12-F7/HC/2016/COLOR/Robust marks/03.25-12.48/IMG_2659.JPG,IMG_2659.JPG,HFW12-F7_2016_201603251248_IMG_2659.jpg,0.8982757329940796,538.5557250976562,214.69281005859375,539.2736206054688,829.7398071289062,2048,1536,539,829
HFW12-F7,2016,201603251248,HC,1,/Volumes/Seagate Portable Drive/KYLE_AI_DATABASE/A_CAMERA/Focal_species/Gulo gulo/HFW12-F7/HC/2016/COLOR/Robust marks/03.25-12.48/IMG_2660.JPG,IMG_2660.JPG,HFW12-F7_2016_201603251248_IMG_2660.jpg,0.9199635982513428,560.6865234375,183.5347137451172,452.5770263671875,906.5664672851562,2048,1536,452,906
HFW12-F7,2016,201603251248,HC,1,/Volumes/Seagate Portable Drive/KYLE_AI_DATABASE/A_CAMERA/Focal_species/Gulo gulo/HFW12-F7/HC/2016/COLOR/Robust marks/03.25-12.48/IMG_2661.JPG,IMG_2661.JPG,HFW12-F7_2016_201603251248_IMG_2661.jpg,0.877648115158081,510.2652587890625,226.6252899169922,496.5928955078125,816.4243774414062,2048,1536,496,816
HFW12-F7,2016,201603251248,HC,1,/Volumes/Seagate Portable Drive/KYLE_AI_DATABASE/A_CAMERA/Focal_species/Gulo gulo/HFW12-F7/HC/2016/COLOR/Robust marks/03.25-12.48/IMG_2662.JPG,IMG_2662.JPG,HFW12-F7_2016_201603251248_IMG_2662.jpg,0.9137226343154907,559.0326538085938,213.87185668945312,504.30938720703125,794.5606689453125,2048,1536,504,794
HFW12-F7,2016,201603251248,HC,1,/Volumes/Seagate Portable Drive/KYLE_AI_DATABASE/A_CAMERA/Focal_species/Gulo gulo/HFW12-F7/HC/2016/COLOR/Robust marks/03.25-12.48/IMG_2663.JPG,IMG_2663.JPG,HFW12-F7_2016_201603251248_IMG_2663.jpg,0.9197645783424377,510.2615051269531,191.7528533935547,572.1651611328125,852.5679321289062,2048,1536,572,852
HFW12-F7,2016,201603251248,HC,1,/Volumes/Seagate Portable Drive/KYLE_AI_DATABASE/A_CAMERA/Focal_species/Gulo gulo/HFW12-F7/HC/2016/COLOR/Robust marks/03.25-12.48/IMG_2664.JPG,IMG_2664.JPG,HFW12-F7_2016_201603251248_IMG_2664.jpg,0.936009407043457,508.6085510253906,214.3989715576172,564.183837890625,840.8579711914062,2048,1536,564,840
HFW12-F7,2016,201603251248,HC,1,/Volumes/Seagate Portable Drive/KYLE_AI_DATABASE/A_CAMERA/Focal_species/Gulo gulo/HFW12-F7/HC/2016/COLOR/Robust marks/03.25-12.48/IMG_2665.JPG,IMG_2665.JPG,HFW12-F7_2016_201603251248_IMG_2665.jpg,0.9185882210731506,511.5334777832031,189.19216918945312,571.029541015625,864.8203125,2048,1536,571,864
HFW12-F7,2016,201603251248,HC,1,/Volumes/Seagate Portable Drive/KYLE_AI_DATABASE/A_CAMERA/Focal_species/Gulo gulo/HFW12-F7/HC/2016/COLOR/Robust marks/03.25-12.48/IMG_2666.JPG,IMG_2666.JPG,HFW12-F7_2016_201603251248_IMG_2666.jpg,0.9308927655220032,508.8466796875,202.5875701904297,544.85986328125,848.9893188476562,2048,1536,544,848
HFW12-F7,2016,201603251248,HC,1,/Volumes/Seagate Portable Drive/KYLE_AI_DATABASE/A_CAMERA/Focal_species/Gulo gulo/HFW12-F7/HC/2016/COLOR/Robust marks/03.25-12.48/IMG_2667.JPG,IMG_2667.JPG,HFW12-F7_2016_201603251248_IMG_2667.jpg,0.9242505431175232,511.66253662109375,220.06201171875,546.0830688476562,861.865234375,2048,1536,546,861
HFW12-F7,2016,201603251248,HC,1,/Volumes/Seagate Portable Drive/KYLE_AI_DATABASE/A_CAMERA/Focal_species/Gulo gulo/HFW12-F7/HC/2016/COLOR/Robust marks/03.25-12.48/IMG_2668.JPG,IMG_2668.JPG,HFW12-F7_2016_201603251248_IMG_2668.jpg,0.9184620976448059,513.5657348632812,232.78829956054688,540.2269897460938,854.36474609375,2048,1536,540,854
HFW12-F7,2016,201603251248,HC,1,/Volumes/Seagate Portable Drive/KYLE_AI_DATABASE/A_CAMERA/Focal_species/Gulo gulo/HFW12-F7/HC/2016/COLOR/Robust marks/03.25-12.48/IMG_2669.JPG,IMG_2669.JPG,HFW12-F7_2016_201603251248_IMG_2669.jpg,0.9155094623565674,512.1898193359375,256.01409912109375,540.35400390625,830.1433715820312,2048,1536,540,830
HFW12-F7,2016,201603251248,HC,1,/Volumes/Seagate Portable Drive/KYLE_AI_DATABASE/A_CAMERA/Focal_species/Gulo gulo/HFW12-F7/HC/2016/COLOR/Robust marks/03.25-12.48/IMG_2670.JPG,IMG_2670.JPG,HFW12-F7_2016_201603251248_IMG_2670.jpg,0.9194046854972839,510.9049072265625,282.134521484375,536.9481201171875,801.806640625,2048,1536,536,801
HFW12-F7,2016,201603251248,HC,1,/Volumes/Seagate Portable Drive/KYLE_AI_DATABASE/A_CAMERA/Focal_species/Gulo gulo/HFW12-F7/HC/2016/COLOR/Robust marks/03.25-12.48/IMG_2671.JPG,IMG_2671.JPG,HFW12-F7_2016_201603251248_IMG_2671.jpg,0.8823855519294739,571.6616821289062,238.4135284423828,436.7657470703125,842.4108276367188,2048,1536,436,842
HFW12-F7,2016,201603251248,HC,1,/Volumes/Seagate Portable Drive/KYLE_AI_DATABASE/A_CAMERA/Focal_species/Gulo gulo/HFW12-F7/HC/2016/COLOR/Robust marks/03.25-12.48/IMG_2672.JPG,IMG_2672.JPG,HFW12-F7_2016_201603251248_IMG_2672.jpg,0.8928540945053101,552.9833984375,244.90516662597656,467.9801025390625,828.5777587890625,2048,1536,467,828
HFW12-F7,2016,201603251248,HC,1,/Volumes/Seagate Portable Drive/KYLE_AI_DATABASE/A_CAMERA/Focal_species/Gulo gulo/HFW12-F7/HC/2016/COLOR/Robust marks/03.25-12.48/IMG_2673.JPG,IMG_2673.JPG,HFW12-F7_2016_201603251248_IMG_2673.jpg,0.9130532145500183,564.728759765625,231.61001586914062,470.7952880859375,844.4644775390625,2048,1536,470,844
HFW12-F7,2016,201603251248,HC,1,/Volumes/Seagate Portable Drive/KYLE_AI_DATABASE/A_CAMERA/Focal_species/Gulo gulo/HFW12-F7/HC/2016/COLOR/Robust marks/03.25-12.48/IMG_2674.JPG,IMG_2674.JPG,HFW12-F7_2016_201603251248_IMG_2674.jpg,0.8633037805557251,556.2193603515625,240.13888549804688,465.6175537109375,849.2769775390625,2048,1536,465,849
HFW12-F7,2016,201603251248,HC,1,/Volumes/Seagate Portable Drive/KYLE_AI_DATABASE/A_CAMERA/Focal_species/Gulo gulo/HFW12-F7/HC/2016/COLOR/Robust marks/03.25-12.48/IMG_2675.JPG,IMG_2675.JPG,HFW12-F7_2016_201603251248_IMG_2675.jpg,0.9160433411598206,573.9732055664062,151.1725616455078,463.77313232421875,863.3577270507812,2048,1536,463,863
HFW12-F7,2016,201603251248,HC,1,/Volumes/Seagate Portable Drive/KYLE_AI_DATABASE/A_CAMERA/Focal_species/Gulo gulo/HFW12-F7/HC/2016/COLOR/Robust marks/03.25-12.48/IMG_2676.JPG,IMG_2676.JPG,HFW12-F7_2016_201603251248_IMG_2676.jpg,0.8870499730110168,555.7908935546875,186.0200958251953,430.8482666015625,843.4808959960938,2048,1536,430,843
HFW12-F7,2016,201603251248,HC,1,/Volumes/Seagate Portable Drive/KYLE_AI_DATABASE/A_CAMERA/Focal_species/Gulo gulo/HFW12-F7/HC/2016/COLOR/Robust marks/03.25-12.48/IMG_2677.JPG,IMG_2677.JPG,HFW12-F7_2016_201603251248_IMG_2677.jpg,0.937298595905304,557.9493408203125,235.8922119140625,471.5263671875,834.9097900390625,2048,1536,471,834
HFW12-F7,2016,201603251248,HC,1,/Volumes/Seagate Portable Drive/KYLE_AI_DATABASE/A_CAMERA/Focal_species/Gulo gulo/HFW12-F7/HC/2016/COLOR/Robust marks/03.25-12.48/IMG_2678.JPG,IMG_2678.JPG,HFW12-F7_2016_201603251248_IMG_2678.jpg,0.9070905447006226,574.5198974609375,250.7037353515625,505.9027099609375,767.36474609375,2048,1536,505,767
HFW12-F7,2016,201603251248,HC,1,/Volumes/Seagate Portable Drive/KYLE_AI_DATABASE/A_CAMERA/Focal_species/Gulo gulo/HFW12-F7/HC/2016/COLOR/Robust marks/03.25-12.48/IMG_2679.JPG,IMG_2679.JPG,HFW12-F7_2016_201603251248_IMG_2679.jpg,0.909960150718689,594.866455078125,271.2100524902344,454.2022705078125,829.1822509765625,2048,1536,454,829
HFW12-F7,2016,201603251248,HC,1,/Volumes/Seagate Portable Drive/KYLE_AI_DATABASE/A_CAMERA/Focal_species/Gulo gulo/HFW12-F7/HC/2016/COLOR/Robust marks/03.25-12.48/IMG_2680.JPG,IMG_2680.JPG,HFW12-F7_2016_201603251248_IMG_2680.jpg,0.8698824644088745,573.3381958007812,242.91989135742188,470.57989501953125,845.6181640625,2048,1536,470,845
HFW12-F7,2016,201603251248,HC,1,/Volumes/Seagate Portable Drive/KYLE_AI_DATABASE/A_CAMERA/Focal_species/Gulo gulo/HFW12-F7/HC/2016/COLOR/Robust marks/03.25-12.48/IMG_2681.JPG,IMG_2681.JPG,HFW12-F7_2016_201603251248_IMG_2681.jpg,0.9157688021659851,557.5330810546875,259.320068359375,464.287841796875,848.0787353515625,2048,1536,464,848
HFW12-F7,2016,201603251248,HC,1,/Volumes/Seagate Portable Drive/KYLE_AI_DATABASE/A_CAMERA/Focal_species/Gulo gulo/HFW12-F7/HC/2016/COLOR/Robust marks/03.25-12.48/IMG_2682.JPG,IMG_2682.JPG,HFW12-F7_2016_201603251248_IMG_2682.jpg,0.9204453825950623,551.85888671875,260.82159423828125,468.0379638671875,874.8192749023438,2048,1536,468,874
HFW12-F7,2016,201603251248,HC,1,/Volumes/Seagate Portable Drive/KYLE_AI_DATABASE/A_CAMERA/Focal_species/Gulo gulo/HFW12-F7/HC/2016/COLOR/Robust marks/03.25-12.48/IMG_2683.JPG,IMG_2683.JPG,HFW12-F7_2016_201603251248_IMG_2683.jpg,0.9121798276901245,562.24072265625,302.157958984375,469.7626953125,850.73876953125,2048,1536,469,850
HFW12-F7,2016,201603251248,HC,1,/Volumes/Seagate Portable Drive/KYLE_AI_DATABASE/A_CAMERA/Focal_species/Gulo gulo/HFW12-F7/HC/2016/COLOR/Robust marks/03.25-12.48/IMG_2684.JPG,IMG_2684.JPG,HFW12-F7_2016_201603251248_IMG_2684.jpg,0.9183611273765564,546.4844970703125,306.0894470214844,488.1796875,854.4766845703125,2048,1536,488,854
HFW12-F7,2016,201603251248,HC,1,/Volumes/Seagate Portable Drive/KYLE_AI_DATABASE/A_CAMERA/Focal_species/Gulo gulo/HFW12-F7/HC/2016/COLOR/Robust marks/03.25-12.48/IMG_2685.JPG,IMG_2685.JPG,HFW12-F7_2016_201603251248_IMG_2685.jpg,0.8917654156684875,543.3572387695312,311.59442138671875,494.62445068359375,826.3591918945312,2048,1536,494,826
HFW12-F7,2016,201603251248,HC,1,/Volumes/Seagate Portable Drive/KYLE_AI_DATABASE/A_CAMERA/Focal_species/Gulo gulo/HFW12-F7/HC/2016/COLOR/Robust marks/03.25-12.48/IMG_2686.JPG,IMG_2686.JPG,HFW12-F7_2016_201603251248_IMG_2686.jpg,0.9052664637565613,561.9061279296875,233.00088500976562,453.122802734375,846.049072265625,2048,1536,453,846
HFW12-F7,2016,201603251248,HC,1,/Volumes/Seagate Portable Drive/KYLE_AI_DATABASE/A_CAMERA/Focal_species/Gulo gulo/HFW12-F7/HC/2016/COLOR/Robust marks/03.25-12.48/IMG_2687.JPG,IMG_2687.JPG,HFW12-F7_2016_201603251248_IMG_2687.jpg,0.9255155324935913,533.9313354492188,222.67227172851562,482.609130859375,837.989013671875,2048,1536,482,837
HFW12-F7,2016,201603251248,HC,1,/Volumes/Seagate Portable Drive/KYLE_AI_DATABASE/A_CAMERA/Focal_species/Gulo gulo/HFW12-F7/HC/2016/COLOR/Robust marks/03.25-12.48/IMG_2688.JPG,IMG_2688.JPG,HFW12-F7_2016_201603251248_IMG_2688.jpg,0.8070198893547058,547.3203125,220.8662109375,486.139892578125,882.9490966796875,2048,1536,486,882
HFW12-F7,2016,201603251248,HC,1,/Volumes/Seagate Portable Drive/KYLE_AI_DATABASE/A_CAMERA/Focal_species/Gulo gulo/HFW12-F7/HC/2016/COLOR/Robust marks/03.25-12.48/IMG_2689.JPG,IMG_2689.JPG,HFW12-F7_2016_201603251248_IMG_2689.jpg,0.8346911668777466,539.7843017578125,283.7132263183594,441.2540283203125,789.6807861328125,2048,1536,441,789
HFW12-F7,2016,201603251248,HC,1,/Volumes/Seagate Portable Drive/KYLE_AI_DATABASE/A_CAMERA/Focal_species/Gulo gulo/HFW12-F7/HC/2016/COLOR/Robust marks/03.25-12.48/IMG_2690.JPG,IMG_2690.JPG,HFW12-F7_2016_201603251248_IMG_2690.jpg,0.9303225874900818,526.2880249023438,228.8045654296875,498.68878173828125,841.476318359375,2048,1536,498,841
HFW12-F7,2016,201603251248,HC,1,/Volumes/Seagate Portable Drive/KYLE_AI_DATABASE/A_CAMERA/Focal_species/Gulo gulo/HFW12-F7/HC/2016/COLOR/Robust marks/03.25-12.48/IMG_2691.JPG,IMG_2691.JPG,HFW12-F7_2016_201603251248_IMG_2691.jpg,0.936479926109314,572.6336669921875,280.7049865722656,504.3226318359375,817.189697265625,2048,1536,504,817
HFW12-F7,2016,201603251248,HC,1,/Volumes/Seagate Portable Drive/KYLE_AI_DATABASE/A_CAMERA/Focal_species/Gulo gulo/HFW12-F7/HC/2016/COLOR/Robust marks/03.25-12.48/IMG_2692.JPG,IMG_2692.JPG,HFW12-F7_2016_201603251248_IMG_2692.jpg,0.9373699426651001,562.0209350585938,270.40228271484375,472.04547119140625,817.2139282226562,2048,1536,472,817
HFW12-F7,2016,201603251248,HC,1,/Volumes/Seagate Portable Drive/KYLE_AI_DATABASE/A_CAMERA/Focal_species/Gulo gulo/HFW12-F7/HC/2016/COLOR/Robust marks/03.25-12.48/IMG_2693.JPG,IMG_2693.JPG,HFW12-F7_2016_201603251248_IMG_2693.jpg,0.9453669786453247,562.415283203125,277.947509765625,475.9024658203125,816.872802734375,2048,1536,475,816
HFW12-F7,2016,201603251248,HC,1,/Volumes/Seagate Portable Drive/KYLE_AI_DATABASE/A_CAMERA/Focal_species/Gulo gulo/HFW12-F7/HC/2016/COLOR/Robust marks/03.25-12.48/IMG_2694.JPG,IMG_2694.JPG,HFW12-F7_2016_201603251248_IMG_2694.jpg,0.9497738480567932,562.9668579101562,276.8653564453125,471.45343017578125,820.9967041015625,2048,1536,471,820
HFW12-F7,2016,201603251248,HC,1,/Volumes/Seagate Portable Drive/KYLE_AI_DATABASE/A_CAMERA/Focal_species/Gulo gulo/HFW12-F7/HC/2016/COLOR/Robust marks/03.25-12.48/IMG_2695.JPG,IMG_2695.JPG,HFW12-F7_2016_201603251248_IMG_2695.jpg,0.9058327078819275,566.1150512695312,205.2051544189453,459.15057373046875,885.0242309570312,2048,1536,459,885
HFW12-F7,2016,201603251248,HC,1,/Volumes/Seagate Portable Drive/KYLE_AI_DATABASE/A_CAMERA/Focal_species/Gulo gulo/HFW12-F7/HC/2016/COLOR/Robust marks/03.25-12.48/IMG_2696.JPG,IMG_2696.JPG,HFW12-F7_2016_201603251248_IMG_2696.jpg,0.90537428855896,524.2279052734375,201.2838134765625,529.83642578125,868.0914306640625,2048,1536,529,868
HFW12-F7,2016,201603251248,HC,1,/Volumes/Seagate Portable Drive/KYLE_AI_DATABASE/A_CAMERA/Focal_species/Gulo gulo/HFW12-F7/HC/2016/COLOR/Robust marks/03.25-12.48/IMG_2697.JPG,IMG_2697.JPG,HFW12-F7_2016_201603251248_IMG_2697.jpg,0.927904486656189,538.9122314453125,206.88949584960938,506.3255615234375,842.8455810546875,2048,1536,506,842
HFW12-F7,2016,201603251248,HC,1,/Volumes/Seagate Portable Drive/KYLE_AI_DATABASE/A_CAMERA/Focal_species/Gulo gulo/HFW12-F7/HC/2016/COLOR/Robust marks/03.25-12.48/IMG_2698.JPG,IMG_2698.JPG,HFW12-F7_2016_201603251248_IMG_2698.jpg,0.9166461229324341,537.1890869140625,209.34718322753906,515.911376953125,843.8619384765625,2048,1536,515,843
HFW12-F7,2016,201603251248,HC,1,/Volumes/Seagate Portable Drive/KYLE_AI_DATABASE/A_CAMERA/Focal_species/Gulo gulo/HFW12-F7/HC/2016/COLOR/Robust marks/03.25-12.48/IMG_2699.JPG,IMG_2699.JPG,HFW12-F7_2016_201603251248_IMG_2699.jpg,0.919081449508667,534.8880615234375,195.2050323486328,512.8502197265625,866.8297729492188,2048,1536,512,866
HFW12-F7,2016,201603251248,HC,1,/Volumes/Seagate Portable Drive/KYLE_AI_DATABASE/A_CAMERA/Focal_species/Gulo gulo/HFW12-F7/HC/2016/COLOR/Robust marks/03.25-12.48/IMG_2700.JPG,IMG_2700.JPG,HFW12-F7_2016_201603251248_IMG_2700.jpg,0.9118346571922302,539.8285522460938,210.46298217773438,506.30010986328125,845.40966796875,2048,1536,506,845
HFW12-F7,2016,201603251248,HC,1,/Volumes/Seagate Portable Drive/KYLE_AI_DATABASE/A_CAMERA/Focal_species/Gulo gulo/HFW12-F7/HC/2016/COLOR/Robust marks/03.25-12.48/IMG_2701.JPG,IMG_2701.JPG,HFW12-F7_2016_201603251248_IMG_2701.jpg,0.923136830329895,560.8755493164062,213.7224884033203,470.97406005859375,820.1029663085938,2048,1536,470,820
HFW12-F7,2016,201603251248,HC,1,/Volumes/Seagate Portable Drive/KYLE_AI_DATABASE/A_CAMERA/Focal_species/Gulo gulo/HFW12-F7/HC/2016/COLOR/Robust marks/03.25-12.48/IMG_2702.JPG,IMG_2702.JPG,HFW12-F7_2016_201603251248_IMG_2702.jpg,0.9483728408813477,544.4265747070312,222.51177978515625,445.8802490234375,866.1785278320312,2048,1536,445,866
HFW12-F7,2016,201603251248,HC,1,/Volumes/Seagate Portable Drive/KYLE_AI_DATABASE/A_CAMERA/Focal_species/Gulo gulo/HFW12-F7/HC/2016/COLOR/Robust marks/03.25-12.48/IMG_2703.JPG,IMG_2703.JPG,HFW12-F7_2016_201603251248_IMG_2703.jpg,0.9161352515220642,539.571533203125,205.6988067626953,424.9364013671875,868.3612670898438,2048,1536,424,868
HFW12-F7,2016,201603251248,HC,1,/Volumes/Seagate Portable Drive/KYLE_AI_DATABASE/A_CAMERA/Focal_species/Gulo gulo/HFW12-F7/HC/2016/COLOR/Robust marks/03.25-12.48/IMG_2704.JPG,IMG_2704.JPG,HFW12-F7_2016_201603251248_IMG_2704.jpg,0.884828507900238,538.1212768554688,204.52743530273438,450.626220703125,849.3101806640625,2048,1536,450,849
HFW12-F7,2016,201603251248,HC,1,/Volumes/Seagate Portable Drive/KYLE_AI_DATABASE/A_CAMERA/Focal_species/Gulo gulo/HFW12-F7/HC/2016/COLOR/Robust marks/03.25-12.48/IMG_2705.JPG,IMG_2705.JPG,HFW12-F7_2016_201603251248_IMG_2705.jpg,0.9235669374465942,538.1893310546875,218.14041137695312,443.6522216796875,829.3218994140625,2048,1536,443,829
HFW12-F7,2016,201603251248,HC,1,/Volumes/Seagate Portable Drive/KYLE_AI_DATABASE/A_CAMERA/Focal_species/Gulo gulo/HFW12-F7/HC/2016/COLOR/Robust marks/03.25-12.48/IMG_2706.JPG,IMG_2706.JPG,HFW12-F7_2016_201603251248_IMG_2706.jpg,0.9186744093894958,543.026611328125,194.73797607421875,440.9127197265625,850.2297973632812,2048,1536,440,850
HFW12-F7,2016,201603251248,HC,1,/Volumes/Seagate Portable Drive/KYLE_AI_DATABASE/A_CAMERA/Focal_species/Gulo gulo/HFW12-F7/HC/2016/COLOR/Robust marks/03.25-12.48/IMG_2707.JPG,IMG_2707.JPG,HFW12-F7_2016_201603251248_IMG_2707.jpg,0.9360817670822144,538.7291870117188,197.82852172851562,437.2257080078125,869.9332275390625,2048,1536,437,869
HFW12-F7,2016,201603251248,HC,1,/Volumes/Seagate Portable Drive/KYLE_AI_DATABASE/A_CAMERA/Focal_species/Gulo gulo/HFW12-F7/HC/2016/COLOR/Robust marks/03.25-12.48/IMG_2708.JPG,IMG_2708.JPG,HFW12-F7_2016_201603251248_IMG_2708.jpg,0.9294370412826538,542.5458374023438,212.65274047851562,428.0777587890625,843.796875,2048,1536,428,843
HFW12-F7,2016,201603251248,HC,1,/Volumes/Seagate Portable Drive/KYLE_AI_DATABASE/A_CAMERA/Focal_species/Gulo gulo/HFW12-F7/HC/2016/COLOR/Robust marks/03.25-12.48/IMG_2709.JPG,IMG_2709.JPG,HFW12-F7_2016_201603251248_IMG_2709.jpg,0.9340804219245911,541.6461791992188,214.9555206298828,446.80615234375,841.2527465820312,2048,1536,446,841
HFW12-F7,2016,201603251248,HC,1,/Volumes/Seagate Portable Drive/KYLE_AI_DATABASE/A_CAMERA/Focal_species/Gulo gulo/HFW12-F7/HC/2016/COLOR/Robust marks/03.25-12.48/IMG_2710.JPG,IMG_2710.JPG,HFW12-F7_2016_201603251248_IMG_2710.jpg,0.820051908493042,550.8446655273438,210.46701049804688,382.29150390625,851.980712890625,2048,1536,382,851
HFW12-F7,2016,201603251248,HC,1,/Volumes/Seagate Portable Drive/KYLE_AI_DATABASE/A_CAMERA/Focal_species/Gulo gulo/HFW12-F7/HC/2016/COLOR/Robust marks/03.25-12.48/IMG_2711.JPG,IMG_2711.JPG,HFW12-F7_2016_201603251248_IMG_2711.jpg,0.8836758732795715,543.9757690429688,328.7503356933594,429.8519287109375,740.04833984375,2048,1536,429,740
HFW12-F7,2016,201603251248,HC,1,/Volumes/Seagate Portable Drive/KYLE_AI_DATABASE/A_CAMERA/Focal_species/Gulo gulo/HFW12-F7/HC/2016/COLOR/Robust marks/03.25-12.48/IMG_2712.JPG,IMG_2712.JPG,HFW12-F7_2016_201603251248_IMG_2712.jpg,0.8153431415557861,563.7027587890625,328.3448486328125,389.59521484375,705.0577392578125,2048,1536,389,705
HFW12-F7,2016,201603251248,HC,1,/Volumes/Seagate Portable Drive/KYLE_AI_DATABASE/A_CAMERA/Focal_species/Gulo gulo/HFW12-F7/HC/2016/COLOR/Robust marks/03.25-12.48/IMG_2713.JPG,IMG_2713.JPG,HFW12-F7_2016_201603251248_IMG_2713.jpg,0.8460409641265869,565.173583984375,330.71551513671875,414.921142578125,702.6859741210938,2048,1536,414,702
HFW12-F7,2016,201603251248,HC,1,/Volumes/Seagate Portable Drive/KYLE_AI_DATABASE/A_CAMERA/Focal_species/Gulo gulo/HFW12-F7/HC/2016/COLOR/Robust marks/03.25-12.48/IMG_2714.JPG,IMG_2714.JPG,HFW12-F7_2016_201603251248_IMG_2714.jpg,0.8084827065467834,575.14501953125,311.9149475097656,414.73388671875,759.2796630859375,2048,1536,414,759
HFW12-F7,2016,201603251248,HC,1,/Volumes/Seagate Portable Drive/KYLE_AI_DATABASE/A_CAMERA/Focal_species/Gulo gulo/HFW12-F7/HC/2016/COLOR/Robust marks/03.25-12.48/IMG_2715.JPG,IMG_2715.JPG,HFW12-F7_2016_201603251248_IMG_2715.jpg,0.9071002006530762,568.7662963867188,252.91612243652344,482.99566650390625,808.2598876953125,2048,1536,482,808
HFW12-F7,2016,201603251248,HC,1,/Volumes/Seagate Portable Drive/KYLE_AI_DATABASE/A_CAMERA/Focal_species/Gulo gulo/HFW12-F7/HC/2016/COLOR/Robust marks/03.25-12.48/IMG_2716.JPG,IMG_2716.JPG,HFW12-F7_2016_201603251248_IMG_2716.jpg,0.9068617224693298,571.3799438476562,243.67813110351562,474.85955810546875,846.3138427734375,2048,1536,474,846
HFW12-F7,2016,201603251248,HC,1,/Volumes/Seagate Portable Drive/KYLE_AI_DATABASE/A_CAMERA/Focal_species/Gulo gulo/HFW12-F7/HC/2016/COLOR/Robust marks/03.25-12.48/IMG_2717.JPG,IMG_2717.JPG,HFW12-F7_2016_201603251248_IMG_2717.jpg,0.8934422731399536,572.2342529296875,239.1551055908203,425.246337890625,845.2472534179688,2048,1536,425,845
HFW12-F7,2016,201603251248,HC,1,/Volumes/Seagate Portable Drive/KYLE_AI_DATABASE/A_CAMERA/Focal_species/Gulo gulo/HFW12-F7/HC/2016/COLOR/Robust marks/03.25-12.48/IMG_2718.JPG,IMG_2718.JPG,HFW12-F7_2016_201603251248_IMG_2718.jpg,0.9259073138237,573.3944702148438,251.94927978515625,412.9647216796875,823.7560424804688,2048,1536,412,823
HFW12-F7,2016,201603251248,HC,1,/Volumes/Seagate Portable Drive/KYLE_AI_DATABASE/A_CAMERA/Focal_species/Gulo gulo/HFW12-F7/HC/2016/COLOR/Robust marks/03.25-12.48/IMG_2719.JPG,IMG_2719.JPG,HFW12-F7_2016_201603251248_IMG_2719.jpg,0.9097995162010193,566.7571411132812,256.88037109375,443.25146484375,823.252685546875,2048,1536,443,823
HFW12-F7,2016,201603251248,HC,1,/Volumes/Seagate Portable Drive/KYLE_AI_DATABASE/A_CAMERA/Focal_species/Gulo gulo/HFW12-F7/HC/2016/COLOR/Robust marks/03.25-12.48/IMG_2720.JPG,IMG_2720.JPG,HFW12-F7_2016_201603251248_IMG_2720.jpg,0.882045567035675,569.889892578125,254.6649169921875,453.7935791015625,822.1378173828125,2048,1536,453,822
HFW12-F7,2016,201603251248,HC,1,/Volumes/Seagate Portable Drive/KYLE_AI_DATABASE/A_CAMERA/Focal_species/Gulo gulo/HFW12-F7/HC/2016/COLOR/Robust marks/03.25-12.48/IMG_2721.JPG,IMG_2721.JPG,HFW12-F7_2016_201603251248_IMG_2721.jpg,0.9183946847915649,575.5728149414062,328.6333923339844,449.39276123046875,828.0714111328125,2048,1536,449,828
HFW12-F7,2016,201603251248,HC,1,/Volumes/Seagate Portable Drive/KYLE_AI_DATABASE/A_CAMERA/Focal_species/Gulo gulo/HFW12-F7/HC/2016/COLOR/Robust marks/03.25-12.48/IMG_2722.JPG,IMG_2722.JPG,HFW12-F7_2016_201603251248_IMG_2722.jpg,0.910749614238739,576.3037109375,331.6278076171875,454.9345703125,831.3504638671875,2048,1536,454,831
HFW12-F7,2016,201603251248,HC,1,/Volumes/Seagate Portable Drive/KYLE_AI_DATABASE/A_CAMERA/Focal_species/Gulo gulo/HFW12-F7/HC/2016/COLOR/Robust marks/03.25-12.48/IMG_2723.JPG,IMG_2723.JPG,HFW12-F7_2016_201603251248_IMG_2723.jpg,0.8956822752952576,574.6298217773438,289.7764892578125,435.7681884765625,872.9979248046875,2048,1536,435,872
HFW12-F7,2016,201603251248,HC,1,/Volumes/Seagate Portable Drive/KYLE_AI_DATABASE/A_CAMERA/Focal_species/Gulo gulo/HFW12-F7/HC/2016/COLOR/Robust marks/03.25-12.48/IMG_2724.JPG,IMG_2724.JPG,HFW12-F7_2016_201603251248_IMG_2724.jpg,0.9327569603919983,577.9073486328125,328.53289794921875,450.8267822265625,838.2089233398438,2048,1536,450,838
HFW12-F7,2016,201603251248,HC,1,/Volumes/Seagate Portable Drive/KYLE_AI_DATABASE/A_CAMERA/Focal_species/Gulo gulo/HFW12-F7/HC/2016/COLOR/Robust marks/03.25-12.48/IMG_2725.JPG,IMG_2725.JPG,HFW12-F7_2016_201603251248_IMG_2725.jpg,0.9226436614990234,574.421875,331.039794921875,441.685791015625,823.3717041015625,2048,1536,441,823
HFW12-F7,2016,201603251248,HC,1,/Volumes/Seagate Portable Drive/KYLE_AI_DATABASE/A_CAMERA/Focal_species/Gulo gulo/HFW12-F7/HC/2016/COLOR/Robust marks/03.25-12.48/IMG_2726.JPG,IMG_2726.JPG,HFW12-F7_2016_201603251248_IMG_2726.jpg,0.9262759685516357,573.9405517578125,336.4862060546875,449.9085693359375,823.1591796875,2048,1536,449,823
HFW12-F7,2016,201603251248,HC,1,/Volumes/Seagate Portable Drive/KYLE_AI_DATABASE/A_CAMERA/Focal_species/Gulo gulo/HFW12-F7/HC/2016/COLOR/Robust marks/03.25-12.48/IMG_2727.JPG,IMG_2727.JPG,HFW12-F7_2016_201603251248_IMG_2727.jpg,0.9237816333770752,572.6803588867188,338.4508056640625,465.59307861328125,821.1365966796875,2048,1536,465,821
HFW12-F7,2016,201603251248,HC,1,/Volumes/Seagate Portable Drive/KYLE_AI_DATABASE/A_CAMERA/Focal_species/Gulo gulo/HFW12-F7/HC/2016/COLOR/Robust marks/03.25-12.48/IMG_2728.JPG,IMG_2728.JPG,HFW12-F7_2016_201603251248_IMG_2728.jpg,0.9342787861824036,574.0756225585938,337.01336669921875,464.14703369140625,822.0335083007812,2048,1536,464,822
HFW12-F7,2016,201603251248,HC,1,/Volumes/Seagate Portable Drive/KYLE_AI_DATABASE/A_CAMERA/Focal_species/Gulo gulo/HFW12-F7/HC/2016/COLOR/Robust marks/03.25-12.48/IMG_2729.JPG,IMG_2729.JPG,HFW12-F7_2016_201603251248_IMG_2729.jpg,0.9416709542274475,574.35595703125,341.25762939453125,456.964111328125,828.3369750976562,2048,1536,456,828
HFW12-F7,2016,201603251248,HC,1,/Volumes/Seagate Portable Drive/KYLE_AI_DATABASE/A_CAMERA/Focal_species/Gulo gulo/HFW12-F7/HC/2016/COLOR/Robust marks/03.25-12.48/IMG_2730.JPG,IMG_2730.JPG,HFW12-F7_2016_201603251248_IMG_2730.jpg,0.9323434233665466,573.7275390625,321.94244384765625,459.4068603515625,843.9550170898438,2048,1536,459,843
HFW12-F7,2016,201603251248,HC,1,/Volumes/Seagate Portable Drive/KYLE_AI_DATABASE/A_CAMERA/Focal_species/Gulo gulo/HFW12-F7/HC/2016/COLOR/Robust marks/03.25-12.48/IMG_2731.JPG,IMG_2731.JPG,HFW12-F7_2016_201603251248_IMG_2731.jpg,0.8911081552505493,567.7304077148438,255.6328125,401.3760986328125,876.02490234375,2048,1536,401,876
HFW12-F7,2016,201603251248,HC,1,/Volumes/Seagate Portable Drive/KYLE_AI_DATABASE/A_CAMERA/Focal_species/Gulo gulo/HFW12-F7/HC/2016/COLOR/Robust marks/03.25-12.48/IMG_2732.JPG,IMG_2732.JPG,HFW12-F7_2016_201603251248_IMG_2732.jpg,0.9199826717376709,572.3800048828125,327.3485107421875,381.956787109375,840.1221923828125,2048,1536,381,840
HFW12-F7,2016,201603251248,HC,1,/Volumes/Seagate Portable Drive/KYLE_AI_DATABASE/A_CAMERA/Focal_species/Gulo gulo/HFW12-F7/HC/2016/COLOR/Robust marks/03.25-12.48/IMG_2733.JPG,IMG_2733.JPG,HFW12-F7_2016_201603251248_IMG_2733.jpg,0.927191436290741,576.3641357421875,318.81256103515625,384.30615234375,839.4242553710938,2048,1536,384,839
HFW12-F7,2016,201603251248,HC,1,/Volumes/Seagate Portable Drive/KYLE_AI_DATABASE/A_CAMERA/Focal_species/Gulo gulo/HFW12-F7/HC/2016/COLOR/Robust marks/03.25-12.48/IMG_2734.JPG,IMG_2734.JPG,HFW12-F7_2016_201603251248_IMG_2734.jpg,0.9441493153572083,540.300048828125,210.10198974609375,464.9122314453125,895.8380737304688,2048,1536,464,895
HFW12-F7,2016,201603251248,HC,1,/Volumes/Seagate Portable Drive/KYLE_AI_DATABASE/A_CAMERA/Focal_species/Gulo gulo/HFW12-F7/HC/2016/COLOR/Robust marks/03.25-12.48/IMG_2735.JPG,IMG_2735.JPG,HFW12-F7_2016_201603251248_IMG_2735.jpg,0.8594022393226624,545.8198852539062,256.5892639160156,448.0989990234375,878.7830810546875,2048,1536,448,878
HFW12-F7,2016,201603251248,HC,1,/Volumes/Seagate Portable Drive/KYLE_AI_DATABASE/A_CAMERA/Focal_species/Gulo gulo/HFW12-F7/HC/2016/COLOR/Robust marks/03.25-12.48/IMG_2736.JPG,IMG_2736.JPG,HFW12-F7_2016_201603251248_IMG_2736.jpg,0.8947056531906128,545.919921875,291.7965087890625,443.5859375,863.7869873046875,2048,1536,443,863
HFW12-F7,2016,201603251248,HC,1,/Volumes/Seagate Portable Drive/KYLE_AI_DATABASE/A_CAMERA/Focal_species/Gulo gulo/HFW12-F7/HC/2016/COLOR/Robust marks/03.25-12.48/IMG_2737.JPG,IMG_2737.JPG,HFW12-F7_2016_201603251248_IMG_2737.jpg,0.9294204711914062,552.482666015625,238.7310791015625,430.0013427734375,890.398681640625,2048,1536,430,890
HFW12-F7,2016,201603251248,HC,1,/Volumes/Seagate Portable Drive/KYLE_AI_DATABASE/A_CAMERA/Focal_species/Gulo gulo/HFW12-F7/HC/2016/COLOR/Robust marks/03.25-12.48/IMG_2738.JPG,IMG_2738.JPG,HFW12-F7_2016_201603251248_IMG_2738.jpg,0.9285302758216858,546.3352661132812,282.447509765625,472.6092529296875,858.74462890625,2048,1536,472,858
HFW12-F7,2016,201603251248,HC,1,/Volumes/Seagate Portable Drive/KYLE_AI_DATABASE/A_CAMERA/Focal_species/Gulo gulo/HFW12-F7/HC/2016/COLOR/Robust marks/03.25-12.48/IMG_2739.JPG,IMG_2739.JPG,HFW12-F7_2016_201603251248_IMG_2739.jpg,0.909004271030426,548.4043579101562,272.50054931640625,467.921630859375,861.4977416992188,2048,1536,467,861
HFW12-F7,2016,201603251248,HC,1,/Volumes/Seagate Portable Drive/KYLE_AI_DATABASE/A_CAMERA/Focal_species/Gulo gulo/HFW12-F7/HC/2016/COLOR/Robust marks/03.25-12.48/IMG_2740.JPG,IMG_2740.JPG,HFW12-F7_2016_201603251248_IMG_2740.jpg,0.883827269077301,552.4093017578125,264.19268798828125,465.4930419921875,875.6627807617188,2048,1536,465,875
HFW12-F7,2016,201603251248,HC,1,/Volumes/Seagate Portable Drive/KYLE_AI_DATABASE/A_CAMERA/Focal_species/Gulo gulo/HFW12-F7/HC/2016/COLOR/Robust marks/03.25-12.48/IMG_2741.JPG,IMG_2741.JPG,HFW12-F7_2016_201603251248_IMG_2741.jpg,0.9398847818374634,546.3673095703125,192.50161743164062,454.5498046875,882.0716552734375,2048,1536,454,882
HFW12-F7,2016,201603251248,HC,1,/Volumes/Seagate Portable Drive/KYLE_AI_DATABASE/A_CAMERA/Focal_species/Gulo gulo/HFW12-F7/HC/2016/COLOR/Robust marks/03.25-12.48/IMG_2742.JPG,IMG_2742.JPG,HFW12-F7_2016_201603251248_IMG_2742.jpg,0.891314685344696,541.2962036132812,195.95338439941406,481.25732421875,848.237548828125,2048,1536,481,848
HFW12-F7,2016,201603251248,HC,1,/Volumes/Seagate Portable Drive/KYLE_AI_DATABASE/A_CAMERA/Focal_species/Gulo gulo/HFW12-F7/HC/2016/COLOR/Robust marks/03.25-12.48/IMG_2743.JPG,IMG_2743.JPG,HFW12-F7_2016_201603251248_IMG_2743.jpg,0.9390817880630493,511.3859558105469,187.52911376953125,499.5907287597656,871.9515991210938,2048,1536,499,871
HFW12-F7,2016,201603251248,HC,1,/Volumes/Seagate Portable Drive/KYLE_AI_DATABASE/A_CAMERA/Focal_species/Gulo gulo/HFW12-F7/HC/2016/COLOR/Robust marks/03.25-12.48/IMG_2744.JPG,IMG_2744.JPG,HFW12-F7_2016_201603251248_IMG_2744.jpg,0.937247097492218,510.54034423828125,209.9421844482422,480.400634765625,855.7012329101562,2048,1536,480,855
HFW12-F7,2016,201603251248,HC,1,/Volumes/Seagate Portable Drive/KYLE_AI_DATABASE/A_CAMERA/Focal_species/Gulo gulo/HFW12-F7/HC/2016/COLOR/Robust marks/03.25-12.48/IMG_2745.JPG,IMG_2745.JPG,HFW12-F7_2016_201603251248_IMG_2745.jpg,0.9412586092948914,510.6446533203125,210.80181884765625,501.2088623046875,865.5725708007812,2048,1536,501,865
HFW12-F7,2016,201603251248,HC,1,/Volumes/Seagate Portable Drive/KYLE_AI_DATABASE/A_CAMERA/Focal_species/Gulo gulo/HFW12-F7/HC/2016/COLOR/Robust marks/03.25-12.48/IMG_2746.JPG,IMG_2746.JPG,HFW12-F7_2016_201603251248_IMG_2746.jpg,0.9411448836326599,510.750732421875,192.20750427246094,492.177490234375,852.5810546875,2048,1536,492,852
HFW12-F7,2016,201603251248,HC,1,/Volumes/Seagate Portable Drive/KYLE_AI_DATABASE/A_CAMERA/Focal_species/Gulo gulo/HFW12-F7/HC/2016/COLOR/Robust marks/03.25-12.48/IMG_2747.JPG,IMG_2747.JPG,HFW12-F7_2016_201603251248_IMG_2747.jpg,0.9192631244659424,514.914306640625,168.83596801757812,461.0523681640625,890.7388916015625,2048,1536,461,890
HFW12-F7,2016,201603251248,HC,1,/Volumes/Seagate Portable Drive/KYLE_AI_DATABASE/A_CAMERA/Focal_species/Gulo gulo/HFW12-F7/HC/2016/COLOR/Robust marks/03.25-12.48/IMG_2748.JPG,IMG_2748.JPG,HFW12-F7_2016_201603251248_IMG_2748.jpg,0.859489917755127,515.58154296875,171.6968994140625,478.6153564453125,846.2493896484375,2048,1536,478,846
HFW12-F7,2016,201603251248,HC,1,/Volumes/Seagate Portable Drive/KYLE_AI_DATABASE/A_CAMERA/Focal_species/Gulo gulo/HFW12-F7/HC/2016/COLOR/Robust marks/03.25-12.48/IMG_2749.JPG,IMG_2749.JPG,HFW12-F7_2016_201603251248_IMG_2749.jpg,0.9528610110282898,522.485595703125,217.54119873046875,467.7235107421875,824.4985961914062,2048,1536,467,824
HFW12-F7,2016,201603251248,HC,1,/Volumes/Seagate Portable Drive/KYLE_AI_DATABASE/A_CAMERA/Focal_species/Gulo gulo/HFW12-F7/HC/2016/COLOR/Robust marks/03.25-12.48/IMG_2750.JPG,IMG_2750.JPG,HFW12-F7_2016_201603251248_IMG_2750.jpg,0.8424252867698669,542.2166748046875,192.97906494140625,391.490234375,839.7957153320312,2048,1536,391,839
HFW12-F7,2016,201603251248,HC,1,/Volumes/Seagate Portable Drive/KYLE_AI_DATABASE/A_CAMERA/Focal_species/Gulo gulo/HFW12-F7/HC/2016/COLOR/Robust marks/03.25-12.48/IMG_2751.JPG,IMG_2751.JPG,HFW12-F7_2016_201603251248_IMG_2751.jpg,0.8122908473014832,549.0260620117188,159.1014862060547,410.54541015625,908.0151977539062,2048,1536,410,908
HFW12-F7,2016,201603251248,HC,1,/Volumes/Seagate Portable Drive/KYLE_AI_DATABASE/A_CAMERA/Focal_species/Gulo gulo/HFW12-F7/HC/2016/COLOR/Robust marks/03.25-12.48/IMG_2752.JPG,IMG_2752.JPG,HFW12-F7_2016_201603251248_IMG_2752.jpg,0.9052496552467346,562.3675537109375,165.59783935546875,417.89404296875,870.7742309570312,2048,1536,417,870
HFW12-F7,2016,201603251248,HC,1,/Volumes/Seagate Portable Drive/KYLE_AI_DATABASE/A_CAMERA/Focal_species/Gulo gulo/HFW12-F7/HC/2016/COLOR/Robust marks/03.25-12.48/IMG_2753.JPG,IMG_2753.JPG,HFW12-F7_2016_201603251248_IMG_2753.jpg,0.8783209323883057,561.2562255859375,160.3546142578125,403.0093994140625,915.1510009765625,2048,1536,403,915
HFW12-F7,2016,201603251248,HC,1,/Volumes/Seagate Portable Drive/KYLE_AI_DATABASE/A_CAMERA/Focal_species/Gulo gulo/HFW12-F7/HC/2016/COLOR/Robust marks/03.25-12.48/IMG_2754.JPG,IMG_2754.JPG,HFW12-F7_2016_201603251248_IMG_2754.jpg,0.9203387498855591,564.5772705078125,175.26878356933594,424.6151123046875,868.942626953125,2048,1536,424,868
HFW12-F7,2016,201603251248,HC,1,/Volumes/Seagate Portable Drive/KYLE_AI_DATABASE/A_CAMERA/Focal_species/Gulo gulo/HFW12-F7/HC/2016/COLOR/Robust marks/03.25-12.48/IMG_2755.JPG,IMG_2755.JPG,HFW12-F7_2016_201603251248_IMG_2755.jpg,0.938464879989624,557.5054931640625,209.62998962402344,446.0823974609375,850.013427734375,2048,1536,446,850
HFW12-F7,2016,201603251248,HC,1,/Volumes/Seagate Portable Drive/KYLE_AI_DATABASE/A_CAMERA/Focal_species/Gulo gulo/HFW12-F7/HC/2016/COLOR/Robust marks/03.25-12.48/IMG_2756.JPG,IMG_2756.JPG,HFW12-F7_2016_201603251248_IMG_2756.jpg,0.9230147004127502,556.2728271484375,247.10865783691406,479.1776123046875,804.235107421875,2048,1536,479,804
HFW12-F7,2016,201603251248,HC,1,/Volumes/Seagate Portable Drive/KYLE_AI_DATABASE/A_CAMERA/Focal_species/Gulo gulo/HFW12-F7/HC/2016/COLOR/Robust marks/03.25-12.48/IMG_2757.JPG,IMG_2757.JPG,HFW12-F7_2016_201603251248_IMG_2757.jpg,0.8952820301055908,557.5282592773438,310.5358581542969,435.345458984375,761.1837158203125,2048,1536,435,761
HFW12-F7,2016,201603251248,HC,1,/Volumes/Seagate Portable Drive/KYLE_AI_DATABASE/A_CAMERA/Focal_species/Gulo gulo/HFW12-F7/HC/2016/COLOR/Robust marks/03.25-12.48/IMG_2758.JPG,IMG_2758.JPG,HFW12-F7_2016_201603251248_IMG_2758.jpg,0.9390959739685059,560.558837890625,182.7912139892578,429.3983154296875,896.0501098632812,2048,1536,429,896
HFW12-F7,2016,201603251248,HC,1,/Volumes/Seagate Portable Drive/KYLE_AI_DATABASE/A_CAMERA/Focal_species/Gulo gulo/HFW12-F7/HC/2016/COLOR/Robust marks/03.25-12.48/IMG_2759.JPG,IMG_2759.JPG,HFW12-F7_2016_201603251248_IMG_2759.jpg,0.9245083928108215,555.1064453125,193.12705993652344,437.262939453125,878.6265869140625,2048,1536,437,878
HFW12-F7,2016,201603251248,HC,1,/Volumes/Seagate Portable Drive/KYLE_AI_DATABASE/A_CAMERA/Focal_species/Gulo gulo/HFW12-F7/HC/2016/COLOR/Robust marks/03.25-12.48/IMG_2760.JPG,IMG_2760.JPG,HFW12-F7_2016_201603251248_IMG_2760.jpg,0.9498072266578674,553.9537353515625,181.4219512939453,455.0589599609375,904.9872436523438,2048,1536,455,904
HFW12-F7,2016,201603251248,HC,1,/Volumes/Seagate Portable Drive/KYLE_AI_DATABASE/A_CAMERA/Focal_species/Gulo gulo/HFW12-F7/HC/2016/COLOR/Robust marks/03.25-12.48/IMG_2761.JPG,IMG_2761.JPG,HFW12-F7_2016_201603251248_IMG_2761.jpg,0.9451242089271545,552.4642333984375,215.95523071289062,461.5029296875,850.677001953125,2048,1536,461,850
HFW12-F7,2016,201603251248,HC,1,/Volumes/Seagate Portable Drive/KYLE_AI_DATABASE/A_CAMERA/Focal_species/Gulo gulo/HFW12-F7/HC/2016/COLOR/Robust marks/03.25-12.48/IMG_2762.JPG,IMG_2762.JPG,HFW12-F7_2016_201603251248_IMG_2762.jpg,0.9036437273025513,556.2271728515625,188.31280517578125,438.0482177734375,877.6284790039062,2048,1536,438,877
HFW12-F7,2016,201603251248,HC,1,/Volumes/Seagate Portable Drive/KYLE_AI_DATABASE/A_CAMERA/Focal_species/Gulo gulo/HFW12-F7/HC/2016/COLOR/Robust marks/03.25-12.48/IMG_2763.JPG,IMG_2763.JPG,HFW12-F7_2016_201603251248_IMG_2763.jpg,0.8201895356178284,566.2210693359375,143.91009521484375,361.2869873046875,861.2142333984375,2048,1536,361,861
HFW12-F7,2016,201603251248,HC,1,/Volumes/Seagate Portable Drive/KYLE_AI_DATABASE/A_CAMERA/Focal_species/Gulo gulo/HFW12-F7/HC/2016/COLOR/Robust marks/03.25-12.48/IMG_2764.JPG,IMG_2764.JPG,HFW12-F7_2016_201603251248_IMG_2764.jpg,0.8438150882720947,563.9035034179688,157.1407012939453,386.50390625,881.3834838867188,2048,1536,386,881
HFW12-F7,2016,201603251248,HC,1,/Volumes/Seagate Portable Drive/KYLE_AI_DATABASE/A_CAMERA/Focal_species/Gulo gulo/HFW12-F7/HC/2016/COLOR/Robust marks/03.25-12.48/IMG_2765.JPG,IMG_2765.JPG,HFW12-F7_2016_201603251248_IMG_2765.jpg,0.928246796131134,578.98193359375,183.66696166992188,426.8992919921875,867.9283447265625,2048,1536,426,867
HFW12-F7,2016,201603251248,HC,1,/Volumes/Seagate Portable Drive/KYLE_AI_DATABASE/A_CAMERA/Focal_species/Gulo gulo/HFW12-F7/HC/2016/COLOR/Robust marks/03.25-12.48/IMG_2766.JPG,IMG_2766.JPG,HFW12-F7_2016_201603251248_IMG_2766.jpg,0.9009490609169006,579.951904296875,146.41534423828125,397.0897216796875,893.2518920898438,2048,1536,397,893
HFW12-F7,2016,201603251248,HC,1,/Volumes/Seagate Portable Drive/KYLE_AI_DATABASE/A_CAMERA/Focal_species/Gulo gulo/HFW12-F7/HC/2016/COLOR/Robust marks/03.25-12.48/IMG_2767.JPG,IMG_2767.JPG,HFW12-F7_2016_201603251248_IMG_2767.jpg,0.8847182989120483,586.2440795898438,154.88145446777344,414.1475830078125,872.5726318359375,2048,1536,414,872
HFW12-F7,2016,201603251248,HC,1,/Volumes/Seagate Portable Drive/KYLE_AI_DATABASE/A_CAMERA/Focal_species/Gulo gulo/HFW12-F7/HC/2016/COLOR/Robust marks/03.25-12.48/IMG_2768.JPG,IMG_2768.JPG,HFW12-F7_2016_201603251248_IMG_2768.jpg,0.9300609230995178,571.1781005859375,204.12533569335938,426.754638671875,860.6148681640625,2048,1536,426,860
HFW12-F7,2016,201603251248,HC,1,/Volumes/Seagate Portable Drive/KYLE_AI_DATABASE/A_CAMERA/Focal_species/Gulo gulo/HFW12-F7/HC/2016/COLOR/Robust marks/03.25-12.48/IMG_2769.JPG,IMG_2769.JPG,HFW12-F7_2016_201603251248_IMG_2769.jpg,0.9206722974777222,570.7579345703125,181.05702209472656,401.452880859375,880.8719482421875,2048,1536,401,880
HFW12-F7,2016,201603251248,HC,1,/Volumes/Seagate Portable Drive/KYLE_AI_DATABASE/A_CAMERA/Focal_species/Gulo gulo/HFW12-F7/HC/2016/COLOR/Robust marks/03.25-12.48/IMG_2770.JPG,IMG_2770.JPG,HFW12-F7_2016_201603251248_IMG_2770.jpg,0.9047053456306458,574.2267456054688,197.21649169921875,403.423583984375,858.2817993164062,2048,1536,403,858
HFW12-F7,2016,201603251248,HC,1,/Volumes/Seagate Portable Drive/KYLE_AI_DATABASE/A_CAMERA/Focal_species/Gulo gulo/HFW12-F7/HC/2016/COLOR/Robust marks/03.25-12.48/IMG_2771.JPG,IMG_2771.JPG,HFW12-F7_2016_201603251248_IMG_2771.jpg,0.9077275395393372,586.467529296875,308.31390380859375,389.1527099609375,757.0372924804688,2048,1536,389,757
HFW12-F7,2016,201603251248,HC,1,/Volumes/Seagate Portable Drive/KYLE_AI_DATABASE/A_CAMERA/Focal_species/Gulo gulo/HFW12-F7/HC/2016/COLOR/Robust marks/03.25-12.48/IMG_2772.JPG,IMG_2772.JPG,HFW12-F7_2016_201603251248_IMG_2772.jpg,0.9086748361587524,577.1826171875,305.13946533203125,389.1083984375,761.9285278320312,2048,1536,389,761
HFW12-F7,2016,201603251248,HC,1,/Volumes/Seagate Portable Drive/KYLE_AI_DATABASE/A_CAMERA/Focal_species/Gulo gulo/HFW12-F7/HC/2016/COLOR/Robust marks/03.25-12.48/IMG_2773.JPG,IMG_2773.JPG,HFW12-F7_2016_201603251248_IMG_2773.jpg,0.9457641243934631,569.7544555664062,244.07537841796875,474.32330322265625,849.5789184570312,2048,1536,474,849
HFW12-F7,2016,201603251248,HC,1,/Volumes/Seagate Portable Drive/KYLE_AI_DATABASE/A_CAMERA/Focal_species/Gulo gulo/HFW12-F7/HC/2016/COLOR/Robust marks/03.25-12.48/IMG_2774.JPG,IMG_2774.JPG,HFW12-F7_2016_201603251248_IMG_2774.jpg,0.9336947798728943,574.2114868164062,262.475830078125,445.0184326171875,825.046630859375,2048,1536,445,825
HFW12-F7,2016,201603251248,HC,1,/Volumes/Seagate Portable Drive/KYLE_AI_DATABASE/A_CAMERA/Focal_species/Gulo gulo/HFW12-F7/HC/2016/COLOR/Robust marks/03.25-12.48/IMG_2776.JPG,IMG_2776.JPG,HFW12-F7_2016_201603251248_IMG_2776.jpg,0.951980471611023,573.4678955078125,254.8325958251953,466.8824462890625,830.7313842773438,2048,1536,466,830
HFW12-F7,2016,201603251248,HC,1,/Volumes/Seagate Portable Drive/KYLE_AI_DATABASE/A_CAMERA/Focal_species/Gulo gulo/HFW12-F7/HC/2016/COLOR/Robust marks/03.25-12.48/IMG_2777.JPG,IMG_2777.JPG,HFW12-F7_2016_201603251248_IMG_2777.jpg,0.943109929561615,575.3233032226562,269.3028564453125,471.69219970703125,818.070068359375,2048,1536,471,818
HFW12-F7,2016,201603251248,HC,1,/Volumes/Seagate Portable Drive/KYLE_AI_DATABASE/A_CAMERA/Focal_species/Gulo gulo/HFW12-F7/HC/2016/COLOR/Robust marks/03.25-12.48/IMG_2778.JPG,IMG_2778.JPG,HFW12-F7_2016_201603251248_IMG_2778.jpg,0.9434691667556763,573.5594482421875,264.9405212402344,468.8502197265625,823.1026611328125,2048,1536,468,823
HFW12-F7,2016,201603251248,HC,1,/Volumes/Seagate Portable Drive/KYLE_AI_DATABASE/A_CAMERA/Focal_species/Gulo gulo/HFW12-F7/HC/2016/COLOR/Robust marks/03.25-12.48/IMG_2779.JPG,IMG_2779.JPG,HFW12-F7_2016_201603251248_IMG_2779.jpg,0.9419509172439575,573.027099609375,272.7290954589844,474.4591064453125,813.362548828125,2048,1536,474,813
HFW12-F7,2016,201603251248,HC,1,/Volumes/Seagate Portable Drive/KYLE_AI_DATABASE/A_CAMERA/Focal_species/Gulo gulo/HFW12-F7/HC/2016/COLOR/Robust marks/03.25-12.48/IMG_2780.JPG,IMG_2780.JPG,HFW12-F7_2016_201603251248_IMG_2780.jpg,0.9447489976882935,576.6773681640625,319.8902587890625,456.3924560546875,848.0577392578125,2048,1536,456,848
HFW12-F7,2016,201603251248,HC,1,/Volumes/Seagate Portable Drive/KYLE_AI_DATABASE/A_CAMERA/Focal_species/Gulo gulo/HFW12-F7/HC/2016/COLOR/Robust marks/03.25-12.48/IMG_2781.JPG,IMG_2781.JPG,HFW12-F7_2016_201603251248_IMG_2781.jpg,0.9385929703712463,570.5196533203125,215.1625213623047,405.5018310546875,875.7969360351562,2048,1536,405,875
HFW12-F7,2016,201603251248,HC,1,/Volumes/Seagate Portable Drive/KYLE_AI_DATABASE/A_CAMERA/Focal_species/Gulo gulo/HFW12-F7/HC/2016/COLOR/Robust marks/03.25-12.48/IMG_2782.JPG,IMG_2782.JPG,HFW12-F7_2016_201603251248_IMG_2782.jpg,0.9395521283149719,558.1473999023438,203.0716552734375,423.451416015625,882.8182373046875,2048,1536,423,882
HFW12-F7,2016,201603251248,HC,1,/Volumes/Seagate Portable Drive/KYLE_AI_DATABASE/A_CAMERA/Focal_species/Gulo gulo/HFW12-F7/HC/2016/COLOR/Robust marks/03.25-12.48/IMG_2783.JPG,IMG_2783.JPG,HFW12-F7_2016_201603251248_IMG_2783.jpg,0.9191217422485352,553.2724609375,198.97860717773438,430.320556640625,873.9935302734375,2048,1536,430,873
HFW12-F7,2016,201603251248,HC,1,/Volumes/Seagate Portable Drive/KYLE_AI_DATABASE/A_CAMERA/Focal_species/Gulo gulo/HFW12-F7/HC/2016/COLOR/Robust marks/03.25-12.48/IMG_2784.JPG,IMG_2784.JPG,HFW12-F7_2016_201603251248_IMG_2784.jpg,0.925385057926178,562.388427734375,243.5460205078125,412.86083984375,848.0406494140625,2048,1536,412,848
HFW12-F7,2016,201603251248,HC,1,/Volumes/Seagate Portable Drive/KYLE_AI_DATABASE/A_CAMERA/Focal_species/Gulo gulo/HFW12-F7/HC/2016/COLOR/Robust marks/03.25-12.48/IMG_2785.JPG,IMG_2785.JPG,HFW12-F7_2016_201603251248_IMG_2785.jpg,0.9298631548881531,529.31787109375,234.6518096923828,470.09716796875,861.0864868164062,2048,1536,470,861
HFW12-F7,2016,201603251248,HC,1,/Volumes/Seagate Portable Drive/KYLE_AI_DATABASE/A_CAMERA/Focal_species/Gulo gulo/HFW12-F7/HC/2016/COLOR/Robust marks/03.25-12.48/IMG_2786.JPG,IMG_2786.JPG,HFW12-F7_2016_201603251248_IMG_2786.jpg,0.9363788366317749,537.3446044921875,201.68206787109375,481.117919921875,858.6348266601562,2048,1536,481,858
HFW12-F7,2016,201603251248,HC,1,/Volumes/Seagate Portable Drive/KYLE_AI_DATABASE/A_CAMERA/Focal_species/Gulo gulo/HFW12-F7/HC/2016/COLOR/Robust marks/03.25-12.48/IMG_2787.JPG,IMG_2787.JPG,HFW12-F7_2016_201603251248_IMG_2787.jpg,0.9316951632499695,536.9491577148438,219.8426971435547,459.53271484375,861.7039184570312,2048,1536,459,861
HFW12-F7,2016,201603251248,HC,1,/Volumes/Seagate Portable Drive/KYLE_AI_DATABASE/A_CAMERA/Focal_species/Gulo gulo/HFW12-F7/HC/2016/COLOR/Robust marks/03.25-12.48/IMG_2788.JPG,IMG_2788.JPG,HFW12-F7_2016_201603251248_IMG_2788.jpg,0.9334086775779724,542.7265625,220.14431762695312,445.1619873046875,835.5880126953125,2048,1536,445,835
HFW12-F7,2016,201603251248,HC,1,/Volumes/Seagate Portable Drive/KYLE_AI_DATABASE/A_CAMERA/Focal_species/Gulo gulo/HFW12-F7/HC/2016/COLOR/Robust marks/03.25-12.48/IMG_2789.JPG,IMG_2789.JPG,HFW12-F7_2016_201603251248_IMG_2789.jpg,0.9405572414398193,547.6580810546875,241.87600708007812,445.1744384765625,860.452880859375,2048,1536,445,860
HFW12-F7,2016,201603251248,HC,1,/Volumes/Seagate Portable Drive/KYLE_AI_DATABASE/A_CAMERA/Focal_species/Gulo gulo/HFW12-F7/HC/2016/COLOR/Robust marks/03.25-12.48/IMG_2790.JPG,IMG_2790.JPG,HFW12-F7_2016_201603251248_IMG_2790.jpg,0.9269060492515564,559.6041870117188,280.314697265625,448.693603515625,841.1878662109375,2048,1536,448,841
HFW12-F7,2016,201603251248,HC,1,/Volumes/Seagate Portable Drive/KYLE_AI_DATABASE/A_CAMERA/Focal_species/Gulo gulo/HFW12-F7/HC/2016/COLOR/Robust marks/03.25-12.48/IMG_2791.JPG,IMG_2791.JPG,HFW12-F7_2016_201603251248_IMG_2791.jpg,0.9038751125335693,568.8267211914062,216.45748901367188,448.39794921875,862.5535888671875,2048,1536,448,862
HFW12-F7,2016,201603251248,HC,1,/Volumes/Seagate Portable Drive/KYLE_AI_DATABASE/A_CAMERA/Focal_species/Gulo gulo/HFW12-F7/HC/2016/COLOR/Robust marks/03.25-12.48/IMG_2792.JPG,IMG_2792.JPG,HFW12-F7_2016_201603251248_IMG_2792.jpg,0.8667276501655579,564.4595336914062,261.28680419921875,450.205810546875,804.7837524414062,2048,1536,450,804
HFW12-F7,2016,201603251248,HC,1,/Volumes/Seagate Portable Drive/KYLE_AI_DATABASE/A_CAMERA/Focal_species/Gulo gulo/HFW12-F7/HC/2016/COLOR/Robust marks/03.25-12.48/IMG_2793.JPG,IMG_2793.JPG,HFW12-F7_2016_201603251248_IMG_2793.jpg,0.8820670247077942,568.4091186523438,213.28875732421875,449.930419921875,852.4192504882812,2048,1536,449,852
HFW12-F7,2016,201603251248,HC,1,/Volumes/Seagate Portable Drive/KYLE_AI_DATABASE/A_CAMERA/Focal_species/Gulo gulo/HFW12-F7/HC/2016/COLOR/Robust marks/03.25-12.48/IMG_2794.JPG,IMG_2794.JPG,HFW12-F7_2016_201603251248_IMG_2794.jpg,0.8736984133720398,564.3154907226562,229.0887908935547,457.4326171875,819.5536499023438,2048,1536,457,819
HFW12-F7,2016,201603251248,HC,1,/Volumes/Seagate Portable Drive/KYLE_AI_DATABASE/A_CAMERA/Focal_species/Gulo gulo/HFW12-F7/HC/2016/COLOR/Robust marks/03.25-12.48/IMG_2795.JPG,IMG_2795.JPG,HFW12-F7_2016_201603251248_IMG_2795.jpg,0.8880411386489868,563.0907592773438,289.94158935546875,475.70489501953125,775.6110229492188,2048,1536,475,775
HFW12-F7,2016,201603251248,HC,1,/Volumes/Seagate Portable Drive/KYLE_AI_DATABASE/A_CAMERA/Focal_species/Gulo gulo/HFW12-F7/HC/2016/COLOR/Robust marks/03.25-12.48/IMG_2796.JPG,IMG_2796.JPG,HFW12-F7_2016_201603251248_IMG_2796.jpg,0.9118366241455078,565.5347290039062,321.1341857910156,470.59869384765625,758.0677490234375,2048,1536,470,758
HFW12-F7,2016,201603251248,HC,1,/Volumes/Seagate Portable Drive/KYLE_AI_DATABASE/A_CAMERA/Focal_species/Gulo gulo/HFW12-F7/HC/2016/COLOR/Robust marks/03.25-12.48/IMG_2797.JPG,IMG_2797.JPG,HFW12-F7_2016_201603251248_IMG_2797.jpg,0.9121463894844055,556.4033203125,242.48236083984375,454.8515625,840.6239624023438,2048,1536,454,840
HFW12-F7,2016,201603251248,HC,1,/Volumes/Seagate Portable Drive/KYLE_AI_DATABASE/A_CAMERA/Focal_species/Gulo gulo/HFW12-F7/HC/2016/COLOR/Robust marks/03.25-12.48/IMG_2798.JPG,IMG_2798.JPG,HFW12-F7_2016_201603251248_IMG_2798.jpg,0.8874353766441345,561.54833984375,243.20420837402344,472.338134765625,834.0400390625,2048,1536,472,834
HFW12-F7,2016,201603251248,HC,1,/Volumes/Seagate Portable Drive/KYLE_AI_DATABASE/A_CAMERA/Focal_species/Gulo gulo/HFW12-F7/HC/2016/COLOR/Robust marks/03.25-12.48/IMG_2799.JPG,IMG_2799.JPG,HFW12-F7_2016_201603251248_IMG_2799.jpg,0.911457896232605,560.9814453125,253.55580139160156,451.21435546875,820.0545654296875,2048,1536,451,820
HFW12-F7,2016,201603251248,HC,1,/Volumes/Seagate Portable Drive/KYLE_AI_DATABASE/A_CAMERA/Focal_species/Gulo gulo/HFW12-F7/HC/2016/COLOR/Robust marks/03.25-12.48/IMG_2800.JPG,IMG_2800.JPG,HFW12-F7_2016_201603251248_IMG_2800.jpg,0.9320390820503235,557.7258911132812,211.7457733154297,432.8583984375,873.5410766601562,2048,1536,432,873
HFW12-F7,2016,201603251248,HC,1,/Volumes/Seagate Portable Drive/KYLE_AI_DATABASE/A_CAMERA/Focal_species/Gulo gulo/HFW12-F7/HC/2016/COLOR/Robust marks/03.25-12.48/IMG_2801.JPG,IMG_2801.JPG,HFW12-F7_2016_201603251248_IMG_2801.jpg,0.9187408089637756,561.5022583007812,198.12936401367188,425.6109619140625,879.6595458984375,2048,1536,425,879
HFW12-F7,2016,201603251248,HC,1,/Volumes/Seagate Portable Drive/KYLE_AI_DATABASE/A_CAMERA/Focal_species/Gulo gulo/HFW12-F7/HC/2016/COLOR/Robust marks/03.25-12.48/IMG_2802.JPG,IMG_2802.JPG,HFW12-F7_2016_201603251248_IMG_2802.jpg,0.9405640959739685,556.0569458007812,223.6735382080078,428.0728759765625,847.9094848632812,2048,1536,428,847
HFW12-F7,2016,201603251248,HC,1,/Volumes/Seagate Portable Drive/KYLE_AI_DATABASE/A_CAMERA/Focal_species/Gulo gulo/HFW12-F7/HC/2016/COLOR/Robust marks/03.25-12.48/IMG_2803.JPG,IMG_2803.JPG,HFW12-F7_2016_201603251248_IMG_2803.jpg,0.9145874381065369,569.287353515625,232.56875610351562,458.1239013671875,857.2335205078125,2048,1536,458,857
HFW12-F7,2016,201603251248,HC,1,/Volumes/Seagate Portable Drive/KYLE_AI_DATABASE/A_CAMERA/Focal_species/Gulo gulo/HFW12-F7/HC/2016/COLOR/Robust marks/03.25-12.48/IMG_2804.JPG,IMG_2804.JPG,HFW12-F7_2016_201603251248_IMG_2804.jpg,0.9115514755249023,569.1265869140625,240.32171630859375,425.5357666015625,866.0574340820312,2048,1536,425,866
HFW12-F7,2016,201603251248,HC,1,/Volumes/Seagate Portable Drive/KYLE_AI_DATABASE/A_CAMERA/Focal_species/Gulo gulo/HFW12-F7/HC/2016/COLOR/Robust marks/03.25-12.48/IMG_2805.JPG,IMG_2805.JPG,HFW12-F7_2016_201603251248_IMG_2805.jpg,0.9317715764045715,559.5498657226562,210.48435974121094,436.72412109375,876.818359375,2048,1536,436,876
HFW12-F7,2016,201603251248,HC,1,/Volumes/Seagate Portable Drive/KYLE_AI_DATABASE/A_CAMERA/Focal_species/Gulo gulo/HFW12-F7/HC/2016/COLOR/Robust marks/03.25-12.48/IMG_2806.JPG,IMG_2806.JPG,HFW12-F7_2016_201603251248_IMG_2806.jpg,0.950529932975769,553.013427734375,191.06671142578125,457.2764892578125,894.4557495117188,2048,1536,457,894
HFW12-F7,2016,201603251248,HC,1,/Volumes/Seagate Portable Drive/KYLE_AI_DATABASE/A_CAMERA/Focal_species/Gulo gulo/HFW12-F7/HC/2016/COLOR/Robust marks/03.25-12.48/IMG_2807.JPG,IMG_2807.JPG,HFW12-F7_2016_201603251248_IMG_2807.jpg,0.9219433665275574,591.733642578125,188.08790588378906,418.0003662109375,828.8661499023438,2048,1536,418,828
HFW12-F7,2016,201603251248,HC,1,/Volumes/Seagate Portable Drive/KYLE_AI_DATABASE/A_CAMERA/Focal_species/Gulo gulo/HFW12-F7/HC/2016/COLOR/Robust marks/03.25-12.48/IMG_2808.JPG,IMG_2808.JPG,HFW12-F7_2016_201603251248_IMG_2808.jpg,0.9276388883590698,561.0596923828125,184.7431640625,445.624267578125,819.402587890625,2048,1536,445,819
HFW12-F7,2016,201603251248,HC,1,/Volumes/Seagate Portable Drive/KYLE_AI_DATABASE/A_CAMERA/Focal_species/Gulo gulo/HFW12-F7/HC/2016/COLOR/Robust marks/03.25-12.48/IMG_2809.JPG,IMG_2809.JPG,HFW12-F7_2016_201603251248_IMG_2809.jpg,0.9289983510971069,570.146484375,219.41400146484375,436.6209716796875,841.2785034179688,2048,1536,436,841
HFW12-F7,2016,201603251248,HC,1,/Volumes/Seagate Portable Drive/KYLE_AI_DATABASE/A_CAMERA/Focal_species/Gulo gulo/HFW12-F7/HC/2016/COLOR/Robust marks/03.25-12.48/IMG_2810.JPG,IMG_2810.JPG,HFW12-F7_2016_201603251248_IMG_2810.jpg,0.9265549778938293,565.44970703125,227.3038330078125,444.7060546875,836.3531494140625,2048,1536,444,836
HFW12-F7,2016,201603251248,HC,1,/Volumes/Seagate Portable Drive/KYLE_AI_DATABASE/A_CAMERA/Focal_species/Gulo gulo/HFW12-F7/HC/2016/COLOR/Robust marks/03.25-12.48/IMG_2811.JPG,IMG_2811.JPG,HFW12-F7_2016_201603251248_IMG_2811.jpg,0.8940123319625854,567.5372314453125,149.2825469970703,438.7275390625,890.7268676757812,2048,1536,438,890
HFW12-F7,2016,201603251248,HC,1,/Volumes/Seagate Portable Drive/KYLE_AI_DATABASE/A_CAMERA/Focal_species/Gulo gulo/HFW12-F7/HC/2016/COLOR/Robust marks/03.25-12.48/IMG_2812.JPG,IMG_2812.JPG,HFW12-F7_2016_201603251248_IMG_2812.jpg,0.9234861135482788,568.3197631835938,169.91281127929688,422.609130859375,862.4755859375,2048,1536,422,862
HFW12-F7,2016,201603251248,HC,1,/Volumes/Seagate Portable Drive/KYLE_AI_DATABASE/A_CAMERA/Focal_species/Gulo gulo/HFW12-F7/HC/2016/COLOR/Robust marks/03.25-12.48/IMG_2813.JPG,IMG_2813.JPG,HFW12-F7_2016_201603251248_IMG_2813.jpg,0.9376561045646667,573.4146118164062,211.91162109375,430.1107177734375,858.521240234375,2048,1536,430,858
HFW12-F7,2016,201603251248,HC,1,/Volumes/Seagate Portable Drive/KYLE_AI_DATABASE/A_CAMERA/Focal_species/Gulo gulo/HFW12-F7/HC/2016/COLOR/Robust marks/03.25-12.48/IMG_2814.JPG,IMG_2814.JPG,HFW12-F7_2016_201603251248_IMG_2814.jpg,0.94614577293396,573.1654663085938,213.07040405273438,403.2950439453125,855.9534912109375,2048,1536,403,855
HFW12-F7,2016,201603251248,HC,1,/Volumes/Seagate Portable Drive/KYLE_AI_DATABASE/A_CAMERA/Focal_species/Gulo gulo/HFW12-F7/HC/2016/COLOR/Robust marks/03.25-12.48/IMG_2815.JPG,IMG_2815.JPG,HFW12-F7_2016_201603251248_IMG_2815.jpg,0.9354459643363953,566.3441772460938,222.92047119140625,425.0477294921875,859.8273315429688,2048,1536,425,859
HFW12-F7,2016,201603251248,HC,1,/Volumes/Seagate Portable Drive/KYLE_AI_DATABASE/A_CAMERA/Focal_species/Gulo gulo/HFW12-F7/HC/2016/COLOR/Robust marks/03.25-12.48/IMG_2816.JPG,IMG_2816.JPG,HFW12-F7_2016_201603251248_IMG_2816.jpg,0.9262229800224304,560.5794677734375,221.09825134277344,414.982177734375,858.165283203125,2048,1536,414,858
HFW12-F7,2016,201603251248,HC,1,/Volumes/Seagate Portable Drive/KYLE_AI_DATABASE/A_CAMERA/Focal_species/Gulo gulo/HFW12-F7/HC/2016/COLOR/Robust marks/03.25-12.48/IMG_2817.JPG,IMG_2817.JPG,HFW12-F7_2016_201603251248_IMG_2817.jpg,0.9081021547317505,569.4220581054688,218.05270385742188,428.0758056640625,787.4609375,2048,1536,428,787
HFW12-F7,2016,201603251248,HC,1,/Volumes/Seagate Portable Drive/KYLE_AI_DATABASE/A_CAMERA/Focal_species/Gulo gulo/HFW12-F7/HC/2016/COLOR/Robust marks/03.25-12.48/IMG_2818.JPG,IMG_2818.JPG,HFW12-F7_2016_201603251248_IMG_2818.jpg,0.9107567667961121,568.493896484375,191.93605041503906,436.49609375,829.39990234375,2048,1536,436,829
HFW12-F7,2016,201603251248,HC,1,/Volumes/Seagate Portable Drive/KYLE_AI_DATABASE/A_CAMERA/Focal_species/Gulo gulo/HFW12-F7/HC/2016/COLOR/Robust marks/03.25-12.48/IMG_2819.JPG,IMG_2819.JPG,HFW12-F7_2016_201603251248_IMG_2819.jpg,0.9202799797058105,579.251708984375,114.55293273925781,441.054443359375,878.3575439453125,2048,1536,441,878
HFW12-F7,2016,201603251248,HC,1,/Volumes/Seagate Portable Drive/KYLE_AI_DATABASE/A_CAMERA/Focal_species/Gulo gulo/HFW12-F7/HC/2016/COLOR/Robust marks/03.25-12.48/IMG_2820.JPG,IMG_2820.JPG,HFW12-F7_2016_201603251248_IMG_2820.jpg,0.8926563858985901,579.4398193359375,301.06048583984375,451.856689453125,714.8009643554688,2048,1536,451,714
HFW12-F7,2016,201603251248,HC,1,/Volumes/Seagate Portable Drive/KYLE_AI_DATABASE/A_CAMERA/Focal_species/Gulo gulo/HFW12-F7/HC/2016/COLOR/Robust marks/03.25-12.48/IMG_2821.JPG,IMG_2821.JPG,HFW12-F7_2016_201603251248_IMG_2821.jpg,0.8474756479263306,566.2149658203125,213.6946563720703,347.6514892578125,837.2328491210938,2048,1536,347,837
HFW12-F7,2016,201603251248,HC,1,/Volumes/Seagate Portable Drive/KYLE_AI_DATABASE/A_CAMERA/Focal_species/Gulo gulo/HFW12-F7/HC/2016/COLOR/Robust marks/03.25-12.48/IMG_2822.JPG,IMG_2822.JPG,HFW12-F7_2016_201603251248_IMG_2822.jpg,0.8827617764472961,577.7415771484375,224.24551391601562,384.404052734375,841.4783935546875,2048,1536,384,841
HFW12-F7,2016,201603251248,HC,1,/Volumes/Seagate Portable Drive/KYLE_AI_DATABASE/A_CAMERA/Focal_species/Gulo gulo/HFW12-F7/HC/2016/COLOR/Robust marks/03.25-12.48/IMG_2823.JPG,IMG_2823.JPG,HFW12-F7_2016_201603251248_IMG_2823.jpg,0.8949410319328308,580.2730102539062,213.8470001220703,490.19818115234375,843.9544067382812,2048,1536,490,843
HFW12-F7,2016,201603251248,HC,1,/Volumes/Seagate Portable Drive/KYLE_AI_DATABASE/A_CAMERA/Focal_species/Gulo gulo/HFW12-F7/HC/2016/COLOR/Robust marks/03.25-12.48/IMG_2824.JPG,IMG_2824.JPG,HFW12-F7_2016_201603251248_IMG_2824.jpg,0.9163615107536316,573.2810668945312,215.0796661376953,483.03509521484375,807.2239990234375,2048,1536,483,807
HFW12-F7,2016,201603251248,HC,1,/Volumes/Seagate Portable Drive/KYLE_AI_DATABASE/A_CAMERA/Focal_species/Gulo gulo/HFW12-F7/HC/2016/COLOR/Robust marks/03.25-12.48/IMG_2825.JPG,IMG_2825.JPG,HFW12-F7_2016_201603251248_IMG_2825.jpg,0.8778144121170044,587.41357421875,211.95977783203125,451.397705078125,804.1348266601562,2048,1536,451,804
HFW12-F7,2016,201603251248,HC,1,/Volumes/Seagate Portable Drive/KYLE_AI_DATABASE/A_CAMERA/Focal_species/Gulo gulo/HFW12-F7/HC/2016/COLOR/Robust marks/03.25-12.48/IMG_2826.JPG,IMG_2826.JPG,HFW12-F7_2016_201603251248_IMG_2826.jpg,0.9278424978256226,575.251220703125,318.4283752441406,519.5745849609375,680.60205078125,2048,1536,519,680
HFW12-F7,2016,201603251248,HC,1,/Volumes/Seagate Portable Drive/KYLE_AI_DATABASE/A_CAMERA/Focal_species/Gulo gulo/HFW12-F7/HC/2016/COLOR/Robust marks/03.25-12.48/IMG_2827.JPG,IMG_2827.JPG,HFW12-F7_2016_201603251248_IMG_2827.jpg,0.9337548613548279,622.4847412109375,296.09637451171875,526.2886962890625,681.623291015625,2048,1536,526,681
HFW12-F7,2016,201603251248,HC,1,/Volumes/Seagate Portable Drive/KYLE_AI_DATABASE/A_CAMERA/Focal_species/Gulo gulo/HFW12-F7/HC/2016/COLOR/Robust marks/03.25-12.48/IMG_2828.JPG,IMG_2828.JPG,HFW12-F7_2016_201603251248_IMG_2828.jpg,0.9352826476097107,681.10400390625,296.8154296875,490.7352294921875,615.8688354492188,2048,1536,490,615
HFW12-F7,2016,201603251248,HC,1,/Volumes/Seagate Portable Drive/KYLE_AI_DATABASE/A_CAMERA/Focal_species/Gulo gulo/HFW12-F7/HC/2016/COLOR/Robust marks/03.25-12.48/IMG_2829.JPG,IMG_2829.JPG,HFW12-F7_2016_201603251248_IMG_2829.jpg,0.8735059499740601,700.201416015625,269.87860107421875,486.9444580078125,528.0440063476562,2048,1536,486,528
HFW12-F7,2016,201603251248,HC,1,/Volumes/Seagate Portable Drive/KYLE_AI_DATABASE/A_CAMERA/Focal_species/Gulo gulo/HFW12-F7/HC/2016/COLOR/Robust marks/03.25-12.48/IMG_2831.JPG,IMG_2831.JPG,HFW12-F7_2016_201603251248_IMG_2831.jpg,0.9222136735916138,726.37060546875,97.03019714355469,435.7496337890625,687.0233764648438,2048,1536,435,687
HFW12-F7,2016,201603251248,HC,1,/Volumes/Seagate Portable Drive/KYLE_AI_DATABASE/A_CAMERA/Focal_species/Gulo gulo/HFW12-F7/HC/2016/COLOR/Robust marks/03.25-12.48/IMG_2832.JPG,IMG_2832.JPG,HFW12-F7_2016_201603251248_IMG_2832.jpg,0.8354660272598267,726.4202880859375,190.9922332763672,456.0634765625,634.6449584960938,2048,1536,456,634
HFW12-F7,2016,201603251248,HC,1,/Volumes/Seagate Portable Drive/KYLE_AI_DATABASE/A_CAMERA/Focal_species/Gulo gulo/HFW12-F7/HC/2016/COLOR/Robust marks/03.25-12.48/IMG_2833.JPG,IMG_2833.JPG,HFW12-F7_2016_201603251248_IMG_2833.jpg,0.8522639274597168,726.872314453125,204.06301879882812,479.4984130859375,671.665771484375,2048,1536,479,671
HFW12-F7,2016,201603251248,HC,1,/Volumes/Seagate Portable Drive/KYLE_AI_DATABASE/A_CAMERA/Focal_species/Gulo gulo/HFW12-F7/HC/2016/COLOR/Robust marks/03.25-12.48/IMG_2834.JPG,IMG_2834.JPG,HFW12-F7_2016_201603251248_IMG_2834.jpg,0.9354947805404663,727.3195190429688,141.94595336914062,549.3411254882812,656.8162841796875,2048,1536,549,656
HFW12-F7,2016,201603251248,HC,1,/Volumes/Seagate Portable Drive/KYLE_AI_DATABASE/A_CAMERA/Focal_species/Gulo gulo/HFW12-F7/HC/2016/COLOR/Robust marks/03.25-12.48/IMG_2835.JPG,IMG_2835.JPG,HFW12-F7_2016_201603251248_IMG_2835.jpg,0.9195760488510132,781.9253540039062,189.19732666015625,475.83929443359375,702.7650756835938,2048,1536,475,702
HFW12-F7,2016,201603251248,HC,1,/Volumes/Seagate Portable Drive/KYLE_AI_DATABASE/A_CAMERA/Focal_species/Gulo gulo/HFW12-F7/HC/2016/COLOR/Robust marks/03.25-12.48/IMG_2836.JPG,IMG_2836.JPG,HFW12-F7_2016_201603251248_IMG_2836.jpg,0.9327163100242615,719.7948608398438,206.3459014892578,559.5408325195312,680.7559814453125,2048,1536,559,680
HFW12-F7,2016,201603251248,HC,1,/Volumes/Seagate Portable Drive/KYLE_AI_DATABASE/A_CAMERA/Focal_species/Gulo gulo/HFW12-F7/HC/2016/COLOR/Robust marks/03.25-12.48/IMG_2837.JPG,IMG_2837.JPG,HFW12-F7_2016_201603251248_IMG_2837.jpg,0.8779335021972656,715.9444580078125,267.3764953613281,532.878662109375,663.070068359375,2048,1536,532,663
HFW12-F7,2016,201603251248,HC,1,/Volumes/Seagate Portable Drive/KYLE_AI_DATABASE/A_CAMERA/Focal_species/Gulo gulo/HFW12-F7/HC/2016/COLOR/Robust marks/03.25-12.48/IMG_2838.JPG,IMG_2838.JPG,HFW12-F7_2016_201603251248_IMG_2838.jpg,0.9216097593307495,725.200927734375,305.2428283691406,430.025390625,604.69775390625,2048,1536,430,604
HFW12-F7,2016,201603251248,HC,1,/Volumes/Seagate Portable Drive/KYLE_AI_DATABASE/A_CAMERA/Focal_species/Gulo gulo/HFW12-F7/HC/2016/COLOR/Robust marks/03.25-12.48/IMG_2839.JPG,IMG_2839.JPG,HFW12-F7_2016_201603251248_IMG_2839.jpg,0.9150055646896362,724.0244140625,301.2445068359375,430.43310546875,615.0897827148438,2048,1536,430,615
HFW12-F7,2016,201603251248,HC,1,/Volumes/Seagate Portable Drive/KYLE_AI_DATABASE/A_CAMERA/Focal_species/Gulo gulo/HFW12-F7/HC/2016/COLOR/Robust marks/03.25-12.48/IMG_2840.JPG,IMG_2840.JPG,HFW12-F7_2016_201603251248_IMG_2840.jpg,0.9243326187133789,724.434814453125,305.92193603515625,427.2698974609375,614.6162719726562,2048,1536,427,614
HFW12-F7,2016,201603251248,HC,1,/Volumes/Seagate Portable Drive/KYLE_AI_DATABASE/A_CAMERA/Focal_species/Gulo gulo/HFW12-F7/HC/2016/COLOR/Robust marks/03.25-12.48/IMG_2841.JPG,IMG_2841.JPG,HFW12-F7_2016_201603251248_IMG_2841.jpg,0.9131572842597961,722.998291015625,306.83203125,435.2203369140625,607.59228515625,2048,1536,435,607
HFW12-F7,2016,201603251248,HC,1,/Volumes/Seagate Portable Drive/KYLE_AI_DATABASE/A_CAMERA/Focal_species/Gulo gulo/HFW12-F7/HC/2016/COLOR/Robust marks/03.25-12.48/IMG_2842.JPG,IMG_2842.JPG,HFW12-F7_2016_201603251248_IMG_2842.jpg,0.9329214096069336,723.8472900390625,301.11639404296875,427.839599609375,608.18408203125,2048,1536,427,608
HFW12-F7,2016,201603251248,HC,1,/Volumes/Seagate Portable Drive/KYLE_AI_DATABASE/A_CAMERA/Focal_species/Gulo gulo/HFW12-F7/HC/2016/COLOR/Robust marks/03.25-12.48/IMG_2843.JPG,IMG_2843.JPG,HFW12-F7_2016_201603251248_IMG_2843.jpg,0.9462577700614929,724.2646484375,307.4222412109375,430.1890869140625,596.8297119140625,2048,1536,430,596
HFW12-F7,2016,201603251248,HC,1,/Volumes/Seagate Portable Drive/KYLE_AI_DATABASE/A_CAMERA/Focal_species/Gulo gulo/HFW12-F7/HC/2016/COLOR/Robust marks/03.25-12.48/IMG_2844.JPG,IMG_2844.JPG,HFW12-F7_2016_201603251248_IMG_2844.jpg,0.930633544921875,721.9767456054688,161.0031280517578,509.32623291015625,755.5380859375,2048,1536,509,755
HFW12-F7,2016,201603251248,HC,1,/Volumes/Seagate Portable Drive/KYLE_AI_DATABASE/A_CAMERA/Focal_species/Gulo gulo/HFW12-F7/HC/2016/COLOR/Robust marks/03.25-12.48/IMG_2845.JPG,IMG_2845.JPG,HFW12-F7_2016_201603251248_IMG_2845.jpg,0.8947353363037109,722.5674438476562,129.92893981933594,489.07659912109375,841.6103515625,2048,1536,489,841
HFW12-F7,2016,201603251248,HC,1,/Volumes/Seagate Portable Drive/KYLE_AI_DATABASE/A_CAMERA/Focal_species/Gulo gulo/HFW12-F7/HC/2016/COLOR/Robust marks/03.25-12.48/IMG_2848.JPG,IMG_2848.JPG,HFW12-F7_2016_201603251248_IMG_2848.jpg,0.8491806387901306,725.2392578125,334.0146484375,493.80517578125,661.3133544921875,2048,1536,493,661
HFW12-F7,2016,201603251248,HC,1,/Volumes/Seagate Portable Drive/KYLE_AI_DATABASE/A_CAMERA/Focal_species/Gulo gulo/HFW12-F7/HC/2016/COLOR/Robust marks/03.25-12.48/IMG_2849.JPG,IMG_2849.JPG,HFW12-F7_2016_201603251248_IMG_2849.jpg,0.8055558204650879,724.8152465820312,301.61370849609375,484.39093017578125,694.4718017578125,2048,1536,484,694
HFW12-F7,2016,201603251248,HC,1,/Volumes/Seagate Portable Drive/KYLE_AI_DATABASE/A_CAMERA/Focal_species/Gulo gulo/HFW12-F7/HC/2016/COLOR/Robust marks/03.25-12.48/IMG_2850.JPG,IMG_2850.JPG,HFW12-F7_2016_201603251248_IMG_2850.jpg,0.8892815709114075,721.6424560546875,223.6248321533203,510.3133544921875,767.8942260742188,2048,1536,510,767
HFW12-F7,2016,201603251248,HC,1,/Volumes/Seagate Portable Drive/KYLE_AI_DATABASE/A_CAMERA/Focal_species/Gulo gulo/HFW12-F7/HC/2016/COLOR/Robust marks/03.25-12.48/IMG_2851.JPG,IMG_2851.JPG,HFW12-F7_2016_201603251248_IMG_2851.jpg,0.8704284429550171,724.513671875,269.1905517578125,492.3829345703125,760.1075439453125,2048,1536,492,760
HFW12-F7,2016,201603251248,HC,1,/Volumes/Seagate Portable Drive/KYLE_AI_DATABASE/A_CAMERA/Focal_species/Gulo gulo/HFW12-F7/HC/2016/COLOR/Robust marks/03.25-12.48/IMG_2852.JPG,IMG_2852.JPG,HFW12-F7_2016_201603251248_IMG_2852.jpg,0.8382444381713867,724.9371948242188,317.1817321777344,501.86505126953125,675.0450439453125,2048,1536,501,675
HFW12-F7,2016,201603251248,HC,1,/Volumes/Seagate Portable Drive/KYLE_AI_DATABASE/A_CAMERA/Focal_species/Gulo gulo/HFW12-F7/HC/2016/COLOR/Robust marks/03.25-12.48/IMG_2853.JPG,IMG_2853.JPG,HFW12-F7_2016_201603251248_IMG_2853.jpg,0.8876051306724548,724.512451171875,311.96142578125,505.3314208984375,657.392578125,2048,1536,505,657
HFW12-F7,2016,201603251248,HC,1,/Volumes/Seagate Portable Drive/KYLE_AI_DATABASE/A_CAMERA/Focal_species/Gulo gulo/HFW12-F7/HC/2016/COLOR/Robust marks/03.25-12.48/IMG_2854.JPG,IMG_2854.JPG,HFW12-F7_2016_201603251248_IMG_2854.jpg,0.9172369837760925,724.3978881835938,337.5979309082031,501.31744384765625,667.6497802734375,2048,1536,501,667
HFW12-F7,2016,201603251248,HC,1,/Volumes/Seagate Portable Drive/KYLE_AI_DATABASE/A_CAMERA/Focal_species/Gulo gulo/HFW12-F7/HC/2016/COLOR/Robust marks/03.25-12.48/IMG_2855.JPG,IMG_2855.JPG,HFW12-F7_2016_201603251248_IMG_2855.jpg,0.8977102041244507,722.1312255859375,312.2569580078125,503.9007568359375,670.4505615234375,2048,1536,503,670
HFW12-F7,2016,201603251248,HC,1,/Volumes/Seagate Portable Drive/KYLE_AI_DATABASE/A_CAMERA/Focal_species/Gulo gulo/HFW12-F7/HC/2016/COLOR/Robust marks/03.25-12.48/IMG_2856.JPG,IMG_2856.JPG,HFW12-F7_2016_201603251248_IMG_2856.jpg,0.924890398979187,722.92724609375,135.8177490234375,461.88623046875,894.88330078125,2048,1536,461,894
HFW12-F7,2016,201603251248,HC,1,/Volumes/Seagate Portable Drive/KYLE_AI_DATABASE/A_CAMERA/Focal_species/Gulo gulo/HFW12-F7/HC/2016/COLOR/Robust marks/03.25-12.48/IMG_2857.JPG,IMG_2857.JPG,HFW12-F7_2016_201603251248_IMG_2857.jpg,0.8654322624206543,719.8138427734375,181.8526611328125,439.540771484375,865.2222900390625,2048,1536,439,865
HFW12-F7,2016,201603251248,HC,1,/Volumes/Seagate Portable Drive/KYLE_AI_DATABASE/A_CAMERA/Focal_species/Gulo gulo/HFW12-F7/HC/2016/COLOR/Robust marks/03.25-12.48/IMG_2859.JPG,IMG_2859.JPG,HFW12-F7_2016_201603251248_IMG_2859.jpg,0.8849814534187317,722.7283935546875,369.0209655761719,439.4573974609375,737.7281494140625,2048,1536,439,737
HFW12-F7,2016,201603251248,HC,1,/Volumes/Seagate Portable Drive/KYLE_AI_DATABASE/A_CAMERA/Focal_species/Gulo gulo/HFW12-F7/HC/2016/COLOR/Robust marks/03.25-12.48/IMG_2860.JPG,IMG_2860.JPG,HFW12-F7_2016_201603251248_IMG_2860.jpg,0.8953672647476196,721.6124267578125,373.6011962890625,436.626708984375,732.5975341796875,2048,1536,436,732
HFW12-F7,2016,201603251248,HC,1,/Volumes/Seagate Portable Drive/KYLE_AI_DATABASE/A_CAMERA/Focal_species/Gulo gulo/HFW12-F7/HC/2016/COLOR/Robust marks/03.25-12.48/IMG_2861.JPG,IMG_2861.JPG,HFW12-F7_2016_201603251248_IMG_2861.jpg,0.8635672926902771,723.4676513671875,344.52508544921875,430.1805419921875,701.2080688476562,2048,1536,430,701
HFW12-F7,2016,201603251248,HC,1,/Volumes/Seagate Portable Drive/KYLE_AI_DATABASE/A_CAMERA/Focal_species/Gulo gulo/HFW12-F7/HC/2016/COLOR/Robust marks/03.25-12.48/IMG_2862.JPG,IMG_2862.JPG,HFW12-F7_2016_201603251248_IMG_2862.jpg,0.8314397931098938,728.3172607421875,254.97857666015625,423.2359619140625,780.0048217773438,2048,1536,423,780
HFW12-F7,2016,201603251248,HC,1,/Volumes/Seagate Portable Drive/KYLE_AI_DATABASE/A_CAMERA/Focal_species/Gulo gulo/HFW12-F7/HC/2016/COLOR/Robust marks/03.25-12.48/IMG_2863.JPG,IMG_2863.JPG,HFW12-F7_2016_201603251248_IMG_2863.jpg,0.8966384530067444,722.9688720703125,200.2405242919922,429.8817138671875,770.054931640625,2048,1536,429,770
HFW12-F7,2016,201603251248,HC,1,/Volumes/Seagate Portable Drive/KYLE_AI_DATABASE/A_CAMERA/Focal_species/Gulo gulo/HFW12-F7/HC/2016/COLOR/Robust marks/03.25-12.48/IMG_2864.JPG,IMG_2864.JPG,HFW12-F7_2016_201603251248_IMG_2864.jpg,0.8163591623306274,729.741943359375,128.78677368164062,424.9383544921875,974.1849365234375,2048,1536,424,974
HFW12-F7,2016,201603251248,HC,1,/Volumes/Seagate Portable Drive/KYLE_AI_DATABASE/A_CAMERA/Focal_species/Gulo gulo/HFW12-F7/HC/2016/COLOR/Robust marks/03.25-12.48/IMG_2865.JPG,IMG_2865.JPG,HFW12-F7_2016_201603251248_IMG_2865.jpg,0.8685362339019775,751.5997314453125,330.35076904296875,403.873291015625,724.4987182617188,2048,1536,403,724
HFW12-F7,2016,201603251248,HC,1,/Volumes/Seagate Portable Drive/KYLE_AI_DATABASE/A_CAMERA/Focal_species/Gulo gulo/HFW12-F7/HC/2016/COLOR/Robust marks/03.25-12.48/IMG_2866.JPG,IMG_2866.JPG,HFW12-F7_2016_201603251248_IMG_2866.jpg,0.8471971154212952,727.7435302734375,331.50689697265625,428.1182861328125,640.6610717773438,2048,1536,428,640
HFW12-F7,2016,201603251248,HC,1,/Volumes/Seagate Portable Drive/KYLE_AI_DATABASE/A_CAMERA/Focal_species/Gulo gulo/HFW12-F7/HC/2016/COLOR/Robust marks/03.25-12.48/IMG_2867.JPG,IMG_2867.JPG,HFW12-F7_2016_201603251248_IMG_2867.jpg,0.9046663045883179,727.5142822265625,336.0723571777344,430.584228515625,677.7579345703125,2048,1536,430,677
HFW12-F7,2016,201603251248,HC,1,/Volumes/Seagate Portable Drive/KYLE_AI_DATABASE/A_CAMERA/Focal_species/Gulo gulo/HFW12-F7/HC/2016/COLOR/Robust marks/03.25-12.48/IMG_2868.JPG,IMG_2868.JPG,HFW12-F7_2016_201603251248_IMG_2868.jpg,0.894928514957428,724.9736328125,357.8084716796875,486.42138671875,699.7117919921875,2048,1536,486,699
HFW12-F7,2016,201603251248,HC,1,/Volumes/Seagate Portable Drive/KYLE_AI_DATABASE/A_CAMERA/Focal_species/Gulo gulo/HFW12-F7/HC/2016/COLOR/Robust marks/03.25-12.48/IMG_2869.JPG,IMG_2869.JPG,HFW12-F7_2016_201603251248_IMG_2869.jpg,0.8586328625679016,751.6531982421875,343.4623718261719,402.317626953125,747.560302734375,2048,1536,402,747
HFW12-F7,2016,201603251248,HC,1,/Volumes/Seagate Portable Drive/KYLE_AI_DATABASE/A_CAMERA/Focal_species/Gulo gulo/HFW12-F7/HC/2016/COLOR/Robust marks/03.25-12.48/IMG_2870.JPG,IMG_2870.JPG,HFW12-F7_2016_201603251248_IMG_2870.jpg,0.8953855037689209,759.2910766601562,355.64276123046875,393.51531982421875,712.0432739257812,2048,1536,393,712
HFW12-F7,2016,201603251248,HC,1,/Volumes/Seagate Portable Drive/KYLE_AI_DATABASE/A_CAMERA/Focal_species/Gulo gulo/HFW12-F7/HC/2016/COLOR/Robust marks/03.25-12.48/IMG_2872.JPG,IMG_2872.JPG,HFW12-F7_2016_201603251248_IMG_2872.jpg,0.8301578164100647,765.1036987304688,334.77557373046875,388.66644287109375,745.5945434570312,2048,1536,388,745
HFW12-F7,2016,201603251248,HC,1,/Volumes/Seagate Portable Drive/KYLE_AI_DATABASE/A_CAMERA/Focal_species/Gulo gulo/HFW12-F7/HC/2016/COLOR/Robust marks/03.25-12.48/IMG_2873.JPG,IMG_2873.JPG,HFW12-F7_2016_201603251248_IMG_2873.jpg,0.9197752475738525,745.6470336914062,221.07696533203125,407.71759033203125,857.3533325195312,2048,1536,407,857
HFW12-F7,2016,201603251248,HC,1,/Volumes/Seagate Portable Drive/KYLE_AI_DATABASE/A_CAMERA/Focal_species/Gulo gulo/HFW12-F7/HC/2016/COLOR/Robust marks/03.25-12.48/IMG_2874.JPG,IMG_2874.JPG,HFW12-F7_2016_201603251248_IMG_2874.jpg,0.8312452435493469,755.8905029296875,324.0629577636719,400.71728515625,742.072998046875,2048,1536,400,742
HFW12-F7,2016,201603251248,HC,1,/Volumes/Seagate Portable Drive/KYLE_AI_DATABASE/A_CAMERA/Focal_species/Gulo gulo/HFW12-F7/HC/2016/COLOR/Robust marks/03.25-12.48/IMG_2876.JPG,IMG_2876.JPG,HFW12-F7_2016_201603251248_IMG_2876.jpg,0.9019520878791809,747.8866577148438,223.5830841064453,408.18951416015625,884.4002075195312,2048,1536,408,884
HFW12-F7,2016,201603251248,HC,1,/Volumes/Seagate Portable Drive/KYLE_AI_DATABASE/A_CAMERA/Focal_species/Gulo gulo/HFW12-F7/HC/2016/COLOR/Robust marks/03.25-12.48/IMG_2877.JPG,IMG_2877.JPG,HFW12-F7_2016_201603251248_IMG_2877.jpg,0.884457528591156,762.4591674804688,225.90792846679688,393.74383544921875,831.110595703125,2048,1536,393,831
HFW12-F7,2016,201603251248,HC,1,/Volumes/Seagate Portable Drive/KYLE_AI_DATABASE/A_CAMERA/Focal_species/Gulo gulo/HFW12-F7/HC/2016/COLOR/Robust marks/03.25-12.48/IMG_2878.JPG,IMG_2878.JPG,HFW12-F7_2016_201603251248_IMG_2878.jpg,0.8871140480041504,758.1800537109375,323.674072265625,399.8759765625,780.3870849609375,2048,1536,399,780
HFW12-F7,2016,201603251248,HC,1,/Volumes/Seagate Portable Drive/KYLE_AI_DATABASE/A_CAMERA/Focal_species/Gulo gulo/HFW12-F7/HC/2016/COLOR/Robust marks/03.25-12.48/IMG_2880.JPG,IMG_2880.JPG,HFW12-F7_2016_201603251248_IMG_2880.jpg,0.8724445700645447,744.1432495117188,408.16192626953125,412.72052001953125,703.8864135742188,2048,1536,412,703
HFW12-F7,2016,201603251248,HC,1,/Volumes/Seagate Portable Drive/KYLE_AI_DATABASE/A_CAMERA/Focal_species/Gulo gulo/HFW12-F7/HC/2016/COLOR/Robust marks/03.25-12.48/IMG_2881.JPG,IMG_2881.JPG,HFW12-F7_2016_201603251248_IMG_2881.jpg,0.8851420283317566,751.643310546875,360.77178955078125,406.47509765625,703.4650268554688,2048,1536,406,703
HFW12-F7,2016,201603251248,HC,1,/Volumes/Seagate Portable Drive/KYLE_AI_DATABASE/A_CAMERA/Focal_species/Gulo gulo/HFW12-F7/HC/2016/COLOR/Robust marks/03.25-12.48/IMG_2882.JPG,IMG_2882.JPG,HFW12-F7_2016_201603251248_IMG_2882.jpg,0.888785183429718,746.4141845703125,356.6477355957031,410.9544677734375,706.3355712890625,2048,1536,410,706
HFW12-F7,2016,201603251248,HC,1,/Volumes/Seagate Portable Drive/KYLE_AI_DATABASE/A_CAMERA/Focal_species/Gulo gulo/HFW12-F7/HC/2016/COLOR/Robust marks/03.25-12.48/IMG_2883.JPG,IMG_2883.JPG,HFW12-F7_2016_201603251248_IMG_2883.jpg,0.8380874991416931,749.053466796875,357.8744812011719,405.5670166015625,645.537109375,2048,1536,405,645
HFW12-F7,2016,201603251248,HC,1,/Volumes/Seagate Portable Drive/KYLE_AI_DATABASE/A_CAMERA/Focal_species/Gulo gulo/HFW12-F7/HC/2016/COLOR/Robust marks/03.25-12.48/IMG_2884.JPG,IMG_2884.JPG,HFW12-F7_2016_201603251248_IMG_2884.jpg,0.8966478705406189,725.0162963867188,241.22805786132812,428.28704833984375,759.1361083984375,2048,1536,428,759
HFW12-F7,2016,201603251248,HC,1,/Volumes/Seagate Portable Drive/KYLE_AI_DATABASE/A_CAMERA/Focal_species/Gulo gulo/HFW12-F7/HC/2016/COLOR/Robust marks/03.25-12.48/IMG_2885.JPG,IMG_2885.JPG,HFW12-F7_2016_201603251248_IMG_2885.jpg,0.8376604318618774,692.3200073242188,301.2664794921875,453.10552978515625,675.91650390625,2048,1536,453,675
HFW12-F7,2016,201603251248,HC,1,/Volumes/Seagate Portable Drive/KYLE_AI_DATABASE/A_CAMERA/Focal_species/Gulo gulo/HFW12-F7/HC/2016/COLOR/Robust marks/03.25-12.48/IMG_2886.JPG,IMG_2886.JPG,HFW12-F7_2016_201603251248_IMG_2886.jpg,0.8764614462852478,749.296875,345.73724365234375,405.958984375,647.66357421875,2048,1536,405,647
HFW12-F7,2016,201603251248,HC,1,/Volumes/Seagate Portable Drive/KYLE_AI_DATABASE/A_CAMERA/Focal_species/Gulo gulo/HFW12-F7/HC/2016/COLOR/Robust marks/03.25-12.48/IMG_2887.JPG,IMG_2887.JPG,HFW12-F7_2016_201603251248_IMG_2887.jpg,0.8613957762718201,778.2515869140625,284.4365234375,375.7093505859375,779.55908203125,2048,1536,375,779
HFW12-F7,2016,201603251248,HC,1,/Volumes/Seagate Portable Drive/KYLE_AI_DATABASE/A_CAMERA/Focal_species/Gulo gulo/HFW12-F7/HC/2016/COLOR/Robust marks/03.25-12.48/IMG_2888.JPG,IMG_2888.JPG,HFW12-F7_2016_201603251248_IMG_2888.jpg,0.9170054197311401,757.927001953125,220.48036193847656,396.13134765625,825.0994873046875,2048,1536,396,825
HFW12-F7,2016,201603251248,HC,1,/Volumes/Seagate Portable Drive/KYLE_AI_DATABASE/A_CAMERA/Focal_species/Gulo gulo/HFW12-F7/HC/2016/COLOR/Robust marks/03.25-12.48/IMG_2889.JPG,IMG_2889.JPG,HFW12-F7_2016_201603251248_IMG_2889.jpg,0.941948413848877,754.752197265625,227.8069610595703,398.858154296875,805.6758422851562,2048,1536,398,805
HFW12-F7,2016,201603251248,HC,1,/Volumes/Seagate Portable Drive/KYLE_AI_DATABASE/A_CAMERA/Focal_species/Gulo gulo/HFW12-F7/HC/2016/COLOR/Robust marks/03.25-12.48/IMG_2890.JPG,IMG_2890.JPG,HFW12-F7_2016_201603251248_IMG_2890.jpg,0.9241602420806885,760.7415161132812,227.29843139648438,387.99554443359375,833.7935791015625,2048,1536,387,833
HFW12-F7,2016,201603251248,HC,1,/Volumes/Seagate Portable Drive/KYLE_AI_DATABASE/A_CAMERA/Focal_species/Gulo gulo/HFW12-F7/HC/2016/COLOR/Robust marks/03.25-12.48/IMG_2891.JPG,IMG_2891.JPG,HFW12-F7_2016_201603251248_IMG_2891.jpg,0.8888441324234009,746.0942993164062,229.84584045410156,406.60736083984375,765.99853515625,2048,1536,406,765
HFW12-F7,2016,201603251248,HC,1,/Volumes/Seagate Portable Drive/KYLE_AI_DATABASE/A_CAMERA/Focal_species/Gulo gulo/HFW12-F7/HC/2016/COLOR/Robust marks/03.25-12.48/IMG_2892.JPG,IMG_2892.JPG,HFW12-F7_2016_201603251248_IMG_2892.jpg,0.9162545204162598,731.3609619140625,228.60035705566406,419.624755859375,878.6717529296875,2048,1536,419,878
HFW12-F7,2016,201603251248,HC,1,/Volumes/Seagate Portable Drive/KYLE_AI_DATABASE/A_CAMERA/Focal_species/Gulo gulo/HFW12-F7/HC/2016/COLOR/Robust marks/03.25-12.48/IMG_2895.JPG,IMG_2895.JPG,HFW12-F7_2016_201603251248_IMG_2895.jpg,0.8232693672180176,743.1422119140625,365.122314453125,478.4112548828125,793.9752197265625,2048,1536,478,793
HFW12-F7,2016,201603251248,HC,1,/Volumes/Seagate Portable Drive/KYLE_AI_DATABASE/A_CAMERA/Focal_species/Gulo gulo/HFW12-F7/HC/2016/COLOR/Robust marks/03.25-12.48/IMG_2897.JPG,IMG_2897.JPG,HFW12-F7_2016_201603251248_IMG_2897.jpg,0.8043877482414246,752.2278442382812,338.69647216796875,452.24432373046875,839.8706665039062,2048,1536,452,839
HFW12-F7,2016,201603251248,HC,1,/Volumes/Seagate Portable Drive/KYLE_AI_DATABASE/A_CAMERA/Focal_species/Gulo gulo/HFW12-F7/HC/2016/COLOR/Robust marks/03.25-12.48/IMG_2900.JPG,IMG_2900.JPG,HFW12-F7_2016_201603251248_IMG_2900.jpg,0.8752052783966064,734.9089965820312,337.291015625,483.67498779296875,840.9659423828125,2048,1536,483,840
HFW12-F7,2016,201603251248,HC,1,/Volumes/Seagate Portable Drive/KYLE_AI_DATABASE/A_CAMERA/Focal_species/Gulo gulo/HFW12-F7/HC/2016/COLOR/Robust marks/03.25-12.48/IMG_2901.JPG,IMG_2901.JPG,HFW12-F7_2016_201603251248_IMG_2901.jpg,0.8685301542282104,747.3180541992188,362.6750793457031,408.43292236328125,735.9512939453125,2048,1536,408,735
HFW12-F7,2016,201603251248,HC,1,/Volumes/Seagate Portable Drive/KYLE_AI_DATABASE/A_CAMERA/Focal_species/Gulo gulo/HFW12-F7/HC/2016/COLOR/Robust marks/03.25-12.48/IMG_2902.JPG,IMG_2902.JPG,HFW12-F7_2016_201603251248_IMG_2902.jpg,0.8852096796035767,741.1008911132812,387.390625,413.59344482421875,675.668701171875,2048,1536,413,675
HFW12-F7,2016,201603251248,HC,1,/Volumes/Seagate Portable Drive/KYLE_AI_DATABASE/A_CAMERA/Focal_species/Gulo gulo/HFW12-F7/HC/2016/COLOR/Robust marks/03.25-12.48/IMG_2903.JPG,IMG_2903.JPG,HFW12-F7_2016_201603251248_IMG_2903.jpg,0.9022379517555237,753.4747924804688,212.14805603027344,396.69390869140625,847.4359130859375,2048,1536,396,847
HFW12-F7,2016,201603251248,HC,1,/Volumes/Seagate Portable Drive/KYLE_AI_DATABASE/A_CAMERA/Focal_species/Gulo gulo/HFW12-F7/HC/2016/COLOR/Robust marks/03.25-12.48/IMG_2904.JPG,IMG_2904.JPG,HFW12-F7_2016_201603251248_IMG_2904.jpg,0.888382613658905,749.9801025390625,373.6273193359375,406.0826416015625,658.52294921875,2048,1536,406,658
HFW12-F7,2016,201603251248,HC,1,/Volumes/Seagate Portable Drive/KYLE_AI_DATABASE/A_CAMERA/Focal_species/Gulo gulo/HFW12-F7/HC/2016/COLOR/Robust marks/03.25-12.48/IMG_2905.JPG,IMG_2905.JPG,HFW12-F7_2016_201603251248_IMG_2905.jpg,0.9020716547966003,754.1757202148438,226.590576171875,397.83514404296875,764.8209838867188,2048,1536,397,764
HFW12-F7,2016,201603251248,HC,1,/Volumes/Seagate Portable Drive/KYLE_AI_DATABASE/A_CAMERA/Focal_species/Gulo gulo/HFW12-F7/HC/2016/COLOR/Robust marks/03.25-12.48/IMG_2906.JPG,IMG_2906.JPG,HFW12-F7_2016_201603251248_IMG_2906.jpg,0.8531859517097473,754.361083984375,346.6557922363281,400.0377197265625,717.5858154296875,2048,1536,400,717
HFW12-F7,2016,201603251248,HC,1,/Volumes/Seagate Portable Drive/KYLE_AI_DATABASE/A_CAMERA/Focal_species/Gulo gulo/HFW12-F7/HC/2016/COLOR/Robust marks/03.25-12.48/IMG_2907.JPG,IMG_2907.JPG,HFW12-F7_2016_201603251248_IMG_2907.jpg,0.8942466974258423,743.2291870117188,375.5469665527344,411.79156494140625,671.55615234375,2048,1536,411,671
HFW12-F7,2016,201603251248,HC,1,/Volumes/Seagate Portable Drive/KYLE_AI_DATABASE/A_CAMERA/Focal_species/Gulo gulo/HFW12-F7/HC/2016/COLOR/Robust marks/03.25-12.48/IMG_2908.JPG,IMG_2908.JPG,HFW12-F7_2016_201603251248_IMG_2908.jpg,0.8828479051589966,745.715576171875,379.68865966796875,408.8258056640625,677.0879516601562,2048,1536,408,677
HFW12-F7,2016,201603251248,HC,1,/Volumes/Seagate Portable Drive/KYLE_AI_DATABASE/A_CAMERA/Focal_species/Gulo gulo/HFW12-F7/HC/2016/COLOR/Robust marks/03.25-12.48/IMG_2910.JPG,IMG_2910.JPG,HFW12-F7_2016_201603251248_IMG_2910.jpg,0.8671107292175293,743.992919921875,345.2167663574219,411.3387451171875,695.3392333984375,2048,1536,411,695
HFW12-F7,2016,201603251248,HC,1,/Volumes/Seagate Portable Drive/KYLE_AI_DATABASE/A_CAMERA/Focal_species/Gulo gulo/HFW12-F7/HC/2016/COLOR/Robust marks/03.25-12.48/IMG_2911.JPG,IMG_2911.JPG,HFW12-F7_2016_201603251248_IMG_2911.jpg,0.8621628284454346,747.620361328125,306.9164123535156,401.9578857421875,726.0384521484375,2048,1536,401,726
HFW12-F7,2016,201603251248,HC,1,/Volumes/Seagate Portable Drive/KYLE_AI_DATABASE/A_CAMERA/Focal_species/Gulo gulo/HFW12-F7/HC/2016/COLOR/Robust marks/03.25-12.48/IMG_2912.JPG,IMG_2912.JPG,HFW12-F7_2016_201603251248_IMG_2912.jpg,0.8995174169540405,747.5462036132812,234.47702026367188,402.27008056640625,759.55126953125,2048,1536,402,759
HFW12-F7,2016,201603251248,HC,1,/Volumes/Seagate Portable Drive/KYLE_AI_DATABASE/A_CAMERA/Focal_species/Gulo gulo/HFW12-F7/HC/2016/COLOR/Robust marks/03.25-12.48/IMG_2913.JPG,IMG_2913.JPG,HFW12-F7_2016_201603251248_IMG_2913.jpg,0.8988240361213684,741.8367919921875,238.01617431640625,409.56884765625,756.8761596679688,2048,1536,409,756
HFW12-F7,2016,201603251248,HC,1,/Volumes/Seagate Portable Drive/KYLE_AI_DATABASE/A_CAMERA/Focal_species/Gulo gulo/HFW12-F7/HC/2016/COLOR/Robust marks/03.25-12.48/IMG_2914.JPG,IMG_2914.JPG,HFW12-F7_2016_201603251248_IMG_2914.jpg,0.8541932106018066,751.0469970703125,324.4835205078125,397.8321533203125,692.4328002929688,2048,1536,397,692
HFW12-F7,2016,201603251248,HC,1,/Volumes/Seagate Portable Drive/KYLE_AI_DATABASE/A_CAMERA/Focal_species/Gulo gulo/HFW12-F7/HC/2016/COLOR/Robust marks/03.25-12.48/IMG_2915.JPG,IMG_2915.JPG,HFW12-F7_2016_201603251248_IMG_2915.jpg,0.9277330040931702,731.3157958984375,216.13247680664062,424.49609375,976.198486328125,2048,1536,424,976
HFW12-F7,2016,201603251248,HC,1,/Volumes/Seagate Portable Drive/KYLE_AI_DATABASE/A_CAMERA/Focal_species/Gulo gulo/HFW12-F7/HC/2016/COLOR/Robust marks/03.25-12.48/IMG_2916.JPG,IMG_2916.JPG,HFW12-F7_2016_201603251248_IMG_2916.jpg,0.9193372130393982,756.9908447265625,235.48086547851562,390.6749267578125,866.1668701171875,2048,1536,390,866
HFW12-F7,2016,201603251248,HC,1,/Volumes/Seagate Portable Drive/KYLE_AI_DATABASE/A_CAMERA/Focal_species/Gulo gulo/HFW12-F7/HC/2016/COLOR/Robust marks/03.25-12.48/IMG_2917.JPG,IMG_2917.JPG,HFW12-F7_2016_201603251248_IMG_2917.jpg,0.9158682823181152,728.126708984375,225.44357299804688,427.335693359375,941.3544921875,2048,1536,427,941
HFW12-F7,2016,201603251248,HC,1,/Volumes/Seagate Portable Drive/KYLE_AI_DATABASE/A_CAMERA/Focal_species/Gulo gulo/HFW12-F7/HC/2016/COLOR/Robust marks/03.25-12.48/IMG_2918.JPG,IMG_2918.JPG,HFW12-F7_2016_201603251248_IMG_2918.jpg,0.9232337474822998,759.8106689453125,224.71453857421875,389.1046142578125,840.3357543945312,2048,1536,389,840
HFW12-F7,2016,201603251248,HC,1,/Volumes/Seagate Portable Drive/KYLE_AI_DATABASE/A_CAMERA/Focal_species/Gulo gulo/HFW12-F7/HC/2016/COLOR/Robust marks/03.25-12.48/IMG_2919.JPG,IMG_2919.JPG,HFW12-F7_2016_201603251248_IMG_2919.jpg,0.9217571020126343,771.139404296875,233.31417846679688,376.08349609375,869.3511962890625,2048,1536,376,869
HFW12-F7,2016,201603251248,HC,1,/Volumes/Seagate Portable Drive/KYLE_AI_DATABASE/A_CAMERA/Focal_species/Gulo gulo/HFW12-F7/HC/2016/COLOR/Robust marks/03.25-12.48/IMG_2920.JPG,IMG_2920.JPG,HFW12-F7_2016_201603251248_IMG_2920.jpg,0.8508622050285339,758.519287109375,274.80865478515625,391.5736083984375,823.8058471679688,2048,1536,391,823
HFW12-F7,2016,201603251248,HC,1,/Volumes/Seagate Portable Drive/KYLE_AI_DATABASE/A_CAMERA/Focal_species/Gulo gulo/HFW12-F7/HC/2016/COLOR/Robust marks/03.25-12.48/IMG_2921.JPG,IMG_2921.JPG,HFW12-F7_2016_201603251248_IMG_2921.jpg,0.9041656851768494,763.8759765625,234.25177001953125,382.9193115234375,861.7445678710938,2048,1536,382,861
HFW12-F7,2016,201603251248,HC,1,/Volumes/Seagate Portable Drive/KYLE_AI_DATABASE/A_CAMERA/Focal_species/Gulo gulo/HFW12-F7/HC/2016/COLOR/Robust marks/03.25-12.48/IMG_2922.JPG,IMG_2922.JPG,HFW12-F7_2016_201603251248_IMG_2922.jpg,0.8853856921195984,748.0130615234375,234.18727111816406,398.945068359375,840.5400390625,2048,1536,398,840
HFW12-F7,2016,201603251248,HC,1,/Volumes/Seagate Portable Drive/KYLE_AI_DATABASE/A_CAMERA/Focal_species/Gulo gulo/HFW12-F7/HC/2016/COLOR/Robust marks/03.25-12.48/IMG_2923.JPG,IMG_2923.JPG,HFW12-F7_2016_201603251248_IMG_2923.jpg,0.8592295050621033,753.4204711914062,274.6220703125,394.46319580078125,810.470947265625,2048,1536,394,810
HFW12-F7,2016,201603251248,HC,1,/Volumes/Seagate Portable Drive/KYLE_AI_DATABASE/A_CAMERA/Focal_species/Gulo gulo/HFW12-F7/HC/2016/COLOR/Robust marks/03.25-12.48/IMG_2924.JPG,IMG_2924.JPG,HFW12-F7_2016_201603251248_IMG_2924.jpg,0.8968361616134644,748.3638916015625,325.74346923828125,398.3984375,727.9696655273438,2048,1536,398,727
HFW12-F7,2016,201603251248,HC,1,/Volumes/Seagate Portable Drive/KYLE_AI_DATABASE/A_CAMERA/Focal_species/Gulo gulo/HFW12-F7/HC/2016/COLOR/Robust marks/03.25-12.48/IMG_2925.JPG,IMG_2925.JPG,HFW12-F7_2016_201603251248_IMG_2925.jpg,0.8973727226257324,739.5673828125,242.70693969726562,407.495849609375,862.59228515625,2048,1536,407,862
HFW12-F7,2016,201603251248,HC,1,/Volumes/Seagate Portable Drive/KYLE_AI_DATABASE/A_CAMERA/Focal_species/Gulo gulo/HFW12-F7/HC/2016/COLOR/Robust marks/03.25-12.48/IMG_2926.JPG,IMG_2926.JPG,HFW12-F7_2016_201603251248_IMG_2926.jpg,0.848481297492981,735.1993408203125,265.17510986328125,411.040283203125,841.4318237304688,2048,1536,411,841
HFW12-F7,2016,201603251248,HC,1,/Volumes/Seagate Portable Drive/KYLE_AI_DATABASE/A_CAMERA/Focal_species/Gulo gulo/HFW12-F7/HC/2016/COLOR/Robust marks/03.25-12.48/IMG_2928.JPG,IMG_2928.JPG,HFW12-F7_2016_201603251248_IMG_2928.jpg,0.9028011560440063,737.2266235351562,232.09657287597656,410.44683837890625,918.8101806640625,2048,1536,410,918
HFW12-F7,2016,201603251248,HC,1,/Volumes/Seagate Portable Drive/KYLE_AI_DATABASE/A_CAMERA/Focal_species/Gulo gulo/HFW12-F7/HC/2016/COLOR/Robust marks/03.25-12.48/IMG_2929.JPG,IMG_2929.JPG,HFW12-F7_2016_201603251248_IMG_2929.jpg,0.845674991607666,753.0753173828125,280.14678955078125,389.6075439453125,824.4786987304688,2048,1536,389,824
HFW12-F7,2016,201603251248,HC,1,/Volumes/Seagate Portable Drive/KYLE_AI_DATABASE/A_CAMERA/Focal_species/Gulo gulo/HFW12-F7/HC/2016/COLOR/Robust marks/03.25-12.48/IMG_2930.JPG,IMG_2930.JPG,HFW12-F7_2016_201603251248_IMG_2930.jpg,0.8729329705238342,741.63623046875,244.2579803466797,398.0357666015625,808.4867553710938,2048,1536,398,808
HFW12-F7,2016,201603251248,HC,1,/Volumes/Seagate Portable Drive/KYLE_AI_DATABASE/A_CAMERA/Focal_species/Gulo gulo/HFW12-F7/HC/2016/COLOR/Robust marks/03.25-12.48/IMG_2931.JPG,IMG_2931.JPG,HFW12-F7_2016_201603251248_IMG_2931.jpg,0.8780719637870789,762.2862548828125,328.47503662109375,390.2454833984375,780.3014526367188,2048,1536,390,780
HFW12-F7,2016,201603251248,HC,1,/Volumes/Seagate Portable Drive/KYLE_AI_DATABASE/A_CAMERA/Focal_species/Gulo gulo/HFW12-F7/HC/2016/COLOR/Robust marks/03.25-12.48/IMG_2932.JPG,IMG_2932.JPG,HFW12-F7_2016_201603251248_IMG_2932.jpg,0.8637705445289612,783.1261596679688,290.10308837890625,371.73883056640625,821.1577758789062,2048,1536,371,821
HFW12-F7,2016,201603251248,HC,1,/Volumes/Seagate Portable Drive/KYLE_AI_DATABASE/A_CAMERA/Focal_species/Gulo gulo/HFW12-F7/HC/2016/COLOR/Robust marks/03.25-12.48/IMG_2933.JPG,IMG_2933.JPG,HFW12-F7_2016_201603251248_IMG_2933.jpg,0.8903494477272034,766.521484375,247.0550537109375,381.394287109375,857.7589111328125,2048,1536,381,857
HFW12-F7,2016,201603251248,HC,1,/Volumes/Seagate Portable Drive/KYLE_AI_DATABASE/A_CAMERA/Focal_species/Gulo gulo/HFW12-F7/HC/2016/COLOR/Robust marks/03.25-12.48/IMG_2934.JPG,IMG_2934.JPG,HFW12-F7_2016_201603251248_IMG_2934.jpg,0.8859835267066956,741.18603515625,334.49169921875,409.8211669921875,768.8238525390625,2048,1536,409,768
HFW12-F7,2016,201603251248,HC,1,/Volumes/Seagate Portable Drive/KYLE_AI_DATABASE/A_CAMERA/Focal_species/Gulo gulo/HFW12-F7/HC/2016/COLOR/Robust marks/03.25-12.48/IMG_2935.JPG,IMG_2935.JPG,HFW12-F7_2016_201603251248_IMG_2935.jpg,0.8763006329536438,738.0195922851562,231.7321014404297,402.58685302734375,865.1205444335938,2048,1536,402,865
HFW12-F7,2016,201603251248,HC,1,/Volumes/Seagate Portable Drive/KYLE_AI_DATABASE/A_CAMERA/Focal_species/Gulo gulo/HFW12-F7/HC/2016/COLOR/Robust marks/03.25-12.48/IMG_2936.JPG,IMG_2936.JPG,HFW12-F7_2016_201603251248_IMG_2936.jpg,0.8728238344192505,742.8843383789062,331.12249755859375,402.27630615234375,766.2578735351562,2048,1536,402,766
HFW12-F7,2016,201603251248,HC,1,/Volumes/Seagate Portable Drive/KYLE_AI_DATABASE/A_CAMERA/Focal_species/Gulo gulo/HFW12-F7/HC/2016/COLOR/Robust marks/03.25-12.48/IMG_2937.JPG,IMG_2937.JPG,HFW12-F7_2016_201603251248_IMG_2937.jpg,0.8546462655067444,744.023681640625,302.890625,398.2716064453125,804.166259765625,2048,1536,398,804
HFW12-F7,2016,201603251248,HC,1,/Volumes/Seagate Portable Drive/KYLE_AI_DATABASE/A_CAMERA/Focal_species/Gulo gulo/HFW12-F7/HC/2016/COLOR/Robust marks/03.25-12.48/IMG_2938.JPG,IMG_2938.JPG,HFW12-F7_2016_201603251248_IMG_2938.jpg,0.9270609021186829,742.05908203125,234.9788360595703,399.2037353515625,870.3223266601562,2048,1536,399,870
HFW12-F7,2016,201603251248,HC,1,/Volumes/Seagate Portable Drive/KYLE_AI_DATABASE/A_CAMERA/Focal_species/Gulo gulo/HFW12-F7/HC/2016/COLOR/Robust marks/03.25-12.48/IMG_2939.JPG,IMG_2939.JPG,HFW12-F7_2016_201603251248_IMG_2939.jpg,0.8737736344337463,758.3616333007812,331.0295104980469,391.97845458984375,765.69482421875,2048,1536,391,765
HFW12-F7,2016,201603251248,HC,1,/Volumes/Seagate Portable Drive/KYLE_AI_DATABASE/A_CAMERA/Focal_species/Gulo gulo/HFW12-F7/HC/2016/COLOR/Robust marks/03.25-12.48/IMG_2940.JPG,IMG_2940.JPG,HFW12-F7_2016_201603251248_IMG_2940.jpg,0.9175940155982971,782.54541015625,330.35888671875,356.5137939453125,769.347412109375,2048,1536,356,769
HFW12-F7,2016,201603251248,HC,1,/Volumes/Seagate Portable Drive/KYLE_AI_DATABASE/A_CAMERA/Focal_species/Gulo gulo/HFW12-F7/HC/2016/COLOR/Robust marks/03.25-12.48/IMG_2941.JPG,IMG_2941.JPG,HFW12-F7_2016_201603251248_IMG_2941.jpg,0.8992424011230469,762.2317504882812,238.86575317382812,368.62200927734375,865.802734375,2048,1536,368,865
HFW12-F7,2016,201603251248,HC,1,/Volumes/Seagate Portable Drive/KYLE_AI_DATABASE/A_CAMERA/Focal_species/Gulo gulo/HFW12-F7/HC/2016/COLOR/Robust marks/03.25-12.48/IMG_2942.JPG,IMG_2942.JPG,HFW12-F7_2016_201603251248_IMG_2942.jpg,0.9016463160514832,754.1611938476562,233.04327392578125,380.00714111328125,874.5878295898438,2048,1536,380,874
HFW12-F7,2016,201603251248,HC,1,/Volumes/Seagate Portable Drive/KYLE_AI_DATABASE/A_CAMERA/Focal_species/Gulo gulo/HFW12-F7/HC/2016/COLOR/Robust marks/03.25-12.48/IMG_2943.JPG,IMG_2943.JPG,HFW12-F7_2016_201603251248_IMG_2943.jpg,0.867455005645752,747.3856811523438,271.8148193359375,390.86285400390625,835.5518798828125,2048,1536,390,835
HFW12-F7,2016,201603251248,HC,1,/Volumes/Seagate Portable Drive/KYLE_AI_DATABASE/A_CAMERA/Focal_species/Gulo gulo/HFW12-F7/HC/2016/COLOR/Robust marks/03.25-12.48/IMG_2944.JPG,IMG_2944.JPG,HFW12-F7_2016_201603251248_IMG_2944.jpg,0.8395563960075378,753.2305297851562,297.19647216796875,372.61419677734375,780.6199340820312,2048,1536,372,780
HFW12-F7,2016,201603251248,HC,1,/Volumes/Seagate Portable Drive/KYLE_AI_DATABASE/A_CAMERA/Focal_species/Gulo gulo/HFW12-F7/HC/2016/COLOR/Robust marks/03.25-12.48/IMG_2945.JPG,IMG_2945.JPG,HFW12-F7_2016_201603251248_IMG_2945.jpg,0.8793269991874695,748.3687744140625,243.34762573242188,376.2169189453125,859.28662109375,2048,1536,376,859
HFW12-F7,2016,201603251248,HC,1,/Volumes/Seagate Portable Drive/KYLE_AI_DATABASE/A_CAMERA/Focal_species/Gulo gulo/HFW12-F7/HC/2016/COLOR/Robust marks/03.25-12.48/IMG_2946.JPG,IMG_2946.JPG,HFW12-F7_2016_201603251248_IMG_2946.jpg,0.8413481712341309,752.66259765625,290.3178405761719,380.015869140625,806.482421875,2048,1536,380,806
HFW12-F7,2016,201603251248,HC,1,/Volumes/Seagate Portable Drive/KYLE_AI_DATABASE/A_CAMERA/Focal_species/Gulo gulo/HFW12-F7/HC/2016/COLOR/Robust marks/03.25-12.48/IMG_2947.JPG,IMG_2947.JPG,HFW12-F7_2016_201603251248_IMG_2947.jpg,0.8432178497314453,752.7037353515625,293.42181396484375,370.38134765625,786.9755249023438,2048,1536,370,786
HFW12-F7,2016,201603251248,HC,1,/Volumes/Seagate Portable Drive/KYLE_AI_DATABASE/A_CAMERA/Focal_species/Gulo gulo/HFW12-F7/HC/2016/COLOR/Robust marks/03.25-12.48/IMG_2948.JPG,IMG_2948.JPG,HFW12-F7_2016_201603251248_IMG_2948.jpg,0.8450588583946228,761.6873779296875,265.53924560546875,365.586181640625,822.6934204101562,2048,1536,365,822
HFW12-F7,2016,201603251248,HC,1,/Volumes/Seagate Portable Drive/KYLE_AI_DATABASE/A_CAMERA/Focal_species/Gulo gulo/HFW12-F7/HC/2016/COLOR/Robust marks/03.25-12.48/IMG_2949.JPG,IMG_2949.JPG,HFW12-F7_2016_201603251248_IMG_2949.jpg,0.8439636826515198,760.550537109375,285.4547424316406,370.0185546875,807.3160400390625,2048,1536,370,807
HFW12-F7,2016,201603251248,HC,1,/Volumes/Seagate Portable Drive/KYLE_AI_DATABASE/A_CAMERA/Focal_species/Gulo gulo/HFW12-F7/HC/2016/COLOR/Robust marks/03.25-12.48/IMG_2950.JPG,IMG_2950.JPG,HFW12-F7_2016_201603251248_IMG_2950.jpg,0.8556657433509827,748.9328002929688,262.21612548828125,371.47515869140625,805.8208618164062,2048,1536,371,805
HFW12-F7,2016,201603251248,HC,1,/Volumes/Seagate Portable Drive/KYLE_AI_DATABASE/A_CAMERA/Focal_species/Gulo gulo/HFW12-F7/HC/2016/COLOR/Robust marks/03.25-12.48/IMG_2951.JPG,IMG_2951.JPG,HFW12-F7_2016_201603251248_IMG_2951.jpg,0.8470685482025146,761.788818359375,270.24078369140625,368.0738525390625,789.7316284179688,2048,1536,368,789
HFW12-F7,2016,201603251248,HC,1,/Volumes/Seagate Portable Drive/KYLE_AI_DATABASE/A_CAMERA/Focal_species/Gulo gulo/HFW12-F7/HC/2016/COLOR/Robust marks/03.25-12.48/IMG_2952.JPG,IMG_2952.JPG,HFW12-F7_2016_201603251248_IMG_2952.jpg,0.9116315245628357,763.9122314453125,329.88348388671875,373.4024658203125,726.1851196289062,2048,1536,373,726
HFW12-F7,2016,201603251248,HC,1,/Volumes/Seagate Portable Drive/KYLE_AI_DATABASE/A_CAMERA/Focal_species/Gulo gulo/HFW12-F7/HC/2016/COLOR/Robust marks/03.25-12.48/IMG_2953.JPG,IMG_2953.JPG,HFW12-F7_2016_201603251248_IMG_2953.jpg,0.911472737789154,754.1522216796875,331.21734619140625,376.2947998046875,723.3827514648438,2048,1536,376,723
HFW12-F7,2016,201603251248,HC,1,/Volumes/Seagate Portable Drive/KYLE_AI_DATABASE/A_CAMERA/Focal_species/Gulo gulo/HFW12-F7/HC/2016/COLOR/Robust marks/03.25-12.48/IMG_2954.JPG,IMG_2954.JPG,HFW12-F7_2016_201603251248_IMG_2954.jpg,0.8878076076507568,744.0125732421875,337.022705078125,400.493896484375,719.6976318359375,2048,1536,400,719
HFW12-F7,2016,201603251248,HC,1,/Volumes/Seagate Portable Drive/KYLE_AI_DATABASE/A_CAMERA/Focal_species/Gulo gulo/HFW12-F7/HC/2016/COLOR/Robust marks/03.25-12.48/IMG_2955.JPG,IMG_2955.JPG,HFW12-F7_2016_201603251248_IMG_2955.jpg,0.8937811255455017,756.0634765625,325.7840881347656,379.021484375,761.9072265625,2048,1536,379,761
HFW12-F7,2016,201603251248,HC,1,/Volumes/Seagate Portable Drive/KYLE_AI_DATABASE/A_CAMERA/Focal_species/Gulo gulo/HFW12-F7/HC/2016/COLOR/Robust marks/03.25-12.48/IMG_2956.JPG,IMG_2956.JPG,HFW12-F7_2016_201603251248_IMG_2956.jpg,0.8782879114151001,760.0180053710938,344.35064697265625,371.27032470703125,710.5459594726562,2048,1536,371,710
HFW12-F7,2016,201603251248,HC,1,/Volumes/Seagate Portable Drive/KYLE_AI_DATABASE/A_CAMERA/Focal_species/Gulo gulo/HFW12-F7/HC/2016/COLOR/Robust marks/03.25-12.48/IMG_2957.JPG,IMG_2957.JPG,HFW12-F7_2016_201603251248_IMG_2957.jpg,0.8867424130439758,742.3177490234375,330.8984069824219,396.1495361328125,771.93798828125,2048,1536,396,771
HFW12-F7,2016,201603251248,HC,1,/Volumes/Seagate Portable Drive/KYLE_AI_DATABASE/A_CAMERA/Focal_species/Gulo gulo/HFW12-F7/HC/2016/COLOR/Robust marks/03.25-12.48/IMG_2958.JPG,IMG_2958.JPG,HFW12-F7_2016_201603251248_IMG_2958.jpg,0.8919206261634827,737.60009765625,336.6136169433594,394.0186767578125,757.0177001953125,2048,1536,394,757
HFW12-F7,2016,201603251248,HC,1,/Volumes/Seagate Portable Drive/KYLE_AI_DATABASE/A_CAMERA/Focal_species/Gulo gulo/HFW12-F7/HC/2016/COLOR/Robust marks/03.25-12.48/IMG_2959.JPG,IMG_2959.JPG,HFW12-F7_2016_201603251248_IMG_2959.jpg,0.9020331501960754,738.104248046875,324.1684875488281,394.3369140625,728.777099609375,2048,1536,394,728
HFW12-F7,2016,201603251248,HC,1,/Volumes/Seagate Portable Drive/KYLE_AI_DATABASE/A_CAMERA/Focal_species/Gulo gulo/HFW12-F7/HC/2016/COLOR/Robust marks/03.25-12.48/IMG_2960.JPG,IMG_2960.JPG,HFW12-F7_2016_201603251248_IMG_2960.jpg,0.9065490961074829,749.5784301757812,243.27076721191406,401.39825439453125,811.4010009765625,2048,1536,401,811
HFW12-F7,2016,201603251248,HC,1,/Volumes/Seagate Portable Drive/KYLE_AI_DATABASE/A_CAMERA/Focal_species/Gulo gulo/HFW12-F7/HC/2016/COLOR/Robust marks/03.25-12.48/IMG_2961.JPG,IMG_2961.JPG,HFW12-F7_2016_201603251248_IMG_2961.jpg,0.9123144149780273,741.9768676757812,261.8918151855469,391.55926513671875,805.1524658203125,2048,1536,391,805
HFW12-F7,2016,201603251248,HC,1,/Volumes/Seagate Portable Drive/KYLE_AI_DATABASE/A_CAMERA/Focal_species/Gulo gulo/HFW12-F7/HC/2016/COLOR/Robust marks/03.25-12.48/IMG_2962.JPG,IMG_2962.JPG,HFW12-F7_2016_201603251248_IMG_2962.jpg,0.8870245218276978,743.318603515625,330.8033142089844,393.1591796875,723.1402587890625,2048,1536,393,723
HFW12-F7,2016,201603251248,HC,1,/Volumes/Seagate Portable Drive/KYLE_AI_DATABASE/A_CAMERA/Focal_species/Gulo gulo/HFW12-F7/HC/2016/COLOR/Robust marks/03.25-12.48/IMG_2963.JPG,IMG_2963.JPG,HFW12-F7_2016_201603251248_IMG_2963.jpg,0.8645538687705994,783.2197265625,335.9960021972656,355.6368408203125,734.9403076171875,2048,1536,355,734
HFW12-F7,2016,201603251248,HC,1,/Volumes/Seagate Portable Drive/KYLE_AI_DATABASE/A_CAMERA/Focal_species/Gulo gulo/HFW12-F7/HC/2016/COLOR/Robust marks/03.25-12.48/IMG_2964.JPG,IMG_2964.JPG,HFW12-F7_2016_201603251248_IMG_2964.jpg,0.8763074278831482,757.375,317.497314453125,382.846923828125,788.145263671875,2048,1536,382,788
HFW12-F7,2016,201603251248,HC,1,/Volumes/Seagate Portable Drive/KYLE_AI_DATABASE/A_CAMERA/Focal_species/Gulo gulo/HFW12-F7/HC/2016/COLOR/Robust marks/03.25-12.48/IMG_2965.JPG,IMG_2965.JPG,HFW12-F7_2016_201603251248_IMG_2965.jpg,0.8743506073951721,767.0675048828125,324.13592529296875,364.5946044921875,782.0730590820312,2048,1536,364,782
HFW12-F7,2016,201603251248,HC,1,/Volumes/Seagate Portable Drive/KYLE_AI_DATABASE/A_CAMERA/Focal_species/Gulo gulo/HFW12-F7/HC/2016/COLOR/Robust marks/03.25-12.48/IMG_2966.JPG,IMG_2966.JPG,HFW12-F7_2016_201603251248_IMG_2966.jpg,0.9068962335586548,740.44677734375,269.11199951171875,388.865478515625,785.6218872070312,2048,1536,388,785
HFW12-F7,2016,201603251248,HC,1,/Volumes/Seagate Portable Drive/KYLE_AI_DATABASE/A_CAMERA/Focal_species/Gulo gulo/HFW12-F7/HC/2016/COLOR/Robust marks/03.25-12.48/IMG_2967.JPG,IMG_2967.JPG,HFW12-F7_2016_201603251248_IMG_2967.jpg,0.8992636203765869,734.537841796875,237.52899169921875,392.1864013671875,840.9719848632812,2048,1536,392,840
HFW12-F7,2016,201603251248,HC,1,/Volumes/Seagate Portable Drive/KYLE_AI_DATABASE/A_CAMERA/Focal_species/Gulo gulo/HFW12-F7/HC/2016/COLOR/Robust marks/03.25-12.48/IMG_2968.JPG,IMG_2968.JPG,HFW12-F7_2016_201603251248_IMG_2968.jpg,0.9073505401611328,731.2102661132812,270.5848388671875,402.68280029296875,834.15966796875,2048,1536,402,834
HFW12-F7,2016,201603251248,HC,1,/Volumes/Seagate Portable Drive/KYLE_AI_DATABASE/A_CAMERA/Focal_species/Gulo gulo/HFW12-F7/HC/2016/COLOR/Robust marks/03.25-12.48/IMG_2969.JPG,IMG_2969.JPG,HFW12-F7_2016_201603251248_IMG_2969.jpg,0.8969453573226929,745.3900146484375,324.7174377441406,404.8572998046875,750.442626953125,2048,1536,404,750
HFW12-F7,2016,201603251248,HC,1,/Volumes/Seagate Portable Drive/KYLE_AI_DATABASE/A_CAMERA/Focal_species/Gulo gulo/HFW12-F7/HC/2016/COLOR/Robust marks/03.25-12.48/IMG_2970.JPG,IMG_2970.JPG,HFW12-F7_2016_201603251248_IMG_2970.jpg,0.9208230972290039,755.2526245117188,327.7561340332031,400.07305908203125,778.2451171875,2048,1536,400,778
HFW12-F7,2016,201603251248,HC,1,/Volumes/Seagate Portable Drive/KYLE_AI_DATABASE/A_CAMERA/Focal_species/Gulo gulo/HFW12-F7/HC/2016/COLOR/Robust marks/03.25-12.48/IMG_2971.JPG,IMG_2971.JPG,HFW12-F7_2016_201603251248_IMG_2971.jpg,0.8468899130821228,752.83837890625,333.67315673828125,392.26611328125,773.7260131835938,2048,1536,392,773
HFW12-F7,2016,201603251248,HC,1,/Volumes/Seagate Portable Drive/KYLE_AI_DATABASE/A_CAMERA/Focal_species/Gulo gulo/HFW12-F7/HC/2016/COLOR/Robust marks/03.25-12.48/IMG_2972.JPG,IMG_2972.JPG,HFW12-F7_2016_201603251248_IMG_2972.jpg,0.8939502835273743,789.33642578125,335.112548828125,349.5179443359375,765.591552734375,2048,1536,349,765
HFW12-F7,2016,201603251248,HC,1,/Volumes/Seagate Portable Drive/KYLE_AI_DATABASE/A_CAMERA/Focal_species/Gulo gulo/HFW12-F7/HC/2016/COLOR/Robust marks/03.25-12.48/IMG_2973.JPG,IMG_2973.JPG,HFW12-F7_2016_201603251248_IMG_2973.jpg,0.9055533409118652,770.6611938476562,242.37725830078125,467.00531005859375,856.2977905273438,2048,1536,467,856
HFW12-F7,2016,201603251248,HC,1,/Volumes/Seagate Portable Drive/KYLE_AI_DATABASE/A_CAMERA/Focal_species/Gulo gulo/HFW12-F7/HC/2016/COLOR/Robust marks/03.25-12.48/IMG_2974.JPG,IMG_2974.JPG,HFW12-F7_2016_201603251248_IMG_2974.jpg,0.8123477101325989,746.0665283203125,301.95880126953125,410.9208984375,832.8963012695312,2048,1536,410,832
HFW12-F7,2016,201603251248,HC,1,/Volumes/Seagate Portable Drive/KYLE_AI_DATABASE/A_CAMERA/Focal_species/Gulo gulo/HFW12-F7/HC/2016/COLOR/Robust marks/03.25-12.48/IMG_2977.JPG,IMG_2977.JPG,HFW12-F7_2016_201603251248_IMG_2977.jpg,0.885209858417511,739.339111328125,298.80865478515625,474.216552734375,879.4640502929688,2048,1536,474,879
HFW12-F7,2016,201603251248,HC,1,/Volumes/Seagate Portable Drive/KYLE_AI_DATABASE/A_CAMERA/Focal_species/Gulo gulo/HFW12-F7/HC/2016/COLOR/Robust marks/03.25-12.48/IMG_2978.JPG,IMG_2978.JPG,HFW12-F7_2016_201603251248_IMG_2978.jpg,0.8393539786338806,737.5296630859375,292.7300720214844,478.20556640625,886.7872314453125,2048,1536,478,886
HFW12-F7,2016,201603251248,HC,1,/Volumes/Seagate Portable Drive/KYLE_AI_DATABASE/A_CAMERA/Focal_species/Gulo gulo/HFW12-F7/HC/2016/COLOR/Robust marks/03.25-12.48/IMG_2979.JPG,IMG_2979.JPG,HFW12-F7_2016_201603251248_IMG_2979.jpg,0.8736318945884705,739.78466796875,295.15838623046875,474.7618408203125,884.4024047851562,2048,1536,474,884
HFW12-F7,2016,201603251248,HC,1,/Volumes/Seagate Portable Drive/KYLE_AI_DATABASE/A_CAMERA/Focal_species/Gulo gulo/HFW12-F7/HC/2016/COLOR/Robust marks/03.25-12.48/IMG_2980.JPG,IMG_2980.JPG,HFW12-F7_2016_201603251248_IMG_2980.jpg,0.8870218396186829,744.3939819335938,291.2086181640625,471.60809326171875,889.9468994140625,2048,1536,471,889
HFW12-F7,2016,201603251248,HC,1,/Volumes/Seagate Portable Drive/KYLE_AI_DATABASE/A_CAMERA/Focal_species/Gulo gulo/HFW12-F7/HC/2016/COLOR/Robust marks/03.25-12.48/IMG_2983.JPG,IMG_2983.JPG,HFW12-F7_2016_201603251248_IMG_2983.jpg,0.8600754141807556,772.3685302734375,205.4619140625,432.160400390625,846.0413818359375,2048,1536,432,846
HFW12-F7,2016,201603251248,HC,1,/Volumes/Seagate Portable Drive/KYLE_AI_DATABASE/A_CAMERA/Focal_species/Gulo gulo/HFW12-F7/HC/2016/COLOR/Robust marks/03.25-12.48/IMG_2984.JPG,IMG_2984.JPG,HFW12-F7_2016_201603251248_IMG_2984.jpg,0.8310065269470215,743.0160522460938,244.51341247558594,417.86920166015625,812.611328125,2048,1536,417,812
HFW12-F7,2016,201603251248,HC,1,/Volumes/Seagate Portable Drive/KYLE_AI_DATABASE/A_CAMERA/Focal_species/Gulo gulo/HFW12-F7/HC/2016/COLOR/Robust marks/03.25-12.48/IMG_2985.JPG,IMG_2985.JPG,HFW12-F7_2016_201603251248_IMG_2985.jpg,0.8696363568305969,747.423828125,311.7132873535156,407.8677978515625,751.7425537109375,2048,1536,407,751
HFW12-F7,2016,201603251248,HC,1,/Volumes/Seagate Portable Drive/KYLE_AI_DATABASE/A_CAMERA/Focal_species/Gulo gulo/HFW12-F7/HC/2016/COLOR/Robust marks/03.25-12.48/IMG_2986.JPG,IMG_2986.JPG,HFW12-F7_2016_201603251248_IMG_2986.jpg,0.8946383595466614,770.2109985351562,256.95770263671875,389.51446533203125,830.8013305664062,2048,1536,389,830
HFW12-F7,2016,201603251248,HC,1,/Volumes/Seagate Portable Drive/KYLE_AI_DATABASE/A_CAMERA/Focal_species/Gulo gulo/HFW12-F7/HC/2016/COLOR/Robust marks/03.25-12.48/IMG_2987.JPG,IMG_2987.JPG,HFW12-F7_2016_201603251248_IMG_2987.jpg,0.840537428855896,778.6710205078125,320.3303527832031,375.6322021484375,758.504150390625,2048,1536,375,758
HFW12-F7,2016,201603251248,HC,1,/Volumes/Seagate Portable Drive/KYLE_AI_DATABASE/A_CAMERA/Focal_species/Gulo gulo/HFW12-F7/HC/2016/COLOR/Robust marks/03.25-12.48/IMG_2988.JPG,IMG_2988.JPG,HFW12-F7_2016_201603251248_IMG_2988.jpg,0.8693742752075195,770.5856323242188,245.75921630859375,380.41986083984375,795.8684692382812,2048,1536,380,795
HFW12-F7,2016,201603251248,HC,1,/Volumes/Seagate Portable Drive/KYLE_AI_DATABASE/A_CAMERA/Focal_species/Gulo gulo/HFW12-F7/HC/2016/COLOR/Robust marks/03.25-12.48/IMG_2989.JPG,IMG_2989.JPG,HFW12-F7_2016_201603251248_IMG_2989.jpg,0.8810421824455261,768.9407348632812,271.6202392578125,382.95965576171875,819.2227783203125,2048,1536,382,819
HFW12-F7,2016,201603251248,HC,1,/Volumes/Seagate Portable Drive/KYLE_AI_DATABASE/A_CAMERA/Focal_species/Gulo gulo/HFW12-F7/HC/2016/COLOR/Robust marks/03.25-12.48/IMG_2990.JPG,IMG_2990.JPG,HFW12-F7_2016_201603251248_IMG_2990.jpg,0.8801106214523315,760.1467895507812,304.27911376953125,396.70855712890625,752.2037963867188,2048,1536,396,752
HFW12-F7,2016,201603251248,HC,1,/Volumes/Seagate Portable Drive/KYLE_AI_DATABASE/A_CAMERA/Focal_species/Gulo gulo/HFW12-F7/HC/2016/COLOR/Robust marks/03.25-12.48/IMG_2991.JPG,IMG_2991.JPG,HFW12-F7_2016_201603251248_IMG_2991.jpg,0.90317702293396,785.8334350585938,326.43865966796875,369.97064208984375,737.2820434570312,2048,1536,369,737
HFW12-F7,2016,201603251248,HC,1,/Volumes/Seagate Portable Drive/KYLE_AI_DATABASE/A_CAMERA/Focal_species/Gulo gulo/HFW12-F7/HC/2016/COLOR/Robust marks/03.25-12.48/IMG_2992.JPG,IMG_2992.JPG,HFW12-F7_2016_201603251248_IMG_2992.jpg,0.8697509765625,779.6981201171875,327.2345275878906,376.489990234375,738.212646484375,2048,1536,376,738
HFW12-F7,2016,201603251248,HC,1,/Volumes/Seagate Portable Drive/KYLE_AI_DATABASE/A_CAMERA/Focal_species/Gulo gulo/HFW12-F7/HC/2016/COLOR/Robust marks/03.25-12.48/IMG_2993.JPG,IMG_2993.JPG,HFW12-F7_2016_201603251248_IMG_2993.jpg,0.8434291481971741,786.2156982421875,314.1107177734375,369.365966796875,739.5889892578125,2048,1536,369,739
HFW12-F7,2016,201603251248,HC,1,/Volumes/Seagate Portable Drive/KYLE_AI_DATABASE/A_CAMERA/Focal_species/Gulo gulo/HFW12-F7/HC/2016/COLOR/Robust marks/03.25-12.48/IMG_2994.JPG,IMG_2994.JPG,HFW12-F7_2016_201603251248_IMG_2994.jpg,0.8705292344093323,756.9920043945312,219.13925170898438,400.45001220703125,867.7830810546875,2048,1536,400,867
HFW12-F7,2016,201603251248,HC,1,/Volumes/Seagate Portable Drive/KYLE_AI_DATABASE/A_CAMERA/Focal_species/Gulo gulo/HFW12-F7/HC/2016/COLOR/Robust marks/03.25-12.48/IMG_2996.JPG,IMG_2996.JPG,HFW12-F7_2016_201603251248_IMG_2996.jpg,0.8869814276695251,766.8143310546875,214.64089965820312,388.01220703125,834.4285888671875,2048,1536,388,834
HFW12-F7,2016,201603251248,HC,1,/Volumes/Seagate Portable Drive/KYLE_AI_DATABASE/A_CAMERA/Focal_species/Gulo gulo/HFW12-F7/HC/2016/COLOR/Robust marks/03.25-12.48/IMG_2997.JPG,IMG_2997.JPG,HFW12-F7_2016_201603251248_IMG_2997.jpg,0.9279947876930237,753.1597900390625,206.92922973632812,402.01318359375,856.469970703125,2048,1536,402,856
HFW12-F7,2016,201603251248,HC,1,/Volumes/Seagate Portable Drive/KYLE_AI_DATABASE/A_CAMERA/Focal_species/Gulo gulo/HFW12-F7/HC/2016/COLOR/Robust marks/03.25-12.48/IMG_2998.JPG,IMG_2998.JPG,HFW12-F7_2016_201603251248_IMG_2998.jpg,0.8915954828262329,772.3737182617188,325.90545654296875,385.91851806640625,777.8745727539062,2048,1536,385,777
HFW12-F7,2016,201603251248,HC,1,/Volumes/Seagate Portable Drive/KYLE_AI_DATABASE/A_CAMERA/Focal_species/Gulo gulo/HFW12-F7/HC/2016/COLOR/Robust marks/03.25-12.48/IMG_2999.JPG,IMG_2999.JPG,HFW12-F7_2016_201603251248_IMG_2999.jpg,0.8841739892959595,781.8704223632812,293.86517333984375,369.74859619140625,729.4680786132812,2048,1536,369,729
HFW12-F7,2016,201603251248,HC,1,/Volumes/Seagate Portable Drive/KYLE_AI_DATABASE/A_CAMERA/Focal_species/Gulo gulo/HFW12-F7/HC/2016/COLOR/Robust marks/03.25-12.48/IMG_3000.JPG,IMG_3000.JPG,HFW12-F7_2016_201603251248_IMG_3000.jpg,0.8393348455429077,779.846923828125,250.39471435546875,377.1478271484375,857.1132202148438,2048,1536,377,857
HFW12-F7,2016,201603251248,HC,1,/Volumes/Seagate Portable Drive/KYLE_AI_DATABASE/A_CAMERA/Focal_species/Gulo gulo/HFW12-F7/HC/2016/COLOR/Robust marks/03.25-12.48/IMG_3001.JPG,IMG_3001.JPG,HFW12-F7_2016_201603251248_IMG_3001.jpg,0.8751031160354614,749.1683349609375,317.874267578125,403.483154296875,788.36181640625,2048,1536,403,788
HFW12-F7,2016,201603251248,HC,1,/Volumes/Seagate Portable Drive/KYLE_AI_DATABASE/A_CAMERA/Focal_species/Gulo gulo/HFW12-F7/HC/2016/COLOR/Robust marks/03.25-12.48/IMG_3002.JPG,IMG_3002.JPG,HFW12-F7_2016_201603251248_IMG_3002.jpg,0.8310359120368958,772.9412231445312,312.0130920410156,381.35589599609375,787.7076416015625,2048,1536,381,787
HFW12-F7,2016,201603251248,HC,1,/Volumes/Seagate Portable Drive/KYLE_AI_DATABASE/A_CAMERA/Focal_species/Gulo gulo/HFW12-F7/HC/2016/COLOR/Robust marks/03.25-12.48/IMG_3003.JPG,IMG_3003.JPG,HFW12-F7_2016_201603251248_IMG_3003.jpg,0.8962250351905823,785.7659912109375,313.00933837890625,365.408203125,793.9811401367188,2048,1536,365,793
HFW12-F7,2016,201603251248,HC,1,/Volumes/Seagate Portable Drive/KYLE_AI_DATABASE/A_CAMERA/Focal_species/Gulo gulo/HFW12-F7/HC/2016/COLOR/Robust marks/03.25-12.48/IMG_3004.JPG,IMG_3004.JPG,HFW12-F7_2016_201603251248_IMG_3004.jpg,0.9025192856788635,773.4071044921875,317.06201171875,380.3089599609375,790.0087890625,2048,1536,380,790
HFW12-F7,2016,201603251248,HC,1,/Volumes/Seagate Portable Drive/KYLE_AI_DATABASE/A_CAMERA/Focal_species/Gulo gulo/HFW12-F7/HC/2016/COLOR/Robust marks/03.25-12.48/IMG_3005.JPG,IMG_3005.JPG,HFW12-F7_2016_201603251248_IMG_3005.jpg,0.9026463031768799,757.8763427734375,323.3694763183594,399.9517822265625,856.8006591796875,2048,1536,399,856
HFW12-F7,2016,201603251248,HC,1,/Volumes/Seagate Portable Drive/KYLE_AI_DATABASE/A_CAMERA/Focal_species/Gulo gulo/HFW12-F7/HC/2016/COLOR/Robust marks/03.25-12.48/IMG_3006.JPG,IMG_3006.JPG,HFW12-F7_2016_201603251248_IMG_3006.jpg,0.9188599586486816,757.5448608398438,325.9023742675781,403.72003173828125,856.8489990234375,2048,1536,403,856
HFW12-F7,2016,201603251248,HC,1,/Volumes/Seagate Portable Drive/KYLE_AI_DATABASE/A_CAMERA/Focal_species/Gulo gulo/HFW12-F7/HC/2016/COLOR/Robust marks/03.25-12.48/IMG_3007.JPG,IMG_3007.JPG,HFW12-F7_2016_201603251248_IMG_3007.jpg,0.9089130163192749,758.7483520507812,322.1436767578125,401.55963134765625,866.7850341796875,2048,1536,401,866
HFW12-F7,2016,201603251248,HC,1,/Volumes/Seagate Portable Drive/KYLE_AI_DATABASE/A_CAMERA/Focal_species/Gulo gulo/HFW12-F7/HC/2016/COLOR/Robust marks/03.25-12.48/IMG_3008.JPG,IMG_3008.JPG,HFW12-F7_2016_201603251248_IMG_3008.jpg,0.9238162636756897,766.2262573242188,319.74652099609375,390.10186767578125,858.9351196289062,2048,1536,390,858
HFW12-F7,2016,201603251248,HC,1,/Volumes/Seagate Portable Drive/KYLE_AI_DATABASE/A_CAMERA/Focal_species/Gulo gulo/HFW12-F7/HC/2016/COLOR/Robust marks/03.25-12.48/IMG_3009.JPG,IMG_3009.JPG,HFW12-F7_2016_201603251248_IMG_3009.jpg,0.9024541974067688,785.2042236328125,325.4693298339844,366.447265625,780.2158203125,2048,1536,366,780
HFW12-F7,2016,201603251248,HC,1,/Volumes/Seagate Portable Drive/KYLE_AI_DATABASE/A_CAMERA/Focal_species/Gulo gulo/HFW12-F7/HC/2016/COLOR/Robust marks/03.25-12.48/IMG_3010.JPG,IMG_3010.JPG,HFW12-F7_2016_201603251248_IMG_3010.jpg,0.9033876061439514,739.769287109375,325.3990173339844,413.65087890625,776.631591796875,2048,1536,413,776
HFW12-F7,2016,201603251248,HC,1,/Volumes/Seagate Portable Drive/KYLE_AI_DATABASE/A_CAMERA/Focal_species/Gulo gulo/HFW12-F7/HC/2016/COLOR/Robust marks/03.25-12.48/IMG_3011.JPG,IMG_3011.JPG,HFW12-F7_2016_201603251248_IMG_3011.jpg,0.8855651617050171,742.8475341796875,273.61639404296875,402.793701171875,802.1685180664062,2048,1536,402,802
HFW12-F7,2016,201603251248,HC,1,/Volumes/Seagate Portable Drive/KYLE_AI_DATABASE/A_CAMERA/Focal_species/Gulo gulo/HFW12-F7/HC/2016/COLOR/Robust marks/03.25-12.48/IMG_3012.JPG,IMG_3012.JPG,HFW12-F7_2016_201603251248_IMG_3012.jpg,0.8895204067230225,744.8868408203125,271.6558837890625,401.9007568359375,811.5887451171875,2048,1536,401,811
HFW12-F7,2016,201603251248,HC,1,/Volumes/Seagate Portable Drive/KYLE_AI_DATABASE/A_CAMERA/Focal_species/Gulo gulo/HFW12-F7/HC/2016/COLOR/Robust marks/03.25-12.48/IMG_3013.JPG,IMG_3013.JPG,HFW12-F7_2016_201603251248_IMG_3013.jpg,0.8928665518760681,744.0123901367188,246.70999145507812,412.87982177734375,846.7685546875,2048,1536,412,846
HFW12-F7,2016,201603251248,HC,1,/Volumes/Seagate Portable Drive/KYLE_AI_DATABASE/A_CAMERA/Focal_species/Gulo gulo/HFW12-F7/HC/2016/COLOR/Robust marks/03.25-12.48/IMG_3014.JPG,IMG_3014.JPG,HFW12-F7_2016_201603251248_IMG_3014.jpg,0.9118767976760864,750.9429321289062,268.4874267578125,401.86944580078125,835.523193359375,2048,1536,401,835
HFW12-F7,2016,201603251248,HC,1,/Volumes/Seagate Portable Drive/KYLE_AI_DATABASE/A_CAMERA/Focal_species/Gulo gulo/HFW12-F7/HC/2016/COLOR/Robust marks/03.25-12.48/IMG_3015.JPG,IMG_3015.JPG,HFW12-F7_2016_201603251248_IMG_3015.jpg,0.8581441640853882,745.1524047851562,288.2784423828125,407.24822998046875,814.5758056640625,2048,1536,407,814
HFW12-F7,2016,201603251248,HC,1,/Volumes/Seagate Portable Drive/KYLE_AI_DATABASE/A_CAMERA/Focal_species/Gulo gulo/HFW12-F7/HC/2016/COLOR/Robust marks/03.25-12.48/IMG_3016.JPG,IMG_3016.JPG,HFW12-F7_2016_201603251248_IMG_3016.jpg,0.8861227035522461,745.6331787109375,327.533935546875,409.727294921875,775.8966064453125,2048,1536,409,775
HFW12-F7,2016,201603251248,HC,1,/Volumes/Seagate Portable Drive/KYLE_AI_DATABASE/A_CAMERA/Focal_species/Gulo gulo/HFW12-F7/HC/2016/COLOR/Robust marks/03.25-12.48/IMG_3017.JPG,IMG_3017.JPG,HFW12-F7_2016_201603251248_IMG_3017.jpg,0.8776469230651855,755.420654296875,307.68194580078125,403.4935302734375,799.8244018554688,2048,1536,403,799
HFW12-F7,2016,201603251248,HC,1,/Volumes/Seagate Portable Drive/KYLE_AI_DATABASE/A_CAMERA/Focal_species/Gulo gulo/HFW12-F7/HC/2016/COLOR/Robust marks/03.25-12.48/IMG_3018.JPG,IMG_3018.JPG,HFW12-F7_2016_201603251248_IMG_3018.jpg,0.8705635666847229,743.8529052734375,318.68634033203125,414.8280029296875,788.8031616210938,2048,1536,414,788
HFW12-F7,2016,201603251248,HC,1,/Volumes/Seagate Portable Drive/KYLE_AI_DATABASE/A_CAMERA/Focal_species/Gulo gulo/HFW12-F7/HC/2016/COLOR/Robust marks/03.25-12.48/IMG_3019.JPG,IMG_3019.JPG,HFW12-F7_2016_201603251248_IMG_3019.jpg,0.8986139297485352,743.531494140625,276.4609680175781,408.6002197265625,837.622802734375,2048,1536,408,837
HFW12-F7,2016,201603251248,HC,1,/Volumes/Seagate Portable Drive/KYLE_AI_DATABASE/A_CAMERA/Focal_species/Gulo gulo/HFW12-F7/HC/2016/COLOR/Robust marks/03.25-12.48/IMG_3020.JPG,IMG_3020.JPG,HFW12-F7_2016_201603251248_IMG_3020.jpg,0.8951206803321838,745.451416015625,268.90899658203125,396.339111328125,833.5695190429688,2048,1536,396,833
HFW12-F7,2016,201603251248,HC,1,/Volumes/Seagate Portable Drive/KYLE_AI_DATABASE/A_CAMERA/Focal_species/Gulo gulo/HFW12-F7/HC/2016/COLOR/Robust marks/03.25-12.48/IMG_3021.JPG,IMG_3021.JPG,HFW12-F7_2016_201603251248_IMG_3021.jpg,0.8925541043281555,763.9667358398438,274.867431640625,379.21685791015625,829.283935546875,2048,1536,379,829
HFW12-F7,2016,201603251248,HC,1,/Volumes/Seagate Portable Drive/KYLE_AI_DATABASE/A_CAMERA/Focal_species/Gulo gulo/HFW12-F7/HC/2016/COLOR/Robust marks/03.25-12.48/IMG_3022.JPG,IMG_3022.JPG,HFW12-F7_2016_201603251248_IMG_3022.jpg,0.880327045917511,768.8761596679688,257.5880126953125,355.42376708984375,804.9801025390625,2048,1536,355,804
HFW12-F7,2016,201603251248,HC,1,/Volumes/Seagate Portable Drive/KYLE_AI_DATABASE/A_CAMERA/Focal_species/Gulo gulo/HFW12-F7/HC/2016/COLOR/Robust marks/03.25-12.48/IMG_3023.JPG,IMG_3023.JPG,HFW12-F7_2016_201603251248_IMG_3023.jpg,0.8661282658576965,784.2943725585938,262.38189697265625,362.28424072265625,809.0918579101562,2048,1536,362,809
HFW12-F7,2016,201603251248,HC,1,/Volumes/Seagate Portable Drive/KYLE_AI_DATABASE/A_CAMERA/Focal_species/Gulo gulo/HFW12-F7/HC/2016/COLOR/Robust marks/03.25-12.48/IMG_3024.JPG,IMG_3024.JPG,HFW12-F7_2016_201603251248_IMG_3024.jpg,0.8365159034729004,766.47216796875,243.27296447753906,382.88916015625,839.978515625,2048,1536,382,839
HFW12-F7,2016,201603251248,HC,1,/Volumes/Seagate Portable Drive/KYLE_AI_DATABASE/A_CAMERA/Focal_species/Gulo gulo/HFW12-F7/HC/2016/COLOR/Robust marks/03.25-12.48/IMG_3025.JPG,IMG_3025.JPG,HFW12-F7_2016_201603251248_IMG_3025.jpg,0.8140020966529846,760.4443359375,307.3066101074219,384.5577392578125,751.994873046875,2048,1536,384,751
HFW12-F7,2016,201603251248,HC,1,/Volumes/Seagate Portable Drive/KYLE_AI_DATABASE/A_CAMERA/Focal_species/Gulo gulo/HFW12-F7/HC/2016/COLOR/Robust marks/03.25-12.48/IMG_3026.JPG,IMG_3026.JPG,HFW12-F7_2016_201603251248_IMG_3026.jpg,0.8993402719497681,736.3888549804688,254.2793426513672,408.23175048828125,809.3612670898438,2048,1536,408,809
HFW12-F7,2016,201603251248,HC,1,/Volumes/Seagate Portable Drive/KYLE_AI_DATABASE/A_CAMERA/Focal_species/Gulo gulo/HFW12-F7/HC/2016/COLOR/Robust marks/03.25-12.48/IMG_3027.JPG,IMG_3027.JPG,HFW12-F7_2016_201603251248_IMG_3027.jpg,0.8977033495903015,749.9853515625,277.72271728515625,396.686279296875,822.6569213867188,2048,1536,396,822
HFW12-F7,2016,201603251248,HC,1,/Volumes/Seagate Portable Drive/KYLE_AI_DATABASE/A_CAMERA/Focal_species/Gulo gulo/HFW12-F7/HC/2016/COLOR/Robust marks/03.25-12.48/IMG_3029.JPG,IMG_3029.JPG,HFW12-F7_2016_201603251248_IMG_3029.jpg,0.891085147857666,757.4214477539062,267.2813720703125,388.48175048828125,826.7236328125,2048,1536,388,826
HFW12-F7,2016,201603251248,HC,1,/Volumes/Seagate Portable Drive/KYLE_AI_DATABASE/A_CAMERA/Focal_species/Gulo gulo/HFW12-F7/HC/2016/COLOR/Robust marks/03.25-12.48/IMG_3030.JPG,IMG_3030.JPG,HFW12-F7_2016_201603251248_IMG_3030.jpg,0.8682811856269836,757.19091796875,310.8040466308594,385.5810546875,777.0611572265625,2048,1536,385,777
HFW12-F7,2016,201603251248,HC,1,/Volumes/Seagate Portable Drive/KYLE_AI_DATABASE/A_CAMERA/Focal_species/Gulo gulo/HFW12-F7/HC/2016/COLOR/Robust marks/03.25-12.48/IMG_3031.JPG,IMG_3031.JPG,HFW12-F7_2016_201603251248_IMG_3031.jpg,0.8955669403076172,777.5435180664062,302.767822265625,363.20111083984375,793.899658203125,2048,1536,363,793
HFW12-F7,2016,201603251248,HC,1,/Volumes/Seagate Portable Drive/KYLE_AI_DATABASE/A_CAMERA/Focal_species/Gulo gulo/HFW12-F7/HC/2016/COLOR/Robust marks/03.25-12.48/IMG_3032.JPG,IMG_3032.JPG,HFW12-F7_2016_201603251248_IMG_3032.jpg,0.8884614706039429,769.6644897460938,263.4090576171875,372.67999267578125,839.4703369140625,2048,1536,372,839
HFW12-F7,2016,201603251248,HC,1,/Volumes/Seagate Portable Drive/KYLE_AI_DATABASE/A_CAMERA/Focal_species/Gulo gulo/HFW12-F7/HC/2016/COLOR/Robust marks/03.25-12.48/IMG_3033.JPG,IMG_3033.JPG,HFW12-F7_2016_201603251248_IMG_3033.jpg,0.8846146464347839,777.8035278320312,312.92510986328125,374.18719482421875,790.5360717773438,2048,1536,374,790
HFW12-F7,2016,201603251248,HC,1,/Volumes/Seagate Portable Drive/KYLE_AI_DATABASE/A_CAMERA/Focal_species/Gulo gulo/HFW12-F7/HC/2016/COLOR/Robust marks/03.25-12.48/IMG_3034.JPG,IMG_3034.JPG,HFW12-F7_2016_201603251248_IMG_3034.jpg,0.8659144043922424,777.8736572265625,306.0557861328125,377.037109375,784.6536865234375,2048,1536,377,784
HFW12-F7,2016,201603251248,HC,1,/Volumes/Seagate Portable Drive/KYLE_AI_DATABASE/A_CAMERA/Focal_species/Gulo gulo/HFW12-F7/HC/2016/COLOR/Robust marks/03.25-12.48/IMG_3035.JPG,IMG_3035.JPG,HFW12-F7_2016_201603251248_IMG_3035.jpg,0.8640337586402893,793.5866088867188,318.23931884765625,357.53179931640625,788.8080444335938,2048,1536,357,788
HFW12-F7,2016,201603251248,HC,1,/Volumes/Seagate Portable Drive/KYLE_AI_DATABASE/A_CAMERA/Focal_species/Gulo gulo/HFW12-F7/HC/2016/COLOR/Robust marks/03.25-12.48/IMG_3036.JPG,IMG_3036.JPG,HFW12-F7_2016_201603251248_IMG_3036.jpg,0.8345770835876465,759.1112060546875,297.42095947265625,424.644775390625,802.8202514648438,2048,1536,424,802
HFW12-F7,2016,201603251248,HC,1,/Volumes/Seagate Portable Drive/KYLE_AI_DATABASE/A_CAMERA/Focal_species/Gulo gulo/HFW12-F7/HC/2016/COLOR/Robust marks/03.25-12.48/IMG_3037.JPG,IMG_3037.JPG,HFW12-F7_2016_201603251248_IMG_3037.jpg,0.9040061831474304,761.4410400390625,229.1444549560547,396.4622802734375,907.5200805664062,2048,1536,396,907
HFW12-F7,2016,201603251248,HC,1,/Volumes/Seagate Portable Drive/KYLE_AI_DATABASE/A_CAMERA/Focal_species/Gulo gulo/HFW12-F7/HC/2016/COLOR/Robust marks/03.25-12.48/IMG_3038.JPG,IMG_3038.JPG,HFW12-F7_2016_201603251248_IMG_3038.jpg,0.8683054447174072,743.4781494140625,338.1158447265625,477.7318115234375,754.1314697265625,2048,1536,477,754
HFW12-F7,2016,201603251248,HC,1,/Volumes/Seagate Portable Drive/KYLE_AI_DATABASE/A_CAMERA/Focal_species/Gulo gulo/HFW12-F7/HC/2016/COLOR/Robust marks/03.25-12.48/IMG_3039.JPG,IMG_3039.JPG,HFW12-F7_2016_201603251248_IMG_3039.jpg,0.8810200095176697,746.923828125,329.9455261230469,480.8790283203125,690.362548828125,2048,1536,480,690
HFW12-F7,2016,201603251248,HC,1,/Volumes/Seagate Portable Drive/KYLE_AI_DATABASE/A_CAMERA/Focal_species/Gulo gulo/HFW12-F7/HC/2016/COLOR/Robust marks/03.25-12.48/IMG_3040.JPG,IMG_3040.JPG,HFW12-F7_2016_201603251248_IMG_3040.jpg,0.8904441595077515,740.2808837890625,324.6038818359375,483.4407958984375,832.0440673828125,2048,1536,483,832
HFW12-F7,2016,201603251248,HC,1,/Volumes/Seagate Portable Drive/KYLE_AI_DATABASE/A_CAMERA/Focal_species/Gulo gulo/HFW12-F7/HC/2016/COLOR/Robust marks/03.25-12.48/IMG_3041.JPG,IMG_3041.JPG,HFW12-F7_2016_201603251248_IMG_3041.jpg,0.8939244747161865,746.68212890625,325.40594482421875,475.2554931640625,772.3264770507812,2048,1536,475,772
HFW12-F7,2016,201603251248,HC,1,/Volumes/Seagate Portable Drive/KYLE_AI_DATABASE/A_CAMERA/Focal_species/Gulo gulo/HFW12-F7/HC/2016/COLOR/Robust marks/03.25-12.48/IMG_3042.JPG,IMG_3042.JPG,HFW12-F7_2016_201603251248_IMG_3042.jpg,0.9031572937965393,783.3178100585938,336.8789978027344,375.12432861328125,705.9576416015625,2048,1536,375,705
HFW12-F7,2016,201603251248,HC,1,/Volumes/Seagate Portable Drive/KYLE_AI_DATABASE/A_CAMERA/Focal_species/Gulo gulo/HFW12-F7/HC/2016/COLOR/Robust marks/03.25-12.48/IMG_3043.JPG,IMG_3043.JPG,HFW12-F7_2016_201603251248_IMG_3043.jpg,0.8406567573547363,734.8741455078125,338.580078125,431.7105712890625,695.1317138671875,2048,1536,431,695
HFW12-F7,2016,201603251248,HC,1,/Volumes/Seagate Portable Drive/KYLE_AI_DATABASE/A_CAMERA/Focal_species/Gulo gulo/HFW12-F7/HC/2016/COLOR/Robust marks/03.25-12.48/IMG_3044.JPG,IMG_3044.JPG,HFW12-F7_2016_201603251248_IMG_3044.jpg,0.9098314046859741,744.9317016601562,199.99722290039062,413.19635009765625,861.205322265625,2048,1536,413,861
HFW12-F7,2016,201603251248,HC,1,/Volumes/Seagate Portable Drive/KYLE_AI_DATABASE/A_CAMERA/Focal_species/Gulo gulo/HFW12-F7/HC/2016/COLOR/Robust marks/03.25-12.48/IMG_3046.JPG,IMG_3046.JPG,HFW12-F7_2016_201603251248_IMG_3046.jpg,0.9159032702445984,757.327880859375,213.7477569580078,398.81640625,888.7544555664062,2048,1536,398,888
HFW12-F7,2016,201603251248,HC,1,/Volumes/Seagate Portable Drive/KYLE_AI_DATABASE/A_CAMERA/Focal_species/Gulo gulo/HFW12-F7/HC/2016/COLOR/Robust marks/03.25-12.48/IMG_3047.JPG,IMG_3047.JPG,HFW12-F7_2016_201603251248_IMG_3047.jpg,0.921501636505127,751.7803344726562,199.00872802734375,404.91302490234375,845.9363403320312,2048,1536,404,845
HFW12-F7,2016,201603251248,HC,1,/Volumes/Seagate Portable Drive/KYLE_AI_DATABASE/A_CAMERA/Focal_species/Gulo gulo/HFW12-F7/HC/2016/COLOR/Robust marks/03.25-12.48/IMG_3049.JPG,IMG_3049.JPG,HFW12-F7_2016_201603251248_IMG_3049.jpg,0.9234431982040405,751.7736206054688,211.76348876953125,404.36285400390625,844.7842407226562,2048,1536,404,844
HFW12-F7,2016,201603251248,HC,1,/Volumes/Seagate Portable Drive/KYLE_AI_DATABASE/A_CAMERA/Focal_species/Gulo gulo/HFW12-F7/HC/2016/COLOR/Robust marks/03.25-12.48/IMG_3050.JPG,IMG_3050.JPG,HFW12-F7_2016_201603251248_IMG_3050.jpg,0.9227892160415649,753.166748046875,227.861572265625,403.69580078125,815.380859375,2048,1536,403,815
HFW12-F7,2016,201603251248,HC,1,/Volumes/Seagate Portable Drive/KYLE_AI_DATABASE/A_CAMERA/Focal_species/Gulo gulo/HFW12-F7/HC/2016/COLOR/Robust marks/03.25-12.48/IMG_3051.JPG,IMG_3051.JPG,HFW12-F7_2016_201603251248_IMG_3051.jpg,0.8954347968101501,741.43798828125,230.19786071777344,416.4658203125,863.1072998046875,2048,1536,416,863
HFW12-F7,2016,201603251248,HC,1,/Volumes/Seagate Portable Drive/KYLE_AI_DATABASE/A_CAMERA/Focal_species/Gulo gulo/HFW12-F7/HC/2016/COLOR/Robust marks/03.25-12.48/IMG_3052.JPG,IMG_3052.JPG,HFW12-F7_2016_201603251248_IMG_3052.jpg,0.8702690601348877,751.9296264648438,258.44952392578125,405.96990966796875,808.6812133789062,2048,1536,405,808
HFW12-F7,2016,201603251248,HC,1,/Volumes/Seagate Portable Drive/KYLE_AI_DATABASE/A_CAMERA/Focal_species/Gulo gulo/HFW12-F7/HC/2016/COLOR/Robust marks/03.25-12.48/IMG_3053.JPG,IMG_3053.JPG,HFW12-F7_2016_201603251248_IMG_3053.jpg,0.8844083547592163,740.6947021484375,322.5943603515625,500.3623046875,723.2982177734375,2048,1536,500,723
HFW12-F7,2016,201603251248,HC,1,/Volumes/Seagate Portable Drive/KYLE_AI_DATABASE/A_CAMERA/Focal_species/Gulo gulo/HFW12-F7/HC/2016/COLOR/Robust marks/03.25-12.48/IMG_3054.JPG,IMG_3054.JPG,HFW12-F7_2016_201603251248_IMG_3054.jpg,0.9011766910552979,793.3382568359375,294.4382629394531,362.3726806640625,798.7119140625,2048,1536,362,798
HFW12-F7,2016,201603251248,HC,1,/Volumes/Seagate Portable Drive/KYLE_AI_DATABASE/A_CAMERA/Focal_species/Gulo gulo/HFW12-F7/HC/2016/COLOR/Robust marks/03.25-12.48/IMG_3055.JPG,IMG_3055.JPG,HFW12-F7_2016_201603251248_IMG_3055.jpg,0.8368368148803711,781.1245727539062,367.876220703125,377.47772216796875,707.6947021484375,2048,1536,377,707
HFW12-F7,2016,201603251248,HC,1,/Volumes/Seagate Portable Drive/KYLE_AI_DATABASE/A_CAMERA/Focal_species/Gulo gulo/HFW12-F7/HC/2016/COLOR/Robust marks/03.25-12.48/IMG_3056.JPG,IMG_3056.JPG,HFW12-F7_2016_201603251248_IMG_3056.jpg,0.9198553562164307,740.2616577148438,258.6435241699219,410.85955810546875,820.85693359375,2048,1536,410,820
HFW12-F7,2016,201603251248,HC,1,/Volumes/Seagate Portable Drive/KYLE_AI_DATABASE/A_CAMERA/Focal_species/Gulo gulo/HFW12-F7/HC/2016/COLOR/Robust marks/03.25-12.48/IMG_3057.JPG,IMG_3057.JPG,HFW12-F7_2016_201603251248_IMG_3057.jpg,0.9299366474151611,743.4776611328125,266.17144775390625,407.0289306640625,795.1867065429688,2048,1536,407,795
HFW12-F7,2016,201603251248,HC,1,/Volumes/Seagate Portable Drive/KYLE_AI_DATABASE/A_CAMERA/Focal_species/Gulo gulo/HFW12-F7/HC/2016/COLOR/Robust marks/03.25-12.48/IMG_3058.JPG,IMG_3058.JPG,HFW12-F7_2016_201603251248_IMG_3058.jpg,0.9072341322898865,758.490234375,263.48822021484375,391.1026611328125,807.2647094726562,2048,1536,391,807
HFW12-F7,2016,201603251248,HC,1,/Volumes/Seagate Portable Drive/KYLE_AI_DATABASE/A_CAMERA/Focal_species/Gulo gulo/HFW12-F7/HC/2016/COLOR/Robust marks/03.25-12.48/IMG_3059.JPG,IMG_3059.JPG,HFW12-F7_2016_201603251248_IMG_3059.jpg,0.9087380170822144,744.680419921875,265.0707092285156,403.7635498046875,803.1407470703125,2048,1536,403,803
HFW12-F7,2016,201603251248,HC,1,/Volumes/Seagate Portable Drive/KYLE_AI_DATABASE/A_CAMERA/Focal_species/Gulo gulo/HFW12-F7/HC/2016/COLOR/Robust marks/03.25-12.48/IMG_3060.JPG,IMG_3060.JPG,HFW12-F7_2016_201603251248_IMG_3060.jpg,0.9144777655601501,747.3057861328125,272.36627197265625,401.0257568359375,827.5451049804688,2048,1536,401,827
HFW12-F7,2016,201603251248,HC,1,/Volumes/Seagate Portable Drive/KYLE_AI_DATABASE/A_CAMERA/Focal_species/Gulo gulo/HFW12-F7/HC/2016/COLOR/Robust marks/03.25-12.48/IMG_3061.JPG,IMG_3061.JPG,HFW12-F7_2016_201603251248_IMG_3061.jpg,0.9085398316383362,756.667236328125,278.09039306640625,391.537109375,809.4166870117188,2048,1536,391,809
HFW12-F7,2016,201603251248,HC,1,/Volumes/Seagate Portable Drive/KYLE_AI_DATABASE/A_CAMERA/Focal_species/Gulo gulo/HFW12-F7/HC/2016/COLOR/Robust marks/03.25-12.48/IMG_3062.JPG,IMG_3062.JPG,HFW12-F7_2016_201603251248_IMG_3062.jpg,0.9129064679145813,752.411376953125,289.2410888671875,396.59423828125,810.63330078125,2048,1536,396,810
HFW12-F7,2016,201603251248,HC,1,/Volumes/Seagate Portable Drive/KYLE_AI_DATABASE/A_CAMERA/Focal_species/Gulo gulo/HFW12-F7/HC/2016/COLOR/Robust marks/03.25-12.48/IMG_3063.JPG,IMG_3063.JPG,HFW12-F7_2016_201603251248_IMG_3063.jpg,0.9089243412017822,750.8204345703125,285.436767578125,396.344970703125,812.385498046875,2048,1536,396,812
HFW12-F7,2016,201603251248,HC,1,/Volumes/Seagate Portable Drive/KYLE_AI_DATABASE/A_CAMERA/Focal_species/Gulo gulo/HFW12-F7/HC/2016/COLOR/Robust marks/03.25-12.48/IMG_3064.JPG,IMG_3064.JPG,HFW12-F7_2016_201603251248_IMG_3064.jpg,0.9174779057502747,748.0389404296875,312.9432678222656,404.08251953125,786.107421875,2048,1536,404,786
HFW12-F7,2016,201603251248,HC,1,/Volumes/Seagate Portable Drive/KYLE_AI_DATABASE/A_CAMERA/Focal_species/Gulo gulo/HFW12-F7/HC/2016/COLOR/Robust marks/03.25-12.48/IMG_3065.JPG,IMG_3065.JPG,HFW12-F7_2016_201603251248_IMG_3065.jpg,0.85311359167099,760.5213623046875,270.97943115234375,398.94775390625,796.5313110351562,2048,1536,398,796
HFW12-F7,2016,201603251248,HC,1,/Volumes/Seagate Portable Drive/KYLE_AI_DATABASE/A_CAMERA/Focal_species/Gulo gulo/HFW12-F7/HC/2016/COLOR/Robust marks/03.25-12.48/IMG_3066.JPG,IMG_3066.JPG,HFW12-F7_2016_201603251248_IMG_3066.jpg,0.8990278840065002,760.2128295898438,329.9881896972656,394.09576416015625,747.6363525390625,2048,1536,394,747
HFW12-F7,2016,201603251248,HC,1,/Volumes/Seagate Portable Drive/KYLE_AI_DATABASE/A_CAMERA/Focal_species/Gulo gulo/HFW12-F7/HC/2016/COLOR/Robust marks/03.25-12.48/IMG_3067.JPG,IMG_3067.JPG,HFW12-F7_2016_201603251248_IMG_3067.jpg,0.8684163093566895,760.1832885742188,320.0642395019531,392.53424072265625,765.9171142578125,2048,1536,392,765
HFW12-F7,2016,201603251248,HC,1,/Volumes/Seagate Portable Drive/KYLE_AI_DATABASE/A_CAMERA/Focal_species/Gulo gulo/HFW12-F7/HC/2016/COLOR/Robust marks/03.25-12.48/IMG_3068.JPG,IMG_3068.JPG,HFW12-F7_2016_201603251248_IMG_3068.jpg,0.9309013485908508,732.2476806640625,243.6259002685547,422.5372314453125,867.3213500976562,2048,1536,422,867
HFW12-F7,2016,201603251248,HC,1,/Volumes/Seagate Portable Drive/KYLE_AI_DATABASE/A_CAMERA/Focal_species/Gulo gulo/HFW12-F7/HC/2016/COLOR/Robust marks/03.25-12.48/IMG_3069.JPG,IMG_3069.JPG,HFW12-F7_2016_201603251248_IMG_3069.jpg,0.8951743245124817,930.26904296875,290.160888671875,359.651611328125,781.805419921875,2048,1536,359,781
HFW12-F7,2016,201603251248,HC,1,/Volumes/Seagate Portable Drive/KYLE_AI_DATABASE/A_CAMERA/Focal_species/Gulo gulo/HFW12-F7/HC/2016/COLOR/Robust marks/03.25-12.48/IMG_3070.JPG,IMG_3070.JPG,HFW12-F7_2016_201603251248_IMG_3070.jpg,0.8604730367660522,957.6028442382812,324.7235412597656,378.21185302734375,719.9014892578125,2048,1536,378,719
HFW12-F7,2016,201603251248,HC,1,/Volumes/Seagate Portable Drive/KYLE_AI_DATABASE/A_CAMERA/Focal_species/Gulo gulo/HFW12-F7/HC/2016/COLOR/Robust marks/03.25-12.48/IMG_3071.JPG,IMG_3071.JPG,HFW12-F7_2016_201603251248_IMG_3071.jpg,0.8914526700973511,951.670654296875,286.64495849609375,386.69091796875,788.6979370117188,2048,1536,386,788
HFW12-F7,2016,201603251248,HC,1,/Volumes/Seagate Portable Drive/KYLE_AI_DATABASE/A_CAMERA/Focal_species/Gulo gulo/HFW12-F7/HC/2016/COLOR/Robust marks/03.25-12.48/IMG_3072.JPG,IMG_3072.JPG,HFW12-F7_2016_201603251248_IMG_3072.jpg,0.8958420157432556,953.1502685546875,311.4920654296875,383.66015625,757.6407470703125,2048,1536,383,757
HFW12-F7,2016,201603251248,HC,1,/Volumes/Seagate Portable Drive/KYLE_AI_DATABASE/A_CAMERA/Focal_species/Gulo gulo/HFW12-F7/HC/2016/COLOR/Robust marks/03.25-12.48/IMG_3073.JPG,IMG_3073.JPG,HFW12-F7_2016_201603251248_IMG_3073.jpg,0.9048147201538086,949.9073486328125,304.34014892578125,382.492431640625,763.2283325195312,2048,1536,382,763
HFW12-F7,2016,201603251248,HC,1,/Volumes/Seagate Portable Drive/KYLE_AI_DATABASE/A_CAMERA/Focal_species/Gulo gulo/HFW12-F7/HC/2016/COLOR/Robust marks/03.25-12.48/IMG_3074.JPG,IMG_3074.JPG,HFW12-F7_2016_201603251248_IMG_3074.jpg,0.902822732925415,954.343994140625,307.275390625,376.05126953125,760.3170166015625,2048,1536,376,760
HFW12-F7,2016,201603251248,HC,1,/Volumes/Seagate Portable Drive/KYLE_AI_DATABASE/A_CAMERA/Focal_species/Gulo gulo/HFW12-F7/HC/2016/COLOR/Robust marks/03.25-12.48/IMG_3075.JPG,IMG_3075.JPG,HFW12-F7_2016_201603251248_IMG_3075.jpg,0.902917742729187,951.8802490234375,327.5507507324219,372.732666015625,709.648681640625,2048,1536,372,709
HFW12-F7,2016,201603251248,HC,1,/Volumes/Seagate Portable Drive/KYLE_AI_DATABASE/A_CAMERA/Focal_species/Gulo gulo/HFW12-F7/HC/2016/COLOR/Robust marks/03.25-12.48/IMG_3076.JPG,IMG_3076.JPG,HFW12-F7_2016_201603251248_IMG_3076.jpg,0.8724863529205322,957.431396484375,314.10223388671875,368.565673828125,710.6992797851562,2048,1536,368,710
HFW12-F7,2016,201603251248,HC,1,/Volumes/Seagate Portable Drive/KYLE_AI_DATABASE/A_CAMERA/Focal_species/Gulo gulo/HFW12-F7/HC/2016/COLOR/Robust marks/03.25-12.48/IMG_3077.JPG,IMG_3077.JPG,HFW12-F7_2016_201603251248_IMG_3077.jpg,0.9072465896606445,975.33056640625,303.55181884765625,374.10205078125,763.3019409179688,2048,1536,374,763
HFW12-F7,2016,201603251248,HC,1,/Volumes/Seagate Portable Drive/KYLE_AI_DATABASE/A_CAMERA/Focal_species/Gulo gulo/HFW12-F7/HC/2016/COLOR/Robust marks/03.25-12.48/IMG_3078.JPG,IMG_3078.JPG,HFW12-F7_2016_201603251248_IMG_3078.jpg,0.8201602697372437,975.2544555664062,350.66265869140625,381.47357177734375,694.5726928710938,2048,1536,381,694
HFW12-F7,2016,201603251248,HC,1,/Volumes/Seagate Portable Drive/KYLE_AI_DATABASE/A_CAMERA/Focal_species/Gulo gulo/HFW12-F7/HC/2016/COLOR/Robust marks/03.25-12.48/IMG_3079.JPG,IMG_3079.JPG,HFW12-F7_2016_201603251248_IMG_3079.jpg,0.9248592257499695,992.4469604492188,317.3043212890625,392.93072509765625,783.5804443359375,2048,1536,392,783
HFW12-F7,2016,201603251248,HC,1,/Volumes/Seagate Portable Drive/KYLE_AI_DATABASE/A_CAMERA/Focal_species/Gulo gulo/HFW12-F7/HC/2016/COLOR/Robust marks/03.25-12.48/IMG_3080.JPG,IMG_3080.JPG,HFW12-F7_2016_201603251248_IMG_3080.jpg,0.8878868818283081,1000.3033447265625,330.0421142578125,327.8330078125,732.9241943359375,2048,1536,327,732
HFW12-F7,2016,201603251248,HC,1,/Volumes/Seagate Portable Drive/KYLE_AI_DATABASE/A_CAMERA/Focal_species/Gulo gulo/HFW12-F7/HC/2016/COLOR/Robust marks/03.25-12.48/IMG_3081.JPG,IMG_3081.JPG,HFW12-F7_2016_201603251248_IMG_3081.jpg,0.9171594381332397,980.747802734375,306.3194580078125,348.751220703125,765.126953125,2048,1536,348,765
HFW12-F7,2016,201603251248,HC,1,/Volumes/Seagate Portable Drive/KYLE_AI_DATABASE/A_CAMERA/Focal_species/Gulo gulo/HFW12-F7/HC/2016/COLOR/Robust marks/03.25-12.48/IMG_3082.JPG,IMG_3082.JPG,HFW12-F7_2016_201603251248_IMG_3082.jpg,0.8819858431816101,977.6488037109375,328.70892333984375,326.328125,813.5781860351562,2048,1536,326,813
HFW12-F7,2016,201603251248,HC,1,/Volumes/Seagate Portable Drive/KYLE_AI_DATABASE/A_CAMERA/Focal_species/Gulo gulo/HFW12-F7/HC/2016/COLOR/Robust marks/03.25-12.48/IMG_3083.JPG,IMG_3083.JPG,HFW12-F7_2016_201603251248_IMG_3083.jpg,0.8404236435890198,991.9697875976562,345.5952453613281,326.56719970703125,711.10009765625,2048,1536,326,711
HFW12-F7,2016,201603251248,HC,1,/Volumes/Seagate Portable Drive/KYLE_AI_DATABASE/A_CAMERA/Focal_species/Gulo gulo/HFW12-F7/HC/2016/COLOR/Robust marks/03.25-12.48/IMG_3084.JPG,IMG_3084.JPG,HFW12-F7_2016_201603251248_IMG_3084.jpg,0.8978012800216675,998.7631225585938,343.0377197265625,324.62872314453125,715.748046875,2048,1536,324,715
HFW12-F7,2016,201603251248,HC,1,/Volumes/Seagate Portable Drive/KYLE_AI_DATABASE/A_CAMERA/Focal_species/Gulo gulo/HFW12-F7/HC/2016/COLOR/Robust marks/03.25-12.48/IMG_3085.JPG,IMG_3085.JPG,HFW12-F7_2016_201603251248_IMG_3085.jpg,0.8712702393531799,1010.3848876953125,334.5760498046875,315.36962890625,725.4925537109375,2048,1536,315,725
HFW12-F7,2016,201603251248,HC,1,/Volumes/Seagate Portable Drive/KYLE_AI_DATABASE/A_CAMERA/Focal_species/Gulo gulo/HFW12-F7/HC/2016/COLOR/Robust marks/03.25-12.48/IMG_3086.JPG,IMG_3086.JPG,HFW12-F7_2016_201603251248_IMG_3086.jpg,0.8726704716682434,1009.025390625,344.5673828125,317.26318359375,715.735107421875,2048,1536,317,715
HFW12-F7,2016,201603251248,HC,1,/Volumes/Seagate Portable Drive/KYLE_AI_DATABASE/A_CAMERA/Focal_species/Gulo gulo/HFW12-F7/HC/2016/COLOR/Robust marks/03.25-12.48/IMG_3087.JPG,IMG_3087.JPG,HFW12-F7_2016_201603251248_IMG_3087.jpg,0.9091976284980774,996.5931396484375,356.78912353515625,330.99951171875,709.7998657226562,2048,1536,330,709
HFW12-F7,2016,201603251248,HC,1,/Volumes/Seagate Portable Drive/KYLE_AI_DATABASE/A_CAMERA/Focal_species/Gulo gulo/HFW12-F7/HC/2016/COLOR/Robust marks/03.25-12.48/IMG_3088.JPG,IMG_3088.JPG,HFW12-F7_2016_201603251248_IMG_3088.jpg,0.8911179304122925,965.8273315429688,332.7792663574219,352.24761962890625,724.1591796875,2048,1536,352,724
HFW12-F7,2016,201603251248,HC,1,/Volumes/Seagate Portable Drive/KYLE_AI_DATABASE/A_CAMERA/Focal_species/Gulo gulo/HFW12-F7/HC/2016/COLOR/Robust marks/03.25-12.48/IMG_3089.JPG,IMG_3089.JPG,HFW12-F7_2016_201603251248_IMG_3089.jpg,0.9395731687545776,905.4290771484375,343.05810546875,388.246826171875,683.170166015625,2048,1536,388,683
HFW12-F7,2016,201603251248,HC,1,/Volumes/Seagate Portable Drive/KYLE_AI_DATABASE/A_CAMERA/Focal_species/Gulo gulo/HFW12-F7/HC/2016/COLOR/Robust marks/03.25-12.48/IMG_3090.JPG,IMG_3090.JPG,HFW12-F7_2016_201603251248_IMG_3090.jpg,0.8737875819206238,954.1393432617188,248.45452880859375,359.56915283203125,819.2888793945312,2048,1536,359,819
HFW12-F7,2016,201603251248,HC,1,/Volumes/Seagate Portable Drive/KYLE_AI_DATABASE/A_CAMERA/Focal_species/Gulo gulo/HFW12-F7/HC/2016/COLOR/Robust marks/03.25-12.48/IMG_3091.JPG,IMG_3091.JPG,HFW12-F7_2016_201603251248_IMG_3091.jpg,0.9218570590019226,947.5192260742188,252.37353515625,382.51983642578125,814.9337158203125,2048,1536,382,814
HFW12-F7,2016,201603251248,HC,1,/Volumes/Seagate Portable Drive/KYLE_AI_DATABASE/A_CAMERA/Focal_species/Gulo gulo/HFW12-F7/HC/2016/COLOR/Robust marks/03.25-12.48/IMG_3092.JPG,IMG_3092.JPG,HFW12-F7_2016_201603251248_IMG_3092.jpg,0.8797675967216492,994.8720703125,345.5087890625,329.2470703125,694.086669921875,2048,1536,329,694
HFW12-F7,2016,201603251248,HC,1,/Volumes/Seagate Portable Drive/KYLE_AI_DATABASE/A_CAMERA/Focal_species/Gulo gulo/HFW12-F7/HC/2016/COLOR/Robust marks/03.25-12.48/IMG_3093.JPG,IMG_3093.JPG,HFW12-F7_2016_201603251248_IMG_3093.jpg,0.859659731388092,991.5333251953125,362.2673034667969,327.623779296875,676.606689453125,2048,1536,327,676
HFW12-F7,2016,201603251248,HC,1,/Volumes/Seagate Portable Drive/KYLE_AI_DATABASE/A_CAMERA/Focal_species/Gulo gulo/HFW12-F7/HC/2016/COLOR/Robust marks/03.25-12.48/IMG_3094.JPG,IMG_3094.JPG,HFW12-F7_2016_201603251248_IMG_3094.jpg,0.8571320176124573,982.97900390625,353.2692565917969,336.875,689.881591796875,2048,1536,336,689
HFW12-F7,2016,201603251248,HC,1,/Volumes/Seagate Portable Drive/KYLE_AI_DATABASE/A_CAMERA/Focal_species/Gulo gulo/HFW12-F7/HC/2016/COLOR/Robust marks/03.25-12.48/IMG_3095.JPG,IMG_3095.JPG,HFW12-F7_2016_201603251248_IMG_3095.jpg,0.922167181968689,962.477783203125,362.53155517578125,354.98828125,675.8569946289062,2048,1536,354,675
HFW12-F7,2016,201603251248,HC,1,/Volumes/Seagate Portable Drive/KYLE_AI_DATABASE/A_CAMERA/Focal_species/Gulo gulo/HFW12-F7/HC/2016/COLOR/Robust marks/03.25-12.48/IMG_3096.JPG,IMG_3096.JPG,HFW12-F7_2016_201603251248_IMG_3096.jpg,0.8205568194389343,988.1910400390625,393.5599365234375,337.299072265625,645.8685302734375,2048,1536,337,645
HFW12-F7,2016,201603251248,HC,1,/Volumes/Seagate Portable Drive/KYLE_AI_DATABASE/A_CAMERA/Focal_species/Gulo gulo/HFW12-F7/HC/2016/COLOR/Robust marks/03.25-12.48/IMG_3097.JPG,IMG_3097.JPG,HFW12-F7_2016_201603251248_IMG_3097.jpg,0.9122900366783142,959.0563354492188,355.34576416015625,367.90765380859375,694.8880004882812,2048,1536,367,694
HFW12-F7,2016,201603251248,HC,1,/Volumes/Seagate Portable Drive/KYLE_AI_DATABASE/A_CAMERA/Focal_species/Gulo gulo/HFW12-F7/HC/2016/COLOR/Robust marks/03.25-12.48/IMG_3098.JPG,IMG_3098.JPG,HFW12-F7_2016_201603251248_IMG_3098.jpg,0.8054565191268921,983.5203857421875,331.9222717285156,344.534912109375,728.1033935546875,2048,1536,344,728
HFW12-F7,2016,201603251248,HC,1,/Volumes/Seagate Portable Drive/KYLE_AI_DATABASE/A_CAMERA/Focal_species/Gulo gulo/HFW12-F7/HC/2016/COLOR/Robust marks/03.25-12.48/IMG_3099.JPG,IMG_3099.JPG,HFW12-F7_2016_201603251248_IMG_3099.jpg,0.9189536571502686,1020.40380859375,271.0048828125,305.623779296875,797.19775390625,2048,1536,305,797
HFW12-F7,2016,201603251248,HC,1,/Volumes/Seagate Portable Drive/KYLE_AI_DATABASE/A_CAMERA/Focal_species/Gulo gulo/HFW12-F7/HC/2016/COLOR/Robust marks/03.25-12.48/IMG_3100.JPG,IMG_3100.JPG,HFW12-F7_2016_201603251248_IMG_3100.jpg,0.8814074993133545,970.004150390625,342.6054992675781,355.027587890625,722.17578125,2048,1536,355,722
HFW12-F7,2016,201603251248,HC,1,/Volumes/Seagate Portable Drive/KYLE_AI_DATABASE/A_CAMERA/Focal_species/Gulo gulo/HFW12-F7/HC/2016/COLOR/Robust marks/03.25-12.48/IMG_3101.JPG,IMG_3101.JPG,HFW12-F7_2016_201603251248_IMG_3101.jpg,0.8977609872817993,955.9228515625,345.74871826171875,342.120849609375,810.5003051757812,2048,1536,342,810
HFW12-F7,2016,201603251248,HC,1,/Volumes/Seagate Portable Drive/KYLE_AI_DATABASE/A_CAMERA/Focal_species/Gulo gulo/HFW12-F7/HC/2016/COLOR/Robust marks/03.25-12.48/IMG_3102.JPG,IMG_3102.JPG,HFW12-F7_2016_201603251248_IMG_3102.jpg,0.9143427014350891,966.68310546875,303.6768493652344,331.85009765625,766.8499755859375,2048,1536,331,766
HFW12-F7,2016,201603251248,HC,1,/Volumes/Seagate Portable Drive/KYLE_AI_DATABASE/A_CAMERA/Focal_species/Gulo gulo/HFW12-F7/HC/2016/COLOR/Robust marks/03.25-12.48/IMG_3103.JPG,IMG_3103.JPG,HFW12-F7_2016_201603251248_IMG_3103.jpg,0.8785205483436584,974.2020874023438,291.84521484375,325.91119384765625,785.7349853515625,2048,1536,325,785
HFW12-F7,2016,201603251248,HC,1,/Volumes/Seagate Portable Drive/KYLE_AI_DATABASE/A_CAMERA/Focal_species/Gulo gulo/HFW12-F7/HC/2016/COLOR/Robust marks/03.25-12.48/IMG_3104.JPG,IMG_3104.JPG,HFW12-F7_2016_201603251248_IMG_3104.jpg,0.8059343695640564,979.07421875,282.09228515625,321.54150390625,797.3197021484375,2048,1536,321,797
HFW12-F7,2016,201603251248,HC,1,/Volumes/Seagate Portable Drive/KYLE_AI_DATABASE/A_CAMERA/Focal_species/Gulo gulo/HFW12-F7/HC/2016/COLOR/Robust marks/03.25-12.48/IMG_3105.JPG,IMG_3105.JPG,HFW12-F7_2016_201603251248_IMG_3105.jpg,0.8072057366371155,977.6962890625,351.4635314941406,323.377685546875,720.2193603515625,2048,1536,323,720
HFW12-F7,2016,201603251248,HC,1,/Volumes/Seagate Portable Drive/KYLE_AI_DATABASE/A_CAMERA/Focal_species/Gulo gulo/HFW12-F7/HC/2016/COLOR/Robust marks/03.25-12.48/IMG_3106.JPG,IMG_3106.JPG,HFW12-F7_2016_201603251248_IMG_3106.jpg,0.8769518136978149,971.677734375,344.5855407714844,328.23193359375,725.8267822265625,2048,1536,328,725
HFW12-F7,2016,201603251248,HC,1,/Volumes/Seagate Portable Drive/KYLE_AI_DATABASE/A_CAMERA/Focal_species/Gulo gulo/HFW12-F7/HC/2016/COLOR/Robust marks/03.25-12.48/IMG_3107.JPG,IMG_3107.JPG,HFW12-F7_2016_201603251248_IMG_3107.jpg,0.8912754654884338,970.0989990234375,341.4164123535156,327.63671875,729.87744140625,2048,1536,327,729
HFW12-F7,2016,201603251248,HC,1,/Volumes/Seagate Portable Drive/KYLE_AI_DATABASE/A_CAMERA/Focal_species/Gulo gulo/HFW12-F7/HC/2016/COLOR/Robust marks/03.25-12.48/IMG_3108.JPG,IMG_3108.JPG,HFW12-F7_2016_201603251248_IMG_3108.jpg,0.8526092171669006,971.4480590820312,325.9194641113281,331.31732177734375,743.906494140625,2048,1536,331,743
HFW12-F7,2016,201603251248,HC,1,/Volumes/Seagate Portable Drive/KYLE_AI_DATABASE/A_CAMERA/Focal_species/Gulo gulo/HFW12-F7/HC/2016/COLOR/Robust marks/03.25-12.48/IMG_3109.JPG,IMG_3109.JPG,HFW12-F7_2016_201603251248_IMG_3109.jpg,0.9079365134239197,948.16650390625,383.0810546875,340.732177734375,680.645751953125,2048,1536,340,680
HFW12-F7,2016,201603251248,HC,1,/Volumes/Seagate Portable Drive/KYLE_AI_DATABASE/A_CAMERA/Focal_species/Gulo gulo/HFW12-F7/HC/2016/COLOR/Robust marks/03.25-12.48/IMG_3110.JPG,IMG_3110.JPG,HFW12-F7_2016_201603251248_IMG_3110.jpg,0.9236841797828674,953.8763427734375,388.0218200683594,335.202880859375,678.76220703125,2048,1536,335,678
HFW12-F7,2016,201603251248,HC,1,/Volumes/Seagate Portable Drive/KYLE_AI_DATABASE/A_CAMERA/Focal_species/Gulo gulo/HFW12-F7/HC/2016/COLOR/Robust marks/03.25-12.48/IMG_3111.JPG,IMG_3111.JPG,HFW12-F7_2016_201603251248_IMG_3111.jpg,0.909040629863739,953.6160888671875,383.2607421875,343.089111328125,686.03857421875,2048,1536,343,686
HFW12-F7,2016,201603251248,HC,1,/Volumes/Seagate Portable Drive/KYLE_AI_DATABASE/A_CAMERA/Focal_species/Gulo gulo/HFW12-F7/HC/2016/COLOR/Robust marks/03.25-12.48/IMG_3112.JPG,IMG_3112.JPG,HFW12-F7_2016_201603251248_IMG_3112.jpg,0.9040796756744385,957.7039184570312,360.43267822265625,345.87689208984375,703.1699829101562,2048,1536,345,703
HFW12-F7,2016,201603251248,HC,1,/Volumes/Seagate Portable Drive/KYLE_AI_DATABASE/A_CAMERA/Focal_species/Gulo gulo/HFW12-F7/HC/2016/COLOR/Robust marks/03.25-12.48/IMG_3113.JPG,IMG_3113.JPG,HFW12-F7_2016_201603251248_IMG_3113.jpg,0.9053182005882263,955.6687622070312,388.1429443359375,334.55010986328125,676.839111328125,2048,1536,334,676
HFW12-F7,2016,201603251248,HC,1,/Volumes/Seagate Portable Drive/KYLE_AI_DATABASE/A_CAMERA/Focal_species/Gulo gulo/HFW12-F7/HC/2016/COLOR/Robust marks/03.25-12.48/IMG_3114.JPG,IMG_3114.JPG,HFW12-F7_2016_201603251248_IMG_3114.jpg,0.8956832885742188,966.3983154296875,363.88275146484375,322.890380859375,702.2444458007812,2048,1536,322,702
HFW12-F7,2016,201603251248,HC,1,/Volumes/Seagate Portable Drive/KYLE_AI_DATABASE/A_CAMERA/Focal_species/Gulo gulo/HFW12-F7/HC/2016/COLOR/Robust marks/03.25-12.48/IMG_3115.JPG,IMG_3115.JPG,HFW12-F7_2016_201603251248_IMG_3115.jpg,0.8647533059120178,975.8349609375,313.06689453125,319.232177734375,755.72265625,2048,1536,319,755
HFW12-F7,2016,201603251248,HC,1,/Volumes/Seagate Portable Drive/KYLE_AI_DATABASE/A_CAMERA/Focal_species/Gulo gulo/HFW12-F7/HC/2016/COLOR/Robust marks/03.25-12.48/IMG_3116.JPG,IMG_3116.JPG,HFW12-F7_2016_201603251248_IMG_3116.jpg,0.868781566619873,958.29541015625,368.466796875,337.542724609375,708.6177978515625,2048,1536,337,708
HFW12-F7,2016,201603251248,HC,1,/Volumes/Seagate Portable Drive/KYLE_AI_DATABASE/A_CAMERA/Focal_species/Gulo gulo/HFW12-F7/HC/2016/COLOR/Robust marks/03.25-12.48/IMG_3117.JPG,IMG_3117.JPG,HFW12-F7_2016_201603251248_IMG_3117.jpg,0.8945479393005371,966.4410400390625,351.2674255371094,337.568115234375,712.3594970703125,2048,1536,337,712
HFW12-F7,2016,201603251248,HC,1,/Volumes/Seagate Portable Drive/KYLE_AI_DATABASE/A_CAMERA/Focal_species/Gulo gulo/HFW12-F7/HC/2016/COLOR/Robust marks/03.25-12.48/IMG_3119.JPG,IMG_3119.JPG,HFW12-F7_2016_201603251248_IMG_3119.jpg,0.802261233329773,979.1638793945312,338.6564025878906,324.42840576171875,728.8165283203125,2048,1536,324,728
HFW12-F7,2016,201603251248,HC,1,/Volumes/Seagate Portable Drive/KYLE_AI_DATABASE/A_CAMERA/Focal_species/Gulo gulo/HFW12-F7/HC/2016/COLOR/Robust marks/03.25-12.48/IMG_3120.JPG,IMG_3120.JPG,HFW12-F7_2016_201603251248_IMG_3120.jpg,0.8776156306266785,953.4580078125,341.3792724609375,346.47216796875,727.755615234375,2048,1536,346,727
HFW12-F7,2016,201603251248,HC,1,/Volumes/Seagate Portable Drive/KYLE_AI_DATABASE/A_CAMERA/Focal_species/Gulo gulo/HFW12-F7/HC/2016/COLOR/Robust marks/03.25-12.48/IMG_3121.JPG,IMG_3121.JPG,HFW12-F7_2016_201603251248_IMG_3121.jpg,0.8857808113098145,953.3272705078125,387.466064453125,363.964111328125,681.1180419921875,2048,1536,363,681
HFW12-F7,2016,201603251248,HC,1,/Volumes/Seagate Portable Drive/KYLE_AI_DATABASE/A_CAMERA/Focal_species/Gulo gulo/HFW12-F7/HC/2016/COLOR/Robust marks/03.25-12.48/IMG_3122.JPG,IMG_3122.JPG,HFW12-F7_2016_201603251248_IMG_3122.jpg,0.9162718653678894,990.010498046875,337.8595275878906,313.630859375,741.033203125,2048,1536,313,741
HFW12-F7,2016,201603251248,HC,1,/Volumes/Seagate Portable Drive/KYLE_AI_DATABASE/A_CAMERA/Focal_species/Gulo gulo/HFW12-F7/HC/2016/COLOR/Robust marks/03.25-12.48/IMG_3123.JPG,IMG_3123.JPG,HFW12-F7_2016_201603251248_IMG_3123.jpg,0.8781703114509583,954.1480712890625,381.1352844238281,350.76953125,682.1053466796875,2048,1536,350,682
HFW12-F7,2016,201603251248,HC,1,/Volumes/Seagate Portable Drive/KYLE_AI_DATABASE/A_CAMERA/Focal_species/Gulo gulo/HFW12-F7/HC/2016/COLOR/Robust marks/03.25-12.48/IMG_3124.JPG,IMG_3124.JPG,HFW12-F7_2016_201603251248_IMG_3124.jpg,0.9060336947441101,955.543212890625,381.31634521484375,343.4404296875,677.3126831054688,2048,1536,343,677
HFW12-F7,2016,201603251248,HC,1,/Volumes/Seagate Portable Drive/KYLE_AI_DATABASE/A_CAMERA/Focal_species/Gulo gulo/HFW12-F7/HC/2016/COLOR/Robust marks/03.25-12.48/IMG_3125.JPG,IMG_3125.JPG,HFW12-F7_2016_201603251248_IMG_3125.jpg,0.8032037019729614,971.6817626953125,332.42706298828125,334.9912109375,717.4596557617188,2048,1536,334,717
HFW12-F7,2016,201603251248,HC,1,/Volumes/Seagate Portable Drive/KYLE_AI_DATABASE/A_CAMERA/Focal_species/Gulo gulo/HFW12-F7/HC/2016/COLOR/Robust marks/03.25-12.48/IMG_3126.JPG,IMG_3126.JPG,HFW12-F7_2016_201603251248_IMG_3126.jpg,0.9140629768371582,949.8587646484375,351.3565673828125,338.137939453125,704.1597900390625,2048,1536,338,704
HFW12-F7,2016,201603251248,HC,1,/Volumes/Seagate Portable Drive/KYLE_AI_DATABASE/A_CAMERA/Focal_species/Gulo gulo/HFW12-F7/HC/2016/COLOR/Robust marks/03.25-12.48/IMG_3127.JPG,IMG_3127.JPG,HFW12-F7_2016_201603251248_IMG_3127.jpg,0.9199344515800476,909.5123901367188,344.1466979980469,383.98895263671875,715.556396484375,2048,1536,383,715
HFW12-F7,2016,201603251248,HC,1,/Volumes/Seagate Portable Drive/KYLE_AI_DATABASE/A_CAMERA/Focal_species/Gulo gulo/HFW12-F7/HC/2016/COLOR/Robust marks/03.25-12.48/IMG_3128.JPG,IMG_3128.JPG,HFW12-F7_2016_201603251248_IMG_3128.jpg,0.8727714419364929,931.62353515625,331.52459716796875,376.117919921875,704.1441040039062,2048,1536,376,704
HFW12-F7,2016,201603251248,HC,1,/Volumes/Seagate Portable Drive/KYLE_AI_DATABASE/A_CAMERA/Focal_species/Gulo gulo/HFW12-F7/HC/2016/COLOR/Robust marks/03.25-12.48/IMG_3129.JPG,IMG_3129.JPG,HFW12-F7_2016_201603251248_IMG_3129.jpg,0.8917444348335266,936.2640991210938,321.22265625,366.53472900390625,740.322509765625,2048,1536,366,740
HFW12-F7,2016,201603251248,HC,1,/Volumes/Seagate Portable Drive/KYLE_AI_DATABASE/A_CAMERA/Focal_species/Gulo gulo/HFW12-F7/HC/2016/COLOR/Robust marks/03.25-12.48/IMG_3130.JPG,IMG_3130.JPG,HFW12-F7_2016_201603251248_IMG_3130.jpg,0.9167745113372803,935.1060791015625,352.7847900390625,355.73828125,709.6922607421875,2048,1536,355,709
HFW12-F7,2016,201603251248,HC,1,/Volumes/Seagate Portable Drive/KYLE_AI_DATABASE/A_CAMERA/Focal_species/Gulo gulo/HFW12-F7/HC/2016/COLOR/Robust marks/03.25-12.48/IMG_3131.JPG,IMG_3131.JPG,HFW12-F7_2016_201603251248_IMG_3131.jpg,0.8740373253822327,965.830810546875,245.18495178222656,335.03466796875,820.8294677734375,2048,1536,335,820
HFW12-F7,2016,201603251248,HC,1,/Volumes/Seagate Portable Drive/KYLE_AI_DATABASE/A_CAMERA/Focal_species/Gulo gulo/HFW12-F7/HC/2016/COLOR/Robust marks/03.25-12.48/IMG_3132.JPG,IMG_3132.JPG,HFW12-F7_2016_201603251248_IMG_3132.jpg,0.8917652368545532,982.0206298828125,225.27671813964844,320.36572265625,834.4835205078125,2048,1536,320,834
HFW12-F7,2016,201603251248,HC,1,/Volumes/Seagate Portable Drive/KYLE_AI_DATABASE/A_CAMERA/Focal_species/Gulo gulo/HFW12-F7/HC/2016/COLOR/Robust marks/03.25-12.48/IMG_3133.JPG,IMG_3133.JPG,HFW12-F7_2016_201603251248_IMG_3133.jpg,0.8770256042480469,1007.7119750976562,224.38133239746094,296.86322021484375,834.034912109375,2048,1536,296,834
HFW12-F7,2016,201603251248,HC,1,/Volumes/Seagate Portable Drive/KYLE_AI_DATABASE/A_CAMERA/Focal_species/Gulo gulo/HFW12-F7/HC/2016/COLOR/Robust marks/03.25-12.48/IMG_3134.JPG,IMG_3134.JPG,HFW12-F7_2016_201603251248_IMG_3134.jpg,0.8817954063415527,1009.5733642578125,227.3565673828125,285.909423828125,815.35791015625,2048,1536,285,815
HFW12-F7,2016,201603251248,HC,1,/Volumes/Seagate Portable Drive/KYLE_AI_DATABASE/A_CAMERA/Focal_species/Gulo gulo/HFW12-F7/HC/2016/COLOR/Robust marks/03.25-12.48/IMG_3135.JPG,IMG_3135.JPG,HFW12-F7_2016_201603251248_IMG_3135.jpg,0.9043654203414917,931.1292724609375,331.6258544921875,367.697509765625,725.5050048828125,2048,1536,367,725
HFW12-F7,2016,201603251248,HC,1,/Volumes/Seagate Portable Drive/KYLE_AI_DATABASE/A_CAMERA/Focal_species/Gulo gulo/HFW12-F7/HC/2016/COLOR/Robust marks/03.25-12.48/IMG_3137.JPG,IMG_3137.JPG,HFW12-F7_2016_201603251248_IMG_3137.jpg,0.9411357045173645,929.0848388671875,335.81903076171875,353.845703125,728.0884399414062,2048,1536,353,728
HFW12-F7,2016,201603251248,HC,1,/Volumes/Seagate Portable Drive/KYLE_AI_DATABASE/A_CAMERA/Focal_species/Gulo gulo/HFW12-F7/HC/2016/COLOR/Robust marks/03.25-12.48/IMG_3138.JPG,IMG_3138.JPG,HFW12-F7_2016_201603251248_IMG_3138.jpg,0.9081957340240479,937.9896850585938,245.39781188964844,367.37493896484375,807.0396728515625,2048,1536,367,807
HFW12-F7,2016,201603251248,HC,1,/Volumes/Seagate Portable Drive/KYLE_AI_DATABASE/A_CAMERA/Focal_species/Gulo gulo/HFW12-F7/HC/2016/COLOR/Robust marks/03.25-12.48/IMG_3139.JPG,IMG_3139.JPG,HFW12-F7_2016_201603251248_IMG_3139.jpg,0.8799588084220886,914.970947265625,273.3322448730469,382.077880859375,771.670166015625,2048,1536,382,771
HFW12-F7,2016,201603251248,HC,1,/Volumes/Seagate Portable Drive/KYLE_AI_DATABASE/A_CAMERA/Focal_species/Gulo gulo/HFW12-F7/HC/2016/COLOR/Robust marks/03.25-12.48/IMG_3140.JPG,IMG_3140.JPG,HFW12-F7_2016_201603251248_IMG_3140.jpg,0.8888418674468994,933.9779052734375,230.94717407226562,349.421630859375,836.374267578125,2048,1536,349,836
HFW12-F7,2016,201603251248,HC,1,/Volumes/Seagate Portable Drive/KYLE_AI_DATABASE/A_CAMERA/Focal_species/Gulo gulo/HFW12-F7/HC/2016/COLOR/Robust marks/03.25-12.48/IMG_3141.JPG,IMG_3141.JPG,HFW12-F7_2016_201603251248_IMG_3141.jpg,0.8999719619750977,955.588623046875,323.56756591796875,338.2802734375,732.6675415039062,2048,1536,338,732
HFW12-F7,2016,201603251248,HC,1,/Volumes/Seagate Portable Drive/KYLE_AI_DATABASE/A_CAMERA/Focal_species/Gulo gulo/HFW12-F7/HC/2016/COLOR/Robust marks/03.25-12.48/IMG_3142.JPG,IMG_3142.JPG,HFW12-F7_2016_201603251248_IMG_3142.jpg,0.9083017110824585,930.300537109375,240.72903442382812,341.17919921875,809.03955078125,2048,1536,341,809
HFW12-F7,2016,201603251248,HC,1,/Volumes/Seagate Portable Drive/KYLE_AI_DATABASE/A_CAMERA/Focal_species/Gulo gulo/HFW12-F7/HC/2016/COLOR/Robust marks/03.25-12.48/IMG_3143.JPG,IMG_3143.JPG,HFW12-F7_2016_201603251248_IMG_3143.jpg,0.9222113490104675,923.693115234375,242.3675994873047,370.154052734375,820.7584838867188,2048,1536,370,820
HFW12-F7,2016,201603251248,HC,1,/Volumes/Seagate Portable Drive/KYLE_AI_DATABASE/A_CAMERA/Focal_species/Gulo gulo/HFW12-F7/HC/2016/COLOR/Robust marks/03.25-12.48/IMG_3144.JPG,IMG_3144.JPG,HFW12-F7_2016_201603251248_IMG_3144.jpg,0.8788945078849792,924.676513671875,244.19009399414062,376.69189453125,814.9129638671875,2048,1536,376,814
HFW12-F7,2016,201603251248,HC,1,/Volumes/Seagate Portable Drive/KYLE_AI_DATABASE/A_CAMERA/Focal_species/Gulo gulo/HFW12-F7/HC/2016/COLOR/Robust marks/03.25-12.48/IMG_3145.JPG,IMG_3145.JPG,HFW12-F7_2016_201603251248_IMG_3145.jpg,0.9061704874038696,926.03857421875,245.1427001953125,363.8779296875,818.441650390625,2048,1536,363,818
HFW12-F7,2016,201603251248,HC,1,/Volumes/Seagate Portable Drive/KYLE_AI_DATABASE/A_CAMERA/Focal_species/Gulo gulo/HFW12-F7/HC/2016/COLOR/Robust marks/03.25-12.48/IMG_3146.JPG,IMG_3146.JPG,HFW12-F7_2016_201603251248_IMG_3146.jpg,0.8577238917350769,934.0252685546875,242.31637573242188,361.572021484375,816.5189208984375,2048,1536,361,816
HFW12-F7,2016,201603251248,HC,1,/Volumes/Seagate Portable Drive/KYLE_AI_DATABASE/A_CAMERA/Focal_species/Gulo gulo/HFW12-F7/HC/2016/COLOR/Robust marks/03.25-12.48/IMG_3147.JPG,IMG_3147.JPG,HFW12-F7_2016_201603251248_IMG_3147.jpg,0.85030198097229,994.5391845703125,241.10508728027344,316.3935546875,816.8602294921875,2048,1536,316,816
HFW12-F7,2016,201603251248,HC,1,/Volumes/Seagate Portable Drive/KYLE_AI_DATABASE/A_CAMERA/Focal_species/Gulo gulo/HFW12-F7/HC/2016/COLOR/Robust marks/03.25-12.48/IMG_3148.JPG,IMG_3148.JPG,HFW12-F7_2016_201603251248_IMG_3148.jpg,0.9175110459327698,952.424560546875,261.11279296875,371.5146484375,779.5174560546875,2048,1536,371,779
HFW12-F7,2016,201603251248,HC,1,/Volumes/Seagate Portable Drive/KYLE_AI_DATABASE/A_CAMERA/Focal_species/Gulo gulo/HFW12-F7/HC/2016/COLOR/Robust marks/03.25-12.48/IMG_3149.JPG,IMG_3149.JPG,HFW12-F7_2016_201603251248_IMG_3149.jpg,0.8393802046775818,937.7581787109375,366.64117431640625,362.06787109375,670.9078979492188,2048,1536,362,670
HFW12-F7,2016,201603251248,HC,1,/Volumes/Seagate Portable Drive/KYLE_AI_DATABASE/A_CAMERA/Focal_species/Gulo gulo/HFW12-F7/HC/2016/COLOR/Robust marks/03.25-12.48/IMG_3150.JPG,IMG_3150.JPG,HFW12-F7_2016_201603251248_IMG_3150.jpg,0.8980177044868469,930.1365356445312,256.47222900390625,382.39678955078125,790.2937622070312,2048,1536,382,790
HFW12-F7,2016,201603251248,HC,1,/Volumes/Seagate Portable Drive/KYLE_AI_DATABASE/A_CAMERA/Focal_species/Gulo gulo/HFW12-F7/HC/2016/COLOR/Robust marks/03.25-12.48/IMG_3151.JPG,IMG_3151.JPG,HFW12-F7_2016_201603251248_IMG_3151.jpg,0.9035232663154602,927.6254272460938,241.68251037597656,378.72259521484375,815.1761474609375,2048,1536,378,815
HFW12-F7,2016,201603251248,HC,1,/Volumes/Seagate Portable Drive/KYLE_AI_DATABASE/A_CAMERA/Focal_species/Gulo gulo/HFW12-F7/HC/2016/COLOR/Robust marks/03.25-12.48/IMG_3152.JPG,IMG_3152.JPG,HFW12-F7_2016_201603251248_IMG_3152.jpg,0.9135255217552185,930.69384765625,240.5295867919922,376.26171875,794.5192260742188,2048,1536,376,794
HFW12-F7,2016,201603251248,HC,1,/Volumes/Seagate Portable Drive/KYLE_AI_DATABASE/A_CAMERA/Focal_species/Gulo gulo/HFW12-F7/HC/2016/COLOR/Robust marks/03.25-12.48/IMG_3153.JPG,IMG_3153.JPG,HFW12-F7_2016_201603251248_IMG_3153.jpg,0.903008759021759,949.78857421875,230.08900451660156,362.68896484375,787.1673583984375,2048,1536,362,787
HFW12-F7,2016,201603251248,HC,1,/Volumes/Seagate Portable Drive/KYLE_AI_DATABASE/A_CAMERA/Focal_species/Gulo gulo/HFW12-F7/HC/2016/COLOR/Robust marks/03.25-12.48/IMG_3154.JPG,IMG_3154.JPG,HFW12-F7_2016_201603251248_IMG_3154.jpg,0.8609638214111328,931.83984375,224.7220916748047,371.332275390625,785.69580078125,2048,1536,371,785
HFW12-F7,2016,201603251248,HC,1,/Volumes/Seagate Portable Drive/KYLE_AI_DATABASE/A_CAMERA/Focal_species/Gulo gulo/HFW12-F7/HC/2016/COLOR/Robust marks/03.25-12.48/IMG_3155.JPG,IMG_3155.JPG,HFW12-F7_2016_201603251248_IMG_3155.jpg,0.8713043332099915,946.37744140625,234.27928161621094,360.822509765625,782.3067016601562,2048,1536,360,782
HFW12-F7,2016,201603251248,HC,1,/Volumes/Seagate Portable Drive/KYLE_AI_DATABASE/A_CAMERA/Focal_species/Gulo gulo/HFW12-F7/HC/2016/COLOR/Robust marks/03.25-12.48/IMG_3156.JPG,IMG_3156.JPG,HFW12-F7_2016_201603251248_IMG_3156.jpg,0.8717392086982727,960.4010009765625,301.0185546875,351.765625,738.54248046875,2048,1536,351,738
HFW12-F7,2016,201603251248,HC,1,/Volumes/Seagate Portable Drive/KYLE_AI_DATABASE/A_CAMERA/Focal_species/Gulo gulo/HFW12-F7/HC/2016/COLOR/Robust marks/03.25-12.48/IMG_3157.JPG,IMG_3157.JPG,HFW12-F7_2016_201603251248_IMG_3157.jpg,0.8585072159767151,930.65625,248.86546325683594,374.20458984375,781.0108642578125,2048,1536,374,781
HFW12-F7,2016,201603251248,HC,1,/Volumes/Seagate Portable Drive/KYLE_AI_DATABASE/A_CAMERA/Focal_species/Gulo gulo/HFW12-F7/HC/2016/COLOR/Robust marks/03.25-12.48/IMG_3158.JPG,IMG_3158.JPG,HFW12-F7_2016_201603251248_IMG_3158.jpg,0.867855966091156,934.300537109375,234.78717041015625,380.458740234375,802.4469604492188,2048,1536,380,802
HFW12-F7,2016,201603251248,HC,1,/Volumes/Seagate Portable Drive/KYLE_AI_DATABASE/A_CAMERA/Focal_species/Gulo gulo/HFW12-F7/HC/2016/COLOR/Robust marks/03.25-12.48/IMG_3159.JPG,IMG_3159.JPG,HFW12-F7_2016_201603251248_IMG_3159.jpg,0.9083607792854309,943.8974609375,239.55120849609375,367.2919921875,793.0717163085938,2048,1536,367,793
HFW12-F7,2016,201603251248,HC,1,/Volumes/Seagate Portable Drive/KYLE_AI_DATABASE/A_CAMERA/Focal_species/Gulo gulo/HFW12-F7/HC/2016/COLOR/Robust marks/03.25-12.48/IMG_3160.JPG,IMG_3160.JPG,HFW12-F7_2016_201603251248_IMG_3160.jpg,0.8717833757400513,954.3460693359375,249.55068969726562,359.20556640625,791.1859130859375,2048,1536,359,791
HFW12-F7,2016,201603251248,HC,1,/Volumes/Seagate Portable Drive/KYLE_AI_DATABASE/A_CAMERA/Focal_species/Gulo gulo/HFW12-F7/HC/2016/COLOR/Robust marks/03.25-12.48/IMG_3161.JPG,IMG_3161.JPG,HFW12-F7_2016_201603251248_IMG_3161.jpg,0.8325690031051636,954.0133666992188,258.79986572265625,358.74847412109375,794.5535278320312,2048,1536,358,794
HFW12-F7,2016,201603251248,HC,1,/Volumes/Seagate Portable Drive/KYLE_AI_DATABASE/A_CAMERA/Focal_species/Gulo gulo/HFW12-F7/HC/2016/COLOR/Robust marks/03.25-12.48/IMG_3168.JPG,IMG_3168.JPG,HFW12-F7_2016_201603251248_IMG_3168.jpg,0.8347494006156921,937.737060546875,342.3580627441406,374.519775390625,722.1287841796875,2048,1536,374,722
HFW12-F7,2016,201603251248,HC,1,/Volumes/Seagate Portable Drive/KYLE_AI_DATABASE/A_CAMERA/Focal_species/Gulo gulo/HFW12-F7/HC/2016/COLOR/Robust marks/03.25-12.48/IMG_3169.JPG,IMG_3169.JPG,HFW12-F7_2016_201603251248_IMG_3169.jpg,0.822269082069397,933.5819091796875,266.28485107421875,366.6953125,792.9917602539062,2048,1536,366,792
HFW12-F7,2016,201603251248,HC,1,/Volumes/Seagate Portable Drive/KYLE_AI_DATABASE/A_CAMERA/Focal_species/Gulo gulo/HFW12-F7/HC/2016/COLOR/Robust marks/03.25-12.48/IMG_3170.JPG,IMG_3170.JPG,HFW12-F7_2016_201603251248_IMG_3170.jpg,0.869096040725708,942.1053466796875,230.36109924316406,364.887451171875,823.31787109375,2048,1536,364,823
HFW12-F7,2016,201603251248,HC,1,/Volumes/Seagate Portable Drive/KYLE_AI_DATABASE/A_CAMERA/Focal_species/Gulo gulo/HFW12-F7/HC/2016/COLOR/Robust marks/03.25-12.48/IMG_3171.JPG,IMG_3171.JPG,HFW12-F7_2016_201603251248_IMG_3171.jpg,0.9095368385314941,951.1935424804688,252.74757385253906,354.98248291015625,809.2440185546875,2048,1536,354,809
HFW12-F7,2016,201603251248,HC,1,/Volumes/Seagate Portable Drive/KYLE_AI_DATABASE/A_CAMERA/Focal_species/Gulo gulo/HFW12-F7/HC/2016/COLOR/Robust marks/03.25-12.48/IMG_3172.JPG,IMG_3172.JPG,HFW12-F7_2016_201603251248_IMG_3172.jpg,0.8929708003997803,943.2208862304688,256.12091064453125,372.07135009765625,802.8992309570312,2048,1536,372,802
HFW12-F7,2016,201603251248,HC,1,/Volumes/Seagate Portable Drive/KYLE_AI_DATABASE/A_CAMERA/Focal_species/Gulo gulo/HFW12-F7/HC/2016/COLOR/Robust marks/03.25-12.48/IMG_3173.JPG,IMG_3173.JPG,HFW12-F7_2016_201603251248_IMG_3173.jpg,0.8364093899726868,928.3773803710938,324.0458068847656,376.21759033203125,736.8572998046875,2048,1536,376,736
HFW12-F7,2016,201603251248,HC,1,/Volumes/Seagate Portable Drive/KYLE_AI_DATABASE/A_CAMERA/Focal_species/Gulo gulo/HFW12-F7/HC/2016/COLOR/Robust marks/03.25-12.48/IMG_3174.JPG,IMG_3174.JPG,HFW12-F7_2016_201603251248_IMG_3174.jpg,0.9186909198760986,931.5278930664062,241.25326538085938,403.62445068359375,803.51025390625,2048,1536,403,803
HFW12-F7,2016,201603251248,HC,1,/Volumes/Seagate Portable Drive/KYLE_AI_DATABASE/A_CAMERA/Focal_species/Gulo gulo/HFW12-F7/HC/2016/COLOR/Robust marks/03.25-12.48/IMG_3175.JPG,IMG_3175.JPG,HFW12-F7_2016_201603251248_IMG_3175.jpg,0.826922595500946,951.310546875,260.8539733886719,364.3466796875,796.6002197265625,2048,1536,364,796
HFW12-F7,2016,201603251248,HC,1,/Volumes/Seagate Portable Drive/KYLE_AI_DATABASE/A_CAMERA/Focal_species/Gulo gulo/HFW12-F7/HC/2016/COLOR/Robust marks/03.25-12.48/IMG_3176.JPG,IMG_3176.JPG,HFW12-F7_2016_201603251248_IMG_3176.jpg,0.8685620427131653,926.3553466796875,321.4231262207031,384.425048828125,737.9664306640625,2048,1536,384,737
HFW12-F7,2016,201603251248,HC,1,/Volumes/Seagate Portable Drive/KYLE_AI_DATABASE/A_CAMERA/Focal_species/Gulo gulo/HFW12-F7/HC/2016/COLOR/Robust marks/03.25-12.48/IMG_3177.JPG,IMG_3177.JPG,HFW12-F7_2016_201603251248_IMG_3177.jpg,0.9046812653541565,922.6598510742188,343.5557556152344,382.83892822265625,694.185791015625,2048,1536,382,694
HFW12-F7,2016,201603251248,HC,1,/Volumes/Seagate Portable Drive/KYLE_AI_DATABASE/A_CAMERA/Focal_species/Gulo gulo/HFW12-F7/HC/2016/COLOR/Robust marks/03.25-12.48/IMG_3178.JPG,IMG_3178.JPG,HFW12-F7_2016_201603251248_IMG_3178.jpg,0.9357958436012268,938.3619995117188,223.30169677734375,360.34124755859375,806.6096801757812,2048,1536,360,806
HFW12-F7,2016,201603251248,HC,1,/Volumes/Seagate Portable Drive/KYLE_AI_DATABASE/A_CAMERA/Focal_species/Gulo gulo/HFW12-F7/HC/2016/COLOR/Robust marks/03.25-12.48/IMG_3179.JPG,IMG_3179.JPG,HFW12-F7_2016_201603251248_IMG_3179.jpg,0.9153818488121033,932.7670288085938,248.4542999267578,382.57672119140625,809.2046508789062,2048,1536,382,809
HFW12-F7,2016,201603251248,HC,1,/Volumes/Seagate Portable Drive/KYLE_AI_DATABASE/A_CAMERA/Focal_species/Gulo gulo/HFW12-F7/HC/2016/COLOR/Robust marks/03.25-12.48/IMG_3180.JPG,IMG_3180.JPG,HFW12-F7_2016_201603251248_IMG_3180.jpg,0.8991421461105347,934.43017578125,205.34275817871094,396.058837890625,837.910888671875,2048,1536,396,837
HFW12-F7,2016,201603251248,HC,1,/Volumes/Seagate Portable Drive/KYLE_AI_DATABASE/A_CAMERA/Focal_species/Gulo gulo/HFW12-F7/HC/2016/COLOR/Robust marks/03.25-12.48/IMG_3181.JPG,IMG_3181.JPG,HFW12-F7_2016_201603251248_IMG_3181.jpg,0.8828734755516052,970.9441528320312,232.66795349121094,356.28021240234375,804.527587890625,2048,1536,356,804
HFW12-F7,2016,201603251248,HC,1,/Volumes/Seagate Portable Drive/KYLE_AI_DATABASE/A_CAMERA/Focal_species/Gulo gulo/HFW12-F7/HC/2016/COLOR/Robust marks/03.25-12.48/IMG_3182.JPG,IMG_3182.JPG,HFW12-F7_2016_201603251248_IMG_3182.jpg,0.8768584132194519,932.252197265625,243.27017211914062,397.154052734375,820.7493896484375,2048,1536,397,820
HFW12-F7,2016,201603251248,HC,1,/Volumes/Seagate Portable Drive/KYLE_AI_DATABASE/A_CAMERA/Focal_species/Gulo gulo/HFW12-F7/HC/2016/COLOR/Robust marks/03.25-12.48/IMG_3183.JPG,IMG_3183.JPG,HFW12-F7_2016_201603251248_IMG_3183.jpg,0.920343816280365,943.1873168945312,249.4233856201172,390.36492919921875,817.7896118164062,2048,1536,390,817
HFW12-F7,2016,201603251248,HC,1,/Volumes/Seagate Portable Drive/KYLE_AI_DATABASE/A_CAMERA/Focal_species/Gulo gulo/HFW12-F7/HC/2016/COLOR/Robust marks/03.25-12.48/IMG_3184.JPG,IMG_3184.JPG,HFW12-F7_2016_201603251248_IMG_3184.jpg,0.8053428530693054,954.8289794921875,252.50660705566406,363.862548828125,803.548095703125,2048,1536,363,803
HFW12-F7,2016,201603251248,HC,1,/Volumes/Seagate Portable Drive/KYLE_AI_DATABASE/A_CAMERA/Focal_species/Gulo gulo/HFW12-F7/HC/2016/COLOR/Robust marks/03.25-12.48/IMG_3187.JPG,IMG_3187.JPG,HFW12-F7_2016_201603251248_IMG_3187.jpg,0.9109004735946655,952.3895874023438,253.2891082763672,368.74798583984375,803.2971801757812,2048,1536,368,803
HFW12-F7,2016,201603251248,HC,1,/Volumes/Seagate Portable Drive/KYLE_AI_DATABASE/A_CAMERA/Focal_species/Gulo gulo/HFW12-F7/HC/2016/COLOR/Robust marks/03.25-12.48/IMG_3188.JPG,IMG_3188.JPG,HFW12-F7_2016_201603251248_IMG_3188.jpg,0.8699532747268677,937.6917114257812,250.89569091796875,380.59979248046875,801.3782348632812,2048,1536,380,801
HFW12-F7,2016,201603251248,HC,1,/Volumes/Seagate Portable Drive/KYLE_AI_DATABASE/A_CAMERA/Focal_species/Gulo gulo/HFW12-F7/HC/2016/COLOR/Robust marks/03.25-12.48/IMG_3189.JPG,IMG_3189.JPG,HFW12-F7_2016_201603251248_IMG_3189.jpg,0.8563042283058167,962.869140625,285.8522644042969,345.008544921875,815.667236328125,2048,1536,345,815
HFW12-F7,2016,201603251248,HC,1,/Volumes/Seagate Portable Drive/KYLE_AI_DATABASE/A_CAMERA/Focal_species/Gulo gulo/HFW12-F7/HC/2016/COLOR/Robust marks/03.25-12.48/IMG_3190.JPG,IMG_3190.JPG,HFW12-F7_2016_201603251248_IMG_3190.jpg,0.880057156085968,968.189208984375,292.4996337890625,337.6767578125,777.776123046875,2048,1536,337,777
HFW12-F7,2016,201603251248,HC,1,/Volumes/Seagate Portable Drive/KYLE_AI_DATABASE/A_CAMERA/Focal_species/Gulo gulo/HFW12-F7/HC/2016/COLOR/Robust marks/03.25-12.48/IMG_3191.JPG,IMG_3191.JPG,HFW12-F7_2016_201603251248_IMG_3191.jpg,0.9115998148918152,941.3279418945312,250.2732696533203,364.55377197265625,827.9773559570312,2048,1536,364,827
HFW12-F7,2016,201603251248,HC,1,/Volumes/Seagate Portable Drive/KYLE_AI_DATABASE/A_CAMERA/Focal_species/Gulo gulo/HFW12-F7/HC/2016/COLOR/Robust marks/03.25-12.48/IMG_3192.JPG,IMG_3192.JPG,HFW12-F7_2016_201603251248_IMG_3192.jpg,0.825736939907074,949.1309814453125,256.0223388671875,352.109130859375,814.4635009765625,2048,1536,352,814
HFW12-F7,2016,201603251248,HC,1,/Volumes/Seagate Portable Drive/KYLE_AI_DATABASE/A_CAMERA/Focal_species/Gulo gulo/HFW12-F7/HC/2016/COLOR/Robust marks/03.25-12.48/IMG_3193.JPG,IMG_3193.JPG,HFW12-F7_2016_201603251248_IMG_3193.jpg,0.9115552306175232,946.0703125,250.78028869628906,359.874755859375,827.935546875,2048,1536,359,827
HFW12-F7,2016,201603251248,HC,1,/Volumes/Seagate Portable Drive/KYLE_AI_DATABASE/A_CAMERA/Focal_species/Gulo gulo/HFW12-F7/HC/2016/COLOR/Robust marks/03.25-12.48/IMG_3194.JPG,IMG_3194.JPG,HFW12-F7_2016_201603251248_IMG_3194.jpg,0.9178679585456848,947.6180419921875,251.01869201660156,357.34375,824.5994873046875,2048,1536,357,824
HFW12-F7,2016,201603251248,HC,1,/Volumes/Seagate Portable Drive/KYLE_AI_DATABASE/A_CAMERA/Focal_species/Gulo gulo/HFW12-F7/HC/2016/COLOR/Robust marks/03.25-12.48/IMG_3195.JPG,IMG_3195.JPG,HFW12-F7_2016_201603251248_IMG_3195.jpg,0.9216867089271545,951.798828125,245.93655395507812,347.828369140625,811.916259765625,2048,1536,347,811
HFW12-F7,2016,201603251248,HC,1,/Volumes/Seagate Portable Drive/KYLE_AI_DATABASE/A_CAMERA/Focal_species/Gulo gulo/HFW12-F7/HC/2016/COLOR/Robust marks/03.25-12.48/IMG_3196.JPG,IMG_3196.JPG,HFW12-F7_2016_201603251248_IMG_3196.jpg,0.922206699848175,959.6392822265625,262.0643005371094,355.177978515625,838.266357421875,2048,1536,355,838
HFW12-F7,2016,201603251248,HC,1,/Volumes/Seagate Portable Drive/KYLE_AI_DATABASE/A_CAMERA/Focal_species/Gulo gulo/HFW12-F7/HC/2016/COLOR/Robust marks/03.25-12.48/IMG_3197.JPG,IMG_3197.JPG,HFW12-F7_2016_201603251248_IMG_3197.jpg,0.911915123462677,955.69140625,259.76611328125,349.32666015625,818.793701171875,2048,1536,349,818
HFW12-F7,2016,201603251248,HC,1,/Volumes/Seagate Portable Drive/KYLE_AI_DATABASE/A_CAMERA/Focal_species/Gulo gulo/HFW12-F7/HC/2016/COLOR/Robust marks/03.25-12.48/IMG_3198.JPG,IMG_3198.JPG,HFW12-F7_2016_201603251248_IMG_3198.jpg,0.926770031452179,946.4534301757812,251.5484161376953,355.68475341796875,804.1809692382812,2048,1536,355,804
HFW12-F7,2016,201603251248,HC,1,/Volumes/Seagate Portable Drive/KYLE_AI_DATABASE/A_CAMERA/Focal_species/Gulo gulo/HFW12-F7/HC/2016/COLOR/Robust marks/03.25-12.48/IMG_3199.JPG,IMG_3199.JPG,HFW12-F7_2016_201603251248_IMG_3199.jpg,0.9316021800041199,948.0453491210938,255.60923767089844,361.13018798828125,847.3697509765625,2048,1536,361,847
HFW12-F7,2016,201603251248,HC,1,/Volumes/Seagate Portable Drive/KYLE_AI_DATABASE/A_CAMERA/Focal_species/Gulo gulo/HFW12-F7/HC/2016/COLOR/Robust marks/03.25-12.48/IMG_3200.JPG,IMG_3200.JPG,HFW12-F7_2016_201603251248_IMG_3200.jpg,0.8107371926307678,952.125,325.39971923828125,348.380126953125,744.0985717773438,2048,1536,348,744
HFW12-F7,2016,201603251248,HC,1,/Volumes/Seagate Portable Drive/KYLE_AI_DATABASE/A_CAMERA/Focal_species/Gulo gulo/HFW12-F7/HC/2016/COLOR/Robust marks/03.25-12.48/IMG_3201.JPG,IMG_3201.JPG,HFW12-F7_2016_201603251248_IMG_3201.jpg,0.9243916273117065,952.5768432617188,264.444580078125,355.31378173828125,808.78515625,2048,1536,355,808
HFW12-F7,2016,201603251248,HC,1,/Volumes/Seagate Portable Drive/KYLE_AI_DATABASE/A_CAMERA/Focal_species/Gulo gulo/HFW12-F7/HC/2016/COLOR/Robust marks/03.25-12.48/IMG_3203.JPG,IMG_3203.JPG,HFW12-F7_2016_201603251248_IMG_3203.jpg,0.9169669151306152,956.554443359375,338.4400329589844,337.884765625,762.8370361328125,2048,1536,337,762
HFW12-F7,2016,201603251248,HC,1,/Volumes/Seagate Portable Drive/KYLE_AI_DATABASE/A_CAMERA/Focal_species/Gulo gulo/HFW12-F7/HC/2016/COLOR/Robust marks/03.25-12.48/IMG_3204.JPG,IMG_3204.JPG,HFW12-F7_2016_201603251248_IMG_3204.jpg,0.8775313496589661,951.7021484375,281.66790771484375,361.354248046875,793.1775512695312,2048,1536,361,793
HFW12-F7,2016,201603251248,HC,1,/Volumes/Seagate Portable Drive/KYLE_AI_DATABASE/A_CAMERA/Focal_species/Gulo gulo/HFW12-F7/HC/2016/COLOR/Robust marks/03.25-12.48/IMG_3205.JPG,IMG_3205.JPG,HFW12-F7_2016_201603251248_IMG_3205.jpg,0.8913491368293762,932.9624633789062,379.655517578125,368.55584716796875,681.654052734375,2048,1536,368,681
HFW12-F7,2016,201603251248,HC,1,/Volumes/Seagate Portable Drive/KYLE_AI_DATABASE/A_CAMERA/Focal_species/Gulo gulo/HFW12-F7/HC/2016/COLOR/Robust marks/03.25-12.48/IMG_3206.JPG,IMG_3206.JPG,HFW12-F7_2016_201603251248_IMG_3206.jpg,0.8898429274559021,940.07373046875,249.05007934570312,360.070556640625,823.759033203125,2048,1536,360,823
HFW12-F7,2016,201603251248,HC,1,/Volumes/Seagate Portable Drive/KYLE_AI_DATABASE/A_CAMERA/Focal_species/Gulo gulo/HFW12-F7/HC/2016/COLOR/Robust marks/03.25-12.48/IMG_3207.JPG,IMG_3207.JPG,HFW12-F7_2016_201603251248_IMG_3207.jpg,0.9096007347106934,927.2247924804688,258.8720397949219,366.53192138671875,840.222412109375,2048,1536,366,840
HFW12-F7,2016,201603251248,HC,1,/Volumes/Seagate Portable Drive/KYLE_AI_DATABASE/A_CAMERA/Focal_species/Gulo gulo/HFW12-F7/HC/2016/COLOR/Robust marks/03.25-12.48/IMG_3208.JPG,IMG_3208.JPG,HFW12-F7_2016_201603251248_IMG_3208.jpg,0.8785696625709534,917.30322265625,322.54510498046875,366.400634765625,743.4097290039062,2048,1536,366,743
HFW12-F7,2016,201603251248,HC,1,/Volumes/Seagate Portable Drive/KYLE_AI_DATABASE/A_CAMERA/Focal_species/Gulo gulo/HFW12-F7/HC/2016/COLOR/Robust marks/03.25-12.48/IMG_3209.JPG,IMG_3209.JPG,HFW12-F7_2016_201603251248_IMG_3209.jpg,0.8445183038711548,917.59423828125,253.3758087158203,352.361572265625,817.8070678710938,2048,1536,352,817
HFW12-F7,2016,201603251248,HC,1,/Volumes/Seagate Portable Drive/KYLE_AI_DATABASE/A_CAMERA/Focal_species/Gulo gulo/HFW12-F7/HC/2016/COLOR/Robust marks/03.25-12.48/IMG_3210.JPG,IMG_3210.JPG,HFW12-F7_2016_201603251248_IMG_3210.jpg,0.8018252849578857,926.0576171875,429.21014404296875,351.14990234375,642.6552124023438,2048,1536,351,642
HFW12-F7,2016,201603251248,HC,1,/Volumes/Seagate Portable Drive/KYLE_AI_DATABASE/A_CAMERA/Focal_species/Gulo gulo/HFW12-F7/HC/2016/COLOR/Robust marks/03.25-12.48/IMG_3213.JPG,IMG_3213.JPG,HFW12-F7_2016_201603251248_IMG_3213.jpg,0.8192699551582336,957.4235229492188,430.28399658203125,349.49066162109375,643.4086303710938,2048,1536,349,643
HFW12-F7,2016,201603251248,HC,1,/Volumes/Seagate Portable Drive/KYLE_AI_DATABASE/A_CAMERA/Focal_species/Gulo gulo/HFW12-F7/HC/2016/COLOR/Robust marks/03.25-12.48/IMG_3214.JPG,IMG_3214.JPG,HFW12-F7_2016_201603251248_IMG_3214.jpg,0.9038341045379639,950.37451171875,370.93231201171875,346.43603515625,720.4686889648438,2048,1536,346,720
HFW12-F7,2016,201603251248,HC,1,/Volumes/Seagate Portable Drive/KYLE_AI_DATABASE/A_CAMERA/Focal_species/Gulo gulo/HFW12-F7/HC/2016/COLOR/Robust marks/03.25-12.48/IMG_3215.JPG,IMG_3215.JPG,HFW12-F7_2016_201603251248_IMG_3215.jpg,0.8638951778411865,959.38623046875,266.56121826171875,340.647216796875,820.7727661132812,2048,1536,340,820
HFW12-F7,2016,201603251248,HC,1,/Volumes/Seagate Portable Drive/KYLE_AI_DATABASE/A_CAMERA/Focal_species/Gulo gulo/HFW12-F7/HC/2016/COLOR/Robust marks/03.25-12.48/IMG_3216.JPG,IMG_3216.JPG,HFW12-F7_2016_201603251248_IMG_3216.jpg,0.8852208852767944,947.872802734375,267.2802734375,350.6962890625,804.2972412109375,2048,1536,350,804
HFW12-F7,2016,201603251248,HC,1,/Volumes/Seagate Portable Drive/KYLE_AI_DATABASE/A_CAMERA/Focal_species/Gulo gulo/HFW12-F7/HC/2016/COLOR/Robust marks/03.25-12.48/IMG_3217.JPG,IMG_3217.JPG,HFW12-F7_2016_201603251248_IMG_3217.jpg,0.8578058481216431,933.3089599609375,372.2781677246094,362.09130859375,684.6922607421875,2048,1536,362,684
HFW12-F7,2016,201603251248,HC,1,/Volumes/Seagate Portable Drive/KYLE_AI_DATABASE/A_CAMERA/Focal_species/Gulo gulo/HFW12-F7/HC/2016/COLOR/Robust marks/03.25-12.48/IMG_3219.JPG,IMG_3219.JPG,HFW12-F7_2016_201603251248_IMG_3219.jpg,0.8612826466560364,944.3900756835938,404.463134765625,346.61383056640625,655.9403076171875,2048,1536,346,655
HFW12-F7,2016,201603251248,HC,1,/Volumes/Seagate Portable Drive/KYLE_AI_DATABASE/A_CAMERA/Focal_species/Gulo gulo/HFW12-F7/HC/2016/COLOR/Robust marks/03.25-12.48/IMG_3220.JPG,IMG_3220.JPG,HFW12-F7_2016_201603251248_IMG_3220.jpg,0.9230932593345642,951.540283203125,388.2486877441406,345.95166015625,668.7135009765625,2048,1536,345,668
HFW12-F7,2016,201603251248,HC,1,/Volumes/Seagate Portable Drive/KYLE_AI_DATABASE/A_CAMERA/Focal_species/Gulo gulo/HFW12-F7/HC/2016/COLOR/Robust marks/03.25-12.48/IMG_3225.JPG,IMG_3225.JPG,HFW12-F7_2016_201603251248_IMG_3225.jpg,0.8312579393386841,993.5011596679688,307.5433349609375,300.16033935546875,784.7939453125,2048,1536,300,784
HFW12-F7,2016,201603251248,HC,1,/Volumes/Seagate Portable Drive/KYLE_AI_DATABASE/A_CAMERA/Focal_species/Gulo gulo/HFW12-F7/HC/2016/COLOR/Robust marks/03.25-12.48/IMG_3226.JPG,IMG_3226.JPG,HFW12-F7_2016_201603251248_IMG_3226.jpg,0.8007185459136963,951.71044921875,371.4339599609375,344.01123046875,705.6104736328125,2048,1536,344,705
HFW12-F7,2016,201603251248,HC,1,/Volumes/Seagate Portable Drive/KYLE_AI_DATABASE/A_CAMERA/Focal_species/Gulo gulo/HFW12-F7/HC/2016/COLOR/Robust marks/03.25-12.48/IMG_3227.JPG,IMG_3227.JPG,HFW12-F7_2016_201603251248_IMG_3227.jpg,0.8842962980270386,929.2625732421875,264.8463134765625,366.39306640625,809.0360107421875,2048,1536,366,809
HFW12-F7,2016,201603251248,HC,1,/Volumes/Seagate Portable Drive/KYLE_AI_DATABASE/A_CAMERA/Focal_species/Gulo gulo/HFW12-F7/HC/2016/COLOR/Robust marks/03.25-12.48/IMG_3231.JPG,IMG_3231.JPG,HFW12-F7_2016_201603251248_IMG_3231.jpg,0.8827587366104126,921.4197998046875,406.4111022949219,347.6318359375,633.4368896484375,2048,1536,347,633
HFW12-F7,2016,201603251248,HC,1,/Volumes/Seagate Portable Drive/KYLE_AI_DATABASE/A_CAMERA/Focal_species/Gulo gulo/HFW12-F7/HC/2016/COLOR/Robust marks/03.25-12.48/IMG_3233.JPG,IMG_3233.JPG,HFW12-F7_2016_201603251248_IMG_3233.jpg,0.8592867255210876,1029.1888427734375,231.00343322753906,275.933837890625,802.09521484375,2048,1536,275,802
HFW12-F7,2016,201603251248,HC,1,/Volumes/Seagate Portable Drive/KYLE_AI_DATABASE/A_CAMERA/Focal_species/Gulo gulo/HFW12-F7/HC/2016/COLOR/Robust marks/03.25-12.48/IMG_3235.JPG,IMG_3235.JPG,HFW12-F7_2016_201603251248_IMG_3235.jpg,0.8396573066711426,941.2523193359375,412.979736328125,355.263671875,615.8292236328125,2048,1536,355,615
HFW12-F7,2016,201603251248,HC,1,/Volumes/Seagate Portable Drive/KYLE_AI_DATABASE/A_CAMERA/Focal_species/Gulo gulo/HFW12-F7/HC/2016/COLOR/Robust marks/03.25-12.48/IMG_3236.JPG,IMG_3236.JPG,HFW12-F7_2016_201603251248_IMG_3236.jpg,0.8689303994178772,954.4083251953125,343.1382751464844,345.90380859375,726.19677734375,2048,1536,345,726
HFW12-F7,2016,201603251248,HC,1,/Volumes/Seagate Portable Drive/KYLE_AI_DATABASE/A_CAMERA/Focal_species/Gulo gulo/HFW12-F7/HC/2016/COLOR/Robust marks/03.25-12.48/IMG_3238.JPG,IMG_3238.JPG,HFW12-F7_2016_201603251248_IMG_3238.jpg,0.8740540742874146,958.922119140625,422.4846496582031,329.320556640625,658.818359375,2048,1536,329,658
HFW12-F7,2016,201603251248,HC,1,/Volumes/Seagate Portable Drive/KYLE_AI_DATABASE/A_CAMERA/Focal_species/Gulo gulo/HFW12-F7/HC/2016/COLOR/Robust marks/03.25-12.48/IMG_3239.JPG,IMG_3239.JPG,HFW12-F7_2016_201603251248_IMG_3239.jpg,0.8358194231987,957.6519165039062,381.47967529296875,340.82452392578125,689.6530151367188,2048,1536,340,689
HFW12-F7,2016,201603251248,HC,1,/Volumes/Seagate Portable Drive/KYLE_AI_DATABASE/A_CAMERA/Focal_species/Gulo gulo/HFW12-F7/HC/2016/COLOR/Robust marks/03.25-12.48/IMG_3246.JPG,IMG_3246.JPG,HFW12-F7_2016_201603251248_IMG_3246.jpg,0.8009765148162842,1013.2431640625,161.1478271484375,284.832763671875,881.2886962890625,2048,1536,284,881
HFW12-F7,2016,201603251248,HC,1,/Volumes/Seagate Portable Drive/KYLE_AI_DATABASE/A_CAMERA/Focal_species/Gulo gulo/HFW12-F7/HC/2016/COLOR/Robust marks/03.25-12.48/IMG_3267.JPG,IMG_3267.JPG,HFW12-F7_2016_201603251248_IMG_3267.jpg,0.8085703253746033,943.82763671875,381.2721862792969,358.426513671875,680.4228515625,2048,1536,358,680
HFW12-F7,2016,201603251248,HC,1,/Volumes/Seagate Portable Drive/KYLE_AI_DATABASE/A_CAMERA/Focal_species/Gulo gulo/HFW12-F7/HC/2016/COLOR/Robust marks/03.25-12.48/IMG_3269.JPG,IMG_3269.JPG,HFW12-F7_2016_201603251248_IMG_3269.jpg,0.8725879192352295,956.216796875,421.8238525390625,354.584228515625,637.3427734375,2048,1536,354,637
HFW12-F7,2016,201603251248,HC,1,/Volumes/Seagate Portable Drive/KYLE_AI_DATABASE/A_CAMERA/Focal_species/Gulo gulo/HFW12-F7/HC/2016/COLOR/Robust marks/03.25-12.48/IMG_3272.JPG,IMG_3272.JPG,HFW12-F7_2016_201603251248_IMG_3272.jpg,0.9317544102668762,935.790283203125,413.7381591796875,364.028076171875,650.966552734375,2048,1536,364,650
HFW12-F7,2016,201603251248,HC,1,/Volumes/Seagate Portable Drive/KYLE_AI_DATABASE/A_CAMERA/Focal_species/Gulo gulo/HFW12-F7/HC/2016/COLOR/Robust marks/03.25-12.48/IMG_3275.JPG,IMG_3275.JPG,HFW12-F7_2016_201603251248_IMG_3275.jpg,0.9065715670585632,954.5958251953125,276.2200927734375,345.93798828125,790.50146484375,2048,1536,345,790
HFW12-F7,2016,201603251248,HC,1,/Volumes/Seagate Portable Drive/KYLE_AI_DATABASE/A_CAMERA/Focal_species/Gulo gulo/HFW12-F7/HC/2016/COLOR/Robust marks/03.25-12.48/IMG_3280.JPG,IMG_3280.JPG,HFW12-F7_2016_201603251248_IMG_3280.jpg,0.8137618899345398,949.3656616210938,280.894287109375,350.86090087890625,789.2403564453125,2048,1536,350,789
HFW12-F7,2016,201603251248,HC,1,/Volumes/Seagate Portable Drive/KYLE_AI_DATABASE/A_CAMERA/Focal_species/Gulo gulo/HFW12-F7/HC/2016/COLOR/Robust marks/03.25-12.48/IMG_3281.JPG,IMG_3281.JPG,HFW12-F7_2016_201603251248_IMG_3281.jpg,0.8310791850090027,956.90185546875,286.02935791015625,344.900634765625,782.4522094726562,2048,1536,344,782
HFW12-F7,2016,201603251248,HC,1,/Volumes/Seagate Portable Drive/KYLE_AI_DATABASE/A_CAMERA/Focal_species/Gulo gulo/HFW12-F7/HC/2016/COLOR/Robust marks/03.25-12.48/IMG_3282.JPG,IMG_3282.JPG,HFW12-F7_2016_201603251248_IMG_3282.jpg,0.8980981111526489,950.1000366210938,426.4820251464844,352.44586181640625,635.2684326171875,2048,1536,352,635
HFW12-F7,2016,201603251248,HC,1,/Volumes/Seagate Portable Drive/KYLE_AI_DATABASE/A_CAMERA/Focal_species/Gulo gulo/HFW12-F7/HC/2016/COLOR/Robust marks/03.25-12.48/IMG_3283.JPG,IMG_3283.JPG,HFW12-F7_2016_201603251248_IMG_3283.jpg,0.8110772967338562,928.2510375976562,265.159912109375,369.07879638671875,774.76513671875,2048,1536,369,774
HFW12-F7,2016,201603251248,HC,1,/Volumes/Seagate Portable Drive/KYLE_AI_DATABASE/A_CAMERA/Focal_species/Gulo gulo/HFW12-F7/HC/2016/COLOR/Robust marks/03.25-12.48/IMG_3284.JPG,IMG_3284.JPG,HFW12-F7_2016_201603251248_IMG_3284.jpg,0.8455802202224731,951.4308471679688,426.08209228515625,337.28375244140625,639.1676635742188,2048,1536,337,639
HFW12-F7,2016,201603251248,HC,1,/Volumes/Seagate Portable Drive/KYLE_AI_DATABASE/A_CAMERA/Focal_species/Gulo gulo/HFW12-F7/HC/2016/COLOR/Robust marks/03.25-12.48/IMG_3285.JPG,IMG_3285.JPG,HFW12-F7_2016_201603251248_IMG_3285.jpg,0.8768499493598938,960.2957763671875,281.2374572753906,341.164306640625,783.2919921875,2048,1536,341,783
HFW12-F7,2016,201603251248,HC,1,/Volumes/Seagate Portable Drive/KYLE_AI_DATABASE/A_CAMERA/Focal_species/Gulo gulo/HFW12-F7/HC/2016/COLOR/Robust marks/03.25-12.48/IMG_3288.JPG,IMG_3288.JPG,HFW12-F7_2016_201603251248_IMG_3288.jpg,0.8882772922515869,938.02490234375,284.65740966796875,362.330810546875,774.8633422851562,2048,1536,362,774
HFW12-F7,2016,201603251248,HC,1,/Volumes/Seagate Portable Drive/KYLE_AI_DATABASE/A_CAMERA/Focal_species/Gulo gulo/HFW12-F7/HC/2016/COLOR/Robust marks/03.25-12.48/IMG_3292.JPG,IMG_3292.JPG,HFW12-F7_2016_201603251248_IMG_3292.jpg,0.8615171313285828,953.5839233398438,383.2513122558594,362.40545654296875,720.9447021484375,2048,1536,362,720
HFW12-F7,2016,201603251248,HC,1,/Volumes/Seagate Portable Drive/KYLE_AI_DATABASE/A_CAMERA/Focal_species/Gulo gulo/HFW12-F7/HC/2016/COLOR/Robust marks/03.25-12.48/IMG_3293.JPG,IMG_3293.JPG,HFW12-F7_2016_201603251248_IMG_3293.jpg,0.8706124424934387,940.6626586914062,348.764892578125,355.59124755859375,813.112060546875,2048,1536,355,813
HFW12-F7,2016,201603251248,HC,1,/Volumes/Seagate Portable Drive/KYLE_AI_DATABASE/A_CAMERA/Focal_species/Gulo gulo/HFW12-F7/HC/2016/COLOR/Robust marks/03.25-12.48/IMG_3294.JPG,IMG_3294.JPG,HFW12-F7_2016_201603251248_IMG_3294.jpg,0.8497584462165833,983.44873046875,331.8075256347656,336.05517578125,814.5303955078125,2048,1536,336,814
HFW12-F7,2016,201603251248,HC,1,/Volumes/Seagate Portable Drive/KYLE_AI_DATABASE/A_CAMERA/Focal_species/Gulo gulo/HFW12-F7/HC/2016/COLOR/Robust marks/03.25-12.48/IMG_3295.JPG,IMG_3295.JPG,HFW12-F7_2016_201603251248_IMG_3295.jpg,0.8877097964286804,954.808349609375,372.2989501953125,347.375244140625,725.6947021484375,2048,1536,347,725
HFW12-F7,2016,201603251248,HC,1,/Volumes/Seagate Portable Drive/KYLE_AI_DATABASE/A_CAMERA/Focal_species/Gulo gulo/HFW12-F7/HC/2016/COLOR/Robust marks/03.25-12.48/IMG_3296.JPG,IMG_3296.JPG,HFW12-F7_2016_201603251248_IMG_3296.jpg,0.8596232533454895,957.9161376953125,330.5700988769531,342.552734375,742.715576171875,2048,1536,342,742
HFW12-F7,2016,201603251248,HC,1,/Volumes/Seagate Portable Drive/KYLE_AI_DATABASE/A_CAMERA/Focal_species/Gulo gulo/HFW12-F7/HC/2016/COLOR/Robust marks/03.25-12.48/IMG_3297.JPG,IMG_3297.JPG,HFW12-F7_2016_201603251248_IMG_3297.jpg,0.8957359790802002,941.9609375,312.14154052734375,360.690673828125,773.9802856445312,2048,1536,360,773
HFW12-F7,2016,201603251248,HC,1,/Volumes/Seagate Portable Drive/KYLE_AI_DATABASE/A_CAMERA/Focal_species/Gulo gulo/HFW12-F7/HC/2016/COLOR/Robust marks/03.25-12.48/IMG_3298.JPG,IMG_3298.JPG,HFW12-F7_2016_201603251248_IMG_3298.jpg,0.8955546021461487,953.93994140625,312.8009033203125,344.018310546875,772.4876708984375,2048,1536,344,772
HFW12-F7,2016,201603251248,HC,1,/Volumes/Seagate Portable Drive/KYLE_AI_DATABASE/A_CAMERA/Focal_species/Gulo gulo/HFW12-F7/HC/2016/COLOR/Robust marks/03.25-12.48/IMG_3299.JPG,IMG_3299.JPG,HFW12-F7_2016_201603251248_IMG_3299.jpg,0.8641474843025208,944.791015625,376.62548828125,353.658935546875,703.523193359375,2048,1536,353,703
HFW12-F7,2016,201603251248,HC,1,/Volumes/Seagate Portable Drive/KYLE_AI_DATABASE/A_CAMERA/Focal_species/Gulo gulo/HFW12-F7/HC/2016/COLOR/Robust marks/03.25-12.48/IMG_3300.JPG,IMG_3300.JPG,HFW12-F7_2016_201603251248_IMG_3300.jpg,0.8781489133834839,955.9489135742188,303.43878173828125,341.59588623046875,766.5426635742188,2048,1536,341,766
HFW12-F7,2016,201603251248,HC,1,/Volumes/Seagate Portable Drive/KYLE_AI_DATABASE/A_CAMERA/Focal_species/Gulo gulo/HFW12-F7/HC/2016/COLOR/Robust marks/03.25-12.48/IMG_3301.JPG,IMG_3301.JPG,HFW12-F7_2016_201603251248_IMG_3301.jpg,0.8002167344093323,969.7471923828125,335.6273193359375,325.420166015625,727.8555908203125,2048,1536,325,727
HFW12-F7,2016,201603251248,HC,1,/Volumes/Seagate Portable Drive/KYLE_AI_DATABASE/A_CAMERA/Focal_species/Gulo gulo/HFW12-F7/HC/2016/COLOR/Robust marks/03.25-12.48/IMG_3302.JPG,IMG_3302.JPG,HFW12-F7_2016_201603251248_IMG_3302.jpg,0.8648563027381897,974.685302734375,343.1952819824219,317.1083984375,722.7027587890625,2048,1536,317,722
HFW12-F7,2016,201603251248,HC,1,/Volumes/Seagate Portable Drive/KYLE_AI_DATABASE/A_CAMERA/Focal_species/Gulo gulo/HFW12-F7/HC/2016/COLOR/Robust marks/03.25-12.48/IMG_3305.JPG,IMG_3305.JPG,HFW12-F7_2016_201603251248_IMG_3305.jpg,0.9099990725517273,912.3618774414062,335.6654052734375,386.80169677734375,722.3856201171875,2048,1536,386,722
HFW12-F7,2016,201603251248,HC,1,/Volumes/Seagate Portable Drive/KYLE_AI_DATABASE/A_CAMERA/Focal_species/Gulo gulo/HFW12-F7/HC/2016/COLOR/Robust marks/03.25-12.48/IMG_3306.JPG,IMG_3306.JPG,HFW12-F7_2016_201603251248_IMG_3306.jpg,0.8811811804771423,978.3576049804688,340.36175537109375,302.94940185546875,850.3245239257812,2048,1536,302,850
HFW12-F7,2016,201603251248,HC,1,/Volumes/Seagate Portable Drive/KYLE_AI_DATABASE/A_CAMERA/Focal_species/Gulo gulo/HFW12-F7/HC/2016/COLOR/Robust marks/03.25-12.48/IMG_3307.JPG,IMG_3307.JPG,HFW12-F7_2016_201603251248_IMG_3307.jpg,0.8977020978927612,949.2559814453125,417.4658203125,357.50439453125,657.8177490234375,2048,1536,357,657
HFW12-F7,2016,201603251248,HC,1,/Volumes/Seagate Portable Drive/KYLE_AI_DATABASE/A_CAMERA/Focal_species/Gulo gulo/HFW12-F7/HC/2016/COLOR/Robust marks/03.25-12.48/IMG_3308.JPG,IMG_3308.JPG,HFW12-F7_2016_201603251248_IMG_3308.jpg,0.9031904339790344,949.3416748046875,341.07952880859375,341.53515625,771.9462280273438,2048,1536,341,771
HFW12-F7,2016,201603251248,HC,1,/Volumes/Seagate Portable Drive/KYLE_AI_DATABASE/A_CAMERA/Focal_species/Gulo gulo/HFW12-F7/HC/2016/COLOR/Robust marks/03.25-12.48/IMG_3309.JPG,IMG_3309.JPG,HFW12-F7_2016_201603251248_IMG_3309.jpg,0.9237548112869263,931.3541259765625,430.25994873046875,355.654052734375,736.0958862304688,2048,1536,355,736
HFW12-F7,2016,201603251248,HC,1,/Volumes/Seagate Portable Drive/KYLE_AI_DATABASE/A_CAMERA/Focal_species/Gulo gulo/HFW12-F7/HC/2016/COLOR/Robust marks/03.25-12.48/IMG_3310.JPG,IMG_3310.JPG,HFW12-F7_2016_201603251248_IMG_3310.jpg,0.9042477011680603,944.408447265625,421.215087890625,344.705322265625,678.0970458984375,2048,1536,344,678
HFW12-F7,2016,201603251248,HC,1,/Volumes/Seagate Portable Drive/KYLE_AI_DATABASE/A_CAMERA/Focal_species/Gulo gulo/HFW12-F7/HC/2016/COLOR/Robust marks/03.25-12.48/IMG_3311.JPG,IMG_3311.JPG,HFW12-F7_2016_201603251248_IMG_3311.jpg,0.9027878642082214,951.5166015625,339.9788513183594,330.001708984375,759.5872802734375,2048,1536,330,759
HFW12-F7,2016,201603251248,HC,1,/Volumes/Seagate Portable Drive/KYLE_AI_DATABASE/A_CAMERA/Focal_species/Gulo gulo/HFW12-F7/HC/2016/COLOR/Robust marks/03.25-12.48/IMG_3312.JPG,IMG_3312.JPG,HFW12-F7_2016_201603251248_IMG_3312.jpg,0.861575722694397,954.0427856445312,364.5159606933594,337.99017333984375,728.6844482421875,2048,1536,337,728
HFW12-F7,2016,201603251248,HC,1,/Volumes/Seagate Portable Drive/KYLE_AI_DATABASE/A_CAMERA/Focal_species/Gulo gulo/HFW12-F7/HC/2016/COLOR/Robust marks/03.25-12.48/IMG_3313.JPG,IMG_3313.JPG,HFW12-F7_2016_201603251248_IMG_3313.jpg,0.9199066162109375,947.814697265625,376.5259094238281,342.8115234375,697.518798828125,2048,1536,342,697
HFW12-F7,2016,201603251248,HC,1,/Volumes/Seagate Portable Drive/KYLE_AI_DATABASE/A_CAMERA/Focal_species/Gulo gulo/HFW12-F7/HC/2016/COLOR/Robust marks/03.25-12.48/IMG_3314.JPG,IMG_3314.JPG,HFW12-F7_2016_201603251248_IMG_3314.jpg,0.8502295613288879,954.7435302734375,368.35400390625,336.87451171875,703.779541015625,2048,1536,336,703
HFW12-F7,2016,201603251248,HC,1,/Volumes/Seagate Portable Drive/KYLE_AI_DATABASE/A_CAMERA/Focal_species/Gulo gulo/HFW12-F7/HC/2016/COLOR/Robust marks/03.25-12.48/IMG_3315.JPG,IMG_3315.JPG,HFW12-F7_2016_201603251248_IMG_3315.jpg,0.9051818251609802,946.26904296875,344.4575500488281,335.817626953125,744.7935791015625,2048,1536,335,744
HFW12-F7,2016,201603251248,HC,1,/Volumes/Seagate Portable Drive/KYLE_AI_DATABASE/A_CAMERA/Focal_species/Gulo gulo/HFW12-F7/HC/2016/COLOR/Robust marks/03.25-12.48/IMG_3316.JPG,IMG_3316.JPG,HFW12-F7_2016_201603251248_IMG_3316.jpg,0.9007391333580017,951.099365234375,360.5470886230469,329.010498046875,728.344970703125,2048,1536,329,728
HFW12-F7,2016,201603251248,HC,1,/Volumes/Seagate Portable Drive/KYLE_AI_DATABASE/A_CAMERA/Focal_species/Gulo gulo/HFW12-F7/HC/2016/COLOR/Robust marks/03.25-12.48/IMG_3317.JPG,IMG_3317.JPG,HFW12-F7_2016_201603251248_IMG_3317.jpg,0.9243166446685791,917.5921630859375,363.62176513671875,366.45458984375,697.2981567382812,2048,1536,366,697
HFW12-F7,2016,201603251248,HC,1,/Volumes/Seagate Portable Drive/KYLE_AI_DATABASE/A_CAMERA/Focal_species/Gulo gulo/HFW12-F7/HC/2016/COLOR/Robust marks/03.25-12.48/IMG_3318.JPG,IMG_3318.JPG,HFW12-F7_2016_201603251248_IMG_3318.jpg,0.9075889587402344,913.5626831054688,338.6573486328125,355.62847900390625,712.705322265625,2048,1536,355,712
HFW12-F7,2016,201603251248,HC,1,/Volumes/Seagate Portable Drive/KYLE_AI_DATABASE/A_CAMERA/Focal_species/Gulo gulo/HFW12-F7/HC/2016/COLOR/Robust marks/03.25-12.48/IMG_3319.JPG,IMG_3319.JPG,HFW12-F7_2016_201603251248_IMG_3319.jpg,0.901022732257843,929.5980834960938,360.0758056640625,335.86944580078125,802.953369140625,2048,1536,335,802
HFW12-F7,2016,201603251248,HC,1,/Volumes/Seagate Portable Drive/KYLE_AI_DATABASE/A_CAMERA/Focal_species/Gulo gulo/HFW12-F7/HC/2016/COLOR/Robust marks/03.25-12.48/IMG_3320.JPG,IMG_3320.JPG,HFW12-F7_2016_201603251248_IMG_3320.jpg,0.914397656917572,943.499755859375,358.192138671875,353.34326171875,809.8431396484375,2048,1536,353,809
HFW12-F7,2016,201603251248,HC,1,/Volumes/Seagate Portable Drive/KYLE_AI_DATABASE/A_CAMERA/Focal_species/Gulo gulo/HFW12-F7/HC/2016/COLOR/Robust marks/03.25-12.48/IMG_3321.JPG,IMG_3321.JPG,HFW12-F7_2016_201603251248_IMG_3321.jpg,0.8654578924179077,943.8895874023438,358.24078369140625,374.88739013671875,799.8204956054688,2048,1536,374,799
HFW12-F7,2016,201603251248,HC,1,/Volumes/Seagate Portable Drive/KYLE_AI_DATABASE/A_CAMERA/Focal_species/Gulo gulo/HFW12-F7/HC/2016/COLOR/Robust marks/03.25-12.48/IMG_3322.JPG,IMG_3322.JPG,HFW12-F7_2016_201603251248_IMG_3322.jpg,0.8957818150520325,913.1771240234375,365.889892578125,393.78515625,715.7791748046875,2048,1536,393,715
HFW12-F7,2016,201603251248,HC,1,/Volumes/Seagate Portable Drive/KYLE_AI_DATABASE/A_CAMERA/Focal_species/Gulo gulo/HFW12-F7/HC/2016/COLOR/Robust marks/03.25-12.48/IMG_3323.JPG,IMG_3323.JPG,HFW12-F7_2016_201603251248_IMG_3323.jpg,0.9029005765914917,981.2455444335938,350.72979736328125,307.90411376953125,864.9574584960938,2048,1536,307,864
HFW12-F7,2016,201603251248,HC,1,/Volumes/Seagate Portable Drive/KYLE_AI_DATABASE/A_CAMERA/Focal_species/Gulo gulo/HFW12-F7/HC/2016/COLOR/Robust marks/03.25-12.48/IMG_3324.JPG,IMG_3324.JPG,HFW12-F7_2016_201603251248_IMG_3324.jpg,0.9372151494026184,1016.5914306640625,536.8114624023438,534.149658203125,679.1809692382812,2048,1536,534,679
HFW12-F7,2016,201603251248,HC,1,/Volumes/Seagate Portable Drive/KYLE_AI_DATABASE/A_CAMERA/Focal_species/Gulo gulo/HFW12-F7/HC/2016/COLOR/Robust marks/03.25-12.48/IMG_3325.JPG,IMG_3325.JPG,HFW12-F7_2016_201603251248_IMG_3325.jpg,0.8336784243583679,1780.599365234375,1112.619384765625,267.735595703125,387.292236328125,2048,1536,267,387
