id,year,ymdh,station,color,original_path,original_filename,crop_filename,confidence,bbox_x,bbox_y,bbox_width,bbox_height,image_width,image_height,crop_width,crop_height
HLC20-H3,2023,202303141949,PP,0,/Volumes/Seagate Portable Drive/KYLE_AI_DATABASE/A_CAMERA/Focal_species/Gulo gulo/HLC20-H3/PP/2023/B&W/Robust marks/03.14-19.49/RCNX0211.JPG,RCNX0211.JPG,HLC20-H3_2023_202303141949_RCNX0211.jpg,0.831142246723175,950.4966430664062,737.2561645507812,321.77569580078125,661.9937133789062,2048,1440,321,661
HLC20-H3,2023,202303141949,PP,0,/Volumes/Seagate Portable Drive/KYLE_AI_DATABASE/A_CAMERA/Focal_species/Gulo gulo/HLC20-H3/PP/2023/B&W/Robust marks/03.14-19.49/RCNX0212.JPG,RCNX0212.JPG,HLC20-H3_2023_202303141949_RCNX0212.jpg,0.8535757660865784,946.412841796875,672.9254760742188,326.330322265625,729.3644409179688,2048,1440,326,729
HLC20-H3,2023,202303141949,PP,0,/Volumes/Seagate Portable Drive/KYLE_AI_DATABASE/A_CAMERA/Focal_species/Gulo gulo/HLC20-H3/PP/2023/B&W/Robust marks/03.14-19.49/RCNX0214.JPG,RCNX0214.JPG,HLC20-H3_2023_202303141949_RCNX0214.jpg,0.8203148245811462,912.1610107421875,767.2298583984375,366.9150390625,637.9346923828125,2048,1440,366,637
HLC20-H3,2023,202303141949,PP,0,/Volumes/Seagate Portable Drive/KYLE_AI_DATABASE/A_CAMERA/Focal_species/Gulo gulo/HLC20-H3/PP/2023/B&W/Robust marks/03.14-19.49/RCNX0215.JPG,RCNX0215.JPG,HLC20-H3_2023_202303141949_RCNX0215.jpg,0.9016819596290588,886.380615234375,1117.412109375,510.093017578125,288.9732666015625,2048,1440,510,288
HLC20-H3,2023,202303141949,PP,0,/Volumes/Seagate Portable Drive/KYLE_AI_DATABASE/A_CAMERA/Focal_species/Gulo gulo/HLC20-H3/PP/2023/B&W/Robust marks/03.14-19.49/RCNX0216.JPG,RCNX0216.JPG,HLC20-H3_2023_202303141949_RCNX0216.jpg,0.8853380084037781,896.6429443359375,1134.1619873046875,494.26953125,272.618408203125,2048,1440,494,272
HLC20-H3,2023,202303141949,PP,0,/Volumes/Seagate Portable Drive/KYLE_AI_DATABASE/A_CAMERA/Focal_species/Gulo gulo/HLC20-H3/PP/2023/B&W/Robust marks/03.14-19.49/RCNX0217.JPG,RCNX0217.JPG,HLC20-H3_2023_202303141949_RCNX0217.jpg,0.8203656673431396,998.2060546875,1147.603759765625,358.54150390625,258.748291015625,2048,1440,358,258
HLC20-H3,2023,202303141949,PP,0,/Volumes/Seagate Portable Drive/KYLE_AI_DATABASE/A_CAMERA/Focal_species/Gulo gulo/HLC20-H3/PP/2023/B&W/Robust marks/03.14-19.49/RCNX0218.JPG,RCNX0218.JPG,HLC20-H3_2023_202303141949_RCNX0218.jpg,0.9047843813896179,1001.0673828125,1146.010986328125,452.781494140625,260.6412353515625,2048,1440,452,260
HLC20-H3,2023,202303141949,PP,0,/Volumes/Seagate Portable Drive/KYLE_AI_DATABASE/A_CAMERA/Focal_species/Gulo gulo/HLC20-H3/PP/2023/B&W/Robust marks/03.14-19.49/RCNX0219.JPG,RCNX0219.JPG,HLC20-H3_2023_202303141949_RCNX0219.jpg,0.8614219427108765,1010.9335327148438,1147.812255859375,449.15167236328125,258.5189208984375,2048,1440,449,258
HLC20-H3,2023,202303141949,PP,0,/Volumes/Seagate Portable Drive/KYLE_AI_DATABASE/A_CAMERA/Focal_species/Gulo gulo/HLC20-H3/PP/2023/B&W/Robust marks/03.14-19.49/RCNX0221.JPG,RCNX0221.JPG,HLC20-H3_2023_202303141949_RCNX0221.jpg,0.8426482677459717,939.0816650390625,169.01182556152344,393.012451171875,766.1586303710938,2048,1440,393,766
HLC20-H3,2023,202303141949,PP,0,/Volumes/Seagate Portable Drive/KYLE_AI_DATABASE/A_CAMERA/Focal_species/Gulo gulo/HLC20-H3/PP/2023/B&W/Robust marks/03.14-19.49/RCNX0222.JPG,RCNX0222.JPG,HLC20-H3_2023_202303141949_RCNX0222.jpg,0.8917781114578247,798.7994384765625,139.10008239746094,568.191162109375,849.3257446289062,2048,1440,568,849
HLC20-H3,2023,202303141949,PP,0,/Volumes/Seagate Portable Drive/KYLE_AI_DATABASE/A_CAMERA/Focal_species/Gulo gulo/HLC20-H3/PP/2023/B&W/Robust marks/03.14-19.49/RCNX0225.JPG,RCNX0225.JPG,HLC20-H3_2023_202303141949_RCNX0225.jpg,0.8840399384498596,824.2159423828125,139.02279663085938,530.708251953125,881.2572021484375,2048,1440,530,881
HLC20-H3,2023,202303141949,PP,0,/Volumes/Seagate Portable Drive/KYLE_AI_DATABASE/A_CAMERA/Focal_species/Gulo gulo/HLC20-H3/PP/2023/B&W/Robust marks/03.14-19.49/RCNX0227.JPG,RCNX0227.JPG,HLC20-H3_2023_202303141949_RCNX0227.jpg,0.850494384765625,1009.1787109375,249.68919372558594,351.26806640625,760.1129760742188,2048,1440,351,760
HLC20-H3,2023,202303141949,PP,0,/Volumes/Seagate Portable Drive/KYLE_AI_DATABASE/A_CAMERA/Focal_species/Gulo gulo/HLC20-H3/PP/2023/B&W/Robust marks/03.14-19.49/RCNX0230.JPG,RCNX0230.JPG,HLC20-H3_2023_202303141949_RCNX0230.jpg,0.8139623403549194,831.9844970703125,108.7776107788086,507.5556640625,841.4755249023438,2048,1440,507,841
HLC20-H3,2023,202303141949,PP,0,/Volumes/Seagate Portable Drive/KYLE_AI_DATABASE/A_CAMERA/Focal_species/Gulo gulo/HLC20-H3/PP/2023/B&W/Robust marks/03.14-19.49/RCNX0231.JPG,RCNX0231.JPG,HLC20-H3_2023_202303141949_RCNX0231.jpg,0.9460442066192627,1037.03564453125,232.67330932617188,332.13916015625,780.3134765625,2048,1440,332,780
HLC20-H3,2023,202303141949,PP,0,/Volumes/Seagate Portable Drive/KYLE_AI_DATABASE/A_CAMERA/Focal_species/Gulo gulo/HLC20-H3/PP/2023/B&W/Robust marks/03.14-19.49/RCNX0232.JPG,RCNX0232.JPG,HLC20-H3_2023_202303141949_RCNX0232.jpg,0.891859769821167,1031.183349609375,232.15725708007812,329.20166015625,784.756103515625,2048,1440,329,784
HLC20-H3,2023,202303141949,PP,0,/Volumes/Seagate Portable Drive/KYLE_AI_DATABASE/A_CAMERA/Focal_species/Gulo gulo/HLC20-H3/PP/2023/B&W/Robust marks/03.14-19.49/RCNX0235.JPG,RCNX0235.JPG,HLC20-H3_2023_202303141949_RCNX0235.jpg,0.8439925909042358,998.1386108398438,219.23565673828125,356.51446533203125,759.69580078125,2048,1440,356,759
HLC20-H3,2023,202303141949,PP,0,/Volumes/Seagate Portable Drive/KYLE_AI_DATABASE/A_CAMERA/Focal_species/Gulo gulo/HLC20-H3/PP/2023/B&W/Robust marks/03.14-19.49/RCNX0236.JPG,RCNX0236.JPG,HLC20-H3_2023_202303141949_RCNX0236.jpg,0.8114866018295288,859.4357299804688,124.83146667480469,537.6167602539062,1042.23828125,2048,1440,537,1042
HLC20-H3,2023,202303141949,PP,0,/Volumes/Seagate Portable Drive/KYLE_AI_DATABASE/A_CAMERA/Focal_species/Gulo gulo/HLC20-H3/PP/2023/B&W/Robust marks/03.14-19.49/RCNX0237.JPG,RCNX0237.JPG,HLC20-H3_2023_202303141949_RCNX0237.jpg,0.9406209588050842,824.003173828125,160.35533142089844,524.45849609375,835.545654296875,2048,1440,524,835
HLC20-H3,2023,202303141949,PP,0,/Volumes/Seagate Portable Drive/KYLE_AI_DATABASE/A_CAMERA/Focal_species/Gulo gulo/HLC20-H3/PP/2023/B&W/Robust marks/03.14-19.49/RCNX0238.JPG,RCNX0238.JPG,HLC20-H3_2023_202303141949_RCNX0238.jpg,0.892585039138794,1002.993896484375,285.446533203125,379.361083984375,714.3338012695312,2048,1440,379,714
HLC20-H3,2023,202303141949,PP,0,/Volumes/Seagate Portable Drive/KYLE_AI_DATABASE/A_CAMERA/Focal_species/Gulo gulo/HLC20-H3/PP/2023/B&W/Robust marks/03.14-19.49/RCNX0239.JPG,RCNX0239.JPG,HLC20-H3_2023_202303141949_RCNX0239.jpg,0.8738759756088257,892.0451049804688,123.16481018066406,460.35601806640625,961.9381103515625,2048,1440,460,961
HLC20-H3,2023,202303141949,PP,0,/Volumes/Seagate Portable Drive/KYLE_AI_DATABASE/A_CAMERA/Focal_species/Gulo gulo/HLC20-H3/PP/2023/B&W/Robust marks/03.14-19.49/RCNX0240.JPG,RCNX0240.JPG,HLC20-H3_2023_202303141949_RCNX0240.jpg,0.9589332342147827,777.64697265625,92.45557403564453,643.67919921875,897.32763671875,2048,1440,643,897
HLC20-H3,2023,202303141949,PP,0,/Volumes/Seagate Portable Drive/KYLE_AI_DATABASE/A_CAMERA/Focal_species/Gulo gulo/HLC20-H3/PP/2023/B&W/Robust marks/03.14-19.49/RCNX0241.JPG,RCNX0241.JPG,HLC20-H3_2023_202303141949_RCNX0241.jpg,0.8397810459136963,765.2164306640625,89.69186401367188,620.11083984375,758.953369140625,2048,1440,620,758
HLC20-H3,2023,202303141949,PP,0,/Volumes/Seagate Portable Drive/KYLE_AI_DATABASE/A_CAMERA/Focal_species/Gulo gulo/HLC20-H3/PP/2023/B&W/Robust marks/03.14-19.49/RCNX0242.JPG,RCNX0242.JPG,HLC20-H3_2023_202303141949_RCNX0242.jpg,0.9343962669372559,834.5637817382812,111.61079406738281,545.7614135742188,908.7125244140625,2048,1440,545,908
HLC20-H3,2023,202303141949,PP,0,/Volumes/Seagate Portable Drive/KYLE_AI_DATABASE/A_CAMERA/Focal_species/Gulo gulo/HLC20-H3/PP/2023/B&W/Robust marks/03.14-19.49/RCNX0243.JPG,RCNX0243.JPG,HLC20-H3_2023_202303141949_RCNX0243.jpg,0.8794850707054138,1005.9217529296875,269.2568664550781,371.362548828125,756.79248046875,2048,1440,371,756
HLC20-H3,2023,202303141949,PP,0,/Volumes/Seagate Portable Drive/KYLE_AI_DATABASE/A_CAMERA/Focal_species/Gulo gulo/HLC20-H3/PP/2023/B&W/Robust marks/03.14-19.49/RCNX0244.JPG,RCNX0244.JPG,HLC20-H3_2023_202303141949_RCNX0244.jpg,0.9203782677650452,1055.9522705078125,310.4731140136719,384.938720703125,726.005615234375,2048,1440,384,726
HLC20-H3,2023,202303141949,PP,0,/Volumes/Seagate Portable Drive/KYLE_AI_DATABASE/A_CAMERA/Focal_species/Gulo gulo/HLC20-H3/PP/2023/B&W/Robust marks/03.14-19.49/RCNX0245.JPG,RCNX0245.JPG,HLC20-H3_2023_202303141949_RCNX0245.jpg,0.9404107928276062,899.8665161132812,305.6714172363281,498.51116943359375,651.8233642578125,2048,1440,498,651
HLC20-H3,2023,202303141949,PP,0,/Volumes/Seagate Portable Drive/KYLE_AI_DATABASE/A_CAMERA/Focal_species/Gulo gulo/HLC20-H3/PP/2023/B&W/Robust marks/03.14-19.49/RCNX0246.JPG,RCNX0246.JPG,HLC20-H3_2023_202303141949_RCNX0246.jpg,0.9114243984222412,954.94482421875,279.4047546386719,455.155029296875,712.78466796875,2048,1440,455,712
HLC20-H3,2023,202303141949,PP,0,/Volumes/Seagate Portable Drive/KYLE_AI_DATABASE/A_CAMERA/Focal_species/Gulo gulo/HLC20-H3/PP/2023/B&W/Robust marks/03.14-19.49/RCNX0247.JPG,RCNX0247.JPG,HLC20-H3_2023_202303141949_RCNX0247.jpg,0.9037443995475769,1054.3585205078125,211.0025177001953,345.220703125,791.16845703125,2048,1440,345,791
HLC20-H3,2023,202303141949,PP,0,/Volumes/Seagate Portable Drive/KYLE_AI_DATABASE/A_CAMERA/Focal_species/Gulo gulo/HLC20-H3/PP/2023/B&W/Robust marks/03.14-19.49/RCNX0248.JPG,RCNX0248.JPG,HLC20-H3_2023_202303141949_RCNX0248.jpg,0.9352381229400635,854.30712890625,148.0949249267578,551.20751953125,851.934326171875,2048,1440,551,851
HLC20-H3,2023,202303141949,PP,0,/Volumes/Seagate Portable Drive/KYLE_AI_DATABASE/A_CAMERA/Focal_species/Gulo gulo/HLC20-H3/PP/2023/B&W/Robust marks/03.14-19.49/RCNX0249.JPG,RCNX0249.JPG,HLC20-H3_2023_202303141949_RCNX0249.jpg,0.9148910641670227,1005.78173828125,298.30340576171875,404.500244140625,665.7225341796875,2048,1440,404,665
HLC20-H3,2023,202303141949,PP,0,/Volumes/Seagate Portable Drive/KYLE_AI_DATABASE/A_CAMERA/Focal_species/Gulo gulo/HLC20-H3/PP/2023/B&W/Robust marks/03.14-19.49/RCNX0250.JPG,RCNX0250.JPG,HLC20-H3_2023_202303141949_RCNX0250.jpg,0.9460769295692444,982.8780517578125,222.58953857421875,401.68603515625,762.421142578125,2048,1440,401,762
HLC20-H3,2023,202303141949,PP,0,/Volumes/Seagate Portable Drive/KYLE_AI_DATABASE/A_CAMERA/Focal_species/Gulo gulo/HLC20-H3/PP/2023/B&W/Robust marks/03.14-19.49/RCNX0251.JPG,RCNX0251.JPG,HLC20-H3_2023_202303141949_RCNX0251.jpg,0.9410595893859863,991.1361083984375,304.13238525390625,374.455322265625,654.957763671875,2048,1440,374,654
HLC20-H3,2023,202303141949,PP,0,/Volumes/Seagate Portable Drive/KYLE_AI_DATABASE/A_CAMERA/Focal_species/Gulo gulo/HLC20-H3/PP/2023/B&W/Robust marks/03.14-19.49/RCNX0254.JPG,RCNX0254.JPG,HLC20-H3_2023_202303141949_RCNX0254.jpg,0.8409087657928467,927.786865234375,246.53419494628906,408.87158203125,761.695556640625,2048,1440,408,761
HLC20-H3,2023,202303141949,PP,0,/Volumes/Seagate Portable Drive/KYLE_AI_DATABASE/A_CAMERA/Focal_species/Gulo gulo/HLC20-H3/PP/2023/B&W/Robust marks/03.14-19.49/RCNX0255.JPG,RCNX0255.JPG,HLC20-H3_2023_202303141949_RCNX0255.jpg,0.850463330745697,919.7084350585938,232.1709442138672,418.79925537109375,776.536865234375,2048,1440,418,776
HLC20-H3,2023,202303141949,PP,0,/Volumes/Seagate Portable Drive/KYLE_AI_DATABASE/A_CAMERA/Focal_species/Gulo gulo/HLC20-H3/PP/2023/B&W/Robust marks/03.14-19.49/RCNX0256.JPG,RCNX0256.JPG,HLC20-H3_2023_202303141949_RCNX0256.jpg,0.8807549476623535,959.198974609375,262.4720458984375,406.27734375,738.966064453125,2048,1440,406,738
HLC20-H3,2023,202303141949,PP,0,/Volumes/Seagate Portable Drive/KYLE_AI_DATABASE/A_CAMERA/Focal_species/Gulo gulo/HLC20-H3/PP/2023/B&W/Robust marks/03.14-19.49/RCNX0257.JPG,RCNX0257.JPG,HLC20-H3_2023_202303141949_RCNX0257.jpg,0.9006003737449646,1001.92138671875,181.67996215820312,340.938232421875,815.0672607421875,2048,1440,340,815
HLC20-H3,2023,202303141949,PP,0,/Volumes/Seagate Portable Drive/KYLE_AI_DATABASE/A_CAMERA/Focal_species/Gulo gulo/HLC20-H3/PP/2023/B&W/Robust marks/03.14-19.49/RCNX0258.JPG,RCNX0258.JPG,HLC20-H3_2023_202303141949_RCNX0258.jpg,0.8711806535720825,920.0147094726562,81.89895629882812,423.32879638671875,929.3475341796875,2048,1440,423,929
HLC20-H3,2023,202303141949,PP,0,/Volumes/Seagate Portable Drive/KYLE_AI_DATABASE/A_CAMERA/Focal_species/Gulo gulo/HLC20-H3/PP/2023/B&W/Robust marks/03.14-19.49/RCNX0259.JPG,RCNX0259.JPG,HLC20-H3_2023_202303141949_RCNX0259.jpg,0.865561306476593,981.4257202148438,231.91177368164062,368.73834228515625,787.2806396484375,2048,1440,368,787
HLC20-H3,2023,202303141949,PP,0,/Volumes/Seagate Portable Drive/KYLE_AI_DATABASE/A_CAMERA/Focal_species/Gulo gulo/HLC20-H3/PP/2023/B&W/Robust marks/03.14-19.49/RCNX0260.JPG,RCNX0260.JPG,HLC20-H3_2023_202303141949_RCNX0260.jpg,0.881099283695221,1000.697021484375,213.4441375732422,351.377685546875,792.5239868164062,2048,1440,351,792
HLC20-H3,2023,202303141949,PP,0,/Volumes/Seagate Portable Drive/KYLE_AI_DATABASE/A_CAMERA/Focal_species/Gulo gulo/HLC20-H3/PP/2023/B&W/Robust marks/03.14-19.49/RCNX0261.JPG,RCNX0261.JPG,HLC20-H3_2023_202303141949_RCNX0261.jpg,0.8591116666793823,923.8096923828125,156.0655517578125,430.255126953125,840.0440673828125,2048,1440,430,840
HLC20-H3,2023,202303141949,PP,0,/Volumes/Seagate Portable Drive/KYLE_AI_DATABASE/A_CAMERA/Focal_species/Gulo gulo/HLC20-H3/PP/2023/B&W/Robust marks/03.14-19.49/RCNX0263.JPG,RCNX0263.JPG,HLC20-H3_2023_202303141949_RCNX0263.jpg,0.8747560381889343,1026.2686767578125,266.78607177734375,342.03125,753.2703857421875,2048,1440,342,753
HLC20-H3,2023,202303141949,PP,0,/Volumes/Seagate Portable Drive/KYLE_AI_DATABASE/A_CAMERA/Focal_species/Gulo gulo/HLC20-H3/PP/2023/B&W/Robust marks/03.14-19.49/RCNX0264.JPG,RCNX0264.JPG,HLC20-H3_2023_202303141949_RCNX0264.jpg,0.8903295993804932,1015.1461181640625,266.5937194824219,358.09033203125,751.1429443359375,2048,1440,358,751
HLC20-H3,2023,202303141949,PP,0,/Volumes/Seagate Portable Drive/KYLE_AI_DATABASE/A_CAMERA/Focal_species/Gulo gulo/HLC20-H3/PP/2023/B&W/Robust marks/03.14-19.49/RCNX0265.JPG,RCNX0265.JPG,HLC20-H3_2023_202303141949_RCNX0265.jpg,0.8795007467269897,1052.056396484375,208.51068115234375,329.14404296875,795.2589721679688,2048,1440,329,795
HLC20-H3,2023,202303141949,PP,0,/Volumes/Seagate Portable Drive/KYLE_AI_DATABASE/A_CAMERA/Focal_species/Gulo gulo/HLC20-H3/PP/2023/B&W/Robust marks/03.14-19.49/RCNX0266.JPG,RCNX0266.JPG,HLC20-H3_2023_202303141949_RCNX0266.jpg,0.8222625255584717,973.79736328125,171.53460693359375,398.529296875,849.3997192382812,2048,1440,398,849
HLC20-H3,2023,202303141949,PP,0,/Volumes/Seagate Portable Drive/KYLE_AI_DATABASE/A_CAMERA/Focal_species/Gulo gulo/HLC20-H3/PP/2023/B&W/Robust marks/03.14-19.49/RCNX0267.JPG,RCNX0267.JPG,HLC20-H3_2023_202303141949_RCNX0267.jpg,0.9067912697792053,972.8800659179688,167.70523071289062,405.78302001953125,853.4986572265625,2048,1440,405,853
HLC20-H3,2023,202303141949,PP,0,/Volumes/Seagate Portable Drive/KYLE_AI_DATABASE/A_CAMERA/Focal_species/Gulo gulo/HLC20-H3/PP/2023/B&W/Robust marks/03.14-19.49/RCNX0268.JPG,RCNX0268.JPG,HLC20-H3_2023_202303141949_RCNX0268.jpg,0.9128933548927307,1036.4898681640625,249.14828491210938,339.101806640625,776.80517578125,2048,1440,339,776
HLC20-H3,2023,202303141949,PP,0,/Volumes/Seagate Portable Drive/KYLE_AI_DATABASE/A_CAMERA/Focal_species/Gulo gulo/HLC20-H3/PP/2023/B&W/Robust marks/03.14-19.49/RCNX0269.JPG,RCNX0269.JPG,HLC20-H3_2023_202303141949_RCNX0269.jpg,0.9349285364151001,1034.861328125,221.72573852539062,341.657958984375,794.6669921875,2048,1440,341,794
HLC20-H3,2023,202303141949,PP,0,/Volumes/Seagate Portable Drive/KYLE_AI_DATABASE/A_CAMERA/Focal_species/Gulo gulo/HLC20-H3/PP/2023/B&W/Robust marks/03.14-19.49/RCNX0270.JPG,RCNX0270.JPG,HLC20-H3_2023_202303141949_RCNX0270.jpg,0.8731134533882141,1031.098876953125,244.0949249267578,341.829833984375,782.2935180664062,2048,1440,341,782
HLC20-H3,2023,202303141949,PP,0,/Volumes/Seagate Portable Drive/KYLE_AI_DATABASE/A_CAMERA/Focal_species/Gulo gulo/HLC20-H3/PP/2023/B&W/Robust marks/03.14-19.49/RCNX0271.JPG,RCNX0271.JPG,HLC20-H3_2023_202303141949_RCNX0271.jpg,0.8795551061630249,1042.4781494140625,295.3711242675781,359.666259765625,728.60791015625,2048,1440,359,728
HLC20-H3,2023,202303141949,PP,0,/Volumes/Seagate Portable Drive/KYLE_AI_DATABASE/A_CAMERA/Focal_species/Gulo gulo/HLC20-H3/PP/2023/B&W/Robust marks/03.14-19.49/RCNX0272.JPG,RCNX0272.JPG,HLC20-H3_2023_202303141949_RCNX0272.jpg,0.9247775077819824,1011.64599609375,293.8799743652344,359.1689453125,716.97314453125,2048,1440,359,716
HLC20-H3,2023,202303141949,PP,0,/Volumes/Seagate Portable Drive/KYLE_AI_DATABASE/A_CAMERA/Focal_species/Gulo gulo/HLC20-H3/PP/2023/B&W/Robust marks/03.14-19.49/RCNX0273.JPG,RCNX0273.JPG,HLC20-H3_2023_202303141949_RCNX0273.jpg,0.8942134976387024,1044.6181640625,276.2658386230469,333.248779296875,718.328369140625,2048,1440,333,718
HLC20-H3,2023,202303141949,PP,0,/Volumes/Seagate Portable Drive/KYLE_AI_DATABASE/A_CAMERA/Focal_species/Gulo gulo/HLC20-H3/PP/2023/B&W/Robust marks/03.14-19.49/RCNX0274.JPG,RCNX0274.JPG,HLC20-H3_2023_202303141949_RCNX0274.jpg,0.9098076224327087,1041.8431396484375,241.63853454589844,333.12548828125,766.8236083984375,2048,1440,333,766
HLC20-H3,2023,202303141949,PP,0,/Volumes/Seagate Portable Drive/KYLE_AI_DATABASE/A_CAMERA/Focal_species/Gulo gulo/HLC20-H3/PP/2023/B&W/Robust marks/03.14-19.49/RCNX0275.JPG,RCNX0275.JPG,HLC20-H3_2023_202303141949_RCNX0275.jpg,0.9317193031311035,1047.6158447265625,222.77694702148438,324.5078125,781.2520751953125,2048,1440,324,781
HLC20-H3,2023,202303141949,PP,0,/Volumes/Seagate Portable Drive/KYLE_AI_DATABASE/A_CAMERA/Focal_species/Gulo gulo/HLC20-H3/PP/2023/B&W/Robust marks/03.14-19.49/RCNX0276.JPG,RCNX0276.JPG,HLC20-H3_2023_202303141949_RCNX0276.jpg,0.8502790331840515,998.7366943359375,224.49818420410156,385.4697265625,775.6475219726562,2048,1440,385,775
HLC20-H3,2023,202303141949,PP,0,/Volumes/Seagate Portable Drive/KYLE_AI_DATABASE/A_CAMERA/Focal_species/Gulo gulo/HLC20-H3/PP/2023/B&W/Robust marks/03.14-19.49/RCNX0278.JPG,RCNX0278.JPG,HLC20-H3_2023_202303141949_RCNX0278.jpg,0.8397513628005981,950.4744262695312,227.0695037841797,437.90203857421875,796.40185546875,2048,1440,437,796
HLC20-H3,2023,202303141949,PP,0,/Volumes/Seagate Portable Drive/KYLE_AI_DATABASE/A_CAMERA/Focal_species/Gulo gulo/HLC20-H3/PP/2023/B&W/Robust marks/03.14-19.49/RCNX0279.JPG,RCNX0279.JPG,HLC20-H3_2023_202303141949_RCNX0279.jpg,0.835972785949707,1029.05126953125,309.8819580078125,338.948974609375,736.9134521484375,2048,1440,338,736
HLC20-H3,2023,202303141949,PP,0,/Volumes/Seagate Portable Drive/KYLE_AI_DATABASE/A_CAMERA/Focal_species/Gulo gulo/HLC20-H3/PP/2023/B&W/Robust marks/03.14-19.49/RCNX0280.JPG,RCNX0280.JPG,HLC20-H3_2023_202303141949_RCNX0280.jpg,0.9140437245368958,1046.208984375,248.41851806640625,352.23388671875,744.8399658203125,2048,1440,352,744
HLC20-H3,2023,202303141949,PP,0,/Volumes/Seagate Portable Drive/KYLE_AI_DATABASE/A_CAMERA/Focal_species/Gulo gulo/HLC20-H3/PP/2023/B&W/Robust marks/03.14-19.49/RCNX0281.JPG,RCNX0281.JPG,HLC20-H3_2023_202303141949_RCNX0281.jpg,0.8646895289421082,1033.68115234375,310.62841796875,354.650634765625,717.437744140625,2048,1440,354,717
HLC20-H3,2023,202303141949,PP,0,/Volumes/Seagate Portable Drive/KYLE_AI_DATABASE/A_CAMERA/Focal_species/Gulo gulo/HLC20-H3/PP/2023/B&W/Robust marks/03.14-19.49/RCNX0282.JPG,RCNX0282.JPG,HLC20-H3_2023_202303141949_RCNX0282.jpg,0.8784445524215698,1043.162353515625,190.73373413085938,344.26318359375,824.6787109375,2048,1440,344,824
HLC20-H3,2023,202303141949,PP,0,/Volumes/Seagate Portable Drive/KYLE_AI_DATABASE/A_CAMERA/Focal_species/Gulo gulo/HLC20-H3/PP/2023/B&W/Robust marks/03.14-19.49/RCNX0283.JPG,RCNX0283.JPG,HLC20-H3_2023_202303141949_RCNX0283.jpg,0.890091061592102,982.6635131835938,136.69119262695312,403.13311767578125,689.1417236328125,2048,1440,403,689
HLC20-H3,2023,202303141949,PP,0,/Volumes/Seagate Portable Drive/KYLE_AI_DATABASE/A_CAMERA/Focal_species/Gulo gulo/HLC20-H3/PP/2023/B&W/Robust marks/03.14-19.49/RCNX0284.JPG,RCNX0284.JPG,HLC20-H3_2023_202303141949_RCNX0284.jpg,0.9216946959495544,927.903076171875,112.67157745361328,459.381591796875,906.2938232421875,2048,1440,459,906
HLC20-H3,2023,202303141949,PP,0,/Volumes/Seagate Portable Drive/KYLE_AI_DATABASE/A_CAMERA/Focal_species/Gulo gulo/HLC20-H3/PP/2023/B&W/Robust marks/03.14-19.49/RCNX0285.JPG,RCNX0285.JPG,HLC20-H3_2023_202303141949_RCNX0285.jpg,0.9404134154319763,920.9810180664062,97.27775573730469,463.16424560546875,924.0219116210938,2048,1440,463,924
HLC20-H3,2023,202303141949,PP,0,/Volumes/Seagate Portable Drive/KYLE_AI_DATABASE/A_CAMERA/Focal_species/Gulo gulo/HLC20-H3/PP/2023/B&W/Robust marks/03.14-19.49/RCNX0286.JPG,RCNX0286.JPG,HLC20-H3_2023_202303141949_RCNX0286.jpg,0.9004177451133728,1003.8289184570312,240.62298583984375,382.89666748046875,772.6944580078125,2048,1440,382,772
HLC20-H3,2023,202303141949,PP,0,/Volumes/Seagate Portable Drive/KYLE_AI_DATABASE/A_CAMERA/Focal_species/Gulo gulo/HLC20-H3/PP/2023/B&W/Robust marks/03.14-19.49/RCNX0287.JPG,RCNX0287.JPG,HLC20-H3_2023_202303141949_RCNX0287.jpg,0.840061604976654,926.8450927734375,263.0241394042969,457.376953125,802.0347900390625,2048,1440,457,802
HLC20-H3,2023,202303141949,PP,0,/Volumes/Seagate Portable Drive/KYLE_AI_DATABASE/A_CAMERA/Focal_species/Gulo gulo/HLC20-H3/PP/2023/B&W/Robust marks/03.14-19.49/RCNX0288.JPG,RCNX0288.JPG,HLC20-H3_2023_202303141949_RCNX0288.jpg,0.9075672626495361,1016.8915405273438,331.39849853515625,361.11505126953125,693.4352416992188,2048,1440,361,693
HLC20-H3,2023,202303141949,PP,0,/Volumes/Seagate Portable Drive/KYLE_AI_DATABASE/A_CAMERA/Focal_species/Gulo gulo/HLC20-H3/PP/2023/B&W/Robust marks/03.14-19.49/RCNX0289.JPG,RCNX0289.JPG,HLC20-H3_2023_202303141949_RCNX0289.jpg,0.9224488735198975,1061.520263671875,283.3088073730469,328.537109375,721.3082275390625,2048,1440,328,721
HLC20-H3,2023,202303141949,PP,0,/Volumes/Seagate Portable Drive/KYLE_AI_DATABASE/A_CAMERA/Focal_species/Gulo gulo/HLC20-H3/PP/2023/B&W/Robust marks/03.14-19.49/RCNX0290.JPG,RCNX0290.JPG,HLC20-H3_2023_202303141949_RCNX0290.jpg,0.9092012643814087,1007.4217529296875,269.516357421875,378.2822265625,744.2686767578125,2048,1440,378,744
HLC20-H3,2023,202303141949,PP,0,/Volumes/Seagate Portable Drive/KYLE_AI_DATABASE/A_CAMERA/Focal_species/Gulo gulo/HLC20-H3/PP/2023/B&W/Robust marks/03.14-19.49/RCNX0291.JPG,RCNX0291.JPG,HLC20-H3_2023_202303141949_RCNX0291.jpg,0.8616337180137634,816.0935668945312,107.6679916381836,589.3981323242188,899.470703125,2048,1440,589,899
HLC20-H3,2023,202303141949,PP,0,/Volumes/Seagate Portable Drive/KYLE_AI_DATABASE/A_CAMERA/Focal_species/Gulo gulo/HLC20-H3/PP/2023/B&W/Robust marks/03.14-19.49/RCNX0292.JPG,RCNX0292.JPG,HLC20-H3_2023_202303141949_RCNX0292.jpg,0.8946318626403809,1026.0823974609375,235.08583068847656,362.58349609375,764.263916015625,2048,1440,362,764
HLC20-H3,2023,202303141949,PP,0,/Volumes/Seagate Portable Drive/KYLE_AI_DATABASE/A_CAMERA/Focal_species/Gulo gulo/HLC20-H3/PP/2023/B&W/Robust marks/03.14-19.49/RCNX0293.JPG,RCNX0293.JPG,HLC20-H3_2023_202303141949_RCNX0293.jpg,0.8945806622505188,980.7581176757812,237.02072143554688,413.44573974609375,774.462890625,2048,1440,413,774
HLC20-H3,2023,202303141949,PP,0,/Volumes/Seagate Portable Drive/KYLE_AI_DATABASE/A_CAMERA/Focal_species/Gulo gulo/HLC20-H3/PP/2023/B&W/Robust marks/03.14-19.49/RCNX0294.JPG,RCNX0294.JPG,HLC20-H3_2023_202303141949_RCNX0294.jpg,0.8854082226753235,1032.5394287109375,239.03591918945312,354.66796875,581.5096435546875,2048,1440,354,581
HLC20-H3,2023,202303141949,PP,0,/Volumes/Seagate Portable Drive/KYLE_AI_DATABASE/A_CAMERA/Focal_species/Gulo gulo/HLC20-H3/PP/2023/B&W/Robust marks/03.14-19.49/RCNX0295.JPG,RCNX0295.JPG,HLC20-H3_2023_202303141949_RCNX0295.jpg,0.9266149401664734,1009.4531860351562,254.89976501464844,388.82769775390625,559.2448120117188,2048,1440,388,559
HLC20-H3,2023,202303141949,PP,0,/Volumes/Seagate Portable Drive/KYLE_AI_DATABASE/A_CAMERA/Focal_species/Gulo gulo/HLC20-H3/PP/2023/B&W/Robust marks/03.14-19.49/RCNX0296.JPG,RCNX0296.JPG,HLC20-H3_2023_202303141949_RCNX0296.jpg,0.9626606702804565,803.5317993164062,100.42010498046875,571.1234741210938,807.3032836914062,2048,1440,571,807
HLC20-H3,2023,202303141949,PP,0,/Volumes/Seagate Portable Drive/KYLE_AI_DATABASE/A_CAMERA/Focal_species/Gulo gulo/HLC20-H3/PP/2023/B&W/Robust marks/03.14-19.49/RCNX0298.JPG,RCNX0298.JPG,HLC20-H3_2023_202303141949_RCNX0298.jpg,0.9259366393089294,981.7774658203125,194.62838745117188,403.114990234375,625.40869140625,2048,1440,403,625
HLC20-H3,2023,202303141949,PP,0,/Volumes/Seagate Portable Drive/KYLE_AI_DATABASE/A_CAMERA/Focal_species/Gulo gulo/HLC20-H3/PP/2023/B&W/Robust marks/03.14-19.49/RCNX0302.JPG,RCNX0302.JPG,HLC20-H3_2023_202303141949_RCNX0302.jpg,0.9002950191497803,947.4945068359375,279.9047546386719,433.30712890625,548.774658203125,2048,1440,433,548
HLC20-H3,2023,202303141949,PP,0,/Volumes/Seagate Portable Drive/KYLE_AI_DATABASE/A_CAMERA/Focal_species/Gulo gulo/HLC20-H3/PP/2023/B&W/Robust marks/03.14-19.49/RCNX0304.JPG,RCNX0304.JPG,HLC20-H3_2023_202303141949_RCNX0304.jpg,0.9236955046653748,1063.8314208984375,107.14720916748047,353.440673828125,927.92578125,2048,1440,353,927
HLC20-H3,2023,202303141949,PP,0,/Volumes/Seagate Portable Drive/KYLE_AI_DATABASE/A_CAMERA/Focal_species/Gulo gulo/HLC20-H3/PP/2023/B&W/Robust marks/03.14-19.49/RCNX0305.JPG,RCNX0305.JPG,HLC20-H3_2023_202303141949_RCNX0305.jpg,0.8816252946853638,999.818359375,301.2169189453125,382.843994140625,744.0277099609375,2048,1440,382,744
HLC20-H3,2023,202303141949,PP,0,/Volumes/Seagate Portable Drive/KYLE_AI_DATABASE/A_CAMERA/Focal_species/Gulo gulo/HLC20-H3/PP/2023/B&W/Robust marks/03.14-19.49/RCNX0306.JPG,RCNX0306.JPG,HLC20-H3_2023_202303141949_RCNX0306.jpg,0.9208478331565857,957.3189086914062,95.72439575195312,424.46392822265625,942.9189453125,2048,1440,424,942
HLC20-H3,2023,202303141949,PP,0,/Volumes/Seagate Portable Drive/KYLE_AI_DATABASE/A_CAMERA/Focal_species/Gulo gulo/HLC20-H3/PP/2023/B&W/Robust marks/03.14-19.49/RCNX0307.JPG,RCNX0307.JPG,HLC20-H3_2023_202303141949_RCNX0307.jpg,0.9280406832695007,956.5584716796875,123.2184066772461,442.796142578125,974.4185791015625,2048,1440,442,974
HLC20-H3,2023,202303141949,PP,0,/Volumes/Seagate Portable Drive/KYLE_AI_DATABASE/A_CAMERA/Focal_species/Gulo gulo/HLC20-H3/PP/2023/B&W/Robust marks/03.14-19.49/RCNX0308.JPG,RCNX0308.JPG,HLC20-H3_2023_202303141949_RCNX0308.jpg,0.8953882455825806,963.3804931640625,101.78296661376953,419.2939453125,931.2357177734375,2048,1440,419,931
HLC20-H3,2023,202303141949,PP,0,/Volumes/Seagate Portable Drive/KYLE_AI_DATABASE/A_CAMERA/Focal_species/Gulo gulo/HLC20-H3/PP/2023/B&W/Robust marks/03.14-19.49/RCNX0309.JPG,RCNX0309.JPG,HLC20-H3_2023_202303141949_RCNX0309.jpg,0.8526148200035095,978.5579223632812,335.09454345703125,404.28875732421875,707.9368286132812,2048,1440,404,707
HLC20-H3,2023,202303141949,PP,0,/Volumes/Seagate Portable Drive/KYLE_AI_DATABASE/A_CAMERA/Focal_species/Gulo gulo/HLC20-H3/PP/2023/B&W/Robust marks/03.14-19.49/RCNX0310.JPG,RCNX0310.JPG,HLC20-H3_2023_202303141949_RCNX0310.jpg,0.9445651173591614,904.5178833007812,145.3876190185547,566.1742553710938,866.6912841796875,2048,1440,566,866
HLC20-H3,2023,202303141949,PP,0,/Volumes/Seagate Portable Drive/KYLE_AI_DATABASE/A_CAMERA/Focal_species/Gulo gulo/HLC20-H3/PP/2023/B&W/Robust marks/03.14-19.49/RCNX0311.JPG,RCNX0311.JPG,HLC20-H3_2023_202303141949_RCNX0311.jpg,0.9181081056594849,934.2608032226562,119.15535736083984,437.60540771484375,892.3605346679688,2048,1440,437,892
HLC20-H3,2023,202303141949,PP,0,/Volumes/Seagate Portable Drive/KYLE_AI_DATABASE/A_CAMERA/Focal_species/Gulo gulo/HLC20-H3/PP/2023/B&W/Robust marks/03.14-19.49/RCNX0312.JPG,RCNX0312.JPG,HLC20-H3_2023_202303141949_RCNX0312.jpg,0.9257733225822449,918.2214965820312,89.0159912109375,457.19110107421875,934.7882690429688,2048,1440,457,934
HLC20-H3,2023,202303141949,PP,0,/Volumes/Seagate Portable Drive/KYLE_AI_DATABASE/A_CAMERA/Focal_species/Gulo gulo/HLC20-H3/PP/2023/B&W/Robust marks/03.14-19.49/RCNX0314.JPG,RCNX0314.JPG,HLC20-H3_2023_202303141949_RCNX0314.jpg,0.8527058362960815,1039.7642822265625,299.6175537109375,344.356201171875,527.2306518554688,2048,1440,344,527
HLC20-H3,2023,202303141949,PP,0,/Volumes/Seagate Portable Drive/KYLE_AI_DATABASE/A_CAMERA/Focal_species/Gulo gulo/HLC20-H3/PP/2023/B&W/Robust marks/03.14-19.49/RCNX0315.JPG,RCNX0315.JPG,HLC20-H3_2023_202303141949_RCNX0315.jpg,0.8762935400009155,1037.328369140625,281.19482421875,355.20166015625,730.5919799804688,2048,1440,355,730
HLC20-H3,2023,202303141949,PP,0,/Volumes/Seagate Portable Drive/KYLE_AI_DATABASE/A_CAMERA/Focal_species/Gulo gulo/HLC20-H3/PP/2023/B&W/Robust marks/03.14-19.49/RCNX0316.JPG,RCNX0316.JPG,HLC20-H3_2023_202303141949_RCNX0316.jpg,0.9014026522636414,924.4658203125,343.8782653808594,460.091796875,478.0708312988281,2048,1440,460,478
HLC20-H3,2023,202303141949,PP,0,/Volumes/Seagate Portable Drive/KYLE_AI_DATABASE/A_CAMERA/Focal_species/Gulo gulo/HLC20-H3/PP/2023/B&W/Robust marks/03.14-19.49/RCNX0317.JPG,RCNX0317.JPG,HLC20-H3_2023_202303141949_RCNX0317.jpg,0.9646034240722656,838.4432373046875,165.6456298828125,632.18115234375,870.3238525390625,2048,1440,632,870
HLC20-H3,2023,202303141949,PP,0,/Volumes/Seagate Portable Drive/KYLE_AI_DATABASE/A_CAMERA/Focal_species/Gulo gulo/HLC20-H3/PP/2023/B&W/Robust marks/03.14-19.49/RCNX0318.JPG,RCNX0318.JPG,HLC20-H3_2023_202303141949_RCNX0318.jpg,0.9071003198623657,1062.715576171875,484.5610656738281,398.3271484375,570.1678466796875,2048,1440,398,570
HLC20-H3,2023,202303141949,PP,0,/Volumes/Seagate Portable Drive/KYLE_AI_DATABASE/A_CAMERA/Focal_species/Gulo gulo/HLC20-H3/PP/2023/B&W/Robust marks/03.14-19.49/RCNX0319.JPG,RCNX0319.JPG,HLC20-H3_2023_202303141949_RCNX0319.jpg,0.9120887517929077,1058.72412109375,62.272396087646484,388.6484375,1061.38720703125,2048,1440,388,1061
HLC20-H3,2023,202303141949,PP,0,/Volumes/Seagate Portable Drive/KYLE_AI_DATABASE/A_CAMERA/Focal_species/Gulo gulo/HLC20-H3/PP/2023/B&W/Robust marks/03.14-19.49/RCNX0322.JPG,RCNX0322.JPG,HLC20-H3_2023_202303141949_RCNX0322.jpg,0.8526760339736938,1454.130859375,1301.950927734375,498.680908203125,104.9456787109375,2048,1440,498,104
HLC20-H3,2023,202303141949,PP,0,/Volumes/Seagate Portable Drive/KYLE_AI_DATABASE/A_CAMERA/Focal_species/Gulo gulo/HLC20-H3/PP/2023/B&W/Robust marks/03.14-19.49/RCNX0323.JPG,RCNX0323.JPG,HLC20-H3_2023_202303141949_RCNX0323.jpg,0.9349448084831238,1528.04150390625,1266.7076416015625,354.300048828125,140.2259521484375,2048,1440,354,140
HLC20-H3,2023,202303141949,PP,0,/Volumes/Seagate Portable Drive/KYLE_AI_DATABASE/A_CAMERA/Focal_species/Gulo gulo/HLC20-H3/PP/2023/B&W/Robust marks/03.14-19.49/RCNX0324.JPG,RCNX0324.JPG,HLC20-H3_2023_202303141949_RCNX0324.jpg,0.9142667055130005,1654.2774658203125,1266.456787109375,228.38037109375,140.732421875,2048,1440,228,140
HLC20-H3,2023,202303141949,PP,0,/Volumes/Seagate Portable Drive/KYLE_AI_DATABASE/A_CAMERA/Focal_species/Gulo gulo/HLC20-H3/PP/2023/B&W/Robust marks/03.14-19.49/RCNX0325.JPG,RCNX0325.JPG,HLC20-H3_2023_202303141949_RCNX0325.jpg,0.8819528222084045,1622.8935546875,1285.4271240234375,241.36669921875,121.629638671875,2048,1440,241,121
HLC20-H3,2023,202303141949,PP,0,/Volumes/Seagate Portable Drive/KYLE_AI_DATABASE/A_CAMERA/Focal_species/Gulo gulo/HLC20-H3/PP/2023/B&W/Robust marks/03.14-19.49/RCNX0326.JPG,RCNX0326.JPG,HLC20-H3_2023_202303141949_RCNX0326.jpg,0.9041417241096497,1643.0343017578125,1289.0263671875,214.2998046875,118.26806640625,2048,1440,214,118
HLC20-H3,2023,202303141949,PP,0,/Volumes/Seagate Portable Drive/KYLE_AI_DATABASE/A_CAMERA/Focal_species/Gulo gulo/HLC20-H3/PP/2023/B&W/Robust marks/03.14-19.49/RCNX0328.JPG,RCNX0328.JPG,HLC20-H3_2023_202303141949_RCNX0328.jpg,0.8774070739746094,1057.33984375,80.3254623413086,392.892822265625,492.2168884277344,2048,1440,392,492
HLC20-H3,2023,202303141949,PP,0,/Volumes/Seagate Portable Drive/KYLE_AI_DATABASE/A_CAMERA/Focal_species/Gulo gulo/HLC20-H3/PP/2023/B&W/Robust marks/03.14-19.49/RCNX0331.JPG,RCNX0331.JPG,HLC20-H3_2023_202303141949_RCNX0331.jpg,0.9304513335227966,979.5604248046875,134.6124725341797,407.764404296875,969.0842895507812,2048,1440,407,969
HLC20-H3,2023,202303141949,PP,0,/Volumes/Seagate Portable Drive/KYLE_AI_DATABASE/A_CAMERA/Focal_species/Gulo gulo/HLC20-H3/PP/2023/B&W/Robust marks/03.14-19.49/RCNX0332.JPG,RCNX0332.JPG,HLC20-H3_2023_202303141949_RCNX0332.jpg,0.9059503078460693,975.174072265625,220.9775390625,371.849365234375,751.8216552734375,2048,1440,371,751
HLC20-H3,2023,202303141949,PP,0,/Volumes/Seagate Portable Drive/KYLE_AI_DATABASE/A_CAMERA/Focal_species/Gulo gulo/HLC20-H3/PP/2023/B&W/Robust marks/03.14-19.49/RCNX0333.JPG,RCNX0333.JPG,HLC20-H3_2023_202303141949_RCNX0333.jpg,0.936744213104248,877.0392456054688,141.58995056152344,499.88397216796875,841.5720825195312,2048,1440,499,841
HLC20-H3,2023,202303141949,PP,0,/Volumes/Seagate Portable Drive/KYLE_AI_DATABASE/A_CAMERA/Focal_species/Gulo gulo/HLC20-H3/PP/2023/B&W/Robust marks/03.14-19.49/RCNX0334.JPG,RCNX0334.JPG,HLC20-H3_2023_202303141949_RCNX0334.jpg,0.8625831007957458,791.4913940429688,150.49815368652344,577.2771606445312,819.8821411132812,2048,1440,577,819
HLC20-H3,2023,202303141949,PP,0,/Volumes/Seagate Portable Drive/KYLE_AI_DATABASE/A_CAMERA/Focal_species/Gulo gulo/HLC20-H3/PP/2023/B&W/Robust marks/03.14-19.49/RCNX0338.JPG,RCNX0338.JPG,HLC20-H3_2023_202303141949_RCNX0338.jpg,0.9355228543281555,895.9622802734375,34.16563415527344,487.746337890625,884.50732421875,2048,1440,487,884
HLC20-H3,2023,202303141949,PP,0,/Volumes/Seagate Portable Drive/KYLE_AI_DATABASE/A_CAMERA/Focal_species/Gulo gulo/HLC20-H3/PP/2023/B&W/Robust marks/03.14-19.49/RCNX0339.JPG,RCNX0339.JPG,HLC20-H3_2023_202303141949_RCNX0339.jpg,0.9747334718704224,829.2003784179688,30.680952072143555,564.0366821289062,899.5133056640625,2048,1440,564,899
HLC20-H3,2023,202303141949,PP,0,/Volumes/Seagate Portable Drive/KYLE_AI_DATABASE/A_CAMERA/Focal_species/Gulo gulo/HLC20-H3/PP/2023/B&W/Robust marks/03.14-19.49/RCNX0340.JPG,RCNX0340.JPG,HLC20-H3_2023_202303141949_RCNX0340.jpg,0.9364792108535767,992.7435302734375,74.05947875976562,355.400146484375,882.1070556640625,2048,1440,355,882
HLC20-H3,2023,202303141949,PP,0,/Volumes/Seagate Portable Drive/KYLE_AI_DATABASE/A_CAMERA/Focal_species/Gulo gulo/HLC20-H3/PP/2023/B&W/Robust marks/03.14-19.49/RCNX0341.JPG,RCNX0341.JPG,HLC20-H3_2023_202303141949_RCNX0341.jpg,0.969038188457489,818.2266845703125,57.99622344970703,559.826171875,949.934814453125,2048,1440,559,949
HLC20-H3,2023,202303141949,PP,0,/Volumes/Seagate Portable Drive/KYLE_AI_DATABASE/A_CAMERA/Focal_species/Gulo gulo/HLC20-H3/PP/2023/B&W/Robust marks/03.14-19.49/RCNX0342.JPG,RCNX0342.JPG,HLC20-H3_2023_202303141949_RCNX0342.jpg,0.96549391746521,809.9935302734375,112.580810546875,573.6416015625,848.0280151367188,2048,1440,573,848
HLC20-H3,2023,202303141949,PP,0,/Volumes/Seagate Portable Drive/KYLE_AI_DATABASE/A_CAMERA/Focal_species/Gulo gulo/HLC20-H3/PP/2023/B&W/Robust marks/03.14-19.49/RCNX0343.JPG,RCNX0343.JPG,HLC20-H3_2023_202303141949_RCNX0343.jpg,0.9415224194526672,778.6668090820312,164.66651916503906,606.0233764648438,830.4275512695312,2048,1440,606,830
HLC20-H3,2023,202303141949,PP,0,/Volumes/Seagate Portable Drive/KYLE_AI_DATABASE/A_CAMERA/Focal_species/Gulo gulo/HLC20-H3/PP/2023/B&W/Robust marks/03.14-19.49/RCNX0344.JPG,RCNX0344.JPG,HLC20-H3_2023_202303141949_RCNX0344.jpg,0.9575552344322205,723.8838500976562,138.61270141601562,638.0829467773438,819.033203125,2048,1440,638,819
HLC20-H3,2023,202303141949,PP,0,/Volumes/Seagate Portable Drive/KYLE_AI_DATABASE/A_CAMERA/Focal_species/Gulo gulo/HLC20-H3/PP/2023/B&W/Robust marks/03.14-19.49/RCNX0345.JPG,RCNX0345.JPG,HLC20-H3_2023_202303141949_RCNX0345.jpg,0.9222047924995422,784.7830200195312,155.96328735351562,589.3153686523438,837.6048583984375,2048,1440,589,837
HLC20-H3,2023,202303141949,PP,0,/Volumes/Seagate Portable Drive/KYLE_AI_DATABASE/A_CAMERA/Focal_species/Gulo gulo/HLC20-H3/PP/2023/B&W/Robust marks/03.14-19.49/RCNX0346.JPG,RCNX0346.JPG,HLC20-H3_2023_202303141949_RCNX0346.jpg,0.9498778581619263,862.9611206054688,154.9542999267578,553.8709106445312,904.1323852539062,2048,1440,553,904
HLC20-H3,2023,202303141949,PP,0,/Volumes/Seagate Portable Drive/KYLE_AI_DATABASE/A_CAMERA/Focal_species/Gulo gulo/HLC20-H3/PP/2023/B&W/Robust marks/03.14-19.49/RCNX0347.JPG,RCNX0347.JPG,HLC20-H3_2023_202303141949_RCNX0347.jpg,0.939002275466919,787.579833984375,159.17648315429688,563.1953125,806.1646728515625,2048,1440,563,806
HLC20-H3,2023,202303141949,PP,0,/Volumes/Seagate Portable Drive/KYLE_AI_DATABASE/A_CAMERA/Focal_species/Gulo gulo/HLC20-H3/PP/2023/B&W/Robust marks/03.14-19.49/RCNX0348.JPG,RCNX0348.JPG,HLC20-H3_2023_202303141949_RCNX0348.jpg,0.9156608581542969,1036.0496826171875,258.8705139160156,391.23291015625,760.9698486328125,2048,1440,391,760
HLC20-H3,2023,202303141949,PP,0,/Volumes/Seagate Portable Drive/KYLE_AI_DATABASE/A_CAMERA/Focal_species/Gulo gulo/HLC20-H3/PP/2023/B&W/Robust marks/03.14-19.49/RCNX0349.JPG,RCNX0349.JPG,HLC20-H3_2023_202303141949_RCNX0349.jpg,0.8928192257881165,1009.2718505859375,210.94119262695312,374.576171875,759.3616943359375,2048,1440,374,759
HLC20-H3,2023,202303141949,PP,0,/Volumes/Seagate Portable Drive/KYLE_AI_DATABASE/A_CAMERA/Focal_species/Gulo gulo/HLC20-H3/PP/2023/B&W/Robust marks/03.14-19.49/RCNX0350.JPG,RCNX0350.JPG,HLC20-H3_2023_202303141949_RCNX0350.jpg,0.8959711790084839,766.1331176757812,215.7762451171875,613.5397338867188,742.65283203125,2048,1440,613,742
HLC20-H3,2023,202303141949,PP,0,/Volumes/Seagate Portable Drive/KYLE_AI_DATABASE/A_CAMERA/Focal_species/Gulo gulo/HLC20-H3/PP/2023/B&W/Robust marks/03.14-19.49/RCNX0351.JPG,RCNX0351.JPG,HLC20-H3_2023_202303141949_RCNX0351.jpg,0.8294167518615723,1039.3370361328125,234.0756072998047,397.158935546875,748.3781127929688,2048,1440,397,748
HLC20-H3,2023,202303141949,PP,0,/Volumes/Seagate Portable Drive/KYLE_AI_DATABASE/A_CAMERA/Focal_species/Gulo gulo/HLC20-H3/PP/2023/B&W/Robust marks/03.14-19.49/RCNX0352.JPG,RCNX0352.JPG,HLC20-H3_2023_202303141949_RCNX0352.jpg,0.9230346083641052,1133.3221435546875,229.9309539794922,304.29345703125,715.6611938476562,2048,1440,304,715
HLC20-H3,2023,202303141949,PP,0,/Volumes/Seagate Portable Drive/KYLE_AI_DATABASE/A_CAMERA/Focal_species/Gulo gulo/HLC20-H3/PP/2023/B&W/Robust marks/03.14-19.49/RCNX0353.JPG,RCNX0353.JPG,HLC20-H3_2023_202303141949_RCNX0353.jpg,0.861758828163147,1074.7335205078125,142.05776977539062,343.063232421875,781.135986328125,2048,1440,343,781
HLC20-H3,2023,202303141949,PP,0,/Volumes/Seagate Portable Drive/KYLE_AI_DATABASE/A_CAMERA/Focal_species/Gulo gulo/HLC20-H3/PP/2023/B&W/Robust marks/03.14-19.49/RCNX0354.JPG,RCNX0354.JPG,HLC20-H3_2023_202303141949_RCNX0354.jpg,0.8175656795501709,991.0167846679688,119.27021789550781,434.72735595703125,710.9423217773438,2048,1440,434,710
HLC20-H3,2023,202303141949,PP,0,/Volumes/Seagate Portable Drive/KYLE_AI_DATABASE/A_CAMERA/Focal_species/Gulo gulo/HLC20-H3/PP/2023/B&W/Robust marks/03.14-19.49/RCNX0357.JPG,RCNX0357.JPG,HLC20-H3_2023_202303141949_RCNX0357.jpg,0.9021400809288025,1033.8614501953125,145.12713623046875,393.60595703125,668.348388671875,2048,1440,393,668
HLC20-H3,2023,202303141949,PP,0,/Volumes/Seagate Portable Drive/KYLE_AI_DATABASE/A_CAMERA/Focal_species/Gulo gulo/HLC20-H3/PP/2023/B&W/Robust marks/03.14-19.49/RCNX0358.JPG,RCNX0358.JPG,HLC20-H3_2023_202303141949_RCNX0358.jpg,0.9229221343994141,904.66943359375,124.97574615478516,508.51171875,800.5027465820312,2048,1440,508,800
HLC20-H3,2023,202303141949,PP,0,/Volumes/Seagate Portable Drive/KYLE_AI_DATABASE/A_CAMERA/Focal_species/Gulo gulo/HLC20-H3/PP/2023/B&W/Robust marks/03.14-19.49/RCNX0359.JPG,RCNX0359.JPG,HLC20-H3_2023_202303141949_RCNX0359.jpg,0.9205397367477417,871.258544921875,123.93719482421875,539.635498046875,724.2865600585938,2048,1440,539,724
HLC20-H3,2023,202303141949,PP,0,/Volumes/Seagate Portable Drive/KYLE_AI_DATABASE/A_CAMERA/Focal_species/Gulo gulo/HLC20-H3/PP/2023/B&W/Robust marks/03.14-19.49/RCNX0362.JPG,RCNX0362.JPG,HLC20-H3_2023_202303141949_RCNX0362.jpg,0.9425158500671387,857.31884765625,178.71078491210938,567.46435546875,676.754638671875,2048,1440,567,676
HLC20-H3,2023,202303141949,PP,0,/Volumes/Seagate Portable Drive/KYLE_AI_DATABASE/A_CAMERA/Focal_species/Gulo gulo/HLC20-H3/PP/2023/B&W/Robust marks/03.14-19.49/RCNX0363.JPG,RCNX0363.JPG,HLC20-H3_2023_202303141949_RCNX0363.jpg,0.8767642974853516,937.3079223632812,148.44830322265625,472.44891357421875,741.8699340820312,2048,1440,472,741
HLC20-H3,2023,202303141949,PP,0,/Volumes/Seagate Portable Drive/KYLE_AI_DATABASE/A_CAMERA/Focal_species/Gulo gulo/HLC20-H3/PP/2023/B&W/Robust marks/03.14-19.49/RCNX0365.JPG,RCNX0365.JPG,HLC20-H3_2023_202303141949_RCNX0365.jpg,0.9259477853775024,877.9686279296875,167.3665313720703,522.224853515625,940.0066528320312,2048,1440,522,940
HLC20-H3,2023,202303141949,PP,0,/Volumes/Seagate Portable Drive/KYLE_AI_DATABASE/A_CAMERA/Focal_species/Gulo gulo/HLC20-H3/PP/2023/B&W/Robust marks/03.14-19.49/RCNX0366.JPG,RCNX0366.JPG,HLC20-H3_2023_202303141949_RCNX0366.jpg,0.8643050789833069,855.9637451171875,152.12197875976562,524.318603515625,1001.1810302734375,2048,1440,524,1001
HLC20-H3,2023,202303141949,PP,0,/Volumes/Seagate Portable Drive/KYLE_AI_DATABASE/A_CAMERA/Focal_species/Gulo gulo/HLC20-H3/PP/2023/B&W/Robust marks/03.14-19.49/RCNX0367.JPG,RCNX0367.JPG,HLC20-H3_2023_202303141949_RCNX0367.jpg,0.8981674909591675,774.775634765625,172.23313903808594,609.51123046875,986.06884765625,2048,1440,609,986
HLC20-H3,2023,202303141949,PP,0,/Volumes/Seagate Portable Drive/KYLE_AI_DATABASE/A_CAMERA/Focal_species/Gulo gulo/HLC20-H3/PP/2023/B&W/Robust marks/03.14-19.49/RCNX0368.JPG,RCNX0368.JPG,HLC20-H3_2023_202303141949_RCNX0368.jpg,0.9538910984992981,923.2301025390625,138.0447998046875,451.597900390625,973.967529296875,2048,1440,451,973
HLC20-H3,2023,202303141949,PP,0,/Volumes/Seagate Portable Drive/KYLE_AI_DATABASE/A_CAMERA/Focal_species/Gulo gulo/HLC20-H3/PP/2023/B&W/Robust marks/03.14-19.49/RCNX0369.JPG,RCNX0369.JPG,HLC20-H3_2023_202303141949_RCNX0369.jpg,0.9227726459503174,792.2210693359375,160.0325164794922,589.55224609375,835.2449340820312,2048,1440,589,835
HLC20-H3,2023,202303141949,PP,0,/Volumes/Seagate Portable Drive/KYLE_AI_DATABASE/A_CAMERA/Focal_species/Gulo gulo/HLC20-H3/PP/2023/B&W/Robust marks/03.14-19.49/RCNX0370.JPG,RCNX0370.JPG,HLC20-H3_2023_202303141949_RCNX0370.jpg,0.823723316192627,1005.5521240234375,303.6266174316406,363.98583984375,698.9638671875,2048,1440,363,698
HLC20-H3,2023,202303141949,PP,0,/Volumes/Seagate Portable Drive/KYLE_AI_DATABASE/A_CAMERA/Focal_species/Gulo gulo/HLC20-H3/PP/2023/B&W/Robust marks/03.14-19.49/RCNX0371.JPG,RCNX0371.JPG,HLC20-H3_2023_202303141949_RCNX0371.jpg,0.8882393836975098,1026.3221435546875,150.09104919433594,363.445068359375,835.9624633789062,2048,1440,363,835
HLC20-H3,2023,202303141949,PP,0,/Volumes/Seagate Portable Drive/KYLE_AI_DATABASE/A_CAMERA/Focal_species/Gulo gulo/HLC20-H3/PP/2023/B&W/Robust marks/03.14-19.49/RCNX0372.JPG,RCNX0372.JPG,HLC20-H3_2023_202303141949_RCNX0372.jpg,0.8652392029762268,1001.3580322265625,266.68084716796875,372.315673828125,746.8998413085938,2048,1440,372,746
HLC20-H3,2023,202303141949,PP,0,/Volumes/Seagate Portable Drive/KYLE_AI_DATABASE/A_CAMERA/Focal_species/Gulo gulo/HLC20-H3/PP/2023/B&W/Robust marks/03.14-19.49/RCNX0373.JPG,RCNX0373.JPG,HLC20-H3_2023_202303141949_RCNX0373.jpg,0.8485113382339478,969.1165161132812,316.6307067871094,396.79144287109375,765.783447265625,2048,1440,396,765
HLC20-H3,2023,202303141949,PP,0,/Volumes/Seagate Portable Drive/KYLE_AI_DATABASE/A_CAMERA/Focal_species/Gulo gulo/HLC20-H3/PP/2023/B&W/Robust marks/03.14-19.49/RCNX0374.JPG,RCNX0374.JPG,HLC20-H3_2023_202303141949_RCNX0374.jpg,0.9251387715339661,782.2997436523438,157.05926513671875,589.7490844726562,898.3008422851562,2048,1440,589,898
HLC20-H3,2023,202303141949,PP,0,/Volumes/Seagate Portable Drive/KYLE_AI_DATABASE/A_CAMERA/Focal_species/Gulo gulo/HLC20-H3/PP/2023/B&W/Robust marks/03.14-19.49/RCNX0375.JPG,RCNX0375.JPG,HLC20-H3_2023_202303141949_RCNX0375.jpg,0.8568345904350281,970.2849731445312,258.4273986816406,399.38336181640625,832.6849365234375,2048,1440,399,832
HLC20-H3,2023,202303141949,PP,0,/Volumes/Seagate Portable Drive/KYLE_AI_DATABASE/A_CAMERA/Focal_species/Gulo gulo/HLC20-H3/PP/2023/B&W/Robust marks/03.14-19.49/RCNX0376.JPG,RCNX0376.JPG,HLC20-H3_2023_202303141949_RCNX0376.jpg,0.8880704045295715,1003.5579833984375,229.46791076660156,360.210205078125,801.18896484375,2048,1440,360,801
HLC20-H3,2023,202303141949,PP,0,/Volumes/Seagate Portable Drive/KYLE_AI_DATABASE/A_CAMERA/Focal_species/Gulo gulo/HLC20-H3/PP/2023/B&W/Robust marks/03.14-19.49/RCNX0377.JPG,RCNX0377.JPG,HLC20-H3_2023_202303141949_RCNX0377.jpg,0.879895031452179,965.1700439453125,199.2489013671875,399.621337890625,816.237060546875,2048,1440,399,816
HLC20-H3,2023,202303141949,PP,0,/Volumes/Seagate Portable Drive/KYLE_AI_DATABASE/A_CAMERA/Focal_species/Gulo gulo/HLC20-H3/PP/2023/B&W/Robust marks/03.14-19.49/RCNX0378.JPG,RCNX0378.JPG,HLC20-H3_2023_202303141949_RCNX0378.jpg,0.9139569997787476,948.830322265625,241.76260375976562,416.052490234375,776.4185791015625,2048,1440,416,776
HLC20-H3,2023,202303141949,PP,0,/Volumes/Seagate Portable Drive/KYLE_AI_DATABASE/A_CAMERA/Focal_species/Gulo gulo/HLC20-H3/PP/2023/B&W/Robust marks/03.14-19.49/RCNX0381.JPG,RCNX0381.JPG,HLC20-H3_2023_202303141949_RCNX0381.jpg,0.9319853186607361,911.1304321289062,152.3466796875,505.66986083984375,833.0694580078125,2048,1440,505,833
HLC20-H3,2023,202303141949,PP,0,/Volumes/Seagate Portable Drive/KYLE_AI_DATABASE/A_CAMERA/Focal_species/Gulo gulo/HLC20-H3/PP/2023/B&W/Robust marks/03.14-19.49/RCNX0382.JPG,RCNX0382.JPG,HLC20-H3_2023_202303141949_RCNX0382.jpg,0.9335236549377441,728.6851806640625,97.4797592163086,685.140869140625,727.2275390625,2048,1440,685,727
HLC20-H3,2023,202303141949,PP,0,/Volumes/Seagate Portable Drive/KYLE_AI_DATABASE/A_CAMERA/Focal_species/Gulo gulo/HLC20-H3/PP/2023/B&W/Robust marks/03.14-19.49/RCNX0383.JPG,RCNX0383.JPG,HLC20-H3_2023_202303141949_RCNX0383.jpg,0.9510260224342346,803.8118896484375,145.10562133789062,609.364013671875,849.232421875,2048,1440,609,849
HLC20-H3,2023,202303141949,PP,0,/Volumes/Seagate Portable Drive/KYLE_AI_DATABASE/A_CAMERA/Focal_species/Gulo gulo/HLC20-H3/PP/2023/B&W/Robust marks/03.14-19.49/RCNX0384.JPG,RCNX0384.JPG,HLC20-H3_2023_202303141949_RCNX0384.jpg,0.9371642470359802,821.0272216796875,30.45629119873047,605.800537109375,947.1238403320312,2048,1440,605,947
HLC20-H3,2023,202303141949,PP,0,/Volumes/Seagate Portable Drive/KYLE_AI_DATABASE/A_CAMERA/Focal_species/Gulo gulo/HLC20-H3/PP/2023/B&W/Robust marks/03.14-19.49/RCNX0385.JPG,RCNX0385.JPG,HLC20-H3_2023_202303141949_RCNX0385.jpg,0.9657468199729919,714.3980712890625,106.6626968383789,693.58447265625,892.7092895507812,2048,1440,693,892
HLC20-H3,2023,202303141949,PP,0,/Volumes/Seagate Portable Drive/KYLE_AI_DATABASE/A_CAMERA/Focal_species/Gulo gulo/HLC20-H3/PP/2023/B&W/Robust marks/03.14-19.49/RCNX0386.JPG,RCNX0386.JPG,HLC20-H3_2023_202303141949_RCNX0386.jpg,0.928633451461792,769.5726928710938,73.08753204345703,628.0730590820312,925.7969970703125,2048,1440,628,925
HLC20-H3,2023,202303141949,PP,0,/Volumes/Seagate Portable Drive/KYLE_AI_DATABASE/A_CAMERA/Focal_species/Gulo gulo/HLC20-H3/PP/2023/B&W/Robust marks/03.14-19.49/RCNX0387.JPG,RCNX0387.JPG,HLC20-H3_2023_202303141949_RCNX0387.jpg,0.9262818098068237,738.46044921875,96.87199401855469,718.464111328125,900.48095703125,2048,1440,718,900
HLC20-H3,2023,202303141949,PP,0,/Volumes/Seagate Portable Drive/KYLE_AI_DATABASE/A_CAMERA/Focal_species/Gulo gulo/HLC20-H3/PP/2023/B&W/Robust marks/03.14-19.49/RCNX0388.JPG,RCNX0388.JPG,HLC20-H3_2023_202303141949_RCNX0388.jpg,0.8762828707695007,771.3023681640625,134.36038208007812,639.892333984375,957.3167724609375,2048,1440,639,957
HLC20-H3,2023,202303141949,PP,0,/Volumes/Seagate Portable Drive/KYLE_AI_DATABASE/A_CAMERA/Focal_species/Gulo gulo/HLC20-H3/PP/2023/B&W/Robust marks/03.14-19.49/RCNX0389.JPG,RCNX0389.JPG,HLC20-H3_2023_202303141949_RCNX0389.jpg,0.9165511727333069,921.456787109375,177.5924072265625,473.736083984375,826.687255859375,2048,1440,473,826
HLC20-H3,2023,202303141949,PP,0,/Volumes/Seagate Portable Drive/KYLE_AI_DATABASE/A_CAMERA/Focal_species/Gulo gulo/HLC20-H3/PP/2023/B&W/Robust marks/03.14-19.49/RCNX0390.JPG,RCNX0390.JPG,HLC20-H3_2023_202303141949_RCNX0390.jpg,0.9671148061752319,750.548095703125,119.48086547851562,658.925537109375,884.028076171875,2048,1440,658,884
HLC20-H3,2023,202303141949,PP,0,/Volumes/Seagate Portable Drive/KYLE_AI_DATABASE/A_CAMERA/Focal_species/Gulo gulo/HLC20-H3/PP/2023/B&W/Robust marks/03.14-19.49/RCNX0391.JPG,RCNX0391.JPG,HLC20-H3_2023_202303141949_RCNX0391.jpg,0.9421464204788208,792.962158203125,135.40379333496094,619.05029296875,866.6466674804688,2048,1440,619,866
HLC20-H3,2023,202303141949,PP,0,/Volumes/Seagate Portable Drive/KYLE_AI_DATABASE/A_CAMERA/Focal_species/Gulo gulo/HLC20-H3/PP/2023/B&W/Robust marks/03.14-19.49/RCNX0394.JPG,RCNX0394.JPG,HLC20-H3_2023_202303141949_RCNX0394.jpg,0.8915948271751404,780.33251953125,136.52508544921875,630.940185546875,849.8113403320312,2048,1440,630,849
HLC20-H3,2023,202303141949,PP,0,/Volumes/Seagate Portable Drive/KYLE_AI_DATABASE/A_CAMERA/Focal_species/Gulo gulo/HLC20-H3/PP/2023/B&W/Robust marks/03.14-19.49/RCNX0395.JPG,RCNX0395.JPG,HLC20-H3_2023_202303141949_RCNX0395.jpg,0.9552692174911499,813.25927734375,136.03121948242188,596.296630859375,845.021728515625,2048,1440,596,845
HLC20-H3,2023,202303141949,PP,0,/Volumes/Seagate Portable Drive/KYLE_AI_DATABASE/A_CAMERA/Focal_species/Gulo gulo/HLC20-H3/PP/2023/B&W/Robust marks/03.14-19.49/RCNX0396.JPG,RCNX0396.JPG,HLC20-H3_2023_202303141949_RCNX0396.jpg,0.9250727891921997,1053.650390625,223.2714080810547,355.816650390625,748.3616943359375,2048,1440,355,748
HLC20-H3,2023,202303141949,PP,0,/Volumes/Seagate Portable Drive/KYLE_AI_DATABASE/A_CAMERA/Focal_species/Gulo gulo/HLC20-H3/PP/2023/B&W/Robust marks/03.14-19.49/RCNX0397.JPG,RCNX0397.JPG,HLC20-H3_2023_202303141949_RCNX0397.jpg,0.8774328231811523,751.319091796875,141.26495361328125,663.655029296875,824.5848388671875,2048,1440,663,824
HLC20-H3,2023,202303141949,PP,0,/Volumes/Seagate Portable Drive/KYLE_AI_DATABASE/A_CAMERA/Focal_species/Gulo gulo/HLC20-H3/PP/2023/B&W/Robust marks/03.14-19.49/RCNX0398.JPG,RCNX0398.JPG,HLC20-H3_2023_202303141949_RCNX0398.jpg,0.892314076423645,744.2506103515625,124.941162109375,670.552001953125,842.3450317382812,2048,1440,670,842
HLC20-H3,2023,202303141949,PP,0,/Volumes/Seagate Portable Drive/KYLE_AI_DATABASE/A_CAMERA/Focal_species/Gulo gulo/HLC20-H3/PP/2023/B&W/Robust marks/03.14-19.49/RCNX0399.JPG,RCNX0399.JPG,HLC20-H3_2023_202303141949_RCNX0399.jpg,0.8765705227851868,749.67236328125,150.587890625,695.869384765625,814.0518188476562,2048,1440,695,814
HLC20-H3,2023,202303141949,PP,0,/Volumes/Seagate Portable Drive/KYLE_AI_DATABASE/A_CAMERA/Focal_species/Gulo gulo/HLC20-H3/PP/2023/B&W/Robust marks/03.14-19.49/RCNX0400.JPG,RCNX0400.JPG,HLC20-H3_2023_202303141949_RCNX0400.jpg,0.8276345729827881,774.1568603515625,145.8755645751953,646.652587890625,826.1168212890625,2048,1440,646,826
HLC20-H3,2023,202303141949,PP,0,/Volumes/Seagate Portable Drive/KYLE_AI_DATABASE/A_CAMERA/Focal_species/Gulo gulo/HLC20-H3/PP/2023/B&W/Robust marks/03.14-19.49/RCNX0401.JPG,RCNX0401.JPG,HLC20-H3_2023_202303141949_RCNX0401.jpg,0.8432565927505493,1042.697998046875,524.3617553710938,402.393310546875,389.12603759765625,2048,1440,402,389
HLC20-H3,2023,202303141949,PP,0,/Volumes/Seagate Portable Drive/KYLE_AI_DATABASE/A_CAMERA/Focal_species/Gulo gulo/HLC20-H3/PP/2023/B&W/Robust marks/03.14-19.49/RCNX0402.JPG,RCNX0402.JPG,HLC20-H3_2023_202303141949_RCNX0402.jpg,0.9243923425674438,1055.9443359375,581.9510498046875,370.894775390625,695.1954345703125,2048,1440,370,695
HLC20-H3,2023,202303141949,PP,0,/Volumes/Seagate Portable Drive/KYLE_AI_DATABASE/A_CAMERA/Focal_species/Gulo gulo/HLC20-H3/PP/2023/B&W/Robust marks/03.14-19.49/RCNX0403.JPG,RCNX0403.JPG,HLC20-H3_2023_202303141949_RCNX0403.jpg,0.859553337097168,8.1004638671875,1283.144287109375,691.0325927734375,124.4681396484375,2048,1440,691,124
HLC20-H3,2023,202303141949,PP,0,/Volumes/Seagate Portable Drive/KYLE_AI_DATABASE/A_CAMERA/Focal_species/Gulo gulo/HLC20-H3/PP/2023/B&W/Robust marks/03.14-19.49/RCNX0413.JPG,RCNX0413.JPG,HLC20-H3_2023_202303141949_RCNX0413.jpg,0.9110255241394043,817.8400268554688,126.20690155029297,512.1182250976562,1010.334716796875,2048,1440,512,1010
HLC20-H3,2023,202303141949,PP,0,/Volumes/Seagate Portable Drive/KYLE_AI_DATABASE/A_CAMERA/Focal_species/Gulo gulo/HLC20-H3/PP/2023/B&W/Robust marks/03.14-19.49/RCNX0414.JPG,RCNX0414.JPG,HLC20-H3_2023_202303141949_RCNX0414.jpg,0.8951310515403748,922.6194458007812,467.03955078125,389.16937255859375,653.451171875,2048,1440,389,653
HLC20-H3,2023,202303141949,PP,0,/Volumes/Seagate Portable Drive/KYLE_AI_DATABASE/A_CAMERA/Focal_species/Gulo gulo/HLC20-H3/PP/2023/B&W/Robust marks/03.14-19.49/RCNX0415.JPG,RCNX0415.JPG,HLC20-H3_2023_202303141949_RCNX0415.jpg,0.9134267568588257,777.6980590820312,437.6579895019531,536.9323120117188,684.304931640625,2048,1440,536,684
HLC20-H3,2023,202303141949,PP,0,/Volumes/Seagate Portable Drive/KYLE_AI_DATABASE/A_CAMERA/Focal_species/Gulo gulo/HLC20-H3/PP/2023/B&W/Robust marks/03.14-19.49/RCNX0416.JPG,RCNX0416.JPG,HLC20-H3_2023_202303141949_RCNX0416.jpg,0.9146798253059387,866.3387451171875,393.65521240234375,461.5615234375,724.8610229492188,2048,1440,461,724
HLC20-H3,2023,202303141949,PP,0,/Volumes/Seagate Portable Drive/KYLE_AI_DATABASE/A_CAMERA/Focal_species/Gulo gulo/HLC20-H3/PP/2023/B&W/Robust marks/03.14-19.49/RCNX0417.JPG,RCNX0417.JPG,HLC20-H3_2023_202303141949_RCNX0417.jpg,0.8896797299385071,820.1935424804688,124.98162841796875,513.5288696289062,1010.4071655273438,2048,1440,513,1010
HLC20-H3,2023,202303141949,PP,0,/Volumes/Seagate Portable Drive/KYLE_AI_DATABASE/A_CAMERA/Focal_species/Gulo gulo/HLC20-H3/PP/2023/B&W/Robust marks/03.14-19.49/RCNX0418.JPG,RCNX0418.JPG,HLC20-H3_2023_202303141949_RCNX0418.jpg,0.8809142112731934,764.30615234375,493.4667663574219,563.431884765625,639.991943359375,2048,1440,563,639
HLC20-H3,2023,202303141949,PP,0,/Volumes/Seagate Portable Drive/KYLE_AI_DATABASE/A_CAMERA/Focal_species/Gulo gulo/HLC20-H3/PP/2023/B&W/Robust marks/03.14-19.49/RCNX0419.JPG,RCNX0419.JPG,HLC20-H3_2023_202303141949_RCNX0419.jpg,0.8709907531738281,862.086669921875,453.3854064941406,465.443115234375,670.0125732421875,2048,1440,465,670
HLC20-H3,2023,202303141949,PP,0,/Volumes/Seagate Portable Drive/KYLE_AI_DATABASE/A_CAMERA/Focal_species/Gulo gulo/HLC20-H3/PP/2023/B&W/Robust marks/03.14-19.49/RCNX0420.JPG,RCNX0420.JPG,HLC20-H3_2023_202303141949_RCNX0420.jpg,0.8922334909439087,879.4301147460938,422.0415954589844,441.03106689453125,691.259521484375,2048,1440,441,691
HLC20-H3,2023,202303141949,PP,0,/Volumes/Seagate Portable Drive/KYLE_AI_DATABASE/A_CAMERA/Focal_species/Gulo gulo/HLC20-H3/PP/2023/B&W/Robust marks/03.14-19.49/RCNX0422.JPG,RCNX0422.JPG,HLC20-H3_2023_202303141949_RCNX0422.jpg,0.8464081287384033,843.6226196289062,481.86798095703125,465.20135498046875,638.5941772460938,2048,1440,465,638
HLC20-H3,2023,202303141949,PP,0,/Volumes/Seagate Portable Drive/KYLE_AI_DATABASE/A_CAMERA/Focal_species/Gulo gulo/HLC20-H3/PP/2023/B&W/Robust marks/03.14-19.49/RCNX0423.JPG,RCNX0423.JPG,HLC20-H3_2023_202303141949_RCNX0423.jpg,0.9192876219749451,857.1529541015625,501.0831298828125,422.278076171875,659.20361328125,2048,1440,422,659
HLC20-H3,2023,202303141949,PP,0,/Volumes/Seagate Portable Drive/KYLE_AI_DATABASE/A_CAMERA/Focal_species/Gulo gulo/HLC20-H3/PP/2023/B&W/Robust marks/03.14-19.49/RCNX0424.JPG,RCNX0424.JPG,HLC20-H3_2023_202303141949_RCNX0424.jpg,0.9090674519538879,903.0855712890625,603.9945678710938,370.473388671875,493.82684326171875,2048,1440,370,493
HLC20-H3,2023,202303141949,PP,0,/Volumes/Seagate Portable Drive/KYLE_AI_DATABASE/A_CAMERA/Focal_species/Gulo gulo/HLC20-H3/PP/2023/B&W/Robust marks/03.14-19.49/RCNX0425.JPG,RCNX0425.JPG,HLC20-H3_2023_202303141949_RCNX0425.jpg,0.8888723254203796,892.4691162109375,611.8952026367188,448.532470703125,681.3118286132812,2048,1440,448,681
HLC20-H3,2023,202303141949,PP,0,/Volumes/Seagate Portable Drive/KYLE_AI_DATABASE/A_CAMERA/Focal_species/Gulo gulo/HLC20-H3/PP/2023/B&W/Robust marks/03.14-19.49/RCNX0431.JPG,RCNX0431.JPG,HLC20-H3_2023_202303141949_RCNX0431.jpg,0.9191835522651672,716.0382080078125,160.3265380859375,611.18505859375,851.6873168945312,2048,1440,611,851
HLC20-H3,2023,202303141949,PP,0,/Volumes/Seagate Portable Drive/KYLE_AI_DATABASE/A_CAMERA/Focal_species/Gulo gulo/HLC20-H3/PP/2023/B&W/Robust marks/03.14-19.49/RCNX0432.JPG,RCNX0432.JPG,HLC20-H3_2023_202303141949_RCNX0432.jpg,0.9151507019996643,772.713623046875,159.23777770996094,546.673583984375,872.7950439453125,2048,1440,546,872
HLC20-H3,2023,202303141949,PP,0,/Volumes/Seagate Portable Drive/KYLE_AI_DATABASE/A_CAMERA/Focal_species/Gulo gulo/HLC20-H3/PP/2023/B&W/Robust marks/03.14-19.49/RCNX0433.JPG,RCNX0433.JPG,HLC20-H3_2023_202303141949_RCNX0433.jpg,0.9250478744506836,824.666748046875,152.00721740722656,540.961181640625,686.8056640625,2048,1440,540,686
HLC20-H3,2023,202303141949,PP,0,/Volumes/Seagate Portable Drive/KYLE_AI_DATABASE/A_CAMERA/Focal_species/Gulo gulo/HLC20-H3/PP/2023/B&W/Robust marks/03.14-19.49/RCNX0434.JPG,RCNX0434.JPG,HLC20-H3_2023_202303141949_RCNX0434.jpg,0.9143533706665039,725.3357543945312,158.9000244140625,709.5875854492188,842.98583984375,2048,1440,709,842
HLC20-H3,2023,202303141949,PP,0,/Volumes/Seagate Portable Drive/KYLE_AI_DATABASE/A_CAMERA/Focal_species/Gulo gulo/HLC20-H3/PP/2023/B&W/Robust marks/03.14-19.49/RCNX0435.JPG,RCNX0435.JPG,HLC20-H3_2023_202303141949_RCNX0435.jpg,0.8774994015693665,976.4815063476562,305.7677001953125,431.86370849609375,740.1806640625,2048,1440,431,740
HLC20-H3,2023,202303141949,PP,0,/Volumes/Seagate Portable Drive/KYLE_AI_DATABASE/A_CAMERA/Focal_species/Gulo gulo/HLC20-H3/PP/2023/B&W/Robust marks/03.14-19.49/RCNX0436.JPG,RCNX0436.JPG,HLC20-H3_2023_202303141949_RCNX0436.jpg,0.9060047268867493,977.7206420898438,158.72119140625,418.30255126953125,897.395263671875,2048,1440,418,897
HLC20-H3,2023,202303141949,PP,0,/Volumes/Seagate Portable Drive/KYLE_AI_DATABASE/A_CAMERA/Focal_species/Gulo gulo/HLC20-H3/PP/2023/B&W/Robust marks/03.14-19.49/RCNX0439.JPG,RCNX0439.JPG,HLC20-H3_2023_202303141949_RCNX0439.jpg,0.8368436098098755,973.7310180664062,349.7054443359375,341.75567626953125,668.741943359375,2048,1440,341,668
HLC20-H3,2023,202303141949,PP,0,/Volumes/Seagate Portable Drive/KYLE_AI_DATABASE/A_CAMERA/Focal_species/Gulo gulo/HLC20-H3/PP/2023/B&W/Robust marks/03.14-19.49/RCNX0441.JPG,RCNX0441.JPG,HLC20-H3_2023_202303141949_RCNX0441.jpg,0.936183750629425,941.4810791015625,423.1670837402344,398.32568359375,638.3193359375,2048,1440,398,638
HLC20-H3,2023,202303141949,PP,0,/Volumes/Seagate Portable Drive/KYLE_AI_DATABASE/A_CAMERA/Focal_species/Gulo gulo/HLC20-H3/PP/2023/B&W/Robust marks/03.14-19.49/RCNX0442.JPG,RCNX0442.JPG,HLC20-H3_2023_202303141949_RCNX0442.jpg,0.8739674687385559,997.9498901367188,442.5623779296875,362.04669189453125,771.901123046875,2048,1440,362,771
HLC20-H3,2023,202303141949,PP,0,/Volumes/Seagate Portable Drive/KYLE_AI_DATABASE/A_CAMERA/Focal_species/Gulo gulo/HLC20-H3/PP/2023/B&W/Robust marks/03.14-19.49/RCNX0445.JPG,RCNX0445.JPG,HLC20-H3_2023_202303141949_RCNX0445.jpg,0.8192723989486694,892.6383056640625,174.62271118164062,460.310302734375,1013.11328125,2048,1440,460,1013
HLC20-H3,2023,202303141949,PP,0,/Volumes/Seagate Portable Drive/KYLE_AI_DATABASE/A_CAMERA/Focal_species/Gulo gulo/HLC20-H3/PP/2023/B&W/Robust marks/03.14-19.49/RCNX0446.JPG,RCNX0446.JPG,HLC20-H3_2023_202303141949_RCNX0446.jpg,0.8081388473510742,893.7442626953125,459.4756164550781,427.1015625,879.9735107421875,2048,1440,427,879
HLC20-H3,2023,202303141949,PP,0,/Volumes/Seagate Portable Drive/KYLE_AI_DATABASE/A_CAMERA/Focal_species/Gulo gulo/HLC20-H3/PP/2023/B&W/Robust marks/03.14-19.49/RCNX0447.JPG,RCNX0447.JPG,HLC20-H3_2023_202303141949_RCNX0447.jpg,0.8621342778205872,909.8649291992188,359.77191162109375,435.22003173828125,811.7864379882812,2048,1440,435,811
HLC20-H3,2023,202303141949,PP,0,/Volumes/Seagate Portable Drive/KYLE_AI_DATABASE/A_CAMERA/Focal_species/Gulo gulo/HLC20-H3/PP/2023/B&W/Robust marks/03.14-19.49/RCNX0450.JPG,RCNX0450.JPG,HLC20-H3_2023_202303141949_RCNX0450.jpg,0.8229733109474182,816.2554931640625,403.5928955078125,488.1474609375,764.992431640625,2048,1440,488,764
HLC20-H3,2023,202303141949,PP,0,/Volumes/Seagate Portable Drive/KYLE_AI_DATABASE/A_CAMERA/Focal_species/Gulo gulo/HLC20-H3/PP/2023/B&W/Robust marks/03.14-19.49/RCNX0451.JPG,RCNX0451.JPG,HLC20-H3_2023_202303141949_RCNX0451.jpg,0.9313634634017944,971.1643676757812,127.01847839355469,416.47723388671875,970.6924438476562,2048,1440,416,970
HLC20-H3,2023,202303141949,PP,0,/Volumes/Seagate Portable Drive/KYLE_AI_DATABASE/A_CAMERA/Focal_species/Gulo gulo/HLC20-H3/PP/2023/B&W/Robust marks/03.14-19.49/RCNX0452.JPG,RCNX0452.JPG,HLC20-H3_2023_202303141949_RCNX0452.jpg,0.8940560817718506,909.764404296875,108.89502716064453,446.382080078125,1040.248779296875,2048,1440,446,1040
HLC20-H3,2023,202303141949,PP,0,/Volumes/Seagate Portable Drive/KYLE_AI_DATABASE/A_CAMERA/Focal_species/Gulo gulo/HLC20-H3/PP/2023/B&W/Robust marks/03.14-19.49/RCNX0453.JPG,RCNX0453.JPG,HLC20-H3_2023_202303141949_RCNX0453.jpg,0.9160236120223999,966.3648071289062,119.2804946899414,431.16937255859375,975.5125732421875,2048,1440,431,975
HLC20-H3,2023,202303141949,PP,0,/Volumes/Seagate Portable Drive/KYLE_AI_DATABASE/A_CAMERA/Focal_species/Gulo gulo/HLC20-H3/PP/2023/B&W/Robust marks/03.14-19.49/RCNX0454.JPG,RCNX0454.JPG,HLC20-H3_2023_202303141949_RCNX0454.jpg,0.9072201251983643,967.947998046875,108.96583557128906,415.92333984375,1030.2294921875,2048,1440,415,1030
HLC20-H3,2023,202303141949,PP,0,/Volumes/Seagate Portable Drive/KYLE_AI_DATABASE/A_CAMERA/Focal_species/Gulo gulo/HLC20-H3/PP/2023/B&W/Robust marks/03.14-19.49/RCNX0455.JPG,RCNX0455.JPG,HLC20-H3_2023_202303141949_RCNX0455.jpg,0.9387173056602478,955.5678100585938,147.66659545898438,429.65826416015625,948.006591796875,2048,1440,429,948
HLC20-H3,2023,202303141949,PP,0,/Volumes/Seagate Portable Drive/KYLE_AI_DATABASE/A_CAMERA/Focal_species/Gulo gulo/HLC20-H3/PP/2023/B&W/Robust marks/03.14-19.49/RCNX0456.JPG,RCNX0456.JPG,HLC20-H3_2023_202303141949_RCNX0456.jpg,0.9289803504943848,965.3052978515625,180.70733642578125,375.747314453125,1001.5142211914062,2048,1440,375,1001
HLC20-H3,2023,202303141949,PP,0,/Volumes/Seagate Portable Drive/KYLE_AI_DATABASE/A_CAMERA/Focal_species/Gulo gulo/HLC20-H3/PP/2023/B&W/Robust marks/03.14-19.49/RCNX0457.JPG,RCNX0457.JPG,HLC20-H3_2023_202303141949_RCNX0457.jpg,0.932619035243988,790.0843505859375,172.92283630371094,573.97705078125,958.6844482421875,2048,1440,573,958
HLC20-H3,2023,202303141949,PP,0,/Volumes/Seagate Portable Drive/KYLE_AI_DATABASE/A_CAMERA/Focal_species/Gulo gulo/HLC20-H3/PP/2023/B&W/Robust marks/03.14-19.49/RCNX0460.JPG,RCNX0460.JPG,HLC20-H3_2023_202303141949_RCNX0460.jpg,0.8859165906906128,1015.9810180664062,267.408447265625,323.71331787109375,697.0759887695312,2048,1440,323,697
HLC20-H3,2023,202303141949,PP,0,/Volumes/Seagate Portable Drive/KYLE_AI_DATABASE/A_CAMERA/Focal_species/Gulo gulo/HLC20-H3/PP/2023/B&W/Robust marks/03.14-19.49/RCNX0461.JPG,RCNX0461.JPG,HLC20-H3_2023_202303141949_RCNX0461.jpg,0.918588399887085,1004.3475952148438,156.51956176757812,378.60284423828125,778.7735595703125,2048,1440,378,778
HLC20-H3,2023,202303141949,PP,0,/Volumes/Seagate Portable Drive/KYLE_AI_DATABASE/A_CAMERA/Focal_species/Gulo gulo/HLC20-H3/PP/2023/B&W/Robust marks/03.14-19.49/RCNX0466.JPG,RCNX0466.JPG,HLC20-H3_2023_202303141949_RCNX0466.jpg,0.8644903302192688,908.0730590820312,497.6011047363281,411.34930419921875,837.1517333984375,2048,1440,411,837
HLC20-H3,2023,202303141949,PP,0,/Volumes/Seagate Portable Drive/KYLE_AI_DATABASE/A_CAMERA/Focal_species/Gulo gulo/HLC20-H3/PP/2023/B&W/Robust marks/03.14-19.49/RCNX0467.JPG,RCNX0467.JPG,HLC20-H3_2023_202303141949_RCNX0467.jpg,0.8463380336761475,897.7748413085938,171.6152801513672,421.14996337890625,1070.99755859375,2048,1440,421,1070
HLC20-H3,2023,202303141949,PP,0,/Volumes/Seagate Portable Drive/KYLE_AI_DATABASE/A_CAMERA/Focal_species/Gulo gulo/HLC20-H3/PP/2023/B&W/Robust marks/03.14-19.49/RCNX0468.JPG,RCNX0468.JPG,HLC20-H3_2023_202303141949_RCNX0468.jpg,0.8304769396781921,894.6475830078125,150.4201202392578,430.336669921875,1092.1524658203125,2048,1440,430,1092
HLC20-H3,2023,202303141949,PP,0,/Volumes/Seagate Portable Drive/KYLE_AI_DATABASE/A_CAMERA/Focal_species/Gulo gulo/HLC20-H3/PP/2023/B&W/Robust marks/03.14-19.49/RCNX0469.JPG,RCNX0469.JPG,HLC20-H3_2023_202303141949_RCNX0469.jpg,0.9118226766586304,923.1054077148438,512.5587158203125,499.21539306640625,672.763916015625,2048,1440,499,672
HLC20-H3,2023,202303141949,PP,0,/Volumes/Seagate Portable Drive/KYLE_AI_DATABASE/A_CAMERA/Focal_species/Gulo gulo/HLC20-H3/PP/2023/B&W/Robust marks/03.14-19.49/RCNX0470.JPG,RCNX0470.JPG,HLC20-H3_2023_202303141949_RCNX0470.jpg,0.9465397000312805,825.5302734375,441.48583984375,473.684326171875,656.570068359375,2048,1440,473,656
HLC20-H3,2023,202303141949,PP,0,/Volumes/Seagate Portable Drive/KYLE_AI_DATABASE/A_CAMERA/Focal_species/Gulo gulo/HLC20-H3/PP/2023/B&W/Robust marks/03.14-19.49/RCNX0471.JPG,RCNX0471.JPG,HLC20-H3_2023_202303141949_RCNX0471.jpg,0.8894160985946655,836.3839721679688,178.8480224609375,490.67144775390625,935.1546630859375,2048,1440,490,935
HLC20-H3,2023,202303141949,PP,0,/Volumes/Seagate Portable Drive/KYLE_AI_DATABASE/A_CAMERA/Focal_species/Gulo gulo/HLC20-H3/PP/2023/B&W/Robust marks/03.14-19.49/RCNX0472.JPG,RCNX0472.JPG,HLC20-H3_2023_202303141949_RCNX0472.jpg,0.8744242191314697,938.629638671875,499.3311462402344,387.975830078125,710.8048095703125,2048,1440,387,710
HLC20-H3,2023,202303141949,PP,0,/Volumes/Seagate Portable Drive/KYLE_AI_DATABASE/A_CAMERA/Focal_species/Gulo gulo/HLC20-H3/PP/2023/B&W/Robust marks/03.14-19.49/RCNX0473.JPG,RCNX0473.JPG,HLC20-H3_2023_202303141949_RCNX0473.jpg,0.9409201741218567,855.5922241210938,171.19154357910156,470.38262939453125,927.4246826171875,2048,1440,470,927
HLC20-H3,2023,202303141949,PP,0,/Volumes/Seagate Portable Drive/KYLE_AI_DATABASE/A_CAMERA/Focal_species/Gulo gulo/HLC20-H3/PP/2023/B&W/Robust marks/03.14-19.49/RCNX0474.JPG,RCNX0474.JPG,HLC20-H3_2023_202303141949_RCNX0474.jpg,0.8425257205963135,814.1881713867188,167.91378784179688,513.0859985351562,1006.034423828125,2048,1440,513,1006
HLC20-H3,2023,202303141949,PP,0,/Volumes/Seagate Portable Drive/KYLE_AI_DATABASE/A_CAMERA/Focal_species/Gulo gulo/HLC20-H3/PP/2023/B&W/Robust marks/03.14-19.49/RCNX0475.JPG,RCNX0475.JPG,HLC20-H3_2023_202303141949_RCNX0475.jpg,0.888486385345459,766.26025390625,178.8730010986328,561.4873046875,1007.3512573242188,2048,1440,561,1007
HLC20-H3,2023,202303141949,PP,0,/Volumes/Seagate Portable Drive/KYLE_AI_DATABASE/A_CAMERA/Focal_species/Gulo gulo/HLC20-H3/PP/2023/B&W/Robust marks/03.14-19.49/RCNX0476.JPG,RCNX0476.JPG,HLC20-H3_2023_202303141949_RCNX0476.jpg,0.890973687171936,939.50146484375,164.48974609375,380.84716796875,1004.5545654296875,2048,1440,380,1004
HLC20-H3,2023,202303141949,PP,0,/Volumes/Seagate Portable Drive/KYLE_AI_DATABASE/A_CAMERA/Focal_species/Gulo gulo/HLC20-H3/PP/2023/B&W/Robust marks/03.14-19.49/RCNX0477.JPG,RCNX0477.JPG,HLC20-H3_2023_202303141949_RCNX0477.jpg,0.917922854423523,882.177734375,154.06068420410156,438.0966796875,1016.686279296875,2048,1440,438,1016
HLC20-H3,2023,202303141949,PP,0,/Volumes/Seagate Portable Drive/KYLE_AI_DATABASE/A_CAMERA/Focal_species/Gulo gulo/HLC20-H3/PP/2023/B&W/Robust marks/03.14-19.49/RCNX0479.JPG,RCNX0479.JPG,HLC20-H3_2023_202303141949_RCNX0479.jpg,0.8962236046791077,847.0802612304688,402.3966369628906,465.42974853515625,768.7872314453125,2048,1440,465,768
HLC20-H3,2023,202303141949,PP,0,/Volumes/Seagate Portable Drive/KYLE_AI_DATABASE/A_CAMERA/Focal_species/Gulo gulo/HLC20-H3/PP/2023/B&W/Robust marks/03.14-19.49/RCNX0480.JPG,RCNX0480.JPG,HLC20-H3_2023_202303141949_RCNX0480.jpg,0.8443585634231567,918.9014282226562,430.3531799316406,387.33575439453125,745.15185546875,2048,1440,387,745
HLC20-H3,2023,202303141949,PP,0,/Volumes/Seagate Portable Drive/KYLE_AI_DATABASE/A_CAMERA/Focal_species/Gulo gulo/HLC20-H3/PP/2023/B&W/Robust marks/03.14-19.49/RCNX0481.JPG,RCNX0481.JPG,HLC20-H3_2023_202303141949_RCNX0481.jpg,0.8961304426193237,912.7767333984375,468.78472900390625,417.080322265625,692.2225952148438,2048,1440,417,692
HLC20-H3,2023,202303141949,PP,0,/Volumes/Seagate Portable Drive/KYLE_AI_DATABASE/A_CAMERA/Focal_species/Gulo gulo/HLC20-H3/PP/2023/B&W/Robust marks/03.14-19.49/RCNX0482.JPG,RCNX0482.JPG,HLC20-H3_2023_202303141949_RCNX0482.jpg,0.9420220851898193,890.61181640625,144.41201782226562,439.953857421875,1027.91748046875,2048,1440,439,1027
HLC20-H3,2023,202303141949,PP,0,/Volumes/Seagate Portable Drive/KYLE_AI_DATABASE/A_CAMERA/Focal_species/Gulo gulo/HLC20-H3/PP/2023/B&W/Robust marks/03.14-19.49/RCNX0483.JPG,RCNX0483.JPG,HLC20-H3_2023_202303141949_RCNX0483.jpg,0.8661805391311646,924.6239013671875,479.2548828125,406.109130859375,658.327392578125,2048,1440,406,658
HLC20-H3,2023,202303141949,PP,0,/Volumes/Seagate Portable Drive/KYLE_AI_DATABASE/A_CAMERA/Focal_species/Gulo gulo/HLC20-H3/PP/2023/B&W/Robust marks/03.14-19.49/RCNX0484.JPG,RCNX0484.JPG,HLC20-H3_2023_202303141949_RCNX0484.jpg,0.8984535932540894,900.906982421875,141.496826171875,497.8408203125,1026.9915771484375,2048,1440,497,1026
HLC20-H3,2023,202303141949,PP,0,/Volumes/Seagate Portable Drive/KYLE_AI_DATABASE/A_CAMERA/Focal_species/Gulo gulo/HLC20-H3/PP/2023/B&W/Robust marks/03.14-19.49/RCNX0485.JPG,RCNX0485.JPG,HLC20-H3_2023_202303141949_RCNX0485.jpg,0.9103687405586243,925.0682983398438,123.95346069335938,422.47833251953125,1046.3603515625,2048,1440,422,1046
HLC20-H3,2023,202303141949,PP,0,/Volumes/Seagate Portable Drive/KYLE_AI_DATABASE/A_CAMERA/Focal_species/Gulo gulo/HLC20-H3/PP/2023/B&W/Robust marks/03.14-19.49/RCNX0487.JPG,RCNX0487.JPG,HLC20-H3_2023_202303141949_RCNX0487.jpg,0.8797461986541748,897.890625,342.53765869140625,432.835205078125,831.8317260742188,2048,1440,432,831
HLC20-H3,2023,202303141949,PP,0,/Volumes/Seagate Portable Drive/KYLE_AI_DATABASE/A_CAMERA/Focal_species/Gulo gulo/HLC20-H3/PP/2023/B&W/Robust marks/03.14-19.49/RCNX0488.JPG,RCNX0488.JPG,HLC20-H3_2023_202303141949_RCNX0488.jpg,0.9273102283477783,929.8275146484375,121.27537536621094,407.313232421875,1042.5516357421875,2048,1440,407,1042
HLC20-H3,2023,202303141949,PP,0,/Volumes/Seagate Portable Drive/KYLE_AI_DATABASE/A_CAMERA/Focal_species/Gulo gulo/HLC20-H3/PP/2023/B&W/Robust marks/03.14-19.49/RCNX0489.JPG,RCNX0489.JPG,HLC20-H3_2023_202303141949_RCNX0489.jpg,0.886775016784668,834.8963623046875,132.36550903320312,490.697998046875,1026.5555419921875,2048,1440,490,1026
HLC20-H3,2023,202303141949,PP,0,/Volumes/Seagate Portable Drive/KYLE_AI_DATABASE/A_CAMERA/Focal_species/Gulo gulo/HLC20-H3/PP/2023/B&W/Robust marks/03.14-19.49/RCNX0490.JPG,RCNX0490.JPG,HLC20-H3_2023_202303141949_RCNX0490.jpg,0.9000250697135925,859.7924194335938,129.525634765625,469.47564697265625,1032.2017822265625,2048,1440,469,1032
HLC20-H3,2023,202303141949,PP,0,/Volumes/Seagate Portable Drive/KYLE_AI_DATABASE/A_CAMERA/Focal_species/Gulo gulo/HLC20-H3/PP/2023/B&W/Robust marks/03.14-19.49/RCNX0491.JPG,RCNX0491.JPG,HLC20-H3_2023_202303141949_RCNX0491.jpg,0.951392650604248,888.2963256835938,127.37406921386719,482.14837646484375,963.0579223632812,2048,1440,482,963
HLC20-H3,2023,202303141949,PP,0,/Volumes/Seagate Portable Drive/KYLE_AI_DATABASE/A_CAMERA/Focal_species/Gulo gulo/HLC20-H3/PP/2023/B&W/Robust marks/03.14-19.49/RCNX0492.JPG,RCNX0492.JPG,HLC20-H3_2023_202303141949_RCNX0492.jpg,0.9373865723609924,792.0301513671875,121.49522399902344,601.383544921875,973.6728515625,2048,1440,601,973
HLC20-H3,2023,202303141949,PP,0,/Volumes/Seagate Portable Drive/KYLE_AI_DATABASE/A_CAMERA/Focal_species/Gulo gulo/HLC20-H3/PP/2023/B&W/Robust marks/03.14-19.49/RCNX0493.JPG,RCNX0493.JPG,HLC20-H3_2023_202303141949_RCNX0493.jpg,0.9538260102272034,929.2350463867188,139.54147338867188,453.95635986328125,954.827880859375,2048,1440,453,954
HLC20-H3,2023,202303141949,PP,0,/Volumes/Seagate Portable Drive/KYLE_AI_DATABASE/A_CAMERA/Focal_species/Gulo gulo/HLC20-H3/PP/2023/B&W/Robust marks/03.14-19.49/RCNX0494.JPG,RCNX0494.JPG,HLC20-H3_2023_202303141949_RCNX0494.jpg,0.9361838698387146,920.2744750976562,142.40719604492188,486.26788330078125,950.258544921875,2048,1440,486,950
HLC20-H3,2023,202303141949,PP,0,/Volumes/Seagate Portable Drive/KYLE_AI_DATABASE/A_CAMERA/Focal_species/Gulo gulo/HLC20-H3/PP/2023/B&W/Robust marks/03.14-19.49/RCNX0495.JPG,RCNX0495.JPG,HLC20-H3_2023_202303141949_RCNX0495.jpg,0.9469164609909058,917.7947998046875,138.6386260986328,484.0986328125,953.2807006835938,2048,1440,484,953
HLC20-H3,2023,202303141949,PP,0,/Volumes/Seagate Portable Drive/KYLE_AI_DATABASE/A_CAMERA/Focal_species/Gulo gulo/HLC20-H3/PP/2023/B&W/Robust marks/03.14-19.49/RCNX0496.JPG,RCNX0496.JPG,HLC20-H3_2023_202303141949_RCNX0496.jpg,0.9589345455169678,932.5804443359375,131.39849853515625,469.390869140625,962.1210327148438,2048,1440,469,962
HLC20-H3,2023,202303141949,PP,0,/Volumes/Seagate Portable Drive/KYLE_AI_DATABASE/A_CAMERA/Focal_species/Gulo gulo/HLC20-H3/PP/2023/B&W/Robust marks/03.14-19.49/RCNX0497.JPG,RCNX0497.JPG,HLC20-H3_2023_202303141949_RCNX0497.jpg,0.9483824968338013,931.41796875,155.0899658203125,472.25244140625,934.8966064453125,2048,1440,472,934
HLC20-H3,2023,202303141949,PP,0,/Volumes/Seagate Portable Drive/KYLE_AI_DATABASE/A_CAMERA/Focal_species/Gulo gulo/HLC20-H3/PP/2023/B&W/Robust marks/03.14-19.49/RCNX0498.JPG,RCNX0498.JPG,HLC20-H3_2023_202303141949_RCNX0498.jpg,0.9130310416221619,905.4852294921875,128.42906188964844,483.064697265625,966.7060546875,2048,1440,483,966
HLC20-H3,2023,202303141949,PP,0,/Volumes/Seagate Portable Drive/KYLE_AI_DATABASE/A_CAMERA/Focal_species/Gulo gulo/HLC20-H3/PP/2023/B&W/Robust marks/03.14-19.49/RCNX0499.JPG,RCNX0499.JPG,HLC20-H3_2023_202303141949_RCNX0499.jpg,0.9566395878791809,931.8517456054688,128.65277099609375,473.57440185546875,963.1292114257812,2048,1440,473,963
HLC20-H3,2023,202303141949,PP,0,/Volumes/Seagate Portable Drive/KYLE_AI_DATABASE/A_CAMERA/Focal_species/Gulo gulo/HLC20-H3/PP/2023/B&W/Robust marks/03.14-19.49/RCNX0500.JPG,RCNX0500.JPG,HLC20-H3_2023_202303141949_RCNX0500.jpg,0.8140796422958374,955.1770629882812,376.84564208984375,423.56976318359375,716.2205200195312,2048,1440,423,716
HLC20-H3,2023,202303141949,PP,0,/Volumes/Seagate Portable Drive/KYLE_AI_DATABASE/A_CAMERA/Focal_species/Gulo gulo/HLC20-H3/PP/2023/B&W/Robust marks/03.14-19.49/RCNX0501.JPG,RCNX0501.JPG,HLC20-H3_2023_202303141949_RCNX0501.jpg,0.9523224234580994,994.5993041992188,108.8619384765625,395.65081787109375,993.67578125,2048,1440,395,993
HLC20-H3,2023,202303141949,PP,0,/Volumes/Seagate Portable Drive/KYLE_AI_DATABASE/A_CAMERA/Focal_species/Gulo gulo/HLC20-H3/PP/2023/B&W/Robust marks/03.14-19.49/RCNX0502.JPG,RCNX0502.JPG,HLC20-H3_2023_202303141949_RCNX0502.jpg,0.8777857422828674,978.9761962890625,124.38600158691406,416.799560546875,1020.3525390625,2048,1440,416,1020
HLC20-H3,2023,202303141949,PP,0,/Volumes/Seagate Portable Drive/KYLE_AI_DATABASE/A_CAMERA/Focal_species/Gulo gulo/HLC20-H3/PP/2023/B&W/Robust marks/03.14-19.49/RCNX0503.JPG,RCNX0503.JPG,HLC20-H3_2023_202303141949_RCNX0503.jpg,0.9314534068107605,991.4654541015625,114.39080810546875,400.695068359375,1006.1876831054688,2048,1440,400,1006
HLC20-H3,2023,202303141949,PP,0,/Volumes/Seagate Portable Drive/KYLE_AI_DATABASE/A_CAMERA/Focal_species/Gulo gulo/HLC20-H3/PP/2023/B&W/Robust marks/03.14-19.49/RCNX0504.JPG,RCNX0504.JPG,HLC20-H3_2023_202303141949_RCNX0504.jpg,0.9287115931510925,990.2907104492188,92.68946075439453,399.89129638671875,1029.0430908203125,2048,1440,399,1029
HLC20-H3,2023,202303141949,PP,0,/Volumes/Seagate Portable Drive/KYLE_AI_DATABASE/A_CAMERA/Focal_species/Gulo gulo/HLC20-H3/PP/2023/B&W/Robust marks/03.14-19.49/RCNX0505.JPG,RCNX0505.JPG,HLC20-H3_2023_202303141949_RCNX0505.jpg,0.9455546140670776,994.578125,102.92039489746094,397.399169921875,1063.93017578125,2048,1440,397,1063
HLC20-H3,2023,202303141949,PP,0,/Volumes/Seagate Portable Drive/KYLE_AI_DATABASE/A_CAMERA/Focal_species/Gulo gulo/HLC20-H3/PP/2023/B&W/Robust marks/03.14-19.49/RCNX0506.JPG,RCNX0506.JPG,HLC20-H3_2023_202303141949_RCNX0506.jpg,0.9452425837516785,982.3121337890625,93.24547576904297,395.06494140625,1010.3154296875,2048,1440,395,1010
HLC20-H3,2023,202303141949,PP,0,/Volumes/Seagate Portable Drive/KYLE_AI_DATABASE/A_CAMERA/Focal_species/Gulo gulo/HLC20-H3/PP/2023/B&W/Robust marks/03.14-19.49/RCNX0507.JPG,RCNX0507.JPG,HLC20-H3_2023_202303141949_RCNX0507.jpg,0.9542213678359985,1001.2132568359375,121.57140350341797,395.45166015625,986.7850341796875,2048,1440,395,986
HLC20-H3,2023,202303141949,PP,0,/Volumes/Seagate Portable Drive/KYLE_AI_DATABASE/A_CAMERA/Focal_species/Gulo gulo/HLC20-H3/PP/2023/B&W/Robust marks/03.14-19.49/RCNX0508.JPG,RCNX0508.JPG,HLC20-H3_2023_202303141949_RCNX0508.jpg,0.9377054572105408,984.9821166992188,110.21875,392.55474853515625,1000.8243408203125,2048,1440,392,1000
HLC20-H3,2023,202303141949,PP,0,/Volumes/Seagate Portable Drive/KYLE_AI_DATABASE/A_CAMERA/Focal_species/Gulo gulo/HLC20-H3/PP/2023/B&W/Robust marks/03.14-19.49/RCNX0509.JPG,RCNX0509.JPG,HLC20-H3_2023_202303141949_RCNX0509.jpg,0.9448282122612,994.0859985351562,118.1740493774414,377.50006103515625,1004.585693359375,2048,1440,377,1004
HLC20-H3,2023,202303141949,PP,0,/Volumes/Seagate Portable Drive/KYLE_AI_DATABASE/A_CAMERA/Focal_species/Gulo gulo/HLC20-H3/PP/2023/B&W/Robust marks/03.14-19.49/RCNX0510.JPG,RCNX0510.JPG,HLC20-H3_2023_202303141949_RCNX0510.jpg,0.9534655213356018,1004.0531005859375,107.20514678955078,370.689697265625,1015.9467163085938,2048,1440,370,1015
HLC20-H3,2023,202303141949,PP,0,/Volumes/Seagate Portable Drive/KYLE_AI_DATABASE/A_CAMERA/Focal_species/Gulo gulo/HLC20-H3/PP/2023/B&W/Robust marks/03.14-19.49/RCNX0511.JPG,RCNX0511.JPG,HLC20-H3_2023_202303141949_RCNX0511.jpg,0.9424863457679749,990.6193237304688,143.0311737060547,423.33673095703125,1023.3002319335938,2048,1440,423,1023
HLC20-H3,2023,202303141949,PP,0,/Volumes/Seagate Portable Drive/KYLE_AI_DATABASE/A_CAMERA/Focal_species/Gulo gulo/HLC20-H3/PP/2023/B&W/Robust marks/03.14-19.49/RCNX0513.JPG,RCNX0513.JPG,HLC20-H3_2023_202303141949_RCNX0513.jpg,0.8788700699806213,916.6590576171875,128.7447509765625,395.349853515625,1138.389404296875,2048,1440,395,1138
HLC20-H3,2023,202303141949,PP,0,/Volumes/Seagate Portable Drive/KYLE_AI_DATABASE/A_CAMERA/Focal_species/Gulo gulo/HLC20-H3/PP/2023/B&W/Robust marks/03.14-19.49/RCNX0517.JPG,RCNX0517.JPG,HLC20-H3_2023_202303141949_RCNX0517.jpg,0.8506688475608826,899.2593383789062,138.08389282226562,438.32135009765625,875.665771484375,2048,1440,438,875
HLC20-H3,2023,202303141949,PP,0,/Volumes/Seagate Portable Drive/KYLE_AI_DATABASE/A_CAMERA/Focal_species/Gulo gulo/HLC20-H3/PP/2023/B&W/Robust marks/03.14-19.49/RCNX0518.JPG,RCNX0518.JPG,HLC20-H3_2023_202303141949_RCNX0518.jpg,0.8464667201042175,866.52685546875,163.40870666503906,417.744140625,837.076416015625,2048,1440,417,837
HLC20-H3,2023,202303141949,PP,0,/Volumes/Seagate Portable Drive/KYLE_AI_DATABASE/A_CAMERA/Focal_species/Gulo gulo/HLC20-H3/PP/2023/B&W/Robust marks/03.14-19.49/RCNX0519.JPG,RCNX0519.JPG,HLC20-H3_2023_202303141949_RCNX0519.jpg,0.8784394264221191,922.043701171875,287.552001953125,364.187744140625,721.5487670898438,2048,1440,364,721
HLC20-H3,2023,202303141949,PP,0,/Volumes/Seagate Portable Drive/KYLE_AI_DATABASE/A_CAMERA/Focal_species/Gulo gulo/HLC20-H3/PP/2023/B&W/Robust marks/03.14-19.49/RCNX0522.JPG,RCNX0522.JPG,HLC20-H3_2023_202303141949_RCNX0522.jpg,0.8984183669090271,928.2784423828125,297.53790283203125,374.724365234375,721.2849731445312,2048,1440,374,721
HLC20-H3,2023,202303141949,PP,0,/Volumes/Seagate Portable Drive/KYLE_AI_DATABASE/A_CAMERA/Focal_species/Gulo gulo/HLC20-H3/PP/2023/B&W/Robust marks/03.14-19.49/RCNX0523.JPG,RCNX0523.JPG,HLC20-H3_2023_202303141949_RCNX0523.jpg,0.8850118517875671,925.7906494140625,300.93267822265625,360.075927734375,524.5411376953125,2048,1440,360,524
HLC20-H3,2023,202303141949,PP,0,/Volumes/Seagate Portable Drive/KYLE_AI_DATABASE/A_CAMERA/Focal_species/Gulo gulo/HLC20-H3/PP/2023/B&W/Robust marks/03.14-19.49/RCNX0524.JPG,RCNX0524.JPG,HLC20-H3_2023_202303141949_RCNX0524.jpg,0.8727670907974243,929.2050170898438,309.32220458984375,345.64959716796875,725.0350952148438,2048,1440,345,725
HLC20-H3,2023,202303141949,PP,0,/Volumes/Seagate Portable Drive/KYLE_AI_DATABASE/A_CAMERA/Focal_species/Gulo gulo/HLC20-H3/PP/2023/B&W/Robust marks/03.14-19.49/RCNX0526.JPG,RCNX0526.JPG,HLC20-H3_2023_202303141949_RCNX0526.jpg,0.9235685467720032,934.28173828125,304.5281066894531,356.33203125,696.1181640625,2048,1440,356,696
HLC20-H3,2023,202303141949,PP,0,/Volumes/Seagate Portable Drive/KYLE_AI_DATABASE/A_CAMERA/Focal_species/Gulo gulo/HLC20-H3/PP/2023/B&W/Robust marks/03.14-19.49/RCNX0527.JPG,RCNX0527.JPG,HLC20-H3_2023_202303141949_RCNX0527.jpg,0.8329092264175415,930.956787109375,288.6413879394531,383.260009765625,715.2303466796875,2048,1440,383,715
HLC20-H3,2023,202303141949,PP,0,/Volumes/Seagate Portable Drive/KYLE_AI_DATABASE/A_CAMERA/Focal_species/Gulo gulo/HLC20-H3/PP/2023/B&W/Robust marks/03.14-19.49/RCNX0529.JPG,RCNX0529.JPG,HLC20-H3_2023_202303141949_RCNX0529.jpg,0.8921629190444946,856.1023559570312,140.65078735351562,444.88702392578125,876.75390625,2048,1440,444,876
HLC20-H3,2023,202303141949,PP,0,/Volumes/Seagate Portable Drive/KYLE_AI_DATABASE/A_CAMERA/Focal_species/Gulo gulo/HLC20-H3/PP/2023/B&W/Robust marks/03.14-19.49/RCNX0532.JPG,RCNX0532.JPG,HLC20-H3_2023_202303141949_RCNX0532.jpg,0.9022603034973145,915.0247802734375,126.1720962524414,438.4453125,920.415771484375,2048,1440,438,920
HLC20-H3,2023,202303141949,PP,0,/Volumes/Seagate Portable Drive/KYLE_AI_DATABASE/A_CAMERA/Focal_species/Gulo gulo/HLC20-H3/PP/2023/B&W/Robust marks/03.14-19.49/RCNX0533.JPG,RCNX0533.JPG,HLC20-H3_2023_202303141949_RCNX0533.jpg,0.8464329838752747,902.5962524414062,156.45779418945312,479.89923095703125,840.1510009765625,2048,1440,479,840
HLC20-H3,2023,202303141949,PP,0,/Volumes/Seagate Portable Drive/KYLE_AI_DATABASE/A_CAMERA/Focal_species/Gulo gulo/HLC20-H3/PP/2023/B&W/Robust marks/03.14-19.49/RCNX0535.JPG,RCNX0535.JPG,HLC20-H3_2023_202303141949_RCNX0535.jpg,0.8768182396888733,845.2011108398438,132.01931762695312,516.8245239257812,854.694091796875,2048,1440,516,854
HLC20-H3,2023,202303141949,PP,0,/Volumes/Seagate Portable Drive/KYLE_AI_DATABASE/A_CAMERA/Focal_species/Gulo gulo/HLC20-H3/PP/2023/B&W/Robust marks/03.14-19.49/RCNX0536.JPG,RCNX0536.JPG,HLC20-H3_2023_202303141949_RCNX0536.jpg,0.8590922355651855,970.27734375,268.8166809082031,387.491943359375,880.707763671875,2048,1440,387,880
HLC20-H3,2023,202303141949,PP,0,/Volumes/Seagate Portable Drive/KYLE_AI_DATABASE/A_CAMERA/Focal_species/Gulo gulo/HLC20-H3/PP/2023/B&W/Robust marks/03.14-19.49/RCNX0537.JPG,RCNX0537.JPG,HLC20-H3_2023_202303141949_RCNX0537.jpg,0.9034425020217896,933.2753295898438,148.18157958984375,426.58966064453125,962.1296997070312,2048,1440,426,962
HLC20-H3,2023,202303141949,PP,0,/Volumes/Seagate Portable Drive/KYLE_AI_DATABASE/A_CAMERA/Focal_species/Gulo gulo/HLC20-H3/PP/2023/B&W/Robust marks/03.14-19.49/RCNX0538.JPG,RCNX0538.JPG,HLC20-H3_2023_202303141949_RCNX0538.jpg,0.9062574505805969,894.6109619140625,154.52952575683594,460.6669921875,868.2490234375,2048,1440,460,868
HLC20-H3,2023,202303141949,PP,0,/Volumes/Seagate Portable Drive/KYLE_AI_DATABASE/A_CAMERA/Focal_species/Gulo gulo/HLC20-H3/PP/2023/B&W/Robust marks/03.14-19.49/RCNX0539.JPG,RCNX0539.JPG,HLC20-H3_2023_202303141949_RCNX0539.jpg,0.8011026978492737,906.805908203125,267.0238952636719,450.246337890625,765.407958984375,2048,1440,450,765
HLC20-H3,2023,202303141949,PP,0,/Volumes/Seagate Portable Drive/KYLE_AI_DATABASE/A_CAMERA/Focal_species/Gulo gulo/HLC20-H3/PP/2023/B&W/Robust marks/03.14-19.49/RCNX0540.JPG,RCNX0540.JPG,HLC20-H3_2023_202303141949_RCNX0540.jpg,0.8428277969360352,921.3192138671875,145.8984832763672,442.494873046875,893.3880004882812,2048,1440,442,893
HLC20-H3,2023,202303141949,PP,0,/Volumes/Seagate Portable Drive/KYLE_AI_DATABASE/A_CAMERA/Focal_species/Gulo gulo/HLC20-H3/PP/2023/B&W/Robust marks/03.14-19.49/RCNX0541.JPG,RCNX0541.JPG,HLC20-H3_2023_202303141949_RCNX0541.jpg,0.8760827779769897,818.7764892578125,110.81497192382812,561.80908203125,897.1624755859375,2048,1440,561,897
HLC20-H3,2023,202303141949,PP,0,/Volumes/Seagate Portable Drive/KYLE_AI_DATABASE/A_CAMERA/Focal_species/Gulo gulo/HLC20-H3/PP/2023/B&W/Robust marks/03.14-19.49/RCNX0542.JPG,RCNX0542.JPG,HLC20-H3_2023_202303141949_RCNX0542.jpg,0.8122548460960388,673.4429931640625,166.22425842285156,689.59130859375,817.4183349609375,2048,1440,689,817
HLC20-H3,2023,202303141949,PP,0,/Volumes/Seagate Portable Drive/KYLE_AI_DATABASE/A_CAMERA/Focal_species/Gulo gulo/HLC20-H3/PP/2023/B&W/Robust marks/03.14-19.49/RCNX0543.JPG,RCNX0543.JPG,HLC20-H3_2023_202303141949_RCNX0543.jpg,0.9297131299972534,806.1644287109375,148.52725219726562,555.561279296875,865.232666015625,2048,1440,555,865
HLC20-H3,2023,202303141949,PP,0,/Volumes/Seagate Portable Drive/KYLE_AI_DATABASE/A_CAMERA/Focal_species/Gulo gulo/HLC20-H3/PP/2023/B&W/Robust marks/03.14-19.49/RCNX0544.JPG,RCNX0544.JPG,HLC20-H3_2023_202303141949_RCNX0544.jpg,0.9251545071601868,862.69091796875,152.10772705078125,486.180419921875,887.7830200195312,2048,1440,486,887
HLC20-H3,2023,202303141949,PP,0,/Volumes/Seagate Portable Drive/KYLE_AI_DATABASE/A_CAMERA/Focal_species/Gulo gulo/HLC20-H3/PP/2023/B&W/Robust marks/03.14-19.49/RCNX0545.JPG,RCNX0545.JPG,HLC20-H3_2023_202303141949_RCNX0545.jpg,0.9058237075805664,868.2386474609375,290.3743591308594,467.05419921875,803.4716796875,2048,1440,467,803
HLC20-H3,2023,202303141949,PP,0,/Volumes/Seagate Portable Drive/KYLE_AI_DATABASE/A_CAMERA/Focal_species/Gulo gulo/HLC20-H3/PP/2023/B&W/Robust marks/03.14-19.49/RCNX0546.JPG,RCNX0546.JPG,HLC20-H3_2023_202303141949_RCNX0546.jpg,0.8867893815040588,903.861083984375,151.10411071777344,420.614990234375,857.7955932617188,2048,1440,420,857
HLC20-H3,2023,202303141949,PP,0,/Volumes/Seagate Portable Drive/KYLE_AI_DATABASE/A_CAMERA/Focal_species/Gulo gulo/HLC20-H3/PP/2023/B&W/Robust marks/03.14-19.49/RCNX0548.JPG,RCNX0548.JPG,HLC20-H3_2023_202303141949_RCNX0548.jpg,0.945458710193634,890.34765625,152.0467071533203,449.8310546875,873.0587768554688,2048,1440,449,873
HLC20-H3,2023,202303141949,PP,0,/Volumes/Seagate Portable Drive/KYLE_AI_DATABASE/A_CAMERA/Focal_species/Gulo gulo/HLC20-H3/PP/2023/B&W/Robust marks/03.14-19.49/RCNX0551.JPG,RCNX0551.JPG,HLC20-H3_2023_202303141949_RCNX0551.jpg,0.9385573863983154,823.5081787109375,151.0832977294922,514.603515625,878.6832885742188,2048,1440,514,878
HLC20-H3,2023,202303141949,PP,0,/Volumes/Seagate Portable Drive/KYLE_AI_DATABASE/A_CAMERA/Focal_species/Gulo gulo/HLC20-H3/PP/2023/B&W/Robust marks/03.14-19.49/RCNX0552.JPG,RCNX0552.JPG,HLC20-H3_2023_202303141949_RCNX0552.jpg,0.8976988792419434,796.626708984375,138.51553344726562,535.965087890625,851.3138427734375,2048,1440,535,851
HLC20-H3,2023,202303141949,PP,0,/Volumes/Seagate Portable Drive/KYLE_AI_DATABASE/A_CAMERA/Focal_species/Gulo gulo/HLC20-H3/PP/2023/B&W/Robust marks/03.14-19.49/RCNX0554.JPG,RCNX0554.JPG,HLC20-H3_2023_202303141949_RCNX0554.jpg,0.9297419786453247,800.8798828125,138.68960571289062,527.077880859375,850.7208251953125,2048,1440,527,850
HLC20-H3,2023,202303141949,PP,0,/Volumes/Seagate Portable Drive/KYLE_AI_DATABASE/A_CAMERA/Focal_species/Gulo gulo/HLC20-H3/PP/2023/B&W/Robust marks/03.14-19.49/RCNX0555.JPG,RCNX0555.JPG,HLC20-H3_2023_202303141949_RCNX0555.jpg,0.8273733854293823,815.0106201171875,140.88807678222656,527.213134765625,915.12939453125,2048,1440,527,915
HLC20-H3,2023,202303141949,PP,0,/Volumes/Seagate Portable Drive/KYLE_AI_DATABASE/A_CAMERA/Focal_species/Gulo gulo/HLC20-H3/PP/2023/B&W/Robust marks/03.14-19.49/RCNX0556.JPG,RCNX0556.JPG,HLC20-H3_2023_202303141949_RCNX0556.jpg,0.9176934361457825,850.4931640625,150.33009338378906,490.762451171875,874.489013671875,2048,1440,490,874
HLC20-H3,2023,202303141949,PP,0,/Volumes/Seagate Portable Drive/KYLE_AI_DATABASE/A_CAMERA/Focal_species/Gulo gulo/HLC20-H3/PP/2023/B&W/Robust marks/03.14-19.49/RCNX0557.JPG,RCNX0557.JPG,HLC20-H3_2023_202303141949_RCNX0557.jpg,0.9243823289871216,830.551025390625,116.37083435058594,508.602783203125,896.1011962890625,2048,1440,508,896
HLC20-H3,2023,202303141949,PP,0,/Volumes/Seagate Portable Drive/KYLE_AI_DATABASE/A_CAMERA/Focal_species/Gulo gulo/HLC20-H3/PP/2023/B&W/Robust marks/03.14-19.49/RCNX0558.JPG,RCNX0558.JPG,HLC20-H3_2023_202303141949_RCNX0558.jpg,0.9285808205604553,867.0098876953125,149.1353302001953,477.58837890625,880.7333374023438,2048,1440,477,880
HLC20-H3,2023,202303141949,PP,0,/Volumes/Seagate Portable Drive/KYLE_AI_DATABASE/A_CAMERA/Focal_species/Gulo gulo/HLC20-H3/PP/2023/B&W/Robust marks/03.14-19.49/RCNX0559.JPG,RCNX0559.JPG,HLC20-H3_2023_202303141949_RCNX0559.jpg,0.8731615543365479,881.6828002929688,263.1059875488281,462.23785400390625,763.576416015625,2048,1440,462,763
HLC20-H3,2023,202303141949,PP,0,/Volumes/Seagate Portable Drive/KYLE_AI_DATABASE/A_CAMERA/Focal_species/Gulo gulo/HLC20-H3/PP/2023/B&W/Robust marks/03.14-19.49/RCNX0560.JPG,RCNX0560.JPG,HLC20-H3_2023_202303141949_RCNX0560.jpg,0.8716957569122314,824.1019897460938,151.33250427246094,596.0249633789062,983.9874267578125,2048,1440,596,983
HLC20-H3,2023,202303141949,PP,0,/Volumes/Seagate Portable Drive/KYLE_AI_DATABASE/A_CAMERA/Focal_species/Gulo gulo/HLC20-H3/PP/2023/B&W/Robust marks/03.14-19.49/RCNX0562.JPG,RCNX0562.JPG,HLC20-H3_2023_202303141949_RCNX0562.jpg,0.8890557289123535,758.781982421875,127.69953918457031,594.3828125,905.0838012695312,2048,1440,594,905
HLC20-H3,2023,202303141949,PP,0,/Volumes/Seagate Portable Drive/KYLE_AI_DATABASE/A_CAMERA/Focal_species/Gulo gulo/HLC20-H3/PP/2023/B&W/Robust marks/03.14-19.49/RCNX0564.JPG,RCNX0564.JPG,HLC20-H3_2023_202303141949_RCNX0564.jpg,0.8377987146377563,898.62744140625,136.72451782226562,445.280517578125,943.1925048828125,2048,1440,445,943
HLC20-H3,2023,202303141949,PP,0,/Volumes/Seagate Portable Drive/KYLE_AI_DATABASE/A_CAMERA/Focal_species/Gulo gulo/HLC20-H3/PP/2023/B&W/Robust marks/03.14-19.49/RCNX0566.JPG,RCNX0566.JPG,HLC20-H3_2023_202303141949_RCNX0566.jpg,0.9051141738891602,803.86669921875,134.04006958007812,553.35009765625,883.2015380859375,2048,1440,553,883
HLC20-H3,2023,202303141949,PP,0,/Volumes/Seagate Portable Drive/KYLE_AI_DATABASE/A_CAMERA/Focal_species/Gulo gulo/HLC20-H3/PP/2023/B&W/Robust marks/03.14-19.49/RCNX0567.JPG,RCNX0567.JPG,HLC20-H3_2023_202303141949_RCNX0567.jpg,0.9423745274543762,857.28662109375,107.84758758544922,492.5,909.3397827148438,2048,1440,492,909
HLC20-H3,2023,202303141949,PP,0,/Volumes/Seagate Portable Drive/KYLE_AI_DATABASE/A_CAMERA/Focal_species/Gulo gulo/HLC20-H3/PP/2023/B&W/Robust marks/03.14-19.49/RCNX0568.JPG,RCNX0568.JPG,HLC20-H3_2023_202303141949_RCNX0568.jpg,0.8891069889068604,890.0955810546875,124.21713256835938,479.0283203125,888.752197265625,2048,1440,479,888
HLC20-H3,2023,202303141949,PP,0,/Volumes/Seagate Portable Drive/KYLE_AI_DATABASE/A_CAMERA/Focal_species/Gulo gulo/HLC20-H3/PP/2023/B&W/Robust marks/03.14-19.49/RCNX0569.JPG,RCNX0569.JPG,HLC20-H3_2023_202303141949_RCNX0569.jpg,0.8919716477394104,898.505126953125,146.15652465820312,444.931884765625,1003.117919921875,2048,1440,444,1003
HLC20-H3,2023,202303141949,PP,0,/Volumes/Seagate Portable Drive/KYLE_AI_DATABASE/A_CAMERA/Focal_species/Gulo gulo/HLC20-H3/PP/2023/B&W/Robust marks/03.14-19.49/RCNX0571.JPG,RCNX0571.JPG,HLC20-H3_2023_202303141949_RCNX0571.jpg,0.9462257027626038,969.8246459960938,135.24977111816406,454.11444091796875,873.0771484375,2048,1440,454,873
HLC20-H3,2023,202303141949,PP,0,/Volumes/Seagate Portable Drive/KYLE_AI_DATABASE/A_CAMERA/Focal_species/Gulo gulo/HLC20-H3/PP/2023/B&W/Robust marks/03.14-19.49/RCNX0572.JPG,RCNX0572.JPG,HLC20-H3_2023_202303141949_RCNX0572.jpg,0.9013608694076538,980.0962524414062,350.90289306640625,422.45404052734375,690.1536254882812,2048,1440,422,690
HLC20-H3,2023,202303141949,PP,0,/Volumes/Seagate Portable Drive/KYLE_AI_DATABASE/A_CAMERA/Focal_species/Gulo gulo/HLC20-H3/PP/2023/B&W/Robust marks/03.14-19.49/RCNX0573.JPG,RCNX0573.JPG,HLC20-H3_2023_202303141949_RCNX0573.jpg,0.8499631285667419,928.470947265625,59.82587814331055,468.022216796875,937.0751953125,2048,1440,468,937
HLC20-H3,2023,202303141949,PP,0,/Volumes/Seagate Portable Drive/KYLE_AI_DATABASE/A_CAMERA/Focal_species/Gulo gulo/HLC20-H3/PP/2023/B&W/Robust marks/03.14-19.49/RCNX0577.JPG,RCNX0577.JPG,HLC20-H3_2023_202303141949_RCNX0577.jpg,0.8645257949829102,859.91357421875,93.28924560546875,578.856689453125,924.9517822265625,2048,1440,578,924
HLC20-H3,2023,202303141949,PP,0,/Volumes/Seagate Portable Drive/KYLE_AI_DATABASE/A_CAMERA/Focal_species/Gulo gulo/HLC20-H3/PP/2023/B&W/Robust marks/03.14-19.49/RCNX0582.JPG,RCNX0582.JPG,HLC20-H3_2023_202303141949_RCNX0582.jpg,0.9057510495185852,961.4749145507812,444.4881591796875,418.72198486328125,564.1019287109375,2048,1440,418,564
HLC20-H3,2023,202303141949,PP,0,/Volumes/Seagate Portable Drive/KYLE_AI_DATABASE/A_CAMERA/Focal_species/Gulo gulo/HLC20-H3/PP/2023/B&W/Robust marks/03.14-19.49/RCNX0583.JPG,RCNX0583.JPG,HLC20-H3_2023_202303141949_RCNX0583.jpg,0.9367635250091553,936.3893432617188,136.53997802734375,454.84039306640625,896.2726440429688,2048,1440,454,896
HLC20-H3,2023,202303141949,PP,0,/Volumes/Seagate Portable Drive/KYLE_AI_DATABASE/A_CAMERA/Focal_species/Gulo gulo/HLC20-H3/PP/2023/B&W/Robust marks/03.14-19.49/RCNX0586.JPG,RCNX0586.JPG,HLC20-H3_2023_202303141949_RCNX0586.jpg,0.9078996777534485,983.5396728515625,86.58612823486328,424.6298828125,946.9506225585938,2048,1440,424,946
HLC20-H3,2023,202303141949,PP,0,/Volumes/Seagate Portable Drive/KYLE_AI_DATABASE/A_CAMERA/Focal_species/Gulo gulo/HLC20-H3/PP/2023/B&W/Robust marks/03.14-19.49/RCNX0587.JPG,RCNX0587.JPG,HLC20-H3_2023_202303141949_RCNX0587.jpg,0.8671761751174927,846.712158203125,96.77071380615234,556.248779296875,956.6420288085938,2048,1440,556,956
HLC20-H3,2023,202303141949,PP,0,/Volumes/Seagate Portable Drive/KYLE_AI_DATABASE/A_CAMERA/Focal_species/Gulo gulo/HLC20-H3/PP/2023/B&W/Robust marks/03.14-19.49/RCNX0588.JPG,RCNX0588.JPG,HLC20-H3_2023_202303141949_RCNX0588.jpg,0.8848376870155334,1010.4193725585938,125.55231475830078,390.83807373046875,998.9026489257812,2048,1440,390,998
HLC20-H3,2023,202303141949,PP,0,/Volumes/Seagate Portable Drive/KYLE_AI_DATABASE/A_CAMERA/Focal_species/Gulo gulo/HLC20-H3/PP/2023/B&W/Robust marks/03.14-19.49/RCNX0589.JPG,RCNX0589.JPG,HLC20-H3_2023_202303141949_RCNX0589.jpg,0.8627556562423706,808.4606323242188,169.36734008789062,546.5703735351562,1026.428466796875,2048,1440,546,1026
HLC20-H3,2023,202303141949,PP,0,/Volumes/Seagate Portable Drive/KYLE_AI_DATABASE/A_CAMERA/Focal_species/Gulo gulo/HLC20-H3/PP/2023/B&W/Robust marks/03.14-19.49/RCNX0590.JPG,RCNX0590.JPG,HLC20-H3_2023_202303141949_RCNX0590.jpg,0.8581150770187378,782.3147583007812,166.5286102294922,544.2684936523438,1068.8272705078125,2048,1440,544,1068
HLC20-H3,2023,202303141949,PP,0,/Volumes/Seagate Portable Drive/KYLE_AI_DATABASE/A_CAMERA/Focal_species/Gulo gulo/HLC20-H3/PP/2023/B&W/Robust marks/03.14-19.49/RCNX0591.JPG,RCNX0591.JPG,HLC20-H3_2023_202303141949_RCNX0591.jpg,0.8130918145179749,944.167724609375,376.5629577636719,424.740478515625,728.6468505859375,2048,1440,424,728
HLC20-H3,2023,202303141949,PP,0,/Volumes/Seagate Portable Drive/KYLE_AI_DATABASE/A_CAMERA/Focal_species/Gulo gulo/HLC20-H3/PP/2023/B&W/Robust marks/03.14-19.49/RCNX0592.JPG,RCNX0592.JPG,HLC20-H3_2023_202303141949_RCNX0592.jpg,0.8469487428665161,952.6328125,355.7098693847656,402.0380859375,811.3121337890625,2048,1440,402,811
HLC20-H3,2023,202303141949,PP,0,/Volumes/Seagate Portable Drive/KYLE_AI_DATABASE/A_CAMERA/Focal_species/Gulo gulo/HLC20-H3/PP/2023/B&W/Robust marks/03.14-19.49/RCNX0594.JPG,RCNX0594.JPG,HLC20-H3_2023_202303141949_RCNX0594.jpg,0.9032098054885864,766.9758911132812,393.5196228027344,653.2262573242188,697.4864501953125,2048,1440,653,697
HLC20-H3,2023,202303141949,PP,0,/Volumes/Seagate Portable Drive/KYLE_AI_DATABASE/A_CAMERA/Focal_species/Gulo gulo/HLC20-H3/PP/2023/B&W/Robust marks/03.14-19.49/RCNX0595.JPG,RCNX0595.JPG,HLC20-H3_2023_202303141949_RCNX0595.jpg,0.9348536133766174,741.4824829101562,159.17477416992188,652.0287475585938,851.4580078125,2048,1440,652,851
HLC20-H3,2023,202303141949,PP,0,/Volumes/Seagate Portable Drive/KYLE_AI_DATABASE/A_CAMERA/Focal_species/Gulo gulo/HLC20-H3/PP/2023/B&W/Robust marks/03.14-19.49/RCNX0596.JPG,RCNX0596.JPG,HLC20-H3_2023_202303141949_RCNX0596.jpg,0.8312013745307922,983.7623291015625,122.66299438476562,417.9296875,1029.0291748046875,2048,1440,417,1029
HLC20-H3,2023,202303141949,PP,0,/Volumes/Seagate Portable Drive/KYLE_AI_DATABASE/A_CAMERA/Focal_species/Gulo gulo/HLC20-H3/PP/2023/B&W/Robust marks/03.14-19.49/RCNX0598.JPG,RCNX0598.JPG,HLC20-H3_2023_202303141949_RCNX0598.jpg,0.9247240424156189,917.6780395507812,144.79534912109375,413.68792724609375,900.1471557617188,2048,1440,413,900
HLC20-H3,2023,202303141949,PP,0,/Volumes/Seagate Portable Drive/KYLE_AI_DATABASE/A_CAMERA/Focal_species/Gulo gulo/HLC20-H3/PP/2023/B&W/Robust marks/03.14-19.49/RCNX0599.JPG,RCNX0599.JPG,HLC20-H3_2023_202303141949_RCNX0599.jpg,0.8721456527709961,994.2599487304688,598.237060546875,376.29669189453125,636.7567138671875,2048,1440,376,636
HLC20-H3,2023,202303141949,PP,0,/Volumes/Seagate Portable Drive/KYLE_AI_DATABASE/A_CAMERA/Focal_species/Gulo gulo/HLC20-H3/PP/2023/B&W/Robust marks/03.14-19.49/RCNX0601.JPG,RCNX0601.JPG,HLC20-H3_2023_202303141949_RCNX0601.jpg,0.9156956076622009,998.7510375976562,790.8726196289062,337.95208740234375,616.6707153320312,2048,1440,337,616
HLC20-H3,2023,202303141949,PP,0,/Volumes/Seagate Portable Drive/KYLE_AI_DATABASE/A_CAMERA/Focal_species/Gulo gulo/HLC20-H3/PP/2023/B&W/Robust marks/03.14-19.49/RCNX0602.JPG,RCNX0602.JPG,HLC20-H3_2023_202303141949_RCNX0602.jpg,0.8793029189109802,974.8973388671875,1041.3602294921875,388.979248046875,365.347412109375,2048,1440,388,365
HLC20-H3,2023,202303141949,PP,0,/Volumes/Seagate Portable Drive/KYLE_AI_DATABASE/A_CAMERA/Focal_species/Gulo gulo/HLC20-H3/PP/2023/B&W/Robust marks/03.14-19.49/RCNX0614.JPG,RCNX0614.JPG,HLC20-H3_2023_202303141949_RCNX0614.jpg,0.8066809773445129,0.23822021484375,1279.9827880859375,417.32659912109375,126.955810546875,2048,1440,417,126
HLC20-H3,2023,202303141949,PP,0,/Volumes/Seagate Portable Drive/KYLE_AI_DATABASE/A_CAMERA/Focal_species/Gulo gulo/HLC20-H3/PP/2023/B&W/Robust marks/03.14-19.49/RCNX0621.JPG,RCNX0621.JPG,HLC20-H3_2023_202303141949_RCNX0621.jpg,0.9494951963424683,1065.01123046875,328.42279052734375,376.109375,745.9916381835938,2048,1440,376,745
HLC20-H3,2023,202303141949,PP,0,/Volumes/Seagate Portable Drive/KYLE_AI_DATABASE/A_CAMERA/Focal_species/Gulo gulo/HLC20-H3/PP/2023/B&W/Robust marks/03.14-19.49/RCNX0623.JPG,RCNX0623.JPG,HLC20-H3_2023_202303141949_RCNX0623.jpg,0.9353820085525513,774.3349609375,292.11871337890625,610.45068359375,703.9313354492188,2048,1440,610,703
HLC20-H3,2023,202303141949,PP,0,/Volumes/Seagate Portable Drive/KYLE_AI_DATABASE/A_CAMERA/Focal_species/Gulo gulo/HLC20-H3/PP/2023/B&W/Robust marks/03.14-19.49/RCNX0624.JPG,RCNX0624.JPG,HLC20-H3_2023_202303141949_RCNX0624.jpg,0.8024118542671204,928.2750244140625,272.0472412109375,482.74462890625,756.3179931640625,2048,1440,482,756
HLC20-H3,2023,202303141949,PP,0,/Volumes/Seagate Portable Drive/KYLE_AI_DATABASE/A_CAMERA/Focal_species/Gulo gulo/HLC20-H3/PP/2023/B&W/Robust marks/03.14-19.49/RCNX0625.JPG,RCNX0625.JPG,HLC20-H3_2023_202303141949_RCNX0625.jpg,0.8675850629806519,919.4385375976562,315.9998474121094,474.88140869140625,699.9405517578125,2048,1440,474,699
HLC20-H3,2023,202303141949,PP,0,/Volumes/Seagate Portable Drive/KYLE_AI_DATABASE/A_CAMERA/Focal_species/Gulo gulo/HLC20-H3/PP/2023/B&W/Robust marks/03.14-19.49/RCNX0626.JPG,RCNX0626.JPG,HLC20-H3_2023_202303141949_RCNX0626.jpg,0.9030991196632385,994.708740234375,321.7306823730469,402.546142578125,699.3404541015625,2048,1440,402,699
HLC20-H3,2023,202303141949,PP,0,/Volumes/Seagate Portable Drive/KYLE_AI_DATABASE/A_CAMERA/Focal_species/Gulo gulo/HLC20-H3/PP/2023/B&W/Robust marks/03.14-19.49/RCNX0627.JPG,RCNX0627.JPG,HLC20-H3_2023_202303141949_RCNX0627.jpg,0.8736274838447571,966.4449462890625,322.4709167480469,429.31005859375,695.8271484375,2048,1440,429,695
HLC20-H3,2023,202303141949,PP,0,/Volumes/Seagate Portable Drive/KYLE_AI_DATABASE/A_CAMERA/Focal_species/Gulo gulo/HLC20-H3/PP/2023/B&W/Robust marks/03.14-19.49/RCNX0628.JPG,RCNX0628.JPG,HLC20-H3_2023_202303141949_RCNX0628.jpg,0.9157435297966003,1005.7247314453125,352.3373107910156,387.54150390625,665.3203125,2048,1440,387,665
HLC20-H3,2023,202303141949,PP,0,/Volumes/Seagate Portable Drive/KYLE_AI_DATABASE/A_CAMERA/Focal_species/Gulo gulo/HLC20-H3/PP/2023/B&W/Robust marks/03.14-19.49/RCNX0629.JPG,RCNX0629.JPG,HLC20-H3_2023_202303141949_RCNX0629.jpg,0.8759466409683228,951.8665771484375,339.3680725097656,441.676513671875,672.197021484375,2048,1440,441,672
HLC20-H3,2023,202303141949,PP,0,/Volumes/Seagate Portable Drive/KYLE_AI_DATABASE/A_CAMERA/Focal_species/Gulo gulo/HLC20-H3/PP/2023/B&W/Robust marks/03.14-19.49/RCNX0631.JPG,RCNX0631.JPG,HLC20-H3_2023_202303141949_RCNX0631.jpg,0.8305457830429077,990.1910400390625,207.68112182617188,430.674560546875,790.62744140625,2048,1440,430,790
HLC20-H3,2023,202303141949,PP,0,/Volumes/Seagate Portable Drive/KYLE_AI_DATABASE/A_CAMERA/Focal_species/Gulo gulo/HLC20-H3/PP/2023/B&W/Robust marks/03.14-19.49/RCNX0632.JPG,RCNX0632.JPG,HLC20-H3_2023_202303141949_RCNX0632.jpg,0.8287139534950256,1065.5692138671875,175.369140625,345.393798828125,800.7264404296875,2048,1440,345,800
HLC20-H3,2023,202303141949,PP,0,/Volumes/Seagate Portable Drive/KYLE_AI_DATABASE/A_CAMERA/Focal_species/Gulo gulo/HLC20-H3/PP/2023/B&W/Robust marks/03.14-19.49/RCNX0633.JPG,RCNX0633.JPG,HLC20-H3_2023_202303141949_RCNX0633.jpg,0.8508176803588867,1029.8560791015625,278.37689208984375,370.083251953125,714.5448608398438,2048,1440,370,714
HLC20-H3,2023,202303141949,PP,0,/Volumes/Seagate Portable Drive/KYLE_AI_DATABASE/A_CAMERA/Focal_species/Gulo gulo/HLC20-H3/PP/2023/B&W/Robust marks/03.14-19.49/RCNX0635.JPG,RCNX0635.JPG,HLC20-H3_2023_202303141949_RCNX0635.jpg,0.9238338470458984,965.4395751953125,246.51638793945312,430.4248046875,721.2919921875,2048,1440,430,721
HLC20-H3,2023,202303141949,PP,0,/Volumes/Seagate Portable Drive/KYLE_AI_DATABASE/A_CAMERA/Focal_species/Gulo gulo/HLC20-H3/PP/2023/B&W/Robust marks/03.14-19.49/RCNX0637.JPG,RCNX0637.JPG,HLC20-H3_2023_202303141949_RCNX0637.jpg,0.9254747033119202,1023.4580688476562,235.02781677246094,371.20623779296875,759.123779296875,2048,1440,371,759
HLC20-H3,2023,202303141949,PP,0,/Volumes/Seagate Portable Drive/KYLE_AI_DATABASE/A_CAMERA/Focal_species/Gulo gulo/HLC20-H3/PP/2023/B&W/Robust marks/03.14-19.49/RCNX0638.JPG,RCNX0638.JPG,HLC20-H3_2023_202303141949_RCNX0638.jpg,0.9467955827713013,1082.7762451171875,501.116455078125,302.833251953125,460.0921630859375,2048,1440,302,460
HLC20-H3,2023,202303141949,PP,0,/Volumes/Seagate Portable Drive/KYLE_AI_DATABASE/A_CAMERA/Focal_species/Gulo gulo/HLC20-H3/PP/2023/B&W/Robust marks/03.14-19.49/RCNX0640.JPG,RCNX0640.JPG,HLC20-H3_2023_202303141949_RCNX0640.jpg,0.8936932682991028,962.4171752929688,133.8366241455078,332.83917236328125,530.1901245117188,2048,1440,332,530
