id,year,ymdh,station,color,original_path,original_filename,crop_filename,confidence,bbox_x,bbox_y,bbox_width,bbox_height,image_width,image_height,crop_width,crop_height
HFW12-F7,2016,201603220932,HC,1,/Volumes/Seagate Portable Drive/KYLE_AI_DATABASE/A_CAMERA/Focal_species/Gulo gulo/HFW12-F7/HC/2016/COLOR/Robust marks/03.22-09.32/IMG_1981.JPG,IMG_1981.JPG,HFW12-F7_2016_201603220932_IMG_1981.jpg,0.9318339824676514,1482.0181884765625,858.395751953125,510.607421875,249.7601318359375,2048,1536,510,249
HFW12-F7,2016,201603220932,HC,1,/Volumes/Seagate Portable Drive/KYLE_AI_DATABASE/A_CAMERA/Focal_species/Gulo gulo/HFW12-F7/HC/2016/COLOR/Robust marks/03.22-09.32/IMG_1982.JPG,IMG_1982.JPG,HFW12-F7_2016_201603220932_IMG_1982.jpg,0.8923702836036682,873.16015625,940.3262329101562,501.76123046875,263.38397216796875,2048,1536,501,263
HFW12-F7,2016,201603220932,HC,1,/Volumes/Seagate Portable Drive/KYLE_AI_DATABASE/A_CAMERA/Focal_species/Gulo gulo/HFW12-F7/HC/2016/COLOR/Robust marks/03.22-09.32/IMG_1983.JPG,IMG_1983.JPG,HFW12-F7_2016_201603220932_IMG_1983.jpg,0.8613283634185791,661.5089721679688,1424.6920166015625,507.73858642578125,77.7933349609375,2048,1536,507,77
HFW12-F7,2016,201603220932,HC,1,/Volumes/Seagate Portable Drive/KYLE_AI_DATABASE/A_CAMERA/Focal_species/Gulo gulo/HFW12-F7/HC/2016/COLOR/Robust marks/03.22-09.32/IMG_1984.JPG,IMG_1984.JPG,HFW12-F7_2016_201603220932_IMG_1984.jpg,0.8563201427459717,661.4537963867188,1424.613037109375,507.17315673828125,77.73779296875,2048,1536,507,77
HFW12-F7,2016,201603220932,HC,1,/Volumes/Seagate Portable Drive/KYLE_AI_DATABASE/A_CAMERA/Focal_species/Gulo gulo/HFW12-F7/HC/2016/COLOR/Robust marks/03.22-09.32/IMG_1985.JPG,IMG_1985.JPG,HFW12-F7_2016_201603220932_IMG_1985.jpg,0.8663576245307922,784.780517578125,545.3026123046875,374.2364501953125,667.3468017578125,2048,1536,374,667
HFW12-F7,2016,201603220932,HC,1,/Volumes/Seagate Portable Drive/KYLE_AI_DATABASE/A_CAMERA/Focal_species/Gulo gulo/HFW12-F7/HC/2016/COLOR/Robust marks/03.22-09.32/IMG_1986.JPG,IMG_1986.JPG,HFW12-F7_2016_201603220932_IMG_1986.jpg,0.8822439312934875,661.1090087890625,1424.7239990234375,507.262939453125,77.8624267578125,2048,1536,507,77
HFW12-F7,2016,201603220932,HC,1,/Volumes/Seagate Portable Drive/KYLE_AI_DATABASE/A_CAMERA/Focal_species/Gulo gulo/HFW12-F7/HC/2016/COLOR/Robust marks/03.22-09.32/IMG_1987.JPG,IMG_1987.JPG,HFW12-F7_2016_201603220932_IMG_1987.jpg,0.8682133555412292,661.3741455078125,1424.35009765625,507.6885986328125,78.203125,2048,1536,507,78
HFW12-F7,2016,201603220932,HC,1,/Volumes/Seagate Portable Drive/KYLE_AI_DATABASE/A_CAMERA/Focal_species/Gulo gulo/HFW12-F7/HC/2016/COLOR/Robust marks/03.22-09.32/IMG_1988.JPG,IMG_1988.JPG,HFW12-F7_2016_201603220932_IMG_1988.jpg,0.8807100057601929,661.126953125,1424.145263671875,508.692138671875,78.3006591796875,2048,1536,508,78
HFW12-F7,2016,201603220932,HC,1,/Volumes/Seagate Portable Drive/KYLE_AI_DATABASE/A_CAMERA/Focal_species/Gulo gulo/HFW12-F7/HC/2016/COLOR/Robust marks/03.22-09.32/IMG_1989.JPG,IMG_1989.JPG,HFW12-F7_2016_201603220932_IMG_1989.jpg,0.8841714262962341,660.789794921875,1424.2122802734375,508.2724609375,78.2994384765625,2048,1536,508,78
HFW12-F7,2016,201603220932,HC,1,/Volumes/Seagate Portable Drive/KYLE_AI_DATABASE/A_CAMERA/Focal_species/Gulo gulo/HFW12-F7/HC/2016/COLOR/Robust marks/03.22-09.32/IMG_1990.JPG,IMG_1990.JPG,HFW12-F7_2016_201603220932_IMG_1990.jpg,0.8896322250366211,661.1443481445312,1424.27587890625,507.12103271484375,78.326416015625,2048,1536,507,78
HFW12-F7,2016,201603220932,HC,1,/Volumes/Seagate Portable Drive/KYLE_AI_DATABASE/A_CAMERA/Focal_species/Gulo gulo/HFW12-F7/HC/2016/COLOR/Robust marks/03.22-09.32/IMG_2001.JPG,IMG_2001.JPG,HFW12-F7_2016_201603220932_IMG_2001.jpg,0.8579893112182617,661.35791015625,1424.403076171875,506.9908447265625,77.98583984375,2048,1536,506,77
HFW12-F7,2016,201603220932,HC,1,/Volumes/Seagate Portable Drive/KYLE_AI_DATABASE/A_CAMERA/Focal_species/Gulo gulo/HFW12-F7/HC/2016/COLOR/Robust marks/03.22-09.32/IMG_2002.JPG,IMG_2002.JPG,HFW12-F7_2016_201603220932_IMG_2002.jpg,0.8731604814529419,661.3607788085938,1424.347412109375,507.18927001953125,78.0157470703125,2048,1536,507,78
HFW12-F7,2016,201603220932,HC,1,/Volumes/Seagate Portable Drive/KYLE_AI_DATABASE/A_CAMERA/Focal_species/Gulo gulo/HFW12-F7/HC/2016/COLOR/Robust marks/03.22-09.32/IMG_2003.JPG,IMG_2003.JPG,HFW12-F7_2016_201603220932_IMG_2003.jpg,0.873036801815033,661.0513305664062,1424.114990234375,507.15191650390625,78.3134765625,2048,1536,507,78
HFW12-F7,2016,201603220932,HC,1,/Volumes/Seagate Portable Drive/KYLE_AI_DATABASE/A_CAMERA/Focal_species/Gulo gulo/HFW12-F7/HC/2016/COLOR/Robust marks/03.22-09.32/IMG_2004.JPG,IMG_2004.JPG,HFW12-F7_2016_201603220932_IMG_2004.jpg,0.926561713218689,829.3698120117188,226.81613159179688,505.32489013671875,772.4393310546875,2048,1536,505,772
HFW12-F7,2016,201603220932,HC,1,/Volumes/Seagate Portable Drive/KYLE_AI_DATABASE/A_CAMERA/Focal_species/Gulo gulo/HFW12-F7/HC/2016/COLOR/Robust marks/03.22-09.32/IMG_2005.JPG,IMG_2005.JPG,HFW12-F7_2016_201603220932_IMG_2005.jpg,0.8783380389213562,847.1223754882812,314.55560302734375,502.02362060546875,733.4241333007812,2048,1536,502,733
HFW12-F7,2016,201603220932,HC,1,/Volumes/Seagate Portable Drive/KYLE_AI_DATABASE/A_CAMERA/Focal_species/Gulo gulo/HFW12-F7/HC/2016/COLOR/Robust marks/03.22-09.32/IMG_2006.JPG,IMG_2006.JPG,HFW12-F7_2016_201603220932_IMG_2006.jpg,0.8515148162841797,661.201904296875,1423.7703857421875,508.882568359375,78.64013671875,2048,1536,508,78
HFW12-F7,2016,201603220932,HC,1,/Volumes/Seagate Portable Drive/KYLE_AI_DATABASE/A_CAMERA/Focal_species/Gulo gulo/HFW12-F7/HC/2016/COLOR/Robust marks/03.22-09.32/IMG_2007.JPG,IMG_2007.JPG,HFW12-F7_2016_201603220932_IMG_2007.jpg,0.86040198802948,661.047607421875,1423.6136474609375,508.6163330078125,78.840576171875,2048,1536,508,78
HFW12-F7,2016,201603220932,HC,1,/Volumes/Seagate Portable Drive/KYLE_AI_DATABASE/A_CAMERA/Focal_species/Gulo gulo/HFW12-F7/HC/2016/COLOR/Robust marks/03.22-09.32/IMG_2008.JPG,IMG_2008.JPG,HFW12-F7_2016_201603220932_IMG_2008.jpg,0.9021909832954407,822.8800048828125,134.74502563476562,524.97802734375,837.020751953125,2048,1536,524,837
HFW12-F7,2016,201603220932,HC,1,/Volumes/Seagate Portable Drive/KYLE_AI_DATABASE/A_CAMERA/Focal_species/Gulo gulo/HFW12-F7/HC/2016/COLOR/Robust marks/03.22-09.32/IMG_2009.JPG,IMG_2009.JPG,HFW12-F7_2016_201603220932_IMG_2009.jpg,0.8671169281005859,661.0857543945312,1423.25146484375,509.10638427734375,79.1470947265625,2048,1536,509,79
HFW12-F7,2016,201603220932,HC,1,/Volumes/Seagate Portable Drive/KYLE_AI_DATABASE/A_CAMERA/Focal_species/Gulo gulo/HFW12-F7/HC/2016/COLOR/Robust marks/03.22-09.32/IMG_2010.JPG,IMG_2010.JPG,HFW12-F7_2016_201603220932_IMG_2010.jpg,0.8623560070991516,662.1364135742188,1423.906005859375,507.30010986328125,78.501708984375,2048,1536,507,78
HFW12-F7,2016,201603220932,HC,1,/Volumes/Seagate Portable Drive/KYLE_AI_DATABASE/A_CAMERA/Focal_species/Gulo gulo/HFW12-F7/HC/2016/COLOR/Robust marks/03.22-09.32/IMG_2015.JPG,IMG_2015.JPG,HFW12-F7_2016_201603220932_IMG_2015.jpg,0.9446098804473877,835.362060546875,247.17063903808594,505.995849609375,742.041259765625,2048,1536,505,742
HFW12-F7,2016,201603220932,HC,1,/Volumes/Seagate Portable Drive/KYLE_AI_DATABASE/A_CAMERA/Focal_species/Gulo gulo/HFW12-F7/HC/2016/COLOR/Robust marks/03.22-09.32/IMG_2021.JPG,IMG_2021.JPG,HFW12-F7_2016_201603220932_IMG_2021.jpg,0.8130733370780945,661.7453002929688,1423.5245361328125,508.04949951171875,79.1802978515625,2048,1536,508,79
HFW12-F7,2016,201603220932,HC,1,/Volumes/Seagate Portable Drive/KYLE_AI_DATABASE/A_CAMERA/Focal_species/Gulo gulo/HFW12-F7/HC/2016/COLOR/Robust marks/03.22-09.32/IMG_2022.JPG,IMG_2022.JPG,HFW12-F7_2016_201603220932_IMG_2022.jpg,0.84737229347229,661.443603515625,1423.614013671875,507.186767578125,79.09765625,2048,1536,507,79
HFW12-F7,2016,201603220932,HC,1,/Volumes/Seagate Portable Drive/KYLE_AI_DATABASE/A_CAMERA/Focal_species/Gulo gulo/HFW12-F7/HC/2016/COLOR/Robust marks/03.22-09.32/IMG_2023.JPG,IMG_2023.JPG,HFW12-F7_2016_201603220932_IMG_2023.jpg,0.8096143007278442,661.5144653320312,1423.6641845703125,508.22576904296875,79.0042724609375,2048,1536,508,79
HFW12-F7,2016,201603220932,HC,1,/Volumes/Seagate Portable Drive/KYLE_AI_DATABASE/A_CAMERA/Focal_species/Gulo gulo/HFW12-F7/HC/2016/COLOR/Robust marks/03.22-09.32/IMG_2024.JPG,IMG_2024.JPG,HFW12-F7_2016_201603220932_IMG_2024.jpg,0.8415846824645996,852.02392578125,253.5641326904297,497.372802734375,776.1876831054688,2048,1536,497,776
HFW12-F7,2016,201603220932,HC,1,/Volumes/Seagate Portable Drive/KYLE_AI_DATABASE/A_CAMERA/Focal_species/Gulo gulo/HFW12-F7/HC/2016/COLOR/Robust marks/03.22-09.32/IMG_2025.JPG,IMG_2025.JPG,HFW12-F7_2016_201603220932_IMG_2025.jpg,0.8018419146537781,661.0076293945312,1423.7760009765625,508.72564697265625,78.8487548828125,2048,1536,508,78
HFW12-F7,2016,201603220932,HC,1,/Volumes/Seagate Portable Drive/KYLE_AI_DATABASE/A_CAMERA/Focal_species/Gulo gulo/HFW12-F7/HC/2016/COLOR/Robust marks/03.22-09.32/IMG_2026.JPG,IMG_2026.JPG,HFW12-F7_2016_201603220932_IMG_2026.jpg,0.8330848813056946,661.1488647460938,1423.72607421875,507.32196044921875,78.93798828125,2048,1536,507,78
HFW12-F7,2016,201603220932,HC,1,/Volumes/Seagate Portable Drive/KYLE_AI_DATABASE/A_CAMERA/Focal_species/Gulo gulo/HFW12-F7/HC/2016/COLOR/Robust marks/03.22-09.32/IMG_2027.JPG,IMG_2027.JPG,HFW12-F7_2016_201603220932_IMG_2027.jpg,0.8015075325965881,661.7459106445312,1423.83056640625,506.57305908203125,78.9102783203125,2048,1536,506,78
HFW12-F7,2016,201603220932,HC,1,/Volumes/Seagate Portable Drive/KYLE_AI_DATABASE/A_CAMERA/Focal_species/Gulo gulo/HFW12-F7/HC/2016/COLOR/Robust marks/03.22-09.32/IMG_2028.JPG,IMG_2028.JPG,HFW12-F7_2016_201603220932_IMG_2028.jpg,0.8021582961082458,661.8573608398438,1424.028564453125,507.56768798828125,78.66357421875,2048,1536,507,78
HFW12-F7,2016,201603220932,HC,1,/Volumes/Seagate Portable Drive/KYLE_AI_DATABASE/A_CAMERA/Focal_species/Gulo gulo/HFW12-F7/HC/2016/COLOR/Robust marks/03.22-09.32/IMG_2031.JPG,IMG_2031.JPG,HFW12-F7_2016_201603220932_IMG_2031.jpg,0.8435318470001221,769.439697265625,228.7129669189453,585.0927734375,697.8801879882812,2048,1536,585,697
HFW12-F7,2016,201603220932,HC,1,/Volumes/Seagate Portable Drive/KYLE_AI_DATABASE/A_CAMERA/Focal_species/Gulo gulo/HFW12-F7/HC/2016/COLOR/Robust marks/03.22-09.32/IMG_2032.JPG,IMG_2032.JPG,HFW12-F7_2016_201603220932_IMG_2032.jpg,0.8745851516723633,803.1251831054688,261.882080078125,570.1611938476562,698.5736694335938,2048,1536,570,698
HFW12-F7,2016,201603220932,HC,1,/Volumes/Seagate Portable Drive/KYLE_AI_DATABASE/A_CAMERA/Focal_species/Gulo gulo/HFW12-F7/HC/2016/COLOR/Robust marks/03.22-09.32/IMG_2033.JPG,IMG_2033.JPG,HFW12-F7_2016_201603220932_IMG_2033.jpg,0.8211554288864136,661.654296875,1423.7115478515625,506.332763671875,78.9176025390625,2048,1536,506,78
HFW12-F7,2016,201603220932,HC,1,/Volumes/Seagate Portable Drive/KYLE_AI_DATABASE/A_CAMERA/Focal_species/Gulo gulo/HFW12-F7/HC/2016/COLOR/Robust marks/03.22-09.32/IMG_2034.JPG,IMG_2034.JPG,HFW12-F7_2016_201603220932_IMG_2034.jpg,0.8243432641029358,661.94775390625,1423.8143310546875,506.410888671875,78.8997802734375,2048,1536,506,78
HFW12-F7,2016,201603220932,HC,1,/Volumes/Seagate Portable Drive/KYLE_AI_DATABASE/A_CAMERA/Focal_species/Gulo gulo/HFW12-F7/HC/2016/COLOR/Robust marks/03.22-09.32/IMG_2035.JPG,IMG_2035.JPG,HFW12-F7_2016_201603220932_IMG_2035.jpg,0.8137895464897156,662.19189453125,1423.932373046875,506.343505859375,78.785400390625,2048,1536,506,78
HFW12-F7,2016,201603220932,HC,1,/Volumes/Seagate Portable Drive/KYLE_AI_DATABASE/A_CAMERA/Focal_species/Gulo gulo/HFW12-F7/HC/2016/COLOR/Robust marks/03.22-09.32/IMG_2036.JPG,IMG_2036.JPG,HFW12-F7_2016_201603220932_IMG_2036.jpg,0.8216924667358398,661.0126342773438,1423.7088623046875,507.69622802734375,78.8778076171875,2048,1536,507,78
HFW12-F7,2016,201603220932,HC,1,/Volumes/Seagate Portable Drive/KYLE_AI_DATABASE/A_CAMERA/Focal_species/Gulo gulo/HFW12-F7/HC/2016/COLOR/Robust marks/03.22-09.32/IMG_2037.JPG,IMG_2037.JPG,HFW12-F7_2016_201603220932_IMG_2037.jpg,0.8127313852310181,661.698486328125,1424.2015380859375,505.7445068359375,78.49951171875,2048,1536,505,78
HFW12-F7,2016,201603220932,HC,1,/Volumes/Seagate Portable Drive/KYLE_AI_DATABASE/A_CAMERA/Focal_species/Gulo gulo/HFW12-F7/HC/2016/COLOR/Robust marks/03.22-09.32/IMG_2038.JPG,IMG_2038.JPG,HFW12-F7_2016_201603220932_IMG_2038.jpg,0.8419461846351624,661.1493530273438,1423.960205078125,506.47930908203125,78.722900390625,2048,1536,506,78
HFW12-F7,2016,201603220932,HC,1,/Volumes/Seagate Portable Drive/KYLE_AI_DATABASE/A_CAMERA/Focal_species/Gulo gulo/HFW12-F7/HC/2016/COLOR/Robust marks/03.22-09.32/IMG_2039.JPG,IMG_2039.JPG,HFW12-F7_2016_201603220932_IMG_2039.jpg,0.8327606320381165,661.7949829101562,1424.1103515625,505.26812744140625,78.6048583984375,2048,1536,505,78
HFW12-F7,2016,201603220932,HC,1,/Volumes/Seagate Portable Drive/KYLE_AI_DATABASE/A_CAMERA/Focal_species/Gulo gulo/HFW12-F7/HC/2016/COLOR/Robust marks/03.22-09.32/IMG_2041.JPG,IMG_2041.JPG,HFW12-F7_2016_201603220932_IMG_2041.jpg,0.8233778476715088,661.928466796875,1423.983154296875,505.4517822265625,78.7525634765625,2048,1536,505,78
HFW12-F7,2016,201603220932,HC,1,/Volumes/Seagate Portable Drive/KYLE_AI_DATABASE/A_CAMERA/Focal_species/Gulo gulo/HFW12-F7/HC/2016/COLOR/Robust marks/03.22-09.32/IMG_2042.JPG,IMG_2042.JPG,HFW12-F7_2016_201603220932_IMG_2042.jpg,0.818374514579773,661.6097412109375,1422.6695556640625,508.4486083984375,80.046875,2048,1536,508,80
HFW12-F7,2016,201603220932,HC,1,/Volumes/Seagate Portable Drive/KYLE_AI_DATABASE/A_CAMERA/Focal_species/Gulo gulo/HFW12-F7/HC/2016/COLOR/Robust marks/03.22-09.32/IMG_2043.JPG,IMG_2043.JPG,HFW12-F7_2016_201603220932_IMG_2043.jpg,0.8457011580467224,661.902587890625,1423.68115234375,506.1756591796875,78.9140625,2048,1536,506,78
HFW12-F7,2016,201603220932,HC,1,/Volumes/Seagate Portable Drive/KYLE_AI_DATABASE/A_CAMERA/Focal_species/Gulo gulo/HFW12-F7/HC/2016/COLOR/Robust marks/03.22-09.32/IMG_2044.JPG,IMG_2044.JPG,HFW12-F7_2016_201603220932_IMG_2044.jpg,0.8348400592803955,661.3656005859375,1423.6065673828125,507.38671875,79.1141357421875,2048,1536,507,79
HFW12-F7,2016,201603220932,HC,1,/Volumes/Seagate Portable Drive/KYLE_AI_DATABASE/A_CAMERA/Focal_species/Gulo gulo/HFW12-F7/HC/2016/COLOR/Robust marks/03.22-09.32/IMG_2045.JPG,IMG_2045.JPG,HFW12-F7_2016_201603220932_IMG_2045.jpg,0.8294632434844971,661.5669555664062,1423.6956787109375,506.75872802734375,78.98486328125,2048,1536,506,78
HFW12-F7,2016,201603220932,HC,1,/Volumes/Seagate Portable Drive/KYLE_AI_DATABASE/A_CAMERA/Focal_species/Gulo gulo/HFW12-F7/HC/2016/COLOR/Robust marks/03.22-09.32/IMG_2046.JPG,IMG_2046.JPG,HFW12-F7_2016_201603220932_IMG_2046.jpg,0.8543440699577332,661.3982543945312,1423.5458984375,507.28704833984375,79.147705078125,2048,1536,507,79
HFW12-F7,2016,201603220932,HC,1,/Volumes/Seagate Portable Drive/KYLE_AI_DATABASE/A_CAMERA/Focal_species/Gulo gulo/HFW12-F7/HC/2016/COLOR/Robust marks/03.22-09.32/IMG_2047.JPG,IMG_2047.JPG,HFW12-F7_2016_201603220932_IMG_2047.jpg,0.8212504982948303,661.5076904296875,1423.246826171875,507.819580078125,79.470947265625,2048,1536,507,79
HFW12-F7,2016,201603220932,HC,1,/Volumes/Seagate Portable Drive/KYLE_AI_DATABASE/A_CAMERA/Focal_species/Gulo gulo/HFW12-F7/HC/2016/COLOR/Robust marks/03.22-09.32/IMG_2048.JPG,IMG_2048.JPG,HFW12-F7_2016_201603220932_IMG_2048.jpg,0.8419166207313538,661.326171875,1423.484375,507.0928955078125,79.21435546875,2048,1536,507,79
HFW12-F7,2016,201603220932,HC,1,/Volumes/Seagate Portable Drive/KYLE_AI_DATABASE/A_CAMERA/Focal_species/Gulo gulo/HFW12-F7/HC/2016/COLOR/Robust marks/03.22-09.32/IMG_2049.JPG,IMG_2049.JPG,HFW12-F7_2016_201603220932_IMG_2049.jpg,0.8572911620140076,661.7882080078125,1423.7598876953125,505.87451171875,78.9437255859375,2048,1536,505,78
HFW12-F7,2016,201603220932,HC,1,/Volumes/Seagate Portable Drive/KYLE_AI_DATABASE/A_CAMERA/Focal_species/Gulo gulo/HFW12-F7/HC/2016/COLOR/Robust marks/03.22-09.32/IMG_2050.JPG,IMG_2050.JPG,HFW12-F7_2016_201603220932_IMG_2050.jpg,0.8331126570701599,661.3235473632812,1423.3516845703125,507.41900634765625,79.4176025390625,2048,1536,507,79
HFW12-F7,2016,201603220932,HC,1,/Volumes/Seagate Portable Drive/KYLE_AI_DATABASE/A_CAMERA/Focal_species/Gulo gulo/HFW12-F7/HC/2016/COLOR/Robust marks/03.22-09.32/IMG_2051.JPG,IMG_2051.JPG,HFW12-F7_2016_201603220932_IMG_2051.jpg,0.8134623765945435,661.8426513671875,1423.4833984375,506.9520263671875,79.2359619140625,2048,1536,506,79
HFW12-F7,2016,201603220932,HC,1,/Volumes/Seagate Portable Drive/KYLE_AI_DATABASE/A_CAMERA/Focal_species/Gulo gulo/HFW12-F7/HC/2016/COLOR/Robust marks/03.22-09.32/IMG_2052.JPG,IMG_2052.JPG,HFW12-F7_2016_201603220932_IMG_2052.jpg,0.8092114329338074,661.611572265625,1423.6783447265625,507.264892578125,79.0035400390625,2048,1536,507,79
HFW12-F7,2016,201603220932,HC,1,/Volumes/Seagate Portable Drive/KYLE_AI_DATABASE/A_CAMERA/Focal_species/Gulo gulo/HFW12-F7/HC/2016/COLOR/Robust marks/03.22-09.32/IMG_2053.JPG,IMG_2053.JPG,HFW12-F7_2016_201603220932_IMG_2053.jpg,0.8353367447853088,662.0780029296875,1423.6842041015625,506.25634765625,79.0091552734375,2048,1536,506,79
HFW12-F7,2016,201603220932,HC,1,/Volumes/Seagate Portable Drive/KYLE_AI_DATABASE/A_CAMERA/Focal_species/Gulo gulo/HFW12-F7/HC/2016/COLOR/Robust marks/03.22-09.32/IMG_2054.JPG,IMG_2054.JPG,HFW12-F7_2016_201603220932_IMG_2054.jpg,0.8434189558029175,661.3754272460938,1423.400146484375,507.46783447265625,79.2227783203125,2048,1536,507,79
HFW12-F7,2016,201603220932,HC,1,/Volumes/Seagate Portable Drive/KYLE_AI_DATABASE/A_CAMERA/Focal_species/Gulo gulo/HFW12-F7/HC/2016/COLOR/Robust marks/03.22-09.32/IMG_2055.JPG,IMG_2055.JPG,HFW12-F7_2016_201603220932_IMG_2055.jpg,0.8994526267051697,882.4978637695312,244.47779846191406,444.12225341796875,758.7788696289062,2048,1536,444,758
HFW12-F7,2016,201603220932,HC,1,/Volumes/Seagate Portable Drive/KYLE_AI_DATABASE/A_CAMERA/Focal_species/Gulo gulo/HFW12-F7/HC/2016/COLOR/Robust marks/03.22-09.32/IMG_2056.JPG,IMG_2056.JPG,HFW12-F7_2016_201603220932_IMG_2056.jpg,0.8303382992744446,661.3119506835938,1423.36572265625,507.22735595703125,79.3231201171875,2048,1536,507,79
HFW12-F7,2016,201603220932,HC,1,/Volumes/Seagate Portable Drive/KYLE_AI_DATABASE/A_CAMERA/Focal_species/Gulo gulo/HFW12-F7/HC/2016/COLOR/Robust marks/03.22-09.32/IMG_2057.JPG,IMG_2057.JPG,HFW12-F7_2016_201603220932_IMG_2057.jpg,0.8797734379768372,900.0422973632812,249.76446533203125,428.72991943359375,769.9747924804688,2048,1536,428,769
HFW12-F7,2016,201603220932,HC,1,/Volumes/Seagate Portable Drive/KYLE_AI_DATABASE/A_CAMERA/Focal_species/Gulo gulo/HFW12-F7/HC/2016/COLOR/Robust marks/03.22-09.32/IMG_2058.JPG,IMG_2058.JPG,HFW12-F7_2016_201603220932_IMG_2058.jpg,0.829081118106842,660.72412109375,1422.305908203125,509.5257568359375,80.3199462890625,2048,1536,509,80
HFW12-F7,2016,201603220932,HC,1,/Volumes/Seagate Portable Drive/KYLE_AI_DATABASE/A_CAMERA/Focal_species/Gulo gulo/HFW12-F7/HC/2016/COLOR/Robust marks/03.22-09.32/IMG_2059.JPG,IMG_2059.JPG,HFW12-F7_2016_201603220932_IMG_2059.jpg,0.8257094025611877,662.0900268554688,1423.9375,505.44818115234375,78.8514404296875,2048,1536,505,78
HFW12-F7,2016,201603220932,HC,1,/Volumes/Seagate Portable Drive/KYLE_AI_DATABASE/A_CAMERA/Focal_species/Gulo gulo/HFW12-F7/HC/2016/COLOR/Robust marks/03.22-09.32/IMG_2060.JPG,IMG_2060.JPG,HFW12-F7_2016_201603220932_IMG_2060.jpg,0.8582075238227844,659.7192993164062,1423.734375,509.37469482421875,78.879638671875,2048,1536,509,78
HFW12-F7,2016,201603220932,HC,1,/Volumes/Seagate Portable Drive/KYLE_AI_DATABASE/A_CAMERA/Focal_species/Gulo gulo/HFW12-F7/HC/2016/COLOR/Robust marks/03.22-09.32/IMG_2061.JPG,IMG_2061.JPG,HFW12-F7_2016_201603220932_IMG_2061.jpg,0.8131967782974243,661.5969848632812,1423.581298828125,507.33636474609375,79.112548828125,2048,1536,507,79
HFW12-F7,2016,201603220932,HC,1,/Volumes/Seagate Portable Drive/KYLE_AI_DATABASE/A_CAMERA/Focal_species/Gulo gulo/HFW12-F7/HC/2016/COLOR/Robust marks/03.22-09.32/IMG_2062.JPG,IMG_2062.JPG,HFW12-F7_2016_201603220932_IMG_2062.jpg,0.80436110496521,661.881591796875,1423.929443359375,506.2115478515625,78.7994384765625,2048,1536,506,78
HFW12-F7,2016,201603220932,HC,1,/Volumes/Seagate Portable Drive/KYLE_AI_DATABASE/A_CAMERA/Focal_species/Gulo gulo/HFW12-F7/HC/2016/COLOR/Robust marks/03.22-09.32/IMG_2063.JPG,IMG_2063.JPG,HFW12-F7_2016_201603220932_IMG_2063.jpg,0.8101377487182617,661.4628295898438,1423.5494384765625,507.09405517578125,79.1710205078125,2048,1536,507,79
HFW12-F7,2016,201603220932,HC,1,/Volumes/Seagate Portable Drive/KYLE_AI_DATABASE/A_CAMERA/Focal_species/Gulo gulo/HFW12-F7/HC/2016/COLOR/Robust marks/03.22-09.32/IMG_2065.JPG,IMG_2065.JPG,HFW12-F7_2016_201603220932_IMG_2065.jpg,0.8213876485824585,661.4478759765625,1423.7557373046875,507.0076904296875,78.948486328125,2048,1536,507,78
HFW12-F7,2016,201603220932,HC,1,/Volumes/Seagate Portable Drive/KYLE_AI_DATABASE/A_CAMERA/Focal_species/Gulo gulo/HFW12-F7/HC/2016/COLOR/Robust marks/03.22-09.32/IMG_2066.JPG,IMG_2066.JPG,HFW12-F7_2016_201603220932_IMG_2066.jpg,0.8387776613235474,661.6800537109375,1423.8548583984375,507.93212890625,78.8133544921875,2048,1536,507,78
HFW12-F7,2016,201603220932,HC,1,/Volumes/Seagate Portable Drive/KYLE_AI_DATABASE/A_CAMERA/Focal_species/Gulo gulo/HFW12-F7/HC/2016/COLOR/Robust marks/03.22-09.32/IMG_2067.JPG,IMG_2067.JPG,HFW12-F7_2016_201603220932_IMG_2067.jpg,0.8651653528213501,661.1375732421875,1423.840087890625,505.80419921875,78.8994140625,2048,1536,505,78
HFW12-F7,2016,201603220932,HC,1,/Volumes/Seagate Portable Drive/KYLE_AI_DATABASE/A_CAMERA/Focal_species/Gulo gulo/HFW12-F7/HC/2016/COLOR/Robust marks/03.22-09.32/IMG_2068.JPG,IMG_2068.JPG,HFW12-F7_2016_201603220932_IMG_2068.jpg,0.8189107179641724,661.9124755859375,1423.01953125,507.897216796875,79.687255859375,2048,1536,507,79
HFW12-F7,2016,201603220932,HC,1,/Volumes/Seagate Portable Drive/KYLE_AI_DATABASE/A_CAMERA/Focal_species/Gulo gulo/HFW12-F7/HC/2016/COLOR/Robust marks/03.22-09.32/IMG_2069.JPG,IMG_2069.JPG,HFW12-F7_2016_201603220932_IMG_2069.jpg,0.8391991853713989,661.6424560546875,1423.636474609375,506.862060546875,79.0806884765625,2048,1536,506,79
HFW12-F7,2016,201603220932,HC,1,/Volumes/Seagate Portable Drive/KYLE_AI_DATABASE/A_CAMERA/Focal_species/Gulo gulo/HFW12-F7/HC/2016/COLOR/Robust marks/03.22-09.32/IMG_2070.JPG,IMG_2070.JPG,HFW12-F7_2016_201603220932_IMG_2070.jpg,0.8326537609100342,661.8045654296875,1423.2548828125,507.9710693359375,79.3983154296875,2048,1536,507,79
HFW12-F7,2016,201603220932,HC,1,/Volumes/Seagate Portable Drive/KYLE_AI_DATABASE/A_CAMERA/Focal_species/Gulo gulo/HFW12-F7/HC/2016/COLOR/Robust marks/03.22-09.32/IMG_2071.JPG,IMG_2071.JPG,HFW12-F7_2016_201603220932_IMG_2071.jpg,0.8885648250579834,661.8881225585938,1423.58984375,507.59368896484375,78.8792724609375,2048,1536,507,78
HFW12-F7,2016,201603220932,HC,1,/Volumes/Seagate Portable Drive/KYLE_AI_DATABASE/A_CAMERA/Focal_species/Gulo gulo/HFW12-F7/HC/2016/COLOR/Robust marks/03.22-09.32/IMG_2072.JPG,IMG_2072.JPG,HFW12-F7_2016_201603220932_IMG_2072.jpg,0.8635566830635071,661.42919921875,1423.2275390625,508.7305908203125,79.296630859375,2048,1536,508,79
HFW12-F7,2016,201603220932,HC,1,/Volumes/Seagate Portable Drive/KYLE_AI_DATABASE/A_CAMERA/Focal_species/Gulo gulo/HFW12-F7/HC/2016/COLOR/Robust marks/03.22-09.32/IMG_2073.JPG,IMG_2073.JPG,HFW12-F7_2016_201603220932_IMG_2073.jpg,0.8566080331802368,661.443115234375,1423.3302001953125,507.9176025390625,79.133056640625,2048,1536,507,79
HFW12-F7,2016,201603220932,HC,1,/Volumes/Seagate Portable Drive/KYLE_AI_DATABASE/A_CAMERA/Focal_species/Gulo gulo/HFW12-F7/HC/2016/COLOR/Robust marks/03.22-09.32/IMG_2074.JPG,IMG_2074.JPG,HFW12-F7_2016_201603220932_IMG_2074.jpg,0.8596534132957458,661.285400390625,1423.14990234375,508.7099609375,79.3515625,2048,1536,508,79
HFW12-F7,2016,201603220932,HC,1,/Volumes/Seagate Portable Drive/KYLE_AI_DATABASE/A_CAMERA/Focal_species/Gulo gulo/HFW12-F7/HC/2016/COLOR/Robust marks/03.22-09.32/IMG_2075.JPG,IMG_2075.JPG,HFW12-F7_2016_201603220932_IMG_2075.jpg,0.8701158761978149,660.9810180664062,1423.320556640625,508.77325439453125,79.0469970703125,2048,1536,508,79
HFW12-F7,2016,201603220932,HC,1,/Volumes/Seagate Portable Drive/KYLE_AI_DATABASE/A_CAMERA/Focal_species/Gulo gulo/HFW12-F7/HC/2016/COLOR/Robust marks/03.22-09.32/IMG_2076.JPG,IMG_2076.JPG,HFW12-F7_2016_201603220932_IMG_2076.jpg,0.8704471588134766,661.0,1423.869384765625,508.059814453125,78.609375,2048,1536,508,78
HFW12-F7,2016,201603220932,HC,1,/Volumes/Seagate Portable Drive/KYLE_AI_DATABASE/A_CAMERA/Focal_species/Gulo gulo/HFW12-F7/HC/2016/COLOR/Robust marks/03.22-09.32/IMG_2077.JPG,IMG_2077.JPG,HFW12-F7_2016_201603220932_IMG_2077.jpg,0.87447190284729,661.114990234375,1423.394775390625,507.8492431640625,79.049072265625,2048,1536,507,79
HFW12-F7,2016,201603220932,HC,1,/Volumes/Seagate Portable Drive/KYLE_AI_DATABASE/A_CAMERA/Focal_species/Gulo gulo/HFW12-F7/HC/2016/COLOR/Robust marks/03.22-09.32/IMG_2078.JPG,IMG_2078.JPG,HFW12-F7_2016_201603220932_IMG_2078.jpg,0.8679772019386292,661.2540283203125,1423.242431640625,508.2208251953125,79.154541015625,2048,1536,508,79
HFW12-F7,2016,201603220932,HC,1,/Volumes/Seagate Portable Drive/KYLE_AI_DATABASE/A_CAMERA/Focal_species/Gulo gulo/HFW12-F7/HC/2016/COLOR/Robust marks/03.22-09.32/IMG_2079.JPG,IMG_2079.JPG,HFW12-F7_2016_201603220932_IMG_2079.jpg,0.8814188838005066,662.1275634765625,1423.4814453125,506.93505859375,79.054443359375,2048,1536,506,79
HFW12-F7,2016,201603220932,HC,1,/Volumes/Seagate Portable Drive/KYLE_AI_DATABASE/A_CAMERA/Focal_species/Gulo gulo/HFW12-F7/HC/2016/COLOR/Robust marks/03.22-09.32/IMG_2080.JPG,IMG_2080.JPG,HFW12-F7_2016_201603220932_IMG_2080.jpg,0.8840914368629456,659.3351440429688,1423.4588623046875,510.51702880859375,79.03125,2048,1536,510,79
HFW12-F7,2016,201603220932,HC,1,/Volumes/Seagate Portable Drive/KYLE_AI_DATABASE/A_CAMERA/Focal_species/Gulo gulo/HFW12-F7/HC/2016/COLOR/Robust marks/03.22-09.32/IMG_2091.JPG,IMG_2091.JPG,HFW12-F7_2016_201603220932_IMG_2091.jpg,0.9368815422058105,854.9761962890625,270.41864013671875,519.428466796875,713.3970336914062,2048,1536,519,713
HFW12-F7,2016,201603220932,HC,1,/Volumes/Seagate Portable Drive/KYLE_AI_DATABASE/A_CAMERA/Focal_species/Gulo gulo/HFW12-F7/HC/2016/COLOR/Robust marks/03.22-09.32/IMG_2093.JPG,IMG_2093.JPG,HFW12-F7_2016_201603220932_IMG_2093.jpg,0.9041093587875366,800.30859375,297.021484375,573.150390625,647.1783447265625,2048,1536,573,647
HFW12-F7,2016,201603220932,HC,1,/Volumes/Seagate Portable Drive/KYLE_AI_DATABASE/A_CAMERA/Focal_species/Gulo gulo/HFW12-F7/HC/2016/COLOR/Robust marks/03.22-09.32/IMG_2095.JPG,IMG_2095.JPG,HFW12-F7_2016_201603220932_IMG_2095.jpg,0.898154079914093,852.70458984375,280.5748291015625,492.0107421875,723.4135131835938,2048,1536,492,723
HFW12-F7,2016,201603220932,HC,1,/Volumes/Seagate Portable Drive/KYLE_AI_DATABASE/A_CAMERA/Focal_species/Gulo gulo/HFW12-F7/HC/2016/COLOR/Robust marks/03.22-09.32/IMG_2097.JPG,IMG_2097.JPG,HFW12-F7_2016_201603220932_IMG_2097.jpg,0.8315696120262146,661.341064453125,1423.119873046875,507.9708251953125,79.6072998046875,2048,1536,507,79
HFW12-F7,2016,201603220932,HC,1,/Volumes/Seagate Portable Drive/KYLE_AI_DATABASE/A_CAMERA/Focal_species/Gulo gulo/HFW12-F7/HC/2016/COLOR/Robust marks/03.22-09.32/IMG_2099.JPG,IMG_2099.JPG,HFW12-F7_2016_201603220932_IMG_2099.jpg,0.821067750453949,661.8111572265625,1423.2860107421875,506.7979736328125,79.5443115234375,2048,1536,506,79
HFW12-F7,2016,201603220932,HC,1,/Volumes/Seagate Portable Drive/KYLE_AI_DATABASE/A_CAMERA/Focal_species/Gulo gulo/HFW12-F7/HC/2016/COLOR/Robust marks/03.22-09.32/IMG_2101.JPG,IMG_2101.JPG,HFW12-F7_2016_201603220932_IMG_2101.jpg,0.891620934009552,877.9754028320312,150.64004516601562,490.21905517578125,776.6846923828125,2048,1536,490,776
HFW12-F7,2016,201603220932,HC,1,/Volumes/Seagate Portable Drive/KYLE_AI_DATABASE/A_CAMERA/Focal_species/Gulo gulo/HFW12-F7/HC/2016/COLOR/Robust marks/03.22-09.32/IMG_2102.JPG,IMG_2102.JPG,HFW12-F7_2016_201603220932_IMG_2102.jpg,0.804156482219696,661.7653198242188,1423.085205078125,508.15753173828125,79.6868896484375,2048,1536,508,79
HFW12-F7,2016,201603220932,HC,1,/Volumes/Seagate Portable Drive/KYLE_AI_DATABASE/A_CAMERA/Focal_species/Gulo gulo/HFW12-F7/HC/2016/COLOR/Robust marks/03.22-09.32/IMG_2103.JPG,IMG_2103.JPG,HFW12-F7_2016_201603220932_IMG_2103.jpg,0.8388355374336243,661.6260986328125,1423.00830078125,508.382080078125,79.6710205078125,2048,1536,508,79
HFW12-F7,2016,201603220932,HC,1,/Volumes/Seagate Portable Drive/KYLE_AI_DATABASE/A_CAMERA/Focal_species/Gulo gulo/HFW12-F7/HC/2016/COLOR/Robust marks/03.22-09.32/IMG_2104.JPG,IMG_2104.JPG,HFW12-F7_2016_201603220932_IMG_2104.jpg,0.8183490633964539,661.3079833984375,1422.7508544921875,508.7061767578125,79.94970703125,2048,1536,508,79
HFW12-F7,2016,201603220932,HC,1,/Volumes/Seagate Portable Drive/KYLE_AI_DATABASE/A_CAMERA/Focal_species/Gulo gulo/HFW12-F7/HC/2016/COLOR/Robust marks/03.22-09.32/IMG_2105.JPG,IMG_2105.JPG,HFW12-F7_2016_201603220932_IMG_2105.jpg,0.9008660316467285,771.3687744140625,235.51177978515625,554.427734375,726.4468994140625,2048,1536,554,726
HFW12-F7,2016,201603220932,HC,1,/Volumes/Seagate Portable Drive/KYLE_AI_DATABASE/A_CAMERA/Focal_species/Gulo gulo/HFW12-F7/HC/2016/COLOR/Robust marks/03.22-09.32/IMG_2106.JPG,IMG_2106.JPG,HFW12-F7_2016_201603220932_IMG_2106.jpg,0.8101814389228821,660.846435546875,1421.4776611328125,510.0810546875,81.29296875,2048,1536,510,81
HFW12-F7,2016,201603220932,HC,1,/Volumes/Seagate Portable Drive/KYLE_AI_DATABASE/A_CAMERA/Focal_species/Gulo gulo/HFW12-F7/HC/2016/COLOR/Robust marks/03.22-09.32/IMG_2107.JPG,IMG_2107.JPG,HFW12-F7_2016_201603220932_IMG_2107.jpg,0.8378073573112488,660.499755859375,1423.404296875,508.5775146484375,79.26904296875,2048,1536,508,79
HFW12-F7,2016,201603220932,HC,1,/Volumes/Seagate Portable Drive/KYLE_AI_DATABASE/A_CAMERA/Focal_species/Gulo gulo/HFW12-F7/HC/2016/COLOR/Robust marks/03.22-09.32/IMG_2109.JPG,IMG_2109.JPG,HFW12-F7_2016_201603220932_IMG_2109.jpg,0.8140706419944763,661.22607421875,1422.4307861328125,509.80224609375,80.2489013671875,2048,1536,509,80
HFW12-F7,2016,201603220932,HC,1,/Volumes/Seagate Portable Drive/KYLE_AI_DATABASE/A_CAMERA/Focal_species/Gulo gulo/HFW12-F7/HC/2016/COLOR/Robust marks/03.22-09.32/IMG_2114.JPG,IMG_2114.JPG,HFW12-F7_2016_201603220932_IMG_2114.jpg,0.8011341691017151,660.93212890625,1422.7841796875,508.8314208984375,79.996826171875,2048,1536,508,79
HFW12-F7,2016,201603220932,HC,1,/Volumes/Seagate Portable Drive/KYLE_AI_DATABASE/A_CAMERA/Focal_species/Gulo gulo/HFW12-F7/HC/2016/COLOR/Robust marks/03.22-09.32/IMG_2115.JPG,IMG_2115.JPG,HFW12-F7_2016_201603220932_IMG_2115.jpg,0.9486548900604248,834.879150390625,145.56271362304688,518.278076171875,810.4808349609375,2048,1536,518,810
HFW12-F7,2016,201603220932,HC,1,/Volumes/Seagate Portable Drive/KYLE_AI_DATABASE/A_CAMERA/Focal_species/Gulo gulo/HFW12-F7/HC/2016/COLOR/Robust marks/03.22-09.32/IMG_2117.JPG,IMG_2117.JPG,HFW12-F7_2016_201603220932_IMG_2117.jpg,0.813755452632904,660.8591918945312,1423.5135498046875,508.09625244140625,79.332275390625,2048,1536,508,79
HFW12-F7,2016,201603220932,HC,1,/Volumes/Seagate Portable Drive/KYLE_AI_DATABASE/A_CAMERA/Focal_species/Gulo gulo/HFW12-F7/HC/2016/COLOR/Robust marks/03.22-09.32/IMG_2118.JPG,IMG_2118.JPG,HFW12-F7_2016_201603220932_IMG_2118.jpg,0.9428079128265381,836.9036254882812,257.1072692871094,563.4479370117188,726.64453125,2048,1536,563,726
HFW12-F7,2016,201603220932,HC,1,/Volumes/Seagate Portable Drive/KYLE_AI_DATABASE/A_CAMERA/Focal_species/Gulo gulo/HFW12-F7/HC/2016/COLOR/Robust marks/03.22-09.32/IMG_2119.JPG,IMG_2119.JPG,HFW12-F7_2016_201603220932_IMG_2119.jpg,0.8448278307914734,833.960693359375,233.33885192871094,522.197509765625,754.425048828125,2048,1536,522,754
HFW12-F7,2016,201603220932,HC,1,/Volumes/Seagate Portable Drive/KYLE_AI_DATABASE/A_CAMERA/Focal_species/Gulo gulo/HFW12-F7/HC/2016/COLOR/Robust marks/03.22-09.32/IMG_2120.JPG,IMG_2120.JPG,HFW12-F7_2016_201603220932_IMG_2120.jpg,0.9000015258789062,833.3828735351562,248.15087890625,527.8495483398438,752.6903076171875,2048,1536,527,752
HFW12-F7,2016,201603220932,HC,1,/Volumes/Seagate Portable Drive/KYLE_AI_DATABASE/A_CAMERA/Focal_species/Gulo gulo/HFW12-F7/HC/2016/COLOR/Robust marks/03.22-09.32/IMG_2121.JPG,IMG_2121.JPG,HFW12-F7_2016_201603220932_IMG_2121.jpg,0.85072261095047,661.2949829101562,1422.6759033203125,509.81634521484375,80.01513671875,2048,1536,509,80
HFW12-F7,2016,201603220932,HC,1,/Volumes/Seagate Portable Drive/KYLE_AI_DATABASE/A_CAMERA/Focal_species/Gulo gulo/HFW12-F7/HC/2016/COLOR/Robust marks/03.22-09.32/IMG_2122.JPG,IMG_2122.JPG,HFW12-F7_2016_201603220932_IMG_2122.jpg,0.8429111838340759,660.87646484375,1422.751953125,509.3760986328125,79.984619140625,2048,1536,509,79
HFW12-F7,2016,201603220932,HC,1,/Volumes/Seagate Portable Drive/KYLE_AI_DATABASE/A_CAMERA/Focal_species/Gulo gulo/HFW12-F7/HC/2016/COLOR/Robust marks/03.22-09.32/IMG_2123.JPG,IMG_2123.JPG,HFW12-F7_2016_201603220932_IMG_2123.jpg,0.8582802414894104,660.5781860351562,1422.3294677734375,509.74163818359375,80.3291015625,2048,1536,509,80
HFW12-F7,2016,201603220932,HC,1,/Volumes/Seagate Portable Drive/KYLE_AI_DATABASE/A_CAMERA/Focal_species/Gulo gulo/HFW12-F7/HC/2016/COLOR/Robust marks/03.22-09.32/IMG_2124.JPG,IMG_2124.JPG,HFW12-F7_2016_201603220932_IMG_2124.jpg,0.8495097160339355,660.7078857421875,1422.17822265625,509.7808837890625,80.486328125,2048,1536,509,80
HFW12-F7,2016,201603220932,HC,1,/Volumes/Seagate Portable Drive/KYLE_AI_DATABASE/A_CAMERA/Focal_species/Gulo gulo/HFW12-F7/HC/2016/COLOR/Robust marks/03.22-09.32/IMG_2125.JPG,IMG_2125.JPG,HFW12-F7_2016_201603220932_IMG_2125.jpg,0.8254583477973938,661.6613159179688,1422.197021484375,509.16900634765625,80.5565185546875,2048,1536,509,80
HFW12-F7,2016,201603220932,HC,1,/Volumes/Seagate Portable Drive/KYLE_AI_DATABASE/A_CAMERA/Focal_species/Gulo gulo/HFW12-F7/HC/2016/COLOR/Robust marks/03.22-09.32/IMG_2127.JPG,IMG_2127.JPG,HFW12-F7_2016_201603220932_IMG_2127.jpg,0.8481696248054504,661.2636108398438,1421.997314453125,509.32574462890625,80.65576171875,2048,1536,509,80
HFW12-F7,2016,201603220932,HC,1,/Volumes/Seagate Portable Drive/KYLE_AI_DATABASE/A_CAMERA/Focal_species/Gulo gulo/HFW12-F7/HC/2016/COLOR/Robust marks/03.22-09.32/IMG_2128.JPG,IMG_2128.JPG,HFW12-F7_2016_201603220932_IMG_2128.jpg,0.8416184186935425,660.7914428710938,1423.2554931640625,507.53741455078125,79.5814208984375,2048,1536,507,79
HFW12-F7,2016,201603220932,HC,1,/Volumes/Seagate Portable Drive/KYLE_AI_DATABASE/A_CAMERA/Focal_species/Gulo gulo/HFW12-F7/HC/2016/COLOR/Robust marks/03.22-09.32/IMG_2129.JPG,IMG_2129.JPG,HFW12-F7_2016_201603220932_IMG_2129.jpg,0.87238609790802,661.165771484375,1423.5404052734375,506.880615234375,79.1741943359375,2048,1536,506,79
HFW12-F7,2016,201603220932,HC,1,/Volumes/Seagate Portable Drive/KYLE_AI_DATABASE/A_CAMERA/Focal_species/Gulo gulo/HFW12-F7/HC/2016/COLOR/Robust marks/03.22-09.32/IMG_2130.JPG,IMG_2130.JPG,HFW12-F7_2016_201603220932_IMG_2130.jpg,0.847090482711792,661.2627563476562,1423.132568359375,507.23468017578125,79.5404052734375,2048,1536,507,79
HFW12-F7,2016,201603220932,HC,1,/Volumes/Seagate Portable Drive/KYLE_AI_DATABASE/A_CAMERA/Focal_species/Gulo gulo/HFW12-F7/HC/2016/COLOR/Robust marks/03.22-09.32/IMG_2131.JPG,IMG_2131.JPG,HFW12-F7_2016_201603220932_IMG_2131.jpg,0.8420992493629456,661.2763671875,1423.048583984375,507.684814453125,79.599365234375,2048,1536,507,79
HFW12-F7,2016,201603220932,HC,1,/Volumes/Seagate Portable Drive/KYLE_AI_DATABASE/A_CAMERA/Focal_species/Gulo gulo/HFW12-F7/HC/2016/COLOR/Robust marks/03.22-09.32/IMG_2132.JPG,IMG_2132.JPG,HFW12-F7_2016_201603220932_IMG_2132.jpg,0.8258945941925049,661.560302734375,1423.225830078125,507.3798828125,79.43408203125,2048,1536,507,79
HFW12-F7,2016,201603220932,HC,1,/Volumes/Seagate Portable Drive/KYLE_AI_DATABASE/A_CAMERA/Focal_species/Gulo gulo/HFW12-F7/HC/2016/COLOR/Robust marks/03.22-09.32/IMG_2133.JPG,IMG_2133.JPG,HFW12-F7_2016_201603220932_IMG_2133.jpg,0.820999801158905,661.942138671875,1423.123291015625,507.56494140625,79.658935546875,2048,1536,507,79
HFW12-F7,2016,201603220932,HC,1,/Volumes/Seagate Portable Drive/KYLE_AI_DATABASE/A_CAMERA/Focal_species/Gulo gulo/HFW12-F7/HC/2016/COLOR/Robust marks/03.22-09.32/IMG_2134.JPG,IMG_2134.JPG,HFW12-F7_2016_201603220932_IMG_2134.jpg,0.8527947068214417,661.3812255859375,1423.1383056640625,507.7672119140625,79.6224365234375,2048,1536,507,79
HFW12-F7,2016,201603220932,HC,1,/Volumes/Seagate Portable Drive/KYLE_AI_DATABASE/A_CAMERA/Focal_species/Gulo gulo/HFW12-F7/HC/2016/COLOR/Robust marks/03.22-09.32/IMG_2135.JPG,IMG_2135.JPG,HFW12-F7_2016_201603220932_IMG_2135.jpg,0.8070013523101807,661.4291381835938,1423.356689453125,508.13909912109375,79.369873046875,2048,1536,508,79
HFW12-F7,2016,201603220932,HC,1,/Volumes/Seagate Portable Drive/KYLE_AI_DATABASE/A_CAMERA/Focal_species/Gulo gulo/HFW12-F7/HC/2016/COLOR/Robust marks/03.22-09.32/IMG_2136.JPG,IMG_2136.JPG,HFW12-F7_2016_201603220932_IMG_2136.jpg,0.8171623349189758,661.524169921875,1422.9677734375,507.855712890625,79.7557373046875,2048,1536,507,79
HFW12-F7,2016,201603220932,HC,1,/Volumes/Seagate Portable Drive/KYLE_AI_DATABASE/A_CAMERA/Focal_species/Gulo gulo/HFW12-F7/HC/2016/COLOR/Robust marks/03.22-09.32/IMG_2137.JPG,IMG_2137.JPG,HFW12-F7_2016_201603220932_IMG_2137.jpg,0.8179783225059509,661.0360107421875,1422.639892578125,509.601318359375,80.03369140625,2048,1536,509,80
HFW12-F7,2016,201603220932,HC,1,/Volumes/Seagate Portable Drive/KYLE_AI_DATABASE/A_CAMERA/Focal_species/Gulo gulo/HFW12-F7/HC/2016/COLOR/Robust marks/03.22-09.32/IMG_2138.JPG,IMG_2138.JPG,HFW12-F7_2016_201603220932_IMG_2138.jpg,0.8240039944648743,661.2491455078125,1422.456298828125,509.0013427734375,80.2265625,2048,1536,509,80
HFW12-F7,2016,201603220932,HC,1,/Volumes/Seagate Portable Drive/KYLE_AI_DATABASE/A_CAMERA/Focal_species/Gulo gulo/HFW12-F7/HC/2016/COLOR/Robust marks/03.22-09.32/IMG_2139.JPG,IMG_2139.JPG,HFW12-F7_2016_201603220932_IMG_2139.jpg,0.8487807512283325,661.6004638671875,1422.803955078125,507.7132568359375,79.865966796875,2048,1536,507,79
HFW12-F7,2016,201603220932,HC,1,/Volumes/Seagate Portable Drive/KYLE_AI_DATABASE/A_CAMERA/Focal_species/Gulo gulo/HFW12-F7/HC/2016/COLOR/Robust marks/03.22-09.32/IMG_2140.JPG,IMG_2140.JPG,HFW12-F7_2016_201603220932_IMG_2140.jpg,0.8150696754455566,660.8192749023438,1422.5966796875,508.74078369140625,80.095458984375,2048,1536,508,80
HFW12-F7,2016,201603220932,HC,1,/Volumes/Seagate Portable Drive/KYLE_AI_DATABASE/A_CAMERA/Focal_species/Gulo gulo/HFW12-F7/HC/2016/COLOR/Robust marks/03.22-09.32/IMG_2141.JPG,IMG_2141.JPG,HFW12-F7_2016_201603220932_IMG_2141.jpg,0.8102465271949768,661.6790161132812,1422.8741455078125,507.35540771484375,79.80908203125,2048,1536,507,79
HFW12-F7,2016,201603220932,HC,1,/Volumes/Seagate Portable Drive/KYLE_AI_DATABASE/A_CAMERA/Focal_species/Gulo gulo/HFW12-F7/HC/2016/COLOR/Robust marks/03.22-09.32/IMG_2142.JPG,IMG_2142.JPG,HFW12-F7_2016_201603220932_IMG_2142.jpg,0.80497807264328,660.97607421875,1421.575439453125,510.0733642578125,81.159912109375,2048,1536,510,81
HFW12-F7,2016,201603220932,HC,1,/Volumes/Seagate Portable Drive/KYLE_AI_DATABASE/A_CAMERA/Focal_species/Gulo gulo/HFW12-F7/HC/2016/COLOR/Robust marks/03.22-09.32/IMG_2143.JPG,IMG_2143.JPG,HFW12-F7_2016_201603220932_IMG_2143.jpg,0.8088533878326416,661.752685546875,1422.63916015625,507.119140625,80.1943359375,2048,1536,507,80
HFW12-F7,2016,201603220932,HC,1,/Volumes/Seagate Portable Drive/KYLE_AI_DATABASE/A_CAMERA/Focal_species/Gulo gulo/HFW12-F7/HC/2016/COLOR/Robust marks/03.22-09.32/IMG_2144.JPG,IMG_2144.JPG,HFW12-F7_2016_201603220932_IMG_2144.jpg,0.8382765054702759,661.6318969726562,1422.4627685546875,509.00115966796875,80.1575927734375,2048,1536,509,80
HFW12-F7,2016,201603220932,HC,1,/Volumes/Seagate Portable Drive/KYLE_AI_DATABASE/A_CAMERA/Focal_species/Gulo gulo/HFW12-F7/HC/2016/COLOR/Robust marks/03.22-09.32/IMG_2145.JPG,IMG_2145.JPG,HFW12-F7_2016_201603220932_IMG_2145.jpg,0.8080034852027893,661.1610717773438,1422.7816162109375,508.80511474609375,79.893798828125,2048,1536,508,79
HFW12-F7,2016,201603220932,HC,1,/Volumes/Seagate Portable Drive/KYLE_AI_DATABASE/A_CAMERA/Focal_species/Gulo gulo/HFW12-F7/HC/2016/COLOR/Robust marks/03.22-09.32/IMG_2146.JPG,IMG_2146.JPG,HFW12-F7_2016_201603220932_IMG_2146.jpg,0.8364881277084351,661.8821411132812,1422.9783935546875,507.28631591796875,79.7735595703125,2048,1536,507,79
HFW12-F7,2016,201603220932,HC,1,/Volumes/Seagate Portable Drive/KYLE_AI_DATABASE/A_CAMERA/Focal_species/Gulo gulo/HFW12-F7/HC/2016/COLOR/Robust marks/03.22-09.32/IMG_2147.JPG,IMG_2147.JPG,HFW12-F7_2016_201603220932_IMG_2147.jpg,0.8503332138061523,658.9693603515625,1422.537353515625,511.1572265625,80.1072998046875,2048,1536,511,80
HFW12-F7,2016,201603220932,HC,1,/Volumes/Seagate Portable Drive/KYLE_AI_DATABASE/A_CAMERA/Focal_species/Gulo gulo/HFW12-F7/HC/2016/COLOR/Robust marks/03.22-09.32/IMG_2148.JPG,IMG_2148.JPG,HFW12-F7_2016_201603220932_IMG_2148.jpg,0.82122802734375,662.0752563476562,1422.972900390625,507.81353759765625,79.7735595703125,2048,1536,507,79
HFW12-F7,2016,201603220932,HC,1,/Volumes/Seagate Portable Drive/KYLE_AI_DATABASE/A_CAMERA/Focal_species/Gulo gulo/HFW12-F7/HC/2016/COLOR/Robust marks/03.22-09.32/IMG_2149.JPG,IMG_2149.JPG,HFW12-F7_2016_201603220932_IMG_2149.jpg,0.8296263217926025,661.092041015625,1422.8460693359375,508.0074462890625,79.833984375,2048,1536,508,79
HFW12-F7,2016,201603220932,HC,1,/Volumes/Seagate Portable Drive/KYLE_AI_DATABASE/A_CAMERA/Focal_species/Gulo gulo/HFW12-F7/HC/2016/COLOR/Robust marks/03.22-09.32/IMG_2150.JPG,IMG_2150.JPG,HFW12-F7_2016_201603220932_IMG_2150.jpg,0.8438416719436646,661.7512817382812,1423.146728515625,507.08612060546875,79.541015625,2048,1536,507,79
HFW12-F7,2016,201603220932,HC,1,/Volumes/Seagate Portable Drive/KYLE_AI_DATABASE/A_CAMERA/Focal_species/Gulo gulo/HFW12-F7/HC/2016/COLOR/Robust marks/03.22-09.32/IMG_2151.JPG,IMG_2151.JPG,HFW12-F7_2016_201603220932_IMG_2151.jpg,0.8039950728416443,661.0357055664062,1422.9234619140625,508.99627685546875,79.774169921875,2048,1536,508,79
HFW12-F7,2016,201603220932,HC,1,/Volumes/Seagate Portable Drive/KYLE_AI_DATABASE/A_CAMERA/Focal_species/Gulo gulo/HFW12-F7/HC/2016/COLOR/Robust marks/03.22-09.32/IMG_2152.JPG,IMG_2152.JPG,HFW12-F7_2016_201603220932_IMG_2152.jpg,0.8143436312675476,661.0753173828125,1422.4937744140625,509.09033203125,80.235107421875,2048,1536,509,80
HFW12-F7,2016,201603220932,HC,1,/Volumes/Seagate Portable Drive/KYLE_AI_DATABASE/A_CAMERA/Focal_species/Gulo gulo/HFW12-F7/HC/2016/COLOR/Robust marks/03.22-09.32/IMG_2153.JPG,IMG_2153.JPG,HFW12-F7_2016_201603220932_IMG_2153.jpg,0.8101531267166138,659.6627807617188,1421.64599609375,512.3150024414062,80.9927978515625,2048,1536,512,80
HFW12-F7,2016,201603220932,HC,1,/Volumes/Seagate Portable Drive/KYLE_AI_DATABASE/A_CAMERA/Focal_species/Gulo gulo/HFW12-F7/HC/2016/COLOR/Robust marks/03.22-09.32/IMG_2154.JPG,IMG_2154.JPG,HFW12-F7_2016_201603220932_IMG_2154.jpg,0.8563035130500793,661.508544921875,1423.080078125,506.9696044921875,79.689453125,2048,1536,506,79
HFW12-F7,2016,201603220932,HC,1,/Volumes/Seagate Portable Drive/KYLE_AI_DATABASE/A_CAMERA/Focal_species/Gulo gulo/HFW12-F7/HC/2016/COLOR/Robust marks/03.22-09.32/IMG_2155.JPG,IMG_2155.JPG,HFW12-F7_2016_201603220932_IMG_2155.jpg,0.8571140766143799,661.126708984375,1422.451904296875,508.177978515625,80.280517578125,2048,1536,508,80
HFW12-F7,2016,201603220932,HC,1,/Volumes/Seagate Portable Drive/KYLE_AI_DATABASE/A_CAMERA/Focal_species/Gulo gulo/HFW12-F7/HC/2016/COLOR/Robust marks/03.22-09.32/IMG_2156.JPG,IMG_2156.JPG,HFW12-F7_2016_201603220932_IMG_2156.jpg,0.8431790471076965,661.5746459960938,1422.775146484375,507.75799560546875,79.8834228515625,2048,1536,507,79
HFW12-F7,2016,201603220932,HC,1,/Volumes/Seagate Portable Drive/KYLE_AI_DATABASE/A_CAMERA/Focal_species/Gulo gulo/HFW12-F7/HC/2016/COLOR/Robust marks/03.22-09.32/IMG_2157.JPG,IMG_2157.JPG,HFW12-F7_2016_201603220932_IMG_2157.jpg,0.8124309778213501,660.963623046875,1422.515380859375,508.82763671875,80.232421875,2048,1536,508,80
HFW12-F7,2016,201603220932,HC,1,/Volumes/Seagate Portable Drive/KYLE_AI_DATABASE/A_CAMERA/Focal_species/Gulo gulo/HFW12-F7/HC/2016/COLOR/Robust marks/03.22-09.32/IMG_2158.JPG,IMG_2158.JPG,HFW12-F7_2016_201603220932_IMG_2158.jpg,0.8301838636398315,659.8952026367188,1422.4991455078125,510.41363525390625,80.215576171875,2048,1536,510,80
HFW12-F7,2016,201603220932,HC,1,/Volumes/Seagate Portable Drive/KYLE_AI_DATABASE/A_CAMERA/Focal_species/Gulo gulo/HFW12-F7/HC/2016/COLOR/Robust marks/03.22-09.32/IMG_2159.JPG,IMG_2159.JPG,HFW12-F7_2016_201603220932_IMG_2159.jpg,0.8459238409996033,661.0171508789062,1423.0225830078125,508.47430419921875,79.64990234375,2048,1536,508,79
HFW12-F7,2016,201603220932,HC,1,/Volumes/Seagate Portable Drive/KYLE_AI_DATABASE/A_CAMERA/Focal_species/Gulo gulo/HFW12-F7/HC/2016/COLOR/Robust marks/03.22-09.32/IMG_2160.JPG,IMG_2160.JPG,HFW12-F7_2016_201603220932_IMG_2160.jpg,0.9235345125198364,832.2503662109375,253.24264526367188,529.078369140625,745.8927001953125,2048,1536,529,745
HFW12-F7,2016,201603220932,HC,1,/Volumes/Seagate Portable Drive/KYLE_AI_DATABASE/A_CAMERA/Focal_species/Gulo gulo/HFW12-F7/HC/2016/COLOR/Robust marks/03.22-09.32/IMG_2161.JPG,IMG_2161.JPG,HFW12-F7_2016_201603220932_IMG_2161.jpg,0.8450955152511597,661.3132934570312,1422.634765625,508.28192138671875,80.0809326171875,2048,1536,508,80
HFW12-F7,2016,201603220932,HC,1,/Volumes/Seagate Portable Drive/KYLE_AI_DATABASE/A_CAMERA/Focal_species/Gulo gulo/HFW12-F7/HC/2016/COLOR/Robust marks/03.22-09.32/IMG_2162.JPG,IMG_2162.JPG,HFW12-F7_2016_201603220932_IMG_2162.jpg,0.8617582321166992,661.8740234375,1422.2310791015625,507.9171142578125,80.4417724609375,2048,1536,507,80
HFW12-F7,2016,201603220932,HC,1,/Volumes/Seagate Portable Drive/KYLE_AI_DATABASE/A_CAMERA/Focal_species/Gulo gulo/HFW12-F7/HC/2016/COLOR/Robust marks/03.22-09.32/IMG_2163.JPG,IMG_2163.JPG,HFW12-F7_2016_201603220932_IMG_2163.jpg,0.8747957348823547,660.7398681640625,1422.6348876953125,508.5601806640625,80.0028076171875,2048,1536,508,80
HFW12-F7,2016,201603220932,HC,1,/Volumes/Seagate Portable Drive/KYLE_AI_DATABASE/A_CAMERA/Focal_species/Gulo gulo/HFW12-F7/HC/2016/COLOR/Robust marks/03.22-09.32/IMG_2164.JPG,IMG_2164.JPG,HFW12-F7_2016_201603220932_IMG_2164.jpg,0.8701542615890503,661.2162475585938,1422.26904296875,508.47027587890625,80.4005126953125,2048,1536,508,80
HFW12-F7,2016,201603220932,HC,1,/Volumes/Seagate Portable Drive/KYLE_AI_DATABASE/A_CAMERA/Focal_species/Gulo gulo/HFW12-F7/HC/2016/COLOR/Robust marks/03.22-09.32/IMG_2165.JPG,IMG_2165.JPG,HFW12-F7_2016_201603220932_IMG_2165.jpg,0.860272228717804,661.0972900390625,1422.6302490234375,507.8375244140625,80.0745849609375,2048,1536,507,80
HFW12-F7,2016,201603220932,HC,1,/Volumes/Seagate Portable Drive/KYLE_AI_DATABASE/A_CAMERA/Focal_species/Gulo gulo/HFW12-F7/HC/2016/COLOR/Robust marks/03.22-09.32/IMG_2166.JPG,IMG_2166.JPG,HFW12-F7_2016_201603220932_IMG_2166.jpg,0.8594538569450378,661.1502685546875,1422.6744384765625,508.2127685546875,79.891357421875,2048,1536,508,79
HFW12-F7,2016,201603220932,HC,1,/Volumes/Seagate Portable Drive/KYLE_AI_DATABASE/A_CAMERA/Focal_species/Gulo gulo/HFW12-F7/HC/2016/COLOR/Robust marks/03.22-09.32/IMG_2167.JPG,IMG_2167.JPG,HFW12-F7_2016_201603220932_IMG_2167.jpg,0.8584169745445251,660.87890625,1422.5020751953125,508.415283203125,80.1473388671875,2048,1536,508,80
HFW12-F7,2016,201603220932,HC,1,/Volumes/Seagate Portable Drive/KYLE_AI_DATABASE/A_CAMERA/Focal_species/Gulo gulo/HFW12-F7/HC/2016/COLOR/Robust marks/03.22-09.32/IMG_2168.JPG,IMG_2168.JPG,HFW12-F7_2016_201603220932_IMG_2168.jpg,0.8788657784461975,660.8639526367188,1422.590576171875,508.30755615234375,80.036376953125,2048,1536,508,80
HFW12-F7,2016,201603220932,HC,1,/Volumes/Seagate Portable Drive/KYLE_AI_DATABASE/A_CAMERA/Focal_species/Gulo gulo/HFW12-F7/HC/2016/COLOR/Robust marks/03.22-09.32/IMG_2169.JPG,IMG_2169.JPG,HFW12-F7_2016_201603220932_IMG_2169.jpg,0.8730740547180176,660.7039184570312,1422.647216796875,508.83367919921875,79.9078369140625,2048,1536,508,79
HFW12-F7,2016,201603220932,HC,1,/Volumes/Seagate Portable Drive/KYLE_AI_DATABASE/A_CAMERA/Focal_species/Gulo gulo/HFW12-F7/HC/2016/COLOR/Robust marks/03.22-09.32/IMG_2170.JPG,IMG_2170.JPG,HFW12-F7_2016_201603220932_IMG_2170.jpg,0.8744255900382996,660.8550415039062,1422.5177001953125,509.00408935546875,80.0572509765625,2048,1536,509,80
HFW12-F7,2016,201603220932,HC,1,/Volumes/Seagate Portable Drive/KYLE_AI_DATABASE/A_CAMERA/Focal_species/Gulo gulo/HFW12-F7/HC/2016/COLOR/Robust marks/03.22-09.32/IMG_2171.JPG,IMG_2171.JPG,HFW12-F7_2016_201603220932_IMG_2171.jpg,0.9004117846488953,997.2933349609375,159.925048828125,347.181396484375,815.2820434570312,2048,1536,347,815
HFW12-F7,2016,201603220932,HC,1,/Volumes/Seagate Portable Drive/KYLE_AI_DATABASE/A_CAMERA/Focal_species/Gulo gulo/HFW12-F7/HC/2016/COLOR/Robust marks/03.22-09.32/IMG_2172.JPG,IMG_2172.JPG,HFW12-F7_2016_201603220932_IMG_2172.jpg,0.8774229884147644,660.9431762695312,1422.038330078125,509.29071044921875,80.5792236328125,2048,1536,509,80
HFW12-F7,2016,201603220932,HC,1,/Volumes/Seagate Portable Drive/KYLE_AI_DATABASE/A_CAMERA/Focal_species/Gulo gulo/HFW12-F7/HC/2016/COLOR/Robust marks/03.22-09.32/IMG_2173.JPG,IMG_2173.JPG,HFW12-F7_2016_201603220932_IMG_2173.jpg,0.8551666140556335,660.1566772460938,1421.0828857421875,510.12652587890625,81.5665283203125,2048,1536,510,81
HFW12-F7,2016,201603220932,HC,1,/Volumes/Seagate Portable Drive/KYLE_AI_DATABASE/A_CAMERA/Focal_species/Gulo gulo/HFW12-F7/HC/2016/COLOR/Robust marks/03.22-09.32/IMG_2174.JPG,IMG_2174.JPG,HFW12-F7_2016_201603220932_IMG_2174.jpg,0.8557870984077454,660.7944946289062,1421.8505859375,509.51519775390625,80.7081298828125,2048,1536,509,80
HFW12-F7,2016,201603220932,HC,1,/Volumes/Seagate Portable Drive/KYLE_AI_DATABASE/A_CAMERA/Focal_species/Gulo gulo/HFW12-F7/HC/2016/COLOR/Robust marks/03.22-09.32/IMG_2175.JPG,IMG_2175.JPG,HFW12-F7_2016_201603220932_IMG_2175.jpg,0.8455437421798706,660.2681274414062,1421.314697265625,510.02398681640625,81.29296875,2048,1536,510,81
HFW12-F7,2016,201603220932,HC,1,/Volumes/Seagate Portable Drive/KYLE_AI_DATABASE/A_CAMERA/Focal_species/Gulo gulo/HFW12-F7/HC/2016/COLOR/Robust marks/03.22-09.32/IMG_2176.JPG,IMG_2176.JPG,HFW12-F7_2016_201603220932_IMG_2176.jpg,0.8491868376731873,661.421630859375,1421.5155029296875,508.282470703125,81.1507568359375,2048,1536,508,81
HFW12-F7,2016,201603220932,HC,1,/Volumes/Seagate Portable Drive/KYLE_AI_DATABASE/A_CAMERA/Focal_species/Gulo gulo/HFW12-F7/HC/2016/COLOR/Robust marks/03.22-09.32/IMG_2177.JPG,IMG_2177.JPG,HFW12-F7_2016_201603220932_IMG_2177.jpg,0.8533729910850525,660.67041015625,1421.5556640625,509.605224609375,81.130615234375,2048,1536,509,81
HFW12-F7,2016,201603220932,HC,1,/Volumes/Seagate Portable Drive/KYLE_AI_DATABASE/A_CAMERA/Focal_species/Gulo gulo/HFW12-F7/HC/2016/COLOR/Robust marks/03.22-09.32/IMG_2178.JPG,IMG_2178.JPG,HFW12-F7_2016_201603220932_IMG_2178.jpg,0.8107274174690247,660.9256591796875,1421.932373046875,509.5496826171875,80.8179931640625,2048,1536,509,80
HFW12-F7,2016,201603220932,HC,1,/Volumes/Seagate Portable Drive/KYLE_AI_DATABASE/A_CAMERA/Focal_species/Gulo gulo/HFW12-F7/HC/2016/COLOR/Robust marks/03.22-09.32/IMG_2179.JPG,IMG_2179.JPG,HFW12-F7_2016_201603220932_IMG_2179.jpg,0.8575188517570496,661.368896484375,1422.080322265625,508.5419921875,80.552490234375,2048,1536,508,80
HFW12-F7,2016,201603220932,HC,1,/Volumes/Seagate Portable Drive/KYLE_AI_DATABASE/A_CAMERA/Focal_species/Gulo gulo/HFW12-F7/HC/2016/COLOR/Robust marks/03.22-09.32/IMG_2180.JPG,IMG_2180.JPG,HFW12-F7_2016_201603220932_IMG_2180.jpg,0.863190233707428,660.0413818359375,1421.57568359375,509.551025390625,81.0732421875,2048,1536,509,81
HFW12-F7,2016,201603220932,HC,1,/Volumes/Seagate Portable Drive/KYLE_AI_DATABASE/A_CAMERA/Focal_species/Gulo gulo/HFW12-F7/HC/2016/COLOR/Robust marks/03.22-09.32/IMG_2181.JPG,IMG_2181.JPG,HFW12-F7_2016_201603220932_IMG_2181.jpg,0.852959394454956,660.5048217773438,1421.107666015625,510.27435302734375,81.6019287109375,2048,1536,510,81
HFW12-F7,2016,201603220932,HC,1,/Volumes/Seagate Portable Drive/KYLE_AI_DATABASE/A_CAMERA/Focal_species/Gulo gulo/HFW12-F7/HC/2016/COLOR/Robust marks/03.22-09.32/IMG_2182.JPG,IMG_2182.JPG,HFW12-F7_2016_201603220932_IMG_2182.jpg,0.842470109462738,660.9034423828125,1422.0716552734375,509.4404296875,80.6466064453125,2048,1536,509,80
HFW12-F7,2016,201603220932,HC,1,/Volumes/Seagate Portable Drive/KYLE_AI_DATABASE/A_CAMERA/Focal_species/Gulo gulo/HFW12-F7/HC/2016/COLOR/Robust marks/03.22-09.32/IMG_2184.JPG,IMG_2184.JPG,HFW12-F7_2016_201603220932_IMG_2184.jpg,0.8071839809417725,660.8435668945312,1421.9248046875,509.71453857421875,80.787353515625,2048,1536,509,80
HFW12-F7,2016,201603220932,HC,1,/Volumes/Seagate Portable Drive/KYLE_AI_DATABASE/A_CAMERA/Focal_species/Gulo gulo/HFW12-F7/HC/2016/COLOR/Robust marks/03.22-09.32/IMG_2185.JPG,IMG_2185.JPG,HFW12-F7_2016_201603220932_IMG_2185.jpg,0.8416566848754883,660.8944091796875,1421.2867431640625,509.2432861328125,81.3746337890625,2048,1536,509,81
HFW12-F7,2016,201603220932,HC,1,/Volumes/Seagate Portable Drive/KYLE_AI_DATABASE/A_CAMERA/Focal_species/Gulo gulo/HFW12-F7/HC/2016/COLOR/Robust marks/03.22-09.32/IMG_2186.JPG,IMG_2186.JPG,HFW12-F7_2016_201603220932_IMG_2186.jpg,0.84189373254776,661.1156005859375,1422.1619873046875,508.5279541015625,80.54931640625,2048,1536,508,80
HFW12-F7,2016,201603220932,HC,1,/Volumes/Seagate Portable Drive/KYLE_AI_DATABASE/A_CAMERA/Focal_species/Gulo gulo/HFW12-F7/HC/2016/COLOR/Robust marks/03.22-09.32/IMG_2187.JPG,IMG_2187.JPG,HFW12-F7_2016_201603220932_IMG_2187.jpg,0.8527873158454895,660.989013671875,1421.79931640625,509.203369140625,80.848388671875,2048,1536,509,80
HFW12-F7,2016,201603220932,HC,1,/Volumes/Seagate Portable Drive/KYLE_AI_DATABASE/A_CAMERA/Focal_species/Gulo gulo/HFW12-F7/HC/2016/COLOR/Robust marks/03.22-09.32/IMG_2188.JPG,IMG_2188.JPG,HFW12-F7_2016_201603220932_IMG_2188.jpg,0.8357069492340088,660.595703125,1421.9345703125,509.8880615234375,80.7337646484375,2048,1536,509,80
HFW12-F7,2016,201603220932,HC,1,/Volumes/Seagate Portable Drive/KYLE_AI_DATABASE/A_CAMERA/Focal_species/Gulo gulo/HFW12-F7/HC/2016/COLOR/Robust marks/03.22-09.32/IMG_2189.JPG,IMG_2189.JPG,HFW12-F7_2016_201603220932_IMG_2189.jpg,0.8534955978393555,660.3087768554688,1421.5345458984375,510.10162353515625,81.1307373046875,2048,1536,510,81
HFW12-F7,2016,201603220932,HC,1,/Volumes/Seagate Portable Drive/KYLE_AI_DATABASE/A_CAMERA/Focal_species/Gulo gulo/HFW12-F7/HC/2016/COLOR/Robust marks/03.22-09.32/IMG_2190.JPG,IMG_2190.JPG,HFW12-F7_2016_201603220932_IMG_2190.jpg,0.8438792824745178,660.6820678710938,1421.85302734375,509.50811767578125,80.784912109375,2048,1536,509,80
HFW12-F7,2016,201603220932,HC,1,/Volumes/Seagate Portable Drive/KYLE_AI_DATABASE/A_CAMERA/Focal_species/Gulo gulo/HFW12-F7/HC/2016/COLOR/Robust marks/03.22-09.32/IMG_2191.JPG,IMG_2191.JPG,HFW12-F7_2016_201603220932_IMG_2191.jpg,0.8325974941253662,660.2906494140625,1420.713623046875,511.367431640625,81.9512939453125,2048,1536,511,81
HFW12-F7,2016,201603220932,HC,1,/Volumes/Seagate Portable Drive/KYLE_AI_DATABASE/A_CAMERA/Focal_species/Gulo gulo/HFW12-F7/HC/2016/COLOR/Robust marks/03.22-09.32/IMG_2192.JPG,IMG_2192.JPG,HFW12-F7_2016_201603220932_IMG_2192.jpg,0.8521010279655457,661.3900146484375,1422.315185546875,508.5384521484375,80.26708984375,2048,1536,508,80
HFW12-F7,2016,201603220932,HC,1,/Volumes/Seagate Portable Drive/KYLE_AI_DATABASE/A_CAMERA/Focal_species/Gulo gulo/HFW12-F7/HC/2016/COLOR/Robust marks/03.22-09.32/IMG_2194.JPG,IMG_2194.JPG,HFW12-F7_2016_201603220932_IMG_2194.jpg,0.8339806795120239,660.8109130859375,1421.40185546875,510.534423828125,81.296630859375,2048,1536,510,81
HFW12-F7,2016,201603220932,HC,1,/Volumes/Seagate Portable Drive/KYLE_AI_DATABASE/A_CAMERA/Focal_species/Gulo gulo/HFW12-F7/HC/2016/COLOR/Robust marks/03.22-09.32/IMG_2195.JPG,IMG_2195.JPG,HFW12-F7_2016_201603220932_IMG_2195.jpg,0.8588600158691406,660.0003662109375,1421.3143310546875,511.1435546875,81.3214111328125,2048,1536,511,81
HFW12-F7,2016,201603220932,HC,1,/Volumes/Seagate Portable Drive/KYLE_AI_DATABASE/A_CAMERA/Focal_species/Gulo gulo/HFW12-F7/HC/2016/COLOR/Robust marks/03.22-09.32/IMG_2196.JPG,IMG_2196.JPG,HFW12-F7_2016_201603220932_IMG_2196.jpg,0.8330535888671875,661.2686767578125,1421.861328125,508.8193359375,80.767822265625,2048,1536,508,80
HFW12-F7,2016,201603220932,HC,1,/Volumes/Seagate Portable Drive/KYLE_AI_DATABASE/A_CAMERA/Focal_species/Gulo gulo/HFW12-F7/HC/2016/COLOR/Robust marks/03.22-09.32/IMG_2197.JPG,IMG_2197.JPG,HFW12-F7_2016_201603220932_IMG_2197.jpg,0.855995774269104,661.2933349609375,1421.60009765625,509.0240478515625,81.0362548828125,2048,1536,509,81
HFW12-F7,2016,201603220932,HC,1,/Volumes/Seagate Portable Drive/KYLE_AI_DATABASE/A_CAMERA/Focal_species/Gulo gulo/HFW12-F7/HC/2016/COLOR/Robust marks/03.22-09.32/IMG_2198.JPG,IMG_2198.JPG,HFW12-F7_2016_201603220932_IMG_2198.jpg,0.8586202263832092,660.9827880859375,1422.08837890625,508.56005859375,80.5426025390625,2048,1536,508,80
HFW12-F7,2016,201603220932,HC,1,/Volumes/Seagate Portable Drive/KYLE_AI_DATABASE/A_CAMERA/Focal_species/Gulo gulo/HFW12-F7/HC/2016/COLOR/Robust marks/03.22-09.32/IMG_2199.JPG,IMG_2199.JPG,HFW12-F7_2016_201603220932_IMG_2199.jpg,0.8761911988258362,660.920166015625,1421.6817626953125,508.8236083984375,81.0225830078125,2048,1536,508,81
HFW12-F7,2016,201603220932,HC,1,/Volumes/Seagate Portable Drive/KYLE_AI_DATABASE/A_CAMERA/Focal_species/Gulo gulo/HFW12-F7/HC/2016/COLOR/Robust marks/03.22-09.32/IMG_2200.JPG,IMG_2200.JPG,HFW12-F7_2016_201603220932_IMG_2200.jpg,0.866943359375,661.4259643554688,1422.0252685546875,508.78704833984375,80.581787109375,2048,1536,508,80
HFW12-F7,2016,201603220932,HC,1,/Volumes/Seagate Portable Drive/KYLE_AI_DATABASE/A_CAMERA/Focal_species/Gulo gulo/HFW12-F7/HC/2016/COLOR/Robust marks/03.22-09.32/IMG_2201.JPG,IMG_2201.JPG,HFW12-F7_2016_201603220932_IMG_2201.jpg,0.8569254875183105,661.264404296875,1421.416259765625,508.9415283203125,81.180908203125,2048,1536,508,81
HFW12-F7,2016,201603220932,HC,1,/Volumes/Seagate Portable Drive/KYLE_AI_DATABASE/A_CAMERA/Focal_species/Gulo gulo/HFW12-F7/HC/2016/COLOR/Robust marks/03.22-09.32/IMG_2202.JPG,IMG_2202.JPG,HFW12-F7_2016_201603220932_IMG_2202.jpg,0.8366418480873108,660.1990356445312,1420.8974609375,510.43475341796875,81.68798828125,2048,1536,510,81
HFW12-F7,2016,201603220932,HC,1,/Volumes/Seagate Portable Drive/KYLE_AI_DATABASE/A_CAMERA/Focal_species/Gulo gulo/HFW12-F7/HC/2016/COLOR/Robust marks/03.22-09.32/IMG_2203.JPG,IMG_2203.JPG,HFW12-F7_2016_201603220932_IMG_2203.jpg,0.8614488244056702,661.1756591796875,1421.870849609375,508.4608154296875,80.75537109375,2048,1536,508,80
HFW12-F7,2016,201603220932,HC,1,/Volumes/Seagate Portable Drive/KYLE_AI_DATABASE/A_CAMERA/Focal_species/Gulo gulo/HFW12-F7/HC/2016/COLOR/Robust marks/03.22-09.32/IMG_2204.JPG,IMG_2204.JPG,HFW12-F7_2016_201603220932_IMG_2204.jpg,0.8401439785957336,661.6919555664062,1422.213134765625,507.72247314453125,80.491943359375,2048,1536,507,80
HFW12-F7,2016,201603220932,HC,1,/Volumes/Seagate Portable Drive/KYLE_AI_DATABASE/A_CAMERA/Focal_species/Gulo gulo/HFW12-F7/HC/2016/COLOR/Robust marks/03.22-09.32/IMG_2205.JPG,IMG_2205.JPG,HFW12-F7_2016_201603220932_IMG_2205.jpg,0.8011983633041382,660.8182373046875,1421.533935546875,510.044921875,81.144287109375,2048,1536,510,81
HFW12-F7,2016,201603220932,HC,1,/Volumes/Seagate Portable Drive/KYLE_AI_DATABASE/A_CAMERA/Focal_species/Gulo gulo/HFW12-F7/HC/2016/COLOR/Robust marks/03.22-09.32/IMG_2206.JPG,IMG_2206.JPG,HFW12-F7_2016_201603220932_IMG_2206.jpg,0.8229984045028687,660.9598388671875,1421.6947021484375,509.6181640625,80.9342041015625,2048,1536,509,80
HFW12-F7,2016,201603220932,HC,1,/Volumes/Seagate Portable Drive/KYLE_AI_DATABASE/A_CAMERA/Focal_species/Gulo gulo/HFW12-F7/HC/2016/COLOR/Robust marks/03.22-09.32/IMG_2207.JPG,IMG_2207.JPG,HFW12-F7_2016_201603220932_IMG_2207.jpg,0.8648363351821899,660.8876953125,1421.787353515625,509.0396728515625,80.89990234375,2048,1536,509,80
HFW12-F7,2016,201603220932,HC,1,/Volumes/Seagate Portable Drive/KYLE_AI_DATABASE/A_CAMERA/Focal_species/Gulo gulo/HFW12-F7/HC/2016/COLOR/Robust marks/03.22-09.32/IMG_2208.JPG,IMG_2208.JPG,HFW12-F7_2016_201603220932_IMG_2208.jpg,0.8359761834144592,661.75927734375,1422.0390625,508.9658203125,80.6328125,2048,1536,508,80
HFW12-F7,2016,201603220932,HC,1,/Volumes/Seagate Portable Drive/KYLE_AI_DATABASE/A_CAMERA/Focal_species/Gulo gulo/HFW12-F7/HC/2016/COLOR/Robust marks/03.22-09.32/IMG_2209.JPG,IMG_2209.JPG,HFW12-F7_2016_201603220932_IMG_2209.jpg,0.8434824347496033,660.8917846679688,1422.08984375,508.37213134765625,80.5360107421875,2048,1536,508,80
HFW12-F7,2016,201603220932,HC,1,/Volumes/Seagate Portable Drive/KYLE_AI_DATABASE/A_CAMERA/Focal_species/Gulo gulo/HFW12-F7/HC/2016/COLOR/Robust marks/03.22-09.32/IMG_2210.JPG,IMG_2210.JPG,HFW12-F7_2016_201603220932_IMG_2210.jpg,0.838239312171936,660.842529296875,1422.055908203125,509.4449462890625,80.597412109375,2048,1536,509,80
HFW12-F7,2016,201603220932,HC,1,/Volumes/Seagate Portable Drive/KYLE_AI_DATABASE/A_CAMERA/Focal_species/Gulo gulo/HFW12-F7/HC/2016/COLOR/Robust marks/03.22-09.32/IMG_2211.JPG,IMG_2211.JPG,HFW12-F7_2016_201603220932_IMG_2211.jpg,0.8724184632301331,660.6161499023438,1421.3134765625,509.33514404296875,81.283447265625,2048,1536,509,81
HFW12-F7,2016,201603220932,HC,1,/Volumes/Seagate Portable Drive/KYLE_AI_DATABASE/A_CAMERA/Focal_species/Gulo gulo/HFW12-F7/HC/2016/COLOR/Robust marks/03.22-09.32/IMG_2212.JPG,IMG_2212.JPG,HFW12-F7_2016_201603220932_IMG_2212.jpg,0.8132580518722534,661.1124267578125,1421.52392578125,509.477783203125,81.123291015625,2048,1536,509,81
HFW12-F7,2016,201603220932,HC,1,/Volumes/Seagate Portable Drive/KYLE_AI_DATABASE/A_CAMERA/Focal_species/Gulo gulo/HFW12-F7/HC/2016/COLOR/Robust marks/03.22-09.32/IMG_2213.JPG,IMG_2213.JPG,HFW12-F7_2016_201603220932_IMG_2213.jpg,0.872727632522583,660.887939453125,1421.576171875,508.633056640625,81.083740234375,2048,1536,508,81
HFW12-F7,2016,201603220932,HC,1,/Volumes/Seagate Portable Drive/KYLE_AI_DATABASE/A_CAMERA/Focal_species/Gulo gulo/HFW12-F7/HC/2016/COLOR/Robust marks/03.22-09.32/IMG_2214.JPG,IMG_2214.JPG,HFW12-F7_2016_201603220932_IMG_2214.jpg,0.8273133039474487,661.1930541992188,1421.7762451171875,508.72296142578125,80.9356689453125,2048,1536,508,80
HFW12-F7,2016,201603220932,HC,1,/Volumes/Seagate Portable Drive/KYLE_AI_DATABASE/A_CAMERA/Focal_species/Gulo gulo/HFW12-F7/HC/2016/COLOR/Robust marks/03.22-09.32/IMG_2215.JPG,IMG_2215.JPG,HFW12-F7_2016_201603220932_IMG_2215.jpg,0.8183124661445618,661.339599609375,1421.70166015625,508.5589599609375,81.010009765625,2048,1536,508,81
HFW12-F7,2016,201603220932,HC,1,/Volumes/Seagate Portable Drive/KYLE_AI_DATABASE/A_CAMERA/Focal_species/Gulo gulo/HFW12-F7/HC/2016/COLOR/Robust marks/03.22-09.32/IMG_2216.JPG,IMG_2216.JPG,HFW12-F7_2016_201603220932_IMG_2216.jpg,0.8411030769348145,660.9392700195312,1421.9658203125,508.93560791015625,80.692626953125,2048,1536,508,80
HFW12-F7,2016,201603220932,HC,1,/Volumes/Seagate Portable Drive/KYLE_AI_DATABASE/A_CAMERA/Focal_species/Gulo gulo/HFW12-F7/HC/2016/COLOR/Robust marks/03.22-09.32/IMG_2217.JPG,IMG_2217.JPG,HFW12-F7_2016_201603220932_IMG_2217.jpg,0.8469822406768799,660.3545532226562,1421.2015380859375,510.19586181640625,81.6063232421875,2048,1536,510,81
HFW12-F7,2016,201603220932,HC,1,/Volumes/Seagate Portable Drive/KYLE_AI_DATABASE/A_CAMERA/Focal_species/Gulo gulo/HFW12-F7/HC/2016/COLOR/Robust marks/03.22-09.32/IMG_2218.JPG,IMG_2218.JPG,HFW12-F7_2016_201603220932_IMG_2218.jpg,0.856989324092865,661.035400390625,1422.133544921875,508.259765625,80.610595703125,2048,1536,508,80
HFW12-F7,2016,201603220932,HC,1,/Volumes/Seagate Portable Drive/KYLE_AI_DATABASE/A_CAMERA/Focal_species/Gulo gulo/HFW12-F7/HC/2016/COLOR/Robust marks/03.22-09.32/IMG_2219.JPG,IMG_2219.JPG,HFW12-F7_2016_201603220932_IMG_2219.jpg,0.8388948440551758,660.7913818359375,1421.938720703125,508.82763671875,80.7626953125,2048,1536,508,80
HFW12-F7,2016,201603220932,HC,1,/Volumes/Seagate Portable Drive/KYLE_AI_DATABASE/A_CAMERA/Focal_species/Gulo gulo/HFW12-F7/HC/2016/COLOR/Robust marks/03.22-09.32/IMG_2221.JPG,IMG_2221.JPG,HFW12-F7_2016_201603220932_IMG_2221.jpg,0.8197272419929504,661.8156127929688,1421.89697265625,508.18450927734375,80.8101806640625,2048,1536,508,80
HFW12-F7,2016,201603220932,HC,1,/Volumes/Seagate Portable Drive/KYLE_AI_DATABASE/A_CAMERA/Focal_species/Gulo gulo/HFW12-F7/HC/2016/COLOR/Robust marks/03.22-09.32/IMG_2222.JPG,IMG_2222.JPG,HFW12-F7_2016_201603220932_IMG_2222.jpg,0.8439081907272339,660.845703125,1421.7620849609375,509.082763671875,80.89306640625,2048,1536,509,80
HFW12-F7,2016,201603220932,HC,1,/Volumes/Seagate Portable Drive/KYLE_AI_DATABASE/A_CAMERA/Focal_species/Gulo gulo/HFW12-F7/HC/2016/COLOR/Robust marks/03.22-09.32/IMG_2223.JPG,IMG_2223.JPG,HFW12-F7_2016_201603220932_IMG_2223.jpg,0.8347548246383667,660.9730834960938,1422.1998291015625,508.05169677734375,80.5582275390625,2048,1536,508,80
HFW12-F7,2016,201603220932,HC,1,/Volumes/Seagate Portable Drive/KYLE_AI_DATABASE/A_CAMERA/Focal_species/Gulo gulo/HFW12-F7/HC/2016/COLOR/Robust marks/03.22-09.32/IMG_2224.JPG,IMG_2224.JPG,HFW12-F7_2016_201603220932_IMG_2224.jpg,0.810271680355072,660.9507446289062,1422.0989990234375,509.08941650390625,80.6075439453125,2048,1536,509,80
HFW12-F7,2016,201603220932,HC,1,/Volumes/Seagate Portable Drive/KYLE_AI_DATABASE/A_CAMERA/Focal_species/Gulo gulo/HFW12-F7/HC/2016/COLOR/Robust marks/03.22-09.32/IMG_2226.JPG,IMG_2226.JPG,HFW12-F7_2016_201603220932_IMG_2226.jpg,0.8408915400505066,660.7344970703125,1422.058349609375,509.2406005859375,80.6427001953125,2048,1536,509,80
HFW12-F7,2016,201603220932,HC,1,/Volumes/Seagate Portable Drive/KYLE_AI_DATABASE/A_CAMERA/Focal_species/Gulo gulo/HFW12-F7/HC/2016/COLOR/Robust marks/03.22-09.32/IMG_2227.JPG,IMG_2227.JPG,HFW12-F7_2016_201603220932_IMG_2227.jpg,0.8198697566986084,660.9302978515625,1421.7177734375,509.269287109375,80.9681396484375,2048,1536,509,80
HFW12-F7,2016,201603220932,HC,1,/Volumes/Seagate Portable Drive/KYLE_AI_DATABASE/A_CAMERA/Focal_species/Gulo gulo/HFW12-F7/HC/2016/COLOR/Robust marks/03.22-09.32/IMG_2228.JPG,IMG_2228.JPG,HFW12-F7_2016_201603220932_IMG_2228.jpg,0.8393442034721375,661.5529174804688,1421.904296875,508.20819091796875,80.8319091796875,2048,1536,508,80
HFW12-F7,2016,201603220932,HC,1,/Volumes/Seagate Portable Drive/KYLE_AI_DATABASE/A_CAMERA/Focal_species/Gulo gulo/HFW12-F7/HC/2016/COLOR/Robust marks/03.22-09.32/IMG_2229.JPG,IMG_2229.JPG,HFW12-F7_2016_201603220932_IMG_2229.jpg,0.8172474503517151,660.8903198242188,1422.171875,509.18902587890625,80.532470703125,2048,1536,509,80
HFW12-F7,2016,201603220932,HC,1,/Volumes/Seagate Portable Drive/KYLE_AI_DATABASE/A_CAMERA/Focal_species/Gulo gulo/HFW12-F7/HC/2016/COLOR/Robust marks/03.22-09.32/IMG_2230.JPG,IMG_2230.JPG,HFW12-F7_2016_201603220932_IMG_2230.jpg,0.8148165345191956,661.2079467773438,1422.01708984375,508.64971923828125,80.7210693359375,2048,1536,508,80
HFW12-F7,2016,201603220932,HC,1,/Volumes/Seagate Portable Drive/KYLE_AI_DATABASE/A_CAMERA/Focal_species/Gulo gulo/HFW12-F7/HC/2016/COLOR/Robust marks/03.22-09.32/IMG_2231.JPG,IMG_2231.JPG,HFW12-F7_2016_201603220932_IMG_2231.jpg,0.8344547748565674,660.8960571289062,1421.807861328125,508.65057373046875,80.91259765625,2048,1536,508,80
HFW12-F7,2016,201603220932,HC,1,/Volumes/Seagate Portable Drive/KYLE_AI_DATABASE/A_CAMERA/Focal_species/Gulo gulo/HFW12-F7/HC/2016/COLOR/Robust marks/03.22-09.32/IMG_2234.JPG,IMG_2234.JPG,HFW12-F7_2016_201603220932_IMG_2234.jpg,0.8112620115280151,661.2149658203125,1421.8319091796875,508.81201171875,80.9090576171875,2048,1536,508,80
HFW12-F7,2016,201603220932,HC,1,/Volumes/Seagate Portable Drive/KYLE_AI_DATABASE/A_CAMERA/Focal_species/Gulo gulo/HFW12-F7/HC/2016/COLOR/Robust marks/03.22-09.32/IMG_2236.JPG,IMG_2236.JPG,HFW12-F7_2016_201603220932_IMG_2236.jpg,0.8029972314834595,661.0335693359375,1421.8021240234375,509.119873046875,80.95458984375,2048,1536,509,80
HFW12-F7,2016,201603220932,HC,1,/Volumes/Seagate Portable Drive/KYLE_AI_DATABASE/A_CAMERA/Focal_species/Gulo gulo/HFW12-F7/HC/2016/COLOR/Robust marks/03.22-09.32/IMG_2237.JPG,IMG_2237.JPG,HFW12-F7_2016_201603220932_IMG_2237.jpg,0.8382499814033508,660.671875,1421.7938232421875,509.1048583984375,80.8900146484375,2048,1536,509,80
HFW12-F7,2016,201603220932,HC,1,/Volumes/Seagate Portable Drive/KYLE_AI_DATABASE/A_CAMERA/Focal_species/Gulo gulo/HFW12-F7/HC/2016/COLOR/Robust marks/03.22-09.32/IMG_2239.JPG,IMG_2239.JPG,HFW12-F7_2016_201603220932_IMG_2239.jpg,0.8186188340187073,661.4189453125,1421.2413330078125,508.9014892578125,81.5035400390625,2048,1536,508,81
HFW12-F7,2016,201603220932,HC,1,/Volumes/Seagate Portable Drive/KYLE_AI_DATABASE/A_CAMERA/Focal_species/Gulo gulo/HFW12-F7/HC/2016/COLOR/Robust marks/03.22-09.32/IMG_2242.JPG,IMG_2242.JPG,HFW12-F7_2016_201603220932_IMG_2242.jpg,0.8225594758987427,660.9303588867188,1421.84716796875,510.47955322265625,80.817626953125,2048,1536,510,80
HFW12-F7,2016,201603220932,HC,1,/Volumes/Seagate Portable Drive/KYLE_AI_DATABASE/A_CAMERA/Focal_species/Gulo gulo/HFW12-F7/HC/2016/COLOR/Robust marks/03.22-09.32/IMG_2243.JPG,IMG_2243.JPG,HFW12-F7_2016_201603220932_IMG_2243.jpg,0.8511617183685303,660.212890625,1421.3028564453125,510.9859619140625,81.28857421875,2048,1536,510,81
HFW12-F7,2016,201603220932,HC,1,/Volumes/Seagate Portable Drive/KYLE_AI_DATABASE/A_CAMERA/Focal_species/Gulo gulo/HFW12-F7/HC/2016/COLOR/Robust marks/03.22-09.32/IMG_2244.JPG,IMG_2244.JPG,HFW12-F7_2016_201603220932_IMG_2244.jpg,0.8303222060203552,660.5425415039062,1421.62060546875,510.49578857421875,81.067626953125,2048,1536,510,81
HFW12-F7,2016,201603220932,HC,1,/Volumes/Seagate Portable Drive/KYLE_AI_DATABASE/A_CAMERA/Focal_species/Gulo gulo/HFW12-F7/HC/2016/COLOR/Robust marks/03.22-09.32/IMG_2245.JPG,IMG_2245.JPG,HFW12-F7_2016_201603220932_IMG_2245.jpg,0.8501790761947632,660.3408813476562,1420.201416015625,511.57122802734375,82.431884765625,2048,1536,511,82
HFW12-F7,2016,201603220932,HC,1,/Volumes/Seagate Portable Drive/KYLE_AI_DATABASE/A_CAMERA/Focal_species/Gulo gulo/HFW12-F7/HC/2016/COLOR/Robust marks/03.22-09.32/IMG_2246.JPG,IMG_2246.JPG,HFW12-F7_2016_201603220932_IMG_2246.jpg,0.8303531408309937,659.9500122070312,1420.1243896484375,511.84637451171875,82.5919189453125,2048,1536,511,82
HFW12-F7,2016,201603220932,HC,1,/Volumes/Seagate Portable Drive/KYLE_AI_DATABASE/A_CAMERA/Focal_species/Gulo gulo/HFW12-F7/HC/2016/COLOR/Robust marks/03.22-09.32/IMG_2247.JPG,IMG_2247.JPG,HFW12-F7_2016_201603220932_IMG_2247.jpg,0.8394776582717896,660.5508422851562,1421.7003173828125,509.21844482421875,80.9874267578125,2048,1536,509,80
HFW12-F7,2016,201603220932,HC,1,/Volumes/Seagate Portable Drive/KYLE_AI_DATABASE/A_CAMERA/Focal_species/Gulo gulo/HFW12-F7/HC/2016/COLOR/Robust marks/03.22-09.32/IMG_2248.JPG,IMG_2248.JPG,HFW12-F7_2016_201603220932_IMG_2248.jpg,0.8432153463363647,660.17724609375,1421.4080810546875,510.546630859375,81.2830810546875,2048,1536,510,81
HFW12-F7,2016,201603220932,HC,1,/Volumes/Seagate Portable Drive/KYLE_AI_DATABASE/A_CAMERA/Focal_species/Gulo gulo/HFW12-F7/HC/2016/COLOR/Robust marks/03.22-09.32/IMG_2249.JPG,IMG_2249.JPG,HFW12-F7_2016_201603220932_IMG_2249.jpg,0.8644231557846069,660.4452514648438,1421.362060546875,510.42864990234375,81.263671875,2048,1536,510,81
HFW12-F7,2016,201603220932,HC,1,/Volumes/Seagate Portable Drive/KYLE_AI_DATABASE/A_CAMERA/Focal_species/Gulo gulo/HFW12-F7/HC/2016/COLOR/Robust marks/03.22-09.32/IMG_2251.JPG,IMG_2251.JPG,HFW12-F7_2016_201603220932_IMG_2251.jpg,0.849649965763092,659.9664916992188,1421.107421875,510.49884033203125,81.495849609375,2048,1536,510,81
HFW12-F7,2016,201603220932,HC,1,/Volumes/Seagate Portable Drive/KYLE_AI_DATABASE/A_CAMERA/Focal_species/Gulo gulo/HFW12-F7/HC/2016/COLOR/Robust marks/03.22-09.32/IMG_2252.JPG,IMG_2252.JPG,HFW12-F7_2016_201603220932_IMG_2252.jpg,0.8549282550811768,660.4202880859375,1420.966796875,510.9339599609375,81.5865478515625,2048,1536,510,81
HFW12-F7,2016,201603220932,HC,1,/Volumes/Seagate Portable Drive/KYLE_AI_DATABASE/A_CAMERA/Focal_species/Gulo gulo/HFW12-F7/HC/2016/COLOR/Robust marks/03.22-09.32/IMG_2253.JPG,IMG_2253.JPG,HFW12-F7_2016_201603220932_IMG_2253.jpg,0.8300091028213501,660.45068359375,1421.52294921875,510.4822998046875,81.20361328125,2048,1536,510,81
HFW12-F7,2016,201603220932,HC,1,/Volumes/Seagate Portable Drive/KYLE_AI_DATABASE/A_CAMERA/Focal_species/Gulo gulo/HFW12-F7/HC/2016/COLOR/Robust marks/03.22-09.32/IMG_2254.JPG,IMG_2254.JPG,HFW12-F7_2016_201603220932_IMG_2254.jpg,0.8477475643157959,659.9986572265625,1420.941650390625,511.22900390625,81.753662109375,2048,1536,511,81
HFW12-F7,2016,201603220932,HC,1,/Volumes/Seagate Portable Drive/KYLE_AI_DATABASE/A_CAMERA/Focal_species/Gulo gulo/HFW12-F7/HC/2016/COLOR/Robust marks/03.22-09.32/IMG_2255.JPG,IMG_2255.JPG,HFW12-F7_2016_201603220932_IMG_2255.jpg,0.8288869857788086,660.4364013671875,1420.66015625,512.1295166015625,82.06005859375,2048,1536,512,82
HFW12-F7,2016,201603220932,HC,1,/Volumes/Seagate Portable Drive/KYLE_AI_DATABASE/A_CAMERA/Focal_species/Gulo gulo/HFW12-F7/HC/2016/COLOR/Robust marks/03.22-09.32/IMG_2257.JPG,IMG_2257.JPG,HFW12-F7_2016_201603220932_IMG_2257.jpg,0.8375025987625122,659.7368774414062,1420.739990234375,511.29986572265625,81.927001953125,2048,1536,511,81
HFW12-F7,2016,201603220932,HC,1,/Volumes/Seagate Portable Drive/KYLE_AI_DATABASE/A_CAMERA/Focal_species/Gulo gulo/HFW12-F7/HC/2016/COLOR/Robust marks/03.22-09.32/IMG_2258.JPG,IMG_2258.JPG,HFW12-F7_2016_201603220932_IMG_2258.jpg,0.8214090466499329,660.3641967773438,1421.2548828125,511.22198486328125,81.4019775390625,2048,1536,511,81
HFW12-F7,2016,201603220932,HC,1,/Volumes/Seagate Portable Drive/KYLE_AI_DATABASE/A_CAMERA/Focal_species/Gulo gulo/HFW12-F7/HC/2016/COLOR/Robust marks/03.22-09.32/IMG_2260.JPG,IMG_2260.JPG,HFW12-F7_2016_201603220932_IMG_2260.jpg,0.8534938097000122,660.4830932617188,1421.421630859375,509.92755126953125,81.28369140625,2048,1536,509,81
HFW12-F7,2016,201603220932,HC,1,/Volumes/Seagate Portable Drive/KYLE_AI_DATABASE/A_CAMERA/Focal_species/Gulo gulo/HFW12-F7/HC/2016/COLOR/Robust marks/03.22-09.32/IMG_2261.JPG,IMG_2261.JPG,HFW12-F7_2016_201603220932_IMG_2261.jpg,0.825029730796814,660.8469848632812,1421.5206298828125,509.33941650390625,81.25048828125,2048,1536,509,81
HFW12-F7,2016,201603220932,HC,1,/Volumes/Seagate Portable Drive/KYLE_AI_DATABASE/A_CAMERA/Focal_species/Gulo gulo/HFW12-F7/HC/2016/COLOR/Robust marks/03.22-09.32/IMG_2262.JPG,IMG_2262.JPG,HFW12-F7_2016_201603220932_IMG_2262.jpg,0.8332241773605347,660.9259033203125,1421.591064453125,509.6005859375,81.220458984375,2048,1536,509,81
HFW12-F7,2016,201603220932,HC,1,/Volumes/Seagate Portable Drive/KYLE_AI_DATABASE/A_CAMERA/Focal_species/Gulo gulo/HFW12-F7/HC/2016/COLOR/Robust marks/03.22-09.32/IMG_2264.JPG,IMG_2264.JPG,HFW12-F7_2016_201603220932_IMG_2264.jpg,0.8132655620574951,661.233154296875,1421.806640625,508.8536376953125,80.950927734375,2048,1536,508,80
HFW12-F7,2016,201603220932,HC,1,/Volumes/Seagate Portable Drive/KYLE_AI_DATABASE/A_CAMERA/Focal_species/Gulo gulo/HFW12-F7/HC/2016/COLOR/Robust marks/03.22-09.32/IMG_2265.JPG,IMG_2265.JPG,HFW12-F7_2016_201603220932_IMG_2265.jpg,0.8164073824882507,661.1090087890625,1421.7913818359375,509.2510986328125,80.9854736328125,2048,1536,509,80
HFW12-F7,2016,201603220932,HC,1,/Volumes/Seagate Portable Drive/KYLE_AI_DATABASE/A_CAMERA/Focal_species/Gulo gulo/HFW12-F7/HC/2016/COLOR/Robust marks/03.22-09.32/IMG_2266.JPG,IMG_2266.JPG,HFW12-F7_2016_201603220932_IMG_2266.jpg,0.837455153465271,659.9899291992188,1421.025390625,511.78179931640625,81.6917724609375,2048,1536,511,81
HFW12-F7,2016,201603220932,HC,1,/Volumes/Seagate Portable Drive/KYLE_AI_DATABASE/A_CAMERA/Focal_species/Gulo gulo/HFW12-F7/HC/2016/COLOR/Robust marks/03.22-09.32/IMG_2267.JPG,IMG_2267.JPG,HFW12-F7_2016_201603220932_IMG_2267.jpg,0.8506985902786255,660.6113891601562,1421.874267578125,509.85076904296875,80.865478515625,2048,1536,509,80
HFW12-F7,2016,201603220932,HC,1,/Volumes/Seagate Portable Drive/KYLE_AI_DATABASE/A_CAMERA/Focal_species/Gulo gulo/HFW12-F7/HC/2016/COLOR/Robust marks/03.22-09.32/IMG_2268.JPG,IMG_2268.JPG,HFW12-F7_2016_201603220932_IMG_2268.jpg,0.8160656094551086,661.3316650390625,1421.060546875,509.2296142578125,81.7247314453125,2048,1536,509,81
HFW12-F7,2016,201603220932,HC,1,/Volumes/Seagate Portable Drive/KYLE_AI_DATABASE/A_CAMERA/Focal_species/Gulo gulo/HFW12-F7/HC/2016/COLOR/Robust marks/03.22-09.32/IMG_2269.JPG,IMG_2269.JPG,HFW12-F7_2016_201603220932_IMG_2269.jpg,0.844550371170044,660.3533935546875,1421.780517578125,510.0125732421875,80.9378662109375,2048,1536,510,80
HFW12-F7,2016,201603220932,HC,1,/Volumes/Seagate Portable Drive/KYLE_AI_DATABASE/A_CAMERA/Focal_species/Gulo gulo/HFW12-F7/HC/2016/COLOR/Robust marks/03.22-09.32/IMG_2270.JPG,IMG_2270.JPG,HFW12-F7_2016_201603220932_IMG_2270.jpg,0.831451952457428,660.8200073242188,1421.2015380859375,509.97113037109375,81.561767578125,2048,1536,509,81
HFW12-F7,2016,201603220932,HC,1,/Volumes/Seagate Portable Drive/KYLE_AI_DATABASE/A_CAMERA/Focal_species/Gulo gulo/HFW12-F7/HC/2016/COLOR/Robust marks/03.22-09.32/IMG_2271.JPG,IMG_2271.JPG,HFW12-F7_2016_201603220932_IMG_2271.jpg,0.8295785784721375,660.3372802734375,1421.0072021484375,510.8641357421875,81.7330322265625,2048,1536,510,81
HFW12-F7,2016,201603220932,HC,1,/Volumes/Seagate Portable Drive/KYLE_AI_DATABASE/A_CAMERA/Focal_species/Gulo gulo/HFW12-F7/HC/2016/COLOR/Robust marks/03.22-09.32/IMG_2272.JPG,IMG_2272.JPG,HFW12-F7_2016_201603220932_IMG_2272.jpg,0.859839677810669,661.2435913085938,1421.985107421875,508.62969970703125,80.744384765625,2048,1536,508,80
HFW12-F7,2016,201603220932,HC,1,/Volumes/Seagate Portable Drive/KYLE_AI_DATABASE/A_CAMERA/Focal_species/Gulo gulo/HFW12-F7/HC/2016/COLOR/Robust marks/03.22-09.32/IMG_2273.JPG,IMG_2273.JPG,HFW12-F7_2016_201603220932_IMG_2273.jpg,0.8203971982002258,659.8387451171875,1421.069091796875,511.0040283203125,81.6771240234375,2048,1536,511,81
HFW12-F7,2016,201603220932,HC,1,/Volumes/Seagate Portable Drive/KYLE_AI_DATABASE/A_CAMERA/Focal_species/Gulo gulo/HFW12-F7/HC/2016/COLOR/Robust marks/03.22-09.32/IMG_2276.JPG,IMG_2276.JPG,HFW12-F7_2016_201603220932_IMG_2276.jpg,0.8360855579376221,660.78369140625,1420.8489990234375,510.087646484375,81.8524169921875,2048,1536,510,81
HFW12-F7,2016,201603220932,HC,1,/Volumes/Seagate Portable Drive/KYLE_AI_DATABASE/A_CAMERA/Focal_species/Gulo gulo/HFW12-F7/HC/2016/COLOR/Robust marks/03.22-09.32/IMG_2278.JPG,IMG_2278.JPG,HFW12-F7_2016_201603220932_IMG_2278.jpg,0.8000957369804382,660.9249267578125,1421.1351318359375,510.2969970703125,81.6566162109375,2048,1536,510,81
HFW12-F7,2016,201603220932,HC,1,/Volumes/Seagate Portable Drive/KYLE_AI_DATABASE/A_CAMERA/Focal_species/Gulo gulo/HFW12-F7/HC/2016/COLOR/Robust marks/03.22-09.32/IMG_2279.JPG,IMG_2279.JPG,HFW12-F7_2016_201603220932_IMG_2279.jpg,0.8740306496620178,1106.860595703125,563.8992919921875,338.752197265625,462.866455078125,2048,1536,338,462
HFW12-F7,2016,201603220932,HC,1,/Volumes/Seagate Portable Drive/KYLE_AI_DATABASE/A_CAMERA/Focal_species/Gulo gulo/HFW12-F7/HC/2016/COLOR/Robust marks/03.22-09.32/IMG_2280.JPG,IMG_2280.JPG,HFW12-F7_2016_201603220932_IMG_2280.jpg,0.8246544003486633,660.6812744140625,1421.056884765625,509.9935302734375,81.6690673828125,2048,1536,509,81
HFW12-F7,2016,201603220932,HC,1,/Volumes/Seagate Portable Drive/KYLE_AI_DATABASE/A_CAMERA/Focal_species/Gulo gulo/HFW12-F7/HC/2016/COLOR/Robust marks/03.22-09.32/IMG_2281.JPG,IMG_2281.JPG,HFW12-F7_2016_201603220932_IMG_2281.jpg,0.8304970860481262,660.6499633789062,1421.9697265625,509.66278076171875,80.810302734375,2048,1536,509,80
HFW12-F7,2016,201603220932,HC,1,/Volumes/Seagate Portable Drive/KYLE_AI_DATABASE/A_CAMERA/Focal_species/Gulo gulo/HFW12-F7/HC/2016/COLOR/Robust marks/03.22-09.32/IMG_2282.JPG,IMG_2282.JPG,HFW12-F7_2016_201603220932_IMG_2282.jpg,0.859409511089325,659.8703002929688,1420.7200927734375,510.83551025390625,81.922119140625,2048,1536,510,81
HFW12-F7,2016,201603220932,HC,1,/Volumes/Seagate Portable Drive/KYLE_AI_DATABASE/A_CAMERA/Focal_species/Gulo gulo/HFW12-F7/HC/2016/COLOR/Robust marks/03.22-09.32/IMG_2283.JPG,IMG_2283.JPG,HFW12-F7_2016_201603220932_IMG_2283.jpg,0.8493812084197998,661.2299194335938,1422.3101806640625,509.26080322265625,80.3280029296875,2048,1536,509,80
HFW12-F7,2016,201603220932,HC,1,/Volumes/Seagate Portable Drive/KYLE_AI_DATABASE/A_CAMERA/Focal_species/Gulo gulo/HFW12-F7/HC/2016/COLOR/Robust marks/03.22-09.32/IMG_2284.JPG,IMG_2284.JPG,HFW12-F7_2016_201603220932_IMG_2284.jpg,0.8569285273551941,660.053955078125,1421.33154296875,509.775634765625,81.4403076171875,2048,1536,509,81
HFW12-F7,2016,201603220932,HC,1,/Volumes/Seagate Portable Drive/KYLE_AI_DATABASE/A_CAMERA/Focal_species/Gulo gulo/HFW12-F7/HC/2016/COLOR/Robust marks/03.22-09.32/IMG_2285.JPG,IMG_2285.JPG,HFW12-F7_2016_201603220932_IMG_2285.jpg,0.8438501358032227,660.56103515625,1421.32470703125,509.2208251953125,81.401611328125,2048,1536,509,81
HFW12-F7,2016,201603220932,HC,1,/Volumes/Seagate Portable Drive/KYLE_AI_DATABASE/A_CAMERA/Focal_species/Gulo gulo/HFW12-F7/HC/2016/COLOR/Robust marks/03.22-09.32/IMG_2286.JPG,IMG_2286.JPG,HFW12-F7_2016_201603220932_IMG_2286.jpg,0.8382656574249268,659.7552490234375,1420.749755859375,511.040283203125,81.9794921875,2048,1536,511,81
HFW12-F7,2016,201603220932,HC,1,/Volumes/Seagate Portable Drive/KYLE_AI_DATABASE/A_CAMERA/Focal_species/Gulo gulo/HFW12-F7/HC/2016/COLOR/Robust marks/03.22-09.32/IMG_2287.JPG,IMG_2287.JPG,HFW12-F7_2016_201603220932_IMG_2287.jpg,0.8283653855323792,660.9820556640625,1421.8927001953125,509.0467529296875,80.8302001953125,2048,1536,509,80
HFW12-F7,2016,201603220932,HC,1,/Volumes/Seagate Portable Drive/KYLE_AI_DATABASE/A_CAMERA/Focal_species/Gulo gulo/HFW12-F7/HC/2016/COLOR/Robust marks/03.22-09.32/IMG_2288.JPG,IMG_2288.JPG,HFW12-F7_2016_201603220932_IMG_2288.jpg,0.8292891383171082,660.3661499023438,1421.124755859375,509.79901123046875,81.633544921875,2048,1536,509,81
HFW12-F7,2016,201603220932,HC,1,/Volumes/Seagate Portable Drive/KYLE_AI_DATABASE/A_CAMERA/Focal_species/Gulo gulo/HFW12-F7/HC/2016/COLOR/Robust marks/03.22-09.32/IMG_2289.JPG,IMG_2289.JPG,HFW12-F7_2016_201603220932_IMG_2289.jpg,0.8313801288604736,660.4029541015625,1421.29541015625,509.94970703125,81.452880859375,2048,1536,509,81
HFW12-F7,2016,201603220932,HC,1,/Volumes/Seagate Portable Drive/KYLE_AI_DATABASE/A_CAMERA/Focal_species/Gulo gulo/HFW12-F7/HC/2016/COLOR/Robust marks/03.22-09.32/IMG_2291.JPG,IMG_2291.JPG,HFW12-F7_2016_201603220932_IMG_2291.jpg,0.880355179309845,660.7280883789062,1420.690185546875,510.44232177734375,81.862548828125,2048,1536,510,81
HFW12-F7,2016,201603220932,HC,1,/Volumes/Seagate Portable Drive/KYLE_AI_DATABASE/A_CAMERA/Focal_species/Gulo gulo/HFW12-F7/HC/2016/COLOR/Robust marks/03.22-09.32/IMG_2292.JPG,IMG_2292.JPG,HFW12-F7_2016_201603220932_IMG_2292.jpg,0.8712306022644043,659.8847045898438,1420.052001953125,511.33404541015625,82.4736328125,2048,1536,511,82
HFW12-F7,2016,201603220932,HC,1,/Volumes/Seagate Portable Drive/KYLE_AI_DATABASE/A_CAMERA/Focal_species/Gulo gulo/HFW12-F7/HC/2016/COLOR/Robust marks/03.22-09.32/IMG_2293.JPG,IMG_2293.JPG,HFW12-F7_2016_201603220932_IMG_2293.jpg,0.8761754631996155,661.1621704101562,1420.849609375,509.52203369140625,81.796142578125,2048,1536,509,81
HFW12-F7,2016,201603220932,HC,1,/Volumes/Seagate Portable Drive/KYLE_AI_DATABASE/A_CAMERA/Focal_species/Gulo gulo/HFW12-F7/HC/2016/COLOR/Robust marks/03.22-09.32/IMG_2294.JPG,IMG_2294.JPG,HFW12-F7_2016_201603220932_IMG_2294.jpg,0.8668496608734131,659.61181640625,1420.108154296875,512.2994384765625,82.353515625,2048,1536,512,82
HFW12-F7,2016,201603220932,HC,1,/Volumes/Seagate Portable Drive/KYLE_AI_DATABASE/A_CAMERA/Focal_species/Gulo gulo/HFW12-F7/HC/2016/COLOR/Robust marks/03.22-09.32/IMG_2295.JPG,IMG_2295.JPG,HFW12-F7_2016_201603220932_IMG_2295.jpg,0.8899176716804504,660.5235595703125,1421.2244873046875,510.104248046875,81.388916015625,2048,1536,510,81
HFW12-F7,2016,201603220932,HC,1,/Volumes/Seagate Portable Drive/KYLE_AI_DATABASE/A_CAMERA/Focal_species/Gulo gulo/HFW12-F7/HC/2016/COLOR/Robust marks/03.22-09.32/IMG_2296.JPG,IMG_2296.JPG,HFW12-F7_2016_201603220932_IMG_2296.jpg,0.8427551984786987,659.4429931640625,1419.4886474609375,512.8026123046875,83.0450439453125,2048,1536,512,83
HFW12-F7,2016,201603220932,HC,1,/Volumes/Seagate Portable Drive/KYLE_AI_DATABASE/A_CAMERA/Focal_species/Gulo gulo/HFW12-F7/HC/2016/COLOR/Robust marks/03.22-09.32/IMG_2297.JPG,IMG_2297.JPG,HFW12-F7_2016_201603220932_IMG_2297.jpg,0.8624814748764038,658.693603515625,1419.6683349609375,513.34326171875,82.9229736328125,2048,1536,513,82
HFW12-F7,2016,201603220932,HC,1,/Volumes/Seagate Portable Drive/KYLE_AI_DATABASE/A_CAMERA/Focal_species/Gulo gulo/HFW12-F7/HC/2016/COLOR/Robust marks/03.22-09.32/IMG_2298.JPG,IMG_2298.JPG,HFW12-F7_2016_201603220932_IMG_2298.jpg,0.849969208240509,660.78271484375,1420.7535400390625,510.7733154296875,81.897705078125,2048,1536,510,81
HFW12-F7,2016,201603220932,HC,1,/Volumes/Seagate Portable Drive/KYLE_AI_DATABASE/A_CAMERA/Focal_species/Gulo gulo/HFW12-F7/HC/2016/COLOR/Robust marks/03.22-09.32/IMG_2299.JPG,IMG_2299.JPG,HFW12-F7_2016_201603220932_IMG_2299.jpg,0.8735951781272888,659.8268432617188,1421.47216796875,512.3032836914062,81.0439453125,2048,1536,512,81
HFW12-F7,2016,201603220932,HC,1,/Volumes/Seagate Portable Drive/KYLE_AI_DATABASE/A_CAMERA/Focal_species/Gulo gulo/HFW12-F7/HC/2016/COLOR/Robust marks/03.22-09.32/IMG_2300.JPG,IMG_2300.JPG,HFW12-F7_2016_201603220932_IMG_2300.jpg,0.8555828332901001,661.1597290039062,1422.02783203125,509.46331787109375,80.628662109375,2048,1536,509,80
HFW12-F7,2016,201603220932,HC,1,/Volumes/Seagate Portable Drive/KYLE_AI_DATABASE/A_CAMERA/Focal_species/Gulo gulo/HFW12-F7/HC/2016/COLOR/Robust marks/03.22-09.32/IMG_2302.JPG,IMG_2302.JPG,HFW12-F7_2016_201603220932_IMG_2302.jpg,0.9060457944869995,861.0653076171875,273.9688720703125,466.70166015625,657.4752807617188,2048,1536,466,657
HFW12-F7,2016,201603220932,HC,1,/Volumes/Seagate Portable Drive/KYLE_AI_DATABASE/A_CAMERA/Focal_species/Gulo gulo/HFW12-F7/HC/2016/COLOR/Robust marks/03.22-09.32/IMG_2311.JPG,IMG_2311.JPG,HFW12-F7_2016_201603220932_IMG_2311.jpg,0.8496569395065308,660.630859375,1420.974365234375,510.1923828125,81.6436767578125,2048,1536,510,81
HFW12-F7,2016,201603220932,HC,1,/Volumes/Seagate Portable Drive/KYLE_AI_DATABASE/A_CAMERA/Focal_species/Gulo gulo/HFW12-F7/HC/2016/COLOR/Robust marks/03.22-09.32/IMG_2312.JPG,IMG_2312.JPG,HFW12-F7_2016_201603220932_IMG_2312.jpg,0.8553060293197632,660.92578125,1421.00927734375,510.192138671875,81.5711669921875,2048,1536,510,81
HFW12-F7,2016,201603220932,HC,1,/Volumes/Seagate Portable Drive/KYLE_AI_DATABASE/A_CAMERA/Focal_species/Gulo gulo/HFW12-F7/HC/2016/COLOR/Robust marks/03.22-09.32/IMG_2313.JPG,IMG_2313.JPG,HFW12-F7_2016_201603220932_IMG_2313.jpg,0.9172585010528564,810.0458984375,562.95654296875,583.263671875,533.109375,2048,1536,583,533
HFW12-F7,2016,201603220932,HC,1,/Volumes/Seagate Portable Drive/KYLE_AI_DATABASE/A_CAMERA/Focal_species/Gulo gulo/HFW12-F7/HC/2016/COLOR/Robust marks/03.22-09.32/IMG_2314.JPG,IMG_2314.JPG,HFW12-F7_2016_201603220932_IMG_2314.jpg,0.8658058643341064,660.9514770507812,1423.4134521484375,509.28045654296875,79.1292724609375,2048,1536,509,79
HFW12-F7,2016,201603220932,HC,1,/Volumes/Seagate Portable Drive/KYLE_AI_DATABASE/A_CAMERA/Focal_species/Gulo gulo/HFW12-F7/HC/2016/COLOR/Robust marks/03.22-09.32/IMG_2315.JPG,IMG_2315.JPG,HFW12-F7_2016_201603220932_IMG_2315.jpg,0.8071688413619995,661.2675170898438,1422.65966796875,508.45904541015625,79.855224609375,2048,1536,508,79
HFW12-F7,2016,201603220932,HC,1,/Volumes/Seagate Portable Drive/KYLE_AI_DATABASE/A_CAMERA/Focal_species/Gulo gulo/HFW12-F7/HC/2016/COLOR/Robust marks/03.22-09.32/IMG_2316.JPG,IMG_2316.JPG,HFW12-F7_2016_201603220932_IMG_2316.jpg,0.9157184958457947,1416.9134521484375,883.327392578125,230.600341796875,288.70458984375,2048,1536,230,288
HFW12-F7,2016,201603220932,HC,1,/Volumes/Seagate Portable Drive/KYLE_AI_DATABASE/A_CAMERA/Focal_species/Gulo gulo/HFW12-F7/HC/2016/COLOR/Robust marks/03.22-09.32/IMG_2317.JPG,IMG_2317.JPG,HFW12-F7_2016_201603220932_IMG_2317.jpg,0.8541950583457947,661.0882568359375,1422.7479248046875,508.2283935546875,79.918701171875,2048,1536,508,79
HFW12-F7,2016,201603220932,HC,1,/Volumes/Seagate Portable Drive/KYLE_AI_DATABASE/A_CAMERA/Focal_species/Gulo gulo/HFW12-F7/HC/2016/COLOR/Robust marks/03.22-09.32/IMG_2318.JPG,IMG_2318.JPG,HFW12-F7_2016_201603220932_IMG_2318.jpg,0.8834130764007568,661.2886962890625,1423.1046142578125,508.5196533203125,79.4407958984375,2048,1536,508,79
HFW12-F7,2016,201603220932,HC,1,/Volumes/Seagate Portable Drive/KYLE_AI_DATABASE/A_CAMERA/Focal_species/Gulo gulo/HFW12-F7/HC/2016/COLOR/Robust marks/03.22-09.32/IMG_2319.JPG,IMG_2319.JPG,HFW12-F7_2016_201603220932_IMG_2319.jpg,0.8650371432304382,660.8709106445312,1422.889404296875,508.70159912109375,79.781494140625,2048,1536,508,79
HFW12-F7,2016,201603220932,HC,1,/Volumes/Seagate Portable Drive/KYLE_AI_DATABASE/A_CAMERA/Focal_species/Gulo gulo/HFW12-F7/HC/2016/COLOR/Robust marks/03.22-09.32/IMG_2320.JPG,IMG_2320.JPG,HFW12-F7_2016_201603220932_IMG_2320.jpg,0.865698516368866,661.6055908203125,1423.5555419921875,507.5906982421875,79.06884765625,2048,1536,507,79
HFW12-F7,2016,201603220932,HC,1,/Volumes/Seagate Portable Drive/KYLE_AI_DATABASE/A_CAMERA/Focal_species/Gulo gulo/HFW12-F7/HC/2016/COLOR/Robust marks/03.22-09.32/IMG_2321.JPG,IMG_2321.JPG,HFW12-F7_2016_201603220932_IMG_2321.jpg,0.9045717716217041,1205.960205078125,1073.55419921875,207.677001953125,256.5777587890625,2048,1536,207,256
HFW12-F7,2016,201603220932,HC,1,/Volumes/Seagate Portable Drive/KYLE_AI_DATABASE/A_CAMERA/Focal_species/Gulo gulo/HFW12-F7/HC/2016/COLOR/Robust marks/03.22-09.32/IMG_2323.JPG,IMG_2323.JPG,HFW12-F7_2016_201603220932_IMG_2323.jpg,0.888407289981842,805.4674682617188,884.1871948242188,349.06903076171875,320.57598876953125,2048,1536,349,320
HFW12-F7,2016,201603220932,HC,1,/Volumes/Seagate Portable Drive/KYLE_AI_DATABASE/A_CAMERA/Focal_species/Gulo gulo/HFW12-F7/HC/2016/COLOR/Robust marks/03.22-09.32/IMG_2325.JPG,IMG_2325.JPG,HFW12-F7_2016_201603220932_IMG_2325.jpg,0.907214343547821,814.9173583984375,751.6800537109375,451.08837890625,424.2659912109375,2048,1536,451,424
HFW12-F7,2016,201603220932,HC,1,/Volumes/Seagate Portable Drive/KYLE_AI_DATABASE/A_CAMERA/Focal_species/Gulo gulo/HFW12-F7/HC/2016/COLOR/Robust marks/03.22-09.32/IMG_2326.JPG,IMG_2326.JPG,HFW12-F7_2016_201603220932_IMG_2326.jpg,0.8064354658126831,660.5012817382812,1422.7286376953125,508.69476318359375,80.1397705078125,2048,1536,508,80
HFW12-F7,2016,201603220932,HC,1,/Volumes/Seagate Portable Drive/KYLE_AI_DATABASE/A_CAMERA/Focal_species/Gulo gulo/HFW12-F7/HC/2016/COLOR/Robust marks/03.22-09.32/IMG_2328.JPG,IMG_2328.JPG,HFW12-F7_2016_201603220932_IMG_2328.jpg,0.9456703662872314,653.298828125,423.8097839355469,426.3111572265625,669.140380859375,2048,1536,426,669
HFW12-F7,2016,201603220932,HC,1,/Volumes/Seagate Portable Drive/KYLE_AI_DATABASE/A_CAMERA/Focal_species/Gulo gulo/HFW12-F7/HC/2016/COLOR/Robust marks/03.22-09.32/IMG_2329.JPG,IMG_2329.JPG,HFW12-F7_2016_201603220932_IMG_2329.jpg,0.8049694895744324,660.6814575195312,1422.7314453125,508.20001220703125,80.0977783203125,2048,1536,508,80
HFW12-F7,2016,201603220932,HC,1,/Volumes/Seagate Portable Drive/KYLE_AI_DATABASE/A_CAMERA/Focal_species/Gulo gulo/HFW12-F7/HC/2016/COLOR/Robust marks/03.22-09.32/IMG_2331.JPG,IMG_2331.JPG,HFW12-F7_2016_201603220932_IMG_2331.jpg,0.8364402055740356,659.3831176757812,1420.940673828125,512.2870483398438,81.77197265625,2048,1536,512,81
HFW12-F7,2016,201603220932,HC,1,/Volumes/Seagate Portable Drive/KYLE_AI_DATABASE/A_CAMERA/Focal_species/Gulo gulo/HFW12-F7/HC/2016/COLOR/Robust marks/03.22-09.32/IMG_2332.JPG,IMG_2332.JPG,HFW12-F7_2016_201603220932_IMG_2332.jpg,0.8147059679031372,659.311279296875,1420.602294921875,512.2362060546875,82.19091796875,2048,1536,512,82
HFW12-F7,2016,201603220932,HC,1,/Volumes/Seagate Portable Drive/KYLE_AI_DATABASE/A_CAMERA/Focal_species/Gulo gulo/HFW12-F7/HC/2016/COLOR/Robust marks/03.22-09.32/IMG_2333.JPG,IMG_2333.JPG,HFW12-F7_2016_201603220932_IMG_2333.jpg,0.8212159872055054,659.6109619140625,1422.60546875,509.3485107421875,80.1470947265625,2048,1536,509,80
HFW12-F7,2016,201603220932,HC,1,/Volumes/Seagate Portable Drive/KYLE_AI_DATABASE/A_CAMERA/Focal_species/Gulo gulo/HFW12-F7/HC/2016/COLOR/Robust marks/03.22-09.32/IMG_2334.JPG,IMG_2334.JPG,HFW12-F7_2016_201603220932_IMG_2334.jpg,0.9251793026924133,1342.04296875,874.84912109375,703.14892578125,364.775390625,2048,1536,703,364
HFW12-F7,2016,201603220932,HC,1,/Volumes/Seagate Portable Drive/KYLE_AI_DATABASE/A_CAMERA/Focal_species/Gulo gulo/HFW12-F7/HC/2016/COLOR/Robust marks/03.22-09.32/IMG_2335.JPG,IMG_2335.JPG,HFW12-F7_2016_201603220932_IMG_2335.jpg,0.8421717286109924,660.9137573242188,1422.80078125,508.00885009765625,79.954345703125,2048,1536,508,79
HFW12-F7,2016,201603220932,HC,1,/Volumes/Seagate Portable Drive/KYLE_AI_DATABASE/A_CAMERA/Focal_species/Gulo gulo/HFW12-F7/HC/2016/COLOR/Robust marks/03.22-09.32/IMG_2336.JPG,IMG_2336.JPG,HFW12-F7_2016_201603220932_IMG_2336.jpg,0.8498721122741699,660.4458618164062,1422.5623779296875,508.32781982421875,80.24365234375,2048,1536,508,80
HFW12-F7,2016,201603220932,HC,1,/Volumes/Seagate Portable Drive/KYLE_AI_DATABASE/A_CAMERA/Focal_species/Gulo gulo/HFW12-F7/HC/2016/COLOR/Robust marks/03.22-09.32/IMG_2337.JPG,IMG_2337.JPG,HFW12-F7_2016_201603220932_IMG_2337.jpg,0.8319377303123474,660.7697143554688,1422.5244140625,508.30523681640625,80.3111572265625,2048,1536,508,80
HFW12-F7,2016,201603220932,HC,1,/Volumes/Seagate Portable Drive/KYLE_AI_DATABASE/A_CAMERA/Focal_species/Gulo gulo/HFW12-F7/HC/2016/COLOR/Robust marks/03.22-09.32/IMG_2338.JPG,IMG_2338.JPG,HFW12-F7_2016_201603220932_IMG_2338.jpg,0.8511353731155396,660.7952880859375,1422.689697265625,508.0057373046875,80.0711669921875,2048,1536,508,80
HFW12-F7,2016,201603220932,HC,1,/Volumes/Seagate Portable Drive/KYLE_AI_DATABASE/A_CAMERA/Focal_species/Gulo gulo/HFW12-F7/HC/2016/COLOR/Robust marks/03.22-09.32/IMG_2339.JPG,IMG_2339.JPG,HFW12-F7_2016_201603220932_IMG_2339.jpg,0.8539254069328308,660.7730102539062,1422.9775390625,507.43157958984375,79.8692626953125,2048,1536,507,79
HFW12-F7,2016,201603220932,HC,1,/Volumes/Seagate Portable Drive/KYLE_AI_DATABASE/A_CAMERA/Focal_species/Gulo gulo/HFW12-F7/HC/2016/COLOR/Robust marks/03.22-09.32/IMG_2340.JPG,IMG_2340.JPG,HFW12-F7_2016_201603220932_IMG_2340.jpg,0.8474457859992981,660.17822265625,1422.755615234375,508.548828125,80.096923828125,2048,1536,508,80
HFW12-F7,2016,201603220932,HC,1,/Volumes/Seagate Portable Drive/KYLE_AI_DATABASE/A_CAMERA/Focal_species/Gulo gulo/HFW12-F7/HC/2016/COLOR/Robust marks/03.22-09.32/IMG_2341.JPG,IMG_2341.JPG,HFW12-F7_2016_201603220932_IMG_2341.jpg,0.9439736008644104,1533.0751953125,857.5223388671875,513.62841796875,318.060791015625,2048,1536,513,318
HFW12-F7,2016,201603220932,HC,1,/Volumes/Seagate Portable Drive/KYLE_AI_DATABASE/A_CAMERA/Focal_species/Gulo gulo/HFW12-F7/HC/2016/COLOR/Robust marks/03.22-09.32/IMG_2342.JPG,IMG_2342.JPG,HFW12-F7_2016_201603220932_IMG_2342.jpg,0.9394832253456116,891.393798828125,977.1451416015625,500.386962890625,337.637939453125,2048,1536,500,337
HFW12-F7,2016,201603220932,HC,1,/Volumes/Seagate Portable Drive/KYLE_AI_DATABASE/A_CAMERA/Focal_species/Gulo gulo/HFW12-F7/HC/2016/COLOR/Robust marks/03.22-09.32/IMG_2343.JPG,IMG_2343.JPG,HFW12-F7_2016_201603220932_IMG_2343.jpg,0.8224372863769531,660.34423828125,1422.468505859375,509.67041015625,80.175048828125,2048,1536,509,80
HFW12-F7,2016,201603220932,HC,1,/Volumes/Seagate Portable Drive/KYLE_AI_DATABASE/A_CAMERA/Focal_species/Gulo gulo/HFW12-F7/HC/2016/COLOR/Robust marks/03.22-09.32/IMG_2344.JPG,IMG_2344.JPG,HFW12-F7_2016_201603220932_IMG_2344.jpg,0.8759949207305908,721.8043212890625,705.0709838867188,391.0179443359375,513.4728393554688,2048,1536,391,513
HFW12-F7,2016,201603220932,HC,1,/Volumes/Seagate Portable Drive/KYLE_AI_DATABASE/A_CAMERA/Focal_species/Gulo gulo/HFW12-F7/HC/2016/COLOR/Robust marks/03.22-09.32/IMG_2345.JPG,IMG_2345.JPG,HFW12-F7_2016_201603220932_IMG_2345.jpg,0.8836569786071777,719.9619140625,574.9239501953125,416.4779052734375,645.3951416015625,2048,1536,416,645
HFW12-F7,2016,201603220932,HC,1,/Volumes/Seagate Portable Drive/KYLE_AI_DATABASE/A_CAMERA/Focal_species/Gulo gulo/HFW12-F7/HC/2016/COLOR/Robust marks/03.22-09.32/IMG_2346.JPG,IMG_2346.JPG,HFW12-F7_2016_201603220932_IMG_2346.jpg,0.8256126046180725,659.591064453125,1422.07080078125,510.3709716796875,80.6104736328125,2048,1536,510,80
HFW12-F7,2016,201603220932,HC,1,/Volumes/Seagate Portable Drive/KYLE_AI_DATABASE/A_CAMERA/Focal_species/Gulo gulo/HFW12-F7/HC/2016/COLOR/Robust marks/03.22-09.32/IMG_2347.JPG,IMG_2347.JPG,HFW12-F7_2016_201603220932_IMG_2347.jpg,0.8574729561805725,660.1525268554688,1422.0849609375,508.73175048828125,80.67919921875,2048,1536,508,80
HFW12-F7,2016,201603220932,HC,1,/Volumes/Seagate Portable Drive/KYLE_AI_DATABASE/A_CAMERA/Focal_species/Gulo gulo/HFW12-F7/HC/2016/COLOR/Robust marks/03.22-09.32/IMG_2348.JPG,IMG_2348.JPG,HFW12-F7_2016_201603220932_IMG_2348.jpg,0.8334797024726868,632.0380859375,261.57244873046875,513.442138671875,750.5391845703125,2048,1536,513,750
HFW12-F7,2016,201603220932,HC,1,/Volumes/Seagate Portable Drive/KYLE_AI_DATABASE/A_CAMERA/Focal_species/Gulo gulo/HFW12-F7/HC/2016/COLOR/Robust marks/03.22-09.32/IMG_2349.JPG,IMG_2349.JPG,HFW12-F7_2016_201603220932_IMG_2349.jpg,0.8036360144615173,659.8291015625,1419.959716796875,511.7708740234375,82.777099609375,2048,1536,511,82
HFW12-F7,2016,201603220932,HC,1,/Volumes/Seagate Portable Drive/KYLE_AI_DATABASE/A_CAMERA/Focal_species/Gulo gulo/HFW12-F7/HC/2016/COLOR/Robust marks/03.22-09.32/IMG_2350.JPG,IMG_2350.JPG,HFW12-F7_2016_201603220932_IMG_2350.jpg,0.8440930843353271,660.0581665039062,1422.1865234375,508.58697509765625,80.5313720703125,2048,1536,508,80
HFW12-F7,2016,201603220932,HC,1,/Volumes/Seagate Portable Drive/KYLE_AI_DATABASE/A_CAMERA/Focal_species/Gulo gulo/HFW12-F7/HC/2016/COLOR/Robust marks/03.22-09.32/IMG_2352.JPG,IMG_2352.JPG,HFW12-F7_2016_201603220932_IMG_2352.jpg,0.830339252948761,659.5021362304688,1420.33251953125,510.55621337890625,82.394287109375,2048,1536,510,82
HFW12-F7,2016,201603220932,HC,1,/Volumes/Seagate Portable Drive/KYLE_AI_DATABASE/A_CAMERA/Focal_species/Gulo gulo/HFW12-F7/HC/2016/COLOR/Robust marks/03.22-09.32/IMG_2353.JPG,IMG_2353.JPG,HFW12-F7_2016_201603220932_IMG_2353.jpg,0.8488059043884277,662.4547119140625,1423.076171875,505.177978515625,79.6328125,2048,1536,505,79
HFW12-F7,2016,201603220932,HC,1,/Volumes/Seagate Portable Drive/KYLE_AI_DATABASE/A_CAMERA/Focal_species/Gulo gulo/HFW12-F7/HC/2016/COLOR/Robust marks/03.22-09.32/IMG_2354.JPG,IMG_2354.JPG,HFW12-F7_2016_201603220932_IMG_2354.jpg,0.8151211142539978,659.5905151367188,1420.9813232421875,509.61029052734375,81.8345947265625,2048,1536,509,81
HFW12-F7,2016,201603220932,HC,1,/Volumes/Seagate Portable Drive/KYLE_AI_DATABASE/A_CAMERA/Focal_species/Gulo gulo/HFW12-F7/HC/2016/COLOR/Robust marks/03.22-09.32/IMG_2355.JPG,IMG_2355.JPG,HFW12-F7_2016_201603220932_IMG_2355.jpg,0.8618651032447815,661.6687622070312,1422.9925537109375,506.08221435546875,79.689453125,2048,1536,506,79
HFW12-F7,2016,201603220932,HC,1,/Volumes/Seagate Portable Drive/KYLE_AI_DATABASE/A_CAMERA/Focal_species/Gulo gulo/HFW12-F7/HC/2016/COLOR/Robust marks/03.22-09.32/IMG_2356.JPG,IMG_2356.JPG,HFW12-F7_2016_201603220932_IMG_2356.jpg,0.847805380821228,659.899169921875,1421.324462890625,509.1907958984375,81.4610595703125,2048,1536,509,81
HFW12-F7,2016,201603220932,HC,1,/Volumes/Seagate Portable Drive/KYLE_AI_DATABASE/A_CAMERA/Focal_species/Gulo gulo/HFW12-F7/HC/2016/COLOR/Robust marks/03.22-09.32/IMG_2358.JPG,IMG_2358.JPG,HFW12-F7_2016_201603220932_IMG_2358.jpg,0.8169071674346924,659.2611694335938,1419.25146484375,511.89935302734375,83.569580078125,2048,1536,511,83
HFW12-F7,2016,201603220932,HC,1,/Volumes/Seagate Portable Drive/KYLE_AI_DATABASE/A_CAMERA/Focal_species/Gulo gulo/HFW12-F7/HC/2016/COLOR/Robust marks/03.22-09.32/IMG_2359.JPG,IMG_2359.JPG,HFW12-F7_2016_201603220932_IMG_2359.jpg,0.8167001605033875,661.4766235351562,1421.08935546875,508.97332763671875,81.675048828125,2048,1536,508,81
HFW12-F7,2016,201603220932,HC,1,/Volumes/Seagate Portable Drive/KYLE_AI_DATABASE/A_CAMERA/Focal_species/Gulo gulo/HFW12-F7/HC/2016/COLOR/Robust marks/03.22-09.32/IMG_2360.JPG,IMG_2360.JPG,HFW12-F7_2016_201603220932_IMG_2360.jpg,0.8148689270019531,659.466064453125,1419.5853271484375,511.9014892578125,83.1798095703125,2048,1536,511,83
HFW12-F7,2016,201603220932,HC,1,/Volumes/Seagate Portable Drive/KYLE_AI_DATABASE/A_CAMERA/Focal_species/Gulo gulo/HFW12-F7/HC/2016/COLOR/Robust marks/03.22-09.32/IMG_2363.JPG,IMG_2363.JPG,HFW12-F7_2016_201603220932_IMG_2363.jpg,0.8101522326469421,660.8018188476562,1421.6055908203125,508.49176025390625,81.283447265625,2048,1536,508,81
HFW12-F7,2016,201603220932,HC,1,/Volumes/Seagate Portable Drive/KYLE_AI_DATABASE/A_CAMERA/Focal_species/Gulo gulo/HFW12-F7/HC/2016/COLOR/Robust marks/03.22-09.32/IMG_2364.JPG,IMG_2364.JPG,HFW12-F7_2016_201603220932_IMG_2364.jpg,0.8376739025115967,660.1245727539062,1421.6866455078125,509.35028076171875,81.114013671875,2048,1536,509,81
HFW12-F7,2016,201603220932,HC,1,/Volumes/Seagate Portable Drive/KYLE_AI_DATABASE/A_CAMERA/Focal_species/Gulo gulo/HFW12-F7/HC/2016/COLOR/Robust marks/03.22-09.32/IMG_2366.JPG,IMG_2366.JPG,HFW12-F7_2016_201603220932_IMG_2366.jpg,0.8151041269302368,661.2122192382812,1421.9678955078125,507.80487060546875,80.9571533203125,2048,1536,507,80
HFW12-F7,2016,201603220932,HC,1,/Volumes/Seagate Portable Drive/KYLE_AI_DATABASE/A_CAMERA/Focal_species/Gulo gulo/HFW12-F7/HC/2016/COLOR/Robust marks/03.22-09.32/IMG_2367.JPG,IMG_2367.JPG,HFW12-F7_2016_201603220932_IMG_2367.jpg,0.806736409664154,660.2515258789062,1421.5155029296875,509.41058349609375,81.3690185546875,2048,1536,509,81
HFW12-F7,2016,201603220932,HC,1,/Volumes/Seagate Portable Drive/KYLE_AI_DATABASE/A_CAMERA/Focal_species/Gulo gulo/HFW12-F7/HC/2016/COLOR/Robust marks/03.22-09.32/IMG_2368.JPG,IMG_2368.JPG,HFW12-F7_2016_201603220932_IMG_2368.jpg,0.8460607528686523,660.5443115234375,1422.095458984375,508.1951904296875,80.721923828125,2048,1536,508,80
HFW12-F7,2016,201603220932,HC,1,/Volumes/Seagate Portable Drive/KYLE_AI_DATABASE/A_CAMERA/Focal_species/Gulo gulo/HFW12-F7/HC/2016/COLOR/Robust marks/03.22-09.32/IMG_2370.JPG,IMG_2370.JPG,HFW12-F7_2016_201603220932_IMG_2370.jpg,0.8074248433113098,660.3551025390625,1422.2037353515625,508.568603515625,80.6693115234375,2048,1536,508,80
HFW12-F7,2016,201603220932,HC,1,/Volumes/Seagate Portable Drive/KYLE_AI_DATABASE/A_CAMERA/Focal_species/Gulo gulo/HFW12-F7/HC/2016/COLOR/Robust marks/03.22-09.32/IMG_2371.JPG,IMG_2371.JPG,HFW12-F7_2016_201603220932_IMG_2371.jpg,0.850615382194519,660.5816040039062,1421.607666015625,509.20904541015625,81.16552734375,2048,1536,509,81
HFW12-F7,2016,201603220932,HC,1,/Volumes/Seagate Portable Drive/KYLE_AI_DATABASE/A_CAMERA/Focal_species/Gulo gulo/HFW12-F7/HC/2016/COLOR/Robust marks/03.22-09.32/IMG_2374.JPG,IMG_2374.JPG,HFW12-F7_2016_201603220932_IMG_2374.jpg,0.8353392481803894,660.16796875,1419.512451171875,511.1488037109375,83.3126220703125,2048,1536,511,83
HFW12-F7,2016,201603220932,HC,1,/Volumes/Seagate Portable Drive/KYLE_AI_DATABASE/A_CAMERA/Focal_species/Gulo gulo/HFW12-F7/HC/2016/COLOR/Robust marks/03.22-09.32/IMG_2375.JPG,IMG_2375.JPG,HFW12-F7_2016_201603220932_IMG_2375.jpg,0.8395616412162781,660.0709228515625,1420.392333984375,510.60986328125,82.3099365234375,2048,1536,510,82
HFW12-F7,2016,201603220932,HC,1,/Volumes/Seagate Portable Drive/KYLE_AI_DATABASE/A_CAMERA/Focal_species/Gulo gulo/HFW12-F7/HC/2016/COLOR/Robust marks/03.22-09.32/IMG_2376.JPG,IMG_2376.JPG,HFW12-F7_2016_201603220932_IMG_2376.jpg,0.8236058354377747,660.4164428710938,1420.04833984375,510.40570068359375,82.76513671875,2048,1536,510,82
HFW12-F7,2016,201603220932,HC,1,/Volumes/Seagate Portable Drive/KYLE_AI_DATABASE/A_CAMERA/Focal_species/Gulo gulo/HFW12-F7/HC/2016/COLOR/Robust marks/03.22-09.32/IMG_2378.JPG,IMG_2378.JPG,HFW12-F7_2016_201603220932_IMG_2378.jpg,0.8222522735595703,660.3613891601562,1420.944091796875,510.13812255859375,81.8800048828125,2048,1536,510,81
HFW12-F7,2016,201603220932,HC,1,/Volumes/Seagate Portable Drive/KYLE_AI_DATABASE/A_CAMERA/Focal_species/Gulo gulo/HFW12-F7/HC/2016/COLOR/Robust marks/03.22-09.32/IMG_2379.JPG,IMG_2379.JPG,HFW12-F7_2016_201603220932_IMG_2379.jpg,0.8206576108932495,658.6070556640625,1417.68408203125,515.03125,85.1087646484375,2048,1536,515,85
HFW12-F7,2016,201603220932,HC,1,/Volumes/Seagate Portable Drive/KYLE_AI_DATABASE/A_CAMERA/Focal_species/Gulo gulo/HFW12-F7/HC/2016/COLOR/Robust marks/03.22-09.32/IMG_2380.JPG,IMG_2380.JPG,HFW12-F7_2016_201603220932_IMG_2380.jpg,0.8256587386131287,660.563720703125,1421.05419921875,509.974365234375,81.791015625,2048,1536,509,81
HFW12-F7,2016,201603220932,HC,1,/Volumes/Seagate Portable Drive/KYLE_AI_DATABASE/A_CAMERA/Focal_species/Gulo gulo/HFW12-F7/HC/2016/COLOR/Robust marks/03.22-09.32/IMG_2381.JPG,IMG_2381.JPG,HFW12-F7_2016_201603220932_IMG_2381.jpg,0.8281008005142212,660.423095703125,1419.9613037109375,510.7198486328125,82.85009765625,2048,1536,510,82
HFW12-F7,2016,201603220932,HC,1,/Volumes/Seagate Portable Drive/KYLE_AI_DATABASE/A_CAMERA/Focal_species/Gulo gulo/HFW12-F7/HC/2016/COLOR/Robust marks/03.22-09.32/IMG_2382.JPG,IMG_2382.JPG,HFW12-F7_2016_201603220932_IMG_2382.jpg,0.8244228363037109,659.9204711914062,1420.616943359375,510.84197998046875,82.18701171875,2048,1536,510,82
HFW12-F7,2016,201603220932,HC,1,/Volumes/Seagate Portable Drive/KYLE_AI_DATABASE/A_CAMERA/Focal_species/Gulo gulo/HFW12-F7/HC/2016/COLOR/Robust marks/03.22-09.32/IMG_2383.JPG,IMG_2383.JPG,HFW12-F7_2016_201603220932_IMG_2383.jpg,0.8007113933563232,660.0782470703125,1420.0396728515625,511.96044921875,82.73583984375,2048,1536,511,82
HFW12-F7,2016,201603220932,HC,1,/Volumes/Seagate Portable Drive/KYLE_AI_DATABASE/A_CAMERA/Focal_species/Gulo gulo/HFW12-F7/HC/2016/COLOR/Robust marks/03.22-09.32/IMG_2384.JPG,IMG_2384.JPG,HFW12-F7_2016_201603220932_IMG_2384.jpg,0.8030570149421692,660.0003662109375,1420.34228515625,511.1109619140625,82.4803466796875,2048,1536,511,82
HFW12-F7,2016,201603220932,HC,1,/Volumes/Seagate Portable Drive/KYLE_AI_DATABASE/A_CAMERA/Focal_species/Gulo gulo/HFW12-F7/HC/2016/COLOR/Robust marks/03.22-09.32/IMG_2385.JPG,IMG_2385.JPG,HFW12-F7_2016_201603220932_IMG_2385.jpg,0.8446221947669983,660.0321044921875,1420.22607421875,510.8248291015625,82.52294921875,2048,1536,510,82
HFW12-F7,2016,201603220932,HC,1,/Volumes/Seagate Portable Drive/KYLE_AI_DATABASE/A_CAMERA/Focal_species/Gulo gulo/HFW12-F7/HC/2016/COLOR/Robust marks/03.22-09.32/IMG_2386.JPG,IMG_2386.JPG,HFW12-F7_2016_201603220932_IMG_2386.jpg,0.827614426612854,660.305908203125,1420.568115234375,509.615478515625,82.270263671875,2048,1536,509,82
HFW12-F7,2016,201603220932,HC,1,/Volumes/Seagate Portable Drive/KYLE_AI_DATABASE/A_CAMERA/Focal_species/Gulo gulo/HFW12-F7/HC/2016/COLOR/Robust marks/03.22-09.32/IMG_2387.JPG,IMG_2387.JPG,HFW12-F7_2016_201603220932_IMG_2387.jpg,0.8265080451965332,659.8259887695312,1420.484130859375,511.17083740234375,82.2281494140625,2048,1536,511,82
HFW12-F7,2016,201603220932,HC,1,/Volumes/Seagate Portable Drive/KYLE_AI_DATABASE/A_CAMERA/Focal_species/Gulo gulo/HFW12-F7/HC/2016/COLOR/Robust marks/03.22-09.32/IMG_2388.JPG,IMG_2388.JPG,HFW12-F7_2016_201603220932_IMG_2388.jpg,0.8137393593788147,660.39990234375,1420.0150146484375,510.51708984375,82.798095703125,2048,1536,510,82
HFW12-F7,2016,201603220932,HC,1,/Volumes/Seagate Portable Drive/KYLE_AI_DATABASE/A_CAMERA/Focal_species/Gulo gulo/HFW12-F7/HC/2016/COLOR/Robust marks/03.22-09.32/IMG_2389.JPG,IMG_2389.JPG,HFW12-F7_2016_201603220932_IMG_2389.jpg,0.8305540680885315,659.85546875,1420.68505859375,510.732177734375,82.147216796875,2048,1536,510,82
HFW12-F7,2016,201603220932,HC,1,/Volumes/Seagate Portable Drive/KYLE_AI_DATABASE/A_CAMERA/Focal_species/Gulo gulo/HFW12-F7/HC/2016/COLOR/Robust marks/03.22-09.32/IMG_2393.JPG,IMG_2393.JPG,HFW12-F7_2016_201603220932_IMG_2393.jpg,0.8322001099586487,660.3739624023438,1420.526611328125,510.40118408203125,82.3043212890625,2048,1536,510,82
HFW12-F7,2016,201603220932,HC,1,/Volumes/Seagate Portable Drive/KYLE_AI_DATABASE/A_CAMERA/Focal_species/Gulo gulo/HFW12-F7/HC/2016/COLOR/Robust marks/03.22-09.32/IMG_2394.JPG,IMG_2394.JPG,HFW12-F7_2016_201603220932_IMG_2394.jpg,0.8299800157546997,660.2146606445312,1420.4482421875,510.30206298828125,82.3931884765625,2048,1536,510,82
HFW12-F7,2016,201603220932,HC,1,/Volumes/Seagate Portable Drive/KYLE_AI_DATABASE/A_CAMERA/Focal_species/Gulo gulo/HFW12-F7/HC/2016/COLOR/Robust marks/03.22-09.32/IMG_2395.JPG,IMG_2395.JPG,HFW12-F7_2016_201603220932_IMG_2395.jpg,0.835614800453186,660.0274658203125,1420.2117919921875,510.87255859375,82.6309814453125,2048,1536,510,82
HFW12-F7,2016,201603220932,HC,1,/Volumes/Seagate Portable Drive/KYLE_AI_DATABASE/A_CAMERA/Focal_species/Gulo gulo/HFW12-F7/HC/2016/COLOR/Robust marks/03.22-09.32/IMG_2396.JPG,IMG_2396.JPG,HFW12-F7_2016_201603220932_IMG_2396.jpg,0.8005860447883606,660.050537109375,1419.62060546875,511.41943359375,83.2532958984375,2048,1536,511,83
HFW12-F7,2016,201603220932,HC,1,/Volumes/Seagate Portable Drive/KYLE_AI_DATABASE/A_CAMERA/Focal_species/Gulo gulo/HFW12-F7/HC/2016/COLOR/Robust marks/03.22-09.32/IMG_2397.JPG,IMG_2397.JPG,HFW12-F7_2016_201603220932_IMG_2397.jpg,0.8282095193862915,660.280517578125,1420.369140625,510.910888671875,82.453125,2048,1536,510,82
HFW12-F7,2016,201603220932,HC,1,/Volumes/Seagate Portable Drive/KYLE_AI_DATABASE/A_CAMERA/Focal_species/Gulo gulo/HFW12-F7/HC/2016/COLOR/Robust marks/03.22-09.32/IMG_2399.JPG,IMG_2399.JPG,HFW12-F7_2016_201603220932_IMG_2399.jpg,0.8599848747253418,835.8726806640625,307.96832275390625,507.46923828125,710.1559448242188,2048,1536,507,710
HFW12-F7,2016,201603220932,HC,1,/Volumes/Seagate Portable Drive/KYLE_AI_DATABASE/A_CAMERA/Focal_species/Gulo gulo/HFW12-F7/HC/2016/COLOR/Robust marks/03.22-09.32/IMG_2400.JPG,IMG_2400.JPG,HFW12-F7_2016_201603220932_IMG_2400.jpg,0.8070994019508362,660.8216552734375,1421.2679443359375,509.45947265625,81.6656494140625,2048,1536,509,81
HFW12-F7,2016,201603220932,HC,1,/Volumes/Seagate Portable Drive/KYLE_AI_DATABASE/A_CAMERA/Focal_species/Gulo gulo/HFW12-F7/HC/2016/COLOR/Robust marks/03.22-09.32/IMG_2401.JPG,IMG_2401.JPG,HFW12-F7_2016_201603220932_IMG_2401.jpg,0.8644049763679504,841.1369018554688,299.5652160644531,508.97344970703125,720.46923828125,2048,1536,508,720
HFW12-F7,2016,201603220932,HC,1,/Volumes/Seagate Portable Drive/KYLE_AI_DATABASE/A_CAMERA/Focal_species/Gulo gulo/HFW12-F7/HC/2016/COLOR/Robust marks/03.22-09.32/IMG_2402.JPG,IMG_2402.JPG,HFW12-F7_2016_201603220932_IMG_2402.jpg,0.8574618101119995,659.9656372070312,1421.273193359375,509.42852783203125,81.44140625,2048,1536,509,81
HFW12-F7,2016,201603220932,HC,1,/Volumes/Seagate Portable Drive/KYLE_AI_DATABASE/A_CAMERA/Focal_species/Gulo gulo/HFW12-F7/HC/2016/COLOR/Robust marks/03.22-09.32/IMG_2403.JPG,IMG_2403.JPG,HFW12-F7_2016_201603220932_IMG_2403.jpg,0.832054615020752,659.9321899414062,1421.053466796875,509.82440185546875,81.676025390625,2048,1536,509,81
HFW12-F7,2016,201603220932,HC,1,/Volumes/Seagate Portable Drive/KYLE_AI_DATABASE/A_CAMERA/Focal_species/Gulo gulo/HFW12-F7/HC/2016/COLOR/Robust marks/03.22-09.32/IMG_2404.JPG,IMG_2404.JPG,HFW12-F7_2016_201603220932_IMG_2404.jpg,0.832660973072052,660.0179443359375,1420.8890380859375,510.376220703125,81.8782958984375,2048,1536,510,81
HFW12-F7,2016,201603220932,HC,1,/Volumes/Seagate Portable Drive/KYLE_AI_DATABASE/A_CAMERA/Focal_species/Gulo gulo/HFW12-F7/HC/2016/COLOR/Robust marks/03.22-09.32/IMG_2405.JPG,IMG_2405.JPG,HFW12-F7_2016_201603220932_IMG_2405.jpg,0.8387487530708313,660.6838989257812,1420.8701171875,509.30010986328125,81.910888671875,2048,1536,509,81
HFW12-F7,2016,201603220932,HC,1,/Volumes/Seagate Portable Drive/KYLE_AI_DATABASE/A_CAMERA/Focal_species/Gulo gulo/HFW12-F7/HC/2016/COLOR/Robust marks/03.22-09.32/IMG_2406.JPG,IMG_2406.JPG,HFW12-F7_2016_201603220932_IMG_2406.jpg,0.824216365814209,660.386962890625,1421.051025390625,509.934814453125,81.7586669921875,2048,1536,509,81
HFW12-F7,2016,201603220932,HC,1,/Volumes/Seagate Portable Drive/KYLE_AI_DATABASE/A_CAMERA/Focal_species/Gulo gulo/HFW12-F7/HC/2016/COLOR/Robust marks/03.22-09.32/IMG_2407.JPG,IMG_2407.JPG,HFW12-F7_2016_201603220932_IMG_2407.jpg,0.8589550256729126,660.337646484375,1421.07080078125,509.4522705078125,81.700927734375,2048,1536,509,81
HFW12-F7,2016,201603220932,HC,1,/Volumes/Seagate Portable Drive/KYLE_AI_DATABASE/A_CAMERA/Focal_species/Gulo gulo/HFW12-F7/HC/2016/COLOR/Robust marks/03.22-09.32/IMG_2408.JPG,IMG_2408.JPG,HFW12-F7_2016_201603220932_IMG_2408.jpg,0.8441410660743713,660.26806640625,1421.921142578125,509.538818359375,80.7691650390625,2048,1536,509,80
HFW12-F7,2016,201603220932,HC,1,/Volumes/Seagate Portable Drive/KYLE_AI_DATABASE/A_CAMERA/Focal_species/Gulo gulo/HFW12-F7/HC/2016/COLOR/Robust marks/03.22-09.32/IMG_2409.JPG,IMG_2409.JPG,HFW12-F7_2016_201603220932_IMG_2409.jpg,0.832226037979126,660.4569091796875,1421.4599609375,509.598876953125,81.273193359375,2048,1536,509,81
HFW12-F7,2016,201603220932,HC,1,/Volumes/Seagate Portable Drive/KYLE_AI_DATABASE/A_CAMERA/Focal_species/Gulo gulo/HFW12-F7/HC/2016/COLOR/Robust marks/03.22-09.32/IMG_2410.JPG,IMG_2410.JPG,HFW12-F7_2016_201603220932_IMG_2410.jpg,0.8360222578048706,660.2964477539062,1420.9901123046875,509.54010009765625,81.7640380859375,2048,1536,509,81
HFW12-F7,2016,201603220932,HC,1,/Volumes/Seagate Portable Drive/KYLE_AI_DATABASE/A_CAMERA/Focal_species/Gulo gulo/HFW12-F7/HC/2016/COLOR/Robust marks/03.22-09.32/IMG_2411.JPG,IMG_2411.JPG,HFW12-F7_2016_201603220932_IMG_2411.jpg,0.8277425765991211,844.282470703125,279.697509765625,522.845947265625,744.39697265625,2048,1536,522,744
HFW12-F7,2016,201603220932,HC,1,/Volumes/Seagate Portable Drive/KYLE_AI_DATABASE/A_CAMERA/Focal_species/Gulo gulo/HFW12-F7/HC/2016/COLOR/Robust marks/03.22-09.32/IMG_2412.JPG,IMG_2412.JPG,HFW12-F7_2016_201603220932_IMG_2412.jpg,0.8076372742652893,659.977294921875,1420.973388671875,510.1326904296875,81.8953857421875,2048,1536,510,81
HFW12-F7,2016,201603220932,HC,1,/Volumes/Seagate Portable Drive/KYLE_AI_DATABASE/A_CAMERA/Focal_species/Gulo gulo/HFW12-F7/HC/2016/COLOR/Robust marks/03.22-09.32/IMG_2413.JPG,IMG_2413.JPG,HFW12-F7_2016_201603220932_IMG_2413.jpg,0.836044192314148,660.2794799804688,1421.3570556640625,510.36993408203125,81.4447021484375,2048,1536,510,81
HFW12-F7,2016,201603220932,HC,1,/Volumes/Seagate Portable Drive/KYLE_AI_DATABASE/A_CAMERA/Focal_species/Gulo gulo/HFW12-F7/HC/2016/COLOR/Robust marks/03.22-09.32/IMG_2416.JPG,IMG_2416.JPG,HFW12-F7_2016_201603220932_IMG_2416.jpg,0.9025322794914246,844.73193359375,304.74481201171875,522.88134765625,716.6546020507812,2048,1536,522,716
HFW12-F7,2016,201603220932,HC,1,/Volumes/Seagate Portable Drive/KYLE_AI_DATABASE/A_CAMERA/Focal_species/Gulo gulo/HFW12-F7/HC/2016/COLOR/Robust marks/03.22-09.32/IMG_2417.JPG,IMG_2417.JPG,HFW12-F7_2016_201603220932_IMG_2417.jpg,0.8034815192222595,659.7781982421875,1420.5592041015625,510.7574462890625,82.314697265625,2048,1536,510,82
HFW12-F7,2016,201603220932,HC,1,/Volumes/Seagate Portable Drive/KYLE_AI_DATABASE/A_CAMERA/Focal_species/Gulo gulo/HFW12-F7/HC/2016/COLOR/Robust marks/03.22-09.32/IMG_2418.JPG,IMG_2418.JPG,HFW12-F7_2016_201603220932_IMG_2418.jpg,0.9118376970291138,837.7464599609375,161.835205078125,522.025146484375,821.38037109375,2048,1536,522,821
HFW12-F7,2016,201603220932,HC,1,/Volumes/Seagate Portable Drive/KYLE_AI_DATABASE/A_CAMERA/Focal_species/Gulo gulo/HFW12-F7/HC/2016/COLOR/Robust marks/03.22-09.32/IMG_2419.JPG,IMG_2419.JPG,HFW12-F7_2016_201603220932_IMG_2419.jpg,0.8075134754180908,659.8036499023438,1420.458984375,510.87188720703125,82.4578857421875,2048,1536,510,82
HFW12-F7,2016,201603220932,HC,1,/Volumes/Seagate Portable Drive/KYLE_AI_DATABASE/A_CAMERA/Focal_species/Gulo gulo/HFW12-F7/HC/2016/COLOR/Robust marks/03.22-09.32/IMG_2420.JPG,IMG_2420.JPG,HFW12-F7_2016_201603220932_IMG_2420.jpg,0.8212155699729919,844.9644165039062,174.4563446044922,499.14031982421875,798.4364624023438,2048,1536,499,798
HFW12-F7,2016,201603220932,HC,1,/Volumes/Seagate Portable Drive/KYLE_AI_DATABASE/A_CAMERA/Focal_species/Gulo gulo/HFW12-F7/HC/2016/COLOR/Robust marks/03.22-09.32/IMG_2423.JPG,IMG_2423.JPG,HFW12-F7_2016_201603220932_IMG_2423.jpg,0.8562812209129333,842.7335205078125,151.03244018554688,502.955810546875,873.389404296875,2048,1536,502,873
HFW12-F7,2016,201603220932,HC,1,/Volumes/Seagate Portable Drive/KYLE_AI_DATABASE/A_CAMERA/Focal_species/Gulo gulo/HFW12-F7/HC/2016/COLOR/Robust marks/03.22-09.32/IMG_2426.JPG,IMG_2426.JPG,HFW12-F7_2016_201603220932_IMG_2426.jpg,0.8932955265045166,846.2615966796875,280.2632141113281,484.958984375,703.7718505859375,2048,1536,484,703
HFW12-F7,2016,201603220932,HC,1,/Volumes/Seagate Portable Drive/KYLE_AI_DATABASE/A_CAMERA/Focal_species/Gulo gulo/HFW12-F7/HC/2016/COLOR/Robust marks/03.22-09.32/IMG_2427.JPG,IMG_2427.JPG,HFW12-F7_2016_201603220932_IMG_2427.jpg,0.8092176914215088,842.173095703125,289.0210266113281,492.63818359375,688.403564453125,2048,1536,492,688
HFW12-F7,2016,201603220932,HC,1,/Volumes/Seagate Portable Drive/KYLE_AI_DATABASE/A_CAMERA/Focal_species/Gulo gulo/HFW12-F7/HC/2016/COLOR/Robust marks/03.22-09.32/IMG_2428.JPG,IMG_2428.JPG,HFW12-F7_2016_201603220932_IMG_2428.jpg,0.8126388788223267,846.3241577148438,288.02764892578125,497.67840576171875,694.4110107421875,2048,1536,497,694
HFW12-F7,2016,201603220932,HC,1,/Volumes/Seagate Portable Drive/KYLE_AI_DATABASE/A_CAMERA/Focal_species/Gulo gulo/HFW12-F7/HC/2016/COLOR/Robust marks/03.22-09.32/IMG_2431.JPG,IMG_2431.JPG,HFW12-F7_2016_201603220932_IMG_2431.jpg,0.9495861530303955,869.8728637695312,247.56558227539062,505.07794189453125,715.2454833984375,2048,1536,505,715
HFW12-F7,2016,201603220932,HC,1,/Volumes/Seagate Portable Drive/KYLE_AI_DATABASE/A_CAMERA/Focal_species/Gulo gulo/HFW12-F7/HC/2016/COLOR/Robust marks/03.22-09.32/IMG_2433.JPG,IMG_2433.JPG,HFW12-F7_2016_201603220932_IMG_2433.jpg,0.9485936164855957,893.3645629882812,282.98577880859375,446.81915283203125,707.8663940429688,2048,1536,446,707
HFW12-F7,2016,201603220932,HC,1,/Volumes/Seagate Portable Drive/KYLE_AI_DATABASE/A_CAMERA/Focal_species/Gulo gulo/HFW12-F7/HC/2016/COLOR/Robust marks/03.22-09.32/IMG_2434.JPG,IMG_2434.JPG,HFW12-F7_2016_201603220932_IMG_2434.jpg,0.8160439133644104,933.7567138671875,329.79925537109375,492.566162109375,671.4982299804688,2048,1536,492,671
HFW12-F7,2016,201603220932,HC,1,/Volumes/Seagate Portable Drive/KYLE_AI_DATABASE/A_CAMERA/Focal_species/Gulo gulo/HFW12-F7/HC/2016/COLOR/Robust marks/03.22-09.32/IMG_2435.JPG,IMG_2435.JPG,HFW12-F7_2016_201603220932_IMG_2435.jpg,0.8464609980583191,661.021240234375,1422.7056884765625,506.7947998046875,80.03173828125,2048,1536,506,80
HFW12-F7,2016,201603220932,HC,1,/Volumes/Seagate Portable Drive/KYLE_AI_DATABASE/A_CAMERA/Focal_species/Gulo gulo/HFW12-F7/HC/2016/COLOR/Robust marks/03.22-09.32/IMG_2436.JPG,IMG_2436.JPG,HFW12-F7_2016_201603220932_IMG_2436.jpg,0.8044387102127075,659.6896362304688,1421.1007080078125,509.68560791015625,81.753662109375,2048,1536,509,81
HFW12-F7,2016,201603220932,HC,1,/Volumes/Seagate Portable Drive/KYLE_AI_DATABASE/A_CAMERA/Focal_species/Gulo gulo/HFW12-F7/HC/2016/COLOR/Robust marks/03.22-09.32/IMG_2437.JPG,IMG_2437.JPG,HFW12-F7_2016_201603220932_IMG_2437.jpg,0.8427107334136963,660.9234619140625,1422.2203369140625,507.8729248046875,80.64404296875,2048,1536,507,80
HFW12-F7,2016,201603220932,HC,1,/Volumes/Seagate Portable Drive/KYLE_AI_DATABASE/A_CAMERA/Focal_species/Gulo gulo/HFW12-F7/HC/2016/COLOR/Robust marks/03.22-09.32/IMG_2438.JPG,IMG_2438.JPG,HFW12-F7_2016_201603220932_IMG_2438.jpg,0.8195567727088928,660.1398315429688,1421.1923828125,509.78668212890625,81.6744384765625,2048,1536,509,81
HFW12-F7,2016,201603220932,HC,1,/Volumes/Seagate Portable Drive/KYLE_AI_DATABASE/A_CAMERA/Focal_species/Gulo gulo/HFW12-F7/HC/2016/COLOR/Robust marks/03.22-09.32/IMG_2439.JPG,IMG_2439.JPG,HFW12-F7_2016_201603220932_IMG_2439.jpg,0.8695334196090698,660.7102661132812,1422.254150390625,507.40228271484375,80.4443359375,2048,1536,507,80
HFW12-F7,2016,201603220932,HC,1,/Volumes/Seagate Portable Drive/KYLE_AI_DATABASE/A_CAMERA/Focal_species/Gulo gulo/HFW12-F7/HC/2016/COLOR/Robust marks/03.22-09.32/IMG_2441.JPG,IMG_2441.JPG,HFW12-F7_2016_201603220932_IMG_2441.jpg,0.8144738078117371,661.0286254882812,1422.2857666015625,508.41424560546875,80.5484619140625,2048,1536,508,80
HFW12-F7,2016,201603220932,HC,1,/Volumes/Seagate Portable Drive/KYLE_AI_DATABASE/A_CAMERA/Focal_species/Gulo gulo/HFW12-F7/HC/2016/COLOR/Robust marks/03.22-09.32/IMG_2444.JPG,IMG_2444.JPG,HFW12-F7_2016_201603220932_IMG_2444.jpg,0.8070098161697388,660.707275390625,1421.577392578125,508.2510986328125,81.245849609375,2048,1536,508,81
HFW12-F7,2016,201603220932,HC,1,/Volumes/Seagate Portable Drive/KYLE_AI_DATABASE/A_CAMERA/Focal_species/Gulo gulo/HFW12-F7/HC/2016/COLOR/Robust marks/03.22-09.32/IMG_2445.JPG,IMG_2445.JPG,HFW12-F7_2016_201603220932_IMG_2445.jpg,0.9452310800552368,758.512939453125,204.8089599609375,565.156982421875,810.918212890625,2048,1536,565,810
HFW12-F7,2016,201603220932,HC,1,/Volumes/Seagate Portable Drive/KYLE_AI_DATABASE/A_CAMERA/Focal_species/Gulo gulo/HFW12-F7/HC/2016/COLOR/Robust marks/03.22-09.32/IMG_2446.JPG,IMG_2446.JPG,HFW12-F7_2016_201603220932_IMG_2446.jpg,0.8987282514572144,751.5819702148438,42.417572021484375,410.12750244140625,777.4212646484375,2048,1536,410,777
HFW12-F7,2016,201603220932,HC,1,/Volumes/Seagate Portable Drive/KYLE_AI_DATABASE/A_CAMERA/Focal_species/Gulo gulo/HFW12-F7/HC/2016/COLOR/Robust marks/03.22-09.32/IMG_2447.JPG,IMG_2447.JPG,HFW12-F7_2016_201603220932_IMG_2447.jpg,0.8545026183128357,660.4432983398438,1422.433837890625,508.27093505859375,80.3668212890625,2048,1536,508,80
HFW12-F7,2016,201603220932,HC,1,/Volumes/Seagate Portable Drive/KYLE_AI_DATABASE/A_CAMERA/Focal_species/Gulo gulo/HFW12-F7/HC/2016/COLOR/Robust marks/03.22-09.32/IMG_2448.JPG,IMG_2448.JPG,HFW12-F7_2016_201603220932_IMG_2448.jpg,0.8094749450683594,660.0615234375,1421.70361328125,509.9261474609375,81.2144775390625,2048,1536,509,81
HFW12-F7,2016,201603220932,HC,1,/Volumes/Seagate Portable Drive/KYLE_AI_DATABASE/A_CAMERA/Focal_species/Gulo gulo/HFW12-F7/HC/2016/COLOR/Robust marks/03.22-09.32/IMG_2449.JPG,IMG_2449.JPG,HFW12-F7_2016_201603220932_IMG_2449.jpg,0.8490809202194214,660.7479858398438,1422.272705078125,508.69134521484375,80.5419921875,2048,1536,508,80
HFW12-F7,2016,201603220932,HC,1,/Volumes/Seagate Portable Drive/KYLE_AI_DATABASE/A_CAMERA/Focal_species/Gulo gulo/HFW12-F7/HC/2016/COLOR/Robust marks/03.22-09.32/IMG_2450.JPG,IMG_2450.JPG,HFW12-F7_2016_201603220932_IMG_2450.jpg,0.8228927254676819,660.4521484375,1421.2855224609375,509.7225341796875,81.64013671875,2048,1536,509,81
HFW12-F7,2016,201603220932,HC,1,/Volumes/Seagate Portable Drive/KYLE_AI_DATABASE/A_CAMERA/Focal_species/Gulo gulo/HFW12-F7/HC/2016/COLOR/Robust marks/03.22-09.32/IMG_2451.JPG,IMG_2451.JPG,HFW12-F7_2016_201603220932_IMG_2451.jpg,0.8601465225219727,81.78634643554688,897.104248046875,603.280517578125,588.2808837890625,2048,1536,603,588
HFW12-F7,2016,201603220932,HC,1,/Volumes/Seagate Portable Drive/KYLE_AI_DATABASE/A_CAMERA/Focal_species/Gulo gulo/HFW12-F7/HC/2016/COLOR/Robust marks/03.22-09.32/IMG_2452.JPG,IMG_2452.JPG,HFW12-F7_2016_201603220932_IMG_2452.jpg,0.8151586055755615,660.9935302734375,1422.2154541015625,507.5474853515625,80.5782470703125,2048,1536,507,80
HFW12-F7,2016,201603220932,HC,1,/Volumes/Seagate Portable Drive/KYLE_AI_DATABASE/A_CAMERA/Focal_species/Gulo gulo/HFW12-F7/HC/2016/COLOR/Robust marks/03.22-09.32/IMG_2453.JPG,IMG_2453.JPG,HFW12-F7_2016_201603220932_IMG_2453.jpg,0.8256255388259888,661.320068359375,1422.2769775390625,507.39697265625,80.6048583984375,2048,1536,507,80
HFW12-F7,2016,201603220932,HC,1,/Volumes/Seagate Portable Drive/KYLE_AI_DATABASE/A_CAMERA/Focal_species/Gulo gulo/HFW12-F7/HC/2016/COLOR/Robust marks/03.22-09.32/IMG_2454.JPG,IMG_2454.JPG,HFW12-F7_2016_201603220932_IMG_2454.jpg,0.8243330121040344,661.0635986328125,1422.2587890625,507.65625,80.5277099609375,2048,1536,507,80
HFW12-F7,2016,201603220932,HC,1,/Volumes/Seagate Portable Drive/KYLE_AI_DATABASE/A_CAMERA/Focal_species/Gulo gulo/HFW12-F7/HC/2016/COLOR/Robust marks/03.22-09.32/IMG_2455.JPG,IMG_2455.JPG,HFW12-F7_2016_201603220932_IMG_2455.jpg,0.8190852999687195,660.9144287109375,1422.16162109375,507.4149169921875,80.6832275390625,2048,1536,507,80
HFW12-F7,2016,201603220932,HC,1,/Volumes/Seagate Portable Drive/KYLE_AI_DATABASE/A_CAMERA/Focal_species/Gulo gulo/HFW12-F7/HC/2016/COLOR/Robust marks/03.22-09.32/IMG_2456.JPG,IMG_2456.JPG,HFW12-F7_2016_201603220932_IMG_2456.jpg,0.822992205619812,660.3677368164062,1422.169677734375,508.42474365234375,80.66796875,2048,1536,508,80
HFW12-F7,2016,201603220932,HC,1,/Volumes/Seagate Portable Drive/KYLE_AI_DATABASE/A_CAMERA/Focal_species/Gulo gulo/HFW12-F7/HC/2016/COLOR/Robust marks/03.22-09.32/IMG_2457.JPG,IMG_2457.JPG,HFW12-F7_2016_201603220932_IMG_2457.jpg,0.8211081027984619,661.1283569335938,1422.159912109375,507.37432861328125,80.691162109375,2048,1536,507,80
HFW12-F7,2016,201603220932,HC,1,/Volumes/Seagate Portable Drive/KYLE_AI_DATABASE/A_CAMERA/Focal_species/Gulo gulo/HFW12-F7/HC/2016/COLOR/Robust marks/03.22-09.32/IMG_2458.JPG,IMG_2458.JPG,HFW12-F7_2016_201603220932_IMG_2458.jpg,0.8170255422592163,661.1566162109375,1422.2203369140625,507.625732421875,80.6201171875,2048,1536,507,80
HFW12-F7,2016,201603220932,HC,1,/Volumes/Seagate Portable Drive/KYLE_AI_DATABASE/A_CAMERA/Focal_species/Gulo gulo/HFW12-F7/HC/2016/COLOR/Robust marks/03.22-09.32/IMG_2459.JPG,IMG_2459.JPG,HFW12-F7_2016_201603220932_IMG_2459.jpg,0.8181552290916443,661.234130859375,1422.31982421875,507.431640625,80.520751953125,2048,1536,507,80
HFW12-F7,2016,201603220932,HC,1,/Volumes/Seagate Portable Drive/KYLE_AI_DATABASE/A_CAMERA/Focal_species/Gulo gulo/HFW12-F7/HC/2016/COLOR/Robust marks/03.22-09.32/IMG_2460.JPG,IMG_2460.JPG,HFW12-F7_2016_201603220932_IMG_2460.jpg,0.8114182949066162,661.110107421875,1422.30859375,507.6243896484375,80.599853515625,2048,1536,507,80
