id,year,ymdh,station,color,original_path,original_filename,crop_filename,confidence,bbox_x,bbox_y,bbox_width,bbox_height,image_width,image_height,crop_width,crop_height
HLC20-H3,2023,202303170444,PP,0,/Volumes/Seagate Portable Drive/KYLE_AI_DATABASE/A_CAMERA/Focal_species/Gulo gulo/HLC20-H3/PP/2023/B&W/Robust marks/03.17-04.44/RCNX3251.JPG,RCNX3251.JPG,HLC20-H3_2023_202303170444_RCNX3251.jpg,0.9076022505760193,911.5744018554688,613.6552734375,484.46234130859375,793.516845703125,2048,1440,484,793
HLC20-H3,2023,202303170444,PP,0,/Volumes/Seagate Portable Drive/KYLE_AI_DATABASE/A_CAMERA/Focal_species/Gulo gulo/HLC20-H3/PP/2023/B&W/Robust marks/03.17-04.44/RCNX3252.JPG,RCNX3252.JPG,HLC20-H3_2023_202303170444_RCNX3252.jpg,0.8990452289581299,919.1151123046875,538.7476196289062,336.352294921875,813.1740112304688,2048,1440,336,813
HLC20-H3,2023,202303170444,PP,0,/Volumes/Seagate Portable Drive/KYLE_AI_DATABASE/A_CAMERA/Focal_species/Gulo gulo/HLC20-H3/PP/2023/B&W/Robust marks/03.17-04.44/RCNX3253.JPG,RCNX3253.JPG,HLC20-H3_2023_202303170444_RCNX3253.jpg,0.9233278632164001,878.1110229492188,130.59967041015625,411.43609619140625,800.5975341796875,2048,1440,411,800
HLC20-H3,2023,202303170444,PP,0,/Volumes/Seagate Portable Drive/KYLE_AI_DATABASE/A_CAMERA/Focal_species/Gulo gulo/HLC20-H3/PP/2023/B&W/Robust marks/03.17-04.44/RCNX3254.JPG,RCNX3254.JPG,HLC20-H3_2023_202303170444_RCNX3254.jpg,0.8876842260360718,993.8961181640625,1129.55419921875,269.26123046875,276.9324951171875,2048,1440,269,276
HLC20-H3,2023,202303170444,PP,0,/Volumes/Seagate Portable Drive/KYLE_AI_DATABASE/A_CAMERA/Focal_species/Gulo gulo/HLC20-H3/PP/2023/B&W/Robust marks/03.17-04.44/RCNX3255.JPG,RCNX3255.JPG,HLC20-H3_2023_202303170444_RCNX3255.jpg,0.8730202317237854,994.6782836914062,1128.826904296875,268.61590576171875,277.7288818359375,2048,1440,268,277
HLC20-H3,2023,202303170444,PP,0,/Volumes/Seagate Portable Drive/KYLE_AI_DATABASE/A_CAMERA/Focal_species/Gulo gulo/HLC20-H3/PP/2023/B&W/Robust marks/03.17-04.44/RCNX3257.JPG,RCNX3257.JPG,HLC20-H3_2023_202303170444_RCNX3257.jpg,0.8561821579933167,993.0088500976562,1129.0213623046875,270.43914794921875,277.0833740234375,2048,1440,270,277
HLC20-H3,2023,202303170444,PP,0,/Volumes/Seagate Portable Drive/KYLE_AI_DATABASE/A_CAMERA/Focal_species/Gulo gulo/HLC20-H3/PP/2023/B&W/Robust marks/03.17-04.44/RCNX3258.JPG,RCNX3258.JPG,HLC20-H3_2023_202303170444_RCNX3258.jpg,0.9127258658409119,764.8111572265625,88.16468048095703,510.0479736328125,740.2744140625,2048,1440,510,740
HLC20-H3,2023,202303170444,PP,0,/Volumes/Seagate Portable Drive/KYLE_AI_DATABASE/A_CAMERA/Focal_species/Gulo gulo/HLC20-H3/PP/2023/B&W/Robust marks/03.17-04.44/RCNX3259.JPG,RCNX3259.JPG,HLC20-H3_2023_202303170444_RCNX3259.jpg,0.9196519255638123,892.173583984375,60.29481506347656,379.759033203125,781.1849975585938,2048,1440,379,781
HLC20-H3,2023,202303170444,PP,0,/Volumes/Seagate Portable Drive/KYLE_AI_DATABASE/A_CAMERA/Focal_species/Gulo gulo/HLC20-H3/PP/2023/B&W/Robust marks/03.17-04.44/RCNX3260.JPG,RCNX3260.JPG,HLC20-H3_2023_202303170444_RCNX3260.jpg,0.9278332591056824,842.58056640625,68.48739624023438,437.1904296875,788.3070068359375,2048,1440,437,788
HLC20-H3,2023,202303170444,PP,0,/Volumes/Seagate Portable Drive/KYLE_AI_DATABASE/A_CAMERA/Focal_species/Gulo gulo/HLC20-H3/PP/2023/B&W/Robust marks/03.17-04.44/RCNX3261.JPG,RCNX3261.JPG,HLC20-H3_2023_202303170444_RCNX3261.jpg,0.9307749271392822,857.1888427734375,136.662109375,422.927734375,854.30029296875,2048,1440,422,854
HLC20-H3,2023,202303170444,PP,0,/Volumes/Seagate Portable Drive/KYLE_AI_DATABASE/A_CAMERA/Focal_species/Gulo gulo/HLC20-H3/PP/2023/B&W/Robust marks/03.17-04.44/RCNX3262.JPG,RCNX3262.JPG,HLC20-H3_2023_202303170444_RCNX3262.jpg,0.9456900954246521,911.4160766601562,105.11615753173828,384.09124755859375,884.5408935546875,2048,1440,384,884
HLC20-H3,2023,202303170444,PP,0,/Volumes/Seagate Portable Drive/KYLE_AI_DATABASE/A_CAMERA/Focal_species/Gulo gulo/HLC20-H3/PP/2023/B&W/Robust marks/03.17-04.44/RCNX3263.JPG,RCNX3263.JPG,HLC20-H3_2023_202303170444_RCNX3263.jpg,0.9474366903305054,916.4912109375,103.49893188476562,377.024169921875,889.03515625,2048,1440,377,889
HLC20-H3,2023,202303170444,PP,0,/Volumes/Seagate Portable Drive/KYLE_AI_DATABASE/A_CAMERA/Focal_species/Gulo gulo/HLC20-H3/PP/2023/B&W/Robust marks/03.17-04.44/RCNX3264.JPG,RCNX3264.JPG,HLC20-H3_2023_202303170444_RCNX3264.jpg,0.8846357464790344,939.1030883789062,170.88641357421875,332.96051025390625,826.0533447265625,2048,1440,332,826
HLC20-H3,2023,202303170444,PP,0,/Volumes/Seagate Portable Drive/KYLE_AI_DATABASE/A_CAMERA/Focal_species/Gulo gulo/HLC20-H3/PP/2023/B&W/Robust marks/03.17-04.44/RCNX3265.JPG,RCNX3265.JPG,HLC20-H3_2023_202303170444_RCNX3265.jpg,0.8352662920951843,909.040283203125,99.45365142822266,362.919189453125,898.5643920898438,2048,1440,362,898
HLC20-H3,2023,202303170444,PP,0,/Volumes/Seagate Portable Drive/KYLE_AI_DATABASE/A_CAMERA/Focal_species/Gulo gulo/HLC20-H3/PP/2023/B&W/Robust marks/03.17-04.44/RCNX3266.JPG,RCNX3266.JPG,HLC20-H3_2023_202303170444_RCNX3266.jpg,0.8600432276725769,921.2178955078125,125.4757080078125,350.089111328125,871.01318359375,2048,1440,350,871
HLC20-H3,2023,202303170444,PP,0,/Volumes/Seagate Portable Drive/KYLE_AI_DATABASE/A_CAMERA/Focal_species/Gulo gulo/HLC20-H3/PP/2023/B&W/Robust marks/03.17-04.44/RCNX3267.JPG,RCNX3267.JPG,HLC20-H3_2023_202303170444_RCNX3267.jpg,0.8379688858985901,913.2906494140625,106.04209899902344,353.717041015625,894.82861328125,2048,1440,353,894
HLC20-H3,2023,202303170444,PP,0,/Volumes/Seagate Portable Drive/KYLE_AI_DATABASE/A_CAMERA/Focal_species/Gulo gulo/HLC20-H3/PP/2023/B&W/Robust marks/03.17-04.44/RCNX3268.JPG,RCNX3268.JPG,HLC20-H3_2023_202303170444_RCNX3268.jpg,0.8956965208053589,922.0202026367188,89.53836059570312,349.81207275390625,910.9312744140625,2048,1440,349,910
HLC20-H3,2023,202303170444,PP,0,/Volumes/Seagate Portable Drive/KYLE_AI_DATABASE/A_CAMERA/Focal_species/Gulo gulo/HLC20-H3/PP/2023/B&W/Robust marks/03.17-04.44/RCNX3269.JPG,RCNX3269.JPG,HLC20-H3_2023_202303170444_RCNX3269.jpg,0.8835196495056152,889.7408447265625,90.04883575439453,382.104248046875,914.2578735351562,2048,1440,382,914
HLC20-H3,2023,202303170444,PP,0,/Volumes/Seagate Portable Drive/KYLE_AI_DATABASE/A_CAMERA/Focal_species/Gulo gulo/HLC20-H3/PP/2023/B&W/Robust marks/03.17-04.44/RCNX3271.JPG,RCNX3271.JPG,HLC20-H3_2023_202303170444_RCNX3271.jpg,0.9260031580924988,837.55517578125,94.98603057861328,442.568359375,736.8638916015625,2048,1440,442,736
HLC20-H3,2023,202303170444,PP,0,/Volumes/Seagate Portable Drive/KYLE_AI_DATABASE/A_CAMERA/Focal_species/Gulo gulo/HLC20-H3/PP/2023/B&W/Robust marks/03.17-04.44/RCNX3272.JPG,RCNX3272.JPG,HLC20-H3_2023_202303170444_RCNX3272.jpg,0.8969141244888306,947.1873168945312,191.07431030273438,325.02154541015625,803.126953125,2048,1440,325,803
HLC20-H3,2023,202303170444,PP,0,/Volumes/Seagate Portable Drive/KYLE_AI_DATABASE/A_CAMERA/Focal_species/Gulo gulo/HLC20-H3/PP/2023/B&W/Robust marks/03.17-04.44/RCNX3273.JPG,RCNX3273.JPG,HLC20-H3_2023_202303170444_RCNX3273.jpg,0.9401191473007202,900.5953979492188,100.12600708007812,395.88079833984375,892.271240234375,2048,1440,395,892
HLC20-H3,2023,202303170444,PP,0,/Volumes/Seagate Portable Drive/KYLE_AI_DATABASE/A_CAMERA/Focal_species/Gulo gulo/HLC20-H3/PP/2023/B&W/Robust marks/03.17-04.44/RCNX3274.JPG,RCNX3274.JPG,HLC20-H3_2023_202303170444_RCNX3274.jpg,0.859687089920044,952.4450073242188,180.42190551757812,318.66827392578125,824.5089111328125,2048,1440,318,824
HLC20-H3,2023,202303170444,PP,0,/Volumes/Seagate Portable Drive/KYLE_AI_DATABASE/A_CAMERA/Focal_species/Gulo gulo/HLC20-H3/PP/2023/B&W/Robust marks/03.17-04.44/RCNX3275.JPG,RCNX3275.JPG,HLC20-H3_2023_202303170444_RCNX3275.jpg,0.8080738186836243,942.0843505859375,153.78953552246094,328.156982421875,843.3071899414062,2048,1440,328,843
HLC20-H3,2023,202303170444,PP,0,/Volumes/Seagate Portable Drive/KYLE_AI_DATABASE/A_CAMERA/Focal_species/Gulo gulo/HLC20-H3/PP/2023/B&W/Robust marks/03.17-04.44/RCNX3276.JPG,RCNX3276.JPG,HLC20-H3_2023_202303170444_RCNX3276.jpg,0.9134190678596497,900.1322021484375,99.213623046875,373.935791015625,721.7042236328125,2048,1440,373,721
HLC20-H3,2023,202303170444,PP,0,/Volumes/Seagate Portable Drive/KYLE_AI_DATABASE/A_CAMERA/Focal_species/Gulo gulo/HLC20-H3/PP/2023/B&W/Robust marks/03.17-04.44/RCNX3277.JPG,RCNX3277.JPG,HLC20-H3_2023_202303170444_RCNX3277.jpg,0.9360188245773315,904.4489135742188,93.12153625488281,369.66680908203125,726.90576171875,2048,1440,369,726
HLC20-H3,2023,202303170444,PP,0,/Volumes/Seagate Portable Drive/KYLE_AI_DATABASE/A_CAMERA/Focal_species/Gulo gulo/HLC20-H3/PP/2023/B&W/Robust marks/03.17-04.44/RCNX3278.JPG,RCNX3278.JPG,HLC20-H3_2023_202303170444_RCNX3278.jpg,0.87767493724823,947.0784912109375,216.55221557617188,325.69970703125,601.5234375,2048,1440,325,601
HLC20-H3,2023,202303170444,PP,0,/Volumes/Seagate Portable Drive/KYLE_AI_DATABASE/A_CAMERA/Focal_species/Gulo gulo/HLC20-H3/PP/2023/B&W/Robust marks/03.17-04.44/RCNX3280.JPG,RCNX3280.JPG,HLC20-H3_2023_202303170444_RCNX3280.jpg,0.8512467741966248,843.6367797851562,109.29267883300781,428.00604248046875,755.7674560546875,2048,1440,428,755
HLC20-H3,2023,202303170444,PP,0,/Volumes/Seagate Portable Drive/KYLE_AI_DATABASE/A_CAMERA/Focal_species/Gulo gulo/HLC20-H3/PP/2023/B&W/Robust marks/03.17-04.44/RCNX3281.JPG,RCNX3281.JPG,HLC20-H3_2023_202303170444_RCNX3281.jpg,0.829038679599762,826.1483154296875,132.83306884765625,443.51025390625,707.1701049804688,2048,1440,443,707
HLC20-H3,2023,202303170444,PP,0,/Volumes/Seagate Portable Drive/KYLE_AI_DATABASE/A_CAMERA/Focal_species/Gulo gulo/HLC20-H3/PP/2023/B&W/Robust marks/03.17-04.44/RCNX3283.JPG,RCNX3283.JPG,HLC20-H3_2023_202303170444_RCNX3283.jpg,0.8580398559570312,854.3605346679688,145.2687225341797,415.65924072265625,700.205322265625,2048,1440,415,700
HLC20-H3,2023,202303170444,PP,0,/Volumes/Seagate Portable Drive/KYLE_AI_DATABASE/A_CAMERA/Focal_species/Gulo gulo/HLC20-H3/PP/2023/B&W/Robust marks/03.17-04.44/RCNX3284.JPG,RCNX3284.JPG,HLC20-H3_2023_202303170444_RCNX3284.jpg,0.8797135353088379,812.4618530273438,131.54100036621094,458.00714111328125,714.674072265625,2048,1440,458,714
HLC20-H3,2023,202303170444,PP,0,/Volumes/Seagate Portable Drive/KYLE_AI_DATABASE/A_CAMERA/Focal_species/Gulo gulo/HLC20-H3/PP/2023/B&W/Robust marks/03.17-04.44/RCNX3286.JPG,RCNX3286.JPG,HLC20-H3_2023_202303170444_RCNX3286.jpg,0.8132219314575195,812.613525390625,155.15176391601562,458.96875,693.1953125,2048,1440,458,693
HLC20-H3,2023,202303170444,PP,0,/Volumes/Seagate Portable Drive/KYLE_AI_DATABASE/A_CAMERA/Focal_species/Gulo gulo/HLC20-H3/PP/2023/B&W/Robust marks/03.17-04.44/RCNX3287.JPG,RCNX3287.JPG,HLC20-H3_2023_202303170444_RCNX3287.jpg,0.8207685351371765,932.370361328125,169.7379608154297,381.064208984375,841.7181396484375,2048,1440,381,841
HLC20-H3,2023,202303170444,PP,0,/Volumes/Seagate Portable Drive/KYLE_AI_DATABASE/A_CAMERA/Focal_species/Gulo gulo/HLC20-H3/PP/2023/B&W/Robust marks/03.17-04.44/RCNX3291.JPG,RCNX3291.JPG,HLC20-H3_2023_202303170444_RCNX3291.jpg,0.8691117763519287,889.3619995117188,208.31719970703125,380.61578369140625,610.928466796875,2048,1440,380,610
HLC20-H3,2023,202303170444,PP,0,/Volumes/Seagate Portable Drive/KYLE_AI_DATABASE/A_CAMERA/Focal_species/Gulo gulo/HLC20-H3/PP/2023/B&W/Robust marks/03.17-04.44/RCNX3292.JPG,RCNX3292.JPG,HLC20-H3_2023_202303170444_RCNX3292.jpg,0.8965764045715332,878.2837524414062,145.0261993408203,394.08111572265625,674.0802001953125,2048,1440,394,674
HLC20-H3,2023,202303170444,PP,0,/Volumes/Seagate Portable Drive/KYLE_AI_DATABASE/A_CAMERA/Focal_species/Gulo gulo/HLC20-H3/PP/2023/B&W/Robust marks/03.17-04.44/RCNX3293.JPG,RCNX3293.JPG,HLC20-H3_2023_202303170444_RCNX3293.jpg,0.8745505213737488,874.3133544921875,137.46092224121094,399.521240234375,687.8572387695312,2048,1440,399,687
HLC20-H3,2023,202303170444,PP,0,/Volumes/Seagate Portable Drive/KYLE_AI_DATABASE/A_CAMERA/Focal_species/Gulo gulo/HLC20-H3/PP/2023/B&W/Robust marks/03.17-04.44/RCNX3294.JPG,RCNX3294.JPG,HLC20-H3_2023_202303170444_RCNX3294.jpg,0.8841853737831116,905.365478515625,156.08645629882812,369.490966796875,667.5745849609375,2048,1440,369,667
HLC20-H3,2023,202303170444,PP,0,/Volumes/Seagate Portable Drive/KYLE_AI_DATABASE/A_CAMERA/Focal_species/Gulo gulo/HLC20-H3/PP/2023/B&W/Robust marks/03.17-04.44/RCNX3296.JPG,RCNX3296.JPG,HLC20-H3_2023_202303170444_RCNX3296.jpg,0.8965312242507935,940.8561401367188,158.68505859375,335.03839111328125,688.1951293945312,2048,1440,335,688
HLC20-H3,2023,202303170444,PP,0,/Volumes/Seagate Portable Drive/KYLE_AI_DATABASE/A_CAMERA/Focal_species/Gulo gulo/HLC20-H3/PP/2023/B&W/Robust marks/03.17-04.44/RCNX3298.JPG,RCNX3298.JPG,HLC20-H3_2023_202303170444_RCNX3298.jpg,0.9130621552467346,963.4679565429688,151.13157653808594,420.75482177734375,667.4708862304688,2048,1440,420,667
HLC20-H3,2023,202303170444,PP,0,/Volumes/Seagate Portable Drive/KYLE_AI_DATABASE/A_CAMERA/Focal_species/Gulo gulo/HLC20-H3/PP/2023/B&W/Robust marks/03.17-04.44/RCNX3299.JPG,RCNX3299.JPG,HLC20-H3_2023_202303170444_RCNX3299.jpg,0.8088988661766052,864.670654296875,161.82762145996094,472.817626953125,677.9138793945312,2048,1440,472,677
HLC20-H3,2023,202303170444,PP,0,/Volumes/Seagate Portable Drive/KYLE_AI_DATABASE/A_CAMERA/Focal_species/Gulo gulo/HLC20-H3/PP/2023/B&W/Robust marks/03.17-04.44/RCNX3301.JPG,RCNX3301.JPG,HLC20-H3_2023_202303170444_RCNX3301.jpg,0.9313536286354065,897.7357177734375,207.94351196289062,385.302734375,768.5570068359375,2048,1440,385,768
HLC20-H3,2023,202303170444,PP,0,/Volumes/Seagate Portable Drive/KYLE_AI_DATABASE/A_CAMERA/Focal_species/Gulo gulo/HLC20-H3/PP/2023/B&W/Robust marks/03.17-04.44/RCNX3302.JPG,RCNX3302.JPG,HLC20-H3_2023_202303170444_RCNX3302.jpg,0.8613824248313904,960.8021240234375,209.05166625976562,342.143798828125,790.2998046875,2048,1440,342,790
HLC20-H3,2023,202303170444,PP,0,/Volumes/Seagate Portable Drive/KYLE_AI_DATABASE/A_CAMERA/Focal_species/Gulo gulo/HLC20-H3/PP/2023/B&W/Robust marks/03.17-04.44/RCNX3303.JPG,RCNX3303.JPG,HLC20-H3_2023_202303170444_RCNX3303.jpg,0.8718217015266418,939.718994140625,215.31065368652344,354.673828125,804.4497680664062,2048,1440,354,804
HLC20-H3,2023,202303170444,PP,0,/Volumes/Seagate Portable Drive/KYLE_AI_DATABASE/A_CAMERA/Focal_species/Gulo gulo/HLC20-H3/PP/2023/B&W/Robust marks/03.17-04.44/RCNX3305.JPG,RCNX3305.JPG,HLC20-H3_2023_202303170444_RCNX3305.jpg,0.9303131699562073,916.7828979492188,134.28546142578125,382.28582763671875,828.2769775390625,2048,1440,382,828
HLC20-H3,2023,202303170444,PP,0,/Volumes/Seagate Portable Drive/KYLE_AI_DATABASE/A_CAMERA/Focal_species/Gulo gulo/HLC20-H3/PP/2023/B&W/Robust marks/03.17-04.44/RCNX3306.JPG,RCNX3306.JPG,HLC20-H3_2023_202303170444_RCNX3306.jpg,0.9162795543670654,947.4152221679688,143.08834838867188,353.22540283203125,788.409912109375,2048,1440,353,788
HLC20-H3,2023,202303170444,PP,0,/Volumes/Seagate Portable Drive/KYLE_AI_DATABASE/A_CAMERA/Focal_species/Gulo gulo/HLC20-H3/PP/2023/B&W/Robust marks/03.17-04.44/RCNX3307.JPG,RCNX3307.JPG,HLC20-H3_2023_202303170444_RCNX3307.jpg,0.8568102717399597,960.421875,155.58859252929688,351.9296875,822.8800048828125,2048,1440,351,822
HLC20-H3,2023,202303170444,PP,0,/Volumes/Seagate Portable Drive/KYLE_AI_DATABASE/A_CAMERA/Focal_species/Gulo gulo/HLC20-H3/PP/2023/B&W/Robust marks/03.17-04.44/RCNX3308.JPG,RCNX3308.JPG,HLC20-H3_2023_202303170444_RCNX3308.jpg,0.8075556755065918,964.1105346679688,184.84844970703125,351.72344970703125,801.0277099609375,2048,1440,351,801
HLC20-H3,2023,202303170444,PP,0,/Volumes/Seagate Portable Drive/KYLE_AI_DATABASE/A_CAMERA/Focal_species/Gulo gulo/HLC20-H3/PP/2023/B&W/Robust marks/03.17-04.44/RCNX3309.JPG,RCNX3309.JPG,HLC20-H3_2023_202303170444_RCNX3309.jpg,0.9055905938148499,943.9671020507812,215.02273559570312,369.87396240234375,770.6761474609375,2048,1440,369,770
HLC20-H3,2023,202303170444,PP,0,/Volumes/Seagate Portable Drive/KYLE_AI_DATABASE/A_CAMERA/Focal_species/Gulo gulo/HLC20-H3/PP/2023/B&W/Robust marks/03.17-04.44/RCNX3310.JPG,RCNX3310.JPG,HLC20-H3_2023_202303170444_RCNX3310.jpg,0.9174902439117432,962.7320556640625,219.86329650878906,348.394287109375,767.8785400390625,2048,1440,348,767
HLC20-H3,2023,202303170444,PP,0,/Volumes/Seagate Portable Drive/KYLE_AI_DATABASE/A_CAMERA/Focal_species/Gulo gulo/HLC20-H3/PP/2023/B&W/Robust marks/03.17-04.44/RCNX3311.JPG,RCNX3311.JPG,HLC20-H3_2023_202303170444_RCNX3311.jpg,0.8570326566696167,983.0523681640625,160.97242736816406,335.412841796875,680.4854125976562,2048,1440,335,680
HLC20-H3,2023,202303170444,PP,0,/Volumes/Seagate Portable Drive/KYLE_AI_DATABASE/A_CAMERA/Focal_species/Gulo gulo/HLC20-H3/PP/2023/B&W/Robust marks/03.17-04.44/RCNX3312.JPG,RCNX3312.JPG,HLC20-H3_2023_202303170444_RCNX3312.jpg,0.8896012306213379,956.7001953125,153.4249267578125,347.344482421875,833.7772216796875,2048,1440,347,833
HLC20-H3,2023,202303170444,PP,0,/Volumes/Seagate Portable Drive/KYLE_AI_DATABASE/A_CAMERA/Focal_species/Gulo gulo/HLC20-H3/PP/2023/B&W/Robust marks/03.17-04.44/RCNX3313.JPG,RCNX3313.JPG,HLC20-H3_2023_202303170444_RCNX3313.jpg,0.9302040338516235,947.771484375,156.47775268554688,350.068359375,823.35205078125,2048,1440,350,823
HLC20-H3,2023,202303170444,PP,0,/Volumes/Seagate Portable Drive/KYLE_AI_DATABASE/A_CAMERA/Focal_species/Gulo gulo/HLC20-H3/PP/2023/B&W/Robust marks/03.17-04.44/RCNX3314.JPG,RCNX3314.JPG,HLC20-H3_2023_202303170444_RCNX3314.jpg,0.9342302083969116,956.8486938476562,163.99554443359375,353.32733154296875,842.6458129882812,2048,1440,353,842
HLC20-H3,2023,202303170444,PP,0,/Volumes/Seagate Portable Drive/KYLE_AI_DATABASE/A_CAMERA/Focal_species/Gulo gulo/HLC20-H3/PP/2023/B&W/Robust marks/03.17-04.44/RCNX3316.JPG,RCNX3316.JPG,HLC20-H3_2023_202303170444_RCNX3316.jpg,0.880419135093689,966.6534423828125,207.1488037109375,344.893310546875,818.7442626953125,2048,1440,344,818
HLC20-H3,2023,202303170444,PP,0,/Volumes/Seagate Portable Drive/KYLE_AI_DATABASE/A_CAMERA/Focal_species/Gulo gulo/HLC20-H3/PP/2023/B&W/Robust marks/03.17-04.44/RCNX3317.JPG,RCNX3317.JPG,HLC20-H3_2023_202303170444_RCNX3317.jpg,0.8968949913978577,941.58154296875,221.62127685546875,365.404541015625,805.4273071289062,2048,1440,365,805
HLC20-H3,2023,202303170444,PP,0,/Volumes/Seagate Portable Drive/KYLE_AI_DATABASE/A_CAMERA/Focal_species/Gulo gulo/HLC20-H3/PP/2023/B&W/Robust marks/03.17-04.44/RCNX3318.JPG,RCNX3318.JPG,HLC20-H3_2023_202303170444_RCNX3318.jpg,0.8846170902252197,936.0843505859375,222.01412963867188,370.298095703125,805.7335205078125,2048,1440,370,805
HLC20-H3,2023,202303170444,PP,0,/Volumes/Seagate Portable Drive/KYLE_AI_DATABASE/A_CAMERA/Focal_species/Gulo gulo/HLC20-H3/PP/2023/B&W/Robust marks/03.17-04.44/RCNX3319.JPG,RCNX3319.JPG,HLC20-H3_2023_202303170444_RCNX3319.jpg,0.9041889905929565,962.94677734375,223.08489990234375,343.34228515625,801.5386352539062,2048,1440,343,801
HLC20-H3,2023,202303170444,PP,0,/Volumes/Seagate Portable Drive/KYLE_AI_DATABASE/A_CAMERA/Focal_species/Gulo gulo/HLC20-H3/PP/2023/B&W/Robust marks/03.17-04.44/RCNX3320.JPG,RCNX3320.JPG,HLC20-H3_2023_202303170444_RCNX3320.jpg,0.9245207905769348,947.0949096679688,242.560791015625,340.06182861328125,716.709228515625,2048,1440,340,716
HLC20-H3,2023,202303170444,PP,0,/Volumes/Seagate Portable Drive/KYLE_AI_DATABASE/A_CAMERA/Focal_species/Gulo gulo/HLC20-H3/PP/2023/B&W/Robust marks/03.17-04.44/RCNX3321.JPG,RCNX3321.JPG,HLC20-H3_2023_202303170444_RCNX3321.jpg,0.9158895611763,942.5057983398438,213.5065460205078,365.07550048828125,763.3521118164062,2048,1440,365,763
HLC20-H3,2023,202303170444,PP,0,/Volumes/Seagate Portable Drive/KYLE_AI_DATABASE/A_CAMERA/Focal_species/Gulo gulo/HLC20-H3/PP/2023/B&W/Robust marks/03.17-04.44/RCNX3322.JPG,RCNX3322.JPG,HLC20-H3_2023_202303170444_RCNX3322.jpg,0.8804425001144409,980.6879272460938,172.73043823242188,325.41070556640625,811.516845703125,2048,1440,325,811
HLC20-H3,2023,202303170444,PP,0,/Volumes/Seagate Portable Drive/KYLE_AI_DATABASE/A_CAMERA/Focal_species/Gulo gulo/HLC20-H3/PP/2023/B&W/Robust marks/03.17-04.44/RCNX3323.JPG,RCNX3323.JPG,HLC20-H3_2023_202303170444_RCNX3323.jpg,0.8488739728927612,951.587646484375,248.4167938232422,348.48193359375,759.908203125,2048,1440,348,759
HLC20-H3,2023,202303170444,PP,0,/Volumes/Seagate Portable Drive/KYLE_AI_DATABASE/A_CAMERA/Focal_species/Gulo gulo/HLC20-H3/PP/2023/B&W/Robust marks/03.17-04.44/RCNX3325.JPG,RCNX3325.JPG,HLC20-H3_2023_202303170444_RCNX3325.jpg,0.930259644985199,898.9579467773438,142.70330810546875,450.70758056640625,835.593017578125,2048,1440,450,835
HLC20-H3,2023,202303170444,PP,0,/Volumes/Seagate Portable Drive/KYLE_AI_DATABASE/A_CAMERA/Focal_species/Gulo gulo/HLC20-H3/PP/2023/B&W/Robust marks/03.17-04.44/RCNX3326.JPG,RCNX3326.JPG,HLC20-H3_2023_202303170444_RCNX3326.jpg,0.9208261370658875,929.3553466796875,241.56121826171875,393.464111328125,680.6240234375,2048,1440,393,680
HLC20-H3,2023,202303170444,PP,0,/Volumes/Seagate Portable Drive/KYLE_AI_DATABASE/A_CAMERA/Focal_species/Gulo gulo/HLC20-H3/PP/2023/B&W/Robust marks/03.17-04.44/RCNX3327.JPG,RCNX3327.JPG,HLC20-H3_2023_202303170444_RCNX3327.jpg,0.9344455003738403,920.0850219726562,209.89993286132812,372.30487060546875,786.1329345703125,2048,1440,372,786
HLC20-H3,2023,202303170444,PP,0,/Volumes/Seagate Portable Drive/KYLE_AI_DATABASE/A_CAMERA/Focal_species/Gulo gulo/HLC20-H3/PP/2023/B&W/Robust marks/03.17-04.44/RCNX3328.JPG,RCNX3328.JPG,HLC20-H3_2023_202303170444_RCNX3328.jpg,0.8328216671943665,933.5013427734375,243.58934020996094,353.78955078125,781.75146484375,2048,1440,353,781
HLC20-H3,2023,202303170444,PP,0,/Volumes/Seagate Portable Drive/KYLE_AI_DATABASE/A_CAMERA/Focal_species/Gulo gulo/HLC20-H3/PP/2023/B&W/Robust marks/03.17-04.44/RCNX3329.JPG,RCNX3329.JPG,HLC20-H3_2023_202303170444_RCNX3329.jpg,0.8631744384765625,936.0444946289062,105.12538146972656,346.34979248046875,921.6812744140625,2048,1440,346,921
HLC20-H3,2023,202303170444,PP,0,/Volumes/Seagate Portable Drive/KYLE_AI_DATABASE/A_CAMERA/Focal_species/Gulo gulo/HLC20-H3/PP/2023/B&W/Robust marks/03.17-04.44/RCNX3330.JPG,RCNX3330.JPG,HLC20-H3_2023_202303170444_RCNX3330.jpg,0.9017240405082703,946.4794921875,277.0540771484375,338.578369140625,737.8099365234375,2048,1440,338,737
HLC20-H3,2023,202303170444,PP,0,/Volumes/Seagate Portable Drive/KYLE_AI_DATABASE/A_CAMERA/Focal_species/Gulo gulo/HLC20-H3/PP/2023/B&W/Robust marks/03.17-04.44/RCNX3331.JPG,RCNX3331.JPG,HLC20-H3_2023_202303170444_RCNX3331.jpg,0.8354693055152893,915.4093017578125,172.45709228515625,380.331298828125,678.5428466796875,2048,1440,380,678
HLC20-H3,2023,202303170444,PP,0,/Volumes/Seagate Portable Drive/KYLE_AI_DATABASE/A_CAMERA/Focal_species/Gulo gulo/HLC20-H3/PP/2023/B&W/Robust marks/03.17-04.44/RCNX3333.JPG,RCNX3333.JPG,HLC20-H3_2023_202303170444_RCNX3333.jpg,0.9181410074234009,928.3379516601562,216.88681030273438,382.24969482421875,783.2725830078125,2048,1440,382,783
HLC20-H3,2023,202303170444,PP,0,/Volumes/Seagate Portable Drive/KYLE_AI_DATABASE/A_CAMERA/Focal_species/Gulo gulo/HLC20-H3/PP/2023/B&W/Robust marks/03.17-04.44/RCNX3334.JPG,RCNX3334.JPG,HLC20-H3_2023_202303170444_RCNX3334.jpg,0.8502668142318726,885.49853515625,240.6021728515625,411.857666015625,777.7523193359375,2048,1440,411,777
HLC20-H3,2023,202303170444,PP,0,/Volumes/Seagate Portable Drive/KYLE_AI_DATABASE/A_CAMERA/Focal_species/Gulo gulo/HLC20-H3/PP/2023/B&W/Robust marks/03.17-04.44/RCNX3335.JPG,RCNX3335.JPG,HLC20-H3_2023_202303170444_RCNX3335.jpg,0.8078854084014893,918.077880859375,237.1712188720703,376.872314453125,777.7282104492188,2048,1440,376,777
HLC20-H3,2023,202303170444,PP,0,/Volumes/Seagate Portable Drive/KYLE_AI_DATABASE/A_CAMERA/Focal_species/Gulo gulo/HLC20-H3/PP/2023/B&W/Robust marks/03.17-04.44/RCNX3336.JPG,RCNX3336.JPG,HLC20-H3_2023_202303170444_RCNX3336.jpg,0.9068347811698914,904.568359375,202.33151245117188,389.08642578125,809.718994140625,2048,1440,389,809
HLC20-H3,2023,202303170444,PP,0,/Volumes/Seagate Portable Drive/KYLE_AI_DATABASE/A_CAMERA/Focal_species/Gulo gulo/HLC20-H3/PP/2023/B&W/Robust marks/03.17-04.44/RCNX3337.JPG,RCNX3337.JPG,HLC20-H3_2023_202303170444_RCNX3337.jpg,0.9047102332115173,856.408447265625,205.45004272460938,437.5146484375,815.7593994140625,2048,1440,437,815
HLC20-H3,2023,202303170444,PP,0,/Volumes/Seagate Portable Drive/KYLE_AI_DATABASE/A_CAMERA/Focal_species/Gulo gulo/HLC20-H3/PP/2023/B&W/Robust marks/03.17-04.44/RCNX3338.JPG,RCNX3338.JPG,HLC20-H3_2023_202303170444_RCNX3338.jpg,0.9229792952537537,931.8377075195312,202.26644897460938,382.69085693359375,789.5235595703125,2048,1440,382,789
HLC20-H3,2023,202303170444,PP,0,/Volumes/Seagate Portable Drive/KYLE_AI_DATABASE/A_CAMERA/Focal_species/Gulo gulo/HLC20-H3/PP/2023/B&W/Robust marks/03.17-04.44/RCNX3339.JPG,RCNX3339.JPG,HLC20-H3_2023_202303170444_RCNX3339.jpg,0.8310254812240601,929.9365234375,212.8999481201172,374.854736328125,636.2559204101562,2048,1440,374,636
HLC20-H3,2023,202303170444,PP,0,/Volumes/Seagate Portable Drive/KYLE_AI_DATABASE/A_CAMERA/Focal_species/Gulo gulo/HLC20-H3/PP/2023/B&W/Robust marks/03.17-04.44/RCNX3341.JPG,RCNX3341.JPG,HLC20-H3_2023_202303170444_RCNX3341.jpg,0.8049968481063843,935.5422973632812,218.2461395263672,372.25262451171875,606.0571899414062,2048,1440,372,606
HLC20-H3,2023,202303170444,PP,0,/Volumes/Seagate Portable Drive/KYLE_AI_DATABASE/A_CAMERA/Focal_species/Gulo gulo/HLC20-H3/PP/2023/B&W/Robust marks/03.17-04.44/RCNX3342.JPG,RCNX3342.JPG,HLC20-H3_2023_202303170444_RCNX3342.jpg,0.8635472059249878,862.2325439453125,214.7850341796875,445.72119140625,604.0581665039062,2048,1440,445,604
HLC20-H3,2023,202303170444,PP,0,/Volumes/Seagate Portable Drive/KYLE_AI_DATABASE/A_CAMERA/Focal_species/Gulo gulo/HLC20-H3/PP/2023/B&W/Robust marks/03.17-04.44/RCNX3343.JPG,RCNX3343.JPG,HLC20-H3_2023_202303170444_RCNX3343.jpg,0.8971216678619385,905.8711547851562,226.0955810546875,429.12127685546875,786.61572265625,2048,1440,429,786
HLC20-H3,2023,202303170444,PP,0,/Volumes/Seagate Portable Drive/KYLE_AI_DATABASE/A_CAMERA/Focal_species/Gulo gulo/HLC20-H3/PP/2023/B&W/Robust marks/03.17-04.44/RCNX3345.JPG,RCNX3345.JPG,HLC20-H3_2023_202303170444_RCNX3345.jpg,0.9184091687202454,974.974853515625,241.52334594726562,359.723876953125,780.014404296875,2048,1440,359,780
HLC20-H3,2023,202303170444,PP,0,/Volumes/Seagate Portable Drive/KYLE_AI_DATABASE/A_CAMERA/Focal_species/Gulo gulo/HLC20-H3/PP/2023/B&W/Robust marks/03.17-04.44/RCNX3346.JPG,RCNX3346.JPG,HLC20-H3_2023_202303170444_RCNX3346.jpg,0.8925669193267822,913.490966796875,162.69039916992188,421.020751953125,870.572509765625,2048,1440,421,870
HLC20-H3,2023,202303170444,PP,0,/Volumes/Seagate Portable Drive/KYLE_AI_DATABASE/A_CAMERA/Focal_species/Gulo gulo/HLC20-H3/PP/2023/B&W/Robust marks/03.17-04.44/RCNX3347.JPG,RCNX3347.JPG,HLC20-H3_2023_202303170444_RCNX3347.jpg,0.8917304277420044,924.0405883789062,252.89561462402344,410.28753662109375,782.6396484375,2048,1440,410,782
HLC20-H3,2023,202303170444,PP,0,/Volumes/Seagate Portable Drive/KYLE_AI_DATABASE/A_CAMERA/Focal_species/Gulo gulo/HLC20-H3/PP/2023/B&W/Robust marks/03.17-04.44/RCNX3348.JPG,RCNX3348.JPG,HLC20-H3_2023_202303170444_RCNX3348.jpg,0.8877911567687988,903.683349609375,164.8052215576172,432.03466796875,869.1244506835938,2048,1440,432,869
HLC20-H3,2023,202303170444,PP,0,/Volumes/Seagate Portable Drive/KYLE_AI_DATABASE/A_CAMERA/Focal_species/Gulo gulo/HLC20-H3/PP/2023/B&W/Robust marks/03.17-04.44/RCNX3349.JPG,RCNX3349.JPG,HLC20-H3_2023_202303170444_RCNX3349.jpg,0.9060482382774353,920.2684936523438,254.77420043945312,416.96942138671875,774.5885009765625,2048,1440,416,774
HLC20-H3,2023,202303170444,PP,0,/Volumes/Seagate Portable Drive/KYLE_AI_DATABASE/A_CAMERA/Focal_species/Gulo gulo/HLC20-H3/PP/2023/B&W/Robust marks/03.17-04.44/RCNX3350.JPG,RCNX3350.JPG,HLC20-H3_2023_202303170444_RCNX3350.jpg,0.8942370414733887,893.07275390625,190.6519317626953,445.420654296875,829.0430297851562,2048,1440,445,829
HLC20-H3,2023,202303170444,PP,0,/Volumes/Seagate Portable Drive/KYLE_AI_DATABASE/A_CAMERA/Focal_species/Gulo gulo/HLC20-H3/PP/2023/B&W/Robust marks/03.17-04.44/RCNX3351.JPG,RCNX3351.JPG,HLC20-H3_2023_202303170444_RCNX3351.jpg,0.9193627834320068,893.6322021484375,253.89974975585938,414.15478515625,568.085693359375,2048,1440,414,568
HLC20-H3,2023,202303170444,PP,0,/Volumes/Seagate Portable Drive/KYLE_AI_DATABASE/A_CAMERA/Focal_species/Gulo gulo/HLC20-H3/PP/2023/B&W/Robust marks/03.17-04.44/RCNX3352.JPG,RCNX3352.JPG,HLC20-H3_2023_202303170444_RCNX3352.jpg,0.8578111529350281,864.3734130859375,296.02587890625,468.984375,679.41552734375,2048,1440,468,679
HLC20-H3,2023,202303170444,PP,0,/Volumes/Seagate Portable Drive/KYLE_AI_DATABASE/A_CAMERA/Focal_species/Gulo gulo/HLC20-H3/PP/2023/B&W/Robust marks/03.17-04.44/RCNX3353.JPG,RCNX3353.JPG,HLC20-H3_2023_202303170444_RCNX3353.jpg,0.8823206424713135,873.838134765625,125.54137420654297,465.74560546875,861.6051025390625,2048,1440,465,861
HLC20-H3,2023,202303170444,PP,0,/Volumes/Seagate Portable Drive/KYLE_AI_DATABASE/A_CAMERA/Focal_species/Gulo gulo/HLC20-H3/PP/2023/B&W/Robust marks/03.17-04.44/RCNX3354.JPG,RCNX3354.JPG,HLC20-H3_2023_202303170444_RCNX3354.jpg,0.8375343084335327,819.6219482421875,238.96363830566406,510.33056640625,583.6419067382812,2048,1440,510,583
HLC20-H3,2023,202303170444,PP,0,/Volumes/Seagate Portable Drive/KYLE_AI_DATABASE/A_CAMERA/Focal_species/Gulo gulo/HLC20-H3/PP/2023/B&W/Robust marks/03.17-04.44/RCNX3355.JPG,RCNX3355.JPG,HLC20-H3_2023_202303170444_RCNX3355.jpg,0.871035099029541,830.0709228515625,228.02215576171875,496.510009765625,595.5269775390625,2048,1440,496,595
HLC20-H3,2023,202303170444,PP,0,/Volumes/Seagate Portable Drive/KYLE_AI_DATABASE/A_CAMERA/Focal_species/Gulo gulo/HLC20-H3/PP/2023/B&W/Robust marks/03.17-04.44/RCNX3357.JPG,RCNX3357.JPG,HLC20-H3_2023_202303170444_RCNX3357.jpg,0.8775659203529358,823.3253173828125,273.53472900390625,503.7216796875,550.334716796875,2048,1440,503,550
HLC20-H3,2023,202303170444,PP,0,/Volumes/Seagate Portable Drive/KYLE_AI_DATABASE/A_CAMERA/Focal_species/Gulo gulo/HLC20-H3/PP/2023/B&W/Robust marks/03.17-04.44/RCNX3359.JPG,RCNX3359.JPG,HLC20-H3_2023_202303170444_RCNX3359.jpg,0.8664560317993164,800.9337768554688,254.01097106933594,520.8313598632812,571.2266235351562,2048,1440,520,571
HLC20-H3,2023,202303170444,PP,0,/Volumes/Seagate Portable Drive/KYLE_AI_DATABASE/A_CAMERA/Focal_species/Gulo gulo/HLC20-H3/PP/2023/B&W/Robust marks/03.17-04.44/RCNX3360.JPG,RCNX3360.JPG,HLC20-H3_2023_202303170444_RCNX3360.jpg,0.81556236743927,849.024658203125,226.59153747558594,485.919189453125,596.9712524414062,2048,1440,485,596
HLC20-H3,2023,202303170444,PP,0,/Volumes/Seagate Portable Drive/KYLE_AI_DATABASE/A_CAMERA/Focal_species/Gulo gulo/HLC20-H3/PP/2023/B&W/Robust marks/03.17-04.44/RCNX3361.JPG,RCNX3361.JPG,HLC20-H3_2023_202303170444_RCNX3361.jpg,0.900752604007721,913.6299438476562,214.61212158203125,431.45208740234375,809.0675048828125,2048,1440,431,809
HLC20-H3,2023,202303170444,PP,0,/Volumes/Seagate Portable Drive/KYLE_AI_DATABASE/A_CAMERA/Focal_species/Gulo gulo/HLC20-H3/PP/2023/B&W/Robust marks/03.17-04.44/RCNX3362.JPG,RCNX3362.JPG,HLC20-H3_2023_202303170444_RCNX3362.jpg,0.8654152154922485,932.4784545898438,136.30467224121094,413.06072998046875,914.31689453125,2048,1440,413,914
HLC20-H3,2023,202303170444,PP,0,/Volumes/Seagate Portable Drive/KYLE_AI_DATABASE/A_CAMERA/Focal_species/Gulo gulo/HLC20-H3/PP/2023/B&W/Robust marks/03.17-04.44/RCNX3363.JPG,RCNX3363.JPG,HLC20-H3_2023_202303170444_RCNX3363.jpg,0.9021637439727783,928.8275756835938,134.46408081054688,418.67999267578125,906.753173828125,2048,1440,418,906
HLC20-H3,2023,202303170444,PP,0,/Volumes/Seagate Portable Drive/KYLE_AI_DATABASE/A_CAMERA/Focal_species/Gulo gulo/HLC20-H3/PP/2023/B&W/Robust marks/03.17-04.44/RCNX3364.JPG,RCNX3364.JPG,HLC20-H3_2023_202303170444_RCNX3364.jpg,0.8339619636535645,921.80322265625,184.08494567871094,426.830810546875,863.00146484375,2048,1440,426,863
HLC20-H3,2023,202303170444,PP,0,/Volumes/Seagate Portable Drive/KYLE_AI_DATABASE/A_CAMERA/Focal_species/Gulo gulo/HLC20-H3/PP/2023/B&W/Robust marks/03.17-04.44/RCNX3365.JPG,RCNX3365.JPG,HLC20-H3_2023_202303170444_RCNX3365.jpg,0.8400264978408813,921.5663452148438,130.8824005126953,425.31134033203125,912.5415649414062,2048,1440,425,912
HLC20-H3,2023,202303170444,PP,0,/Volumes/Seagate Portable Drive/KYLE_AI_DATABASE/A_CAMERA/Focal_species/Gulo gulo/HLC20-H3/PP/2023/B&W/Robust marks/03.17-04.44/RCNX3366.JPG,RCNX3366.JPG,HLC20-H3_2023_202303170444_RCNX3366.jpg,0.9087337851524353,922.0427856445312,133.85952758789062,426.29339599609375,905.3419189453125,2048,1440,426,905
HLC20-H3,2023,202303170444,PP,0,/Volumes/Seagate Portable Drive/KYLE_AI_DATABASE/A_CAMERA/Focal_species/Gulo gulo/HLC20-H3/PP/2023/B&W/Robust marks/03.17-04.44/RCNX3367.JPG,RCNX3367.JPG,HLC20-H3_2023_202303170444_RCNX3367.jpg,0.8419287204742432,916.3280029296875,176.7364959716797,430.53173828125,866.7219848632812,2048,1440,430,866
HLC20-H3,2023,202303170444,PP,0,/Volumes/Seagate Portable Drive/KYLE_AI_DATABASE/A_CAMERA/Focal_species/Gulo gulo/HLC20-H3/PP/2023/B&W/Robust marks/03.17-04.44/RCNX3368.JPG,RCNX3368.JPG,HLC20-H3_2023_202303170444_RCNX3368.jpg,0.9141792058944702,920.6438598632812,135.28555297851562,426.65643310546875,903.979736328125,2048,1440,426,903
HLC20-H3,2023,202303170444,PP,0,/Volumes/Seagate Portable Drive/KYLE_AI_DATABASE/A_CAMERA/Focal_species/Gulo gulo/HLC20-H3/PP/2023/B&W/Robust marks/03.17-04.44/RCNX3369.JPG,RCNX3369.JPG,HLC20-H3_2023_202303170444_RCNX3369.jpg,0.9248631000518799,923.3719482421875,135.51905822753906,427.5146484375,896.30859375,2048,1440,427,896
HLC20-H3,2023,202303170444,PP,0,/Volumes/Seagate Portable Drive/KYLE_AI_DATABASE/A_CAMERA/Focal_species/Gulo gulo/HLC20-H3/PP/2023/B&W/Robust marks/03.17-04.44/RCNX3370.JPG,RCNX3370.JPG,HLC20-H3_2023_202303170444_RCNX3370.jpg,0.9156520366668701,885.4302368164062,243.45814514160156,461.45257568359375,782.76318359375,2048,1440,461,782
HLC20-H3,2023,202303170444,PP,0,/Volumes/Seagate Portable Drive/KYLE_AI_DATABASE/A_CAMERA/Focal_species/Gulo gulo/HLC20-H3/PP/2023/B&W/Robust marks/03.17-04.44/RCNX3371.JPG,RCNX3371.JPG,HLC20-H3_2023_202303170444_RCNX3371.jpg,0.9120630621910095,939.8779907226562,287.9408264160156,388.94427490234375,717.484619140625,2048,1440,388,717
HLC20-H3,2023,202303170444,PP,0,/Volumes/Seagate Portable Drive/KYLE_AI_DATABASE/A_CAMERA/Focal_species/Gulo gulo/HLC20-H3/PP/2023/B&W/Robust marks/03.17-04.44/RCNX3372.JPG,RCNX3372.JPG,HLC20-H3_2023_202303170444_RCNX3372.jpg,0.84565669298172,897.5087280273438,278.880859375,427.33184814453125,745.4715576171875,2048,1440,427,745
HLC20-H3,2023,202303170444,PP,0,/Volumes/Seagate Portable Drive/KYLE_AI_DATABASE/A_CAMERA/Focal_species/Gulo gulo/HLC20-H3/PP/2023/B&W/Robust marks/03.17-04.44/RCNX3373.JPG,RCNX3373.JPG,HLC20-H3_2023_202303170444_RCNX3373.jpg,0.9262382984161377,925.7026977539062,289.3484802246094,405.10064697265625,734.3017578125,2048,1440,405,734
HLC20-H3,2023,202303170444,PP,0,/Volumes/Seagate Portable Drive/KYLE_AI_DATABASE/A_CAMERA/Focal_species/Gulo gulo/HLC20-H3/PP/2023/B&W/Robust marks/03.17-04.44/RCNX3374.JPG,RCNX3374.JPG,HLC20-H3_2023_202303170444_RCNX3374.jpg,0.8905487060546875,970.1300048828125,275.8635559082031,359.247314453125,748.4188232421875,2048,1440,359,748
HLC20-H3,2023,202303170444,PP,0,/Volumes/Seagate Portable Drive/KYLE_AI_DATABASE/A_CAMERA/Focal_species/Gulo gulo/HLC20-H3/PP/2023/B&W/Robust marks/03.17-04.44/RCNX3375.JPG,RCNX3375.JPG,HLC20-H3_2023_202303170444_RCNX3375.jpg,0.8729966878890991,859.0623779296875,301.30224609375,467.843505859375,713.2072143554688,2048,1440,467,713
HLC20-H3,2023,202303170444,PP,0,/Volumes/Seagate Portable Drive/KYLE_AI_DATABASE/A_CAMERA/Focal_species/Gulo gulo/HLC20-H3/PP/2023/B&W/Robust marks/03.17-04.44/RCNX3376.JPG,RCNX3376.JPG,HLC20-H3_2023_202303170444_RCNX3376.jpg,0.887686014175415,910.9183959960938,280.0784606933594,417.63653564453125,750.300537109375,2048,1440,417,750
HLC20-H3,2023,202303170444,PP,0,/Volumes/Seagate Portable Drive/KYLE_AI_DATABASE/A_CAMERA/Focal_species/Gulo gulo/HLC20-H3/PP/2023/B&W/Robust marks/03.17-04.44/RCNX3377.JPG,RCNX3377.JPG,HLC20-H3_2023_202303170444_RCNX3377.jpg,0.8826684951782227,908.40966796875,270.49493408203125,420.877685546875,757.6875610351562,2048,1440,420,757
HLC20-H3,2023,202303170444,PP,0,/Volumes/Seagate Portable Drive/KYLE_AI_DATABASE/A_CAMERA/Focal_species/Gulo gulo/HLC20-H3/PP/2023/B&W/Robust marks/03.17-04.44/RCNX3378.JPG,RCNX3378.JPG,HLC20-H3_2023_202303170444_RCNX3378.jpg,0.8589208722114563,952.8572998046875,242.83651733398438,380.5107421875,769.4217529296875,2048,1440,380,769
HLC20-H3,2023,202303170444,PP,0,/Volumes/Seagate Portable Drive/KYLE_AI_DATABASE/A_CAMERA/Focal_species/Gulo gulo/HLC20-H3/PP/2023/B&W/Robust marks/03.17-04.44/RCNX3379.JPG,RCNX3379.JPG,HLC20-H3_2023_202303170444_RCNX3379.jpg,0.90189129114151,981.37548828125,253.44493103027344,350.733154296875,740.9725952148438,2048,1440,350,740
HLC20-H3,2023,202303170444,PP,0,/Volumes/Seagate Portable Drive/KYLE_AI_DATABASE/A_CAMERA/Focal_species/Gulo gulo/HLC20-H3/PP/2023/B&W/Robust marks/03.17-04.44/RCNX3383.JPG,RCNX3383.JPG,HLC20-H3_2023_202303170444_RCNX3383.jpg,0.8287018537521362,894.666748046875,283.2249755859375,434.784423828125,730.78369140625,2048,1440,434,730
HLC20-H3,2023,202303170444,PP,0,/Volumes/Seagate Portable Drive/KYLE_AI_DATABASE/A_CAMERA/Focal_species/Gulo gulo/HLC20-H3/PP/2023/B&W/Robust marks/03.17-04.44/RCNX3384.JPG,RCNX3384.JPG,HLC20-H3_2023_202303170444_RCNX3384.jpg,0.8914681077003479,832.632568359375,253.39712524414062,497.110595703125,752.0054931640625,2048,1440,497,752
HLC20-H3,2023,202303170444,PP,0,/Volumes/Seagate Portable Drive/KYLE_AI_DATABASE/A_CAMERA/Focal_species/Gulo gulo/HLC20-H3/PP/2023/B&W/Robust marks/03.17-04.44/RCNX3385.JPG,RCNX3385.JPG,HLC20-H3_2023_202303170444_RCNX3385.jpg,0.8248133063316345,907.619384765625,253.06573486328125,421.339599609375,774.5552368164062,2048,1440,421,774
HLC20-H3,2023,202303170444,PP,0,/Volumes/Seagate Portable Drive/KYLE_AI_DATABASE/A_CAMERA/Focal_species/Gulo gulo/HLC20-H3/PP/2023/B&W/Robust marks/03.17-04.44/RCNX3386.JPG,RCNX3386.JPG,HLC20-H3_2023_202303170444_RCNX3386.jpg,0.8311839699745178,905.5030517578125,257.7786865234375,423.60498046875,775.6212158203125,2048,1440,423,775
HLC20-H3,2023,202303170444,PP,0,/Volumes/Seagate Portable Drive/KYLE_AI_DATABASE/A_CAMERA/Focal_species/Gulo gulo/HLC20-H3/PP/2023/B&W/Robust marks/03.17-04.44/RCNX3387.JPG,RCNX3387.JPG,HLC20-H3_2023_202303170444_RCNX3387.jpg,0.8444510698318481,898.7240600585938,296.5655822753906,428.01690673828125,740.443359375,2048,1440,428,740
HLC20-H3,2023,202303170444,PP,0,/Volumes/Seagate Portable Drive/KYLE_AI_DATABASE/A_CAMERA/Focal_species/Gulo gulo/HLC20-H3/PP/2023/B&W/Robust marks/03.17-04.44/RCNX3388.JPG,RCNX3388.JPG,HLC20-H3_2023_202303170444_RCNX3388.jpg,0.8421816229820251,886.162353515625,292.087890625,444.94091796875,887.32373046875,2048,1440,444,887
HLC20-H3,2023,202303170444,PP,0,/Volumes/Seagate Portable Drive/KYLE_AI_DATABASE/A_CAMERA/Focal_species/Gulo gulo/HLC20-H3/PP/2023/B&W/Robust marks/03.17-04.44/RCNX3389.JPG,RCNX3389.JPG,HLC20-H3_2023_202303170444_RCNX3389.jpg,0.8478621244430542,906.2168579101562,293.7715759277344,422.14630126953125,883.0140380859375,2048,1440,422,883
HLC20-H3,2023,202303170444,PP,0,/Volumes/Seagate Portable Drive/KYLE_AI_DATABASE/A_CAMERA/Focal_species/Gulo gulo/HLC20-H3/PP/2023/B&W/Robust marks/03.17-04.44/RCNX3390.JPG,RCNX3390.JPG,HLC20-H3_2023_202303170444_RCNX3390.jpg,0.8815458416938782,922.5186157226562,293.06884765625,416.44537353515625,691.7979736328125,2048,1440,416,691
HLC20-H3,2023,202303170444,PP,0,/Volumes/Seagate Portable Drive/KYLE_AI_DATABASE/A_CAMERA/Focal_species/Gulo gulo/HLC20-H3/PP/2023/B&W/Robust marks/03.17-04.44/RCNX3393.JPG,RCNX3393.JPG,HLC20-H3_2023_202303170444_RCNX3393.jpg,0.8732415437698364,981.7864990234375,278.48358154296875,360.2197265625,712.2866821289062,2048,1440,360,712
HLC20-H3,2023,202303170444,PP,0,/Volumes/Seagate Portable Drive/KYLE_AI_DATABASE/A_CAMERA/Focal_species/Gulo gulo/HLC20-H3/PP/2023/B&W/Robust marks/03.17-04.44/RCNX3394.JPG,RCNX3394.JPG,HLC20-H3_2023_202303170444_RCNX3394.jpg,0.9024408459663391,977.3228759765625,282.5461730957031,384.050537109375,738.752685546875,2048,1440,384,738
HLC20-H3,2023,202303170444,PP,0,/Volumes/Seagate Portable Drive/KYLE_AI_DATABASE/A_CAMERA/Focal_species/Gulo gulo/HLC20-H3/PP/2023/B&W/Robust marks/03.17-04.44/RCNX3395.JPG,RCNX3395.JPG,HLC20-H3_2023_202303170444_RCNX3395.jpg,0.8937860727310181,856.7703857421875,276.1879577636719,489.940673828125,723.66943359375,2048,1440,489,723
HLC20-H3,2023,202303170444,PP,0,/Volumes/Seagate Portable Drive/KYLE_AI_DATABASE/A_CAMERA/Focal_species/Gulo gulo/HLC20-H3/PP/2023/B&W/Robust marks/03.17-04.44/RCNX3396.JPG,RCNX3396.JPG,HLC20-H3_2023_202303170444_RCNX3396.jpg,0.9061529636383057,919.303955078125,294.527587890625,439.2919921875,728.9999389648438,2048,1440,439,728
HLC20-H3,2023,202303170444,PP,0,/Volumes/Seagate Portable Drive/KYLE_AI_DATABASE/A_CAMERA/Focal_species/Gulo gulo/HLC20-H3/PP/2023/B&W/Robust marks/03.17-04.44/RCNX3397.JPG,RCNX3397.JPG,HLC20-H3_2023_202303170444_RCNX3397.jpg,0.8543868660926819,902.7434692382812,271.4665832519531,452.37860107421875,756.93359375,2048,1440,452,756
HLC20-H3,2023,202303170444,PP,0,/Volumes/Seagate Portable Drive/KYLE_AI_DATABASE/A_CAMERA/Focal_species/Gulo gulo/HLC20-H3/PP/2023/B&W/Robust marks/03.17-04.44/RCNX3398.JPG,RCNX3398.JPG,HLC20-H3_2023_202303170444_RCNX3398.jpg,0.9002123475074768,943.3912963867188,265.12872314453125,407.06671142578125,733.0083618164062,2048,1440,407,733
HLC20-H3,2023,202303170444,PP,0,/Volumes/Seagate Portable Drive/KYLE_AI_DATABASE/A_CAMERA/Focal_species/Gulo gulo/HLC20-H3/PP/2023/B&W/Robust marks/03.17-04.44/RCNX3399.JPG,RCNX3399.JPG,HLC20-H3_2023_202303170444_RCNX3399.jpg,0.8460901379585266,996.1463623046875,290.689453125,359.19873046875,709.1747436523438,2048,1440,359,709
HLC20-H3,2023,202303170444,PP,0,/Volumes/Seagate Portable Drive/KYLE_AI_DATABASE/A_CAMERA/Focal_species/Gulo gulo/HLC20-H3/PP/2023/B&W/Robust marks/03.17-04.44/RCNX3400.JPG,RCNX3400.JPG,HLC20-H3_2023_202303170444_RCNX3400.jpg,0.8115174770355225,913.615478515625,297.6827697753906,435.707275390625,732.9781494140625,2048,1440,435,732
HLC20-H3,2023,202303170444,PP,0,/Volumes/Seagate Portable Drive/KYLE_AI_DATABASE/A_CAMERA/Focal_species/Gulo gulo/HLC20-H3/PP/2023/B&W/Robust marks/03.17-04.44/RCNX3401.JPG,RCNX3401.JPG,HLC20-H3_2023_202303170444_RCNX3401.jpg,0.9418672919273376,917.920654296875,197.8655242919922,451.437744140625,804.32275390625,2048,1440,451,804
HLC20-H3,2023,202303170444,PP,0,/Volumes/Seagate Portable Drive/KYLE_AI_DATABASE/A_CAMERA/Focal_species/Gulo gulo/HLC20-H3/PP/2023/B&W/Robust marks/03.17-04.44/RCNX3402.JPG,RCNX3402.JPG,HLC20-H3_2023_202303170444_RCNX3402.jpg,0.911443829536438,986.0467529296875,233.33853149414062,405.719482421875,775.4979248046875,2048,1440,405,775
HLC20-H3,2023,202303170444,PP,0,/Volumes/Seagate Portable Drive/KYLE_AI_DATABASE/A_CAMERA/Focal_species/Gulo gulo/HLC20-H3/PP/2023/B&W/Robust marks/03.17-04.44/RCNX3403.JPG,RCNX3403.JPG,HLC20-H3_2023_202303170444_RCNX3403.jpg,0.9214745759963989,923.4003295898438,284.1873474121094,411.11968994140625,701.6802978515625,2048,1440,411,701
HLC20-H3,2023,202303170444,PP,0,/Volumes/Seagate Portable Drive/KYLE_AI_DATABASE/A_CAMERA/Focal_species/Gulo gulo/HLC20-H3/PP/2023/B&W/Robust marks/03.17-04.44/RCNX3404.JPG,RCNX3404.JPG,HLC20-H3_2023_202303170444_RCNX3404.jpg,0.8883470892906189,960.5274658203125,300.96844482421875,395.681884765625,712.933837890625,2048,1440,395,712
HLC20-H3,2023,202303170444,PP,0,/Volumes/Seagate Portable Drive/KYLE_AI_DATABASE/A_CAMERA/Focal_species/Gulo gulo/HLC20-H3/PP/2023/B&W/Robust marks/03.17-04.44/RCNX3405.JPG,RCNX3405.JPG,HLC20-H3_2023_202303170444_RCNX3405.jpg,0.895719051361084,922.67431640625,288.56268310546875,437.0634765625,738.9800415039062,2048,1440,437,738
HLC20-H3,2023,202303170444,PP,0,/Volumes/Seagate Portable Drive/KYLE_AI_DATABASE/A_CAMERA/Focal_species/Gulo gulo/HLC20-H3/PP/2023/B&W/Robust marks/03.17-04.44/RCNX3406.JPG,RCNX3406.JPG,HLC20-H3_2023_202303170444_RCNX3406.jpg,0.933779776096344,935.12158203125,294.29168701171875,424.88037109375,735.7388305664062,2048,1440,424,735
HLC20-H3,2023,202303170444,PP,0,/Volumes/Seagate Portable Drive/KYLE_AI_DATABASE/A_CAMERA/Focal_species/Gulo gulo/HLC20-H3/PP/2023/B&W/Robust marks/03.17-04.44/RCNX3407.JPG,RCNX3407.JPG,HLC20-H3_2023_202303170444_RCNX3407.jpg,0.8879166841506958,899.3070678710938,290.38995361328125,457.71478271484375,742.6524047851562,2048,1440,457,742
HLC20-H3,2023,202303170444,PP,0,/Volumes/Seagate Portable Drive/KYLE_AI_DATABASE/A_CAMERA/Focal_species/Gulo gulo/HLC20-H3/PP/2023/B&W/Robust marks/03.17-04.44/RCNX3408.JPG,RCNX3408.JPG,HLC20-H3_2023_202303170444_RCNX3408.jpg,0.9153575897216797,913.811767578125,279.1019287109375,442.664794921875,735.6141967773438,2048,1440,442,735
HLC20-H3,2023,202303170444,PP,0,/Volumes/Seagate Portable Drive/KYLE_AI_DATABASE/A_CAMERA/Focal_species/Gulo gulo/HLC20-H3/PP/2023/B&W/Robust marks/03.17-04.44/RCNX3409.JPG,RCNX3409.JPG,HLC20-H3_2023_202303170444_RCNX3409.jpg,0.9487809538841248,1025.5692138671875,166.11676025390625,344.2763671875,799.9459228515625,2048,1440,344,799
HLC20-H3,2023,202303170444,PP,0,/Volumes/Seagate Portable Drive/KYLE_AI_DATABASE/A_CAMERA/Focal_species/Gulo gulo/HLC20-H3/PP/2023/B&W/Robust marks/03.17-04.44/RCNX3410.JPG,RCNX3410.JPG,HLC20-H3_2023_202303170444_RCNX3410.jpg,0.919984757900238,943.24462890625,204.1779022216797,416.9921875,778.5807495117188,2048,1440,416,778
HLC20-H3,2023,202303170444,PP,0,/Volumes/Seagate Portable Drive/KYLE_AI_DATABASE/A_CAMERA/Focal_species/Gulo gulo/HLC20-H3/PP/2023/B&W/Robust marks/03.17-04.44/RCNX3411.JPG,RCNX3411.JPG,HLC20-H3_2023_202303170444_RCNX3411.jpg,0.9071065783500671,979.7686767578125,299.7654724121094,379.826904296875,722.513427734375,2048,1440,379,722
HLC20-H3,2023,202303170444,PP,0,/Volumes/Seagate Portable Drive/KYLE_AI_DATABASE/A_CAMERA/Focal_species/Gulo gulo/HLC20-H3/PP/2023/B&W/Robust marks/03.17-04.44/RCNX3412.JPG,RCNX3412.JPG,HLC20-H3_2023_202303170444_RCNX3412.jpg,0.8614869117736816,956.6317138671875,277.5758361816406,403.977783203125,751.899658203125,2048,1440,403,751
HLC20-H3,2023,202303170444,PP,0,/Volumes/Seagate Portable Drive/KYLE_AI_DATABASE/A_CAMERA/Focal_species/Gulo gulo/HLC20-H3/PP/2023/B&W/Robust marks/03.17-04.44/RCNX3413.JPG,RCNX3413.JPG,HLC20-H3_2023_202303170444_RCNX3413.jpg,0.906140923500061,916.27685546875,217.88107299804688,440.865478515625,790.349365234375,2048,1440,440,790
HLC20-H3,2023,202303170444,PP,0,/Volumes/Seagate Portable Drive/KYLE_AI_DATABASE/A_CAMERA/Focal_species/Gulo gulo/HLC20-H3/PP/2023/B&W/Robust marks/03.17-04.44/RCNX3414.JPG,RCNX3414.JPG,HLC20-H3_2023_202303170444_RCNX3414.jpg,0.9358333349227905,1017.140625,75.88677215576172,346.228759765625,830.5845336914062,2048,1440,346,830
HLC20-H3,2023,202303170444,PP,0,/Volumes/Seagate Portable Drive/KYLE_AI_DATABASE/A_CAMERA/Focal_species/Gulo gulo/HLC20-H3/PP/2023/B&W/Robust marks/03.17-04.44/RCNX3415.JPG,RCNX3415.JPG,HLC20-H3_2023_202303170444_RCNX3415.jpg,0.8737591505050659,953.20703125,293.3800964355469,387.99853515625,678.1143798828125,2048,1440,387,678
HLC20-H3,2023,202303170444,PP,0,/Volumes/Seagate Portable Drive/KYLE_AI_DATABASE/A_CAMERA/Focal_species/Gulo gulo/HLC20-H3/PP/2023/B&W/Robust marks/03.17-04.44/RCNX3416.JPG,RCNX3416.JPG,HLC20-H3_2023_202303170444_RCNX3416.jpg,0.8199988603591919,858.8360595703125,237.4027557373047,486.55078125,592.55712890625,2048,1440,486,592
HLC20-H3,2023,202303170444,PP,0,/Volumes/Seagate Portable Drive/KYLE_AI_DATABASE/A_CAMERA/Focal_species/Gulo gulo/HLC20-H3/PP/2023/B&W/Robust marks/03.17-04.44/RCNX3417.JPG,RCNX3417.JPG,HLC20-H3_2023_202303170444_RCNX3417.jpg,0.8705213069915771,908.055908203125,278.71881103515625,452.49072265625,736.76171875,2048,1440,452,736
HLC20-H3,2023,202303170444,PP,0,/Volumes/Seagate Portable Drive/KYLE_AI_DATABASE/A_CAMERA/Focal_species/Gulo gulo/HLC20-H3/PP/2023/B&W/Robust marks/03.17-04.44/RCNX3418.JPG,RCNX3418.JPG,HLC20-H3_2023_202303170444_RCNX3418.jpg,0.856801450252533,917.0264282226562,206.65257263183594,438.92474365234375,797.482666015625,2048,1440,438,797
HLC20-H3,2023,202303170444,PP,0,/Volumes/Seagate Portable Drive/KYLE_AI_DATABASE/A_CAMERA/Focal_species/Gulo gulo/HLC20-H3/PP/2023/B&W/Robust marks/03.17-04.44/RCNX3419.JPG,RCNX3419.JPG,HLC20-H3_2023_202303170444_RCNX3419.jpg,0.9207764863967896,995.7293701171875,273.42498779296875,371.040283203125,720.0029907226562,2048,1440,371,720
HLC20-H3,2023,202303170444,PP,0,/Volumes/Seagate Portable Drive/KYLE_AI_DATABASE/A_CAMERA/Focal_species/Gulo gulo/HLC20-H3/PP/2023/B&W/Robust marks/03.17-04.44/RCNX3420.JPG,RCNX3420.JPG,HLC20-H3_2023_202303170444_RCNX3420.jpg,0.9213212728500366,869.4444580078125,170.96047973632812,478.04150390625,806.510986328125,2048,1440,478,806
HLC20-H3,2023,202303170444,PP,0,/Volumes/Seagate Portable Drive/KYLE_AI_DATABASE/A_CAMERA/Focal_species/Gulo gulo/HLC20-H3/PP/2023/B&W/Robust marks/03.17-04.44/RCNX3421.JPG,RCNX3421.JPG,HLC20-H3_2023_202303170444_RCNX3421.jpg,0.8890849351882935,911.4929809570312,107.73690795898438,449.45086669921875,958.8150634765625,2048,1440,449,958
HLC20-H3,2023,202303170444,PP,0,/Volumes/Seagate Portable Drive/KYLE_AI_DATABASE/A_CAMERA/Focal_species/Gulo gulo/HLC20-H3/PP/2023/B&W/Robust marks/03.17-04.44/RCNX3422.JPG,RCNX3422.JPG,HLC20-H3_2023_202303170444_RCNX3422.jpg,0.8147176504135132,963.1450805664062,96.35987854003906,404.37347412109375,926.2059936523438,2048,1440,404,926
HLC20-H3,2023,202303170444,PP,0,/Volumes/Seagate Portable Drive/KYLE_AI_DATABASE/A_CAMERA/Focal_species/Gulo gulo/HLC20-H3/PP/2023/B&W/Robust marks/03.17-04.44/RCNX3423.JPG,RCNX3423.JPG,HLC20-H3_2023_202303170444_RCNX3423.jpg,0.9067546129226685,931.33251953125,175.7342529296875,439.31640625,831.5960083007812,2048,1440,439,831
HLC20-H3,2023,202303170444,PP,0,/Volumes/Seagate Portable Drive/KYLE_AI_DATABASE/A_CAMERA/Focal_species/Gulo gulo/HLC20-H3/PP/2023/B&W/Robust marks/03.17-04.44/RCNX3424.JPG,RCNX3424.JPG,HLC20-H3_2023_202303170444_RCNX3424.jpg,0.9089199900627136,915.7425537109375,269.1242370605469,451.1201171875,746.3336181640625,2048,1440,451,746
HLC20-H3,2023,202303170444,PP,0,/Volumes/Seagate Portable Drive/KYLE_AI_DATABASE/A_CAMERA/Focal_species/Gulo gulo/HLC20-H3/PP/2023/B&W/Robust marks/03.17-04.44/RCNX3425.JPG,RCNX3425.JPG,HLC20-H3_2023_202303170444_RCNX3425.jpg,0.8487364649772644,961.717529296875,229.30126953125,401.4091796875,780.3055419921875,2048,1440,401,780
HLC20-H3,2023,202303170444,PP,0,/Volumes/Seagate Portable Drive/KYLE_AI_DATABASE/A_CAMERA/Focal_species/Gulo gulo/HLC20-H3/PP/2023/B&W/Robust marks/03.17-04.44/RCNX3426.JPG,RCNX3426.JPG,HLC20-H3_2023_202303170444_RCNX3426.jpg,0.9425669312477112,973.626953125,129.6498260498047,392.694580078125,886.6844482421875,2048,1440,392,886
HLC20-H3,2023,202303170444,PP,0,/Volumes/Seagate Portable Drive/KYLE_AI_DATABASE/A_CAMERA/Focal_species/Gulo gulo/HLC20-H3/PP/2023/B&W/Robust marks/03.17-04.44/RCNX3427.JPG,RCNX3427.JPG,HLC20-H3_2023_202303170444_RCNX3427.jpg,0.8990710377693176,875.3035888671875,269.4453125,488.253662109375,754.2051391601562,2048,1440,488,754
HLC20-H3,2023,202303170444,PP,0,/Volumes/Seagate Portable Drive/KYLE_AI_DATABASE/A_CAMERA/Focal_species/Gulo gulo/HLC20-H3/PP/2023/B&W/Robust marks/03.17-04.44/RCNX3428.JPG,RCNX3428.JPG,HLC20-H3_2023_202303170444_RCNX3428.jpg,0.9391898512840271,903.2243041992188,285.0730285644531,458.03314208984375,740.572509765625,2048,1440,458,740
HLC20-H3,2023,202303170444,PP,0,/Volumes/Seagate Portable Drive/KYLE_AI_DATABASE/A_CAMERA/Focal_species/Gulo gulo/HLC20-H3/PP/2023/B&W/Robust marks/03.17-04.44/RCNX3429.JPG,RCNX3429.JPG,HLC20-H3_2023_202303170444_RCNX3429.jpg,0.9330086708068848,920.7069702148438,282.9266052246094,455.45050048828125,717.3074951171875,2048,1440,455,717
HLC20-H3,2023,202303170444,PP,0,/Volumes/Seagate Portable Drive/KYLE_AI_DATABASE/A_CAMERA/Focal_species/Gulo gulo/HLC20-H3/PP/2023/B&W/Robust marks/03.17-04.44/RCNX3430.JPG,RCNX3430.JPG,HLC20-H3_2023_202303170444_RCNX3430.jpg,0.8432984948158264,869.2161865234375,157.2794189453125,523.980224609375,877.1280517578125,2048,1440,523,877
HLC20-H3,2023,202303170444,PP,0,/Volumes/Seagate Portable Drive/KYLE_AI_DATABASE/A_CAMERA/Focal_species/Gulo gulo/HLC20-H3/PP/2023/B&W/Robust marks/03.17-04.44/RCNX3431.JPG,RCNX3431.JPG,HLC20-H3_2023_202303170444_RCNX3431.jpg,0.9318689703941345,895.1273803710938,136.00811767578125,491.16644287109375,878.0468139648438,2048,1440,491,878
HLC20-H3,2023,202303170444,PP,0,/Volumes/Seagate Portable Drive/KYLE_AI_DATABASE/A_CAMERA/Focal_species/Gulo gulo/HLC20-H3/PP/2023/B&W/Robust marks/03.17-04.44/RCNX3432.JPG,RCNX3432.JPG,HLC20-H3_2023_202303170444_RCNX3432.jpg,0.8597373962402344,1044.91943359375,262.4114074707031,345.522216796875,742.732421875,2048,1440,345,742
HLC20-H3,2023,202303170444,PP,0,/Volumes/Seagate Portable Drive/KYLE_AI_DATABASE/A_CAMERA/Focal_species/Gulo gulo/HLC20-H3/PP/2023/B&W/Robust marks/03.17-04.44/RCNX3433.JPG,RCNX3433.JPG,HLC20-H3_2023_202303170444_RCNX3433.jpg,0.8555630445480347,951.8330078125,256.8582458496094,440.41650390625,769.040283203125,2048,1440,440,769
HLC20-H3,2023,202303170444,PP,0,/Volumes/Seagate Portable Drive/KYLE_AI_DATABASE/A_CAMERA/Focal_species/Gulo gulo/HLC20-H3/PP/2023/B&W/Robust marks/03.17-04.44/RCNX3434.JPG,RCNX3434.JPG,HLC20-H3_2023_202303170444_RCNX3434.jpg,0.9158064126968384,965.3589477539062,263.02008056640625,426.65948486328125,760.2192993164062,2048,1440,426,760
HLC20-H3,2023,202303170444,PP,0,/Volumes/Seagate Portable Drive/KYLE_AI_DATABASE/A_CAMERA/Focal_species/Gulo gulo/HLC20-H3/PP/2023/B&W/Robust marks/03.17-04.44/RCNX3435.JPG,RCNX3435.JPG,HLC20-H3_2023_202303170444_RCNX3435.jpg,0.9281080365180969,957.3896484375,288.2567138671875,434.435791015625,731.0360107421875,2048,1440,434,731
HLC20-H3,2023,202303170444,PP,0,/Volumes/Seagate Portable Drive/KYLE_AI_DATABASE/A_CAMERA/Focal_species/Gulo gulo/HLC20-H3/PP/2023/B&W/Robust marks/03.17-04.44/RCNX3436.JPG,RCNX3436.JPG,HLC20-H3_2023_202303170444_RCNX3436.jpg,0.9236055612564087,956.2040405273438,290.04754638671875,436.07891845703125,738.2711791992188,2048,1440,436,738
HLC20-H3,2023,202303170444,PP,0,/Volumes/Seagate Portable Drive/KYLE_AI_DATABASE/A_CAMERA/Focal_species/Gulo gulo/HLC20-H3/PP/2023/B&W/Robust marks/03.17-04.44/RCNX3437.JPG,RCNX3437.JPG,HLC20-H3_2023_202303170444_RCNX3437.jpg,0.9536592364311218,924.7491455078125,293.7740173339844,467.758544921875,735.1544189453125,2048,1440,467,735
HLC20-H3,2023,202303170444,PP,0,/Volumes/Seagate Portable Drive/KYLE_AI_DATABASE/A_CAMERA/Focal_species/Gulo gulo/HLC20-H3/PP/2023/B&W/Robust marks/03.17-04.44/RCNX3438.JPG,RCNX3438.JPG,HLC20-H3_2023_202303170444_RCNX3438.jpg,0.9214706420898438,954.0986938476562,292.7995910644531,440.43914794921875,736.4478759765625,2048,1440,440,736
HLC20-H3,2023,202303170444,PP,0,/Volumes/Seagate Portable Drive/KYLE_AI_DATABASE/A_CAMERA/Focal_species/Gulo gulo/HLC20-H3/PP/2023/B&W/Robust marks/03.17-04.44/RCNX3440.JPG,RCNX3440.JPG,HLC20-H3_2023_202303170444_RCNX3440.jpg,0.8612630367279053,854.586669921875,252.80459594726562,538.196044921875,761.4052734375,2048,1440,538,761
HLC20-H3,2023,202303170444,PP,0,/Volumes/Seagate Portable Drive/KYLE_AI_DATABASE/A_CAMERA/Focal_species/Gulo gulo/HLC20-H3/PP/2023/B&W/Robust marks/03.17-04.44/RCNX3441.JPG,RCNX3441.JPG,HLC20-H3_2023_202303170444_RCNX3441.jpg,0.9090167284011841,894.944091796875,179.8037872314453,495.269775390625,830.91943359375,2048,1440,495,830
HLC20-H3,2023,202303170444,PP,0,/Volumes/Seagate Portable Drive/KYLE_AI_DATABASE/A_CAMERA/Focal_species/Gulo gulo/HLC20-H3/PP/2023/B&W/Robust marks/03.17-04.44/RCNX3442.JPG,RCNX3442.JPG,HLC20-H3_2023_202303170444_RCNX3442.jpg,0.9043903946876526,967.724853515625,293.46319580078125,424.061767578125,725.634521484375,2048,1440,424,725
HLC20-H3,2023,202303170444,PP,0,/Volumes/Seagate Portable Drive/KYLE_AI_DATABASE/A_CAMERA/Focal_species/Gulo gulo/HLC20-H3/PP/2023/B&W/Robust marks/03.17-04.44/RCNX3443.JPG,RCNX3443.JPG,HLC20-H3_2023_202303170444_RCNX3443.jpg,0.8977805376052856,957.5321044921875,273.4302673339844,430.886962890625,732.0701904296875,2048,1440,430,732
HLC20-H3,2023,202303170444,PP,0,/Volumes/Seagate Portable Drive/KYLE_AI_DATABASE/A_CAMERA/Focal_species/Gulo gulo/HLC20-H3/PP/2023/B&W/Robust marks/03.17-04.44/RCNX3445.JPG,RCNX3445.JPG,HLC20-H3_2023_202303170444_RCNX3445.jpg,0.8729107975959778,937.9907836914062,183.23097229003906,453.01043701171875,829.001953125,2048,1440,453,829
HLC20-H3,2023,202303170444,PP,0,/Volumes/Seagate Portable Drive/KYLE_AI_DATABASE/A_CAMERA/Focal_species/Gulo gulo/HLC20-H3/PP/2023/B&W/Robust marks/03.17-04.44/RCNX3446.JPG,RCNX3446.JPG,HLC20-H3_2023_202303170444_RCNX3446.jpg,0.9334515333175659,935.289306640625,293.7177734375,455.8818359375,732.344970703125,2048,1440,455,732
HLC20-H3,2023,202303170444,PP,0,/Volumes/Seagate Portable Drive/KYLE_AI_DATABASE/A_CAMERA/Focal_species/Gulo gulo/HLC20-H3/PP/2023/B&W/Robust marks/03.17-04.44/RCNX3447.JPG,RCNX3447.JPG,HLC20-H3_2023_202303170444_RCNX3447.jpg,0.8820469379425049,944.2227783203125,254.826416015625,446.171142578125,776.0679931640625,2048,1440,446,776
HLC20-H3,2023,202303170444,PP,0,/Volumes/Seagate Portable Drive/KYLE_AI_DATABASE/A_CAMERA/Focal_species/Gulo gulo/HLC20-H3/PP/2023/B&W/Robust marks/03.17-04.44/RCNX3448.JPG,RCNX3448.JPG,HLC20-H3_2023_202303170444_RCNX3448.jpg,0.8950243592262268,953.7213134765625,250.78294372558594,437.511474609375,781.7305908203125,2048,1440,437,781
HLC20-H3,2023,202303170444,PP,0,/Volumes/Seagate Portable Drive/KYLE_AI_DATABASE/A_CAMERA/Focal_species/Gulo gulo/HLC20-H3/PP/2023/B&W/Robust marks/03.17-04.44/RCNX3449.JPG,RCNX3449.JPG,HLC20-H3_2023_202303170444_RCNX3449.jpg,0.9419342279434204,946.2451782226562,300.0962219238281,446.23931884765625,728.58203125,2048,1440,446,728
HLC20-H3,2023,202303170444,PP,0,/Volumes/Seagate Portable Drive/KYLE_AI_DATABASE/A_CAMERA/Focal_species/Gulo gulo/HLC20-H3/PP/2023/B&W/Robust marks/03.17-04.44/RCNX3450.JPG,RCNX3450.JPG,HLC20-H3_2023_202303170444_RCNX3450.jpg,0.9225271940231323,966.7385864257812,301.1707763671875,428.99188232421875,725.3935546875,2048,1440,428,725
HLC20-H3,2023,202303170444,PP,0,/Volumes/Seagate Portable Drive/KYLE_AI_DATABASE/A_CAMERA/Focal_species/Gulo gulo/HLC20-H3/PP/2023/B&W/Robust marks/03.17-04.44/RCNX3451.JPG,RCNX3451.JPG,HLC20-H3_2023_202303170444_RCNX3451.jpg,0.9147279858589172,894.782470703125,213.4841766357422,492.459228515625,770.2669067382812,2048,1440,492,770
HLC20-H3,2023,202303170444,PP,0,/Volumes/Seagate Portable Drive/KYLE_AI_DATABASE/A_CAMERA/Focal_species/Gulo gulo/HLC20-H3/PP/2023/B&W/Robust marks/03.17-04.44/RCNX3452.JPG,RCNX3452.JPG,HLC20-H3_2023_202303170444_RCNX3452.jpg,0.9169411659240723,1022.168701171875,272.3218994140625,380.282470703125,736.9703369140625,2048,1440,380,736
HLC20-H3,2023,202303170444,PP,0,/Volumes/Seagate Portable Drive/KYLE_AI_DATABASE/A_CAMERA/Focal_species/Gulo gulo/HLC20-H3/PP/2023/B&W/Robust marks/03.17-04.44/RCNX3453.JPG,RCNX3453.JPG,HLC20-H3_2023_202303170444_RCNX3453.jpg,0.915834903717041,911.8401489257812,285.9199523925781,485.13531494140625,722.22021484375,2048,1440,485,722
HLC20-H3,2023,202303170444,PP,0,/Volumes/Seagate Portable Drive/KYLE_AI_DATABASE/A_CAMERA/Focal_species/Gulo gulo/HLC20-H3/PP/2023/B&W/Robust marks/03.17-04.44/RCNX3454.JPG,RCNX3454.JPG,HLC20-H3_2023_202303170444_RCNX3454.jpg,0.8762425184249878,886.898193359375,256.8785095214844,500.93603515625,748.3399658203125,2048,1440,500,748
HLC20-H3,2023,202303170444,PP,0,/Volumes/Seagate Portable Drive/KYLE_AI_DATABASE/A_CAMERA/Focal_species/Gulo gulo/HLC20-H3/PP/2023/B&W/Robust marks/03.17-04.44/RCNX3455.JPG,RCNX3455.JPG,HLC20-H3_2023_202303170444_RCNX3455.jpg,0.8691014647483826,894.7293090820312,206.97705078125,493.28179931640625,792.180419921875,2048,1440,493,792
HLC20-H3,2023,202303170444,PP,0,/Volumes/Seagate Portable Drive/KYLE_AI_DATABASE/A_CAMERA/Focal_species/Gulo gulo/HLC20-H3/PP/2023/B&W/Robust marks/03.17-04.44/RCNX3456.JPG,RCNX3456.JPG,HLC20-H3_2023_202303170444_RCNX3456.jpg,0.9500427842140198,981.2227783203125,214.8558807373047,416.778076171875,805.6484985351562,2048,1440,416,805
HLC20-H3,2023,202303170444,PP,0,/Volumes/Seagate Portable Drive/KYLE_AI_DATABASE/A_CAMERA/Focal_species/Gulo gulo/HLC20-H3/PP/2023/B&W/Robust marks/03.17-04.44/RCNX3457.JPG,RCNX3457.JPG,HLC20-H3_2023_202303170444_RCNX3457.jpg,0.81601881980896,938.5658569335938,240.58213806152344,453.04168701171875,778.2186889648438,2048,1440,453,778
HLC20-H3,2023,202303170444,PP,0,/Volumes/Seagate Portable Drive/KYLE_AI_DATABASE/A_CAMERA/Focal_species/Gulo gulo/HLC20-H3/PP/2023/B&W/Robust marks/03.17-04.44/RCNX3458.JPG,RCNX3458.JPG,HLC20-H3_2023_202303170444_RCNX3458.jpg,0.9148399233818054,912.2603759765625,177.85968017578125,478.315185546875,828.8728637695312,2048,1440,478,828
HLC20-H3,2023,202303170444,PP,0,/Volumes/Seagate Portable Drive/KYLE_AI_DATABASE/A_CAMERA/Focal_species/Gulo gulo/HLC20-H3/PP/2023/B&W/Robust marks/03.17-04.44/RCNX3459.JPG,RCNX3459.JPG,HLC20-H3_2023_202303170444_RCNX3459.jpg,0.8283611536026001,1007.4710083007812,170.7032470703125,389.28900146484375,815.24560546875,2048,1440,389,815
HLC20-H3,2023,202303170444,PP,0,/Volumes/Seagate Portable Drive/KYLE_AI_DATABASE/A_CAMERA/Focal_species/Gulo gulo/HLC20-H3/PP/2023/B&W/Robust marks/03.17-04.44/RCNX3460.JPG,RCNX3460.JPG,HLC20-H3_2023_202303170444_RCNX3460.jpg,0.8938652276992798,1020.7215576171875,288.74444580078125,373.133056640625,729.86083984375,2048,1440,373,729
HLC20-H3,2023,202303170444,PP,0,/Volumes/Seagate Portable Drive/KYLE_AI_DATABASE/A_CAMERA/Focal_species/Gulo gulo/HLC20-H3/PP/2023/B&W/Robust marks/03.17-04.44/RCNX3461.JPG,RCNX3461.JPG,HLC20-H3_2023_202303170444_RCNX3461.jpg,0.9390796422958374,953.3858642578125,162.97604370117188,396.865478515625,738.641357421875,2048,1440,396,738
HLC20-H3,2023,202303170444,PP,0,/Volumes/Seagate Portable Drive/KYLE_AI_DATABASE/A_CAMERA/Focal_species/Gulo gulo/HLC20-H3/PP/2023/B&W/Robust marks/03.17-04.44/RCNX3462.JPG,RCNX3462.JPG,HLC20-H3_2023_202303170444_RCNX3462.jpg,0.9299443960189819,973.542724609375,144.27821350097656,390.142333984375,782.0917358398438,2048,1440,390,782
HLC20-H3,2023,202303170444,PP,0,/Volumes/Seagate Portable Drive/KYLE_AI_DATABASE/A_CAMERA/Focal_species/Gulo gulo/HLC20-H3/PP/2023/B&W/Robust marks/03.17-04.44/RCNX3463.JPG,RCNX3463.JPG,HLC20-H3_2023_202303170444_RCNX3463.jpg,0.9363476037979126,1005.7476196289062,188.63880920410156,373.63714599609375,783.1596069335938,2048,1440,373,783
HLC20-H3,2023,202303170444,PP,0,/Volumes/Seagate Portable Drive/KYLE_AI_DATABASE/A_CAMERA/Focal_species/Gulo gulo/HLC20-H3/PP/2023/B&W/Robust marks/03.17-04.44/RCNX3464.JPG,RCNX3464.JPG,HLC20-H3_2023_202303170444_RCNX3464.jpg,0.9292364716529846,998.2936401367188,247.42138671875,400.10369873046875,726.4942016601562,2048,1440,400,726
HLC20-H3,2023,202303170444,PP,0,/Volumes/Seagate Portable Drive/KYLE_AI_DATABASE/A_CAMERA/Focal_species/Gulo gulo/HLC20-H3/PP/2023/B&W/Robust marks/03.17-04.44/RCNX3465.JPG,RCNX3465.JPG,HLC20-H3_2023_202303170444_RCNX3465.jpg,0.9249420166015625,967.9046630859375,252.57537841796875,425.895263671875,728.6636962890625,2048,1440,425,728
HLC20-H3,2023,202303170444,PP,0,/Volumes/Seagate Portable Drive/KYLE_AI_DATABASE/A_CAMERA/Focal_species/Gulo gulo/HLC20-H3/PP/2023/B&W/Robust marks/03.17-04.44/RCNX3466.JPG,RCNX3466.JPG,HLC20-H3_2023_202303170444_RCNX3466.jpg,0.9319257736206055,964.9404296875,259.0625915527344,428.918701171875,728.5050048828125,2048,1440,428,728
HLC20-H3,2023,202303170444,PP,0,/Volumes/Seagate Portable Drive/KYLE_AI_DATABASE/A_CAMERA/Focal_species/Gulo gulo/HLC20-H3/PP/2023/B&W/Robust marks/03.17-04.44/RCNX3467.JPG,RCNX3467.JPG,HLC20-H3_2023_202303170444_RCNX3467.jpg,0.8977621793746948,930.8280029296875,277.524658203125,465.59521484375,709.6771850585938,2048,1440,465,709
HLC20-H3,2023,202303170444,PP,0,/Volumes/Seagate Portable Drive/KYLE_AI_DATABASE/A_CAMERA/Focal_species/Gulo gulo/HLC20-H3/PP/2023/B&W/Robust marks/03.17-04.44/RCNX3468.JPG,RCNX3468.JPG,HLC20-H3_2023_202303170444_RCNX3468.jpg,0.8677046895027161,929.4677734375,175.1887664794922,469.912109375,814.109375,2048,1440,469,814
HLC20-H3,2023,202303170444,PP,0,/Volumes/Seagate Portable Drive/KYLE_AI_DATABASE/A_CAMERA/Focal_species/Gulo gulo/HLC20-H3/PP/2023/B&W/Robust marks/03.17-04.44/RCNX3469.JPG,RCNX3469.JPG,HLC20-H3_2023_202303170444_RCNX3469.jpg,0.9290032982826233,910.22998046875,288.99365234375,473.810791015625,708.6630249023438,2048,1440,473,708
HLC20-H3,2023,202303170444,PP,0,/Volumes/Seagate Portable Drive/KYLE_AI_DATABASE/A_CAMERA/Focal_species/Gulo gulo/HLC20-H3/PP/2023/B&W/Robust marks/03.17-04.44/RCNX3470.JPG,RCNX3470.JPG,HLC20-H3_2023_202303170444_RCNX3470.jpg,0.9158244132995605,922.8665771484375,294.8520202636719,460.748779296875,722.302490234375,2048,1440,460,722
HLC20-H3,2023,202303170444,PP,0,/Volumes/Seagate Portable Drive/KYLE_AI_DATABASE/A_CAMERA/Focal_species/Gulo gulo/HLC20-H3/PP/2023/B&W/Robust marks/03.17-04.44/RCNX3471.JPG,RCNX3471.JPG,HLC20-H3_2023_202303170444_RCNX3471.jpg,0.8641918301582336,869.2484130859375,250.14761352539062,517.359375,755.02978515625,2048,1440,517,755
HLC20-H3,2023,202303170444,PP,0,/Volumes/Seagate Portable Drive/KYLE_AI_DATABASE/A_CAMERA/Focal_species/Gulo gulo/HLC20-H3/PP/2023/B&W/Robust marks/03.17-04.44/RCNX3472.JPG,RCNX3472.JPG,HLC20-H3_2023_202303170444_RCNX3472.jpg,0.8531348705291748,868.9681396484375,179.3730926513672,505.952392578125,799.8749389648438,2048,1440,505,799
HLC20-H3,2023,202303170444,PP,0,/Volumes/Seagate Portable Drive/KYLE_AI_DATABASE/A_CAMERA/Focal_species/Gulo gulo/HLC20-H3/PP/2023/B&W/Robust marks/03.17-04.44/RCNX3473.JPG,RCNX3473.JPG,HLC20-H3_2023_202303170444_RCNX3473.jpg,0.9257505536079407,887.887451171875,224.31687927246094,495.16357421875,778.5164184570312,2048,1440,495,778
HLC20-H3,2023,202303170444,PP,0,/Volumes/Seagate Portable Drive/KYLE_AI_DATABASE/A_CAMERA/Focal_species/Gulo gulo/HLC20-H3/PP/2023/B&W/Robust marks/03.17-04.44/RCNX3474.JPG,RCNX3474.JPG,HLC20-H3_2023_202303170444_RCNX3474.jpg,0.9006828665733337,918.0098266601562,187.1504669189453,471.81036376953125,835.3477783203125,2048,1440,471,835
HLC20-H3,2023,202303170444,PP,0,/Volumes/Seagate Portable Drive/KYLE_AI_DATABASE/A_CAMERA/Focal_species/Gulo gulo/HLC20-H3/PP/2023/B&W/Robust marks/03.17-04.44/RCNX3475.JPG,RCNX3475.JPG,HLC20-H3_2023_202303170444_RCNX3475.jpg,0.8758581876754761,914.6844482421875,223.9446258544922,481.582275390625,792.6961669921875,2048,1440,481,792
HLC20-H3,2023,202303170444,PP,0,/Volumes/Seagate Portable Drive/KYLE_AI_DATABASE/A_CAMERA/Focal_species/Gulo gulo/HLC20-H3/PP/2023/B&W/Robust marks/03.17-04.44/RCNX3476.JPG,RCNX3476.JPG,HLC20-H3_2023_202303170444_RCNX3476.jpg,0.9300808906555176,918.6290283203125,279.5462951660156,477.139404296875,742.2889404296875,2048,1440,477,742
HLC20-H3,2023,202303170444,PP,0,/Volumes/Seagate Portable Drive/KYLE_AI_DATABASE/A_CAMERA/Focal_species/Gulo gulo/HLC20-H3/PP/2023/B&W/Robust marks/03.17-04.44/RCNX3477.JPG,RCNX3477.JPG,HLC20-H3_2023_202303170444_RCNX3477.jpg,0.9228423833847046,913.2198486328125,286.0865478515625,482.355224609375,736.6837158203125,2048,1440,482,736
HLC20-H3,2023,202303170444,PP,0,/Volumes/Seagate Portable Drive/KYLE_AI_DATABASE/A_CAMERA/Focal_species/Gulo gulo/HLC20-H3/PP/2023/B&W/Robust marks/03.17-04.44/RCNX3478.JPG,RCNX3478.JPG,HLC20-H3_2023_202303170444_RCNX3478.jpg,0.8941797018051147,944.4913330078125,275.6331481933594,452.585693359375,750.4832763671875,2048,1440,452,750
HLC20-H3,2023,202303170444,PP,0,/Volumes/Seagate Portable Drive/KYLE_AI_DATABASE/A_CAMERA/Focal_species/Gulo gulo/HLC20-H3/PP/2023/B&W/Robust marks/03.17-04.44/RCNX3479.JPG,RCNX3479.JPG,HLC20-H3_2023_202303170444_RCNX3479.jpg,0.9225633144378662,917.7435302734375,279.65679931640625,477.749755859375,742.3404541015625,2048,1440,477,742
HLC20-H3,2023,202303170444,PP,0,/Volumes/Seagate Portable Drive/KYLE_AI_DATABASE/A_CAMERA/Focal_species/Gulo gulo/HLC20-H3/PP/2023/B&W/Robust marks/03.17-04.44/RCNX3480.JPG,RCNX3480.JPG,HLC20-H3_2023_202303170444_RCNX3480.jpg,0.9400200247764587,972.5558471679688,126.28887176513672,423.75286865234375,894.156982421875,2048,1440,423,894
HLC20-H3,2023,202303170444,PP,0,/Volumes/Seagate Portable Drive/KYLE_AI_DATABASE/A_CAMERA/Focal_species/Gulo gulo/HLC20-H3/PP/2023/B&W/Robust marks/03.17-04.44/RCNX3481.JPG,RCNX3481.JPG,HLC20-H3_2023_202303170444_RCNX3481.jpg,0.8775390982627869,944.2183227539062,156.40003967285156,449.00067138671875,869.4398193359375,2048,1440,449,869
HLC20-H3,2023,202303170444,PP,0,/Volumes/Seagate Portable Drive/KYLE_AI_DATABASE/A_CAMERA/Focal_species/Gulo gulo/HLC20-H3/PP/2023/B&W/Robust marks/03.17-04.44/RCNX3482.JPG,RCNX3482.JPG,HLC20-H3_2023_202303170444_RCNX3482.jpg,0.9076538681983948,929.1453857421875,221.6475372314453,466.92138671875,800.63037109375,2048,1440,466,800
HLC20-H3,2023,202303170444,PP,0,/Volumes/Seagate Portable Drive/KYLE_AI_DATABASE/A_CAMERA/Focal_species/Gulo gulo/HLC20-H3/PP/2023/B&W/Robust marks/03.17-04.44/RCNX3483.JPG,RCNX3483.JPG,HLC20-H3_2023_202303170444_RCNX3483.jpg,0.9076750874519348,891.8016357421875,200.00267028808594,481.337158203125,751.7022094726562,2048,1440,481,751
HLC20-H3,2023,202303170444,PP,0,/Volumes/Seagate Portable Drive/KYLE_AI_DATABASE/A_CAMERA/Focal_species/Gulo gulo/HLC20-H3/PP/2023/B&W/Robust marks/03.17-04.44/RCNX3484.JPG,RCNX3484.JPG,HLC20-H3_2023_202303170444_RCNX3484.jpg,0.8942040801048279,948.843505859375,149.3905487060547,446.191650390625,860.7049560546875,2048,1440,446,860
HLC20-H3,2023,202303170444,PP,0,/Volumes/Seagate Portable Drive/KYLE_AI_DATABASE/A_CAMERA/Focal_species/Gulo gulo/HLC20-H3/PP/2023/B&W/Robust marks/03.17-04.44/RCNX3485.JPG,RCNX3485.JPG,HLC20-H3_2023_202303170444_RCNX3485.jpg,0.8976573348045349,969.3468017578125,288.383544921875,425.65185546875,720.9484252929688,2048,1440,425,720
HLC20-H3,2023,202303170444,PP,0,/Volumes/Seagate Portable Drive/KYLE_AI_DATABASE/A_CAMERA/Focal_species/Gulo gulo/HLC20-H3/PP/2023/B&W/Robust marks/03.17-04.44/RCNX3486.JPG,RCNX3486.JPG,HLC20-H3_2023_202303170444_RCNX3486.jpg,0.8671932220458984,883.9091186523438,170.48387145996094,508.00714111328125,848.0755615234375,2048,1440,508,848
HLC20-H3,2023,202303170444,PP,0,/Volumes/Seagate Portable Drive/KYLE_AI_DATABASE/A_CAMERA/Focal_species/Gulo gulo/HLC20-H3/PP/2023/B&W/Robust marks/03.17-04.44/RCNX3487.JPG,RCNX3487.JPG,HLC20-H3_2023_202303170444_RCNX3487.jpg,0.902620255947113,989.9221801757812,290.4671325683594,406.64691162109375,711.3502197265625,2048,1440,406,711
HLC20-H3,2023,202303170444,PP,0,/Volumes/Seagate Portable Drive/KYLE_AI_DATABASE/A_CAMERA/Focal_species/Gulo gulo/HLC20-H3/PP/2023/B&W/Robust marks/03.17-04.44/RCNX3488.JPG,RCNX3488.JPG,HLC20-H3_2023_202303170444_RCNX3488.jpg,0.9244539737701416,919.5081787109375,296.30108642578125,470.12646484375,716.3688354492188,2048,1440,470,716
HLC20-H3,2023,202303170444,PP,0,/Volumes/Seagate Portable Drive/KYLE_AI_DATABASE/A_CAMERA/Focal_species/Gulo gulo/HLC20-H3/PP/2023/B&W/Robust marks/03.17-04.44/RCNX3489.JPG,RCNX3489.JPG,HLC20-H3_2023_202303170444_RCNX3489.jpg,0.8965626955032349,914.6611328125,149.77703857421875,475.212890625,666.7013549804688,2048,1440,475,666
HLC20-H3,2023,202303170444,PP,0,/Volumes/Seagate Portable Drive/KYLE_AI_DATABASE/A_CAMERA/Focal_species/Gulo gulo/HLC20-H3/PP/2023/B&W/Robust marks/03.17-04.44/RCNX3490.JPG,RCNX3490.JPG,HLC20-H3_2023_202303170444_RCNX3490.jpg,0.8999471664428711,907.9707641601562,153.51620483398438,474.17938232421875,831.0972900390625,2048,1440,474,831
HLC20-H3,2023,202303170444,PP,0,/Volumes/Seagate Portable Drive/KYLE_AI_DATABASE/A_CAMERA/Focal_species/Gulo gulo/HLC20-H3/PP/2023/B&W/Robust marks/03.17-04.44/RCNX3491.JPG,RCNX3491.JPG,HLC20-H3_2023_202303170444_RCNX3491.jpg,0.9252826571464539,948.70166015625,292.9857482910156,442.46240234375,727.2808837890625,2048,1440,442,727
HLC20-H3,2023,202303170444,PP,0,/Volumes/Seagate Portable Drive/KYLE_AI_DATABASE/A_CAMERA/Focal_species/Gulo gulo/HLC20-H3/PP/2023/B&W/Robust marks/03.17-04.44/RCNX3492.JPG,RCNX3492.JPG,HLC20-H3_2023_202303170444_RCNX3492.jpg,0.8985698819160461,926.5154418945312,292.60369873046875,466.29693603515625,730.0758056640625,2048,1440,466,730
HLC20-H3,2023,202303170444,PP,0,/Volumes/Seagate Portable Drive/KYLE_AI_DATABASE/A_CAMERA/Focal_species/Gulo gulo/HLC20-H3/PP/2023/B&W/Robust marks/03.17-04.44/RCNX3493.JPG,RCNX3493.JPG,HLC20-H3_2023_202303170444_RCNX3493.jpg,0.8910331726074219,968.4012451171875,298.722900390625,423.8896484375,726.7418212890625,2048,1440,423,726
HLC20-H3,2023,202303170444,PP,0,/Volumes/Seagate Portable Drive/KYLE_AI_DATABASE/A_CAMERA/Focal_species/Gulo gulo/HLC20-H3/PP/2023/B&W/Robust marks/03.17-04.44/RCNX3494.JPG,RCNX3494.JPG,HLC20-H3_2023_202303170444_RCNX3494.jpg,0.898446798324585,943.685546875,293.4873962402344,448.75439453125,735.771728515625,2048,1440,448,735
HLC20-H3,2023,202303170444,PP,0,/Volumes/Seagate Portable Drive/KYLE_AI_DATABASE/A_CAMERA/Focal_species/Gulo gulo/HLC20-H3/PP/2023/B&W/Robust marks/03.17-04.44/RCNX3495.JPG,RCNX3495.JPG,HLC20-H3_2023_202303170444_RCNX3495.jpg,0.9142317175865173,939.8571166992188,295.3748474121094,452.52838134765625,726.114501953125,2048,1440,452,726
HLC20-H3,2023,202303170444,PP,0,/Volumes/Seagate Portable Drive/KYLE_AI_DATABASE/A_CAMERA/Focal_species/Gulo gulo/HLC20-H3/PP/2023/B&W/Robust marks/03.17-04.44/RCNX3496.JPG,RCNX3496.JPG,HLC20-H3_2023_202303170444_RCNX3496.jpg,0.902077317237854,954.4589233398438,178.69554138183594,439.83013916015625,820.5979614257812,2048,1440,439,820
HLC20-H3,2023,202303170444,PP,0,/Volumes/Seagate Portable Drive/KYLE_AI_DATABASE/A_CAMERA/Focal_species/Gulo gulo/HLC20-H3/PP/2023/B&W/Robust marks/03.17-04.44/RCNX3497.JPG,RCNX3497.JPG,HLC20-H3_2023_202303170444_RCNX3497.jpg,0.9002924561500549,966.8551025390625,305.4430847167969,422.03173828125,697.360595703125,2048,1440,422,697
HLC20-H3,2023,202303170444,PP,0,/Volumes/Seagate Portable Drive/KYLE_AI_DATABASE/A_CAMERA/Focal_species/Gulo gulo/HLC20-H3/PP/2023/B&W/Robust marks/03.17-04.44/RCNX3498.JPG,RCNX3498.JPG,HLC20-H3_2023_202303170444_RCNX3498.jpg,0.9088917970657349,969.73779296875,166.39215087890625,421.595458984375,830.8297119140625,2048,1440,421,830
HLC20-H3,2023,202303170444,PP,0,/Volumes/Seagate Portable Drive/KYLE_AI_DATABASE/A_CAMERA/Focal_species/Gulo gulo/HLC20-H3/PP/2023/B&W/Robust marks/03.17-04.44/RCNX3499.JPG,RCNX3499.JPG,HLC20-H3_2023_202303170444_RCNX3499.jpg,0.9204609394073486,951.8248291015625,299.0506896972656,437.11474609375,707.988525390625,2048,1440,437,707
HLC20-H3,2023,202303170444,PP,0,/Volumes/Seagate Portable Drive/KYLE_AI_DATABASE/A_CAMERA/Focal_species/Gulo gulo/HLC20-H3/PP/2023/B&W/Robust marks/03.17-04.44/RCNX3500.JPG,RCNX3500.JPG,HLC20-H3_2023_202303170444_RCNX3500.jpg,0.9031392335891724,972.5119018554688,283.906982421875,416.99835205078125,727.5125122070312,2048,1440,416,727
HLC20-H3,2023,202303170444,PP,0,/Volumes/Seagate Portable Drive/KYLE_AI_DATABASE/A_CAMERA/Focal_species/Gulo gulo/HLC20-H3/PP/2023/B&W/Robust marks/03.17-04.44/RCNX3501.JPG,RCNX3501.JPG,HLC20-H3_2023_202303170444_RCNX3501.jpg,0.9179971218109131,1042.5780029296875,275.2311706542969,317.7646484375,738.1510009765625,2048,1440,317,738
HLC20-H3,2023,202303170444,PP,0,/Volumes/Seagate Portable Drive/KYLE_AI_DATABASE/A_CAMERA/Focal_species/Gulo gulo/HLC20-H3/PP/2023/B&W/Robust marks/03.17-04.44/RCNX3503.JPG,RCNX3503.JPG,HLC20-H3_2023_202303170444_RCNX3503.jpg,0.8162940144538879,1003.7339477539062,192.5353546142578,359.67706298828125,817.8837890625,2048,1440,359,817
HLC20-H3,2023,202303170444,PP,0,/Volumes/Seagate Portable Drive/KYLE_AI_DATABASE/A_CAMERA/Focal_species/Gulo gulo/HLC20-H3/PP/2023/B&W/Robust marks/03.17-04.44/RCNX3505.JPG,RCNX3505.JPG,HLC20-H3_2023_202303170444_RCNX3505.jpg,0.8270557522773743,1032.1116943359375,287.4325256347656,329.69189453125,728.73828125,2048,1440,329,728
HLC20-H3,2023,202303170444,PP,0,/Volumes/Seagate Portable Drive/KYLE_AI_DATABASE/A_CAMERA/Focal_species/Gulo gulo/HLC20-H3/PP/2023/B&W/Robust marks/03.17-04.44/RCNX3508.JPG,RCNX3508.JPG,HLC20-H3_2023_202303170444_RCNX3508.jpg,0.9181810021400452,1029.041748046875,280.9106750488281,340.155029296875,716.98486328125,2048,1440,340,716
HLC20-H3,2023,202303170444,PP,0,/Volumes/Seagate Portable Drive/KYLE_AI_DATABASE/A_CAMERA/Focal_species/Gulo gulo/HLC20-H3/PP/2023/B&W/Robust marks/03.17-04.44/RCNX3509.JPG,RCNX3509.JPG,HLC20-H3_2023_202303170444_RCNX3509.jpg,0.9093697667121887,1012.1152954101562,34.88365173339844,349.49127197265625,963.68994140625,2048,1440,349,963
HLC20-H3,2023,202303170444,PP,0,/Volumes/Seagate Portable Drive/KYLE_AI_DATABASE/A_CAMERA/Focal_species/Gulo gulo/HLC20-H3/PP/2023/B&W/Robust marks/03.17-04.44/RCNX3510.JPG,RCNX3510.JPG,HLC20-H3_2023_202303170444_RCNX3510.jpg,0.8962391018867493,960.0870971679688,182.56106567382812,404.55841064453125,798.8172607421875,2048,1440,404,798
HLC20-H3,2023,202303170444,PP,0,/Volumes/Seagate Portable Drive/KYLE_AI_DATABASE/A_CAMERA/Focal_species/Gulo gulo/HLC20-H3/PP/2023/B&W/Robust marks/03.17-04.44/RCNX3511.JPG,RCNX3511.JPG,HLC20-H3_2023_202303170444_RCNX3511.jpg,0.9480308294296265,875.779541015625,266.1845397949219,447.200439453125,698.834716796875,2048,1440,447,698
HLC20-H3,2023,202303170444,PP,0,/Volumes/Seagate Portable Drive/KYLE_AI_DATABASE/A_CAMERA/Focal_species/Gulo gulo/HLC20-H3/PP/2023/B&W/Robust marks/03.17-04.44/RCNX3512.JPG,RCNX3512.JPG,HLC20-H3_2023_202303170444_RCNX3512.jpg,0.9175876975059509,1014.8320922851562,106.8851318359375,367.76153564453125,900.6234130859375,2048,1440,367,900
HLC20-H3,2023,202303170444,PP,0,/Volumes/Seagate Portable Drive/KYLE_AI_DATABASE/A_CAMERA/Focal_species/Gulo gulo/HLC20-H3/PP/2023/B&W/Robust marks/03.17-04.44/RCNX3513.JPG,RCNX3513.JPG,HLC20-H3_2023_202303170444_RCNX3513.jpg,0.8737168312072754,989.1454467773438,159.87103271484375,370.58258056640625,820.4141235351562,2048,1440,370,820
HLC20-H3,2023,202303170444,PP,0,/Volumes/Seagate Portable Drive/KYLE_AI_DATABASE/A_CAMERA/Focal_species/Gulo gulo/HLC20-H3/PP/2023/B&W/Robust marks/03.17-04.44/RCNX3514.JPG,RCNX3514.JPG,HLC20-H3_2023_202303170444_RCNX3514.jpg,0.9144408702850342,1018.377685546875,158.75274658203125,359.4150390625,844.6270751953125,2048,1440,359,844
HLC20-H3,2023,202303170444,PP,0,/Volumes/Seagate Portable Drive/KYLE_AI_DATABASE/A_CAMERA/Focal_species/Gulo gulo/HLC20-H3/PP/2023/B&W/Robust marks/03.17-04.44/RCNX3515.JPG,RCNX3515.JPG,HLC20-H3_2023_202303170444_RCNX3515.jpg,0.8445734977722168,970.2693481445312,151.40452575683594,421.55291748046875,853.6058959960938,2048,1440,421,853
HLC20-H3,2023,202303170444,PP,0,/Volumes/Seagate Portable Drive/KYLE_AI_DATABASE/A_CAMERA/Focal_species/Gulo gulo/HLC20-H3/PP/2023/B&W/Robust marks/03.17-04.44/RCNX3516.JPG,RCNX3516.JPG,HLC20-H3_2023_202303170444_RCNX3516.jpg,0.8884454965591431,967.568603515625,127.9310302734375,412.28076171875,879.5972900390625,2048,1440,412,879
HLC20-H3,2023,202303170444,PP,0,/Volumes/Seagate Portable Drive/KYLE_AI_DATABASE/A_CAMERA/Focal_species/Gulo gulo/HLC20-H3/PP/2023/B&W/Robust marks/03.17-04.44/RCNX3519.JPG,RCNX3519.JPG,HLC20-H3_2023_202303170444_RCNX3519.jpg,0.8964918851852417,1019.4576416015625,209.71694946289062,355.521728515625,806.27978515625,2048,1440,355,806
HLC20-H3,2023,202303170444,PP,0,/Volumes/Seagate Portable Drive/KYLE_AI_DATABASE/A_CAMERA/Focal_species/Gulo gulo/HLC20-H3/PP/2023/B&W/Robust marks/03.17-04.44/RCNX3520.JPG,RCNX3520.JPG,HLC20-H3_2023_202303170444_RCNX3520.jpg,0.9005927443504333,976.3650512695312,104.56726837158203,405.00274658203125,904.6176147460938,2048,1440,405,904
HLC20-H3,2023,202303170444,PP,0,/Volumes/Seagate Portable Drive/KYLE_AI_DATABASE/A_CAMERA/Focal_species/Gulo gulo/HLC20-H3/PP/2023/B&W/Robust marks/03.17-04.44/RCNX3521.JPG,RCNX3521.JPG,HLC20-H3_2023_202303170444_RCNX3521.jpg,0.8887522220611572,1026.6075439453125,204.10997009277344,345.362060546875,823.9373779296875,2048,1440,345,823
HLC20-H3,2023,202303170444,PP,0,/Volumes/Seagate Portable Drive/KYLE_AI_DATABASE/A_CAMERA/Focal_species/Gulo gulo/HLC20-H3/PP/2023/B&W/Robust marks/03.17-04.44/RCNX3522.JPG,RCNX3522.JPG,HLC20-H3_2023_202303170444_RCNX3522.jpg,0.8907245993614197,988.7589721679688,211.6727752685547,384.38555908203125,804.8494262695312,2048,1440,384,804
HLC20-H3,2023,202303170444,PP,0,/Volumes/Seagate Portable Drive/KYLE_AI_DATABASE/A_CAMERA/Focal_species/Gulo gulo/HLC20-H3/PP/2023/B&W/Robust marks/03.17-04.44/RCNX3523.JPG,RCNX3523.JPG,HLC20-H3_2023_202303170444_RCNX3523.jpg,0.8864023685455322,1031.9072265625,234.3776397705078,341.99755859375,786.5831909179688,2048,1440,341,786
HLC20-H3,2023,202303170444,PP,0,/Volumes/Seagate Portable Drive/KYLE_AI_DATABASE/A_CAMERA/Focal_species/Gulo gulo/HLC20-H3/PP/2023/B&W/Robust marks/03.17-04.44/RCNX3524.JPG,RCNX3524.JPG,HLC20-H3_2023_202303170444_RCNX3524.jpg,0.907077968120575,1017.741943359375,159.01736450195312,358.5869140625,860.27685546875,2048,1440,358,860
HLC20-H3,2023,202303170444,PP,0,/Volumes/Seagate Portable Drive/KYLE_AI_DATABASE/A_CAMERA/Focal_species/Gulo gulo/HLC20-H3/PP/2023/B&W/Robust marks/03.17-04.44/RCNX3525.JPG,RCNX3525.JPG,HLC20-H3_2023_202303170444_RCNX3525.jpg,0.8931049704551697,987.825927734375,223.79867553710938,381.4140625,798.89306640625,2048,1440,381,798
HLC20-H3,2023,202303170444,PP,0,/Volumes/Seagate Portable Drive/KYLE_AI_DATABASE/A_CAMERA/Focal_species/Gulo gulo/HLC20-H3/PP/2023/B&W/Robust marks/03.17-04.44/RCNX3526.JPG,RCNX3526.JPG,HLC20-H3_2023_202303170444_RCNX3526.jpg,0.8848851919174194,966.699951171875,228.58412170410156,408.063720703125,788.0499877929688,2048,1440,408,788
HLC20-H3,2023,202303170444,PP,0,/Volumes/Seagate Portable Drive/KYLE_AI_DATABASE/A_CAMERA/Focal_species/Gulo gulo/HLC20-H3/PP/2023/B&W/Robust marks/03.17-04.44/RCNX3527.JPG,RCNX3527.JPG,HLC20-H3_2023_202303170444_RCNX3527.jpg,0.841413676738739,1007.6201171875,218.9764862060547,365.662109375,796.022705078125,2048,1440,365,796
HLC20-H3,2023,202303170444,PP,0,/Volumes/Seagate Portable Drive/KYLE_AI_DATABASE/A_CAMERA/Focal_species/Gulo gulo/HLC20-H3/PP/2023/B&W/Robust marks/03.17-04.44/RCNX3528.JPG,RCNX3528.JPG,HLC20-H3_2023_202303170444_RCNX3528.jpg,0.878362238407135,971.5054931640625,208.43943786621094,399.985107421875,808.5848388671875,2048,1440,399,808
HLC20-H3,2023,202303170444,PP,0,/Volumes/Seagate Portable Drive/KYLE_AI_DATABASE/A_CAMERA/Focal_species/Gulo gulo/HLC20-H3/PP/2023/B&W/Robust marks/03.17-04.44/RCNX3529.JPG,RCNX3529.JPG,HLC20-H3_2023_202303170444_RCNX3529.jpg,0.8834093809127808,975.4736328125,209.14007568359375,393.783447265625,804.6592407226562,2048,1440,393,804
HLC20-H3,2023,202303170444,PP,0,/Volumes/Seagate Portable Drive/KYLE_AI_DATABASE/A_CAMERA/Focal_species/Gulo gulo/HLC20-H3/PP/2023/B&W/Robust marks/03.17-04.44/RCNX3530.JPG,RCNX3530.JPG,HLC20-H3_2023_202303170444_RCNX3530.jpg,0.8794441819190979,1033.6759033203125,215.08917236328125,338.156982421875,803.3578491210938,2048,1440,338,803
HLC20-H3,2023,202303170444,PP,0,/Volumes/Seagate Portable Drive/KYLE_AI_DATABASE/A_CAMERA/Focal_species/Gulo gulo/HLC20-H3/PP/2023/B&W/Robust marks/03.17-04.44/RCNX3531.JPG,RCNX3531.JPG,HLC20-H3_2023_202303170444_RCNX3531.jpg,0.9331828951835632,1042.32666015625,273.9936218261719,364.35107421875,724.7037353515625,2048,1440,364,724
HLC20-H3,2023,202303170444,PP,0,/Volumes/Seagate Portable Drive/KYLE_AI_DATABASE/A_CAMERA/Focal_species/Gulo gulo/HLC20-H3/PP/2023/B&W/Robust marks/03.17-04.44/RCNX3532.JPG,RCNX3532.JPG,HLC20-H3_2023_202303170444_RCNX3532.jpg,0.8837658166885376,1028.203857421875,208.41433715820312,358.588623046875,793.3204345703125,2048,1440,358,793
HLC20-H3,2023,202303170444,PP,0,/Volumes/Seagate Portable Drive/KYLE_AI_DATABASE/A_CAMERA/Focal_species/Gulo gulo/HLC20-H3/PP/2023/B&W/Robust marks/03.17-04.44/RCNX3533.JPG,RCNX3533.JPG,HLC20-H3_2023_202303170444_RCNX3533.jpg,0.8975490927696228,1029.5198974609375,222.22689819335938,354.525634765625,788.2572021484375,2048,1440,354,788
HLC20-H3,2023,202303170444,PP,0,/Volumes/Seagate Portable Drive/KYLE_AI_DATABASE/A_CAMERA/Focal_species/Gulo gulo/HLC20-H3/PP/2023/B&W/Robust marks/03.17-04.44/RCNX3534.JPG,RCNX3534.JPG,HLC20-H3_2023_202303170444_RCNX3534.jpg,0.8455430269241333,1028.0743408203125,250.2322540283203,350.5654296875,756.3942260742188,2048,1440,350,756
HLC20-H3,2023,202303170444,PP,0,/Volumes/Seagate Portable Drive/KYLE_AI_DATABASE/A_CAMERA/Focal_species/Gulo gulo/HLC20-H3/PP/2023/B&W/Robust marks/03.17-04.44/RCNX3535.JPG,RCNX3535.JPG,HLC20-H3_2023_202303170444_RCNX3535.jpg,0.9190789461135864,1049.9527587890625,147.95335388183594,335.1875,848.4168090820312,2048,1440,335,848
HLC20-H3,2023,202303170444,PP,0,/Volumes/Seagate Portable Drive/KYLE_AI_DATABASE/A_CAMERA/Focal_species/Gulo gulo/HLC20-H3/PP/2023/B&W/Robust marks/03.17-04.44/RCNX3536.JPG,RCNX3536.JPG,HLC20-H3_2023_202303170444_RCNX3536.jpg,0.8898748159408569,1050.744384765625,299.2388916015625,325.478271484375,549.5291137695312,2048,1440,325,549
HLC20-H3,2023,202303170444,PP,0,/Volumes/Seagate Portable Drive/KYLE_AI_DATABASE/A_CAMERA/Focal_species/Gulo gulo/HLC20-H3/PP/2023/B&W/Robust marks/03.17-04.44/RCNX3537.JPG,RCNX3537.JPG,HLC20-H3_2023_202303170444_RCNX3537.jpg,0.8876396417617798,1022.3890991210938,152.69227600097656,363.73760986328125,855.2724609375,2048,1440,363,855
HLC20-H3,2023,202303170444,PP,0,/Volumes/Seagate Portable Drive/KYLE_AI_DATABASE/A_CAMERA/Focal_species/Gulo gulo/HLC20-H3/PP/2023/B&W/Robust marks/03.17-04.44/RCNX3538.JPG,RCNX3538.JPG,HLC20-H3_2023_202303170444_RCNX3538.jpg,0.8388505578041077,977.5888671875,285.41754150390625,396.98046875,728.6270751953125,2048,1440,396,728
HLC20-H3,2023,202303170444,PP,0,/Volumes/Seagate Portable Drive/KYLE_AI_DATABASE/A_CAMERA/Focal_species/Gulo gulo/HLC20-H3/PP/2023/B&W/Robust marks/03.17-04.44/RCNX3539.JPG,RCNX3539.JPG,HLC20-H3_2023_202303170444_RCNX3539.jpg,0.8897423148155212,978.5113525390625,306.0785827636719,395.4033203125,703.2662353515625,2048,1440,395,703
HLC20-H3,2023,202303170444,PP,0,/Volumes/Seagate Portable Drive/KYLE_AI_DATABASE/A_CAMERA/Focal_species/Gulo gulo/HLC20-H3/PP/2023/B&W/Robust marks/03.17-04.44/RCNX3541.JPG,RCNX3541.JPG,HLC20-H3_2023_202303170444_RCNX3541.jpg,0.9346110224723816,1036.63232421875,269.31427001953125,357.694091796875,725.2537841796875,2048,1440,357,725
HLC20-H3,2023,202303170444,PP,0,/Volumes/Seagate Portable Drive/KYLE_AI_DATABASE/A_CAMERA/Focal_species/Gulo gulo/HLC20-H3/PP/2023/B&W/Robust marks/03.17-04.44/RCNX3542.JPG,RCNX3542.JPG,HLC20-H3_2023_202303170444_RCNX3542.jpg,0.8595293760299683,981.3968505859375,262.9017639160156,399.453125,740.915771484375,2048,1440,399,740
HLC20-H3,2023,202303170444,PP,0,/Volumes/Seagate Portable Drive/KYLE_AI_DATABASE/A_CAMERA/Focal_species/Gulo gulo/HLC20-H3/PP/2023/B&W/Robust marks/03.17-04.44/RCNX3543.JPG,RCNX3543.JPG,HLC20-H3_2023_202303170444_RCNX3543.jpg,0.9143781065940857,1055.596923828125,229.9589080810547,331.4951171875,764.6864013671875,2048,1440,331,764
HLC20-H3,2023,202303170444,PP,0,/Volumes/Seagate Portable Drive/KYLE_AI_DATABASE/A_CAMERA/Focal_species/Gulo gulo/HLC20-H3/PP/2023/B&W/Robust marks/03.17-04.44/RCNX3544.JPG,RCNX3544.JPG,HLC20-H3_2023_202303170444_RCNX3544.jpg,0.9036768674850464,1044.995849609375,244.37632751464844,340.37841796875,757.7933959960938,2048,1440,340,757
HLC20-H3,2023,202303170444,PP,0,/Volumes/Seagate Portable Drive/KYLE_AI_DATABASE/A_CAMERA/Focal_species/Gulo gulo/HLC20-H3/PP/2023/B&W/Robust marks/03.17-04.44/RCNX3545.JPG,RCNX3545.JPG,HLC20-H3_2023_202303170444_RCNX3545.jpg,0.90104740858078,1050.1177978515625,250.4370880126953,329.56689453125,756.3092041015625,2048,1440,329,756
HLC20-H3,2023,202303170444,PP,0,/Volumes/Seagate Portable Drive/KYLE_AI_DATABASE/A_CAMERA/Focal_species/Gulo gulo/HLC20-H3/PP/2023/B&W/Robust marks/03.17-04.44/RCNX3546.JPG,RCNX3546.JPG,HLC20-H3_2023_202303170444_RCNX3546.jpg,0.9000043869018555,1030.744873046875,238.82122802734375,354.378173828125,775.892578125,2048,1440,354,775
HLC20-H3,2023,202303170444,PP,0,/Volumes/Seagate Portable Drive/KYLE_AI_DATABASE/A_CAMERA/Focal_species/Gulo gulo/HLC20-H3/PP/2023/B&W/Robust marks/03.17-04.44/RCNX3547.JPG,RCNX3547.JPG,HLC20-H3_2023_202303170444_RCNX3547.jpg,0.865463137626648,985.367431640625,287.45233154296875,395.891845703125,726.1066284179688,2048,1440,395,726
HLC20-H3,2023,202303170444,PP,0,/Volumes/Seagate Portable Drive/KYLE_AI_DATABASE/A_CAMERA/Focal_species/Gulo gulo/HLC20-H3/PP/2023/B&W/Robust marks/03.17-04.44/RCNX3548.JPG,RCNX3548.JPG,HLC20-H3_2023_202303170444_RCNX3548.jpg,0.9220459461212158,980.5462036132812,256.60284423828125,391.31146240234375,735.25048828125,2048,1440,391,735
HLC20-H3,2023,202303170444,PP,0,/Volumes/Seagate Portable Drive/KYLE_AI_DATABASE/A_CAMERA/Focal_species/Gulo gulo/HLC20-H3/PP/2023/B&W/Robust marks/03.17-04.44/RCNX3550.JPG,RCNX3550.JPG,HLC20-H3_2023_202303170444_RCNX3550.jpg,0.9051926136016846,884.8355712890625,244.48133850097656,484.69677734375,729.2280883789062,2048,1440,484,729
HLC20-H3,2023,202303170444,PP,0,/Volumes/Seagate Portable Drive/KYLE_AI_DATABASE/A_CAMERA/Focal_species/Gulo gulo/HLC20-H3/PP/2023/B&W/Robust marks/03.17-04.44/RCNX3551.JPG,RCNX3551.JPG,HLC20-H3_2023_202303170444_RCNX3551.jpg,0.937471866607666,969.1436767578125,154.77110290527344,424.25146484375,836.072021484375,2048,1440,424,836
HLC20-H3,2023,202303170444,PP,0,/Volumes/Seagate Portable Drive/KYLE_AI_DATABASE/A_CAMERA/Focal_species/Gulo gulo/HLC20-H3/PP/2023/B&W/Robust marks/03.17-04.44/RCNX3552.JPG,RCNX3552.JPG,HLC20-H3_2023_202303170444_RCNX3552.jpg,0.9000688791275024,984.6163330078125,251.41259765625,406.998046875,748.2437133789062,2048,1440,406,748
HLC20-H3,2023,202303170444,PP,0,/Volumes/Seagate Portable Drive/KYLE_AI_DATABASE/A_CAMERA/Focal_species/Gulo gulo/HLC20-H3/PP/2023/B&W/Robust marks/03.17-04.44/RCNX3553.JPG,RCNX3553.JPG,HLC20-H3_2023_202303170444_RCNX3553.jpg,0.8764806389808655,980.7921142578125,219.2817840576172,410.266845703125,780.4076538085938,2048,1440,410,780
HLC20-H3,2023,202303170444,PP,0,/Volumes/Seagate Portable Drive/KYLE_AI_DATABASE/A_CAMERA/Focal_species/Gulo gulo/HLC20-H3/PP/2023/B&W/Robust marks/03.17-04.44/RCNX3554.JPG,RCNX3554.JPG,HLC20-H3_2023_202303170444_RCNX3554.jpg,0.9017271399497986,945.0336303710938,268.947509765625,437.02325439453125,728.2322387695312,2048,1440,437,728
HLC20-H3,2023,202303170444,PP,0,/Volumes/Seagate Portable Drive/KYLE_AI_DATABASE/A_CAMERA/Focal_species/Gulo gulo/HLC20-H3/PP/2023/B&W/Robust marks/03.17-04.44/RCNX3555.JPG,RCNX3555.JPG,HLC20-H3_2023_202303170444_RCNX3555.jpg,0.9421537518501282,910.1500244140625,278.0218200683594,479.71533203125,736.7379150390625,2048,1440,479,736
HLC20-H3,2023,202303170444,PP,0,/Volumes/Seagate Portable Drive/KYLE_AI_DATABASE/A_CAMERA/Focal_species/Gulo gulo/HLC20-H3/PP/2023/B&W/Robust marks/03.17-04.44/RCNX3556.JPG,RCNX3556.JPG,HLC20-H3_2023_202303170444_RCNX3556.jpg,0.9390457272529602,910.342529296875,269.0102844238281,479.30029296875,740.5130615234375,2048,1440,479,740
HLC20-H3,2023,202303170444,PP,0,/Volumes/Seagate Portable Drive/KYLE_AI_DATABASE/A_CAMERA/Focal_species/Gulo gulo/HLC20-H3/PP/2023/B&W/Robust marks/03.17-04.44/RCNX3557.JPG,RCNX3557.JPG,HLC20-H3_2023_202303170444_RCNX3557.jpg,0.890217661857605,906.0272827148438,251.81736755371094,480.47467041015625,762.3394775390625,2048,1440,480,762
HLC20-H3,2023,202303170444,PP,0,/Volumes/Seagate Portable Drive/KYLE_AI_DATABASE/A_CAMERA/Focal_species/Gulo gulo/HLC20-H3/PP/2023/B&W/Robust marks/03.17-04.44/RCNX3558.JPG,RCNX3558.JPG,HLC20-H3_2023_202303170444_RCNX3558.jpg,0.9313912391662598,905.820556640625,267.8056945800781,481.74755859375,740.65478515625,2048,1440,481,740
HLC20-H3,2023,202303170444,PP,0,/Volumes/Seagate Portable Drive/KYLE_AI_DATABASE/A_CAMERA/Focal_species/Gulo gulo/HLC20-H3/PP/2023/B&W/Robust marks/03.17-04.44/RCNX3559.JPG,RCNX3559.JPG,HLC20-H3_2023_202303170444_RCNX3559.jpg,0.9162677526473999,962.8519897460938,261.9266662597656,423.70904541015625,741.6373291015625,2048,1440,423,741
HLC20-H3,2023,202303170444,PP,0,/Volumes/Seagate Portable Drive/KYLE_AI_DATABASE/A_CAMERA/Focal_species/Gulo gulo/HLC20-H3/PP/2023/B&W/Robust marks/03.17-04.44/RCNX3560.JPG,RCNX3560.JPG,HLC20-H3_2023_202303170444_RCNX3560.jpg,0.8859195113182068,938.980712890625,142.07720947265625,440.538818359375,860.3934936523438,2048,1440,440,860
HLC20-H3,2023,202303170444,PP,0,/Volumes/Seagate Portable Drive/KYLE_AI_DATABASE/A_CAMERA/Focal_species/Gulo gulo/HLC20-H3/PP/2023/B&W/Robust marks/03.17-04.44/RCNX3561.JPG,RCNX3561.JPG,HLC20-H3_2023_202303170444_RCNX3561.jpg,0.9299339652061462,972.7960205078125,260.6392517089844,411.883544921875,730.403564453125,2048,1440,411,730
HLC20-H3,2023,202303170444,PP,0,/Volumes/Seagate Portable Drive/KYLE_AI_DATABASE/A_CAMERA/Focal_species/Gulo gulo/HLC20-H3/PP/2023/B&W/Robust marks/03.17-04.44/RCNX3562.JPG,RCNX3562.JPG,HLC20-H3_2023_202303170444_RCNX3562.jpg,0.9440186023712158,926.7926025390625,287.0730895996094,474.664794921875,689.0869140625,2048,1440,474,689
HLC20-H3,2023,202303170444,PP,0,/Volumes/Seagate Portable Drive/KYLE_AI_DATABASE/A_CAMERA/Focal_species/Gulo gulo/HLC20-H3/PP/2023/B&W/Robust marks/03.17-04.44/RCNX3563.JPG,RCNX3563.JPG,HLC20-H3_2023_202303170444_RCNX3563.jpg,0.9409748315811157,927.8120727539062,278.9761657714844,461.16302490234375,724.556884765625,2048,1440,461,724
HLC20-H3,2023,202303170444,PP,0,/Volumes/Seagate Portable Drive/KYLE_AI_DATABASE/A_CAMERA/Focal_species/Gulo gulo/HLC20-H3/PP/2023/B&W/Robust marks/03.17-04.44/RCNX3564.JPG,RCNX3564.JPG,HLC20-H3_2023_202303170444_RCNX3564.jpg,0.9519816637039185,924.593505859375,260.87066650390625,469.9345703125,736.8599243164062,2048,1440,469,736
HLC20-H3,2023,202303170444,PP,0,/Volumes/Seagate Portable Drive/KYLE_AI_DATABASE/A_CAMERA/Focal_species/Gulo gulo/HLC20-H3/PP/2023/B&W/Robust marks/03.17-04.44/RCNX3565.JPG,RCNX3565.JPG,HLC20-H3_2023_202303170444_RCNX3565.jpg,0.922639787197113,956.5518798828125,261.3461608886719,442.706787109375,723.18310546875,2048,1440,442,723
HLC20-H3,2023,202303170444,PP,0,/Volumes/Seagate Portable Drive/KYLE_AI_DATABASE/A_CAMERA/Focal_species/Gulo gulo/HLC20-H3/PP/2023/B&W/Robust marks/03.17-04.44/RCNX3566.JPG,RCNX3566.JPG,HLC20-H3_2023_202303170444_RCNX3566.jpg,0.8553060293197632,950.4688720703125,135.13351440429688,443.281005859375,830.2603759765625,2048,1440,443,830
HLC20-H3,2023,202303170444,PP,0,/Volumes/Seagate Portable Drive/KYLE_AI_DATABASE/A_CAMERA/Focal_species/Gulo gulo/HLC20-H3/PP/2023/B&W/Robust marks/03.17-04.44/RCNX3567.JPG,RCNX3567.JPG,HLC20-H3_2023_202303170444_RCNX3567.jpg,0.8667611479759216,926.486328125,249.23609924316406,468.384765625,750.72509765625,2048,1440,468,750
HLC20-H3,2023,202303170444,PP,0,/Volumes/Seagate Portable Drive/KYLE_AI_DATABASE/A_CAMERA/Focal_species/Gulo gulo/HLC20-H3/PP/2023/B&W/Robust marks/03.17-04.44/RCNX3568.JPG,RCNX3568.JPG,HLC20-H3_2023_202303170444_RCNX3568.jpg,0.9124102592468262,949.5927124023438,261.9177551269531,448.77239990234375,741.44384765625,2048,1440,448,741
HLC20-H3,2023,202303170444,PP,0,/Volumes/Seagate Portable Drive/KYLE_AI_DATABASE/A_CAMERA/Focal_species/Gulo gulo/HLC20-H3/PP/2023/B&W/Robust marks/03.17-04.44/RCNX3569.JPG,RCNX3569.JPG,HLC20-H3_2023_202303170444_RCNX3569.jpg,0.9543271064758301,921.3264770507812,269.16851806640625,476.66107177734375,733.7683715820312,2048,1440,476,733
HLC20-H3,2023,202303170444,PP,0,/Volumes/Seagate Portable Drive/KYLE_AI_DATABASE/A_CAMERA/Focal_species/Gulo gulo/HLC20-H3/PP/2023/B&W/Robust marks/03.17-04.44/RCNX3570.JPG,RCNX3570.JPG,HLC20-H3_2023_202303170444_RCNX3570.jpg,0.9461965560913086,926.0138549804688,269.2564392089844,470.93597412109375,736.5594482421875,2048,1440,470,736
HLC20-H3,2023,202303170444,PP,0,/Volumes/Seagate Portable Drive/KYLE_AI_DATABASE/A_CAMERA/Focal_species/Gulo gulo/HLC20-H3/PP/2023/B&W/Robust marks/03.17-04.44/RCNX3571.JPG,RCNX3571.JPG,HLC20-H3_2023_202303170444_RCNX3571.jpg,0.9182447195053101,954.6067504882812,264.68231201171875,443.57586669921875,760.3026733398438,2048,1440,443,760
HLC20-H3,2023,202303170444,PP,0,/Volumes/Seagate Portable Drive/KYLE_AI_DATABASE/A_CAMERA/Focal_species/Gulo gulo/HLC20-H3/PP/2023/B&W/Robust marks/03.17-04.44/RCNX3572.JPG,RCNX3572.JPG,HLC20-H3_2023_202303170444_RCNX3572.jpg,0.9043356776237488,981.73388671875,265.8839111328125,422.4462890625,758.215087890625,2048,1440,422,758
HLC20-H3,2023,202303170444,PP,0,/Volumes/Seagate Portable Drive/KYLE_AI_DATABASE/A_CAMERA/Focal_species/Gulo gulo/HLC20-H3/PP/2023/B&W/Robust marks/03.17-04.44/RCNX3575.JPG,RCNX3575.JPG,HLC20-H3_2023_202303170444_RCNX3575.jpg,0.8767910599708557,948.373779296875,272.5638122558594,449.571044921875,749.3681640625,2048,1440,449,749
HLC20-H3,2023,202303170444,PP,0,/Volumes/Seagate Portable Drive/KYLE_AI_DATABASE/A_CAMERA/Focal_species/Gulo gulo/HLC20-H3/PP/2023/B&W/Robust marks/03.17-04.44/RCNX3576.JPG,RCNX3576.JPG,HLC20-H3_2023_202303170444_RCNX3576.jpg,0.9064256548881531,943.593505859375,281.47796630859375,453.299560546875,744.2532348632812,2048,1440,453,744
HLC20-H3,2023,202303170444,PP,0,/Volumes/Seagate Portable Drive/KYLE_AI_DATABASE/A_CAMERA/Focal_species/Gulo gulo/HLC20-H3/PP/2023/B&W/Robust marks/03.17-04.44/RCNX3577.JPG,RCNX3577.JPG,HLC20-H3_2023_202303170444_RCNX3577.jpg,0.945307731628418,922.2242431640625,276.97967529296875,477.17431640625,742.8966064453125,2048,1440,477,742
HLC20-H3,2023,202303170444,PP,0,/Volumes/Seagate Portable Drive/KYLE_AI_DATABASE/A_CAMERA/Focal_species/Gulo gulo/HLC20-H3/PP/2023/B&W/Robust marks/03.17-04.44/RCNX3578.JPG,RCNX3578.JPG,HLC20-H3_2023_202303170444_RCNX3578.jpg,0.9466142654418945,923.2448120117188,269.11346435546875,476.41400146484375,742.5604248046875,2048,1440,476,742
HLC20-H3,2023,202303170444,PP,0,/Volumes/Seagate Portable Drive/KYLE_AI_DATABASE/A_CAMERA/Focal_species/Gulo gulo/HLC20-H3/PP/2023/B&W/Robust marks/03.17-04.44/RCNX3579.JPG,RCNX3579.JPG,HLC20-H3_2023_202303170444_RCNX3579.jpg,0.9188210964202881,897.0565185546875,263.24365234375,506.150634765625,739.62451171875,2048,1440,506,739
HLC20-H3,2023,202303170444,PP,0,/Volumes/Seagate Portable Drive/KYLE_AI_DATABASE/A_CAMERA/Focal_species/Gulo gulo/HLC20-H3/PP/2023/B&W/Robust marks/03.17-04.44/RCNX3580.JPG,RCNX3580.JPG,HLC20-H3_2023_202303170444_RCNX3580.jpg,0.8469011187553406,808.8209228515625,222.76951599121094,570.07080078125,700.6409912109375,2048,1440,570,700
HLC20-H3,2023,202303170444,PP,0,/Volumes/Seagate Portable Drive/KYLE_AI_DATABASE/A_CAMERA/Focal_species/Gulo gulo/HLC20-H3/PP/2023/B&W/Robust marks/03.17-04.44/RCNX3581.JPG,RCNX3581.JPG,HLC20-H3_2023_202303170444_RCNX3581.jpg,0.9291912913322449,852.1594848632812,266.5524597167969,545.5917358398438,713.5166015625,2048,1440,545,713
HLC20-H3,2023,202303170444,PP,0,/Volumes/Seagate Portable Drive/KYLE_AI_DATABASE/A_CAMERA/Focal_species/Gulo gulo/HLC20-H3/PP/2023/B&W/Robust marks/03.17-04.44/RCNX3582.JPG,RCNX3582.JPG,HLC20-H3_2023_202303170444_RCNX3582.jpg,0.9268359541893005,876.454345703125,245.56773376464844,525.83203125,743.725341796875,2048,1440,525,743
HLC20-H3,2023,202303170444,PP,0,/Volumes/Seagate Portable Drive/KYLE_AI_DATABASE/A_CAMERA/Focal_species/Gulo gulo/HLC20-H3/PP/2023/B&W/Robust marks/03.17-04.44/RCNX3583.JPG,RCNX3583.JPG,HLC20-H3_2023_202303170444_RCNX3583.jpg,0.9062917232513428,1024.8883056640625,155.93020629882812,359.317626953125,857.803466796875,2048,1440,359,857
HLC20-H3,2023,202303170444,PP,0,/Volumes/Seagate Portable Drive/KYLE_AI_DATABASE/A_CAMERA/Focal_species/Gulo gulo/HLC20-H3/PP/2023/B&W/Robust marks/03.17-04.44/RCNX3584.JPG,RCNX3584.JPG,HLC20-H3_2023_202303170444_RCNX3584.jpg,0.8855801224708557,915.3406372070312,277.0574645996094,485.32196044921875,537.36962890625,2048,1440,485,537
HLC20-H3,2023,202303170444,PP,0,/Volumes/Seagate Portable Drive/KYLE_AI_DATABASE/A_CAMERA/Focal_species/Gulo gulo/HLC20-H3/PP/2023/B&W/Robust marks/03.17-04.44/RCNX3585.JPG,RCNX3585.JPG,HLC20-H3_2023_202303170444_RCNX3585.jpg,0.924190878868103,924.594482421875,280.80548095703125,470.808837890625,738.6021118164062,2048,1440,470,738
HLC20-H3,2023,202303170444,PP,0,/Volumes/Seagate Portable Drive/KYLE_AI_DATABASE/A_CAMERA/Focal_species/Gulo gulo/HLC20-H3/PP/2023/B&W/Robust marks/03.17-04.44/RCNX3586.JPG,RCNX3586.JPG,HLC20-H3_2023_202303170444_RCNX3586.jpg,0.9144176840782166,956.6995849609375,274.2374267578125,444.081787109375,739.0172119140625,2048,1440,444,739
HLC20-H3,2023,202303170444,PP,0,/Volumes/Seagate Portable Drive/KYLE_AI_DATABASE/A_CAMERA/Focal_species/Gulo gulo/HLC20-H3/PP/2023/B&W/Robust marks/03.17-04.44/RCNX3587.JPG,RCNX3587.JPG,HLC20-H3_2023_202303170444_RCNX3587.jpg,0.8343489766120911,933.4035034179688,270.4361572265625,468.22991943359375,551.0523071289062,2048,1440,468,551
HLC20-H3,2023,202303170444,PP,0,/Volumes/Seagate Portable Drive/KYLE_AI_DATABASE/A_CAMERA/Focal_species/Gulo gulo/HLC20-H3/PP/2023/B&W/Robust marks/03.17-04.44/RCNX3588.JPG,RCNX3588.JPG,HLC20-H3_2023_202303170444_RCNX3588.jpg,0.9099463820457458,919.4966430664062,277.00347900390625,480.19427490234375,732.6019897460938,2048,1440,480,732
HLC20-H3,2023,202303170444,PP,0,/Volumes/Seagate Portable Drive/KYLE_AI_DATABASE/A_CAMERA/Focal_species/Gulo gulo/HLC20-H3/PP/2023/B&W/Robust marks/03.17-04.44/RCNX3589.JPG,RCNX3589.JPG,HLC20-H3_2023_202303170444_RCNX3589.jpg,0.9239961504936218,916.360595703125,259.6065368652344,485.385009765625,737.2681884765625,2048,1440,485,737
HLC20-H3,2023,202303170444,PP,0,/Volumes/Seagate Portable Drive/KYLE_AI_DATABASE/A_CAMERA/Focal_species/Gulo gulo/HLC20-H3/PP/2023/B&W/Robust marks/03.17-04.44/RCNX3590.JPG,RCNX3590.JPG,HLC20-H3_2023_202303170444_RCNX3590.jpg,0.9417989253997803,834.410888671875,275.2875061035156,573.073974609375,714.545166015625,2048,1440,573,714
HLC20-H3,2023,202303170444,PP,0,/Volumes/Seagate Portable Drive/KYLE_AI_DATABASE/A_CAMERA/Focal_species/Gulo gulo/HLC20-H3/PP/2023/B&W/Robust marks/03.17-04.44/RCNX3591.JPG,RCNX3591.JPG,HLC20-H3_2023_202303170444_RCNX3591.jpg,0.8232645988464355,889.9239501953125,151.03488159179688,513.6953125,810.965087890625,2048,1440,513,810
HLC20-H3,2023,202303170444,PP,0,/Volumes/Seagate Portable Drive/KYLE_AI_DATABASE/A_CAMERA/Focal_species/Gulo gulo/HLC20-H3/PP/2023/B&W/Robust marks/03.17-04.44/RCNX3594.JPG,RCNX3594.JPG,HLC20-H3_2023_202303170444_RCNX3594.jpg,0.8629269599914551,953.7645263671875,163.6830291748047,453.3056640625,893.0877075195312,2048,1440,453,893
HLC20-H3,2023,202303170444,PP,0,/Volumes/Seagate Portable Drive/KYLE_AI_DATABASE/A_CAMERA/Focal_species/Gulo gulo/HLC20-H3/PP/2023/B&W/Robust marks/03.17-04.44/RCNX3595.JPG,RCNX3595.JPG,HLC20-H3_2023_202303170444_RCNX3595.jpg,0.9359777569770813,938.5570678710938,159.87437438964844,462.53228759765625,863.7482299804688,2048,1440,462,863
HLC20-H3,2023,202303170444,PP,0,/Volumes/Seagate Portable Drive/KYLE_AI_DATABASE/A_CAMERA/Focal_species/Gulo gulo/HLC20-H3/PP/2023/B&W/Robust marks/03.17-04.44/RCNX3596.JPG,RCNX3596.JPG,HLC20-H3_2023_202303170444_RCNX3596.jpg,0.9267985820770264,918.6882934570312,283.3027648925781,480.82586669921875,746.53271484375,2048,1440,480,746
HLC20-H3,2023,202303170444,PP,0,/Volumes/Seagate Portable Drive/KYLE_AI_DATABASE/A_CAMERA/Focal_species/Gulo gulo/HLC20-H3/PP/2023/B&W/Robust marks/03.17-04.44/RCNX3597.JPG,RCNX3597.JPG,HLC20-H3_2023_202303170444_RCNX3597.jpg,0.8178589344024658,982.7344360351562,220.7105255126953,413.34722900390625,820.6382446289062,2048,1440,413,820
HLC20-H3,2023,202303170444,PP,0,/Volumes/Seagate Portable Drive/KYLE_AI_DATABASE/A_CAMERA/Focal_species/Gulo gulo/HLC20-H3/PP/2023/B&W/Robust marks/03.17-04.44/RCNX3598.JPG,RCNX3598.JPG,HLC20-H3_2023_202303170444_RCNX3598.jpg,0.801312267780304,927.3645629882812,290.8450622558594,477.05572509765625,552.7342529296875,2048,1440,477,552
HLC20-H3,2023,202303170444,PP,0,/Volumes/Seagate Portable Drive/KYLE_AI_DATABASE/A_CAMERA/Focal_species/Gulo gulo/HLC20-H3/PP/2023/B&W/Robust marks/03.17-04.44/RCNX3599.JPG,RCNX3599.JPG,HLC20-H3_2023_202303170444_RCNX3599.jpg,0.9327496886253357,894.4852294921875,280.0123291015625,512.187744140625,730.0202026367188,2048,1440,512,730
HLC20-H3,2023,202303170444,PP,0,/Volumes/Seagate Portable Drive/KYLE_AI_DATABASE/A_CAMERA/Focal_species/Gulo gulo/HLC20-H3/PP/2023/B&W/Robust marks/03.17-04.44/RCNX3600.JPG,RCNX3600.JPG,HLC20-H3_2023_202303170444_RCNX3600.jpg,0.8507629632949829,1006.0682983398438,163.10977172851562,395.06817626953125,894.043212890625,2048,1440,395,894
HLC20-H3,2023,202303170444,PP,0,/Volumes/Seagate Portable Drive/KYLE_AI_DATABASE/A_CAMERA/Focal_species/Gulo gulo/HLC20-H3/PP/2023/B&W/Robust marks/03.17-04.44/RCNX3602.JPG,RCNX3602.JPG,HLC20-H3_2023_202303170444_RCNX3602.jpg,0.893130362033844,1019.6597900390625,325.0879211425781,350.825439453125,685.899169921875,2048,1440,350,685
HLC20-H3,2023,202303170444,PP,0,/Volumes/Seagate Portable Drive/KYLE_AI_DATABASE/A_CAMERA/Focal_species/Gulo gulo/HLC20-H3/PP/2023/B&W/Robust marks/03.17-04.44/RCNX3603.JPG,RCNX3603.JPG,HLC20-H3_2023_202303170444_RCNX3603.jpg,0.9311341643333435,930.619384765625,306.093505859375,430.92724609375,711.8597412109375,2048,1440,430,711
HLC20-H3,2023,202303170444,PP,0,/Volumes/Seagate Portable Drive/KYLE_AI_DATABASE/A_CAMERA/Focal_species/Gulo gulo/HLC20-H3/PP/2023/B&W/Robust marks/03.17-04.44/RCNX3604.JPG,RCNX3604.JPG,HLC20-H3_2023_202303170444_RCNX3604.jpg,0.8464487195014954,1002.0167846679688,296.5754699707031,339.93511962890625,729.305419921875,2048,1440,339,729
HLC20-H3,2023,202303170444,PP,0,/Volumes/Seagate Portable Drive/KYLE_AI_DATABASE/A_CAMERA/Focal_species/Gulo gulo/HLC20-H3/PP/2023/B&W/Robust marks/03.17-04.44/RCNX3605.JPG,RCNX3605.JPG,HLC20-H3_2023_202303170444_RCNX3605.jpg,0.8806185126304626,1037.3790283203125,292.6698913574219,306.4267578125,729.13623046875,2048,1440,306,729
HLC20-H3,2023,202303170444,PP,0,/Volumes/Seagate Portable Drive/KYLE_AI_DATABASE/A_CAMERA/Focal_species/Gulo gulo/HLC20-H3/PP/2023/B&W/Robust marks/03.17-04.44/RCNX3606.JPG,RCNX3606.JPG,HLC20-H3_2023_202303170444_RCNX3606.jpg,0.8221257925033569,1018.5404052734375,274.3271179199219,323.792236328125,606.7470703125,2048,1440,323,606
HLC20-H3,2023,202303170444,PP,0,/Volumes/Seagate Portable Drive/KYLE_AI_DATABASE/A_CAMERA/Focal_species/Gulo gulo/HLC20-H3/PP/2023/B&W/Robust marks/03.17-04.44/RCNX3609.JPG,RCNX3609.JPG,HLC20-H3_2023_202303170444_RCNX3609.jpg,0.8347892165184021,1026.6004638671875,284.7583923339844,333.233642578125,712.367919921875,2048,1440,333,712
HLC20-H3,2023,202303170444,PP,0,/Volumes/Seagate Portable Drive/KYLE_AI_DATABASE/A_CAMERA/Focal_species/Gulo gulo/HLC20-H3/PP/2023/B&W/Robust marks/03.17-04.44/RCNX3610.JPG,RCNX3610.JPG,HLC20-H3_2023_202303170444_RCNX3610.jpg,0.8699650764465332,1058.0972900390625,160.08058166503906,333.017578125,712.0927124023438,2048,1440,333,712
HLC20-H3,2023,202303170444,PP,0,/Volumes/Seagate Portable Drive/KYLE_AI_DATABASE/A_CAMERA/Focal_species/Gulo gulo/HLC20-H3/PP/2023/B&W/Robust marks/03.17-04.44/RCNX3611.JPG,RCNX3611.JPG,HLC20-H3_2023_202303170444_RCNX3611.jpg,0.9164562225341797,1019.5359497070312,263.25726318359375,376.84075927734375,749.6323852539062,2048,1440,376,749
HLC20-H3,2023,202303170444,PP,0,/Volumes/Seagate Portable Drive/KYLE_AI_DATABASE/A_CAMERA/Focal_species/Gulo gulo/HLC20-H3/PP/2023/B&W/Robust marks/03.17-04.44/RCNX3612.JPG,RCNX3612.JPG,HLC20-H3_2023_202303170444_RCNX3612.jpg,0.8379263281822205,988.450439453125,242.2571563720703,406.81591796875,772.0194091796875,2048,1440,406,772
HLC20-H3,2023,202303170444,PP,0,/Volumes/Seagate Portable Drive/KYLE_AI_DATABASE/A_CAMERA/Focal_species/Gulo gulo/HLC20-H3/PP/2023/B&W/Robust marks/03.17-04.44/RCNX3613.JPG,RCNX3613.JPG,HLC20-H3_2023_202303170444_RCNX3613.jpg,0.94632488489151,1015.4366455078125,256.0090026855469,381.430419921875,740.9114990234375,2048,1440,381,740
HLC20-H3,2023,202303170444,PP,0,/Volumes/Seagate Portable Drive/KYLE_AI_DATABASE/A_CAMERA/Focal_species/Gulo gulo/HLC20-H3/PP/2023/B&W/Robust marks/03.17-04.44/RCNX3614.JPG,RCNX3614.JPG,HLC20-H3_2023_202303170444_RCNX3614.jpg,0.8924155235290527,1052.40478515625,251.98829650878906,341.2958984375,753.0938720703125,2048,1440,341,753
HLC20-H3,2023,202303170444,PP,0,/Volumes/Seagate Portable Drive/KYLE_AI_DATABASE/A_CAMERA/Focal_species/Gulo gulo/HLC20-H3/PP/2023/B&W/Robust marks/03.17-04.44/RCNX3615.JPG,RCNX3615.JPG,HLC20-H3_2023_202303170444_RCNX3615.jpg,0.8231018781661987,992.0557250976562,154.19247436523438,402.44818115234375,855.601806640625,2048,1440,402,855
HLC20-H3,2023,202303170444,PP,0,/Volumes/Seagate Portable Drive/KYLE_AI_DATABASE/A_CAMERA/Focal_species/Gulo gulo/HLC20-H3/PP/2023/B&W/Robust marks/03.17-04.44/RCNX3616.JPG,RCNX3616.JPG,HLC20-H3_2023_202303170444_RCNX3616.jpg,0.8615179657936096,953.9182739257812,166.1542205810547,443.38385009765625,843.1201782226562,2048,1440,443,843
HLC20-H3,2023,202303170444,PP,0,/Volumes/Seagate Portable Drive/KYLE_AI_DATABASE/A_CAMERA/Focal_species/Gulo gulo/HLC20-H3/PP/2023/B&W/Robust marks/03.17-04.44/RCNX3617.JPG,RCNX3617.JPG,HLC20-H3_2023_202303170444_RCNX3617.jpg,0.9052366614341736,952.8577880859375,165.1833953857422,445.642333984375,842.4036254882812,2048,1440,445,842
HLC20-H3,2023,202303170444,PP,0,/Volumes/Seagate Portable Drive/KYLE_AI_DATABASE/A_CAMERA/Focal_species/Gulo gulo/HLC20-H3/PP/2023/B&W/Robust marks/03.17-04.44/RCNX3618.JPG,RCNX3618.JPG,HLC20-H3_2023_202303170444_RCNX3618.jpg,0.8937755227088928,941.6279907226562,161.11634826660156,456.87677001953125,849.7963256835938,2048,1440,456,849
HLC20-H3,2023,202303170444,PP,0,/Volumes/Seagate Portable Drive/KYLE_AI_DATABASE/A_CAMERA/Focal_species/Gulo gulo/HLC20-H3/PP/2023/B&W/Robust marks/03.17-04.44/RCNX3619.JPG,RCNX3619.JPG,HLC20-H3_2023_202303170444_RCNX3619.jpg,0.9359651207923889,1014.0902099609375,341.4698181152344,382.00390625,673.9373779296875,2048,1440,382,673
HLC20-H3,2023,202303170444,PP,0,/Volumes/Seagate Portable Drive/KYLE_AI_DATABASE/A_CAMERA/Focal_species/Gulo gulo/HLC20-H3/PP/2023/B&W/Robust marks/03.17-04.44/RCNX3620.JPG,RCNX3620.JPG,HLC20-H3_2023_202303170444_RCNX3620.jpg,0.8848777413368225,1008.22412109375,335.6879577636719,382.78955078125,690.9205322265625,2048,1440,382,690
HLC20-H3,2023,202303170444,PP,0,/Volumes/Seagate Portable Drive/KYLE_AI_DATABASE/A_CAMERA/Focal_species/Gulo gulo/HLC20-H3/PP/2023/B&W/Robust marks/03.17-04.44/RCNX3621.JPG,RCNX3621.JPG,HLC20-H3_2023_202303170444_RCNX3621.jpg,0.9236404895782471,943.406494140625,298.54095458984375,455.95458984375,699.3733520507812,2048,1440,455,699
HLC20-H3,2023,202303170444,PP,0,/Volumes/Seagate Portable Drive/KYLE_AI_DATABASE/A_CAMERA/Focal_species/Gulo gulo/HLC20-H3/PP/2023/B&W/Robust marks/03.17-04.44/RCNX3622.JPG,RCNX3622.JPG,HLC20-H3_2023_202303170444_RCNX3622.jpg,0.8054445385932922,965.1904296875,282.02166748046875,431.278076171875,634.8905639648438,2048,1440,431,634
HLC20-H3,2023,202303170444,PP,0,/Volumes/Seagate Portable Drive/KYLE_AI_DATABASE/A_CAMERA/Focal_species/Gulo gulo/HLC20-H3/PP/2023/B&W/Robust marks/03.17-04.44/RCNX3626.JPG,RCNX3626.JPG,HLC20-H3_2023_202303170444_RCNX3626.jpg,0.8807889819145203,918.3654174804688,272.3125915527344,474.89361572265625,739.3104248046875,2048,1440,474,739
HLC20-H3,2023,202303170444,PP,0,/Volumes/Seagate Portable Drive/KYLE_AI_DATABASE/A_CAMERA/Focal_species/Gulo gulo/HLC20-H3/PP/2023/B&W/Robust marks/03.17-04.44/RCNX3627.JPG,RCNX3627.JPG,HLC20-H3_2023_202303170444_RCNX3627.jpg,0.8346797227859497,1009.3216552734375,267.5671691894531,403.6806640625,752.8797607421875,2048,1440,403,752
HLC20-H3,2023,202303170444,PP,0,/Volumes/Seagate Portable Drive/KYLE_AI_DATABASE/A_CAMERA/Focal_species/Gulo gulo/HLC20-H3/PP/2023/B&W/Robust marks/03.17-04.44/RCNX3629.JPG,RCNX3629.JPG,HLC20-H3_2023_202303170444_RCNX3629.jpg,0.8942310214042664,885.1964111328125,285.8915100097656,508.32666015625,715.106689453125,2048,1440,508,715
HLC20-H3,2023,202303170444,PP,0,/Volumes/Seagate Portable Drive/KYLE_AI_DATABASE/A_CAMERA/Focal_species/Gulo gulo/HLC20-H3/PP/2023/B&W/Robust marks/03.17-04.44/RCNX3630.JPG,RCNX3630.JPG,HLC20-H3_2023_202303170444_RCNX3630.jpg,0.8812022805213928,977.9833374023438,302.6584777832031,423.55169677734375,715.223876953125,2048,1440,423,715
HLC20-H3,2023,202303170444,PP,0,/Volumes/Seagate Portable Drive/KYLE_AI_DATABASE/A_CAMERA/Focal_species/Gulo gulo/HLC20-H3/PP/2023/B&W/Robust marks/03.17-04.44/RCNX3631.JPG,RCNX3631.JPG,HLC20-H3_2023_202303170444_RCNX3631.jpg,0.8649503588676453,1006.9749145507812,324.3721923828125,390.95074462890625,708.9268798828125,2048,1440,390,708
HLC20-H3,2023,202303170444,PP,0,/Volumes/Seagate Portable Drive/KYLE_AI_DATABASE/A_CAMERA/Focal_species/Gulo gulo/HLC20-H3/PP/2023/B&W/Robust marks/03.17-04.44/RCNX3633.JPG,RCNX3633.JPG,HLC20-H3_2023_202303170444_RCNX3633.jpg,0.8515536189079285,1002.5779418945312,260.2147521972656,387.10321044921875,760.481689453125,2048,1440,387,760
HLC20-H3,2023,202303170444,PP,0,/Volumes/Seagate Portable Drive/KYLE_AI_DATABASE/A_CAMERA/Focal_species/Gulo gulo/HLC20-H3/PP/2023/B&W/Robust marks/03.17-04.44/RCNX3634.JPG,RCNX3634.JPG,HLC20-H3_2023_202303170444_RCNX3634.jpg,0.848548412322998,860.5870361328125,218.53660583496094,543.08740234375,799.8888549804688,2048,1440,543,799
HLC20-H3,2023,202303170444,PP,0,/Volumes/Seagate Portable Drive/KYLE_AI_DATABASE/A_CAMERA/Focal_species/Gulo gulo/HLC20-H3/PP/2023/B&W/Robust marks/03.17-04.44/RCNX3635.JPG,RCNX3635.JPG,HLC20-H3_2023_202303170444_RCNX3635.jpg,0.8870282173156738,903.8176879882812,286.39886474609375,490.88250732421875,741.0603637695312,2048,1440,490,741
HLC20-H3,2023,202303170444,PP,0,/Volumes/Seagate Portable Drive/KYLE_AI_DATABASE/A_CAMERA/Focal_species/Gulo gulo/HLC20-H3/PP/2023/B&W/Robust marks/03.17-04.44/RCNX3636.JPG,RCNX3636.JPG,HLC20-H3_2023_202303170444_RCNX3636.jpg,0.8890552520751953,898.2135009765625,228.24032592773438,497.01171875,782.5765380859375,2048,1440,497,782
HLC20-H3,2023,202303170444,PP,0,/Volumes/Seagate Portable Drive/KYLE_AI_DATABASE/A_CAMERA/Focal_species/Gulo gulo/HLC20-H3/PP/2023/B&W/Robust marks/03.17-04.44/RCNX3637.JPG,RCNX3637.JPG,HLC20-H3_2023_202303170444_RCNX3637.jpg,0.9431039690971375,844.06396484375,277.3251953125,547.694580078125,718.16650390625,2048,1440,547,718
HLC20-H3,2023,202303170444,PP,0,/Volumes/Seagate Portable Drive/KYLE_AI_DATABASE/A_CAMERA/Focal_species/Gulo gulo/HLC20-H3/PP/2023/B&W/Robust marks/03.17-04.44/RCNX3638.JPG,RCNX3638.JPG,HLC20-H3_2023_202303170444_RCNX3638.jpg,0.9024413228034973,825.6400146484375,272.9071350097656,554.255126953125,697.383544921875,2048,1440,554,697
HLC20-H3,2023,202303170444,PP,0,/Volumes/Seagate Portable Drive/KYLE_AI_DATABASE/A_CAMERA/Focal_species/Gulo gulo/HLC20-H3/PP/2023/B&W/Robust marks/03.17-04.44/RCNX3639.JPG,RCNX3639.JPG,HLC20-H3_2023_202303170444_RCNX3639.jpg,0.9389588832855225,910.95263671875,293.2257080078125,482.561767578125,722.3783569335938,2048,1440,482,722
HLC20-H3,2023,202303170444,PP,0,/Volumes/Seagate Portable Drive/KYLE_AI_DATABASE/A_CAMERA/Focal_species/Gulo gulo/HLC20-H3/PP/2023/B&W/Robust marks/03.17-04.44/RCNX3640.JPG,RCNX3640.JPG,HLC20-H3_2023_202303170444_RCNX3640.jpg,0.9357909560203552,877.598388671875,276.5851745605469,524.72412109375,732.4501953125,2048,1440,524,732
HLC20-H3,2023,202303170444,PP,0,/Volumes/Seagate Portable Drive/KYLE_AI_DATABASE/A_CAMERA/Focal_species/Gulo gulo/HLC20-H3/PP/2023/B&W/Robust marks/03.17-04.44/RCNX3641.JPG,RCNX3641.JPG,HLC20-H3_2023_202303170444_RCNX3641.jpg,0.8901752233505249,843.2567138671875,248.9486083984375,540.324951171875,721.1038208007812,2048,1440,540,721
HLC20-H3,2023,202303170444,PP,0,/Volumes/Seagate Portable Drive/KYLE_AI_DATABASE/A_CAMERA/Focal_species/Gulo gulo/HLC20-H3/PP/2023/B&W/Robust marks/03.17-04.44/RCNX3642.JPG,RCNX3642.JPG,HLC20-H3_2023_202303170444_RCNX3642.jpg,0.8960413336753845,971.640625,260.3496398925781,425.812744140625,755.379638671875,2048,1440,425,755
HLC20-H3,2023,202303170444,PP,0,/Volumes/Seagate Portable Drive/KYLE_AI_DATABASE/A_CAMERA/Focal_species/Gulo gulo/HLC20-H3/PP/2023/B&W/Robust marks/03.17-04.44/RCNX3643.JPG,RCNX3643.JPG,HLC20-H3_2023_202303170444_RCNX3643.jpg,0.8925580978393555,896.74755859375,291.80828857421875,512.992919921875,718.85546875,2048,1440,512,718
HLC20-H3,2023,202303170444,PP,0,/Volumes/Seagate Portable Drive/KYLE_AI_DATABASE/A_CAMERA/Focal_species/Gulo gulo/HLC20-H3/PP/2023/B&W/Robust marks/03.17-04.44/RCNX3644.JPG,RCNX3644.JPG,HLC20-H3_2023_202303170444_RCNX3644.jpg,0.857732892036438,942.2679443359375,278.3057861328125,443.964599609375,749.3778076171875,2048,1440,443,749
HLC20-H3,2023,202303170444,PP,0,/Volumes/Seagate Portable Drive/KYLE_AI_DATABASE/A_CAMERA/Focal_species/Gulo gulo/HLC20-H3/PP/2023/B&W/Robust marks/03.17-04.44/RCNX3645.JPG,RCNX3645.JPG,HLC20-H3_2023_202303170444_RCNX3645.jpg,0.9086373448371887,872.4247436523438,289.9400634765625,455.70672607421875,706.944091796875,2048,1440,455,706
HLC20-H3,2023,202303170444,PP,0,/Volumes/Seagate Portable Drive/KYLE_AI_DATABASE/A_CAMERA/Focal_species/Gulo gulo/HLC20-H3/PP/2023/B&W/Robust marks/03.17-04.44/RCNX3646.JPG,RCNX3646.JPG,HLC20-H3_2023_202303170444_RCNX3646.jpg,0.8669975399971008,915.7137451171875,269.2013854980469,409.265869140625,746.3162841796875,2048,1440,409,746
HLC20-H3,2023,202303170444,PP,0,/Volumes/Seagate Portable Drive/KYLE_AI_DATABASE/A_CAMERA/Focal_species/Gulo gulo/HLC20-H3/PP/2023/B&W/Robust marks/03.17-04.44/RCNX3648.JPG,RCNX3648.JPG,HLC20-H3_2023_202303170444_RCNX3648.jpg,0.8746353983879089,887.2531127929688,268.0667419433594,441.03436279296875,748.0958251953125,2048,1440,441,748
HLC20-H3,2023,202303170444,PP,0,/Volumes/Seagate Portable Drive/KYLE_AI_DATABASE/A_CAMERA/Focal_species/Gulo gulo/HLC20-H3/PP/2023/B&W/Robust marks/03.17-04.44/RCNX3649.JPG,RCNX3649.JPG,HLC20-H3_2023_202303170444_RCNX3649.jpg,0.8936151266098022,915.7264404296875,263.2528991699219,414.88232421875,743.8311767578125,2048,1440,414,743
HLC20-H3,2023,202303170444,PP,0,/Volumes/Seagate Portable Drive/KYLE_AI_DATABASE/A_CAMERA/Focal_species/Gulo gulo/HLC20-H3/PP/2023/B&W/Robust marks/03.17-04.44/RCNX3650.JPG,RCNX3650.JPG,HLC20-H3_2023_202303170444_RCNX3650.jpg,0.8675406575202942,898.53759765625,263.02069091796875,428.4091796875,746.6961669921875,2048,1440,428,746
HLC20-H3,2023,202303170444,PP,0,/Volumes/Seagate Portable Drive/KYLE_AI_DATABASE/A_CAMERA/Focal_species/Gulo gulo/HLC20-H3/PP/2023/B&W/Robust marks/03.17-04.44/RCNX3651.JPG,RCNX3651.JPG,HLC20-H3_2023_202303170444_RCNX3651.jpg,0.8952750563621521,927.861572265625,278.7288513183594,399.750244140625,723.99462890625,2048,1440,399,723
HLC20-H3,2023,202303170444,PP,0,/Volumes/Seagate Portable Drive/KYLE_AI_DATABASE/A_CAMERA/Focal_species/Gulo gulo/HLC20-H3/PP/2023/B&W/Robust marks/03.17-04.44/RCNX3652.JPG,RCNX3652.JPG,HLC20-H3_2023_202303170444_RCNX3652.jpg,0.9398348927497864,925.4449462890625,277.0143737792969,414.488037109375,698.01220703125,2048,1440,414,698
HLC20-H3,2023,202303170444,PP,0,/Volumes/Seagate Portable Drive/KYLE_AI_DATABASE/A_CAMERA/Focal_species/Gulo gulo/HLC20-H3/PP/2023/B&W/Robust marks/03.17-04.44/RCNX3653.JPG,RCNX3653.JPG,HLC20-H3_2023_202303170444_RCNX3653.jpg,0.9321108460426331,882.884033203125,283.8840637207031,453.687744140625,690.9351806640625,2048,1440,453,690
HLC20-H3,2023,202303170444,PP,0,/Volumes/Seagate Portable Drive/KYLE_AI_DATABASE/A_CAMERA/Focal_species/Gulo gulo/HLC20-H3/PP/2023/B&W/Robust marks/03.17-04.44/RCNX3654.JPG,RCNX3654.JPG,HLC20-H3_2023_202303170444_RCNX3654.jpg,0.9103310704231262,869.736083984375,273.14599609375,463.77001953125,722.4961547851562,2048,1440,463,722
HLC20-H3,2023,202303170444,PP,0,/Volumes/Seagate Portable Drive/KYLE_AI_DATABASE/A_CAMERA/Focal_species/Gulo gulo/HLC20-H3/PP/2023/B&W/Robust marks/03.17-04.44/RCNX3655.JPG,RCNX3655.JPG,HLC20-H3_2023_202303170444_RCNX3655.jpg,0.887345552444458,846.2382202148438,267.2259826660156,484.13006591796875,731.910400390625,2048,1440,484,731
HLC20-H3,2023,202303170444,PP,0,/Volumes/Seagate Portable Drive/KYLE_AI_DATABASE/A_CAMERA/Focal_species/Gulo gulo/HLC20-H3/PP/2023/B&W/Robust marks/03.17-04.44/RCNX3657.JPG,RCNX3657.JPG,HLC20-H3_2023_202303170444_RCNX3657.jpg,0.9322400093078613,842.456787109375,279.6464538574219,494.18212890625,724.625,2048,1440,494,724
HLC20-H3,2023,202303170444,PP,0,/Volumes/Seagate Portable Drive/KYLE_AI_DATABASE/A_CAMERA/Focal_species/Gulo gulo/HLC20-H3/PP/2023/B&W/Robust marks/03.17-04.44/RCNX3659.JPG,RCNX3659.JPG,HLC20-H3_2023_202303170444_RCNX3659.jpg,0.8721382021903992,936.853515625,282.2901916503906,398.697021484375,723.57763671875,2048,1440,398,723
HLC20-H3,2023,202303170444,PP,0,/Volumes/Seagate Portable Drive/KYLE_AI_DATABASE/A_CAMERA/Focal_species/Gulo gulo/HLC20-H3/PP/2023/B&W/Robust marks/03.17-04.44/RCNX3660.JPG,RCNX3660.JPG,HLC20-H3_2023_202303170444_RCNX3660.jpg,0.8662212491035461,851.54443359375,266.7232360839844,480.879150390625,750.5810546875,2048,1440,480,750
HLC20-H3,2023,202303170444,PP,0,/Volumes/Seagate Portable Drive/KYLE_AI_DATABASE/A_CAMERA/Focal_species/Gulo gulo/HLC20-H3/PP/2023/B&W/Robust marks/03.17-04.44/RCNX3661.JPG,RCNX3661.JPG,HLC20-H3_2023_202303170444_RCNX3661.jpg,0.8232827186584473,915.1168823242188,272.26336669921875,415.39678955078125,738.7794799804688,2048,1440,415,738
HLC20-H3,2023,202303170444,PP,0,/Volumes/Seagate Portable Drive/KYLE_AI_DATABASE/A_CAMERA/Focal_species/Gulo gulo/HLC20-H3/PP/2023/B&W/Robust marks/03.17-04.44/RCNX3662.JPG,RCNX3662.JPG,HLC20-H3_2023_202303170444_RCNX3662.jpg,0.8958534002304077,857.650146484375,243.38197326660156,478.44287109375,759.1148071289062,2048,1440,478,759
HLC20-H3,2023,202303170444,PP,0,/Volumes/Seagate Portable Drive/KYLE_AI_DATABASE/A_CAMERA/Focal_species/Gulo gulo/HLC20-H3/PP/2023/B&W/Robust marks/03.17-04.44/RCNX3663.JPG,RCNX3663.JPG,HLC20-H3_2023_202303170444_RCNX3663.jpg,0.9104945063591003,827.88623046875,271.5874938964844,505.86962890625,733.8297119140625,2048,1440,505,733
HLC20-H3,2023,202303170444,PP,0,/Volumes/Seagate Portable Drive/KYLE_AI_DATABASE/A_CAMERA/Focal_species/Gulo gulo/HLC20-H3/PP/2023/B&W/Robust marks/03.17-04.44/RCNX3664.JPG,RCNX3664.JPG,HLC20-H3_2023_202303170444_RCNX3664.jpg,0.9243720769882202,851.609130859375,279.3907775878906,483.52685546875,720.861328125,2048,1440,483,720
HLC20-H3,2023,202303170444,PP,0,/Volumes/Seagate Portable Drive/KYLE_AI_DATABASE/A_CAMERA/Focal_species/Gulo gulo/HLC20-H3/PP/2023/B&W/Robust marks/03.17-04.44/RCNX3665.JPG,RCNX3665.JPG,HLC20-H3_2023_202303170444_RCNX3665.jpg,0.8810155391693115,885.7562866210938,237.55458068847656,450.66400146484375,766.3309326171875,2048,1440,450,766
HLC20-H3,2023,202303170444,PP,0,/Volumes/Seagate Portable Drive/KYLE_AI_DATABASE/A_CAMERA/Focal_species/Gulo gulo/HLC20-H3/PP/2023/B&W/Robust marks/03.17-04.44/RCNX3666.JPG,RCNX3666.JPG,HLC20-H3_2023_202303170444_RCNX3666.jpg,0.8941001892089844,830.7222900390625,243.5723876953125,504.995361328125,766.3768310546875,2048,1440,504,766
HLC20-H3,2023,202303170444,PP,0,/Volumes/Seagate Portable Drive/KYLE_AI_DATABASE/A_CAMERA/Focal_species/Gulo gulo/HLC20-H3/PP/2023/B&W/Robust marks/03.17-04.44/RCNX3667.JPG,RCNX3667.JPG,HLC20-H3_2023_202303170444_RCNX3667.jpg,0.9131131768226624,828.46435546875,242.3052215576172,506.54248046875,766.9949951171875,2048,1440,506,766
HLC20-H3,2023,202303170444,PP,0,/Volumes/Seagate Portable Drive/KYLE_AI_DATABASE/A_CAMERA/Focal_species/Gulo gulo/HLC20-H3/PP/2023/B&W/Robust marks/03.17-04.44/RCNX3668.JPG,RCNX3668.JPG,HLC20-H3_2023_202303170444_RCNX3668.jpg,0.8853290677070618,839.5823974609375,233.80914306640625,497.35595703125,769.7376098632812,2048,1440,497,769
HLC20-H3,2023,202303170444,PP,0,/Volumes/Seagate Portable Drive/KYLE_AI_DATABASE/A_CAMERA/Focal_species/Gulo gulo/HLC20-H3/PP/2023/B&W/Robust marks/03.17-04.44/RCNX3669.JPG,RCNX3669.JPG,HLC20-H3_2023_202303170444_RCNX3669.jpg,0.9310281276702881,822.2080078125,269.84197998046875,509.465087890625,734.3582763671875,2048,1440,509,734
HLC20-H3,2023,202303170444,PP,0,/Volumes/Seagate Portable Drive/KYLE_AI_DATABASE/A_CAMERA/Focal_species/Gulo gulo/HLC20-H3/PP/2023/B&W/Robust marks/03.17-04.44/RCNX3670.JPG,RCNX3670.JPG,HLC20-H3_2023_202303170444_RCNX3670.jpg,0.9194290637969971,838.578125,260.72540283203125,497.322998046875,745.2837524414062,2048,1440,497,745
HLC20-H3,2023,202303170444,PP,0,/Volumes/Seagate Portable Drive/KYLE_AI_DATABASE/A_CAMERA/Focal_species/Gulo gulo/HLC20-H3/PP/2023/B&W/Robust marks/03.17-04.44/RCNX3671.JPG,RCNX3671.JPG,HLC20-H3_2023_202303170444_RCNX3671.jpg,0.9071259498596191,849.7178955078125,280.3958435058594,485.705322265625,730.314208984375,2048,1440,485,730
HLC20-H3,2023,202303170444,PP,0,/Volumes/Seagate Portable Drive/KYLE_AI_DATABASE/A_CAMERA/Focal_species/Gulo gulo/HLC20-H3/PP/2023/B&W/Robust marks/03.17-04.44/RCNX3672.JPG,RCNX3672.JPG,HLC20-H3_2023_202303170444_RCNX3672.jpg,0.8962283730506897,860.7838134765625,319.1374206542969,477.67236328125,697.0203857421875,2048,1440,477,697
HLC20-H3,2023,202303170444,PP,0,/Volumes/Seagate Portable Drive/KYLE_AI_DATABASE/A_CAMERA/Focal_species/Gulo gulo/HLC20-H3/PP/2023/B&W/Robust marks/03.17-04.44/RCNX3673.JPG,RCNX3673.JPG,HLC20-H3_2023_202303170444_RCNX3673.jpg,0.9060189127922058,916.5633544921875,301.575439453125,450.65478515625,731.230712890625,2048,1440,450,731
HLC20-H3,2023,202303170444,PP,0,/Volumes/Seagate Portable Drive/KYLE_AI_DATABASE/A_CAMERA/Focal_species/Gulo gulo/HLC20-H3/PP/2023/B&W/Robust marks/03.17-04.44/RCNX3674.JPG,RCNX3674.JPG,HLC20-H3_2023_202303170444_RCNX3674.jpg,0.8899003863334656,915.1021118164062,305.1567687988281,440.99993896484375,730.829345703125,2048,1440,440,730
HLC20-H3,2023,202303170444,PP,0,/Volumes/Seagate Portable Drive/KYLE_AI_DATABASE/A_CAMERA/Focal_species/Gulo gulo/HLC20-H3/PP/2023/B&W/Robust marks/03.17-04.44/RCNX3675.JPG,RCNX3675.JPG,HLC20-H3_2023_202303170444_RCNX3675.jpg,0.8809112906455994,912.3772583007812,303.4734191894531,438.94464111328125,731.0433349609375,2048,1440,438,731
HLC20-H3,2023,202303170444,PP,0,/Volumes/Seagate Portable Drive/KYLE_AI_DATABASE/A_CAMERA/Focal_species/Gulo gulo/HLC20-H3/PP/2023/B&W/Robust marks/03.17-04.44/RCNX3676.JPG,RCNX3676.JPG,HLC20-H3_2023_202303170444_RCNX3676.jpg,0.8787793517112732,915.4888916015625,305.0406494140625,432.0478515625,730.256103515625,2048,1440,432,730
HLC20-H3,2023,202303170444,PP,0,/Volumes/Seagate Portable Drive/KYLE_AI_DATABASE/A_CAMERA/Focal_species/Gulo gulo/HLC20-H3/PP/2023/B&W/Robust marks/03.17-04.44/RCNX3677.JPG,RCNX3677.JPG,HLC20-H3_2023_202303170444_RCNX3677.jpg,0.8836748003959656,912.1839599609375,302.3098449707031,420.47314453125,730.6397705078125,2048,1440,420,730
HLC20-H3,2023,202303170444,PP,0,/Volumes/Seagate Portable Drive/KYLE_AI_DATABASE/A_CAMERA/Focal_species/Gulo gulo/HLC20-H3/PP/2023/B&W/Robust marks/03.17-04.44/RCNX3678.JPG,RCNX3678.JPG,HLC20-H3_2023_202303170444_RCNX3678.jpg,0.8738232254981995,897.9169921875,276.4369201660156,434.68603515625,762.8421630859375,2048,1440,434,762
HLC20-H3,2023,202303170444,PP,0,/Volumes/Seagate Portable Drive/KYLE_AI_DATABASE/A_CAMERA/Focal_species/Gulo gulo/HLC20-H3/PP/2023/B&W/Robust marks/03.17-04.44/RCNX3679.JPG,RCNX3679.JPG,HLC20-H3_2023_202303170444_RCNX3679.jpg,0.917323112487793,905.7471923828125,289.12274169921875,430.412109375,733.2139892578125,2048,1440,430,733
HLC20-H3,2023,202303170444,PP,0,/Volumes/Seagate Portable Drive/KYLE_AI_DATABASE/A_CAMERA/Focal_species/Gulo gulo/HLC20-H3/PP/2023/B&W/Robust marks/03.17-04.44/RCNX3680.JPG,RCNX3680.JPG,HLC20-H3_2023_202303170444_RCNX3680.jpg,0.9196158647537231,890.15283203125,306.0849304199219,445.595703125,715.8525390625,2048,1440,445,715
HLC20-H3,2023,202303170444,PP,0,/Volumes/Seagate Portable Drive/KYLE_AI_DATABASE/A_CAMERA/Focal_species/Gulo gulo/HLC20-H3/PP/2023/B&W/Robust marks/03.17-04.44/RCNX3681.JPG,RCNX3681.JPG,HLC20-H3_2023_202303170444_RCNX3681.jpg,0.9509261250495911,1029.50341796875,522.6843872070312,338.99560546875,520.0326538085938,2048,1440,338,520
HLC20-H3,2023,202303170444,PP,0,/Volumes/Seagate Portable Drive/KYLE_AI_DATABASE/A_CAMERA/Focal_species/Gulo gulo/HLC20-H3/PP/2023/B&W/Robust marks/03.17-04.44/RCNX3682.JPG,RCNX3682.JPG,HLC20-H3_2023_202303170444_RCNX3682.jpg,0.9387842416763306,881.5396728515625,805.3656616210938,438.210693359375,601.2316284179688,2048,1440,438,601
HLC20-H3,2023,202303170444,PP,0,/Volumes/Seagate Portable Drive/KYLE_AI_DATABASE/A_CAMERA/Focal_species/Gulo gulo/HLC20-H3/PP/2023/B&W/Robust marks/03.17-04.44/RCNX3683.JPG,RCNX3683.JPG,HLC20-H3_2023_202303170444_RCNX3683.jpg,0.8938878178596497,994.8441162109375,1130.3709716796875,267.6982421875,276.0882568359375,2048,1440,267,276
HLC20-H3,2023,202303170444,PP,0,/Volumes/Seagate Portable Drive/KYLE_AI_DATABASE/A_CAMERA/Focal_species/Gulo gulo/HLC20-H3/PP/2023/B&W/Robust marks/03.17-04.44/RCNX3684.JPG,RCNX3684.JPG,HLC20-H3_2023_202303170444_RCNX3684.jpg,0.8622769713401794,995.3624267578125,1130.0235595703125,267.3515625,276.284912109375,2048,1440,267,276
HLC20-H3,2023,202303170444,PP,0,/Volumes/Seagate Portable Drive/KYLE_AI_DATABASE/A_CAMERA/Focal_species/Gulo gulo/HLC20-H3/PP/2023/B&W/Robust marks/03.17-04.44/RCNX3685.JPG,RCNX3685.JPG,HLC20-H3_2023_202303170444_RCNX3685.jpg,0.9037020802497864,994.80615234375,1130.5164794921875,267.94482421875,275.8990478515625,2048,1440,267,275
HLC20-H3,2023,202303170444,PP,0,/Volumes/Seagate Portable Drive/KYLE_AI_DATABASE/A_CAMERA/Focal_species/Gulo gulo/HLC20-H3/PP/2023/B&W/Robust marks/03.17-04.44/RCNX3686.JPG,RCNX3686.JPG,HLC20-H3_2023_202303170444_RCNX3686.jpg,0.8341655135154724,993.6934204101562,1129.87060546875,268.29339599609375,276.1962890625,2048,1440,268,276
HLC20-H3,2023,202303170444,PP,0,/Volumes/Seagate Portable Drive/KYLE_AI_DATABASE/A_CAMERA/Focal_species/Gulo gulo/HLC20-H3/PP/2023/B&W/Robust marks/03.17-04.44/RCNX3687.JPG,RCNX3687.JPG,HLC20-H3_2023_202303170444_RCNX3687.jpg,0.8893893361091614,993.8010864257812,1130.4898681640625,269.10443115234375,275.8475341796875,2048,1440,269,275
HLC20-H3,2023,202303170444,PP,0,/Volumes/Seagate Portable Drive/KYLE_AI_DATABASE/A_CAMERA/Focal_species/Gulo gulo/HLC20-H3/PP/2023/B&W/Robust marks/03.17-04.44/RCNX3688.JPG,RCNX3688.JPG,HLC20-H3_2023_202303170444_RCNX3688.jpg,0.8442001342773438,994.191162109375,1129.9986572265625,268.828857421875,276.447021484375,2048,1440,268,276
HLC20-H3,2023,202303170444,PP,0,/Volumes/Seagate Portable Drive/KYLE_AI_DATABASE/A_CAMERA/Focal_species/Gulo gulo/HLC20-H3/PP/2023/B&W/Robust marks/03.17-04.44/RCNX3689.JPG,RCNX3689.JPG,HLC20-H3_2023_202303170444_RCNX3689.jpg,0.8519850969314575,995.182373046875,1130.6541748046875,267.4033203125,275.6651611328125,2048,1440,267,275
HLC20-H3,2023,202303170444,PP,0,/Volumes/Seagate Portable Drive/KYLE_AI_DATABASE/A_CAMERA/Focal_species/Gulo gulo/HLC20-H3/PP/2023/B&W/Robust marks/03.17-04.44/RCNX3690.JPG,RCNX3690.JPG,HLC20-H3_2023_202303170444_RCNX3690.jpg,0.884447455406189,994.96240234375,1130.102783203125,267.2294921875,276.2633056640625,2048,1440,267,276
