id,year,ymdh,station,color,original_path,original_filename,crop_filename,confidence,bbox_x,bbox_y,bbox_width,bbox_height,image_width,image_height,crop_width,crop_height
Turk,2022,202204031645,BM,1,/Volumes/Seagate Portable Drive/KYLE_AI_DATABASE/A_CAMERA/Focal_species/Gulo gulo/Turk/BM/2022/COLOR/Robust marks/04.03-16.45/RCNX6241.JPG,RCNX6241.JPG,Turk_2022_202204031645_RCNX6241.jpg,0.9498973488807678,2580.636962890625,1891.9857177734375,443.298828125,193.8258056640625,3776,2124,443,193
Turk,2022,202204031645,BM,1,/Volumes/Seagate Portable Drive/KYLE_AI_DATABASE/A_CAMERA/Focal_species/Gulo gulo/Turk/BM/2022/COLOR/Robust marks/04.03-16.45/RCNX6248.JPG,RCNX6248.JPG,Turk_2022_202204031645_RCNX6248.jpg,0.8915299773216248,1640.9580078125,36.51329040527344,517.07958984375,570.6092529296875,3776,2124,517,570
Turk,2022,202204031645,BM,1,/Volumes/Seagate Portable Drive/KYLE_AI_DATABASE/A_CAMERA/Focal_species/Gulo gulo/Turk/BM/2022/COLOR/Robust marks/04.03-16.45/RCNX6250.JPG,RCNX6250.JPG,Turk_2022_202204031645_RCNX6250.jpg,0.8654075860977173,1642.256591796875,37.06298828125,515.35595703125,568.408203125,3776,2124,515,568
Turk,2022,202204031645,BM,1,/Volumes/Seagate Portable Drive/KYLE_AI_DATABASE/A_CAMERA/Focal_species/Gulo gulo/Turk/BM/2022/COLOR/Robust marks/04.03-16.45/RCNX6251.JPG,RCNX6251.JPG,Turk_2022_202204031645_RCNX6251.jpg,0.9609169363975525,985.806884765625,1645.92138671875,934.2744140625,439.04052734375,3776,2124,934,439
Turk,2022,202204031645,BM,1,/Volumes/Seagate Portable Drive/KYLE_AI_DATABASE/A_CAMERA/Focal_species/Gulo gulo/Turk/BM/2022/COLOR/Robust marks/04.03-16.45/RCNX6252.JPG,RCNX6252.JPG,Turk_2022_202204031645_RCNX6252.jpg,0.9557780623435974,984.6095581054688,1639.9476318359375,818.2559204101562,444.8504638671875,3776,2124,818,444
Turk,2022,202204031645,BM,1,/Volumes/Seagate Portable Drive/KYLE_AI_DATABASE/A_CAMERA/Focal_species/Gulo gulo/Turk/BM/2022/COLOR/Robust marks/04.03-16.45/RCNX6253.JPG,RCNX6253.JPG,Turk_2022_202204031645_RCNX6253.jpg,0.9132281541824341,1106.75048828125,1618.928955078125,816.664306640625,463.37744140625,3776,2124,816,463
Turk,2022,202204031645,BM,1,/Volumes/Seagate Portable Drive/KYLE_AI_DATABASE/A_CAMERA/Focal_species/Gulo gulo/Turk/BM/2022/COLOR/Robust marks/04.03-16.45/RCNX6254.JPG,RCNX6254.JPG,Turk_2022_202204031645_RCNX6254.jpg,0.9525207281112671,1150.8267822265625,1638.3447265625,695.318603515625,446.57470703125,3776,2124,695,446
Turk,2022,202204031645,BM,1,/Volumes/Seagate Portable Drive/KYLE_AI_DATABASE/A_CAMERA/Focal_species/Gulo gulo/Turk/BM/2022/COLOR/Robust marks/04.03-16.45/RCNX6255.JPG,RCNX6255.JPG,Turk_2022_202204031645_RCNX6255.jpg,0.8639056086540222,1432.16845703125,1167.146484375,649.92529296875,880.5390625,3776,2124,649,880
Turk,2022,202204031645,BM,1,/Volumes/Seagate Portable Drive/KYLE_AI_DATABASE/A_CAMERA/Focal_species/Gulo gulo/Turk/BM/2022/COLOR/Robust marks/04.03-16.45/RCNX6256.JPG,RCNX6256.JPG,Turk_2022_202204031645_RCNX6256.jpg,0.8982500433921814,1465.8433837890625,876.2251586914062,624.7821044921875,1206.60302734375,3776,2124,624,1206
Turk,2022,202204031645,BM,1,/Volumes/Seagate Portable Drive/KYLE_AI_DATABASE/A_CAMERA/Focal_species/Gulo gulo/Turk/BM/2022/COLOR/Robust marks/04.03-16.45/RCNX6259.JPG,RCNX6259.JPG,Turk_2022_202204031645_RCNX6259.jpg,0.9268076419830322,1493.2681884765625,187.445556640625,669.2047119140625,1466.61962890625,3776,2124,669,1466
Turk,2022,202204031645,BM,1,/Volumes/Seagate Portable Drive/KYLE_AI_DATABASE/A_CAMERA/Focal_species/Gulo gulo/Turk/BM/2022/COLOR/Robust marks/04.03-16.45/RCNX6260.JPG,RCNX6260.JPG,Turk_2022_202204031645_RCNX6260.jpg,0.9319663643836975,1490.0804443359375,34.860965728759766,651.4205322265625,1440.3167724609375,3776,2124,651,1440
Turk,2022,202204031645,BM,1,/Volumes/Seagate Portable Drive/KYLE_AI_DATABASE/A_CAMERA/Focal_species/Gulo gulo/Turk/BM/2022/COLOR/Robust marks/04.03-16.45/RCNX6262.JPG,RCNX6262.JPG,Turk_2022_202204031645_RCNX6262.jpg,0.9281742572784424,1486.7725830078125,36.13450241088867,628.3795166015625,1488.9544677734375,3776,2124,628,1488
Turk,2022,202204031645,BM,1,/Volumes/Seagate Portable Drive/KYLE_AI_DATABASE/A_CAMERA/Focal_species/Gulo gulo/Turk/BM/2022/COLOR/Robust marks/04.03-16.45/RCNX6263.JPG,RCNX6263.JPG,Turk_2022_202204031645_RCNX6263.jpg,0.8415639996528625,1462.0482177734375,42.95863342285156,648.0416259765625,1493.6234130859375,3776,2124,648,1493
Turk,2022,202204031645,BM,1,/Volumes/Seagate Portable Drive/KYLE_AI_DATABASE/A_CAMERA/Focal_species/Gulo gulo/Turk/BM/2022/COLOR/Robust marks/04.03-16.45/RCNX6264.JPG,RCNX6264.JPG,Turk_2022_202204031645_RCNX6264.jpg,0.94295734167099,1506.2996826171875,41.06671905517578,750.0118408203125,1464.55712890625,3776,2124,750,1464
Turk,2022,202204031645,BM,1,/Volumes/Seagate Portable Drive/KYLE_AI_DATABASE/A_CAMERA/Focal_species/Gulo gulo/Turk/BM/2022/COLOR/Robust marks/04.03-16.45/RCNX6265.JPG,RCNX6265.JPG,Turk_2022_202204031645_RCNX6265.jpg,0.9346556067466736,1487.36865234375,35.176517486572266,679.361328125,1429.60009765625,3776,2124,679,1429
Turk,2022,202204031645,BM,1,/Volumes/Seagate Portable Drive/KYLE_AI_DATABASE/A_CAMERA/Focal_species/Gulo gulo/Turk/BM/2022/COLOR/Robust marks/04.03-16.45/RCNX6266.JPG,RCNX6266.JPG,Turk_2022_202204031645_RCNX6266.jpg,0.8982989192008972,1487.649658203125,37.37303161621094,661.7265625,1404.450927734375,3776,2124,661,1404
Turk,2022,202204031645,BM,1,/Volumes/Seagate Portable Drive/KYLE_AI_DATABASE/A_CAMERA/Focal_species/Gulo gulo/Turk/BM/2022/COLOR/Robust marks/04.03-16.45/RCNX6267.JPG,RCNX6267.JPG,Turk_2022_202204031645_RCNX6267.jpg,0.9494267702102661,1488.2799072265625,36.05904769897461,691.1092529296875,1409.50390625,3776,2124,691,1409
Turk,2022,202204031645,BM,1,/Volumes/Seagate Portable Drive/KYLE_AI_DATABASE/A_CAMERA/Focal_species/Gulo gulo/Turk/BM/2022/COLOR/Robust marks/04.03-16.45/RCNX6268.JPG,RCNX6268.JPG,Turk_2022_202204031645_RCNX6268.jpg,0.8708258271217346,1481.2578125,225.19869995117188,677.2294921875,1327.9351806640625,3776,2124,677,1327
Turk,2022,202204031645,BM,1,/Volumes/Seagate Portable Drive/KYLE_AI_DATABASE/A_CAMERA/Focal_species/Gulo gulo/Turk/BM/2022/COLOR/Robust marks/04.03-16.45/RCNX6270.JPG,RCNX6270.JPG,Turk_2022_202204031645_RCNX6270.jpg,0.9466122388839722,1485.3106689453125,487.2101745605469,867.8031005859375,1144.42236328125,3776,2124,867,1144
Turk,2022,202204031645,BM,1,/Volumes/Seagate Portable Drive/KYLE_AI_DATABASE/A_CAMERA/Focal_species/Gulo gulo/Turk/BM/2022/COLOR/Robust marks/04.03-16.45/RCNX6271.JPG,RCNX6271.JPG,Turk_2022_202204031645_RCNX6271.jpg,0.9381999373435974,1491.063720703125,218.83546447753906,666.421875,1383.4228515625,3776,2124,666,1383
Turk,2022,202204031645,BM,1,/Volumes/Seagate Portable Drive/KYLE_AI_DATABASE/A_CAMERA/Focal_species/Gulo gulo/Turk/BM/2022/COLOR/Robust marks/04.03-16.45/RCNX6272.JPG,RCNX6272.JPG,Turk_2022_202204031645_RCNX6272.jpg,0.9024341106414795,1391.2359619140625,67.94319915771484,751.7762451171875,1422.2205810546875,3776,2124,751,1422
Turk,2022,202204031645,BM,1,/Volumes/Seagate Portable Drive/KYLE_AI_DATABASE/A_CAMERA/Focal_species/Gulo gulo/Turk/BM/2022/COLOR/Robust marks/04.03-16.45/RCNX6273.JPG,RCNX6273.JPG,Turk_2022_202204031645_RCNX6273.jpg,0.9313826560974121,1497.9354248046875,34.99433898925781,641.2537841796875,1436.5382080078125,3776,2124,641,1436
Turk,2022,202204031645,BM,1,/Volumes/Seagate Portable Drive/KYLE_AI_DATABASE/A_CAMERA/Focal_species/Gulo gulo/Turk/BM/2022/COLOR/Robust marks/04.03-16.45/RCNX6274.JPG,RCNX6274.JPG,Turk_2022_202204031645_RCNX6274.jpg,0.8672844767570496,1487.7398681640625,36.41612243652344,656.3887939453125,1427.4576416015625,3776,2124,656,1427
Turk,2022,202204031645,BM,1,/Volumes/Seagate Portable Drive/KYLE_AI_DATABASE/A_CAMERA/Focal_species/Gulo gulo/Turk/BM/2022/COLOR/Robust marks/04.03-16.45/RCNX6275.JPG,RCNX6275.JPG,Turk_2022_202204031645_RCNX6275.jpg,0.9572523236274719,1496.3046875,35.46250534057617,673.51806640625,1432.8038330078125,3776,2124,673,1432
Turk,2022,202204031645,BM,1,/Volumes/Seagate Portable Drive/KYLE_AI_DATABASE/A_CAMERA/Focal_species/Gulo gulo/Turk/BM/2022/COLOR/Robust marks/04.03-16.45/RCNX6277.JPG,RCNX6277.JPG,Turk_2022_202204031645_RCNX6277.jpg,0.8219975829124451,1476.112548828125,35.502384185791016,665.456298828125,1520.377685546875,3776,2124,665,1520
Turk,2022,202204031645,BM,1,/Volumes/Seagate Portable Drive/KYLE_AI_DATABASE/A_CAMERA/Focal_species/Gulo gulo/Turk/BM/2022/COLOR/Robust marks/04.03-16.45/RCNX6278.JPG,RCNX6278.JPG,Turk_2022_202204031645_RCNX6278.jpg,0.9369891285896301,1477.99462890625,34.867610931396484,668.869384765625,1450.30810546875,3776,2124,668,1450
Turk,2022,202204031645,BM,1,/Volumes/Seagate Portable Drive/KYLE_AI_DATABASE/A_CAMERA/Focal_species/Gulo gulo/Turk/BM/2022/COLOR/Robust marks/04.03-16.45/RCNX6280.JPG,RCNX6280.JPG,Turk_2022_202204031645_RCNX6280.jpg,0.9565452337265015,1481.266357421875,36.494300842285156,685.36865234375,1444.94482421875,3776,2124,685,1444
Turk,2022,202204031645,BM,1,/Volumes/Seagate Portable Drive/KYLE_AI_DATABASE/A_CAMERA/Focal_species/Gulo gulo/Turk/BM/2022/COLOR/Robust marks/04.03-16.45/RCNX6281.JPG,RCNX6281.JPG,Turk_2022_202204031645_RCNX6281.jpg,0.9564512968063354,1485.5931396484375,108.99636840820312,782.9188232421875,1355.7811279296875,3776,2124,782,1355
Turk,2022,202204031645,BM,1,/Volumes/Seagate Portable Drive/KYLE_AI_DATABASE/A_CAMERA/Focal_species/Gulo gulo/Turk/BM/2022/COLOR/Robust marks/04.03-16.45/RCNX6282.JPG,RCNX6282.JPG,Turk_2022_202204031645_RCNX6282.jpg,0.9552815556526184,1481.154541015625,34.8612174987793,671.8369140625,1479.3194580078125,3776,2124,671,1479
Turk,2022,202204031645,BM,1,/Volumes/Seagate Portable Drive/KYLE_AI_DATABASE/A_CAMERA/Focal_species/Gulo gulo/Turk/BM/2022/COLOR/Robust marks/04.03-16.45/RCNX6283.JPG,RCNX6283.JPG,Turk_2022_202204031645_RCNX6283.jpg,0.9509409666061401,1488.425048828125,38.365386962890625,669.4404296875,1475.0238037109375,3776,2124,669,1475
Turk,2022,202204031645,BM,1,/Volumes/Seagate Portable Drive/KYLE_AI_DATABASE/A_CAMERA/Focal_species/Gulo gulo/Turk/BM/2022/COLOR/Robust marks/04.03-16.45/RCNX6285.JPG,RCNX6285.JPG,Turk_2022_202204031645_RCNX6285.jpg,0.9352530241012573,1489.072265625,36.625709533691406,837.3642578125,1513.999755859375,3776,2124,837,1513
Turk,2022,202204031645,BM,1,/Volumes/Seagate Portable Drive/KYLE_AI_DATABASE/A_CAMERA/Focal_species/Gulo gulo/Turk/BM/2022/COLOR/Robust marks/04.03-16.45/RCNX6286.JPG,RCNX6286.JPG,Turk_2022_202204031645_RCNX6286.jpg,0.9501935243606567,1494.6505126953125,36.47701644897461,697.6893310546875,1504.8199462890625,3776,2124,697,1504
Turk,2022,202204031645,BM,1,/Volumes/Seagate Portable Drive/KYLE_AI_DATABASE/A_CAMERA/Focal_species/Gulo gulo/Turk/BM/2022/COLOR/Robust marks/04.03-16.45/RCNX6287.JPG,RCNX6287.JPG,Turk_2022_202204031645_RCNX6287.jpg,0.9292007684707642,1484.4110107421875,36.38409423828125,642.7840576171875,1451.5615234375,3776,2124,642,1451
Turk,2022,202204031645,BM,1,/Volumes/Seagate Portable Drive/KYLE_AI_DATABASE/A_CAMERA/Focal_species/Gulo gulo/Turk/BM/2022/COLOR/Robust marks/04.03-16.45/RCNX6288.JPG,RCNX6288.JPG,Turk_2022_202204031645_RCNX6288.jpg,0.9320676326751709,1484.4935302734375,44.94784164428711,663.6444091796875,1415.5411376953125,3776,2124,663,1415
Turk,2022,202204031645,BM,1,/Volumes/Seagate Portable Drive/KYLE_AI_DATABASE/A_CAMERA/Focal_species/Gulo gulo/Turk/BM/2022/COLOR/Robust marks/04.03-16.45/RCNX6289.JPG,RCNX6289.JPG,Turk_2022_202204031645_RCNX6289.jpg,0.924231231212616,1490.05029296875,37.24966049194336,634.362548828125,1448.5797119140625,3776,2124,634,1448
Turk,2022,202204031645,BM,1,/Volumes/Seagate Portable Drive/KYLE_AI_DATABASE/A_CAMERA/Focal_species/Gulo gulo/Turk/BM/2022/COLOR/Robust marks/04.03-16.45/RCNX6290.JPG,RCNX6290.JPG,Turk_2022_202204031645_RCNX6290.jpg,0.9510285258293152,1492.602294921875,50.54300308227539,658.580810546875,1440.0738525390625,3776,2124,658,1440
Turk,2022,202204031645,BM,1,/Volumes/Seagate Portable Drive/KYLE_AI_DATABASE/A_CAMERA/Focal_species/Gulo gulo/Turk/BM/2022/COLOR/Robust marks/04.03-16.45/RCNX6291.JPG,RCNX6291.JPG,Turk_2022_202204031645_RCNX6291.jpg,0.9488317370414734,1490.080810546875,52.49663543701172,678.51953125,1405.6138916015625,3776,2124,678,1405
Turk,2022,202204031645,BM,1,/Volumes/Seagate Portable Drive/KYLE_AI_DATABASE/A_CAMERA/Focal_species/Gulo gulo/Turk/BM/2022/COLOR/Robust marks/04.03-16.45/RCNX6293.JPG,RCNX6293.JPG,Turk_2022_202204031645_RCNX6293.jpg,0.9067397117614746,1491.4913330078125,37.13692092895508,687.6903076171875,1476.7127685546875,3776,2124,687,1476
Turk,2022,202204031645,BM,1,/Volumes/Seagate Portable Drive/KYLE_AI_DATABASE/A_CAMERA/Focal_species/Gulo gulo/Turk/BM/2022/COLOR/Robust marks/04.03-16.45/RCNX6294.JPG,RCNX6294.JPG,Turk_2022_202204031645_RCNX6294.jpg,0.9359047412872314,1490.224609375,32.93803405761719,656.0947265625,1444.343994140625,3776,2124,656,1444
Turk,2022,202204031645,BM,1,/Volumes/Seagate Portable Drive/KYLE_AI_DATABASE/A_CAMERA/Focal_species/Gulo gulo/Turk/BM/2022/COLOR/Robust marks/04.03-16.45/RCNX6295.JPG,RCNX6295.JPG,Turk_2022_202204031645_RCNX6295.jpg,0.9264336824417114,1493.0029296875,194.38995361328125,647.181396484375,1277.583740234375,3776,2124,647,1277
Turk,2022,202204031645,BM,1,/Volumes/Seagate Portable Drive/KYLE_AI_DATABASE/A_CAMERA/Focal_species/Gulo gulo/Turk/BM/2022/COLOR/Robust marks/04.03-16.45/RCNX6296.JPG,RCNX6296.JPG,Turk_2022_202204031645_RCNX6296.jpg,0.9270303845405579,1500.5787353515625,153.9616241455078,660.6414794921875,1335.9310302734375,3776,2124,660,1335
Turk,2022,202204031645,BM,1,/Volumes/Seagate Portable Drive/KYLE_AI_DATABASE/A_CAMERA/Focal_species/Gulo gulo/Turk/BM/2022/COLOR/Robust marks/04.03-16.45/RCNX6297.JPG,RCNX6297.JPG,Turk_2022_202204031645_RCNX6297.jpg,0.8972920179367065,1489.721923828125,34.90635299682617,640.968505859375,1439.3468017578125,3776,2124,640,1439
Turk,2022,202204031645,BM,1,/Volumes/Seagate Portable Drive/KYLE_AI_DATABASE/A_CAMERA/Focal_species/Gulo gulo/Turk/BM/2022/COLOR/Robust marks/04.03-16.45/RCNX6298.JPG,RCNX6298.JPG,Turk_2022_202204031645_RCNX6298.jpg,0.9411371946334839,1506.1412353515625,34.22802734375,673.5023193359375,1439.461669921875,3776,2124,673,1439
Turk,2022,202204031645,BM,1,/Volumes/Seagate Portable Drive/KYLE_AI_DATABASE/A_CAMERA/Focal_species/Gulo gulo/Turk/BM/2022/COLOR/Robust marks/04.03-16.45/RCNX6299.JPG,RCNX6299.JPG,Turk_2022_202204031645_RCNX6299.jpg,0.8260207772254944,1468.7452392578125,147.1828155517578,675.0213623046875,1342.11572265625,3776,2124,675,1342
Turk,2022,202204031645,BM,1,/Volumes/Seagate Portable Drive/KYLE_AI_DATABASE/A_CAMERA/Focal_species/Gulo gulo/Turk/BM/2022/COLOR/Robust marks/04.03-16.45/RCNX6300.JPG,RCNX6300.JPG,Turk_2022_202204031645_RCNX6300.jpg,0.9369320869445801,1501.044189453125,33.64427185058594,721.18505859375,1442.546875,3776,2124,721,1442
Turk,2022,202204031645,BM,1,/Volumes/Seagate Portable Drive/KYLE_AI_DATABASE/A_CAMERA/Focal_species/Gulo gulo/Turk/BM/2022/COLOR/Robust marks/04.03-16.45/RCNX6301.JPG,RCNX6301.JPG,Turk_2022_202204031645_RCNX6301.jpg,0.8396005630493164,1481.615234375,506.07525634765625,650.52490234375,1125.994384765625,3776,2124,650,1125
Turk,2022,202204031645,BM,1,/Volumes/Seagate Portable Drive/KYLE_AI_DATABASE/A_CAMERA/Focal_species/Gulo gulo/Turk/BM/2022/COLOR/Robust marks/04.03-16.45/RCNX6302.JPG,RCNX6302.JPG,Turk_2022_202204031645_RCNX6302.jpg,0.8361039161682129,1478.2506103515625,517.848388671875,648.7589111328125,1100.10009765625,3776,2124,648,1100
Turk,2022,202204031645,BM,1,/Volumes/Seagate Portable Drive/KYLE_AI_DATABASE/A_CAMERA/Focal_species/Gulo gulo/Turk/BM/2022/COLOR/Robust marks/04.03-16.45/RCNX6303.JPG,RCNX6303.JPG,Turk_2022_202204031645_RCNX6303.jpg,0.9452427625656128,1486.0496826171875,453.1924133300781,635.1400146484375,1157.3809814453125,3776,2124,635,1157
Turk,2022,202204031645,BM,1,/Volumes/Seagate Portable Drive/KYLE_AI_DATABASE/A_CAMERA/Focal_species/Gulo gulo/Turk/BM/2022/COLOR/Robust marks/04.03-16.45/RCNX6304.JPG,RCNX6304.JPG,Turk_2022_202204031645_RCNX6304.jpg,0.949195146560669,1433.1715087890625,292.8973693847656,686.4105224609375,1286.215087890625,3776,2124,686,1286
Turk,2022,202204031645,BM,1,/Volumes/Seagate Portable Drive/KYLE_AI_DATABASE/A_CAMERA/Focal_species/Gulo gulo/Turk/BM/2022/COLOR/Robust marks/04.03-16.45/RCNX6305.JPG,RCNX6305.JPG,Turk_2022_202204031645_RCNX6305.jpg,0.9069178104400635,1476.893798828125,448.5764465332031,711.16015625,1144.50634765625,3776,2124,711,1144
Turk,2022,202204031645,BM,1,/Volumes/Seagate Portable Drive/KYLE_AI_DATABASE/A_CAMERA/Focal_species/Gulo gulo/Turk/BM/2022/COLOR/Robust marks/04.03-16.45/RCNX6307.JPG,RCNX6307.JPG,Turk_2022_202204031645_RCNX6307.jpg,0.8601577877998352,1469.8199462890625,472.97662353515625,702.1370849609375,1136.614501953125,3776,2124,702,1136
Turk,2022,202204031645,BM,1,/Volumes/Seagate Portable Drive/KYLE_AI_DATABASE/A_CAMERA/Focal_species/Gulo gulo/Turk/BM/2022/COLOR/Robust marks/04.03-16.45/RCNX6308.JPG,RCNX6308.JPG,Turk_2022_202204031645_RCNX6308.jpg,0.9356255531311035,1488.0181884765625,355.3744201660156,635.9866943359375,1232.5146484375,3776,2124,635,1232
Turk,2022,202204031645,BM,1,/Volumes/Seagate Portable Drive/KYLE_AI_DATABASE/A_CAMERA/Focal_species/Gulo gulo/Turk/BM/2022/COLOR/Robust marks/04.03-16.45/RCNX6309.JPG,RCNX6309.JPG,Turk_2022_202204031645_RCNX6309.jpg,0.9252868294715881,1466.8660888671875,44.18247985839844,650.2435302734375,1433.3470458984375,3776,2124,650,1433
Turk,2022,202204031645,BM,1,/Volumes/Seagate Portable Drive/KYLE_AI_DATABASE/A_CAMERA/Focal_species/Gulo gulo/Turk/BM/2022/COLOR/Robust marks/04.03-16.45/RCNX6311.JPG,RCNX6311.JPG,Turk_2022_202204031645_RCNX6311.jpg,0.9286372661590576,1479.61962890625,189.1560516357422,673.80224609375,1304.4837646484375,3776,2124,673,1304
Turk,2022,202204031645,BM,1,/Volumes/Seagate Portable Drive/KYLE_AI_DATABASE/A_CAMERA/Focal_species/Gulo gulo/Turk/BM/2022/COLOR/Robust marks/04.03-16.45/RCNX6312.JPG,RCNX6312.JPG,Turk_2022_202204031645_RCNX6312.jpg,0.9537860155105591,1481.6268310546875,43.16575241088867,713.8870849609375,1415.3948974609375,3776,2124,713,1415
Turk,2022,202204031645,BM,1,/Volumes/Seagate Portable Drive/KYLE_AI_DATABASE/A_CAMERA/Focal_species/Gulo gulo/Turk/BM/2022/COLOR/Robust marks/04.03-16.45/RCNX6313.JPG,RCNX6313.JPG,Turk_2022_202204031645_RCNX6313.jpg,0.8993752598762512,1475.7039794921875,33.922542572021484,670.6546630859375,1418.41064453125,3776,2124,670,1418
Turk,2022,202204031645,BM,1,/Volumes/Seagate Portable Drive/KYLE_AI_DATABASE/A_CAMERA/Focal_species/Gulo gulo/Turk/BM/2022/COLOR/Robust marks/04.03-16.45/RCNX6314.JPG,RCNX6314.JPG,Turk_2022_202204031645_RCNX6314.jpg,0.8662069439888,1478.030029296875,34.830772399902344,672.92138671875,1447.51806640625,3776,2124,672,1447
Turk,2022,202204031645,BM,1,/Volumes/Seagate Portable Drive/KYLE_AI_DATABASE/A_CAMERA/Focal_species/Gulo gulo/Turk/BM/2022/COLOR/Robust marks/04.03-16.45/RCNX6315.JPG,RCNX6315.JPG,Turk_2022_202204031645_RCNX6315.jpg,0.9366559386253357,1489.4139404296875,32.817955017089844,651.1898193359375,1438.5303955078125,3776,2124,651,1438
Turk,2022,202204031645,BM,1,/Volumes/Seagate Portable Drive/KYLE_AI_DATABASE/A_CAMERA/Focal_species/Gulo gulo/Turk/BM/2022/COLOR/Robust marks/04.03-16.45/RCNX6316.JPG,RCNX6316.JPG,Turk_2022_202204031645_RCNX6316.jpg,0.9497917294502258,1480.427490234375,34.386722564697266,668.55908203125,1435.12255859375,3776,2124,668,1435
Turk,2022,202204031645,BM,1,/Volumes/Seagate Portable Drive/KYLE_AI_DATABASE/A_CAMERA/Focal_species/Gulo gulo/Turk/BM/2022/COLOR/Robust marks/04.03-16.45/RCNX6317.JPG,RCNX6317.JPG,Turk_2022_202204031645_RCNX6317.jpg,0.9205847978591919,1484.130615234375,72.4737777709961,642.8583984375,1429.2347412109375,3776,2124,642,1429
Turk,2022,202204031645,BM,1,/Volumes/Seagate Portable Drive/KYLE_AI_DATABASE/A_CAMERA/Focal_species/Gulo gulo/Turk/BM/2022/COLOR/Robust marks/04.03-16.45/RCNX6318.JPG,RCNX6318.JPG,Turk_2022_202204031645_RCNX6318.jpg,0.9045422077178955,1487.120361328125,67.53971862792969,678.76806640625,1410.006591796875,3776,2124,678,1410
Turk,2022,202204031645,BM,1,/Volumes/Seagate Portable Drive/KYLE_AI_DATABASE/A_CAMERA/Focal_species/Gulo gulo/Turk/BM/2022/COLOR/Robust marks/04.03-16.45/RCNX6320.JPG,RCNX6320.JPG,Turk_2022_202204031645_RCNX6320.jpg,0.8830450177192688,1487.548583984375,35.288875579833984,659.494873046875,1425.0252685546875,3776,2124,659,1425
Turk,2022,202204031645,BM,1,/Volumes/Seagate Portable Drive/KYLE_AI_DATABASE/A_CAMERA/Focal_species/Gulo gulo/Turk/BM/2022/COLOR/Robust marks/04.03-16.45/RCNX6321.JPG,RCNX6321.JPG,Turk_2022_202204031645_RCNX6321.jpg,0.9584119319915771,1488.138916015625,35.41180419921875,685.991455078125,1472.15380859375,3776,2124,685,1472
Turk,2022,202204031645,BM,1,/Volumes/Seagate Portable Drive/KYLE_AI_DATABASE/A_CAMERA/Focal_species/Gulo gulo/Turk/BM/2022/COLOR/Robust marks/04.03-16.45/RCNX6322.JPG,RCNX6322.JPG,Turk_2022_202204031645_RCNX6322.jpg,0.9486021399497986,1487.28125,41.34505081176758,668.751953125,1455.8458251953125,3776,2124,668,1455
Turk,2022,202204031645,BM,1,/Volumes/Seagate Portable Drive/KYLE_AI_DATABASE/A_CAMERA/Focal_species/Gulo gulo/Turk/BM/2022/COLOR/Robust marks/04.03-16.45/RCNX6323.JPG,RCNX6323.JPG,Turk_2022_202204031645_RCNX6323.jpg,0.9491455554962158,1489.3170166015625,135.38746643066406,666.6661376953125,1408.03857421875,3776,2124,666,1408
Turk,2022,202204031645,BM,1,/Volumes/Seagate Portable Drive/KYLE_AI_DATABASE/A_CAMERA/Focal_species/Gulo gulo/Turk/BM/2022/COLOR/Robust marks/04.03-16.45/RCNX6324.JPG,RCNX6324.JPG,Turk_2022_202204031645_RCNX6324.jpg,0.9393674731254578,1489.9150390625,101.65962982177734,652.528076171875,1437.8038330078125,3776,2124,652,1437
Turk,2022,202204031645,BM,1,/Volumes/Seagate Portable Drive/KYLE_AI_DATABASE/A_CAMERA/Focal_species/Gulo gulo/Turk/BM/2022/COLOR/Robust marks/04.03-16.45/RCNX6325.JPG,RCNX6325.JPG,Turk_2022_202204031645_RCNX6325.jpg,0.9071098566055298,1474.815673828125,172.92843627929688,670.139404296875,1276.153564453125,3776,2124,670,1276
Turk,2022,202204031645,BM,1,/Volumes/Seagate Portable Drive/KYLE_AI_DATABASE/A_CAMERA/Focal_species/Gulo gulo/Turk/BM/2022/COLOR/Robust marks/04.03-16.45/RCNX6326.JPG,RCNX6326.JPG,Turk_2022_202204031645_RCNX6326.jpg,0.938262403011322,1369.6597900390625,33.875003814697266,774.6199951171875,1478.981689453125,3776,2124,774,1478
Turk,2022,202204031645,BM,1,/Volumes/Seagate Portable Drive/KYLE_AI_DATABASE/A_CAMERA/Focal_species/Gulo gulo/Turk/BM/2022/COLOR/Robust marks/04.03-16.45/RCNX6327.JPG,RCNX6327.JPG,Turk_2022_202204031645_RCNX6327.jpg,0.9232797622680664,1487.3126220703125,214.37229919433594,755.4754638671875,1308.826904296875,3776,2124,755,1308
Turk,2022,202204031645,BM,1,/Volumes/Seagate Portable Drive/KYLE_AI_DATABASE/A_CAMERA/Focal_species/Gulo gulo/Turk/BM/2022/COLOR/Robust marks/04.03-16.45/RCNX6328.JPG,RCNX6328.JPG,Turk_2022_202204031645_RCNX6328.jpg,0.9573047757148743,1487.228515625,33.6108512878418,663.1845703125,1506.7935791015625,3776,2124,663,1506
Turk,2022,202204031645,BM,1,/Volumes/Seagate Portable Drive/KYLE_AI_DATABASE/A_CAMERA/Focal_species/Gulo gulo/Turk/BM/2022/COLOR/Robust marks/04.03-16.45/RCNX6329.JPG,RCNX6329.JPG,Turk_2022_202204031645_RCNX6329.jpg,0.9125539064407349,1456.7205810546875,93.7566146850586,684.0572509765625,1402.290771484375,3776,2124,684,1402
Turk,2022,202204031645,BM,1,/Volumes/Seagate Portable Drive/KYLE_AI_DATABASE/A_CAMERA/Focal_species/Gulo gulo/Turk/BM/2022/COLOR/Robust marks/04.03-16.45/RCNX6330.JPG,RCNX6330.JPG,Turk_2022_202204031645_RCNX6330.jpg,0.9005899429321289,1486.198974609375,94.79270935058594,670.100341796875,1348.041259765625,3776,2124,670,1348
Turk,2022,202204031645,BM,1,/Volumes/Seagate Portable Drive/KYLE_AI_DATABASE/A_CAMERA/Focal_species/Gulo gulo/Turk/BM/2022/COLOR/Robust marks/04.03-16.45/RCNX6331.JPG,RCNX6331.JPG,Turk_2022_202204031645_RCNX6331.jpg,0.9572323560714722,1490.388671875,34.80494689941406,833.59765625,1484.97509765625,3776,2124,833,1484
Turk,2022,202204031645,BM,1,/Volumes/Seagate Portable Drive/KYLE_AI_DATABASE/A_CAMERA/Focal_species/Gulo gulo/Turk/BM/2022/COLOR/Robust marks/04.03-16.45/RCNX6332.JPG,RCNX6332.JPG,Turk_2022_202204031645_RCNX6332.jpg,0.954956591129303,1493.0380859375,34.10224914550781,752.507080078125,1418.2432861328125,3776,2124,752,1418
Turk,2022,202204031645,BM,1,/Volumes/Seagate Portable Drive/KYLE_AI_DATABASE/A_CAMERA/Focal_species/Gulo gulo/Turk/BM/2022/COLOR/Robust marks/04.03-16.45/RCNX6333.JPG,RCNX6333.JPG,Turk_2022_202204031645_RCNX6333.jpg,0.9642072916030884,1488.63818359375,33.80746078491211,657.318359375,1477.9664306640625,3776,2124,657,1477
Turk,2022,202204031645,BM,1,/Volumes/Seagate Portable Drive/KYLE_AI_DATABASE/A_CAMERA/Focal_species/Gulo gulo/Turk/BM/2022/COLOR/Robust marks/04.03-16.45/RCNX6334.JPG,RCNX6334.JPG,Turk_2022_202204031645_RCNX6334.jpg,0.9478283524513245,1470.4500732421875,39.42034912109375,675.6558837890625,1557.71044921875,3776,2124,675,1557
Turk,2022,202204031645,BM,1,/Volumes/Seagate Portable Drive/KYLE_AI_DATABASE/A_CAMERA/Focal_species/Gulo gulo/Turk/BM/2022/COLOR/Robust marks/04.03-16.45/RCNX6335.JPG,RCNX6335.JPG,Turk_2022_202204031645_RCNX6335.jpg,0.9536200165748596,1481.538818359375,415.16473388671875,940.62890625,1170.1669921875,3776,2124,940,1170
Turk,2022,202204031645,BM,1,/Volumes/Seagate Portable Drive/KYLE_AI_DATABASE/A_CAMERA/Focal_species/Gulo gulo/Turk/BM/2022/COLOR/Robust marks/04.03-16.45/RCNX6336.JPG,RCNX6336.JPG,Turk_2022_202204031645_RCNX6336.jpg,0.9541849493980408,1484.025390625,355.5641174316406,847.11767578125,1267.1416015625,3776,2124,847,1267
Turk,2022,202204031645,BM,1,/Volumes/Seagate Portable Drive/KYLE_AI_DATABASE/A_CAMERA/Focal_species/Gulo gulo/Turk/BM/2022/COLOR/Robust marks/04.03-16.45/RCNX6337.JPG,RCNX6337.JPG,Turk_2022_202204031645_RCNX6337.jpg,0.9273651838302612,1471.4088134765625,336.99407958984375,712.6951904296875,1284.525634765625,3776,2124,712,1284
Turk,2022,202204031645,BM,1,/Volumes/Seagate Portable Drive/KYLE_AI_DATABASE/A_CAMERA/Focal_species/Gulo gulo/Turk/BM/2022/COLOR/Robust marks/04.03-16.45/RCNX6338.JPG,RCNX6338.JPG,Turk_2022_202204031645_RCNX6338.jpg,0.9478768706321716,1469.7747802734375,36.825233459472656,686.8387451171875,1468.7452392578125,3776,2124,686,1468
Turk,2022,202204031645,BM,1,/Volumes/Seagate Portable Drive/KYLE_AI_DATABASE/A_CAMERA/Focal_species/Gulo gulo/Turk/BM/2022/COLOR/Robust marks/04.03-16.45/RCNX6339.JPG,RCNX6339.JPG,Turk_2022_202204031645_RCNX6339.jpg,0.9389298558235168,1477.572509765625,35.91029357910156,666.65478515625,1411.8233642578125,3776,2124,666,1411
Turk,2022,202204031645,BM,1,/Volumes/Seagate Portable Drive/KYLE_AI_DATABASE/A_CAMERA/Focal_species/Gulo gulo/Turk/BM/2022/COLOR/Robust marks/04.03-16.45/RCNX6340.JPG,RCNX6340.JPG,Turk_2022_202204031645_RCNX6340.jpg,0.9161733984947205,1372.826171875,38.32778549194336,771.054931640625,1417.3902587890625,3776,2124,771,1417
Turk,2022,202204031645,BM,1,/Volumes/Seagate Portable Drive/KYLE_AI_DATABASE/A_CAMERA/Focal_species/Gulo gulo/Turk/BM/2022/COLOR/Robust marks/04.03-16.45/RCNX6341.JPG,RCNX6341.JPG,Turk_2022_202204031645_RCNX6341.jpg,0.9538334012031555,1489.831787109375,34.234039306640625,658.62841796875,1434.943359375,3776,2124,658,1434
Turk,2022,202204031645,BM,1,/Volumes/Seagate Portable Drive/KYLE_AI_DATABASE/A_CAMERA/Focal_species/Gulo gulo/Turk/BM/2022/COLOR/Robust marks/04.03-16.45/RCNX6342.JPG,RCNX6342.JPG,Turk_2022_202204031645_RCNX6342.jpg,0.9194037914276123,1483.4893798828125,34.604854583740234,657.2943115234375,1407.9808349609375,3776,2124,657,1407
Turk,2022,202204031645,BM,1,/Volumes/Seagate Portable Drive/KYLE_AI_DATABASE/A_CAMERA/Focal_species/Gulo gulo/Turk/BM/2022/COLOR/Robust marks/04.03-16.45/RCNX6343.JPG,RCNX6343.JPG,Turk_2022_202204031645_RCNX6343.jpg,0.9066029787063599,1490.529052734375,33.14749526977539,659.3251953125,1453.320556640625,3776,2124,659,1453
Turk,2022,202204031645,BM,1,/Volumes/Seagate Portable Drive/KYLE_AI_DATABASE/A_CAMERA/Focal_species/Gulo gulo/Turk/BM/2022/COLOR/Robust marks/04.03-16.45/RCNX6344.JPG,RCNX6344.JPG,Turk_2022_202204031645_RCNX6344.jpg,0.9359291791915894,1486.9293212890625,33.274410247802734,675.5411376953125,1488.76416015625,3776,2124,675,1488
Turk,2022,202204031645,BM,1,/Volumes/Seagate Portable Drive/KYLE_AI_DATABASE/A_CAMERA/Focal_species/Gulo gulo/Turk/BM/2022/COLOR/Robust marks/04.03-16.45/RCNX6345.JPG,RCNX6345.JPG,Turk_2022_202204031645_RCNX6345.jpg,0.8949866890907288,1487.8555908203125,34.046356201171875,680.2984619140625,1487.4659423828125,3776,2124,680,1487
Turk,2022,202204031645,BM,1,/Volumes/Seagate Portable Drive/KYLE_AI_DATABASE/A_CAMERA/Focal_species/Gulo gulo/Turk/BM/2022/COLOR/Robust marks/04.03-16.45/RCNX6348.JPG,RCNX6348.JPG,Turk_2022_202204031645_RCNX6348.jpg,0.8327512145042419,1491.1431884765625,323.0419616699219,663.2445068359375,1206.039794921875,3776,2124,663,1206
Turk,2022,202204031645,BM,1,/Volumes/Seagate Portable Drive/KYLE_AI_DATABASE/A_CAMERA/Focal_species/Gulo gulo/Turk/BM/2022/COLOR/Robust marks/04.03-16.45/RCNX6349.JPG,RCNX6349.JPG,Turk_2022_202204031645_RCNX6349.jpg,0.9209089279174805,1489.7449951171875,33.36322021484375,767.1058349609375,1440.544677734375,3776,2124,767,1440
Turk,2022,202204031645,BM,1,/Volumes/Seagate Portable Drive/KYLE_AI_DATABASE/A_CAMERA/Focal_species/Gulo gulo/Turk/BM/2022/COLOR/Robust marks/04.03-16.45/RCNX6350.JPG,RCNX6350.JPG,Turk_2022_202204031645_RCNX6350.jpg,0.9428693652153015,1488.9215087890625,34.4102668762207,658.0982666015625,1416.0284423828125,3776,2124,658,1416
Turk,2022,202204031645,BM,1,/Volumes/Seagate Portable Drive/KYLE_AI_DATABASE/A_CAMERA/Focal_species/Gulo gulo/Turk/BM/2022/COLOR/Robust marks/04.03-16.45/RCNX6351.JPG,RCNX6351.JPG,Turk_2022_202204031645_RCNX6351.jpg,0.8108763098716736,1480.441650390625,34.5978889465332,655.298583984375,1492.7659912109375,3776,2124,655,1492
Turk,2022,202204031645,BM,1,/Volumes/Seagate Portable Drive/KYLE_AI_DATABASE/A_CAMERA/Focal_species/Gulo gulo/Turk/BM/2022/COLOR/Robust marks/04.03-16.45/RCNX6353.JPG,RCNX6353.JPG,Turk_2022_202204031645_RCNX6353.jpg,0.8739306926727295,1482.909423828125,169.14199829101562,670.22802734375,1365.7364501953125,3776,2124,670,1365
Turk,2022,202204031645,BM,1,/Volumes/Seagate Portable Drive/KYLE_AI_DATABASE/A_CAMERA/Focal_species/Gulo gulo/Turk/BM/2022/COLOR/Robust marks/04.03-16.45/RCNX6354.JPG,RCNX6354.JPG,Turk_2022_202204031645_RCNX6354.jpg,0.9378876686096191,1473.1014404296875,33.34518051147461,673.6019287109375,1486.961669921875,3776,2124,673,1486
Turk,2022,202204031645,BM,1,/Volumes/Seagate Portable Drive/KYLE_AI_DATABASE/A_CAMERA/Focal_species/Gulo gulo/Turk/BM/2022/COLOR/Robust marks/04.03-16.45/RCNX6355.JPG,RCNX6355.JPG,Turk_2022_202204031645_RCNX6355.jpg,0.9064707159996033,1479.1214599609375,36.113800048828125,653.3963623046875,1436.9268798828125,3776,2124,653,1436
Turk,2022,202204031645,BM,1,/Volumes/Seagate Portable Drive/KYLE_AI_DATABASE/A_CAMERA/Focal_species/Gulo gulo/Turk/BM/2022/COLOR/Robust marks/04.03-16.45/RCNX6356.JPG,RCNX6356.JPG,Turk_2022_202204031645_RCNX6356.jpg,0.9169684648513794,1485.623291015625,41.600215911865234,670.855712890625,1515.29248046875,3776,2124,670,1515
Turk,2022,202204031645,BM,1,/Volumes/Seagate Portable Drive/KYLE_AI_DATABASE/A_CAMERA/Focal_species/Gulo gulo/Turk/BM/2022/COLOR/Robust marks/04.03-16.45/RCNX6357.JPG,RCNX6357.JPG,Turk_2022_202204031645_RCNX6357.jpg,0.9059249758720398,1490.5355224609375,73.92316436767578,660.1322021484375,1519.1171875,3776,2124,660,1519
Turk,2022,202204031645,BM,1,/Volumes/Seagate Portable Drive/KYLE_AI_DATABASE/A_CAMERA/Focal_species/Gulo gulo/Turk/BM/2022/COLOR/Robust marks/04.03-16.45/RCNX6358.JPG,RCNX6358.JPG,Turk_2022_202204031645_RCNX6358.jpg,0.9554986953735352,1479.2430419921875,491.9833068847656,833.6800537109375,1087.3687744140625,3776,2124,833,1087
Turk,2022,202204031645,BM,1,/Volumes/Seagate Portable Drive/KYLE_AI_DATABASE/A_CAMERA/Focal_species/Gulo gulo/Turk/BM/2022/COLOR/Robust marks/04.03-16.45/RCNX6359.JPG,RCNX6359.JPG,Turk_2022_202204031645_RCNX6359.jpg,0.9636198878288269,1480.8328857421875,507.085205078125,922.6141357421875,1050.52392578125,3776,2124,922,1050
Turk,2022,202204031645,BM,1,/Volumes/Seagate Portable Drive/KYLE_AI_DATABASE/A_CAMERA/Focal_species/Gulo gulo/Turk/BM/2022/COLOR/Robust marks/04.03-16.45/RCNX6360.JPG,RCNX6360.JPG,Turk_2022_202204031645_RCNX6360.jpg,0.9628584980964661,1482.7276611328125,451.1863708496094,766.9495849609375,1150.6597900390625,3776,2124,766,1150
Turk,2022,202204031645,BM,1,/Volumes/Seagate Portable Drive/KYLE_AI_DATABASE/A_CAMERA/Focal_species/Gulo gulo/Turk/BM/2022/COLOR/Robust marks/04.03-16.45/RCNX6361.JPG,RCNX6361.JPG,Turk_2022_202204031645_RCNX6361.jpg,0.9405381679534912,1424.974853515625,34.74164581298828,720.63623046875,1443.537109375,3776,2124,720,1443
Turk,2022,202204031645,BM,1,/Volumes/Seagate Portable Drive/KYLE_AI_DATABASE/A_CAMERA/Focal_species/Gulo gulo/Turk/BM/2022/COLOR/Robust marks/04.03-16.45/RCNX6362.JPG,RCNX6362.JPG,Turk_2022_202204031645_RCNX6362.jpg,0.9118765592575073,1488.7603759765625,38.47078323364258,718.0145263671875,1552.82861328125,3776,2124,718,1552
Turk,2022,202204031645,BM,1,/Volumes/Seagate Portable Drive/KYLE_AI_DATABASE/A_CAMERA/Focal_species/Gulo gulo/Turk/BM/2022/COLOR/Robust marks/04.03-16.45/RCNX6363.JPG,RCNX6363.JPG,Turk_2022_202204031645_RCNX6363.jpg,0.9097867012023926,1492.1549072265625,43.54618835449219,657.7403564453125,1434.9180908203125,3776,2124,657,1434
Turk,2022,202204031645,BM,1,/Volumes/Seagate Portable Drive/KYLE_AI_DATABASE/A_CAMERA/Focal_species/Gulo gulo/Turk/BM/2022/COLOR/Robust marks/04.03-16.45/RCNX6364.JPG,RCNX6364.JPG,Turk_2022_202204031645_RCNX6364.jpg,0.8684962391853333,1492.3773193359375,95.07901763916016,674.9007568359375,1437.027099609375,3776,2124,674,1437
Turk,2022,202204031645,BM,1,/Volumes/Seagate Portable Drive/KYLE_AI_DATABASE/A_CAMERA/Focal_species/Gulo gulo/Turk/BM/2022/COLOR/Robust marks/04.03-16.45/RCNX6365.JPG,RCNX6365.JPG,Turk_2022_202204031645_RCNX6365.jpg,0.9133980870246887,1484.6480712890625,103.59123992919922,654.7569580078125,1403.434814453125,3776,2124,654,1403
Turk,2022,202204031645,BM,1,/Volumes/Seagate Portable Drive/KYLE_AI_DATABASE/A_CAMERA/Focal_species/Gulo gulo/Turk/BM/2022/COLOR/Robust marks/04.03-16.45/RCNX6366.JPG,RCNX6366.JPG,Turk_2022_202204031645_RCNX6366.jpg,0.8829607367515564,1490.3653564453125,35.586448669433594,643.2950439453125,1492.9735107421875,3776,2124,643,1492
Turk,2022,202204031645,BM,1,/Volumes/Seagate Portable Drive/KYLE_AI_DATABASE/A_CAMERA/Focal_species/Gulo gulo/Turk/BM/2022/COLOR/Robust marks/04.03-16.45/RCNX6367.JPG,RCNX6367.JPG,Turk_2022_202204031645_RCNX6367.jpg,0.9532788395881653,1485.4417724609375,37.99045944213867,788.9176025390625,1503.248291015625,3776,2124,788,1503
Turk,2022,202204031645,BM,1,/Volumes/Seagate Portable Drive/KYLE_AI_DATABASE/A_CAMERA/Focal_species/Gulo gulo/Turk/BM/2022/COLOR/Robust marks/04.03-16.45/RCNX6368.JPG,RCNX6368.JPG,Turk_2022_202204031645_RCNX6368.jpg,0.9304579496383667,1485.668212890625,164.26510620117188,642.52294921875,1362.0855712890625,3776,2124,642,1362
Turk,2022,202204031645,BM,1,/Volumes/Seagate Portable Drive/KYLE_AI_DATABASE/A_CAMERA/Focal_species/Gulo gulo/Turk/BM/2022/COLOR/Robust marks/04.03-16.45/RCNX6369.JPG,RCNX6369.JPG,Turk_2022_202204031645_RCNX6369.jpg,0.9528508186340332,1490.82861328125,51.13422775268555,772.469482421875,1418.8663330078125,3776,2124,772,1418
Turk,2022,202204031645,BM,1,/Volumes/Seagate Portable Drive/KYLE_AI_DATABASE/A_CAMERA/Focal_species/Gulo gulo/Turk/BM/2022/COLOR/Robust marks/04.03-16.45/RCNX6370.JPG,RCNX6370.JPG,Turk_2022_202204031645_RCNX6370.jpg,0.9572944045066833,1495.1875,51.32172393798828,657.740478515625,1448.8817138671875,3776,2124,657,1448
Turk,2022,202204031645,BM,1,/Volumes/Seagate Portable Drive/KYLE_AI_DATABASE/A_CAMERA/Focal_species/Gulo gulo/Turk/BM/2022/COLOR/Robust marks/04.03-16.45/RCNX6371.JPG,RCNX6371.JPG,Turk_2022_202204031645_RCNX6371.jpg,0.939856231212616,1494.2850341796875,47.24430847167969,696.7686767578125,1503.0682373046875,3776,2124,696,1503
Turk,2022,202204031645,BM,1,/Volumes/Seagate Portable Drive/KYLE_AI_DATABASE/A_CAMERA/Focal_species/Gulo gulo/Turk/BM/2022/COLOR/Robust marks/04.03-16.45/RCNX6372.JPG,RCNX6372.JPG,Turk_2022_202204031645_RCNX6372.jpg,0.9576205015182495,1498.847412109375,42.4750862121582,713.28759765625,1433.67919921875,3776,2124,713,1433
Turk,2022,202204031645,BM,1,/Volumes/Seagate Portable Drive/KYLE_AI_DATABASE/A_CAMERA/Focal_species/Gulo gulo/Turk/BM/2022/COLOR/Robust marks/04.03-16.45/RCNX6373.JPG,RCNX6373.JPG,Turk_2022_202204031645_RCNX6373.jpg,0.9622977375984192,1493.436279296875,47.099857330322266,726.334228515625,1421.1256103515625,3776,2124,726,1421
Turk,2022,202204031645,BM,1,/Volumes/Seagate Portable Drive/KYLE_AI_DATABASE/A_CAMERA/Focal_species/Gulo gulo/Turk/BM/2022/COLOR/Robust marks/04.03-16.45/RCNX6374.JPG,RCNX6374.JPG,Turk_2022_202204031645_RCNX6374.jpg,0.9414548277854919,1494.1826171875,109.13379669189453,735.12353515625,1432.2991943359375,3776,2124,735,1432
Turk,2022,202204031645,BM,1,/Volumes/Seagate Portable Drive/KYLE_AI_DATABASE/A_CAMERA/Focal_species/Gulo gulo/Turk/BM/2022/COLOR/Robust marks/04.03-16.45/RCNX6375.JPG,RCNX6375.JPG,Turk_2022_202204031645_RCNX6375.jpg,0.9503471851348877,1499.906005859375,55.01116943359375,805.604736328125,1522.215087890625,3776,2124,805,1522
Turk,2022,202204031645,BM,1,/Volumes/Seagate Portable Drive/KYLE_AI_DATABASE/A_CAMERA/Focal_species/Gulo gulo/Turk/BM/2022/COLOR/Robust marks/04.03-16.45/RCNX6376.JPG,RCNX6376.JPG,Turk_2022_202204031645_RCNX6376.jpg,0.9431257843971252,1498.8604736328125,108.86736297607422,716.9522705078125,1406.0828857421875,3776,2124,716,1406
Turk,2022,202204031645,BM,1,/Volumes/Seagate Portable Drive/KYLE_AI_DATABASE/A_CAMERA/Focal_species/Gulo gulo/Turk/BM/2022/COLOR/Robust marks/04.03-16.45/RCNX6377.JPG,RCNX6377.JPG,Turk_2022_202204031645_RCNX6377.jpg,0.9440481662750244,1499.9664306640625,48.04695129394531,640.8663330078125,1430.59130859375,3776,2124,640,1430
Turk,2022,202204031645,BM,1,/Volumes/Seagate Portable Drive/KYLE_AI_DATABASE/A_CAMERA/Focal_species/Gulo gulo/Turk/BM/2022/COLOR/Robust marks/04.03-16.45/RCNX6378.JPG,RCNX6378.JPG,Turk_2022_202204031645_RCNX6378.jpg,0.9415378570556641,1478.8780517578125,33.781002044677734,668.0169677734375,1417.9586181640625,3776,2124,668,1417
Turk,2022,202204031645,BM,1,/Volumes/Seagate Portable Drive/KYLE_AI_DATABASE/A_CAMERA/Focal_species/Gulo gulo/Turk/BM/2022/COLOR/Robust marks/04.03-16.45/RCNX6379.JPG,RCNX6379.JPG,Turk_2022_202204031645_RCNX6379.jpg,0.9485662579536438,1486.204345703125,35.9358024597168,740.8203125,1445.560302734375,3776,2124,740,1445
Turk,2022,202204031645,BM,1,/Volumes/Seagate Portable Drive/KYLE_AI_DATABASE/A_CAMERA/Focal_species/Gulo gulo/Turk/BM/2022/COLOR/Robust marks/04.03-16.45/RCNX6380.JPG,RCNX6380.JPG,Turk_2022_202204031645_RCNX6380.jpg,0.9268276691436768,1483.2081298828125,39.179935455322266,645.0955810546875,1493.708740234375,3776,2124,645,1493
Turk,2022,202204031645,BM,1,/Volumes/Seagate Portable Drive/KYLE_AI_DATABASE/A_CAMERA/Focal_species/Gulo gulo/Turk/BM/2022/COLOR/Robust marks/04.03-16.45/RCNX6381.JPG,RCNX6381.JPG,Turk_2022_202204031645_RCNX6381.jpg,0.882319986820221,1486.302734375,36.26261901855469,638.6455078125,1568.7677001953125,3776,2124,638,1568
Turk,2022,202204031645,BM,1,/Volumes/Seagate Portable Drive/KYLE_AI_DATABASE/A_CAMERA/Focal_species/Gulo gulo/Turk/BM/2022/COLOR/Robust marks/04.03-16.45/RCNX6382.JPG,RCNX6382.JPG,Turk_2022_202204031645_RCNX6382.jpg,0.9374704957008362,1481.3804931640625,34.04015350341797,659.5230712890625,1467.42236328125,3776,2124,659,1467
Turk,2022,202204031645,BM,1,/Volumes/Seagate Portable Drive/KYLE_AI_DATABASE/A_CAMERA/Focal_species/Gulo gulo/Turk/BM/2022/COLOR/Robust marks/04.03-16.45/RCNX6383.JPG,RCNX6383.JPG,Turk_2022_202204031645_RCNX6383.jpg,0.8351016640663147,1488.427978515625,33.8765869140625,843.165771484375,1526.7725830078125,3776,2124,843,1526
Turk,2022,202204031645,BM,1,/Volumes/Seagate Portable Drive/KYLE_AI_DATABASE/A_CAMERA/Focal_species/Gulo gulo/Turk/BM/2022/COLOR/Robust marks/04.03-16.45/RCNX6384.JPG,RCNX6384.JPG,Turk_2022_202204031645_RCNX6384.jpg,0.9518564343452454,1485.9859619140625,177.3188018798828,731.3050537109375,1347.3909912109375,3776,2124,731,1347
Turk,2022,202204031645,BM,1,/Volumes/Seagate Portable Drive/KYLE_AI_DATABASE/A_CAMERA/Focal_species/Gulo gulo/Turk/BM/2022/COLOR/Robust marks/04.03-16.45/RCNX6385.JPG,RCNX6385.JPG,Turk_2022_202204031645_RCNX6385.jpg,0.9429478049278259,1487.6993408203125,36.470245361328125,818.9781494140625,1445.6015625,3776,2124,818,1445
Turk,2022,202204031645,BM,1,/Volumes/Seagate Portable Drive/KYLE_AI_DATABASE/A_CAMERA/Focal_species/Gulo gulo/Turk/BM/2022/COLOR/Robust marks/04.03-16.45/RCNX6386.JPG,RCNX6386.JPG,Turk_2022_202204031645_RCNX6386.jpg,0.9550410509109497,1490.6016845703125,33.97286605834961,656.1817626953125,1428.6414794921875,3776,2124,656,1428
Turk,2022,202204031645,BM,1,/Volumes/Seagate Portable Drive/KYLE_AI_DATABASE/A_CAMERA/Focal_species/Gulo gulo/Turk/BM/2022/COLOR/Robust marks/04.03-16.45/RCNX6387.JPG,RCNX6387.JPG,Turk_2022_202204031645_RCNX6387.jpg,0.9476348757743835,1491.9373779296875,99.30303192138672,696.2598876953125,1362.5667724609375,3776,2124,696,1362
Turk,2022,202204031645,BM,1,/Volumes/Seagate Portable Drive/KYLE_AI_DATABASE/A_CAMERA/Focal_species/Gulo gulo/Turk/BM/2022/COLOR/Robust marks/04.03-16.45/RCNX6388.JPG,RCNX6388.JPG,Turk_2022_202204031645_RCNX6388.jpg,0.9409278631210327,1485.4925537109375,51.008384704589844,821.8292236328125,1488.1278076171875,3776,2124,821,1488
Turk,2022,202204031645,BM,1,/Volumes/Seagate Portable Drive/KYLE_AI_DATABASE/A_CAMERA/Focal_species/Gulo gulo/Turk/BM/2022/COLOR/Robust marks/04.03-16.45/RCNX6389.JPG,RCNX6389.JPG,Turk_2022_202204031645_RCNX6389.jpg,0.9499190449714661,1479.4493408203125,541.9874267578125,766.4468994140625,1089.826904296875,3776,2124,766,1089
Turk,2022,202204031645,BM,1,/Volumes/Seagate Portable Drive/KYLE_AI_DATABASE/A_CAMERA/Focal_species/Gulo gulo/Turk/BM/2022/COLOR/Robust marks/04.03-16.45/RCNX6390.JPG,RCNX6390.JPG,Turk_2022_202204031645_RCNX6390.jpg,0.938248872756958,1451.496337890625,565.3914184570312,717.90966796875,1104.14892578125,3776,2124,717,1104
Turk,2022,202204031645,BM,1,/Volumes/Seagate Portable Drive/KYLE_AI_DATABASE/A_CAMERA/Focal_species/Gulo gulo/Turk/BM/2022/COLOR/Robust marks/04.03-16.45/RCNX6391.JPG,RCNX6391.JPG,Turk_2022_202204031645_RCNX6391.jpg,0.9265481233596802,2353.245361328125,1870.5404052734375,303.2197265625,214.8275146484375,3776,2124,303,214
Turk,2022,202204031645,BM,1,/Volumes/Seagate Portable Drive/KYLE_AI_DATABASE/A_CAMERA/Focal_species/Gulo gulo/Turk/BM/2022/COLOR/Robust marks/04.03-16.45/RCNX6392.JPG,RCNX6392.JPG,Turk_2022_202204031645_RCNX6392.jpg,0.9033219218254089,2008.494873046875,1920.5054931640625,554.779296875,164.0897216796875,3776,2124,554,164
Turk,2022,202204031645,BM,1,/Volumes/Seagate Portable Drive/KYLE_AI_DATABASE/A_CAMERA/Focal_species/Gulo gulo/Turk/BM/2022/COLOR/Robust marks/04.03-16.45/RCNX6395.JPG,RCNX6395.JPG,Turk_2022_202204031645_RCNX6395.jpg,0.9598026275634766,1701.0220947265625,1554.070556640625,888.9913330078125,530.570068359375,3776,2124,888,530
Turk,2022,202204031645,BM,1,/Volumes/Seagate Portable Drive/KYLE_AI_DATABASE/A_CAMERA/Focal_species/Gulo gulo/Turk/BM/2022/COLOR/Robust marks/04.03-16.45/RCNX6396.JPG,RCNX6396.JPG,Turk_2022_202204031645_RCNX6396.jpg,0.866276204586029,1590.414306640625,900.2907104492188,699.153564453125,1126.803955078125,3776,2124,699,1126
Turk,2022,202204031645,BM,1,/Volumes/Seagate Portable Drive/KYLE_AI_DATABASE/A_CAMERA/Focal_species/Gulo gulo/Turk/BM/2022/COLOR/Robust marks/04.03-16.45/RCNX6397.JPG,RCNX6397.JPG,Turk_2022_202204031645_RCNX6397.jpg,0.9286966919898987,1542.1815185546875,216.37820434570312,640.5838623046875,1411.0657958984375,3776,2124,640,1411
Turk,2022,202204031645,BM,1,/Volumes/Seagate Portable Drive/KYLE_AI_DATABASE/A_CAMERA/Focal_species/Gulo gulo/Turk/BM/2022/COLOR/Robust marks/04.03-16.45/RCNX6398.JPG,RCNX6398.JPG,Turk_2022_202204031645_RCNX6398.jpg,0.9195294380187988,1473.02392578125,198.17645263671875,669.274658203125,1352.5068359375,3776,2124,669,1352
Turk,2022,202204031645,BM,1,/Volumes/Seagate Portable Drive/KYLE_AI_DATABASE/A_CAMERA/Focal_species/Gulo gulo/Turk/BM/2022/COLOR/Robust marks/04.03-16.45/RCNX6399.JPG,RCNX6399.JPG,Turk_2022_202204031645_RCNX6399.jpg,0.9143690466880798,1492.408935546875,175.67300415039062,791.1416015625,1443.9298095703125,3776,2124,791,1443
Turk,2022,202204031645,BM,1,/Volumes/Seagate Portable Drive/KYLE_AI_DATABASE/A_CAMERA/Focal_species/Gulo gulo/Turk/BM/2022/COLOR/Robust marks/04.03-16.45/RCNX6401.JPG,RCNX6401.JPG,Turk_2022_202204031645_RCNX6401.jpg,0.9499120712280273,1470.514892578125,34.35121154785156,679.437255859375,1462.63427734375,3776,2124,679,1462
Turk,2022,202204031645,BM,1,/Volumes/Seagate Portable Drive/KYLE_AI_DATABASE/A_CAMERA/Focal_species/Gulo gulo/Turk/BM/2022/COLOR/Robust marks/04.03-16.45/RCNX6402.JPG,RCNX6402.JPG,Turk_2022_202204031645_RCNX6402.jpg,0.9503222703933716,1452.25341796875,34.0509147644043,696.67919921875,1460.1312255859375,3776,2124,696,1460
Turk,2022,202204031645,BM,1,/Volumes/Seagate Portable Drive/KYLE_AI_DATABASE/A_CAMERA/Focal_species/Gulo gulo/Turk/BM/2022/COLOR/Robust marks/04.03-16.45/RCNX6403.JPG,RCNX6403.JPG,Turk_2022_202204031645_RCNX6403.jpg,0.9529639482498169,1447.3704833984375,35.421932220458984,698.3958740234375,1486.277587890625,3776,2124,698,1486
Turk,2022,202204031645,BM,1,/Volumes/Seagate Portable Drive/KYLE_AI_DATABASE/A_CAMERA/Focal_species/Gulo gulo/Turk/BM/2022/COLOR/Robust marks/04.03-16.45/RCNX6404.JPG,RCNX6404.JPG,Turk_2022_202204031645_RCNX6404.jpg,0.9506808519363403,1490.4671630859375,36.87321472167969,669.9344482421875,1493.87744140625,3776,2124,669,1493
Turk,2022,202204031645,BM,1,/Volumes/Seagate Portable Drive/KYLE_AI_DATABASE/A_CAMERA/Focal_species/Gulo gulo/Turk/BM/2022/COLOR/Robust marks/04.03-16.45/RCNX6405.JPG,RCNX6405.JPG,Turk_2022_202204031645_RCNX6405.jpg,0.9589057564735413,1496.2264404296875,35.896366119384766,667.6837158203125,1448.6083984375,3776,2124,667,1448
Turk,2022,202204031645,BM,1,/Volumes/Seagate Portable Drive/KYLE_AI_DATABASE/A_CAMERA/Focal_species/Gulo gulo/Turk/BM/2022/COLOR/Robust marks/04.03-16.45/RCNX6406.JPG,RCNX6406.JPG,Turk_2022_202204031645_RCNX6406.jpg,0.8910118341445923,1458.998779296875,36.192989349365234,692.140380859375,1505.8125,3776,2124,692,1505
Turk,2022,202204031645,BM,1,/Volumes/Seagate Portable Drive/KYLE_AI_DATABASE/A_CAMERA/Focal_species/Gulo gulo/Turk/BM/2022/COLOR/Robust marks/04.03-16.45/RCNX6407.JPG,RCNX6407.JPG,Turk_2022_202204031645_RCNX6407.jpg,0.956571638584137,1492.66259765625,35.23690414428711,653.41650390625,1464.310791015625,3776,2124,653,1464
Turk,2022,202204031645,BM,1,/Volumes/Seagate Portable Drive/KYLE_AI_DATABASE/A_CAMERA/Focal_species/Gulo gulo/Turk/BM/2022/COLOR/Robust marks/04.03-16.45/RCNX6408.JPG,RCNX6408.JPG,Turk_2022_202204031645_RCNX6408.jpg,0.9468835592269897,1487.693115234375,34.97838592529297,652.106689453125,1498.9539794921875,3776,2124,652,1498
Turk,2022,202204031645,BM,1,/Volumes/Seagate Portable Drive/KYLE_AI_DATABASE/A_CAMERA/Focal_species/Gulo gulo/Turk/BM/2022/COLOR/Robust marks/04.03-16.45/RCNX6409.JPG,RCNX6409.JPG,Turk_2022_202204031645_RCNX6409.jpg,0.8989360928535461,1491.3255615234375,440.6049499511719,733.7413330078125,1216.6995849609375,3776,2124,733,1216
Turk,2022,202204031645,BM,1,/Volumes/Seagate Portable Drive/KYLE_AI_DATABASE/A_CAMERA/Focal_species/Gulo gulo/Turk/BM/2022/COLOR/Robust marks/04.03-16.45/RCNX6410.JPG,RCNX6410.JPG,Turk_2022_202204031645_RCNX6410.jpg,0.9228020906448364,1485.1444091796875,518.370849609375,696.1893310546875,1182.147216796875,3776,2124,696,1182
Turk,2022,202204031645,BM,1,/Volumes/Seagate Portable Drive/KYLE_AI_DATABASE/A_CAMERA/Focal_species/Gulo gulo/Turk/BM/2022/COLOR/Robust marks/04.03-16.45/RCNX6411.JPG,RCNX6411.JPG,Turk_2022_202204031645_RCNX6411.jpg,0.9338279366493225,1508.1168212890625,33.156925201416016,645.6346435546875,1456.324462890625,3776,2124,645,1456
Turk,2022,202204031645,BM,1,/Volumes/Seagate Portable Drive/KYLE_AI_DATABASE/A_CAMERA/Focal_species/Gulo gulo/Turk/BM/2022/COLOR/Robust marks/04.03-16.45/RCNX6412.JPG,RCNX6412.JPG,Turk_2022_202204031645_RCNX6412.jpg,0.935763955116272,1610.8717041015625,44.86846160888672,566.5726318359375,1406.7593994140625,3776,2124,566,1406
Turk,2022,202204031645,BM,1,/Volumes/Seagate Portable Drive/KYLE_AI_DATABASE/A_CAMERA/Focal_species/Gulo gulo/Turk/BM/2022/COLOR/Robust marks/04.03-16.45/RCNX6413.JPG,RCNX6413.JPG,Turk_2022_202204031645_RCNX6413.jpg,0.921164870262146,1591.654541015625,36.19432067871094,553.76708984375,1416.005859375,3776,2124,553,1416
Turk,2022,202204031645,BM,1,/Volumes/Seagate Portable Drive/KYLE_AI_DATABASE/A_CAMERA/Focal_species/Gulo gulo/Turk/BM/2022/COLOR/Robust marks/04.03-16.45/RCNX6414.JPG,RCNX6414.JPG,Turk_2022_202204031645_RCNX6414.jpg,0.9606534838676453,1455.060791015625,35.036434173583984,706.0546875,1288.410888671875,3776,2124,706,1288
Turk,2022,202204031645,BM,1,/Volumes/Seagate Portable Drive/KYLE_AI_DATABASE/A_CAMERA/Focal_species/Gulo gulo/Turk/BM/2022/COLOR/Robust marks/04.03-16.45/RCNX6415.JPG,RCNX6415.JPG,Turk_2022_202204031645_RCNX6415.jpg,0.9217978119850159,1614.9052734375,34.48996353149414,595.47412109375,1335.26318359375,3776,2124,595,1335
Turk,2022,202204031645,BM,1,/Volumes/Seagate Portable Drive/KYLE_AI_DATABASE/A_CAMERA/Focal_species/Gulo gulo/Turk/BM/2022/COLOR/Robust marks/04.03-16.45/RCNX6416.JPG,RCNX6416.JPG,Turk_2022_202204031645_RCNX6416.jpg,0.9510592818260193,1581.9052734375,34.34133529663086,597.539794921875,1214.8236083984375,3776,2124,597,1214
Turk,2022,202204031645,BM,1,/Volumes/Seagate Portable Drive/KYLE_AI_DATABASE/A_CAMERA/Focal_species/Gulo gulo/Turk/BM/2022/COLOR/Robust marks/04.03-16.45/RCNX6417.JPG,RCNX6417.JPG,Turk_2022_202204031645_RCNX6417.jpg,0.9205789566040039,1603.0599365234375,34.87248611450195,595.1846923828125,1234.17822265625,3776,2124,595,1234
Turk,2022,202204031645,BM,1,/Volumes/Seagate Portable Drive/KYLE_AI_DATABASE/A_CAMERA/Focal_species/Gulo gulo/Turk/BM/2022/COLOR/Robust marks/04.03-16.45/RCNX6418.JPG,RCNX6418.JPG,Turk_2022_202204031645_RCNX6418.jpg,0.9483489990234375,1575.6724853515625,34.519840240478516,587.9466552734375,1181.39013671875,3776,2124,587,1181
Turk,2022,202204031645,BM,1,/Volumes/Seagate Portable Drive/KYLE_AI_DATABASE/A_CAMERA/Focal_species/Gulo gulo/Turk/BM/2022/COLOR/Robust marks/04.03-16.45/RCNX6419.JPG,RCNX6419.JPG,Turk_2022_202204031645_RCNX6419.jpg,0.9684963822364807,1453.1617431640625,35.266971588134766,705.9385986328125,1240.85205078125,3776,2124,705,1240
Turk,2022,202204031645,BM,1,/Volumes/Seagate Portable Drive/KYLE_AI_DATABASE/A_CAMERA/Focal_species/Gulo gulo/Turk/BM/2022/COLOR/Robust marks/04.03-16.45/RCNX6420.JPG,RCNX6420.JPG,Turk_2022_202204031645_RCNX6420.jpg,0.9649704694747925,1351.289306640625,36.104496002197266,800.167724609375,1193.4093017578125,3776,2124,800,1193
Turk,2022,202204031645,BM,1,/Volumes/Seagate Portable Drive/KYLE_AI_DATABASE/A_CAMERA/Focal_species/Gulo gulo/Turk/BM/2022/COLOR/Robust marks/04.03-16.45/RCNX6421.JPG,RCNX6421.JPG,Turk_2022_202204031645_RCNX6421.jpg,0.9552932977676392,1591.2645263671875,35.28121566772461,938.3187255859375,1282.9207763671875,3776,2124,938,1282
Turk,2022,202204031645,BM,1,/Volumes/Seagate Portable Drive/KYLE_AI_DATABASE/A_CAMERA/Focal_species/Gulo gulo/Turk/BM/2022/COLOR/Robust marks/04.03-16.45/RCNX6422.JPG,RCNX6422.JPG,Turk_2022_202204031645_RCNX6422.jpg,0.9214715361595154,1486.240966796875,34.744937896728516,724.097412109375,1325.2001953125,3776,2124,724,1325
Turk,2022,202204031645,BM,1,/Volumes/Seagate Portable Drive/KYLE_AI_DATABASE/A_CAMERA/Focal_species/Gulo gulo/Turk/BM/2022/COLOR/Robust marks/04.03-16.45/RCNX6423.JPG,RCNX6423.JPG,Turk_2022_202204031645_RCNX6423.jpg,0.9438866972923279,1601.8809814453125,33.7268180847168,600.9224853515625,1275.02392578125,3776,2124,600,1275
Turk,2022,202204031645,BM,1,/Volumes/Seagate Portable Drive/KYLE_AI_DATABASE/A_CAMERA/Focal_species/Gulo gulo/Turk/BM/2022/COLOR/Robust marks/04.03-16.45/RCNX6424.JPG,RCNX6424.JPG,Turk_2022_202204031645_RCNX6424.jpg,0.942438542842865,1617.6600341796875,34.243980407714844,648.0567626953125,1346.396728515625,3776,2124,648,1346
Turk,2022,202204031645,BM,1,/Volumes/Seagate Portable Drive/KYLE_AI_DATABASE/A_CAMERA/Focal_species/Gulo gulo/Turk/BM/2022/COLOR/Robust marks/04.03-16.45/RCNX6425.JPG,RCNX6425.JPG,Turk_2022_202204031645_RCNX6425.jpg,0.9091492295265198,1578.621337890625,35.357173919677734,623.616455078125,1313.5714111328125,3776,2124,623,1313
Turk,2022,202204031645,BM,1,/Volumes/Seagate Portable Drive/KYLE_AI_DATABASE/A_CAMERA/Focal_species/Gulo gulo/Turk/BM/2022/COLOR/Robust marks/04.03-16.45/RCNX6426.JPG,RCNX6426.JPG,Turk_2022_202204031645_RCNX6426.jpg,0.8950791358947754,1591.4384765625,35.63487243652344,655.680908203125,1299.0015869140625,3776,2124,655,1299
Turk,2022,202204031645,BM,1,/Volumes/Seagate Portable Drive/KYLE_AI_DATABASE/A_CAMERA/Focal_species/Gulo gulo/Turk/BM/2022/COLOR/Robust marks/04.03-16.45/RCNX6427.JPG,RCNX6427.JPG,Turk_2022_202204031645_RCNX6427.jpg,0.9528852105140686,1624.97607421875,34.91641616821289,714.625732421875,1353.093505859375,3776,2124,714,1353
Turk,2022,202204031645,BM,1,/Volumes/Seagate Portable Drive/KYLE_AI_DATABASE/A_CAMERA/Focal_species/Gulo gulo/Turk/BM/2022/COLOR/Robust marks/04.03-16.45/RCNX6428.JPG,RCNX6428.JPG,Turk_2022_202204031645_RCNX6428.jpg,0.9101454615592957,1642.40966796875,36.196346282958984,602.76806640625,1255.4798583984375,3776,2124,602,1255
Turk,2022,202204031645,BM,1,/Volumes/Seagate Portable Drive/KYLE_AI_DATABASE/A_CAMERA/Focal_species/Gulo gulo/Turk/BM/2022/COLOR/Robust marks/04.03-16.45/RCNX6429.JPG,RCNX6429.JPG,Turk_2022_202204031645_RCNX6429.jpg,0.8642123937606812,1629.249267578125,281.2572937011719,583.0107421875,1086.4146728515625,3776,2124,583,1086
Turk,2022,202204031645,BM,1,/Volumes/Seagate Portable Drive/KYLE_AI_DATABASE/A_CAMERA/Focal_species/Gulo gulo/Turk/BM/2022/COLOR/Robust marks/04.03-16.45/RCNX6430.JPG,RCNX6430.JPG,Turk_2022_202204031645_RCNX6430.jpg,0.911932110786438,1649.067138671875,41.514060974121094,706.147705078125,1252.386962890625,3776,2124,706,1252
Turk,2022,202204031645,BM,1,/Volumes/Seagate Portable Drive/KYLE_AI_DATABASE/A_CAMERA/Focal_species/Gulo gulo/Turk/BM/2022/COLOR/Robust marks/04.03-16.45/RCNX6431.JPG,RCNX6431.JPG,Turk_2022_202204031645_RCNX6431.jpg,0.9389113783836365,1586.1204833984375,37.35100173950195,628.0638427734375,1407.311279296875,3776,2124,628,1407
Turk,2022,202204031645,BM,1,/Volumes/Seagate Portable Drive/KYLE_AI_DATABASE/A_CAMERA/Focal_species/Gulo gulo/Turk/BM/2022/COLOR/Robust marks/04.03-16.45/RCNX6432.JPG,RCNX6432.JPG,Turk_2022_202204031645_RCNX6432.jpg,0.9388502240180969,1587.50830078125,37.32549285888672,636.167724609375,1409.0400390625,3776,2124,636,1409
Turk,2022,202204031645,BM,1,/Volumes/Seagate Portable Drive/KYLE_AI_DATABASE/A_CAMERA/Focal_species/Gulo gulo/Turk/BM/2022/COLOR/Robust marks/04.03-16.45/RCNX6433.JPG,RCNX6433.JPG,Turk_2022_202204031645_RCNX6433.jpg,0.9146081209182739,1577.87109375,63.6198616027832,589.59716796875,1382.2447509765625,3776,2124,589,1382
Turk,2022,202204031645,BM,1,/Volumes/Seagate Portable Drive/KYLE_AI_DATABASE/A_CAMERA/Focal_species/Gulo gulo/Turk/BM/2022/COLOR/Robust marks/04.03-16.45/RCNX6434.JPG,RCNX6434.JPG,Turk_2022_202204031645_RCNX6434.jpg,0.9073830842971802,1555.8221435546875,36.3189582824707,620.2906494140625,1410.8651123046875,3776,2124,620,1410
Turk,2022,202204031645,BM,1,/Volumes/Seagate Portable Drive/KYLE_AI_DATABASE/A_CAMERA/Focal_species/Gulo gulo/Turk/BM/2022/COLOR/Robust marks/04.03-16.45/RCNX6435.JPG,RCNX6435.JPG,Turk_2022_202204031645_RCNX6435.jpg,0.8283582925796509,1607.2674560546875,138.82313537597656,589.8221435546875,1403.70654296875,3776,2124,589,1403
Turk,2022,202204031645,BM,1,/Volumes/Seagate Portable Drive/KYLE_AI_DATABASE/A_CAMERA/Focal_species/Gulo gulo/Turk/BM/2022/COLOR/Robust marks/04.03-16.45/RCNX6436.JPG,RCNX6436.JPG,Turk_2022_202204031645_RCNX6436.jpg,0.9305217266082764,1603.3822021484375,36.53575897216797,570.6951904296875,1460.8714599609375,3776,2124,570,1460
Turk,2022,202204031645,BM,1,/Volumes/Seagate Portable Drive/KYLE_AI_DATABASE/A_CAMERA/Focal_species/Gulo gulo/Turk/BM/2022/COLOR/Robust marks/04.03-16.45/RCNX6437.JPG,RCNX6437.JPG,Turk_2022_202204031645_RCNX6437.jpg,0.927541971206665,1527.89111328125,37.638763427734375,670.104736328125,1350.1949462890625,3776,2124,670,1350
Turk,2022,202204031645,BM,1,/Volumes/Seagate Portable Drive/KYLE_AI_DATABASE/A_CAMERA/Focal_species/Gulo gulo/Turk/BM/2022/COLOR/Robust marks/04.03-16.45/RCNX6438.JPG,RCNX6438.JPG,Turk_2022_202204031645_RCNX6438.jpg,0.9599123597145081,1506.181640625,42.26752471923828,769.31787109375,1225.4022216796875,3776,2124,769,1225
Turk,2022,202204031645,BM,1,/Volumes/Seagate Portable Drive/KYLE_AI_DATABASE/A_CAMERA/Focal_species/Gulo gulo/Turk/BM/2022/COLOR/Robust marks/04.03-16.45/RCNX6439.JPG,RCNX6439.JPG,Turk_2022_202204031645_RCNX6439.jpg,0.9621542096138,1476.1368408203125,34.30063247680664,866.2415771484375,1373.42138671875,3776,2124,866,1373
Turk,2022,202204031645,BM,1,/Volumes/Seagate Portable Drive/KYLE_AI_DATABASE/A_CAMERA/Focal_species/Gulo gulo/Turk/BM/2022/COLOR/Robust marks/04.03-16.45/RCNX6440.JPG,RCNX6440.JPG,Turk_2022_202204031645_RCNX6440.jpg,0.876618504524231,1611.886962890625,40.64741897583008,661.723876953125,1259.944091796875,3776,2124,661,1259
Turk,2022,202204031645,BM,1,/Volumes/Seagate Portable Drive/KYLE_AI_DATABASE/A_CAMERA/Focal_species/Gulo gulo/Turk/BM/2022/COLOR/Robust marks/04.03-16.45/RCNX6441.JPG,RCNX6441.JPG,Turk_2022_202204031645_RCNX6441.jpg,0.9506264328956604,1637.8951416015625,35.872501373291016,625.7117919921875,1426.6588134765625,3776,2124,625,1426
Turk,2022,202204031645,BM,1,/Volumes/Seagate Portable Drive/KYLE_AI_DATABASE/A_CAMERA/Focal_species/Gulo gulo/Turk/BM/2022/COLOR/Robust marks/04.03-16.45/RCNX6442.JPG,RCNX6442.JPG,Turk_2022_202204031645_RCNX6442.jpg,0.934181809425354,1564.55517578125,38.504329681396484,592.506591796875,1519.387451171875,3776,2124,592,1519
Turk,2022,202204031645,BM,1,/Volumes/Seagate Portable Drive/KYLE_AI_DATABASE/A_CAMERA/Focal_species/Gulo gulo/Turk/BM/2022/COLOR/Robust marks/04.03-16.45/RCNX6443.JPG,RCNX6443.JPG,Turk_2022_202204031645_RCNX6443.jpg,0.9509994387626648,1569.6396484375,40.0938606262207,598.999267578125,1451.17822265625,3776,2124,598,1451
Turk,2022,202204031645,BM,1,/Volumes/Seagate Portable Drive/KYLE_AI_DATABASE/A_CAMERA/Focal_species/Gulo gulo/Turk/BM/2022/COLOR/Robust marks/04.03-16.45/RCNX6444.JPG,RCNX6444.JPG,Turk_2022_202204031645_RCNX6444.jpg,0.9424135684967041,1542.794189453125,35.50339889526367,670.8837890625,1541.1407470703125,3776,2124,670,1541
Turk,2022,202204031645,BM,1,/Volumes/Seagate Portable Drive/KYLE_AI_DATABASE/A_CAMERA/Focal_species/Gulo gulo/Turk/BM/2022/COLOR/Robust marks/04.03-16.45/RCNX6445.JPG,RCNX6445.JPG,Turk_2022_202204031645_RCNX6445.jpg,0.9455235004425049,1563.2567138671875,36.74762725830078,583.7520751953125,1416.9964599609375,3776,2124,583,1416
Turk,2022,202204031645,BM,1,/Volumes/Seagate Portable Drive/KYLE_AI_DATABASE/A_CAMERA/Focal_species/Gulo gulo/Turk/BM/2022/COLOR/Robust marks/04.03-16.45/RCNX6446.JPG,RCNX6446.JPG,Turk_2022_202204031645_RCNX6446.jpg,0.9451439380645752,1561.1815185546875,35.33894348144531,594.4017333984375,1432.3162841796875,3776,2124,594,1432
Turk,2022,202204031645,BM,1,/Volumes/Seagate Portable Drive/KYLE_AI_DATABASE/A_CAMERA/Focal_species/Gulo gulo/Turk/BM/2022/COLOR/Robust marks/04.03-16.45/RCNX6447.JPG,RCNX6447.JPG,Turk_2022_202204031645_RCNX6447.jpg,0.8755530118942261,1563.097412109375,197.12655639648438,598.32177734375,1257.3134765625,3776,2124,598,1257
Turk,2022,202204031645,BM,1,/Volumes/Seagate Portable Drive/KYLE_AI_DATABASE/A_CAMERA/Focal_species/Gulo gulo/Turk/BM/2022/COLOR/Robust marks/04.03-16.45/RCNX6448.JPG,RCNX6448.JPG,Turk_2022_202204031645_RCNX6448.jpg,0.9189872741699219,1560.6751708984375,236.4418182373047,637.6744384765625,1215.0111083984375,3776,2124,637,1215
Turk,2022,202204031645,BM,1,/Volumes/Seagate Portable Drive/KYLE_AI_DATABASE/A_CAMERA/Focal_species/Gulo gulo/Turk/BM/2022/COLOR/Robust marks/04.03-16.45/RCNX6449.JPG,RCNX6449.JPG,Turk_2022_202204031645_RCNX6449.jpg,0.9434527158737183,1560.096435546875,164.26239013671875,687.815185546875,1290.21533203125,3776,2124,687,1290
Turk,2022,202204031645,BM,1,/Volumes/Seagate Portable Drive/KYLE_AI_DATABASE/A_CAMERA/Focal_species/Gulo gulo/Turk/BM/2022/COLOR/Robust marks/04.03-16.45/RCNX6450.JPG,RCNX6450.JPG,Turk_2022_202204031645_RCNX6450.jpg,0.8915465474128723,1554.0767822265625,82.10520935058594,624.9549560546875,1373.501220703125,3776,2124,624,1373
Turk,2022,202204031645,BM,1,/Volumes/Seagate Portable Drive/KYLE_AI_DATABASE/A_CAMERA/Focal_species/Gulo gulo/Turk/BM/2022/COLOR/Robust marks/04.03-16.45/RCNX6451.JPG,RCNX6451.JPG,Turk_2022_202204031645_RCNX6451.jpg,0.9621807932853699,1554.9681396484375,36.36098861694336,925.4049072265625,1425.7872314453125,3776,2124,925,1425
Turk,2022,202204031645,BM,1,/Volumes/Seagate Portable Drive/KYLE_AI_DATABASE/A_CAMERA/Focal_species/Gulo gulo/Turk/BM/2022/COLOR/Robust marks/04.03-16.45/RCNX6452.JPG,RCNX6452.JPG,Turk_2022_202204031645_RCNX6452.jpg,0.9511194229125977,1556.1156005859375,35.93915557861328,670.5938720703125,1428.8321533203125,3776,2124,670,1428
Turk,2022,202204031645,BM,1,/Volumes/Seagate Portable Drive/KYLE_AI_DATABASE/A_CAMERA/Focal_species/Gulo gulo/Turk/BM/2022/COLOR/Robust marks/04.03-16.45/RCNX6453.JPG,RCNX6453.JPG,Turk_2022_202204031645_RCNX6453.jpg,0.9339407086372375,1535.0926513671875,36.968544006347656,640.7115478515625,1415.205810546875,3776,2124,640,1415
Turk,2022,202204031645,BM,1,/Volumes/Seagate Portable Drive/KYLE_AI_DATABASE/A_CAMERA/Focal_species/Gulo gulo/Turk/BM/2022/COLOR/Robust marks/04.03-16.45/RCNX6454.JPG,RCNX6454.JPG,Turk_2022_202204031645_RCNX6454.jpg,0.9477612376213074,1550.8701171875,34.051422119140625,671.62060546875,1434.975341796875,3776,2124,671,1434
Turk,2022,202204031645,BM,1,/Volumes/Seagate Portable Drive/KYLE_AI_DATABASE/A_CAMERA/Focal_species/Gulo gulo/Turk/BM/2022/COLOR/Robust marks/04.03-16.45/RCNX6455.JPG,RCNX6455.JPG,Turk_2022_202204031645_RCNX6455.jpg,0.8225036859512329,1477.0672607421875,35.88066864013672,736.6468505859375,1589.9111328125,3776,2124,736,1589
Turk,2022,202204031645,BM,1,/Volumes/Seagate Portable Drive/KYLE_AI_DATABASE/A_CAMERA/Focal_species/Gulo gulo/Turk/BM/2022/COLOR/Robust marks/04.03-16.45/RCNX6456.JPG,RCNX6456.JPG,Turk_2022_202204031645_RCNX6456.jpg,0.8936644196510315,1485.9490966796875,96.02326202392578,776.5916748046875,1480.316162109375,3776,2124,776,1480
Turk,2022,202204031645,BM,1,/Volumes/Seagate Portable Drive/KYLE_AI_DATABASE/A_CAMERA/Focal_species/Gulo gulo/Turk/BM/2022/COLOR/Robust marks/04.03-16.45/RCNX6459.JPG,RCNX6459.JPG,Turk_2022_202204031645_RCNX6459.jpg,0.8959541320800781,1481.4512939453125,149.1404266357422,686.5572509765625,1549.69873046875,3776,2124,686,1549
Turk,2022,202204031645,BM,1,/Volumes/Seagate Portable Drive/KYLE_AI_DATABASE/A_CAMERA/Focal_species/Gulo gulo/Turk/BM/2022/COLOR/Robust marks/04.03-16.45/RCNX6460.JPG,RCNX6460.JPG,Turk_2022_202204031645_RCNX6460.jpg,0.9539948105812073,1485.0301513671875,579.8900146484375,763.3917236328125,1174.4486083984375,3776,2124,763,1174
Turk,2022,202204031645,BM,1,/Volumes/Seagate Portable Drive/KYLE_AI_DATABASE/A_CAMERA/Focal_species/Gulo gulo/Turk/BM/2022/COLOR/Robust marks/04.03-16.45/RCNX6461.JPG,RCNX6461.JPG,Turk_2022_202204031645_RCNX6461.jpg,0.951735258102417,1478.3975830078125,34.652835845947266,675.8262939453125,1427.001953125,3776,2124,675,1427
Turk,2022,202204031645,BM,1,/Volumes/Seagate Portable Drive/KYLE_AI_DATABASE/A_CAMERA/Focal_species/Gulo gulo/Turk/BM/2022/COLOR/Robust marks/04.03-16.45/RCNX6462.JPG,RCNX6462.JPG,Turk_2022_202204031645_RCNX6462.jpg,0.954908549785614,1486.08544921875,33.84272003173828,744.5029296875,1462.4649658203125,3776,2124,744,1462
Turk,2022,202204031645,BM,1,/Volumes/Seagate Portable Drive/KYLE_AI_DATABASE/A_CAMERA/Focal_species/Gulo gulo/Turk/BM/2022/COLOR/Robust marks/04.03-16.45/RCNX6463.JPG,RCNX6463.JPG,Turk_2022_202204031645_RCNX6463.jpg,0.920168936252594,1488.208740234375,34.25226974487305,685.93505859375,1426.5650634765625,3776,2124,685,1426
Turk,2022,202204031645,BM,1,/Volumes/Seagate Portable Drive/KYLE_AI_DATABASE/A_CAMERA/Focal_species/Gulo gulo/Turk/BM/2022/COLOR/Robust marks/04.03-16.45/RCNX6464.JPG,RCNX6464.JPG,Turk_2022_202204031645_RCNX6464.jpg,0.9475774168968201,1515.9093017578125,34.731895446777344,753.9808349609375,1446.0263671875,3776,2124,753,1446
Turk,2022,202204031645,BM,1,/Volumes/Seagate Portable Drive/KYLE_AI_DATABASE/A_CAMERA/Focal_species/Gulo gulo/Turk/BM/2022/COLOR/Robust marks/04.03-16.45/RCNX6465.JPG,RCNX6465.JPG,Turk_2022_202204031645_RCNX6465.jpg,0.8881065845489502,1472.1539306640625,47.73988342285156,698.7073974609375,1413.481689453125,3776,2124,698,1413
Turk,2022,202204031645,BM,1,/Volumes/Seagate Portable Drive/KYLE_AI_DATABASE/A_CAMERA/Focal_species/Gulo gulo/Turk/BM/2022/COLOR/Robust marks/04.03-16.45/RCNX6466.JPG,RCNX6466.JPG,Turk_2022_202204031645_RCNX6466.jpg,0.9622554183006287,1552.346435546875,34.651695251464844,723.80810546875,1455.677978515625,3776,2124,723,1455
Turk,2022,202204031645,BM,1,/Volumes/Seagate Portable Drive/KYLE_AI_DATABASE/A_CAMERA/Focal_species/Gulo gulo/Turk/BM/2022/COLOR/Robust marks/04.03-16.45/RCNX6467.JPG,RCNX6467.JPG,Turk_2022_202204031645_RCNX6467.jpg,0.9582988619804382,1452.032958984375,34.14396667480469,847.763916015625,1421.4010009765625,3776,2124,847,1421
Turk,2022,202204031645,BM,1,/Volumes/Seagate Portable Drive/KYLE_AI_DATABASE/A_CAMERA/Focal_species/Gulo gulo/Turk/BM/2022/COLOR/Robust marks/04.03-16.45/RCNX6468.JPG,RCNX6468.JPG,Turk_2022_202204031645_RCNX6468.jpg,0.9388389587402344,1496.30322265625,34.328041076660156,691.12939453125,1408.4527587890625,3776,2124,691,1408
Turk,2022,202204031645,BM,1,/Volumes/Seagate Portable Drive/KYLE_AI_DATABASE/A_CAMERA/Focal_species/Gulo gulo/Turk/BM/2022/COLOR/Robust marks/04.03-16.45/RCNX6469.JPG,RCNX6469.JPG,Turk_2022_202204031645_RCNX6469.jpg,0.9498287439346313,1517.713134765625,33.92311096191406,766.6708984375,1396.87939453125,3776,2124,766,1396
Turk,2022,202204031645,BM,1,/Volumes/Seagate Portable Drive/KYLE_AI_DATABASE/A_CAMERA/Focal_species/Gulo gulo/Turk/BM/2022/COLOR/Robust marks/04.03-16.45/RCNX6470.JPG,RCNX6470.JPG,Turk_2022_202204031645_RCNX6470.jpg,0.9422445297241211,1545.8001708984375,33.68687438964844,615.0618896484375,1396.291748046875,3776,2124,615,1396
Turk,2022,202204031645,BM,1,/Volumes/Seagate Portable Drive/KYLE_AI_DATABASE/A_CAMERA/Focal_species/Gulo gulo/Turk/BM/2022/COLOR/Robust marks/04.03-16.45/RCNX6471.JPG,RCNX6471.JPG,Turk_2022_202204031645_RCNX6471.jpg,0.9119925498962402,1541.7015380859375,33.493431091308594,649.2623291015625,1460.6788330078125,3776,2124,649,1460
Turk,2022,202204031645,BM,1,/Volumes/Seagate Portable Drive/KYLE_AI_DATABASE/A_CAMERA/Focal_species/Gulo gulo/Turk/BM/2022/COLOR/Robust marks/04.03-16.45/RCNX6472.JPG,RCNX6472.JPG,Turk_2022_202204031645_RCNX6472.jpg,0.95613694190979,1531.8583984375,34.693031311035156,756.80517578125,1432.9444580078125,3776,2124,756,1432
Turk,2022,202204031645,BM,1,/Volumes/Seagate Portable Drive/KYLE_AI_DATABASE/A_CAMERA/Focal_species/Gulo gulo/Turk/BM/2022/COLOR/Robust marks/04.03-16.45/RCNX6473.JPG,RCNX6473.JPG,Turk_2022_202204031645_RCNX6473.jpg,0.9590050578117371,1523.2930908203125,36.29490280151367,698.1739501953125,1406.233642578125,3776,2124,698,1406
Turk,2022,202204031645,BM,1,/Volumes/Seagate Portable Drive/KYLE_AI_DATABASE/A_CAMERA/Focal_species/Gulo gulo/Turk/BM/2022/COLOR/Robust marks/04.03-16.45/RCNX6474.JPG,RCNX6474.JPG,Turk_2022_202204031645_RCNX6474.jpg,0.9228710532188416,1510.829345703125,38.292720794677734,621.551513671875,1429.469970703125,3776,2124,621,1429
Turk,2022,202204031645,BM,1,/Volumes/Seagate Portable Drive/KYLE_AI_DATABASE/A_CAMERA/Focal_species/Gulo gulo/Turk/BM/2022/COLOR/Robust marks/04.03-16.45/RCNX6475.JPG,RCNX6475.JPG,Turk_2022_202204031645_RCNX6475.jpg,0.9229040145874023,1496.3505859375,33.48285675048828,675.3251953125,1449.68310546875,3776,2124,675,1449
Turk,2022,202204031645,BM,1,/Volumes/Seagate Portable Drive/KYLE_AI_DATABASE/A_CAMERA/Focal_species/Gulo gulo/Turk/BM/2022/COLOR/Robust marks/04.03-16.45/RCNX6476.JPG,RCNX6476.JPG,Turk_2022_202204031645_RCNX6476.jpg,0.9587799906730652,1522.9752197265625,566.7816772460938,886.3306884765625,939.3268432617188,3776,2124,886,939
Turk,2022,202204031645,BM,1,/Volumes/Seagate Portable Drive/KYLE_AI_DATABASE/A_CAMERA/Focal_species/Gulo gulo/Turk/BM/2022/COLOR/Robust marks/04.03-16.45/RCNX6477.JPG,RCNX6477.JPG,Turk_2022_202204031645_RCNX6477.jpg,0.9495410323143005,1525.0865478515625,517.8621826171875,794.9310302734375,1025.936767578125,3776,2124,794,1025
Turk,2022,202204031645,BM,1,/Volumes/Seagate Portable Drive/KYLE_AI_DATABASE/A_CAMERA/Focal_species/Gulo gulo/Turk/BM/2022/COLOR/Robust marks/04.03-16.45/RCNX6478.JPG,RCNX6478.JPG,Turk_2022_202204031645_RCNX6478.jpg,0.9418808817863464,1528.59912109375,522.13330078125,763.083251953125,1067.759521484375,3776,2124,763,1067
Turk,2022,202204031645,BM,1,/Volumes/Seagate Portable Drive/KYLE_AI_DATABASE/A_CAMERA/Focal_species/Gulo gulo/Turk/BM/2022/COLOR/Robust marks/04.03-16.45/RCNX6479.JPG,RCNX6479.JPG,Turk_2022_202204031645_RCNX6479.jpg,0.9456678628921509,1532.44140625,439.6379699707031,716.0419921875,1118.4107666015625,3776,2124,716,1118
Turk,2022,202204031645,BM,1,/Volumes/Seagate Portable Drive/KYLE_AI_DATABASE/A_CAMERA/Focal_species/Gulo gulo/Turk/BM/2022/COLOR/Robust marks/04.03-16.45/RCNX6480.JPG,RCNX6480.JPG,Turk_2022_202204031645_RCNX6480.jpg,0.9067860841751099,1506.17578125,34.63859176635742,632.625732421875,1454.3707275390625,3776,2124,632,1454
Turk,2022,202204031645,BM,1,/Volumes/Seagate Portable Drive/KYLE_AI_DATABASE/A_CAMERA/Focal_species/Gulo gulo/Turk/BM/2022/COLOR/Robust marks/04.03-16.45/RCNX6481.JPG,RCNX6481.JPG,Turk_2022_202204031645_RCNX6481.jpg,0.859574556350708,1711.26513671875,33.62813186645508,604.865234375,1432.4927978515625,3776,2124,604,1432
Turk,2022,202204031645,BM,1,/Volumes/Seagate Portable Drive/KYLE_AI_DATABASE/A_CAMERA/Focal_species/Gulo gulo/Turk/BM/2022/COLOR/Robust marks/04.03-16.45/RCNX6482.JPG,RCNX6482.JPG,Turk_2022_202204031645_RCNX6482.jpg,0.8442603349685669,1705.704833984375,37.259788513183594,614.0849609375,1412.4327392578125,3776,2124,614,1412
Turk,2022,202204031645,BM,1,/Volumes/Seagate Portable Drive/KYLE_AI_DATABASE/A_CAMERA/Focal_species/Gulo gulo/Turk/BM/2022/COLOR/Robust marks/04.03-16.45/RCNX6483.JPG,RCNX6483.JPG,Turk_2022_202204031645_RCNX6483.jpg,0.9452238082885742,1728.05419921875,33.804866790771484,665.7431640625,1408.27734375,3776,2124,665,1408
Turk,2022,202204031645,BM,1,/Volumes/Seagate Portable Drive/KYLE_AI_DATABASE/A_CAMERA/Focal_species/Gulo gulo/Turk/BM/2022/COLOR/Robust marks/04.03-16.45/RCNX6484.JPG,RCNX6484.JPG,Turk_2022_202204031645_RCNX6484.jpg,0.9492716193199158,1726.8382568359375,34.40830612182617,573.6876220703125,1414.6341552734375,3776,2124,573,1414
Turk,2022,202204031645,BM,1,/Volumes/Seagate Portable Drive/KYLE_AI_DATABASE/A_CAMERA/Focal_species/Gulo gulo/Turk/BM/2022/COLOR/Robust marks/04.03-16.45/RCNX6485.JPG,RCNX6485.JPG,Turk_2022_202204031645_RCNX6485.jpg,0.9466636180877686,1706.8787841796875,35.30216598510742,614.1114501953125,1400.332275390625,3776,2124,614,1400
Turk,2022,202204031645,BM,1,/Volumes/Seagate Portable Drive/KYLE_AI_DATABASE/A_CAMERA/Focal_species/Gulo gulo/Turk/BM/2022/COLOR/Robust marks/04.03-16.45/RCNX6486.JPG,RCNX6486.JPG,Turk_2022_202204031645_RCNX6486.jpg,0.9347131848335266,1702.3651123046875,37.12831115722656,640.5819091796875,1401.937255859375,3776,2124,640,1401
Turk,2022,202204031645,BM,1,/Volumes/Seagate Portable Drive/KYLE_AI_DATABASE/A_CAMERA/Focal_species/Gulo gulo/Turk/BM/2022/COLOR/Robust marks/04.03-16.45/RCNX6487.JPG,RCNX6487.JPG,Turk_2022_202204031645_RCNX6487.jpg,0.9248852133750916,1669.642333984375,34.03723907470703,525.747314453125,1401.614990234375,3776,2124,525,1401
Turk,2022,202204031645,BM,1,/Volumes/Seagate Portable Drive/KYLE_AI_DATABASE/A_CAMERA/Focal_species/Gulo gulo/Turk/BM/2022/COLOR/Robust marks/04.03-16.45/RCNX6488.JPG,RCNX6488.JPG,Turk_2022_202204031645_RCNX6488.jpg,0.9443767666816711,1663.9918212890625,34.07262420654297,516.1063232421875,1400.0863037109375,3776,2124,516,1400
Turk,2022,202204031645,BM,1,/Volumes/Seagate Portable Drive/KYLE_AI_DATABASE/A_CAMERA/Focal_species/Gulo gulo/Turk/BM/2022/COLOR/Robust marks/04.03-16.45/RCNX6489.JPG,RCNX6489.JPG,Turk_2022_202204031645_RCNX6489.jpg,0.9483373165130615,1717.8798828125,34.05458450317383,493.8125,1391.364990234375,3776,2124,493,1391
Turk,2022,202204031645,BM,1,/Volumes/Seagate Portable Drive/KYLE_AI_DATABASE/A_CAMERA/Focal_species/Gulo gulo/Turk/BM/2022/COLOR/Robust marks/04.03-16.45/RCNX6490.JPG,RCNX6490.JPG,Turk_2022_202204031645_RCNX6490.jpg,0.9525116086006165,1696.8446044921875,34.72531509399414,541.0411376953125,1470.1031494140625,3776,2124,541,1470
Turk,2022,202204031645,BM,1,/Volumes/Seagate Portable Drive/KYLE_AI_DATABASE/A_CAMERA/Focal_species/Gulo gulo/Turk/BM/2022/COLOR/Robust marks/04.03-16.45/RCNX6491.JPG,RCNX6491.JPG,Turk_2022_202204031645_RCNX6491.jpg,0.9616613984107971,1719.1800537109375,32.976585388183594,685.3507080078125,1488.7296142578125,3776,2124,685,1488
Turk,2022,202204031645,BM,1,/Volumes/Seagate Portable Drive/KYLE_AI_DATABASE/A_CAMERA/Focal_species/Gulo gulo/Turk/BM/2022/COLOR/Robust marks/04.03-16.45/RCNX6492.JPG,RCNX6492.JPG,Turk_2022_202204031645_RCNX6492.jpg,0.9525901675224304,1713.187255859375,34.58738327026367,568.40576171875,1452.8067626953125,3776,2124,568,1452
Turk,2022,202204031645,BM,1,/Volumes/Seagate Portable Drive/KYLE_AI_DATABASE/A_CAMERA/Focal_species/Gulo gulo/Turk/BM/2022/COLOR/Robust marks/04.03-16.45/RCNX6493.JPG,RCNX6493.JPG,Turk_2022_202204031645_RCNX6493.jpg,0.8929281234741211,1717.72216796875,38.178714752197266,557.21240234375,1491.3541259765625,3776,2124,557,1491
Turk,2022,202204031645,BM,1,/Volumes/Seagate Portable Drive/KYLE_AI_DATABASE/A_CAMERA/Focal_species/Gulo gulo/Turk/BM/2022/COLOR/Robust marks/04.03-16.45/RCNX6494.JPG,RCNX6494.JPG,Turk_2022_202204031645_RCNX6494.jpg,0.8999305367469788,1716.116455078125,54.05514907836914,576.28857421875,1440.2288818359375,3776,2124,576,1440
Turk,2022,202204031645,BM,1,/Volumes/Seagate Portable Drive/KYLE_AI_DATABASE/A_CAMERA/Focal_species/Gulo gulo/Turk/BM/2022/COLOR/Robust marks/04.03-16.45/RCNX6495.JPG,RCNX6495.JPG,Turk_2022_202204031645_RCNX6495.jpg,0.9572929739952087,1714.6463623046875,34.22992706298828,701.4298095703125,1413.9991455078125,3776,2124,701,1413
Turk,2022,202204031645,BM,1,/Volumes/Seagate Portable Drive/KYLE_AI_DATABASE/A_CAMERA/Focal_species/Gulo gulo/Turk/BM/2022/COLOR/Robust marks/04.03-16.45/RCNX6496.JPG,RCNX6496.JPG,Turk_2022_202204031645_RCNX6496.jpg,0.9428883790969849,1715.5848388671875,173.75595092773438,571.4400634765625,1422.3360595703125,3776,2124,571,1422
Turk,2022,202204031645,BM,1,/Volumes/Seagate Portable Drive/KYLE_AI_DATABASE/A_CAMERA/Focal_species/Gulo gulo/Turk/BM/2022/COLOR/Robust marks/04.03-16.45/RCNX6497.JPG,RCNX6497.JPG,Turk_2022_202204031645_RCNX6497.jpg,0.9513975381851196,1705.164306640625,572.701171875,534.45068359375,1151.635498046875,3776,2124,534,1151
Turk,2022,202204031645,BM,1,/Volumes/Seagate Portable Drive/KYLE_AI_DATABASE/A_CAMERA/Focal_species/Gulo gulo/Turk/BM/2022/COLOR/Robust marks/04.03-16.45/RCNX6499.JPG,RCNX6499.JPG,Turk_2022_202204031645_RCNX6499.jpg,0.8561955690383911,1706.3106689453125,645.6669921875,567.8116455078125,1051.6336669921875,3776,2124,567,1051
Turk,2022,202204031645,BM,1,/Volumes/Seagate Portable Drive/KYLE_AI_DATABASE/A_CAMERA/Focal_species/Gulo gulo/Turk/BM/2022/COLOR/Robust marks/04.03-16.45/RCNX6500.JPG,RCNX6500.JPG,Turk_2022_202204031645_RCNX6500.jpg,0.9142792224884033,1710.5159912109375,507.2959899902344,548.1827392578125,1123.7330322265625,3776,2124,548,1123
Turk,2022,202204031645,BM,1,/Volumes/Seagate Portable Drive/KYLE_AI_DATABASE/A_CAMERA/Focal_species/Gulo gulo/Turk/BM/2022/COLOR/Robust marks/04.03-16.45/RCNX6501.JPG,RCNX6501.JPG,Turk_2022_202204031645_RCNX6501.jpg,0.8893997669219971,1485.8099365234375,59.75975799560547,646.1016845703125,1447.9322509765625,3776,2124,646,1447
Turk,2022,202204031645,BM,1,/Volumes/Seagate Portable Drive/KYLE_AI_DATABASE/A_CAMERA/Focal_species/Gulo gulo/Turk/BM/2022/COLOR/Robust marks/04.03-16.45/RCNX6502.JPG,RCNX6502.JPG,Turk_2022_202204031645_RCNX6502.jpg,0.9253445267677307,1416.7774658203125,33.711055755615234,724.0562744140625,1408.535400390625,3776,2124,724,1408
Turk,2022,202204031645,BM,1,/Volumes/Seagate Portable Drive/KYLE_AI_DATABASE/A_CAMERA/Focal_species/Gulo gulo/Turk/BM/2022/COLOR/Robust marks/04.03-16.45/RCNX6503.JPG,RCNX6503.JPG,Turk_2022_202204031645_RCNX6503.jpg,0.9488965272903442,1480.1458740234375,34.320064544677734,659.8402099609375,1401.4932861328125,3776,2124,659,1401
Turk,2022,202204031645,BM,1,/Volumes/Seagate Portable Drive/KYLE_AI_DATABASE/A_CAMERA/Focal_species/Gulo gulo/Turk/BM/2022/COLOR/Robust marks/04.03-16.45/RCNX6504.JPG,RCNX6504.JPG,Turk_2022_202204031645_RCNX6504.jpg,0.9384070038795471,1406.86962890625,34.077247619628906,735.766357421875,1489.9918212890625,3776,2124,735,1489
Turk,2022,202204031645,BM,1,/Volumes/Seagate Portable Drive/KYLE_AI_DATABASE/A_CAMERA/Focal_species/Gulo gulo/Turk/BM/2022/COLOR/Robust marks/04.03-16.45/RCNX6505.JPG,RCNX6505.JPG,Turk_2022_202204031645_RCNX6505.jpg,0.8967642188072205,1484.697265625,34.67366027832031,672.376708984375,1503.436767578125,3776,2124,672,1503
Turk,2022,202204031645,BM,1,/Volumes/Seagate Portable Drive/KYLE_AI_DATABASE/A_CAMERA/Focal_species/Gulo gulo/Turk/BM/2022/COLOR/Robust marks/04.03-16.45/RCNX6506.JPG,RCNX6506.JPG,Turk_2022_202204031645_RCNX6506.jpg,0.9322798848152161,1488.4951171875,31.98131561279297,744.567626953125,1533.157470703125,3776,2124,744,1533
Turk,2022,202204031645,BM,1,/Volumes/Seagate Portable Drive/KYLE_AI_DATABASE/A_CAMERA/Focal_species/Gulo gulo/Turk/BM/2022/COLOR/Robust marks/04.03-16.45/RCNX6507.JPG,RCNX6507.JPG,Turk_2022_202204031645_RCNX6507.jpg,0.9165607690811157,1484.362060546875,36.67546463012695,644.0439453125,1423.1641845703125,3776,2124,644,1423
Turk,2022,202204031645,BM,1,/Volumes/Seagate Portable Drive/KYLE_AI_DATABASE/A_CAMERA/Focal_species/Gulo gulo/Turk/BM/2022/COLOR/Robust marks/04.03-16.45/RCNX6510.JPG,RCNX6510.JPG,Turk_2022_202204031645_RCNX6510.jpg,0.9154213070869446,1362.216796875,41.10691452026367,781.690185546875,1510.51708984375,3776,2124,781,1510
Turk,2022,202204031645,BM,1,/Volumes/Seagate Portable Drive/KYLE_AI_DATABASE/A_CAMERA/Focal_species/Gulo gulo/Turk/BM/2022/COLOR/Robust marks/04.03-16.45/RCNX6511.JPG,RCNX6511.JPG,Turk_2022_202204031645_RCNX6511.jpg,0.9252752065658569,1492.2894287109375,32.62305450439453,650.8929443359375,1562.0535888671875,3776,2124,650,1562
Turk,2022,202204031645,BM,1,/Volumes/Seagate Portable Drive/KYLE_AI_DATABASE/A_CAMERA/Focal_species/Gulo gulo/Turk/BM/2022/COLOR/Robust marks/04.03-16.45/RCNX6512.JPG,RCNX6512.JPG,Turk_2022_202204031645_RCNX6512.jpg,0.8723336458206177,1489.7459716796875,37.58622741699219,688.7923583984375,1476.9544677734375,3776,2124,688,1476
Turk,2022,202204031645,BM,1,/Volumes/Seagate Portable Drive/KYLE_AI_DATABASE/A_CAMERA/Focal_species/Gulo gulo/Turk/BM/2022/COLOR/Robust marks/04.03-16.45/RCNX6513.JPG,RCNX6513.JPG,Turk_2022_202204031645_RCNX6513.jpg,0.8958180546760559,1454.1839599609375,47.08909606933594,692.2852783203125,1411.669921875,3776,2124,692,1411
Turk,2022,202204031645,BM,1,/Volumes/Seagate Portable Drive/KYLE_AI_DATABASE/A_CAMERA/Focal_species/Gulo gulo/Turk/BM/2022/COLOR/Robust marks/04.03-16.45/RCNX6514.JPG,RCNX6514.JPG,Turk_2022_202204031645_RCNX6514.jpg,0.8421648740768433,1485.9722900390625,37.22111129760742,664.1512451171875,1445.8408203125,3776,2124,664,1445
Turk,2022,202204031645,BM,1,/Volumes/Seagate Portable Drive/KYLE_AI_DATABASE/A_CAMERA/Focal_species/Gulo gulo/Turk/BM/2022/COLOR/Robust marks/04.03-16.45/RCNX6515.JPG,RCNX6515.JPG,Turk_2022_202204031645_RCNX6515.jpg,0.9359859824180603,1485.3572998046875,35.74387741088867,662.4285888671875,1460.935546875,3776,2124,662,1460
Turk,2022,202204031645,BM,1,/Volumes/Seagate Portable Drive/KYLE_AI_DATABASE/A_CAMERA/Focal_species/Gulo gulo/Turk/BM/2022/COLOR/Robust marks/04.03-16.45/RCNX6516.JPG,RCNX6516.JPG,Turk_2022_202204031645_RCNX6516.jpg,0.9217249751091003,1485.4620361328125,39.109798431396484,660.0142822265625,1551.8165283203125,3776,2124,660,1551
Turk,2022,202204031645,BM,1,/Volumes/Seagate Portable Drive/KYLE_AI_DATABASE/A_CAMERA/Focal_species/Gulo gulo/Turk/BM/2022/COLOR/Robust marks/04.03-16.45/RCNX6517.JPG,RCNX6517.JPG,Turk_2022_202204031645_RCNX6517.jpg,0.9063557386398315,1487.79833984375,39.80103302001953,659.64794921875,1546.9998779296875,3776,2124,659,1546
Turk,2022,202204031645,BM,1,/Volumes/Seagate Portable Drive/KYLE_AI_DATABASE/A_CAMERA/Focal_species/Gulo gulo/Turk/BM/2022/COLOR/Robust marks/04.03-16.45/RCNX6519.JPG,RCNX6519.JPG,Turk_2022_202204031645_RCNX6519.jpg,0.9258899092674255,1363.0574951171875,488.8690185546875,790.0555419921875,1175.1585693359375,3776,2124,790,1175
Turk,2022,202204031645,BM,1,/Volumes/Seagate Portable Drive/KYLE_AI_DATABASE/A_CAMERA/Focal_species/Gulo gulo/Turk/BM/2022/COLOR/Robust marks/04.03-16.45/RCNX6520.JPG,RCNX6520.JPG,Turk_2022_202204031645_RCNX6520.jpg,0.9181379675865173,1485.285400390625,477.7807312011719,648.0966796875,1182.4345703125,3776,2124,648,1182
Turk,2022,202204031645,BM,1,/Volumes/Seagate Portable Drive/KYLE_AI_DATABASE/A_CAMERA/Focal_species/Gulo gulo/Turk/BM/2022/COLOR/Robust marks/04.03-16.45/RCNX6521.JPG,RCNX6521.JPG,Turk_2022_202204031645_RCNX6521.jpg,0.9361640214920044,1492.2315673828125,215.36294555664062,655.7830810546875,1420.476318359375,3776,2124,655,1420
Turk,2022,202204031645,BM,1,/Volumes/Seagate Portable Drive/KYLE_AI_DATABASE/A_CAMERA/Focal_species/Gulo gulo/Turk/BM/2022/COLOR/Robust marks/04.03-16.45/RCNX6522.JPG,RCNX6522.JPG,Turk_2022_202204031645_RCNX6522.jpg,0.9431385397911072,1485.141845703125,36.08367156982422,663.237548828125,1635.664794921875,3776,2124,663,1635
Turk,2022,202204031645,BM,1,/Volumes/Seagate Portable Drive/KYLE_AI_DATABASE/A_CAMERA/Focal_species/Gulo gulo/Turk/BM/2022/COLOR/Robust marks/04.03-16.45/RCNX6523.JPG,RCNX6523.JPG,Turk_2022_202204031645_RCNX6523.jpg,0.9382018446922302,1481.90185546875,50.69422912597656,791.653564453125,1623.3314208984375,3776,2124,791,1623
Turk,2022,202204031645,BM,1,/Volumes/Seagate Portable Drive/KYLE_AI_DATABASE/A_CAMERA/Focal_species/Gulo gulo/Turk/BM/2022/COLOR/Robust marks/04.03-16.45/RCNX6524.JPG,RCNX6524.JPG,Turk_2022_202204031645_RCNX6524.jpg,0.9288057684898376,1489.8768310546875,41.0667839050293,665.1815185546875,1553.6336669921875,3776,2124,665,1553
Turk,2022,202204031645,BM,1,/Volumes/Seagate Portable Drive/KYLE_AI_DATABASE/A_CAMERA/Focal_species/Gulo gulo/Turk/BM/2022/COLOR/Robust marks/04.03-16.45/RCNX6525.JPG,RCNX6525.JPG,Turk_2022_202204031645_RCNX6525.jpg,0.9424983859062195,1492.110107421875,32.45708084106445,656.79931640625,1556.6287841796875,3776,2124,656,1556
Turk,2022,202204031645,BM,1,/Volumes/Seagate Portable Drive/KYLE_AI_DATABASE/A_CAMERA/Focal_species/Gulo gulo/Turk/BM/2022/COLOR/Robust marks/04.03-16.45/RCNX6526.JPG,RCNX6526.JPG,Turk_2022_202204031645_RCNX6526.jpg,0.9356091618537903,1515.9654541015625,96.47737884521484,653.2828369140625,1428.8739013671875,3776,2124,653,1428
Turk,2022,202204031645,BM,1,/Volumes/Seagate Portable Drive/KYLE_AI_DATABASE/A_CAMERA/Focal_species/Gulo gulo/Turk/BM/2022/COLOR/Robust marks/04.03-16.45/RCNX6527.JPG,RCNX6527.JPG,Turk_2022_202204031645_RCNX6527.jpg,0.9430856108665466,1493.1968994140625,83.37545013427734,636.6153564453125,1401.561279296875,3776,2124,636,1401
Turk,2022,202204031645,BM,1,/Volumes/Seagate Portable Drive/KYLE_AI_DATABASE/A_CAMERA/Focal_species/Gulo gulo/Turk/BM/2022/COLOR/Robust marks/04.03-16.45/RCNX6528.JPG,RCNX6528.JPG,Turk_2022_202204031645_RCNX6528.jpg,0.9415863752365112,1482.9744873046875,37.743019104003906,663.1417236328125,1438.3717041015625,3776,2124,663,1438
Turk,2022,202204031645,BM,1,/Volumes/Seagate Portable Drive/KYLE_AI_DATABASE/A_CAMERA/Focal_species/Gulo gulo/Turk/BM/2022/COLOR/Robust marks/04.03-16.45/RCNX6529.JPG,RCNX6529.JPG,Turk_2022_202204031645_RCNX6529.jpg,0.9428810477256775,1451.1160888671875,34.83134078979492,702.6939697265625,1425.99267578125,3776,2124,702,1425
Turk,2022,202204031645,BM,1,/Volumes/Seagate Portable Drive/KYLE_AI_DATABASE/A_CAMERA/Focal_species/Gulo gulo/Turk/BM/2022/COLOR/Robust marks/04.03-16.45/RCNX6530.JPG,RCNX6530.JPG,Turk_2022_202204031645_RCNX6530.jpg,0.9405720829963684,1374.6507568359375,35.38737106323242,773.0587158203125,1430.7647705078125,3776,2124,773,1430
Turk,2022,202204031645,BM,1,/Volumes/Seagate Portable Drive/KYLE_AI_DATABASE/A_CAMERA/Focal_species/Gulo gulo/Turk/BM/2022/COLOR/Robust marks/04.03-16.45/RCNX6531.JPG,RCNX6531.JPG,Turk_2022_202204031645_RCNX6531.jpg,0.9513266086578369,1495.601318359375,504.2716979980469,855.864990234375,1125.552734375,3776,2124,855,1125
Turk,2022,202204031645,BM,1,/Volumes/Seagate Portable Drive/KYLE_AI_DATABASE/A_CAMERA/Focal_species/Gulo gulo/Turk/BM/2022/COLOR/Robust marks/04.03-16.45/RCNX6532.JPG,RCNX6532.JPG,Turk_2022_202204031645_RCNX6532.jpg,0.9377743005752563,1491.0634765625,434.26605224609375,802.337890625,1245.048583984375,3776,2124,802,1245
Turk,2022,202204031645,BM,1,/Volumes/Seagate Portable Drive/KYLE_AI_DATABASE/A_CAMERA/Focal_species/Gulo gulo/Turk/BM/2022/COLOR/Robust marks/04.03-16.45/RCNX6533.JPG,RCNX6533.JPG,Turk_2022_202204031645_RCNX6533.jpg,0.938541829586029,1495.84619140625,438.13458251953125,784.1005859375,1225.096435546875,3776,2124,784,1225
Turk,2022,202204031645,BM,1,/Volumes/Seagate Portable Drive/KYLE_AI_DATABASE/A_CAMERA/Focal_species/Gulo gulo/Turk/BM/2022/COLOR/Robust marks/04.03-16.45/RCNX6534.JPG,RCNX6534.JPG,Turk_2022_202204031645_RCNX6534.jpg,0.9377026557922363,1506.7425537109375,549.8294067382812,690.8470458984375,1230.368408203125,3776,2124,690,1230
Turk,2022,202204031645,BM,1,/Volumes/Seagate Portable Drive/KYLE_AI_DATABASE/A_CAMERA/Focal_species/Gulo gulo/Turk/BM/2022/COLOR/Robust marks/04.03-16.45/RCNX6535.JPG,RCNX6535.JPG,Turk_2022_202204031645_RCNX6535.jpg,0.8092017769813538,1492.9736328125,546.2505493164062,656.138916015625,1069.330078125,3776,2124,656,1069
Turk,2022,202204031645,BM,1,/Volumes/Seagate Portable Drive/KYLE_AI_DATABASE/A_CAMERA/Focal_species/Gulo gulo/Turk/BM/2022/COLOR/Robust marks/04.03-16.45/RCNX6536.JPG,RCNX6536.JPG,Turk_2022_202204031645_RCNX6536.jpg,0.930649995803833,1454.07958984375,36.19932174682617,696.241943359375,1460.2039794921875,3776,2124,696,1460
Turk,2022,202204031645,BM,1,/Volumes/Seagate Portable Drive/KYLE_AI_DATABASE/A_CAMERA/Focal_species/Gulo gulo/Turk/BM/2022/COLOR/Robust marks/04.03-16.45/RCNX6537.JPG,RCNX6537.JPG,Turk_2022_202204031645_RCNX6537.jpg,0.8993373513221741,1490.469482421875,108.46528625488281,649.8486328125,1369.612060546875,3776,2124,649,1369
Turk,2022,202204031645,BM,1,/Volumes/Seagate Portable Drive/KYLE_AI_DATABASE/A_CAMERA/Focal_species/Gulo gulo/Turk/BM/2022/COLOR/Robust marks/04.03-16.45/RCNX6538.JPG,RCNX6538.JPG,Turk_2022_202204031645_RCNX6538.jpg,0.9319555163383484,1490.125732421875,33.68364715576172,658.080810546875,1477.21435546875,3776,2124,658,1477
Turk,2022,202204031645,BM,1,/Volumes/Seagate Portable Drive/KYLE_AI_DATABASE/A_CAMERA/Focal_species/Gulo gulo/Turk/BM/2022/COLOR/Robust marks/04.03-16.45/RCNX6539.JPG,RCNX6539.JPG,Turk_2022_202204031645_RCNX6539.jpg,0.9316497445106506,1494.814453125,37.38056564331055,650.90576171875,1457.9100341796875,3776,2124,650,1457
Turk,2022,202204031645,BM,1,/Volumes/Seagate Portable Drive/KYLE_AI_DATABASE/A_CAMERA/Focal_species/Gulo gulo/Turk/BM/2022/COLOR/Robust marks/04.03-16.45/RCNX6540.JPG,RCNX6540.JPG,Turk_2022_202204031645_RCNX6540.jpg,0.920918881893158,1493.45263671875,34.04755783081055,655.3876953125,1459.5162353515625,3776,2124,655,1459
Turk,2022,202204031645,BM,1,/Volumes/Seagate Portable Drive/KYLE_AI_DATABASE/A_CAMERA/Focal_species/Gulo gulo/Turk/BM/2022/COLOR/Robust marks/04.03-16.45/RCNX6541.JPG,RCNX6541.JPG,Turk_2022_202204031645_RCNX6541.jpg,0.8761077523231506,1488.4490966796875,34.498573303222656,649.4127197265625,1505.36669921875,3776,2124,649,1505
Turk,2022,202204031645,BM,1,/Volumes/Seagate Portable Drive/KYLE_AI_DATABASE/A_CAMERA/Focal_species/Gulo gulo/Turk/BM/2022/COLOR/Robust marks/04.03-16.45/RCNX6542.JPG,RCNX6542.JPG,Turk_2022_202204031645_RCNX6542.jpg,0.9078015089035034,1495.3736572265625,40.21400451660156,661.0382080078125,1449.209228515625,3776,2124,661,1449
Turk,2022,202204031645,BM,1,/Volumes/Seagate Portable Drive/KYLE_AI_DATABASE/A_CAMERA/Focal_species/Gulo gulo/Turk/BM/2022/COLOR/Robust marks/04.03-16.45/RCNX6543.JPG,RCNX6543.JPG,Turk_2022_202204031645_RCNX6543.jpg,0.9335071444511414,1493.025390625,36.30958938598633,654.641357421875,1442.2867431640625,3776,2124,654,1442
Turk,2022,202204031645,BM,1,/Volumes/Seagate Portable Drive/KYLE_AI_DATABASE/A_CAMERA/Focal_species/Gulo gulo/Turk/BM/2022/COLOR/Robust marks/04.03-16.45/RCNX6544.JPG,RCNX6544.JPG,Turk_2022_202204031645_RCNX6544.jpg,0.9116349816322327,1495.2369384765625,39.994415283203125,656.7100830078125,1484.4971923828125,3776,2124,656,1484
Turk,2022,202204031645,BM,1,/Volumes/Seagate Portable Drive/KYLE_AI_DATABASE/A_CAMERA/Focal_species/Gulo gulo/Turk/BM/2022/COLOR/Robust marks/04.03-16.45/RCNX6545.JPG,RCNX6545.JPG,Turk_2022_202204031645_RCNX6545.jpg,0.9479358196258545,1496.3839111328125,33.95045471191406,643.2137451171875,1475.4609375,3776,2124,643,1475
Turk,2022,202204031645,BM,1,/Volumes/Seagate Portable Drive/KYLE_AI_DATABASE/A_CAMERA/Focal_species/Gulo gulo/Turk/BM/2022/COLOR/Robust marks/04.03-16.45/RCNX6546.JPG,RCNX6546.JPG,Turk_2022_202204031645_RCNX6546.jpg,0.9306906461715698,1490.4779052734375,42.02970504760742,860.5157470703125,1572.6134033203125,3776,2124,860,1572
Turk,2022,202204031645,BM,1,/Volumes/Seagate Portable Drive/KYLE_AI_DATABASE/A_CAMERA/Focal_species/Gulo gulo/Turk/BM/2022/COLOR/Robust marks/04.03-16.45/RCNX6547.JPG,RCNX6547.JPG,Turk_2022_202204031645_RCNX6547.jpg,0.895589292049408,1499.2640380859375,34.44957733154297,619.2359619140625,1534.00048828125,3776,2124,619,1534
Turk,2022,202204031645,BM,1,/Volumes/Seagate Portable Drive/KYLE_AI_DATABASE/A_CAMERA/Focal_species/Gulo gulo/Turk/BM/2022/COLOR/Robust marks/04.03-16.45/RCNX6548.JPG,RCNX6548.JPG,Turk_2022_202204031645_RCNX6548.jpg,0.9310612678527832,1496.4859619140625,36.7573127746582,669.9693603515625,1492.7913818359375,3776,2124,669,1492
Turk,2022,202204031645,BM,1,/Volumes/Seagate Portable Drive/KYLE_AI_DATABASE/A_CAMERA/Focal_species/Gulo gulo/Turk/BM/2022/COLOR/Robust marks/04.03-16.45/RCNX6549.JPG,RCNX6549.JPG,Turk_2022_202204031645_RCNX6549.jpg,0.8708649277687073,1499.1724853515625,32.511962890625,639.1363525390625,1570.1529541015625,3776,2124,639,1570
Turk,2022,202204031645,BM,1,/Volumes/Seagate Portable Drive/KYLE_AI_DATABASE/A_CAMERA/Focal_species/Gulo gulo/Turk/BM/2022/COLOR/Robust marks/04.03-16.45/RCNX6550.JPG,RCNX6550.JPG,Turk_2022_202204031645_RCNX6550.jpg,0.9209244847297668,1493.9886474609375,35.87617492675781,710.4805908203125,1463.1864013671875,3776,2124,710,1463
Turk,2022,202204031645,BM,1,/Volumes/Seagate Portable Drive/KYLE_AI_DATABASE/A_CAMERA/Focal_species/Gulo gulo/Turk/BM/2022/COLOR/Robust marks/04.03-16.45/RCNX6551.JPG,RCNX6551.JPG,Turk_2022_202204031645_RCNX6551.jpg,0.8289636969566345,1490.80517578125,33.847782135009766,669.288818359375,1472.2723388671875,3776,2124,669,1472
Turk,2022,202204031645,BM,1,/Volumes/Seagate Portable Drive/KYLE_AI_DATABASE/A_CAMERA/Focal_species/Gulo gulo/Turk/BM/2022/COLOR/Robust marks/04.03-16.45/RCNX6552.JPG,RCNX6552.JPG,Turk_2022_202204031645_RCNX6552.jpg,0.9498531222343445,1454.24658203125,34.78221893310547,694.813720703125,1443.863037109375,3776,2124,694,1443
Turk,2022,202204031645,BM,1,/Volumes/Seagate Portable Drive/KYLE_AI_DATABASE/A_CAMERA/Focal_species/Gulo gulo/Turk/BM/2022/COLOR/Robust marks/04.03-16.45/RCNX6553.JPG,RCNX6553.JPG,Turk_2022_202204031645_RCNX6553.jpg,0.9243594408035278,1491.8529052734375,34.11281967163086,654.7767333984375,1452.0736083984375,3776,2124,654,1452
Turk,2022,202204031645,BM,1,/Volumes/Seagate Portable Drive/KYLE_AI_DATABASE/A_CAMERA/Focal_species/Gulo gulo/Turk/BM/2022/COLOR/Robust marks/04.03-16.45/RCNX6554.JPG,RCNX6554.JPG,Turk_2022_202204031645_RCNX6554.jpg,0.9440658092498779,1490.8094482421875,37.413352966308594,747.9434814453125,1473.240234375,3776,2124,747,1473
Turk,2022,202204031645,BM,1,/Volumes/Seagate Portable Drive/KYLE_AI_DATABASE/A_CAMERA/Focal_species/Gulo gulo/Turk/BM/2022/COLOR/Robust marks/04.03-16.45/RCNX6555.JPG,RCNX6555.JPG,Turk_2022_202204031645_RCNX6555.jpg,0.9472264647483826,1497.0068359375,33.66092300415039,663.14013671875,1500.394775390625,3776,2124,663,1500
Turk,2022,202204031645,BM,1,/Volumes/Seagate Portable Drive/KYLE_AI_DATABASE/A_CAMERA/Focal_species/Gulo gulo/Turk/BM/2022/COLOR/Robust marks/04.03-16.45/RCNX6556.JPG,RCNX6556.JPG,Turk_2022_202204031645_RCNX6556.jpg,0.9492509961128235,1488.4210205078125,32.90461349487305,661.4705810546875,1494.691650390625,3776,2124,661,1494
Turk,2022,202204031645,BM,1,/Volumes/Seagate Portable Drive/KYLE_AI_DATABASE/A_CAMERA/Focal_species/Gulo gulo/Turk/BM/2022/COLOR/Robust marks/04.03-16.45/RCNX6557.JPG,RCNX6557.JPG,Turk_2022_202204031645_RCNX6557.jpg,0.9302496314048767,1501.1273193359375,32.616912841796875,660.2445068359375,1480.49169921875,3776,2124,660,1480
Turk,2022,202204031645,BM,1,/Volumes/Seagate Portable Drive/KYLE_AI_DATABASE/A_CAMERA/Focal_species/Gulo gulo/Turk/BM/2022/COLOR/Robust marks/04.03-16.45/RCNX6558.JPG,RCNX6558.JPG,Turk_2022_202204031645_RCNX6558.jpg,0.9144187569618225,1500.5777587890625,48.26438903808594,646.4276123046875,1439.0147705078125,3776,2124,646,1439
Turk,2022,202204031645,BM,1,/Volumes/Seagate Portable Drive/KYLE_AI_DATABASE/A_CAMERA/Focal_species/Gulo gulo/Turk/BM/2022/COLOR/Robust marks/04.03-16.45/RCNX6559.JPG,RCNX6559.JPG,Turk_2022_202204031645_RCNX6559.jpg,0.9200748801231384,1498.440185546875,34.094970703125,665.172119140625,1482.9462890625,3776,2124,665,1482
Turk,2022,202204031645,BM,1,/Volumes/Seagate Portable Drive/KYLE_AI_DATABASE/A_CAMERA/Focal_species/Gulo gulo/Turk/BM/2022/COLOR/Robust marks/04.03-16.45/RCNX6560.JPG,RCNX6560.JPG,Turk_2022_202204031645_RCNX6560.jpg,0.9386432766914368,1494.6490478515625,32.14336395263672,805.1641845703125,1501.262451171875,3776,2124,805,1501
Turk,2022,202204031645,BM,1,/Volumes/Seagate Portable Drive/KYLE_AI_DATABASE/A_CAMERA/Focal_species/Gulo gulo/Turk/BM/2022/COLOR/Robust marks/04.03-16.45/RCNX6562.JPG,RCNX6562.JPG,Turk_2022_202204031645_RCNX6562.jpg,0.8584477305412292,1485.35888671875,41.556915283203125,660.19384765625,1434.581787109375,3776,2124,660,1434
Turk,2022,202204031645,BM,1,/Volumes/Seagate Portable Drive/KYLE_AI_DATABASE/A_CAMERA/Focal_species/Gulo gulo/Turk/BM/2022/COLOR/Robust marks/04.03-16.45/RCNX6563.JPG,RCNX6563.JPG,Turk_2022_202204031645_RCNX6563.jpg,0.9267761707305908,1411.5985107421875,49.64724349975586,733.3433837890625,1442.5172119140625,3776,2124,733,1442
Turk,2022,202204031645,BM,1,/Volumes/Seagate Portable Drive/KYLE_AI_DATABASE/A_CAMERA/Focal_species/Gulo gulo/Turk/BM/2022/COLOR/Robust marks/04.03-16.45/RCNX6564.JPG,RCNX6564.JPG,Turk_2022_202204031645_RCNX6564.jpg,0.9342234134674072,1484.6962890625,34.417423248291016,663.657958984375,1464.8404541015625,3776,2124,663,1464
Turk,2022,202204031645,BM,1,/Volumes/Seagate Portable Drive/KYLE_AI_DATABASE/A_CAMERA/Focal_species/Gulo gulo/Turk/BM/2022/COLOR/Robust marks/04.03-16.45/RCNX6565.JPG,RCNX6565.JPG,Turk_2022_202204031645_RCNX6565.jpg,0.921822726726532,1505.666748046875,36.9729118347168,658.8896484375,1466.4981689453125,3776,2124,658,1466
Turk,2022,202204031645,BM,1,/Volumes/Seagate Portable Drive/KYLE_AI_DATABASE/A_CAMERA/Focal_species/Gulo gulo/Turk/BM/2022/COLOR/Robust marks/04.03-16.45/RCNX6566.JPG,RCNX6566.JPG,Turk_2022_202204031645_RCNX6566.jpg,0.9537603259086609,1427.13427734375,35.024024963378906,721.044677734375,1453.1922607421875,3776,2124,721,1453
Turk,2022,202204031645,BM,1,/Volumes/Seagate Portable Drive/KYLE_AI_DATABASE/A_CAMERA/Focal_species/Gulo gulo/Turk/BM/2022/COLOR/Robust marks/04.03-16.45/RCNX6567.JPG,RCNX6567.JPG,Turk_2022_202204031645_RCNX6567.jpg,0.946411669254303,1507.5635986328125,36.1234245300293,639.5445556640625,1447.575439453125,3776,2124,639,1447
Turk,2022,202204031645,BM,1,/Volumes/Seagate Portable Drive/KYLE_AI_DATABASE/A_CAMERA/Focal_species/Gulo gulo/Turk/BM/2022/COLOR/Robust marks/04.03-16.45/RCNX6569.JPG,RCNX6569.JPG,Turk_2022_202204031645_RCNX6569.jpg,0.8764879107475281,1502.8724365234375,34.28094482421875,654.1055908203125,1509.147216796875,3776,2124,654,1509
Turk,2022,202204031645,BM,1,/Volumes/Seagate Portable Drive/KYLE_AI_DATABASE/A_CAMERA/Focal_species/Gulo gulo/Turk/BM/2022/COLOR/Robust marks/04.03-16.45/RCNX6570.JPG,RCNX6570.JPG,Turk_2022_202204031645_RCNX6570.jpg,0.9387114644050598,1501.2266845703125,33.02374267578125,644.3748779296875,1528.1123046875,3776,2124,644,1528
Turk,2022,202204031645,BM,1,/Volumes/Seagate Portable Drive/KYLE_AI_DATABASE/A_CAMERA/Focal_species/Gulo gulo/Turk/BM/2022/COLOR/Robust marks/04.03-16.45/RCNX6571.JPG,RCNX6571.JPG,Turk_2022_202204031645_RCNX6571.jpg,0.9450196623802185,1486.233642578125,571.2935180664062,662.339111328125,1161.26611328125,3776,2124,662,1161
Turk,2022,202204031645,BM,1,/Volumes/Seagate Portable Drive/KYLE_AI_DATABASE/A_CAMERA/Focal_species/Gulo gulo/Turk/BM/2022/COLOR/Robust marks/04.03-16.45/RCNX6572.JPG,RCNX6572.JPG,Turk_2022_202204031645_RCNX6572.jpg,0.9474660754203796,1487.5989990234375,587.25830078125,673.2208251953125,1133.708984375,3776,2124,673,1133
Turk,2022,202204031645,BM,1,/Volumes/Seagate Portable Drive/KYLE_AI_DATABASE/A_CAMERA/Focal_species/Gulo gulo/Turk/BM/2022/COLOR/Robust marks/04.03-16.45/RCNX6573.JPG,RCNX6573.JPG,Turk_2022_202204031645_RCNX6573.jpg,0.8943960666656494,1472.915771484375,544.568359375,643.97412109375,1055.053466796875,3776,2124,643,1055
Turk,2022,202204031645,BM,1,/Volumes/Seagate Portable Drive/KYLE_AI_DATABASE/A_CAMERA/Focal_species/Gulo gulo/Turk/BM/2022/COLOR/Robust marks/04.03-16.45/RCNX6575.JPG,RCNX6575.JPG,Turk_2022_202204031645_RCNX6575.jpg,0.9251351952552795,1484.1280517578125,34.05547332763672,661.6011962890625,1438.4788818359375,3776,2124,661,1438
Turk,2022,202204031645,BM,1,/Volumes/Seagate Portable Drive/KYLE_AI_DATABASE/A_CAMERA/Focal_species/Gulo gulo/Turk/BM/2022/COLOR/Robust marks/04.03-16.45/RCNX6576.JPG,RCNX6576.JPG,Turk_2022_202204031645_RCNX6576.jpg,0.9580750465393066,1500.1402587890625,34.18124771118164,647.0050048828125,1396.55517578125,3776,2124,647,1396
Turk,2022,202204031645,BM,1,/Volumes/Seagate Portable Drive/KYLE_AI_DATABASE/A_CAMERA/Focal_species/Gulo gulo/Turk/BM/2022/COLOR/Robust marks/04.03-16.45/RCNX6577.JPG,RCNX6577.JPG,Turk_2022_202204031645_RCNX6577.jpg,0.9374839067459106,1580.4254150390625,33.798789978027344,577.4674072265625,1395.9764404296875,3776,2124,577,1395
Turk,2022,202204031645,BM,1,/Volumes/Seagate Portable Drive/KYLE_AI_DATABASE/A_CAMERA/Focal_species/Gulo gulo/Turk/BM/2022/COLOR/Robust marks/04.03-16.45/RCNX6578.JPG,RCNX6578.JPG,Turk_2022_202204031645_RCNX6578.jpg,0.9374397993087769,1568.99853515625,34.757911682128906,604.305908203125,1396.2750244140625,3776,2124,604,1396
Turk,2022,202204031645,BM,1,/Volumes/Seagate Portable Drive/KYLE_AI_DATABASE/A_CAMERA/Focal_species/Gulo gulo/Turk/BM/2022/COLOR/Robust marks/04.03-16.45/RCNX6579.JPG,RCNX6579.JPG,Turk_2022_202204031645_RCNX6579.jpg,0.9286439418792725,1567.1251220703125,34.43647384643555,670.1229248046875,1402.261474609375,3776,2124,670,1402
Turk,2022,202204031645,BM,1,/Volumes/Seagate Portable Drive/KYLE_AI_DATABASE/A_CAMERA/Focal_species/Gulo gulo/Turk/BM/2022/COLOR/Robust marks/04.03-16.45/RCNX6580.JPG,RCNX6580.JPG,Turk_2022_202204031645_RCNX6580.jpg,0.9384584426879883,1565.0762939453125,35.0163688659668,594.3695068359375,1400.1851806640625,3776,2124,594,1400
Turk,2022,202204031645,BM,1,/Volumes/Seagate Portable Drive/KYLE_AI_DATABASE/A_CAMERA/Focal_species/Gulo gulo/Turk/BM/2022/COLOR/Robust marks/04.03-16.45/RCNX6581.JPG,RCNX6581.JPG,Turk_2022_202204031645_RCNX6581.jpg,0.930022656917572,1567.9835205078125,35.03978729248047,603.1341552734375,1408.1751708984375,3776,2124,603,1408
Turk,2022,202204031645,BM,1,/Volumes/Seagate Portable Drive/KYLE_AI_DATABASE/A_CAMERA/Focal_species/Gulo gulo/Turk/BM/2022/COLOR/Robust marks/04.03-16.45/RCNX6582.JPG,RCNX6582.JPG,Turk_2022_202204031645_RCNX6582.jpg,0.956544816493988,1563.0594482421875,33.899879455566406,609.2950439453125,1406.14892578125,3776,2124,609,1406
Turk,2022,202204031645,BM,1,/Volumes/Seagate Portable Drive/KYLE_AI_DATABASE/A_CAMERA/Focal_species/Gulo gulo/Turk/BM/2022/COLOR/Robust marks/04.03-16.45/RCNX6583.JPG,RCNX6583.JPG,Turk_2022_202204031645_RCNX6583.jpg,0.9571340680122375,1559.9920654296875,34.506736755371094,658.6387939453125,1489.064453125,3776,2124,658,1489
Turk,2022,202204031645,BM,1,/Volumes/Seagate Portable Drive/KYLE_AI_DATABASE/A_CAMERA/Focal_species/Gulo gulo/Turk/BM/2022/COLOR/Robust marks/04.03-16.45/RCNX6584.JPG,RCNX6584.JPG,Turk_2022_202204031645_RCNX6584.jpg,0.9213718771934509,1422.059326171875,31.719633102416992,722.908447265625,1500.450439453125,3776,2124,722,1500
Turk,2022,202204031645,BM,1,/Volumes/Seagate Portable Drive/KYLE_AI_DATABASE/A_CAMERA/Focal_species/Gulo gulo/Turk/BM/2022/COLOR/Robust marks/04.03-16.45/RCNX6585.JPG,RCNX6585.JPG,Turk_2022_202204031645_RCNX6585.jpg,0.9112692475318909,1418.097900390625,33.62737274169922,723.744140625,1451.5029296875,3776,2124,723,1451
Turk,2022,202204031645,BM,1,/Volumes/Seagate Portable Drive/KYLE_AI_DATABASE/A_CAMERA/Focal_species/Gulo gulo/Turk/BM/2022/COLOR/Robust marks/04.03-16.45/RCNX6586.JPG,RCNX6586.JPG,Turk_2022_202204031645_RCNX6586.jpg,0.8979816436767578,1437.8868408203125,32.42428970336914,697.2491455078125,1542.5634765625,3776,2124,697,1542
Turk,2022,202204031645,BM,1,/Volumes/Seagate Portable Drive/KYLE_AI_DATABASE/A_CAMERA/Focal_species/Gulo gulo/Turk/BM/2022/COLOR/Robust marks/04.03-16.45/RCNX6588.JPG,RCNX6588.JPG,Turk_2022_202204031645_RCNX6588.jpg,0.9185420274734497,1485.8253173828125,36.98651885986328,704.9805908203125,1574.75048828125,3776,2124,704,1574
Turk,2022,202204031645,BM,1,/Volumes/Seagate Portable Drive/KYLE_AI_DATABASE/A_CAMERA/Focal_species/Gulo gulo/Turk/BM/2022/COLOR/Robust marks/04.03-16.45/RCNX6589.JPG,RCNX6589.JPG,Turk_2022_202204031645_RCNX6589.jpg,0.9244596362113953,1492.359375,43.81350326538086,708.431640625,1600.2623291015625,3776,2124,708,1600
Turk,2022,202204031645,BM,1,/Volumes/Seagate Portable Drive/KYLE_AI_DATABASE/A_CAMERA/Focal_species/Gulo gulo/Turk/BM/2022/COLOR/Robust marks/04.03-16.45/RCNX6590.JPG,RCNX6590.JPG,Turk_2022_202204031645_RCNX6590.jpg,0.9277757406234741,1492.8599853515625,64.95454406738281,656.4642333984375,1563.9969482421875,3776,2124,656,1563
Turk,2022,202204031645,BM,1,/Volumes/Seagate Portable Drive/KYLE_AI_DATABASE/A_CAMERA/Focal_species/Gulo gulo/Turk/BM/2022/COLOR/Robust marks/04.03-16.45/RCNX6591.JPG,RCNX6591.JPG,Turk_2022_202204031645_RCNX6591.jpg,0.8344399929046631,1489.521484375,387.4884033203125,656.497314453125,1122.264892578125,3776,2124,656,1122
Turk,2022,202204031645,BM,1,/Volumes/Seagate Portable Drive/KYLE_AI_DATABASE/A_CAMERA/Focal_species/Gulo gulo/Turk/BM/2022/COLOR/Robust marks/04.03-16.45/RCNX6592.JPG,RCNX6592.JPG,Turk_2022_202204031645_RCNX6592.jpg,0.9419069290161133,1482.8255615234375,33.0308952331543,667.3177490234375,1517.103759765625,3776,2124,667,1517
Turk,2022,202204031645,BM,1,/Volumes/Seagate Portable Drive/KYLE_AI_DATABASE/A_CAMERA/Focal_species/Gulo gulo/Turk/BM/2022/COLOR/Robust marks/04.03-16.45/RCNX6593.JPG,RCNX6593.JPG,Turk_2022_202204031645_RCNX6593.jpg,0.9310256242752075,1488.099365234375,38.264930725097656,672.931396484375,1509.1424560546875,3776,2124,672,1509
Turk,2022,202204031645,BM,1,/Volumes/Seagate Portable Drive/KYLE_AI_DATABASE/A_CAMERA/Focal_species/Gulo gulo/Turk/BM/2022/COLOR/Robust marks/04.03-16.45/RCNX6594.JPG,RCNX6594.JPG,Turk_2022_202204031645_RCNX6594.jpg,0.8991987705230713,1494.384765625,34.55522537231445,731.437744140625,1421.34814453125,3776,2124,731,1421
Turk,2022,202204031645,BM,1,/Volumes/Seagate Portable Drive/KYLE_AI_DATABASE/A_CAMERA/Focal_species/Gulo gulo/Turk/BM/2022/COLOR/Robust marks/04.03-16.45/RCNX6595.JPG,RCNX6595.JPG,Turk_2022_202204031645_RCNX6595.jpg,0.8921133875846863,1484.7569580078125,35.02503967285156,778.1385498046875,1418.4635009765625,3776,2124,778,1418
Turk,2022,202204031645,BM,1,/Volumes/Seagate Portable Drive/KYLE_AI_DATABASE/A_CAMERA/Focal_species/Gulo gulo/Turk/BM/2022/COLOR/Robust marks/04.03-16.45/RCNX6596.JPG,RCNX6596.JPG,Turk_2022_202204031645_RCNX6596.jpg,0.9128784537315369,1488.7392578125,34.24562454223633,802.38330078125,1459.8992919921875,3776,2124,802,1459
Turk,2022,202204031645,BM,1,/Volumes/Seagate Portable Drive/KYLE_AI_DATABASE/A_CAMERA/Focal_species/Gulo gulo/Turk/BM/2022/COLOR/Robust marks/04.03-16.45/RCNX6597.JPG,RCNX6597.JPG,Turk_2022_202204031645_RCNX6597.jpg,0.919501543045044,1485.0252685546875,33.758277893066406,771.6414794921875,1493.3328857421875,3776,2124,771,1493
Turk,2022,202204031645,BM,1,/Volumes/Seagate Portable Drive/KYLE_AI_DATABASE/A_CAMERA/Focal_species/Gulo gulo/Turk/BM/2022/COLOR/Robust marks/04.03-16.45/RCNX6598.JPG,RCNX6598.JPG,Turk_2022_202204031645_RCNX6598.jpg,0.9360429048538208,1486.834228515625,37.756378173828125,648.320068359375,1515.66162109375,3776,2124,648,1515
Turk,2022,202204031645,BM,1,/Volumes/Seagate Portable Drive/KYLE_AI_DATABASE/A_CAMERA/Focal_species/Gulo gulo/Turk/BM/2022/COLOR/Robust marks/04.03-16.45/RCNX6599.JPG,RCNX6599.JPG,Turk_2022_202204031645_RCNX6599.jpg,0.9432686567306519,1488.3905029296875,34.12776184082031,682.1209716796875,1481.4560546875,3776,2124,682,1481
Turk,2022,202204031645,BM,1,/Volumes/Seagate Portable Drive/KYLE_AI_DATABASE/A_CAMERA/Focal_species/Gulo gulo/Turk/BM/2022/COLOR/Robust marks/04.03-16.45/RCNX6600.JPG,RCNX6600.JPG,Turk_2022_202204031645_RCNX6600.jpg,0.863382875919342,1499.1253662109375,136.49046325683594,800.4630126953125,1503.42626953125,3776,2124,800,1503
Turk,2022,202204031645,BM,1,/Volumes/Seagate Portable Drive/KYLE_AI_DATABASE/A_CAMERA/Focal_species/Gulo gulo/Turk/BM/2022/COLOR/Robust marks/04.03-16.45/RCNX6601.JPG,RCNX6601.JPG,Turk_2022_202204031645_RCNX6601.jpg,0.8955180048942566,2175.42724609375,1830.588623046875,368.6689453125,254.80322265625,3776,2124,368,254
Turk,2022,202204031645,BM,1,/Volumes/Seagate Portable Drive/KYLE_AI_DATABASE/A_CAMERA/Focal_species/Gulo gulo/Turk/BM/2022/COLOR/Robust marks/04.03-16.45/RCNX6602.JPG,RCNX6602.JPG,Turk_2022_202204031645_RCNX6602.jpg,0.8352996110916138,1863.61669921875,1861.1644287109375,459.01953125,224.5789794921875,3776,2124,459,224
Turk,2022,202204031645,BM,1,/Volumes/Seagate Portable Drive/KYLE_AI_DATABASE/A_CAMERA/Focal_species/Gulo gulo/Turk/BM/2022/COLOR/Robust marks/04.03-16.45/RCNX6603.JPG,RCNX6603.JPG,Turk_2022_202204031645_RCNX6603.jpg,0.8588607311248779,1914.927001953125,1749.7877197265625,318.20263671875,278.15625,3776,2124,318,278
Turk,2022,202204031645,BM,1,/Volumes/Seagate Portable Drive/KYLE_AI_DATABASE/A_CAMERA/Focal_species/Gulo gulo/Turk/BM/2022/COLOR/Robust marks/04.03-16.45/RCNX6604.JPG,RCNX6604.JPG,Turk_2022_202204031645_RCNX6604.jpg,0.8223786354064941,1915.3035888671875,1759.0911865234375,332.1282958984375,286.6553955078125,3776,2124,332,286
Turk,2022,202204031645,BM,1,/Volumes/Seagate Portable Drive/KYLE_AI_DATABASE/A_CAMERA/Focal_species/Gulo gulo/Turk/BM/2022/COLOR/Robust marks/04.03-16.45/RCNX6605.JPG,RCNX6605.JPG,Turk_2022_202204031645_RCNX6605.jpg,0.8935759663581848,1759.128662109375,1873.01220703125,493.412353515625,211.7216796875,3776,2124,493,211
Turk,2022,202204031645,BM,1,/Volumes/Seagate Portable Drive/KYLE_AI_DATABASE/A_CAMERA/Focal_species/Gulo gulo/Turk/BM/2022/COLOR/Robust marks/04.03-16.45/RCNX6606.JPG,RCNX6606.JPG,Turk_2022_202204031645_RCNX6606.jpg,0.8868311047554016,1756.638671875,1857.2525634765625,349.94384765625,226.3011474609375,3776,2124,349,226
Turk,2022,202204031645,BM,1,/Volumes/Seagate Portable Drive/KYLE_AI_DATABASE/A_CAMERA/Focal_species/Gulo gulo/Turk/BM/2022/COLOR/Robust marks/04.03-16.45/RCNX6607.JPG,RCNX6607.JPG,Turk_2022_202204031645_RCNX6607.jpg,0.9166426062583923,776.9073486328125,1866.2703857421875,621.29833984375,218.8424072265625,3776,2124,621,218
Turk,2022,202204031645,BM,1,/Volumes/Seagate Portable Drive/KYLE_AI_DATABASE/A_CAMERA/Focal_species/Gulo gulo/Turk/BM/2022/COLOR/Robust marks/04.03-16.45/RCNX6608.JPG,RCNX6608.JPG,Turk_2022_202204031645_RCNX6608.jpg,0.9473932981491089,433.7267761230469,1800.6070556640625,948.4339599609375,284.4754638671875,3776,2124,948,284
Turk,2022,202204031645,BM,1,/Volumes/Seagate Portable Drive/KYLE_AI_DATABASE/A_CAMERA/Focal_species/Gulo gulo/Turk/BM/2022/COLOR/Robust marks/04.03-16.45/RCNX6609.JPG,RCNX6609.JPG,Turk_2022_202204031645_RCNX6609.jpg,0.9353790879249573,480.9293212890625,1863.9849853515625,826.1961669921875,222.3636474609375,3776,2124,826,222
Turk,2022,202204031645,BM,1,/Volumes/Seagate Portable Drive/KYLE_AI_DATABASE/A_CAMERA/Focal_species/Gulo gulo/Turk/BM/2022/COLOR/Robust marks/04.03-16.45/RCNX6610.JPG,RCNX6610.JPG,Turk_2022_202204031645_RCNX6610.jpg,0.9496138691902161,443.4308166503906,1776.9217529296875,844.913818359375,308.2911376953125,3776,2124,844,308
Turk,2022,202204031645,BM,1,/Volumes/Seagate Portable Drive/KYLE_AI_DATABASE/A_CAMERA/Focal_species/Gulo gulo/Turk/BM/2022/COLOR/Robust marks/04.03-16.45/RCNX6611.JPG,RCNX6611.JPG,Turk_2022_202204031645_RCNX6611.jpg,0.8092817068099976,868.8141479492188,1195.8485107421875,194.64312744140625,165.2333984375,3776,2124,194,165
