id,year,ymdh,station,color,original_path,original_filename,crop_filename,confidence,bbox_x,bbox_y,bbox_width,bbox_height,image_width,image_height,crop_width,crop_height
HLC20-H3,2023,202301230918,PP,1,/Volumes/Seagate Portable Drive/KYLE_AI_DATABASE/A_CAMERA/Focal_species/Gulo gulo/HLC20-H3/PP/2023/COLOR/Robust marks/01.23-09.18/RCNX0021.JPG,RCNX0021.JPG,HLC20-H3_2023_202301230918_RCNX0021.jpg,0.9193786978721619,960.4202880859375,179.00372314453125,327.052734375,807.2504272460938,2048,1440,327,807
HLC20-H3,2023,202301230918,PP,1,/Volumes/Seagate Portable Drive/KYLE_AI_DATABASE/A_CAMERA/Focal_species/Gulo gulo/HLC20-H3/PP/2023/COLOR/Robust marks/01.23-09.18/RCNX0022.JPG,RCNX0022.JPG,HLC20-H3_2023_202301230918_RCNX0022.jpg,0.8675955533981323,894.9502563476562,34.78400421142578,396.71099853515625,936.3738403320312,2048,1440,396,936
HLC20-H3,2023,202301230918,PP,1,/Volumes/Seagate Portable Drive/KYLE_AI_DATABASE/A_CAMERA/Focal_species/Gulo gulo/HLC20-H3/PP/2023/COLOR/Robust marks/01.23-09.18/RCNX0023.JPG,RCNX0023.JPG,HLC20-H3_2023_202301230918_RCNX0023.jpg,0.8650283217430115,956.6636352539062,189.8737030029297,377.03948974609375,754.1394653320312,2048,1440,377,754
HLC20-H3,2023,202301230918,PP,1,/Volumes/Seagate Portable Drive/KYLE_AI_DATABASE/A_CAMERA/Focal_species/Gulo gulo/HLC20-H3/PP/2023/COLOR/Robust marks/01.23-09.18/RCNX0024.JPG,RCNX0024.JPG,HLC20-H3_2023_202301230918_RCNX0024.jpg,0.9172461628913879,885.5794067382812,34.47445297241211,387.53179931640625,838.54931640625,2048,1440,387,838
HLC20-H3,2023,202301230918,PP,1,/Volumes/Seagate Portable Drive/KYLE_AI_DATABASE/A_CAMERA/Focal_species/Gulo gulo/HLC20-H3/PP/2023/COLOR/Robust marks/01.23-09.18/RCNX0025.JPG,RCNX0025.JPG,HLC20-H3_2023_202301230918_RCNX0025.jpg,0.9597256779670715,863.9013061523438,45.99443435668945,420.79156494140625,840.513427734375,2048,1440,420,840
HLC20-H3,2023,202301230918,PP,1,/Volumes/Seagate Portable Drive/KYLE_AI_DATABASE/A_CAMERA/Focal_species/Gulo gulo/HLC20-H3/PP/2023/COLOR/Robust marks/01.23-09.18/RCNX0026.JPG,RCNX0026.JPG,HLC20-H3_2023_202301230918_RCNX0026.jpg,0.9328656792640686,899.6517333984375,44.53638458251953,371.317626953125,885.1543579101562,2048,1440,371,885
HLC20-H3,2023,202301230918,PP,1,/Volumes/Seagate Portable Drive/KYLE_AI_DATABASE/A_CAMERA/Focal_species/Gulo gulo/HLC20-H3/PP/2023/COLOR/Robust marks/01.23-09.18/RCNX0027.JPG,RCNX0027.JPG,HLC20-H3_2023_202301230918_RCNX0027.jpg,0.8696542382240295,916.4193725585938,49.266170501708984,371.55023193359375,906.3593139648438,2048,1440,371,906
HLC20-H3,2023,202301230918,PP,1,/Volumes/Seagate Portable Drive/KYLE_AI_DATABASE/A_CAMERA/Focal_species/Gulo gulo/HLC20-H3/PP/2023/COLOR/Robust marks/01.23-09.18/RCNX0028.JPG,RCNX0028.JPG,HLC20-H3_2023_202301230918_RCNX0028.jpg,0.8542938828468323,911.6988525390625,184.34230041503906,418.830078125,821.7235107421875,2048,1440,418,821
HLC20-H3,2023,202301230918,PP,1,/Volumes/Seagate Portable Drive/KYLE_AI_DATABASE/A_CAMERA/Focal_species/Gulo gulo/HLC20-H3/PP/2023/COLOR/Robust marks/01.23-09.18/RCNX0029.JPG,RCNX0029.JPG,HLC20-H3_2023_202301230918_RCNX0029.jpg,0.8252283334732056,958.2952880859375,301.43145751953125,452.498291015625,708.9320678710938,2048,1440,452,708
HLC20-H3,2023,202301230918,PP,1,/Volumes/Seagate Portable Drive/KYLE_AI_DATABASE/A_CAMERA/Focal_species/Gulo gulo/HLC20-H3/PP/2023/COLOR/Robust marks/01.23-09.18/RCNX0030.JPG,RCNX0030.JPG,HLC20-H3_2023_202301230918_RCNX0030.jpg,0.8914788961410522,943.1061401367188,283.39825439453125,396.10040283203125,713.9927978515625,2048,1440,396,713
HLC20-H3,2023,202301230918,PP,1,/Volumes/Seagate Portable Drive/KYLE_AI_DATABASE/A_CAMERA/Focal_species/Gulo gulo/HLC20-H3/PP/2023/COLOR/Robust marks/01.23-09.18/RCNX0031.JPG,RCNX0031.JPG,HLC20-H3_2023_202301230918_RCNX0031.jpg,0.8847460150718689,880.3570556640625,343.3189392089844,388.49560546875,795.64306640625,2048,1440,388,795
HLC20-H3,2023,202301230918,PP,1,/Volumes/Seagate Portable Drive/KYLE_AI_DATABASE/A_CAMERA/Focal_species/Gulo gulo/HLC20-H3/PP/2023/COLOR/Robust marks/01.23-09.18/RCNX0033.JPG,RCNX0033.JPG,HLC20-H3_2023_202301230918_RCNX0033.jpg,0.8721356391906738,920.8292236328125,362.8329772949219,362.406982421875,793.8193359375,2048,1440,362,793
HLC20-H3,2023,202301230918,PP,1,/Volumes/Seagate Portable Drive/KYLE_AI_DATABASE/A_CAMERA/Focal_species/Gulo gulo/HLC20-H3/PP/2023/COLOR/Robust marks/01.23-09.18/RCNX0036.JPG,RCNX0036.JPG,HLC20-H3_2023_202301230918_RCNX0036.jpg,0.8951812982559204,895.7095336914062,457.103515625,424.18853759765625,711.6485595703125,2048,1440,424,711
HLC20-H3,2023,202301230918,PP,1,/Volumes/Seagate Portable Drive/KYLE_AI_DATABASE/A_CAMERA/Focal_species/Gulo gulo/HLC20-H3/PP/2023/COLOR/Robust marks/01.23-09.18/RCNX0037.JPG,RCNX0037.JPG,HLC20-H3_2023_202301230918_RCNX0037.jpg,0.8933607339859009,887.6585083007812,482.3968811035156,432.95733642578125,695.156005859375,2048,1440,432,695
HLC20-H3,2023,202301230918,PP,1,/Volumes/Seagate Portable Drive/KYLE_AI_DATABASE/A_CAMERA/Focal_species/Gulo gulo/HLC20-H3/PP/2023/COLOR/Robust marks/01.23-09.18/RCNX0038.JPG,RCNX0038.JPG,HLC20-H3_2023_202301230918_RCNX0038.jpg,0.919727087020874,889.32275390625,490.0379638671875,432.34521484375,665.5399169921875,2048,1440,432,665
HLC20-H3,2023,202301230918,PP,1,/Volumes/Seagate Portable Drive/KYLE_AI_DATABASE/A_CAMERA/Focal_species/Gulo gulo/HLC20-H3/PP/2023/COLOR/Robust marks/01.23-09.18/RCNX0039.JPG,RCNX0039.JPG,HLC20-H3_2023_202301230918_RCNX0039.jpg,0.9122496247291565,884.1937255859375,484.614501953125,436.42041015625,682.546875,2048,1440,436,682
HLC20-H3,2023,202301230918,PP,1,/Volumes/Seagate Portable Drive/KYLE_AI_DATABASE/A_CAMERA/Focal_species/Gulo gulo/HLC20-H3/PP/2023/COLOR/Robust marks/01.23-09.18/RCNX0040.JPG,RCNX0040.JPG,HLC20-H3_2023_202301230918_RCNX0040.jpg,0.9152029156684875,884.5367431640625,486.46002197265625,438.96728515625,680.2739868164062,2048,1440,438,680
HLC20-H3,2023,202301230918,PP,1,/Volumes/Seagate Portable Drive/KYLE_AI_DATABASE/A_CAMERA/Focal_species/Gulo gulo/HLC20-H3/PP/2023/COLOR/Robust marks/01.23-09.18/RCNX0041.JPG,RCNX0041.JPG,HLC20-H3_2023_202301230918_RCNX0041.jpg,0.8004964590072632,932.767578125,376.8196105957031,391.156005859375,783.452392578125,2048,1440,391,783
HLC20-H3,2023,202301230918,PP,1,/Volumes/Seagate Portable Drive/KYLE_AI_DATABASE/A_CAMERA/Focal_species/Gulo gulo/HLC20-H3/PP/2023/COLOR/Robust marks/01.23-09.18/RCNX0043.JPG,RCNX0043.JPG,HLC20-H3_2023_202301230918_RCNX0043.jpg,0.8480625152587891,916.574951171875,421.7450866699219,401.8994140625,742.377197265625,2048,1440,401,742
HLC20-H3,2023,202301230918,PP,1,/Volumes/Seagate Portable Drive/KYLE_AI_DATABASE/A_CAMERA/Focal_species/Gulo gulo/HLC20-H3/PP/2023/COLOR/Robust marks/01.23-09.18/RCNX0046.JPG,RCNX0046.JPG,HLC20-H3_2023_202301230918_RCNX0046.jpg,0.8779313564300537,932.7783203125,335.28363037109375,388.00048828125,840.4036254882812,2048,1440,388,840
HLC20-H3,2023,202301230918,PP,1,/Volumes/Seagate Portable Drive/KYLE_AI_DATABASE/A_CAMERA/Focal_species/Gulo gulo/HLC20-H3/PP/2023/COLOR/Robust marks/01.23-09.18/RCNX0047.JPG,RCNX0047.JPG,HLC20-H3_2023_202301230918_RCNX0047.jpg,0.9425345063209534,869.0958251953125,429.4429016113281,452.28515625,731.53515625,2048,1440,452,731
HLC20-H3,2023,202301230918,PP,1,/Volumes/Seagate Portable Drive/KYLE_AI_DATABASE/A_CAMERA/Focal_species/Gulo gulo/HLC20-H3/PP/2023/COLOR/Robust marks/01.23-09.18/RCNX0048.JPG,RCNX0048.JPG,HLC20-H3_2023_202301230918_RCNX0048.jpg,0.9440971612930298,895.4385986328125,392.8431091308594,427.1875,769.17529296875,2048,1440,427,769
HLC20-H3,2023,202301230918,PP,1,/Volumes/Seagate Portable Drive/KYLE_AI_DATABASE/A_CAMERA/Focal_species/Gulo gulo/HLC20-H3/PP/2023/COLOR/Robust marks/01.23-09.18/RCNX0049.JPG,RCNX0049.JPG,HLC20-H3_2023_202301230918_RCNX0049.jpg,0.9031820893287659,942.1008911132812,377.3231201171875,385.18548583984375,780.43798828125,2048,1440,385,780
HLC20-H3,2023,202301230918,PP,1,/Volumes/Seagate Portable Drive/KYLE_AI_DATABASE/A_CAMERA/Focal_species/Gulo gulo/HLC20-H3/PP/2023/COLOR/Robust marks/01.23-09.18/RCNX0050.JPG,RCNX0050.JPG,HLC20-H3_2023_202301230918_RCNX0050.jpg,0.9194782376289368,936.8338623046875,375.2779846191406,389.828369140625,800.5474853515625,2048,1440,389,800
HLC20-H3,2023,202301230918,PP,1,/Volumes/Seagate Portable Drive/KYLE_AI_DATABASE/A_CAMERA/Focal_species/Gulo gulo/HLC20-H3/PP/2023/COLOR/Robust marks/01.23-09.18/RCNX0052.JPG,RCNX0052.JPG,HLC20-H3_2023_202301230918_RCNX0052.jpg,0.9227518439292908,948.7009887695312,514.5573120117188,370.08428955078125,690.2776489257812,2048,1440,370,690
HLC20-H3,2023,202301230918,PP,1,/Volumes/Seagate Portable Drive/KYLE_AI_DATABASE/A_CAMERA/Focal_species/Gulo gulo/HLC20-H3/PP/2023/COLOR/Robust marks/01.23-09.18/RCNX0053.JPG,RCNX0053.JPG,HLC20-H3_2023_202301230918_RCNX0053.jpg,0.9240972995758057,933.9600219726562,641.5130004882812,384.20404052734375,656.3627319335938,2048,1440,384,656
HLC20-H3,2023,202301230918,PP,1,/Volumes/Seagate Portable Drive/KYLE_AI_DATABASE/A_CAMERA/Focal_species/Gulo gulo/HLC20-H3/PP/2023/COLOR/Robust marks/01.23-09.18/RCNX0054.JPG,RCNX0054.JPG,HLC20-H3_2023_202301230918_RCNX0054.jpg,0.9210875034332275,818.5330810546875,1010.2825927734375,490.40771484375,357.3857421875,2048,1440,490,357
HLC20-H3,2023,202301230918,PP,1,/Volumes/Seagate Portable Drive/KYLE_AI_DATABASE/A_CAMERA/Focal_species/Gulo gulo/HLC20-H3/PP/2023/COLOR/Robust marks/01.23-09.18/RCNX0061.JPG,RCNX0061.JPG,HLC20-H3_2023_202301230918_RCNX0061.jpg,0.9604313373565674,1016.6354370117188,536.0667114257812,360.07830810546875,502.81744384765625,2048,1440,360,502
HLC20-H3,2023,202301230918,PP,1,/Volumes/Seagate Portable Drive/KYLE_AI_DATABASE/A_CAMERA/Focal_species/Gulo gulo/HLC20-H3/PP/2023/COLOR/Robust marks/01.23-09.18/RCNX0062.JPG,RCNX0062.JPG,HLC20-H3_2023_202301230918_RCNX0062.jpg,0.9422745108604431,883.6649169921875,644.6629638671875,467.81982421875,606.0447998046875,2048,1440,467,606
HLC20-H3,2023,202301230918,PP,1,/Volumes/Seagate Portable Drive/KYLE_AI_DATABASE/A_CAMERA/Focal_species/Gulo gulo/HLC20-H3/PP/2023/COLOR/Robust marks/01.23-09.18/RCNX0064.JPG,RCNX0064.JPG,HLC20-H3_2023_202301230918_RCNX0064.jpg,0.8324025273323059,891.3012084960938,32.57072830200195,361.37359619140625,452.8878173828125,2048,1440,361,452
HLC20-H3,2023,202301230918,PP,1,/Volumes/Seagate Portable Drive/KYLE_AI_DATABASE/A_CAMERA/Focal_species/Gulo gulo/HLC20-H3/PP/2023/COLOR/Robust marks/01.23-09.18/RCNX0065.JPG,RCNX0065.JPG,HLC20-H3_2023_202301230918_RCNX0065.jpg,0.8330726027488708,819.5935668945312,52.72956848144531,382.61993408203125,426.1300048828125,2048,1440,382,426
HLC20-H3,2023,202301230918,PP,1,/Volumes/Seagate Portable Drive/KYLE_AI_DATABASE/A_CAMERA/Focal_species/Gulo gulo/HLC20-H3/PP/2023/COLOR/Robust marks/01.23-09.18/RCNX0068.JPG,RCNX0068.JPG,HLC20-H3_2023_202301230918_RCNX0068.jpg,0.8646615147590637,814.363525390625,45.15520477294922,381.80419921875,433.3205871582031,2048,1440,381,433
HLC20-H3,2023,202301230918,PP,1,/Volumes/Seagate Portable Drive/KYLE_AI_DATABASE/A_CAMERA/Focal_species/Gulo gulo/HLC20-H3/PP/2023/COLOR/Robust marks/01.23-09.18/RCNX0070.JPG,RCNX0070.JPG,HLC20-H3_2023_202301230918_RCNX0070.jpg,0.8519281148910522,885.1880493164062,35.838775634765625,376.02911376953125,440.0285339355469,2048,1440,376,440
HLC20-H3,2023,202301230918,PP,1,/Volumes/Seagate Portable Drive/KYLE_AI_DATABASE/A_CAMERA/Focal_species/Gulo gulo/HLC20-H3/PP/2023/COLOR/Robust marks/01.23-09.18/RCNX0072.JPG,RCNX0072.JPG,HLC20-H3_2023_202301230918_RCNX0072.jpg,0.9316667318344116,830.9559326171875,34.74756622314453,514.70751953125,945.3949584960938,2048,1440,514,945
HLC20-H3,2023,202301230918,PP,1,/Volumes/Seagate Portable Drive/KYLE_AI_DATABASE/A_CAMERA/Focal_species/Gulo gulo/HLC20-H3/PP/2023/COLOR/Robust marks/01.23-09.18/RCNX0073.JPG,RCNX0073.JPG,HLC20-H3_2023_202301230918_RCNX0073.jpg,0.8345353007316589,981.65966796875,167.04446411132812,345.947265625,819.666015625,2048,1440,345,819
HLC20-H3,2023,202301230918,PP,1,/Volumes/Seagate Portable Drive/KYLE_AI_DATABASE/A_CAMERA/Focal_species/Gulo gulo/HLC20-H3/PP/2023/COLOR/Robust marks/01.23-09.18/RCNX0074.JPG,RCNX0074.JPG,HLC20-H3_2023_202301230918_RCNX0074.jpg,0.9589356780052185,927.671875,51.77358627319336,404.925048828125,947.8228149414062,2048,1440,404,947
HLC20-H3,2023,202301230918,PP,1,/Volumes/Seagate Portable Drive/KYLE_AI_DATABASE/A_CAMERA/Focal_species/Gulo gulo/HLC20-H3/PP/2023/COLOR/Robust marks/01.23-09.18/RCNX0075.JPG,RCNX0075.JPG,HLC20-H3_2023_202301230918_RCNX0075.jpg,0.9223164319992065,945.55712890625,50.09975814819336,390.92236328125,947.4063110351562,2048,1440,390,947
HLC20-H3,2023,202301230918,PP,1,/Volumes/Seagate Portable Drive/KYLE_AI_DATABASE/A_CAMERA/Focal_species/Gulo gulo/HLC20-H3/PP/2023/COLOR/Robust marks/01.23-09.18/RCNX0076.JPG,RCNX0076.JPG,HLC20-H3_2023_202301230918_RCNX0076.jpg,0.9055049419403076,991.3358154296875,138.5430450439453,344.813232421875,857.122802734375,2048,1440,344,857
HLC20-H3,2023,202301230918,PP,1,/Volumes/Seagate Portable Drive/KYLE_AI_DATABASE/A_CAMERA/Focal_species/Gulo gulo/HLC20-H3/PP/2023/COLOR/Robust marks/01.23-09.18/RCNX0077.JPG,RCNX0077.JPG,HLC20-H3_2023_202301230918_RCNX0077.jpg,0.9117226600646973,989.3917236328125,37.16850662231445,348.451904296875,959.9483642578125,2048,1440,348,959
HLC20-H3,2023,202301230918,PP,1,/Volumes/Seagate Portable Drive/KYLE_AI_DATABASE/A_CAMERA/Focal_species/Gulo gulo/HLC20-H3/PP/2023/COLOR/Robust marks/01.23-09.18/RCNX0078.JPG,RCNX0078.JPG,HLC20-H3_2023_202301230918_RCNX0078.jpg,0.9532600045204163,927.999755859375,33.3613166809082,409.636962890625,962.8617553710938,2048,1440,409,962
HLC20-H3,2023,202301230918,PP,1,/Volumes/Seagate Portable Drive/KYLE_AI_DATABASE/A_CAMERA/Focal_species/Gulo gulo/HLC20-H3/PP/2023/COLOR/Robust marks/01.23-09.18/RCNX0079.JPG,RCNX0079.JPG,HLC20-H3_2023_202301230918_RCNX0079.jpg,0.9385092854499817,969.538818359375,215.75234985351562,343.612548828125,741.8924560546875,2048,1440,343,741
HLC20-H3,2023,202301230918,PP,1,/Volumes/Seagate Portable Drive/KYLE_AI_DATABASE/A_CAMERA/Focal_species/Gulo gulo/HLC20-H3/PP/2023/COLOR/Robust marks/01.23-09.18/RCNX0080.JPG,RCNX0080.JPG,HLC20-H3_2023_202301230918_RCNX0080.jpg,0.9655715823173523,947.5018920898438,31.84764862060547,392.33624267578125,946.146240234375,2048,1440,392,946
HLC20-H3,2023,202301230918,PP,1,/Volumes/Seagate Portable Drive/KYLE_AI_DATABASE/A_CAMERA/Focal_species/Gulo gulo/HLC20-H3/PP/2023/COLOR/Robust marks/01.23-09.18/RCNX0081.JPG,RCNX0081.JPG,HLC20-H3_2023_202301230918_RCNX0081.jpg,0.8719473481178284,851.320068359375,131.89370727539062,494.29736328125,852.671875,2048,1440,494,852
HLC20-H3,2023,202301230918,PP,1,/Volumes/Seagate Portable Drive/KYLE_AI_DATABASE/A_CAMERA/Focal_species/Gulo gulo/HLC20-H3/PP/2023/COLOR/Robust marks/01.23-09.18/RCNX0082.JPG,RCNX0082.JPG,HLC20-H3_2023_202301230918_RCNX0082.jpg,0.8936905264854431,1003.4959106445312,92.11388397216797,316.14080810546875,824.36767578125,2048,1440,316,824
HLC20-H3,2023,202301230918,PP,1,/Volumes/Seagate Portable Drive/KYLE_AI_DATABASE/A_CAMERA/Focal_species/Gulo gulo/HLC20-H3/PP/2023/COLOR/Robust marks/01.23-09.18/RCNX0083.JPG,RCNX0083.JPG,HLC20-H3_2023_202301230918_RCNX0083.jpg,0.9133157730102539,1002.8916015625,153.3902130126953,330.81640625,831.7039184570312,2048,1440,330,831
HLC20-H3,2023,202301230918,PP,1,/Volumes/Seagate Portable Drive/KYLE_AI_DATABASE/A_CAMERA/Focal_species/Gulo gulo/HLC20-H3/PP/2023/COLOR/Robust marks/01.23-09.18/RCNX0084.JPG,RCNX0084.JPG,HLC20-H3_2023_202301230918_RCNX0084.jpg,0.8804182410240173,994.7403564453125,177.74746704101562,344.633056640625,806.5537109375,2048,1440,344,806
HLC20-H3,2023,202301230918,PP,1,/Volumes/Seagate Portable Drive/KYLE_AI_DATABASE/A_CAMERA/Focal_species/Gulo gulo/HLC20-H3/PP/2023/COLOR/Robust marks/01.23-09.18/RCNX0085.JPG,RCNX0085.JPG,HLC20-H3_2023_202301230918_RCNX0085.jpg,0.9223648905754089,986.4569702148438,220.15782165527344,357.11944580078125,761.1801147460938,2048,1440,357,761
HLC20-H3,2023,202301230918,PP,1,/Volumes/Seagate Portable Drive/KYLE_AI_DATABASE/A_CAMERA/Focal_species/Gulo gulo/HLC20-H3/PP/2023/COLOR/Robust marks/01.23-09.18/RCNX0086.JPG,RCNX0086.JPG,HLC20-H3_2023_202301230918_RCNX0086.jpg,0.9268554449081421,924.7957763671875,241.90499877929688,422.769775390625,732.7384033203125,2048,1440,422,732
HLC20-H3,2023,202301230918,PP,1,/Volumes/Seagate Portable Drive/KYLE_AI_DATABASE/A_CAMERA/Focal_species/Gulo gulo/HLC20-H3/PP/2023/COLOR/Robust marks/01.23-09.18/RCNX0087.JPG,RCNX0087.JPG,HLC20-H3_2023_202301230918_RCNX0087.jpg,0.9457507729530334,973.6155395507812,235.6669921875,368.68988037109375,754.1383666992188,2048,1440,368,754
HLC20-H3,2023,202301230918,PP,1,/Volumes/Seagate Portable Drive/KYLE_AI_DATABASE/A_CAMERA/Focal_species/Gulo gulo/HLC20-H3/PP/2023/COLOR/Robust marks/01.23-09.18/RCNX0088.JPG,RCNX0088.JPG,HLC20-H3_2023_202301230918_RCNX0088.jpg,0.9389349222183228,1007.1707763671875,233.21810913085938,336.777099609375,747.7818603515625,2048,1440,336,747
HLC20-H3,2023,202301230918,PP,1,/Volumes/Seagate Portable Drive/KYLE_AI_DATABASE/A_CAMERA/Focal_species/Gulo gulo/HLC20-H3/PP/2023/COLOR/Robust marks/01.23-09.18/RCNX0089.JPG,RCNX0089.JPG,HLC20-H3_2023_202301230918_RCNX0089.jpg,0.931387722492218,991.1490478515625,206.55227661132812,356.55859375,770.448486328125,2048,1440,356,770
HLC20-H3,2023,202301230918,PP,1,/Volumes/Seagate Portable Drive/KYLE_AI_DATABASE/A_CAMERA/Focal_species/Gulo gulo/HLC20-H3/PP/2023/COLOR/Robust marks/01.23-09.18/RCNX0090.JPG,RCNX0090.JPG,HLC20-H3_2023_202301230918_RCNX0090.jpg,0.9260790944099426,990.8663940429688,237.811767578125,356.56243896484375,736.7714233398438,2048,1440,356,736
HLC20-H3,2023,202301230918,PP,1,/Volumes/Seagate Portable Drive/KYLE_AI_DATABASE/A_CAMERA/Focal_species/Gulo gulo/HLC20-H3/PP/2023/COLOR/Robust marks/01.23-09.18/RCNX0091.JPG,RCNX0091.JPG,HLC20-H3_2023_202301230918_RCNX0091.jpg,0.8819069266319275,844.30615234375,260.588134765625,522.479736328125,744.2521362304688,2048,1440,522,744
HLC20-H3,2023,202301230918,PP,1,/Volumes/Seagate Portable Drive/KYLE_AI_DATABASE/A_CAMERA/Focal_species/Gulo gulo/HLC20-H3/PP/2023/COLOR/Robust marks/01.23-09.18/RCNX0092.JPG,RCNX0092.JPG,HLC20-H3_2023_202301230918_RCNX0092.jpg,0.9516226649284363,920.4678344726562,266.4624328613281,465.94537353515625,732.1783447265625,2048,1440,465,732
HLC20-H3,2023,202301230918,PP,1,/Volumes/Seagate Portable Drive/KYLE_AI_DATABASE/A_CAMERA/Focal_species/Gulo gulo/HLC20-H3/PP/2023/COLOR/Robust marks/01.23-09.18/RCNX0093.JPG,RCNX0093.JPG,HLC20-H3_2023_202301230918_RCNX0093.jpg,0.9591437578201294,946.7911376953125,34.993343353271484,444.34130859375,974.0652465820312,2048,1440,444,974
HLC20-H3,2023,202301230918,PP,1,/Volumes/Seagate Portable Drive/KYLE_AI_DATABASE/A_CAMERA/Focal_species/Gulo gulo/HLC20-H3/PP/2023/COLOR/Robust marks/01.23-09.18/RCNX0096.JPG,RCNX0096.JPG,HLC20-H3_2023_202301230918_RCNX0096.jpg,0.8256939649581909,898.3070068359375,37.003326416015625,511.5458984375,963.8958740234375,2048,1440,511,963
HLC20-H3,2023,202301230918,PP,1,/Volumes/Seagate Portable Drive/KYLE_AI_DATABASE/A_CAMERA/Focal_species/Gulo gulo/HLC20-H3/PP/2023/COLOR/Robust marks/01.23-09.18/RCNX0098.JPG,RCNX0098.JPG,HLC20-H3_2023_202301230918_RCNX0098.jpg,0.9087294936180115,857.468505859375,44.58917236328125,538.255859375,939.6846923828125,2048,1440,538,939
HLC20-H3,2023,202301230918,PP,1,/Volumes/Seagate Portable Drive/KYLE_AI_DATABASE/A_CAMERA/Focal_species/Gulo gulo/HLC20-H3/PP/2023/COLOR/Robust marks/01.23-09.18/RCNX0099.JPG,RCNX0099.JPG,HLC20-H3_2023_202301230918_RCNX0099.jpg,0.9231287240982056,842.994873046875,38.52471923828125,553.532470703125,947.6427612304688,2048,1440,553,947
HLC20-H3,2023,202301230918,PP,1,/Volumes/Seagate Portable Drive/KYLE_AI_DATABASE/A_CAMERA/Focal_species/Gulo gulo/HLC20-H3/PP/2023/COLOR/Robust marks/01.23-09.18/RCNX0100.JPG,RCNX0100.JPG,HLC20-H3_2023_202301230918_RCNX0100.jpg,0.9276963472366333,877.9228515625,46.67056655883789,520.01416015625,931.5359497070312,2048,1440,520,931
HLC20-H3,2023,202301230918,PP,1,/Volumes/Seagate Portable Drive/KYLE_AI_DATABASE/A_CAMERA/Focal_species/Gulo gulo/HLC20-H3/PP/2023/COLOR/Robust marks/01.23-09.18/RCNX0102.JPG,RCNX0102.JPG,HLC20-H3_2023_202301230918_RCNX0102.jpg,0.937604546546936,892.2538452148438,344.5186462402344,352.18035888671875,696.2132568359375,2048,1440,352,696
HLC20-H3,2023,202301230918,PP,1,/Volumes/Seagate Portable Drive/KYLE_AI_DATABASE/A_CAMERA/Focal_species/Gulo gulo/HLC20-H3/PP/2023/COLOR/Robust marks/01.23-09.18/RCNX0104.JPG,RCNX0104.JPG,HLC20-H3_2023_202301230918_RCNX0104.jpg,0.9543365836143494,1036.109130859375,313.2829284667969,383.619384765625,673.2674560546875,2048,1440,383,673
HLC20-H3,2023,202301230918,PP,1,/Volumes/Seagate Portable Drive/KYLE_AI_DATABASE/A_CAMERA/Focal_species/Gulo gulo/HLC20-H3/PP/2023/COLOR/Robust marks/01.23-09.18/RCNX0105.JPG,RCNX0105.JPG,HLC20-H3_2023_202301230918_RCNX0105.jpg,0.905475378036499,1034.03076171875,378.40875244140625,315.486328125,639.6506958007812,2048,1440,315,639
HLC20-H3,2023,202301230918,PP,1,/Volumes/Seagate Portable Drive/KYLE_AI_DATABASE/A_CAMERA/Focal_species/Gulo gulo/HLC20-H3/PP/2023/COLOR/Robust marks/01.23-09.18/RCNX0108.JPG,RCNX0108.JPG,HLC20-H3_2023_202301230918_RCNX0108.jpg,0.9525452852249146,1004.8355102539062,336.2428894042969,331.10906982421875,675.2943115234375,2048,1440,331,675
HLC20-H3,2023,202301230918,PP,1,/Volumes/Seagate Portable Drive/KYLE_AI_DATABASE/A_CAMERA/Focal_species/Gulo gulo/HLC20-H3/PP/2023/COLOR/Robust marks/01.23-09.18/RCNX0109.JPG,RCNX0109.JPG,HLC20-H3_2023_202301230918_RCNX0109.jpg,0.9193267226219177,975.0399169921875,347.0705871582031,364.3466796875,640.4149169921875,2048,1440,364,640
HLC20-H3,2023,202301230918,PP,1,/Volumes/Seagate Portable Drive/KYLE_AI_DATABASE/A_CAMERA/Focal_species/Gulo gulo/HLC20-H3/PP/2023/COLOR/Robust marks/01.23-09.18/RCNX0110.JPG,RCNX0110.JPG,HLC20-H3_2023_202301230918_RCNX0110.jpg,0.9547997713088989,850.5888061523438,55.265480041503906,490.48931884765625,938.0511474609375,2048,1440,490,938
HLC20-H3,2023,202301230918,PP,1,/Volumes/Seagate Portable Drive/KYLE_AI_DATABASE/A_CAMERA/Focal_species/Gulo gulo/HLC20-H3/PP/2023/COLOR/Robust marks/01.23-09.18/RCNX0111.JPG,RCNX0111.JPG,HLC20-H3_2023_202301230918_RCNX0111.jpg,0.8477557897567749,833.0360107421875,44.841041564941406,552.975830078125,940.0880737304688,2048,1440,552,940
HLC20-H3,2023,202301230918,PP,1,/Volumes/Seagate Portable Drive/KYLE_AI_DATABASE/A_CAMERA/Focal_species/Gulo gulo/HLC20-H3/PP/2023/COLOR/Robust marks/01.23-09.18/RCNX0114.JPG,RCNX0114.JPG,HLC20-H3_2023_202301230918_RCNX0114.jpg,0.9131953716278076,1029.6204833984375,304.386474609375,351.995361328125,674.8431396484375,2048,1440,351,674
HLC20-H3,2023,202301230918,PP,1,/Volumes/Seagate Portable Drive/KYLE_AI_DATABASE/A_CAMERA/Focal_species/Gulo gulo/HLC20-H3/PP/2023/COLOR/Robust marks/01.23-09.18/RCNX0117.JPG,RCNX0117.JPG,HLC20-H3_2023_202301230918_RCNX0117.jpg,0.9509633183479309,924.9884643554688,248.0400390625,447.41094970703125,762.9463500976562,2048,1440,447,762
HLC20-H3,2023,202301230918,PP,1,/Volumes/Seagate Portable Drive/KYLE_AI_DATABASE/A_CAMERA/Focal_species/Gulo gulo/HLC20-H3/PP/2023/COLOR/Robust marks/01.23-09.18/RCNX0119.JPG,RCNX0119.JPG,HLC20-H3_2023_202301230918_RCNX0119.jpg,0.893667459487915,932.0126953125,63.394805908203125,451.820068359375,960.2813720703125,2048,1440,451,960
HLC20-H3,2023,202301230918,PP,1,/Volumes/Seagate Portable Drive/KYLE_AI_DATABASE/A_CAMERA/Focal_species/Gulo gulo/HLC20-H3/PP/2023/COLOR/Robust marks/01.23-09.18/RCNX0120.JPG,RCNX0120.JPG,HLC20-H3_2023_202301230918_RCNX0120.jpg,0.921617329120636,837.825927734375,197.70309448242188,520.552490234375,812.3936767578125,2048,1440,520,812
HLC20-H3,2023,202301230918,PP,1,/Volumes/Seagate Portable Drive/KYLE_AI_DATABASE/A_CAMERA/Focal_species/Gulo gulo/HLC20-H3/PP/2023/COLOR/Robust marks/01.23-09.18/RCNX0122.JPG,RCNX0122.JPG,HLC20-H3_2023_202301230918_RCNX0122.jpg,0.9703019857406616,859.043212890625,54.33666229248047,504.509765625,924.779052734375,2048,1440,504,924
HLC20-H3,2023,202301230918,PP,1,/Volumes/Seagate Portable Drive/KYLE_AI_DATABASE/A_CAMERA/Focal_species/Gulo gulo/HLC20-H3/PP/2023/COLOR/Robust marks/01.23-09.18/RCNX0123.JPG,RCNX0123.JPG,HLC20-H3_2023_202301230918_RCNX0123.jpg,0.882989227771759,825.2181396484375,203.64425659179688,550.00390625,766.1890869140625,2048,1440,550,766
HLC20-H3,2023,202301230918,PP,1,/Volumes/Seagate Portable Drive/KYLE_AI_DATABASE/A_CAMERA/Focal_species/Gulo gulo/HLC20-H3/PP/2023/COLOR/Robust marks/01.23-09.18/RCNX0125.JPG,RCNX0125.JPG,HLC20-H3_2023_202301230918_RCNX0125.jpg,0.9606550335884094,827.1019287109375,48.46734619140625,558.89453125,939.2967529296875,2048,1440,558,939
HLC20-H3,2023,202301230918,PP,1,/Volumes/Seagate Portable Drive/KYLE_AI_DATABASE/A_CAMERA/Focal_species/Gulo gulo/HLC20-H3/PP/2023/COLOR/Robust marks/01.23-09.18/RCNX0127.JPG,RCNX0127.JPG,HLC20-H3_2023_202301230918_RCNX0127.jpg,0.9642664194107056,841.7186889648438,47.83588790893555,546.8596801757812,945.2802734375,2048,1440,546,945
HLC20-H3,2023,202301230918,PP,1,/Volumes/Seagate Portable Drive/KYLE_AI_DATABASE/A_CAMERA/Focal_species/Gulo gulo/HLC20-H3/PP/2023/COLOR/Robust marks/01.23-09.18/RCNX0129.JPG,RCNX0129.JPG,HLC20-H3_2023_202301230918_RCNX0129.jpg,0.8015850186347961,952.44677734375,255.09487915039062,405.892578125,718.565673828125,2048,1440,405,718
HLC20-H3,2023,202301230918,PP,1,/Volumes/Seagate Portable Drive/KYLE_AI_DATABASE/A_CAMERA/Focal_species/Gulo gulo/HLC20-H3/PP/2023/COLOR/Robust marks/01.23-09.18/RCNX0130.JPG,RCNX0130.JPG,HLC20-H3_2023_202301230918_RCNX0130.jpg,0.8946278691291809,973.39697265625,291.2988586425781,380.7958984375,641.9664306640625,2048,1440,380,641
HLC20-H3,2023,202301230918,PP,1,/Volumes/Seagate Portable Drive/KYLE_AI_DATABASE/A_CAMERA/Focal_species/Gulo gulo/HLC20-H3/PP/2023/COLOR/Robust marks/01.23-09.18/RCNX0131.JPG,RCNX0131.JPG,HLC20-H3_2023_202301230918_RCNX0131.jpg,0.9532082080841064,903.0355224609375,563.6038208007812,461.025390625,617.1984252929688,2048,1440,461,617
HLC20-H3,2023,202301230918,PP,1,/Volumes/Seagate Portable Drive/KYLE_AI_DATABASE/A_CAMERA/Focal_species/Gulo gulo/HLC20-H3/PP/2023/COLOR/Robust marks/01.23-09.18/RCNX0141.JPG,RCNX0141.JPG,HLC20-H3_2023_202301230918_RCNX0141.jpg,0.8963043093681335,945.3485717773438,531.9993286132812,372.66339111328125,753.0266723632812,2048,1440,372,753
HLC20-H3,2023,202301230918,PP,1,/Volumes/Seagate Portable Drive/KYLE_AI_DATABASE/A_CAMERA/Focal_species/Gulo gulo/HLC20-H3/PP/2023/COLOR/Robust marks/01.23-09.18/RCNX0142.JPG,RCNX0142.JPG,HLC20-H3_2023_202301230918_RCNX0142.jpg,0.8680911660194397,932.3841552734375,342.8148498535156,326.715576171875,648.189697265625,2048,1440,326,648
HLC20-H3,2023,202301230918,PP,1,/Volumes/Seagate Portable Drive/KYLE_AI_DATABASE/A_CAMERA/Focal_species/Gulo gulo/HLC20-H3/PP/2023/COLOR/Robust marks/01.23-09.18/RCNX0144.JPG,RCNX0144.JPG,HLC20-H3_2023_202301230918_RCNX0144.jpg,0.9466667175292969,905.2979736328125,257.6383056640625,335.151123046875,739.5162963867188,2048,1440,335,739
HLC20-H3,2023,202301230918,PP,1,/Volumes/Seagate Portable Drive/KYLE_AI_DATABASE/A_CAMERA/Focal_species/Gulo gulo/HLC20-H3/PP/2023/COLOR/Robust marks/01.23-09.18/RCNX0145.JPG,RCNX0145.JPG,HLC20-H3_2023_202301230918_RCNX0145.jpg,0.8701831102371216,889.4994506835938,354.7688903808594,331.15899658203125,571.433837890625,2048,1440,331,571
HLC20-H3,2023,202301230918,PP,1,/Volumes/Seagate Portable Drive/KYLE_AI_DATABASE/A_CAMERA/Focal_species/Gulo gulo/HLC20-H3/PP/2023/COLOR/Robust marks/01.23-09.18/RCNX0146.JPG,RCNX0146.JPG,HLC20-H3_2023_202301230918_RCNX0146.jpg,0.9265435934066772,891.6415405273438,216.08570861816406,396.91790771484375,741.123779296875,2048,1440,396,741
HLC20-H3,2023,202301230918,PP,1,/Volumes/Seagate Portable Drive/KYLE_AI_DATABASE/A_CAMERA/Focal_species/Gulo gulo/HLC20-H3/PP/2023/COLOR/Robust marks/01.23-09.18/RCNX0147.JPG,RCNX0147.JPG,HLC20-H3_2023_202301230918_RCNX0147.jpg,0.9556986689567566,870.0877685546875,35.03587341308594,351.259033203125,947.1466674804688,2048,1440,351,947
HLC20-H3,2023,202301230918,PP,1,/Volumes/Seagate Portable Drive/KYLE_AI_DATABASE/A_CAMERA/Focal_species/Gulo gulo/HLC20-H3/PP/2023/COLOR/Robust marks/01.23-09.18/RCNX0148.JPG,RCNX0148.JPG,HLC20-H3_2023_202301230918_RCNX0148.jpg,0.8093921542167664,852.0385131835938,152.3834228515625,378.78375244140625,809.7447509765625,2048,1440,378,809
HLC20-H3,2023,202301230918,PP,1,/Volumes/Seagate Portable Drive/KYLE_AI_DATABASE/A_CAMERA/Focal_species/Gulo gulo/HLC20-H3/PP/2023/COLOR/Robust marks/01.23-09.18/RCNX0149.JPG,RCNX0149.JPG,HLC20-H3_2023_202301230918_RCNX0149.jpg,0.8533031344413757,896.9641723632812,231.9960174560547,383.69940185546875,757.61376953125,2048,1440,383,757
HLC20-H3,2023,202301230918,PP,1,/Volumes/Seagate Portable Drive/KYLE_AI_DATABASE/A_CAMERA/Focal_species/Gulo gulo/HLC20-H3/PP/2023/COLOR/Robust marks/01.23-09.18/RCNX0150.JPG,RCNX0150.JPG,HLC20-H3_2023_202301230918_RCNX0150.jpg,0.8862419724464417,895.9852294921875,190.2298583984375,400.96533203125,794.4009399414062,2048,1440,400,794
HLC20-H3,2023,202301230918,PP,1,/Volumes/Seagate Portable Drive/KYLE_AI_DATABASE/A_CAMERA/Focal_species/Gulo gulo/HLC20-H3/PP/2023/COLOR/Robust marks/01.23-09.18/RCNX0152.JPG,RCNX0152.JPG,HLC20-H3_2023_202301230918_RCNX0152.jpg,0.9521894454956055,877.4844970703125,323.38555908203125,505.519287109375,619.0755615234375,2048,1440,505,619
HLC20-H3,2023,202301230918,PP,1,/Volumes/Seagate Portable Drive/KYLE_AI_DATABASE/A_CAMERA/Focal_species/Gulo gulo/HLC20-H3/PP/2023/COLOR/Robust marks/01.23-09.18/RCNX0154.JPG,RCNX0154.JPG,HLC20-H3_2023_202301230918_RCNX0154.jpg,0.9384819865226746,841.183349609375,345.8630065917969,498.059814453125,622.333740234375,2048,1440,498,622
HLC20-H3,2023,202301230918,PP,1,/Volumes/Seagate Portable Drive/KYLE_AI_DATABASE/A_CAMERA/Focal_species/Gulo gulo/HLC20-H3/PP/2023/COLOR/Robust marks/01.23-09.18/RCNX0155.JPG,RCNX0155.JPG,HLC20-H3_2023_202301230918_RCNX0155.jpg,0.9482311010360718,1040.6239013671875,226.89634704589844,324.994873046875,772.43017578125,2048,1440,324,772
HLC20-H3,2023,202301230918,PP,1,/Volumes/Seagate Portable Drive/KYLE_AI_DATABASE/A_CAMERA/Focal_species/Gulo gulo/HLC20-H3/PP/2023/COLOR/Robust marks/01.23-09.18/RCNX0156.JPG,RCNX0156.JPG,HLC20-H3_2023_202301230918_RCNX0156.jpg,0.8438286781311035,1012.5402221679688,262.76068115234375,355.00750732421875,733.603515625,2048,1440,355,733
HLC20-H3,2023,202301230918,PP,1,/Volumes/Seagate Portable Drive/KYLE_AI_DATABASE/A_CAMERA/Focal_species/Gulo gulo/HLC20-H3/PP/2023/COLOR/Robust marks/01.23-09.18/RCNX0157.JPG,RCNX0157.JPG,HLC20-H3_2023_202301230918_RCNX0157.jpg,0.946087121963501,892.126953125,261.3616638183594,470.577392578125,726.4375,2048,1440,470,726
HLC20-H3,2023,202301230918,PP,1,/Volumes/Seagate Portable Drive/KYLE_AI_DATABASE/A_CAMERA/Focal_species/Gulo gulo/HLC20-H3/PP/2023/COLOR/Robust marks/01.23-09.18/RCNX0158.JPG,RCNX0158.JPG,HLC20-H3_2023_202301230918_RCNX0158.jpg,0.9205371141433716,1028.1300048828125,294.4343566894531,320.899169921875,737.585693359375,2048,1440,320,737
HLC20-H3,2023,202301230918,PP,1,/Volumes/Seagate Portable Drive/KYLE_AI_DATABASE/A_CAMERA/Focal_species/Gulo gulo/HLC20-H3/PP/2023/COLOR/Robust marks/01.23-09.18/RCNX0159.JPG,RCNX0159.JPG,HLC20-H3_2023_202301230918_RCNX0159.jpg,0.9444676041603088,1033.021484375,278.315185546875,326.343994140625,717.5291137695312,2048,1440,326,717
HLC20-H3,2023,202301230918,PP,1,/Volumes/Seagate Portable Drive/KYLE_AI_DATABASE/A_CAMERA/Focal_species/Gulo gulo/HLC20-H3/PP/2023/COLOR/Robust marks/01.23-09.18/RCNX0160.JPG,RCNX0160.JPG,HLC20-H3_2023_202301230918_RCNX0160.jpg,0.929783284664154,1034.5390625,242.67044067382812,326.678955078125,734.755859375,2048,1440,326,734
HLC20-H3,2023,202301230918,PP,1,/Volumes/Seagate Portable Drive/KYLE_AI_DATABASE/A_CAMERA/Focal_species/Gulo gulo/HLC20-H3/PP/2023/COLOR/Robust marks/01.23-09.18/RCNX0161.JPG,RCNX0161.JPG,HLC20-H3_2023_202301230918_RCNX0161.jpg,0.8754121661186218,1057.696533203125,41.87177276611328,406.547607421875,924.8917846679688,2048,1440,406,924
HLC20-H3,2023,202301230918,PP,1,/Volumes/Seagate Portable Drive/KYLE_AI_DATABASE/A_CAMERA/Focal_species/Gulo gulo/HLC20-H3/PP/2023/COLOR/Robust marks/01.23-09.18/RCNX0163.JPG,RCNX0163.JPG,HLC20-H3_2023_202301230918_RCNX0163.jpg,0.909186065196991,994.4564208984375,356.9148254394531,365.642333984375,598.6337890625,2048,1440,365,598
HLC20-H3,2023,202301230918,PP,1,/Volumes/Seagate Portable Drive/KYLE_AI_DATABASE/A_CAMERA/Focal_species/Gulo gulo/HLC20-H3/PP/2023/COLOR/Robust marks/01.23-09.18/RCNX0164.JPG,RCNX0164.JPG,HLC20-H3_2023_202301230918_RCNX0164.jpg,0.9227157235145569,989.6251220703125,54.77461242675781,378.686767578125,879.8242797851562,2048,1440,378,879
HLC20-H3,2023,202301230918,PP,1,/Volumes/Seagate Portable Drive/KYLE_AI_DATABASE/A_CAMERA/Focal_species/Gulo gulo/HLC20-H3/PP/2023/COLOR/Robust marks/01.23-09.18/RCNX0165.JPG,RCNX0165.JPG,HLC20-H3_2023_202301230918_RCNX0165.jpg,0.9271346926689148,970.9411010742188,343.177734375,324.24163818359375,598.1581420898438,2048,1440,324,598
HLC20-H3,2023,202301230918,PP,1,/Volumes/Seagate Portable Drive/KYLE_AI_DATABASE/A_CAMERA/Focal_species/Gulo gulo/HLC20-H3/PP/2023/COLOR/Robust marks/01.23-09.18/RCNX0166.JPG,RCNX0166.JPG,HLC20-H3_2023_202301230918_RCNX0166.jpg,0.9591980576515198,793.0985717773438,977.1868286132812,446.32830810546875,338.66119384765625,2048,1440,446,338
HLC20-H3,2023,202301230918,PP,1,/Volumes/Seagate Portable Drive/KYLE_AI_DATABASE/A_CAMERA/Focal_species/Gulo gulo/HLC20-H3/PP/2023/COLOR/Robust marks/01.23-09.18/RCNX0167.JPG,RCNX0167.JPG,HLC20-H3_2023_202301230918_RCNX0167.jpg,0.944858968257904,727.83984375,1015.9949951171875,518.5631103515625,390.0343017578125,2048,1440,518,390
HLC20-H3,2023,202301230918,PP,1,/Volumes/Seagate Portable Drive/KYLE_AI_DATABASE/A_CAMERA/Focal_species/Gulo gulo/HLC20-H3/PP/2023/COLOR/Robust marks/01.23-09.18/RCNX0168.JPG,RCNX0168.JPG,HLC20-H3_2023_202301230918_RCNX0168.jpg,0.8686704635620117,724.38671875,1018.1171264648438,505.828369140625,388.10992431640625,2048,1440,505,388
HLC20-H3,2023,202301230918,PP,1,/Volumes/Seagate Portable Drive/KYLE_AI_DATABASE/A_CAMERA/Focal_species/Gulo gulo/HLC20-H3/PP/2023/COLOR/Robust marks/01.23-09.18/RCNX0169.JPG,RCNX0169.JPG,HLC20-H3_2023_202301230918_RCNX0169.jpg,0.8899271488189697,935.2083740234375,994.5961303710938,276.220703125,360.13568115234375,2048,1440,276,360
HLC20-H3,2023,202301230918,PP,1,/Volumes/Seagate Portable Drive/KYLE_AI_DATABASE/A_CAMERA/Focal_species/Gulo gulo/HLC20-H3/PP/2023/COLOR/Robust marks/01.23-09.18/RCNX0171.JPG,RCNX0171.JPG,HLC20-H3_2023_202301230918_RCNX0171.jpg,0.9216364622116089,933.609130859375,326.09954833984375,361.732666015625,687.7297973632812,2048,1440,361,687
HLC20-H3,2023,202301230918,PP,1,/Volumes/Seagate Portable Drive/KYLE_AI_DATABASE/A_CAMERA/Focal_species/Gulo gulo/HLC20-H3/PP/2023/COLOR/Robust marks/01.23-09.18/RCNX0172.JPG,RCNX0172.JPG,HLC20-H3_2023_202301230918_RCNX0172.jpg,0.9458961486816406,931.317138671875,245.52828979492188,379.841796875,747.56298828125,2048,1440,379,747
HLC20-H3,2023,202301230918,PP,1,/Volumes/Seagate Portable Drive/KYLE_AI_DATABASE/A_CAMERA/Focal_species/Gulo gulo/HLC20-H3/PP/2023/COLOR/Robust marks/01.23-09.18/RCNX0173.JPG,RCNX0173.JPG,HLC20-H3_2023_202301230918_RCNX0173.jpg,0.9698837399482727,826.9810180664062,51.15745162963867,482.95721435546875,924.8601684570312,2048,1440,482,924
HLC20-H3,2023,202301230918,PP,1,/Volumes/Seagate Portable Drive/KYLE_AI_DATABASE/A_CAMERA/Focal_species/Gulo gulo/HLC20-H3/PP/2023/COLOR/Robust marks/01.23-09.18/RCNX0174.JPG,RCNX0174.JPG,HLC20-H3_2023_202301230918_RCNX0174.jpg,0.9083099961280823,926.4385986328125,279.98052978515625,410.2998046875,714.2286987304688,2048,1440,410,714
HLC20-H3,2023,202301230918,PP,1,/Volumes/Seagate Portable Drive/KYLE_AI_DATABASE/A_CAMERA/Focal_species/Gulo gulo/HLC20-H3/PP/2023/COLOR/Robust marks/01.23-09.18/RCNX0175.JPG,RCNX0175.JPG,HLC20-H3_2023_202301230918_RCNX0175.jpg,0.9377189874649048,960.8085327148438,55.47911071777344,395.28131103515625,926.1807250976562,2048,1440,395,926
HLC20-H3,2023,202301230918,PP,1,/Volumes/Seagate Portable Drive/KYLE_AI_DATABASE/A_CAMERA/Focal_species/Gulo gulo/HLC20-H3/PP/2023/COLOR/Robust marks/01.23-09.18/RCNX0176.JPG,RCNX0176.JPG,HLC20-H3_2023_202301230918_RCNX0176.jpg,0.8837793469429016,923.958984375,243.28404235839844,419.98974609375,741.0827026367188,2048,1440,419,741
HLC20-H3,2023,202301230918,PP,1,/Volumes/Seagate Portable Drive/KYLE_AI_DATABASE/A_CAMERA/Focal_species/Gulo gulo/HLC20-H3/PP/2023/COLOR/Robust marks/01.23-09.18/RCNX0177.JPG,RCNX0177.JPG,HLC20-H3_2023_202301230918_RCNX0177.jpg,0.9159780740737915,865.6637573242188,226.64198303222656,461.31744384765625,765.47705078125,2048,1440,461,765
HLC20-H3,2023,202301230918,PP,1,/Volumes/Seagate Portable Drive/KYLE_AI_DATABASE/A_CAMERA/Focal_species/Gulo gulo/HLC20-H3/PP/2023/COLOR/Robust marks/01.23-09.18/RCNX0178.JPG,RCNX0178.JPG,HLC20-H3_2023_202301230918_RCNX0178.jpg,0.9312596321105957,990.26513671875,316.72119140625,349.33544921875,665.80029296875,2048,1440,349,665
HLC20-H3,2023,202301230918,PP,1,/Volumes/Seagate Portable Drive/KYLE_AI_DATABASE/A_CAMERA/Focal_species/Gulo gulo/HLC20-H3/PP/2023/COLOR/Robust marks/01.23-09.18/RCNX0180.JPG,RCNX0180.JPG,HLC20-H3_2023_202301230918_RCNX0180.jpg,0.9729525446891785,900.9398193359375,63.44501495361328,437.822021484375,921.5310668945312,2048,1440,437,921
HLC20-H3,2023,202301230918,PP,1,/Volumes/Seagate Portable Drive/KYLE_AI_DATABASE/A_CAMERA/Focal_species/Gulo gulo/HLC20-H3/PP/2023/COLOR/Robust marks/01.23-09.18/RCNX0182.JPG,RCNX0182.JPG,HLC20-H3_2023_202301230918_RCNX0182.jpg,0.9139053821563721,854.5341796875,254.70982360839844,510.213134765625,736.8388671875,2048,1440,510,736
HLC20-H3,2023,202301230918,PP,1,/Volumes/Seagate Portable Drive/KYLE_AI_DATABASE/A_CAMERA/Focal_species/Gulo gulo/HLC20-H3/PP/2023/COLOR/Robust marks/01.23-09.18/RCNX0183.JPG,RCNX0183.JPG,HLC20-H3_2023_202301230918_RCNX0183.jpg,0.967275083065033,838.14990234375,48.27899169921875,535.090087890625,952.4837646484375,2048,1440,535,952
HLC20-H3,2023,202301230918,PP,1,/Volumes/Seagate Portable Drive/KYLE_AI_DATABASE/A_CAMERA/Focal_species/Gulo gulo/HLC20-H3/PP/2023/COLOR/Robust marks/01.23-09.18/RCNX0184.JPG,RCNX0184.JPG,HLC20-H3_2023_202301230918_RCNX0184.jpg,0.9670789241790771,908.0784912109375,52.65773010253906,458.70166015625,951.106689453125,2048,1440,458,951
HLC20-H3,2023,202301230918,PP,1,/Volumes/Seagate Portable Drive/KYLE_AI_DATABASE/A_CAMERA/Focal_species/Gulo gulo/HLC20-H3/PP/2023/COLOR/Robust marks/01.23-09.18/RCNX0185.JPG,RCNX0185.JPG,HLC20-H3_2023_202301230918_RCNX0185.jpg,0.9703752994537354,896.3851928710938,50.83974838256836,478.64093017578125,925.8479614257812,2048,1440,478,925
HLC20-H3,2023,202301230918,PP,1,/Volumes/Seagate Portable Drive/KYLE_AI_DATABASE/A_CAMERA/Focal_species/Gulo gulo/HLC20-H3/PP/2023/COLOR/Robust marks/01.23-09.18/RCNX0186.JPG,RCNX0186.JPG,HLC20-H3_2023_202301230918_RCNX0186.jpg,0.9680731892585754,872.143798828125,51.79839324951172,500.603271484375,936.9901123046875,2048,1440,500,936
HLC20-H3,2023,202301230918,PP,1,/Volumes/Seagate Portable Drive/KYLE_AI_DATABASE/A_CAMERA/Focal_species/Gulo gulo/HLC20-H3/PP/2023/COLOR/Robust marks/01.23-09.18/RCNX0187.JPG,RCNX0187.JPG,HLC20-H3_2023_202301230918_RCNX0187.jpg,0.871990442276001,891.7198486328125,239.81887817382812,482.457763671875,747.5765380859375,2048,1440,482,747
HLC20-H3,2023,202301230918,PP,1,/Volumes/Seagate Portable Drive/KYLE_AI_DATABASE/A_CAMERA/Focal_species/Gulo gulo/HLC20-H3/PP/2023/COLOR/Robust marks/01.23-09.18/RCNX0188.JPG,RCNX0188.JPG,HLC20-H3_2023_202301230918_RCNX0188.jpg,0.913611114025116,881.7396850585938,50.450035095214844,491.61248779296875,935.779296875,2048,1440,491,935
HLC20-H3,2023,202301230918,PP,1,/Volumes/Seagate Portable Drive/KYLE_AI_DATABASE/A_CAMERA/Focal_species/Gulo gulo/HLC20-H3/PP/2023/COLOR/Robust marks/01.23-09.18/RCNX0189.JPG,RCNX0189.JPG,HLC20-H3_2023_202301230918_RCNX0189.jpg,0.9095120429992676,900.9761352539062,250.12525939941406,475.23553466796875,732.805419921875,2048,1440,475,732
HLC20-H3,2023,202301230918,PP,1,/Volumes/Seagate Portable Drive/KYLE_AI_DATABASE/A_CAMERA/Focal_species/Gulo gulo/HLC20-H3/PP/2023/COLOR/Robust marks/01.23-09.18/RCNX0191.JPG,RCNX0191.JPG,HLC20-H3_2023_202301230918_RCNX0191.jpg,0.9505872130393982,1057.20263671875,291.0661315917969,330.829345703125,667.5269775390625,2048,1440,330,667
HLC20-H3,2023,202301230918,PP,1,/Volumes/Seagate Portable Drive/KYLE_AI_DATABASE/A_CAMERA/Focal_species/Gulo gulo/HLC20-H3/PP/2023/COLOR/Robust marks/01.23-09.18/RCNX0192.JPG,RCNX0192.JPG,HLC20-H3_2023_202301230918_RCNX0192.jpg,0.9549970626831055,1016.283447265625,334.6566162109375,340.839111328125,609.0690307617188,2048,1440,340,609
HLC20-H3,2023,202301230918,PP,1,/Volumes/Seagate Portable Drive/KYLE_AI_DATABASE/A_CAMERA/Focal_species/Gulo gulo/HLC20-H3/PP/2023/COLOR/Robust marks/01.23-09.18/RCNX0193.JPG,RCNX0193.JPG,HLC20-H3_2023_202301230918_RCNX0193.jpg,0.9467377662658691,1038.45263671875,267.34228515625,325.442626953125,704.75341796875,2048,1440,325,704
HLC20-H3,2023,202301230918,PP,1,/Volumes/Seagate Portable Drive/KYLE_AI_DATABASE/A_CAMERA/Focal_species/Gulo gulo/HLC20-H3/PP/2023/COLOR/Robust marks/01.23-09.18/RCNX0194.JPG,RCNX0194.JPG,HLC20-H3_2023_202301230918_RCNX0194.jpg,0.9305346608161926,1044.013671875,313.6989440917969,332.298828125,663.9068603515625,2048,1440,332,663
HLC20-H3,2023,202301230918,PP,1,/Volumes/Seagate Portable Drive/KYLE_AI_DATABASE/A_CAMERA/Focal_species/Gulo gulo/HLC20-H3/PP/2023/COLOR/Robust marks/01.23-09.18/RCNX0196.JPG,RCNX0196.JPG,HLC20-H3_2023_202301230918_RCNX0196.jpg,0.8866685628890991,927.9494018554688,487.4504089355469,339.49163818359375,683.147705078125,2048,1440,339,683
HLC20-H3,2023,202301230918,PP,1,/Volumes/Seagate Portable Drive/KYLE_AI_DATABASE/A_CAMERA/Focal_species/Gulo gulo/HLC20-H3/PP/2023/COLOR/Robust marks/01.23-09.18/RCNX0199.JPG,RCNX0199.JPG,HLC20-H3_2023_202301230918_RCNX0199.jpg,0.8632338643074036,899.8485107421875,332.33074951171875,418.29296875,666.4736938476562,2048,1440,418,666
HLC20-H3,2023,202301230918,PP,1,/Volumes/Seagate Portable Drive/KYLE_AI_DATABASE/A_CAMERA/Focal_species/Gulo gulo/HLC20-H3/PP/2023/COLOR/Robust marks/01.23-09.18/RCNX0200.JPG,RCNX0200.JPG,HLC20-H3_2023_202301230918_RCNX0200.jpg,0.8857943415641785,941.9036865234375,282.46258544921875,399.63427734375,676.7108764648438,2048,1440,399,676
HLC20-H3,2023,202301230918,PP,1,/Volumes/Seagate Portable Drive/KYLE_AI_DATABASE/A_CAMERA/Focal_species/Gulo gulo/HLC20-H3/PP/2023/COLOR/Robust marks/01.23-09.18/RCNX0201.JPG,RCNX0201.JPG,HLC20-H3_2023_202301230918_RCNX0201.jpg,0.8493959307670593,919.9797973632812,53.276397705078125,451.94818115234375,925.0992431640625,2048,1440,451,925
HLC20-H3,2023,202301230918,PP,1,/Volumes/Seagate Portable Drive/KYLE_AI_DATABASE/A_CAMERA/Focal_species/Gulo gulo/HLC20-H3/PP/2023/COLOR/Robust marks/01.23-09.18/RCNX0202.JPG,RCNX0202.JPG,HLC20-H3_2023_202301230918_RCNX0202.jpg,0.9357038140296936,908.8460083007812,171.73300170898438,470.46441650390625,804.9766845703125,2048,1440,470,804
HLC20-H3,2023,202301230918,PP,1,/Volumes/Seagate Portable Drive/KYLE_AI_DATABASE/A_CAMERA/Focal_species/Gulo gulo/HLC20-H3/PP/2023/COLOR/Robust marks/01.23-09.18/RCNX0203.JPG,RCNX0203.JPG,HLC20-H3_2023_202301230918_RCNX0203.jpg,0.9703406095504761,824.9503173828125,62.14789962768555,557.848388671875,918.4047241210938,2048,1440,557,918
HLC20-H3,2023,202301230918,PP,1,/Volumes/Seagate Portable Drive/KYLE_AI_DATABASE/A_CAMERA/Focal_species/Gulo gulo/HLC20-H3/PP/2023/COLOR/Robust marks/01.23-09.18/RCNX0204.JPG,RCNX0204.JPG,HLC20-H3_2023_202301230918_RCNX0204.jpg,0.8015466928482056,874.471435546875,50.438316345214844,503.328857421875,934.0933227539062,2048,1440,503,934
HLC20-H3,2023,202301230918,PP,1,/Volumes/Seagate Portable Drive/KYLE_AI_DATABASE/A_CAMERA/Focal_species/Gulo gulo/HLC20-H3/PP/2023/COLOR/Robust marks/01.23-09.18/RCNX0205.JPG,RCNX0205.JPG,HLC20-H3_2023_202301230918_RCNX0205.jpg,0.897908627986908,919.0638427734375,198.9159698486328,478.082275390625,787.2605590820312,2048,1440,478,787
HLC20-H3,2023,202301230918,PP,1,/Volumes/Seagate Portable Drive/KYLE_AI_DATABASE/A_CAMERA/Focal_species/Gulo gulo/HLC20-H3/PP/2023/COLOR/Robust marks/01.23-09.18/RCNX0206.JPG,RCNX0206.JPG,HLC20-H3_2023_202301230918_RCNX0206.jpg,0.9678277373313904,876.5064086914062,61.85577392578125,498.89471435546875,926.6307983398438,2048,1440,498,926
HLC20-H3,2023,202301230918,PP,1,/Volumes/Seagate Portable Drive/KYLE_AI_DATABASE/A_CAMERA/Focal_species/Gulo gulo/HLC20-H3/PP/2023/COLOR/Robust marks/01.23-09.18/RCNX0207.JPG,RCNX0207.JPG,HLC20-H3_2023_202301230918_RCNX0207.jpg,0.9666374921798706,881.1181640625,60.895713806152344,494.631103515625,924.8424682617188,2048,1440,494,924
HLC20-H3,2023,202301230918,PP,1,/Volumes/Seagate Portable Drive/KYLE_AI_DATABASE/A_CAMERA/Focal_species/Gulo gulo/HLC20-H3/PP/2023/COLOR/Robust marks/01.23-09.18/RCNX0208.JPG,RCNX0208.JPG,HLC20-H3_2023_202301230918_RCNX0208.jpg,0.956733763217926,880.7849731445312,58.12334060668945,496.45281982421875,922.0086059570312,2048,1440,496,922
HLC20-H3,2023,202301230918,PP,1,/Volumes/Seagate Portable Drive/KYLE_AI_DATABASE/A_CAMERA/Focal_species/Gulo gulo/HLC20-H3/PP/2023/COLOR/Robust marks/01.23-09.18/RCNX0209.JPG,RCNX0209.JPG,HLC20-H3_2023_202301230918_RCNX0209.jpg,0.9539687633514404,891.3666381835938,63.9940299987793,492.33428955078125,913.229248046875,2048,1440,492,913
HLC20-H3,2023,202301230918,PP,1,/Volumes/Seagate Portable Drive/KYLE_AI_DATABASE/A_CAMERA/Focal_species/Gulo gulo/HLC20-H3/PP/2023/COLOR/Robust marks/01.23-09.18/RCNX0210.JPG,RCNX0210.JPG,HLC20-H3_2023_202301230918_RCNX0210.jpg,0.9538224339485168,922.082763671875,61.42631912231445,465.982177734375,903.2874145507812,2048,1440,465,903
HLC20-H3,2023,202301230918,PP,1,/Volumes/Seagate Portable Drive/KYLE_AI_DATABASE/A_CAMERA/Focal_species/Gulo gulo/HLC20-H3/PP/2023/COLOR/Robust marks/01.23-09.18/RCNX0212.JPG,RCNX0212.JPG,HLC20-H3_2023_202301230918_RCNX0212.jpg,0.9666708111763,908.8892822265625,62.961700439453125,473.294677734375,936.5341796875,2048,1440,473,936
HLC20-H3,2023,202301230918,PP,1,/Volumes/Seagate Portable Drive/KYLE_AI_DATABASE/A_CAMERA/Focal_species/Gulo gulo/HLC20-H3/PP/2023/COLOR/Robust marks/01.23-09.18/RCNX0213.JPG,RCNX0213.JPG,HLC20-H3_2023_202301230918_RCNX0213.jpg,0.9583937525749207,929.7941284179688,51.23980712890625,447.86016845703125,922.5768432617188,2048,1440,447,922
HLC20-H3,2023,202301230918,PP,1,/Volumes/Seagate Portable Drive/KYLE_AI_DATABASE/A_CAMERA/Focal_species/Gulo gulo/HLC20-H3/PP/2023/COLOR/Robust marks/01.23-09.18/RCNX0215.JPG,RCNX0215.JPG,HLC20-H3_2023_202301230918_RCNX0215.jpg,0.932949423789978,1033.2744140625,340.4386901855469,350.3271484375,640.92626953125,2048,1440,350,640
HLC20-H3,2023,202301230918,PP,1,/Volumes/Seagate Portable Drive/KYLE_AI_DATABASE/A_CAMERA/Focal_species/Gulo gulo/HLC20-H3/PP/2023/COLOR/Robust marks/01.23-09.18/RCNX0216.JPG,RCNX0216.JPG,HLC20-H3_2023_202301230918_RCNX0216.jpg,0.9069277048110962,959.54248046875,369.004150390625,427.420166015625,620.0609741210938,2048,1440,427,620
HLC20-H3,2023,202301230918,PP,1,/Volumes/Seagate Portable Drive/KYLE_AI_DATABASE/A_CAMERA/Focal_species/Gulo gulo/HLC20-H3/PP/2023/COLOR/Robust marks/01.23-09.18/RCNX0217.JPG,RCNX0217.JPG,HLC20-H3_2023_202301230918_RCNX0217.jpg,0.9043520092964172,999.51171875,348.2137451171875,366.43798828125,640.6371459960938,2048,1440,366,640
HLC20-H3,2023,202301230918,PP,1,/Volumes/Seagate Portable Drive/KYLE_AI_DATABASE/A_CAMERA/Focal_species/Gulo gulo/HLC20-H3/PP/2023/COLOR/Robust marks/01.23-09.18/RCNX0218.JPG,RCNX0218.JPG,HLC20-H3_2023_202301230918_RCNX0218.jpg,0.8563926815986633,969.2091064453125,310.3166809082031,400.81103515625,660.684326171875,2048,1440,400,660
HLC20-H3,2023,202301230918,PP,1,/Volumes/Seagate Portable Drive/KYLE_AI_DATABASE/A_CAMERA/Focal_species/Gulo gulo/HLC20-H3/PP/2023/COLOR/Robust marks/01.23-09.18/RCNX0219.JPG,RCNX0219.JPG,HLC20-H3_2023_202301230918_RCNX0219.jpg,0.8907840847969055,793.36865234375,309.85809326171875,576.223876953125,683.8544311523438,2048,1440,576,683
HLC20-H3,2023,202301230918,PP,1,/Volumes/Seagate Portable Drive/KYLE_AI_DATABASE/A_CAMERA/Focal_species/Gulo gulo/HLC20-H3/PP/2023/COLOR/Robust marks/01.23-09.18/RCNX0220.JPG,RCNX0220.JPG,HLC20-H3_2023_202301230918_RCNX0220.jpg,0.8867964744567871,816.513671875,204.3181915283203,550.508056640625,781.6608276367188,2048,1440,550,781
HLC20-H3,2023,202301230918,PP,1,/Volumes/Seagate Portable Drive/KYLE_AI_DATABASE/A_CAMERA/Focal_species/Gulo gulo/HLC20-H3/PP/2023/COLOR/Robust marks/01.23-09.18/RCNX0221.JPG,RCNX0221.JPG,HLC20-H3_2023_202301230918_RCNX0221.jpg,0.9238989353179932,806.0474853515625,45.735355377197266,523.59228515625,886.315185546875,2048,1440,523,886
HLC20-H3,2023,202301230918,PP,1,/Volumes/Seagate Portable Drive/KYLE_AI_DATABASE/A_CAMERA/Focal_species/Gulo gulo/HLC20-H3/PP/2023/COLOR/Robust marks/01.23-09.18/RCNX0222.JPG,RCNX0222.JPG,HLC20-H3_2023_202301230918_RCNX0222.jpg,0.9106701612472534,864.2118530273438,135.4895782470703,480.47747802734375,831.03076171875,2048,1440,480,831
HLC20-H3,2023,202301230918,PP,1,/Volumes/Seagate Portable Drive/KYLE_AI_DATABASE/A_CAMERA/Focal_species/Gulo gulo/HLC20-H3/PP/2023/COLOR/Robust marks/01.23-09.18/RCNX0223.JPG,RCNX0223.JPG,HLC20-H3_2023_202301230918_RCNX0223.jpg,0.914540708065033,907.4126586914062,220.5215301513672,441.45086669921875,758.5918579101562,2048,1440,441,758
HLC20-H3,2023,202301230918,PP,1,/Volumes/Seagate Portable Drive/KYLE_AI_DATABASE/A_CAMERA/Focal_species/Gulo gulo/HLC20-H3/PP/2023/COLOR/Robust marks/01.23-09.18/RCNX0224.JPG,RCNX0224.JPG,HLC20-H3_2023_202301230918_RCNX0224.jpg,0.9280441999435425,846.3126220703125,234.45236206054688,490.408447265625,716.0574951171875,2048,1440,490,716
HLC20-H3,2023,202301230918,PP,1,/Volumes/Seagate Portable Drive/KYLE_AI_DATABASE/A_CAMERA/Focal_species/Gulo gulo/HLC20-H3/PP/2023/COLOR/Robust marks/01.23-09.18/RCNX0225.JPG,RCNX0225.JPG,HLC20-H3_2023_202301230918_RCNX0225.jpg,0.8807186484336853,845.63525390625,229.6112060546875,491.360595703125,734.1529541015625,2048,1440,491,734
HLC20-H3,2023,202301230918,PP,1,/Volumes/Seagate Portable Drive/KYLE_AI_DATABASE/A_CAMERA/Focal_species/Gulo gulo/HLC20-H3/PP/2023/COLOR/Robust marks/01.23-09.18/RCNX0226.JPG,RCNX0226.JPG,HLC20-H3_2023_202301230918_RCNX0226.jpg,0.8811051249504089,900.9297485351562,231.3719024658203,459.90130615234375,758.1176147460938,2048,1440,459,758
HLC20-H3,2023,202301230918,PP,1,/Volumes/Seagate Portable Drive/KYLE_AI_DATABASE/A_CAMERA/Focal_species/Gulo gulo/HLC20-H3/PP/2023/COLOR/Robust marks/01.23-09.18/RCNX0227.JPG,RCNX0227.JPG,HLC20-H3_2023_202301230918_RCNX0227.jpg,0.8345610499382019,880.32861328125,289.242431640625,487.618408203125,700.4683227539062,2048,1440,487,700
HLC20-H3,2023,202301230918,PP,1,/Volumes/Seagate Portable Drive/KYLE_AI_DATABASE/A_CAMERA/Focal_species/Gulo gulo/HLC20-H3/PP/2023/COLOR/Robust marks/01.23-09.18/RCNX0229.JPG,RCNX0229.JPG,HLC20-H3_2023_202301230918_RCNX0229.jpg,0.8638164401054382,772.9312744140625,259.9499206542969,592.41357421875,709.950927734375,2048,1440,592,709
HLC20-H3,2023,202301230918,PP,1,/Volumes/Seagate Portable Drive/KYLE_AI_DATABASE/A_CAMERA/Focal_species/Gulo gulo/HLC20-H3/PP/2023/COLOR/Robust marks/01.23-09.18/RCNX0230.JPG,RCNX0230.JPG,HLC20-H3_2023_202301230918_RCNX0230.jpg,0.9005507826805115,1038.9766845703125,290.7899169921875,334.271240234375,696.8251342773438,2048,1440,334,696
HLC20-H3,2023,202301230918,PP,1,/Volumes/Seagate Portable Drive/KYLE_AI_DATABASE/A_CAMERA/Focal_species/Gulo gulo/HLC20-H3/PP/2023/COLOR/Robust marks/01.23-09.18/RCNX0231.JPG,RCNX0231.JPG,HLC20-H3_2023_202301230918_RCNX0231.jpg,0.8012838959693909,960.78369140625,345.98980712890625,397.869140625,646.3847045898438,2048,1440,397,646
HLC20-H3,2023,202301230918,PP,1,/Volumes/Seagate Portable Drive/KYLE_AI_DATABASE/A_CAMERA/Focal_species/Gulo gulo/HLC20-H3/PP/2023/COLOR/Robust marks/01.23-09.18/RCNX0233.JPG,RCNX0233.JPG,HLC20-H3_2023_202301230918_RCNX0233.jpg,0.9338982105255127,1022.1478881835938,358.83868408203125,343.87921142578125,651.7328491210938,2048,1440,343,651
HLC20-H3,2023,202301230918,PP,1,/Volumes/Seagate Portable Drive/KYLE_AI_DATABASE/A_CAMERA/Focal_species/Gulo gulo/HLC20-H3/PP/2023/COLOR/Robust marks/01.23-09.18/RCNX0234.JPG,RCNX0234.JPG,HLC20-H3_2023_202301230918_RCNX0234.jpg,0.9193795323371887,1031.9754638671875,321.9706115722656,339.095947265625,663.342529296875,2048,1440,339,663
HLC20-H3,2023,202301230918,PP,1,/Volumes/Seagate Portable Drive/KYLE_AI_DATABASE/A_CAMERA/Focal_species/Gulo gulo/HLC20-H3/PP/2023/COLOR/Robust marks/01.23-09.18/RCNX0235.JPG,RCNX0235.JPG,HLC20-H3_2023_202301230918_RCNX0235.jpg,0.8843808770179749,1027.80419921875,304.10504150390625,346.8994140625,670.5719604492188,2048,1440,346,670
HLC20-H3,2023,202301230918,PP,1,/Volumes/Seagate Portable Drive/KYLE_AI_DATABASE/A_CAMERA/Focal_species/Gulo gulo/HLC20-H3/PP/2023/COLOR/Robust marks/01.23-09.18/RCNX0237.JPG,RCNX0237.JPG,HLC20-H3_2023_202301230918_RCNX0237.jpg,0.898989737033844,1042.04052734375,315.51129150390625,340.357177734375,646.3757934570312,2048,1440,340,646
HLC20-H3,2023,202301230918,PP,1,/Volumes/Seagate Portable Drive/KYLE_AI_DATABASE/A_CAMERA/Focal_species/Gulo gulo/HLC20-H3/PP/2023/COLOR/Robust marks/01.23-09.18/RCNX0238.JPG,RCNX0238.JPG,HLC20-H3_2023_202301230918_RCNX0238.jpg,0.9046452641487122,1052.0714111328125,345.2901306152344,323.860595703125,632.2220458984375,2048,1440,323,632
HLC20-H3,2023,202301230918,PP,1,/Volumes/Seagate Portable Drive/KYLE_AI_DATABASE/A_CAMERA/Focal_species/Gulo gulo/HLC20-H3/PP/2023/COLOR/Robust marks/01.23-09.18/RCNX0239.JPG,RCNX0239.JPG,HLC20-H3_2023_202301230918_RCNX0239.jpg,0.9089080691337585,995.21826171875,338.3428039550781,370.894287109375,654.50439453125,2048,1440,370,654
HLC20-H3,2023,202301230918,PP,1,/Volumes/Seagate Portable Drive/KYLE_AI_DATABASE/A_CAMERA/Focal_species/Gulo gulo/HLC20-H3/PP/2023/COLOR/Robust marks/01.23-09.18/RCNX0240.JPG,RCNX0240.JPG,HLC20-H3_2023_202301230918_RCNX0240.jpg,0.937441885471344,860.20361328125,48.263153076171875,510.412841796875,934.595703125,2048,1440,510,934
HLC20-H3,2023,202301230918,PP,1,/Volumes/Seagate Portable Drive/KYLE_AI_DATABASE/A_CAMERA/Focal_species/Gulo gulo/HLC20-H3/PP/2023/COLOR/Robust marks/01.23-09.18/RCNX0241.JPG,RCNX0241.JPG,HLC20-H3_2023_202301230918_RCNX0241.jpg,0.8746859431266785,981.5706176757812,411.3917236328125,349.33148193359375,679.6737060546875,2048,1440,349,679
HLC20-H3,2023,202301230918,PP,1,/Volumes/Seagate Portable Drive/KYLE_AI_DATABASE/A_CAMERA/Focal_species/Gulo gulo/HLC20-H3/PP/2023/COLOR/Robust marks/01.23-09.18/RCNX0244.JPG,RCNX0244.JPG,HLC20-H3_2023_202301230918_RCNX0244.jpg,0.8233301639556885,875.7000122070312,240.92755126953125,431.74591064453125,908.3424682617188,2048,1440,431,908
HLC20-H3,2023,202301230918,PP,1,/Volumes/Seagate Portable Drive/KYLE_AI_DATABASE/A_CAMERA/Focal_species/Gulo gulo/HLC20-H3/PP/2023/COLOR/Robust marks/01.23-09.18/RCNX0246.JPG,RCNX0246.JPG,HLC20-H3_2023_202301230918_RCNX0246.jpg,0.9302414059638977,874.7798461914062,497.3266906738281,401.86773681640625,652.9954833984375,2048,1440,401,652
HLC20-H3,2023,202301230918,PP,1,/Volumes/Seagate Portable Drive/KYLE_AI_DATABASE/A_CAMERA/Focal_species/Gulo gulo/HLC20-H3/PP/2023/COLOR/Robust marks/01.23-09.18/RCNX0247.JPG,RCNX0247.JPG,HLC20-H3_2023_202301230918_RCNX0247.jpg,0.9167232513427734,862.5159301757812,519.4794311523438,398.07244873046875,627.8535766601562,2048,1440,398,627
HLC20-H3,2023,202301230918,PP,1,/Volumes/Seagate Portable Drive/KYLE_AI_DATABASE/A_CAMERA/Focal_species/Gulo gulo/HLC20-H3/PP/2023/COLOR/Robust marks/01.23-09.18/RCNX0248.JPG,RCNX0248.JPG,HLC20-H3_2023_202301230918_RCNX0248.jpg,0.9327911138534546,864.9708251953125,525.8563842773438,344.8837890625,623.4801635742188,2048,1440,344,623
HLC20-H3,2023,202301230918,PP,1,/Volumes/Seagate Portable Drive/KYLE_AI_DATABASE/A_CAMERA/Focal_species/Gulo gulo/HLC20-H3/PP/2023/COLOR/Robust marks/01.23-09.18/RCNX0249.JPG,RCNX0249.JPG,HLC20-H3_2023_202301230918_RCNX0249.jpg,0.9233868718147278,867.418701171875,529.0885009765625,386.911376953125,619.9327392578125,2048,1440,386,619
HLC20-H3,2023,202301230918,PP,1,/Volumes/Seagate Portable Drive/KYLE_AI_DATABASE/A_CAMERA/Focal_species/Gulo gulo/HLC20-H3/PP/2023/COLOR/Robust marks/01.23-09.18/RCNX0250.JPG,RCNX0250.JPG,HLC20-H3_2023_202301230918_RCNX0250.jpg,0.9287524223327637,867.2200927734375,531.70166015625,377.056640625,618.368896484375,2048,1440,377,618
HLC20-H3,2023,202301230918,PP,1,/Volumes/Seagate Portable Drive/KYLE_AI_DATABASE/A_CAMERA/Focal_species/Gulo gulo/HLC20-H3/PP/2023/COLOR/Robust marks/01.23-09.18/RCNX0251.JPG,RCNX0251.JPG,HLC20-H3_2023_202301230918_RCNX0251.jpg,0.9190449118614197,945.1836547851562,36.83479690551758,347.28643798828125,497.4416198730469,2048,1440,347,497
HLC20-H3,2023,202301230918,PP,1,/Volumes/Seagate Portable Drive/KYLE_AI_DATABASE/A_CAMERA/Focal_species/Gulo gulo/HLC20-H3/PP/2023/COLOR/Robust marks/01.23-09.18/RCNX0252.JPG,RCNX0252.JPG,HLC20-H3_2023_202301230918_RCNX0252.jpg,0.9493237137794495,791.204833984375,64.5101089477539,390.1448974609375,449.3081970214844,2048,1440,390,449
HLC20-H3,2023,202301230918,PP,1,/Volumes/Seagate Portable Drive/KYLE_AI_DATABASE/A_CAMERA/Focal_species/Gulo gulo/HLC20-H3/PP/2023/COLOR/Robust marks/01.23-09.18/RCNX0253.JPG,RCNX0253.JPG,HLC20-H3_2023_202301230918_RCNX0253.jpg,0.9326104521751404,831.853271484375,57.233577728271484,354.725830078125,498.60400390625,2048,1440,354,498
HLC20-H3,2023,202301230918,PP,1,/Volumes/Seagate Portable Drive/KYLE_AI_DATABASE/A_CAMERA/Focal_species/Gulo gulo/HLC20-H3/PP/2023/COLOR/Robust marks/01.23-09.18/RCNX0255.JPG,RCNX0255.JPG,HLC20-H3_2023_202301230918_RCNX0255.jpg,0.8966262340545654,833.6746215820312,64.95421600341797,388.26654052734375,483.0361328125,2048,1440,388,483
HLC20-H3,2023,202301230918,PP,1,/Volumes/Seagate Portable Drive/KYLE_AI_DATABASE/A_CAMERA/Focal_species/Gulo gulo/HLC20-H3/PP/2023/COLOR/Robust marks/01.23-09.18/RCNX0256.JPG,RCNX0256.JPG,HLC20-H3_2023_202301230918_RCNX0256.jpg,0.947647750377655,797.1146240234375,66.87137603759766,376.670654296875,460.3433532714844,2048,1440,376,460
HLC20-H3,2023,202301230918,PP,1,/Volumes/Seagate Portable Drive/KYLE_AI_DATABASE/A_CAMERA/Focal_species/Gulo gulo/HLC20-H3/PP/2023/COLOR/Robust marks/01.23-09.18/RCNX0257.JPG,RCNX0257.JPG,HLC20-H3_2023_202301230918_RCNX0257.jpg,0.8782637715339661,938.2637939453125,35.33799743652344,397.758056640625,467.68597412109375,2048,1440,397,467
HLC20-H3,2023,202301230918,PP,1,/Volumes/Seagate Portable Drive/KYLE_AI_DATABASE/A_CAMERA/Focal_species/Gulo gulo/HLC20-H3/PP/2023/COLOR/Robust marks/01.23-09.18/RCNX0258.JPG,RCNX0258.JPG,HLC20-H3_2023_202301230918_RCNX0258.jpg,0.9354084134101868,814.0598754882812,42.5203742980957,384.52813720703125,496.430419921875,2048,1440,384,496
HLC20-H3,2023,202301230918,PP,1,/Volumes/Seagate Portable Drive/KYLE_AI_DATABASE/A_CAMERA/Focal_species/Gulo gulo/HLC20-H3/PP/2023/COLOR/Robust marks/01.23-09.18/RCNX0259.JPG,RCNX0259.JPG,HLC20-H3_2023_202301230918_RCNX0259.jpg,0.9070417881011963,776.2045288085938,39.594425201416016,384.44122314453125,444.9188232421875,2048,1440,384,444
HLC20-H3,2023,202301230918,PP,1,/Volumes/Seagate Portable Drive/KYLE_AI_DATABASE/A_CAMERA/Focal_species/Gulo gulo/HLC20-H3/PP/2023/COLOR/Robust marks/01.23-09.18/RCNX0260.JPG,RCNX0260.JPG,HLC20-H3_2023_202301230918_RCNX0260.jpg,0.9351499080657959,929.04296875,34.96371078491211,378.190185546875,462.8914489746094,2048,1440,378,462
HLC20-H3,2023,202301230918,PP,1,/Volumes/Seagate Portable Drive/KYLE_AI_DATABASE/A_CAMERA/Focal_species/Gulo gulo/HLC20-H3/PP/2023/COLOR/Robust marks/01.23-09.18/RCNX0261.JPG,RCNX0261.JPG,HLC20-H3_2023_202301230918_RCNX0261.jpg,0.944212019443512,920.7153930664062,62.079105377197266,422.42181396484375,974.299072265625,2048,1440,422,974
HLC20-H3,2023,202301230918,PP,1,/Volumes/Seagate Portable Drive/KYLE_AI_DATABASE/A_CAMERA/Focal_species/Gulo gulo/HLC20-H3/PP/2023/COLOR/Robust marks/01.23-09.18/RCNX0262.JPG,RCNX0262.JPG,HLC20-H3_2023_202301230918_RCNX0262.jpg,0.964670717716217,825.5596923828125,56.62422180175781,512.065673828125,939.6065063476562,2048,1440,512,939
HLC20-H3,2023,202301230918,PP,1,/Volumes/Seagate Portable Drive/KYLE_AI_DATABASE/A_CAMERA/Focal_species/Gulo gulo/HLC20-H3/PP/2023/COLOR/Robust marks/01.23-09.18/RCNX0263.JPG,RCNX0263.JPG,HLC20-H3_2023_202301230918_RCNX0263.jpg,0.9643149971961975,845.78173828125,39.24522399902344,499.042724609375,942.155029296875,2048,1440,499,942
HLC20-H3,2023,202301230918,PP,1,/Volumes/Seagate Portable Drive/KYLE_AI_DATABASE/A_CAMERA/Focal_species/Gulo gulo/HLC20-H3/PP/2023/COLOR/Robust marks/01.23-09.18/RCNX0264.JPG,RCNX0264.JPG,HLC20-H3_2023_202301230918_RCNX0264.jpg,0.9610291123390198,861.9431762695312,71.92045593261719,481.89801025390625,911.223388671875,2048,1440,481,911
HLC20-H3,2023,202301230918,PP,1,/Volumes/Seagate Portable Drive/KYLE_AI_DATABASE/A_CAMERA/Focal_species/Gulo gulo/HLC20-H3/PP/2023/COLOR/Robust marks/01.23-09.18/RCNX0265.JPG,RCNX0265.JPG,HLC20-H3_2023_202301230918_RCNX0265.jpg,0.9627086520195007,839.8245849609375,75.3940200805664,499.6962890625,914.0359497070312,2048,1440,499,914
HLC20-H3,2023,202301230918,PP,1,/Volumes/Seagate Portable Drive/KYLE_AI_DATABASE/A_CAMERA/Focal_species/Gulo gulo/HLC20-H3/PP/2023/COLOR/Robust marks/01.23-09.18/RCNX0266.JPG,RCNX0266.JPG,HLC20-H3_2023_202301230918_RCNX0266.jpg,0.9478916525840759,936.169921875,44.46510314941406,414.37451171875,936.7017211914062,2048,1440,414,936
HLC20-H3,2023,202301230918,PP,1,/Volumes/Seagate Portable Drive/KYLE_AI_DATABASE/A_CAMERA/Focal_species/Gulo gulo/HLC20-H3/PP/2023/COLOR/Robust marks/01.23-09.18/RCNX0267.JPG,RCNX0267.JPG,HLC20-H3_2023_202301230918_RCNX0267.jpg,0.815814197063446,1023.5599365234375,300.32000732421875,333.563232421875,695.8130493164062,2048,1440,333,695
HLC20-H3,2023,202301230918,PP,1,/Volumes/Seagate Portable Drive/KYLE_AI_DATABASE/A_CAMERA/Focal_species/Gulo gulo/HLC20-H3/PP/2023/COLOR/Robust marks/01.23-09.18/RCNX0268.JPG,RCNX0268.JPG,HLC20-H3_2023_202301230918_RCNX0268.jpg,0.9172005653381348,1035.12939453125,278.5431213378906,324.543701171875,702.895751953125,2048,1440,324,702
HLC20-H3,2023,202301230918,PP,1,/Volumes/Seagate Portable Drive/KYLE_AI_DATABASE/A_CAMERA/Focal_species/Gulo gulo/HLC20-H3/PP/2023/COLOR/Robust marks/01.23-09.18/RCNX0269.JPG,RCNX0269.JPG,HLC20-H3_2023_202301230918_RCNX0269.jpg,0.9363483190536499,1020.5211181640625,268.8226623535156,322.65087890625,715.6142578125,2048,1440,322,715
HLC20-H3,2023,202301230918,PP,1,/Volumes/Seagate Portable Drive/KYLE_AI_DATABASE/A_CAMERA/Focal_species/Gulo gulo/HLC20-H3/PP/2023/COLOR/Robust marks/01.23-09.18/RCNX0270.JPG,RCNX0270.JPG,HLC20-H3_2023_202301230918_RCNX0270.jpg,0.8219549655914307,1029.4730224609375,248.58193969726562,332.7265625,731.4713134765625,2048,1440,332,731
HLC20-H3,2023,202301230918,PP,1,/Volumes/Seagate Portable Drive/KYLE_AI_DATABASE/A_CAMERA/Focal_species/Gulo gulo/HLC20-H3/PP/2023/COLOR/Robust marks/01.23-09.18/RCNX0272.JPG,RCNX0272.JPG,HLC20-H3_2023_202301230918_RCNX0272.jpg,0.9218742847442627,728.228759765625,286.7248229980469,419.687744140625,690.9476318359375,2048,1440,419,690
HLC20-H3,2023,202301230918,PP,1,/Volumes/Seagate Portable Drive/KYLE_AI_DATABASE/A_CAMERA/Focal_species/Gulo gulo/HLC20-H3/PP/2023/COLOR/Robust marks/01.23-09.18/RCNX0273.JPG,RCNX0273.JPG,HLC20-H3_2023_202301230918_RCNX0273.jpg,0.8019726872444153,708.447021484375,385.72003173828125,377.515869140625,613.661865234375,2048,1440,377,613
HLC20-H3,2023,202301230918,PP,1,/Volumes/Seagate Portable Drive/KYLE_AI_DATABASE/A_CAMERA/Focal_species/Gulo gulo/HLC20-H3/PP/2023/COLOR/Robust marks/01.23-09.18/RCNX0274.JPG,RCNX0274.JPG,HLC20-H3_2023_202301230918_RCNX0274.jpg,0.9058932065963745,987.0630493164062,391.33648681640625,413.84600830078125,929.0599975585938,2048,1440,413,929
HLC20-H3,2023,202301230918,PP,1,/Volumes/Seagate Portable Drive/KYLE_AI_DATABASE/A_CAMERA/Focal_species/Gulo gulo/HLC20-H3/PP/2023/COLOR/Robust marks/01.23-09.18/RCNX0275.JPG,RCNX0275.JPG,HLC20-H3_2023_202301230918_RCNX0275.jpg,0.9463622570037842,1029.5462646484375,364.1484680175781,432.369140625,897.5338134765625,2048,1440,432,897
HLC20-H3,2023,202301230918,PP,1,/Volumes/Seagate Portable Drive/KYLE_AI_DATABASE/A_CAMERA/Focal_species/Gulo gulo/HLC20-H3/PP/2023/COLOR/Robust marks/01.23-09.18/RCNX0276.JPG,RCNX0276.JPG,HLC20-H3_2023_202301230918_RCNX0276.jpg,0.896515429019928,603.2658081054688,66.69770050048828,400.177490234375,374.9291076660156,2048,1440,400,374
HLC20-H3,2023,202301230918,PP,1,/Volumes/Seagate Portable Drive/KYLE_AI_DATABASE/A_CAMERA/Focal_species/Gulo gulo/HLC20-H3/PP/2023/COLOR/Robust marks/01.23-09.18/RCNX0277.JPG,RCNX0277.JPG,HLC20-H3_2023_202301230918_RCNX0277.jpg,0.834251880645752,820.7994384765625,388.02679443359375,397.048095703125,834.8367309570312,2048,1440,397,834
HLC20-H3,2023,202301230918,PP,1,/Volumes/Seagate Portable Drive/KYLE_AI_DATABASE/A_CAMERA/Focal_species/Gulo gulo/HLC20-H3/PP/2023/COLOR/Robust marks/01.23-09.18/RCNX0278.JPG,RCNX0278.JPG,HLC20-H3_2023_202301230918_RCNX0278.jpg,0.9345915913581848,858.0018310546875,357.036865234375,374.1083984375,774.764404296875,2048,1440,374,774
HLC20-H3,2023,202301230918,PP,1,/Volumes/Seagate Portable Drive/KYLE_AI_DATABASE/A_CAMERA/Focal_species/Gulo gulo/HLC20-H3/PP/2023/COLOR/Robust marks/01.23-09.18/RCNX0279.JPG,RCNX0279.JPG,HLC20-H3_2023_202301230918_RCNX0279.jpg,0.9041168689727783,778.2507934570312,322.0355529785156,326.04974365234375,784.6302490234375,2048,1440,326,784
HLC20-H3,2023,202301230918,PP,1,/Volumes/Seagate Portable Drive/KYLE_AI_DATABASE/A_CAMERA/Focal_species/Gulo gulo/HLC20-H3/PP/2023/COLOR/Robust marks/01.23-09.18/RCNX0280.JPG,RCNX0280.JPG,HLC20-H3_2023_202301230918_RCNX0280.jpg,0.9079657196998596,817.3238525390625,294.1930236816406,346.8553466796875,842.322265625,2048,1440,346,842
HLC20-H3,2023,202301230918,PP,1,/Volumes/Seagate Portable Drive/KYLE_AI_DATABASE/A_CAMERA/Focal_species/Gulo gulo/HLC20-H3/PP/2023/COLOR/Robust marks/01.23-09.18/RCNX0281.JPG,RCNX0281.JPG,HLC20-H3_2023_202301230918_RCNX0281.jpg,0.8922778964042664,868.5400390625,353.10150146484375,325.600830078125,787.5709838867188,2048,1440,325,787
HLC20-H3,2023,202301230918,PP,1,/Volumes/Seagate Portable Drive/KYLE_AI_DATABASE/A_CAMERA/Focal_species/Gulo gulo/HLC20-H3/PP/2023/COLOR/Robust marks/01.23-09.18/RCNX0282.JPG,RCNX0282.JPG,HLC20-H3_2023_202301230918_RCNX0282.jpg,0.9121877551078796,854.304931640625,272.8832702636719,302.3662109375,781.8592529296875,2048,1440,302,781
HLC20-H3,2023,202301230918,PP,1,/Volumes/Seagate Portable Drive/KYLE_AI_DATABASE/A_CAMERA/Focal_species/Gulo gulo/HLC20-H3/PP/2023/COLOR/Robust marks/01.23-09.18/RCNX0283.JPG,RCNX0283.JPG,HLC20-H3_2023_202301230918_RCNX0283.jpg,0.8616910576820374,824.00439453125,54.91889572143555,359.9083251953125,1090.15380859375,2048,1440,359,1090
HLC20-H3,2023,202301230918,PP,1,/Volumes/Seagate Portable Drive/KYLE_AI_DATABASE/A_CAMERA/Focal_species/Gulo gulo/HLC20-H3/PP/2023/COLOR/Robust marks/01.23-09.18/RCNX0284.JPG,RCNX0284.JPG,HLC20-H3_2023_202301230918_RCNX0284.jpg,0.9674619436264038,855.4502563476562,423.450927734375,392.26263427734375,798.4052734375,2048,1440,392,798
HLC20-H3,2023,202301230918,PP,1,/Volumes/Seagate Portable Drive/KYLE_AI_DATABASE/A_CAMERA/Focal_species/Gulo gulo/HLC20-H3/PP/2023/COLOR/Robust marks/01.23-09.18/RCNX0286.JPG,RCNX0286.JPG,HLC20-H3_2023_202301230918_RCNX0286.jpg,0.933472752571106,865.4271850585938,427.8877258300781,416.65533447265625,743.5870361328125,2048,1440,416,743
HLC20-H3,2023,202301230918,PP,1,/Volumes/Seagate Portable Drive/KYLE_AI_DATABASE/A_CAMERA/Focal_species/Gulo gulo/HLC20-H3/PP/2023/COLOR/Robust marks/01.23-09.18/RCNX0287.JPG,RCNX0287.JPG,HLC20-H3_2023_202301230918_RCNX0287.jpg,0.9358891248703003,862.8719482421875,417.2701416015625,408.779541015625,803.18994140625,2048,1440,408,803
HLC20-H3,2023,202301230918,PP,1,/Volumes/Seagate Portable Drive/KYLE_AI_DATABASE/A_CAMERA/Focal_species/Gulo gulo/HLC20-H3/PP/2023/COLOR/Robust marks/01.23-09.18/RCNX0288.JPG,RCNX0288.JPG,HLC20-H3_2023_202301230918_RCNX0288.jpg,0.9270869493484497,859.6856689453125,86.61831665039062,409.7099609375,1099.316650390625,2048,1440,409,1099
HLC20-H3,2023,202301230918,PP,1,/Volumes/Seagate Portable Drive/KYLE_AI_DATABASE/A_CAMERA/Focal_species/Gulo gulo/HLC20-H3/PP/2023/COLOR/Robust marks/01.23-09.18/RCNX0289.JPG,RCNX0289.JPG,HLC20-H3_2023_202301230918_RCNX0289.jpg,0.932142436504364,885.8580322265625,433.00372314453125,380.4736328125,711.1198120117188,2048,1440,380,711
HLC20-H3,2023,202301230918,PP,1,/Volumes/Seagate Portable Drive/KYLE_AI_DATABASE/A_CAMERA/Focal_species/Gulo gulo/HLC20-H3/PP/2023/COLOR/Robust marks/01.23-09.18/RCNX0290.JPG,RCNX0290.JPG,HLC20-H3_2023_202301230918_RCNX0290.jpg,0.9648048877716064,845.3594970703125,608.1793212890625,510.1484375,689.2125244140625,2048,1440,510,689
HLC20-H3,2023,202301230918,PP,1,/Volumes/Seagate Portable Drive/KYLE_AI_DATABASE/A_CAMERA/Focal_species/Gulo gulo/HLC20-H3/PP/2023/COLOR/Robust marks/01.23-09.18/RCNX0291.JPG,RCNX0291.JPG,HLC20-H3_2023_202301230918_RCNX0291.jpg,0.8664126992225647,966.544189453125,294.94317626953125,358.718994140625,850.2101440429688,2048,1440,358,850
HLC20-H3,2023,202301230918,PP,1,/Volumes/Seagate Portable Drive/KYLE_AI_DATABASE/A_CAMERA/Focal_species/Gulo gulo/HLC20-H3/PP/2023/COLOR/Robust marks/01.23-09.18/RCNX0292.JPG,RCNX0292.JPG,HLC20-H3_2023_202301230918_RCNX0292.jpg,0.9599979519844055,883.4715576171875,56.868324279785156,467.150390625,915.9613647460938,2048,1440,467,915
HLC20-H3,2023,202301230918,PP,1,/Volumes/Seagate Portable Drive/KYLE_AI_DATABASE/A_CAMERA/Focal_species/Gulo gulo/HLC20-H3/PP/2023/COLOR/Robust marks/01.23-09.18/RCNX0293.JPG,RCNX0293.JPG,HLC20-H3_2023_202301230918_RCNX0293.jpg,0.8716110587120056,721.2431640625,273.1787414550781,628.821044921875,609.6201171875,2048,1440,628,609
HLC20-H3,2023,202301230918,PP,1,/Volumes/Seagate Portable Drive/KYLE_AI_DATABASE/A_CAMERA/Focal_species/Gulo gulo/HLC20-H3/PP/2023/COLOR/Robust marks/01.23-09.18/RCNX0294.JPG,RCNX0294.JPG,HLC20-H3_2023_202301230918_RCNX0294.jpg,0.9678414463996887,896.2850952148438,53.75168228149414,414.21685791015625,930.9779663085938,2048,1440,414,930
HLC20-H3,2023,202301230918,PP,1,/Volumes/Seagate Portable Drive/KYLE_AI_DATABASE/A_CAMERA/Focal_species/Gulo gulo/HLC20-H3/PP/2023/COLOR/Robust marks/01.23-09.18/RCNX0295.JPG,RCNX0295.JPG,HLC20-H3_2023_202301230918_RCNX0295.jpg,0.9568943977355957,984.3204345703125,43.296348571777344,476.60009765625,921.6301879882812,2048,1440,476,921
HLC20-H3,2023,202301230918,PP,1,/Volumes/Seagate Portable Drive/KYLE_AI_DATABASE/A_CAMERA/Focal_species/Gulo gulo/HLC20-H3/PP/2023/COLOR/Robust marks/01.23-09.18/RCNX0296.JPG,RCNX0296.JPG,HLC20-H3_2023_202301230918_RCNX0296.jpg,0.9493879675865173,942.9756469726562,61.231483459472656,410.44598388671875,934.098388671875,2048,1440,410,934
HLC20-H3,2023,202301230918,PP,1,/Volumes/Seagate Portable Drive/KYLE_AI_DATABASE/A_CAMERA/Focal_species/Gulo gulo/HLC20-H3/PP/2023/COLOR/Robust marks/01.23-09.18/RCNX0297.JPG,RCNX0297.JPG,HLC20-H3_2023_202301230918_RCNX0297.jpg,0.8375463485717773,869.0572509765625,68.56322479248047,440.3994140625,871.68310546875,2048,1440,440,871
HLC20-H3,2023,202301230918,PP,1,/Volumes/Seagate Portable Drive/KYLE_AI_DATABASE/A_CAMERA/Focal_species/Gulo gulo/HLC20-H3/PP/2023/COLOR/Robust marks/01.23-09.18/RCNX0299.JPG,RCNX0299.JPG,HLC20-H3_2023_202301230918_RCNX0299.jpg,0.9504641890525818,768.906005859375,375.0483093261719,477.34033203125,789.149658203125,2048,1440,477,789
HLC20-H3,2023,202301230918,PP,1,/Volumes/Seagate Portable Drive/KYLE_AI_DATABASE/A_CAMERA/Focal_species/Gulo gulo/HLC20-H3/PP/2023/COLOR/Robust marks/01.23-09.18/RCNX0301.JPG,RCNX0301.JPG,HLC20-H3_2023_202301230918_RCNX0301.jpg,0.9617195129394531,775.6075439453125,613.841064453125,357.4111328125,792.86962890625,2048,1440,357,792
HLC20-H3,2023,202301230918,PP,1,/Volumes/Seagate Portable Drive/KYLE_AI_DATABASE/A_CAMERA/Focal_species/Gulo gulo/HLC20-H3/PP/2023/COLOR/Robust marks/01.23-09.18/RCNX0302.JPG,RCNX0302.JPG,HLC20-H3_2023_202301230918_RCNX0302.jpg,0.9565798044204712,767.7988891601562,662.4795532226562,361.51654052734375,743.5064086914062,2048,1440,361,743
HLC20-H3,2023,202301230918,PP,1,/Volumes/Seagate Portable Drive/KYLE_AI_DATABASE/A_CAMERA/Focal_species/Gulo gulo/HLC20-H3/PP/2023/COLOR/Robust marks/01.23-09.18/RCNX0303.JPG,RCNX0303.JPG,HLC20-H3_2023_202301230918_RCNX0303.jpg,0.9540719389915466,751.904296875,736.9003295898438,444.8345947265625,669.9655151367188,2048,1440,444,669
HLC20-H3,2023,202301230918,PP,1,/Volumes/Seagate Portable Drive/KYLE_AI_DATABASE/A_CAMERA/Focal_species/Gulo gulo/HLC20-H3/PP/2023/COLOR/Robust marks/01.23-09.18/RCNX0304.JPG,RCNX0304.JPG,HLC20-H3_2023_202301230918_RCNX0304.jpg,0.9205090403556824,841.4758911132812,64.19036865234375,382.91424560546875,452.11895751953125,2048,1440,382,452
HLC20-H3,2023,202301230918,PP,1,/Volumes/Seagate Portable Drive/KYLE_AI_DATABASE/A_CAMERA/Focal_species/Gulo gulo/HLC20-H3/PP/2023/COLOR/Robust marks/01.23-09.18/RCNX0308.JPG,RCNX0308.JPG,HLC20-H3_2023_202301230918_RCNX0308.jpg,0.9267918467521667,837.4177856445312,64.71674346923828,389.83917236328125,449.28216552734375,2048,1440,389,449
HLC20-H3,2023,202301230918,PP,1,/Volumes/Seagate Portable Drive/KYLE_AI_DATABASE/A_CAMERA/Focal_species/Gulo gulo/HLC20-H3/PP/2023/COLOR/Robust marks/01.23-09.18/RCNX0309.JPG,RCNX0309.JPG,HLC20-H3_2023_202301230918_RCNX0309.jpg,0.8355463743209839,856.6882934570312,45.115291595458984,383.48785400390625,466.7718811035156,2048,1440,383,466
HLC20-H3,2023,202301230918,PP,1,/Volumes/Seagate Portable Drive/KYLE_AI_DATABASE/A_CAMERA/Focal_species/Gulo gulo/HLC20-H3/PP/2023/COLOR/Robust marks/01.23-09.18/RCNX0311.JPG,RCNX0311.JPG,HLC20-H3_2023_202301230918_RCNX0311.jpg,0.9237052798271179,978.5123291015625,685.2318115234375,307.281982421875,718.554931640625,2048,1440,307,718
HLC20-H3,2023,202301230918,PP,1,/Volumes/Seagate Portable Drive/KYLE_AI_DATABASE/A_CAMERA/Focal_species/Gulo gulo/HLC20-H3/PP/2023/COLOR/Robust marks/01.23-09.18/RCNX0312.JPG,RCNX0312.JPG,HLC20-H3_2023_202301230918_RCNX0312.jpg,0.9448988437652588,864.5073852539062,76.64826202392578,434.41070556640625,844.8643188476562,2048,1440,434,844
HLC20-H3,2023,202301230918,PP,1,/Volumes/Seagate Portable Drive/KYLE_AI_DATABASE/A_CAMERA/Focal_species/Gulo gulo/HLC20-H3/PP/2023/COLOR/Robust marks/01.23-09.18/RCNX0313.JPG,RCNX0313.JPG,HLC20-H3_2023_202301230918_RCNX0313.jpg,0.9305993914604187,896.4033203125,231.8247833251953,417.96337890625,769.5615234375,2048,1440,417,769
HLC20-H3,2023,202301230918,PP,1,/Volumes/Seagate Portable Drive/KYLE_AI_DATABASE/A_CAMERA/Focal_species/Gulo gulo/HLC20-H3/PP/2023/COLOR/Robust marks/01.23-09.18/RCNX0315.JPG,RCNX0315.JPG,HLC20-H3_2023_202301230918_RCNX0315.jpg,0.9334706664085388,893.0238037109375,355.59283447265625,410.952880859375,619.072509765625,2048,1440,410,619
HLC20-H3,2023,202301230918,PP,1,/Volumes/Seagate Portable Drive/KYLE_AI_DATABASE/A_CAMERA/Focal_species/Gulo gulo/HLC20-H3/PP/2023/COLOR/Robust marks/01.23-09.18/RCNX0316.JPG,RCNX0316.JPG,HLC20-H3_2023_202301230918_RCNX0316.jpg,0.8263296484947205,879.553955078125,362.717041015625,411.032470703125,624.007080078125,2048,1440,411,624
HLC20-H3,2023,202301230918,PP,1,/Volumes/Seagate Portable Drive/KYLE_AI_DATABASE/A_CAMERA/Focal_species/Gulo gulo/HLC20-H3/PP/2023/COLOR/Robust marks/01.23-09.18/RCNX0319.JPG,RCNX0319.JPG,HLC20-H3_2023_202301230918_RCNX0319.jpg,0.8525489568710327,939.0048828125,350.20111083984375,379.964111328125,628.4011840820312,2048,1440,379,628
HLC20-H3,2023,202301230918,PP,1,/Volumes/Seagate Portable Drive/KYLE_AI_DATABASE/A_CAMERA/Focal_species/Gulo gulo/HLC20-H3/PP/2023/COLOR/Robust marks/01.23-09.18/RCNX0320.JPG,RCNX0320.JPG,HLC20-H3_2023_202301230918_RCNX0320.jpg,0.88702791929245,936.8536376953125,357.6003112792969,381.80810546875,627.5855712890625,2048,1440,381,627
HLC20-H3,2023,202301230918,PP,1,/Volumes/Seagate Portable Drive/KYLE_AI_DATABASE/A_CAMERA/Focal_species/Gulo gulo/HLC20-H3/PP/2023/COLOR/Robust marks/01.23-09.18/RCNX0321.JPG,RCNX0321.JPG,HLC20-H3_2023_202301230918_RCNX0321.jpg,0.8998616933822632,1065.2410888671875,338.86761474609375,322.866943359375,630.14599609375,2048,1440,322,630
HLC20-H3,2023,202301230918,PP,1,/Volumes/Seagate Portable Drive/KYLE_AI_DATABASE/A_CAMERA/Focal_species/Gulo gulo/HLC20-H3/PP/2023/COLOR/Robust marks/01.23-09.18/RCNX0322.JPG,RCNX0322.JPG,HLC20-H3_2023_202301230918_RCNX0322.jpg,0.8853328824043274,908.79931640625,364.0166320800781,481.07470703125,626.4815673828125,2048,1440,481,626
HLC20-H3,2023,202301230918,PP,1,/Volumes/Seagate Portable Drive/KYLE_AI_DATABASE/A_CAMERA/Focal_species/Gulo gulo/HLC20-H3/PP/2023/COLOR/Robust marks/01.23-09.18/RCNX0323.JPG,RCNX0323.JPG,HLC20-H3_2023_202301230918_RCNX0323.jpg,0.819312334060669,839.6358032226562,266.4198303222656,499.60357666015625,751.6240234375,2048,1440,499,751
HLC20-H3,2023,202301230918,PP,1,/Volumes/Seagate Portable Drive/KYLE_AI_DATABASE/A_CAMERA/Focal_species/Gulo gulo/HLC20-H3/PP/2023/COLOR/Robust marks/01.23-09.18/RCNX0324.JPG,RCNX0324.JPG,HLC20-H3_2023_202301230918_RCNX0324.jpg,0.8935484886169434,805.6583251953125,241.198486328125,565.3662109375,781.1632690429688,2048,1440,565,781
HLC20-H3,2023,202301230918,PP,1,/Volumes/Seagate Portable Drive/KYLE_AI_DATABASE/A_CAMERA/Focal_species/Gulo gulo/HLC20-H3/PP/2023/COLOR/Robust marks/01.23-09.18/RCNX0325.JPG,RCNX0325.JPG,HLC20-H3_2023_202301230918_RCNX0325.jpg,0.8650009632110596,998.4625244140625,261.9735412597656,375.58447265625,732.525146484375,2048,1440,375,732
HLC20-H3,2023,202301230918,PP,1,/Volumes/Seagate Portable Drive/KYLE_AI_DATABASE/A_CAMERA/Focal_species/Gulo gulo/HLC20-H3/PP/2023/COLOR/Robust marks/01.23-09.18/RCNX0326.JPG,RCNX0326.JPG,HLC20-H3_2023_202301230918_RCNX0326.jpg,0.9279465675354004,891.1329345703125,358.4586486816406,488.611328125,616.6815185546875,2048,1440,488,616
HLC20-H3,2023,202301230918,PP,1,/Volumes/Seagate Portable Drive/KYLE_AI_DATABASE/A_CAMERA/Focal_species/Gulo gulo/HLC20-H3/PP/2023/COLOR/Robust marks/01.23-09.18/RCNX0327.JPG,RCNX0327.JPG,HLC20-H3_2023_202301230918_RCNX0327.jpg,0.9180333018302917,942.7485961914062,356.9610595703125,430.24713134765625,635.0701293945312,2048,1440,430,635
HLC20-H3,2023,202301230918,PP,1,/Volumes/Seagate Portable Drive/KYLE_AI_DATABASE/A_CAMERA/Focal_species/Gulo gulo/HLC20-H3/PP/2023/COLOR/Robust marks/01.23-09.18/RCNX0328.JPG,RCNX0328.JPG,HLC20-H3_2023_202301230918_RCNX0328.jpg,0.9154036641120911,970.0533447265625,383.9870910644531,410.05517578125,604.818603515625,2048,1440,410,604
HLC20-H3,2023,202301230918,PP,1,/Volumes/Seagate Portable Drive/KYLE_AI_DATABASE/A_CAMERA/Focal_species/Gulo gulo/HLC20-H3/PP/2023/COLOR/Robust marks/01.23-09.18/RCNX0329.JPG,RCNX0329.JPG,HLC20-H3_2023_202301230918_RCNX0329.jpg,0.8820549249649048,974.4207763671875,402.7736511230469,392.558349609375,620.297607421875,2048,1440,392,620
HLC20-H3,2023,202301230918,PP,1,/Volumes/Seagate Portable Drive/KYLE_AI_DATABASE/A_CAMERA/Focal_species/Gulo gulo/HLC20-H3/PP/2023/COLOR/Robust marks/01.23-09.18/RCNX0330.JPG,RCNX0330.JPG,HLC20-H3_2023_202301230918_RCNX0330.jpg,0.9198011159896851,896.095703125,367.2188720703125,479.009033203125,647.040283203125,2048,1440,479,647
HLC20-H3,2023,202301230918,PP,1,/Volumes/Seagate Portable Drive/KYLE_AI_DATABASE/A_CAMERA/Focal_species/Gulo gulo/HLC20-H3/PP/2023/COLOR/Robust marks/01.23-09.18/RCNX0332.JPG,RCNX0332.JPG,HLC20-H3_2023_202301230918_RCNX0332.jpg,0.8972187042236328,1004.6192626953125,348.0030822753906,370.25537109375,519.9041748046875,2048,1440,370,519
HLC20-H3,2023,202301230918,PP,1,/Volumes/Seagate Portable Drive/KYLE_AI_DATABASE/A_CAMERA/Focal_species/Gulo gulo/HLC20-H3/PP/2023/COLOR/Robust marks/01.23-09.18/RCNX0333.JPG,RCNX0333.JPG,HLC20-H3_2023_202301230918_RCNX0333.jpg,0.8467623591423035,870.078125,344.8878173828125,504.998291015625,663.5685424804688,2048,1440,504,663
HLC20-H3,2023,202301230918,PP,1,/Volumes/Seagate Portable Drive/KYLE_AI_DATABASE/A_CAMERA/Focal_species/Gulo gulo/HLC20-H3/PP/2023/COLOR/Robust marks/01.23-09.18/RCNX0334.JPG,RCNX0334.JPG,HLC20-H3_2023_202301230918_RCNX0334.jpg,0.9655899405479431,933.8187255859375,78.680908203125,459.625732421875,939.0206909179688,2048,1440,459,939
HLC20-H3,2023,202301230918,PP,1,/Volumes/Seagate Portable Drive/KYLE_AI_DATABASE/A_CAMERA/Focal_species/Gulo gulo/HLC20-H3/PP/2023/COLOR/Robust marks/01.23-09.18/RCNX0335.JPG,RCNX0335.JPG,HLC20-H3_2023_202301230918_RCNX0335.jpg,0.9090054035186768,925.6376953125,289.1064758300781,449.251708984375,726.7132568359375,2048,1440,449,726
HLC20-H3,2023,202301230918,PP,1,/Volumes/Seagate Portable Drive/KYLE_AI_DATABASE/A_CAMERA/Focal_species/Gulo gulo/HLC20-H3/PP/2023/COLOR/Robust marks/01.23-09.18/RCNX0336.JPG,RCNX0336.JPG,HLC20-H3_2023_202301230918_RCNX0336.jpg,0.9503357410430908,854.256591796875,274.20745849609375,524.02880859375,742.8256225585938,2048,1440,524,742
HLC20-H3,2023,202301230918,PP,1,/Volumes/Seagate Portable Drive/KYLE_AI_DATABASE/A_CAMERA/Focal_species/Gulo gulo/HLC20-H3/PP/2023/COLOR/Robust marks/01.23-09.18/RCNX0337.JPG,RCNX0337.JPG,HLC20-H3_2023_202301230918_RCNX0337.jpg,0.8222962021827698,947.451416015625,351.9683532714844,447.263427734375,620.3385009765625,2048,1440,447,620
HLC20-H3,2023,202301230918,PP,1,/Volumes/Seagate Portable Drive/KYLE_AI_DATABASE/A_CAMERA/Focal_species/Gulo gulo/HLC20-H3/PP/2023/COLOR/Robust marks/01.23-09.18/RCNX0338.JPG,RCNX0338.JPG,HLC20-H3_2023_202301230918_RCNX0338.jpg,0.8795807361602783,741.2325439453125,48.99906539916992,644.734130859375,941.006591796875,2048,1440,644,941
HLC20-H3,2023,202301230918,PP,1,/Volumes/Seagate Portable Drive/KYLE_AI_DATABASE/A_CAMERA/Focal_species/Gulo gulo/HLC20-H3/PP/2023/COLOR/Robust marks/01.23-09.18/RCNX0339.JPG,RCNX0339.JPG,HLC20-H3_2023_202301230918_RCNX0339.jpg,0.8859841823577881,810.2105712890625,230.61941528320312,579.15625,779.5106201171875,2048,1440,579,779
HLC20-H3,2023,202301230918,PP,1,/Volumes/Seagate Portable Drive/KYLE_AI_DATABASE/A_CAMERA/Focal_species/Gulo gulo/HLC20-H3/PP/2023/COLOR/Robust marks/01.23-09.18/RCNX0340.JPG,RCNX0340.JPG,HLC20-H3_2023_202301230918_RCNX0340.jpg,0.8946546912193298,881.7638549804688,218.2315673828125,509.82269287109375,788.64404296875,2048,1440,509,788
HLC20-H3,2023,202301230918,PP,1,/Volumes/Seagate Portable Drive/KYLE_AI_DATABASE/A_CAMERA/Focal_species/Gulo gulo/HLC20-H3/PP/2023/COLOR/Robust marks/01.23-09.18/RCNX0341.JPG,RCNX0341.JPG,HLC20-H3_2023_202301230918_RCNX0341.jpg,0.9603143334388733,987.5059814453125,546.430419921875,384.93115234375,458.54443359375,2048,1440,384,458
HLC20-H3,2023,202301230918,PP,1,/Volumes/Seagate Portable Drive/KYLE_AI_DATABASE/A_CAMERA/Focal_species/Gulo gulo/HLC20-H3/PP/2023/COLOR/Robust marks/01.23-09.18/RCNX0342.JPG,RCNX0342.JPG,HLC20-H3_2023_202301230918_RCNX0342.jpg,0.9549291133880615,1077.811767578125,561.2603759765625,301.74462890625,514.7427978515625,2048,1440,301,514
HLC20-H3,2023,202301230918,PP,1,/Volumes/Seagate Portable Drive/KYLE_AI_DATABASE/A_CAMERA/Focal_species/Gulo gulo/HLC20-H3/PP/2023/COLOR/Robust marks/01.23-09.18/RCNX0343.JPG,RCNX0343.JPG,HLC20-H3_2023_202301230918_RCNX0343.jpg,0.9454060792922974,1088.1611328125,548.8009643554688,323.15869140625,460.97088623046875,2048,1440,323,460
HLC20-H3,2023,202301230918,PP,1,/Volumes/Seagate Portable Drive/KYLE_AI_DATABASE/A_CAMERA/Focal_species/Gulo gulo/HLC20-H3/PP/2023/COLOR/Robust marks/01.23-09.18/RCNX0344.JPG,RCNX0344.JPG,HLC20-H3_2023_202301230918_RCNX0344.jpg,0.9673453569412231,960.111572265625,516.69775390625,436.73681640625,481.956787109375,2048,1440,436,481
HLC20-H3,2023,202301230918,PP,1,/Volumes/Seagate Portable Drive/KYLE_AI_DATABASE/A_CAMERA/Focal_species/Gulo gulo/HLC20-H3/PP/2023/COLOR/Robust marks/01.23-09.18/RCNX0345.JPG,RCNX0345.JPG,HLC20-H3_2023_202301230918_RCNX0345.jpg,0.9588620066642761,984.62353515625,512.8602294921875,409.236328125,481.15057373046875,2048,1440,409,481
HLC20-H3,2023,202301230918,PP,1,/Volumes/Seagate Portable Drive/KYLE_AI_DATABASE/A_CAMERA/Focal_species/Gulo gulo/HLC20-H3/PP/2023/COLOR/Robust marks/01.23-09.18/RCNX0346.JPG,RCNX0346.JPG,HLC20-H3_2023_202301230918_RCNX0346.jpg,0.9635271430015564,976.8047485351562,528.0052490234375,421.89886474609375,494.27490234375,2048,1440,421,494
HLC20-H3,2023,202301230918,PP,1,/Volumes/Seagate Portable Drive/KYLE_AI_DATABASE/A_CAMERA/Focal_species/Gulo gulo/HLC20-H3/PP/2023/COLOR/Robust marks/01.23-09.18/RCNX0347.JPG,RCNX0347.JPG,HLC20-H3_2023_202301230918_RCNX0347.jpg,0.9566921591758728,1052.4676513671875,504.29974365234375,334.1748046875,499.15869140625,2048,1440,334,499
HLC20-H3,2023,202301230918,PP,1,/Volumes/Seagate Portable Drive/KYLE_AI_DATABASE/A_CAMERA/Focal_species/Gulo gulo/HLC20-H3/PP/2023/COLOR/Robust marks/01.23-09.18/RCNX0348.JPG,RCNX0348.JPG,HLC20-H3_2023_202301230918_RCNX0348.jpg,0.9488441944122314,1063.2413330078125,498.7848815917969,348.130615234375,505.0513000488281,2048,1440,348,505
HLC20-H3,2023,202301230918,PP,1,/Volumes/Seagate Portable Drive/KYLE_AI_DATABASE/A_CAMERA/Focal_species/Gulo gulo/HLC20-H3/PP/2023/COLOR/Robust marks/01.23-09.18/RCNX0349.JPG,RCNX0349.JPG,HLC20-H3_2023_202301230918_RCNX0349.jpg,0.9451800584793091,1044.676513671875,497.12786865234375,414.4912109375,551.0615844726562,2048,1440,414,551
HLC20-H3,2023,202301230918,PP,1,/Volumes/Seagate Portable Drive/KYLE_AI_DATABASE/A_CAMERA/Focal_species/Gulo gulo/HLC20-H3/PP/2023/COLOR/Robust marks/01.23-09.18/RCNX0350.JPG,RCNX0350.JPG,HLC20-H3_2023_202301230918_RCNX0350.jpg,0.9635462760925293,1044.043212890625,498.25262451171875,350.5859375,564.1696166992188,2048,1440,350,564
HLC20-H3,2023,202301230918,PP,1,/Volumes/Seagate Portable Drive/KYLE_AI_DATABASE/A_CAMERA/Focal_species/Gulo gulo/HLC20-H3/PP/2023/COLOR/Robust marks/01.23-09.18/RCNX0351.JPG,RCNX0351.JPG,HLC20-H3_2023_202301230918_RCNX0351.jpg,0.9338340759277344,1041.3153076171875,448.6856689453125,432.997314453125,660.7301025390625,2048,1440,432,660
HLC20-H3,2023,202301230918,PP,1,/Volumes/Seagate Portable Drive/KYLE_AI_DATABASE/A_CAMERA/Focal_species/Gulo gulo/HLC20-H3/PP/2023/COLOR/Robust marks/01.23-09.18/RCNX0352.JPG,RCNX0352.JPG,HLC20-H3_2023_202301230918_RCNX0352.jpg,0.934330403804779,1044.9482421875,458.6256103515625,425.300537109375,645.5291748046875,2048,1440,425,645
HLC20-H3,2023,202301230918,PP,1,/Volumes/Seagate Portable Drive/KYLE_AI_DATABASE/A_CAMERA/Focal_species/Gulo gulo/HLC20-H3/PP/2023/COLOR/Robust marks/01.23-09.18/RCNX0353.JPG,RCNX0353.JPG,HLC20-H3_2023_202301230918_RCNX0353.jpg,0.9318568706512451,1047.002685546875,463.1272888183594,421.815185546875,639.5745849609375,2048,1440,421,639
HLC20-H3,2023,202301230918,PP,1,/Volumes/Seagate Portable Drive/KYLE_AI_DATABASE/A_CAMERA/Focal_species/Gulo gulo/HLC20-H3/PP/2023/COLOR/Robust marks/01.23-09.18/RCNX0354.JPG,RCNX0354.JPG,HLC20-H3_2023_202301230918_RCNX0354.jpg,0.9207764863967896,1054.9591064453125,417.6385803222656,345.099609375,707.4263916015625,2048,1440,345,707
HLC20-H3,2023,202301230918,PP,1,/Volumes/Seagate Portable Drive/KYLE_AI_DATABASE/A_CAMERA/Focal_species/Gulo gulo/HLC20-H3/PP/2023/COLOR/Robust marks/01.23-09.18/RCNX0355.JPG,RCNX0355.JPG,HLC20-H3_2023_202301230918_RCNX0355.jpg,0.8609749674797058,943.2943115234375,274.5921630859375,390.35107421875,693.4586181640625,2048,1440,390,693
HLC20-H3,2023,202301230918,PP,1,/Volumes/Seagate Portable Drive/KYLE_AI_DATABASE/A_CAMERA/Focal_species/Gulo gulo/HLC20-H3/PP/2023/COLOR/Robust marks/01.23-09.18/RCNX0356.JPG,RCNX0356.JPG,HLC20-H3_2023_202301230918_RCNX0356.jpg,0.9007893204689026,987.0985107421875,332.9591064453125,387.910400390625,615.1787719726562,2048,1440,387,615
HLC20-H3,2023,202301230918,PP,1,/Volumes/Seagate Portable Drive/KYLE_AI_DATABASE/A_CAMERA/Focal_species/Gulo gulo/HLC20-H3/PP/2023/COLOR/Robust marks/01.23-09.18/RCNX0357.JPG,RCNX0357.JPG,HLC20-H3_2023_202301230918_RCNX0357.jpg,0.8872745633125305,958.891845703125,339.06524658203125,398.132080078125,643.55126953125,2048,1440,398,643
HLC20-H3,2023,202301230918,PP,1,/Volumes/Seagate Portable Drive/KYLE_AI_DATABASE/A_CAMERA/Focal_species/Gulo gulo/HLC20-H3/PP/2023/COLOR/Robust marks/01.23-09.18/RCNX0358.JPG,RCNX0358.JPG,HLC20-H3_2023_202301230918_RCNX0358.jpg,0.8552734851837158,805.3018798828125,184.22183227539062,554.973388671875,792.679931640625,2048,1440,554,792
HLC20-H3,2023,202301230918,PP,1,/Volumes/Seagate Portable Drive/KYLE_AI_DATABASE/A_CAMERA/Focal_species/Gulo gulo/HLC20-H3/PP/2023/COLOR/Robust marks/01.23-09.18/RCNX0361.JPG,RCNX0361.JPG,HLC20-H3_2023_202301230918_RCNX0361.jpg,0.897469699382782,806.10986328125,234.7331085205078,569.322509765625,747.0240478515625,2048,1440,569,747
HLC20-H3,2023,202301230918,PP,1,/Volumes/Seagate Portable Drive/KYLE_AI_DATABASE/A_CAMERA/Focal_species/Gulo gulo/HLC20-H3/PP/2023/COLOR/Robust marks/01.23-09.18/RCNX0362.JPG,RCNX0362.JPG,HLC20-H3_2023_202301230918_RCNX0362.jpg,0.8390267491340637,796.92724609375,309.0627136230469,580.547607421875,689.7664794921875,2048,1440,580,689
HLC20-H3,2023,202301230918,PP,1,/Volumes/Seagate Portable Drive/KYLE_AI_DATABASE/A_CAMERA/Focal_species/Gulo gulo/HLC20-H3/PP/2023/COLOR/Robust marks/01.23-09.18/RCNX0363.JPG,RCNX0363.JPG,HLC20-H3_2023_202301230918_RCNX0363.jpg,0.8792546391487122,840.8426513671875,317.8231506347656,535.030029296875,679.7847900390625,2048,1440,535,679
HLC20-H3,2023,202301230918,PP,1,/Volumes/Seagate Portable Drive/KYLE_AI_DATABASE/A_CAMERA/Focal_species/Gulo gulo/HLC20-H3/PP/2023/COLOR/Robust marks/01.23-09.18/RCNX0366.JPG,RCNX0366.JPG,HLC20-H3_2023_202301230918_RCNX0366.jpg,0.8045443296432495,914.8986206054688,321.8077087402344,456.03875732421875,679.17431640625,2048,1440,456,679
HLC20-H3,2023,202301230918,PP,1,/Volumes/Seagate Portable Drive/KYLE_AI_DATABASE/A_CAMERA/Focal_species/Gulo gulo/HLC20-H3/PP/2023/COLOR/Robust marks/01.23-09.18/RCNX0368.JPG,RCNX0368.JPG,HLC20-H3_2023_202301230918_RCNX0368.jpg,0.966910719871521,880.992431640625,70.47708129882812,490.244873046875,913.0572509765625,2048,1440,490,913
HLC20-H3,2023,202301230918,PP,1,/Volumes/Seagate Portable Drive/KYLE_AI_DATABASE/A_CAMERA/Focal_species/Gulo gulo/HLC20-H3/PP/2023/COLOR/Robust marks/01.23-09.18/RCNX0369.JPG,RCNX0369.JPG,HLC20-H3_2023_202301230918_RCNX0369.jpg,0.8832244873046875,1021.1156005859375,329.3809509277344,348.453125,670.0560302734375,2048,1440,348,670
HLC20-H3,2023,202301230918,PP,1,/Volumes/Seagate Portable Drive/KYLE_AI_DATABASE/A_CAMERA/Focal_species/Gulo gulo/HLC20-H3/PP/2023/COLOR/Robust marks/01.23-09.18/RCNX0370.JPG,RCNX0370.JPG,HLC20-H3_2023_202301230918_RCNX0370.jpg,0.9235702753067017,854.6594848632812,212.70068359375,515.7269897460938,778.5266723632812,2048,1440,515,778
HLC20-H3,2023,202301230918,PP,1,/Volumes/Seagate Portable Drive/KYLE_AI_DATABASE/A_CAMERA/Focal_species/Gulo gulo/HLC20-H3/PP/2023/COLOR/Robust marks/01.23-09.18/RCNX0371.JPG,RCNX0371.JPG,HLC20-H3_2023_202301230918_RCNX0371.jpg,0.9570077061653137,907.673095703125,54.261688232421875,482.678466796875,945.4505615234375,2048,1440,482,945
HLC20-H3,2023,202301230918,PP,1,/Volumes/Seagate Portable Drive/KYLE_AI_DATABASE/A_CAMERA/Focal_species/Gulo gulo/HLC20-H3/PP/2023/COLOR/Robust marks/01.23-09.18/RCNX0372.JPG,RCNX0372.JPG,HLC20-H3_2023_202301230918_RCNX0372.jpg,0.9716379642486572,914.968505859375,57.021446228027344,472.625732421875,934.58935546875,2048,1440,472,934
HLC20-H3,2023,202301230918,PP,1,/Volumes/Seagate Portable Drive/KYLE_AI_DATABASE/A_CAMERA/Focal_species/Gulo gulo/HLC20-H3/PP/2023/COLOR/Robust marks/01.23-09.18/RCNX0373.JPG,RCNX0373.JPG,HLC20-H3_2023_202301230918_RCNX0373.jpg,0.8177511096000671,948.4774169921875,34.544620513916016,434.9384765625,956.4969482421875,2048,1440,434,956
HLC20-H3,2023,202301230918,PP,1,/Volumes/Seagate Portable Drive/KYLE_AI_DATABASE/A_CAMERA/Focal_species/Gulo gulo/HLC20-H3/PP/2023/COLOR/Robust marks/01.23-09.18/RCNX0374.JPG,RCNX0374.JPG,HLC20-H3_2023_202301230918_RCNX0374.jpg,0.9452869892120361,989.6171264648438,48.773033142089844,401.38861083984375,937.5647583007812,2048,1440,401,937
HLC20-H3,2023,202301230918,PP,1,/Volumes/Seagate Portable Drive/KYLE_AI_DATABASE/A_CAMERA/Focal_species/Gulo gulo/HLC20-H3/PP/2023/COLOR/Robust marks/01.23-09.18/RCNX0375.JPG,RCNX0375.JPG,HLC20-H3_2023_202301230918_RCNX0375.jpg,0.9417087435722351,926.322998046875,63.37489318847656,466.18017578125,922.2655029296875,2048,1440,466,922
HLC20-H3,2023,202301230918,PP,1,/Volumes/Seagate Portable Drive/KYLE_AI_DATABASE/A_CAMERA/Focal_species/Gulo gulo/HLC20-H3/PP/2023/COLOR/Robust marks/01.23-09.18/RCNX0376.JPG,RCNX0376.JPG,HLC20-H3_2023_202301230918_RCNX0376.jpg,0.9377567172050476,846.991455078125,54.01424026489258,540.19775390625,936.035400390625,2048,1440,540,936
HLC20-H3,2023,202301230918,PP,1,/Volumes/Seagate Portable Drive/KYLE_AI_DATABASE/A_CAMERA/Focal_species/Gulo gulo/HLC20-H3/PP/2023/COLOR/Robust marks/01.23-09.18/RCNX0377.JPG,RCNX0377.JPG,HLC20-H3_2023_202301230918_RCNX0377.jpg,0.9591553807258606,900.67919921875,57.153411865234375,487.445068359375,938.6680908203125,2048,1440,487,938
HLC20-H3,2023,202301230918,PP,1,/Volumes/Seagate Portable Drive/KYLE_AI_DATABASE/A_CAMERA/Focal_species/Gulo gulo/HLC20-H3/PP/2023/COLOR/Robust marks/01.23-09.18/RCNX0378.JPG,RCNX0378.JPG,HLC20-H3_2023_202301230918_RCNX0378.jpg,0.939600944519043,916.6548461914062,66.27566528320312,463.52044677734375,935.2147216796875,2048,1440,463,935
HLC20-H3,2023,202301230918,PP,1,/Volumes/Seagate Portable Drive/KYLE_AI_DATABASE/A_CAMERA/Focal_species/Gulo gulo/HLC20-H3/PP/2023/COLOR/Robust marks/01.23-09.18/RCNX0379.JPG,RCNX0379.JPG,HLC20-H3_2023_202301230918_RCNX0379.jpg,0.9609006643295288,932.5482177734375,61.88268280029297,450.79638671875,949.6270141601562,2048,1440,450,949
HLC20-H3,2023,202301230918,PP,1,/Volumes/Seagate Portable Drive/KYLE_AI_DATABASE/A_CAMERA/Focal_species/Gulo gulo/HLC20-H3/PP/2023/COLOR/Robust marks/01.23-09.18/RCNX0380.JPG,RCNX0380.JPG,HLC20-H3_2023_202301230918_RCNX0380.jpg,0.9511107802391052,924.69091796875,65.60185241699219,456.044189453125,949.6668701171875,2048,1440,456,949
HLC20-H3,2023,202301230918,PP,1,/Volumes/Seagate Portable Drive/KYLE_AI_DATABASE/A_CAMERA/Focal_species/Gulo gulo/HLC20-H3/PP/2023/COLOR/Robust marks/01.23-09.18/RCNX0381.JPG,RCNX0381.JPG,HLC20-H3_2023_202301230918_RCNX0381.jpg,0.9413525462150574,932.9345092773438,62.92432403564453,456.19952392578125,918.7578125,2048,1440,456,918
HLC20-H3,2023,202301230918,PP,1,/Volumes/Seagate Portable Drive/KYLE_AI_DATABASE/A_CAMERA/Focal_species/Gulo gulo/HLC20-H3/PP/2023/COLOR/Robust marks/01.23-09.18/RCNX0382.JPG,RCNX0382.JPG,HLC20-H3_2023_202301230918_RCNX0382.jpg,0.9534716010093689,879.862548828125,71.67274475097656,501.312255859375,905.2880249023438,2048,1440,501,905
HLC20-H3,2023,202301230918,PP,1,/Volumes/Seagate Portable Drive/KYLE_AI_DATABASE/A_CAMERA/Focal_species/Gulo gulo/HLC20-H3/PP/2023/COLOR/Robust marks/01.23-09.18/RCNX0383.JPG,RCNX0383.JPG,HLC20-H3_2023_202301230918_RCNX0383.jpg,0.948698878288269,970.897705078125,70.64539337158203,402.444580078125,911.3800659179688,2048,1440,402,911
HLC20-H3,2023,202301230918,PP,1,/Volumes/Seagate Portable Drive/KYLE_AI_DATABASE/A_CAMERA/Focal_species/Gulo gulo/HLC20-H3/PP/2023/COLOR/Robust marks/01.23-09.18/RCNX0384.JPG,RCNX0384.JPG,HLC20-H3_2023_202301230918_RCNX0384.jpg,0.8676982522010803,949.96240234375,63.156150817871094,434.76416015625,918.2582397460938,2048,1440,434,918
HLC20-H3,2023,202301230918,PP,1,/Volumes/Seagate Portable Drive/KYLE_AI_DATABASE/A_CAMERA/Focal_species/Gulo gulo/HLC20-H3/PP/2023/COLOR/Robust marks/01.23-09.18/RCNX0385.JPG,RCNX0385.JPG,HLC20-H3_2023_202301230918_RCNX0385.jpg,0.9286591410636902,865.140869140625,63.26258087158203,509.170654296875,907.7716064453125,2048,1440,509,907
HLC20-H3,2023,202301230918,PP,1,/Volumes/Seagate Portable Drive/KYLE_AI_DATABASE/A_CAMERA/Focal_species/Gulo gulo/HLC20-H3/PP/2023/COLOR/Robust marks/01.23-09.18/RCNX0387.JPG,RCNX0387.JPG,HLC20-H3_2023_202301230918_RCNX0387.jpg,0.919348955154419,953.3002319335938,220.351318359375,432.97271728515625,752.697998046875,2048,1440,432,752
HLC20-H3,2023,202301230918,PP,1,/Volumes/Seagate Portable Drive/KYLE_AI_DATABASE/A_CAMERA/Focal_species/Gulo gulo/HLC20-H3/PP/2023/COLOR/Robust marks/01.23-09.18/RCNX0388.JPG,RCNX0388.JPG,HLC20-H3_2023_202301230918_RCNX0388.jpg,0.8983915448188782,985.1664428710938,232.81809997558594,399.78839111328125,747.5939331054688,2048,1440,399,747
HLC20-H3,2023,202301230918,PP,1,/Volumes/Seagate Portable Drive/KYLE_AI_DATABASE/A_CAMERA/Focal_species/Gulo gulo/HLC20-H3/PP/2023/COLOR/Robust marks/01.23-09.18/RCNX0389.JPG,RCNX0389.JPG,HLC20-H3_2023_202301230918_RCNX0389.jpg,0.8992375135421753,1018.3409423828125,246.9757843017578,357.5283203125,729.4310302734375,2048,1440,357,729
HLC20-H3,2023,202301230918,PP,1,/Volumes/Seagate Portable Drive/KYLE_AI_DATABASE/A_CAMERA/Focal_species/Gulo gulo/HLC20-H3/PP/2023/COLOR/Robust marks/01.23-09.18/RCNX0390.JPG,RCNX0390.JPG,HLC20-H3_2023_202301230918_RCNX0390.jpg,0.9332401156425476,1022.188720703125,250.40699768066406,360.818359375,719.5870971679688,2048,1440,360,719
HLC20-H3,2023,202301230918,PP,1,/Volumes/Seagate Portable Drive/KYLE_AI_DATABASE/A_CAMERA/Focal_species/Gulo gulo/HLC20-H3/PP/2023/COLOR/Robust marks/01.23-09.18/RCNX0391.JPG,RCNX0391.JPG,HLC20-H3_2023_202301230918_RCNX0391.jpg,0.8965483903884888,925.0660400390625,333.97418212890625,456.045166015625,649.9493408203125,2048,1440,456,649
HLC20-H3,2023,202301230918,PP,1,/Volumes/Seagate Portable Drive/KYLE_AI_DATABASE/A_CAMERA/Focal_species/Gulo gulo/HLC20-H3/PP/2023/COLOR/Robust marks/01.23-09.18/RCNX0392.JPG,RCNX0392.JPG,HLC20-H3_2023_202301230918_RCNX0392.jpg,0.9543884992599487,863.380126953125,69.34673309326172,524.08154296875,895.5889892578125,2048,1440,524,895
HLC20-H3,2023,202301230918,PP,1,/Volumes/Seagate Portable Drive/KYLE_AI_DATABASE/A_CAMERA/Focal_species/Gulo gulo/HLC20-H3/PP/2023/COLOR/Robust marks/01.23-09.18/RCNX0393.JPG,RCNX0393.JPG,HLC20-H3_2023_202301230918_RCNX0393.jpg,0.9181877374649048,1012.2321166992188,314.2838439941406,380.66778564453125,654.3287353515625,2048,1440,380,654
HLC20-H3,2023,202301230918,PP,1,/Volumes/Seagate Portable Drive/KYLE_AI_DATABASE/A_CAMERA/Focal_species/Gulo gulo/HLC20-H3/PP/2023/COLOR/Robust marks/01.23-09.18/RCNX0394.JPG,RCNX0394.JPG,HLC20-H3_2023_202301230918_RCNX0394.jpg,0.934311032295227,1011.8285522460938,243.79798889160156,380.89947509765625,723.6165161132812,2048,1440,380,723
HLC20-H3,2023,202301230918,PP,1,/Volumes/Seagate Portable Drive/KYLE_AI_DATABASE/A_CAMERA/Focal_species/Gulo gulo/HLC20-H3/PP/2023/COLOR/Robust marks/01.23-09.18/RCNX0395.JPG,RCNX0395.JPG,HLC20-H3_2023_202301230918_RCNX0395.jpg,0.9202374219894409,1060.302734375,289.8442687988281,328.82568359375,709.46630859375,2048,1440,328,709
HLC20-H3,2023,202301230918,PP,1,/Volumes/Seagate Portable Drive/KYLE_AI_DATABASE/A_CAMERA/Focal_species/Gulo gulo/HLC20-H3/PP/2023/COLOR/Robust marks/01.23-09.18/RCNX0396.JPG,RCNX0396.JPG,HLC20-H3_2023_202301230918_RCNX0396.jpg,0.9030827879905701,1055.0574951171875,287.4565734863281,336.705078125,695.7076416015625,2048,1440,336,695
HLC20-H3,2023,202301230918,PP,1,/Volumes/Seagate Portable Drive/KYLE_AI_DATABASE/A_CAMERA/Focal_species/Gulo gulo/HLC20-H3/PP/2023/COLOR/Robust marks/01.23-09.18/RCNX0397.JPG,RCNX0397.JPG,HLC20-H3_2023_202301230918_RCNX0397.jpg,0.8763766288757324,940.8495483398438,61.181488037109375,451.23565673828125,915.268798828125,2048,1440,451,915
HLC20-H3,2023,202301230918,PP,1,/Volumes/Seagate Portable Drive/KYLE_AI_DATABASE/A_CAMERA/Focal_species/Gulo gulo/HLC20-H3/PP/2023/COLOR/Robust marks/01.23-09.18/RCNX0398.JPG,RCNX0398.JPG,HLC20-H3_2023_202301230918_RCNX0398.jpg,0.9367841482162476,1057.551025390625,267.09228515625,337.250244140625,694.3397216796875,2048,1440,337,694
HLC20-H3,2023,202301230918,PP,1,/Volumes/Seagate Portable Drive/KYLE_AI_DATABASE/A_CAMERA/Focal_species/Gulo gulo/HLC20-H3/PP/2023/COLOR/Robust marks/01.23-09.18/RCNX0399.JPG,RCNX0399.JPG,HLC20-H3_2023_202301230918_RCNX0399.jpg,0.8959429264068604,1085.285400390625,267.4969482421875,309.64990234375,701.4579467773438,2048,1440,309,701
HLC20-H3,2023,202301230918,PP,1,/Volumes/Seagate Portable Drive/KYLE_AI_DATABASE/A_CAMERA/Focal_species/Gulo gulo/HLC20-H3/PP/2023/COLOR/Robust marks/01.23-09.18/RCNX0400.JPG,RCNX0400.JPG,HLC20-H3_2023_202301230918_RCNX0400.jpg,0.9331277012825012,1072.0294189453125,265.084716796875,324.23046875,699.2052001953125,2048,1440,324,699
HLC20-H3,2023,202301230918,PP,1,/Volumes/Seagate Portable Drive/KYLE_AI_DATABASE/A_CAMERA/Focal_species/Gulo gulo/HLC20-H3/PP/2023/COLOR/Robust marks/01.23-09.18/RCNX0401.JPG,RCNX0401.JPG,HLC20-H3_2023_202301230918_RCNX0401.jpg,0.9393579959869385,992.7498168945312,318.56982421875,380.65997314453125,658.3904418945312,2048,1440,380,658
HLC20-H3,2023,202301230918,PP,1,/Volumes/Seagate Portable Drive/KYLE_AI_DATABASE/A_CAMERA/Focal_species/Gulo gulo/HLC20-H3/PP/2023/COLOR/Robust marks/01.23-09.18/RCNX0402.JPG,RCNX0402.JPG,HLC20-H3_2023_202301230918_RCNX0402.jpg,0.9441559910774231,916.5293579101562,52.0006103515625,475.97003173828125,933.5429077148438,2048,1440,475,933
HLC20-H3,2023,202301230918,PP,1,/Volumes/Seagate Portable Drive/KYLE_AI_DATABASE/A_CAMERA/Focal_species/Gulo gulo/HLC20-H3/PP/2023/COLOR/Robust marks/01.23-09.18/RCNX0403.JPG,RCNX0403.JPG,HLC20-H3_2023_202301230918_RCNX0403.jpg,0.9565656185150146,912.0281982421875,66.68640899658203,484.44873046875,910.108642578125,2048,1440,484,910
HLC20-H3,2023,202301230918,PP,1,/Volumes/Seagate Portable Drive/KYLE_AI_DATABASE/A_CAMERA/Focal_species/Gulo gulo/HLC20-H3/PP/2023/COLOR/Robust marks/01.23-09.18/RCNX0404.JPG,RCNX0404.JPG,HLC20-H3_2023_202301230918_RCNX0404.jpg,0.9670687913894653,908.1758422851562,65.54971313476562,486.08782958984375,918.9288330078125,2048,1440,486,918
HLC20-H3,2023,202301230918,PP,1,/Volumes/Seagate Portable Drive/KYLE_AI_DATABASE/A_CAMERA/Focal_species/Gulo gulo/HLC20-H3/PP/2023/COLOR/Robust marks/01.23-09.18/RCNX0405.JPG,RCNX0405.JPG,HLC20-H3_2023_202301230918_RCNX0405.jpg,0.8806448578834534,911.8089599609375,223.94981384277344,481.640869140625,772.7487182617188,2048,1440,481,772
HLC20-H3,2023,202301230918,PP,1,/Volumes/Seagate Portable Drive/KYLE_AI_DATABASE/A_CAMERA/Focal_species/Gulo gulo/HLC20-H3/PP/2023/COLOR/Robust marks/01.23-09.18/RCNX0406.JPG,RCNX0406.JPG,HLC20-H3_2023_202301230918_RCNX0406.jpg,0.9588430523872375,919.854736328125,61.616737365722656,472.048583984375,916.5042114257812,2048,1440,472,916
HLC20-H3,2023,202301230918,PP,1,/Volumes/Seagate Portable Drive/KYLE_AI_DATABASE/A_CAMERA/Focal_species/Gulo gulo/HLC20-H3/PP/2023/COLOR/Robust marks/01.23-09.18/RCNX0407.JPG,RCNX0407.JPG,HLC20-H3_2023_202301230918_RCNX0407.jpg,0.8664156794548035,893.2346801757812,64.15234375,499.46649169921875,927.5708618164062,2048,1440,499,927
HLC20-H3,2023,202301230918,PP,1,/Volumes/Seagate Portable Drive/KYLE_AI_DATABASE/A_CAMERA/Focal_species/Gulo gulo/HLC20-H3/PP/2023/COLOR/Robust marks/01.23-09.18/RCNX0408.JPG,RCNX0408.JPG,HLC20-H3_2023_202301230918_RCNX0408.jpg,0.9503896832466125,916.5113525390625,67.48566436767578,475.036376953125,926.4288330078125,2048,1440,475,926
HLC20-H3,2023,202301230918,PP,1,/Volumes/Seagate Portable Drive/KYLE_AI_DATABASE/A_CAMERA/Focal_species/Gulo gulo/HLC20-H3/PP/2023/COLOR/Robust marks/01.23-09.18/RCNX0409.JPG,RCNX0409.JPG,HLC20-H3_2023_202301230918_RCNX0409.jpg,0.9402703642845154,939.4747924804688,68.45795440673828,450.62164306640625,926.2652587890625,2048,1440,450,926
HLC20-H3,2023,202301230918,PP,1,/Volumes/Seagate Portable Drive/KYLE_AI_DATABASE/A_CAMERA/Focal_species/Gulo gulo/HLC20-H3/PP/2023/COLOR/Robust marks/01.23-09.18/RCNX0410.JPG,RCNX0410.JPG,HLC20-H3_2023_202301230918_RCNX0410.jpg,0.9659558534622192,967.5858764648438,75.59169006347656,425.24493408203125,915.7271728515625,2048,1440,425,915
HLC20-H3,2023,202301230918,PP,1,/Volumes/Seagate Portable Drive/KYLE_AI_DATABASE/A_CAMERA/Focal_species/Gulo gulo/HLC20-H3/PP/2023/COLOR/Robust marks/01.23-09.18/RCNX0411.JPG,RCNX0411.JPG,HLC20-H3_2023_202301230918_RCNX0411.jpg,0.9603747129440308,980.9385375976562,568.5697631835938,387.35443115234375,488.96368408203125,2048,1440,387,488
HLC20-H3,2023,202301230918,PP,1,/Volumes/Seagate Portable Drive/KYLE_AI_DATABASE/A_CAMERA/Focal_species/Gulo gulo/HLC20-H3/PP/2023/COLOR/Robust marks/01.23-09.18/RCNX0412.JPG,RCNX0412.JPG,HLC20-H3_2023_202301230918_RCNX0412.jpg,0.9455106258392334,987.5489501953125,920.1820678710938,310.646728515625,486.77471923828125,2048,1440,310,486
HLC20-H3,2023,202301230918,PP,1,/Volumes/Seagate Portable Drive/KYLE_AI_DATABASE/A_CAMERA/Focal_species/Gulo gulo/HLC20-H3/PP/2023/COLOR/Robust marks/01.23-09.18/RCNX0421.JPG,RCNX0421.JPG,HLC20-H3_2023_202301230918_RCNX0421.jpg,0.9666374921798706,773.564453125,552.3737182617188,560.7294921875,448.16217041015625,2048,1440,560,448
HLC20-H3,2023,202301230918,PP,1,/Volumes/Seagate Portable Drive/KYLE_AI_DATABASE/A_CAMERA/Focal_species/Gulo gulo/HLC20-H3/PP/2023/COLOR/Robust marks/01.23-09.18/RCNX0428.JPG,RCNX0428.JPG,HLC20-H3_2023_202301230918_RCNX0428.jpg,0.8609222769737244,926.6217651367188,69.370849609375,227.22589111328125,437.0963134765625,2048,1440,227,437
HLC20-H3,2023,202301230918,PP,1,/Volumes/Seagate Portable Drive/KYLE_AI_DATABASE/A_CAMERA/Focal_species/Gulo gulo/HLC20-H3/PP/2023/COLOR/Robust marks/01.23-09.18/RCNX0429.JPG,RCNX0429.JPG,HLC20-H3_2023_202301230918_RCNX0429.jpg,0.913863480091095,793.208984375,43.77450942993164,274.003173828125,444.5169372558594,2048,1440,274,444
HLC20-H3,2023,202301230918,PP,1,/Volumes/Seagate Portable Drive/KYLE_AI_DATABASE/A_CAMERA/Focal_species/Gulo gulo/HLC20-H3/PP/2023/COLOR/Robust marks/01.23-09.18/RCNX0430.JPG,RCNX0430.JPG,HLC20-H3_2023_202301230918_RCNX0430.jpg,0.9157385230064392,959.70849609375,42.25249481201172,360.94384765625,451.5237121582031,2048,1440,360,451
