id,year,ymdh,station,color,original_path,original_filename,crop_filename,confidence,bbox_x,bbox_y,bbox_width,bbox_height,image_width,image_height,crop_width,crop_height
HLC20-H3,2023,202302270146,PP,0,/Volumes/Seagate Portable Drive/KYLE_AI_DATABASE/A_CAMERA/Focal_species/Gulo gulo/HLC20-H3/PP/2023/B&W/Robust marks/02.27-01.46/RCNX1953.JPG,RCNX1953.JPG,HLC20-H3_2023_202302270146_RCNX1953.jpg,0.8320745825767517,938.6417846679688,488.90191650390625,396.63311767578125,698.3247680664062,2048,1440,396,698
HLC20-H3,2023,202302270146,PP,0,/Volumes/Seagate Portable Drive/KYLE_AI_DATABASE/A_CAMERA/Focal_species/Gulo gulo/HLC20-H3/PP/2023/B&W/Robust marks/02.27-01.46/RCNX1954.JPG,RCNX1954.JPG,HLC20-H3_2023_202302270146_RCNX1954.jpg,0.8787214756011963,950.1110229492188,493.48455810546875,390.00177001953125,698.2839965820312,2048,1440,390,698
HLC20-H3,2023,202302270146,PP,0,/Volumes/Seagate Portable Drive/KYLE_AI_DATABASE/A_CAMERA/Focal_species/Gulo gulo/HLC20-H3/PP/2023/B&W/Robust marks/02.27-01.46/RCNX1955.JPG,RCNX1955.JPG,HLC20-H3_2023_202302270146_RCNX1955.jpg,0.809461772441864,942.0667724609375,487.7521057128906,382.108642578125,692.0770263671875,2048,1440,382,692
HLC20-H3,2023,202302270146,PP,0,/Volumes/Seagate Portable Drive/KYLE_AI_DATABASE/A_CAMERA/Focal_species/Gulo gulo/HLC20-H3/PP/2023/B&W/Robust marks/02.27-01.46/RCNX1956.JPG,RCNX1956.JPG,HLC20-H3_2023_202302270146_RCNX1956.jpg,0.8791691064834595,962.7647094726562,467.8392639160156,370.39593505859375,710.800537109375,2048,1440,370,710
HLC20-H3,2023,202302270146,PP,0,/Volumes/Seagate Portable Drive/KYLE_AI_DATABASE/A_CAMERA/Focal_species/Gulo gulo/HLC20-H3/PP/2023/B&W/Robust marks/02.27-01.46/RCNX1957.JPG,RCNX1957.JPG,HLC20-H3_2023_202302270146_RCNX1957.jpg,0.9013774394989014,962.30859375,467.4547119140625,363.695068359375,709.777587890625,2048,1440,363,709
HLC20-H3,2023,202302270146,PP,0,/Volumes/Seagate Portable Drive/KYLE_AI_DATABASE/A_CAMERA/Focal_species/Gulo gulo/HLC20-H3/PP/2023/B&W/Robust marks/02.27-01.46/RCNX1958.JPG,RCNX1958.JPG,HLC20-H3_2023_202302270146_RCNX1958.jpg,0.9343073964118958,971.1944580078125,496.23638916015625,414.0009765625,689.8794555664062,2048,1440,414,689
HLC20-H3,2023,202302270146,PP,0,/Volumes/Seagate Portable Drive/KYLE_AI_DATABASE/A_CAMERA/Focal_species/Gulo gulo/HLC20-H3/PP/2023/B&W/Robust marks/02.27-01.46/RCNX1959.JPG,RCNX1959.JPG,HLC20-H3_2023_202302270146_RCNX1959.jpg,0.9228038191795349,970.7088012695312,497.0971984863281,363.20819091796875,697.0567626953125,2048,1440,363,697
HLC20-H3,2023,202302270146,PP,0,/Volumes/Seagate Portable Drive/KYLE_AI_DATABASE/A_CAMERA/Focal_species/Gulo gulo/HLC20-H3/PP/2023/B&W/Robust marks/02.27-01.46/RCNX1960.JPG,RCNX1960.JPG,HLC20-H3_2023_202302270146_RCNX1960.jpg,0.9312422871589661,966.2337036132812,487.52947998046875,379.81024169921875,706.0138549804688,2048,1440,379,706
HLC20-H3,2023,202302270146,PP,0,/Volumes/Seagate Portable Drive/KYLE_AI_DATABASE/A_CAMERA/Focal_species/Gulo gulo/HLC20-H3/PP/2023/B&W/Robust marks/02.27-01.46/RCNX1961.JPG,RCNX1961.JPG,HLC20-H3_2023_202302270146_RCNX1961.jpg,0.8842174410820007,961.7200927734375,507.07110595703125,375.851806640625,672.2145385742188,2048,1440,375,672
HLC20-H3,2023,202302270146,PP,0,/Volumes/Seagate Portable Drive/KYLE_AI_DATABASE/A_CAMERA/Focal_species/Gulo gulo/HLC20-H3/PP/2023/B&W/Robust marks/02.27-01.46/RCNX1962.JPG,RCNX1962.JPG,HLC20-H3_2023_202302270146_RCNX1962.jpg,0.9307675957679749,959.848876953125,483.66973876953125,407.18212890625,698.8322143554688,2048,1440,407,698
HLC20-H3,2023,202302270146,PP,0,/Volumes/Seagate Portable Drive/KYLE_AI_DATABASE/A_CAMERA/Focal_species/Gulo gulo/HLC20-H3/PP/2023/B&W/Robust marks/02.27-01.46/RCNX1963.JPG,RCNX1963.JPG,HLC20-H3_2023_202302270146_RCNX1963.jpg,0.928906261920929,962.1751708984375,470.0797424316406,380.612548828125,710.2613525390625,2048,1440,380,710
HLC20-H3,2023,202302270146,PP,0,/Volumes/Seagate Portable Drive/KYLE_AI_DATABASE/A_CAMERA/Focal_species/Gulo gulo/HLC20-H3/PP/2023/B&W/Robust marks/02.27-01.46/RCNX1964.JPG,RCNX1964.JPG,HLC20-H3_2023_202302270146_RCNX1964.jpg,0.8263155221939087,918.4635009765625,508.3231201171875,422.003173828125,729.6019287109375,2048,1440,422,729
HLC20-H3,2023,202302270146,PP,0,/Volumes/Seagate Portable Drive/KYLE_AI_DATABASE/A_CAMERA/Focal_species/Gulo gulo/HLC20-H3/PP/2023/B&W/Robust marks/02.27-01.46/RCNX1965.JPG,RCNX1965.JPG,HLC20-H3_2023_202302270146_RCNX1965.jpg,0.8344876766204834,914.6368408203125,495.9223327636719,400.4345703125,785.961669921875,2048,1440,400,785
HLC20-H3,2023,202302270146,PP,0,/Volumes/Seagate Portable Drive/KYLE_AI_DATABASE/A_CAMERA/Focal_species/Gulo gulo/HLC20-H3/PP/2023/B&W/Robust marks/02.27-01.46/RCNX1966.JPG,RCNX1966.JPG,HLC20-H3_2023_202302270146_RCNX1966.jpg,0.8416638970375061,898.1112670898438,475.783935546875,420.28326416015625,781.5010986328125,2048,1440,420,781
HLC20-H3,2023,202302270146,PP,0,/Volumes/Seagate Portable Drive/KYLE_AI_DATABASE/A_CAMERA/Focal_species/Gulo gulo/HLC20-H3/PP/2023/B&W/Robust marks/02.27-01.46/RCNX1967.JPG,RCNX1967.JPG,HLC20-H3_2023_202302270146_RCNX1967.jpg,0.8404117822647095,902.13720703125,473.7851867675781,423.760986328125,792.760498046875,2048,1440,423,792
HLC20-H3,2023,202302270146,PP,0,/Volumes/Seagate Portable Drive/KYLE_AI_DATABASE/A_CAMERA/Focal_species/Gulo gulo/HLC20-H3/PP/2023/B&W/Robust marks/02.27-01.46/RCNX1968.JPG,RCNX1968.JPG,HLC20-H3_2023_202302270146_RCNX1968.jpg,0.8671549558639526,901.9627685546875,510.0513916015625,413.257080078125,790.5465087890625,2048,1440,413,790
HLC20-H3,2023,202302270146,PP,0,/Volumes/Seagate Portable Drive/KYLE_AI_DATABASE/A_CAMERA/Focal_species/Gulo gulo/HLC20-H3/PP/2023/B&W/Robust marks/02.27-01.46/RCNX1969.JPG,RCNX1969.JPG,HLC20-H3_2023_202302270146_RCNX1969.jpg,0.8463587760925293,917.44921875,506.90313720703125,400.602783203125,763.9094848632812,2048,1440,400,763
HLC20-H3,2023,202302270146,PP,0,/Volumes/Seagate Portable Drive/KYLE_AI_DATABASE/A_CAMERA/Focal_species/Gulo gulo/HLC20-H3/PP/2023/B&W/Robust marks/02.27-01.46/RCNX1970.JPG,RCNX1970.JPG,HLC20-H3_2023_202302270146_RCNX1970.jpg,0.8022871613502502,922.1495361328125,514.7652587890625,397.16845703125,607.9725341796875,2048,1440,397,607
HLC20-H3,2023,202302270146,PP,0,/Volumes/Seagate Portable Drive/KYLE_AI_DATABASE/A_CAMERA/Focal_species/Gulo gulo/HLC20-H3/PP/2023/B&W/Robust marks/02.27-01.46/RCNX1971.JPG,RCNX1971.JPG,HLC20-H3_2023_202302270146_RCNX1971.jpg,0.901078462600708,947.0330200195312,435.00830078125,368.38629150390625,773.7147216796875,2048,1440,368,773
HLC20-H3,2023,202302270146,PP,0,/Volumes/Seagate Portable Drive/KYLE_AI_DATABASE/A_CAMERA/Focal_species/Gulo gulo/HLC20-H3/PP/2023/B&W/Robust marks/02.27-01.46/RCNX1972.JPG,RCNX1972.JPG,HLC20-H3_2023_202302270146_RCNX1972.jpg,0.8998132348060608,943.47705078125,462.5279846191406,370.046142578125,757.5281982421875,2048,1440,370,757
HLC20-H3,2023,202302270146,PP,0,/Volumes/Seagate Portable Drive/KYLE_AI_DATABASE/A_CAMERA/Focal_species/Gulo gulo/HLC20-H3/PP/2023/B&W/Robust marks/02.27-01.46/RCNX1973.JPG,RCNX1973.JPG,HLC20-H3_2023_202302270146_RCNX1973.jpg,0.8735688328742981,957.02392578125,485.990234375,358.28564453125,748.3431396484375,2048,1440,358,748
HLC20-H3,2023,202302270146,PP,0,/Volumes/Seagate Portable Drive/KYLE_AI_DATABASE/A_CAMERA/Focal_species/Gulo gulo/HLC20-H3/PP/2023/B&W/Robust marks/02.27-01.46/RCNX1974.JPG,RCNX1974.JPG,HLC20-H3_2023_202302270146_RCNX1974.jpg,0.9183726906776428,942.3734130859375,461.465576171875,372.767822265625,741.6873779296875,2048,1440,372,741
HLC20-H3,2023,202302270146,PP,0,/Volumes/Seagate Portable Drive/KYLE_AI_DATABASE/A_CAMERA/Focal_species/Gulo gulo/HLC20-H3/PP/2023/B&W/Robust marks/02.27-01.46/RCNX1975.JPG,RCNX1975.JPG,HLC20-H3_2023_202302270146_RCNX1975.jpg,0.8811163306236267,961.9887084960938,467.3768005371094,354.78350830078125,768.044189453125,2048,1440,354,768
HLC20-H3,2023,202302270146,PP,0,/Volumes/Seagate Portable Drive/KYLE_AI_DATABASE/A_CAMERA/Focal_species/Gulo gulo/HLC20-H3/PP/2023/B&W/Robust marks/02.27-01.46/RCNX1976.JPG,RCNX1976.JPG,HLC20-H3_2023_202302270146_RCNX1976.jpg,0.8796463012695312,945.8243408203125,473.27874755859375,368.580322265625,758.1265258789062,2048,1440,368,758
HLC20-H3,2023,202302270146,PP,0,/Volumes/Seagate Portable Drive/KYLE_AI_DATABASE/A_CAMERA/Focal_species/Gulo gulo/HLC20-H3/PP/2023/B&W/Robust marks/02.27-01.46/RCNX1977.JPG,RCNX1977.JPG,HLC20-H3_2023_202302270146_RCNX1977.jpg,0.882667601108551,948.339111328125,473.98419189453125,367.98583984375,762.4766235351562,2048,1440,367,762
HLC20-H3,2023,202302270146,PP,0,/Volumes/Seagate Portable Drive/KYLE_AI_DATABASE/A_CAMERA/Focal_species/Gulo gulo/HLC20-H3/PP/2023/B&W/Robust marks/02.27-01.46/RCNX1978.JPG,RCNX1978.JPG,HLC20-H3_2023_202302270146_RCNX1978.jpg,0.896969735622406,949.028076171875,471.119140625,368.87646484375,756.3785400390625,2048,1440,368,756
HLC20-H3,2023,202302270146,PP,0,/Volumes/Seagate Portable Drive/KYLE_AI_DATABASE/A_CAMERA/Focal_species/Gulo gulo/HLC20-H3/PP/2023/B&W/Robust marks/02.27-01.46/RCNX1979.JPG,RCNX1979.JPG,HLC20-H3_2023_202302270146_RCNX1979.jpg,0.8928920030593872,964.0892333984375,469.7369079589844,353.34326171875,732.1474609375,2048,1440,353,732
HLC20-H3,2023,202302270146,PP,0,/Volumes/Seagate Portable Drive/KYLE_AI_DATABASE/A_CAMERA/Focal_species/Gulo gulo/HLC20-H3/PP/2023/B&W/Robust marks/02.27-01.46/RCNX1980.JPG,RCNX1980.JPG,HLC20-H3_2023_202302270146_RCNX1980.jpg,0.8666377663612366,883.995361328125,435.0832214355469,434.755126953125,743.47412109375,2048,1440,434,743
HLC20-H3,2023,202302270146,PP,0,/Volumes/Seagate Portable Drive/KYLE_AI_DATABASE/A_CAMERA/Focal_species/Gulo gulo/HLC20-H3/PP/2023/B&W/Robust marks/02.27-01.46/RCNX1981.JPG,RCNX1981.JPG,HLC20-H3_2023_202302270146_RCNX1981.jpg,0.8783947229385376,975.5643920898438,460.61871337890625,343.06915283203125,737.1417846679688,2048,1440,343,737
HLC20-H3,2023,202302270146,PP,0,/Volumes/Seagate Portable Drive/KYLE_AI_DATABASE/A_CAMERA/Focal_species/Gulo gulo/HLC20-H3/PP/2023/B&W/Robust marks/02.27-01.46/RCNX1982.JPG,RCNX1982.JPG,HLC20-H3_2023_202302270146_RCNX1982.jpg,0.9352080821990967,932.4237060546875,481.3988952636719,393.9677734375,721.1383056640625,2048,1440,393,721
HLC20-H3,2023,202302270146,PP,0,/Volumes/Seagate Portable Drive/KYLE_AI_DATABASE/A_CAMERA/Focal_species/Gulo gulo/HLC20-H3/PP/2023/B&W/Robust marks/02.27-01.46/RCNX1983.JPG,RCNX1983.JPG,HLC20-H3_2023_202302270146_RCNX1983.jpg,0.9192596077919006,983.6885375976562,471.1882019042969,358.16400146484375,730.3704833984375,2048,1440,358,730
HLC20-H3,2023,202302270146,PP,0,/Volumes/Seagate Portable Drive/KYLE_AI_DATABASE/A_CAMERA/Focal_species/Gulo gulo/HLC20-H3/PP/2023/B&W/Robust marks/02.27-01.46/RCNX1984.JPG,RCNX1984.JPG,HLC20-H3_2023_202302270146_RCNX1984.jpg,0.9088383316993713,974.943359375,477.8145446777344,366.58984375,726.2120361328125,2048,1440,366,726
HLC20-H3,2023,202302270146,PP,0,/Volumes/Seagate Portable Drive/KYLE_AI_DATABASE/A_CAMERA/Focal_species/Gulo gulo/HLC20-H3/PP/2023/B&W/Robust marks/02.27-01.46/RCNX1987.JPG,RCNX1987.JPG,HLC20-H3_2023_202302270146_RCNX1987.jpg,0.8708187341690063,938.8153686523438,479.5613708496094,404.21221923828125,698.9903564453125,2048,1440,404,698
HLC20-H3,2023,202302270146,PP,0,/Volumes/Seagate Portable Drive/KYLE_AI_DATABASE/A_CAMERA/Focal_species/Gulo gulo/HLC20-H3/PP/2023/B&W/Robust marks/02.27-01.46/RCNX1988.JPG,RCNX1988.JPG,HLC20-H3_2023_202302270146_RCNX1988.jpg,0.8584758639335632,958.3796997070312,478.86553955078125,367.29229736328125,692.8529663085938,2048,1440,367,692
HLC20-H3,2023,202302270146,PP,0,/Volumes/Seagate Portable Drive/KYLE_AI_DATABASE/A_CAMERA/Focal_species/Gulo gulo/HLC20-H3/PP/2023/B&W/Robust marks/02.27-01.46/RCNX1989.JPG,RCNX1989.JPG,HLC20-H3_2023_202302270146_RCNX1989.jpg,0.9154685139656067,944.5550537109375,485.2057800292969,372.19580078125,695.647216796875,2048,1440,372,695
HLC20-H3,2023,202302270146,PP,0,/Volumes/Seagate Portable Drive/KYLE_AI_DATABASE/A_CAMERA/Focal_species/Gulo gulo/HLC20-H3/PP/2023/B&W/Robust marks/02.27-01.46/RCNX1990.JPG,RCNX1990.JPG,HLC20-H3_2023_202302270146_RCNX1990.jpg,0.9243072867393494,905.3682861328125,488.5693359375,418.130859375,698.7921142578125,2048,1440,418,698
HLC20-H3,2023,202302270146,PP,0,/Volumes/Seagate Portable Drive/KYLE_AI_DATABASE/A_CAMERA/Focal_species/Gulo gulo/HLC20-H3/PP/2023/B&W/Robust marks/02.27-01.46/RCNX1993.JPG,RCNX1993.JPG,HLC20-H3_2023_202302270146_RCNX1993.jpg,0.880905270576477,896.7083740234375,69.322998046875,426.906494140625,1150.1029052734375,2048,1440,426,1150
HLC20-H3,2023,202302270146,PP,0,/Volumes/Seagate Portable Drive/KYLE_AI_DATABASE/A_CAMERA/Focal_species/Gulo gulo/HLC20-H3/PP/2023/B&W/Robust marks/02.27-01.46/RCNX1995.JPG,RCNX1995.JPG,HLC20-H3_2023_202302270146_RCNX1995.jpg,0.9026932120323181,912.932373046875,522.4112548828125,396.80078125,658.8289794921875,2048,1440,396,658
HLC20-H3,2023,202302270146,PP,0,/Volumes/Seagate Portable Drive/KYLE_AI_DATABASE/A_CAMERA/Focal_species/Gulo gulo/HLC20-H3/PP/2023/B&W/Robust marks/02.27-01.46/RCNX1997.JPG,RCNX1997.JPG,HLC20-H3_2023_202302270146_RCNX1997.jpg,0.8391814231872559,892.5640258789062,459.28387451171875,374.01287841796875,708.4662475585938,2048,1440,374,708
HLC20-H3,2023,202302270146,PP,0,/Volumes/Seagate Portable Drive/KYLE_AI_DATABASE/A_CAMERA/Focal_species/Gulo gulo/HLC20-H3/PP/2023/B&W/Robust marks/02.27-01.46/RCNX1998.JPG,RCNX1998.JPG,HLC20-H3_2023_202302270146_RCNX1998.jpg,0.8667165637016296,843.0751953125,435.029052734375,435.984619140625,739.8375244140625,2048,1440,435,739
HLC20-H3,2023,202302270146,PP,0,/Volumes/Seagate Portable Drive/KYLE_AI_DATABASE/A_CAMERA/Focal_species/Gulo gulo/HLC20-H3/PP/2023/B&W/Robust marks/02.27-01.46/RCNX1999.JPG,RCNX1999.JPG,HLC20-H3_2023_202302270146_RCNX1999.jpg,0.9340177774429321,896.5414428710938,156.00697326660156,407.79241943359375,1019.786865234375,2048,1440,407,1019
HLC20-H3,2023,202302270146,PP,0,/Volumes/Seagate Portable Drive/KYLE_AI_DATABASE/A_CAMERA/Focal_species/Gulo gulo/HLC20-H3/PP/2023/B&W/Robust marks/02.27-01.46/RCNX2000.JPG,RCNX2000.JPG,HLC20-H3_2023_202302270146_RCNX2000.jpg,0.8456175327301025,880.664306640625,180.46121215820312,388.0595703125,995.6025390625,2048,1440,388,995
HLC20-H3,2023,202302270146,PP,0,/Volumes/Seagate Portable Drive/KYLE_AI_DATABASE/A_CAMERA/Focal_species/Gulo gulo/HLC20-H3/PP/2023/B&W/Robust marks/02.27-01.46/RCNX2001.JPG,RCNX2001.JPG,HLC20-H3_2023_202302270146_RCNX2001.jpg,0.8725379109382629,887.9803466796875,110.45606994628906,424.8583984375,936.522705078125,2048,1440,424,936
HLC20-H3,2023,202302270146,PP,0,/Volumes/Seagate Portable Drive/KYLE_AI_DATABASE/A_CAMERA/Focal_species/Gulo gulo/HLC20-H3/PP/2023/B&W/Robust marks/02.27-01.46/RCNX2002.JPG,RCNX2002.JPG,HLC20-H3_2023_202302270146_RCNX2002.jpg,0.915468156337738,924.1090087890625,397.3100891113281,409.53466796875,620.6343994140625,2048,1440,409,620
HLC20-H3,2023,202302270146,PP,0,/Volumes/Seagate Portable Drive/KYLE_AI_DATABASE/A_CAMERA/Focal_species/Gulo gulo/HLC20-H3/PP/2023/B&W/Robust marks/02.27-01.46/RCNX2003.JPG,RCNX2003.JPG,HLC20-H3_2023_202302270146_RCNX2003.jpg,0.883305013179779,942.7095947265625,347.8938903808594,421.882568359375,669.5958251953125,2048,1440,421,669
HLC20-H3,2023,202302270146,PP,0,/Volumes/Seagate Portable Drive/KYLE_AI_DATABASE/A_CAMERA/Focal_species/Gulo gulo/HLC20-H3/PP/2023/B&W/Robust marks/02.27-01.46/RCNX2004.JPG,RCNX2004.JPG,HLC20-H3_2023_202302270146_RCNX2004.jpg,0.9391883611679077,908.4876708984375,307.60986328125,473.205810546875,695.2098388671875,2048,1440,473,695
HLC20-H3,2023,202302270146,PP,0,/Volumes/Seagate Portable Drive/KYLE_AI_DATABASE/A_CAMERA/Focal_species/Gulo gulo/HLC20-H3/PP/2023/B&W/Robust marks/02.27-01.46/RCNX2005.JPG,RCNX2005.JPG,HLC20-H3_2023_202302270146_RCNX2005.jpg,0.8911148905754089,907.7239990234375,354.80572509765625,473.350830078125,653.4017944335938,2048,1440,473,653
HLC20-H3,2023,202302270146,PP,0,/Volumes/Seagate Portable Drive/KYLE_AI_DATABASE/A_CAMERA/Focal_species/Gulo gulo/HLC20-H3/PP/2023/B&W/Robust marks/02.27-01.46/RCNX2006.JPG,RCNX2006.JPG,HLC20-H3_2023_202302270146_RCNX2006.jpg,0.9181466102600098,869.2386474609375,111.42831420898438,508.53955078125,899.3707275390625,2048,1440,508,899
HLC20-H3,2023,202302270146,PP,0,/Volumes/Seagate Portable Drive/KYLE_AI_DATABASE/A_CAMERA/Focal_species/Gulo gulo/HLC20-H3/PP/2023/B&W/Robust marks/02.27-01.46/RCNX2008.JPG,RCNX2008.JPG,HLC20-H3_2023_202302270146_RCNX2008.jpg,0.955852210521698,864.3733520507812,109.43331146240234,513.4481811523438,911.2996215820312,2048,1440,513,911
HLC20-H3,2023,202302270146,PP,0,/Volumes/Seagate Portable Drive/KYLE_AI_DATABASE/A_CAMERA/Focal_species/Gulo gulo/HLC20-H3/PP/2023/B&W/Robust marks/02.27-01.46/RCNX2009.JPG,RCNX2009.JPG,HLC20-H3_2023_202302270146_RCNX2009.jpg,0.9131956696510315,933.43017578125,317.2878112792969,444.509521484375,704.745361328125,2048,1440,444,704
HLC20-H3,2023,202302270146,PP,0,/Volumes/Seagate Portable Drive/KYLE_AI_DATABASE/A_CAMERA/Focal_species/Gulo gulo/HLC20-H3/PP/2023/B&W/Robust marks/02.27-01.46/RCNX2010.JPG,RCNX2010.JPG,HLC20-H3_2023_202302270146_RCNX2010.jpg,0.9306442737579346,857.0820922851562,99.906494140625,492.00311279296875,834.8014526367188,2048,1440,492,834
HLC20-H3,2023,202302270146,PP,0,/Volumes/Seagate Portable Drive/KYLE_AI_DATABASE/A_CAMERA/Focal_species/Gulo gulo/HLC20-H3/PP/2023/B&W/Robust marks/02.27-01.46/RCNX2011.JPG,RCNX2011.JPG,HLC20-H3_2023_202302270146_RCNX2011.jpg,0.8846721053123474,844.7587890625,243.57981872558594,534.79052734375,774.52783203125,2048,1440,534,774
HLC20-H3,2023,202302270146,PP,0,/Volumes/Seagate Portable Drive/KYLE_AI_DATABASE/A_CAMERA/Focal_species/Gulo gulo/HLC20-H3/PP/2023/B&W/Robust marks/02.27-01.46/RCNX2012.JPG,RCNX2012.JPG,HLC20-H3_2023_202302270146_RCNX2012.jpg,0.8077642917633057,842.770751953125,177.67677307128906,540.465087890625,880.4400634765625,2048,1440,540,880
HLC20-H3,2023,202302270146,PP,0,/Volumes/Seagate Portable Drive/KYLE_AI_DATABASE/A_CAMERA/Focal_species/Gulo gulo/HLC20-H3/PP/2023/B&W/Robust marks/02.27-01.46/RCNX2014.JPG,RCNX2014.JPG,HLC20-H3_2023_202302270146_RCNX2014.jpg,0.9136786460876465,923.2028198242188,403.8446044921875,420.36407470703125,769.7391357421875,2048,1440,420,769
HLC20-H3,2023,202302270146,PP,0,/Volumes/Seagate Portable Drive/KYLE_AI_DATABASE/A_CAMERA/Focal_species/Gulo gulo/HLC20-H3/PP/2023/B&W/Robust marks/02.27-01.46/RCNX2016.JPG,RCNX2016.JPG,HLC20-H3_2023_202302270146_RCNX2016.jpg,0.9241264462471008,851.87109375,109.32645416259766,491.45751953125,1065.33984375,2048,1440,491,1065
HLC20-H3,2023,202302270146,PP,0,/Volumes/Seagate Portable Drive/KYLE_AI_DATABASE/A_CAMERA/Focal_species/Gulo gulo/HLC20-H3/PP/2023/B&W/Robust marks/02.27-01.46/RCNX2017.JPG,RCNX2017.JPG,HLC20-H3_2023_202302270146_RCNX2017.jpg,0.876556396484375,946.2255859375,421.9938659667969,395.39794921875,754.3529052734375,2048,1440,395,754
HLC20-H3,2023,202302270146,PP,0,/Volumes/Seagate Portable Drive/KYLE_AI_DATABASE/A_CAMERA/Focal_species/Gulo gulo/HLC20-H3/PP/2023/B&W/Robust marks/02.27-01.46/RCNX2018.JPG,RCNX2018.JPG,HLC20-H3_2023_202302270146_RCNX2018.jpg,0.803873598575592,920.0654296875,445.0898742675781,423.065185546875,781.3370361328125,2048,1440,423,781
HLC20-H3,2023,202302270146,PP,0,/Volumes/Seagate Portable Drive/KYLE_AI_DATABASE/A_CAMERA/Focal_species/Gulo gulo/HLC20-H3/PP/2023/B&W/Robust marks/02.27-01.46/RCNX2019.JPG,RCNX2019.JPG,HLC20-H3_2023_202302270146_RCNX2019.jpg,0.8848862051963806,888.5488891601562,88.01018524169922,453.26080322265625,1141.8116455078125,2048,1440,453,1141
HLC20-H3,2023,202302270146,PP,0,/Volumes/Seagate Portable Drive/KYLE_AI_DATABASE/A_CAMERA/Focal_species/Gulo gulo/HLC20-H3/PP/2023/B&W/Robust marks/02.27-01.46/RCNX2020.JPG,RCNX2020.JPG,HLC20-H3_2023_202302270146_RCNX2020.jpg,0.876335084438324,891.844482421875,258.1899108886719,453.450927734375,971.981689453125,2048,1440,453,971
HLC20-H3,2023,202302270146,PP,0,/Volumes/Seagate Portable Drive/KYLE_AI_DATABASE/A_CAMERA/Focal_species/Gulo gulo/HLC20-H3/PP/2023/B&W/Robust marks/02.27-01.46/RCNX2021.JPG,RCNX2021.JPG,HLC20-H3_2023_202302270146_RCNX2021.jpg,0.9100005626678467,885.1273193359375,250.44857788085938,438.80029296875,920.0931396484375,2048,1440,438,920
HLC20-H3,2023,202302270146,PP,0,/Volumes/Seagate Portable Drive/KYLE_AI_DATABASE/A_CAMERA/Focal_species/Gulo gulo/HLC20-H3/PP/2023/B&W/Robust marks/02.27-01.46/RCNX2022.JPG,RCNX2022.JPG,HLC20-H3_2023_202302270146_RCNX2022.jpg,0.8770635724067688,892.9017333984375,474.37957763671875,402.38671875,782.2272338867188,2048,1440,402,782
HLC20-H3,2023,202302270146,PP,0,/Volumes/Seagate Portable Drive/KYLE_AI_DATABASE/A_CAMERA/Focal_species/Gulo gulo/HLC20-H3/PP/2023/B&W/Robust marks/02.27-01.46/RCNX2024.JPG,RCNX2024.JPG,HLC20-H3_2023_202302270146_RCNX2024.jpg,0.9348480105400085,923.5004272460938,574.9031372070312,418.98297119140625,625.3242797851562,2048,1440,418,625
HLC20-H3,2023,202302270146,PP,0,/Volumes/Seagate Portable Drive/KYLE_AI_DATABASE/A_CAMERA/Focal_species/Gulo gulo/HLC20-H3/PP/2023/B&W/Robust marks/02.27-01.46/RCNX2027.JPG,RCNX2027.JPG,HLC20-H3_2023_202302270146_RCNX2027.jpg,0.8865165710449219,917.5478515625,528.5529174804688,426.6484375,658.9055786132812,2048,1440,426,658
HLC20-H3,2023,202302270146,PP,0,/Volumes/Seagate Portable Drive/KYLE_AI_DATABASE/A_CAMERA/Focal_species/Gulo gulo/HLC20-H3/PP/2023/B&W/Robust marks/02.27-01.46/RCNX2029.JPG,RCNX2029.JPG,HLC20-H3_2023_202302270146_RCNX2029.jpg,0.8886886835098267,924.3433837890625,530.2962646484375,423.934814453125,651.7674560546875,2048,1440,423,651
HLC20-H3,2023,202302270146,PP,0,/Volumes/Seagate Portable Drive/KYLE_AI_DATABASE/A_CAMERA/Focal_species/Gulo gulo/HLC20-H3/PP/2023/B&W/Robust marks/02.27-01.46/RCNX2030.JPG,RCNX2030.JPG,HLC20-H3_2023_202302270146_RCNX2030.jpg,0.916198194026947,924.0501708984375,530.2607421875,423.88525390625,655.1549072265625,2048,1440,423,655
HLC20-H3,2023,202302270146,PP,0,/Volumes/Seagate Portable Drive/KYLE_AI_DATABASE/A_CAMERA/Focal_species/Gulo gulo/HLC20-H3/PP/2023/B&W/Robust marks/02.27-01.46/RCNX2033.JPG,RCNX2033.JPG,HLC20-H3_2023_202302270146_RCNX2033.jpg,0.8902722597122192,831.10498046875,103.25337219238281,544.5302734375,908.5479736328125,2048,1440,544,908
HLC20-H3,2023,202302270146,PP,0,/Volumes/Seagate Portable Drive/KYLE_AI_DATABASE/A_CAMERA/Focal_species/Gulo gulo/HLC20-H3/PP/2023/B&W/Robust marks/02.27-01.46/RCNX2034.JPG,RCNX2034.JPG,HLC20-H3_2023_202302270146_RCNX2034.jpg,0.8771437406539917,816.280517578125,105.03753662109375,555.750244140625,897.8760375976562,2048,1440,555,897
HLC20-H3,2023,202302270146,PP,0,/Volumes/Seagate Portable Drive/KYLE_AI_DATABASE/A_CAMERA/Focal_species/Gulo gulo/HLC20-H3/PP/2023/B&W/Robust marks/02.27-01.46/RCNX2035.JPG,RCNX2035.JPG,HLC20-H3_2023_202302270146_RCNX2035.jpg,0.9621390104293823,790.0746459960938,111.96493530273438,581.4556274414062,891.040283203125,2048,1440,581,891
HLC20-H3,2023,202302270146,PP,0,/Volumes/Seagate Portable Drive/KYLE_AI_DATABASE/A_CAMERA/Focal_species/Gulo gulo/HLC20-H3/PP/2023/B&W/Robust marks/02.27-01.46/RCNX2036.JPG,RCNX2036.JPG,HLC20-H3_2023_202302270146_RCNX2036.jpg,0.9488848447799683,810.1414794921875,127.85511016845703,567.272705078125,880.3931274414062,2048,1440,567,880
HLC20-H3,2023,202302270146,PP,0,/Volumes/Seagate Portable Drive/KYLE_AI_DATABASE/A_CAMERA/Focal_species/Gulo gulo/HLC20-H3/PP/2023/B&W/Robust marks/02.27-01.46/RCNX2038.JPG,RCNX2038.JPG,HLC20-H3_2023_202302270146_RCNX2038.jpg,0.8754569888114929,866.009033203125,480.21240234375,504.07958984375,553.4962158203125,2048,1440,504,553
HLC20-H3,2023,202302270146,PP,0,/Volumes/Seagate Portable Drive/KYLE_AI_DATABASE/A_CAMERA/Focal_species/Gulo gulo/HLC20-H3/PP/2023/B&W/Robust marks/02.27-01.46/RCNX2042.JPG,RCNX2042.JPG,HLC20-H3_2023_202302270146_RCNX2042.jpg,0.9410256743431091,1006.6680908203125,70.98678588867188,354.753173828125,971.657470703125,2048,1440,354,971
HLC20-H3,2023,202302270146,PP,0,/Volumes/Seagate Portable Drive/KYLE_AI_DATABASE/A_CAMERA/Focal_species/Gulo gulo/HLC20-H3/PP/2023/B&W/Robust marks/02.27-01.46/RCNX2044.JPG,RCNX2044.JPG,HLC20-H3_2023_202302270146_RCNX2044.jpg,0.9141444563865662,904.9935302734375,525.5100708007812,432.562255859375,657.4356079101562,2048,1440,432,657
HLC20-H3,2023,202302270146,PP,0,/Volumes/Seagate Portable Drive/KYLE_AI_DATABASE/A_CAMERA/Focal_species/Gulo gulo/HLC20-H3/PP/2023/B&W/Robust marks/02.27-01.46/RCNX2047.JPG,RCNX2047.JPG,HLC20-H3_2023_202302270146_RCNX2047.jpg,0.9537386298179626,842.2146606445312,162.17172241210938,511.60003662109375,1025.6380615234375,2048,1440,511,1025
HLC20-H3,2023,202302270146,PP,0,/Volumes/Seagate Portable Drive/KYLE_AI_DATABASE/A_CAMERA/Focal_species/Gulo gulo/HLC20-H3/PP/2023/B&W/Robust marks/02.27-01.46/RCNX2048.JPG,RCNX2048.JPG,HLC20-H3_2023_202302270146_RCNX2048.jpg,0.928545355796814,841.7054443359375,108.03453063964844,481.435302734375,1066.68115234375,2048,1440,481,1066
HLC20-H3,2023,202302270146,PP,0,/Volumes/Seagate Portable Drive/KYLE_AI_DATABASE/A_CAMERA/Focal_species/Gulo gulo/HLC20-H3/PP/2023/B&W/Robust marks/02.27-01.46/RCNX2049.JPG,RCNX2049.JPG,HLC20-H3_2023_202302270146_RCNX2049.jpg,0.9120153784751892,874.8802490234375,425.45233154296875,425.105712890625,737.8234252929688,2048,1440,425,737
HLC20-H3,2023,202302270146,PP,0,/Volumes/Seagate Portable Drive/KYLE_AI_DATABASE/A_CAMERA/Focal_species/Gulo gulo/HLC20-H3/PP/2023/B&W/Robust marks/02.27-01.46/RCNX2050.JPG,RCNX2050.JPG,HLC20-H3_2023_202302270146_RCNX2050.jpg,0.8217269778251648,838.6410522460938,496.0805358886719,456.22332763671875,638.576904296875,2048,1440,456,638
HLC20-H3,2023,202302270146,PP,0,/Volumes/Seagate Portable Drive/KYLE_AI_DATABASE/A_CAMERA/Focal_species/Gulo gulo/HLC20-H3/PP/2023/B&W/Robust marks/02.27-01.46/RCNX2051.JPG,RCNX2051.JPG,HLC20-H3_2023_202302270146_RCNX2051.jpg,0.8457741737365723,993.7108764648438,225.496826171875,336.74359130859375,814.52294921875,2048,1440,336,814
HLC20-H3,2023,202302270146,PP,0,/Volumes/Seagate Portable Drive/KYLE_AI_DATABASE/A_CAMERA/Focal_species/Gulo gulo/HLC20-H3/PP/2023/B&W/Robust marks/02.27-01.46/RCNX2052.JPG,RCNX2052.JPG,HLC20-H3_2023_202302270146_RCNX2052.jpg,0.9116812348365784,995.9002685546875,312.1910095214844,317.14111328125,691.1005859375,2048,1440,317,691
HLC20-H3,2023,202302270146,PP,0,/Volumes/Seagate Portable Drive/KYLE_AI_DATABASE/A_CAMERA/Focal_species/Gulo gulo/HLC20-H3/PP/2023/B&W/Robust marks/02.27-01.46/RCNX2053.JPG,RCNX2053.JPG,HLC20-H3_2023_202302270146_RCNX2053.jpg,0.9570834040641785,960.68212890625,100.78522491455078,368.82470703125,904.7089233398438,2048,1440,368,904
HLC20-H3,2023,202302270146,PP,0,/Volumes/Seagate Portable Drive/KYLE_AI_DATABASE/A_CAMERA/Focal_species/Gulo gulo/HLC20-H3/PP/2023/B&W/Robust marks/02.27-01.46/RCNX2054.JPG,RCNX2054.JPG,HLC20-H3_2023_202302270146_RCNX2054.jpg,0.9615797400474548,870.1796264648438,94.66768646240234,487.09820556640625,911.86865234375,2048,1440,487,911
HLC20-H3,2023,202302270146,PP,0,/Volumes/Seagate Portable Drive/KYLE_AI_DATABASE/A_CAMERA/Focal_species/Gulo gulo/HLC20-H3/PP/2023/B&W/Robust marks/02.27-01.46/RCNX2055.JPG,RCNX2055.JPG,HLC20-H3_2023_202302270146_RCNX2055.jpg,0.9082936644554138,1026.239990234375,306.381591796875,352.779296875,708.6213989257812,2048,1440,352,708
HLC20-H3,2023,202302270146,PP,0,/Volumes/Seagate Portable Drive/KYLE_AI_DATABASE/A_CAMERA/Focal_species/Gulo gulo/HLC20-H3/PP/2023/B&W/Robust marks/02.27-01.46/RCNX2057.JPG,RCNX2057.JPG,HLC20-H3_2023_202302270146_RCNX2057.jpg,0.8668054938316345,1021.5137329101562,349.7322998046875,388.66131591796875,641.8609008789062,2048,1440,388,641
HLC20-H3,2023,202302270146,PP,0,/Volumes/Seagate Portable Drive/KYLE_AI_DATABASE/A_CAMERA/Focal_species/Gulo gulo/HLC20-H3/PP/2023/B&W/Robust marks/02.27-01.46/RCNX2058.JPG,RCNX2058.JPG,HLC20-H3_2023_202302270146_RCNX2058.jpg,0.9323089122772217,1099.621337890625,308.7723083496094,313.2568359375,710.0279541015625,2048,1440,313,710
HLC20-H3,2023,202302270146,PP,0,/Volumes/Seagate Portable Drive/KYLE_AI_DATABASE/A_CAMERA/Focal_species/Gulo gulo/HLC20-H3/PP/2023/B&W/Robust marks/02.27-01.46/RCNX2059.JPG,RCNX2059.JPG,HLC20-H3_2023_202302270146_RCNX2059.jpg,0.9724231362342834,934.9168701171875,84.88805389404297,510.888916015625,942.8216552734375,2048,1440,510,942
HLC20-H3,2023,202302270146,PP,0,/Volumes/Seagate Portable Drive/KYLE_AI_DATABASE/A_CAMERA/Focal_species/Gulo gulo/HLC20-H3/PP/2023/B&W/Robust marks/02.27-01.46/RCNX2060.JPG,RCNX2060.JPG,HLC20-H3_2023_202302270146_RCNX2060.jpg,0.9475476145744324,904.0152587890625,85.3543701171875,518.07861328125,937.9312744140625,2048,1440,518,937
HLC20-H3,2023,202302270146,PP,0,/Volumes/Seagate Portable Drive/KYLE_AI_DATABASE/A_CAMERA/Focal_species/Gulo gulo/HLC20-H3/PP/2023/B&W/Robust marks/02.27-01.46/RCNX2061.JPG,RCNX2061.JPG,HLC20-H3_2023_202302270146_RCNX2061.jpg,0.9005254507064819,1020.7098388671875,348.6953430175781,403.733642578125,647.455810546875,2048,1440,403,647
HLC20-H3,2023,202302270146,PP,0,/Volumes/Seagate Portable Drive/KYLE_AI_DATABASE/A_CAMERA/Focal_species/Gulo gulo/HLC20-H3/PP/2023/B&W/Robust marks/02.27-01.46/RCNX2063.JPG,RCNX2063.JPG,HLC20-H3_2023_202302270146_RCNX2063.jpg,0.955564558506012,880.23876953125,66.11331939697266,529.41943359375,941.6544799804688,2048,1440,529,941
HLC20-H3,2023,202302270146,PP,0,/Volumes/Seagate Portable Drive/KYLE_AI_DATABASE/A_CAMERA/Focal_species/Gulo gulo/HLC20-H3/PP/2023/B&W/Robust marks/02.27-01.46/RCNX2064.JPG,RCNX2064.JPG,HLC20-H3_2023_202302270146_RCNX2064.jpg,0.9705216884613037,853.4627075195312,67.58145141601562,559.7482299804688,940.2711181640625,2048,1440,559,940
HLC20-H3,2023,202302270146,PP,0,/Volumes/Seagate Portable Drive/KYLE_AI_DATABASE/A_CAMERA/Focal_species/Gulo gulo/HLC20-H3/PP/2023/B&W/Robust marks/02.27-01.46/RCNX2065.JPG,RCNX2065.JPG,HLC20-H3_2023_202302270146_RCNX2065.jpg,0.9682691097259521,858.293701171875,68.1313247680664,555.379638671875,935.3021850585938,2048,1440,555,935
HLC20-H3,2023,202302270146,PP,0,/Volumes/Seagate Portable Drive/KYLE_AI_DATABASE/A_CAMERA/Focal_species/Gulo gulo/HLC20-H3/PP/2023/B&W/Robust marks/02.27-01.46/RCNX2066.JPG,RCNX2066.JPG,HLC20-H3_2023_202302270146_RCNX2066.jpg,0.8042379021644592,861.180419921875,80.21456909179688,554.7412109375,928.3956298828125,2048,1440,554,928
HLC20-H3,2023,202302270146,PP,0,/Volumes/Seagate Portable Drive/KYLE_AI_DATABASE/A_CAMERA/Focal_species/Gulo gulo/HLC20-H3/PP/2023/B&W/Robust marks/02.27-01.46/RCNX2067.JPG,RCNX2067.JPG,HLC20-H3_2023_202302270146_RCNX2067.jpg,0.8967844843864441,1006.6212768554688,388.6108093261719,417.89019775390625,596.298095703125,2048,1440,417,596
HLC20-H3,2023,202302270146,PP,0,/Volumes/Seagate Portable Drive/KYLE_AI_DATABASE/A_CAMERA/Focal_species/Gulo gulo/HLC20-H3/PP/2023/B&W/Robust marks/02.27-01.46/RCNX2068.JPG,RCNX2068.JPG,HLC20-H3_2023_202302270146_RCNX2068.jpg,0.9735960960388184,829.7408447265625,92.61903381347656,592.25341796875,896.6292114257812,2048,1440,592,896
HLC20-H3,2023,202302270146,PP,0,/Volumes/Seagate Portable Drive/KYLE_AI_DATABASE/A_CAMERA/Focal_species/Gulo gulo/HLC20-H3/PP/2023/B&W/Robust marks/02.27-01.46/RCNX2069.JPG,RCNX2069.JPG,HLC20-H3_2023_202302270146_RCNX2069.jpg,0.9706780910491943,824.624267578125,103.47340393066406,594.651611328125,907.7362060546875,2048,1440,594,907
HLC20-H3,2023,202302270146,PP,0,/Volumes/Seagate Portable Drive/KYLE_AI_DATABASE/A_CAMERA/Focal_species/Gulo gulo/HLC20-H3/PP/2023/B&W/Robust marks/02.27-01.46/RCNX2070.JPG,RCNX2070.JPG,HLC20-H3_2023_202302270146_RCNX2070.jpg,0.9338886141777039,822.9202880859375,99.48553466796875,592.37255859375,921.2535400390625,2048,1440,592,921
HLC20-H3,2023,202302270146,PP,0,/Volumes/Seagate Portable Drive/KYLE_AI_DATABASE/A_CAMERA/Focal_species/Gulo gulo/HLC20-H3/PP/2023/B&W/Robust marks/02.27-01.46/RCNX2072.JPG,RCNX2072.JPG,HLC20-H3_2023_202302270146_RCNX2072.jpg,0.9262793660163879,903.28564453125,74.12784576416016,525.686767578125,935.1217041015625,2048,1440,525,935
HLC20-H3,2023,202302270146,PP,0,/Volumes/Seagate Portable Drive/KYLE_AI_DATABASE/A_CAMERA/Focal_species/Gulo gulo/HLC20-H3/PP/2023/B&W/Robust marks/02.27-01.46/RCNX2073.JPG,RCNX2073.JPG,HLC20-H3_2023_202302270146_RCNX2073.jpg,0.9187203645706177,927.17529296875,81.9247055053711,504.020751953125,941.3182983398438,2048,1440,504,941
HLC20-H3,2023,202302270146,PP,0,/Volumes/Seagate Portable Drive/KYLE_AI_DATABASE/A_CAMERA/Focal_species/Gulo gulo/HLC20-H3/PP/2023/B&W/Robust marks/02.27-01.46/RCNX2074.JPG,RCNX2074.JPG,HLC20-H3_2023_202302270146_RCNX2074.jpg,0.9173941612243652,925.82666015625,77.24710083007812,494.071044921875,944.6339111328125,2048,1440,494,944
HLC20-H3,2023,202302270146,PP,0,/Volumes/Seagate Portable Drive/KYLE_AI_DATABASE/A_CAMERA/Focal_species/Gulo gulo/HLC20-H3/PP/2023/B&W/Robust marks/02.27-01.46/RCNX2075.JPG,RCNX2075.JPG,HLC20-H3_2023_202302270146_RCNX2075.jpg,0.9222925901412964,882.7421875,79.17601776123047,544.59033203125,929.902099609375,2048,1440,544,929
HLC20-H3,2023,202302270146,PP,0,/Volumes/Seagate Portable Drive/KYLE_AI_DATABASE/A_CAMERA/Focal_species/Gulo gulo/HLC20-H3/PP/2023/B&W/Robust marks/02.27-01.46/RCNX2076.JPG,RCNX2076.JPG,HLC20-H3_2023_202302270146_RCNX2076.jpg,0.9623432755470276,893.168212890625,98.32312774658203,549.228759765625,892.0632934570312,2048,1440,549,892
HLC20-H3,2023,202302270146,PP,0,/Volumes/Seagate Portable Drive/KYLE_AI_DATABASE/A_CAMERA/Focal_species/Gulo gulo/HLC20-H3/PP/2023/B&W/Robust marks/02.27-01.46/RCNX2077.JPG,RCNX2077.JPG,HLC20-H3_2023_202302270146_RCNX2077.jpg,0.9585798382759094,897.2000732421875,95.16764831542969,552.292724609375,881.5006103515625,2048,1440,552,881
HLC20-H3,2023,202302270146,PP,0,/Volumes/Seagate Portable Drive/KYLE_AI_DATABASE/A_CAMERA/Focal_species/Gulo gulo/HLC20-H3/PP/2023/B&W/Robust marks/02.27-01.46/RCNX2078.JPG,RCNX2078.JPG,HLC20-H3_2023_202302270146_RCNX2078.jpg,0.9580386877059937,861.21142578125,91.36019897460938,564.971923828125,898.2386474609375,2048,1440,564,898
HLC20-H3,2023,202302270146,PP,0,/Volumes/Seagate Portable Drive/KYLE_AI_DATABASE/A_CAMERA/Focal_species/Gulo gulo/HLC20-H3/PP/2023/B&W/Robust marks/02.27-01.46/RCNX2079.JPG,RCNX2079.JPG,HLC20-H3_2023_202302270146_RCNX2079.jpg,0.9592031836509705,884.5249633789062,88.44427490234375,534.6168823242188,908.1792602539062,2048,1440,534,908
HLC20-H3,2023,202302270146,PP,0,/Volumes/Seagate Portable Drive/KYLE_AI_DATABASE/A_CAMERA/Focal_species/Gulo gulo/HLC20-H3/PP/2023/B&W/Robust marks/02.27-01.46/RCNX2080.JPG,RCNX2080.JPG,HLC20-H3_2023_202302270146_RCNX2080.jpg,0.9512472152709961,887.02197265625,85.04967498779297,532.982666015625,913.9671630859375,2048,1440,532,913
HLC20-H3,2023,202302270146,PP,0,/Volumes/Seagate Portable Drive/KYLE_AI_DATABASE/A_CAMERA/Focal_species/Gulo gulo/HLC20-H3/PP/2023/B&W/Robust marks/02.27-01.46/RCNX2081.JPG,RCNX2081.JPG,HLC20-H3_2023_202302270146_RCNX2081.jpg,0.8974640369415283,968.65478515625,460.27008056640625,447.2978515625,565.0972290039062,2048,1440,447,565
HLC20-H3,2023,202302270146,PP,0,/Volumes/Seagate Portable Drive/KYLE_AI_DATABASE/A_CAMERA/Focal_species/Gulo gulo/HLC20-H3/PP/2023/B&W/Robust marks/02.27-01.46/RCNX2082.JPG,RCNX2082.JPG,HLC20-H3_2023_202302270146_RCNX2082.jpg,0.8774495124816895,941.8614501953125,460.77398681640625,482.2783203125,563.4586791992188,2048,1440,482,563
HLC20-H3,2023,202302270146,PP,0,/Volumes/Seagate Portable Drive/KYLE_AI_DATABASE/A_CAMERA/Focal_species/Gulo gulo/HLC20-H3/PP/2023/B&W/Robust marks/02.27-01.46/RCNX2083.JPG,RCNX2083.JPG,HLC20-H3_2023_202302270146_RCNX2083.jpg,0.85740065574646,963.8685913085938,395.3719787597656,458.14361572265625,619.0592041015625,2048,1440,458,619
HLC20-H3,2023,202302270146,PP,0,/Volumes/Seagate Portable Drive/KYLE_AI_DATABASE/A_CAMERA/Focal_species/Gulo gulo/HLC20-H3/PP/2023/B&W/Robust marks/02.27-01.46/RCNX2085.JPG,RCNX2085.JPG,HLC20-H3_2023_202302270146_RCNX2085.jpg,0.8659117221832275,906.9661254882812,86.88395690917969,518.4801635742188,943.4880981445312,2048,1440,518,943
HLC20-H3,2023,202302270146,PP,0,/Volumes/Seagate Portable Drive/KYLE_AI_DATABASE/A_CAMERA/Focal_species/Gulo gulo/HLC20-H3/PP/2023/B&W/Robust marks/02.27-01.46/RCNX2086.JPG,RCNX2086.JPG,HLC20-H3_2023_202302270146_RCNX2086.jpg,0.9388159513473511,919.25146484375,81.66129302978516,505.125,951.4861450195312,2048,1440,505,951
HLC20-H3,2023,202302270146,PP,0,/Volumes/Seagate Portable Drive/KYLE_AI_DATABASE/A_CAMERA/Focal_species/Gulo gulo/HLC20-H3/PP/2023/B&W/Robust marks/02.27-01.46/RCNX2087.JPG,RCNX2087.JPG,HLC20-H3_2023_202302270146_RCNX2087.jpg,0.9411595463752747,893.6085815429688,93.20006561279297,531.8154907226562,943.3878173828125,2048,1440,531,943
HLC20-H3,2023,202302270146,PP,0,/Volumes/Seagate Portable Drive/KYLE_AI_DATABASE/A_CAMERA/Focal_species/Gulo gulo/HLC20-H3/PP/2023/B&W/Robust marks/02.27-01.46/RCNX2088.JPG,RCNX2088.JPG,HLC20-H3_2023_202302270146_RCNX2088.jpg,0.9378654360771179,892.0216064453125,89.46334075927734,527.927734375,939.9039916992188,2048,1440,527,939
HLC20-H3,2023,202302270146,PP,0,/Volumes/Seagate Portable Drive/KYLE_AI_DATABASE/A_CAMERA/Focal_species/Gulo gulo/HLC20-H3/PP/2023/B&W/Robust marks/02.27-01.46/RCNX2089.JPG,RCNX2089.JPG,HLC20-H3_2023_202302270146_RCNX2089.jpg,0.9521394968032837,857.8510131835938,91.44341278076172,557.3228149414062,929.7403564453125,2048,1440,557,929
HLC20-H3,2023,202302270146,PP,0,/Volumes/Seagate Portable Drive/KYLE_AI_DATABASE/A_CAMERA/Focal_species/Gulo gulo/HLC20-H3/PP/2023/B&W/Robust marks/02.27-01.46/RCNX2090.JPG,RCNX2090.JPG,HLC20-H3_2023_202302270146_RCNX2090.jpg,0.9596518874168396,875.5426025390625,93.947265625,544.459716796875,910.9856567382812,2048,1440,544,910
HLC20-H3,2023,202302270146,PP,0,/Volumes/Seagate Portable Drive/KYLE_AI_DATABASE/A_CAMERA/Focal_species/Gulo gulo/HLC20-H3/PP/2023/B&W/Robust marks/02.27-01.46/RCNX2091.JPG,RCNX2091.JPG,HLC20-H3_2023_202302270146_RCNX2091.jpg,0.9454019069671631,959.2730102539062,449.70703125,433.35650634765625,553.8099365234375,2048,1440,433,553
HLC20-H3,2023,202302270146,PP,0,/Volumes/Seagate Portable Drive/KYLE_AI_DATABASE/A_CAMERA/Focal_species/Gulo gulo/HLC20-H3/PP/2023/B&W/Robust marks/02.27-01.46/RCNX2092.JPG,RCNX2092.JPG,HLC20-H3_2023_202302270146_RCNX2092.jpg,0.8857897520065308,916.8226318359375,105.97506713867188,482.635498046875,919.3922119140625,2048,1440,482,919
HLC20-H3,2023,202302270146,PP,0,/Volumes/Seagate Portable Drive/KYLE_AI_DATABASE/A_CAMERA/Focal_species/Gulo gulo/HLC20-H3/PP/2023/B&W/Robust marks/02.27-01.46/RCNX2093.JPG,RCNX2093.JPG,HLC20-H3_2023_202302270146_RCNX2093.jpg,0.965103268623352,906.3978881835938,113.82213592529297,488.39801025390625,929.1962890625,2048,1440,488,929
HLC20-H3,2023,202302270146,PP,0,/Volumes/Seagate Portable Drive/KYLE_AI_DATABASE/A_CAMERA/Focal_species/Gulo gulo/HLC20-H3/PP/2023/B&W/Robust marks/02.27-01.46/RCNX2094.JPG,RCNX2094.JPG,HLC20-H3_2023_202302270146_RCNX2094.jpg,0.9030053615570068,1010.0662841796875,457.4762878417969,392.296630859375,591.8780517578125,2048,1440,392,591
HLC20-H3,2023,202302270146,PP,0,/Volumes/Seagate Portable Drive/KYLE_AI_DATABASE/A_CAMERA/Focal_species/Gulo gulo/HLC20-H3/PP/2023/B&W/Robust marks/02.27-01.46/RCNX2095.JPG,RCNX2095.JPG,HLC20-H3_2023_202302270146_RCNX2095.jpg,0.9499807357788086,905.6837768554688,110.01803588867188,502.91705322265625,933.0277099609375,2048,1440,502,933
HLC20-H3,2023,202302270146,PP,0,/Volumes/Seagate Portable Drive/KYLE_AI_DATABASE/A_CAMERA/Focal_species/Gulo gulo/HLC20-H3/PP/2023/B&W/Robust marks/02.27-01.46/RCNX2099.JPG,RCNX2099.JPG,HLC20-H3_2023_202302270146_RCNX2099.jpg,0.9343545436859131,953.4678955078125,448.0428771972656,465.026611328125,547.4561767578125,2048,1440,465,547
HLC20-H3,2023,202302270146,PP,0,/Volumes/Seagate Portable Drive/KYLE_AI_DATABASE/A_CAMERA/Focal_species/Gulo gulo/HLC20-H3/PP/2023/B&W/Robust marks/02.27-01.46/RCNX2100.JPG,RCNX2100.JPG,HLC20-H3_2023_202302270146_RCNX2100.jpg,0.9745323657989502,830.1907958984375,103.95606994628906,598.910400390625,883.8960571289062,2048,1440,598,883
HLC20-H3,2023,202302270146,PP,0,/Volumes/Seagate Portable Drive/KYLE_AI_DATABASE/A_CAMERA/Focal_species/Gulo gulo/HLC20-H3/PP/2023/B&W/Robust marks/02.27-01.46/RCNX2101.JPG,RCNX2101.JPG,HLC20-H3_2023_202302270146_RCNX2101.jpg,0.9620442986488342,879.168701171875,102.63539123535156,536.01025390625,934.7779541015625,2048,1440,536,934
HLC20-H3,2023,202302270146,PP,0,/Volumes/Seagate Portable Drive/KYLE_AI_DATABASE/A_CAMERA/Focal_species/Gulo gulo/HLC20-H3/PP/2023/B&W/Robust marks/02.27-01.46/RCNX2103.JPG,RCNX2103.JPG,HLC20-H3_2023_202302270146_RCNX2103.jpg,0.8984045386314392,1021.9971923828125,426.7074279785156,401.803466796875,643.2413330078125,2048,1440,401,643
HLC20-H3,2023,202302270146,PP,0,/Volumes/Seagate Portable Drive/KYLE_AI_DATABASE/A_CAMERA/Focal_species/Gulo gulo/HLC20-H3/PP/2023/B&W/Robust marks/02.27-01.46/RCNX2105.JPG,RCNX2105.JPG,HLC20-H3_2023_202302270146_RCNX2105.jpg,0.8711717128753662,1010.6400146484375,455.61419677734375,422.481201171875,626.7109985351562,2048,1440,422,626
HLC20-H3,2023,202302270146,PP,0,/Volumes/Seagate Portable Drive/KYLE_AI_DATABASE/A_CAMERA/Focal_species/Gulo gulo/HLC20-H3/PP/2023/B&W/Robust marks/02.27-01.46/RCNX2106.JPG,RCNX2106.JPG,HLC20-H3_2023_202302270146_RCNX2106.jpg,0.9611226320266724,896.2197875976562,128.61187744140625,508.80902099609375,881.3705444335938,2048,1440,508,881
HLC20-H3,2023,202302270146,PP,0,/Volumes/Seagate Portable Drive/KYLE_AI_DATABASE/A_CAMERA/Focal_species/Gulo gulo/HLC20-H3/PP/2023/B&W/Robust marks/02.27-01.46/RCNX2107.JPG,RCNX2107.JPG,HLC20-H3_2023_202302270146_RCNX2107.jpg,0.9722595810890198,944.754150390625,104.25261688232422,454.603515625,912.1864624023438,2048,1440,454,912
HLC20-H3,2023,202302270146,PP,0,/Volumes/Seagate Portable Drive/KYLE_AI_DATABASE/A_CAMERA/Focal_species/Gulo gulo/HLC20-H3/PP/2023/B&W/Robust marks/02.27-01.46/RCNX2108.JPG,RCNX2108.JPG,HLC20-H3_2023_202302270146_RCNX2108.jpg,0.9642900824546814,877.8975219726562,100.21324920654297,514.5968627929688,904.5280151367188,2048,1440,514,904
HLC20-H3,2023,202302270146,PP,0,/Volumes/Seagate Portable Drive/KYLE_AI_DATABASE/A_CAMERA/Focal_species/Gulo gulo/HLC20-H3/PP/2023/B&W/Robust marks/02.27-01.46/RCNX2109.JPG,RCNX2109.JPG,HLC20-H3_2023_202302270146_RCNX2109.jpg,0.9544367790222168,840.0408935546875,104.04039764404297,491.0771484375,897.829833984375,2048,1440,491,897
HLC20-H3,2023,202302270146,PP,0,/Volumes/Seagate Portable Drive/KYLE_AI_DATABASE/A_CAMERA/Focal_species/Gulo gulo/HLC20-H3/PP/2023/B&W/Robust marks/02.27-01.46/RCNX2110.JPG,RCNX2110.JPG,HLC20-H3_2023_202302270146_RCNX2110.jpg,0.8997012972831726,916.03466796875,107.70494079589844,431.12451171875,910.4854736328125,2048,1440,431,910
HLC20-H3,2023,202302270146,PP,0,/Volumes/Seagate Portable Drive/KYLE_AI_DATABASE/A_CAMERA/Focal_species/Gulo gulo/HLC20-H3/PP/2023/B&W/Robust marks/02.27-01.46/RCNX2112.JPG,RCNX2112.JPG,HLC20-H3_2023_202302270146_RCNX2112.jpg,0.9642221331596375,921.908203125,99.81353759765625,423.955322265625,906.8587036132812,2048,1440,423,906
HLC20-H3,2023,202302270146,PP,0,/Volumes/Seagate Portable Drive/KYLE_AI_DATABASE/A_CAMERA/Focal_species/Gulo gulo/HLC20-H3/PP/2023/B&W/Robust marks/02.27-01.46/RCNX2114.JPG,RCNX2114.JPG,HLC20-H3_2023_202302270146_RCNX2114.jpg,0.9161167144775391,1001.6229858398438,446.29461669921875,333.57806396484375,587.8265991210938,2048,1440,333,587
HLC20-H3,2023,202302270146,PP,0,/Volumes/Seagate Portable Drive/KYLE_AI_DATABASE/A_CAMERA/Focal_species/Gulo gulo/HLC20-H3/PP/2023/B&W/Robust marks/02.27-01.46/RCNX2115.JPG,RCNX2115.JPG,HLC20-H3_2023_202302270146_RCNX2115.jpg,0.9165245294570923,922.09423828125,91.4501953125,439.9599609375,941.2769775390625,2048,1440,439,941
HLC20-H3,2023,202302270146,PP,0,/Volumes/Seagate Portable Drive/KYLE_AI_DATABASE/A_CAMERA/Focal_species/Gulo gulo/HLC20-H3/PP/2023/B&W/Robust marks/02.27-01.46/RCNX2116.JPG,RCNX2116.JPG,HLC20-H3_2023_202302270146_RCNX2116.jpg,0.8765456080436707,996.7739868164062,427.0859069824219,364.11395263671875,610.0648193359375,2048,1440,364,610
HLC20-H3,2023,202302270146,PP,0,/Volumes/Seagate Portable Drive/KYLE_AI_DATABASE/A_CAMERA/Focal_species/Gulo gulo/HLC20-H3/PP/2023/B&W/Robust marks/02.27-01.46/RCNX2117.JPG,RCNX2117.JPG,HLC20-H3_2023_202302270146_RCNX2117.jpg,0.9095088839530945,957.4713134765625,437.8110656738281,370.09326171875,522.08349609375,2048,1440,370,522
HLC20-H3,2023,202302270146,PP,0,/Volumes/Seagate Portable Drive/KYLE_AI_DATABASE/A_CAMERA/Focal_species/Gulo gulo/HLC20-H3/PP/2023/B&W/Robust marks/02.27-01.46/RCNX2118.JPG,RCNX2118.JPG,HLC20-H3_2023_202302270146_RCNX2118.jpg,0.9141539931297302,1006.5328979492188,402.3396301269531,332.75653076171875,626.442626953125,2048,1440,332,626
HLC20-H3,2023,202302270146,PP,0,/Volumes/Seagate Portable Drive/KYLE_AI_DATABASE/A_CAMERA/Focal_species/Gulo gulo/HLC20-H3/PP/2023/B&W/Robust marks/02.27-01.46/RCNX2119.JPG,RCNX2119.JPG,HLC20-H3_2023_202302270146_RCNX2119.jpg,0.9263795614242554,1007.8993530273438,399.7695617675781,339.46636962890625,636.203125,2048,1440,339,636
HLC20-H3,2023,202302270146,PP,0,/Volumes/Seagate Portable Drive/KYLE_AI_DATABASE/A_CAMERA/Focal_species/Gulo gulo/HLC20-H3/PP/2023/B&W/Robust marks/02.27-01.46/RCNX2121.JPG,RCNX2121.JPG,HLC20-H3_2023_202302270146_RCNX2121.jpg,0.9361379742622375,897.770263671875,136.10275268554688,541.51806640625,889.8790283203125,2048,1440,541,889
HLC20-H3,2023,202302270146,PP,0,/Volumes/Seagate Portable Drive/KYLE_AI_DATABASE/A_CAMERA/Focal_species/Gulo gulo/HLC20-H3/PP/2023/B&W/Robust marks/02.27-01.46/RCNX2122.JPG,RCNX2122.JPG,HLC20-H3_2023_202302270146_RCNX2122.jpg,0.8729000687599182,936.1777954101562,364.57611083984375,516.9054565429688,808.6026000976562,2048,1440,516,808
HLC20-H3,2023,202302270146,PP,0,/Volumes/Seagate Portable Drive/KYLE_AI_DATABASE/A_CAMERA/Focal_species/Gulo gulo/HLC20-H3/PP/2023/B&W/Robust marks/02.27-01.46/RCNX2123.JPG,RCNX2123.JPG,HLC20-H3_2023_202302270146_RCNX2123.jpg,0.8997876644134521,1051.3896484375,385.2292785644531,388.806396484375,783.550048828125,2048,1440,388,783
HLC20-H3,2023,202302270146,PP,0,/Volumes/Seagate Portable Drive/KYLE_AI_DATABASE/A_CAMERA/Focal_species/Gulo gulo/HLC20-H3/PP/2023/B&W/Robust marks/02.27-01.46/RCNX2124.JPG,RCNX2124.JPG,HLC20-H3_2023_202302270146_RCNX2124.jpg,0.9196182489395142,1066.269287109375,394.490966796875,384.63134765625,760.4986572265625,2048,1440,384,760
HLC20-H3,2023,202302270146,PP,0,/Volumes/Seagate Portable Drive/KYLE_AI_DATABASE/A_CAMERA/Focal_species/Gulo gulo/HLC20-H3/PP/2023/B&W/Robust marks/02.27-01.46/RCNX2125.JPG,RCNX2125.JPG,HLC20-H3_2023_202302270146_RCNX2125.jpg,0.8064447641372681,1058.7633056640625,421.6826171875,393.5859375,741.8419189453125,2048,1440,393,741
HLC20-H3,2023,202302270146,PP,0,/Volumes/Seagate Portable Drive/KYLE_AI_DATABASE/A_CAMERA/Focal_species/Gulo gulo/HLC20-H3/PP/2023/B&W/Robust marks/02.27-01.46/RCNX2126.JPG,RCNX2126.JPG,HLC20-H3_2023_202302270146_RCNX2126.jpg,0.9233753085136414,1065.2364501953125,425.11639404296875,405.89501953125,750.6498413085938,2048,1440,405,750
HLC20-H3,2023,202302270146,PP,0,/Volumes/Seagate Portable Drive/KYLE_AI_DATABASE/A_CAMERA/Focal_species/Gulo gulo/HLC20-H3/PP/2023/B&W/Robust marks/02.27-01.46/RCNX2127.JPG,RCNX2127.JPG,HLC20-H3_2023_202302270146_RCNX2127.jpg,0.9134702086448669,1055.1737060546875,414.35430908203125,461.068115234375,760.0643920898438,2048,1440,461,760
HLC20-H3,2023,202302270146,PP,0,/Volumes/Seagate Portable Drive/KYLE_AI_DATABASE/A_CAMERA/Focal_species/Gulo gulo/HLC20-H3/PP/2023/B&W/Robust marks/02.27-01.46/RCNX2128.JPG,RCNX2128.JPG,HLC20-H3_2023_202302270146_RCNX2128.jpg,0.9076615571975708,981.1199951171875,413.16265869140625,543.522705078125,761.6143188476562,2048,1440,543,761
HLC20-H3,2023,202302270146,PP,0,/Volumes/Seagate Portable Drive/KYLE_AI_DATABASE/A_CAMERA/Focal_species/Gulo gulo/HLC20-H3/PP/2023/B&W/Robust marks/02.27-01.46/RCNX2129.JPG,RCNX2129.JPG,HLC20-H3_2023_202302270146_RCNX2129.jpg,0.9258840680122375,1075.432373046875,412.9407043457031,416.64697265625,761.3895263671875,2048,1440,416,761
HLC20-H3,2023,202302270146,PP,0,/Volumes/Seagate Portable Drive/KYLE_AI_DATABASE/A_CAMERA/Focal_species/Gulo gulo/HLC20-H3/PP/2023/B&W/Robust marks/02.27-01.46/RCNX2130.JPG,RCNX2130.JPG,HLC20-H3_2023_202302270146_RCNX2130.jpg,0.9009289741516113,972.4608154296875,402.06256103515625,530.689453125,772.3657836914062,2048,1440,530,772
HLC20-H3,2023,202302270146,PP,0,/Volumes/Seagate Portable Drive/KYLE_AI_DATABASE/A_CAMERA/Focal_species/Gulo gulo/HLC20-H3/PP/2023/B&W/Robust marks/02.27-01.46/RCNX2131.JPG,RCNX2131.JPG,HLC20-H3_2023_202302270146_RCNX2131.jpg,0.9442249536514282,1041.904296875,526.5908203125,353.35107421875,646.666259765625,2048,1440,353,646
HLC20-H3,2023,202302270146,PP,0,/Volumes/Seagate Portable Drive/KYLE_AI_DATABASE/A_CAMERA/Focal_species/Gulo gulo/HLC20-H3/PP/2023/B&W/Robust marks/02.27-01.46/RCNX2132.JPG,RCNX2132.JPG,HLC20-H3_2023_202302270146_RCNX2132.jpg,0.9215467572212219,1010.0238037109375,59.53937530517578,407.901611328125,1099.40234375,2048,1440,407,1099
HLC20-H3,2023,202302270146,PP,0,/Volumes/Seagate Portable Drive/KYLE_AI_DATABASE/A_CAMERA/Focal_species/Gulo gulo/HLC20-H3/PP/2023/B&W/Robust marks/02.27-01.46/RCNX2133.JPG,RCNX2133.JPG,HLC20-H3_2023_202302270146_RCNX2133.jpg,0.8729990124702454,1042.8736572265625,382.7111511230469,356.362548828125,743.1337890625,2048,1440,356,743
HLC20-H3,2023,202302270146,PP,0,/Volumes/Seagate Portable Drive/KYLE_AI_DATABASE/A_CAMERA/Focal_species/Gulo gulo/HLC20-H3/PP/2023/B&W/Robust marks/02.27-01.46/RCNX2134.JPG,RCNX2134.JPG,HLC20-H3_2023_202302270146_RCNX2134.jpg,0.8511562347412109,1021.5130615234375,442.8148193359375,373.621337890625,697.939208984375,2048,1440,373,697
HLC20-H3,2023,202302270146,PP,0,/Volumes/Seagate Portable Drive/KYLE_AI_DATABASE/A_CAMERA/Focal_species/Gulo gulo/HLC20-H3/PP/2023/B&W/Robust marks/02.27-01.46/RCNX2135.JPG,RCNX2135.JPG,HLC20-H3_2023_202302270146_RCNX2135.jpg,0.9060782194137573,1026.5548095703125,56.764381408691406,368.80419921875,1088.9698486328125,2048,1440,368,1088
HLC20-H3,2023,202302270146,PP,0,/Volumes/Seagate Portable Drive/KYLE_AI_DATABASE/A_CAMERA/Focal_species/Gulo gulo/HLC20-H3/PP/2023/B&W/Robust marks/02.27-01.46/RCNX2136.JPG,RCNX2136.JPG,HLC20-H3_2023_202302270146_RCNX2136.jpg,0.892349362373352,1017.6840209960938,433.3088073730469,394.87969970703125,743.200439453125,2048,1440,394,743
HLC20-H3,2023,202302270146,PP,0,/Volumes/Seagate Portable Drive/KYLE_AI_DATABASE/A_CAMERA/Focal_species/Gulo gulo/HLC20-H3/PP/2023/B&W/Robust marks/02.27-01.46/RCNX2137.JPG,RCNX2137.JPG,HLC20-H3_2023_202302270146_RCNX2137.jpg,0.943035900592804,955.9757690429688,71.01768493652344,428.12652587890625,1102.3006591796875,2048,1440,428,1102
HLC20-H3,2023,202302270146,PP,0,/Volumes/Seagate Portable Drive/KYLE_AI_DATABASE/A_CAMERA/Focal_species/Gulo gulo/HLC20-H3/PP/2023/B&W/Robust marks/02.27-01.46/RCNX2138.JPG,RCNX2138.JPG,HLC20-H3_2023_202302270146_RCNX2138.jpg,0.9432203769683838,900.9130859375,76.63272857666016,418.504638671875,923.1405029296875,2048,1440,418,923
HLC20-H3,2023,202302270146,PP,0,/Volumes/Seagate Portable Drive/KYLE_AI_DATABASE/A_CAMERA/Focal_species/Gulo gulo/HLC20-H3/PP/2023/B&W/Robust marks/02.27-01.46/RCNX2139.JPG,RCNX2139.JPG,HLC20-H3_2023_202302270146_RCNX2139.jpg,0.9039546847343445,975.7684326171875,351.8727722167969,357.47265625,671.145751953125,2048,1440,357,671
HLC20-H3,2023,202302270146,PP,0,/Volumes/Seagate Portable Drive/KYLE_AI_DATABASE/A_CAMERA/Focal_species/Gulo gulo/HLC20-H3/PP/2023/B&W/Robust marks/02.27-01.46/RCNX2140.JPG,RCNX2140.JPG,HLC20-H3_2023_202302270146_RCNX2140.jpg,0.9302062392234802,816.1493530273438,406.4625549316406,508.68853759765625,605.2047119140625,2048,1440,508,605
HLC20-H3,2023,202302270146,PP,0,/Volumes/Seagate Portable Drive/KYLE_AI_DATABASE/A_CAMERA/Focal_species/Gulo gulo/HLC20-H3/PP/2023/B&W/Robust marks/02.27-01.46/RCNX2141.JPG,RCNX2141.JPG,HLC20-H3_2023_202302270146_RCNX2141.jpg,0.9062248468399048,843.358642578125,101.1236572265625,518.37646484375,915.5177612304688,2048,1440,518,915
HLC20-H3,2023,202302270146,PP,0,/Volumes/Seagate Portable Drive/KYLE_AI_DATABASE/A_CAMERA/Focal_species/Gulo gulo/HLC20-H3/PP/2023/B&W/Robust marks/02.27-01.46/RCNX2142.JPG,RCNX2142.JPG,HLC20-H3_2023_202302270146_RCNX2142.jpg,0.9045583009719849,999.62744140625,287.83843994140625,368.951171875,711.6142578125,2048,1440,368,711
HLC20-H3,2023,202302270146,PP,0,/Volumes/Seagate Portable Drive/KYLE_AI_DATABASE/A_CAMERA/Focal_species/Gulo gulo/HLC20-H3/PP/2023/B&W/Robust marks/02.27-01.46/RCNX2143.JPG,RCNX2143.JPG,HLC20-H3_2023_202302270146_RCNX2143.jpg,0.8259328603744507,971.840087890625,269.8315734863281,377.8671875,713.8194580078125,2048,1440,377,713
HLC20-H3,2023,202302270146,PP,0,/Volumes/Seagate Portable Drive/KYLE_AI_DATABASE/A_CAMERA/Focal_species/Gulo gulo/HLC20-H3/PP/2023/B&W/Robust marks/02.27-01.46/RCNX2144.JPG,RCNX2144.JPG,HLC20-H3_2023_202302270146_RCNX2144.jpg,0.907905101776123,944.6898803710938,290.1546630859375,442.93853759765625,718.2989501953125,2048,1440,442,718
HLC20-H3,2023,202302270146,PP,0,/Volumes/Seagate Portable Drive/KYLE_AI_DATABASE/A_CAMERA/Focal_species/Gulo gulo/HLC20-H3/PP/2023/B&W/Robust marks/02.27-01.46/RCNX2146.JPG,RCNX2146.JPG,HLC20-H3_2023_202302270146_RCNX2146.jpg,0.863162100315094,915.0818481445312,264.4618225097656,470.89739990234375,757.00048828125,2048,1440,470,757
HLC20-H3,2023,202302270146,PP,0,/Volumes/Seagate Portable Drive/KYLE_AI_DATABASE/A_CAMERA/Focal_species/Gulo gulo/HLC20-H3/PP/2023/B&W/Robust marks/02.27-01.46/RCNX2149.JPG,RCNX2149.JPG,HLC20-H3_2023_202302270146_RCNX2149.jpg,0.930421769618988,854.860595703125,32.606563568115234,569.8427734375,959.0401000976562,2048,1440,569,959
HLC20-H3,2023,202302270146,PP,0,/Volumes/Seagate Portable Drive/KYLE_AI_DATABASE/A_CAMERA/Focal_species/Gulo gulo/HLC20-H3/PP/2023/B&W/Robust marks/02.27-01.46/RCNX2150.JPG,RCNX2150.JPG,HLC20-H3_2023_202302270146_RCNX2150.jpg,0.8361309170722961,977.0806274414062,365.3081970214844,436.03533935546875,641.5865478515625,2048,1440,436,641
HLC20-H3,2023,202302270146,PP,0,/Volumes/Seagate Portable Drive/KYLE_AI_DATABASE/A_CAMERA/Focal_species/Gulo gulo/HLC20-H3/PP/2023/B&W/Robust marks/02.27-01.46/RCNX2151.JPG,RCNX2151.JPG,HLC20-H3_2023_202302270146_RCNX2151.jpg,0.8288127183914185,918.5490112304688,358.7421875,494.99810791015625,654.1885375976562,2048,1440,494,654
HLC20-H3,2023,202302270146,PP,0,/Volumes/Seagate Portable Drive/KYLE_AI_DATABASE/A_CAMERA/Focal_species/Gulo gulo/HLC20-H3/PP/2023/B&W/Robust marks/02.27-01.46/RCNX2152.JPG,RCNX2152.JPG,HLC20-H3_2023_202302270146_RCNX2152.jpg,0.9184309840202332,1004.9328002929688,350.6081237792969,402.94146728515625,677.65966796875,2048,1440,402,677
HLC20-H3,2023,202302270146,PP,0,/Volumes/Seagate Portable Drive/KYLE_AI_DATABASE/A_CAMERA/Focal_species/Gulo gulo/HLC20-H3/PP/2023/B&W/Robust marks/02.27-01.46/RCNX2153.JPG,RCNX2153.JPG,HLC20-H3_2023_202302270146_RCNX2153.jpg,0.8513928651809692,901.3312377929688,345.1590270996094,519.2449340820312,658.6571044921875,2048,1440,519,658
HLC20-H3,2023,202302270146,PP,0,/Volumes/Seagate Portable Drive/KYLE_AI_DATABASE/A_CAMERA/Focal_species/Gulo gulo/HLC20-H3/PP/2023/B&W/Robust marks/02.27-01.46/RCNX2154.JPG,RCNX2154.JPG,HLC20-H3_2023_202302270146_RCNX2154.jpg,0.8086757063865662,818.53955078125,340.2027282714844,593.837890625,645.90283203125,2048,1440,593,645
HLC20-H3,2023,202302270146,PP,0,/Volumes/Seagate Portable Drive/KYLE_AI_DATABASE/A_CAMERA/Focal_species/Gulo gulo/HLC20-H3/PP/2023/B&W/Robust marks/02.27-01.46/RCNX2156.JPG,RCNX2156.JPG,HLC20-H3_2023_202302270146_RCNX2156.jpg,0.9437534213066101,942.5728759765625,365.8008728027344,489.254150390625,601.0235595703125,2048,1440,489,601
HLC20-H3,2023,202302270146,PP,0,/Volumes/Seagate Portable Drive/KYLE_AI_DATABASE/A_CAMERA/Focal_species/Gulo gulo/HLC20-H3/PP/2023/B&W/Robust marks/02.27-01.46/RCNX2158.JPG,RCNX2158.JPG,HLC20-H3_2023_202302270146_RCNX2158.jpg,0.8859864473342896,938.3858032226562,357.16253662109375,488.00286865234375,635.9611206054688,2048,1440,488,635
HLC20-H3,2023,202302270146,PP,0,/Volumes/Seagate Portable Drive/KYLE_AI_DATABASE/A_CAMERA/Focal_species/Gulo gulo/HLC20-H3/PP/2023/B&W/Robust marks/02.27-01.46/RCNX2159.JPG,RCNX2159.JPG,HLC20-H3_2023_202302270146_RCNX2159.jpg,0.9151931405067444,937.3804321289062,357.16925048828125,488.75787353515625,634.2578735351562,2048,1440,488,634
HLC20-H3,2023,202302270146,PP,0,/Volumes/Seagate Portable Drive/KYLE_AI_DATABASE/A_CAMERA/Focal_species/Gulo gulo/HLC20-H3/PP/2023/B&W/Robust marks/02.27-01.46/RCNX2160.JPG,RCNX2160.JPG,HLC20-H3_2023_202302270146_RCNX2160.jpg,0.9088192582130432,935.0281372070312,361.3638000488281,489.65106201171875,637.362060546875,2048,1440,489,637
HLC20-H3,2023,202302270146,PP,0,/Volumes/Seagate Portable Drive/KYLE_AI_DATABASE/A_CAMERA/Focal_species/Gulo gulo/HLC20-H3/PP/2023/B&W/Robust marks/02.27-01.46/RCNX2161.JPG,RCNX2161.JPG,HLC20-H3_2023_202302270146_RCNX2161.jpg,0.8668021559715271,790.1472778320312,306.87109375,617.3295288085938,685.8461303710938,2048,1440,617,685
HLC20-H3,2023,202302270146,PP,0,/Volumes/Seagate Portable Drive/KYLE_AI_DATABASE/A_CAMERA/Focal_species/Gulo gulo/HLC20-H3/PP/2023/B&W/Robust marks/02.27-01.46/RCNX2162.JPG,RCNX2162.JPG,HLC20-H3_2023_202302270146_RCNX2162.jpg,0.8818695545196533,916.0275268554688,369.3249816894531,509.31280517578125,638.329833984375,2048,1440,509,638
HLC20-H3,2023,202302270146,PP,0,/Volumes/Seagate Portable Drive/KYLE_AI_DATABASE/A_CAMERA/Focal_species/Gulo gulo/HLC20-H3/PP/2023/B&W/Robust marks/02.27-01.46/RCNX2163.JPG,RCNX2163.JPG,HLC20-H3_2023_202302270146_RCNX2163.jpg,0.8726904988288879,949.6524658203125,366.72247314453125,469.7734375,650.026123046875,2048,1440,469,650
HLC20-H3,2023,202302270146,PP,0,/Volumes/Seagate Portable Drive/KYLE_AI_DATABASE/A_CAMERA/Focal_species/Gulo gulo/HLC20-H3/PP/2023/B&W/Robust marks/02.27-01.46/RCNX2164.JPG,RCNX2164.JPG,HLC20-H3_2023_202302270146_RCNX2164.jpg,0.9208876490592957,934.6019897460938,364.3699951171875,488.62139892578125,644.3267822265625,2048,1440,488,644
HLC20-H3,2023,202302270146,PP,0,/Volumes/Seagate Portable Drive/KYLE_AI_DATABASE/A_CAMERA/Focal_species/Gulo gulo/HLC20-H3/PP/2023/B&W/Robust marks/02.27-01.46/RCNX2165.JPG,RCNX2165.JPG,HLC20-H3_2023_202302270146_RCNX2165.jpg,0.9396931529045105,939.4476928710938,373.22308349609375,488.69219970703125,617.3568115234375,2048,1440,488,617
HLC20-H3,2023,202302270146,PP,0,/Volumes/Seagate Portable Drive/KYLE_AI_DATABASE/A_CAMERA/Focal_species/Gulo gulo/HLC20-H3/PP/2023/B&W/Robust marks/02.27-01.46/RCNX2166.JPG,RCNX2166.JPG,HLC20-H3_2023_202302270146_RCNX2166.jpg,0.9125862717628479,925.1531982421875,361.2325744628906,504.48876953125,623.5689697265625,2048,1440,504,623
HLC20-H3,2023,202302270146,PP,0,/Volumes/Seagate Portable Drive/KYLE_AI_DATABASE/A_CAMERA/Focal_species/Gulo gulo/HLC20-H3/PP/2023/B&W/Robust marks/02.27-01.46/RCNX2167.JPG,RCNX2167.JPG,HLC20-H3_2023_202302270146_RCNX2167.jpg,0.8174751400947571,831.8831787109375,338.69146728515625,591.201904296875,660.09228515625,2048,1440,591,660
HLC20-H3,2023,202302270146,PP,0,/Volumes/Seagate Portable Drive/KYLE_AI_DATABASE/A_CAMERA/Focal_species/Gulo gulo/HLC20-H3/PP/2023/B&W/Robust marks/02.27-01.46/RCNX2168.JPG,RCNX2168.JPG,HLC20-H3_2023_202302270146_RCNX2168.jpg,0.878713071346283,925.878173828125,325.5662841796875,501.74462890625,664.972412109375,2048,1440,501,664
HLC20-H3,2023,202302270146,PP,0,/Volumes/Seagate Portable Drive/KYLE_AI_DATABASE/A_CAMERA/Focal_species/Gulo gulo/HLC20-H3/PP/2023/B&W/Robust marks/02.27-01.46/RCNX2169.JPG,RCNX2169.JPG,HLC20-H3_2023_202302270146_RCNX2169.jpg,0.9065003991127014,873.3262939453125,312.0394287109375,547.9326171875,702.8289794921875,2048,1440,547,702
HLC20-H3,2023,202302270146,PP,0,/Volumes/Seagate Portable Drive/KYLE_AI_DATABASE/A_CAMERA/Focal_species/Gulo gulo/HLC20-H3/PP/2023/B&W/Robust marks/02.27-01.46/RCNX2170.JPG,RCNX2170.JPG,HLC20-H3_2023_202302270146_RCNX2170.jpg,0.9401134848594666,940.536865234375,374.6266784667969,484.004638671875,637.5587158203125,2048,1440,484,637
HLC20-H3,2023,202302270146,PP,0,/Volumes/Seagate Portable Drive/KYLE_AI_DATABASE/A_CAMERA/Focal_species/Gulo gulo/HLC20-H3/PP/2023/B&W/Robust marks/02.27-01.46/RCNX2171.JPG,RCNX2171.JPG,HLC20-H3_2023_202302270146_RCNX2171.jpg,0.9295507669448853,922.6201171875,340.4405517578125,499.91357421875,646.9583740234375,2048,1440,499,646
HLC20-H3,2023,202302270146,PP,0,/Volumes/Seagate Portable Drive/KYLE_AI_DATABASE/A_CAMERA/Focal_species/Gulo gulo/HLC20-H3/PP/2023/B&W/Robust marks/02.27-01.46/RCNX2172.JPG,RCNX2172.JPG,HLC20-H3_2023_202302270146_RCNX2172.jpg,0.9026466608047485,960.4148559570312,324.37579345703125,466.69525146484375,658.0305786132812,2048,1440,466,658
HLC20-H3,2023,202302270146,PP,0,/Volumes/Seagate Portable Drive/KYLE_AI_DATABASE/A_CAMERA/Focal_species/Gulo gulo/HLC20-H3/PP/2023/B&W/Robust marks/02.27-01.46/RCNX2173.JPG,RCNX2173.JPG,HLC20-H3_2023_202302270146_RCNX2173.jpg,0.921034574508667,780.7325439453125,243.88519287109375,646.06640625,750.7112426757812,2048,1440,646,750
HLC20-H3,2023,202302270146,PP,0,/Volumes/Seagate Portable Drive/KYLE_AI_DATABASE/A_CAMERA/Focal_species/Gulo gulo/HLC20-H3/PP/2023/B&W/Robust marks/02.27-01.46/RCNX2174.JPG,RCNX2174.JPG,HLC20-H3_2023_202302270146_RCNX2174.jpg,0.8724827170372009,755.1901245117188,245.37315368652344,668.4387817382812,753.5692138671875,2048,1440,668,753
HLC20-H3,2023,202302270146,PP,0,/Volumes/Seagate Portable Drive/KYLE_AI_DATABASE/A_CAMERA/Focal_species/Gulo gulo/HLC20-H3/PP/2023/B&W/Robust marks/02.27-01.46/RCNX2175.JPG,RCNX2175.JPG,HLC20-H3_2023_202302270146_RCNX2175.jpg,0.8464771509170532,739.662109375,229.02053833007812,676.59765625,606.56005859375,2048,1440,676,606
HLC20-H3,2023,202302270146,PP,0,/Volumes/Seagate Portable Drive/KYLE_AI_DATABASE/A_CAMERA/Focal_species/Gulo gulo/HLC20-H3/PP/2023/B&W/Robust marks/02.27-01.46/RCNX2178.JPG,RCNX2178.JPG,HLC20-H3_2023_202302270146_RCNX2178.jpg,0.8549752235412598,803.11279296875,37.85781478881836,616.08056640625,971.2113647460938,2048,1440,616,971
HLC20-H3,2023,202302270146,PP,0,/Volumes/Seagate Portable Drive/KYLE_AI_DATABASE/A_CAMERA/Focal_species/Gulo gulo/HLC20-H3/PP/2023/B&W/Robust marks/02.27-01.46/RCNX2182.JPG,RCNX2182.JPG,HLC20-H3_2023_202302270146_RCNX2182.jpg,0.971024751663208,832.356689453125,69.36123657226562,591.536376953125,934.9449462890625,2048,1440,591,934
HLC20-H3,2023,202302270146,PP,0,/Volumes/Seagate Portable Drive/KYLE_AI_DATABASE/A_CAMERA/Focal_species/Gulo gulo/HLC20-H3/PP/2023/B&W/Robust marks/02.27-01.46/RCNX2184.JPG,RCNX2184.JPG,HLC20-H3_2023_202302270146_RCNX2184.jpg,0.9298915863037109,935.9967041015625,334.9248352050781,479.2978515625,677.8665771484375,2048,1440,479,677
HLC20-H3,2023,202302270146,PP,0,/Volumes/Seagate Portable Drive/KYLE_AI_DATABASE/A_CAMERA/Focal_species/Gulo gulo/HLC20-H3/PP/2023/B&W/Robust marks/02.27-01.46/RCNX2187.JPG,RCNX2187.JPG,HLC20-H3_2023_202302270146_RCNX2187.jpg,0.9377622604370117,1017.8713989257812,297.30169677734375,400.37554931640625,711.6005249023438,2048,1440,400,711
HLC20-H3,2023,202302270146,PP,0,/Volumes/Seagate Portable Drive/KYLE_AI_DATABASE/A_CAMERA/Focal_species/Gulo gulo/HLC20-H3/PP/2023/B&W/Robust marks/02.27-01.46/RCNX2188.JPG,RCNX2188.JPG,HLC20-H3_2023_202302270146_RCNX2188.jpg,0.8317658305168152,819.1052856445312,330.1986083984375,599.3925170898438,686.5875854492188,2048,1440,599,686
HLC20-H3,2023,202302270146,PP,0,/Volumes/Seagate Portable Drive/KYLE_AI_DATABASE/A_CAMERA/Focal_species/Gulo gulo/HLC20-H3/PP/2023/B&W/Robust marks/02.27-01.46/RCNX2190.JPG,RCNX2190.JPG,HLC20-H3_2023_202302270146_RCNX2190.jpg,0.8249573111534119,974.056884765625,311.1755676269531,436.641357421875,694.3905029296875,2048,1440,436,694
HLC20-H3,2023,202302270146,PP,0,/Volumes/Seagate Portable Drive/KYLE_AI_DATABASE/A_CAMERA/Focal_species/Gulo gulo/HLC20-H3/PP/2023/B&W/Robust marks/02.27-01.46/RCNX2191.JPG,RCNX2191.JPG,HLC20-H3_2023_202302270146_RCNX2191.jpg,0.822979748249054,934.440185546875,324.8891906738281,493.794921875,685.2852783203125,2048,1440,493,685
HLC20-H3,2023,202302270146,PP,0,/Volumes/Seagate Portable Drive/KYLE_AI_DATABASE/A_CAMERA/Focal_species/Gulo gulo/HLC20-H3/PP/2023/B&W/Robust marks/02.27-01.46/RCNX2193.JPG,RCNX2193.JPG,HLC20-H3_2023_202302270146_RCNX2193.jpg,0.9005826115608215,792.5562133789062,309.6938781738281,629.3639526367188,705.83984375,2048,1440,629,705
HLC20-H3,2023,202302270146,PP,0,/Volumes/Seagate Portable Drive/KYLE_AI_DATABASE/A_CAMERA/Focal_species/Gulo gulo/HLC20-H3/PP/2023/B&W/Robust marks/02.27-01.46/RCNX2194.JPG,RCNX2194.JPG,HLC20-H3_2023_202302270146_RCNX2194.jpg,0.9100503921508789,1013.0711669921875,314.42333984375,408.1943359375,695.7471923828125,2048,1440,408,695
HLC20-H3,2023,202302270146,PP,0,/Volumes/Seagate Portable Drive/KYLE_AI_DATABASE/A_CAMERA/Focal_species/Gulo gulo/HLC20-H3/PP/2023/B&W/Robust marks/02.27-01.46/RCNX2196.JPG,RCNX2196.JPG,HLC20-H3_2023_202302270146_RCNX2196.jpg,0.9083540439605713,923.1605224609375,320.5359191894531,501.236572265625,692.7359619140625,2048,1440,501,692
HLC20-H3,2023,202302270146,PP,0,/Volumes/Seagate Portable Drive/KYLE_AI_DATABASE/A_CAMERA/Focal_species/Gulo gulo/HLC20-H3/PP/2023/B&W/Robust marks/02.27-01.46/RCNX2197.JPG,RCNX2197.JPG,HLC20-H3_2023_202302270146_RCNX2197.jpg,0.9094205498695374,932.5693359375,324.9311828613281,493.3974609375,686.6634521484375,2048,1440,493,686
HLC20-H3,2023,202302270146,PP,0,/Volumes/Seagate Portable Drive/KYLE_AI_DATABASE/A_CAMERA/Focal_species/Gulo gulo/HLC20-H3/PP/2023/B&W/Robust marks/02.27-01.46/RCNX2198.JPG,RCNX2198.JPG,HLC20-H3_2023_202302270146_RCNX2198.jpg,0.8902861475944519,962.71484375,339.24945068359375,460.079833984375,680.9646606445312,2048,1440,460,680
HLC20-H3,2023,202302270146,PP,0,/Volumes/Seagate Portable Drive/KYLE_AI_DATABASE/A_CAMERA/Focal_species/Gulo gulo/HLC20-H3/PP/2023/B&W/Robust marks/02.27-01.46/RCNX2199.JPG,RCNX2199.JPG,HLC20-H3_2023_202302270146_RCNX2199.jpg,0.8299406170845032,888.5951538085938,370.0619812011719,532.3076782226562,641.5069580078125,2048,1440,532,641
HLC20-H3,2023,202302270146,PP,0,/Volumes/Seagate Portable Drive/KYLE_AI_DATABASE/A_CAMERA/Focal_species/Gulo gulo/HLC20-H3/PP/2023/B&W/Robust marks/02.27-01.46/RCNX2200.JPG,RCNX2200.JPG,HLC20-H3_2023_202302270146_RCNX2200.jpg,0.9111895561218262,933.9568481445312,340.24285888671875,481.43194580078125,663.5065307617188,2048,1440,481,663
HLC20-H3,2023,202302270146,PP,0,/Volumes/Seagate Portable Drive/KYLE_AI_DATABASE/A_CAMERA/Focal_species/Gulo gulo/HLC20-H3/PP/2023/B&W/Robust marks/02.27-01.46/RCNX2201.JPG,RCNX2201.JPG,HLC20-H3_2023_202302270146_RCNX2201.jpg,0.908825159072876,936.4402465820312,348.33868408203125,498.82037353515625,480.046142578125,2048,1440,498,480
HLC20-H3,2023,202302270146,PP,0,/Volumes/Seagate Portable Drive/KYLE_AI_DATABASE/A_CAMERA/Focal_species/Gulo gulo/HLC20-H3/PP/2023/B&W/Robust marks/02.27-01.46/RCNX2202.JPG,RCNX2202.JPG,HLC20-H3_2023_202302270146_RCNX2202.jpg,0.9049103856086731,937.450439453125,366.5427551269531,485.207275390625,644.0037841796875,2048,1440,485,644
HLC20-H3,2023,202302270146,PP,0,/Volumes/Seagate Portable Drive/KYLE_AI_DATABASE/A_CAMERA/Focal_species/Gulo gulo/HLC20-H3/PP/2023/B&W/Robust marks/02.27-01.46/RCNX2203.JPG,RCNX2203.JPG,HLC20-H3_2023_202302270146_RCNX2203.jpg,0.8678761720657349,960.863525390625,327.3967590332031,463.005859375,706.663818359375,2048,1440,463,706
HLC20-H3,2023,202302270146,PP,0,/Volumes/Seagate Portable Drive/KYLE_AI_DATABASE/A_CAMERA/Focal_species/Gulo gulo/HLC20-H3/PP/2023/B&W/Robust marks/02.27-01.46/RCNX2205.JPG,RCNX2205.JPG,HLC20-H3_2023_202302270146_RCNX2205.jpg,0.9452295899391174,843.02001953125,254.4497528076172,546.094482421875,711.5360107421875,2048,1440,546,711
HLC20-H3,2023,202302270146,PP,0,/Volumes/Seagate Portable Drive/KYLE_AI_DATABASE/A_CAMERA/Focal_species/Gulo gulo/HLC20-H3/PP/2023/B&W/Robust marks/02.27-01.46/RCNX2206.JPG,RCNX2206.JPG,HLC20-H3_2023_202302270146_RCNX2206.jpg,0.9494020342826843,878.6268310546875,250.175048828125,536.26611328125,763.906982421875,2048,1440,536,763
HLC20-H3,2023,202302270146,PP,0,/Volumes/Seagate Portable Drive/KYLE_AI_DATABASE/A_CAMERA/Focal_species/Gulo gulo/HLC20-H3/PP/2023/B&W/Robust marks/02.27-01.46/RCNX2207.JPG,RCNX2207.JPG,HLC20-H3_2023_202302270146_RCNX2207.jpg,0.9115111827850342,941.7406005859375,320.606689453125,483.05078125,691.8579711914062,2048,1440,483,691
HLC20-H3,2023,202302270146,PP,0,/Volumes/Seagate Portable Drive/KYLE_AI_DATABASE/A_CAMERA/Focal_species/Gulo gulo/HLC20-H3/PP/2023/B&W/Robust marks/02.27-01.46/RCNX2208.JPG,RCNX2208.JPG,HLC20-H3_2023_202302270146_RCNX2208.jpg,0.9100914001464844,1025.084716796875,305.40386962890625,389.810791015625,712.334228515625,2048,1440,389,712
HLC20-H3,2023,202302270146,PP,0,/Volumes/Seagate Portable Drive/KYLE_AI_DATABASE/A_CAMERA/Focal_species/Gulo gulo/HLC20-H3/PP/2023/B&W/Robust marks/02.27-01.46/RCNX2209.JPG,RCNX2209.JPG,HLC20-H3_2023_202302270146_RCNX2209.jpg,0.8233788013458252,973.074951171875,268.49627685546875,448.2158203125,748.7254638671875,2048,1440,448,748
HLC20-H3,2023,202302270146,PP,0,/Volumes/Seagate Portable Drive/KYLE_AI_DATABASE/A_CAMERA/Focal_species/Gulo gulo/HLC20-H3/PP/2023/B&W/Robust marks/02.27-01.46/RCNX2210.JPG,RCNX2210.JPG,HLC20-H3_2023_202302270146_RCNX2210.jpg,0.9134687185287476,861.2489013671875,262.53118896484375,559.55908203125,751.0457153320312,2048,1440,559,751
HLC20-H3,2023,202302270146,PP,0,/Volumes/Seagate Portable Drive/KYLE_AI_DATABASE/A_CAMERA/Focal_species/Gulo gulo/HLC20-H3/PP/2023/B&W/Robust marks/02.27-01.46/RCNX2211.JPG,RCNX2211.JPG,HLC20-H3_2023_202302270146_RCNX2211.jpg,0.9421210289001465,841.1966552734375,65.34757995605469,570.994140625,942.2365112304688,2048,1440,570,942
HLC20-H3,2023,202302270146,PP,0,/Volumes/Seagate Portable Drive/KYLE_AI_DATABASE/A_CAMERA/Focal_species/Gulo gulo/HLC20-H3/PP/2023/B&W/Robust marks/02.27-01.46/RCNX2212.JPG,RCNX2212.JPG,HLC20-H3_2023_202302270146_RCNX2212.jpg,0.8520515561103821,995.79248046875,276.0480651855469,413.921875,739.04296875,2048,1440,413,739
HLC20-H3,2023,202302270146,PP,0,/Volumes/Seagate Portable Drive/KYLE_AI_DATABASE/A_CAMERA/Focal_species/Gulo gulo/HLC20-H3/PP/2023/B&W/Robust marks/02.27-01.46/RCNX2214.JPG,RCNX2214.JPG,HLC20-H3_2023_202302270146_RCNX2214.jpg,0.8292793035507202,806.8306884765625,321.7115173339844,597.792236328125,689.8314208984375,2048,1440,597,689
HLC20-H3,2023,202302270146,PP,0,/Volumes/Seagate Portable Drive/KYLE_AI_DATABASE/A_CAMERA/Focal_species/Gulo gulo/HLC20-H3/PP/2023/B&W/Robust marks/02.27-01.46/RCNX2215.JPG,RCNX2215.JPG,HLC20-H3_2023_202302270146_RCNX2215.jpg,0.9463193416595459,840.5701904296875,90.34117889404297,570.840576171875,920.8467407226562,2048,1440,570,920
HLC20-H3,2023,202302270146,PP,0,/Volumes/Seagate Portable Drive/KYLE_AI_DATABASE/A_CAMERA/Focal_species/Gulo gulo/HLC20-H3/PP/2023/B&W/Robust marks/02.27-01.46/RCNX2216.JPG,RCNX2216.JPG,HLC20-H3_2023_202302270146_RCNX2216.jpg,0.9170589447021484,939.5582885742188,83.01239776611328,474.66680908203125,918.1785278320312,2048,1440,474,918
HLC20-H3,2023,202302270146,PP,0,/Volumes/Seagate Portable Drive/KYLE_AI_DATABASE/A_CAMERA/Focal_species/Gulo gulo/HLC20-H3/PP/2023/B&W/Robust marks/02.27-01.46/RCNX2217.JPG,RCNX2217.JPG,HLC20-H3_2023_202302270146_RCNX2217.jpg,0.9164363145828247,998.1776123046875,282.4253234863281,426.296875,740.17236328125,2048,1440,426,740
HLC20-H3,2023,202302270146,PP,0,/Volumes/Seagate Portable Drive/KYLE_AI_DATABASE/A_CAMERA/Focal_species/Gulo gulo/HLC20-H3/PP/2023/B&W/Robust marks/02.27-01.46/RCNX2218.JPG,RCNX2218.JPG,HLC20-H3_2023_202302270146_RCNX2218.jpg,0.8517892360687256,1107.8709716796875,302.1187744140625,315.670654296875,709.5143432617188,2048,1440,315,709
HLC20-H3,2023,202302270146,PP,0,/Volumes/Seagate Portable Drive/KYLE_AI_DATABASE/A_CAMERA/Focal_species/Gulo gulo/HLC20-H3/PP/2023/B&W/Robust marks/02.27-01.46/RCNX2219.JPG,RCNX2219.JPG,HLC20-H3_2023_202302270146_RCNX2219.jpg,0.8711086511611938,923.7896728515625,301.7587585449219,490.584228515625,718.1663818359375,2048,1440,490,718
HLC20-H3,2023,202302270146,PP,0,/Volumes/Seagate Portable Drive/KYLE_AI_DATABASE/A_CAMERA/Focal_species/Gulo gulo/HLC20-H3/PP/2023/B&W/Robust marks/02.27-01.46/RCNX2221.JPG,RCNX2221.JPG,HLC20-H3_2023_202302270146_RCNX2221.jpg,0.9356693625450134,939.3773193359375,57.49836349487305,479.840576171875,958.3123168945312,2048,1440,479,958
HLC20-H3,2023,202302270146,PP,0,/Volumes/Seagate Portable Drive/KYLE_AI_DATABASE/A_CAMERA/Focal_species/Gulo gulo/HLC20-H3/PP/2023/B&W/Robust marks/02.27-01.46/RCNX2223.JPG,RCNX2223.JPG,HLC20-H3_2023_202302270146_RCNX2223.jpg,0.826790988445282,964.8912353515625,241.90768432617188,448.0849609375,586.5924072265625,2048,1440,448,586
HLC20-H3,2023,202302270146,PP,0,/Volumes/Seagate Portable Drive/KYLE_AI_DATABASE/A_CAMERA/Focal_species/Gulo gulo/HLC20-H3/PP/2023/B&W/Robust marks/02.27-01.46/RCNX2225.JPG,RCNX2225.JPG,HLC20-H3_2023_202302270146_RCNX2225.jpg,0.9138845801353455,1012.2275390625,323.4349670410156,405.27685546875,691.6260986328125,2048,1440,405,691
HLC20-H3,2023,202302270146,PP,0,/Volumes/Seagate Portable Drive/KYLE_AI_DATABASE/A_CAMERA/Focal_species/Gulo gulo/HLC20-H3/PP/2023/B&W/Robust marks/02.27-01.46/RCNX2226.JPG,RCNX2226.JPG,HLC20-H3_2023_202302270146_RCNX2226.jpg,0.8747062683105469,1006.6497192382812,305.90118408203125,411.53106689453125,707.3488159179688,2048,1440,411,707
HLC20-H3,2023,202302270146,PP,0,/Volumes/Seagate Portable Drive/KYLE_AI_DATABASE/A_CAMERA/Focal_species/Gulo gulo/HLC20-H3/PP/2023/B&W/Robust marks/02.27-01.46/RCNX2227.JPG,RCNX2227.JPG,HLC20-H3_2023_202302270146_RCNX2227.jpg,0.9061486124992371,953.33447265625,270.2428283691406,463.60205078125,744.41455078125,2048,1440,463,744
HLC20-H3,2023,202302270146,PP,0,/Volumes/Seagate Portable Drive/KYLE_AI_DATABASE/A_CAMERA/Focal_species/Gulo gulo/HLC20-H3/PP/2023/B&W/Robust marks/02.27-01.46/RCNX2232.JPG,RCNX2232.JPG,HLC20-H3_2023_202302270146_RCNX2232.jpg,0.906068742275238,1062.1895751953125,289.50970458984375,362.902099609375,734.8881225585938,2048,1440,362,734
HLC20-H3,2023,202302270146,PP,0,/Volumes/Seagate Portable Drive/KYLE_AI_DATABASE/A_CAMERA/Focal_species/Gulo gulo/HLC20-H3/PP/2023/B&W/Robust marks/02.27-01.46/RCNX2234.JPG,RCNX2234.JPG,HLC20-H3_2023_202302270146_RCNX2234.jpg,0.8103492259979248,897.0219116210938,239.9391326904297,521.1116333007812,789.6851196289062,2048,1440,521,789
HLC20-H3,2023,202302270146,PP,0,/Volumes/Seagate Portable Drive/KYLE_AI_DATABASE/A_CAMERA/Focal_species/Gulo gulo/HLC20-H3/PP/2023/B&W/Robust marks/02.27-01.46/RCNX2235.JPG,RCNX2235.JPG,HLC20-H3_2023_202302270146_RCNX2235.jpg,0.8552060127258301,1066.638916015625,244.4057159423828,351.263427734375,779.6361694335938,2048,1440,351,779
HLC20-H3,2023,202302270146,PP,0,/Volumes/Seagate Portable Drive/KYLE_AI_DATABASE/A_CAMERA/Focal_species/Gulo gulo/HLC20-H3/PP/2023/B&W/Robust marks/02.27-01.46/RCNX2236.JPG,RCNX2236.JPG,HLC20-H3_2023_202302270146_RCNX2236.jpg,0.9437100887298584,1092.2662353515625,194.7655029296875,323.37939453125,820.5859375,2048,1440,323,820
HLC20-H3,2023,202302270146,PP,0,/Volumes/Seagate Portable Drive/KYLE_AI_DATABASE/A_CAMERA/Focal_species/Gulo gulo/HLC20-H3/PP/2023/B&W/Robust marks/02.27-01.46/RCNX2237.JPG,RCNX2237.JPG,HLC20-H3_2023_202302270146_RCNX2237.jpg,0.8555834293365479,833.30224609375,258.8800354003906,587.177490234375,763.0548095703125,2048,1440,587,763
HLC20-H3,2023,202302270146,PP,0,/Volumes/Seagate Portable Drive/KYLE_AI_DATABASE/A_CAMERA/Focal_species/Gulo gulo/HLC20-H3/PP/2023/B&W/Robust marks/02.27-01.46/RCNX2238.JPG,RCNX2238.JPG,HLC20-H3_2023_202302270146_RCNX2238.jpg,0.9181328415870667,1002.4321899414062,275.43060302734375,422.07049560546875,751.9369506835938,2048,1440,422,751
HLC20-H3,2023,202302270146,PP,0,/Volumes/Seagate Portable Drive/KYLE_AI_DATABASE/A_CAMERA/Focal_species/Gulo gulo/HLC20-H3/PP/2023/B&W/Robust marks/02.27-01.46/RCNX2239.JPG,RCNX2239.JPG,HLC20-H3_2023_202302270146_RCNX2239.jpg,0.9154839515686035,1092.8695068359375,238.0203857421875,322.055908203125,772.1829833984375,2048,1440,322,772
HLC20-H3,2023,202302270146,PP,0,/Volumes/Seagate Portable Drive/KYLE_AI_DATABASE/A_CAMERA/Focal_species/Gulo gulo/HLC20-H3/PP/2023/B&W/Robust marks/02.27-01.46/RCNX2240.JPG,RCNX2240.JPG,HLC20-H3_2023_202302270146_RCNX2240.jpg,0.8978039622306824,1051.3236083984375,237.04908752441406,362.9560546875,771.8051147460938,2048,1440,362,771
HLC20-H3,2023,202302270146,PP,0,/Volumes/Seagate Portable Drive/KYLE_AI_DATABASE/A_CAMERA/Focal_species/Gulo gulo/HLC20-H3/PP/2023/B&W/Robust marks/02.27-01.46/RCNX2242.JPG,RCNX2242.JPG,HLC20-H3_2023_202302270146_RCNX2242.jpg,0.8349450826644897,1023.885498046875,253.85348510742188,389.124267578125,761.8236083984375,2048,1440,389,761
HLC20-H3,2023,202302270146,PP,0,/Volumes/Seagate Portable Drive/KYLE_AI_DATABASE/A_CAMERA/Focal_species/Gulo gulo/HLC20-H3/PP/2023/B&W/Robust marks/02.27-01.46/RCNX2243.JPG,RCNX2243.JPG,HLC20-H3_2023_202302270146_RCNX2243.jpg,0.9315330386161804,1029.717529296875,294.01312255859375,388.574462890625,717.4193725585938,2048,1440,388,717
HLC20-H3,2023,202302270146,PP,0,/Volumes/Seagate Portable Drive/KYLE_AI_DATABASE/A_CAMERA/Focal_species/Gulo gulo/HLC20-H3/PP/2023/B&W/Robust marks/02.27-01.46/RCNX2244.JPG,RCNX2244.JPG,HLC20-H3_2023_202302270146_RCNX2244.jpg,0.8220857977867126,855.391357421875,267.1446838378906,567.30908203125,747.3511962890625,2048,1440,567,747
HLC20-H3,2023,202302270146,PP,0,/Volumes/Seagate Portable Drive/KYLE_AI_DATABASE/A_CAMERA/Focal_species/Gulo gulo/HLC20-H3/PP/2023/B&W/Robust marks/02.27-01.46/RCNX2247.JPG,RCNX2247.JPG,HLC20-H3_2023_202302270146_RCNX2247.jpg,0.8318498134613037,1069.5849609375,300.7137756347656,340.4072265625,684.7113037109375,2048,1440,340,684
HLC20-H3,2023,202302270146,PP,0,/Volumes/Seagate Portable Drive/KYLE_AI_DATABASE/A_CAMERA/Focal_species/Gulo gulo/HLC20-H3/PP/2023/B&W/Robust marks/02.27-01.46/RCNX2248.JPG,RCNX2248.JPG,HLC20-H3_2023_202302270146_RCNX2248.jpg,0.8590158224105835,957.1262817382812,275.5053405761719,456.37640380859375,729.5675048828125,2048,1440,456,729
HLC20-H3,2023,202302270146,PP,0,/Volumes/Seagate Portable Drive/KYLE_AI_DATABASE/A_CAMERA/Focal_species/Gulo gulo/HLC20-H3/PP/2023/B&W/Robust marks/02.27-01.46/RCNX2249.JPG,RCNX2249.JPG,HLC20-H3_2023_202302270146_RCNX2249.jpg,0.8039370775222778,806.1974487304688,278.2412414550781,616.9710083007812,742.3262939453125,2048,1440,616,742
HLC20-H3,2023,202302270146,PP,0,/Volumes/Seagate Portable Drive/KYLE_AI_DATABASE/A_CAMERA/Focal_species/Gulo gulo/HLC20-H3/PP/2023/B&W/Robust marks/02.27-01.46/RCNX2253.JPG,RCNX2253.JPG,HLC20-H3_2023_202302270146_RCNX2253.jpg,0.9338240027427673,1095.6356201171875,278.9864196777344,323.8203125,730.1580810546875,2048,1440,323,730
HLC20-H3,2023,202302270146,PP,0,/Volumes/Seagate Portable Drive/KYLE_AI_DATABASE/A_CAMERA/Focal_species/Gulo gulo/HLC20-H3/PP/2023/B&W/Robust marks/02.27-01.46/RCNX2255.JPG,RCNX2255.JPG,HLC20-H3_2023_202302270146_RCNX2255.jpg,0.9375608563423157,1097.2049560546875,305.9377746582031,322.64599609375,714.14404296875,2048,1440,322,714
HLC20-H3,2023,202302270146,PP,0,/Volumes/Seagate Portable Drive/KYLE_AI_DATABASE/A_CAMERA/Focal_species/Gulo gulo/HLC20-H3/PP/2023/B&W/Robust marks/02.27-01.46/RCNX2256.JPG,RCNX2256.JPG,HLC20-H3_2023_202302270146_RCNX2256.jpg,0.9444015622138977,1094.8125,248.54043579101562,329.26611328125,763.5670166015625,2048,1440,329,763
HLC20-H3,2023,202302270146,PP,0,/Volumes/Seagate Portable Drive/KYLE_AI_DATABASE/A_CAMERA/Focal_species/Gulo gulo/HLC20-H3/PP/2023/B&W/Robust marks/02.27-01.46/RCNX2259.JPG,RCNX2259.JPG,HLC20-H3_2023_202302270146_RCNX2259.jpg,0.8708962798118591,1095.689208984375,271.03729248046875,328.89794921875,737.6973266601562,2048,1440,328,737
HLC20-H3,2023,202302270146,PP,0,/Volumes/Seagate Portable Drive/KYLE_AI_DATABASE/A_CAMERA/Focal_species/Gulo gulo/HLC20-H3/PP/2023/B&W/Robust marks/02.27-01.46/RCNX2260.JPG,RCNX2260.JPG,HLC20-H3_2023_202302270146_RCNX2260.jpg,0.905704140663147,1093.986328125,275.5066833496094,326.728271484375,735.505126953125,2048,1440,326,735
HLC20-H3,2023,202302270146,PP,0,/Volumes/Seagate Portable Drive/KYLE_AI_DATABASE/A_CAMERA/Focal_species/Gulo gulo/HLC20-H3/PP/2023/B&W/Robust marks/02.27-01.46/RCNX2262.JPG,RCNX2262.JPG,HLC20-H3_2023_202302270146_RCNX2262.jpg,0.8312896490097046,1043.9393310546875,350.2243347167969,369.354248046875,672.7669677734375,2048,1440,369,672
HLC20-H3,2023,202302270146,PP,0,/Volumes/Seagate Portable Drive/KYLE_AI_DATABASE/A_CAMERA/Focal_species/Gulo gulo/HLC20-H3/PP/2023/B&W/Robust marks/02.27-01.46/RCNX2264.JPG,RCNX2264.JPG,HLC20-H3_2023_202302270146_RCNX2264.jpg,0.8959439992904663,999.6404418945312,378.7066345214844,393.79901123046875,590.708740234375,2048,1440,393,590
HLC20-H3,2023,202302270146,PP,0,/Volumes/Seagate Portable Drive/KYLE_AI_DATABASE/A_CAMERA/Focal_species/Gulo gulo/HLC20-H3/PP/2023/B&W/Robust marks/02.27-01.46/RCNX2265.JPG,RCNX2265.JPG,HLC20-H3_2023_202302270146_RCNX2265.jpg,0.8504570126533508,1036.141845703125,323.2728271484375,372.279052734375,694.852783203125,2048,1440,372,694
HLC20-H3,2023,202302270146,PP,0,/Volumes/Seagate Portable Drive/KYLE_AI_DATABASE/A_CAMERA/Focal_species/Gulo gulo/HLC20-H3/PP/2023/B&W/Robust marks/02.27-01.46/RCNX2268.JPG,RCNX2268.JPG,HLC20-H3_2023_202302270146_RCNX2268.jpg,0.937997579574585,944.5740356445312,32.33658218383789,487.12225341796875,982.519775390625,2048,1440,487,982
HLC20-H3,2023,202302270146,PP,0,/Volumes/Seagate Portable Drive/KYLE_AI_DATABASE/A_CAMERA/Focal_species/Gulo gulo/HLC20-H3/PP/2023/B&W/Robust marks/02.27-01.46/RCNX2269.JPG,RCNX2269.JPG,HLC20-H3_2023_202302270146_RCNX2269.jpg,0.9116002321243286,1043.6754150390625,295.81597900390625,369.56787109375,729.3352661132812,2048,1440,369,729
HLC20-H3,2023,202302270146,PP,0,/Volumes/Seagate Portable Drive/KYLE_AI_DATABASE/A_CAMERA/Focal_species/Gulo gulo/HLC20-H3/PP/2023/B&W/Robust marks/02.27-01.46/RCNX2270.JPG,RCNX2270.JPG,HLC20-H3_2023_202302270146_RCNX2270.jpg,0.8566950559616089,836.3764038085938,311.70196533203125,580.7559204101562,716.9081420898438,2048,1440,580,716
HLC20-H3,2023,202302270146,PP,0,/Volumes/Seagate Portable Drive/KYLE_AI_DATABASE/A_CAMERA/Focal_species/Gulo gulo/HLC20-H3/PP/2023/B&W/Robust marks/02.27-01.46/RCNX2271.JPG,RCNX2271.JPG,HLC20-H3_2023_202302270146_RCNX2271.jpg,0.8921970725059509,784.9165649414062,267.5148010253906,631.0223999023438,759.0797119140625,2048,1440,631,759
HLC20-H3,2023,202302270146,PP,0,/Volumes/Seagate Portable Drive/KYLE_AI_DATABASE/A_CAMERA/Focal_species/Gulo gulo/HLC20-H3/PP/2023/B&W/Robust marks/02.27-01.46/RCNX2272.JPG,RCNX2272.JPG,HLC20-H3_2023_202302270146_RCNX2272.jpg,0.9064426422119141,1067.8250732421875,239.80947875976562,349.557373046875,771.0059814453125,2048,1440,349,771
HLC20-H3,2023,202302270146,PP,0,/Volumes/Seagate Portable Drive/KYLE_AI_DATABASE/A_CAMERA/Focal_species/Gulo gulo/HLC20-H3/PP/2023/B&W/Robust marks/02.27-01.46/RCNX2273.JPG,RCNX2273.JPG,HLC20-H3_2023_202302270146_RCNX2273.jpg,0.8558664321899414,1022.1356811523438,252.3519287109375,385.15472412109375,745.5034790039062,2048,1440,385,745
HLC20-H3,2023,202302270146,PP,0,/Volumes/Seagate Portable Drive/KYLE_AI_DATABASE/A_CAMERA/Focal_species/Gulo gulo/HLC20-H3/PP/2023/B&W/Robust marks/02.27-01.46/RCNX2275.JPG,RCNX2275.JPG,HLC20-H3_2023_202302270146_RCNX2275.jpg,0.8298636674880981,995.7091674804688,422.92840576171875,415.74725341796875,400.082763671875,2048,1440,415,400
HLC20-H3,2023,202302270146,PP,0,/Volumes/Seagate Portable Drive/KYLE_AI_DATABASE/A_CAMERA/Focal_species/Gulo gulo/HLC20-H3/PP/2023/B&W/Robust marks/02.27-01.46/RCNX2278.JPG,RCNX2278.JPG,HLC20-H3_2023_202302270146_RCNX2278.jpg,0.8775390982627869,1066.692138671875,334.82061767578125,348.10546875,699.4463500976562,2048,1440,348,699
HLC20-H3,2023,202302270146,PP,0,/Volumes/Seagate Portable Drive/KYLE_AI_DATABASE/A_CAMERA/Focal_species/Gulo gulo/HLC20-H3/PP/2023/B&W/Robust marks/02.27-01.46/RCNX2280.JPG,RCNX2280.JPG,HLC20-H3_2023_202302270146_RCNX2280.jpg,0.8943562507629395,1060.61376953125,355.6888427734375,354.138916015625,674.60498046875,2048,1440,354,674
HLC20-H3,2023,202302270146,PP,0,/Volumes/Seagate Portable Drive/KYLE_AI_DATABASE/A_CAMERA/Focal_species/Gulo gulo/HLC20-H3/PP/2023/B&W/Robust marks/02.27-01.46/RCNX2281.JPG,RCNX2281.JPG,HLC20-H3_2023_202302270146_RCNX2281.jpg,0.8392331004142761,976.52392578125,296.3354187011719,456.466796875,528.580322265625,2048,1440,456,528
HLC20-H3,2023,202302270146,PP,0,/Volumes/Seagate Portable Drive/KYLE_AI_DATABASE/A_CAMERA/Focal_species/Gulo gulo/HLC20-H3/PP/2023/B&W/Robust marks/02.27-01.46/RCNX2289.JPG,RCNX2289.JPG,HLC20-H3_2023_202302270146_RCNX2289.jpg,0.9226700663566589,1110.5860595703125,224.7953338623047,320.363525390625,798.6727905273438,2048,1440,320,798
HLC20-H3,2023,202302270146,PP,0,/Volumes/Seagate Portable Drive/KYLE_AI_DATABASE/A_CAMERA/Focal_species/Gulo gulo/HLC20-H3/PP/2023/B&W/Robust marks/02.27-01.46/RCNX2290.JPG,RCNX2290.JPG,HLC20-H3_2023_202302270146_RCNX2290.jpg,0.8935695886611938,1112.460205078125,195.34129333496094,317.11962890625,818.6771240234375,2048,1440,317,818
HLC20-H3,2023,202302270146,PP,0,/Volumes/Seagate Portable Drive/KYLE_AI_DATABASE/A_CAMERA/Focal_species/Gulo gulo/HLC20-H3/PP/2023/B&W/Robust marks/02.27-01.46/RCNX2291.JPG,RCNX2291.JPG,HLC20-H3_2023_202302270146_RCNX2291.jpg,0.8839646577835083,1077.34814453125,277.3072814941406,340.96533203125,740.1517333984375,2048,1440,340,740
HLC20-H3,2023,202302270146,PP,0,/Volumes/Seagate Portable Drive/KYLE_AI_DATABASE/A_CAMERA/Focal_species/Gulo gulo/HLC20-H3/PP/2023/B&W/Robust marks/02.27-01.46/RCNX2292.JPG,RCNX2292.JPG,HLC20-H3_2023_202302270146_RCNX2292.jpg,0.8729312419891357,1109.91455078125,239.73590087890625,309.88525390625,594.1189575195312,2048,1440,309,594
HLC20-H3,2023,202302270146,PP,0,/Volumes/Seagate Portable Drive/KYLE_AI_DATABASE/A_CAMERA/Focal_species/Gulo gulo/HLC20-H3/PP/2023/B&W/Robust marks/02.27-01.46/RCNX2293.JPG,RCNX2293.JPG,HLC20-H3_2023_202302270146_RCNX2293.jpg,0.9064841270446777,1065.94287109375,251.82423400878906,331.048583984375,710.9371337890625,2048,1440,331,710
HLC20-H3,2023,202302270146,PP,0,/Volumes/Seagate Portable Drive/KYLE_AI_DATABASE/A_CAMERA/Focal_species/Gulo gulo/HLC20-H3/PP/2023/B&W/Robust marks/02.27-01.46/RCNX2294.JPG,RCNX2294.JPG,HLC20-H3_2023_202302270146_RCNX2294.jpg,0.8158679008483887,1065.2442626953125,293.05706787109375,350.793212890625,539.854736328125,2048,1440,350,539
HLC20-H3,2023,202302270146,PP,0,/Volumes/Seagate Portable Drive/KYLE_AI_DATABASE/A_CAMERA/Focal_species/Gulo gulo/HLC20-H3/PP/2023/B&W/Robust marks/02.27-01.46/RCNX2296.JPG,RCNX2296.JPG,HLC20-H3_2023_202302270146_RCNX2296.jpg,0.8169602751731873,1098.6697998046875,289.8664855957031,324.55712890625,723.6417236328125,2048,1440,324,723
HLC20-H3,2023,202302270146,PP,0,/Volumes/Seagate Portable Drive/KYLE_AI_DATABASE/A_CAMERA/Focal_species/Gulo gulo/HLC20-H3/PP/2023/B&W/Robust marks/02.27-01.46/RCNX2300.JPG,RCNX2300.JPG,HLC20-H3_2023_202302270146_RCNX2300.jpg,0.9082736372947693,1086.5074462890625,364.7535095214844,324.651611328125,643.0831298828125,2048,1440,324,643
HLC20-H3,2023,202302270146,PP,0,/Volumes/Seagate Portable Drive/KYLE_AI_DATABASE/A_CAMERA/Focal_species/Gulo gulo/HLC20-H3/PP/2023/B&W/Robust marks/02.27-01.46/RCNX2301.JPG,RCNX2301.JPG,HLC20-H3_2023_202302270146_RCNX2301.jpg,0.9357581734657288,1074.3399658203125,249.7279052734375,332.812255859375,585.1639404296875,2048,1440,332,585
HLC20-H3,2023,202302270146,PP,0,/Volumes/Seagate Portable Drive/KYLE_AI_DATABASE/A_CAMERA/Focal_species/Gulo gulo/HLC20-H3/PP/2023/B&W/Robust marks/02.27-01.46/RCNX2302.JPG,RCNX2302.JPG,HLC20-H3_2023_202302270146_RCNX2302.jpg,0.9487298727035522,913.0307006835938,357.3235778808594,471.98541259765625,628.345703125,2048,1440,471,628
HLC20-H3,2023,202302270146,PP,0,/Volumes/Seagate Portable Drive/KYLE_AI_DATABASE/A_CAMERA/Focal_species/Gulo gulo/HLC20-H3/PP/2023/B&W/Robust marks/02.27-01.46/RCNX2303.JPG,RCNX2303.JPG,HLC20-H3_2023_202302270146_RCNX2303.jpg,0.9316698312759399,1048.280517578125,354.874755859375,357.192138671875,626.9180908203125,2048,1440,357,626
HLC20-H3,2023,202302270146,PP,0,/Volumes/Seagate Portable Drive/KYLE_AI_DATABASE/A_CAMERA/Focal_species/Gulo gulo/HLC20-H3/PP/2023/B&W/Robust marks/02.27-01.46/RCNX2304.JPG,RCNX2304.JPG,HLC20-H3_2023_202302270146_RCNX2304.jpg,0.9174656867980957,1075.4696044921875,257.4705505371094,328.772216796875,721.17822265625,2048,1440,328,721
HLC20-H3,2023,202302270146,PP,0,/Volumes/Seagate Portable Drive/KYLE_AI_DATABASE/A_CAMERA/Focal_species/Gulo gulo/HLC20-H3/PP/2023/B&W/Robust marks/02.27-01.46/RCNX2305.JPG,RCNX2305.JPG,HLC20-H3_2023_202302270146_RCNX2305.jpg,0.9136912822723389,1052.10888671875,278.374755859375,357.47021484375,751.290283203125,2048,1440,357,751
HLC20-H3,2023,202302270146,PP,0,/Volumes/Seagate Portable Drive/KYLE_AI_DATABASE/A_CAMERA/Focal_species/Gulo gulo/HLC20-H3/PP/2023/B&W/Robust marks/02.27-01.46/RCNX2306.JPG,RCNX2306.JPG,HLC20-H3_2023_202302270146_RCNX2306.jpg,0.9232873916625977,1031.675048828125,246.4540252685547,380.54833984375,770.2887573242188,2048,1440,380,770
HLC20-H3,2023,202302270146,PP,0,/Volumes/Seagate Portable Drive/KYLE_AI_DATABASE/A_CAMERA/Focal_species/Gulo gulo/HLC20-H3/PP/2023/B&W/Robust marks/02.27-01.46/RCNX2307.JPG,RCNX2307.JPG,HLC20-H3_2023_202302270146_RCNX2307.jpg,0.9115803837776184,1065.5899658203125,247.17135620117188,353.637451171875,752.104736328125,2048,1440,353,752
HLC20-H3,2023,202302270146,PP,0,/Volumes/Seagate Portable Drive/KYLE_AI_DATABASE/A_CAMERA/Focal_species/Gulo gulo/HLC20-H3/PP/2023/B&W/Robust marks/02.27-01.46/RCNX2308.JPG,RCNX2308.JPG,HLC20-H3_2023_202302270146_RCNX2308.jpg,0.9419869780540466,980.955810546875,354.3114013671875,420.65966796875,624.0745849609375,2048,1440,420,624
HLC20-H3,2023,202302270146,PP,0,/Volumes/Seagate Portable Drive/KYLE_AI_DATABASE/A_CAMERA/Focal_species/Gulo gulo/HLC20-H3/PP/2023/B&W/Robust marks/02.27-01.46/RCNX2309.JPG,RCNX2309.JPG,HLC20-H3_2023_202302270146_RCNX2309.jpg,0.8758934140205383,981.1480712890625,265.9325256347656,424.35791015625,756.8419189453125,2048,1440,424,756
HLC20-H3,2023,202302270146,PP,0,/Volumes/Seagate Portable Drive/KYLE_AI_DATABASE/A_CAMERA/Focal_species/Gulo gulo/HLC20-H3/PP/2023/B&W/Robust marks/02.27-01.46/RCNX2310.JPG,RCNX2310.JPG,HLC20-H3_2023_202302270146_RCNX2310.jpg,0.9055481553077698,1008.5782470703125,333.7601623535156,403.693359375,702.15771484375,2048,1440,403,702
HLC20-H3,2023,202302270146,PP,0,/Volumes/Seagate Portable Drive/KYLE_AI_DATABASE/A_CAMERA/Focal_species/Gulo gulo/HLC20-H3/PP/2023/B&W/Robust marks/02.27-01.46/RCNX2311.JPG,RCNX2311.JPG,HLC20-H3_2023_202302270146_RCNX2311.jpg,0.9533510208129883,870.565185546875,105.13220977783203,528.514892578125,850.3801879882812,2048,1440,528,850
HLC20-H3,2023,202302270146,PP,0,/Volumes/Seagate Portable Drive/KYLE_AI_DATABASE/A_CAMERA/Focal_species/Gulo gulo/HLC20-H3/PP/2023/B&W/Robust marks/02.27-01.46/RCNX2312.JPG,RCNX2312.JPG,HLC20-H3_2023_202302270146_RCNX2312.jpg,0.899541437625885,1003.8429565429688,332.8163757324219,408.30694580078125,673.295654296875,2048,1440,408,673
HLC20-H3,2023,202302270146,PP,0,/Volumes/Seagate Portable Drive/KYLE_AI_DATABASE/A_CAMERA/Focal_species/Gulo gulo/HLC20-H3/PP/2023/B&W/Robust marks/02.27-01.46/RCNX2313.JPG,RCNX2313.JPG,HLC20-H3_2023_202302270146_RCNX2313.jpg,0.9342726469039917,1033.890625,343.2796325683594,385.0234375,670.77685546875,2048,1440,385,670
HLC20-H3,2023,202302270146,PP,0,/Volumes/Seagate Portable Drive/KYLE_AI_DATABASE/A_CAMERA/Focal_species/Gulo gulo/HLC20-H3/PP/2023/B&W/Robust marks/02.27-01.46/RCNX2314.JPG,RCNX2314.JPG,HLC20-H3_2023_202302270146_RCNX2314.jpg,0.9201255440711975,1041.4158935546875,352.9140625,368.1337890625,663.2723388671875,2048,1440,368,663
HLC20-H3,2023,202302270146,PP,0,/Volumes/Seagate Portable Drive/KYLE_AI_DATABASE/A_CAMERA/Focal_species/Gulo gulo/HLC20-H3/PP/2023/B&W/Robust marks/02.27-01.46/RCNX2315.JPG,RCNX2315.JPG,HLC20-H3_2023_202302270146_RCNX2315.jpg,0.8231431841850281,970.7987670898438,283.5710754394531,441.59027099609375,736.654541015625,2048,1440,441,736
HLC20-H3,2023,202302270146,PP,0,/Volumes/Seagate Portable Drive/KYLE_AI_DATABASE/A_CAMERA/Focal_species/Gulo gulo/HLC20-H3/PP/2023/B&W/Robust marks/02.27-01.46/RCNX2316.JPG,RCNX2316.JPG,HLC20-H3_2023_202302270146_RCNX2316.jpg,0.8836801052093506,1077.56103515625,264.0655517578125,342.130126953125,747.6135864257812,2048,1440,342,747
HLC20-H3,2023,202302270146,PP,0,/Volumes/Seagate Portable Drive/KYLE_AI_DATABASE/A_CAMERA/Focal_species/Gulo gulo/HLC20-H3/PP/2023/B&W/Robust marks/02.27-01.46/RCNX2317.JPG,RCNX2317.JPG,HLC20-H3_2023_202302270146_RCNX2317.jpg,0.821220874786377,1082.1383056640625,282.3626708984375,334.10986328125,742.7752685546875,2048,1440,334,742
HLC20-H3,2023,202302270146,PP,0,/Volumes/Seagate Portable Drive/KYLE_AI_DATABASE/A_CAMERA/Focal_species/Gulo gulo/HLC20-H3/PP/2023/B&W/Robust marks/02.27-01.46/RCNX2318.JPG,RCNX2318.JPG,HLC20-H3_2023_202302270146_RCNX2318.jpg,0.9348816275596619,1086.6707763671875,216.8961181640625,323.227783203125,799.6915893554688,2048,1440,323,799
HLC20-H3,2023,202302270146,PP,0,/Volumes/Seagate Portable Drive/KYLE_AI_DATABASE/A_CAMERA/Focal_species/Gulo gulo/HLC20-H3/PP/2023/B&W/Robust marks/02.27-01.46/RCNX2319.JPG,RCNX2319.JPG,HLC20-H3_2023_202302270146_RCNX2319.jpg,0.9274770617485046,962.0090942382812,242.32830810546875,448.31134033203125,784.0701293945312,2048,1440,448,784
HLC20-H3,2023,202302270146,PP,0,/Volumes/Seagate Portable Drive/KYLE_AI_DATABASE/A_CAMERA/Focal_species/Gulo gulo/HLC20-H3/PP/2023/B&W/Robust marks/02.27-01.46/RCNX2320.JPG,RCNX2320.JPG,HLC20-H3_2023_202302270146_RCNX2320.jpg,0.912871778011322,909.3302612304688,255.89549255371094,502.12139892578125,768.807861328125,2048,1440,502,768
HLC20-H3,2023,202302270146,PP,0,/Volumes/Seagate Portable Drive/KYLE_AI_DATABASE/A_CAMERA/Focal_species/Gulo gulo/HLC20-H3/PP/2023/B&W/Robust marks/02.27-01.46/RCNX2321.JPG,RCNX2321.JPG,HLC20-H3_2023_202302270146_RCNX2321.jpg,0.9251115322113037,1074.610595703125,259.45648193359375,341.194580078125,749.3422241210938,2048,1440,341,749
HLC20-H3,2023,202302270146,PP,0,/Volumes/Seagate Portable Drive/KYLE_AI_DATABASE/A_CAMERA/Focal_species/Gulo gulo/HLC20-H3/PP/2023/B&W/Robust marks/02.27-01.46/RCNX2322.JPG,RCNX2322.JPG,HLC20-H3_2023_202302270146_RCNX2322.jpg,0.858594536781311,1107.73486328125,244.90701293945312,309.54052734375,763.312744140625,2048,1440,309,763
HLC20-H3,2023,202302270146,PP,0,/Volumes/Seagate Portable Drive/KYLE_AI_DATABASE/A_CAMERA/Focal_species/Gulo gulo/HLC20-H3/PP/2023/B&W/Robust marks/02.27-01.46/RCNX2323.JPG,RCNX2323.JPG,HLC20-H3_2023_202302270146_RCNX2323.jpg,0.8324716091156006,1054.02294921875,297.3599853515625,367.919677734375,719.0361938476562,2048,1440,367,719
HLC20-H3,2023,202302270146,PP,0,/Volumes/Seagate Portable Drive/KYLE_AI_DATABASE/A_CAMERA/Focal_species/Gulo gulo/HLC20-H3/PP/2023/B&W/Robust marks/02.27-01.46/RCNX2324.JPG,RCNX2324.JPG,HLC20-H3_2023_202302270146_RCNX2324.jpg,0.9155396223068237,1100.839111328125,338.6855163574219,315.25146484375,678.5458984375,2048,1440,315,678
HLC20-H3,2023,202302270146,PP,0,/Volumes/Seagate Portable Drive/KYLE_AI_DATABASE/A_CAMERA/Focal_species/Gulo gulo/HLC20-H3/PP/2023/B&W/Robust marks/02.27-01.46/RCNX2325.JPG,RCNX2325.JPG,HLC20-H3_2023_202302270146_RCNX2325.jpg,0.8992995023727417,1089.997314453125,312.1680908203125,328.166259765625,701.9542236328125,2048,1440,328,701
HLC20-H3,2023,202302270146,PP,0,/Volumes/Seagate Portable Drive/KYLE_AI_DATABASE/A_CAMERA/Focal_species/Gulo gulo/HLC20-H3/PP/2023/B&W/Robust marks/02.27-01.46/RCNX2326.JPG,RCNX2326.JPG,HLC20-H3_2023_202302270146_RCNX2326.jpg,0.8568106293678284,1089.775390625,282.0092468261719,326.365234375,730.55029296875,2048,1440,326,730
HLC20-H3,2023,202302270146,PP,0,/Volumes/Seagate Portable Drive/KYLE_AI_DATABASE/A_CAMERA/Focal_species/Gulo gulo/HLC20-H3/PP/2023/B&W/Robust marks/02.27-01.46/RCNX2327.JPG,RCNX2327.JPG,HLC20-H3_2023_202302270146_RCNX2327.jpg,0.8740741610527039,1034.9268798828125,270.3421936035156,394.186279296875,745.592529296875,2048,1440,394,745
HLC20-H3,2023,202302270146,PP,0,/Volumes/Seagate Portable Drive/KYLE_AI_DATABASE/A_CAMERA/Focal_species/Gulo gulo/HLC20-H3/PP/2023/B&W/Robust marks/02.27-01.46/RCNX2328.JPG,RCNX2328.JPG,HLC20-H3_2023_202302270146_RCNX2328.jpg,0.9139814972877502,969.8610229492188,284.7325744628906,451.97198486328125,739.1912841796875,2048,1440,451,739
HLC20-H3,2023,202302270146,PP,0,/Volumes/Seagate Portable Drive/KYLE_AI_DATABASE/A_CAMERA/Focal_species/Gulo gulo/HLC20-H3/PP/2023/B&W/Robust marks/02.27-01.46/RCNX2329.JPG,RCNX2329.JPG,HLC20-H3_2023_202302270146_RCNX2329.jpg,0.9222776889801025,1102.3206787109375,313.3350830078125,316.611083984375,702.7430419921875,2048,1440,316,702
HLC20-H3,2023,202302270146,PP,0,/Volumes/Seagate Portable Drive/KYLE_AI_DATABASE/A_CAMERA/Focal_species/Gulo gulo/HLC20-H3/PP/2023/B&W/Robust marks/02.27-01.46/RCNX2330.JPG,RCNX2330.JPG,HLC20-H3_2023_202302270146_RCNX2330.jpg,0.8359383344650269,951.3023681640625,311.3507080078125,467.794677734375,705.1223754882812,2048,1440,467,705
HLC20-H3,2023,202302270146,PP,0,/Volumes/Seagate Portable Drive/KYLE_AI_DATABASE/A_CAMERA/Focal_species/Gulo gulo/HLC20-H3/PP/2023/B&W/Robust marks/02.27-01.46/RCNX2331.JPG,RCNX2331.JPG,HLC20-H3_2023_202302270146_RCNX2331.jpg,0.949165940284729,1075.9384765625,352.1630554199219,328.545166015625,647.9852294921875,2048,1440,328,647
HLC20-H3,2023,202302270146,PP,0,/Volumes/Seagate Portable Drive/KYLE_AI_DATABASE/A_CAMERA/Focal_species/Gulo gulo/HLC20-H3/PP/2023/B&W/Robust marks/02.27-01.46/RCNX2332.JPG,RCNX2332.JPG,HLC20-H3_2023_202302270146_RCNX2332.jpg,0.8933517932891846,1089.4029541015625,211.99746704101562,327.89990234375,776.98779296875,2048,1440,327,776
HLC20-H3,2023,202302270146,PP,0,/Volumes/Seagate Portable Drive/KYLE_AI_DATABASE/A_CAMERA/Focal_species/Gulo gulo/HLC20-H3/PP/2023/B&W/Robust marks/02.27-01.46/RCNX2333.JPG,RCNX2333.JPG,HLC20-H3_2023_202302270146_RCNX2333.jpg,0.8632112145423889,909.6842651367188,38.09513473510742,490.92120361328125,952.3709106445312,2048,1440,490,952
HLC20-H3,2023,202302270146,PP,0,/Volumes/Seagate Portable Drive/KYLE_AI_DATABASE/A_CAMERA/Focal_species/Gulo gulo/HLC20-H3/PP/2023/B&W/Robust marks/02.27-01.46/RCNX2334.JPG,RCNX2334.JPG,HLC20-H3_2023_202302270146_RCNX2334.jpg,0.8464213609695435,1007.5458984375,231.6114501953125,394.6923828125,766.1588745117188,2048,1440,394,766
HLC20-H3,2023,202302270146,PP,0,/Volumes/Seagate Portable Drive/KYLE_AI_DATABASE/A_CAMERA/Focal_species/Gulo gulo/HLC20-H3/PP/2023/B&W/Robust marks/02.27-01.46/RCNX2335.JPG,RCNX2335.JPG,HLC20-H3_2023_202302270146_RCNX2335.jpg,0.9171960353851318,1053.734619140625,229.69480895996094,360.1025390625,780.4843139648438,2048,1440,360,780
HLC20-H3,2023,202302270146,PP,0,/Volumes/Seagate Portable Drive/KYLE_AI_DATABASE/A_CAMERA/Focal_species/Gulo gulo/HLC20-H3/PP/2023/B&W/Robust marks/02.27-01.46/RCNX2336.JPG,RCNX2336.JPG,HLC20-H3_2023_202302270146_RCNX2336.jpg,0.9151635766029358,1009.2984619140625,304.5279541015625,401.3115234375,698.116943359375,2048,1440,401,698
HLC20-H3,2023,202302270146,PP,0,/Volumes/Seagate Portable Drive/KYLE_AI_DATABASE/A_CAMERA/Focal_species/Gulo gulo/HLC20-H3/PP/2023/B&W/Robust marks/02.27-01.46/RCNX2337.JPG,RCNX2337.JPG,HLC20-H3_2023_202302270146_RCNX2337.jpg,0.9248294234275818,930.2947998046875,266.500244140625,487.576904296875,740.181884765625,2048,1440,487,740
HLC20-H3,2023,202302270146,PP,0,/Volumes/Seagate Portable Drive/KYLE_AI_DATABASE/A_CAMERA/Focal_species/Gulo gulo/HLC20-H3/PP/2023/B&W/Robust marks/02.27-01.46/RCNX2338.JPG,RCNX2338.JPG,HLC20-H3_2023_202302270146_RCNX2338.jpg,0.9182733297348022,1081.130615234375,272.2792663574219,337.169921875,722.002685546875,2048,1440,337,722
HLC20-H3,2023,202302270146,PP,0,/Volumes/Seagate Portable Drive/KYLE_AI_DATABASE/A_CAMERA/Focal_species/Gulo gulo/HLC20-H3/PP/2023/B&W/Robust marks/02.27-01.46/RCNX2339.JPG,RCNX2339.JPG,HLC20-H3_2023_202302270146_RCNX2339.jpg,0.9108100533485413,1009.110595703125,243.40008544921875,441.732177734375,756.3729248046875,2048,1440,441,756
HLC20-H3,2023,202302270146,PP,0,/Volumes/Seagate Portable Drive/KYLE_AI_DATABASE/A_CAMERA/Focal_species/Gulo gulo/HLC20-H3/PP/2023/B&W/Robust marks/02.27-01.46/RCNX2340.JPG,RCNX2340.JPG,HLC20-H3_2023_202302270146_RCNX2340.jpg,0.8764305114746094,1081.6331787109375,253.91421508789062,333.20849609375,756.2216796875,2048,1440,333,756
HLC20-H3,2023,202302270146,PP,0,/Volumes/Seagate Portable Drive/KYLE_AI_DATABASE/A_CAMERA/Focal_species/Gulo gulo/HLC20-H3/PP/2023/B&W/Robust marks/02.27-01.46/RCNX2341.JPG,RCNX2341.JPG,HLC20-H3_2023_202302270146_RCNX2341.jpg,0.906700074672699,1068.9786376953125,263.5550231933594,346.46630859375,742.1915283203125,2048,1440,346,742
HLC20-H3,2023,202302270146,PP,0,/Volumes/Seagate Portable Drive/KYLE_AI_DATABASE/A_CAMERA/Focal_species/Gulo gulo/HLC20-H3/PP/2023/B&W/Robust marks/02.27-01.46/RCNX2342.JPG,RCNX2342.JPG,HLC20-H3_2023_202302270146_RCNX2342.jpg,0.942333996295929,1029.6473388671875,285.87335205078125,395.4189453125,716.615966796875,2048,1440,395,716
HLC20-H3,2023,202302270146,PP,0,/Volumes/Seagate Portable Drive/KYLE_AI_DATABASE/A_CAMERA/Focal_species/Gulo gulo/HLC20-H3/PP/2023/B&W/Robust marks/02.27-01.46/RCNX2343.JPG,RCNX2343.JPG,HLC20-H3_2023_202302270146_RCNX2343.jpg,0.9171469211578369,1026.87744140625,296.3538513183594,394.666748046875,708.4268798828125,2048,1440,394,708
HLC20-H3,2023,202302270146,PP,0,/Volumes/Seagate Portable Drive/KYLE_AI_DATABASE/A_CAMERA/Focal_species/Gulo gulo/HLC20-H3/PP/2023/B&W/Robust marks/02.27-01.46/RCNX2344.JPG,RCNX2344.JPG,HLC20-H3_2023_202302270146_RCNX2344.jpg,0.9227258563041687,1027.5877685546875,303.2318420410156,377.799560546875,679.5357666015625,2048,1440,377,679
HLC20-H3,2023,202302270146,PP,0,/Volumes/Seagate Portable Drive/KYLE_AI_DATABASE/A_CAMERA/Focal_species/Gulo gulo/HLC20-H3/PP/2023/B&W/Robust marks/02.27-01.46/RCNX2345.JPG,RCNX2345.JPG,HLC20-H3_2023_202302270146_RCNX2345.jpg,0.8974499106407166,1042.788818359375,357.00323486328125,359.131591796875,612.09375,2048,1440,359,612
HLC20-H3,2023,202302270146,PP,0,/Volumes/Seagate Portable Drive/KYLE_AI_DATABASE/A_CAMERA/Focal_species/Gulo gulo/HLC20-H3/PP/2023/B&W/Robust marks/02.27-01.46/RCNX2348.JPG,RCNX2348.JPG,HLC20-H3_2023_202302270146_RCNX2348.jpg,0.9180330634117126,928.832763671875,382.124755859375,483.8974609375,591.5990600585938,2048,1440,483,591
HLC20-H3,2023,202302270146,PP,0,/Volumes/Seagate Portable Drive/KYLE_AI_DATABASE/A_CAMERA/Focal_species/Gulo gulo/HLC20-H3/PP/2023/B&W/Robust marks/02.27-01.46/RCNX2349.JPG,RCNX2349.JPG,HLC20-H3_2023_202302270146_RCNX2349.jpg,0.9006454348564148,1079.9071044921875,267.99468994140625,337.936767578125,750.8972778320312,2048,1440,337,750
HLC20-H3,2023,202302270146,PP,0,/Volumes/Seagate Portable Drive/KYLE_AI_DATABASE/A_CAMERA/Focal_species/Gulo gulo/HLC20-H3/PP/2023/B&W/Robust marks/02.27-01.46/RCNX2350.JPG,RCNX2350.JPG,HLC20-H3_2023_202302270146_RCNX2350.jpg,0.8827545046806335,1075.1998291015625,237.4813232421875,341.49853515625,777.3724365234375,2048,1440,341,777
HLC20-H3,2023,202302270146,PP,0,/Volumes/Seagate Portable Drive/KYLE_AI_DATABASE/A_CAMERA/Focal_species/Gulo gulo/HLC20-H3/PP/2023/B&W/Robust marks/02.27-01.46/RCNX2352.JPG,RCNX2352.JPG,HLC20-H3_2023_202302270146_RCNX2352.jpg,0.8587250709533691,1010.4453125,330.7044677734375,402.17529296875,675.3203125,2048,1440,402,675
HLC20-H3,2023,202302270146,PP,0,/Volumes/Seagate Portable Drive/KYLE_AI_DATABASE/A_CAMERA/Focal_species/Gulo gulo/HLC20-H3/PP/2023/B&W/Robust marks/02.27-01.46/RCNX2353.JPG,RCNX2353.JPG,HLC20-H3_2023_202302270146_RCNX2353.jpg,0.9117612242698669,1019.1981201171875,285.40338134765625,400.41455078125,702.7582397460938,2048,1440,400,702
HLC20-H3,2023,202302270146,PP,0,/Volumes/Seagate Portable Drive/KYLE_AI_DATABASE/A_CAMERA/Focal_species/Gulo gulo/HLC20-H3/PP/2023/B&W/Robust marks/02.27-01.46/RCNX2354.JPG,RCNX2354.JPG,HLC20-H3_2023_202302270146_RCNX2354.jpg,0.9385297298431396,1089.925048828125,357.83709716796875,323.232666015625,650.9370727539062,2048,1440,323,650
HLC20-H3,2023,202302270146,PP,0,/Volumes/Seagate Portable Drive/KYLE_AI_DATABASE/A_CAMERA/Focal_species/Gulo gulo/HLC20-H3/PP/2023/B&W/Robust marks/02.27-01.46/RCNX2355.JPG,RCNX2355.JPG,HLC20-H3_2023_202302270146_RCNX2355.jpg,0.9392014145851135,1070.686767578125,299.1927795410156,345.204345703125,683.7926025390625,2048,1440,345,683
HLC20-H3,2023,202302270146,PP,0,/Volumes/Seagate Portable Drive/KYLE_AI_DATABASE/A_CAMERA/Focal_species/Gulo gulo/HLC20-H3/PP/2023/B&W/Robust marks/02.27-01.46/RCNX2356.JPG,RCNX2356.JPG,HLC20-H3_2023_202302270146_RCNX2356.jpg,0.9241406917572021,1089.5380859375,302.8566589355469,323.932373046875,715.3092041015625,2048,1440,323,715
HLC20-H3,2023,202302270146,PP,0,/Volumes/Seagate Portable Drive/KYLE_AI_DATABASE/A_CAMERA/Focal_species/Gulo gulo/HLC20-H3/PP/2023/B&W/Robust marks/02.27-01.46/RCNX2357.JPG,RCNX2357.JPG,HLC20-H3_2023_202302270146_RCNX2357.jpg,0.8806376457214355,1081.5455322265625,297.8590087890625,335.755126953125,709.2623901367188,2048,1440,335,709
HLC20-H3,2023,202302270146,PP,0,/Volumes/Seagate Portable Drive/KYLE_AI_DATABASE/A_CAMERA/Focal_species/Gulo gulo/HLC20-H3/PP/2023/B&W/Robust marks/02.27-01.46/RCNX2358.JPG,RCNX2358.JPG,HLC20-H3_2023_202302270146_RCNX2358.jpg,0.9150478839874268,1066.0263671875,322.3409729003906,352.1396484375,687.3690185546875,2048,1440,352,687
HLC20-H3,2023,202302270146,PP,0,/Volumes/Seagate Portable Drive/KYLE_AI_DATABASE/A_CAMERA/Focal_species/Gulo gulo/HLC20-H3/PP/2023/B&W/Robust marks/02.27-01.46/RCNX2359.JPG,RCNX2359.JPG,HLC20-H3_2023_202302270146_RCNX2359.jpg,0.9312899112701416,1088.151123046875,316.1731262207031,326.282470703125,705.0443115234375,2048,1440,326,705
HLC20-H3,2023,202302270146,PP,0,/Volumes/Seagate Portable Drive/KYLE_AI_DATABASE/A_CAMERA/Focal_species/Gulo gulo/HLC20-H3/PP/2023/B&W/Robust marks/02.27-01.46/RCNX2360.JPG,RCNX2360.JPG,HLC20-H3_2023_202302270146_RCNX2360.jpg,0.8778182864189148,1015.467041015625,273.7845764160156,400.24853515625,740.887939453125,2048,1440,400,740
HLC20-H3,2023,202302270146,PP,0,/Volumes/Seagate Portable Drive/KYLE_AI_DATABASE/A_CAMERA/Focal_species/Gulo gulo/HLC20-H3/PP/2023/B&W/Robust marks/02.27-01.46/RCNX2361.JPG,RCNX2361.JPG,HLC20-H3_2023_202302270146_RCNX2361.jpg,0.8088895678520203,1096.5758056640625,1229.4720458984375,288.648193359375,177.3262939453125,2048,1440,288,177
