id,year,ymdh,station,color,original_path,original_filename,crop_filename,confidence,bbox_x,bbox_y,bbox_width,bbox_height,image_width,image_height,crop_width,crop_height
BDF10-M6,2016,201603081150,HC,1,/Volumes/Seagate Portable Drive/KYLE_AI_DATABASE/A_CAMERA/Focal_species/Gulo gulo/BDF10-M6/HC/2016/COLOR/Robust marks/03.08-11.50/IMG_0851.JPG,IMG_0851.JPG,BDF10-M6_2016_201603081150_IMG_0851.jpg,0.9753485321998596,1272.2762451171875,1089.153564453125,615.300537109375,414.2166748046875,2048,1536,615,414
BDF10-M6,2016,201603081150,HC,1,/Volumes/Seagate Portable Drive/KYLE_AI_DATABASE/A_CAMERA/Focal_species/Gulo gulo/BDF10-M6/HC/2016/COLOR/Robust marks/03.08-11.50/IMG_0852.JPG,IMG_0852.JPG,BDF10-M6_2016_201603081150_IMG_0852.jpg,0.9600576162338257,981.9929809570312,975.6588134765625,664.5521850585938,527.1102294921875,2048,1536,664,527
BDF10-M6,2016,201603081150,HC,1,/Volumes/Seagate Portable Drive/KYLE_AI_DATABASE/A_CAMERA/Focal_species/Gulo gulo/BDF10-M6/HC/2016/COLOR/Robust marks/03.08-11.50/IMG_0856.JPG,IMG_0856.JPG,BDF10-M6_2016_201603081150_IMG_0856.jpg,0.8976835608482361,824.1824340820312,735.4652709960938,301.32806396484375,424.55523681640625,2048,1536,301,424
BDF10-M6,2016,201603081150,HC,1,/Volumes/Seagate Portable Drive/KYLE_AI_DATABASE/A_CAMERA/Focal_species/Gulo gulo/BDF10-M6/HC/2016/COLOR/Robust marks/03.08-11.50/IMG_0857.JPG,IMG_0857.JPG,BDF10-M6_2016_201603081150_IMG_0857.jpg,0.8956761360168457,763.2879028320312,513.21728515625,336.74017333984375,699.697265625,2048,1536,336,699
BDF10-M6,2016,201603081150,HC,1,/Volumes/Seagate Portable Drive/KYLE_AI_DATABASE/A_CAMERA/Focal_species/Gulo gulo/BDF10-M6/HC/2016/COLOR/Robust marks/03.08-11.50/IMG_0858.JPG,IMG_0858.JPG,BDF10-M6_2016_201603081150_IMG_0858.jpg,0.9261013865470886,783.4375610351562,333.5992431640625,372.60906982421875,850.1512451171875,2048,1536,372,850
BDF10-M6,2016,201603081150,HC,1,/Volumes/Seagate Portable Drive/KYLE_AI_DATABASE/A_CAMERA/Focal_species/Gulo gulo/BDF10-M6/HC/2016/COLOR/Robust marks/03.08-11.50/IMG_0859.JPG,IMG_0859.JPG,BDF10-M6_2016_201603081150_IMG_0859.jpg,0.8913317322731018,802.556640625,284.1429443359375,377.0655517578125,821.5557861328125,2048,1536,377,821
BDF10-M6,2016,201603081150,HC,1,/Volumes/Seagate Portable Drive/KYLE_AI_DATABASE/A_CAMERA/Focal_species/Gulo gulo/BDF10-M6/HC/2016/COLOR/Robust marks/03.08-11.50/IMG_0860.JPG,IMG_0860.JPG,BDF10-M6_2016_201603081150_IMG_0860.jpg,0.9074618220329285,805.8382568359375,279.1387939453125,409.77587890625,821.64208984375,2048,1536,409,821
BDF10-M6,2016,201603081150,HC,1,/Volumes/Seagate Portable Drive/KYLE_AI_DATABASE/A_CAMERA/Focal_species/Gulo gulo/BDF10-M6/HC/2016/COLOR/Robust marks/03.08-11.50/IMG_0861.JPG,IMG_0861.JPG,BDF10-M6_2016_201603081150_IMG_0861.jpg,0.9479770064353943,774.6552734375,182.843994140625,386.2083740234375,890.6533203125,2048,1536,386,890
BDF10-M6,2016,201603081150,HC,1,/Volumes/Seagate Portable Drive/KYLE_AI_DATABASE/A_CAMERA/Focal_species/Gulo gulo/BDF10-M6/HC/2016/COLOR/Robust marks/03.08-11.50/IMG_0862.JPG,IMG_0862.JPG,BDF10-M6_2016_201603081150_IMG_0862.jpg,0.9363006949424744,785.524658203125,238.80921936035156,345.177978515625,839.7918701171875,2048,1536,345,839
BDF10-M6,2016,201603081150,HC,1,/Volumes/Seagate Portable Drive/KYLE_AI_DATABASE/A_CAMERA/Focal_species/Gulo gulo/BDF10-M6/HC/2016/COLOR/Robust marks/03.08-11.50/IMG_0863.JPG,IMG_0863.JPG,BDF10-M6_2016_201603081150_IMG_0863.jpg,0.8932051658630371,773.96875,246.31590270996094,362.6221923828125,846.2506103515625,2048,1536,362,846
BDF10-M6,2016,201603081150,HC,1,/Volumes/Seagate Portable Drive/KYLE_AI_DATABASE/A_CAMERA/Focal_species/Gulo gulo/BDF10-M6/HC/2016/COLOR/Robust marks/03.08-11.50/IMG_0864.JPG,IMG_0864.JPG,BDF10-M6_2016_201603081150_IMG_0864.jpg,0.9197968244552612,793.1273193359375,237.6935577392578,340.025146484375,861.5292358398438,2048,1536,340,861
BDF10-M6,2016,201603081150,HC,1,/Volumes/Seagate Portable Drive/KYLE_AI_DATABASE/A_CAMERA/Focal_species/Gulo gulo/BDF10-M6/HC/2016/COLOR/Robust marks/03.08-11.50/IMG_0865.JPG,IMG_0865.JPG,BDF10-M6_2016_201603081150_IMG_0865.jpg,0.9295451641082764,774.2546997070312,222.6720428466797,371.46307373046875,869.8948364257812,2048,1536,371,869
BDF10-M6,2016,201603081150,HC,1,/Volumes/Seagate Portable Drive/KYLE_AI_DATABASE/A_CAMERA/Focal_species/Gulo gulo/BDF10-M6/HC/2016/COLOR/Robust marks/03.08-11.50/IMG_0866.JPG,IMG_0866.JPG,BDF10-M6_2016_201603081150_IMG_0866.jpg,0.9284518361091614,784.2606811523438,270.96868896484375,442.41131591796875,819.7825317382812,2048,1536,442,819
BDF10-M6,2016,201603081150,HC,1,/Volumes/Seagate Portable Drive/KYLE_AI_DATABASE/A_CAMERA/Focal_species/Gulo gulo/BDF10-M6/HC/2016/COLOR/Robust marks/03.08-11.50/IMG_0867.JPG,IMG_0867.JPG,BDF10-M6_2016_201603081150_IMG_0867.jpg,0.9250797033309937,773.8883056640625,260.8120422363281,461.38623046875,819.45068359375,2048,1536,461,819
BDF10-M6,2016,201603081150,HC,1,/Volumes/Seagate Portable Drive/KYLE_AI_DATABASE/A_CAMERA/Focal_species/Gulo gulo/BDF10-M6/HC/2016/COLOR/Robust marks/03.08-11.50/IMG_0868.JPG,IMG_0868.JPG,BDF10-M6_2016_201603081150_IMG_0868.jpg,0.9195320010185242,759.995849609375,262.4686279296875,479.486083984375,821.0040283203125,2048,1536,479,821
BDF10-M6,2016,201603081150,HC,1,/Volumes/Seagate Portable Drive/KYLE_AI_DATABASE/A_CAMERA/Focal_species/Gulo gulo/BDF10-M6/HC/2016/COLOR/Robust marks/03.08-11.50/IMG_0869.JPG,IMG_0869.JPG,BDF10-M6_2016_201603081150_IMG_0869.jpg,0.9397423267364502,761.580078125,268.9131774902344,471.726806640625,790.1416015625,2048,1536,471,790
BDF10-M6,2016,201603081150,HC,1,/Volumes/Seagate Portable Drive/KYLE_AI_DATABASE/A_CAMERA/Focal_species/Gulo gulo/BDF10-M6/HC/2016/COLOR/Robust marks/03.08-11.50/IMG_0870.JPG,IMG_0870.JPG,BDF10-M6_2016_201603081150_IMG_0870.jpg,0.9207234978675842,759.780517578125,46.52915954589844,414.213623046875,1008.9134521484375,2048,1536,414,1008
BDF10-M6,2016,201603081150,HC,1,/Volumes/Seagate Portable Drive/KYLE_AI_DATABASE/A_CAMERA/Focal_species/Gulo gulo/BDF10-M6/HC/2016/COLOR/Robust marks/03.08-11.50/IMG_0871.JPG,IMG_0871.JPG,BDF10-M6_2016_201603081150_IMG_0871.jpg,0.8990334868431091,766.94091796875,253.7399139404297,370.9078369140625,853.2725219726562,2048,1536,370,853
BDF10-M6,2016,201603081150,HC,1,/Volumes/Seagate Portable Drive/KYLE_AI_DATABASE/A_CAMERA/Focal_species/Gulo gulo/BDF10-M6/HC/2016/COLOR/Robust marks/03.08-11.50/IMG_0872.JPG,IMG_0872.JPG,BDF10-M6_2016_201603081150_IMG_0872.jpg,0.9178125262260437,763.867431640625,229.73318481445312,374.9097900390625,875.3873291015625,2048,1536,374,875
BDF10-M6,2016,201603081150,HC,1,/Volumes/Seagate Portable Drive/KYLE_AI_DATABASE/A_CAMERA/Focal_species/Gulo gulo/BDF10-M6/HC/2016/COLOR/Robust marks/03.08-11.50/IMG_0873.JPG,IMG_0873.JPG,BDF10-M6_2016_201603081150_IMG_0873.jpg,0.8553685545921326,763.5225830078125,174.88348388671875,370.1949462890625,937.4629516601562,2048,1536,370,937
BDF10-M6,2016,201603081150,HC,1,/Volumes/Seagate Portable Drive/KYLE_AI_DATABASE/A_CAMERA/Focal_species/Gulo gulo/BDF10-M6/HC/2016/COLOR/Robust marks/03.08-11.50/IMG_0874.JPG,IMG_0874.JPG,BDF10-M6_2016_201603081150_IMG_0874.jpg,0.877141535282135,765.3897094726562,210.78561401367188,367.87884521484375,897.032958984375,2048,1536,367,897
BDF10-M6,2016,201603081150,HC,1,/Volumes/Seagate Portable Drive/KYLE_AI_DATABASE/A_CAMERA/Focal_species/Gulo gulo/BDF10-M6/HC/2016/COLOR/Robust marks/03.08-11.50/IMG_0875.JPG,IMG_0875.JPG,BDF10-M6_2016_201603081150_IMG_0875.jpg,0.9091132283210754,765.988037109375,237.3585205078125,376.5640869140625,869.1380615234375,2048,1536,376,869
BDF10-M6,2016,201603081150,HC,1,/Volumes/Seagate Portable Drive/KYLE_AI_DATABASE/A_CAMERA/Focal_species/Gulo gulo/BDF10-M6/HC/2016/COLOR/Robust marks/03.08-11.50/IMG_0876.JPG,IMG_0876.JPG,BDF10-M6_2016_201603081150_IMG_0876.jpg,0.9131672978401184,761.391845703125,191.42926025390625,376.7152099609375,918.1583862304688,2048,1536,376,918
BDF10-M6,2016,201603081150,HC,1,/Volumes/Seagate Portable Drive/KYLE_AI_DATABASE/A_CAMERA/Focal_species/Gulo gulo/BDF10-M6/HC/2016/COLOR/Robust marks/03.08-11.50/IMG_0877.JPG,IMG_0877.JPG,BDF10-M6_2016_201603081150_IMG_0877.jpg,0.8942970037460327,763.8179931640625,240.83253479003906,373.7685546875,883.171630859375,2048,1536,373,883
BDF10-M6,2016,201603081150,HC,1,/Volumes/Seagate Portable Drive/KYLE_AI_DATABASE/A_CAMERA/Focal_species/Gulo gulo/BDF10-M6/HC/2016/COLOR/Robust marks/03.08-11.50/IMG_0878.JPG,IMG_0878.JPG,BDF10-M6_2016_201603081150_IMG_0878.jpg,0.9113558530807495,763.0047607421875,202.29176330566406,372.718017578125,905.9493408203125,2048,1536,372,905
BDF10-M6,2016,201603081150,HC,1,/Volumes/Seagate Portable Drive/KYLE_AI_DATABASE/A_CAMERA/Focal_species/Gulo gulo/BDF10-M6/HC/2016/COLOR/Robust marks/03.08-11.50/IMG_0879.JPG,IMG_0879.JPG,BDF10-M6_2016_201603081150_IMG_0879.jpg,0.9361369609832764,763.3847045898438,205.62506103515625,372.04156494140625,901.2916870117188,2048,1536,372,901
BDF10-M6,2016,201603081150,HC,1,/Volumes/Seagate Portable Drive/KYLE_AI_DATABASE/A_CAMERA/Focal_species/Gulo gulo/BDF10-M6/HC/2016/COLOR/Robust marks/03.08-11.50/IMG_0880.JPG,IMG_0880.JPG,BDF10-M6_2016_201603081150_IMG_0880.jpg,0.888361930847168,763.112548828125,228.9082489013672,374.3822021484375,880.5494995117188,2048,1536,374,880
BDF10-M6,2016,201603081150,HC,1,/Volumes/Seagate Portable Drive/KYLE_AI_DATABASE/A_CAMERA/Focal_species/Gulo gulo/BDF10-M6/HC/2016/COLOR/Robust marks/03.08-11.50/IMG_0881.JPG,IMG_0881.JPG,BDF10-M6_2016_201603081150_IMG_0881.jpg,0.9234306812286377,763.309814453125,215.138671875,370.234619140625,893.300048828125,2048,1536,370,893
BDF10-M6,2016,201603081150,HC,1,/Volumes/Seagate Portable Drive/KYLE_AI_DATABASE/A_CAMERA/Focal_species/Gulo gulo/BDF10-M6/HC/2016/COLOR/Robust marks/03.08-11.50/IMG_0882.JPG,IMG_0882.JPG,BDF10-M6_2016_201603081150_IMG_0882.jpg,0.933067798614502,764.0573120117188,214.86973571777344,368.98443603515625,896.1099853515625,2048,1536,368,896
BDF10-M6,2016,201603081150,HC,1,/Volumes/Seagate Portable Drive/KYLE_AI_DATABASE/A_CAMERA/Focal_species/Gulo gulo/BDF10-M6/HC/2016/COLOR/Robust marks/03.08-11.50/IMG_0883.JPG,IMG_0883.JPG,BDF10-M6_2016_201603081150_IMG_0883.jpg,0.9152820706367493,763.9677734375,214.957763671875,370.4974365234375,889.633056640625,2048,1536,370,889
BDF10-M6,2016,201603081150,HC,1,/Volumes/Seagate Portable Drive/KYLE_AI_DATABASE/A_CAMERA/Focal_species/Gulo gulo/BDF10-M6/HC/2016/COLOR/Robust marks/03.08-11.50/IMG_0884.JPG,IMG_0884.JPG,BDF10-M6_2016_201603081150_IMG_0884.jpg,0.9011836647987366,766.2071533203125,221.52012634277344,365.468994140625,883.2083740234375,2048,1536,365,883
BDF10-M6,2016,201603081150,HC,1,/Volumes/Seagate Portable Drive/KYLE_AI_DATABASE/A_CAMERA/Focal_species/Gulo gulo/BDF10-M6/HC/2016/COLOR/Robust marks/03.08-11.50/IMG_0885.JPG,IMG_0885.JPG,BDF10-M6_2016_201603081150_IMG_0885.jpg,0.9033859372138977,768.116943359375,229.8394775390625,361.4776611328125,907.5860595703125,2048,1536,361,907
BDF10-M6,2016,201603081150,HC,1,/Volumes/Seagate Portable Drive/KYLE_AI_DATABASE/A_CAMERA/Focal_species/Gulo gulo/BDF10-M6/HC/2016/COLOR/Robust marks/03.08-11.50/IMG_0886.JPG,IMG_0886.JPG,BDF10-M6_2016_201603081150_IMG_0886.jpg,0.8873336315155029,765.9903564453125,229.4040069580078,371.93896484375,932.8413696289062,2048,1536,371,932
BDF10-M6,2016,201603081150,HC,1,/Volumes/Seagate Portable Drive/KYLE_AI_DATABASE/A_CAMERA/Focal_species/Gulo gulo/BDF10-M6/HC/2016/COLOR/Robust marks/03.08-11.50/IMG_0887.JPG,IMG_0887.JPG,BDF10-M6_2016_201603081150_IMG_0887.jpg,0.9016783833503723,768.0906982421875,227.55784606933594,361.8511962890625,889.6123046875,2048,1536,361,889
BDF10-M6,2016,201603081150,HC,1,/Volumes/Seagate Portable Drive/KYLE_AI_DATABASE/A_CAMERA/Focal_species/Gulo gulo/BDF10-M6/HC/2016/COLOR/Robust marks/03.08-11.50/IMG_0888.JPG,IMG_0888.JPG,BDF10-M6_2016_201603081150_IMG_0888.jpg,0.9028911590576172,770.091552734375,222.58872985839844,364.8333740234375,928.8114013671875,2048,1536,364,928
BDF10-M6,2016,201603081150,HC,1,/Volumes/Seagate Portable Drive/KYLE_AI_DATABASE/A_CAMERA/Focal_species/Gulo gulo/BDF10-M6/HC/2016/COLOR/Robust marks/03.08-11.50/IMG_0889.JPG,IMG_0889.JPG,BDF10-M6_2016_201603081150_IMG_0889.jpg,0.8959835171699524,770.4462280273438,229.2908935546875,368.86114501953125,913.5216064453125,2048,1536,368,913
BDF10-M6,2016,201603081150,HC,1,/Volumes/Seagate Portable Drive/KYLE_AI_DATABASE/A_CAMERA/Focal_species/Gulo gulo/BDF10-M6/HC/2016/COLOR/Robust marks/03.08-11.50/IMG_0890.JPG,IMG_0890.JPG,BDF10-M6_2016_201603081150_IMG_0890.jpg,0.8632012605667114,769.0675048828125,193.7204132080078,360.9183349609375,941.9263305664062,2048,1536,360,941
BDF10-M6,2016,201603081150,HC,1,/Volumes/Seagate Portable Drive/KYLE_AI_DATABASE/A_CAMERA/Focal_species/Gulo gulo/BDF10-M6/HC/2016/COLOR/Robust marks/03.08-11.50/IMG_0891.JPG,IMG_0891.JPG,BDF10-M6_2016_201603081150_IMG_0891.jpg,0.9180009365081787,774.6513671875,178.07313537597656,352.1837158203125,919.525146484375,2048,1536,352,919
BDF10-M6,2016,201603081150,HC,1,/Volumes/Seagate Portable Drive/KYLE_AI_DATABASE/A_CAMERA/Focal_species/Gulo gulo/BDF10-M6/HC/2016/COLOR/Robust marks/03.08-11.50/IMG_0892.JPG,IMG_0892.JPG,BDF10-M6_2016_201603081150_IMG_0892.jpg,0.9338813424110413,763.4631958007812,189.65927124023438,363.28900146484375,917.774169921875,2048,1536,363,917
BDF10-M6,2016,201603081150,HC,1,/Volumes/Seagate Portable Drive/KYLE_AI_DATABASE/A_CAMERA/Focal_species/Gulo gulo/BDF10-M6/HC/2016/COLOR/Robust marks/03.08-11.50/IMG_0893.JPG,IMG_0893.JPG,BDF10-M6_2016_201603081150_IMG_0893.jpg,0.9199116230010986,763.9636840820312,183.2859649658203,363.54461669921875,924.3134155273438,2048,1536,363,924
BDF10-M6,2016,201603081150,HC,1,/Volumes/Seagate Portable Drive/KYLE_AI_DATABASE/A_CAMERA/Focal_species/Gulo gulo/BDF10-M6/HC/2016/COLOR/Robust marks/03.08-11.50/IMG_0894.JPG,IMG_0894.JPG,BDF10-M6_2016_201603081150_IMG_0894.jpg,0.9403168559074402,766.7699584960938,222.53041076660156,360.77923583984375,884.0638427734375,2048,1536,360,884
BDF10-M6,2016,201603081150,HC,1,/Volumes/Seagate Portable Drive/KYLE_AI_DATABASE/A_CAMERA/Focal_species/Gulo gulo/BDF10-M6/HC/2016/COLOR/Robust marks/03.08-11.50/IMG_0895.JPG,IMG_0895.JPG,BDF10-M6_2016_201603081150_IMG_0895.jpg,0.9345386624336243,764.8693237304688,229.1883087158203,363.24615478515625,878.5790405273438,2048,1536,363,878
BDF10-M6,2016,201603081150,HC,1,/Volumes/Seagate Portable Drive/KYLE_AI_DATABASE/A_CAMERA/Focal_species/Gulo gulo/BDF10-M6/HC/2016/COLOR/Robust marks/03.08-11.50/IMG_0896.JPG,IMG_0896.JPG,BDF10-M6_2016_201603081150_IMG_0896.jpg,0.9363217949867249,764.9053955078125,225.27713012695312,362.53125,879.529052734375,2048,1536,362,879
BDF10-M6,2016,201603081150,HC,1,/Volumes/Seagate Portable Drive/KYLE_AI_DATABASE/A_CAMERA/Focal_species/Gulo gulo/BDF10-M6/HC/2016/COLOR/Robust marks/03.08-11.50/IMG_0897.JPG,IMG_0897.JPG,BDF10-M6_2016_201603081150_IMG_0897.jpg,0.9276477098464966,765.3695068359375,225.533935546875,362.5159912109375,879.5760498046875,2048,1536,362,879
BDF10-M6,2016,201603081150,HC,1,/Volumes/Seagate Portable Drive/KYLE_AI_DATABASE/A_CAMERA/Focal_species/Gulo gulo/BDF10-M6/HC/2016/COLOR/Robust marks/03.08-11.50/IMG_0898.JPG,IMG_0898.JPG,BDF10-M6_2016_201603081150_IMG_0898.jpg,0.9024195671081543,763.9496459960938,239.7989044189453,365.46575927734375,865.8034057617188,2048,1536,365,865
BDF10-M6,2016,201603081150,HC,1,/Volumes/Seagate Portable Drive/KYLE_AI_DATABASE/A_CAMERA/Focal_species/Gulo gulo/BDF10-M6/HC/2016/COLOR/Robust marks/03.08-11.50/IMG_0899.JPG,IMG_0899.JPG,BDF10-M6_2016_201603081150_IMG_0899.jpg,0.882999837398529,764.4343872070312,256.98797607421875,367.34246826171875,846.7134399414062,2048,1536,367,846
BDF10-M6,2016,201603081150,HC,1,/Volumes/Seagate Portable Drive/KYLE_AI_DATABASE/A_CAMERA/Focal_species/Gulo gulo/BDF10-M6/HC/2016/COLOR/Robust marks/03.08-11.50/IMG_0900.JPG,IMG_0900.JPG,BDF10-M6_2016_201603081150_IMG_0900.jpg,0.8959251642227173,767.253173828125,265.39031982421875,363.278564453125,837.7658081054688,2048,1536,363,837
BDF10-M6,2016,201603081150,HC,1,/Volumes/Seagate Portable Drive/KYLE_AI_DATABASE/A_CAMERA/Focal_species/Gulo gulo/BDF10-M6/HC/2016/COLOR/Robust marks/03.08-11.50/IMG_0901.JPG,IMG_0901.JPG,BDF10-M6_2016_201603081150_IMG_0901.jpg,0.8663926720619202,760.681884765625,281.93511962890625,392.03125,813.4542846679688,2048,1536,392,813
BDF10-M6,2016,201603081150,HC,1,/Volumes/Seagate Portable Drive/KYLE_AI_DATABASE/A_CAMERA/Focal_species/Gulo gulo/BDF10-M6/HC/2016/COLOR/Robust marks/03.08-11.50/IMG_0902.JPG,IMG_0902.JPG,BDF10-M6_2016_201603081150_IMG_0902.jpg,0.8898783326148987,772.2738037109375,327.41656494140625,389.1925048828125,783.4201049804688,2048,1536,389,783
BDF10-M6,2016,201603081150,HC,1,/Volumes/Seagate Portable Drive/KYLE_AI_DATABASE/A_CAMERA/Focal_species/Gulo gulo/BDF10-M6/HC/2016/COLOR/Robust marks/03.08-11.50/IMG_0903.JPG,IMG_0903.JPG,BDF10-M6_2016_201603081150_IMG_0903.jpg,0.9097237586975098,775.7914428710938,181.36285400390625,381.21270751953125,927.9833374023438,2048,1536,381,927
BDF10-M6,2016,201603081150,HC,1,/Volumes/Seagate Portable Drive/KYLE_AI_DATABASE/A_CAMERA/Focal_species/Gulo gulo/BDF10-M6/HC/2016/COLOR/Robust marks/03.08-11.50/IMG_0904.JPG,IMG_0904.JPG,BDF10-M6_2016_201603081150_IMG_0904.jpg,0.8535488247871399,762.2368774414062,274.2629699707031,387.38909912109375,841.7314453125,2048,1536,387,841
BDF10-M6,2016,201603081150,HC,1,/Volumes/Seagate Portable Drive/KYLE_AI_DATABASE/A_CAMERA/Focal_species/Gulo gulo/BDF10-M6/HC/2016/COLOR/Robust marks/03.08-11.50/IMG_0905.JPG,IMG_0905.JPG,BDF10-M6_2016_201603081150_IMG_0905.jpg,0.9046258330345154,762.14404296875,227.16709899902344,382.4765625,885.7247314453125,2048,1536,382,885
BDF10-M6,2016,201603081150,HC,1,/Volumes/Seagate Portable Drive/KYLE_AI_DATABASE/A_CAMERA/Focal_species/Gulo gulo/BDF10-M6/HC/2016/COLOR/Robust marks/03.08-11.50/IMG_0906.JPG,IMG_0906.JPG,BDF10-M6_2016_201603081150_IMG_0906.jpg,0.9035286903381348,762.7123413085938,227.17735290527344,388.36309814453125,885.0653076171875,2048,1536,388,885
BDF10-M6,2016,201603081150,HC,1,/Volumes/Seagate Portable Drive/KYLE_AI_DATABASE/A_CAMERA/Focal_species/Gulo gulo/BDF10-M6/HC/2016/COLOR/Robust marks/03.08-11.50/IMG_0907.JPG,IMG_0907.JPG,BDF10-M6_2016_201603081150_IMG_0907.jpg,0.9072409272193909,759.9486083984375,236.4664306640625,395.150146484375,875.0897216796875,2048,1536,395,875
BDF10-M6,2016,201603081150,HC,1,/Volumes/Seagate Portable Drive/KYLE_AI_DATABASE/A_CAMERA/Focal_species/Gulo gulo/BDF10-M6/HC/2016/COLOR/Robust marks/03.08-11.50/IMG_0908.JPG,IMG_0908.JPG,BDF10-M6_2016_201603081150_IMG_0908.jpg,0.9167718291282654,762.5874633789062,230.25457763671875,382.90936279296875,881.9920043945312,2048,1536,382,881
BDF10-M6,2016,201603081150,HC,1,/Volumes/Seagate Portable Drive/KYLE_AI_DATABASE/A_CAMERA/Focal_species/Gulo gulo/BDF10-M6/HC/2016/COLOR/Robust marks/03.08-11.50/IMG_0909.JPG,IMG_0909.JPG,BDF10-M6_2016_201603081150_IMG_0909.jpg,0.9171777963638306,762.4407958984375,232.6871337890625,384.5908203125,877.8458251953125,2048,1536,384,877
BDF10-M6,2016,201603081150,HC,1,/Volumes/Seagate Portable Drive/KYLE_AI_DATABASE/A_CAMERA/Focal_species/Gulo gulo/BDF10-M6/HC/2016/COLOR/Robust marks/03.08-11.50/IMG_0910.JPG,IMG_0910.JPG,BDF10-M6_2016_201603081150_IMG_0910.jpg,0.9095790386199951,763.7179565429688,222.9730682373047,383.37640380859375,895.1990356445312,2048,1536,383,895
BDF10-M6,2016,201603081150,HC,1,/Volumes/Seagate Portable Drive/KYLE_AI_DATABASE/A_CAMERA/Focal_species/Gulo gulo/BDF10-M6/HC/2016/COLOR/Robust marks/03.08-11.50/IMG_0911.JPG,IMG_0911.JPG,BDF10-M6_2016_201603081150_IMG_0911.jpg,0.8322327136993408,759.7755737304688,258.6896667480469,375.74249267578125,851.8748779296875,2048,1536,375,851
BDF10-M6,2016,201603081150,HC,1,/Volumes/Seagate Portable Drive/KYLE_AI_DATABASE/A_CAMERA/Focal_species/Gulo gulo/BDF10-M6/HC/2016/COLOR/Robust marks/03.08-11.50/IMG_0912.JPG,IMG_0912.JPG,BDF10-M6_2016_201603081150_IMG_0912.jpg,0.8767039179801941,763.4109497070312,252.16397094726562,376.08538818359375,858.87939453125,2048,1536,376,858
BDF10-M6,2016,201603081150,HC,1,/Volumes/Seagate Portable Drive/KYLE_AI_DATABASE/A_CAMERA/Focal_species/Gulo gulo/BDF10-M6/HC/2016/COLOR/Robust marks/03.08-11.50/IMG_0913.JPG,IMG_0913.JPG,BDF10-M6_2016_201603081150_IMG_0913.jpg,0.9181455969810486,760.452880859375,220.0507049560547,370.181396484375,891.9180297851562,2048,1536,370,891
BDF10-M6,2016,201603081150,HC,1,/Volumes/Seagate Portable Drive/KYLE_AI_DATABASE/A_CAMERA/Focal_species/Gulo gulo/BDF10-M6/HC/2016/COLOR/Robust marks/03.08-11.50/IMG_0914.JPG,IMG_0914.JPG,BDF10-M6_2016_201603081150_IMG_0914.jpg,0.8411009907722473,759.1994018554688,299.5491027832031,370.94976806640625,810.842041015625,2048,1536,370,810
BDF10-M6,2016,201603081150,HC,1,/Volumes/Seagate Portable Drive/KYLE_AI_DATABASE/A_CAMERA/Focal_species/Gulo gulo/BDF10-M6/HC/2016/COLOR/Robust marks/03.08-11.50/IMG_0915.JPG,IMG_0915.JPG,BDF10-M6_2016_201603081150_IMG_0915.jpg,0.8907331824302673,759.1633911132812,153.64402770996094,371.51019287109375,949.21826171875,2048,1536,371,949
BDF10-M6,2016,201603081150,HC,1,/Volumes/Seagate Portable Drive/KYLE_AI_DATABASE/A_CAMERA/Focal_species/Gulo gulo/BDF10-M6/HC/2016/COLOR/Robust marks/03.08-11.50/IMG_0916.JPG,IMG_0916.JPG,BDF10-M6_2016_201603081150_IMG_0916.jpg,0.8935368657112122,760.8939208984375,162.366943359375,369.89990234375,940.208984375,2048,1536,369,940
BDF10-M6,2016,201603081150,HC,1,/Volumes/Seagate Portable Drive/KYLE_AI_DATABASE/A_CAMERA/Focal_species/Gulo gulo/BDF10-M6/HC/2016/COLOR/Robust marks/03.08-11.50/IMG_0917.JPG,IMG_0917.JPG,BDF10-M6_2016_201603081150_IMG_0917.jpg,0.928401529788971,757.5800170898438,173.27870178222656,396.23760986328125,936.3031005859375,2048,1536,396,936
BDF10-M6,2016,201603081150,HC,1,/Volumes/Seagate Portable Drive/KYLE_AI_DATABASE/A_CAMERA/Focal_species/Gulo gulo/BDF10-M6/HC/2016/COLOR/Robust marks/03.08-11.50/IMG_0918.JPG,IMG_0918.JPG,BDF10-M6_2016_201603081150_IMG_0918.jpg,0.9107998609542847,759.3631591796875,207.94386291503906,381.869873046875,908.8116455078125,2048,1536,381,908
BDF10-M6,2016,201603081150,HC,1,/Volumes/Seagate Portable Drive/KYLE_AI_DATABASE/A_CAMERA/Focal_species/Gulo gulo/BDF10-M6/HC/2016/COLOR/Robust marks/03.08-11.50/IMG_0919.JPG,IMG_0919.JPG,BDF10-M6_2016_201603081150_IMG_0919.jpg,0.9120016694068909,761.4605712890625,258.80694580078125,373.7449951171875,849.1248168945312,2048,1536,373,849
BDF10-M6,2016,201603081150,HC,1,/Volumes/Seagate Portable Drive/KYLE_AI_DATABASE/A_CAMERA/Focal_species/Gulo gulo/BDF10-M6/HC/2016/COLOR/Robust marks/03.08-11.50/IMG_0920.JPG,IMG_0920.JPG,BDF10-M6_2016_201603081150_IMG_0920.jpg,0.8790128827095032,760.5457763671875,292.238525390625,374.5089111328125,814.06005859375,2048,1536,374,814
BDF10-M6,2016,201603081150,HC,1,/Volumes/Seagate Portable Drive/KYLE_AI_DATABASE/A_CAMERA/Focal_species/Gulo gulo/BDF10-M6/HC/2016/COLOR/Robust marks/03.08-11.50/IMG_0921.JPG,IMG_0921.JPG,BDF10-M6_2016_201603081150_IMG_0921.jpg,0.8993530869483948,764.56298828125,231.0413818359375,382.1644287109375,877.3890380859375,2048,1536,382,877
BDF10-M6,2016,201603081150,HC,1,/Volumes/Seagate Portable Drive/KYLE_AI_DATABASE/A_CAMERA/Focal_species/Gulo gulo/BDF10-M6/HC/2016/COLOR/Robust marks/03.08-11.50/IMG_0922.JPG,IMG_0922.JPG,BDF10-M6_2016_201603081150_IMG_0922.jpg,0.9264765977859497,774.59033203125,227.41873168945312,373.032958984375,876.35546875,2048,1536,373,876
BDF10-M6,2016,201603081150,HC,1,/Volumes/Seagate Portable Drive/KYLE_AI_DATABASE/A_CAMERA/Focal_species/Gulo gulo/BDF10-M6/HC/2016/COLOR/Robust marks/03.08-11.50/IMG_0923.JPG,IMG_0923.JPG,BDF10-M6_2016_201603081150_IMG_0923.jpg,0.9109936356544495,766.61865234375,215.23077392578125,374.894775390625,892.0082397460938,2048,1536,374,892
BDF10-M6,2016,201603081150,HC,1,/Volumes/Seagate Portable Drive/KYLE_AI_DATABASE/A_CAMERA/Focal_species/Gulo gulo/BDF10-M6/HC/2016/COLOR/Robust marks/03.08-11.50/IMG_0924.JPG,IMG_0924.JPG,BDF10-M6_2016_201603081150_IMG_0924.jpg,0.8931807279586792,759.7923583984375,208.10609436035156,364.0406494140625,869.839111328125,2048,1536,364,869
BDF10-M6,2016,201603081150,HC,1,/Volumes/Seagate Portable Drive/KYLE_AI_DATABASE/A_CAMERA/Focal_species/Gulo gulo/BDF10-M6/HC/2016/COLOR/Robust marks/03.08-11.50/IMG_0925.JPG,IMG_0925.JPG,BDF10-M6_2016_201603081150_IMG_0925.jpg,0.894843339920044,760.1359252929688,233.03512573242188,360.36456298828125,856.209228515625,2048,1536,360,856
BDF10-M6,2016,201603081150,HC,1,/Volumes/Seagate Portable Drive/KYLE_AI_DATABASE/A_CAMERA/Focal_species/Gulo gulo/BDF10-M6/HC/2016/COLOR/Robust marks/03.08-11.50/IMG_0926.JPG,IMG_0926.JPG,BDF10-M6_2016_201603081150_IMG_0926.jpg,0.8948020339012146,754.9879150390625,270.2940673828125,393.8878173828125,906.5166015625,2048,1536,393,906
BDF10-M6,2016,201603081150,HC,1,/Volumes/Seagate Portable Drive/KYLE_AI_DATABASE/A_CAMERA/Focal_species/Gulo gulo/BDF10-M6/HC/2016/COLOR/Robust marks/03.08-11.50/IMG_0927.JPG,IMG_0927.JPG,BDF10-M6_2016_201603081150_IMG_0927.jpg,0.9197954535484314,759.0239868164062,206.19204711914062,387.17144775390625,957.2120361328125,2048,1536,387,957
BDF10-M6,2016,201603081150,HC,1,/Volumes/Seagate Portable Drive/KYLE_AI_DATABASE/A_CAMERA/Focal_species/Gulo gulo/BDF10-M6/HC/2016/COLOR/Robust marks/03.08-11.50/IMG_0928.JPG,IMG_0928.JPG,BDF10-M6_2016_201603081150_IMG_0928.jpg,0.9055183529853821,759.93896484375,236.44203186035156,387.4254150390625,872.8619384765625,2048,1536,387,872
BDF10-M6,2016,201603081150,HC,1,/Volumes/Seagate Portable Drive/KYLE_AI_DATABASE/A_CAMERA/Focal_species/Gulo gulo/BDF10-M6/HC/2016/COLOR/Robust marks/03.08-11.50/IMG_0929.JPG,IMG_0929.JPG,BDF10-M6_2016_201603081150_IMG_0929.jpg,0.906335175037384,759.6079711914062,249.2761688232422,369.36810302734375,869.7467651367188,2048,1536,369,869
BDF10-M6,2016,201603081150,HC,1,/Volumes/Seagate Portable Drive/KYLE_AI_DATABASE/A_CAMERA/Focal_species/Gulo gulo/BDF10-M6/HC/2016/COLOR/Robust marks/03.08-11.50/IMG_0930.JPG,IMG_0930.JPG,BDF10-M6_2016_201603081150_IMG_0930.jpg,0.9169373512268066,757.29052734375,246.04307556152344,369.0364990234375,908.1175537109375,2048,1536,369,908
BDF10-M6,2016,201603081150,HC,1,/Volumes/Seagate Portable Drive/KYLE_AI_DATABASE/A_CAMERA/Focal_species/Gulo gulo/BDF10-M6/HC/2016/COLOR/Robust marks/03.08-11.50/IMG_0931.JPG,IMG_0931.JPG,BDF10-M6_2016_201603081150_IMG_0931.jpg,0.890610933303833,756.2979736328125,323.3731994628906,371.856689453125,736.7442626953125,2048,1536,371,736
BDF10-M6,2016,201603081150,HC,1,/Volumes/Seagate Portable Drive/KYLE_AI_DATABASE/A_CAMERA/Focal_species/Gulo gulo/BDF10-M6/HC/2016/COLOR/Robust marks/03.08-11.50/IMG_0932.JPG,IMG_0932.JPG,BDF10-M6_2016_201603081150_IMG_0932.jpg,0.9264152646064758,755.849853515625,320.58880615234375,372.496337890625,711.9785766601562,2048,1536,372,711
BDF10-M6,2016,201603081150,HC,1,/Volumes/Seagate Portable Drive/KYLE_AI_DATABASE/A_CAMERA/Focal_species/Gulo gulo/BDF10-M6/HC/2016/COLOR/Robust marks/03.08-11.50/IMG_0933.JPG,IMG_0933.JPG,BDF10-M6_2016_201603081150_IMG_0933.jpg,0.9056139588356018,759.6616821289062,200.4447784423828,401.63128662109375,953.7620239257812,2048,1536,401,953
BDF10-M6,2016,201603081150,HC,1,/Volumes/Seagate Portable Drive/KYLE_AI_DATABASE/A_CAMERA/Focal_species/Gulo gulo/BDF10-M6/HC/2016/COLOR/Robust marks/03.08-11.50/IMG_0934.JPG,IMG_0934.JPG,BDF10-M6_2016_201603081150_IMG_0934.jpg,0.9049083590507507,759.4146728515625,209.90744018554688,364.29345703125,934.082275390625,2048,1536,364,934
BDF10-M6,2016,201603081150,HC,1,/Volumes/Seagate Portable Drive/KYLE_AI_DATABASE/A_CAMERA/Focal_species/Gulo gulo/BDF10-M6/HC/2016/COLOR/Robust marks/03.08-11.50/IMG_0935.JPG,IMG_0935.JPG,BDF10-M6_2016_201603081150_IMG_0935.jpg,0.9116825461387634,758.7076416015625,184.19961547851562,372.0972900390625,919.359130859375,2048,1536,372,919
BDF10-M6,2016,201603081150,HC,1,/Volumes/Seagate Portable Drive/KYLE_AI_DATABASE/A_CAMERA/Focal_species/Gulo gulo/BDF10-M6/HC/2016/COLOR/Robust marks/03.08-11.50/IMG_0936.JPG,IMG_0936.JPG,BDF10-M6_2016_201603081150_IMG_0936.jpg,0.8944216370582581,761.6688232421875,179.47439575195312,369.6580810546875,928.2373046875,2048,1536,369,928
BDF10-M6,2016,201603081150,HC,1,/Volumes/Seagate Portable Drive/KYLE_AI_DATABASE/A_CAMERA/Focal_species/Gulo gulo/BDF10-M6/HC/2016/COLOR/Robust marks/03.08-11.50/IMG_0937.JPG,IMG_0937.JPG,BDF10-M6_2016_201603081150_IMG_0937.jpg,0.9161829948425293,759.1665649414062,256.3046875,369.39666748046875,856.2928466796875,2048,1536,369,856
BDF10-M6,2016,201603081150,HC,1,/Volumes/Seagate Portable Drive/KYLE_AI_DATABASE/A_CAMERA/Focal_species/Gulo gulo/BDF10-M6/HC/2016/COLOR/Robust marks/03.08-11.50/IMG_0938.JPG,IMG_0938.JPG,BDF10-M6_2016_201603081150_IMG_0938.jpg,0.9148353934288025,759.9020385742188,252.19056701660156,371.22930908203125,861.57958984375,2048,1536,371,861
BDF10-M6,2016,201603081150,HC,1,/Volumes/Seagate Portable Drive/KYLE_AI_DATABASE/A_CAMERA/Focal_species/Gulo gulo/BDF10-M6/HC/2016/COLOR/Robust marks/03.08-11.50/IMG_0939.JPG,IMG_0939.JPG,BDF10-M6_2016_201603081150_IMG_0939.jpg,0.9099057912826538,759.3303833007812,249.89987182617188,371.11004638671875,868.1925048828125,2048,1536,371,868
BDF10-M6,2016,201603081150,HC,1,/Volumes/Seagate Portable Drive/KYLE_AI_DATABASE/A_CAMERA/Focal_species/Gulo gulo/BDF10-M6/HC/2016/COLOR/Robust marks/03.08-11.50/IMG_0940.JPG,IMG_0940.JPG,BDF10-M6_2016_201603081150_IMG_0940.jpg,0.9047918319702148,759.53369140625,222.76821899414062,365.8277587890625,883.9178466796875,2048,1536,365,883
BDF10-M6,2016,201603081150,HC,1,/Volumes/Seagate Portable Drive/KYLE_AI_DATABASE/A_CAMERA/Focal_species/Gulo gulo/BDF10-M6/HC/2016/COLOR/Robust marks/03.08-11.50/IMG_0941.JPG,IMG_0941.JPG,BDF10-M6_2016_201603081150_IMG_0941.jpg,0.8881974816322327,754.875732421875,160.85096740722656,373.3043212890625,899.0023193359375,2048,1536,373,899
BDF10-M6,2016,201603081150,HC,1,/Volumes/Seagate Portable Drive/KYLE_AI_DATABASE/A_CAMERA/Focal_species/Gulo gulo/BDF10-M6/HC/2016/COLOR/Robust marks/03.08-11.50/IMG_0942.JPG,IMG_0942.JPG,BDF10-M6_2016_201603081150_IMG_0942.jpg,0.9211293458938599,758.5438232421875,171.7049102783203,363.63330078125,891.6607055664062,2048,1536,363,891
BDF10-M6,2016,201603081150,HC,1,/Volumes/Seagate Portable Drive/KYLE_AI_DATABASE/A_CAMERA/Focal_species/Gulo gulo/BDF10-M6/HC/2016/COLOR/Robust marks/03.08-11.50/IMG_0943.JPG,IMG_0943.JPG,BDF10-M6_2016_201603081150_IMG_0943.jpg,0.85658860206604,754.8853759765625,233.0277557373047,380.655517578125,881.0259399414062,2048,1536,380,881
BDF10-M6,2016,201603081150,HC,1,/Volumes/Seagate Portable Drive/KYLE_AI_DATABASE/A_CAMERA/Focal_species/Gulo gulo/BDF10-M6/HC/2016/COLOR/Robust marks/03.08-11.50/IMG_0944.JPG,IMG_0944.JPG,BDF10-M6_2016_201603081150_IMG_0944.jpg,0.8727323412895203,758.6714477539062,251.71449279785156,373.76727294921875,844.0384521484375,2048,1536,373,844
BDF10-M6,2016,201603081150,HC,1,/Volumes/Seagate Portable Drive/KYLE_AI_DATABASE/A_CAMERA/Focal_species/Gulo gulo/BDF10-M6/HC/2016/COLOR/Robust marks/03.08-11.50/IMG_0945.JPG,IMG_0945.JPG,BDF10-M6_2016_201603081150_IMG_0945.jpg,0.8728243112564087,754.7429809570312,170.42156982421875,373.62115478515625,921.6535034179688,2048,1536,373,921
BDF10-M6,2016,201603081150,HC,1,/Volumes/Seagate Portable Drive/KYLE_AI_DATABASE/A_CAMERA/Focal_species/Gulo gulo/BDF10-M6/HC/2016/COLOR/Robust marks/03.08-11.50/IMG_0946.JPG,IMG_0946.JPG,BDF10-M6_2016_201603081150_IMG_0946.jpg,0.8403121829032898,755.128173828125,169.8218994140625,369.08642578125,896.58154296875,2048,1536,369,896
BDF10-M6,2016,201603081150,HC,1,/Volumes/Seagate Portable Drive/KYLE_AI_DATABASE/A_CAMERA/Focal_species/Gulo gulo/BDF10-M6/HC/2016/COLOR/Robust marks/03.08-11.50/IMG_0947.JPG,IMG_0947.JPG,BDF10-M6_2016_201603081150_IMG_0947.jpg,0.8998225331306458,755.1587524414062,239.93069458007812,376.78619384765625,851.1458740234375,2048,1536,376,851
BDF10-M6,2016,201603081150,HC,1,/Volumes/Seagate Portable Drive/KYLE_AI_DATABASE/A_CAMERA/Focal_species/Gulo gulo/BDF10-M6/HC/2016/COLOR/Robust marks/03.08-11.50/IMG_0948.JPG,IMG_0948.JPG,BDF10-M6_2016_201603081150_IMG_0948.jpg,0.8811855316162109,756.6636352539062,227.5729522705078,391.31463623046875,878.6087036132812,2048,1536,391,878
BDF10-M6,2016,201603081150,HC,1,/Volumes/Seagate Portable Drive/KYLE_AI_DATABASE/A_CAMERA/Focal_species/Gulo gulo/BDF10-M6/HC/2016/COLOR/Robust marks/03.08-11.50/IMG_0949.JPG,IMG_0949.JPG,BDF10-M6_2016_201603081150_IMG_0949.jpg,0.9072872996330261,758.1221923828125,168.7910614013672,390.8021240234375,930.9481811523438,2048,1536,390,930
BDF10-M6,2016,201603081150,HC,1,/Volumes/Seagate Portable Drive/KYLE_AI_DATABASE/A_CAMERA/Focal_species/Gulo gulo/BDF10-M6/HC/2016/COLOR/Robust marks/03.08-11.50/IMG_0950.JPG,IMG_0950.JPG,BDF10-M6_2016_201603081150_IMG_0950.jpg,0.8726195096969604,757.484619140625,192.29324340820312,382.9410400390625,906.5450439453125,2048,1536,382,906
BDF10-M6,2016,201603081150,HC,1,/Volumes/Seagate Portable Drive/KYLE_AI_DATABASE/A_CAMERA/Focal_species/Gulo gulo/BDF10-M6/HC/2016/COLOR/Robust marks/03.08-11.50/IMG_0951.JPG,IMG_0951.JPG,BDF10-M6_2016_201603081150_IMG_0951.jpg,0.8926688432693481,756.553466796875,228.48770141601562,367.91943359375,873.7108154296875,2048,1536,367,873
BDF10-M6,2016,201603081150,HC,1,/Volumes/Seagate Portable Drive/KYLE_AI_DATABASE/A_CAMERA/Focal_species/Gulo gulo/BDF10-M6/HC/2016/COLOR/Robust marks/03.08-11.50/IMG_0952.JPG,IMG_0952.JPG,BDF10-M6_2016_201603081150_IMG_0952.jpg,0.9025447964668274,761.17626953125,187.6058807373047,364.3812255859375,913.6851196289062,2048,1536,364,913
BDF10-M6,2016,201603081150,HC,1,/Volumes/Seagate Portable Drive/KYLE_AI_DATABASE/A_CAMERA/Focal_species/Gulo gulo/BDF10-M6/HC/2016/COLOR/Robust marks/03.08-11.50/IMG_0953.JPG,IMG_0953.JPG,BDF10-M6_2016_201603081150_IMG_0953.jpg,0.83540940284729,756.1141357421875,269.9378662109375,367.960205078125,821.7940673828125,2048,1536,367,821
BDF10-M6,2016,201603081150,HC,1,/Volumes/Seagate Portable Drive/KYLE_AI_DATABASE/A_CAMERA/Focal_species/Gulo gulo/BDF10-M6/HC/2016/COLOR/Robust marks/03.08-11.50/IMG_0954.JPG,IMG_0954.JPG,BDF10-M6_2016_201603081150_IMG_0954.jpg,0.907454788684845,757.79638671875,201.60438537597656,363.1986083984375,834.90625,2048,1536,363,834
BDF10-M6,2016,201603081150,HC,1,/Volumes/Seagate Portable Drive/KYLE_AI_DATABASE/A_CAMERA/Focal_species/Gulo gulo/BDF10-M6/HC/2016/COLOR/Robust marks/03.08-11.50/IMG_0955.JPG,IMG_0955.JPG,BDF10-M6_2016_201603081150_IMG_0955.jpg,0.9152750968933105,737.826171875,233.8824920654297,408.2347412109375,905.7772827148438,2048,1536,408,905
BDF10-M6,2016,201603081150,HC,1,/Volumes/Seagate Portable Drive/KYLE_AI_DATABASE/A_CAMERA/Focal_species/Gulo gulo/BDF10-M6/HC/2016/COLOR/Robust marks/03.08-11.50/IMG_0956.JPG,IMG_0956.JPG,BDF10-M6_2016_201603081150_IMG_0956.jpg,0.8922549486160278,737.9915161132812,313.28253173828125,407.69158935546875,851.6078491210938,2048,1536,407,851
BDF10-M6,2016,201603081150,HC,1,/Volumes/Seagate Portable Drive/KYLE_AI_DATABASE/A_CAMERA/Focal_species/Gulo gulo/BDF10-M6/HC/2016/COLOR/Robust marks/03.08-11.50/IMG_0957.JPG,IMG_0957.JPG,BDF10-M6_2016_201603081150_IMG_0957.jpg,0.9162186980247498,740.6439208984375,177.21258544921875,405.962158203125,952.3054809570312,2048,1536,405,952
BDF10-M6,2016,201603081150,HC,1,/Volumes/Seagate Portable Drive/KYLE_AI_DATABASE/A_CAMERA/Focal_species/Gulo gulo/BDF10-M6/HC/2016/COLOR/Robust marks/03.08-11.50/IMG_0959.JPG,IMG_0959.JPG,BDF10-M6_2016_201603081150_IMG_0959.jpg,0.9259374141693115,751.1517333984375,128.95838928222656,438.4615478515625,974.179931640625,2048,1536,438,974
BDF10-M6,2016,201603081150,HC,1,/Volumes/Seagate Portable Drive/KYLE_AI_DATABASE/A_CAMERA/Focal_species/Gulo gulo/BDF10-M6/HC/2016/COLOR/Robust marks/03.08-11.50/IMG_0960.JPG,IMG_0960.JPG,BDF10-M6_2016_201603081150_IMG_0960.jpg,0.8030989766120911,755.217529296875,165.20361328125,456.1422119140625,936.331298828125,2048,1536,456,936
BDF10-M6,2016,201603081150,HC,1,/Volumes/Seagate Portable Drive/KYLE_AI_DATABASE/A_CAMERA/Focal_species/Gulo gulo/BDF10-M6/HC/2016/COLOR/Robust marks/03.08-11.50/IMG_0961.JPG,IMG_0961.JPG,BDF10-M6_2016_201603081150_IMG_0961.jpg,0.8836966753005981,749.484375,146.90029907226562,411.7725830078125,1015.03466796875,2048,1536,411,1015
BDF10-M6,2016,201603081150,HC,1,/Volumes/Seagate Portable Drive/KYLE_AI_DATABASE/A_CAMERA/Focal_species/Gulo gulo/BDF10-M6/HC/2016/COLOR/Robust marks/03.08-11.50/IMG_0962.JPG,IMG_0962.JPG,BDF10-M6_2016_201603081150_IMG_0962.jpg,0.8976023197174072,751.7943725585938,315.92138671875,398.27166748046875,859.6348876953125,2048,1536,398,859
BDF10-M6,2016,201603081150,HC,1,/Volumes/Seagate Portable Drive/KYLE_AI_DATABASE/A_CAMERA/Focal_species/Gulo gulo/BDF10-M6/HC/2016/COLOR/Robust marks/03.08-11.50/IMG_0963.JPG,IMG_0963.JPG,BDF10-M6_2016_201603081150_IMG_0963.jpg,0.8797143697738647,754.3863525390625,124.38372802734375,437.5274658203125,978.1592407226562,2048,1536,437,978
BDF10-M6,2016,201603081150,HC,1,/Volumes/Seagate Portable Drive/KYLE_AI_DATABASE/A_CAMERA/Focal_species/Gulo gulo/BDF10-M6/HC/2016/COLOR/Robust marks/03.08-11.50/IMG_0964.JPG,IMG_0964.JPG,BDF10-M6_2016_201603081150_IMG_0964.jpg,0.9311519265174866,753.3427734375,119.90240478515625,451.2606201171875,983.4850463867188,2048,1536,451,983
BDF10-M6,2016,201603081150,HC,1,/Volumes/Seagate Portable Drive/KYLE_AI_DATABASE/A_CAMERA/Focal_species/Gulo gulo/BDF10-M6/HC/2016/COLOR/Robust marks/03.08-11.50/IMG_0965.JPG,IMG_0965.JPG,BDF10-M6_2016_201603081150_IMG_0965.jpg,0.9058263897895813,752.1311645507812,316.5465087890625,401.46429443359375,794.1282958984375,2048,1536,401,794
BDF10-M6,2016,201603081150,HC,1,/Volumes/Seagate Portable Drive/KYLE_AI_DATABASE/A_CAMERA/Focal_species/Gulo gulo/BDF10-M6/HC/2016/COLOR/Robust marks/03.08-11.50/IMG_0966.JPG,IMG_0966.JPG,BDF10-M6_2016_201603081150_IMG_0966.jpg,0.9209603667259216,750.1136474609375,140.22116088867188,410.8167724609375,970.246337890625,2048,1536,410,970
BDF10-M6,2016,201603081150,HC,1,/Volumes/Seagate Portable Drive/KYLE_AI_DATABASE/A_CAMERA/Focal_species/Gulo gulo/BDF10-M6/HC/2016/COLOR/Robust marks/03.08-11.50/IMG_0967.JPG,IMG_0967.JPG,BDF10-M6_2016_201603081150_IMG_0967.jpg,0.9382187128067017,753.370849609375,245.37368774414062,443.6759033203125,858.7796630859375,2048,1536,443,858
BDF10-M6,2016,201603081150,HC,1,/Volumes/Seagate Portable Drive/KYLE_AI_DATABASE/A_CAMERA/Focal_species/Gulo gulo/BDF10-M6/HC/2016/COLOR/Robust marks/03.08-11.50/IMG_0968.JPG,IMG_0968.JPG,BDF10-M6_2016_201603081150_IMG_0968.jpg,0.912811279296875,752.4346923828125,219.43775939941406,416.8673095703125,879.6884765625,2048,1536,416,879
BDF10-M6,2016,201603081150,HC,1,/Volumes/Seagate Portable Drive/KYLE_AI_DATABASE/A_CAMERA/Focal_species/Gulo gulo/BDF10-M6/HC/2016/COLOR/Robust marks/03.08-11.50/IMG_0969.JPG,IMG_0969.JPG,BDF10-M6_2016_201603081150_IMG_0969.jpg,0.9273726940155029,745.499267578125,259.2699279785156,408.4969482421875,894.4794921875,2048,1536,408,894
BDF10-M6,2016,201603081150,HC,1,/Volumes/Seagate Portable Drive/KYLE_AI_DATABASE/A_CAMERA/Focal_species/Gulo gulo/BDF10-M6/HC/2016/COLOR/Robust marks/03.08-11.50/IMG_0970.JPG,IMG_0970.JPG,BDF10-M6_2016_201603081150_IMG_0970.jpg,0.9081205129623413,752.65380859375,288.68792724609375,404.29541015625,819.4541625976562,2048,1536,404,819
BDF10-M6,2016,201603081150,HC,1,/Volumes/Seagate Portable Drive/KYLE_AI_DATABASE/A_CAMERA/Focal_species/Gulo gulo/BDF10-M6/HC/2016/COLOR/Robust marks/03.08-11.50/IMG_0971.JPG,IMG_0971.JPG,BDF10-M6_2016_201603081150_IMG_0971.jpg,0.9122870564460754,727.9446411132812,306.02337646484375,389.25091552734375,886.4888305664062,2048,1536,389,886
BDF10-M6,2016,201603081150,HC,1,/Volumes/Seagate Portable Drive/KYLE_AI_DATABASE/A_CAMERA/Focal_species/Gulo gulo/BDF10-M6/HC/2016/COLOR/Robust marks/03.08-11.50/IMG_0972.JPG,IMG_0972.JPG,BDF10-M6_2016_201603081150_IMG_0972.jpg,0.8879605531692505,750.8699340820312,264.1591796875,369.42169189453125,853.887939453125,2048,1536,369,853
BDF10-M6,2016,201603081150,HC,1,/Volumes/Seagate Portable Drive/KYLE_AI_DATABASE/A_CAMERA/Focal_species/Gulo gulo/BDF10-M6/HC/2016/COLOR/Robust marks/03.08-11.50/IMG_0973.JPG,IMG_0973.JPG,BDF10-M6_2016_201603081150_IMG_0973.jpg,0.904049277305603,757.3939208984375,301.6485595703125,387.169677734375,814.91064453125,2048,1536,387,814
BDF10-M6,2016,201603081150,HC,1,/Volumes/Seagate Portable Drive/KYLE_AI_DATABASE/A_CAMERA/Focal_species/Gulo gulo/BDF10-M6/HC/2016/COLOR/Robust marks/03.08-11.50/IMG_0974.JPG,IMG_0974.JPG,BDF10-M6_2016_201603081150_IMG_0974.jpg,0.8872394561767578,758.0186767578125,265.154296875,394.74462890625,847.1124267578125,2048,1536,394,847
BDF10-M6,2016,201603081150,HC,1,/Volumes/Seagate Portable Drive/KYLE_AI_DATABASE/A_CAMERA/Focal_species/Gulo gulo/BDF10-M6/HC/2016/COLOR/Robust marks/03.08-11.50/IMG_0975.JPG,IMG_0975.JPG,BDF10-M6_2016_201603081150_IMG_0975.jpg,0.91089928150177,759.17333984375,241.09515380859375,393.9012451171875,867.3908081054688,2048,1536,393,867
BDF10-M6,2016,201603081150,HC,1,/Volumes/Seagate Portable Drive/KYLE_AI_DATABASE/A_CAMERA/Focal_species/Gulo gulo/BDF10-M6/HC/2016/COLOR/Robust marks/03.08-11.50/IMG_0976.JPG,IMG_0976.JPG,BDF10-M6_2016_201603081150_IMG_0976.jpg,0.90541672706604,758.5145874023438,299.0836181640625,372.38751220703125,814.0093994140625,2048,1536,372,814
BDF10-M6,2016,201603081150,HC,1,/Volumes/Seagate Portable Drive/KYLE_AI_DATABASE/A_CAMERA/Focal_species/Gulo gulo/BDF10-M6/HC/2016/COLOR/Robust marks/03.08-11.50/IMG_0977.JPG,IMG_0977.JPG,BDF10-M6_2016_201603081150_IMG_0977.jpg,0.895060122013092,758.8070068359375,262.154541015625,386.9534912109375,895.128173828125,2048,1536,386,895
BDF10-M6,2016,201603081150,HC,1,/Volumes/Seagate Portable Drive/KYLE_AI_DATABASE/A_CAMERA/Focal_species/Gulo gulo/BDF10-M6/HC/2016/COLOR/Robust marks/03.08-11.50/IMG_0978.JPG,IMG_0978.JPG,BDF10-M6_2016_201603081150_IMG_0978.jpg,0.9098721146583557,757.5093994140625,224.6444091796875,401.6534423828125,898.971435546875,2048,1536,401,898
BDF10-M6,2016,201603081150,HC,1,/Volumes/Seagate Portable Drive/KYLE_AI_DATABASE/A_CAMERA/Focal_species/Gulo gulo/BDF10-M6/HC/2016/COLOR/Robust marks/03.08-11.50/IMG_0979.JPG,IMG_0979.JPG,BDF10-M6_2016_201603081150_IMG_0979.jpg,0.9126744270324707,754.44921875,240.7323760986328,385.156005859375,922.7720336914062,2048,1536,385,922
BDF10-M6,2016,201603081150,HC,1,/Volumes/Seagate Portable Drive/KYLE_AI_DATABASE/A_CAMERA/Focal_species/Gulo gulo/BDF10-M6/HC/2016/COLOR/Robust marks/03.08-11.50/IMG_0980.JPG,IMG_0980.JPG,BDF10-M6_2016_201603081150_IMG_0980.jpg,0.9245867133140564,750.9468994140625,280.66436767578125,377.01318359375,884.4507446289062,2048,1536,377,884
BDF10-M6,2016,201603081150,HC,1,/Volumes/Seagate Portable Drive/KYLE_AI_DATABASE/A_CAMERA/Focal_species/Gulo gulo/BDF10-M6/HC/2016/COLOR/Robust marks/03.08-11.50/IMG_0981.JPG,IMG_0981.JPG,BDF10-M6_2016_201603081150_IMG_0981.jpg,0.8758187890052795,755.892333984375,300.71856689453125,367.7056884765625,843.0778198242188,2048,1536,367,843
BDF10-M6,2016,201603081150,HC,1,/Volumes/Seagate Portable Drive/KYLE_AI_DATABASE/A_CAMERA/Focal_species/Gulo gulo/BDF10-M6/HC/2016/COLOR/Robust marks/03.08-11.50/IMG_0982.JPG,IMG_0982.JPG,BDF10-M6_2016_201603081150_IMG_0982.jpg,0.9098572134971619,757.0711059570312,310.09234619140625,391.46038818359375,798.6871948242188,2048,1536,391,798
BDF10-M6,2016,201603081150,HC,1,/Volumes/Seagate Portable Drive/KYLE_AI_DATABASE/A_CAMERA/Focal_species/Gulo gulo/BDF10-M6/HC/2016/COLOR/Robust marks/03.08-11.50/IMG_0983.JPG,IMG_0983.JPG,BDF10-M6_2016_201603081150_IMG_0983.jpg,0.8962820172309875,757.9534912109375,231.41285705566406,392.7557373046875,880.6728515625,2048,1536,392,880
BDF10-M6,2016,201603081150,HC,1,/Volumes/Seagate Portable Drive/KYLE_AI_DATABASE/A_CAMERA/Focal_species/Gulo gulo/BDF10-M6/HC/2016/COLOR/Robust marks/03.08-11.50/IMG_0984.JPG,IMG_0984.JPG,BDF10-M6_2016_201603081150_IMG_0984.jpg,0.887410581111908,748.9909057617188,300.0892333984375,382.59356689453125,848.8065185546875,2048,1536,382,848
BDF10-M6,2016,201603081150,HC,1,/Volumes/Seagate Portable Drive/KYLE_AI_DATABASE/A_CAMERA/Focal_species/Gulo gulo/BDF10-M6/HC/2016/COLOR/Robust marks/03.08-11.50/IMG_0985.JPG,IMG_0985.JPG,BDF10-M6_2016_201603081150_IMG_0985.jpg,0.8750175833702087,754.7816162109375,303.2000427246094,387.5439453125,849.44873046875,2048,1536,387,849
BDF10-M6,2016,201603081150,HC,1,/Volumes/Seagate Portable Drive/KYLE_AI_DATABASE/A_CAMERA/Focal_species/Gulo gulo/BDF10-M6/HC/2016/COLOR/Robust marks/03.08-11.50/IMG_0986.JPG,IMG_0986.JPG,BDF10-M6_2016_201603081150_IMG_0986.jpg,0.8941230773925781,755.7169189453125,276.2696533203125,380.031005859375,839.6871337890625,2048,1536,380,839
BDF10-M6,2016,201603081150,HC,1,/Volumes/Seagate Portable Drive/KYLE_AI_DATABASE/A_CAMERA/Focal_species/Gulo gulo/BDF10-M6/HC/2016/COLOR/Robust marks/03.08-11.50/IMG_0987.JPG,IMG_0987.JPG,BDF10-M6_2016_201603081150_IMG_0987.jpg,0.9180189967155457,729.7650146484375,314.29827880859375,385.99365234375,884.9790649414062,2048,1536,385,884
BDF10-M6,2016,201603081150,HC,1,/Volumes/Seagate Portable Drive/KYLE_AI_DATABASE/A_CAMERA/Focal_species/Gulo gulo/BDF10-M6/HC/2016/COLOR/Robust marks/03.08-11.50/IMG_0988.JPG,IMG_0988.JPG,BDF10-M6_2016_201603081150_IMG_0988.jpg,0.9293399453163147,729.588134765625,320.92596435546875,386.138916015625,873.5369262695312,2048,1536,386,873
BDF10-M6,2016,201603081150,HC,1,/Volumes/Seagate Portable Drive/KYLE_AI_DATABASE/A_CAMERA/Focal_species/Gulo gulo/BDF10-M6/HC/2016/COLOR/Robust marks/03.08-11.50/IMG_0989.JPG,IMG_0989.JPG,BDF10-M6_2016_201603081150_IMG_0989.jpg,0.9319455623626709,727.9110107421875,318.21759033203125,398.447021484375,874.5925903320312,2048,1536,398,874
BDF10-M6,2016,201603081150,HC,1,/Volumes/Seagate Portable Drive/KYLE_AI_DATABASE/A_CAMERA/Focal_species/Gulo gulo/BDF10-M6/HC/2016/COLOR/Robust marks/03.08-11.50/IMG_0990.JPG,IMG_0990.JPG,BDF10-M6_2016_201603081150_IMG_0990.jpg,0.9280633926391602,728.965087890625,317.8736572265625,394.75732421875,878.119140625,2048,1536,394,878
BDF10-M6,2016,201603081150,HC,1,/Volumes/Seagate Portable Drive/KYLE_AI_DATABASE/A_CAMERA/Focal_species/Gulo gulo/BDF10-M6/HC/2016/COLOR/Robust marks/03.08-11.50/IMG_0991.JPG,IMG_0991.JPG,BDF10-M6_2016_201603081150_IMG_0991.jpg,0.9214609265327454,754.54541015625,251.2687225341797,387.592529296875,900.8964233398438,2048,1536,387,900
BDF10-M6,2016,201603081150,HC,1,/Volumes/Seagate Portable Drive/KYLE_AI_DATABASE/A_CAMERA/Focal_species/Gulo gulo/BDF10-M6/HC/2016/COLOR/Robust marks/03.08-11.50/IMG_0992.JPG,IMG_0992.JPG,BDF10-M6_2016_201603081150_IMG_0992.jpg,0.902030348777771,755.6708984375,232.14303588867188,385.2313232421875,908.67822265625,2048,1536,385,908
BDF10-M6,2016,201603081150,HC,1,/Volumes/Seagate Portable Drive/KYLE_AI_DATABASE/A_CAMERA/Focal_species/Gulo gulo/BDF10-M6/HC/2016/COLOR/Robust marks/03.08-11.50/IMG_0993.JPG,IMG_0993.JPG,BDF10-M6_2016_201603081150_IMG_0993.jpg,0.9337887167930603,764.20166015625,314.00885009765625,365.5408935546875,843.3912963867188,2048,1536,365,843
BDF10-M6,2016,201603081150,HC,1,/Volumes/Seagate Portable Drive/KYLE_AI_DATABASE/A_CAMERA/Focal_species/Gulo gulo/BDF10-M6/HC/2016/COLOR/Robust marks/03.08-11.50/IMG_0994.JPG,IMG_0994.JPG,BDF10-M6_2016_201603081150_IMG_0994.jpg,0.9196246266365051,757.8349609375,299.27142333984375,375.553466796875,803.9088745117188,2048,1536,375,803
BDF10-M6,2016,201603081150,HC,1,/Volumes/Seagate Portable Drive/KYLE_AI_DATABASE/A_CAMERA/Focal_species/Gulo gulo/BDF10-M6/HC/2016/COLOR/Robust marks/03.08-11.50/IMG_0995.JPG,IMG_0995.JPG,BDF10-M6_2016_201603081150_IMG_0995.jpg,0.9161807894706726,758.2055053710938,308.43499755859375,357.44342041015625,797.6648559570312,2048,1536,357,797
BDF10-M6,2016,201603081150,HC,1,/Volumes/Seagate Portable Drive/KYLE_AI_DATABASE/A_CAMERA/Focal_species/Gulo gulo/BDF10-M6/HC/2016/COLOR/Robust marks/03.08-11.50/IMG_0996.JPG,IMG_0996.JPG,BDF10-M6_2016_201603081150_IMG_0996.jpg,0.9309284090995789,759.830322265625,329.2174072265625,362.5150146484375,770.0496826171875,2048,1536,362,770
BDF10-M6,2016,201603081150,HC,1,/Volumes/Seagate Portable Drive/KYLE_AI_DATABASE/A_CAMERA/Focal_species/Gulo gulo/BDF10-M6/HC/2016/COLOR/Robust marks/03.08-11.50/IMG_0997.JPG,IMG_0997.JPG,BDF10-M6_2016_201603081150_IMG_0997.jpg,0.9305190443992615,759.2811889648438,324.0416564941406,364.55853271484375,792.839599609375,2048,1536,364,792
BDF10-M6,2016,201603081150,HC,1,/Volumes/Seagate Portable Drive/KYLE_AI_DATABASE/A_CAMERA/Focal_species/Gulo gulo/BDF10-M6/HC/2016/COLOR/Robust marks/03.08-11.50/IMG_0998.JPG,IMG_0998.JPG,BDF10-M6_2016_201603081150_IMG_0998.jpg,0.9356575608253479,757.0936889648438,317.8299865722656,389.57904052734375,785.172607421875,2048,1536,389,785
BDF10-M6,2016,201603081150,HC,1,/Volumes/Seagate Portable Drive/KYLE_AI_DATABASE/A_CAMERA/Focal_species/Gulo gulo/BDF10-M6/HC/2016/COLOR/Robust marks/03.08-11.50/IMG_0999.JPG,IMG_0999.JPG,BDF10-M6_2016_201603081150_IMG_0999.jpg,0.9378525614738464,756.0902709960938,323.1378173828125,390.26763916015625,745.8660888671875,2048,1536,390,745
BDF10-M6,2016,201603081150,HC,1,/Volumes/Seagate Portable Drive/KYLE_AI_DATABASE/A_CAMERA/Focal_species/Gulo gulo/BDF10-M6/HC/2016/COLOR/Robust marks/03.08-11.50/IMG_1000.JPG,IMG_1000.JPG,BDF10-M6_2016_201603081150_IMG_1000.jpg,0.9371231198310852,757.288330078125,322.4746398925781,392.26220703125,772.23291015625,2048,1536,392,772
BDF10-M6,2016,201603081150,HC,1,/Volumes/Seagate Portable Drive/KYLE_AI_DATABASE/A_CAMERA/Focal_species/Gulo gulo/BDF10-M6/HC/2016/COLOR/Robust marks/03.08-11.50/IMG_1001.JPG,IMG_1001.JPG,BDF10-M6_2016_201603081150_IMG_1001.jpg,0.9209365248680115,764.6736450195312,322.507080078125,390.54351806640625,795.785888671875,2048,1536,390,795
BDF10-M6,2016,201603081150,HC,1,/Volumes/Seagate Portable Drive/KYLE_AI_DATABASE/A_CAMERA/Focal_species/Gulo gulo/BDF10-M6/HC/2016/COLOR/Robust marks/03.08-11.50/IMG_1002.JPG,IMG_1002.JPG,BDF10-M6_2016_201603081150_IMG_1002.jpg,0.9399030208587646,764.376953125,322.5167541503906,390.223388671875,765.3382568359375,2048,1536,390,765
BDF10-M6,2016,201603081150,HC,1,/Volumes/Seagate Portable Drive/KYLE_AI_DATABASE/A_CAMERA/Focal_species/Gulo gulo/BDF10-M6/HC/2016/COLOR/Robust marks/03.08-11.50/IMG_1003.JPG,IMG_1003.JPG,BDF10-M6_2016_201603081150_IMG_1003.jpg,0.9320449829101562,751.4515380859375,316.78662109375,393.3472900390625,888.619140625,2048,1536,393,888
BDF10-M6,2016,201603081150,HC,1,/Volumes/Seagate Portable Drive/KYLE_AI_DATABASE/A_CAMERA/Focal_species/Gulo gulo/BDF10-M6/HC/2016/COLOR/Robust marks/03.08-11.50/IMG_1004.JPG,IMG_1004.JPG,BDF10-M6_2016_201603081150_IMG_1004.jpg,0.9457994103431702,756.2855224609375,323.1456298828125,369.958740234375,854.7447509765625,2048,1536,369,854
BDF10-M6,2016,201603081150,HC,1,/Volumes/Seagate Portable Drive/KYLE_AI_DATABASE/A_CAMERA/Focal_species/Gulo gulo/BDF10-M6/HC/2016/COLOR/Robust marks/03.08-11.50/IMG_1005.JPG,IMG_1005.JPG,BDF10-M6_2016_201603081150_IMG_1005.jpg,0.9218059182167053,760.3709716796875,320.4452819824219,378.4395751953125,831.88818359375,2048,1536,378,831
BDF10-M6,2016,201603081150,HC,1,/Volumes/Seagate Portable Drive/KYLE_AI_DATABASE/A_CAMERA/Focal_species/Gulo gulo/BDF10-M6/HC/2016/COLOR/Robust marks/03.08-11.50/IMG_1006.JPG,IMG_1006.JPG,BDF10-M6_2016_201603081150_IMG_1006.jpg,0.9466521143913269,737.430419921875,322.3270263671875,382.563720703125,887.66943359375,2048,1536,382,887
BDF10-M6,2016,201603081150,HC,1,/Volumes/Seagate Portable Drive/KYLE_AI_DATABASE/A_CAMERA/Focal_species/Gulo gulo/BDF10-M6/HC/2016/COLOR/Robust marks/03.08-11.50/IMG_1007.JPG,IMG_1007.JPG,BDF10-M6_2016_201603081150_IMG_1007.jpg,0.9441858530044556,735.117431640625,324.4917297363281,362.630126953125,888.1474609375,2048,1536,362,888
BDF10-M6,2016,201603081150,HC,1,/Volumes/Seagate Portable Drive/KYLE_AI_DATABASE/A_CAMERA/Focal_species/Gulo gulo/BDF10-M6/HC/2016/COLOR/Robust marks/03.08-11.50/IMG_1008.JPG,IMG_1008.JPG,BDF10-M6_2016_201603081150_IMG_1008.jpg,0.9403969645500183,734.2288208007812,323.4293212890625,363.94256591796875,888.8106689453125,2048,1536,363,888
BDF10-M6,2016,201603081150,HC,1,/Volumes/Seagate Portable Drive/KYLE_AI_DATABASE/A_CAMERA/Focal_species/Gulo gulo/BDF10-M6/HC/2016/COLOR/Robust marks/03.08-11.50/IMG_1009.JPG,IMG_1009.JPG,BDF10-M6_2016_201603081150_IMG_1009.jpg,0.9219788312911987,751.0616455078125,245.1053924560547,363.4356689453125,928.6094360351562,2048,1536,363,928
BDF10-M6,2016,201603081150,HC,1,/Volumes/Seagate Portable Drive/KYLE_AI_DATABASE/A_CAMERA/Focal_species/Gulo gulo/BDF10-M6/HC/2016/COLOR/Robust marks/03.08-11.50/IMG_1010.JPG,IMG_1010.JPG,BDF10-M6_2016_201603081150_IMG_1010.jpg,0.9218837022781372,759.8403930664062,309.2786865234375,399.30291748046875,806.535400390625,2048,1536,399,806
BDF10-M6,2016,201603081150,HC,1,/Volumes/Seagate Portable Drive/KYLE_AI_DATABASE/A_CAMERA/Focal_species/Gulo gulo/BDF10-M6/HC/2016/COLOR/Robust marks/03.08-11.50/IMG_1011.JPG,IMG_1011.JPG,BDF10-M6_2016_201603081150_IMG_1011.jpg,0.9383944272994995,760.0342407226562,316.00213623046875,388.11907958984375,832.2318725585938,2048,1536,388,832
BDF10-M6,2016,201603081150,HC,1,/Volumes/Seagate Portable Drive/KYLE_AI_DATABASE/A_CAMERA/Focal_species/Gulo gulo/BDF10-M6/HC/2016/COLOR/Robust marks/03.08-11.50/IMG_1012.JPG,IMG_1012.JPG,BDF10-M6_2016_201603081150_IMG_1012.jpg,0.9451194405555725,760.8563842773438,314.5804138183594,394.48626708984375,820.7449951171875,2048,1536,394,820
BDF10-M6,2016,201603081150,HC,1,/Volumes/Seagate Portable Drive/KYLE_AI_DATABASE/A_CAMERA/Focal_species/Gulo gulo/BDF10-M6/HC/2016/COLOR/Robust marks/03.08-11.50/IMG_1013.JPG,IMG_1013.JPG,BDF10-M6_2016_201603081150_IMG_1013.jpg,0.9429264068603516,761.513427734375,320.4136962890625,397.2996826171875,808.8289794921875,2048,1536,397,808
BDF10-M6,2016,201603081150,HC,1,/Volumes/Seagate Portable Drive/KYLE_AI_DATABASE/A_CAMERA/Focal_species/Gulo gulo/BDF10-M6/HC/2016/COLOR/Robust marks/03.08-11.50/IMG_1014.JPG,IMG_1014.JPG,BDF10-M6_2016_201603081150_IMG_1014.jpg,0.9412617087364197,761.3052368164062,319.8212585449219,397.65887451171875,814.6778564453125,2048,1536,397,814
BDF10-M6,2016,201603081150,HC,1,/Volumes/Seagate Portable Drive/KYLE_AI_DATABASE/A_CAMERA/Focal_species/Gulo gulo/BDF10-M6/HC/2016/COLOR/Robust marks/03.08-11.50/IMG_1015.JPG,IMG_1015.JPG,BDF10-M6_2016_201603081150_IMG_1015.jpg,0.9310038089752197,761.989501953125,318.3593444824219,391.603759765625,824.602294921875,2048,1536,391,824
BDF10-M6,2016,201603081150,HC,1,/Volumes/Seagate Portable Drive/KYLE_AI_DATABASE/A_CAMERA/Focal_species/Gulo gulo/BDF10-M6/HC/2016/COLOR/Robust marks/03.08-11.50/IMG_1016.JPG,IMG_1016.JPG,BDF10-M6_2016_201603081150_IMG_1016.jpg,0.9120237231254578,762.059814453125,310.9904479980469,386.332275390625,795.654052734375,2048,1536,386,795
BDF10-M6,2016,201603081150,HC,1,/Volumes/Seagate Portable Drive/KYLE_AI_DATABASE/A_CAMERA/Focal_species/Gulo gulo/BDF10-M6/HC/2016/COLOR/Robust marks/03.08-11.50/IMG_1017.JPG,IMG_1017.JPG,BDF10-M6_2016_201603081150_IMG_1017.jpg,0.9297494888305664,756.97900390625,282.14111328125,375.0494384765625,814.1966552734375,2048,1536,375,814
BDF10-M6,2016,201603081150,HC,1,/Volumes/Seagate Portable Drive/KYLE_AI_DATABASE/A_CAMERA/Focal_species/Gulo gulo/BDF10-M6/HC/2016/COLOR/Robust marks/03.08-11.50/IMG_1018.JPG,IMG_1018.JPG,BDF10-M6_2016_201603081150_IMG_1018.jpg,0.9148639440536499,756.4541625976562,319.27154541015625,377.13092041015625,774.1234741210938,2048,1536,377,774
BDF10-M6,2016,201603081150,HC,1,/Volumes/Seagate Portable Drive/KYLE_AI_DATABASE/A_CAMERA/Focal_species/Gulo gulo/BDF10-M6/HC/2016/COLOR/Robust marks/03.08-11.50/IMG_1019.JPG,IMG_1019.JPG,BDF10-M6_2016_201603081150_IMG_1019.jpg,0.9055470824241638,760.4932861328125,245.74378967285156,350.4345703125,881.9178466796875,2048,1536,350,881
BDF10-M6,2016,201603081150,HC,1,/Volumes/Seagate Portable Drive/KYLE_AI_DATABASE/A_CAMERA/Focal_species/Gulo gulo/BDF10-M6/HC/2016/COLOR/Robust marks/03.08-11.50/IMG_1020.JPG,IMG_1020.JPG,BDF10-M6_2016_201603081150_IMG_1020.jpg,0.886154055595398,761.2129516601562,257.808837890625,362.96063232421875,888.4100341796875,2048,1536,362,888
BDF10-M6,2016,201603081150,HC,1,/Volumes/Seagate Portable Drive/KYLE_AI_DATABASE/A_CAMERA/Focal_species/Gulo gulo/BDF10-M6/HC/2016/COLOR/Robust marks/03.08-11.50/IMG_1021.JPG,IMG_1021.JPG,BDF10-M6_2016_201603081150_IMG_1021.jpg,0.9020056128501892,762.42529296875,290.54730224609375,373.92529296875,861.9378051757812,2048,1536,373,861
BDF10-M6,2016,201603081150,HC,1,/Volumes/Seagate Portable Drive/KYLE_AI_DATABASE/A_CAMERA/Focal_species/Gulo gulo/BDF10-M6/HC/2016/COLOR/Robust marks/03.08-11.50/IMG_1022.JPG,IMG_1022.JPG,BDF10-M6_2016_201603081150_IMG_1022.jpg,0.9147884249687195,760.9083251953125,267.2132568359375,379.9342041015625,865.0567626953125,2048,1536,379,865
BDF10-M6,2016,201603081150,HC,1,/Volumes/Seagate Portable Drive/KYLE_AI_DATABASE/A_CAMERA/Focal_species/Gulo gulo/BDF10-M6/HC/2016/COLOR/Robust marks/03.08-11.50/IMG_1023.JPG,IMG_1023.JPG,BDF10-M6_2016_201603081150_IMG_1023.jpg,0.9226650595664978,765.2506103515625,269.063232421875,392.090576171875,837.81982421875,2048,1536,392,837
BDF10-M6,2016,201603081150,HC,1,/Volumes/Seagate Portable Drive/KYLE_AI_DATABASE/A_CAMERA/Focal_species/Gulo gulo/BDF10-M6/HC/2016/COLOR/Robust marks/03.08-11.50/IMG_1024.JPG,IMG_1024.JPG,BDF10-M6_2016_201603081150_IMG_1024.jpg,0.9297357797622681,766.2818603515625,276.7953186035156,386.368408203125,845.687744140625,2048,1536,386,845
BDF10-M6,2016,201603081150,HC,1,/Volumes/Seagate Portable Drive/KYLE_AI_DATABASE/A_CAMERA/Focal_species/Gulo gulo/BDF10-M6/HC/2016/COLOR/Robust marks/03.08-11.50/IMG_1025.JPG,IMG_1025.JPG,BDF10-M6_2016_201603081150_IMG_1025.jpg,0.9205776453018188,764.288330078125,276.54046630859375,389.47705078125,854.5957641601562,2048,1536,389,854
BDF10-M6,2016,201603081150,HC,1,/Volumes/Seagate Portable Drive/KYLE_AI_DATABASE/A_CAMERA/Focal_species/Gulo gulo/BDF10-M6/HC/2016/COLOR/Robust marks/03.08-11.50/IMG_1026.JPG,IMG_1026.JPG,BDF10-M6_2016_201603081150_IMG_1026.jpg,0.9215325713157654,762.3624877929688,278.38323974609375,392.96038818359375,855.4526977539062,2048,1536,392,855
BDF10-M6,2016,201603081150,HC,1,/Volumes/Seagate Portable Drive/KYLE_AI_DATABASE/A_CAMERA/Focal_species/Gulo gulo/BDF10-M6/HC/2016/COLOR/Robust marks/03.08-11.50/IMG_1027.JPG,IMG_1027.JPG,BDF10-M6_2016_201603081150_IMG_1027.jpg,0.9282175898551941,762.67919921875,280.267333984375,375.3782958984375,849.1883544921875,2048,1536,375,849
BDF10-M6,2016,201603081150,HC,1,/Volumes/Seagate Portable Drive/KYLE_AI_DATABASE/A_CAMERA/Focal_species/Gulo gulo/BDF10-M6/HC/2016/COLOR/Robust marks/03.08-11.50/IMG_1028.JPG,IMG_1028.JPG,BDF10-M6_2016_201603081150_IMG_1028.jpg,0.9028035998344421,761.0565185546875,248.09573364257812,368.4014892578125,809.302978515625,2048,1536,368,809
BDF10-M6,2016,201603081150,HC,1,/Volumes/Seagate Portable Drive/KYLE_AI_DATABASE/A_CAMERA/Focal_species/Gulo gulo/BDF10-M6/HC/2016/COLOR/Robust marks/03.08-11.50/IMG_1029.JPG,IMG_1029.JPG,BDF10-M6_2016_201603081150_IMG_1029.jpg,0.9009766578674316,761.26123046875,243.98680114746094,368.7554931640625,847.9951171875,2048,1536,368,847
BDF10-M6,2016,201603081150,HC,1,/Volumes/Seagate Portable Drive/KYLE_AI_DATABASE/A_CAMERA/Focal_species/Gulo gulo/BDF10-M6/HC/2016/COLOR/Robust marks/03.08-11.50/IMG_1030.JPG,IMG_1030.JPG,BDF10-M6_2016_201603081150_IMG_1030.jpg,0.8989874124526978,762.8909301757812,279.8211669921875,395.58953857421875,843.9267578125,2048,1536,395,843
BDF10-M6,2016,201603081150,HC,1,/Volumes/Seagate Portable Drive/KYLE_AI_DATABASE/A_CAMERA/Focal_species/Gulo gulo/BDF10-M6/HC/2016/COLOR/Robust marks/03.08-11.50/IMG_1031.JPG,IMG_1031.JPG,BDF10-M6_2016_201603081150_IMG_1031.jpg,0.9215771555900574,768.1703491210938,283.166015625,389.41534423828125,862.899658203125,2048,1536,389,862
BDF10-M6,2016,201603081150,HC,1,/Volumes/Seagate Portable Drive/KYLE_AI_DATABASE/A_CAMERA/Focal_species/Gulo gulo/BDF10-M6/HC/2016/COLOR/Robust marks/03.08-11.50/IMG_1032.JPG,IMG_1032.JPG,BDF10-M6_2016_201603081150_IMG_1032.jpg,0.9349592924118042,776.4342651367188,297.88702392578125,357.93743896484375,889.1222534179688,2048,1536,357,889
BDF10-M6,2016,201603081150,HC,1,/Volumes/Seagate Portable Drive/KYLE_AI_DATABASE/A_CAMERA/Focal_species/Gulo gulo/BDF10-M6/HC/2016/COLOR/Robust marks/03.08-11.50/IMG_1033.JPG,IMG_1033.JPG,BDF10-M6_2016_201603081150_IMG_1033.jpg,0.9193598628044128,775.6840209960938,300.9017028808594,356.55718994140625,857.528564453125,2048,1536,356,857
BDF10-M6,2016,201603081150,HC,1,/Volumes/Seagate Portable Drive/KYLE_AI_DATABASE/A_CAMERA/Focal_species/Gulo gulo/BDF10-M6/HC/2016/COLOR/Robust marks/03.08-11.50/IMG_1034.JPG,IMG_1034.JPG,BDF10-M6_2016_201603081150_IMG_1034.jpg,0.916053295135498,777.365478515625,299.2372741699219,362.7069091796875,851.960205078125,2048,1536,362,851
BDF10-M6,2016,201603081150,HC,1,/Volumes/Seagate Portable Drive/KYLE_AI_DATABASE/A_CAMERA/Focal_species/Gulo gulo/BDF10-M6/HC/2016/COLOR/Robust marks/03.08-11.50/IMG_1035.JPG,IMG_1035.JPG,BDF10-M6_2016_201603081150_IMG_1035.jpg,0.9150603413581848,777.2333374023438,288.2868347167969,370.72637939453125,866.95947265625,2048,1536,370,866
BDF10-M6,2016,201603081150,HC,1,/Volumes/Seagate Portable Drive/KYLE_AI_DATABASE/A_CAMERA/Focal_species/Gulo gulo/BDF10-M6/HC/2016/COLOR/Robust marks/03.08-11.50/IMG_1036.JPG,IMG_1036.JPG,BDF10-M6_2016_201603081150_IMG_1036.jpg,0.927824079990387,777.4512939453125,285.067138671875,360.00537109375,868.810546875,2048,1536,360,868
BDF10-M6,2016,201603081150,HC,1,/Volumes/Seagate Portable Drive/KYLE_AI_DATABASE/A_CAMERA/Focal_species/Gulo gulo/BDF10-M6/HC/2016/COLOR/Robust marks/03.08-11.50/IMG_1037.JPG,IMG_1037.JPG,BDF10-M6_2016_201603081150_IMG_1037.jpg,0.9285275936126709,776.1383056640625,284.14251708984375,350.924560546875,872.0956420898438,2048,1536,350,872
BDF10-M6,2016,201603081150,HC,1,/Volumes/Seagate Portable Drive/KYLE_AI_DATABASE/A_CAMERA/Focal_species/Gulo gulo/BDF10-M6/HC/2016/COLOR/Robust marks/03.08-11.50/IMG_1038.JPG,IMG_1038.JPG,BDF10-M6_2016_201603081150_IMG_1038.jpg,0.9309065341949463,776.3533935546875,284.7740478515625,368.1279296875,869.4927978515625,2048,1536,368,869
BDF10-M6,2016,201603081150,HC,1,/Volumes/Seagate Portable Drive/KYLE_AI_DATABASE/A_CAMERA/Focal_species/Gulo gulo/BDF10-M6/HC/2016/COLOR/Robust marks/03.08-11.50/IMG_1039.JPG,IMG_1039.JPG,BDF10-M6_2016_201603081150_IMG_1039.jpg,0.9234986901283264,776.8804321289062,293.0149841308594,368.21502685546875,862.849609375,2048,1536,368,862
BDF10-M6,2016,201603081150,HC,1,/Volumes/Seagate Portable Drive/KYLE_AI_DATABASE/A_CAMERA/Focal_species/Gulo gulo/BDF10-M6/HC/2016/COLOR/Robust marks/03.08-11.50/IMG_1040.JPG,IMG_1040.JPG,BDF10-M6_2016_201603081150_IMG_1040.jpg,0.9199222326278687,771.1900634765625,290.4349365234375,356.130859375,855.7889404296875,2048,1536,356,855
BDF10-M6,2016,201603081150,HC,1,/Volumes/Seagate Portable Drive/KYLE_AI_DATABASE/A_CAMERA/Focal_species/Gulo gulo/BDF10-M6/HC/2016/COLOR/Robust marks/03.08-11.50/IMG_1041.JPG,IMG_1041.JPG,BDF10-M6_2016_201603081150_IMG_1041.jpg,0.8914369344711304,772.4268188476562,304.2916259765625,361.33441162109375,809.2916259765625,2048,1536,361,809
BDF10-M6,2016,201603081150,HC,1,/Volumes/Seagate Portable Drive/KYLE_AI_DATABASE/A_CAMERA/Focal_species/Gulo gulo/BDF10-M6/HC/2016/COLOR/Robust marks/03.08-11.50/IMG_1042.JPG,IMG_1042.JPG,BDF10-M6_2016_201603081150_IMG_1042.jpg,0.888407289981842,773.0725708007812,298.8796691894531,360.53363037109375,819.466796875,2048,1536,360,819
BDF10-M6,2016,201603081150,HC,1,/Volumes/Seagate Portable Drive/KYLE_AI_DATABASE/A_CAMERA/Focal_species/Gulo gulo/BDF10-M6/HC/2016/COLOR/Robust marks/03.08-11.50/IMG_1043.JPG,IMG_1043.JPG,BDF10-M6_2016_201603081150_IMG_1043.jpg,0.9038917422294617,772.9105224609375,301.34197998046875,360.4149169921875,806.8244018554688,2048,1536,360,806
BDF10-M6,2016,201603081150,HC,1,/Volumes/Seagate Portable Drive/KYLE_AI_DATABASE/A_CAMERA/Focal_species/Gulo gulo/BDF10-M6/HC/2016/COLOR/Robust marks/03.08-11.50/IMG_1044.JPG,IMG_1044.JPG,BDF10-M6_2016_201603081150_IMG_1044.jpg,0.9121088981628418,769.80712890625,273.8896484375,371.9766845703125,857.64013671875,2048,1536,371,857
BDF10-M6,2016,201603081150,HC,1,/Volumes/Seagate Portable Drive/KYLE_AI_DATABASE/A_CAMERA/Focal_species/Gulo gulo/BDF10-M6/HC/2016/COLOR/Robust marks/03.08-11.50/IMG_1045.JPG,IMG_1045.JPG,BDF10-M6_2016_201603081150_IMG_1045.jpg,0.920941948890686,775.6364135742188,273.24957275390625,372.19561767578125,875.3255004882812,2048,1536,372,875
BDF10-M6,2016,201603081150,HC,1,/Volumes/Seagate Portable Drive/KYLE_AI_DATABASE/A_CAMERA/Focal_species/Gulo gulo/BDF10-M6/HC/2016/COLOR/Robust marks/03.08-11.50/IMG_1046.JPG,IMG_1046.JPG,BDF10-M6_2016_201603081150_IMG_1046.jpg,0.9357690215110779,773.9960327148438,299.0726623535156,374.70648193359375,827.89697265625,2048,1536,374,827
BDF10-M6,2016,201603081150,HC,1,/Volumes/Seagate Portable Drive/KYLE_AI_DATABASE/A_CAMERA/Focal_species/Gulo gulo/BDF10-M6/HC/2016/COLOR/Robust marks/03.08-11.50/IMG_1047.JPG,IMG_1047.JPG,BDF10-M6_2016_201603081150_IMG_1047.jpg,0.9153128266334534,774.2799682617188,295.471435546875,371.63482666015625,838.267578125,2048,1536,371,838
BDF10-M6,2016,201603081150,HC,1,/Volumes/Seagate Portable Drive/KYLE_AI_DATABASE/A_CAMERA/Focal_species/Gulo gulo/BDF10-M6/HC/2016/COLOR/Robust marks/03.08-11.50/IMG_1048.JPG,IMG_1048.JPG,BDF10-M6_2016_201603081150_IMG_1048.jpg,0.928788959980011,776.67724609375,294.372802734375,383.1761474609375,838.824462890625,2048,1536,383,838
BDF10-M6,2016,201603081150,HC,1,/Volumes/Seagate Portable Drive/KYLE_AI_DATABASE/A_CAMERA/Focal_species/Gulo gulo/BDF10-M6/HC/2016/COLOR/Robust marks/03.08-11.50/IMG_1049.JPG,IMG_1049.JPG,BDF10-M6_2016_201603081150_IMG_1049.jpg,0.9164149761199951,775.6580200195312,296.2121887207031,381.76837158203125,836.4583740234375,2048,1536,381,836
BDF10-M6,2016,201603081150,HC,1,/Volumes/Seagate Portable Drive/KYLE_AI_DATABASE/A_CAMERA/Focal_species/Gulo gulo/BDF10-M6/HC/2016/COLOR/Robust marks/03.08-11.50/IMG_1050.JPG,IMG_1050.JPG,BDF10-M6_2016_201603081150_IMG_1050.jpg,0.9151889085769653,775.6280517578125,293.0217590332031,382.64111328125,851.30517578125,2048,1536,382,851
BDF10-M6,2016,201603081150,HC,1,/Volumes/Seagate Portable Drive/KYLE_AI_DATABASE/A_CAMERA/Focal_species/Gulo gulo/BDF10-M6/HC/2016/COLOR/Robust marks/03.08-11.50/IMG_1051.JPG,IMG_1051.JPG,BDF10-M6_2016_201603081150_IMG_1051.jpg,0.9278697967529297,773.801025390625,290.892578125,378.201171875,819.0938720703125,2048,1536,378,819
BDF10-M6,2016,201603081150,HC,1,/Volumes/Seagate Portable Drive/KYLE_AI_DATABASE/A_CAMERA/Focal_species/Gulo gulo/BDF10-M6/HC/2016/COLOR/Robust marks/03.08-11.50/IMG_1052.JPG,IMG_1052.JPG,BDF10-M6_2016_201603081150_IMG_1052.jpg,0.9310972690582275,775.03369140625,289.12725830078125,376.2275390625,814.0410766601562,2048,1536,376,814
BDF10-M6,2016,201603081150,HC,1,/Volumes/Seagate Portable Drive/KYLE_AI_DATABASE/A_CAMERA/Focal_species/Gulo gulo/BDF10-M6/HC/2016/COLOR/Robust marks/03.08-11.50/IMG_1053.JPG,IMG_1053.JPG,BDF10-M6_2016_201603081150_IMG_1053.jpg,0.8908261656761169,769.4756469726562,298.653564453125,379.87127685546875,816.8084716796875,2048,1536,379,816
BDF10-M6,2016,201603081150,HC,1,/Volumes/Seagate Portable Drive/KYLE_AI_DATABASE/A_CAMERA/Focal_species/Gulo gulo/BDF10-M6/HC/2016/COLOR/Robust marks/03.08-11.50/IMG_1054.JPG,IMG_1054.JPG,BDF10-M6_2016_201603081150_IMG_1054.jpg,0.9172619581222534,770.1849365234375,280.6758728027344,383.108642578125,824.8026123046875,2048,1536,383,824
BDF10-M6,2016,201603081150,HC,1,/Volumes/Seagate Portable Drive/KYLE_AI_DATABASE/A_CAMERA/Focal_species/Gulo gulo/BDF10-M6/HC/2016/COLOR/Robust marks/03.08-11.50/IMG_1055.JPG,IMG_1055.JPG,BDF10-M6_2016_201603081150_IMG_1055.jpg,0.8936010003089905,763.2369384765625,286.48193359375,389.6497802734375,816.82177734375,2048,1536,389,816
BDF10-M6,2016,201603081150,HC,1,/Volumes/Seagate Portable Drive/KYLE_AI_DATABASE/A_CAMERA/Focal_species/Gulo gulo/BDF10-M6/HC/2016/COLOR/Robust marks/03.08-11.50/IMG_1056.JPG,IMG_1056.JPG,BDF10-M6_2016_201603081150_IMG_1056.jpg,0.8839403390884399,763.76025390625,302.1949768066406,380.828369140625,838.9776611328125,2048,1536,380,838
BDF10-M6,2016,201603081150,HC,1,/Volumes/Seagate Portable Drive/KYLE_AI_DATABASE/A_CAMERA/Focal_species/Gulo gulo/BDF10-M6/HC/2016/COLOR/Robust marks/03.08-11.50/IMG_1057.JPG,IMG_1057.JPG,BDF10-M6_2016_201603081150_IMG_1057.jpg,0.9244413375854492,766.4806518554688,285.0780944824219,387.76446533203125,828.016845703125,2048,1536,387,828
BDF10-M6,2016,201603081150,HC,1,/Volumes/Seagate Portable Drive/KYLE_AI_DATABASE/A_CAMERA/Focal_species/Gulo gulo/BDF10-M6/HC/2016/COLOR/Robust marks/03.08-11.50/IMG_1058.JPG,IMG_1058.JPG,BDF10-M6_2016_201603081150_IMG_1058.jpg,0.8917896747589111,770.4116821289062,294.507568359375,384.67767333984375,803.8597412109375,2048,1536,384,803
BDF10-M6,2016,201603081150,HC,1,/Volumes/Seagate Portable Drive/KYLE_AI_DATABASE/A_CAMERA/Focal_species/Gulo gulo/BDF10-M6/HC/2016/COLOR/Robust marks/03.08-11.50/IMG_1059.JPG,IMG_1059.JPG,BDF10-M6_2016_201603081150_IMG_1059.jpg,0.9035928249359131,771.5048217773438,287.5586242675781,380.44317626953125,807.80712890625,2048,1536,380,807
BDF10-M6,2016,201603081150,HC,1,/Volumes/Seagate Portable Drive/KYLE_AI_DATABASE/A_CAMERA/Focal_species/Gulo gulo/BDF10-M6/HC/2016/COLOR/Robust marks/03.08-11.50/IMG_1060.JPG,IMG_1060.JPG,BDF10-M6_2016_201603081150_IMG_1060.jpg,0.9231059551239014,772.4783325195312,306.34381103515625,385.64886474609375,799.1646118164062,2048,1536,385,799
BDF10-M6,2016,201603081150,HC,1,/Volumes/Seagate Portable Drive/KYLE_AI_DATABASE/A_CAMERA/Focal_species/Gulo gulo/BDF10-M6/HC/2016/COLOR/Robust marks/03.08-11.50/IMG_1061.JPG,IMG_1061.JPG,BDF10-M6_2016_201603081150_IMG_1061.jpg,0.9051923751831055,774.2330322265625,275.7086181640625,369.221923828125,820.1536865234375,2048,1536,369,820
BDF10-M6,2016,201603081150,HC,1,/Volumes/Seagate Portable Drive/KYLE_AI_DATABASE/A_CAMERA/Focal_species/Gulo gulo/BDF10-M6/HC/2016/COLOR/Robust marks/03.08-11.50/IMG_1062.JPG,IMG_1062.JPG,BDF10-M6_2016_201603081150_IMG_1062.jpg,0.9070714712142944,773.334228515625,300.65277099609375,376.4112548828125,787.7341918945312,2048,1536,376,787
BDF10-M6,2016,201603081150,HC,1,/Volumes/Seagate Portable Drive/KYLE_AI_DATABASE/A_CAMERA/Focal_species/Gulo gulo/BDF10-M6/HC/2016/COLOR/Robust marks/03.08-11.50/IMG_1063.JPG,IMG_1063.JPG,BDF10-M6_2016_201603081150_IMG_1063.jpg,0.9283507466316223,773.0889892578125,303.156005859375,374.2056884765625,784.639892578125,2048,1536,374,784
BDF10-M6,2016,201603081150,HC,1,/Volumes/Seagate Portable Drive/KYLE_AI_DATABASE/A_CAMERA/Focal_species/Gulo gulo/BDF10-M6/HC/2016/COLOR/Robust marks/03.08-11.50/IMG_1064.JPG,IMG_1064.JPG,BDF10-M6_2016_201603081150_IMG_1064.jpg,0.9178341031074524,773.0845947265625,304.4235534667969,375.4639892578125,790.75830078125,2048,1536,375,790
BDF10-M6,2016,201603081150,HC,1,/Volumes/Seagate Portable Drive/KYLE_AI_DATABASE/A_CAMERA/Focal_species/Gulo gulo/BDF10-M6/HC/2016/COLOR/Robust marks/03.08-11.50/IMG_1065.JPG,IMG_1065.JPG,BDF10-M6_2016_201603081150_IMG_1065.jpg,0.9349378943443298,775.146484375,303.4600524902344,384.3988037109375,797.82080078125,2048,1536,384,797
BDF10-M6,2016,201603081150,HC,1,/Volumes/Seagate Portable Drive/KYLE_AI_DATABASE/A_CAMERA/Focal_species/Gulo gulo/BDF10-M6/HC/2016/COLOR/Robust marks/03.08-11.50/IMG_1066.JPG,IMG_1066.JPG,BDF10-M6_2016_201603081150_IMG_1066.jpg,0.9412522912025452,778.78662109375,305.1836853027344,379.367431640625,766.9171142578125,2048,1536,379,766
BDF10-M6,2016,201603081150,HC,1,/Volumes/Seagate Portable Drive/KYLE_AI_DATABASE/A_CAMERA/Focal_species/Gulo gulo/BDF10-M6/HC/2016/COLOR/Robust marks/03.08-11.50/IMG_1067.JPG,IMG_1067.JPG,BDF10-M6_2016_201603081150_IMG_1067.jpg,0.9322092533111572,779.5758056640625,309.95428466796875,374.1553955078125,763.9827270507812,2048,1536,374,763
BDF10-M6,2016,201603081150,HC,1,/Volumes/Seagate Portable Drive/KYLE_AI_DATABASE/A_CAMERA/Focal_species/Gulo gulo/BDF10-M6/HC/2016/COLOR/Robust marks/03.08-11.50/IMG_1068.JPG,IMG_1068.JPG,BDF10-M6_2016_201603081150_IMG_1068.jpg,0.9320290088653564,777.3292846679688,272.69384765625,372.43487548828125,801.5482177734375,2048,1536,372,801
BDF10-M6,2016,201603081150,HC,1,/Volumes/Seagate Portable Drive/KYLE_AI_DATABASE/A_CAMERA/Focal_species/Gulo gulo/BDF10-M6/HC/2016/COLOR/Robust marks/03.08-11.50/IMG_1069.JPG,IMG_1069.JPG,BDF10-M6_2016_201603081150_IMG_1069.jpg,0.9112804532051086,775.0747680664062,305.0605773925781,377.73980712890625,798.275146484375,2048,1536,377,798
BDF10-M6,2016,201603081150,HC,1,/Volumes/Seagate Portable Drive/KYLE_AI_DATABASE/A_CAMERA/Focal_species/Gulo gulo/BDF10-M6/HC/2016/COLOR/Robust marks/03.08-11.50/IMG_1070.JPG,IMG_1070.JPG,BDF10-M6_2016_201603081150_IMG_1070.jpg,0.9229315519332886,775.4814453125,311.5675048828125,373.9329833984375,775.4622802734375,2048,1536,373,775
BDF10-M6,2016,201603081150,HC,1,/Volumes/Seagate Portable Drive/KYLE_AI_DATABASE/A_CAMERA/Focal_species/Gulo gulo/BDF10-M6/HC/2016/COLOR/Robust marks/03.08-11.50/IMG_1071.JPG,IMG_1071.JPG,BDF10-M6_2016_201603081150_IMG_1071.jpg,0.9232841730117798,773.66357421875,312.0215148925781,361.7266845703125,780.7218017578125,2048,1536,361,780
BDF10-M6,2016,201603081150,HC,1,/Volumes/Seagate Portable Drive/KYLE_AI_DATABASE/A_CAMERA/Focal_species/Gulo gulo/BDF10-M6/HC/2016/COLOR/Robust marks/03.08-11.50/IMG_1072.JPG,IMG_1072.JPG,BDF10-M6_2016_201603081150_IMG_1072.jpg,0.9291002154350281,772.914306640625,308.8829040527344,368.161865234375,773.673095703125,2048,1536,368,773
BDF10-M6,2016,201603081150,HC,1,/Volumes/Seagate Portable Drive/KYLE_AI_DATABASE/A_CAMERA/Focal_species/Gulo gulo/BDF10-M6/HC/2016/COLOR/Robust marks/03.08-11.50/IMG_1073.JPG,IMG_1073.JPG,BDF10-M6_2016_201603081150_IMG_1073.jpg,0.9305323958396912,771.8784790039062,304.94677734375,374.93121337890625,788.313232421875,2048,1536,374,788
BDF10-M6,2016,201603081150,HC,1,/Volumes/Seagate Portable Drive/KYLE_AI_DATABASE/A_CAMERA/Focal_species/Gulo gulo/BDF10-M6/HC/2016/COLOR/Robust marks/03.08-11.50/IMG_1074.JPG,IMG_1074.JPG,BDF10-M6_2016_201603081150_IMG_1074.jpg,0.9260077476501465,772.8841552734375,312.10186767578125,374.4910888671875,777.5636596679688,2048,1536,374,777
BDF10-M6,2016,201603081150,HC,1,/Volumes/Seagate Portable Drive/KYLE_AI_DATABASE/A_CAMERA/Focal_species/Gulo gulo/BDF10-M6/HC/2016/COLOR/Robust marks/03.08-11.50/IMG_1075.JPG,IMG_1075.JPG,BDF10-M6_2016_201603081150_IMG_1075.jpg,0.9350538849830627,772.11083984375,302.95843505859375,375.102294921875,779.0776977539062,2048,1536,375,779
BDF10-M6,2016,201603081150,HC,1,/Volumes/Seagate Portable Drive/KYLE_AI_DATABASE/A_CAMERA/Focal_species/Gulo gulo/BDF10-M6/HC/2016/COLOR/Robust marks/03.08-11.50/IMG_1076.JPG,IMG_1076.JPG,BDF10-M6_2016_201603081150_IMG_1076.jpg,0.9175500869750977,771.0054321289062,281.2131042480469,366.44061279296875,786.11767578125,2048,1536,366,786
BDF10-M6,2016,201603081150,HC,1,/Volumes/Seagate Portable Drive/KYLE_AI_DATABASE/A_CAMERA/Focal_species/Gulo gulo/BDF10-M6/HC/2016/COLOR/Robust marks/03.08-11.50/IMG_1077.JPG,IMG_1077.JPG,BDF10-M6_2016_201603081150_IMG_1077.jpg,0.9308531284332275,773.2276611328125,307.00128173828125,372.8138427734375,776.0236206054688,2048,1536,372,776
BDF10-M6,2016,201603081150,HC,1,/Volumes/Seagate Portable Drive/KYLE_AI_DATABASE/A_CAMERA/Focal_species/Gulo gulo/BDF10-M6/HC/2016/COLOR/Robust marks/03.08-11.50/IMG_1078.JPG,IMG_1078.JPG,BDF10-M6_2016_201603081150_IMG_1078.jpg,0.9322978258132935,777.9832153320312,303.10809326171875,372.75360107421875,780.0271606445312,2048,1536,372,780
BDF10-M6,2016,201603081150,HC,1,/Volumes/Seagate Portable Drive/KYLE_AI_DATABASE/A_CAMERA/Focal_species/Gulo gulo/BDF10-M6/HC/2016/COLOR/Robust marks/03.08-11.50/IMG_1079.JPG,IMG_1079.JPG,BDF10-M6_2016_201603081150_IMG_1079.jpg,0.9104637503623962,770.8812255859375,307.6507568359375,359.86376953125,837.0948486328125,2048,1536,359,837
BDF10-M6,2016,201603081150,HC,1,/Volumes/Seagate Portable Drive/KYLE_AI_DATABASE/A_CAMERA/Focal_species/Gulo gulo/BDF10-M6/HC/2016/COLOR/Robust marks/03.08-11.50/IMG_1080.JPG,IMG_1080.JPG,BDF10-M6_2016_201603081150_IMG_1080.jpg,0.9134077429771423,771.190673828125,288.9253234863281,368.972900390625,821.3818359375,2048,1536,368,821
BDF10-M6,2016,201603081150,HC,1,/Volumes/Seagate Portable Drive/KYLE_AI_DATABASE/A_CAMERA/Focal_species/Gulo gulo/BDF10-M6/HC/2016/COLOR/Robust marks/03.08-11.50/IMG_1081.JPG,IMG_1081.JPG,BDF10-M6_2016_201603081150_IMG_1081.jpg,0.9278762340545654,778.5277709960938,310.0318908691406,366.47515869140625,775.806396484375,2048,1536,366,775
BDF10-M6,2016,201603081150,HC,1,/Volumes/Seagate Portable Drive/KYLE_AI_DATABASE/A_CAMERA/Focal_species/Gulo gulo/BDF10-M6/HC/2016/COLOR/Robust marks/03.08-11.50/IMG_1082.JPG,IMG_1082.JPG,BDF10-M6_2016_201603081150_IMG_1082.jpg,0.9033660292625427,777.48388671875,250.34742736816406,348.104736328125,809.465087890625,2048,1536,348,809
BDF10-M6,2016,201603081150,HC,1,/Volumes/Seagate Portable Drive/KYLE_AI_DATABASE/A_CAMERA/Focal_species/Gulo gulo/BDF10-M6/HC/2016/COLOR/Robust marks/03.08-11.50/IMG_1083.JPG,IMG_1083.JPG,BDF10-M6_2016_201603081150_IMG_1083.jpg,0.9084229469299316,772.1495361328125,252.7792510986328,374.1689453125,896.2373657226562,2048,1536,374,896
BDF10-M6,2016,201603081150,HC,1,/Volumes/Seagate Portable Drive/KYLE_AI_DATABASE/A_CAMERA/Focal_species/Gulo gulo/BDF10-M6/HC/2016/COLOR/Robust marks/03.08-11.50/IMG_1084.JPG,IMG_1084.JPG,BDF10-M6_2016_201603081150_IMG_1084.jpg,0.9203611612319946,777.1050415039062,276.19049072265625,349.20733642578125,880.0029907226562,2048,1536,349,880
BDF10-M6,2016,201603081150,HC,1,/Volumes/Seagate Portable Drive/KYLE_AI_DATABASE/A_CAMERA/Focal_species/Gulo gulo/BDF10-M6/HC/2016/COLOR/Robust marks/03.08-11.50/IMG_1085.JPG,IMG_1085.JPG,BDF10-M6_2016_201603081150_IMG_1085.jpg,0.8953843712806702,776.69873046875,282.52471923828125,334.096435546875,867.8397827148438,2048,1536,334,867
BDF10-M6,2016,201603081150,HC,1,/Volumes/Seagate Portable Drive/KYLE_AI_DATABASE/A_CAMERA/Focal_species/Gulo gulo/BDF10-M6/HC/2016/COLOR/Robust marks/03.08-11.50/IMG_1086.JPG,IMG_1086.JPG,BDF10-M6_2016_201603081150_IMG_1086.jpg,0.9086368680000305,776.9058227539062,286.62750244140625,336.47613525390625,844.3783569335938,2048,1536,336,844
BDF10-M6,2016,201603081150,HC,1,/Volumes/Seagate Portable Drive/KYLE_AI_DATABASE/A_CAMERA/Focal_species/Gulo gulo/BDF10-M6/HC/2016/COLOR/Robust marks/03.08-11.50/IMG_1087.JPG,IMG_1087.JPG,BDF10-M6_2016_201603081150_IMG_1087.jpg,0.9150953888893127,775.4488525390625,291.1798095703125,336.743408203125,865.5897216796875,2048,1536,336,865
BDF10-M6,2016,201603081150,HC,1,/Volumes/Seagate Portable Drive/KYLE_AI_DATABASE/A_CAMERA/Focal_species/Gulo gulo/BDF10-M6/HC/2016/COLOR/Robust marks/03.08-11.50/IMG_1088.JPG,IMG_1088.JPG,BDF10-M6_2016_201603081150_IMG_1088.jpg,0.9321742653846741,779.9347534179688,285.7502746582031,376.94561767578125,865.813720703125,2048,1536,376,865
BDF10-M6,2016,201603081150,HC,1,/Volumes/Seagate Portable Drive/KYLE_AI_DATABASE/A_CAMERA/Focal_species/Gulo gulo/BDF10-M6/HC/2016/COLOR/Robust marks/03.08-11.50/IMG_1089.JPG,IMG_1089.JPG,BDF10-M6_2016_201603081150_IMG_1089.jpg,0.9319483637809753,779.6992797851562,319.3074951171875,372.66802978515625,851.8162841796875,2048,1536,372,851
BDF10-M6,2016,201603081150,HC,1,/Volumes/Seagate Portable Drive/KYLE_AI_DATABASE/A_CAMERA/Focal_species/Gulo gulo/BDF10-M6/HC/2016/COLOR/Robust marks/03.08-11.50/IMG_1090.JPG,IMG_1090.JPG,BDF10-M6_2016_201603081150_IMG_1090.jpg,0.9359546899795532,780.3704833984375,320.54803466796875,369.11669921875,837.3298950195312,2048,1536,369,837
BDF10-M6,2016,201603081150,HC,1,/Volumes/Seagate Portable Drive/KYLE_AI_DATABASE/A_CAMERA/Focal_species/Gulo gulo/BDF10-M6/HC/2016/COLOR/Robust marks/03.08-11.50/IMG_1091.JPG,IMG_1091.JPG,BDF10-M6_2016_201603081150_IMG_1091.jpg,0.9131593704223633,779.42626953125,321.8299255371094,360.0543212890625,859.2393798828125,2048,1536,360,859
BDF10-M6,2016,201603081150,HC,1,/Volumes/Seagate Portable Drive/KYLE_AI_DATABASE/A_CAMERA/Focal_species/Gulo gulo/BDF10-M6/HC/2016/COLOR/Robust marks/03.08-11.50/IMG_1092.JPG,IMG_1092.JPG,BDF10-M6_2016_201603081150_IMG_1092.jpg,0.9154992699623108,778.7919921875,283.5723876953125,365.7266845703125,882.142578125,2048,1536,365,882
BDF10-M6,2016,201603081150,HC,1,/Volumes/Seagate Portable Drive/KYLE_AI_DATABASE/A_CAMERA/Focal_species/Gulo gulo/BDF10-M6/HC/2016/COLOR/Robust marks/03.08-11.50/IMG_1093.JPG,IMG_1093.JPG,BDF10-M6_2016_201603081150_IMG_1093.jpg,0.9184141159057617,777.7313232421875,317.9483642578125,364.4681396484375,848.2493896484375,2048,1536,364,848
BDF10-M6,2016,201603081150,HC,1,/Volumes/Seagate Portable Drive/KYLE_AI_DATABASE/A_CAMERA/Focal_species/Gulo gulo/BDF10-M6/HC/2016/COLOR/Robust marks/03.08-11.50/IMG_1094.JPG,IMG_1094.JPG,BDF10-M6_2016_201603081150_IMG_1094.jpg,0.9090599417686462,774.463134765625,279.1689453125,342.8160400390625,816.6641845703125,2048,1536,342,816
BDF10-M6,2016,201603081150,HC,1,/Volumes/Seagate Portable Drive/KYLE_AI_DATABASE/A_CAMERA/Focal_species/Gulo gulo/BDF10-M6/HC/2016/COLOR/Robust marks/03.08-11.50/IMG_1095.JPG,IMG_1095.JPG,BDF10-M6_2016_201603081150_IMG_1095.jpg,0.9062830209732056,759.476806640625,291.4893798828125,352.1220703125,790.8067626953125,2048,1536,352,790
BDF10-M6,2016,201603081150,HC,1,/Volumes/Seagate Portable Drive/KYLE_AI_DATABASE/A_CAMERA/Focal_species/Gulo gulo/BDF10-M6/HC/2016/COLOR/Robust marks/03.08-11.50/IMG_1096.JPG,IMG_1096.JPG,BDF10-M6_2016_201603081150_IMG_1096.jpg,0.9156169891357422,763.183837890625,276.18267822265625,341.6788330078125,842.8915405273438,2048,1536,341,842
BDF10-M6,2016,201603081150,HC,1,/Volumes/Seagate Portable Drive/KYLE_AI_DATABASE/A_CAMERA/Focal_species/Gulo gulo/BDF10-M6/HC/2016/COLOR/Robust marks/03.08-11.50/IMG_1097.JPG,IMG_1097.JPG,BDF10-M6_2016_201603081150_IMG_1097.jpg,0.9150803089141846,774.343505859375,283.4404296875,343.1416015625,822.377197265625,2048,1536,343,822
BDF10-M6,2016,201603081150,HC,1,/Volumes/Seagate Portable Drive/KYLE_AI_DATABASE/A_CAMERA/Focal_species/Gulo gulo/BDF10-M6/HC/2016/COLOR/Robust marks/03.08-11.50/IMG_1098.JPG,IMG_1098.JPG,BDF10-M6_2016_201603081150_IMG_1098.jpg,0.920885443687439,778.1214599609375,292.00091552734375,348.2291259765625,804.0789184570312,2048,1536,348,804
BDF10-M6,2016,201603081150,HC,1,/Volumes/Seagate Portable Drive/KYLE_AI_DATABASE/A_CAMERA/Focal_species/Gulo gulo/BDF10-M6/HC/2016/COLOR/Robust marks/03.08-11.50/IMG_1099.JPG,IMG_1099.JPG,BDF10-M6_2016_201603081150_IMG_1099.jpg,0.9162166118621826,785.7973022460938,282.71734619140625,341.70623779296875,814.3615112304688,2048,1536,341,814
BDF10-M6,2016,201603081150,HC,1,/Volumes/Seagate Portable Drive/KYLE_AI_DATABASE/A_CAMERA/Focal_species/Gulo gulo/BDF10-M6/HC/2016/COLOR/Robust marks/03.08-11.50/IMG_1100.JPG,IMG_1100.JPG,BDF10-M6_2016_201603081150_IMG_1100.jpg,0.9210451245307922,789.1802978515625,310.052978515625,343.78125,789.7125244140625,2048,1536,343,789
BDF10-M6,2016,201603081150,HC,1,/Volumes/Seagate Portable Drive/KYLE_AI_DATABASE/A_CAMERA/Focal_species/Gulo gulo/BDF10-M6/HC/2016/COLOR/Robust marks/03.08-11.50/IMG_1101.JPG,IMG_1101.JPG,BDF10-M6_2016_201603081150_IMG_1101.jpg,0.925536572933197,779.5001220703125,324.89093017578125,379.85400390625,752.7470092773438,2048,1536,379,752
BDF10-M6,2016,201603081150,HC,1,/Volumes/Seagate Portable Drive/KYLE_AI_DATABASE/A_CAMERA/Focal_species/Gulo gulo/BDF10-M6/HC/2016/COLOR/Robust marks/03.08-11.50/IMG_1102.JPG,IMG_1102.JPG,BDF10-M6_2016_201603081150_IMG_1102.jpg,0.9117014408111572,776.2488403320312,301.25323486328125,372.82025146484375,786.7078247070312,2048,1536,372,786
BDF10-M6,2016,201603081150,HC,1,/Volumes/Seagate Portable Drive/KYLE_AI_DATABASE/A_CAMERA/Focal_species/Gulo gulo/BDF10-M6/HC/2016/COLOR/Robust marks/03.08-11.50/IMG_1103.JPG,IMG_1103.JPG,BDF10-M6_2016_201603081150_IMG_1103.jpg,0.9396011829376221,765.6203002929688,279.0416564941406,375.59307861328125,875.9002685546875,2048,1536,375,875
BDF10-M6,2016,201603081150,HC,1,/Volumes/Seagate Portable Drive/KYLE_AI_DATABASE/A_CAMERA/Focal_species/Gulo gulo/BDF10-M6/HC/2016/COLOR/Robust marks/03.08-11.50/IMG_1104.JPG,IMG_1104.JPG,BDF10-M6_2016_201603081150_IMG_1104.jpg,0.9231062531471252,769.8883056640625,296.63421630859375,384.9915771484375,809.7288208007812,2048,1536,384,809
BDF10-M6,2016,201603081150,HC,1,/Volumes/Seagate Portable Drive/KYLE_AI_DATABASE/A_CAMERA/Focal_species/Gulo gulo/BDF10-M6/HC/2016/COLOR/Robust marks/03.08-11.50/IMG_1105.JPG,IMG_1105.JPG,BDF10-M6_2016_201603081150_IMG_1105.jpg,0.9277966022491455,775.9860229492188,307.221923828125,386.73602294921875,800.7774658203125,2048,1536,386,800
BDF10-M6,2016,201603081150,HC,1,/Volumes/Seagate Portable Drive/KYLE_AI_DATABASE/A_CAMERA/Focal_species/Gulo gulo/BDF10-M6/HC/2016/COLOR/Robust marks/03.08-11.50/IMG_1106.JPG,IMG_1106.JPG,BDF10-M6_2016_201603081150_IMG_1106.jpg,0.9419081807136536,776.1685180664062,296.63092041015625,385.67254638671875,810.0287475585938,2048,1536,385,810
BDF10-M6,2016,201603081150,HC,1,/Volumes/Seagate Portable Drive/KYLE_AI_DATABASE/A_CAMERA/Focal_species/Gulo gulo/BDF10-M6/HC/2016/COLOR/Robust marks/03.08-11.50/IMG_1107.JPG,IMG_1107.JPG,BDF10-M6_2016_201603081150_IMG_1107.jpg,0.910614013671875,776.3585205078125,312.38909912109375,377.9241943359375,812.1204223632812,2048,1536,377,812
BDF10-M6,2016,201603081150,HC,1,/Volumes/Seagate Portable Drive/KYLE_AI_DATABASE/A_CAMERA/Focal_species/Gulo gulo/BDF10-M6/HC/2016/COLOR/Robust marks/03.08-11.50/IMG_1108.JPG,IMG_1108.JPG,BDF10-M6_2016_201603081150_IMG_1108.jpg,0.9299324154853821,776.4586791992188,306.9817199707031,371.97857666015625,802.04638671875,2048,1536,371,802
BDF10-M6,2016,201603081150,HC,1,/Volumes/Seagate Portable Drive/KYLE_AI_DATABASE/A_CAMERA/Focal_species/Gulo gulo/BDF10-M6/HC/2016/COLOR/Robust marks/03.08-11.50/IMG_1109.JPG,IMG_1109.JPG,BDF10-M6_2016_201603081150_IMG_1109.jpg,0.9211232662200928,780.5341796875,296.10284423828125,349.86474609375,833.0159301757812,2048,1536,349,833
BDF10-M6,2016,201603081150,HC,1,/Volumes/Seagate Portable Drive/KYLE_AI_DATABASE/A_CAMERA/Focal_species/Gulo gulo/BDF10-M6/HC/2016/COLOR/Robust marks/03.08-11.50/IMG_1110.JPG,IMG_1110.JPG,BDF10-M6_2016_201603081150_IMG_1110.jpg,0.9035688638687134,790.1573486328125,281.76141357421875,342.474609375,840.3486938476562,2048,1536,342,840
BDF10-M6,2016,201603081150,HC,1,/Volumes/Seagate Portable Drive/KYLE_AI_DATABASE/A_CAMERA/Focal_species/Gulo gulo/BDF10-M6/HC/2016/COLOR/Robust marks/03.08-11.50/IMG_1111.JPG,IMG_1111.JPG,BDF10-M6_2016_201603081150_IMG_1111.jpg,0.929315447807312,782.04296875,285.76708984375,349.577880859375,774.216796875,2048,1536,349,774
BDF10-M6,2016,201603081150,HC,1,/Volumes/Seagate Portable Drive/KYLE_AI_DATABASE/A_CAMERA/Focal_species/Gulo gulo/BDF10-M6/HC/2016/COLOR/Robust marks/03.08-11.50/IMG_1112.JPG,IMG_1112.JPG,BDF10-M6_2016_201603081150_IMG_1112.jpg,0.8927203416824341,770.7197875976562,261.894287109375,350.43511962890625,877.91259765625,2048,1536,350,877
BDF10-M6,2016,201603081150,HC,1,/Volumes/Seagate Portable Drive/KYLE_AI_DATABASE/A_CAMERA/Focal_species/Gulo gulo/BDF10-M6/HC/2016/COLOR/Robust marks/03.08-11.50/IMG_1113.JPG,IMG_1113.JPG,BDF10-M6_2016_201603081150_IMG_1113.jpg,0.9216568470001221,778.7784423828125,292.4678955078125,347.076904296875,814.1505126953125,2048,1536,347,814
BDF10-M6,2016,201603081150,HC,1,/Volumes/Seagate Portable Drive/KYLE_AI_DATABASE/A_CAMERA/Focal_species/Gulo gulo/BDF10-M6/HC/2016/COLOR/Robust marks/03.08-11.50/IMG_1114.JPG,IMG_1114.JPG,BDF10-M6_2016_201603081150_IMG_1114.jpg,0.9083341956138611,778.0783081054688,293.16485595703125,345.52252197265625,815.7897338867188,2048,1536,345,815
BDF10-M6,2016,201603081150,HC,1,/Volumes/Seagate Portable Drive/KYLE_AI_DATABASE/A_CAMERA/Focal_species/Gulo gulo/BDF10-M6/HC/2016/COLOR/Robust marks/03.08-11.50/IMG_1115.JPG,IMG_1115.JPG,BDF10-M6_2016_201603081150_IMG_1115.jpg,0.9302575588226318,792.8380126953125,304.6239013671875,344.3314208984375,798.1400146484375,2048,1536,344,798
BDF10-M6,2016,201603081150,HC,1,/Volumes/Seagate Portable Drive/KYLE_AI_DATABASE/A_CAMERA/Focal_species/Gulo gulo/BDF10-M6/HC/2016/COLOR/Robust marks/03.08-11.50/IMG_1116.JPG,IMG_1116.JPG,BDF10-M6_2016_201603081150_IMG_1116.jpg,0.9311168789863586,784.08837890625,325.9806823730469,364.414794921875,733.879638671875,2048,1536,364,733
BDF10-M6,2016,201603081150,HC,1,/Volumes/Seagate Portable Drive/KYLE_AI_DATABASE/A_CAMERA/Focal_species/Gulo gulo/BDF10-M6/HC/2016/COLOR/Robust marks/03.08-11.50/IMG_1117.JPG,IMG_1117.JPG,BDF10-M6_2016_201603081150_IMG_1117.jpg,0.9195638298988342,787.7191162109375,325.2076110839844,344.4293212890625,739.3333740234375,2048,1536,344,739
BDF10-M6,2016,201603081150,HC,1,/Volumes/Seagate Portable Drive/KYLE_AI_DATABASE/A_CAMERA/Focal_species/Gulo gulo/BDF10-M6/HC/2016/COLOR/Robust marks/03.08-11.50/IMG_1118.JPG,IMG_1118.JPG,BDF10-M6_2016_201603081150_IMG_1118.jpg,0.9313518404960632,778.1514282226562,184.60848999023438,333.00531005859375,868.8009033203125,2048,1536,333,868
BDF10-M6,2016,201603081150,HC,1,/Volumes/Seagate Portable Drive/KYLE_AI_DATABASE/A_CAMERA/Focal_species/Gulo gulo/BDF10-M6/HC/2016/COLOR/Robust marks/03.08-11.50/IMG_1119.JPG,IMG_1119.JPG,BDF10-M6_2016_201603081150_IMG_1119.jpg,0.9094949960708618,768.8049926757812,215.07691955566406,368.31011962890625,876.422119140625,2048,1536,368,876
BDF10-M6,2016,201603081150,HC,1,/Volumes/Seagate Portable Drive/KYLE_AI_DATABASE/A_CAMERA/Focal_species/Gulo gulo/BDF10-M6/HC/2016/COLOR/Robust marks/03.08-11.50/IMG_1120.JPG,IMG_1120.JPG,BDF10-M6_2016_201603081150_IMG_1120.jpg,0.9118228554725647,770.2966918945312,317.1142578125,348.34771728515625,776.869140625,2048,1536,348,776
BDF10-M6,2016,201603081150,HC,1,/Volumes/Seagate Portable Drive/KYLE_AI_DATABASE/A_CAMERA/Focal_species/Gulo gulo/BDF10-M6/HC/2016/COLOR/Robust marks/03.08-11.50/IMG_1121.JPG,IMG_1121.JPG,BDF10-M6_2016_201603081150_IMG_1121.jpg,0.9034494757652283,770.1535034179688,242.6792449951172,356.19635009765625,865.6561889648438,2048,1536,356,865
BDF10-M6,2016,201603081150,HC,1,/Volumes/Seagate Portable Drive/KYLE_AI_DATABASE/A_CAMERA/Focal_species/Gulo gulo/BDF10-M6/HC/2016/COLOR/Robust marks/03.08-11.50/IMG_1122.JPG,IMG_1122.JPG,BDF10-M6_2016_201603081150_IMG_1122.jpg,0.9142032265663147,768.7180786132812,314.750732421875,339.00982666015625,787.20263671875,2048,1536,339,787
BDF10-M6,2016,201603081150,HC,1,/Volumes/Seagate Portable Drive/KYLE_AI_DATABASE/A_CAMERA/Focal_species/Gulo gulo/BDF10-M6/HC/2016/COLOR/Robust marks/03.08-11.50/IMG_1123.JPG,IMG_1123.JPG,BDF10-M6_2016_201603081150_IMG_1123.jpg,0.9158354997634888,773.8424072265625,315.427978515625,336.61083984375,764.486328125,2048,1536,336,764
BDF10-M6,2016,201603081150,HC,1,/Volumes/Seagate Portable Drive/KYLE_AI_DATABASE/A_CAMERA/Focal_species/Gulo gulo/BDF10-M6/HC/2016/COLOR/Robust marks/03.08-11.50/IMG_1124.JPG,IMG_1124.JPG,BDF10-M6_2016_201603081150_IMG_1124.jpg,0.9189103841781616,771.5302734375,323.1285400390625,340.8511962890625,755.6436767578125,2048,1536,340,755
BDF10-M6,2016,201603081150,HC,1,/Volumes/Seagate Portable Drive/KYLE_AI_DATABASE/A_CAMERA/Focal_species/Gulo gulo/BDF10-M6/HC/2016/COLOR/Robust marks/03.08-11.50/IMG_1125.JPG,IMG_1125.JPG,BDF10-M6_2016_201603081150_IMG_1125.jpg,0.9053630828857422,770.232421875,313.48779296875,351.820068359375,766.2880859375,2048,1536,351,766
BDF10-M6,2016,201603081150,HC,1,/Volumes/Seagate Portable Drive/KYLE_AI_DATABASE/A_CAMERA/Focal_species/Gulo gulo/BDF10-M6/HC/2016/COLOR/Robust marks/03.08-11.50/IMG_1126.JPG,IMG_1126.JPG,BDF10-M6_2016_201603081150_IMG_1126.jpg,0.915528416633606,768.390380859375,297.3002014160156,344.986572265625,785.0086669921875,2048,1536,344,785
BDF10-M6,2016,201603081150,HC,1,/Volumes/Seagate Portable Drive/KYLE_AI_DATABASE/A_CAMERA/Focal_species/Gulo gulo/BDF10-M6/HC/2016/COLOR/Robust marks/03.08-11.50/IMG_1127.JPG,IMG_1127.JPG,BDF10-M6_2016_201603081150_IMG_1127.jpg,0.9325766563415527,774.126953125,325.1221008300781,346.4205322265625,748.02783203125,2048,1536,346,748
BDF10-M6,2016,201603081150,HC,1,/Volumes/Seagate Portable Drive/KYLE_AI_DATABASE/A_CAMERA/Focal_species/Gulo gulo/BDF10-M6/HC/2016/COLOR/Robust marks/03.08-11.50/IMG_1128.JPG,IMG_1128.JPG,BDF10-M6_2016_201603081150_IMG_1128.jpg,0.8793315887451172,771.5575561523438,263.78765869140625,340.65045166015625,811.6864624023438,2048,1536,340,811
BDF10-M6,2016,201603081150,HC,1,/Volumes/Seagate Portable Drive/KYLE_AI_DATABASE/A_CAMERA/Focal_species/Gulo gulo/BDF10-M6/HC/2016/COLOR/Robust marks/03.08-11.50/IMG_1129.JPG,IMG_1129.JPG,BDF10-M6_2016_201603081150_IMG_1129.jpg,0.9354985356330872,776.68505859375,327.47540283203125,381.9349365234375,729.9691772460938,2048,1536,381,729
BDF10-M6,2016,201603081150,HC,1,/Volumes/Seagate Portable Drive/KYLE_AI_DATABASE/A_CAMERA/Focal_species/Gulo gulo/BDF10-M6/HC/2016/COLOR/Robust marks/03.08-11.50/IMG_1130.JPG,IMG_1130.JPG,BDF10-M6_2016_201603081150_IMG_1130.jpg,0.8916311860084534,782.2484741210938,301.1325378417969,376.90899658203125,765.6988525390625,2048,1536,376,765
BDF10-M6,2016,201603081150,HC,1,/Volumes/Seagate Portable Drive/KYLE_AI_DATABASE/A_CAMERA/Focal_species/Gulo gulo/BDF10-M6/HC/2016/COLOR/Robust marks/03.08-11.50/IMG_1131.JPG,IMG_1131.JPG,BDF10-M6_2016_201603081150_IMG_1131.jpg,0.8289577960968018,780.19775390625,270.5001220703125,425.35791015625,797.0452880859375,2048,1536,425,797
BDF10-M6,2016,201603081150,HC,1,/Volumes/Seagate Portable Drive/KYLE_AI_DATABASE/A_CAMERA/Focal_species/Gulo gulo/BDF10-M6/HC/2016/COLOR/Robust marks/03.08-11.50/IMG_1132.JPG,IMG_1132.JPG,BDF10-M6_2016_201603081150_IMG_1132.jpg,0.8853883743286133,767.3681640625,241.2301025390625,448.992431640625,856.5946044921875,2048,1536,448,856
BDF10-M6,2016,201603081150,HC,1,/Volumes/Seagate Portable Drive/KYLE_AI_DATABASE/A_CAMERA/Focal_species/Gulo gulo/BDF10-M6/HC/2016/COLOR/Robust marks/03.08-11.50/IMG_1133.JPG,IMG_1133.JPG,BDF10-M6_2016_201603081150_IMG_1133.jpg,0.8760742545127869,771.8659057617188,303.7266540527344,400.52288818359375,800.589111328125,2048,1536,400,800
BDF10-M6,2016,201603081150,HC,1,/Volumes/Seagate Portable Drive/KYLE_AI_DATABASE/A_CAMERA/Focal_species/Gulo gulo/BDF10-M6/HC/2016/COLOR/Robust marks/03.08-11.50/IMG_1134.JPG,IMG_1134.JPG,BDF10-M6_2016_201603081150_IMG_1134.jpg,0.9058177471160889,774.4625854492188,315.4232482910156,385.53778076171875,785.3726806640625,2048,1536,385,785
BDF10-M6,2016,201603081150,HC,1,/Volumes/Seagate Portable Drive/KYLE_AI_DATABASE/A_CAMERA/Focal_species/Gulo gulo/BDF10-M6/HC/2016/COLOR/Robust marks/03.08-11.50/IMG_1135.JPG,IMG_1135.JPG,BDF10-M6_2016_201603081150_IMG_1135.jpg,0.8530734181404114,773.0787353515625,297.40960693359375,417.007568359375,809.2680053710938,2048,1536,417,809
BDF10-M6,2016,201603081150,HC,1,/Volumes/Seagate Portable Drive/KYLE_AI_DATABASE/A_CAMERA/Focal_species/Gulo gulo/BDF10-M6/HC/2016/COLOR/Robust marks/03.08-11.50/IMG_1136.JPG,IMG_1136.JPG,BDF10-M6_2016_201603081150_IMG_1136.jpg,0.8930315375328064,776.663818359375,275.3546447753906,437.6409912109375,830.526123046875,2048,1536,437,830
BDF10-M6,2016,201603081150,HC,1,/Volumes/Seagate Portable Drive/KYLE_AI_DATABASE/A_CAMERA/Focal_species/Gulo gulo/BDF10-M6/HC/2016/COLOR/Robust marks/03.08-11.50/IMG_1137.JPG,IMG_1137.JPG,BDF10-M6_2016_201603081150_IMG_1137.jpg,0.9255694150924683,788.7216796875,318.90289306640625,369.715576171875,831.2106323242188,2048,1536,369,831
BDF10-M6,2016,201603081150,HC,1,/Volumes/Seagate Portable Drive/KYLE_AI_DATABASE/A_CAMERA/Focal_species/Gulo gulo/BDF10-M6/HC/2016/COLOR/Robust marks/03.08-11.50/IMG_1138.JPG,IMG_1138.JPG,BDF10-M6_2016_201603081150_IMG_1138.jpg,0.9237419962882996,784.667236328125,323.9654846191406,376.293701171875,782.0081787109375,2048,1536,376,782
BDF10-M6,2016,201603081150,HC,1,/Volumes/Seagate Portable Drive/KYLE_AI_DATABASE/A_CAMERA/Focal_species/Gulo gulo/BDF10-M6/HC/2016/COLOR/Robust marks/03.08-11.50/IMG_1139.JPG,IMG_1139.JPG,BDF10-M6_2016_201603081150_IMG_1139.jpg,0.9154718518257141,784.300537109375,278.7415466308594,353.4625244140625,853.0469970703125,2048,1536,353,853
BDF10-M6,2016,201603081150,HC,1,/Volumes/Seagate Portable Drive/KYLE_AI_DATABASE/A_CAMERA/Focal_species/Gulo gulo/BDF10-M6/HC/2016/COLOR/Robust marks/03.08-11.50/IMG_1140.JPG,IMG_1140.JPG,BDF10-M6_2016_201603081150_IMG_1140.jpg,0.911266565322876,784.4473266601562,290.27886962890625,368.33343505859375,817.3939819335938,2048,1536,368,817
BDF10-M6,2016,201603081150,HC,1,/Volumes/Seagate Portable Drive/KYLE_AI_DATABASE/A_CAMERA/Focal_species/Gulo gulo/BDF10-M6/HC/2016/COLOR/Robust marks/03.08-11.50/IMG_1141.JPG,IMG_1141.JPG,BDF10-M6_2016_201603081150_IMG_1141.jpg,0.9355274438858032,792.6151123046875,305.31134033203125,353.1531982421875,807.4083862304688,2048,1536,353,807
BDF10-M6,2016,201603081150,HC,1,/Volumes/Seagate Portable Drive/KYLE_AI_DATABASE/A_CAMERA/Focal_species/Gulo gulo/BDF10-M6/HC/2016/COLOR/Robust marks/03.08-11.50/IMG_1142.JPG,IMG_1142.JPG,BDF10-M6_2016_201603081150_IMG_1142.jpg,0.9327065348625183,788.696533203125,302.92218017578125,359.8607177734375,807.4319458007812,2048,1536,359,807
BDF10-M6,2016,201603081150,HC,1,/Volumes/Seagate Portable Drive/KYLE_AI_DATABASE/A_CAMERA/Focal_species/Gulo gulo/BDF10-M6/HC/2016/COLOR/Robust marks/03.08-11.50/IMG_1143.JPG,IMG_1143.JPG,BDF10-M6_2016_201603081150_IMG_1143.jpg,0.9344682097434998,791.467041015625,306.96002197265625,356.54833984375,803.7162475585938,2048,1536,356,803
BDF10-M6,2016,201603081150,HC,1,/Volumes/Seagate Portable Drive/KYLE_AI_DATABASE/A_CAMERA/Focal_species/Gulo gulo/BDF10-M6/HC/2016/COLOR/Robust marks/03.08-11.50/IMG_1144.JPG,IMG_1144.JPG,BDF10-M6_2016_201603081150_IMG_1144.jpg,0.9278889894485474,791.50537109375,314.381103515625,338.73974609375,803.9141845703125,2048,1536,338,803
BDF10-M6,2016,201603081150,HC,1,/Volumes/Seagate Portable Drive/KYLE_AI_DATABASE/A_CAMERA/Focal_species/Gulo gulo/BDF10-M6/HC/2016/COLOR/Robust marks/03.08-11.50/IMG_1145.JPG,IMG_1145.JPG,BDF10-M6_2016_201603081150_IMG_1145.jpg,0.9248822331428528,784.634521484375,326.37762451171875,337.294921875,794.2875366210938,2048,1536,337,794
BDF10-M6,2016,201603081150,HC,1,/Volumes/Seagate Portable Drive/KYLE_AI_DATABASE/A_CAMERA/Focal_species/Gulo gulo/BDF10-M6/HC/2016/COLOR/Robust marks/03.08-11.50/IMG_1146.JPG,IMG_1146.JPG,BDF10-M6_2016_201603081150_IMG_1146.jpg,0.8886709809303284,782.15673828125,305.52703857421875,334.7037353515625,794.9151000976562,2048,1536,334,794
BDF10-M6,2016,201603081150,HC,1,/Volumes/Seagate Portable Drive/KYLE_AI_DATABASE/A_CAMERA/Focal_species/Gulo gulo/BDF10-M6/HC/2016/COLOR/Robust marks/03.08-11.50/IMG_1147.JPG,IMG_1147.JPG,BDF10-M6_2016_201603081150_IMG_1147.jpg,0.9394917488098145,786.2381591796875,312.765625,374.2021484375,792.80322265625,2048,1536,374,792
BDF10-M6,2016,201603081150,HC,1,/Volumes/Seagate Portable Drive/KYLE_AI_DATABASE/A_CAMERA/Focal_species/Gulo gulo/BDF10-M6/HC/2016/COLOR/Robust marks/03.08-11.50/IMG_1148.JPG,IMG_1148.JPG,BDF10-M6_2016_201603081150_IMG_1148.jpg,0.9136168360710144,771.3670043945312,281.19805908203125,390.60687255859375,921.5687866210938,2048,1536,390,921
BDF10-M6,2016,201603081150,HC,1,/Volumes/Seagate Portable Drive/KYLE_AI_DATABASE/A_CAMERA/Focal_species/Gulo gulo/BDF10-M6/HC/2016/COLOR/Robust marks/03.08-11.50/IMG_1149.JPG,IMG_1149.JPG,BDF10-M6_2016_201603081150_IMG_1149.jpg,0.9172691702842712,785.3174438476562,305.24359130859375,375.57635498046875,802.1776733398438,2048,1536,375,802
BDF10-M6,2016,201603081150,HC,1,/Volumes/Seagate Portable Drive/KYLE_AI_DATABASE/A_CAMERA/Focal_species/Gulo gulo/BDF10-M6/HC/2016/COLOR/Robust marks/03.08-11.50/IMG_1150.JPG,IMG_1150.JPG,BDF10-M6_2016_201603081150_IMG_1150.jpg,0.9274947047233582,773.9117431640625,295.2081298828125,383.109619140625,900.7547607421875,2048,1536,383,900
BDF10-M6,2016,201603081150,HC,1,/Volumes/Seagate Portable Drive/KYLE_AI_DATABASE/A_CAMERA/Focal_species/Gulo gulo/BDF10-M6/HC/2016/COLOR/Robust marks/03.08-11.50/IMG_1151.JPG,IMG_1151.JPG,BDF10-M6_2016_201603081150_IMG_1151.jpg,0.910619854927063,778.1669311523438,252.75238037109375,369.54547119140625,857.6682739257812,2048,1536,369,857
BDF10-M6,2016,201603081150,HC,1,/Volumes/Seagate Portable Drive/KYLE_AI_DATABASE/A_CAMERA/Focal_species/Gulo gulo/BDF10-M6/HC/2016/COLOR/Robust marks/03.08-11.50/IMG_1152.JPG,IMG_1152.JPG,BDF10-M6_2016_201603081150_IMG_1152.jpg,0.904330313205719,794.880859375,310.4732666015625,357.694091796875,802.8074951171875,2048,1536,357,802
BDF10-M6,2016,201603081150,HC,1,/Volumes/Seagate Portable Drive/KYLE_AI_DATABASE/A_CAMERA/Focal_species/Gulo gulo/BDF10-M6/HC/2016/COLOR/Robust marks/03.08-11.50/IMG_1153.JPG,IMG_1153.JPG,BDF10-M6_2016_201603081150_IMG_1153.jpg,0.9315237402915955,793.5123291015625,322.24542236328125,362.850341796875,785.3870239257812,2048,1536,362,785
BDF10-M6,2016,201603081150,HC,1,/Volumes/Seagate Portable Drive/KYLE_AI_DATABASE/A_CAMERA/Focal_species/Gulo gulo/BDF10-M6/HC/2016/COLOR/Robust marks/03.08-11.50/IMG_1154.JPG,IMG_1154.JPG,BDF10-M6_2016_201603081150_IMG_1154.jpg,0.9283017516136169,792.1677856445312,317.3028259277344,366.61199951171875,828.1063232421875,2048,1536,366,828
BDF10-M6,2016,201603081150,HC,1,/Volumes/Seagate Portable Drive/KYLE_AI_DATABASE/A_CAMERA/Focal_species/Gulo gulo/BDF10-M6/HC/2016/COLOR/Robust marks/03.08-11.50/IMG_1155.JPG,IMG_1155.JPG,BDF10-M6_2016_201603081150_IMG_1155.jpg,0.9309247136116028,791.6672973632812,317.0792236328125,367.38153076171875,797.5150146484375,2048,1536,367,797
BDF10-M6,2016,201603081150,HC,1,/Volumes/Seagate Portable Drive/KYLE_AI_DATABASE/A_CAMERA/Focal_species/Gulo gulo/BDF10-M6/HC/2016/COLOR/Robust marks/03.08-11.50/IMG_1156.JPG,IMG_1156.JPG,BDF10-M6_2016_201603081150_IMG_1156.jpg,0.9243441224098206,792.5806884765625,316.6622314453125,358.606689453125,794.5391845703125,2048,1536,358,794
BDF10-M6,2016,201603081150,HC,1,/Volumes/Seagate Portable Drive/KYLE_AI_DATABASE/A_CAMERA/Focal_species/Gulo gulo/BDF10-M6/HC/2016/COLOR/Robust marks/03.08-11.50/IMG_1157.JPG,IMG_1157.JPG,BDF10-M6_2016_201603081150_IMG_1157.jpg,0.9150353074073792,795.4132080078125,317.2528076171875,357.744873046875,814.7718505859375,2048,1536,357,814
BDF10-M6,2016,201603081150,HC,1,/Volumes/Seagate Portable Drive/KYLE_AI_DATABASE/A_CAMERA/Focal_species/Gulo gulo/BDF10-M6/HC/2016/COLOR/Robust marks/03.08-11.50/IMG_1158.JPG,IMG_1158.JPG,BDF10-M6_2016_201603081150_IMG_1158.jpg,0.9251313209533691,770.6044921875,321.985595703125,346.1419677734375,785.30419921875,2048,1536,346,785
BDF10-M6,2016,201603081150,HC,1,/Volumes/Seagate Portable Drive/KYLE_AI_DATABASE/A_CAMERA/Focal_species/Gulo gulo/BDF10-M6/HC/2016/COLOR/Robust marks/03.08-11.50/IMG_1159.JPG,IMG_1159.JPG,BDF10-M6_2016_201603081150_IMG_1159.jpg,0.9151322245597839,775.2772216796875,314.0008850097656,359.8692626953125,806.9688720703125,2048,1536,359,806
BDF10-M6,2016,201603081150,HC,1,/Volumes/Seagate Portable Drive/KYLE_AI_DATABASE/A_CAMERA/Focal_species/Gulo gulo/BDF10-M6/HC/2016/COLOR/Robust marks/03.08-11.50/IMG_1160.JPG,IMG_1160.JPG,BDF10-M6_2016_201603081150_IMG_1160.jpg,0.919461727142334,777.392822265625,313.53033447265625,358.109375,805.8178100585938,2048,1536,358,805
BDF10-M6,2016,201603081150,HC,1,/Volumes/Seagate Portable Drive/KYLE_AI_DATABASE/A_CAMERA/Focal_species/Gulo gulo/BDF10-M6/HC/2016/COLOR/Robust marks/03.08-11.50/IMG_1161.JPG,IMG_1161.JPG,BDF10-M6_2016_201603081150_IMG_1161.jpg,0.920255184173584,781.1672973632812,317.33856201171875,383.45806884765625,791.9924926757812,2048,1536,383,791
BDF10-M6,2016,201603081150,HC,1,/Volumes/Seagate Portable Drive/KYLE_AI_DATABASE/A_CAMERA/Focal_species/Gulo gulo/BDF10-M6/HC/2016/COLOR/Robust marks/03.08-11.50/IMG_1162.JPG,IMG_1162.JPG,BDF10-M6_2016_201603081150_IMG_1162.jpg,0.9164032936096191,778.4814453125,314.69635009765625,381.8427734375,809.8275756835938,2048,1536,381,809
BDF10-M6,2016,201603081150,HC,1,/Volumes/Seagate Portable Drive/KYLE_AI_DATABASE/A_CAMERA/Focal_species/Gulo gulo/BDF10-M6/HC/2016/COLOR/Robust marks/03.08-11.50/IMG_1163.JPG,IMG_1163.JPG,BDF10-M6_2016_201603081150_IMG_1163.jpg,0.939293622970581,777.9525756835938,318.6329345703125,379.39556884765625,800.7554931640625,2048,1536,379,800
BDF10-M6,2016,201603081150,HC,1,/Volumes/Seagate Portable Drive/KYLE_AI_DATABASE/A_CAMERA/Focal_species/Gulo gulo/BDF10-M6/HC/2016/COLOR/Robust marks/03.08-11.50/IMG_1164.JPG,IMG_1164.JPG,BDF10-M6_2016_201603081150_IMG_1164.jpg,0.9126240015029907,768.5264282226562,313.4656677246094,358.09100341796875,883.3585205078125,2048,1536,358,883
BDF10-M6,2016,201603081150,HC,1,/Volumes/Seagate Portable Drive/KYLE_AI_DATABASE/A_CAMERA/Focal_species/Gulo gulo/BDF10-M6/HC/2016/COLOR/Robust marks/03.08-11.50/IMG_1165.JPG,IMG_1165.JPG,BDF10-M6_2016_201603081150_IMG_1165.jpg,0.9260433316230774,773.7197265625,292.44024658203125,387.6083984375,827.1347045898438,2048,1536,387,827
BDF10-M6,2016,201603081150,HC,1,/Volumes/Seagate Portable Drive/KYLE_AI_DATABASE/A_CAMERA/Focal_species/Gulo gulo/BDF10-M6/HC/2016/COLOR/Robust marks/03.08-11.50/IMG_1166.JPG,IMG_1166.JPG,BDF10-M6_2016_201603081150_IMG_1166.jpg,0.9056934714317322,776.1854248046875,267.0220642089844,383.7196044921875,856.9619140625,2048,1536,383,856
BDF10-M6,2016,201603081150,HC,1,/Volumes/Seagate Portable Drive/KYLE_AI_DATABASE/A_CAMERA/Focal_species/Gulo gulo/BDF10-M6/HC/2016/COLOR/Robust marks/03.08-11.50/IMG_1167.JPG,IMG_1167.JPG,BDF10-M6_2016_201603081150_IMG_1167.jpg,0.9314414262771606,779.091064453125,316.4526672363281,380.7630615234375,793.1473388671875,2048,1536,380,793
BDF10-M6,2016,201603081150,HC,1,/Volumes/Seagate Portable Drive/KYLE_AI_DATABASE/A_CAMERA/Focal_species/Gulo gulo/BDF10-M6/HC/2016/COLOR/Robust marks/03.08-11.50/IMG_1168.JPG,IMG_1168.JPG,BDF10-M6_2016_201603081150_IMG_1168.jpg,0.9316924214363098,776.5330810546875,309.7405700683594,383.8427734375,801.044677734375,2048,1536,383,801
BDF10-M6,2016,201603081150,HC,1,/Volumes/Seagate Portable Drive/KYLE_AI_DATABASE/A_CAMERA/Focal_species/Gulo gulo/BDF10-M6/HC/2016/COLOR/Robust marks/03.08-11.50/IMG_1169.JPG,IMG_1169.JPG,BDF10-M6_2016_201603081150_IMG_1169.jpg,0.9305897951126099,776.8765869140625,320.0812683105469,383.534912109375,783.863525390625,2048,1536,383,783
BDF10-M6,2016,201603081150,HC,1,/Volumes/Seagate Portable Drive/KYLE_AI_DATABASE/A_CAMERA/Focal_species/Gulo gulo/BDF10-M6/HC/2016/COLOR/Robust marks/03.08-11.50/IMG_1170.JPG,IMG_1170.JPG,BDF10-M6_2016_201603081150_IMG_1170.jpg,0.9044344425201416,776.8696899414062,307.4971923828125,381.44012451171875,844.8201904296875,2048,1536,381,844
BDF10-M6,2016,201603081150,HC,1,/Volumes/Seagate Portable Drive/KYLE_AI_DATABASE/A_CAMERA/Focal_species/Gulo gulo/BDF10-M6/HC/2016/COLOR/Robust marks/03.08-11.50/IMG_1171.JPG,IMG_1171.JPG,BDF10-M6_2016_201603081150_IMG_1171.jpg,0.9293703436851501,772.2059326171875,252.38809204101562,344.699462890625,853.831787109375,2048,1536,344,853
BDF10-M6,2016,201603081150,HC,1,/Volumes/Seagate Portable Drive/KYLE_AI_DATABASE/A_CAMERA/Focal_species/Gulo gulo/BDF10-M6/HC/2016/COLOR/Robust marks/03.08-11.50/IMG_1172.JPG,IMG_1172.JPG,BDF10-M6_2016_201603081150_IMG_1172.jpg,0.9147555232048035,773.6279296875,275.6500244140625,347.5877685546875,831.30419921875,2048,1536,347,831
BDF10-M6,2016,201603081150,HC,1,/Volumes/Seagate Portable Drive/KYLE_AI_DATABASE/A_CAMERA/Focal_species/Gulo gulo/BDF10-M6/HC/2016/COLOR/Robust marks/03.08-11.50/IMG_1173.JPG,IMG_1173.JPG,BDF10-M6_2016_201603081150_IMG_1173.jpg,0.9264947772026062,774.1295776367188,260.1713562011719,344.69927978515625,849.0546875,2048,1536,344,849
BDF10-M6,2016,201603081150,HC,1,/Volumes/Seagate Portable Drive/KYLE_AI_DATABASE/A_CAMERA/Focal_species/Gulo gulo/BDF10-M6/HC/2016/COLOR/Robust marks/03.08-11.50/IMG_1174.JPG,IMG_1174.JPG,BDF10-M6_2016_201603081150_IMG_1174.jpg,0.9339202642440796,773.890625,251.9025421142578,338.03173828125,848.1423950195312,2048,1536,338,848
BDF10-M6,2016,201603081150,HC,1,/Volumes/Seagate Portable Drive/KYLE_AI_DATABASE/A_CAMERA/Focal_species/Gulo gulo/BDF10-M6/HC/2016/COLOR/Robust marks/03.08-11.50/IMG_1175.JPG,IMG_1175.JPG,BDF10-M6_2016_201603081150_IMG_1175.jpg,0.929951012134552,774.395751953125,239.0364532470703,337.91796875,859.8530883789062,2048,1536,337,859
BDF10-M6,2016,201603081150,HC,1,/Volumes/Seagate Portable Drive/KYLE_AI_DATABASE/A_CAMERA/Focal_species/Gulo gulo/BDF10-M6/HC/2016/COLOR/Robust marks/03.08-11.50/IMG_1176.JPG,IMG_1176.JPG,BDF10-M6_2016_201603081150_IMG_1176.jpg,0.9296008944511414,777.7315063476562,240.83839416503906,338.07073974609375,842.918212890625,2048,1536,338,842
BDF10-M6,2016,201603081150,HC,1,/Volumes/Seagate Portable Drive/KYLE_AI_DATABASE/A_CAMERA/Focal_species/Gulo gulo/BDF10-M6/HC/2016/COLOR/Robust marks/03.08-11.50/IMG_1177.JPG,IMG_1177.JPG,BDF10-M6_2016_201603081150_IMG_1177.jpg,0.9319154620170593,774.740966796875,248.482177734375,341.5721435546875,855.96484375,2048,1536,341,855
BDF10-M6,2016,201603081150,HC,1,/Volumes/Seagate Portable Drive/KYLE_AI_DATABASE/A_CAMERA/Focal_species/Gulo gulo/BDF10-M6/HC/2016/COLOR/Robust marks/03.08-11.50/IMG_1178.JPG,IMG_1178.JPG,BDF10-M6_2016_201603081150_IMG_1178.jpg,0.910861611366272,774.9137573242188,298.90533447265625,371.68365478515625,817.1420288085938,2048,1536,371,817
BDF10-M6,2016,201603081150,HC,1,/Volumes/Seagate Portable Drive/KYLE_AI_DATABASE/A_CAMERA/Focal_species/Gulo gulo/BDF10-M6/HC/2016/COLOR/Robust marks/03.08-11.50/IMG_1179.JPG,IMG_1179.JPG,BDF10-M6_2016_201603081150_IMG_1179.jpg,0.9343393445014954,771.8953857421875,311.68475341796875,363.0419921875,800.4998168945312,2048,1536,363,800
BDF10-M6,2016,201603081150,HC,1,/Volumes/Seagate Portable Drive/KYLE_AI_DATABASE/A_CAMERA/Focal_species/Gulo gulo/BDF10-M6/HC/2016/COLOR/Robust marks/03.08-11.50/IMG_1180.JPG,IMG_1180.JPG,BDF10-M6_2016_201603081150_IMG_1180.jpg,0.926616907119751,739.4871215820312,318.748291015625,366.40155029296875,884.1011962890625,2048,1536,366,884
BDF10-M6,2016,201603081150,HC,1,/Volumes/Seagate Portable Drive/KYLE_AI_DATABASE/A_CAMERA/Focal_species/Gulo gulo/BDF10-M6/HC/2016/COLOR/Robust marks/03.08-11.50/IMG_1181.JPG,IMG_1181.JPG,BDF10-M6_2016_201603081150_IMG_1181.jpg,0.9362170696258545,773.1704711914062,319.2315673828125,345.19525146484375,857.0609130859375,2048,1536,345,857
BDF10-M6,2016,201603081150,HC,1,/Volumes/Seagate Portable Drive/KYLE_AI_DATABASE/A_CAMERA/Focal_species/Gulo gulo/BDF10-M6/HC/2016/COLOR/Robust marks/03.08-11.50/IMG_1182.JPG,IMG_1182.JPG,BDF10-M6_2016_201603081150_IMG_1182.jpg,0.9285396337509155,775.0224609375,322.5233154296875,349.3048095703125,845.1693115234375,2048,1536,349,845
BDF10-M6,2016,201603081150,HC,1,/Volumes/Seagate Portable Drive/KYLE_AI_DATABASE/A_CAMERA/Focal_species/Gulo gulo/BDF10-M6/HC/2016/COLOR/Robust marks/03.08-11.50/IMG_1183.JPG,IMG_1183.JPG,BDF10-M6_2016_201603081150_IMG_1183.jpg,0.9129316210746765,773.7562255859375,324.01483154296875,348.0391845703125,779.9141235351562,2048,1536,348,779
BDF10-M6,2016,201603081150,HC,1,/Volumes/Seagate Portable Drive/KYLE_AI_DATABASE/A_CAMERA/Focal_species/Gulo gulo/BDF10-M6/HC/2016/COLOR/Robust marks/03.08-11.50/IMG_1184.JPG,IMG_1184.JPG,BDF10-M6_2016_201603081150_IMG_1184.jpg,0.9125357270240784,775.3355712890625,323.2603759765625,348.8978271484375,768.3424072265625,2048,1536,348,768
BDF10-M6,2016,201603081150,HC,1,/Volumes/Seagate Portable Drive/KYLE_AI_DATABASE/A_CAMERA/Focal_species/Gulo gulo/BDF10-M6/HC/2016/COLOR/Robust marks/03.08-11.50/IMG_1185.JPG,IMG_1185.JPG,BDF10-M6_2016_201603081150_IMG_1185.jpg,0.9071220755577087,774.7232666015625,317.56048583984375,338.457763671875,772.2356567382812,2048,1536,338,772
BDF10-M6,2016,201603081150,HC,1,/Volumes/Seagate Portable Drive/KYLE_AI_DATABASE/A_CAMERA/Focal_species/Gulo gulo/BDF10-M6/HC/2016/COLOR/Robust marks/03.08-11.50/IMG_1186.JPG,IMG_1186.JPG,BDF10-M6_2016_201603081150_IMG_1186.jpg,0.9107948541641235,773.850341796875,311.1265869140625,336.7703857421875,779.1776123046875,2048,1536,336,779
BDF10-M6,2016,201603081150,HC,1,/Volumes/Seagate Portable Drive/KYLE_AI_DATABASE/A_CAMERA/Focal_species/Gulo gulo/BDF10-M6/HC/2016/COLOR/Robust marks/03.08-11.50/IMG_1187.JPG,IMG_1187.JPG,BDF10-M6_2016_201603081150_IMG_1187.jpg,0.9060210585594177,773.30712890625,307.39190673828125,341.574951171875,782.1469116210938,2048,1536,341,782
BDF10-M6,2016,201603081150,HC,1,/Volumes/Seagate Portable Drive/KYLE_AI_DATABASE/A_CAMERA/Focal_species/Gulo gulo/BDF10-M6/HC/2016/COLOR/Robust marks/03.08-11.50/IMG_1188.JPG,IMG_1188.JPG,BDF10-M6_2016_201603081150_IMG_1188.jpg,0.8889073729515076,773.4737548828125,290.0062255859375,339.714599609375,805.100341796875,2048,1536,339,805
BDF10-M6,2016,201603081150,HC,1,/Volumes/Seagate Portable Drive/KYLE_AI_DATABASE/A_CAMERA/Focal_species/Gulo gulo/BDF10-M6/HC/2016/COLOR/Robust marks/03.08-11.50/IMG_1189.JPG,IMG_1189.JPG,BDF10-M6_2016_201603081150_IMG_1189.jpg,0.9311312437057495,775.1029052734375,321.4479675292969,348.03125,779.507568359375,2048,1536,348,779
BDF10-M6,2016,201603081150,HC,1,/Volumes/Seagate Portable Drive/KYLE_AI_DATABASE/A_CAMERA/Focal_species/Gulo gulo/BDF10-M6/HC/2016/COLOR/Robust marks/03.08-11.50/IMG_1190.JPG,IMG_1190.JPG,BDF10-M6_2016_201603081150_IMG_1190.jpg,0.8899278044700623,774.1674194335938,291.6673278808594,348.21002197265625,799.8485107421875,2048,1536,348,799
BDF10-M6,2016,201603081150,HC,1,/Volumes/Seagate Portable Drive/KYLE_AI_DATABASE/A_CAMERA/Focal_species/Gulo gulo/BDF10-M6/HC/2016/COLOR/Robust marks/03.08-11.50/IMG_1191.JPG,IMG_1191.JPG,BDF10-M6_2016_201603081150_IMG_1191.jpg,0.9255983233451843,771.8117065429688,314.57012939453125,374.09808349609375,825.1973266601562,2048,1536,374,825
BDF10-M6,2016,201603081150,HC,1,/Volumes/Seagate Portable Drive/KYLE_AI_DATABASE/A_CAMERA/Focal_species/Gulo gulo/BDF10-M6/HC/2016/COLOR/Robust marks/03.08-11.50/IMG_1192.JPG,IMG_1192.JPG,BDF10-M6_2016_201603081150_IMG_1192.jpg,0.8956745862960815,775.9434204101562,286.26263427734375,359.11297607421875,825.7401733398438,2048,1536,359,825
BDF10-M6,2016,201603081150,HC,1,/Volumes/Seagate Portable Drive/KYLE_AI_DATABASE/A_CAMERA/Focal_species/Gulo gulo/BDF10-M6/HC/2016/COLOR/Robust marks/03.08-11.50/IMG_1193.JPG,IMG_1193.JPG,BDF10-M6_2016_201603081150_IMG_1193.jpg,0.8733462691307068,774.821044921875,269.1242980957031,372.5130615234375,835.556884765625,2048,1536,372,835
BDF10-M6,2016,201603081150,HC,1,/Volumes/Seagate Portable Drive/KYLE_AI_DATABASE/A_CAMERA/Focal_species/Gulo gulo/BDF10-M6/HC/2016/COLOR/Robust marks/03.08-11.50/IMG_1194.JPG,IMG_1194.JPG,BDF10-M6_2016_201603081150_IMG_1194.jpg,0.8560612201690674,777.18603515625,272.50592041015625,377.599609375,836.7723999023438,2048,1536,377,836
BDF10-M6,2016,201603081150,HC,1,/Volumes/Seagate Portable Drive/KYLE_AI_DATABASE/A_CAMERA/Focal_species/Gulo gulo/BDF10-M6/HC/2016/COLOR/Robust marks/03.08-11.50/IMG_1195.JPG,IMG_1195.JPG,BDF10-M6_2016_201603081150_IMG_1195.jpg,0.8977232575416565,780.7920532226562,312.86114501953125,378.40863037109375,789.5470581054688,2048,1536,378,789
BDF10-M6,2016,201603081150,HC,1,/Volumes/Seagate Portable Drive/KYLE_AI_DATABASE/A_CAMERA/Focal_species/Gulo gulo/BDF10-M6/HC/2016/COLOR/Robust marks/03.08-11.50/IMG_1196.JPG,IMG_1196.JPG,BDF10-M6_2016_201603081150_IMG_1196.jpg,0.8588414192199707,777.639404296875,285.35394287109375,381.3094482421875,822.7470092773438,2048,1536,381,822
BDF10-M6,2016,201603081150,HC,1,/Volumes/Seagate Portable Drive/KYLE_AI_DATABASE/A_CAMERA/Focal_species/Gulo gulo/BDF10-M6/HC/2016/COLOR/Robust marks/03.08-11.50/IMG_1197.JPG,IMG_1197.JPG,BDF10-M6_2016_201603081150_IMG_1197.jpg,0.8606736063957214,780.3452758789062,289.37054443359375,380.84857177734375,815.3893432617188,2048,1536,380,815
BDF10-M6,2016,201603081150,HC,1,/Volumes/Seagate Portable Drive/KYLE_AI_DATABASE/A_CAMERA/Focal_species/Gulo gulo/BDF10-M6/HC/2016/COLOR/Robust marks/03.08-11.50/IMG_1198.JPG,IMG_1198.JPG,BDF10-M6_2016_201603081150_IMG_1198.jpg,0.8845614790916443,779.2138671875,328.97137451171875,424.5565185546875,776.1084594726562,2048,1536,424,776
BDF10-M6,2016,201603081150,HC,1,/Volumes/Seagate Portable Drive/KYLE_AI_DATABASE/A_CAMERA/Focal_species/Gulo gulo/BDF10-M6/HC/2016/COLOR/Robust marks/03.08-11.50/IMG_1199.JPG,IMG_1199.JPG,BDF10-M6_2016_201603081150_IMG_1199.jpg,0.9326463937759399,771.201171875,318.03076171875,391.4927978515625,789.2626953125,2048,1536,391,789
BDF10-M6,2016,201603081150,HC,1,/Volumes/Seagate Portable Drive/KYLE_AI_DATABASE/A_CAMERA/Focal_species/Gulo gulo/BDF10-M6/HC/2016/COLOR/Robust marks/03.08-11.50/IMG_1200.JPG,IMG_1200.JPG,BDF10-M6_2016_201603081150_IMG_1200.jpg,0.920386016368866,778.1947021484375,309.8606872558594,370.4906005859375,870.2198486328125,2048,1536,370,870
BDF10-M6,2016,201603081150,HC,1,/Volumes/Seagate Portable Drive/KYLE_AI_DATABASE/A_CAMERA/Focal_species/Gulo gulo/BDF10-M6/HC/2016/COLOR/Robust marks/03.08-11.50/IMG_1201.JPG,IMG_1201.JPG,BDF10-M6_2016_201603081150_IMG_1201.jpg,0.8829021453857422,770.294677734375,316.12689208984375,347.7547607421875,813.1177368164062,2048,1536,347,813
BDF10-M6,2016,201603081150,HC,1,/Volumes/Seagate Portable Drive/KYLE_AI_DATABASE/A_CAMERA/Focal_species/Gulo gulo/BDF10-M6/HC/2016/COLOR/Robust marks/03.08-11.50/IMG_1202.JPG,IMG_1202.JPG,BDF10-M6_2016_201603081150_IMG_1202.jpg,0.8811461925506592,781.1270141601562,199.81141662597656,337.94036865234375,911.7867431640625,2048,1536,337,911
BDF10-M6,2016,201603081150,HC,1,/Volumes/Seagate Portable Drive/KYLE_AI_DATABASE/A_CAMERA/Focal_species/Gulo gulo/BDF10-M6/HC/2016/COLOR/Robust marks/03.08-11.50/IMG_1203.JPG,IMG_1203.JPG,BDF10-M6_2016_201603081150_IMG_1203.jpg,0.9148384928703308,773.0963745117188,219.0633087158203,344.22393798828125,879.6510620117188,2048,1536,344,879
BDF10-M6,2016,201603081150,HC,1,/Volumes/Seagate Portable Drive/KYLE_AI_DATABASE/A_CAMERA/Focal_species/Gulo gulo/BDF10-M6/HC/2016/COLOR/Robust marks/03.08-11.50/IMG_1204.JPG,IMG_1204.JPG,BDF10-M6_2016_201603081150_IMG_1204.jpg,0.9196523427963257,774.3358154296875,212.74122619628906,342.53759765625,866.386474609375,2048,1536,342,866
BDF10-M6,2016,201603081150,HC,1,/Volumes/Seagate Portable Drive/KYLE_AI_DATABASE/A_CAMERA/Focal_species/Gulo gulo/BDF10-M6/HC/2016/COLOR/Robust marks/03.08-11.50/IMG_1205.JPG,IMG_1205.JPG,BDF10-M6_2016_201603081150_IMG_1205.jpg,0.9126654863357544,769.4370727539062,293.5036926269531,345.87054443359375,808.885986328125,2048,1536,345,808
BDF10-M6,2016,201603081150,HC,1,/Volumes/Seagate Portable Drive/KYLE_AI_DATABASE/A_CAMERA/Focal_species/Gulo gulo/BDF10-M6/HC/2016/COLOR/Robust marks/03.08-11.50/IMG_1206.JPG,IMG_1206.JPG,BDF10-M6_2016_201603081150_IMG_1206.jpg,0.9442031979560852,771.5829467773438,213.56698608398438,345.10528564453125,878.6397705078125,2048,1536,345,878
BDF10-M6,2016,201603081150,HC,1,/Volumes/Seagate Portable Drive/KYLE_AI_DATABASE/A_CAMERA/Focal_species/Gulo gulo/BDF10-M6/HC/2016/COLOR/Robust marks/03.08-11.50/IMG_1207.JPG,IMG_1207.JPG,BDF10-M6_2016_201603081150_IMG_1207.jpg,0.909124493598938,770.8658447265625,230.91224670410156,346.55859375,862.1649169921875,2048,1536,346,862
BDF10-M6,2016,201603081150,HC,1,/Volumes/Seagate Portable Drive/KYLE_AI_DATABASE/A_CAMERA/Focal_species/Gulo gulo/BDF10-M6/HC/2016/COLOR/Robust marks/03.08-11.50/IMG_1208.JPG,IMG_1208.JPG,BDF10-M6_2016_201603081150_IMG_1208.jpg,0.8987565636634827,770.3499145507812,294.018798828125,346.61102294921875,809.5662841796875,2048,1536,346,809
BDF10-M6,2016,201603081150,HC,1,/Volumes/Seagate Portable Drive/KYLE_AI_DATABASE/A_CAMERA/Focal_species/Gulo gulo/BDF10-M6/HC/2016/COLOR/Robust marks/03.08-11.50/IMG_1209.JPG,IMG_1209.JPG,BDF10-M6_2016_201603081150_IMG_1209.jpg,0.9149724245071411,773.79345703125,227.88015747070312,342.3182373046875,877.119873046875,2048,1536,342,877
BDF10-M6,2016,201603081150,HC,1,/Volumes/Seagate Portable Drive/KYLE_AI_DATABASE/A_CAMERA/Focal_species/Gulo gulo/BDF10-M6/HC/2016/COLOR/Robust marks/03.08-11.50/IMG_1210.JPG,IMG_1210.JPG,BDF10-M6_2016_201603081150_IMG_1210.jpg,0.9199841022491455,770.9957275390625,250.1883544921875,348.6212158203125,851.9801025390625,2048,1536,348,851
BDF10-M6,2016,201603081150,HC,1,/Volumes/Seagate Portable Drive/KYLE_AI_DATABASE/A_CAMERA/Focal_species/Gulo gulo/BDF10-M6/HC/2016/COLOR/Robust marks/03.08-11.50/IMG_1211.JPG,IMG_1211.JPG,BDF10-M6_2016_201603081150_IMG_1211.jpg,0.914077877998352,781.65771484375,320.4727478027344,377.1258544921875,770.7781982421875,2048,1536,377,770
BDF10-M6,2016,201603081150,HC,1,/Volumes/Seagate Portable Drive/KYLE_AI_DATABASE/A_CAMERA/Focal_species/Gulo gulo/BDF10-M6/HC/2016/COLOR/Robust marks/03.08-11.50/IMG_1212.JPG,IMG_1212.JPG,BDF10-M6_2016_201603081150_IMG_1212.jpg,0.9107310771942139,786.3511962890625,317.94091796875,372.3785400390625,742.9827880859375,2048,1536,372,742
BDF10-M6,2016,201603081150,HC,1,/Volumes/Seagate Portable Drive/KYLE_AI_DATABASE/A_CAMERA/Focal_species/Gulo gulo/BDF10-M6/HC/2016/COLOR/Robust marks/03.08-11.50/IMG_1213.JPG,IMG_1213.JPG,BDF10-M6_2016_201603081150_IMG_1213.jpg,0.9332308769226074,791.7244873046875,321.43096923828125,367.2718505859375,782.7794799804688,2048,1536,367,782
BDF10-M6,2016,201603081150,HC,1,/Volumes/Seagate Portable Drive/KYLE_AI_DATABASE/A_CAMERA/Focal_species/Gulo gulo/BDF10-M6/HC/2016/COLOR/Robust marks/03.08-11.50/IMG_1214.JPG,IMG_1214.JPG,BDF10-M6_2016_201603081150_IMG_1214.jpg,0.9262773990631104,785.951171875,325.72314453125,370.9071044921875,732.302978515625,2048,1536,370,732
BDF10-M6,2016,201603081150,HC,1,/Volumes/Seagate Portable Drive/KYLE_AI_DATABASE/A_CAMERA/Focal_species/Gulo gulo/BDF10-M6/HC/2016/COLOR/Robust marks/03.08-11.50/IMG_1215.JPG,IMG_1215.JPG,BDF10-M6_2016_201603081150_IMG_1215.jpg,0.938626229763031,776.2735595703125,326.6479797363281,381.4844970703125,779.07373046875,2048,1536,381,779
BDF10-M6,2016,201603081150,HC,1,/Volumes/Seagate Portable Drive/KYLE_AI_DATABASE/A_CAMERA/Focal_species/Gulo gulo/BDF10-M6/HC/2016/COLOR/Robust marks/03.08-11.50/IMG_1216.JPG,IMG_1216.JPG,BDF10-M6_2016_201603081150_IMG_1216.jpg,0.9234237670898438,779.4378051757812,312.45086669921875,351.12628173828125,795.8687133789062,2048,1536,351,795
BDF10-M6,2016,201603081150,HC,1,/Volumes/Seagate Portable Drive/KYLE_AI_DATABASE/A_CAMERA/Focal_species/Gulo gulo/BDF10-M6/HC/2016/COLOR/Robust marks/03.08-11.50/IMG_1217.JPG,IMG_1217.JPG,BDF10-M6_2016_201603081150_IMG_1217.jpg,0.9106563925743103,773.8838500976562,289.23968505859375,344.91131591796875,823.6943969726562,2048,1536,344,823
BDF10-M6,2016,201603081150,HC,1,/Volumes/Seagate Portable Drive/KYLE_AI_DATABASE/A_CAMERA/Focal_species/Gulo gulo/BDF10-M6/HC/2016/COLOR/Robust marks/03.08-11.50/IMG_1218.JPG,IMG_1218.JPG,BDF10-M6_2016_201603081150_IMG_1218.jpg,0.9125953912734985,774.8311157226562,284.65960693359375,349.52166748046875,824.7732543945312,2048,1536,349,824
BDF10-M6,2016,201603081150,HC,1,/Volumes/Seagate Portable Drive/KYLE_AI_DATABASE/A_CAMERA/Focal_species/Gulo gulo/BDF10-M6/HC/2016/COLOR/Robust marks/03.08-11.50/IMG_1219.JPG,IMG_1219.JPG,BDF10-M6_2016_201603081150_IMG_1219.jpg,0.9153985381126404,771.8330078125,316.3774108886719,343.2252197265625,840.901123046875,2048,1536,343,840
BDF10-M6,2016,201603081150,HC,1,/Volumes/Seagate Portable Drive/KYLE_AI_DATABASE/A_CAMERA/Focal_species/Gulo gulo/BDF10-M6/HC/2016/COLOR/Robust marks/03.08-11.50/IMG_1220.JPG,IMG_1220.JPG,BDF10-M6_2016_201603081150_IMG_1220.jpg,0.9291890263557434,770.7965698242188,320.488525390625,342.53167724609375,786.494140625,2048,1536,342,786
BDF10-M6,2016,201603081150,HC,1,/Volumes/Seagate Portable Drive/KYLE_AI_DATABASE/A_CAMERA/Focal_species/Gulo gulo/BDF10-M6/HC/2016/COLOR/Robust marks/03.08-11.50/IMG_1221.JPG,IMG_1221.JPG,BDF10-M6_2016_201603081150_IMG_1221.jpg,0.9110692143440247,773.9315795898438,301.20654296875,379.71942138671875,799.65087890625,2048,1536,379,799
BDF10-M6,2016,201603081150,HC,1,/Volumes/Seagate Portable Drive/KYLE_AI_DATABASE/A_CAMERA/Focal_species/Gulo gulo/BDF10-M6/HC/2016/COLOR/Robust marks/03.08-11.50/IMG_1222.JPG,IMG_1222.JPG,BDF10-M6_2016_201603081150_IMG_1222.jpg,0.9333873391151428,773.06396484375,318.503173828125,343.800048828125,829.7291259765625,2048,1536,343,829
BDF10-M6,2016,201603081150,HC,1,/Volumes/Seagate Portable Drive/KYLE_AI_DATABASE/A_CAMERA/Focal_species/Gulo gulo/BDF10-M6/HC/2016/COLOR/Robust marks/03.08-11.50/IMG_1223.JPG,IMG_1223.JPG,BDF10-M6_2016_201603081150_IMG_1223.jpg,0.9173711538314819,785.6417846679688,314.4146728515625,365.52667236328125,803.8812255859375,2048,1536,365,803
BDF10-M6,2016,201603081150,HC,1,/Volumes/Seagate Portable Drive/KYLE_AI_DATABASE/A_CAMERA/Focal_species/Gulo gulo/BDF10-M6/HC/2016/COLOR/Robust marks/03.08-11.50/IMG_1224.JPG,IMG_1224.JPG,BDF10-M6_2016_201603081150_IMG_1224.jpg,0.9052366614341736,787.7359619140625,302.8905944824219,368.41357421875,841.282470703125,2048,1536,368,841
BDF10-M6,2016,201603081150,HC,1,/Volumes/Seagate Portable Drive/KYLE_AI_DATABASE/A_CAMERA/Focal_species/Gulo gulo/BDF10-M6/HC/2016/COLOR/Robust marks/03.08-11.50/IMG_1225.JPG,IMG_1225.JPG,BDF10-M6_2016_201603081150_IMG_1225.jpg,0.8914938569068909,790.791259765625,293.25177001953125,366.376953125,832.5579223632812,2048,1536,366,832
BDF10-M6,2016,201603081150,HC,1,/Volumes/Seagate Portable Drive/KYLE_AI_DATABASE/A_CAMERA/Focal_species/Gulo gulo/BDF10-M6/HC/2016/COLOR/Robust marks/03.08-11.50/IMG_1226.JPG,IMG_1226.JPG,BDF10-M6_2016_201603081150_IMG_1226.jpg,0.9220805764198303,792.39599609375,326.7384338378906,365.79150390625,816.0535888671875,2048,1536,365,816
BDF10-M6,2016,201603081150,HC,1,/Volumes/Seagate Portable Drive/KYLE_AI_DATABASE/A_CAMERA/Focal_species/Gulo gulo/BDF10-M6/HC/2016/COLOR/Robust marks/03.08-11.50/IMG_1227.JPG,IMG_1227.JPG,BDF10-M6_2016_201603081150_IMG_1227.jpg,0.9434258937835693,782.8396606445312,315.0797119140625,374.40850830078125,898.5482177734375,2048,1536,374,898
BDF10-M6,2016,201603081150,HC,1,/Volumes/Seagate Portable Drive/KYLE_AI_DATABASE/A_CAMERA/Focal_species/Gulo gulo/BDF10-M6/HC/2016/COLOR/Robust marks/03.08-11.50/IMG_1228.JPG,IMG_1228.JPG,BDF10-M6_2016_201603081150_IMG_1228.jpg,0.8743138909339905,786.2423095703125,298.6624755859375,426.0084228515625,837.4036865234375,2048,1536,426,837
BDF10-M6,2016,201603081150,HC,1,/Volumes/Seagate Portable Drive/KYLE_AI_DATABASE/A_CAMERA/Focal_species/Gulo gulo/BDF10-M6/HC/2016/COLOR/Robust marks/03.08-11.50/IMG_1229.JPG,IMG_1229.JPG,BDF10-M6_2016_201603081150_IMG_1229.jpg,0.9058772325515747,777.925048828125,276.6807861328125,353.3023681640625,860.736328125,2048,1536,353,860
BDF10-M6,2016,201603081150,HC,1,/Volumes/Seagate Portable Drive/KYLE_AI_DATABASE/A_CAMERA/Focal_species/Gulo gulo/BDF10-M6/HC/2016/COLOR/Robust marks/03.08-11.50/IMG_1230.JPG,IMG_1230.JPG,BDF10-M6_2016_201603081150_IMG_1230.jpg,0.915845513343811,784.36474609375,313.20196533203125,374.7197265625,798.0324096679688,2048,1536,374,798
BDF10-M6,2016,201603081150,HC,1,/Volumes/Seagate Portable Drive/KYLE_AI_DATABASE/A_CAMERA/Focal_species/Gulo gulo/BDF10-M6/HC/2016/COLOR/Robust marks/03.08-11.50/IMG_1231.JPG,IMG_1231.JPG,BDF10-M6_2016_201603081150_IMG_1231.jpg,0.9262934327125549,800.5143432617188,307.6236877441406,338.35736083984375,804.7161865234375,2048,1536,338,804
BDF10-M6,2016,201603081150,HC,1,/Volumes/Seagate Portable Drive/KYLE_AI_DATABASE/A_CAMERA/Focal_species/Gulo gulo/BDF10-M6/HC/2016/COLOR/Robust marks/03.08-11.50/IMG_1232.JPG,IMG_1232.JPG,BDF10-M6_2016_201603081150_IMG_1232.jpg,0.9244410395622253,800.0877685546875,315.208740234375,338.1427001953125,819.713623046875,2048,1536,338,819
BDF10-M6,2016,201603081150,HC,1,/Volumes/Seagate Portable Drive/KYLE_AI_DATABASE/A_CAMERA/Focal_species/Gulo gulo/BDF10-M6/HC/2016/COLOR/Robust marks/03.08-11.50/IMG_1233.JPG,IMG_1233.JPG,BDF10-M6_2016_201603081150_IMG_1233.jpg,0.9191442728042603,787.540283203125,282.2294921875,339.3876953125,839.1146240234375,2048,1536,339,839
BDF10-M6,2016,201603081150,HC,1,/Volumes/Seagate Portable Drive/KYLE_AI_DATABASE/A_CAMERA/Focal_species/Gulo gulo/BDF10-M6/HC/2016/COLOR/Robust marks/03.08-11.50/IMG_1234.JPG,IMG_1234.JPG,BDF10-M6_2016_201603081150_IMG_1234.jpg,0.9141446352005005,790.2420654296875,302.99713134765625,329.47802734375,824.1290893554688,2048,1536,329,824
BDF10-M6,2016,201603081150,HC,1,/Volumes/Seagate Portable Drive/KYLE_AI_DATABASE/A_CAMERA/Focal_species/Gulo gulo/BDF10-M6/HC/2016/COLOR/Robust marks/03.08-11.50/IMG_1235.JPG,IMG_1235.JPG,BDF10-M6_2016_201603081150_IMG_1235.jpg,0.9218615293502808,784.6911010742188,322.15301513671875,333.71270751953125,794.2532348632812,2048,1536,333,794
BDF10-M6,2016,201603081150,HC,1,/Volumes/Seagate Portable Drive/KYLE_AI_DATABASE/A_CAMERA/Focal_species/Gulo gulo/BDF10-M6/HC/2016/COLOR/Robust marks/03.08-11.50/IMG_1236.JPG,IMG_1236.JPG,BDF10-M6_2016_201603081150_IMG_1236.jpg,0.9024602174758911,787.802001953125,295.294677734375,344.246337890625,814.0069580078125,2048,1536,344,814
BDF10-M6,2016,201603081150,HC,1,/Volumes/Seagate Portable Drive/KYLE_AI_DATABASE/A_CAMERA/Focal_species/Gulo gulo/BDF10-M6/HC/2016/COLOR/Robust marks/03.08-11.50/IMG_1237.JPG,IMG_1237.JPG,BDF10-M6_2016_201603081150_IMG_1237.jpg,0.8870794177055359,784.22119140625,242.0727081298828,372.8143310546875,877.4180297851562,2048,1536,372,877
BDF10-M6,2016,201603081150,HC,1,/Volumes/Seagate Portable Drive/KYLE_AI_DATABASE/A_CAMERA/Focal_species/Gulo gulo/BDF10-M6/HC/2016/COLOR/Robust marks/03.08-11.50/IMG_1238.JPG,IMG_1238.JPG,BDF10-M6_2016_201603081150_IMG_1238.jpg,0.9307020902633667,762.2247314453125,310.0611877441406,352.15771484375,795.0230712890625,2048,1536,352,795
BDF10-M6,2016,201603081150,HC,1,/Volumes/Seagate Portable Drive/KYLE_AI_DATABASE/A_CAMERA/Focal_species/Gulo gulo/BDF10-M6/HC/2016/COLOR/Robust marks/03.08-11.50/IMG_1239.JPG,IMG_1239.JPG,BDF10-M6_2016_201603081150_IMG_1239.jpg,0.9066140651702881,776.531005859375,314.8664245605469,342.1324462890625,783.2802734375,2048,1536,342,783
BDF10-M6,2016,201603081150,HC,1,/Volumes/Seagate Portable Drive/KYLE_AI_DATABASE/A_CAMERA/Focal_species/Gulo gulo/BDF10-M6/HC/2016/COLOR/Robust marks/03.08-11.50/IMG_1240.JPG,IMG_1240.JPG,BDF10-M6_2016_201603081150_IMG_1240.jpg,0.938599169254303,788.9053955078125,324.34356689453125,323.949462890625,746.1017456054688,2048,1536,323,746
BDF10-M6,2016,201603081150,HC,1,/Volumes/Seagate Portable Drive/KYLE_AI_DATABASE/A_CAMERA/Focal_species/Gulo gulo/BDF10-M6/HC/2016/COLOR/Robust marks/03.08-11.50/IMG_1241.JPG,IMG_1241.JPG,BDF10-M6_2016_201603081150_IMG_1241.jpg,0.9096971750259399,793.0667724609375,325.8628234863281,323.989990234375,794.564697265625,2048,1536,323,794
BDF10-M6,2016,201603081150,HC,1,/Volumes/Seagate Portable Drive/KYLE_AI_DATABASE/A_CAMERA/Focal_species/Gulo gulo/BDF10-M6/HC/2016/COLOR/Robust marks/03.08-11.50/IMG_1242.JPG,IMG_1242.JPG,BDF10-M6_2016_201603081150_IMG_1242.jpg,0.9160974621772766,795.6512451171875,312.0129089355469,340.0858154296875,856.130126953125,2048,1536,340,856
BDF10-M6,2016,201603081150,HC,1,/Volumes/Seagate Portable Drive/KYLE_AI_DATABASE/A_CAMERA/Focal_species/Gulo gulo/BDF10-M6/HC/2016/COLOR/Robust marks/03.08-11.50/IMG_1243.JPG,IMG_1243.JPG,BDF10-M6_2016_201603081150_IMG_1243.jpg,0.9145955443382263,799.490478515625,652.554931640625,358.5430908203125,461.782958984375,2048,1536,358,461
BDF10-M6,2016,201603081150,HC,1,/Volumes/Seagate Portable Drive/KYLE_AI_DATABASE/A_CAMERA/Focal_species/Gulo gulo/BDF10-M6/HC/2016/COLOR/Robust marks/03.08-11.50/IMG_1244.JPG,IMG_1244.JPG,BDF10-M6_2016_201603081150_IMG_1244.jpg,0.9377939105033875,799.287353515625,675.7403564453125,358.5029296875,475.57470703125,2048,1536,358,475
BDF10-M6,2016,201603081150,HC,1,/Volumes/Seagate Portable Drive/KYLE_AI_DATABASE/A_CAMERA/Focal_species/Gulo gulo/BDF10-M6/HC/2016/COLOR/Robust marks/03.08-11.50/IMG_1245.JPG,IMG_1245.JPG,BDF10-M6_2016_201603081150_IMG_1245.jpg,0.9489778280258179,781.3848266601562,724.4965209960938,352.22003173828125,530.3812866210938,2048,1536,352,530
BDF10-M6,2016,201603081150,HC,1,/Volumes/Seagate Portable Drive/KYLE_AI_DATABASE/A_CAMERA/Focal_species/Gulo gulo/BDF10-M6/HC/2016/COLOR/Robust marks/03.08-11.50/IMG_1246.JPG,IMG_1246.JPG,BDF10-M6_2016_201603081150_IMG_1246.jpg,0.8948071002960205,838.4417724609375,947.3155517578125,487.317138671875,554.4600830078125,2048,1536,487,554
BDF10-M6,2016,201603081150,HC,1,/Volumes/Seagate Portable Drive/KYLE_AI_DATABASE/A_CAMERA/Focal_species/Gulo gulo/BDF10-M6/HC/2016/COLOR/Robust marks/03.08-11.50/IMG_1247.JPG,IMG_1247.JPG,BDF10-M6_2016_201603081150_IMG_1247.jpg,0.9751967191696167,581.4845581054688,859.9187622070312,1033.081787109375,642.1155395507812,2048,1536,1033,642
BDF10-M6,2016,201603081150,HC,1,/Volumes/Seagate Portable Drive/KYLE_AI_DATABASE/A_CAMERA/Focal_species/Gulo gulo/BDF10-M6/HC/2016/COLOR/Robust marks/03.08-11.50/IMG_1248.JPG,IMG_1248.JPG,BDF10-M6_2016_201603081150_IMG_1248.jpg,0.9725462198257446,410.312744140625,818.229248046875,1230.276123046875,684.801025390625,2048,1536,1230,684
BDF10-M6,2016,201603081150,HC,1,/Volumes/Seagate Portable Drive/KYLE_AI_DATABASE/A_CAMERA/Focal_species/Gulo gulo/BDF10-M6/HC/2016/COLOR/Robust marks/03.08-11.50/IMG_1249.JPG,IMG_1249.JPG,BDF10-M6_2016_201603081150_IMG_1249.jpg,0.9724156856536865,460.12835693359375,822.1832885742188,1186.072998046875,680.5720825195312,2048,1536,1186,680
BDF10-M6,2016,201603081150,HC,1,/Volumes/Seagate Portable Drive/KYLE_AI_DATABASE/A_CAMERA/Focal_species/Gulo gulo/BDF10-M6/HC/2016/COLOR/Robust marks/03.08-11.50/IMG_1250.JPG,IMG_1250.JPG,BDF10-M6_2016_201603081150_IMG_1250.jpg,0.9649064540863037,628.59033203125,847.5706787109375,595.8720703125,655.184326171875,2048,1536,595,655
BDF10-M6,2016,201603081150,HC,1,/Volumes/Seagate Portable Drive/KYLE_AI_DATABASE/A_CAMERA/Focal_species/Gulo gulo/BDF10-M6/HC/2016/COLOR/Robust marks/03.08-11.50/IMG_1251.JPG,IMG_1251.JPG,BDF10-M6_2016_201603081150_IMG_1251.jpg,0.9647371768951416,838.271240234375,809.262451171875,1209.12939453125,692.837890625,2048,1536,1209,692
