id,year,ymdh,station,color,original_path,original_filename,crop_filename,confidence,bbox_x,bbox_y,bbox_width,bbox_height,image_width,image_height,crop_width,crop_height
HFW12-F7,2016,201602282014,DM,0,/Volumes/Seagate Portable Drive/KYLE_AI_DATABASE/A_CAMERA/Focal_species/Gulo gulo/HFW12-F7/DM/2016/B&W/Robust marks/02.28-20.14/IMG_2641.JPG,IMG_2641.JPG,HFW12-F7_2016_201602282014_IMG_2641.jpg,0.9331411123275757,481.1188049316406,485.716552734375,416.5561218261719,808.640625,2048,1536,416,808
HFW12-F7,2016,201602282014,DM,0,/Volumes/Seagate Portable Drive/KYLE_AI_DATABASE/A_CAMERA/Focal_species/Gulo gulo/HFW12-F7/DM/2016/B&W/Robust marks/02.28-20.14/IMG_2642.JPG,IMG_2642.JPG,HFW12-F7_2016_201602282014_IMG_2642.jpg,0.864628791809082,527.6989135742188,387.5787048339844,432.24462890625,866.2003173828125,2048,1536,432,866
HFW12-F7,2016,201602282014,DM,0,/Volumes/Seagate Portable Drive/KYLE_AI_DATABASE/A_CAMERA/Focal_species/Gulo gulo/HFW12-F7/DM/2016/B&W/Robust marks/02.28-20.14/IMG_2643.JPG,IMG_2643.JPG,HFW12-F7_2016_201602282014_IMG_2643.jpg,0.8972728252410889,515.9463500976562,385.72119140625,444.532470703125,778.983154296875,2048,1536,444,778
HFW12-F7,2016,201602282014,DM,0,/Volumes/Seagate Portable Drive/KYLE_AI_DATABASE/A_CAMERA/Focal_species/Gulo gulo/HFW12-F7/DM/2016/B&W/Robust marks/02.28-20.14/IMG_2644.JPG,IMG_2644.JPG,HFW12-F7_2016_201602282014_IMG_2644.jpg,0.8805915117263794,502.4622802734375,372.1531677246094,447.4554443359375,807.76220703125,2048,1536,447,807
HFW12-F7,2016,201602282014,DM,0,/Volumes/Seagate Portable Drive/KYLE_AI_DATABASE/A_CAMERA/Focal_species/Gulo gulo/HFW12-F7/DM/2016/B&W/Robust marks/02.28-20.14/IMG_2645.JPG,IMG_2645.JPG,HFW12-F7_2016_201602282014_IMG_2645.jpg,0.8468797206878662,483.0216979980469,368.00982666015625,467.6191711425781,832.4594116210938,2048,1536,467,832
HFW12-F7,2016,201602282014,DM,0,/Volumes/Seagate Portable Drive/KYLE_AI_DATABASE/A_CAMERA/Focal_species/Gulo gulo/HFW12-F7/DM/2016/B&W/Robust marks/02.28-20.14/IMG_2647.JPG,IMG_2647.JPG,HFW12-F7_2016_201602282014_IMG_2647.jpg,0.8788287043571472,411.8801574707031,369.7017517089844,547.436279296875,826.8590087890625,2048,1536,547,826
HFW12-F7,2016,201602282014,DM,0,/Volumes/Seagate Portable Drive/KYLE_AI_DATABASE/A_CAMERA/Focal_species/Gulo gulo/HFW12-F7/DM/2016/B&W/Robust marks/02.28-20.14/IMG_2648.JPG,IMG_2648.JPG,HFW12-F7_2016_201602282014_IMG_2648.jpg,0.8791947364807129,402.9416809082031,374.03509521484375,557.1431884765625,891.8228149414062,2048,1536,557,891
HFW12-F7,2016,201602282014,DM,0,/Volumes/Seagate Portable Drive/KYLE_AI_DATABASE/A_CAMERA/Focal_species/Gulo gulo/HFW12-F7/DM/2016/B&W/Robust marks/02.28-20.14/IMG_2650.JPG,IMG_2650.JPG,HFW12-F7_2016_201602282014_IMG_2650.jpg,0.8177763223648071,432.4008483886719,359.77557373046875,531.7352294921875,846.2651977539062,2048,1536,531,846
HFW12-F7,2016,201602282014,DM,0,/Volumes/Seagate Portable Drive/KYLE_AI_DATABASE/A_CAMERA/Focal_species/Gulo gulo/HFW12-F7/DM/2016/B&W/Robust marks/02.28-20.14/IMG_2651.JPG,IMG_2651.JPG,HFW12-F7_2016_201602282014_IMG_2651.jpg,0.8544626832008362,413.7436828613281,281.9272155761719,515.292236328125,970.2264404296875,2048,1536,515,970
HFW12-F7,2016,201602282014,DM,0,/Volumes/Seagate Portable Drive/KYLE_AI_DATABASE/A_CAMERA/Focal_species/Gulo gulo/HFW12-F7/DM/2016/B&W/Robust marks/02.28-20.14/IMG_2652.JPG,IMG_2652.JPG,HFW12-F7_2016_201602282014_IMG_2652.jpg,0.8264503479003906,467.01214599609375,372.33135986328125,484.3858642578125,795.0381469726562,2048,1536,484,795
HFW12-F7,2016,201602282014,DM,0,/Volumes/Seagate Portable Drive/KYLE_AI_DATABASE/A_CAMERA/Focal_species/Gulo gulo/HFW12-F7/DM/2016/B&W/Robust marks/02.28-20.14/IMG_2653.JPG,IMG_2653.JPG,HFW12-F7_2016_201602282014_IMG_2653.jpg,0.8179748058319092,469.182373046875,385.5382080078125,454.7271728515625,778.8790283203125,2048,1536,454,778
HFW12-F7,2016,201602282014,DM,0,/Volumes/Seagate Portable Drive/KYLE_AI_DATABASE/A_CAMERA/Focal_species/Gulo gulo/HFW12-F7/DM/2016/B&W/Robust marks/02.28-20.14/IMG_2654.JPG,IMG_2654.JPG,HFW12-F7_2016_201602282014_IMG_2654.jpg,0.8051934838294983,464.0127868652344,387.9649658203125,474.2333068847656,796.63916015625,2048,1536,474,796
HFW12-F7,2016,201602282014,DM,0,/Volumes/Seagate Portable Drive/KYLE_AI_DATABASE/A_CAMERA/Focal_species/Gulo gulo/HFW12-F7/DM/2016/B&W/Robust marks/02.28-20.14/IMG_2656.JPG,IMG_2656.JPG,HFW12-F7_2016_201602282014_IMG_2656.jpg,0.897589921951294,458.88494873046875,372.406494140625,466.12890625,774.436279296875,2048,1536,466,774
HFW12-F7,2016,201602282014,DM,0,/Volumes/Seagate Portable Drive/KYLE_AI_DATABASE/A_CAMERA/Focal_species/Gulo gulo/HFW12-F7/DM/2016/B&W/Robust marks/02.28-20.14/IMG_2657.JPG,IMG_2657.JPG,HFW12-F7_2016_201602282014_IMG_2657.jpg,0.8072895407676697,443.05987548828125,358.8626708984375,484.449462890625,849.1005859375,2048,1536,484,849
HFW12-F7,2016,201602282014,DM,0,/Volumes/Seagate Portable Drive/KYLE_AI_DATABASE/A_CAMERA/Focal_species/Gulo gulo/HFW12-F7/DM/2016/B&W/Robust marks/02.28-20.14/IMG_2658.JPG,IMG_2658.JPG,HFW12-F7_2016_201602282014_IMG_2658.jpg,0.8664053082466125,446.3349609375,375.757568359375,478.9056396484375,832.1767578125,2048,1536,478,832
HFW12-F7,2016,201602282014,DM,0,/Volumes/Seagate Portable Drive/KYLE_AI_DATABASE/A_CAMERA/Focal_species/Gulo gulo/HFW12-F7/DM/2016/B&W/Robust marks/02.28-20.14/IMG_2659.JPG,IMG_2659.JPG,HFW12-F7_2016_201602282014_IMG_2659.jpg,0.8510655760765076,451.2845153808594,376.8463134765625,475.1103820800781,818.0205078125,2048,1536,475,818
HFW12-F7,2016,201602282014,DM,0,/Volumes/Seagate Portable Drive/KYLE_AI_DATABASE/A_CAMERA/Focal_species/Gulo gulo/HFW12-F7/DM/2016/B&W/Robust marks/02.28-20.14/IMG_2660.JPG,IMG_2660.JPG,HFW12-F7_2016_201602282014_IMG_2660.jpg,0.8433851599693298,450.53973388671875,219.19322204589844,455.7496337890625,962.3197021484375,2048,1536,455,962
HFW12-F7,2016,201602282014,DM,0,/Volumes/Seagate Portable Drive/KYLE_AI_DATABASE/A_CAMERA/Focal_species/Gulo gulo/HFW12-F7/DM/2016/B&W/Robust marks/02.28-20.14/IMG_2661.JPG,IMG_2661.JPG,HFW12-F7_2016_201602282014_IMG_2661.jpg,0.8866868019104004,402.4285583496094,391.0987548828125,447.3491516113281,877.9990234375,2048,1536,447,877
HFW12-F7,2016,201602282014,DM,0,/Volumes/Seagate Portable Drive/KYLE_AI_DATABASE/A_CAMERA/Focal_species/Gulo gulo/HFW12-F7/DM/2016/B&W/Robust marks/02.28-20.14/IMG_2662.JPG,IMG_2662.JPG,HFW12-F7_2016_201602282014_IMG_2662.jpg,0.900952160358429,397.6334228515625,261.4584045410156,459.5372314453125,967.931640625,2048,1536,459,967
HFW12-F7,2016,201602282014,DM,0,/Volumes/Seagate Portable Drive/KYLE_AI_DATABASE/A_CAMERA/Focal_species/Gulo gulo/HFW12-F7/DM/2016/B&W/Robust marks/02.28-20.14/IMG_2663.JPG,IMG_2663.JPG,HFW12-F7_2016_201602282014_IMG_2663.jpg,0.9076056480407715,410.275146484375,364.7022399902344,469.9625244140625,866.3837890625,2048,1536,469,866
HFW12-F7,2016,201602282014,DM,0,/Volumes/Seagate Portable Drive/KYLE_AI_DATABASE/A_CAMERA/Focal_species/Gulo gulo/HFW12-F7/DM/2016/B&W/Robust marks/02.28-20.14/IMG_2664.JPG,IMG_2664.JPG,HFW12-F7_2016_201602282014_IMG_2664.jpg,0.8661726117134094,404.4967041015625,263.45623779296875,490.919189453125,1104.721923828125,2048,1536,490,1104
HFW12-F7,2016,201602282014,DM,0,/Volumes/Seagate Portable Drive/KYLE_AI_DATABASE/A_CAMERA/Focal_species/Gulo gulo/HFW12-F7/DM/2016/B&W/Robust marks/02.28-20.14/IMG_2665.JPG,IMG_2665.JPG,HFW12-F7_2016_201602282014_IMG_2665.jpg,0.8771622776985168,432.0668029785156,297.0631103515625,444.5773620605469,910.1083984375,2048,1536,444,910
HFW12-F7,2016,201602282014,DM,0,/Volumes/Seagate Portable Drive/KYLE_AI_DATABASE/A_CAMERA/Focal_species/Gulo gulo/HFW12-F7/DM/2016/B&W/Robust marks/02.28-20.14/IMG_2666.JPG,IMG_2666.JPG,HFW12-F7_2016_201602282014_IMG_2666.jpg,0.8970341682434082,401.68695068359375,311.6336975097656,481.243896484375,1060.8955078125,2048,1536,481,1060
HFW12-F7,2016,201602282014,DM,0,/Volumes/Seagate Portable Drive/KYLE_AI_DATABASE/A_CAMERA/Focal_species/Gulo gulo/HFW12-F7/DM/2016/B&W/Robust marks/02.28-20.14/IMG_2667.JPG,IMG_2667.JPG,HFW12-F7_2016_201602282014_IMG_2667.jpg,0.8833644986152649,416.8577575683594,285.4737548828125,470.6993713378906,946.9791259765625,2048,1536,470,946
HFW12-F7,2016,201602282014,DM,0,/Volumes/Seagate Portable Drive/KYLE_AI_DATABASE/A_CAMERA/Focal_species/Gulo gulo/HFW12-F7/DM/2016/B&W/Robust marks/02.28-20.14/IMG_2668.JPG,IMG_2668.JPG,HFW12-F7_2016_201602282014_IMG_2668.jpg,0.8936151266098022,416.5438232421875,277.338134765625,465.5321044921875,942.6534423828125,2048,1536,465,942
HFW12-F7,2016,201602282014,DM,0,/Volumes/Seagate Portable Drive/KYLE_AI_DATABASE/A_CAMERA/Focal_species/Gulo gulo/HFW12-F7/DM/2016/B&W/Robust marks/02.28-20.14/IMG_2669.JPG,IMG_2669.JPG,HFW12-F7_2016_201602282014_IMG_2669.jpg,0.8815793991088867,427.27703857421875,295.7705383300781,443.39111328125,956.8050537109375,2048,1536,443,956
HFW12-F7,2016,201602282014,DM,0,/Volumes/Seagate Portable Drive/KYLE_AI_DATABASE/A_CAMERA/Focal_species/Gulo gulo/HFW12-F7/DM/2016/B&W/Robust marks/02.28-20.14/IMG_2670.JPG,IMG_2670.JPG,HFW12-F7_2016_201602282014_IMG_2670.jpg,0.9020929336547852,413.0707702636719,286.603515625,471.8592834472656,955.696533203125,2048,1536,471,955
HFW12-F7,2016,201602282014,DM,0,/Volumes/Seagate Portable Drive/KYLE_AI_DATABASE/A_CAMERA/Focal_species/Gulo gulo/HFW12-F7/DM/2016/B&W/Robust marks/02.28-20.14/IMG_2671.JPG,IMG_2671.JPG,HFW12-F7_2016_201602282014_IMG_2671.jpg,0.882286787033081,424.9752197265625,382.67681884765625,462.0579833984375,850.1264038085938,2048,1536,462,850
HFW12-F7,2016,201602282014,DM,0,/Volumes/Seagate Portable Drive/KYLE_AI_DATABASE/A_CAMERA/Focal_species/Gulo gulo/HFW12-F7/DM/2016/B&W/Robust marks/02.28-20.14/IMG_2672.JPG,IMG_2672.JPG,HFW12-F7_2016_201602282014_IMG_2672.jpg,0.8317638635635376,398.65557861328125,362.071533203125,457.9595947265625,884.957763671875,2048,1536,457,884
HFW12-F7,2016,201602282014,DM,0,/Volumes/Seagate Portable Drive/KYLE_AI_DATABASE/A_CAMERA/Focal_species/Gulo gulo/HFW12-F7/DM/2016/B&W/Robust marks/02.28-20.14/IMG_2673.JPG,IMG_2673.JPG,HFW12-F7_2016_201602282014_IMG_2673.jpg,0.8087307810783386,435.1109619140625,214.08883666992188,444.0550537109375,994.2896728515625,2048,1536,444,994
HFW12-F7,2016,201602282014,DM,0,/Volumes/Seagate Portable Drive/KYLE_AI_DATABASE/A_CAMERA/Focal_species/Gulo gulo/HFW12-F7/DM/2016/B&W/Robust marks/02.28-20.14/IMG_2674.JPG,IMG_2674.JPG,HFW12-F7_2016_201602282014_IMG_2674.jpg,0.8698392510414124,429.3978271484375,373.6229553222656,454.1297607421875,831.996337890625,2048,1536,454,831
HFW12-F7,2016,201602282014,DM,0,/Volumes/Seagate Portable Drive/KYLE_AI_DATABASE/A_CAMERA/Focal_species/Gulo gulo/HFW12-F7/DM/2016/B&W/Robust marks/02.28-20.14/IMG_2675.JPG,IMG_2675.JPG,HFW12-F7_2016_201602282014_IMG_2675.jpg,0.8796499967575073,437.03033447265625,365.20892333984375,427.2547607421875,858.3379516601562,2048,1536,427,858
HFW12-F7,2016,201602282014,DM,0,/Volumes/Seagate Portable Drive/KYLE_AI_DATABASE/A_CAMERA/Focal_species/Gulo gulo/HFW12-F7/DM/2016/B&W/Robust marks/02.28-20.14/IMG_2677.JPG,IMG_2677.JPG,HFW12-F7_2016_201602282014_IMG_2677.jpg,0.8560531735420227,431.93267822265625,339.4251708984375,433.960693359375,872.895263671875,2048,1536,433,872
HFW12-F7,2016,201602282014,DM,0,/Volumes/Seagate Portable Drive/KYLE_AI_DATABASE/A_CAMERA/Focal_species/Gulo gulo/HFW12-F7/DM/2016/B&W/Robust marks/02.28-20.14/IMG_2678.JPG,IMG_2678.JPG,HFW12-F7_2016_201602282014_IMG_2678.jpg,0.8762621879577637,434.0705871582031,220.65321350097656,454.4787292480469,1000.9014892578125,2048,1536,454,1000
HFW12-F7,2016,201602282014,DM,0,/Volumes/Seagate Portable Drive/KYLE_AI_DATABASE/A_CAMERA/Focal_species/Gulo gulo/HFW12-F7/DM/2016/B&W/Robust marks/02.28-20.14/IMG_2679.JPG,IMG_2679.JPG,HFW12-F7_2016_201602282014_IMG_2679.jpg,0.8459738492965698,431.007080078125,363.6195068359375,458.2266845703125,849.6993408203125,2048,1536,458,849
HFW12-F7,2016,201602282014,DM,0,/Volumes/Seagate Portable Drive/KYLE_AI_DATABASE/A_CAMERA/Focal_species/Gulo gulo/HFW12-F7/DM/2016/B&W/Robust marks/02.28-20.14/IMG_2680.JPG,IMG_2680.JPG,HFW12-F7_2016_201602282014_IMG_2680.jpg,0.850347101688385,428.6637268066406,379.9678955078125,439.4200134277344,844.0430908203125,2048,1536,439,844
HFW12-F7,2016,201602282014,DM,0,/Volumes/Seagate Portable Drive/KYLE_AI_DATABASE/A_CAMERA/Focal_species/Gulo gulo/HFW12-F7/DM/2016/B&W/Robust marks/02.28-20.14/IMG_2681.JPG,IMG_2681.JPG,HFW12-F7_2016_201602282014_IMG_2681.jpg,0.8295077085494995,439.9156799316406,355.3662109375,447.0319519042969,875.58984375,2048,1536,447,875
HFW12-F7,2016,201602282014,DM,0,/Volumes/Seagate Portable Drive/KYLE_AI_DATABASE/A_CAMERA/Focal_species/Gulo gulo/HFW12-F7/DM/2016/B&W/Robust marks/02.28-20.14/IMG_2682.JPG,IMG_2682.JPG,HFW12-F7_2016_201602282014_IMG_2682.jpg,0.8762969970703125,435.15460205078125,368.55841064453125,445.74072265625,836.0210571289062,2048,1536,445,836
HFW12-F7,2016,201602282014,DM,0,/Volumes/Seagate Portable Drive/KYLE_AI_DATABASE/A_CAMERA/Focal_species/Gulo gulo/HFW12-F7/DM/2016/B&W/Robust marks/02.28-20.14/IMG_2683.JPG,IMG_2683.JPG,HFW12-F7_2016_201602282014_IMG_2683.jpg,0.8549616932868958,459.1851501464844,358.68255615234375,431.9156799316406,826.9024047851562,2048,1536,431,826
HFW12-F7,2016,201602282014,DM,0,/Volumes/Seagate Portable Drive/KYLE_AI_DATABASE/A_CAMERA/Focal_species/Gulo gulo/HFW12-F7/DM/2016/B&W/Robust marks/02.28-20.14/IMG_2684.JPG,IMG_2684.JPG,HFW12-F7_2016_201602282014_IMG_2684.jpg,0.8607272505760193,446.79119873046875,368.39190673828125,437.919677734375,818.5303344726562,2048,1536,437,818
HFW12-F7,2016,201602282014,DM,0,/Volumes/Seagate Portable Drive/KYLE_AI_DATABASE/A_CAMERA/Focal_species/Gulo gulo/HFW12-F7/DM/2016/B&W/Robust marks/02.28-20.14/IMG_2685.JPG,IMG_2685.JPG,HFW12-F7_2016_201602282014_IMG_2685.jpg,0.8757227063179016,463.1398010253906,389.5154113769531,424.5428161621094,793.204345703125,2048,1536,424,793
HFW12-F7,2016,201602282014,DM,0,/Volumes/Seagate Portable Drive/KYLE_AI_DATABASE/A_CAMERA/Focal_species/Gulo gulo/HFW12-F7/DM/2016/B&W/Robust marks/02.28-20.14/IMG_2687.JPG,IMG_2687.JPG,HFW12-F7_2016_201602282014_IMG_2687.jpg,0.8224223256111145,448.56781005859375,354.64886474609375,445.99365234375,915.1035766601562,2048,1536,445,915
HFW12-F7,2016,201602282014,DM,0,/Volumes/Seagate Portable Drive/KYLE_AI_DATABASE/A_CAMERA/Focal_species/Gulo gulo/HFW12-F7/DM/2016/B&W/Robust marks/02.28-20.14/IMG_2688.JPG,IMG_2688.JPG,HFW12-F7_2016_201602282014_IMG_2688.jpg,0.88445645570755,439.06878662109375,369.3759765625,438.17919921875,842.7415771484375,2048,1536,438,842
HFW12-F7,2016,201602282014,DM,0,/Volumes/Seagate Portable Drive/KYLE_AI_DATABASE/A_CAMERA/Focal_species/Gulo gulo/HFW12-F7/DM/2016/B&W/Robust marks/02.28-20.14/IMG_2689.JPG,IMG_2689.JPG,HFW12-F7_2016_201602282014_IMG_2689.jpg,0.8939913511276245,447.839111328125,371.3077697753906,444.7767333984375,856.638427734375,2048,1536,444,856
HFW12-F7,2016,201602282014,DM,0,/Volumes/Seagate Portable Drive/KYLE_AI_DATABASE/A_CAMERA/Focal_species/Gulo gulo/HFW12-F7/DM/2016/B&W/Robust marks/02.28-20.14/IMG_2690.JPG,IMG_2690.JPG,HFW12-F7_2016_201602282014_IMG_2690.jpg,0.9115222692489624,448.7109069824219,358.0472412109375,430.7403869628906,839.8260498046875,2048,1536,430,839
HFW12-F7,2016,201602282014,DM,0,/Volumes/Seagate Portable Drive/KYLE_AI_DATABASE/A_CAMERA/Focal_species/Gulo gulo/HFW12-F7/DM/2016/B&W/Robust marks/02.28-20.14/IMG_2691.JPG,IMG_2691.JPG,HFW12-F7_2016_201602282014_IMG_2691.jpg,0.931964635848999,422.180419921875,380.544189453125,445.71728515625,841.68603515625,2048,1536,445,841
HFW12-F7,2016,201602282014,DM,0,/Volumes/Seagate Portable Drive/KYLE_AI_DATABASE/A_CAMERA/Focal_species/Gulo gulo/HFW12-F7/DM/2016/B&W/Robust marks/02.28-20.14/IMG_2692.JPG,IMG_2692.JPG,HFW12-F7_2016_201602282014_IMG_2692.jpg,0.8908264636993408,447.7996520996094,387.4078369140625,444.8003234863281,851.0296630859375,2048,1536,444,851
HFW12-F7,2016,201602282014,DM,0,/Volumes/Seagate Portable Drive/KYLE_AI_DATABASE/A_CAMERA/Focal_species/Gulo gulo/HFW12-F7/DM/2016/B&W/Robust marks/02.28-20.14/IMG_2693.JPG,IMG_2693.JPG,HFW12-F7_2016_201602282014_IMG_2693.jpg,0.8263317942619324,445.89764404296875,367.9747009277344,480.0238037109375,809.9671630859375,2048,1536,480,809
HFW12-F7,2016,201602282014,DM,0,/Volumes/Seagate Portable Drive/KYLE_AI_DATABASE/A_CAMERA/Focal_species/Gulo gulo/HFW12-F7/DM/2016/B&W/Robust marks/02.28-20.14/IMG_2694.JPG,IMG_2694.JPG,HFW12-F7_2016_201602282014_IMG_2694.jpg,0.9036621451377869,434.07879638671875,364.86346435546875,476.6156005859375,836.4546508789062,2048,1536,476,836
HFW12-F7,2016,201602282014,DM,0,/Volumes/Seagate Portable Drive/KYLE_AI_DATABASE/A_CAMERA/Focal_species/Gulo gulo/HFW12-F7/DM/2016/B&W/Robust marks/02.28-20.14/IMG_2696.JPG,IMG_2696.JPG,HFW12-F7_2016_201602282014_IMG_2696.jpg,0.8500488996505737,465.33953857421875,38.83186340332031,448.160400390625,1127.89453125,2048,1536,448,1127
HFW12-F7,2016,201602282014,DM,0,/Volumes/Seagate Portable Drive/KYLE_AI_DATABASE/A_CAMERA/Focal_species/Gulo gulo/HFW12-F7/DM/2016/B&W/Robust marks/02.28-20.14/IMG_2697.JPG,IMG_2697.JPG,HFW12-F7_2016_201602282014_IMG_2697.jpg,0.9104389548301697,422.6048583984375,370.6748046875,462.734619140625,850.2333984375,2048,1536,462,850
HFW12-F7,2016,201602282014,DM,0,/Volumes/Seagate Portable Drive/KYLE_AI_DATABASE/A_CAMERA/Focal_species/Gulo gulo/HFW12-F7/DM/2016/B&W/Robust marks/02.28-20.14/IMG_2698.JPG,IMG_2698.JPG,HFW12-F7_2016_201602282014_IMG_2698.jpg,0.8860222697257996,435.24676513671875,368.3275451660156,469.86572265625,838.8250732421875,2048,1536,469,838
HFW12-F7,2016,201602282014,DM,0,/Volumes/Seagate Portable Drive/KYLE_AI_DATABASE/A_CAMERA/Focal_species/Gulo gulo/HFW12-F7/DM/2016/B&W/Robust marks/02.28-20.14/IMG_2699.JPG,IMG_2699.JPG,HFW12-F7_2016_201602282014_IMG_2699.jpg,0.8455788493156433,454.9061279296875,171.57550048828125,458.612060546875,1004.2798461914062,2048,1536,458,1004
HFW12-F7,2016,201602282014,DM,0,/Volumes/Seagate Portable Drive/KYLE_AI_DATABASE/A_CAMERA/Focal_species/Gulo gulo/HFW12-F7/DM/2016/B&W/Robust marks/02.28-20.14/IMG_2700.JPG,IMG_2700.JPG,HFW12-F7_2016_201602282014_IMG_2700.jpg,0.8563997745513916,441.90643310546875,367.7032470703125,472.7611083984375,779.5340576171875,2048,1536,472,779
HFW12-F7,2016,201602282014,DM,0,/Volumes/Seagate Portable Drive/KYLE_AI_DATABASE/A_CAMERA/Focal_species/Gulo gulo/HFW12-F7/DM/2016/B&W/Robust marks/02.28-20.14/IMG_2701.JPG,IMG_2701.JPG,HFW12-F7_2016_201602282014_IMG_2701.jpg,0.875725507736206,415.04205322265625,238.3472900390625,494.4178466796875,981.76611328125,2048,1536,494,981
HFW12-F7,2016,201602282014,DM,0,/Volumes/Seagate Portable Drive/KYLE_AI_DATABASE/A_CAMERA/Focal_species/Gulo gulo/HFW12-F7/DM/2016/B&W/Robust marks/02.28-20.14/IMG_2702.JPG,IMG_2702.JPG,HFW12-F7_2016_201602282014_IMG_2702.jpg,0.8805072903633118,433.38787841796875,365.71258544921875,485.746826171875,835.9710083007812,2048,1536,485,835
HFW12-F7,2016,201602282014,DM,0,/Volumes/Seagate Portable Drive/KYLE_AI_DATABASE/A_CAMERA/Focal_species/Gulo gulo/HFW12-F7/DM/2016/B&W/Robust marks/02.28-20.14/IMG_2703.JPG,IMG_2703.JPG,HFW12-F7_2016_201602282014_IMG_2703.jpg,0.8635715842247009,433.3591003417969,284.90240478515625,485.2884826660156,920.2240600585938,2048,1536,485,920
HFW12-F7,2016,201602282014,DM,0,/Volumes/Seagate Portable Drive/KYLE_AI_DATABASE/A_CAMERA/Focal_species/Gulo gulo/HFW12-F7/DM/2016/B&W/Robust marks/02.28-20.14/IMG_2704.JPG,IMG_2704.JPG,HFW12-F7_2016_201602282014_IMG_2704.jpg,0.8557119965553284,428.6749267578125,373.37945556640625,485.331787109375,834.2933959960938,2048,1536,485,834
HFW12-F7,2016,201602282014,DM,0,/Volumes/Seagate Portable Drive/KYLE_AI_DATABASE/A_CAMERA/Focal_species/Gulo gulo/HFW12-F7/DM/2016/B&W/Robust marks/02.28-20.14/IMG_2705.JPG,IMG_2705.JPG,HFW12-F7_2016_201602282014_IMG_2705.jpg,0.856978714466095,445.0447692871094,367.8789367675781,472.5289611816406,776.4012451171875,2048,1536,472,776
HFW12-F7,2016,201602282014,DM,0,/Volumes/Seagate Portable Drive/KYLE_AI_DATABASE/A_CAMERA/Focal_species/Gulo gulo/HFW12-F7/DM/2016/B&W/Robust marks/02.28-20.14/IMG_2706.JPG,IMG_2706.JPG,HFW12-F7_2016_201602282014_IMG_2706.jpg,0.8945503830909729,457.12628173828125,292.2230224609375,458.5531005859375,909.2357177734375,2048,1536,458,909
HFW12-F7,2016,201602282014,DM,0,/Volumes/Seagate Portable Drive/KYLE_AI_DATABASE/A_CAMERA/Focal_species/Gulo gulo/HFW12-F7/DM/2016/B&W/Robust marks/02.28-20.14/IMG_2707.JPG,IMG_2707.JPG,HFW12-F7_2016_201602282014_IMG_2707.jpg,0.9007338285446167,399.1065673828125,398.5282287597656,470.99951171875,887.01416015625,2048,1536,470,887
HFW12-F7,2016,201602282014,DM,0,/Volumes/Seagate Portable Drive/KYLE_AI_DATABASE/A_CAMERA/Focal_species/Gulo gulo/HFW12-F7/DM/2016/B&W/Robust marks/02.28-20.14/IMG_2708.JPG,IMG_2708.JPG,HFW12-F7_2016_201602282014_IMG_2708.jpg,0.8639823794364929,435.234130859375,355.16748046875,472.669677734375,849.9217529296875,2048,1536,472,849
HFW12-F7,2016,201602282014,DM,0,/Volumes/Seagate Portable Drive/KYLE_AI_DATABASE/A_CAMERA/Focal_species/Gulo gulo/HFW12-F7/DM/2016/B&W/Robust marks/02.28-20.14/IMG_2709.JPG,IMG_2709.JPG,HFW12-F7_2016_201602282014_IMG_2709.jpg,0.9054654836654663,451.302001953125,262.2269287109375,469.677490234375,906.6151123046875,2048,1536,469,906
HFW12-F7,2016,201602282014,DM,0,/Volumes/Seagate Portable Drive/KYLE_AI_DATABASE/A_CAMERA/Focal_species/Gulo gulo/HFW12-F7/DM/2016/B&W/Robust marks/02.28-20.14/IMG_2710.JPG,IMG_2710.JPG,HFW12-F7_2016_201602282014_IMG_2710.jpg,0.9131107926368713,426.05474853515625,346.834716796875,466.11376953125,891.5673828125,2048,1536,466,891
HFW12-F7,2016,201602282014,DM,0,/Volumes/Seagate Portable Drive/KYLE_AI_DATABASE/A_CAMERA/Focal_species/Gulo gulo/HFW12-F7/DM/2016/B&W/Robust marks/02.28-20.14/IMG_2711.JPG,IMG_2711.JPG,HFW12-F7_2016_201602282014_IMG_2711.jpg,0.8762612342834473,418.4705810546875,386.694580078125,480.476318359375,799.89794921875,2048,1536,480,799
HFW12-F7,2016,201602282014,DM,0,/Volumes/Seagate Portable Drive/KYLE_AI_DATABASE/A_CAMERA/Focal_species/Gulo gulo/HFW12-F7/DM/2016/B&W/Robust marks/02.28-20.14/IMG_2712.JPG,IMG_2712.JPG,HFW12-F7_2016_201602282014_IMG_2712.jpg,0.8364424109458923,435.1365051269531,368.029296875,417.8672790527344,961.0223388671875,2048,1536,417,961
HFW12-F7,2016,201602282014,DM,0,/Volumes/Seagate Portable Drive/KYLE_AI_DATABASE/A_CAMERA/Focal_species/Gulo gulo/HFW12-F7/DM/2016/B&W/Robust marks/02.28-20.14/IMG_2713.JPG,IMG_2713.JPG,HFW12-F7_2016_201602282014_IMG_2713.jpg,0.8281761407852173,461.01629638671875,397.9892578125,412.1175537109375,760.944580078125,2048,1536,412,760
HFW12-F7,2016,201602282014,DM,0,/Volumes/Seagate Portable Drive/KYLE_AI_DATABASE/A_CAMERA/Focal_species/Gulo gulo/HFW12-F7/DM/2016/B&W/Robust marks/02.28-20.14/IMG_2714.JPG,IMG_2714.JPG,HFW12-F7_2016_201602282014_IMG_2714.jpg,0.8996695280075073,450.8973388671875,254.25686645507812,399.036865234375,894.95361328125,2048,1536,399,894
HFW12-F7,2016,201602282014,DM,0,/Volumes/Seagate Portable Drive/KYLE_AI_DATABASE/A_CAMERA/Focal_species/Gulo gulo/HFW12-F7/DM/2016/B&W/Robust marks/02.28-20.14/IMG_2715.JPG,IMG_2715.JPG,HFW12-F7_2016_201602282014_IMG_2715.jpg,0.8204680681228638,451.0237731933594,363.8286437988281,410.6513977050781,837.7623291015625,2048,1536,410,837
HFW12-F7,2016,201602282014,DM,0,/Volumes/Seagate Portable Drive/KYLE_AI_DATABASE/A_CAMERA/Focal_species/Gulo gulo/HFW12-F7/DM/2016/B&W/Robust marks/02.28-20.14/IMG_2716.JPG,IMG_2716.JPG,HFW12-F7_2016_201602282014_IMG_2716.jpg,0.8350998163223267,451.12060546875,242.58018493652344,402.4654541015625,960.25244140625,2048,1536,402,960
HFW12-F7,2016,201602282014,DM,0,/Volumes/Seagate Portable Drive/KYLE_AI_DATABASE/A_CAMERA/Focal_species/Gulo gulo/HFW12-F7/DM/2016/B&W/Robust marks/02.28-20.14/IMG_2717.JPG,IMG_2717.JPG,HFW12-F7_2016_201602282014_IMG_2717.jpg,0.8243391513824463,452.0924072265625,234.24160766601562,402.0999755859375,1001.9403076171875,2048,1536,402,1001
HFW12-F7,2016,201602282014,DM,0,/Volumes/Seagate Portable Drive/KYLE_AI_DATABASE/A_CAMERA/Focal_species/Gulo gulo/HFW12-F7/DM/2016/B&W/Robust marks/02.28-20.14/IMG_2720.JPG,IMG_2720.JPG,HFW12-F7_2016_201602282014_IMG_2720.jpg,0.804153323173523,462.0465087890625,366.79791259765625,428.4495849609375,815.5966186523438,2048,1536,428,815
HFW12-F7,2016,201602282014,DM,0,/Volumes/Seagate Portable Drive/KYLE_AI_DATABASE/A_CAMERA/Focal_species/Gulo gulo/HFW12-F7/DM/2016/B&W/Robust marks/02.28-20.14/IMG_2721.JPG,IMG_2721.JPG,HFW12-F7_2016_201602282014_IMG_2721.jpg,0.8078672885894775,465.460205078125,347.1263427734375,403.69873046875,860.248779296875,2048,1536,403,860
HFW12-F7,2016,201602282014,DM,0,/Volumes/Seagate Portable Drive/KYLE_AI_DATABASE/A_CAMERA/Focal_species/Gulo gulo/HFW12-F7/DM/2016/B&W/Robust marks/02.28-20.14/IMG_2724.JPG,IMG_2724.JPG,HFW12-F7_2016_201602282014_IMG_2724.jpg,0.8749727010726929,455.98651123046875,390.7583312988281,431.1607666015625,829.46875,2048,1536,431,829
HFW12-F7,2016,201602282014,DM,0,/Volumes/Seagate Portable Drive/KYLE_AI_DATABASE/A_CAMERA/Focal_species/Gulo gulo/HFW12-F7/DM/2016/B&W/Robust marks/02.28-20.14/IMG_2725.JPG,IMG_2725.JPG,HFW12-F7_2016_201602282014_IMG_2725.jpg,0.8496963977813721,457.6241455078125,407.537109375,401.443115234375,808.70654296875,2048,1536,401,808
HFW12-F7,2016,201602282014,DM,0,/Volumes/Seagate Portable Drive/KYLE_AI_DATABASE/A_CAMERA/Focal_species/Gulo gulo/HFW12-F7/DM/2016/B&W/Robust marks/02.28-20.14/IMG_2726.JPG,IMG_2726.JPG,HFW12-F7_2016_201602282014_IMG_2726.jpg,0.8864541053771973,473.1604309082031,196.998779296875,391.1800231933594,978.834228515625,2048,1536,391,978
HFW12-F7,2016,201602282014,DM,0,/Volumes/Seagate Portable Drive/KYLE_AI_DATABASE/A_CAMERA/Focal_species/Gulo gulo/HFW12-F7/DM/2016/B&W/Robust marks/02.28-20.14/IMG_2727.JPG,IMG_2727.JPG,HFW12-F7_2016_201602282014_IMG_2727.jpg,0.8291593194007874,453.2664794921875,273.53533935546875,391.7774658203125,956.5488891601562,2048,1536,391,956
HFW12-F7,2016,201602282014,DM,0,/Volumes/Seagate Portable Drive/KYLE_AI_DATABASE/A_CAMERA/Focal_species/Gulo gulo/HFW12-F7/DM/2016/B&W/Robust marks/02.28-20.14/IMG_2728.JPG,IMG_2728.JPG,HFW12-F7_2016_201602282014_IMG_2728.jpg,0.8828492760658264,449.5596923828125,327.93988037109375,399.29541015625,1079.176513671875,2048,1536,399,1079
HFW12-F7,2016,201602282014,DM,0,/Volumes/Seagate Portable Drive/KYLE_AI_DATABASE/A_CAMERA/Focal_species/Gulo gulo/HFW12-F7/DM/2016/B&W/Robust marks/02.28-20.14/IMG_2731.JPG,IMG_2731.JPG,HFW12-F7_2016_201602282014_IMG_2731.jpg,0.87636399269104,450.0037841796875,272.9233703613281,465.3455810546875,933.94921875,2048,1536,465,933
HFW12-F7,2016,201602282014,DM,0,/Volumes/Seagate Portable Drive/KYLE_AI_DATABASE/A_CAMERA/Focal_species/Gulo gulo/HFW12-F7/DM/2016/B&W/Robust marks/02.28-20.14/IMG_2732.JPG,IMG_2732.JPG,HFW12-F7_2016_201602282014_IMG_2732.jpg,0.8007769584655762,437.895263671875,322.1441345214844,430.38671875,880.5716552734375,2048,1536,430,880
HFW12-F7,2016,201602282014,DM,0,/Volumes/Seagate Portable Drive/KYLE_AI_DATABASE/A_CAMERA/Focal_species/Gulo gulo/HFW12-F7/DM/2016/B&W/Robust marks/02.28-20.14/IMG_2733.JPG,IMG_2733.JPG,HFW12-F7_2016_201602282014_IMG_2733.jpg,0.851144015789032,441.24981689453125,296.02618408203125,412.0250244140625,897.5200805664062,2048,1536,412,897
HFW12-F7,2016,201602282014,DM,0,/Volumes/Seagate Portable Drive/KYLE_AI_DATABASE/A_CAMERA/Focal_species/Gulo gulo/HFW12-F7/DM/2016/B&W/Robust marks/02.28-20.14/IMG_2734.JPG,IMG_2734.JPG,HFW12-F7_2016_201602282014_IMG_2734.jpg,0.8402997255325317,419.79931640625,368.8503112792969,471.334716796875,882.445068359375,2048,1536,471,882
HFW12-F7,2016,201602282014,DM,0,/Volumes/Seagate Portable Drive/KYLE_AI_DATABASE/A_CAMERA/Focal_species/Gulo gulo/HFW12-F7/DM/2016/B&W/Robust marks/02.28-20.14/IMG_2735.JPG,IMG_2735.JPG,HFW12-F7_2016_201602282014_IMG_2735.jpg,0.8797943592071533,394.246826171875,283.7086181640625,447.9593505859375,995.1304931640625,2048,1536,447,995
HFW12-F7,2016,201602282014,DM,0,/Volumes/Seagate Portable Drive/KYLE_AI_DATABASE/A_CAMERA/Focal_species/Gulo gulo/HFW12-F7/DM/2016/B&W/Robust marks/02.28-20.14/IMG_2736.JPG,IMG_2736.JPG,HFW12-F7_2016_201602282014_IMG_2736.jpg,0.8803044557571411,401.95367431640625,311.16357421875,434.4879150390625,976.23876953125,2048,1536,434,976
HFW12-F7,2016,201602282014,DM,0,/Volumes/Seagate Portable Drive/KYLE_AI_DATABASE/A_CAMERA/Focal_species/Gulo gulo/HFW12-F7/DM/2016/B&W/Robust marks/02.28-20.14/IMG_2739.JPG,IMG_2739.JPG,HFW12-F7_2016_201602282014_IMG_2739.jpg,0.8496760725975037,437.2916259765625,393.00164794921875,434.998779296875,824.5907592773438,2048,1536,434,824
HFW12-F7,2016,201602282014,DM,0,/Volumes/Seagate Portable Drive/KYLE_AI_DATABASE/A_CAMERA/Focal_species/Gulo gulo/HFW12-F7/DM/2016/B&W/Robust marks/02.28-20.14/IMG_2749.JPG,IMG_2749.JPG,HFW12-F7_2016_201602282014_IMG_2749.jpg,0.8491870760917664,443.48675537109375,249.10926818847656,456.67626953125,943.7530517578125,2048,1536,456,943
HFW12-F7,2016,201602282014,DM,0,/Volumes/Seagate Portable Drive/KYLE_AI_DATABASE/A_CAMERA/Focal_species/Gulo gulo/HFW12-F7/DM/2016/B&W/Robust marks/02.28-20.14/IMG_2761.JPG,IMG_2761.JPG,HFW12-F7_2016_201602282014_IMG_2761.jpg,0.8030680418014526,439.89324951171875,353.80841064453125,466.9862060546875,869.5253295898438,2048,1536,466,869
HFW12-F7,2016,201602282014,DM,0,/Volumes/Seagate Portable Drive/KYLE_AI_DATABASE/A_CAMERA/Focal_species/Gulo gulo/HFW12-F7/DM/2016/B&W/Robust marks/02.28-20.14/IMG_2769.JPG,IMG_2769.JPG,HFW12-F7_2016_201602282014_IMG_2769.jpg,0.8082606196403503,395.8493957519531,489.8081359863281,479.5243835449219,737.0240478515625,2048,1536,479,737
HFW12-F7,2016,201602282014,DM,0,/Volumes/Seagate Portable Drive/KYLE_AI_DATABASE/A_CAMERA/Focal_species/Gulo gulo/HFW12-F7/DM/2016/B&W/Robust marks/02.28-20.14/IMG_2776.JPG,IMG_2776.JPG,HFW12-F7_2016_201602282014_IMG_2776.jpg,0.8308208584785461,430.552978515625,190.70407104492188,370.6798095703125,1038.27001953125,2048,1536,370,1038
HFW12-F7,2016,201602282014,DM,0,/Volumes/Seagate Portable Drive/KYLE_AI_DATABASE/A_CAMERA/Focal_species/Gulo gulo/HFW12-F7/DM/2016/B&W/Robust marks/02.28-20.14/IMG_2780.JPG,IMG_2780.JPG,HFW12-F7_2016_201602282014_IMG_2780.jpg,0.8241757750511169,428.7218017578125,232.17787170410156,418.623779296875,979.725830078125,2048,1536,418,979
HFW12-F7,2016,201602282014,DM,0,/Volumes/Seagate Portable Drive/KYLE_AI_DATABASE/A_CAMERA/Focal_species/Gulo gulo/HFW12-F7/DM/2016/B&W/Robust marks/02.28-20.14/IMG_2782.JPG,IMG_2782.JPG,HFW12-F7_2016_201602282014_IMG_2782.jpg,0.8399490118026733,435.9036560058594,278.9067077636719,352.0950012207031,1042.7244873046875,2048,1536,352,1042
HFW12-F7,2016,201602282014,DM,0,/Volumes/Seagate Portable Drive/KYLE_AI_DATABASE/A_CAMERA/Focal_species/Gulo gulo/HFW12-F7/DM/2016/B&W/Robust marks/02.28-20.14/IMG_2785.JPG,IMG_2785.JPG,HFW12-F7_2016_201602282014_IMG_2785.jpg,0.8696537613868713,412.75927734375,210.25341796875,386.390869140625,1163.291259765625,2048,1536,386,1163
HFW12-F7,2016,201602282014,DM,0,/Volumes/Seagate Portable Drive/KYLE_AI_DATABASE/A_CAMERA/Focal_species/Gulo gulo/HFW12-F7/DM/2016/B&W/Robust marks/02.28-20.14/IMG_2786.JPG,IMG_2786.JPG,HFW12-F7_2016_201602282014_IMG_2786.jpg,0.8861565589904785,438.5255432128906,288.65252685546875,372.9307556152344,978.2588500976562,2048,1536,372,978
HFW12-F7,2016,201602282014,DM,0,/Volumes/Seagate Portable Drive/KYLE_AI_DATABASE/A_CAMERA/Focal_species/Gulo gulo/HFW12-F7/DM/2016/B&W/Robust marks/02.28-20.14/IMG_2787.JPG,IMG_2787.JPG,HFW12-F7_2016_201602282014_IMG_2787.jpg,0.8693090677261353,460.06683349609375,240.7759552001953,336.174560546875,999.0526733398438,2048,1536,336,999
HFW12-F7,2016,201602282014,DM,0,/Volumes/Seagate Portable Drive/KYLE_AI_DATABASE/A_CAMERA/Focal_species/Gulo gulo/HFW12-F7/DM/2016/B&W/Robust marks/02.28-20.14/IMG_2788.JPG,IMG_2788.JPG,HFW12-F7_2016_201602282014_IMG_2788.jpg,0.8710178136825562,475.3846435546875,297.6524658203125,299.2919921875,949.400146484375,2048,1536,299,949
HFW12-F7,2016,201602282014,DM,0,/Volumes/Seagate Portable Drive/KYLE_AI_DATABASE/A_CAMERA/Focal_species/Gulo gulo/HFW12-F7/DM/2016/B&W/Robust marks/02.28-20.14/IMG_2790.JPG,IMG_2790.JPG,HFW12-F7_2016_201602282014_IMG_2790.jpg,0.8623311519622803,472.35174560546875,284.64111328125,325.107666015625,1057.526123046875,2048,1536,325,1057
HFW12-F7,2016,201602282014,DM,0,/Volumes/Seagate Portable Drive/KYLE_AI_DATABASE/A_CAMERA/Focal_species/Gulo gulo/HFW12-F7/DM/2016/B&W/Robust marks/02.28-20.14/IMG_2791.JPG,IMG_2791.JPG,HFW12-F7_2016_201602282014_IMG_2791.jpg,0.8264243602752686,478.6271667480469,287.44158935546875,313.2826232910156,1045.31396484375,2048,1536,313,1045
HFW12-F7,2016,201602282014,DM,0,/Volumes/Seagate Portable Drive/KYLE_AI_DATABASE/A_CAMERA/Focal_species/Gulo gulo/HFW12-F7/DM/2016/B&W/Robust marks/02.28-20.14/IMG_2792.JPG,IMG_2792.JPG,HFW12-F7_2016_201602282014_IMG_2792.jpg,0.8535427451133728,497.32183837890625,402.0427551269531,463.4776611328125,731.8453369140625,2048,1536,463,731
HFW12-F7,2016,201602282014,DM,0,/Volumes/Seagate Portable Drive/KYLE_AI_DATABASE/A_CAMERA/Focal_species/Gulo gulo/HFW12-F7/DM/2016/B&W/Robust marks/02.28-20.14/IMG_2799.JPG,IMG_2799.JPG,HFW12-F7_2016_201602282014_IMG_2799.jpg,0.8088357448577881,637.0374755859375,342.8992919921875,475.40576171875,553.0348510742188,2048,1536,475,553
HFW12-F7,2016,201602282014,DM,0,/Volumes/Seagate Portable Drive/KYLE_AI_DATABASE/A_CAMERA/Focal_species/Gulo gulo/HFW12-F7/DM/2016/B&W/Robust marks/02.28-20.14/IMG_2816.JPG,IMG_2816.JPG,HFW12-F7_2016_201602282014_IMG_2816.jpg,0.8050592541694641,612.7308349609375,296.1279296875,484.0552978515625,791.325927734375,2048,1536,484,791
HFW12-F7,2016,201602282014,DM,0,/Volumes/Seagate Portable Drive/KYLE_AI_DATABASE/A_CAMERA/Focal_species/Gulo gulo/HFW12-F7/DM/2016/B&W/Robust marks/02.28-20.14/IMG_2818.JPG,IMG_2818.JPG,HFW12-F7_2016_201602282014_IMG_2818.jpg,0.8802514672279358,629.36279296875,116.85722351074219,480.3876953125,895.2274780273438,2048,1536,480,895
HFW12-F7,2016,201602282014,DM,0,/Volumes/Seagate Portable Drive/KYLE_AI_DATABASE/A_CAMERA/Focal_species/Gulo gulo/HFW12-F7/DM/2016/B&W/Robust marks/02.28-20.14/IMG_2825.JPG,IMG_2825.JPG,HFW12-F7_2016_201602282014_IMG_2825.jpg,0.8073263168334961,612.4985961914062,195.62503051757812,485.86578369140625,1293.7049560546875,2048,1536,485,1293
HFW12-F7,2016,201602282014,DM,0,/Volumes/Seagate Portable Drive/KYLE_AI_DATABASE/A_CAMERA/Focal_species/Gulo gulo/HFW12-F7/DM/2016/B&W/Robust marks/02.28-20.14/IMG_2835.JPG,IMG_2835.JPG,HFW12-F7_2016_201602282014_IMG_2835.jpg,0.8807574510574341,617.38427734375,226.33547973632812,519.54296875,1088.076416015625,2048,1536,519,1088
HFW12-F7,2016,201602282014,DM,0,/Volumes/Seagate Portable Drive/KYLE_AI_DATABASE/A_CAMERA/Focal_species/Gulo gulo/HFW12-F7/DM/2016/B&W/Robust marks/02.28-20.14/IMG_2836.JPG,IMG_2836.JPG,HFW12-F7_2016_201602282014_IMG_2836.jpg,0.8499294519424438,617.1598510742188,227.69430541992188,493.32574462890625,1259.3316650390625,2048,1536,493,1259
HFW12-F7,2016,201602282014,DM,0,/Volumes/Seagate Portable Drive/KYLE_AI_DATABASE/A_CAMERA/Focal_species/Gulo gulo/HFW12-F7/DM/2016/B&W/Robust marks/02.28-20.14/IMG_2840.JPG,IMG_2840.JPG,HFW12-F7_2016_201602282014_IMG_2840.jpg,0.8066727519035339,620.7003784179688,211.73020935058594,481.27935791015625,955.164794921875,2048,1536,481,955
HFW12-F7,2016,201602282014,DM,0,/Volumes/Seagate Portable Drive/KYLE_AI_DATABASE/A_CAMERA/Focal_species/Gulo gulo/HFW12-F7/DM/2016/B&W/Robust marks/02.28-20.14/IMG_2842.JPG,IMG_2842.JPG,HFW12-F7_2016_201602282014_IMG_2842.jpg,0.8235213756561279,618.8880004882812,215.08877563476562,476.58123779296875,1113.1259765625,2048,1536,476,1113
HFW12-F7,2016,201602282014,DM,0,/Volumes/Seagate Portable Drive/KYLE_AI_DATABASE/A_CAMERA/Focal_species/Gulo gulo/HFW12-F7/DM/2016/B&W/Robust marks/02.28-20.14/IMG_2847.JPG,IMG_2847.JPG,HFW12-F7_2016_201602282014_IMG_2847.jpg,0.8074986934661865,617.741455078125,236.45571899414062,476.86865234375,1108.5772705078125,2048,1536,476,1108
HFW12-F7,2016,201602282014,DM,0,/Volumes/Seagate Portable Drive/KYLE_AI_DATABASE/A_CAMERA/Focal_species/Gulo gulo/HFW12-F7/DM/2016/B&W/Robust marks/02.28-20.14/IMG_2848.JPG,IMG_2848.JPG,HFW12-F7_2016_201602282014_IMG_2848.jpg,0.8560357689857483,618.4986572265625,237.33485412597656,475.9560546875,1076.0133056640625,2048,1536,475,1076
HFW12-F7,2016,201602282014,DM,0,/Volumes/Seagate Portable Drive/KYLE_AI_DATABASE/A_CAMERA/Focal_species/Gulo gulo/HFW12-F7/DM/2016/B&W/Robust marks/02.28-20.14/IMG_2849.JPG,IMG_2849.JPG,HFW12-F7_2016_201602282014_IMG_2849.jpg,0.8332783579826355,615.7569580078125,231.14529418945312,477.876708984375,1102.842041015625,2048,1536,477,1102
HFW12-F7,2016,201602282014,DM,0,/Volumes/Seagate Portable Drive/KYLE_AI_DATABASE/A_CAMERA/Focal_species/Gulo gulo/HFW12-F7/DM/2016/B&W/Robust marks/02.28-20.14/IMG_2852.JPG,IMG_2852.JPG,HFW12-F7_2016_201602282014_IMG_2852.jpg,0.8275058269500732,608.5232543945312,223.8907470703125,483.14447021484375,1108.3963623046875,2048,1536,483,1108
HFW12-F7,2016,201602282014,DM,0,/Volumes/Seagate Portable Drive/KYLE_AI_DATABASE/A_CAMERA/Focal_species/Gulo gulo/HFW12-F7/DM/2016/B&W/Robust marks/02.28-20.14/IMG_2853.JPG,IMG_2853.JPG,HFW12-F7_2016_201602282014_IMG_2853.jpg,0.8286857008934021,609.017333984375,226.2747802734375,482.850830078125,1150.74609375,2048,1536,482,1150
HFW12-F7,2016,201602282014,DM,0,/Volumes/Seagate Portable Drive/KYLE_AI_DATABASE/A_CAMERA/Focal_species/Gulo gulo/HFW12-F7/DM/2016/B&W/Robust marks/02.28-20.14/IMG_2854.JPG,IMG_2854.JPG,HFW12-F7_2016_201602282014_IMG_2854.jpg,0.8422747850418091,477.8741149902344,299.2725830078125,615.595947265625,1148.6719970703125,2048,1536,615,1148
HFW12-F7,2016,201602282014,DM,0,/Volumes/Seagate Portable Drive/KYLE_AI_DATABASE/A_CAMERA/Focal_species/Gulo gulo/HFW12-F7/DM/2016/B&W/Robust marks/02.28-20.14/IMG_2855.JPG,IMG_2855.JPG,HFW12-F7_2016_201602282014_IMG_2855.jpg,0.8052428960800171,606.6949462890625,270.99334716796875,484.31787109375,1076.011962890625,2048,1536,484,1076
HFW12-F7,2016,201602282014,DM,0,/Volumes/Seagate Portable Drive/KYLE_AI_DATABASE/A_CAMERA/Focal_species/Gulo gulo/HFW12-F7/DM/2016/B&W/Robust marks/02.28-20.14/IMG_2856.JPG,IMG_2856.JPG,HFW12-F7_2016_201602282014_IMG_2856.jpg,0.8301459550857544,619.6779174804688,222.2753448486328,481.31524658203125,965.6196899414062,2048,1536,481,965
HFW12-F7,2016,201602282014,DM,0,/Volumes/Seagate Portable Drive/KYLE_AI_DATABASE/A_CAMERA/Focal_species/Gulo gulo/HFW12-F7/DM/2016/B&W/Robust marks/02.28-20.14/IMG_2857.JPG,IMG_2857.JPG,HFW12-F7_2016_201602282014_IMG_2857.jpg,0.8961858749389648,618.2511596679688,214.14317321777344,477.40887451171875,1096.2518310546875,2048,1536,477,1096
HFW12-F7,2016,201602282014,DM,0,/Volumes/Seagate Portable Drive/KYLE_AI_DATABASE/A_CAMERA/Focal_species/Gulo gulo/HFW12-F7/DM/2016/B&W/Robust marks/02.28-20.14/IMG_2860.JPG,IMG_2860.JPG,HFW12-F7_2016_201602282014_IMG_2860.jpg,0.8513288497924805,630.1334838867188,364.8135681152344,481.17926025390625,703.2012939453125,2048,1536,481,703
HFW12-F7,2016,201602282014,DM,0,/Volumes/Seagate Portable Drive/KYLE_AI_DATABASE/A_CAMERA/Focal_species/Gulo gulo/HFW12-F7/DM/2016/B&W/Robust marks/02.28-20.14/IMG_2865.JPG,IMG_2865.JPG,HFW12-F7_2016_201602282014_IMG_2865.jpg,0.8170453906059265,620.2992553710938,221.0364990234375,478.99176025390625,1126.4442138671875,2048,1536,478,1126
HFW12-F7,2016,201602282014,DM,0,/Volumes/Seagate Portable Drive/KYLE_AI_DATABASE/A_CAMERA/Focal_species/Gulo gulo/HFW12-F7/DM/2016/B&W/Robust marks/02.28-20.14/IMG_2866.JPG,IMG_2866.JPG,HFW12-F7_2016_201602282014_IMG_2866.jpg,0.8068069815635681,618.6935424804688,207.44114685058594,479.69281005859375,1192.5986328125,2048,1536,479,1192
HFW12-F7,2016,201602282014,DM,0,/Volumes/Seagate Portable Drive/KYLE_AI_DATABASE/A_CAMERA/Focal_species/Gulo gulo/HFW12-F7/DM/2016/B&W/Robust marks/02.28-20.14/IMG_2867.JPG,IMG_2867.JPG,HFW12-F7_2016_201602282014_IMG_2867.jpg,0.858142077922821,619.8329467773438,223.64584350585938,475.10357666015625,1106.344482421875,2048,1536,475,1106
HFW12-F7,2016,201602282014,DM,0,/Volumes/Seagate Portable Drive/KYLE_AI_DATABASE/A_CAMERA/Focal_species/Gulo gulo/HFW12-F7/DM/2016/B&W/Robust marks/02.28-20.14/IMG_2868.JPG,IMG_2868.JPG,HFW12-F7_2016_201602282014_IMG_2868.jpg,0.8372027277946472,617.4404296875,228.5840606689453,478.6414794921875,1193.092529296875,2048,1536,478,1193
HFW12-F7,2016,201602282014,DM,0,/Volumes/Seagate Portable Drive/KYLE_AI_DATABASE/A_CAMERA/Focal_species/Gulo gulo/HFW12-F7/DM/2016/B&W/Robust marks/02.28-20.14/IMG_2871.JPG,IMG_2871.JPG,HFW12-F7_2016_201602282014_IMG_2871.jpg,0.8148645162582397,621.82763671875,202.50814819335938,479.06982421875,1296.67236328125,2048,1536,479,1296
HFW12-F7,2016,201602282014,DM,0,/Volumes/Seagate Portable Drive/KYLE_AI_DATABASE/A_CAMERA/Focal_species/Gulo gulo/HFW12-F7/DM/2016/B&W/Robust marks/02.28-20.14/IMG_2873.JPG,IMG_2873.JPG,HFW12-F7_2016_201602282014_IMG_2873.jpg,0.8426414728164673,616.7357177734375,214.69720458984375,474.425048828125,1111.899658203125,2048,1536,474,1111
HFW12-F7,2016,201602282014,DM,0,/Volumes/Seagate Portable Drive/KYLE_AI_DATABASE/A_CAMERA/Focal_species/Gulo gulo/HFW12-F7/DM/2016/B&W/Robust marks/02.28-20.14/IMG_2879.JPG,IMG_2879.JPG,HFW12-F7_2016_201602282014_IMG_2879.jpg,0.8313349485397339,615.64892578125,278.670166015625,468.2294921875,1049.085693359375,2048,1536,468,1049
HFW12-F7,2016,201602282014,DM,0,/Volumes/Seagate Portable Drive/KYLE_AI_DATABASE/A_CAMERA/Focal_species/Gulo gulo/HFW12-F7/DM/2016/B&W/Robust marks/02.28-20.14/IMG_2881.JPG,IMG_2881.JPG,HFW12-F7_2016_201602282014_IMG_2881.jpg,0.8785557150840759,614.9275512695312,212.52186584472656,476.00408935546875,1101.3072509765625,2048,1536,476,1101
HFW12-F7,2016,201602282014,DM,0,/Volumes/Seagate Portable Drive/KYLE_AI_DATABASE/A_CAMERA/Focal_species/Gulo gulo/HFW12-F7/DM/2016/B&W/Robust marks/02.28-20.14/IMG_2882.JPG,IMG_2882.JPG,HFW12-F7_2016_201602282014_IMG_2882.jpg,0.861442506313324,618.5973510742188,309.922119140625,475.77618408203125,991.98681640625,2048,1536,475,991
HFW12-F7,2016,201602282014,DM,0,/Volumes/Seagate Portable Drive/KYLE_AI_DATABASE/A_CAMERA/Focal_species/Gulo gulo/HFW12-F7/DM/2016/B&W/Robust marks/02.28-20.14/IMG_2883.JPG,IMG_2883.JPG,HFW12-F7_2016_201602282014_IMG_2883.jpg,0.8382450342178345,623.62646484375,269.8457336425781,468.90576171875,1027.9896240234375,2048,1536,468,1027
HFW12-F7,2016,201602282014,DM,0,/Volumes/Seagate Portable Drive/KYLE_AI_DATABASE/A_CAMERA/Focal_species/Gulo gulo/HFW12-F7/DM/2016/B&W/Robust marks/02.28-20.14/IMG_2886.JPG,IMG_2886.JPG,HFW12-F7_2016_201602282014_IMG_2886.jpg,0.8175793886184692,617.5834350585938,280.0450744628906,499.12139892578125,1220.09326171875,2048,1536,499,1220
HFW12-F7,2016,201602282014,DM,0,/Volumes/Seagate Portable Drive/KYLE_AI_DATABASE/A_CAMERA/Focal_species/Gulo gulo/HFW12-F7/DM/2016/B&W/Robust marks/02.28-20.14/IMG_2887.JPG,IMG_2887.JPG,HFW12-F7_2016_201602282014_IMG_2887.jpg,0.8421251177787781,619.0057373046875,278.70684814453125,487.5048828125,1222.60888671875,2048,1536,487,1222
HFW12-F7,2016,201602282014,DM,0,/Volumes/Seagate Portable Drive/KYLE_AI_DATABASE/A_CAMERA/Focal_species/Gulo gulo/HFW12-F7/DM/2016/B&W/Robust marks/02.28-20.14/IMG_2890.JPG,IMG_2890.JPG,HFW12-F7_2016_201602282014_IMG_2890.jpg,0.8560979962348938,615.3748779296875,400.628173828125,471.4158935546875,919.505615234375,2048,1536,471,919
HFW12-F7,2016,201602282014,DM,0,/Volumes/Seagate Portable Drive/KYLE_AI_DATABASE/A_CAMERA/Focal_species/Gulo gulo/HFW12-F7/DM/2016/B&W/Robust marks/02.28-20.14/IMG_2898.JPG,IMG_2898.JPG,HFW12-F7_2016_201602282014_IMG_2898.jpg,0.9138591885566711,603.891357421875,1094.911376953125,422.77392578125,408.4931640625,2048,1536,422,408
HFW12-F7,2016,201602282014,DM,0,/Volumes/Seagate Portable Drive/KYLE_AI_DATABASE/A_CAMERA/Focal_species/Gulo gulo/HFW12-F7/DM/2016/B&W/Robust marks/02.28-20.14/IMG_2899.JPG,IMG_2899.JPG,HFW12-F7_2016_201602282014_IMG_2899.jpg,0.8413164615631104,603.7529907226562,1004.2578125,456.36151123046875,499.1085205078125,2048,1536,456,499
HFW12-F7,2016,201602282014,DM,0,/Volumes/Seagate Portable Drive/KYLE_AI_DATABASE/A_CAMERA/Focal_species/Gulo gulo/HFW12-F7/DM/2016/B&W/Robust marks/02.28-20.14/IMG_2900.JPG,IMG_2900.JPG,HFW12-F7_2016_201602282014_IMG_2900.jpg,0.8989427089691162,614.4740600585938,943.72314453125,401.073974609375,560.4559326171875,2048,1536,401,560
HFW12-F7,2016,201602282014,DM,0,/Volumes/Seagate Portable Drive/KYLE_AI_DATABASE/A_CAMERA/Focal_species/Gulo gulo/HFW12-F7/DM/2016/B&W/Robust marks/02.28-20.14/IMG_2901.JPG,IMG_2901.JPG,HFW12-F7_2016_201602282014_IMG_2901.jpg,0.8712111115455627,616.1146240234375,495.2855224609375,614.7117919921875,904.6605224609375,2048,1536,614,904
HFW12-F7,2016,201602282014,DM,0,/Volumes/Seagate Portable Drive/KYLE_AI_DATABASE/A_CAMERA/Focal_species/Gulo gulo/HFW12-F7/DM/2016/B&W/Robust marks/02.28-20.14/IMG_2902.JPG,IMG_2902.JPG,HFW12-F7_2016_201602282014_IMG_2902.jpg,0.9079013466835022,868.1434326171875,245.59259033203125,394.072509765625,982.1071166992188,2048,1536,394,982
HFW12-F7,2016,201602282014,DM,0,/Volumes/Seagate Portable Drive/KYLE_AI_DATABASE/A_CAMERA/Focal_species/Gulo gulo/HFW12-F7/DM/2016/B&W/Robust marks/02.28-20.14/IMG_2903.JPG,IMG_2903.JPG,HFW12-F7_2016_201602282014_IMG_2903.jpg,0.8813148736953735,815.8795776367188,359.2248229980469,442.93609619140625,823.5697021484375,2048,1536,442,823
HFW12-F7,2016,201602282014,DM,0,/Volumes/Seagate Portable Drive/KYLE_AI_DATABASE/A_CAMERA/Focal_species/Gulo gulo/HFW12-F7/DM/2016/B&W/Robust marks/02.28-20.14/IMG_2904.JPG,IMG_2904.JPG,HFW12-F7_2016_201602282014_IMG_2904.jpg,0.8646789789199829,709.0131225585938,84.90481567382812,509.59356689453125,1086.953369140625,2048,1536,509,1086
HFW12-F7,2016,201602282014,DM,0,/Volumes/Seagate Portable Drive/KYLE_AI_DATABASE/A_CAMERA/Focal_species/Gulo gulo/HFW12-F7/DM/2016/B&W/Robust marks/02.28-20.14/IMG_2906.JPG,IMG_2906.JPG,HFW12-F7_2016_201602282014_IMG_2906.jpg,0.8253726363182068,613.9490966796875,205.78546142578125,526.859130859375,1295.43798828125,2048,1536,526,1295
HFW12-F7,2016,201602282014,DM,0,/Volumes/Seagate Portable Drive/KYLE_AI_DATABASE/A_CAMERA/Focal_species/Gulo gulo/HFW12-F7/DM/2016/B&W/Robust marks/02.28-20.14/IMG_2907.JPG,IMG_2907.JPG,HFW12-F7_2016_201602282014_IMG_2907.jpg,0.836363673210144,608.2911376953125,76.09657287597656,545.8773193359375,1417.2452392578125,2048,1536,545,1417
HFW12-F7,2016,201602282014,DM,0,/Volumes/Seagate Portable Drive/KYLE_AI_DATABASE/A_CAMERA/Focal_species/Gulo gulo/HFW12-F7/DM/2016/B&W/Robust marks/02.28-20.14/IMG_2909.JPG,IMG_2909.JPG,HFW12-F7_2016_201602282014_IMG_2909.jpg,0.8096947073936462,610.7599487304688,204.96524047851562,554.9004516601562,1227.08349609375,2048,1536,554,1227
HFW12-F7,2016,201602282014,DM,0,/Volumes/Seagate Portable Drive/KYLE_AI_DATABASE/A_CAMERA/Focal_species/Gulo gulo/HFW12-F7/DM/2016/B&W/Robust marks/02.28-20.14/IMG_2915.JPG,IMG_2915.JPG,HFW12-F7_2016_201602282014_IMG_2915.jpg,0.8106052875518799,612.3106079101562,222.8177947998047,535.6242065429688,1269.049072265625,2048,1536,535,1269
HFW12-F7,2016,201602282014,DM,0,/Volumes/Seagate Portable Drive/KYLE_AI_DATABASE/A_CAMERA/Focal_species/Gulo gulo/HFW12-F7/DM/2016/B&W/Robust marks/02.28-20.14/IMG_2918.JPG,IMG_2918.JPG,HFW12-F7_2016_201602282014_IMG_2918.jpg,0.8131843209266663,606.5878295898438,31.244979858398438,532.3770141601562,1463.0223388671875,2048,1536,532,1463
HFW12-F7,2016,201602282014,DM,0,/Volumes/Seagate Portable Drive/KYLE_AI_DATABASE/A_CAMERA/Focal_species/Gulo gulo/HFW12-F7/DM/2016/B&W/Robust marks/02.28-20.14/IMG_2919.JPG,IMG_2919.JPG,HFW12-F7_2016_201602282014_IMG_2919.jpg,0.8188437819480896,613.2430419921875,192.92633056640625,531.934814453125,1223.211669921875,2048,1536,531,1223
HFW12-F7,2016,201602282014,DM,0,/Volumes/Seagate Portable Drive/KYLE_AI_DATABASE/A_CAMERA/Focal_species/Gulo gulo/HFW12-F7/DM/2016/B&W/Robust marks/02.28-20.14/IMG_2921.JPG,IMG_2921.JPG,HFW12-F7_2016_201602282014_IMG_2921.jpg,0.8169190883636475,611.967529296875,267.7237243652344,532.462158203125,1226.72509765625,2048,1536,532,1226
HFW12-F7,2016,201602282014,DM,0,/Volumes/Seagate Portable Drive/KYLE_AI_DATABASE/A_CAMERA/Focal_species/Gulo gulo/HFW12-F7/DM/2016/B&W/Robust marks/02.28-20.14/IMG_2922.JPG,IMG_2922.JPG,HFW12-F7_2016_201602282014_IMG_2922.jpg,0.810046374797821,615.610595703125,226.23143005371094,525.3099365234375,1212.314697265625,2048,1536,525,1212
HFW12-F7,2016,201602282014,DM,0,/Volumes/Seagate Portable Drive/KYLE_AI_DATABASE/A_CAMERA/Focal_species/Gulo gulo/HFW12-F7/DM/2016/B&W/Robust marks/02.28-20.14/IMG_2925.JPG,IMG_2925.JPG,HFW12-F7_2016_201602282014_IMG_2925.jpg,0.8600381016731262,611.2247924804688,167.39675903320312,559.7839965820312,1328.8582763671875,2048,1536,559,1328
HFW12-F7,2016,201602282014,DM,0,/Volumes/Seagate Portable Drive/KYLE_AI_DATABASE/A_CAMERA/Focal_species/Gulo gulo/HFW12-F7/DM/2016/B&W/Robust marks/02.28-20.14/IMG_2926.JPG,IMG_2926.JPG,HFW12-F7_2016_201602282014_IMG_2926.jpg,0.8687322735786438,615.1998291015625,221.1217803955078,552.4498291015625,1273.97607421875,2048,1536,552,1273
HFW12-F7,2016,201602282014,DM,0,/Volumes/Seagate Portable Drive/KYLE_AI_DATABASE/A_CAMERA/Focal_species/Gulo gulo/HFW12-F7/DM/2016/B&W/Robust marks/02.28-20.14/IMG_2927.JPG,IMG_2927.JPG,HFW12-F7_2016_201602282014_IMG_2927.jpg,0.8221395611763,612.1038818359375,217.04287719726562,558.9139404296875,1234.8057861328125,2048,1536,558,1234
HFW12-F7,2016,201602282014,DM,0,/Volumes/Seagate Portable Drive/KYLE_AI_DATABASE/A_CAMERA/Focal_species/Gulo gulo/HFW12-F7/DM/2016/B&W/Robust marks/02.28-20.14/IMG_2930.JPG,IMG_2930.JPG,HFW12-F7_2016_201602282014_IMG_2930.jpg,0.8059595227241516,618.1524658203125,202.60061645507812,545.125732421875,1098.8895263671875,2048,1536,545,1098
HFW12-F7,2016,201602282014,DM,0,/Volumes/Seagate Portable Drive/KYLE_AI_DATABASE/A_CAMERA/Focal_species/Gulo gulo/HFW12-F7/DM/2016/B&W/Robust marks/02.28-20.14/IMG_2931.JPG,IMG_2931.JPG,HFW12-F7_2016_201602282014_IMG_2931.jpg,0.8709030747413635,604.093994140625,118.16734313964844,504.076171875,946.54443359375,2048,1536,504,946
HFW12-F7,2016,201602282014,DM,0,/Volumes/Seagate Portable Drive/KYLE_AI_DATABASE/A_CAMERA/Focal_species/Gulo gulo/HFW12-F7/DM/2016/B&W/Robust marks/02.28-20.14/IMG_2932.JPG,IMG_2932.JPG,HFW12-F7_2016_201602282014_IMG_2932.jpg,0.8345127105712891,638.4764404296875,86.50007629394531,470.8194580078125,885.088134765625,2048,1536,470,885
HFW12-F7,2016,201602282014,DM,0,/Volumes/Seagate Portable Drive/KYLE_AI_DATABASE/A_CAMERA/Focal_species/Gulo gulo/HFW12-F7/DM/2016/B&W/Robust marks/02.28-20.14/IMG_2938.JPG,IMG_2938.JPG,HFW12-F7_2016_201602282014_IMG_2938.jpg,0.8627779483795166,616.1826782226562,375.87994384765625,491.98114013671875,1108.296142578125,2048,1536,491,1108
HFW12-F7,2016,201602282014,DM,0,/Volumes/Seagate Portable Drive/KYLE_AI_DATABASE/A_CAMERA/Focal_species/Gulo gulo/HFW12-F7/DM/2016/B&W/Robust marks/02.28-20.14/IMG_2940.JPG,IMG_2940.JPG,HFW12-F7_2016_201602282014_IMG_2940.jpg,0.8312768936157227,613.8444213867188,261.38714599609375,488.58343505859375,1238.77001953125,2048,1536,488,1238
HFW12-F7,2016,201602282014,DM,0,/Volumes/Seagate Portable Drive/KYLE_AI_DATABASE/A_CAMERA/Focal_species/Gulo gulo/HFW12-F7/DM/2016/B&W/Robust marks/02.28-20.14/IMG_2941.JPG,IMG_2941.JPG,HFW12-F7_2016_201602282014_IMG_2941.jpg,0.849557638168335,618.0231323242188,226.41709899902344,485.08819580078125,1163.74267578125,2048,1536,485,1163
HFW12-F7,2016,201602282014,DM,0,/Volumes/Seagate Portable Drive/KYLE_AI_DATABASE/A_CAMERA/Focal_species/Gulo gulo/HFW12-F7/DM/2016/B&W/Robust marks/02.28-20.14/IMG_2953.JPG,IMG_2953.JPG,HFW12-F7_2016_201602282014_IMG_2953.jpg,0.9068319201469421,628.5686645507812,33.84837341308594,479.82110595703125,909.4181518554688,2048,1536,479,909
HFW12-F7,2016,201602282014,DM,0,/Volumes/Seagate Portable Drive/KYLE_AI_DATABASE/A_CAMERA/Focal_species/Gulo gulo/HFW12-F7/DM/2016/B&W/Robust marks/02.28-20.14/IMG_2955.JPG,IMG_2955.JPG,HFW12-F7_2016_201602282014_IMG_2955.jpg,0.8513545989990234,630.829345703125,29.563980102539062,490.5484619140625,951.9578857421875,2048,1536,490,951
HFW12-F7,2016,201602282014,DM,0,/Volumes/Seagate Portable Drive/KYLE_AI_DATABASE/A_CAMERA/Focal_species/Gulo gulo/HFW12-F7/DM/2016/B&W/Robust marks/02.28-20.14/IMG_2960.JPG,IMG_2960.JPG,HFW12-F7_2016_201602282014_IMG_2960.jpg,0.8942102789878845,638.1964721679688,54.621368408203125,499.93243408203125,889.5657958984375,2048,1536,499,889
HFW12-F7,2016,201602282014,DM,0,/Volumes/Seagate Portable Drive/KYLE_AI_DATABASE/A_CAMERA/Focal_species/Gulo gulo/HFW12-F7/DM/2016/B&W/Robust marks/02.28-20.14/IMG_2968.JPG,IMG_2968.JPG,HFW12-F7_2016_201602282014_IMG_2968.jpg,0.8859335780143738,722.4201049804688,32.039817810058594,394.71673583984375,755.3574829101562,2048,1536,394,755
HFW12-F7,2016,201602282014,DM,0,/Volumes/Seagate Portable Drive/KYLE_AI_DATABASE/A_CAMERA/Focal_species/Gulo gulo/HFW12-F7/DM/2016/B&W/Robust marks/02.28-20.14/IMG_2972.JPG,IMG_2972.JPG,HFW12-F7_2016_201602282014_IMG_2972.jpg,0.8485729694366455,650.5438232421875,71.9381332397461,463.3043212890625,691.6851806640625,2048,1536,463,691
HFW12-F7,2016,201602282014,DM,0,/Volumes/Seagate Portable Drive/KYLE_AI_DATABASE/A_CAMERA/Focal_species/Gulo gulo/HFW12-F7/DM/2016/B&W/Robust marks/02.28-20.14/IMG_2981.JPG,IMG_2981.JPG,HFW12-F7_2016_201602282014_IMG_2981.jpg,0.8140177130699158,621.005126953125,270.2408752441406,467.782958984375,1040.6396484375,2048,1536,467,1040
HFW12-F7,2016,201602282014,DM,0,/Volumes/Seagate Portable Drive/KYLE_AI_DATABASE/A_CAMERA/Focal_species/Gulo gulo/HFW12-F7/DM/2016/B&W/Robust marks/02.28-20.14/IMG_2989.JPG,IMG_2989.JPG,HFW12-F7_2016_201602282014_IMG_2989.jpg,0.8585569262504578,616.3895874023438,178.7277374267578,481.20550537109375,1320.56396484375,2048,1536,481,1320
HFW12-F7,2016,201602282014,DM,0,/Volumes/Seagate Portable Drive/KYLE_AI_DATABASE/A_CAMERA/Focal_species/Gulo gulo/HFW12-F7/DM/2016/B&W/Robust marks/02.28-20.14/IMG_2997.JPG,IMG_2997.JPG,HFW12-F7_2016_201602282014_IMG_2997.jpg,0.8454343676567078,616.8804931640625,264.3573303222656,480.81396484375,1225.4031982421875,2048,1536,480,1225
HFW12-F7,2016,201602282014,DM,0,/Volumes/Seagate Portable Drive/KYLE_AI_DATABASE/A_CAMERA/Focal_species/Gulo gulo/HFW12-F7/DM/2016/B&W/Robust marks/02.28-20.14/IMG_2999.JPG,IMG_2999.JPG,HFW12-F7_2016_201602282014_IMG_2999.jpg,0.9102464914321899,618.15185546875,219.79449462890625,476.734619140625,1077.310546875,2048,1536,476,1077
HFW12-F7,2016,201602282014,DM,0,/Volumes/Seagate Portable Drive/KYLE_AI_DATABASE/A_CAMERA/Focal_species/Gulo gulo/HFW12-F7/DM/2016/B&W/Robust marks/02.28-20.14/IMG_3000.JPG,IMG_3000.JPG,HFW12-F7_2016_201602282014_IMG_3000.jpg,0.8546251058578491,617.0650634765625,216.78121948242188,475.675048828125,1082.826416015625,2048,1536,475,1082
HFW12-F7,2016,201602282014,DM,0,/Volumes/Seagate Portable Drive/KYLE_AI_DATABASE/A_CAMERA/Focal_species/Gulo gulo/HFW12-F7/DM/2016/B&W/Robust marks/02.28-20.14/IMG_3005.JPG,IMG_3005.JPG,HFW12-F7_2016_201602282014_IMG_3005.jpg,0.8370377421379089,497.415771484375,228.44252014160156,599.1839599609375,1106.051025390625,2048,1536,599,1106
HFW12-F7,2016,201602282014,DM,0,/Volumes/Seagate Portable Drive/KYLE_AI_DATABASE/A_CAMERA/Focal_species/Gulo gulo/HFW12-F7/DM/2016/B&W/Robust marks/02.28-20.14/IMG_3006.JPG,IMG_3006.JPG,HFW12-F7_2016_201602282014_IMG_3006.jpg,0.8852457404136658,619.7841796875,133.23692321777344,474.8272705078125,1160.3463134765625,2048,1536,474,1160
HFW12-F7,2016,201602282014,DM,0,/Volumes/Seagate Portable Drive/KYLE_AI_DATABASE/A_CAMERA/Focal_species/Gulo gulo/HFW12-F7/DM/2016/B&W/Robust marks/02.28-20.14/IMG_3008.JPG,IMG_3008.JPG,HFW12-F7_2016_201602282014_IMG_3008.jpg,0.8205883502960205,603.0142211914062,160.35186767578125,492.80963134765625,1172.57958984375,2048,1536,492,1172
HFW12-F7,2016,201602282014,DM,0,/Volumes/Seagate Portable Drive/KYLE_AI_DATABASE/A_CAMERA/Focal_species/Gulo gulo/HFW12-F7/DM/2016/B&W/Robust marks/02.28-20.14/IMG_3009.JPG,IMG_3009.JPG,HFW12-F7_2016_201602282014_IMG_3009.jpg,0.8366516828536987,617.3019409179688,177.20301818847656,479.63201904296875,1270.8404541015625,2048,1536,479,1270
HFW12-F7,2016,201602282014,DM,0,/Volumes/Seagate Portable Drive/KYLE_AI_DATABASE/A_CAMERA/Focal_species/Gulo gulo/HFW12-F7/DM/2016/B&W/Robust marks/02.28-20.14/IMG_3010.JPG,IMG_3010.JPG,HFW12-F7_2016_201602282014_IMG_3010.jpg,0.8343157768249512,618.2373046875,175.79653930664062,476.9267578125,1278.1295166015625,2048,1536,476,1278
HFW12-F7,2016,201602282014,DM,0,/Volumes/Seagate Portable Drive/KYLE_AI_DATABASE/A_CAMERA/Focal_species/Gulo gulo/HFW12-F7/DM/2016/B&W/Robust marks/02.28-20.14/IMG_3011.JPG,IMG_3011.JPG,HFW12-F7_2016_201602282014_IMG_3011.jpg,0.8230127096176147,617.8027954101562,183.65382385253906,479.49371337890625,1169.4783935546875,2048,1536,479,1169
HFW12-F7,2016,201602282014,DM,0,/Volumes/Seagate Portable Drive/KYLE_AI_DATABASE/A_CAMERA/Focal_species/Gulo gulo/HFW12-F7/DM/2016/B&W/Robust marks/02.28-20.14/IMG_3014.JPG,IMG_3014.JPG,HFW12-F7_2016_201602282014_IMG_3014.jpg,0.8537524342536926,610.8775634765625,198.76304626464844,495.9571533203125,1303.7269287109375,2048,1536,495,1303
HFW12-F7,2016,201602282014,DM,0,/Volumes/Seagate Portable Drive/KYLE_AI_DATABASE/A_CAMERA/Focal_species/Gulo gulo/HFW12-F7/DM/2016/B&W/Robust marks/02.28-20.14/IMG_3017.JPG,IMG_3017.JPG,HFW12-F7_2016_201602282014_IMG_3017.jpg,0.8264598250389099,615.5842895507812,214.1525115966797,485.41766357421875,1043.167236328125,2048,1536,485,1043
HFW12-F7,2016,201602282014,DM,0,/Volumes/Seagate Portable Drive/KYLE_AI_DATABASE/A_CAMERA/Focal_species/Gulo gulo/HFW12-F7/DM/2016/B&W/Robust marks/02.28-20.14/IMG_3018.JPG,IMG_3018.JPG,HFW12-F7_2016_201602282014_IMG_3018.jpg,0.8209026455879211,593.0162963867188,353.58392333984375,512.5879516601562,1147.06591796875,2048,1536,512,1147
HFW12-F7,2016,201602282014,DM,0,/Volumes/Seagate Portable Drive/KYLE_AI_DATABASE/A_CAMERA/Focal_species/Gulo gulo/HFW12-F7/DM/2016/B&W/Robust marks/02.28-20.14/IMG_3022.JPG,IMG_3022.JPG,HFW12-F7_2016_201602282014_IMG_3022.jpg,0.8018872141838074,615.7420654296875,215.89727783203125,488.3123779296875,1158.5869140625,2048,1536,488,1158
HFW12-F7,2016,201602282014,DM,0,/Volumes/Seagate Portable Drive/KYLE_AI_DATABASE/A_CAMERA/Focal_species/Gulo gulo/HFW12-F7/DM/2016/B&W/Robust marks/02.28-20.14/IMG_3023.JPG,IMG_3023.JPG,HFW12-F7_2016_201602282014_IMG_3023.jpg,0.8126181364059448,613.3373413085938,320.2900085449219,491.57366943359375,1164.8719482421875,2048,1536,491,1164
HFW12-F7,2016,201602282014,DM,0,/Volumes/Seagate Portable Drive/KYLE_AI_DATABASE/A_CAMERA/Focal_species/Gulo gulo/HFW12-F7/DM/2016/B&W/Robust marks/02.28-20.14/IMG_3028.JPG,IMG_3028.JPG,HFW12-F7_2016_201602282014_IMG_3028.jpg,0.8013160228729248,614.4676513671875,214.720458984375,484.63232421875,1188.013916015625,2048,1536,484,1188
HFW12-F7,2016,201602282014,DM,0,/Volumes/Seagate Portable Drive/KYLE_AI_DATABASE/A_CAMERA/Focal_species/Gulo gulo/HFW12-F7/DM/2016/B&W/Robust marks/02.28-20.14/IMG_3029.JPG,IMG_3029.JPG,HFW12-F7_2016_201602282014_IMG_3029.jpg,0.8109093308448792,617.6529541015625,215.5565643310547,478.705078125,1164.1654052734375,2048,1536,478,1164
HFW12-F7,2016,201602282014,DM,0,/Volumes/Seagate Portable Drive/KYLE_AI_DATABASE/A_CAMERA/Focal_species/Gulo gulo/HFW12-F7/DM/2016/B&W/Robust marks/02.28-20.14/IMG_3033.JPG,IMG_3033.JPG,HFW12-F7_2016_201602282014_IMG_3033.jpg,0.8064503073692322,612.6766967773438,324.55108642578125,494.96636962890625,1051.5625,2048,1536,494,1051
HFW12-F7,2016,201602282014,DM,0,/Volumes/Seagate Portable Drive/KYLE_AI_DATABASE/A_CAMERA/Focal_species/Gulo gulo/HFW12-F7/DM/2016/B&W/Robust marks/02.28-20.14/IMG_3034.JPG,IMG_3034.JPG,HFW12-F7_2016_201602282014_IMG_3034.jpg,0.8085206747055054,614.6953125,343.87451171875,490.2564697265625,1132.1544189453125,2048,1536,490,1132
HFW12-F7,2016,201602282014,DM,0,/Volumes/Seagate Portable Drive/KYLE_AI_DATABASE/A_CAMERA/Focal_species/Gulo gulo/HFW12-F7/DM/2016/B&W/Robust marks/02.28-20.14/IMG_3043.JPG,IMG_3043.JPG,HFW12-F7_2016_201602282014_IMG_3043.jpg,0.8449305295944214,613.7357177734375,231.06060791015625,485.2454833984375,1263.511474609375,2048,1536,485,1263
HFW12-F7,2016,201602282014,DM,0,/Volumes/Seagate Portable Drive/KYLE_AI_DATABASE/A_CAMERA/Focal_species/Gulo gulo/HFW12-F7/DM/2016/B&W/Robust marks/02.28-20.14/IMG_3044.JPG,IMG_3044.JPG,HFW12-F7_2016_201602282014_IMG_3044.jpg,0.8285762071609497,615.7194213867188,219.1937255859375,480.35076904296875,1135.9564208984375,2048,1536,480,1135
HFW12-F7,2016,201602282014,DM,0,/Volumes/Seagate Portable Drive/KYLE_AI_DATABASE/A_CAMERA/Focal_species/Gulo gulo/HFW12-F7/DM/2016/B&W/Robust marks/02.28-20.14/IMG_3045.JPG,IMG_3045.JPG,HFW12-F7_2016_201602282014_IMG_3045.jpg,0.8666784167289734,614.6783447265625,224.06826782226562,482.154052734375,1261.2608642578125,2048,1536,482,1261
HFW12-F7,2016,201602282014,DM,0,/Volumes/Seagate Portable Drive/KYLE_AI_DATABASE/A_CAMERA/Focal_species/Gulo gulo/HFW12-F7/DM/2016/B&W/Robust marks/02.28-20.14/IMG_3046.JPG,IMG_3046.JPG,HFW12-F7_2016_201602282014_IMG_3046.jpg,0.8581449389457703,606.7010498046875,235.89418029785156,492.329833984375,1259.7259521484375,2048,1536,492,1259
HFW12-F7,2016,201602282014,DM,0,/Volumes/Seagate Portable Drive/KYLE_AI_DATABASE/A_CAMERA/Focal_species/Gulo gulo/HFW12-F7/DM/2016/B&W/Robust marks/02.28-20.14/IMG_3047.JPG,IMG_3047.JPG,HFW12-F7_2016_201602282014_IMG_3047.jpg,0.8147730827331543,611.765869140625,228.6891632080078,476.6209716796875,1191.723876953125,2048,1536,476,1191
HFW12-F7,2016,201602282014,DM,0,/Volumes/Seagate Portable Drive/KYLE_AI_DATABASE/A_CAMERA/Focal_species/Gulo gulo/HFW12-F7/DM/2016/B&W/Robust marks/02.28-20.14/IMG_3048.JPG,IMG_3048.JPG,HFW12-F7_2016_201602282014_IMG_3048.jpg,0.884748637676239,615.0001831054688,244.44387817382812,474.79254150390625,1057.8917236328125,2048,1536,474,1057
HFW12-F7,2016,201602282014,DM,0,/Volumes/Seagate Portable Drive/KYLE_AI_DATABASE/A_CAMERA/Focal_species/Gulo gulo/HFW12-F7/DM/2016/B&W/Robust marks/02.28-20.14/IMG_3049.JPG,IMG_3049.JPG,HFW12-F7_2016_201602282014_IMG_3049.jpg,0.8517618179321289,605.0389404296875,224.30722045898438,479.103759765625,1066.7879638671875,2048,1536,479,1066
HFW12-F7,2016,201602282014,DM,0,/Volumes/Seagate Portable Drive/KYLE_AI_DATABASE/A_CAMERA/Focal_species/Gulo gulo/HFW12-F7/DM/2016/B&W/Robust marks/02.28-20.14/IMG_3059.JPG,IMG_3059.JPG,HFW12-F7_2016_201602282014_IMG_3059.jpg,0.8284904360771179,609.5543212890625,198.1852569580078,488.20751953125,1147.8175048828125,2048,1536,488,1147
HFW12-F7,2016,201602282014,DM,0,/Volumes/Seagate Portable Drive/KYLE_AI_DATABASE/A_CAMERA/Focal_species/Gulo gulo/HFW12-F7/DM/2016/B&W/Robust marks/02.28-20.14/IMG_3061.JPG,IMG_3061.JPG,HFW12-F7_2016_201602282014_IMG_3061.jpg,0.8176534175872803,614.3145751953125,287.45013427734375,479.3858642578125,1018.1492309570312,2048,1536,479,1018
HFW12-F7,2016,201602282014,DM,0,/Volumes/Seagate Portable Drive/KYLE_AI_DATABASE/A_CAMERA/Focal_species/Gulo gulo/HFW12-F7/DM/2016/B&W/Robust marks/02.28-20.14/IMG_3062.JPG,IMG_3062.JPG,HFW12-F7_2016_201602282014_IMG_3062.jpg,0.8529323935508728,613.2431030273438,313.08453369140625,477.94207763671875,1003.3615112304688,2048,1536,477,1003
HFW12-F7,2016,201602282014,DM,0,/Volumes/Seagate Portable Drive/KYLE_AI_DATABASE/A_CAMERA/Focal_species/Gulo gulo/HFW12-F7/DM/2016/B&W/Robust marks/02.28-20.14/IMG_3063.JPG,IMG_3063.JPG,HFW12-F7_2016_201602282014_IMG_3063.jpg,0.8592355847358704,616.2460327148438,325.16680908203125,474.23431396484375,998.7091674804688,2048,1536,474,998
HFW12-F7,2016,201602282014,DM,0,/Volumes/Seagate Portable Drive/KYLE_AI_DATABASE/A_CAMERA/Focal_species/Gulo gulo/HFW12-F7/DM/2016/B&W/Robust marks/02.28-20.14/IMG_3064.JPG,IMG_3064.JPG,HFW12-F7_2016_201602282014_IMG_3064.jpg,0.8598212003707886,613.8723754882812,369.4988708496094,482.18182373046875,955.3018798828125,2048,1536,482,955
HFW12-F7,2016,201602282014,DM,0,/Volumes/Seagate Portable Drive/KYLE_AI_DATABASE/A_CAMERA/Focal_species/Gulo gulo/HFW12-F7/DM/2016/B&W/Robust marks/02.28-20.14/IMG_3065.JPG,IMG_3065.JPG,HFW12-F7_2016_201602282014_IMG_3065.jpg,0.8399900197982788,615.6099243164062,380.73248291015625,474.88958740234375,958.3688354492188,2048,1536,474,958
HFW12-F7,2016,201602282014,DM,0,/Volumes/Seagate Portable Drive/KYLE_AI_DATABASE/A_CAMERA/Focal_species/Gulo gulo/HFW12-F7/DM/2016/B&W/Robust marks/02.28-20.14/IMG_3066.JPG,IMG_3066.JPG,HFW12-F7_2016_201602282014_IMG_3066.jpg,0.8018714189529419,529.8642578125,413.66326904296875,554.928466796875,929.2207641601562,2048,1536,554,929
HFW12-F7,2016,201602282014,DM,0,/Volumes/Seagate Portable Drive/KYLE_AI_DATABASE/A_CAMERA/Focal_species/Gulo gulo/HFW12-F7/DM/2016/B&W/Robust marks/02.28-20.14/IMG_3067.JPG,IMG_3067.JPG,HFW12-F7_2016_201602282014_IMG_3067.jpg,0.8998381495475769,344.91839599609375,716.0640258789062,744.7192993164062,768.4794311523438,2048,1536,744,768
HFW12-F7,2016,201602282014,DM,0,/Volumes/Seagate Portable Drive/KYLE_AI_DATABASE/A_CAMERA/Focal_species/Gulo gulo/HFW12-F7/DM/2016/B&W/Robust marks/02.28-20.14/IMG_3068.JPG,IMG_3068.JPG,HFW12-F7_2016_201602282014_IMG_3068.jpg,0.8256313800811768,172.3818359375,795.843017578125,812.8822021484375,428.27099609375,2048,1536,812,428
HFW12-F7,2016,201602282014,DM,0,/Volumes/Seagate Portable Drive/KYLE_AI_DATABASE/A_CAMERA/Focal_species/Gulo gulo/HFW12-F7/DM/2016/B&W/Robust marks/02.28-20.14/IMG_3072.JPG,IMG_3072.JPG,HFW12-F7_2016_201602282014_IMG_3072.jpg,0.8773869276046753,476.71685791015625,387.76385498046875,489.611328125,818.3192749023438,2048,1536,489,818
HFW12-F7,2016,201602282014,DM,0,/Volumes/Seagate Portable Drive/KYLE_AI_DATABASE/A_CAMERA/Focal_species/Gulo gulo/HFW12-F7/DM/2016/B&W/Robust marks/02.28-20.14/IMG_3073.JPG,IMG_3073.JPG,HFW12-F7_2016_201602282014_IMG_3073.jpg,0.903160572052002,492.6036376953125,368.1163330078125,478.1773681640625,816.8514404296875,2048,1536,478,816
HFW12-F7,2016,201602282014,DM,0,/Volumes/Seagate Portable Drive/KYLE_AI_DATABASE/A_CAMERA/Focal_species/Gulo gulo/HFW12-F7/DM/2016/B&W/Robust marks/02.28-20.14/IMG_3075.JPG,IMG_3075.JPG,HFW12-F7_2016_201602282014_IMG_3075.jpg,0.8815997838973999,464.8065185546875,227.45782470703125,379.1954345703125,1009.2864379882812,2048,1536,379,1009
HFW12-F7,2016,201602282014,DM,0,/Volumes/Seagate Portable Drive/KYLE_AI_DATABASE/A_CAMERA/Focal_species/Gulo gulo/HFW12-F7/DM/2016/B&W/Robust marks/02.28-20.14/IMG_3076.JPG,IMG_3076.JPG,HFW12-F7_2016_201602282014_IMG_3076.jpg,0.880913496017456,469.8001708984375,235.87619018554688,406.9232177734375,1034.6947021484375,2048,1536,406,1034
HFW12-F7,2016,201602282014,DM,0,/Volumes/Seagate Portable Drive/KYLE_AI_DATABASE/A_CAMERA/Focal_species/Gulo gulo/HFW12-F7/DM/2016/B&W/Robust marks/02.28-20.14/IMG_3077.JPG,IMG_3077.JPG,HFW12-F7_2016_201602282014_IMG_3077.jpg,0.8753199577331543,462.5271911621094,236.17886352539062,380.7718811035156,1046.0614013671875,2048,1536,380,1046
HFW12-F7,2016,201602282014,DM,0,/Volumes/Seagate Portable Drive/KYLE_AI_DATABASE/A_CAMERA/Focal_species/Gulo gulo/HFW12-F7/DM/2016/B&W/Robust marks/02.28-20.14/IMG_3078.JPG,IMG_3078.JPG,HFW12-F7_2016_201602282014_IMG_3078.jpg,0.8973223567008972,466.95208740234375,244.92727661132812,382.4307861328125,994.533935546875,2048,1536,382,994
HFW12-F7,2016,201602282014,DM,0,/Volumes/Seagate Portable Drive/KYLE_AI_DATABASE/A_CAMERA/Focal_species/Gulo gulo/HFW12-F7/DM/2016/B&W/Robust marks/02.28-20.14/IMG_3079.JPG,IMG_3079.JPG,HFW12-F7_2016_201602282014_IMG_3079.jpg,0.8718330264091492,459.7792663574219,240.94583129882812,380.6874084472656,1013.58203125,2048,1536,380,1013
HFW12-F7,2016,201602282014,DM,0,/Volumes/Seagate Portable Drive/KYLE_AI_DATABASE/A_CAMERA/Focal_species/Gulo gulo/HFW12-F7/DM/2016/B&W/Robust marks/02.28-20.14/IMG_3080.JPG,IMG_3080.JPG,HFW12-F7_2016_201602282014_IMG_3080.jpg,0.8036054372787476,456.657958984375,227.04693603515625,385.711669921875,1046.97509765625,2048,1536,385,1046
HFW12-F7,2016,201602282014,DM,0,/Volumes/Seagate Portable Drive/KYLE_AI_DATABASE/A_CAMERA/Focal_species/Gulo gulo/HFW12-F7/DM/2016/B&W/Robust marks/02.28-20.14/IMG_3081.JPG,IMG_3081.JPG,HFW12-F7_2016_201602282014_IMG_3081.jpg,0.8713663220405579,474.34844970703125,233.69961547851562,351.3199462890625,1041.2720947265625,2048,1536,351,1041
HFW12-F7,2016,201602282014,DM,0,/Volumes/Seagate Portable Drive/KYLE_AI_DATABASE/A_CAMERA/Focal_species/Gulo gulo/HFW12-F7/DM/2016/B&W/Robust marks/02.28-20.14/IMG_3082.JPG,IMG_3082.JPG,HFW12-F7_2016_201602282014_IMG_3082.jpg,0.8692001700401306,499.64483642578125,253.60606384277344,390.6138916015625,944.1287841796875,2048,1536,390,944
HFW12-F7,2016,201602282014,DM,0,/Volumes/Seagate Portable Drive/KYLE_AI_DATABASE/A_CAMERA/Focal_species/Gulo gulo/HFW12-F7/DM/2016/B&W/Robust marks/02.28-20.14/IMG_3083.JPG,IMG_3083.JPG,HFW12-F7_2016_201602282014_IMG_3083.jpg,0.8099759817123413,481.14642333984375,256.02203369140625,429.6207275390625,1002.5896606445312,2048,1536,429,1002
HFW12-F7,2016,201602282014,DM,0,/Volumes/Seagate Portable Drive/KYLE_AI_DATABASE/A_CAMERA/Focal_species/Gulo gulo/HFW12-F7/DM/2016/B&W/Robust marks/02.28-20.14/IMG_3084.JPG,IMG_3084.JPG,HFW12-F7_2016_201602282014_IMG_3084.jpg,0.8863794207572937,490.5198059082031,237.6283721923828,423.3719177246094,997.9302368164062,2048,1536,423,997
HFW12-F7,2016,201602282014,DM,0,/Volumes/Seagate Portable Drive/KYLE_AI_DATABASE/A_CAMERA/Focal_species/Gulo gulo/HFW12-F7/DM/2016/B&W/Robust marks/02.28-20.14/IMG_3085.JPG,IMG_3085.JPG,HFW12-F7_2016_201602282014_IMG_3085.jpg,0.8518323302268982,483.36639404296875,212.94415283203125,418.28125,1065.66943359375,2048,1536,418,1065
HFW12-F7,2016,201602282014,DM,0,/Volumes/Seagate Portable Drive/KYLE_AI_DATABASE/A_CAMERA/Focal_species/Gulo gulo/HFW12-F7/DM/2016/B&W/Robust marks/02.28-20.14/IMG_3086.JPG,IMG_3086.JPG,HFW12-F7_2016_201602282014_IMG_3086.jpg,0.815299928188324,480.9583740234375,201.39459228515625,400.3026123046875,1060.555908203125,2048,1536,400,1060
HFW12-F7,2016,201602282014,DM,0,/Volumes/Seagate Portable Drive/KYLE_AI_DATABASE/A_CAMERA/Focal_species/Gulo gulo/HFW12-F7/DM/2016/B&W/Robust marks/02.28-20.14/IMG_3087.JPG,IMG_3087.JPG,HFW12-F7_2016_201602282014_IMG_3087.jpg,0.850336492061615,481.474609375,164.38677978515625,399.6588134765625,1091.677978515625,2048,1536,399,1091
HFW12-F7,2016,201602282014,DM,0,/Volumes/Seagate Portable Drive/KYLE_AI_DATABASE/A_CAMERA/Focal_species/Gulo gulo/HFW12-F7/DM/2016/B&W/Robust marks/02.28-20.14/IMG_3088.JPG,IMG_3088.JPG,HFW12-F7_2016_201602282014_IMG_3088.jpg,0.8770432472229004,470.9014587402344,240.13613891601562,428.9343566894531,943.0543212890625,2048,1536,428,943
HFW12-F7,2016,201602282014,DM,0,/Volumes/Seagate Portable Drive/KYLE_AI_DATABASE/A_CAMERA/Focal_species/Gulo gulo/HFW12-F7/DM/2016/B&W/Robust marks/02.28-20.14/IMG_3091.JPG,IMG_3091.JPG,HFW12-F7_2016_201602282014_IMG_3091.jpg,0.9053452610969543,466.76226806640625,231.44696044921875,415.704833984375,928.1648559570312,2048,1536,415,928
HFW12-F7,2016,201602282014,DM,0,/Volumes/Seagate Portable Drive/KYLE_AI_DATABASE/A_CAMERA/Focal_species/Gulo gulo/HFW12-F7/DM/2016/B&W/Robust marks/02.28-20.14/IMG_3094.JPG,IMG_3094.JPG,HFW12-F7_2016_201602282014_IMG_3094.jpg,0.8521068692207336,451.988525390625,295.6222229003906,373.91845703125,902.97119140625,2048,1536,373,902
HFW12-F7,2016,201602282014,DM,0,/Volumes/Seagate Portable Drive/KYLE_AI_DATABASE/A_CAMERA/Focal_species/Gulo gulo/HFW12-F7/DM/2016/B&W/Robust marks/02.28-20.14/IMG_3095.JPG,IMG_3095.JPG,HFW12-F7_2016_201602282014_IMG_3095.jpg,0.8664624691009521,436.8255615234375,283.92205810546875,383.9910888671875,1013.3540649414062,2048,1536,383,1013
HFW12-F7,2016,201602282014,DM,0,/Volumes/Seagate Portable Drive/KYLE_AI_DATABASE/A_CAMERA/Focal_species/Gulo gulo/HFW12-F7/DM/2016/B&W/Robust marks/02.28-20.14/IMG_3096.JPG,IMG_3096.JPG,HFW12-F7_2016_201602282014_IMG_3096.jpg,0.8435530662536621,448.40167236328125,285.20684814453125,373.5037841796875,954.5859985351562,2048,1536,373,954
HFW12-F7,2016,201602282014,DM,0,/Volumes/Seagate Portable Drive/KYLE_AI_DATABASE/A_CAMERA/Focal_species/Gulo gulo/HFW12-F7/DM/2016/B&W/Robust marks/02.28-20.14/IMG_3097.JPG,IMG_3097.JPG,HFW12-F7_2016_201602282014_IMG_3097.jpg,0.8494491577148438,464.8211364746094,268.5006103515625,345.6648254394531,945.1224365234375,2048,1536,345,945
HFW12-F7,2016,201602282014,DM,0,/Volumes/Seagate Portable Drive/KYLE_AI_DATABASE/A_CAMERA/Focal_species/Gulo gulo/HFW12-F7/DM/2016/B&W/Robust marks/02.28-20.14/IMG_3098.JPG,IMG_3098.JPG,HFW12-F7_2016_201602282014_IMG_3098.jpg,0.8857929706573486,452.2676086425781,283.27783203125,357.0345153808594,907.4427490234375,2048,1536,357,907
HFW12-F7,2016,201602282014,DM,0,/Volumes/Seagate Portable Drive/KYLE_AI_DATABASE/A_CAMERA/Focal_species/Gulo gulo/HFW12-F7/DM/2016/B&W/Robust marks/02.28-20.14/IMG_3099.JPG,IMG_3099.JPG,HFW12-F7_2016_201602282014_IMG_3099.jpg,0.8466492891311646,443.1062927246094,288.4324951171875,367.8551330566406,952.5841064453125,2048,1536,367,952
HFW12-F7,2016,201602282014,DM,0,/Volumes/Seagate Portable Drive/KYLE_AI_DATABASE/A_CAMERA/Focal_species/Gulo gulo/HFW12-F7/DM/2016/B&W/Robust marks/02.28-20.14/IMG_3100.JPG,IMG_3100.JPG,HFW12-F7_2016_201602282014_IMG_3100.jpg,0.8240697979927063,462.90460205078125,267.236572265625,349.360595703125,989.060302734375,2048,1536,349,989
HFW12-F7,2016,201602282014,DM,0,/Volumes/Seagate Portable Drive/KYLE_AI_DATABASE/A_CAMERA/Focal_species/Gulo gulo/HFW12-F7/DM/2016/B&W/Robust marks/02.28-20.14/IMG_3101.JPG,IMG_3101.JPG,HFW12-F7_2016_201602282014_IMG_3101.jpg,0.8688421249389648,461.51873779296875,278.530517578125,353.5565185546875,976.05078125,2048,1536,353,976
HFW12-F7,2016,201602282014,DM,0,/Volumes/Seagate Portable Drive/KYLE_AI_DATABASE/A_CAMERA/Focal_species/Gulo gulo/HFW12-F7/DM/2016/B&W/Robust marks/02.28-20.14/IMG_3102.JPG,IMG_3102.JPG,HFW12-F7_2016_201602282014_IMG_3102.jpg,0.9017693996429443,469.5267028808594,284.6171875,398.5581359863281,956.099609375,2048,1536,398,956
HFW12-F7,2016,201602282014,DM,0,/Volumes/Seagate Portable Drive/KYLE_AI_DATABASE/A_CAMERA/Focal_species/Gulo gulo/HFW12-F7/DM/2016/B&W/Robust marks/02.28-20.14/IMG_3103.JPG,IMG_3103.JPG,HFW12-F7_2016_201602282014_IMG_3103.jpg,0.882207989692688,464.582275390625,290.5730895996094,372.589599609375,956.4991455078125,2048,1536,372,956
HFW12-F7,2016,201602282014,DM,0,/Volumes/Seagate Portable Drive/KYLE_AI_DATABASE/A_CAMERA/Focal_species/Gulo gulo/HFW12-F7/DM/2016/B&W/Robust marks/02.28-20.14/IMG_3104.JPG,IMG_3104.JPG,HFW12-F7_2016_201602282014_IMG_3104.jpg,0.8889808058738708,467.34075927734375,289.0714416503906,387.1651611328125,955.053466796875,2048,1536,387,955
HFW12-F7,2016,201602282014,DM,0,/Volumes/Seagate Portable Drive/KYLE_AI_DATABASE/A_CAMERA/Focal_species/Gulo gulo/HFW12-F7/DM/2016/B&W/Robust marks/02.28-20.14/IMG_3105.JPG,IMG_3105.JPG,HFW12-F7_2016_201602282014_IMG_3105.jpg,0.9069530367851257,476.47357177734375,287.0309143066406,370.8367919921875,947.649658203125,2048,1536,370,947
HFW12-F7,2016,201602282014,DM,0,/Volumes/Seagate Portable Drive/KYLE_AI_DATABASE/A_CAMERA/Focal_species/Gulo gulo/HFW12-F7/DM/2016/B&W/Robust marks/02.28-20.14/IMG_3106.JPG,IMG_3106.JPG,HFW12-F7_2016_201602282014_IMG_3106.jpg,0.8736695647239685,464.7330322265625,295.1031494140625,376.309814453125,973.6778564453125,2048,1536,376,973
HFW12-F7,2016,201602282014,DM,0,/Volumes/Seagate Portable Drive/KYLE_AI_DATABASE/A_CAMERA/Focal_species/Gulo gulo/HFW12-F7/DM/2016/B&W/Robust marks/02.28-20.14/IMG_3107.JPG,IMG_3107.JPG,HFW12-F7_2016_201602282014_IMG_3107.jpg,0.846669614315033,456.6595458984375,293.853759765625,385.934326171875,1024.559326171875,2048,1536,385,1024
HFW12-F7,2016,201602282014,DM,0,/Volumes/Seagate Portable Drive/KYLE_AI_DATABASE/A_CAMERA/Focal_species/Gulo gulo/HFW12-F7/DM/2016/B&W/Robust marks/02.28-20.14/IMG_3108.JPG,IMG_3108.JPG,HFW12-F7_2016_201602282014_IMG_3108.jpg,0.8653110861778259,465.1998596191406,299.80975341796875,393.9983825683594,1005.3191528320312,2048,1536,393,1005
HFW12-F7,2016,201602282014,DM,0,/Volumes/Seagate Portable Drive/KYLE_AI_DATABASE/A_CAMERA/Focal_species/Gulo gulo/HFW12-F7/DM/2016/B&W/Robust marks/02.28-20.14/IMG_3109.JPG,IMG_3109.JPG,HFW12-F7_2016_201602282014_IMG_3109.jpg,0.8396772146224976,464.3365478515625,303.2261962890625,388.6591796875,976.7664794921875,2048,1536,388,976
HFW12-F7,2016,201602282014,DM,0,/Volumes/Seagate Portable Drive/KYLE_AI_DATABASE/A_CAMERA/Focal_species/Gulo gulo/HFW12-F7/DM/2016/B&W/Robust marks/02.28-20.14/IMG_3110.JPG,IMG_3110.JPG,HFW12-F7_2016_201602282014_IMG_3110.jpg,0.8660855293273926,461.4666748046875,298.47601318359375,382.6500244140625,969.3081665039062,2048,1536,382,969
HFW12-F7,2016,201602282014,DM,0,/Volumes/Seagate Portable Drive/KYLE_AI_DATABASE/A_CAMERA/Focal_species/Gulo gulo/HFW12-F7/DM/2016/B&W/Robust marks/02.28-20.14/IMG_3111.JPG,IMG_3111.JPG,HFW12-F7_2016_201602282014_IMG_3111.jpg,0.8504511117935181,471.963134765625,269.176025390625,371.7872314453125,911.83056640625,2048,1536,371,911
HFW12-F7,2016,201602282014,DM,0,/Volumes/Seagate Portable Drive/KYLE_AI_DATABASE/A_CAMERA/Focal_species/Gulo gulo/HFW12-F7/DM/2016/B&W/Robust marks/02.28-20.14/IMG_3113.JPG,IMG_3113.JPG,HFW12-F7_2016_201602282014_IMG_3113.jpg,0.9002145528793335,431.30267333984375,275.0517578125,402.39501953125,907.482421875,2048,1536,402,907
HFW12-F7,2016,201602282014,DM,0,/Volumes/Seagate Portable Drive/KYLE_AI_DATABASE/A_CAMERA/Focal_species/Gulo gulo/HFW12-F7/DM/2016/B&W/Robust marks/02.28-20.14/IMG_3114.JPG,IMG_3114.JPG,HFW12-F7_2016_201602282014_IMG_3114.jpg,0.9021542072296143,420.5498046875,251.24130249023438,460.4112548828125,936.6986083984375,2048,1536,460,936
HFW12-F7,2016,201602282014,DM,0,/Volumes/Seagate Portable Drive/KYLE_AI_DATABASE/A_CAMERA/Focal_species/Gulo gulo/HFW12-F7/DM/2016/B&W/Robust marks/02.28-20.14/IMG_3115.JPG,IMG_3115.JPG,HFW12-F7_2016_201602282014_IMG_3115.jpg,0.898260235786438,422.499755859375,293.3438720703125,409.65966796875,911.1951904296875,2048,1536,409,911
HFW12-F7,2016,201602282014,DM,0,/Volumes/Seagate Portable Drive/KYLE_AI_DATABASE/A_CAMERA/Focal_species/Gulo gulo/HFW12-F7/DM/2016/B&W/Robust marks/02.28-20.14/IMG_3116.JPG,IMG_3116.JPG,HFW12-F7_2016_201602282014_IMG_3116.jpg,0.9046233892440796,430.70538330078125,283.6824951171875,429.9117431640625,915.0257568359375,2048,1536,429,915
HFW12-F7,2016,201602282014,DM,0,/Volumes/Seagate Portable Drive/KYLE_AI_DATABASE/A_CAMERA/Focal_species/Gulo gulo/HFW12-F7/DM/2016/B&W/Robust marks/02.28-20.14/IMG_3117.JPG,IMG_3117.JPG,HFW12-F7_2016_201602282014_IMG_3117.jpg,0.910561203956604,446.6389465332031,287.44830322265625,398.8493347167969,897.3397827148438,2048,1536,398,897
HFW12-F7,2016,201602282014,DM,0,/Volumes/Seagate Portable Drive/KYLE_AI_DATABASE/A_CAMERA/Focal_species/Gulo gulo/HFW12-F7/DM/2016/B&W/Robust marks/02.28-20.14/IMG_3118.JPG,IMG_3118.JPG,HFW12-F7_2016_201602282014_IMG_3118.jpg,0.874173641204834,446.5458984375,276.468505859375,393.540283203125,942.88525390625,2048,1536,393,942
HFW12-F7,2016,201602282014,DM,0,/Volumes/Seagate Portable Drive/KYLE_AI_DATABASE/A_CAMERA/Focal_species/Gulo gulo/HFW12-F7/DM/2016/B&W/Robust marks/02.28-20.14/IMG_3119.JPG,IMG_3119.JPG,HFW12-F7_2016_201602282014_IMG_3119.jpg,0.8716307282447815,431.466552734375,253.2703399658203,390.4915771484375,950.1332397460938,2048,1536,390,950
HFW12-F7,2016,201602282014,DM,0,/Volumes/Seagate Portable Drive/KYLE_AI_DATABASE/A_CAMERA/Focal_species/Gulo gulo/HFW12-F7/DM/2016/B&W/Robust marks/02.28-20.14/IMG_3120.JPG,IMG_3120.JPG,HFW12-F7_2016_201602282014_IMG_3120.jpg,0.8783241510391235,445.781494140625,278.28204345703125,393.291015625,968.9215698242188,2048,1536,393,968
HFW12-F7,2016,201602282014,DM,0,/Volumes/Seagate Portable Drive/KYLE_AI_DATABASE/A_CAMERA/Focal_species/Gulo gulo/HFW12-F7/DM/2016/B&W/Robust marks/02.28-20.14/IMG_3121.JPG,IMG_3121.JPG,HFW12-F7_2016_201602282014_IMG_3121.jpg,0.8550418615341187,436.50140380859375,266.62506103515625,415.6932373046875,1021.4821166992188,2048,1536,415,1021
HFW12-F7,2016,201602282014,DM,0,/Volumes/Seagate Portable Drive/KYLE_AI_DATABASE/A_CAMERA/Focal_species/Gulo gulo/HFW12-F7/DM/2016/B&W/Robust marks/02.28-20.14/IMG_3123.JPG,IMG_3123.JPG,HFW12-F7_2016_201602282014_IMG_3123.jpg,0.8886427283287048,402.901611328125,309.0198974609375,404.2548828125,1064.5943603515625,2048,1536,404,1064
HFW12-F7,2016,201602282014,DM,0,/Volumes/Seagate Portable Drive/KYLE_AI_DATABASE/A_CAMERA/Focal_species/Gulo gulo/HFW12-F7/DM/2016/B&W/Robust marks/02.28-20.14/IMG_3124.JPG,IMG_3124.JPG,HFW12-F7_2016_201602282014_IMG_3124.jpg,0.8335973620414734,413.57354736328125,292.488525390625,433.50537109375,1082.933837890625,2048,1536,433,1082
HFW12-F7,2016,201602282014,DM,0,/Volumes/Seagate Portable Drive/KYLE_AI_DATABASE/A_CAMERA/Focal_species/Gulo gulo/HFW12-F7/DM/2016/B&W/Robust marks/02.28-20.14/IMG_3126.JPG,IMG_3126.JPG,HFW12-F7_2016_201602282014_IMG_3126.jpg,0.8913732171058655,419.06024169921875,299.77227783203125,433.6329345703125,1087.046630859375,2048,1536,433,1087
HFW12-F7,2016,201602282014,DM,0,/Volumes/Seagate Portable Drive/KYLE_AI_DATABASE/A_CAMERA/Focal_species/Gulo gulo/HFW12-F7/DM/2016/B&W/Robust marks/02.28-20.14/IMG_3127.JPG,IMG_3127.JPG,HFW12-F7_2016_201602282014_IMG_3127.jpg,0.8461618423461914,418.43658447265625,302.9233703613281,437.7967529296875,1082.706298828125,2048,1536,437,1082
HFW12-F7,2016,201602282014,DM,0,/Volumes/Seagate Portable Drive/KYLE_AI_DATABASE/A_CAMERA/Focal_species/Gulo gulo/HFW12-F7/DM/2016/B&W/Robust marks/02.28-20.14/IMG_3128.JPG,IMG_3128.JPG,HFW12-F7_2016_201602282014_IMG_3128.jpg,0.9099982976913452,418.1672058105469,303.6136474609375,450.5082092285156,1078.8421630859375,2048,1536,450,1078
HFW12-F7,2016,201602282014,DM,0,/Volumes/Seagate Portable Drive/KYLE_AI_DATABASE/A_CAMERA/Focal_species/Gulo gulo/HFW12-F7/DM/2016/B&W/Robust marks/02.28-20.14/IMG_3131.JPG,IMG_3131.JPG,HFW12-F7_2016_201602282014_IMG_3131.jpg,0.8902010321617126,420.409912109375,422.4210205078125,471.65576171875,994.5384521484375,2048,1536,471,994
HFW12-F7,2016,201602282014,DM,0,/Volumes/Seagate Portable Drive/KYLE_AI_DATABASE/A_CAMERA/Focal_species/Gulo gulo/HFW12-F7/DM/2016/B&W/Robust marks/02.28-20.14/IMG_3132.JPG,IMG_3132.JPG,HFW12-F7_2016_201602282014_IMG_3132.jpg,0.8724204301834106,331.5091857910156,776.1968994140625,858.4998779296875,620.107177734375,2048,1536,858,620
HFW12-F7,2016,201602282014,DM,0,/Volumes/Seagate Portable Drive/KYLE_AI_DATABASE/A_CAMERA/Focal_species/Gulo gulo/HFW12-F7/DM/2016/B&W/Robust marks/02.28-20.14/IMG_3133.JPG,IMG_3133.JPG,HFW12-F7_2016_201602282014_IMG_3133.jpg,0.919858992099762,477.5574035644531,792.3217163085938,856.1226806640625,420.68292236328125,2048,1536,856,420
HFW12-F7,2016,201602282014,DM,0,/Volumes/Seagate Portable Drive/KYLE_AI_DATABASE/A_CAMERA/Focal_species/Gulo gulo/HFW12-F7/DM/2016/B&W/Robust marks/02.28-20.14/IMG_3134.JPG,IMG_3134.JPG,HFW12-F7_2016_201602282014_IMG_3134.jpg,0.8759879469871521,896.3839111328125,905.3735961914062,841.877685546875,494.01544189453125,2048,1536,841,494
HFW12-F7,2016,201602282014,DM,0,/Volumes/Seagate Portable Drive/KYLE_AI_DATABASE/A_CAMERA/Focal_species/Gulo gulo/HFW12-F7/DM/2016/B&W/Robust marks/02.28-20.14/IMG_3142.JPG,IMG_3142.JPG,HFW12-F7_2016_201602282014_IMG_3142.jpg,0.8204143643379211,612.5206909179688,365.6294860839844,308.1949462890625,990.595947265625,2048,1536,308,990
HFW12-F7,2016,201602282014,DM,0,/Volumes/Seagate Portable Drive/KYLE_AI_DATABASE/A_CAMERA/Focal_species/Gulo gulo/HFW12-F7/DM/2016/B&W/Robust marks/02.28-20.14/IMG_3144.JPG,IMG_3144.JPG,HFW12-F7_2016_201602282014_IMG_3144.jpg,0.8391667604446411,615.6237182617188,368.51666259765625,477.26141357421875,1121.152099609375,2048,1536,477,1121
HFW12-F7,2016,201602282014,DM,0,/Volumes/Seagate Portable Drive/KYLE_AI_DATABASE/A_CAMERA/Focal_species/Gulo gulo/HFW12-F7/DM/2016/B&W/Robust marks/02.28-20.14/IMG_3145.JPG,IMG_3145.JPG,HFW12-F7_2016_201602282014_IMG_3145.jpg,0.8109346628189087,614.8975219726562,383.9515686035156,474.49725341796875,951.950927734375,2048,1536,474,951
HFW12-F7,2016,201602282014,DM,0,/Volumes/Seagate Portable Drive/KYLE_AI_DATABASE/A_CAMERA/Focal_species/Gulo gulo/HFW12-F7/DM/2016/B&W/Robust marks/02.28-20.14/IMG_3146.JPG,IMG_3146.JPG,HFW12-F7_2016_201602282014_IMG_3146.jpg,0.8520740866661072,616.675048828125,302.1810302734375,483.0992431640625,1046.4517822265625,2048,1536,483,1046
HFW12-F7,2016,201602282014,DM,0,/Volumes/Seagate Portable Drive/KYLE_AI_DATABASE/A_CAMERA/Focal_species/Gulo gulo/HFW12-F7/DM/2016/B&W/Robust marks/02.28-20.14/IMG_3147.JPG,IMG_3147.JPG,HFW12-F7_2016_201602282014_IMG_3147.jpg,0.8036954402923584,617.688232421875,351.19915771484375,471.9913330078125,1141.433837890625,2048,1536,471,1141
HFW12-F7,2016,201602282014,DM,0,/Volumes/Seagate Portable Drive/KYLE_AI_DATABASE/A_CAMERA/Focal_species/Gulo gulo/HFW12-F7/DM/2016/B&W/Robust marks/02.28-20.14/IMG_3148.JPG,IMG_3148.JPG,HFW12-F7_2016_201602282014_IMG_3148.jpg,0.8135995268821716,601.7283935546875,368.66607666015625,489.9561767578125,1088.874267578125,2048,1536,489,1088
HFW12-F7,2016,201602282014,DM,0,/Volumes/Seagate Portable Drive/KYLE_AI_DATABASE/A_CAMERA/Focal_species/Gulo gulo/HFW12-F7/DM/2016/B&W/Robust marks/02.28-20.14/IMG_3149.JPG,IMG_3149.JPG,HFW12-F7_2016_201602282014_IMG_3149.jpg,0.8071770668029785,613.60791015625,330.48187255859375,482.0645751953125,1043.626708984375,2048,1536,482,1043
HFW12-F7,2016,201602282014,DM,0,/Volumes/Seagate Portable Drive/KYLE_AI_DATABASE/A_CAMERA/Focal_species/Gulo gulo/HFW12-F7/DM/2016/B&W/Robust marks/02.28-20.14/IMG_3150.JPG,IMG_3150.JPG,HFW12-F7_2016_201602282014_IMG_3150.jpg,0.8608848452568054,612.2847290039062,372.5518798828125,482.66192626953125,976.0283203125,2048,1536,482,976
HFW12-F7,2016,201602282014,DM,0,/Volumes/Seagate Portable Drive/KYLE_AI_DATABASE/A_CAMERA/Focal_species/Gulo gulo/HFW12-F7/DM/2016/B&W/Robust marks/02.28-20.14/IMG_3153.JPG,IMG_3153.JPG,HFW12-F7_2016_201602282014_IMG_3153.jpg,0.8250958323478699,614.7965698242188,266.81427001953125,486.14166259765625,1220.322021484375,2048,1536,486,1220
HFW12-F7,2016,201602282014,DM,0,/Volumes/Seagate Portable Drive/KYLE_AI_DATABASE/A_CAMERA/Focal_species/Gulo gulo/HFW12-F7/DM/2016/B&W/Robust marks/02.28-20.14/IMG_3154.JPG,IMG_3154.JPG,HFW12-F7_2016_201602282014_IMG_3154.jpg,0.8426889777183533,616.8920288085938,238.2433319091797,479.06488037109375,1152.7867431640625,2048,1536,479,1152
HFW12-F7,2016,201602282014,DM,0,/Volumes/Seagate Portable Drive/KYLE_AI_DATABASE/A_CAMERA/Focal_species/Gulo gulo/HFW12-F7/DM/2016/B&W/Robust marks/02.28-20.14/IMG_3156.JPG,IMG_3156.JPG,HFW12-F7_2016_201602282014_IMG_3156.jpg,0.8082854747772217,607.0393676757812,199.90951538085938,487.29486083984375,1163.02490234375,2048,1536,487,1163
HFW12-F7,2016,201602282014,DM,0,/Volumes/Seagate Portable Drive/KYLE_AI_DATABASE/A_CAMERA/Focal_species/Gulo gulo/HFW12-F7/DM/2016/B&W/Robust marks/02.28-20.14/IMG_3158.JPG,IMG_3158.JPG,HFW12-F7_2016_201602282014_IMG_3158.jpg,0.8250648379325867,613.8775634765625,236.04798889160156,480.2723388671875,1160.9024658203125,2048,1536,480,1160
HFW12-F7,2016,201602282014,DM,0,/Volumes/Seagate Portable Drive/KYLE_AI_DATABASE/A_CAMERA/Focal_species/Gulo gulo/HFW12-F7/DM/2016/B&W/Robust marks/02.28-20.14/IMG_3159.JPG,IMG_3159.JPG,HFW12-F7_2016_201602282014_IMG_3159.jpg,0.817224383354187,615.7774658203125,259.78131103515625,475.1378173828125,1078.68701171875,2048,1536,475,1078
HFW12-F7,2016,201602282014,DM,0,/Volumes/Seagate Portable Drive/KYLE_AI_DATABASE/A_CAMERA/Focal_species/Gulo gulo/HFW12-F7/DM/2016/B&W/Robust marks/02.28-20.14/IMG_3160.JPG,IMG_3160.JPG,HFW12-F7_2016_201602282014_IMG_3160.jpg,0.8497951030731201,614.7318725585938,245.6602020263672,475.39971923828125,1089.7529296875,2048,1536,475,1089
HFW12-F7,2016,201602282014,DM,0,/Volumes/Seagate Portable Drive/KYLE_AI_DATABASE/A_CAMERA/Focal_species/Gulo gulo/HFW12-F7/DM/2016/B&W/Robust marks/02.28-20.14/IMG_3161.JPG,IMG_3161.JPG,HFW12-F7_2016_201602282014_IMG_3161.jpg,0.8205068111419678,560.6701049804688,250.88681030273438,535.2197875976562,1244.2823486328125,2048,1536,535,1244
HFW12-F7,2016,201602282014,DM,0,/Volumes/Seagate Portable Drive/KYLE_AI_DATABASE/A_CAMERA/Focal_species/Gulo gulo/HFW12-F7/DM/2016/B&W/Robust marks/02.28-20.14/IMG_3163.JPG,IMG_3163.JPG,HFW12-F7_2016_201602282014_IMG_3163.jpg,0.8949075937271118,618.012451171875,258.5442810058594,471.0137939453125,1056.6153564453125,2048,1536,471,1056
HFW12-F7,2016,201602282014,DM,0,/Volumes/Seagate Portable Drive/KYLE_AI_DATABASE/A_CAMERA/Focal_species/Gulo gulo/HFW12-F7/DM/2016/B&W/Robust marks/02.28-20.14/IMG_3164.JPG,IMG_3164.JPG,HFW12-F7_2016_201602282014_IMG_3164.jpg,0.8324690461158752,586.1489868164062,236.8788299560547,505.84588623046875,1094.0625,2048,1536,505,1094
HFW12-F7,2016,201602282014,DM,0,/Volumes/Seagate Portable Drive/KYLE_AI_DATABASE/A_CAMERA/Focal_species/Gulo gulo/HFW12-F7/DM/2016/B&W/Robust marks/02.28-20.14/IMG_3165.JPG,IMG_3165.JPG,HFW12-F7_2016_201602282014_IMG_3165.jpg,0.8210910558700562,567.6339111328125,231.19281005859375,518.490478515625,1248.53564453125,2048,1536,518,1248
HFW12-F7,2016,201602282014,DM,0,/Volumes/Seagate Portable Drive/KYLE_AI_DATABASE/A_CAMERA/Focal_species/Gulo gulo/HFW12-F7/DM/2016/B&W/Robust marks/02.28-20.14/IMG_3172.JPG,IMG_3172.JPG,HFW12-F7_2016_201602282014_IMG_3172.jpg,0.815791666507721,611.5927734375,223.52133178710938,484.8367919921875,1094.07861328125,2048,1536,484,1094
HFW12-F7,2016,201602282014,DM,0,/Volumes/Seagate Portable Drive/KYLE_AI_DATABASE/A_CAMERA/Focal_species/Gulo gulo/HFW12-F7/DM/2016/B&W/Robust marks/02.28-20.14/IMG_3174.JPG,IMG_3174.JPG,HFW12-F7_2016_201602282014_IMG_3174.jpg,0.8623539209365845,611.8892211914062,241.5732421875,479.71929931640625,1071.741943359375,2048,1536,479,1071
HFW12-F7,2016,201602282014,DM,0,/Volumes/Seagate Portable Drive/KYLE_AI_DATABASE/A_CAMERA/Focal_species/Gulo gulo/HFW12-F7/DM/2016/B&W/Robust marks/02.28-20.14/IMG_3175.JPG,IMG_3175.JPG,HFW12-F7_2016_201602282014_IMG_3175.jpg,0.8260501027107239,613.73583984375,225.3167724609375,479.6005859375,1115.5108642578125,2048,1536,479,1115
HFW12-F7,2016,201602282014,DM,0,/Volumes/Seagate Portable Drive/KYLE_AI_DATABASE/A_CAMERA/Focal_species/Gulo gulo/HFW12-F7/DM/2016/B&W/Robust marks/02.28-20.14/IMG_3176.JPG,IMG_3176.JPG,HFW12-F7_2016_201602282014_IMG_3176.jpg,0.824860692024231,615.597900390625,252.8639373779297,476.37255859375,1100.851318359375,2048,1536,476,1100
HFW12-F7,2016,201602282014,DM,0,/Volumes/Seagate Portable Drive/KYLE_AI_DATABASE/A_CAMERA/Focal_species/Gulo gulo/HFW12-F7/DM/2016/B&W/Robust marks/02.28-20.14/IMG_3177.JPG,IMG_3177.JPG,HFW12-F7_2016_201602282014_IMG_3177.jpg,0.8544849753379822,616.8937377929688,262.3259582519531,476.57867431640625,1041.691650390625,2048,1536,476,1041
HFW12-F7,2016,201602282014,DM,0,/Volumes/Seagate Portable Drive/KYLE_AI_DATABASE/A_CAMERA/Focal_species/Gulo gulo/HFW12-F7/DM/2016/B&W/Robust marks/02.28-20.14/IMG_3178.JPG,IMG_3178.JPG,HFW12-F7_2016_201602282014_IMG_3178.jpg,0.8009718656539917,618.8056640625,242.41104125976562,472.3917236328125,1077.308349609375,2048,1536,472,1077
HFW12-F7,2016,201602282014,DM,0,/Volumes/Seagate Portable Drive/KYLE_AI_DATABASE/A_CAMERA/Focal_species/Gulo gulo/HFW12-F7/DM/2016/B&W/Robust marks/02.28-20.14/IMG_3179.JPG,IMG_3179.JPG,HFW12-F7_2016_201602282014_IMG_3179.jpg,0.8278375864028931,618.4658813476562,251.97349548339844,473.44171142578125,1083.2593994140625,2048,1536,473,1083
HFW12-F7,2016,201602282014,DM,0,/Volumes/Seagate Portable Drive/KYLE_AI_DATABASE/A_CAMERA/Focal_species/Gulo gulo/HFW12-F7/DM/2016/B&W/Robust marks/02.28-20.14/IMG_3180.JPG,IMG_3180.JPG,HFW12-F7_2016_201602282014_IMG_3180.jpg,0.8703426718711853,611.392578125,259.4232177734375,480.3614501953125,1034.320556640625,2048,1536,480,1034
HFW12-F7,2016,201602282014,DM,0,/Volumes/Seagate Portable Drive/KYLE_AI_DATABASE/A_CAMERA/Focal_species/Gulo gulo/HFW12-F7/DM/2016/B&W/Robust marks/02.28-20.14/IMG_3184.JPG,IMG_3184.JPG,HFW12-F7_2016_201602282014_IMG_3184.jpg,0.8348941206932068,607.2498168945312,258.41717529296875,487.90008544921875,1029.649658203125,2048,1536,487,1029
HFW12-F7,2016,201602282014,DM,0,/Volumes/Seagate Portable Drive/KYLE_AI_DATABASE/A_CAMERA/Focal_species/Gulo gulo/HFW12-F7/DM/2016/B&W/Robust marks/02.28-20.14/IMG_3189.JPG,IMG_3189.JPG,HFW12-F7_2016_201602282014_IMG_3189.jpg,0.8139283657073975,612.2362060546875,383.717529296875,481.8975830078125,898.7864990234375,2048,1536,481,898
HFW12-F7,2016,201602282014,DM,0,/Volumes/Seagate Portable Drive/KYLE_AI_DATABASE/A_CAMERA/Focal_species/Gulo gulo/HFW12-F7/DM/2016/B&W/Robust marks/02.28-20.14/IMG_3191.JPG,IMG_3191.JPG,HFW12-F7_2016_201602282014_IMG_3191.jpg,0.8761431574821472,618.7713623046875,308.8192138671875,474.8538818359375,998.3563232421875,2048,1536,474,998
HFW12-F7,2016,201602282014,DM,0,/Volumes/Seagate Portable Drive/KYLE_AI_DATABASE/A_CAMERA/Focal_species/Gulo gulo/HFW12-F7/DM/2016/B&W/Robust marks/02.28-20.14/IMG_3193.JPG,IMG_3193.JPG,HFW12-F7_2016_201602282014_IMG_3193.jpg,0.8010491728782654,613.9287109375,239.72630310058594,479.414306640625,1106.1103515625,2048,1536,479,1106
HFW12-F7,2016,201602282014,DM,0,/Volumes/Seagate Portable Drive/KYLE_AI_DATABASE/A_CAMERA/Focal_species/Gulo gulo/HFW12-F7/DM/2016/B&W/Robust marks/02.28-20.14/IMG_3194.JPG,IMG_3194.JPG,HFW12-F7_2016_201602282014_IMG_3194.jpg,0.8814770579338074,617.3948974609375,266.85919189453125,477.5184326171875,1044.67822265625,2048,1536,477,1044
HFW12-F7,2016,201602282014,DM,0,/Volumes/Seagate Portable Drive/KYLE_AI_DATABASE/A_CAMERA/Focal_species/Gulo gulo/HFW12-F7/DM/2016/B&W/Robust marks/02.28-20.14/IMG_3195.JPG,IMG_3195.JPG,HFW12-F7_2016_201602282014_IMG_3195.jpg,0.841472327709198,615.8111572265625,226.39288330078125,479.4364013671875,1082.334716796875,2048,1536,479,1082
HFW12-F7,2016,201602282014,DM,0,/Volumes/Seagate Portable Drive/KYLE_AI_DATABASE/A_CAMERA/Focal_species/Gulo gulo/HFW12-F7/DM/2016/B&W/Robust marks/02.28-20.14/IMG_3196.JPG,IMG_3196.JPG,HFW12-F7_2016_201602282014_IMG_3196.jpg,0.8041520118713379,615.6239624023438,304.01129150390625,477.32940673828125,1044.927001953125,2048,1536,477,1044
HFW12-F7,2016,201602282014,DM,0,/Volumes/Seagate Portable Drive/KYLE_AI_DATABASE/A_CAMERA/Focal_species/Gulo gulo/HFW12-F7/DM/2016/B&W/Robust marks/02.28-20.14/IMG_3197.JPG,IMG_3197.JPG,HFW12-F7_2016_201602282014_IMG_3197.jpg,0.8354620337486267,614.3292236328125,259.88848876953125,490.5545654296875,1157.434814453125,2048,1536,490,1157
HFW12-F7,2016,201602282014,DM,0,/Volumes/Seagate Portable Drive/KYLE_AI_DATABASE/A_CAMERA/Focal_species/Gulo gulo/HFW12-F7/DM/2016/B&W/Robust marks/02.28-20.14/IMG_3198.JPG,IMG_3198.JPG,HFW12-F7_2016_201602282014_IMG_3198.jpg,0.8370400667190552,612.7006225585938,261.95355224609375,481.03814697265625,1085.50244140625,2048,1536,481,1085
HFW12-F7,2016,201602282014,DM,0,/Volumes/Seagate Portable Drive/KYLE_AI_DATABASE/A_CAMERA/Focal_species/Gulo gulo/HFW12-F7/DM/2016/B&W/Robust marks/02.28-20.14/IMG_3199.JPG,IMG_3199.JPG,HFW12-F7_2016_201602282014_IMG_3199.jpg,0.8816059827804565,614.974365234375,259.5127258300781,476.3485107421875,1050.7696533203125,2048,1536,476,1050
HFW12-F7,2016,201602282014,DM,0,/Volumes/Seagate Portable Drive/KYLE_AI_DATABASE/A_CAMERA/Focal_species/Gulo gulo/HFW12-F7/DM/2016/B&W/Robust marks/02.28-20.14/IMG_3200.JPG,IMG_3200.JPG,HFW12-F7_2016_201602282014_IMG_3200.jpg,0.858711838722229,613.29345703125,249.8851776123047,479.8975830078125,1059.4293212890625,2048,1536,479,1059
HFW12-F7,2016,201602282014,DM,0,/Volumes/Seagate Portable Drive/KYLE_AI_DATABASE/A_CAMERA/Focal_species/Gulo gulo/HFW12-F7/DM/2016/B&W/Robust marks/02.28-20.14/IMG_3201.JPG,IMG_3201.JPG,HFW12-F7_2016_201602282014_IMG_3201.jpg,0.8696915507316589,619.4271240234375,251.8326416015625,470.8167724609375,1070.6717529296875,2048,1536,470,1070
HFW12-F7,2016,201602282014,DM,0,/Volumes/Seagate Portable Drive/KYLE_AI_DATABASE/A_CAMERA/Focal_species/Gulo gulo/HFW12-F7/DM/2016/B&W/Robust marks/02.28-20.14/IMG_3202.JPG,IMG_3202.JPG,HFW12-F7_2016_201602282014_IMG_3202.jpg,0.8342925310134888,617.6721801757812,247.56564331054688,472.22186279296875,1100.385986328125,2048,1536,472,1100
HFW12-F7,2016,201602282014,DM,0,/Volumes/Seagate Portable Drive/KYLE_AI_DATABASE/A_CAMERA/Focal_species/Gulo gulo/HFW12-F7/DM/2016/B&W/Robust marks/02.28-20.14/IMG_3203.JPG,IMG_3203.JPG,HFW12-F7_2016_201602282014_IMG_3203.jpg,0.8572626113891602,619.0223999023438,250.74737548828125,469.31475830078125,1088.4580078125,2048,1536,469,1088
HFW12-F7,2016,201602282014,DM,0,/Volumes/Seagate Portable Drive/KYLE_AI_DATABASE/A_CAMERA/Focal_species/Gulo gulo/HFW12-F7/DM/2016/B&W/Robust marks/02.28-20.14/IMG_3204.JPG,IMG_3204.JPG,HFW12-F7_2016_201602282014_IMG_3204.jpg,0.8152729272842407,618.0756225585938,218.78256225585938,471.67584228515625,1156.82421875,2048,1536,471,1156
HFW12-F7,2016,201602282014,DM,0,/Volumes/Seagate Portable Drive/KYLE_AI_DATABASE/A_CAMERA/Focal_species/Gulo gulo/HFW12-F7/DM/2016/B&W/Robust marks/02.28-20.14/IMG_3205.JPG,IMG_3205.JPG,HFW12-F7_2016_201602282014_IMG_3205.jpg,0.8594983816146851,617.6758422851562,243.93145751953125,471.59710693359375,1077.940185546875,2048,1536,471,1077
HFW12-F7,2016,201602282014,DM,0,/Volumes/Seagate Portable Drive/KYLE_AI_DATABASE/A_CAMERA/Focal_species/Gulo gulo/HFW12-F7/DM/2016/B&W/Robust marks/02.28-20.14/IMG_3206.JPG,IMG_3206.JPG,HFW12-F7_2016_201602282014_IMG_3206.jpg,0.8695074319839478,618.8434448242188,258.5687255859375,467.58013916015625,1242.6336669921875,2048,1536,467,1242
HFW12-F7,2016,201602282014,DM,0,/Volumes/Seagate Portable Drive/KYLE_AI_DATABASE/A_CAMERA/Focal_species/Gulo gulo/HFW12-F7/DM/2016/B&W/Robust marks/02.28-20.14/IMG_3209.JPG,IMG_3209.JPG,HFW12-F7_2016_201602282014_IMG_3209.jpg,0.8006091117858887,561.4696044921875,250.3424835205078,521.367919921875,1098.98681640625,2048,1536,521,1098
HFW12-F7,2016,201602282014,DM,0,/Volumes/Seagate Portable Drive/KYLE_AI_DATABASE/A_CAMERA/Focal_species/Gulo gulo/HFW12-F7/DM/2016/B&W/Robust marks/02.28-20.14/IMG_3210.JPG,IMG_3210.JPG,HFW12-F7_2016_201602282014_IMG_3210.jpg,0.8626142740249634,620.2783813476562,244.2516632080078,464.20367431640625,1074.165771484375,2048,1536,464,1074
HFW12-F7,2016,201602282014,DM,0,/Volumes/Seagate Portable Drive/KYLE_AI_DATABASE/A_CAMERA/Focal_species/Gulo gulo/HFW12-F7/DM/2016/B&W/Robust marks/02.28-20.14/IMG_3211.JPG,IMG_3211.JPG,HFW12-F7_2016_201602282014_IMG_3211.jpg,0.8026511073112488,614.1241455078125,242.5140380859375,472.6890869140625,1131.5731201171875,2048,1536,472,1131
HFW12-F7,2016,201602282014,DM,0,/Volumes/Seagate Portable Drive/KYLE_AI_DATABASE/A_CAMERA/Focal_species/Gulo gulo/HFW12-F7/DM/2016/B&W/Robust marks/02.28-20.14/IMG_3213.JPG,IMG_3213.JPG,HFW12-F7_2016_201602282014_IMG_3213.jpg,0.8240866661071777,621.623046875,236.48712158203125,466.2139892578125,1063.462646484375,2048,1536,466,1063
HFW12-F7,2016,201602282014,DM,0,/Volumes/Seagate Portable Drive/KYLE_AI_DATABASE/A_CAMERA/Focal_species/Gulo gulo/HFW12-F7/DM/2016/B&W/Robust marks/02.28-20.14/IMG_3217.JPG,IMG_3217.JPG,HFW12-F7_2016_201602282014_IMG_3217.jpg,0.8411068916320801,625.3387451171875,196.62574768066406,462.4337158203125,1057.4976806640625,2048,1536,462,1057
HFW12-F7,2016,201602282014,DM,0,/Volumes/Seagate Portable Drive/KYLE_AI_DATABASE/A_CAMERA/Focal_species/Gulo gulo/HFW12-F7/DM/2016/B&W/Robust marks/02.28-20.14/IMG_3218.JPG,IMG_3218.JPG,HFW12-F7_2016_201602282014_IMG_3218.jpg,0.8174997568130493,625.214599609375,187.7090606689453,453.2618408203125,1082.5753173828125,2048,1536,453,1082
HFW12-F7,2016,201602282014,DM,0,/Volumes/Seagate Portable Drive/KYLE_AI_DATABASE/A_CAMERA/Focal_species/Gulo gulo/HFW12-F7/DM/2016/B&W/Robust marks/02.28-20.14/IMG_3219.JPG,IMG_3219.JPG,HFW12-F7_2016_201602282014_IMG_3219.jpg,0.8236244320869446,634.6826171875,198.43807983398438,448.9342041015625,1084.6087646484375,2048,1536,448,1084
HFW12-F7,2016,201602282014,DM,0,/Volumes/Seagate Portable Drive/KYLE_AI_DATABASE/A_CAMERA/Focal_species/Gulo gulo/HFW12-F7/DM/2016/B&W/Robust marks/02.28-20.14/IMG_3220.JPG,IMG_3220.JPG,HFW12-F7_2016_201602282014_IMG_3220.jpg,0.8587230443954468,627.1251831054688,187.0857696533203,459.18914794921875,1100.2449951171875,2048,1536,459,1100
HFW12-F7,2016,201602282014,DM,0,/Volumes/Seagate Portable Drive/KYLE_AI_DATABASE/A_CAMERA/Focal_species/Gulo gulo/HFW12-F7/DM/2016/B&W/Robust marks/02.28-20.14/IMG_3221.JPG,IMG_3221.JPG,HFW12-F7_2016_201602282014_IMG_3221.jpg,0.830650806427002,610.193115234375,194.1096954345703,475.8819580078125,1301.8338623046875,2048,1536,475,1301
HFW12-F7,2016,201602282014,DM,0,/Volumes/Seagate Portable Drive/KYLE_AI_DATABASE/A_CAMERA/Focal_species/Gulo gulo/HFW12-F7/DM/2016/B&W/Robust marks/02.28-20.14/IMG_3239.JPG,IMG_3239.JPG,HFW12-F7_2016_201602282014_IMG_3239.jpg,0.8440127968788147,632.412353515625,205.35914611816406,459.2855224609375,1016.312255859375,2048,1536,459,1016
HFW12-F7,2016,201602282014,DM,0,/Volumes/Seagate Portable Drive/KYLE_AI_DATABASE/A_CAMERA/Focal_species/Gulo gulo/HFW12-F7/DM/2016/B&W/Robust marks/02.28-20.14/IMG_3242.JPG,IMG_3242.JPG,HFW12-F7_2016_201602282014_IMG_3242.jpg,0.8778049945831299,615.4334106445312,194.70899963378906,467.36785888671875,1297.753173828125,2048,1536,467,1297
HFW12-F7,2016,201602282014,DM,0,/Volumes/Seagate Portable Drive/KYLE_AI_DATABASE/A_CAMERA/Focal_species/Gulo gulo/HFW12-F7/DM/2016/B&W/Robust marks/02.28-20.14/IMG_3247.JPG,IMG_3247.JPG,HFW12-F7_2016_201602282014_IMG_3247.jpg,0.8181195855140686,616.9273071289062,239.9267120361328,483.58245849609375,1147.3359375,2048,1536,483,1147
HFW12-F7,2016,201602282014,DM,0,/Volumes/Seagate Portable Drive/KYLE_AI_DATABASE/A_CAMERA/Focal_species/Gulo gulo/HFW12-F7/DM/2016/B&W/Robust marks/02.28-20.14/IMG_3251.JPG,IMG_3251.JPG,HFW12-F7_2016_201602282014_IMG_3251.jpg,0.8194630742073059,631.5409545898438,192.5218048095703,458.35882568359375,1102.679443359375,2048,1536,458,1102
HFW12-F7,2016,201602282014,DM,0,/Volumes/Seagate Portable Drive/KYLE_AI_DATABASE/A_CAMERA/Focal_species/Gulo gulo/HFW12-F7/DM/2016/B&W/Robust marks/02.28-20.14/IMG_3254.JPG,IMG_3254.JPG,HFW12-F7_2016_201602282014_IMG_3254.jpg,0.812616765499115,614.478271484375,233.5037384033203,489.589599609375,1090.4110107421875,2048,1536,489,1090
HFW12-F7,2016,201602282014,DM,0,/Volumes/Seagate Portable Drive/KYLE_AI_DATABASE/A_CAMERA/Focal_species/Gulo gulo/HFW12-F7/DM/2016/B&W/Robust marks/02.28-20.14/IMG_3255.JPG,IMG_3255.JPG,HFW12-F7_2016_201602282014_IMG_3255.jpg,0.8584067225456238,621.4859619140625,230.72314453125,477.4715576171875,1068.090576171875,2048,1536,477,1068
HFW12-F7,2016,201602282014,DM,0,/Volumes/Seagate Portable Drive/KYLE_AI_DATABASE/A_CAMERA/Focal_species/Gulo gulo/HFW12-F7/DM/2016/B&W/Robust marks/02.28-20.14/IMG_3256.JPG,IMG_3256.JPG,HFW12-F7_2016_201602282014_IMG_3256.jpg,0.8075752258300781,623.350830078125,231.18841552734375,491.121826171875,1037.23828125,2048,1536,491,1037
HFW12-F7,2016,201602282014,DM,0,/Volumes/Seagate Portable Drive/KYLE_AI_DATABASE/A_CAMERA/Focal_species/Gulo gulo/HFW12-F7/DM/2016/B&W/Robust marks/02.28-20.14/IMG_3257.JPG,IMG_3257.JPG,HFW12-F7_2016_201602282014_IMG_3257.jpg,0.8194306492805481,617.8572387695312,232.2924041748047,484.14556884765625,1078.7862548828125,2048,1536,484,1078
HFW12-F7,2016,201602282014,DM,0,/Volumes/Seagate Portable Drive/KYLE_AI_DATABASE/A_CAMERA/Focal_species/Gulo gulo/HFW12-F7/DM/2016/B&W/Robust marks/02.28-20.14/IMG_3258.JPG,IMG_3258.JPG,HFW12-F7_2016_201602282014_IMG_3258.jpg,0.8016682267189026,615.0254516601562,228.45726013183594,473.05902099609375,1087.8985595703125,2048,1536,473,1087
HFW12-F7,2016,201602282014,DM,0,/Volumes/Seagate Portable Drive/KYLE_AI_DATABASE/A_CAMERA/Focal_species/Gulo gulo/HFW12-F7/DM/2016/B&W/Robust marks/02.28-20.14/IMG_3260.JPG,IMG_3260.JPG,HFW12-F7_2016_201602282014_IMG_3260.jpg,0.8078106641769409,612.9517211914062,234.3625946044922,486.95965576171875,1094.484130859375,2048,1536,486,1094
HFW12-F7,2016,201602282014,DM,0,/Volumes/Seagate Portable Drive/KYLE_AI_DATABASE/A_CAMERA/Focal_species/Gulo gulo/HFW12-F7/DM/2016/B&W/Robust marks/02.28-20.14/IMG_3261.JPG,IMG_3261.JPG,HFW12-F7_2016_201602282014_IMG_3261.jpg,0.8161179423332214,612.1798706054688,222.8155517578125,483.18341064453125,1175.751708984375,2048,1536,483,1175
HFW12-F7,2016,201602282014,DM,0,/Volumes/Seagate Portable Drive/KYLE_AI_DATABASE/A_CAMERA/Focal_species/Gulo gulo/HFW12-F7/DM/2016/B&W/Robust marks/02.28-20.14/IMG_3265.JPG,IMG_3265.JPG,HFW12-F7_2016_201602282014_IMG_3265.jpg,0.8109086751937866,611.5841674804688,248.9662628173828,479.36077880859375,1076.67333984375,2048,1536,479,1076
HFW12-F7,2016,201602282014,DM,0,/Volumes/Seagate Portable Drive/KYLE_AI_DATABASE/A_CAMERA/Focal_species/Gulo gulo/HFW12-F7/DM/2016/B&W/Robust marks/02.28-20.14/IMG_3266.JPG,IMG_3266.JPG,HFW12-F7_2016_201602282014_IMG_3266.jpg,0.8068800568580627,621.4609375,291.7867126464844,466.3507080078125,1189.2861328125,2048,1536,466,1189
HFW12-F7,2016,201602282014,DM,0,/Volumes/Seagate Portable Drive/KYLE_AI_DATABASE/A_CAMERA/Focal_species/Gulo gulo/HFW12-F7/DM/2016/B&W/Robust marks/02.28-20.14/IMG_3271.JPG,IMG_3271.JPG,HFW12-F7_2016_201602282014_IMG_3271.jpg,0.8543540835380554,615.5362548828125,225.15953063964844,472.426513671875,1266.3533935546875,2048,1536,472,1266
HFW12-F7,2016,201602282014,DM,0,/Volumes/Seagate Portable Drive/KYLE_AI_DATABASE/A_CAMERA/Focal_species/Gulo gulo/HFW12-F7/DM/2016/B&W/Robust marks/02.28-20.14/IMG_3275.JPG,IMG_3275.JPG,HFW12-F7_2016_201602282014_IMG_3275.jpg,0.8094090819358826,622.8458251953125,241.247314453125,470.179931640625,972.596435546875,2048,1536,470,972
HFW12-F7,2016,201602282014,DM,0,/Volumes/Seagate Portable Drive/KYLE_AI_DATABASE/A_CAMERA/Focal_species/Gulo gulo/HFW12-F7/DM/2016/B&W/Robust marks/02.28-20.14/IMG_3276.JPG,IMG_3276.JPG,HFW12-F7_2016_201602282014_IMG_3276.jpg,0.8018489480018616,612.5684204101562,214.79360961914062,475.48138427734375,1133.60986328125,2048,1536,475,1133
HFW12-F7,2016,201602282014,DM,0,/Volumes/Seagate Portable Drive/KYLE_AI_DATABASE/A_CAMERA/Focal_species/Gulo gulo/HFW12-F7/DM/2016/B&W/Robust marks/02.28-20.14/IMG_3284.JPG,IMG_3284.JPG,HFW12-F7_2016_201602282014_IMG_3284.jpg,0.8569894433021545,621.5055541992188,242.47128295898438,465.00897216796875,996.1868896484375,2048,1536,465,996
HFW12-F7,2016,201602282014,DM,0,/Volumes/Seagate Portable Drive/KYLE_AI_DATABASE/A_CAMERA/Focal_species/Gulo gulo/HFW12-F7/DM/2016/B&W/Robust marks/02.28-20.14/IMG_3285.JPG,IMG_3285.JPG,HFW12-F7_2016_201602282014_IMG_3285.jpg,0.8786981701850891,616.933349609375,238.5428466796875,473.376220703125,1072.6593017578125,2048,1536,473,1072
HFW12-F7,2016,201602282014,DM,0,/Volumes/Seagate Portable Drive/KYLE_AI_DATABASE/A_CAMERA/Focal_species/Gulo gulo/HFW12-F7/DM/2016/B&W/Robust marks/02.28-20.14/IMG_3286.JPG,IMG_3286.JPG,HFW12-F7_2016_201602282014_IMG_3286.jpg,0.8960314393043518,615.4826049804688,248.0585174560547,468.91802978515625,1246.859619140625,2048,1536,468,1246
HFW12-F7,2016,201602282014,DM,0,/Volumes/Seagate Portable Drive/KYLE_AI_DATABASE/A_CAMERA/Focal_species/Gulo gulo/HFW12-F7/DM/2016/B&W/Robust marks/02.28-20.14/IMG_3287.JPG,IMG_3287.JPG,HFW12-F7_2016_201602282014_IMG_3287.jpg,0.8419069647789001,623.8284912109375,241.59645080566406,471.5177001953125,1220.7764892578125,2048,1536,471,1220
HFW12-F7,2016,201602282014,DM,0,/Volumes/Seagate Portable Drive/KYLE_AI_DATABASE/A_CAMERA/Focal_species/Gulo gulo/HFW12-F7/DM/2016/B&W/Robust marks/02.28-20.14/IMG_3288.JPG,IMG_3288.JPG,HFW12-F7_2016_201602282014_IMG_3288.jpg,0.8559512495994568,617.2177734375,243.5204315185547,472.5570068359375,1063.91162109375,2048,1536,472,1063
HFW12-F7,2016,201602282014,DM,0,/Volumes/Seagate Portable Drive/KYLE_AI_DATABASE/A_CAMERA/Focal_species/Gulo gulo/HFW12-F7/DM/2016/B&W/Robust marks/02.28-20.14/IMG_3292.JPG,IMG_3292.JPG,HFW12-F7_2016_201602282014_IMG_3292.jpg,0.8061414361000061,615.4107055664062,259.40252685546875,472.13226318359375,1102.4794921875,2048,1536,472,1102
HFW12-F7,2016,201602282014,DM,0,/Volumes/Seagate Portable Drive/KYLE_AI_DATABASE/A_CAMERA/Focal_species/Gulo gulo/HFW12-F7/DM/2016/B&W/Robust marks/02.28-20.14/IMG_3296.JPG,IMG_3296.JPG,HFW12-F7_2016_201602282014_IMG_3296.jpg,0.8200744390487671,620.6542358398438,210.74404907226562,466.69268798828125,1084.5423583984375,2048,1536,466,1084
HFW12-F7,2016,201602282014,DM,0,/Volumes/Seagate Portable Drive/KYLE_AI_DATABASE/A_CAMERA/Focal_species/Gulo gulo/HFW12-F7/DM/2016/B&W/Robust marks/02.28-20.14/IMG_3297.JPG,IMG_3297.JPG,HFW12-F7_2016_201602282014_IMG_3297.jpg,0.8243071436882019,618.798583984375,248.63031005859375,467.907470703125,1047.9736328125,2048,1536,467,1047
HFW12-F7,2016,201602282014,DM,0,/Volumes/Seagate Portable Drive/KYLE_AI_DATABASE/A_CAMERA/Focal_species/Gulo gulo/HFW12-F7/DM/2016/B&W/Robust marks/02.28-20.14/IMG_3299.JPG,IMG_3299.JPG,HFW12-F7_2016_201602282014_IMG_3299.jpg,0.8254234194755554,625.3961181640625,168.06207275390625,464.2232666015625,1159.720947265625,2048,1536,464,1159
HFW12-F7,2016,201602282014,DM,0,/Volumes/Seagate Portable Drive/KYLE_AI_DATABASE/A_CAMERA/Focal_species/Gulo gulo/HFW12-F7/DM/2016/B&W/Robust marks/02.28-20.14/IMG_3302.JPG,IMG_3302.JPG,HFW12-F7_2016_201602282014_IMG_3302.jpg,0.831481397151947,623.1024169921875,220.56005859375,466.0833740234375,1083.148681640625,2048,1536,466,1083
HFW12-F7,2016,201602282014,DM,0,/Volumes/Seagate Portable Drive/KYLE_AI_DATABASE/A_CAMERA/Focal_species/Gulo gulo/HFW12-F7/DM/2016/B&W/Robust marks/02.28-20.14/IMG_3303.JPG,IMG_3303.JPG,HFW12-F7_2016_201602282014_IMG_3303.jpg,0.8437884449958801,627.7756958007812,227.07669067382812,492.03851318359375,1039.6866455078125,2048,1536,492,1039
HFW12-F7,2016,201602282014,DM,0,/Volumes/Seagate Portable Drive/KYLE_AI_DATABASE/A_CAMERA/Focal_species/Gulo gulo/HFW12-F7/DM/2016/B&W/Robust marks/02.28-20.14/IMG_3304.JPG,IMG_3304.JPG,HFW12-F7_2016_201602282014_IMG_3304.jpg,0.8658743500709534,629.6661987304688,209.32850646972656,470.92315673828125,1089.338623046875,2048,1536,470,1089
HFW12-F7,2016,201602282014,DM,0,/Volumes/Seagate Portable Drive/KYLE_AI_DATABASE/A_CAMERA/Focal_species/Gulo gulo/HFW12-F7/DM/2016/B&W/Robust marks/02.28-20.14/IMG_3306.JPG,IMG_3306.JPG,HFW12-F7_2016_201602282014_IMG_3306.jpg,0.808192789554596,627.9053344726562,206.25132751464844,472.56683349609375,1278.14697265625,2048,1536,472,1278
HFW12-F7,2016,201602282014,DM,0,/Volumes/Seagate Portable Drive/KYLE_AI_DATABASE/A_CAMERA/Focal_species/Gulo gulo/HFW12-F7/DM/2016/B&W/Robust marks/02.28-20.14/IMG_3308.JPG,IMG_3308.JPG,HFW12-F7_2016_201602282014_IMG_3308.jpg,0.827183187007904,608.54248046875,235.65248107910156,487.5543212890625,1246.5120849609375,2048,1536,487,1246
HFW12-F7,2016,201602282014,DM,0,/Volumes/Seagate Portable Drive/KYLE_AI_DATABASE/A_CAMERA/Focal_species/Gulo gulo/HFW12-F7/DM/2016/B&W/Robust marks/02.28-20.14/IMG_3310.JPG,IMG_3310.JPG,HFW12-F7_2016_201602282014_IMG_3310.jpg,0.8649291396141052,629.4583740234375,102.41748046875,458.9124755859375,1180.8270263671875,2048,1536,458,1180
HFW12-F7,2016,201602282014,DM,0,/Volumes/Seagate Portable Drive/KYLE_AI_DATABASE/A_CAMERA/Focal_species/Gulo gulo/HFW12-F7/DM/2016/B&W/Robust marks/02.28-20.14/IMG_3311.JPG,IMG_3311.JPG,HFW12-F7_2016_201602282014_IMG_3311.jpg,0.8901854157447815,625.22802734375,195.08770751953125,477.4212646484375,1079.416748046875,2048,1536,477,1079
HFW12-F7,2016,201602282014,DM,0,/Volumes/Seagate Portable Drive/KYLE_AI_DATABASE/A_CAMERA/Focal_species/Gulo gulo/HFW12-F7/DM/2016/B&W/Robust marks/02.28-20.14/IMG_3312.JPG,IMG_3312.JPG,HFW12-F7_2016_201602282014_IMG_3312.jpg,0.8764787316322327,628.1917114257812,169.74856567382812,458.78826904296875,1106.4072265625,2048,1536,458,1106
HFW12-F7,2016,201602282014,DM,0,/Volumes/Seagate Portable Drive/KYLE_AI_DATABASE/A_CAMERA/Focal_species/Gulo gulo/HFW12-F7/DM/2016/B&W/Robust marks/02.28-20.14/IMG_3313.JPG,IMG_3313.JPG,HFW12-F7_2016_201602282014_IMG_3313.jpg,0.8834238648414612,627.222900390625,201.5328826904297,549.9281005859375,1080.70458984375,2048,1536,549,1080
HFW12-F7,2016,201602282014,DM,0,/Volumes/Seagate Portable Drive/KYLE_AI_DATABASE/A_CAMERA/Focal_species/Gulo gulo/HFW12-F7/DM/2016/B&W/Robust marks/02.28-20.14/IMG_3314.JPG,IMG_3314.JPG,HFW12-F7_2016_201602282014_IMG_3314.jpg,0.8498097658157349,624.13916015625,193.74517822265625,462.314697265625,1099.77001953125,2048,1536,462,1099
HFW12-F7,2016,201602282014,DM,0,/Volumes/Seagate Portable Drive/KYLE_AI_DATABASE/A_CAMERA/Focal_species/Gulo gulo/HFW12-F7/DM/2016/B&W/Robust marks/02.28-20.14/IMG_3317.JPG,IMG_3317.JPG,HFW12-F7_2016_201602282014_IMG_3317.jpg,0.8000457286834717,622.2869873046875,183.1695556640625,527.1063232421875,1038.0614013671875,2048,1536,527,1038
HFW12-F7,2016,201602282014,DM,0,/Volumes/Seagate Portable Drive/KYLE_AI_DATABASE/A_CAMERA/Focal_species/Gulo gulo/HFW12-F7/DM/2016/B&W/Robust marks/02.28-20.14/IMG_3319.JPG,IMG_3319.JPG,HFW12-F7_2016_201602282014_IMG_3319.jpg,0.8405672311782837,621.5611572265625,201.5957794189453,539.2950439453125,1020.8334350585938,2048,1536,539,1020
HFW12-F7,2016,201602282014,DM,0,/Volumes/Seagate Portable Drive/KYLE_AI_DATABASE/A_CAMERA/Focal_species/Gulo gulo/HFW12-F7/DM/2016/B&W/Robust marks/02.28-20.14/IMG_3322.JPG,IMG_3322.JPG,HFW12-F7_2016_201602282014_IMG_3322.jpg,0.858548104763031,621.0012817382812,188.7926788330078,473.47979736328125,1025.2021484375,2048,1536,473,1025
HFW12-F7,2016,201602282014,DM,0,/Volumes/Seagate Portable Drive/KYLE_AI_DATABASE/A_CAMERA/Focal_species/Gulo gulo/HFW12-F7/DM/2016/B&W/Robust marks/02.28-20.14/IMG_3327.JPG,IMG_3327.JPG,HFW12-F7_2016_201602282014_IMG_3327.jpg,0.8163238763809204,619.8009033203125,214.3601531982422,473.94873046875,1131.51806640625,2048,1536,473,1131
HFW12-F7,2016,201602282014,DM,0,/Volumes/Seagate Portable Drive/KYLE_AI_DATABASE/A_CAMERA/Focal_species/Gulo gulo/HFW12-F7/DM/2016/B&W/Robust marks/02.28-20.14/IMG_3346.JPG,IMG_3346.JPG,HFW12-F7_2016_201602282014_IMG_3346.jpg,0.8308917284011841,621.204833984375,216.81582641601562,469.9869384765625,1034.8564453125,2048,1536,469,1034
HFW12-F7,2016,201602282014,DM,0,/Volumes/Seagate Portable Drive/KYLE_AI_DATABASE/A_CAMERA/Focal_species/Gulo gulo/HFW12-F7/DM/2016/B&W/Robust marks/02.28-20.14/IMG_3349.JPG,IMG_3349.JPG,HFW12-F7_2016_201602282014_IMG_3349.jpg,0.8210872411727905,523.404296875,238.40396118164062,578.0443115234375,1261.3692626953125,2048,1536,578,1261
HFW12-F7,2016,201602282014,DM,0,/Volumes/Seagate Portable Drive/KYLE_AI_DATABASE/A_CAMERA/Focal_species/Gulo gulo/HFW12-F7/DM/2016/B&W/Robust marks/02.28-20.14/IMG_3352.JPG,IMG_3352.JPG,HFW12-F7_2016_201602282014_IMG_3352.jpg,0.8110750913619995,621.376953125,207.5016632080078,477.185791015625,1030.2938232421875,2048,1536,477,1030
HFW12-F7,2016,201602282014,DM,0,/Volumes/Seagate Portable Drive/KYLE_AI_DATABASE/A_CAMERA/Focal_species/Gulo gulo/HFW12-F7/DM/2016/B&W/Robust marks/02.28-20.14/IMG_3353.JPG,IMG_3353.JPG,HFW12-F7_2016_201602282014_IMG_3353.jpg,0.8301530480384827,621.033203125,205.7907257080078,471.3438720703125,1013.3606567382812,2048,1536,471,1013
HFW12-F7,2016,201602282014,DM,0,/Volumes/Seagate Portable Drive/KYLE_AI_DATABASE/A_CAMERA/Focal_species/Gulo gulo/HFW12-F7/DM/2016/B&W/Robust marks/02.28-20.14/IMG_3354.JPG,IMG_3354.JPG,HFW12-F7_2016_201602282014_IMG_3354.jpg,0.8213134407997131,621.603515625,199.98655700683594,474.1007080078125,1028.90478515625,2048,1536,474,1028
HFW12-F7,2016,201602282014,DM,0,/Volumes/Seagate Portable Drive/KYLE_AI_DATABASE/A_CAMERA/Focal_species/Gulo gulo/HFW12-F7/DM/2016/B&W/Robust marks/02.28-20.14/IMG_3355.JPG,IMG_3355.JPG,HFW12-F7_2016_201602282014_IMG_3355.jpg,0.8284744024276733,622.80517578125,202.2469024658203,475.643798828125,1096.2041015625,2048,1536,475,1096
HFW12-F7,2016,201602282014,DM,0,/Volumes/Seagate Portable Drive/KYLE_AI_DATABASE/A_CAMERA/Focal_species/Gulo gulo/HFW12-F7/DM/2016/B&W/Robust marks/02.28-20.14/IMG_3357.JPG,IMG_3357.JPG,HFW12-F7_2016_201602282014_IMG_3357.jpg,0.846425473690033,621.8395385742188,237.76702880859375,471.62115478515625,1017.3661499023438,2048,1536,471,1017
HFW12-F7,2016,201602282014,DM,0,/Volumes/Seagate Portable Drive/KYLE_AI_DATABASE/A_CAMERA/Focal_species/Gulo gulo/HFW12-F7/DM/2016/B&W/Robust marks/02.28-20.14/IMG_3358.JPG,IMG_3358.JPG,HFW12-F7_2016_201602282014_IMG_3358.jpg,0.8346683979034424,473.56805419921875,230.84161376953125,616.7473754882812,1015.1261596679688,2048,1536,616,1015
HFW12-F7,2016,201602282014,DM,0,/Volumes/Seagate Portable Drive/KYLE_AI_DATABASE/A_CAMERA/Focal_species/Gulo gulo/HFW12-F7/DM/2016/B&W/Robust marks/02.28-20.14/IMG_3361.JPG,IMG_3361.JPG,HFW12-F7_2016_201602282014_IMG_3361.jpg,0.8421160578727722,522.992919921875,188.51165771484375,568.114013671875,1058.213623046875,2048,1536,568,1058
HFW12-F7,2016,201602282014,DM,0,/Volumes/Seagate Portable Drive/KYLE_AI_DATABASE/A_CAMERA/Focal_species/Gulo gulo/HFW12-F7/DM/2016/B&W/Robust marks/02.28-20.14/IMG_3362.JPG,IMG_3362.JPG,HFW12-F7_2016_201602282014_IMG_3362.jpg,0.8413522839546204,619.3904418945312,207.7225799560547,477.74188232421875,1081.3929443359375,2048,1536,477,1081
HFW12-F7,2016,201602282014,DM,0,/Volumes/Seagate Portable Drive/KYLE_AI_DATABASE/A_CAMERA/Focal_species/Gulo gulo/HFW12-F7/DM/2016/B&W/Robust marks/02.28-20.14/IMG_3363.JPG,IMG_3363.JPG,HFW12-F7_2016_201602282014_IMG_3363.jpg,0.8797751069068909,621.9464111328125,199.1136932373047,473.3563232421875,1040.8050537109375,2048,1536,473,1040
HFW12-F7,2016,201602282014,DM,0,/Volumes/Seagate Portable Drive/KYLE_AI_DATABASE/A_CAMERA/Focal_species/Gulo gulo/HFW12-F7/DM/2016/B&W/Robust marks/02.28-20.14/IMG_3364.JPG,IMG_3364.JPG,HFW12-F7_2016_201602282014_IMG_3364.jpg,0.8215237855911255,626.2753295898438,197.25732421875,474.48883056640625,1071.18115234375,2048,1536,474,1071
HFW12-F7,2016,201602282014,DM,0,/Volumes/Seagate Portable Drive/KYLE_AI_DATABASE/A_CAMERA/Focal_species/Gulo gulo/HFW12-F7/DM/2016/B&W/Robust marks/02.28-20.14/IMG_3365.JPG,IMG_3365.JPG,HFW12-F7_2016_201602282014_IMG_3365.jpg,0.8026137948036194,619.7283935546875,217.97181701660156,472.2008056640625,1019.2843017578125,2048,1536,472,1019
HFW12-F7,2016,201602282014,DM,0,/Volumes/Seagate Portable Drive/KYLE_AI_DATABASE/A_CAMERA/Focal_species/Gulo gulo/HFW12-F7/DM/2016/B&W/Robust marks/02.28-20.14/IMG_3366.JPG,IMG_3366.JPG,HFW12-F7_2016_201602282014_IMG_3366.jpg,0.8156753778457642,622.0504150390625,200.3917236328125,471.6505126953125,1058.5540771484375,2048,1536,471,1058
HFW12-F7,2016,201602282014,DM,0,/Volumes/Seagate Portable Drive/KYLE_AI_DATABASE/A_CAMERA/Focal_species/Gulo gulo/HFW12-F7/DM/2016/B&W/Robust marks/02.28-20.14/IMG_3367.JPG,IMG_3367.JPG,HFW12-F7_2016_201602282014_IMG_3367.jpg,0.8607882857322693,622.2842407226562,204.67478942871094,469.84466552734375,1011.155517578125,2048,1536,469,1011
HFW12-F7,2016,201602282014,DM,0,/Volumes/Seagate Portable Drive/KYLE_AI_DATABASE/A_CAMERA/Focal_species/Gulo gulo/HFW12-F7/DM/2016/B&W/Robust marks/02.28-20.14/IMG_3369.JPG,IMG_3369.JPG,HFW12-F7_2016_201602282014_IMG_3369.jpg,0.8352569937705994,623.693115234375,201.43386840820312,474.9571533203125,1080.4185791015625,2048,1536,474,1080
HFW12-F7,2016,201602282014,DM,0,/Volumes/Seagate Portable Drive/KYLE_AI_DATABASE/A_CAMERA/Focal_species/Gulo gulo/HFW12-F7/DM/2016/B&W/Robust marks/02.28-20.14/IMG_3370.JPG,IMG_3370.JPG,HFW12-F7_2016_201602282014_IMG_3370.jpg,0.8214550018310547,621.7094116210938,207.14657592773438,478.90777587890625,1076.814697265625,2048,1536,478,1076
HFW12-F7,2016,201602282014,DM,0,/Volumes/Seagate Portable Drive/KYLE_AI_DATABASE/A_CAMERA/Focal_species/Gulo gulo/HFW12-F7/DM/2016/B&W/Robust marks/02.28-20.14/IMG_3372.JPG,IMG_3372.JPG,HFW12-F7_2016_201602282014_IMG_3372.jpg,0.8174068331718445,623.207763671875,241.44163513183594,465.920654296875,1038.1494140625,2048,1536,465,1038
HFW12-F7,2016,201602282014,DM,0,/Volumes/Seagate Portable Drive/KYLE_AI_DATABASE/A_CAMERA/Focal_species/Gulo gulo/HFW12-F7/DM/2016/B&W/Robust marks/02.28-20.14/IMG_3373.JPG,IMG_3373.JPG,HFW12-F7_2016_201602282014_IMG_3373.jpg,0.8364438414573669,613.4283447265625,238.27427673339844,477.0423583984375,1098.2987060546875,2048,1536,477,1098
HFW12-F7,2016,201602282014,DM,0,/Volumes/Seagate Portable Drive/KYLE_AI_DATABASE/A_CAMERA/Focal_species/Gulo gulo/HFW12-F7/DM/2016/B&W/Robust marks/02.28-20.14/IMG_3375.JPG,IMG_3375.JPG,HFW12-F7_2016_201602282014_IMG_3375.jpg,0.8417183756828308,618.3970336914062,198.4412841796875,487.05145263671875,1110.0501708984375,2048,1536,487,1110
HFW12-F7,2016,201602282014,DM,0,/Volumes/Seagate Portable Drive/KYLE_AI_DATABASE/A_CAMERA/Focal_species/Gulo gulo/HFW12-F7/DM/2016/B&W/Robust marks/02.28-20.14/IMG_3376.JPG,IMG_3376.JPG,HFW12-F7_2016_201602282014_IMG_3376.jpg,0.8274579048156738,618.6568603515625,204.86769104003906,472.21533203125,991.5341796875,2048,1536,472,991
HFW12-F7,2016,201602282014,DM,0,/Volumes/Seagate Portable Drive/KYLE_AI_DATABASE/A_CAMERA/Focal_species/Gulo gulo/HFW12-F7/DM/2016/B&W/Robust marks/02.28-20.14/IMG_3378.JPG,IMG_3378.JPG,HFW12-F7_2016_201602282014_IMG_3378.jpg,0.8784514665603638,620.169921875,210.71548461914062,472.9283447265625,1079.91552734375,2048,1536,472,1079
HFW12-F7,2016,201602282014,DM,0,/Volumes/Seagate Portable Drive/KYLE_AI_DATABASE/A_CAMERA/Focal_species/Gulo gulo/HFW12-F7/DM/2016/B&W/Robust marks/02.28-20.14/IMG_3379.JPG,IMG_3379.JPG,HFW12-F7_2016_201602282014_IMG_3379.jpg,0.8410402536392212,615.94384765625,200.83538818359375,474.1707763671875,1049.021728515625,2048,1536,474,1049
HFW12-F7,2016,201602282014,DM,0,/Volumes/Seagate Portable Drive/KYLE_AI_DATABASE/A_CAMERA/Focal_species/Gulo gulo/HFW12-F7/DM/2016/B&W/Robust marks/02.28-20.14/IMG_3380.JPG,IMG_3380.JPG,HFW12-F7_2016_201602282014_IMG_3380.jpg,0.84086012840271,620.7254028320312,231.54702758789062,471.10906982421875,1077.8751220703125,2048,1536,471,1077
HFW12-F7,2016,201602282014,DM,0,/Volumes/Seagate Portable Drive/KYLE_AI_DATABASE/A_CAMERA/Focal_species/Gulo gulo/HFW12-F7/DM/2016/B&W/Robust marks/02.28-20.14/IMG_3382.JPG,IMG_3382.JPG,HFW12-F7_2016_201602282014_IMG_3382.jpg,0.8632643222808838,609.8692626953125,226.47564697265625,482.105224609375,1092.660888671875,2048,1536,482,1092
HFW12-F7,2016,201602282014,DM,0,/Volumes/Seagate Portable Drive/KYLE_AI_DATABASE/A_CAMERA/Focal_species/Gulo gulo/HFW12-F7/DM/2016/B&W/Robust marks/02.28-20.14/IMG_3383.JPG,IMG_3383.JPG,HFW12-F7_2016_201602282014_IMG_3383.jpg,0.8699101805686951,621.335693359375,246.4958953857422,470.39013671875,1046.0914306640625,2048,1536,470,1046
HFW12-F7,2016,201602282014,DM,0,/Volumes/Seagate Portable Drive/KYLE_AI_DATABASE/A_CAMERA/Focal_species/Gulo gulo/HFW12-F7/DM/2016/B&W/Robust marks/02.28-20.14/IMG_3384.JPG,IMG_3384.JPG,HFW12-F7_2016_201602282014_IMG_3384.jpg,0.8456805348396301,624.2132568359375,211.28306579589844,464.5296630859375,1017.4256591796875,2048,1536,464,1017
HFW12-F7,2016,201602282014,DM,0,/Volumes/Seagate Portable Drive/KYLE_AI_DATABASE/A_CAMERA/Focal_species/Gulo gulo/HFW12-F7/DM/2016/B&W/Robust marks/02.28-20.14/IMG_3388.JPG,IMG_3388.JPG,HFW12-F7_2016_201602282014_IMG_3388.jpg,0.8072915077209473,621.8092041015625,191.54251098632812,471.587646484375,1195.4951171875,2048,1536,471,1195
HFW12-F7,2016,201602282014,DM,0,/Volumes/Seagate Portable Drive/KYLE_AI_DATABASE/A_CAMERA/Focal_species/Gulo gulo/HFW12-F7/DM/2016/B&W/Robust marks/02.28-20.14/IMG_3394.JPG,IMG_3394.JPG,HFW12-F7_2016_201602282014_IMG_3394.jpg,0.8521679043769836,621.3065185546875,192.89053344726562,484.1348876953125,968.4488525390625,2048,1536,484,968
HFW12-F7,2016,201602282014,DM,0,/Volumes/Seagate Portable Drive/KYLE_AI_DATABASE/A_CAMERA/Focal_species/Gulo gulo/HFW12-F7/DM/2016/B&W/Robust marks/02.28-20.14/IMG_3406.JPG,IMG_3406.JPG,HFW12-F7_2016_201602282014_IMG_3406.jpg,0.8989762663841248,623.4118041992188,190.6870880126953,478.08111572265625,1056.7177734375,2048,1536,478,1056
HFW12-F7,2016,201602282014,DM,0,/Volumes/Seagate Portable Drive/KYLE_AI_DATABASE/A_CAMERA/Focal_species/Gulo gulo/HFW12-F7/DM/2016/B&W/Robust marks/02.28-20.14/IMG_3407.JPG,IMG_3407.JPG,HFW12-F7_2016_201602282014_IMG_3407.jpg,0.8696700930595398,622.4996948242188,202.9629364013672,478.32037353515625,1060.375244140625,2048,1536,478,1060
HFW12-F7,2016,201602282014,DM,0,/Volumes/Seagate Portable Drive/KYLE_AI_DATABASE/A_CAMERA/Focal_species/Gulo gulo/HFW12-F7/DM/2016/B&W/Robust marks/02.28-20.14/IMG_3408.JPG,IMG_3408.JPG,HFW12-F7_2016_201602282014_IMG_3408.jpg,0.8628718256950378,625.2500610351562,204.28921508789062,468.05657958984375,1083.7850341796875,2048,1536,468,1083
HFW12-F7,2016,201602282014,DM,0,/Volumes/Seagate Portable Drive/KYLE_AI_DATABASE/A_CAMERA/Focal_species/Gulo gulo/HFW12-F7/DM/2016/B&W/Robust marks/02.28-20.14/IMG_3409.JPG,IMG_3409.JPG,HFW12-F7_2016_201602282014_IMG_3409.jpg,0.8082337379455566,621.1173706054688,203.56951904296875,474.11688232421875,1076.155029296875,2048,1536,474,1076
HFW12-F7,2016,201602282014,DM,0,/Volumes/Seagate Portable Drive/KYLE_AI_DATABASE/A_CAMERA/Focal_species/Gulo gulo/HFW12-F7/DM/2016/B&W/Robust marks/02.28-20.14/IMG_3410.JPG,IMG_3410.JPG,HFW12-F7_2016_201602282014_IMG_3410.jpg,0.8236016035079956,619.7680053710938,196.7156982421875,478.65313720703125,1115.723876953125,2048,1536,478,1115
HFW12-F7,2016,201602282014,DM,0,/Volumes/Seagate Portable Drive/KYLE_AI_DATABASE/A_CAMERA/Focal_species/Gulo gulo/HFW12-F7/DM/2016/B&W/Robust marks/02.28-20.14/IMG_3416.JPG,IMG_3416.JPG,HFW12-F7_2016_201602282014_IMG_3416.jpg,0.8516037464141846,616.6615600585938,204.273193359375,487.86895751953125,1119.47119140625,2048,1536,487,1119
HFW12-F7,2016,201602282014,DM,0,/Volumes/Seagate Portable Drive/KYLE_AI_DATABASE/A_CAMERA/Focal_species/Gulo gulo/HFW12-F7/DM/2016/B&W/Robust marks/02.28-20.14/IMG_3421.JPG,IMG_3421.JPG,HFW12-F7_2016_201602282014_IMG_3421.jpg,0.8270893096923828,616.9585571289062,193.8416290283203,483.28802490234375,1303.5921630859375,2048,1536,483,1303
HFW12-F7,2016,201602282014,DM,0,/Volumes/Seagate Portable Drive/KYLE_AI_DATABASE/A_CAMERA/Focal_species/Gulo gulo/HFW12-F7/DM/2016/B&W/Robust marks/02.28-20.14/IMG_3423.JPG,IMG_3423.JPG,HFW12-F7_2016_201602282014_IMG_3423.jpg,0.8405107259750366,620.6041870117188,195.7993927001953,471.51153564453125,1126.8544921875,2048,1536,471,1126
HFW12-F7,2016,201602282014,DM,0,/Volumes/Seagate Portable Drive/KYLE_AI_DATABASE/A_CAMERA/Focal_species/Gulo gulo/HFW12-F7/DM/2016/B&W/Robust marks/02.28-20.14/IMG_3430.JPG,IMG_3430.JPG,HFW12-F7_2016_201602282014_IMG_3430.jpg,0.8063351511955261,617.1177978515625,184.74526977539062,480.6702880859375,1103.7794189453125,2048,1536,480,1103
HFW12-F7,2016,201602282014,DM,0,/Volumes/Seagate Portable Drive/KYLE_AI_DATABASE/A_CAMERA/Focal_species/Gulo gulo/HFW12-F7/DM/2016/B&W/Robust marks/02.28-20.14/IMG_3435.JPG,IMG_3435.JPG,HFW12-F7_2016_201602282014_IMG_3435.jpg,0.8084135055541992,587.7706298828125,232.96961975097656,514.696533203125,998.247314453125,2048,1536,514,998
HFW12-F7,2016,201602282014,DM,0,/Volumes/Seagate Portable Drive/KYLE_AI_DATABASE/A_CAMERA/Focal_species/Gulo gulo/HFW12-F7/DM/2016/B&W/Robust marks/02.28-20.14/IMG_3437.JPG,IMG_3437.JPG,HFW12-F7_2016_201602282014_IMG_3437.jpg,0.8952039480209351,621.4124755859375,241.9537811279297,476.9337158203125,1061.3719482421875,2048,1536,476,1061
HFW12-F7,2016,201602282014,DM,0,/Volumes/Seagate Portable Drive/KYLE_AI_DATABASE/A_CAMERA/Focal_species/Gulo gulo/HFW12-F7/DM/2016/B&W/Robust marks/02.28-20.14/IMG_3440.JPG,IMG_3440.JPG,HFW12-F7_2016_201602282014_IMG_3440.jpg,0.8234388828277588,621.21240234375,207.89657592773438,471.833251953125,1115.9033203125,2048,1536,471,1115
HFW12-F7,2016,201602282014,DM,0,/Volumes/Seagate Portable Drive/KYLE_AI_DATABASE/A_CAMERA/Focal_species/Gulo gulo/HFW12-F7/DM/2016/B&W/Robust marks/02.28-20.14/IMG_3441.JPG,IMG_3441.JPG,HFW12-F7_2016_201602282014_IMG_3441.jpg,0.8501891493797302,377.69049072265625,214.24063110351562,721.4237670898438,1130.5472412109375,2048,1536,721,1130
HFW12-F7,2016,201602282014,DM,0,/Volumes/Seagate Portable Drive/KYLE_AI_DATABASE/A_CAMERA/Focal_species/Gulo gulo/HFW12-F7/DM/2016/B&W/Robust marks/02.28-20.14/IMG_3450.JPG,IMG_3450.JPG,HFW12-F7_2016_201602282014_IMG_3450.jpg,0.8114059567451477,620.439453125,206.93783569335938,477.1607666015625,1064.140380859375,2048,1536,477,1064
HFW12-F7,2016,201602282014,DM,0,/Volumes/Seagate Portable Drive/KYLE_AI_DATABASE/A_CAMERA/Focal_species/Gulo gulo/HFW12-F7/DM/2016/B&W/Robust marks/02.28-20.14/IMG_3453.JPG,IMG_3453.JPG,HFW12-F7_2016_201602282014_IMG_3453.jpg,0.8113114237785339,614.5591430664062,216.89794921875,493.02947998046875,1095.07080078125,2048,1536,493,1095
HFW12-F7,2016,201602282014,DM,0,/Volumes/Seagate Portable Drive/KYLE_AI_DATABASE/A_CAMERA/Focal_species/Gulo gulo/HFW12-F7/DM/2016/B&W/Robust marks/02.28-20.14/IMG_3467.JPG,IMG_3467.JPG,HFW12-F7_2016_201602282014_IMG_3467.jpg,0.8030818104743958,607.5748901367188,261.2897644042969,501.83087158203125,1204.0595703125,2048,1536,501,1204
HFW12-F7,2016,201602282014,DM,0,/Volumes/Seagate Portable Drive/KYLE_AI_DATABASE/A_CAMERA/Focal_species/Gulo gulo/HFW12-F7/DM/2016/B&W/Robust marks/02.28-20.14/IMG_3468.JPG,IMG_3468.JPG,HFW12-F7_2016_201602282014_IMG_3468.jpg,0.850552499294281,599.3648681640625,247.60899353027344,512.4971923828125,1252.0963134765625,2048,1536,512,1252
HFW12-F7,2016,201602282014,DM,0,/Volumes/Seagate Portable Drive/KYLE_AI_DATABASE/A_CAMERA/Focal_species/Gulo gulo/HFW12-F7/DM/2016/B&W/Robust marks/02.28-20.14/IMG_3471.JPG,IMG_3471.JPG,HFW12-F7_2016_201602282014_IMG_3471.jpg,0.8286232352256775,561.18798828125,196.45106506347656,546.5555419921875,1264.3021240234375,2048,1536,546,1264
HFW12-F7,2016,201602282014,DM,0,/Volumes/Seagate Portable Drive/KYLE_AI_DATABASE/A_CAMERA/Focal_species/Gulo gulo/HFW12-F7/DM/2016/B&W/Robust marks/02.28-20.14/IMG_3472.JPG,IMG_3472.JPG,HFW12-F7_2016_201602282014_IMG_3472.jpg,0.8149851560592651,575.28515625,239.8575439453125,529.4678955078125,1218.3377685546875,2048,1536,529,1218
HFW12-F7,2016,201602282014,DM,0,/Volumes/Seagate Portable Drive/KYLE_AI_DATABASE/A_CAMERA/Focal_species/Gulo gulo/HFW12-F7/DM/2016/B&W/Robust marks/02.28-20.14/IMG_3473.JPG,IMG_3473.JPG,HFW12-F7_2016_201602282014_IMG_3473.jpg,0.8031527400016785,567.5394287109375,246.13522338867188,536.134521484375,1099.94677734375,2048,1536,536,1099
HFW12-F7,2016,201602282014,DM,0,/Volumes/Seagate Portable Drive/KYLE_AI_DATABASE/A_CAMERA/Focal_species/Gulo gulo/HFW12-F7/DM/2016/B&W/Robust marks/02.28-20.14/IMG_3474.JPG,IMG_3474.JPG,HFW12-F7_2016_201602282014_IMG_3474.jpg,0.8243316411972046,577.1676025390625,228.75466918945312,527.7474365234375,1245.802001953125,2048,1536,527,1245
HFW12-F7,2016,201602282014,DM,0,/Volumes/Seagate Portable Drive/KYLE_AI_DATABASE/A_CAMERA/Focal_species/Gulo gulo/HFW12-F7/DM/2016/B&W/Robust marks/02.28-20.14/IMG_3475.JPG,IMG_3475.JPG,HFW12-F7_2016_201602282014_IMG_3475.jpg,0.8301558494567871,609.753173828125,169.06809997558594,487.024658203125,1246.0078125,2048,1536,487,1246
HFW12-F7,2016,201602282014,DM,0,/Volumes/Seagate Portable Drive/KYLE_AI_DATABASE/A_CAMERA/Focal_species/Gulo gulo/HFW12-F7/DM/2016/B&W/Robust marks/02.28-20.14/IMG_3476.JPG,IMG_3476.JPG,HFW12-F7_2016_201602282014_IMG_3476.jpg,0.8623190522193909,619.8685913085938,207.0468292236328,476.88739013671875,1085.973876953125,2048,1536,476,1085
HFW12-F7,2016,201602282014,DM,0,/Volumes/Seagate Portable Drive/KYLE_AI_DATABASE/A_CAMERA/Focal_species/Gulo gulo/HFW12-F7/DM/2016/B&W/Robust marks/02.28-20.14/IMG_3477.JPG,IMG_3477.JPG,HFW12-F7_2016_201602282014_IMG_3477.jpg,0.8564263582229614,617.4187622070312,238.34458923339844,480.92791748046875,1101.4783935546875,2048,1536,480,1101
HFW12-F7,2016,201602282014,DM,0,/Volumes/Seagate Portable Drive/KYLE_AI_DATABASE/A_CAMERA/Focal_species/Gulo gulo/HFW12-F7/DM/2016/B&W/Robust marks/02.28-20.14/IMG_3479.JPG,IMG_3479.JPG,HFW12-F7_2016_201602282014_IMG_3479.jpg,0.823003351688385,617.3150634765625,210.98011779785156,484.261474609375,1167.1551513671875,2048,1536,484,1167
HFW12-F7,2016,201602282014,DM,0,/Volumes/Seagate Portable Drive/KYLE_AI_DATABASE/A_CAMERA/Focal_species/Gulo gulo/HFW12-F7/DM/2016/B&W/Robust marks/02.28-20.14/IMG_3481.JPG,IMG_3481.JPG,HFW12-F7_2016_201602282014_IMG_3481.jpg,0.8444569110870361,616.3920288085938,249.2449493408203,488.09661865234375,1067.6444091796875,2048,1536,488,1067
HFW12-F7,2016,201602282014,DM,0,/Volumes/Seagate Portable Drive/KYLE_AI_DATABASE/A_CAMERA/Focal_species/Gulo gulo/HFW12-F7/DM/2016/B&W/Robust marks/02.28-20.14/IMG_3482.JPG,IMG_3482.JPG,HFW12-F7_2016_201602282014_IMG_3482.jpg,0.8383978605270386,614.281982421875,189.20860290527344,488.078857421875,1246.8829345703125,2048,1536,488,1246
HFW12-F7,2016,201602282014,DM,0,/Volumes/Seagate Portable Drive/KYLE_AI_DATABASE/A_CAMERA/Focal_species/Gulo gulo/HFW12-F7/DM/2016/B&W/Robust marks/02.28-20.14/IMG_3483.JPG,IMG_3483.JPG,HFW12-F7_2016_201602282014_IMG_3483.jpg,0.8120144009590149,615.0681762695312,205.7479705810547,482.45587158203125,1165.8326416015625,2048,1536,482,1165
HFW12-F7,2016,201602282014,DM,0,/Volumes/Seagate Portable Drive/KYLE_AI_DATABASE/A_CAMERA/Focal_species/Gulo gulo/HFW12-F7/DM/2016/B&W/Robust marks/02.28-20.14/IMG_3484.JPG,IMG_3484.JPG,HFW12-F7_2016_201602282014_IMG_3484.jpg,0.8088776469230652,616.3562622070312,202.47010803222656,480.31182861328125,1166.7391357421875,2048,1536,480,1166
HFW12-F7,2016,201602282014,DM,0,/Volumes/Seagate Portable Drive/KYLE_AI_DATABASE/A_CAMERA/Focal_species/Gulo gulo/HFW12-F7/DM/2016/B&W/Robust marks/02.28-20.14/IMG_3485.JPG,IMG_3485.JPG,HFW12-F7_2016_201602282014_IMG_3485.jpg,0.8138501048088074,611.8431396484375,203.9879150390625,482.662109375,1105.1248779296875,2048,1536,482,1105
HFW12-F7,2016,201602282014,DM,0,/Volumes/Seagate Portable Drive/KYLE_AI_DATABASE/A_CAMERA/Focal_species/Gulo gulo/HFW12-F7/DM/2016/B&W/Robust marks/02.28-20.14/IMG_3486.JPG,IMG_3486.JPG,HFW12-F7_2016_201602282014_IMG_3486.jpg,0.8773167729377747,621.0606689453125,192.36671447753906,485.742919921875,1111.618896484375,2048,1536,485,1111
HFW12-F7,2016,201602282014,DM,0,/Volumes/Seagate Portable Drive/KYLE_AI_DATABASE/A_CAMERA/Focal_species/Gulo gulo/HFW12-F7/DM/2016/B&W/Robust marks/02.28-20.14/IMG_3487.JPG,IMG_3487.JPG,HFW12-F7_2016_201602282014_IMG_3487.jpg,0.8757355809211731,621.958984375,196.62130737304688,475.2999267578125,1120.685791015625,2048,1536,475,1120
HFW12-F7,2016,201602282014,DM,0,/Volumes/Seagate Portable Drive/KYLE_AI_DATABASE/A_CAMERA/Focal_species/Gulo gulo/HFW12-F7/DM/2016/B&W/Robust marks/02.28-20.14/IMG_3488.JPG,IMG_3488.JPG,HFW12-F7_2016_201602282014_IMG_3488.jpg,0.8375058174133301,617.6927490234375,219.7793426513672,477.7894287109375,1127.038818359375,2048,1536,477,1127
HFW12-F7,2016,201602282014,DM,0,/Volumes/Seagate Portable Drive/KYLE_AI_DATABASE/A_CAMERA/Focal_species/Gulo gulo/HFW12-F7/DM/2016/B&W/Robust marks/02.28-20.14/IMG_3489.JPG,IMG_3489.JPG,HFW12-F7_2016_201602282014_IMG_3489.jpg,0.8464343547821045,613.785888671875,215.2049560546875,486.60791015625,1124.3956298828125,2048,1536,486,1124
HFW12-F7,2016,201602282014,DM,0,/Volumes/Seagate Portable Drive/KYLE_AI_DATABASE/A_CAMERA/Focal_species/Gulo gulo/HFW12-F7/DM/2016/B&W/Robust marks/02.28-20.14/IMG_3490.JPG,IMG_3490.JPG,HFW12-F7_2016_201602282014_IMG_3490.jpg,0.8019018769264221,616.3570556640625,201.97096252441406,482.625,1074.72265625,2048,1536,482,1074
HFW12-F7,2016,201602282014,DM,0,/Volumes/Seagate Portable Drive/KYLE_AI_DATABASE/A_CAMERA/Focal_species/Gulo gulo/HFW12-F7/DM/2016/B&W/Robust marks/02.28-20.14/IMG_3492.JPG,IMG_3492.JPG,HFW12-F7_2016_201602282014_IMG_3492.jpg,0.8494414687156677,618.4273071289062,247.7289276123047,474.84881591796875,1091.3936767578125,2048,1536,474,1091
HFW12-F7,2016,201602282014,DM,0,/Volumes/Seagate Portable Drive/KYLE_AI_DATABASE/A_CAMERA/Focal_species/Gulo gulo/HFW12-F7/DM/2016/B&W/Robust marks/02.28-20.14/IMG_3494.JPG,IMG_3494.JPG,HFW12-F7_2016_201602282014_IMG_3494.jpg,0.8240840435028076,620.7816162109375,268.47454833984375,472.369384765625,1073.248291015625,2048,1536,472,1073
HFW12-F7,2016,201602282014,DM,0,/Volumes/Seagate Portable Drive/KYLE_AI_DATABASE/A_CAMERA/Focal_species/Gulo gulo/HFW12-F7/DM/2016/B&W/Robust marks/02.28-20.14/IMG_3495.JPG,IMG_3495.JPG,HFW12-F7_2016_201602282014_IMG_3495.jpg,0.8003891110420227,610.98388671875,210.61203002929688,497.885498046875,1156.5074462890625,2048,1536,497,1156
HFW12-F7,2016,201602282014,DM,0,/Volumes/Seagate Portable Drive/KYLE_AI_DATABASE/A_CAMERA/Focal_species/Gulo gulo/HFW12-F7/DM/2016/B&W/Robust marks/02.28-20.14/IMG_3496.JPG,IMG_3496.JPG,HFW12-F7_2016_201602282014_IMG_3496.jpg,0.8295336365699768,612.64599609375,203.7256622314453,490.705078125,1159.8707275390625,2048,1536,490,1159
HFW12-F7,2016,201602282014,DM,0,/Volumes/Seagate Portable Drive/KYLE_AI_DATABASE/A_CAMERA/Focal_species/Gulo gulo/HFW12-F7/DM/2016/B&W/Robust marks/02.28-20.14/IMG_3497.JPG,IMG_3497.JPG,HFW12-F7_2016_201602282014_IMG_3497.jpg,0.824319064617157,610.3943481445312,203.69082641601562,496.40447998046875,1205.91650390625,2048,1536,496,1205
HFW12-F7,2016,201602282014,DM,0,/Volumes/Seagate Portable Drive/KYLE_AI_DATABASE/A_CAMERA/Focal_species/Gulo gulo/HFW12-F7/DM/2016/B&W/Robust marks/02.28-20.14/IMG_3498.JPG,IMG_3498.JPG,HFW12-F7_2016_201602282014_IMG_3498.jpg,0.8263291120529175,612.6785888671875,208.62904357910156,491.36865234375,1197.518798828125,2048,1536,491,1197
HFW12-F7,2016,201602282014,DM,0,/Volumes/Seagate Portable Drive/KYLE_AI_DATABASE/A_CAMERA/Focal_species/Gulo gulo/HFW12-F7/DM/2016/B&W/Robust marks/02.28-20.14/IMG_3499.JPG,IMG_3499.JPG,HFW12-F7_2016_201602282014_IMG_3499.jpg,0.8385743498802185,611.6412353515625,211.2418212890625,491.541748046875,1160.49169921875,2048,1536,491,1160
HFW12-F7,2016,201602282014,DM,0,/Volumes/Seagate Portable Drive/KYLE_AI_DATABASE/A_CAMERA/Focal_species/Gulo gulo/HFW12-F7/DM/2016/B&W/Robust marks/02.28-20.14/IMG_3500.JPG,IMG_3500.JPG,HFW12-F7_2016_201602282014_IMG_3500.jpg,0.8125349879264832,612.6151123046875,212.6807098388672,489.984375,1170.9136962890625,2048,1536,489,1170
HFW12-F7,2016,201602282014,DM,0,/Volumes/Seagate Portable Drive/KYLE_AI_DATABASE/A_CAMERA/Focal_species/Gulo gulo/HFW12-F7/DM/2016/B&W/Robust marks/02.28-20.14/IMG_3501.JPG,IMG_3501.JPG,HFW12-F7_2016_201602282014_IMG_3501.jpg,0.8273574709892273,612.0120849609375,260.23358154296875,484.4886474609375,1152.54052734375,2048,1536,484,1152
HFW12-F7,2016,201602282014,DM,0,/Volumes/Seagate Portable Drive/KYLE_AI_DATABASE/A_CAMERA/Focal_species/Gulo gulo/HFW12-F7/DM/2016/B&W/Robust marks/02.28-20.14/IMG_3502.JPG,IMG_3502.JPG,HFW12-F7_2016_201602282014_IMG_3502.jpg,0.8261783123016357,610.9131469726562,266.0679931640625,482.30950927734375,1107.1763916015625,2048,1536,482,1107
HFW12-F7,2016,201602282014,DM,0,/Volumes/Seagate Portable Drive/KYLE_AI_DATABASE/A_CAMERA/Focal_species/Gulo gulo/HFW12-F7/DM/2016/B&W/Robust marks/02.28-20.14/IMG_3503.JPG,IMG_3503.JPG,HFW12-F7_2016_201602282014_IMG_3503.jpg,0.8269678354263306,611.1069946289062,273.254150390625,482.93572998046875,1081.64599609375,2048,1536,482,1081
HFW12-F7,2016,201602282014,DM,0,/Volumes/Seagate Portable Drive/KYLE_AI_DATABASE/A_CAMERA/Focal_species/Gulo gulo/HFW12-F7/DM/2016/B&W/Robust marks/02.28-20.14/IMG_3504.JPG,IMG_3504.JPG,HFW12-F7_2016_201602282014_IMG_3504.jpg,0.8201693296432495,610.829833984375,262.8227233886719,483.1815185546875,1103.3314208984375,2048,1536,483,1103
HFW12-F7,2016,201602282014,DM,0,/Volumes/Seagate Portable Drive/KYLE_AI_DATABASE/A_CAMERA/Focal_species/Gulo gulo/HFW12-F7/DM/2016/B&W/Robust marks/02.28-20.14/IMG_3505.JPG,IMG_3505.JPG,HFW12-F7_2016_201602282014_IMG_3505.jpg,0.8265675902366638,613.7316284179688,268.6990966796875,479.31951904296875,1087.0399169921875,2048,1536,479,1087
HFW12-F7,2016,201602282014,DM,0,/Volumes/Seagate Portable Drive/KYLE_AI_DATABASE/A_CAMERA/Focal_species/Gulo gulo/HFW12-F7/DM/2016/B&W/Robust marks/02.28-20.14/IMG_3506.JPG,IMG_3506.JPG,HFW12-F7_2016_201602282014_IMG_3506.jpg,0.8044590950012207,613.918701171875,267.09869384765625,478.542724609375,1110.13818359375,2048,1536,478,1110
HFW12-F7,2016,201602282014,DM,0,/Volumes/Seagate Portable Drive/KYLE_AI_DATABASE/A_CAMERA/Focal_species/Gulo gulo/HFW12-F7/DM/2016/B&W/Robust marks/02.28-20.14/IMG_3507.JPG,IMG_3507.JPG,HFW12-F7_2016_201602282014_IMG_3507.jpg,0.839202344417572,614.2100830078125,260.2620849609375,492.53369140625,1209.3607177734375,2048,1536,492,1209
HFW12-F7,2016,201602282014,DM,0,/Volumes/Seagate Portable Drive/KYLE_AI_DATABASE/A_CAMERA/Focal_species/Gulo gulo/HFW12-F7/DM/2016/B&W/Robust marks/02.28-20.14/IMG_3509.JPG,IMG_3509.JPG,HFW12-F7_2016_201602282014_IMG_3509.jpg,0.8398028016090393,616.187744140625,250.927001953125,481.856201171875,1147.3970947265625,2048,1536,481,1147
HFW12-F7,2016,201602282014,DM,0,/Volumes/Seagate Portable Drive/KYLE_AI_DATABASE/A_CAMERA/Focal_species/Gulo gulo/HFW12-F7/DM/2016/B&W/Robust marks/02.28-20.14/IMG_3510.JPG,IMG_3510.JPG,HFW12-F7_2016_201602282014_IMG_3510.jpg,0.8603966236114502,608.8145751953125,251.3210906982422,489.1839599609375,1236.819580078125,2048,1536,489,1236
HFW12-F7,2016,201602282014,DM,0,/Volumes/Seagate Portable Drive/KYLE_AI_DATABASE/A_CAMERA/Focal_species/Gulo gulo/HFW12-F7/DM/2016/B&W/Robust marks/02.28-20.14/IMG_3511.JPG,IMG_3511.JPG,HFW12-F7_2016_201602282014_IMG_3511.jpg,0.8408784866333008,611.6954345703125,286.23626708984375,476.5548095703125,1081.46240234375,2048,1536,476,1081
HFW12-F7,2016,201602282014,DM,0,/Volumes/Seagate Portable Drive/KYLE_AI_DATABASE/A_CAMERA/Focal_species/Gulo gulo/HFW12-F7/DM/2016/B&W/Robust marks/02.28-20.14/IMG_3512.JPG,IMG_3512.JPG,HFW12-F7_2016_201602282014_IMG_3512.jpg,0.847902238368988,615.2092895507812,353.88861083984375,467.59490966796875,973.7485961914062,2048,1536,467,973
HFW12-F7,2016,201602282014,DM,0,/Volumes/Seagate Portable Drive/KYLE_AI_DATABASE/A_CAMERA/Focal_species/Gulo gulo/HFW12-F7/DM/2016/B&W/Robust marks/02.28-20.14/IMG_3513.JPG,IMG_3513.JPG,HFW12-F7_2016_201602282014_IMG_3513.jpg,0.8598104119300842,615.1333618164062,372.9403076171875,465.99371337890625,969.2454833984375,2048,1536,465,969
HFW12-F7,2016,201602282014,DM,0,/Volumes/Seagate Portable Drive/KYLE_AI_DATABASE/A_CAMERA/Focal_species/Gulo gulo/HFW12-F7/DM/2016/B&W/Robust marks/02.28-20.14/IMG_3514.JPG,IMG_3514.JPG,HFW12-F7_2016_201602282014_IMG_3514.jpg,0.8902604579925537,613.73828125,317.87677001953125,465.5528564453125,1029.150146484375,2048,1536,465,1029
HFW12-F7,2016,201602282014,DM,0,/Volumes/Seagate Portable Drive/KYLE_AI_DATABASE/A_CAMERA/Focal_species/Gulo gulo/HFW12-F7/DM/2016/B&W/Robust marks/02.28-20.14/IMG_3516.JPG,IMG_3516.JPG,HFW12-F7_2016_201602282014_IMG_3516.jpg,0.8549248576164246,613.3959350585938,365.87835693359375,518.2061157226562,981.9893188476562,2048,1536,518,981
HFW12-F7,2016,201602282014,DM,0,/Volumes/Seagate Portable Drive/KYLE_AI_DATABASE/A_CAMERA/Focal_species/Gulo gulo/HFW12-F7/DM/2016/B&W/Robust marks/02.28-20.14/IMG_3517.JPG,IMG_3517.JPG,HFW12-F7_2016_201602282014_IMG_3517.jpg,0.8382803797721863,611.0020751953125,378.5283203125,486.0263671875,953.47509765625,2048,1536,486,953
HFW12-F7,2016,201602282014,DM,0,/Volumes/Seagate Portable Drive/KYLE_AI_DATABASE/A_CAMERA/Focal_species/Gulo gulo/HFW12-F7/DM/2016/B&W/Robust marks/02.28-20.14/IMG_3519.JPG,IMG_3519.JPG,HFW12-F7_2016_201602282014_IMG_3519.jpg,0.8104367852210999,620.26318359375,178.6772003173828,470.473876953125,1222.89990234375,2048,1536,470,1222
HFW12-F7,2016,201602282014,DM,0,/Volumes/Seagate Portable Drive/KYLE_AI_DATABASE/A_CAMERA/Focal_species/Gulo gulo/HFW12-F7/DM/2016/B&W/Robust marks/02.28-20.14/IMG_3529.JPG,IMG_3529.JPG,HFW12-F7_2016_201602282014_IMG_3529.jpg,0.8109908699989319,622.063232421875,365.3562927246094,466.4422607421875,920.8421630859375,2048,1536,466,920
HFW12-F7,2016,201602282014,DM,0,/Volumes/Seagate Portable Drive/KYLE_AI_DATABASE/A_CAMERA/Focal_species/Gulo gulo/HFW12-F7/DM/2016/B&W/Robust marks/02.28-20.14/IMG_3531.JPG,IMG_3531.JPG,HFW12-F7_2016_201602282014_IMG_3531.jpg,0.8757217526435852,618.938720703125,33.48371887207031,481.763427734375,1453.8406982421875,2048,1536,481,1453
HFW12-F7,2016,201602282014,DM,0,/Volumes/Seagate Portable Drive/KYLE_AI_DATABASE/A_CAMERA/Focal_species/Gulo gulo/HFW12-F7/DM/2016/B&W/Robust marks/02.28-20.14/IMG_3533.JPG,IMG_3533.JPG,HFW12-F7_2016_201602282014_IMG_3533.jpg,0.8431318402290344,614.402099609375,211.50828552246094,488.3232421875,1126.390380859375,2048,1536,488,1126
HFW12-F7,2016,201602282014,DM,0,/Volumes/Seagate Portable Drive/KYLE_AI_DATABASE/A_CAMERA/Focal_species/Gulo gulo/HFW12-F7/DM/2016/B&W/Robust marks/02.28-20.14/IMG_3539.JPG,IMG_3539.JPG,HFW12-F7_2016_201602282014_IMG_3539.jpg,0.8012613654136658,616.998046875,298.391845703125,476.998291015625,1077.788330078125,2048,1536,476,1077
HFW12-F7,2016,201602282014,DM,0,/Volumes/Seagate Portable Drive/KYLE_AI_DATABASE/A_CAMERA/Focal_species/Gulo gulo/HFW12-F7/DM/2016/B&W/Robust marks/02.28-20.14/IMG_3540.JPG,IMG_3540.JPG,HFW12-F7_2016_201602282014_IMG_3540.jpg,0.8252812623977661,619.4432983398438,288.6402587890625,477.86224365234375,1189.0902099609375,2048,1536,477,1189
HFW12-F7,2016,201602282014,DM,0,/Volumes/Seagate Portable Drive/KYLE_AI_DATABASE/A_CAMERA/Focal_species/Gulo gulo/HFW12-F7/DM/2016/B&W/Robust marks/02.28-20.14/IMG_3541.JPG,IMG_3541.JPG,HFW12-F7_2016_201602282014_IMG_3541.jpg,0.819450318813324,620.1309204101562,309.13580322265625,474.33074951171875,1158.649169921875,2048,1536,474,1158
HFW12-F7,2016,201602282014,DM,0,/Volumes/Seagate Portable Drive/KYLE_AI_DATABASE/A_CAMERA/Focal_species/Gulo gulo/HFW12-F7/DM/2016/B&W/Robust marks/02.28-20.14/IMG_3545.JPG,IMG_3545.JPG,HFW12-F7_2016_201602282014_IMG_3545.jpg,0.8633090257644653,615.379150390625,174.86590576171875,494.8873291015625,1236.630126953125,2048,1536,494,1236
HFW12-F7,2016,201602282014,DM,0,/Volumes/Seagate Portable Drive/KYLE_AI_DATABASE/A_CAMERA/Focal_species/Gulo gulo/HFW12-F7/DM/2016/B&W/Robust marks/02.28-20.14/IMG_3547.JPG,IMG_3547.JPG,HFW12-F7_2016_201602282014_IMG_3547.jpg,0.8032865524291992,609.5445556640625,173.71463012695312,505.7001953125,1187.702392578125,2048,1536,505,1187
HFW12-F7,2016,201602282014,DM,0,/Volumes/Seagate Portable Drive/KYLE_AI_DATABASE/A_CAMERA/Focal_species/Gulo gulo/HFW12-F7/DM/2016/B&W/Robust marks/02.28-20.14/IMG_3550.JPG,IMG_3550.JPG,HFW12-F7_2016_201602282014_IMG_3550.jpg,0.8041524291038513,613.4141845703125,175.76522827148438,498.2066650390625,1244.642333984375,2048,1536,498,1244
HFW12-F7,2016,201602282014,DM,0,/Volumes/Seagate Portable Drive/KYLE_AI_DATABASE/A_CAMERA/Focal_species/Gulo gulo/HFW12-F7/DM/2016/B&W/Robust marks/02.28-20.14/IMG_3551.JPG,IMG_3551.JPG,HFW12-F7_2016_201602282014_IMG_3551.jpg,0.8440083861351013,611.941162109375,185.58590698242188,493.043212890625,1237.5889892578125,2048,1536,493,1237
HFW12-F7,2016,201602282014,DM,0,/Volumes/Seagate Portable Drive/KYLE_AI_DATABASE/A_CAMERA/Focal_species/Gulo gulo/HFW12-F7/DM/2016/B&W/Robust marks/02.28-20.14/IMG_3552.JPG,IMG_3552.JPG,HFW12-F7_2016_201602282014_IMG_3552.jpg,0.8366691470146179,618.569091796875,264.31201171875,491.274169921875,1079.017333984375,2048,1536,491,1079
HFW12-F7,2016,201602282014,DM,0,/Volumes/Seagate Portable Drive/KYLE_AI_DATABASE/A_CAMERA/Focal_species/Gulo gulo/HFW12-F7/DM/2016/B&W/Robust marks/02.28-20.14/IMG_3553.JPG,IMG_3553.JPG,HFW12-F7_2016_201602282014_IMG_3553.jpg,0.8613259792327881,613.714599609375,187.66305541992188,498.2401123046875,1306.521728515625,2048,1536,498,1306
HFW12-F7,2016,201602282014,DM,0,/Volumes/Seagate Portable Drive/KYLE_AI_DATABASE/A_CAMERA/Focal_species/Gulo gulo/HFW12-F7/DM/2016/B&W/Robust marks/02.28-20.14/IMG_3556.JPG,IMG_3556.JPG,HFW12-F7_2016_201602282014_IMG_3556.jpg,0.80124431848526,615.8660278320312,375.2738037109375,490.06451416015625,955.8828125,2048,1536,490,955
HFW12-F7,2016,201602282014,DM,0,/Volumes/Seagate Portable Drive/KYLE_AI_DATABASE/A_CAMERA/Focal_species/Gulo gulo/HFW12-F7/DM/2016/B&W/Robust marks/02.28-20.14/IMG_3557.JPG,IMG_3557.JPG,HFW12-F7_2016_201602282014_IMG_3557.jpg,0.8251601457595825,612.7438354492188,326.24859619140625,492.71197509765625,1021.6984252929688,2048,1536,492,1021
HFW12-F7,2016,201602282014,DM,0,/Volumes/Seagate Portable Drive/KYLE_AI_DATABASE/A_CAMERA/Focal_species/Gulo gulo/HFW12-F7/DM/2016/B&W/Robust marks/02.28-20.14/IMG_3558.JPG,IMG_3558.JPG,HFW12-F7_2016_201602282014_IMG_3558.jpg,0.8880290985107422,550.2984619140625,381.87371826171875,550.4324951171875,945.5415649414062,2048,1536,550,945
HFW12-F7,2016,201602282014,DM,0,/Volumes/Seagate Portable Drive/KYLE_AI_DATABASE/A_CAMERA/Focal_species/Gulo gulo/HFW12-F7/DM/2016/B&W/Robust marks/02.28-20.14/IMG_3561.JPG,IMG_3561.JPG,HFW12-F7_2016_201602282014_IMG_3561.jpg,0.9272556304931641,617.812744140625,996.98876953125,460.793701171875,506.03173828125,2048,1536,460,506
HFW12-F7,2016,201602282014,DM,0,/Volumes/Seagate Portable Drive/KYLE_AI_DATABASE/A_CAMERA/Focal_species/Gulo gulo/HFW12-F7/DM/2016/B&W/Robust marks/02.28-20.14/IMG_3562.JPG,IMG_3562.JPG,HFW12-F7_2016_201602282014_IMG_3562.jpg,0.921000599861145,634.5053100585938,974.4173583984375,496.05023193359375,528.835693359375,2048,1536,496,528
HFW12-F7,2016,201602282014,DM,0,/Volumes/Seagate Portable Drive/KYLE_AI_DATABASE/A_CAMERA/Focal_species/Gulo gulo/HFW12-F7/DM/2016/B&W/Robust marks/02.28-20.14/IMG_3563.JPG,IMG_3563.JPG,HFW12-F7_2016_201602282014_IMG_3563.jpg,0.9341800212860107,614.9560546875,957.5736694335938,498.512451171875,545.7183227539062,2048,1536,498,545
HFW12-F7,2016,201602282014,DM,0,/Volumes/Seagate Portable Drive/KYLE_AI_DATABASE/A_CAMERA/Focal_species/Gulo gulo/HFW12-F7/DM/2016/B&W/Robust marks/02.28-20.14/IMG_3564.JPG,IMG_3564.JPG,HFW12-F7_2016_201602282014_IMG_3564.jpg,0.9219740033149719,611.2708740234375,923.969970703125,483.62451171875,579.2530517578125,2048,1536,483,579
HFW12-F7,2016,201602282014,DM,0,/Volumes/Seagate Portable Drive/KYLE_AI_DATABASE/A_CAMERA/Focal_species/Gulo gulo/HFW12-F7/DM/2016/B&W/Robust marks/02.28-20.14/IMG_3565.JPG,IMG_3565.JPG,HFW12-F7_2016_201602282014_IMG_3565.jpg,0.90849769115448,617.916015625,550.175537109375,465.222412109375,939.756591796875,2048,1536,465,939
HFW12-F7,2016,201602282014,DM,0,/Volumes/Seagate Portable Drive/KYLE_AI_DATABASE/A_CAMERA/Focal_species/Gulo gulo/HFW12-F7/DM/2016/B&W/Robust marks/02.28-20.14/IMG_3568.JPG,IMG_3568.JPG,HFW12-F7_2016_201602282014_IMG_3568.jpg,0.8385530710220337,553.0208740234375,354.6021728515625,542.9100341796875,1119.619140625,2048,1536,542,1119
HFW12-F7,2016,201602282014,DM,0,/Volumes/Seagate Portable Drive/KYLE_AI_DATABASE/A_CAMERA/Focal_species/Gulo gulo/HFW12-F7/DM/2016/B&W/Robust marks/02.28-20.14/IMG_3569.JPG,IMG_3569.JPG,HFW12-F7_2016_201602282014_IMG_3569.jpg,0.8152768611907959,561.101318359375,378.4567565917969,536.7235107421875,1035.64794921875,2048,1536,536,1035
HFW12-F7,2016,201602282014,DM,0,/Volumes/Seagate Portable Drive/KYLE_AI_DATABASE/A_CAMERA/Focal_species/Gulo gulo/HFW12-F7/DM/2016/B&W/Robust marks/02.28-20.14/IMG_3572.JPG,IMG_3572.JPG,HFW12-F7_2016_201602282014_IMG_3572.jpg,0.8153946995735168,560.5700073242188,373.3365783691406,532.2761840820312,1041.3829345703125,2048,1536,532,1041
HFW12-F7,2016,201602282014,DM,0,/Volumes/Seagate Portable Drive/KYLE_AI_DATABASE/A_CAMERA/Focal_species/Gulo gulo/HFW12-F7/DM/2016/B&W/Robust marks/02.28-20.14/IMG_3581.JPG,IMG_3581.JPG,HFW12-F7_2016_201602282014_IMG_3581.jpg,0.8028935790061951,582.4550170898438,231.9609375,516.1160278320312,1145.256103515625,2048,1536,516,1145
HFW12-F7,2016,201602282014,DM,0,/Volumes/Seagate Portable Drive/KYLE_AI_DATABASE/A_CAMERA/Focal_species/Gulo gulo/HFW12-F7/DM/2016/B&W/Robust marks/02.28-20.14/IMG_3583.JPG,IMG_3583.JPG,HFW12-F7_2016_201602282014_IMG_3583.jpg,0.8178361654281616,569.9081420898438,222.06509399414062,529.3938598632812,974.8753662109375,2048,1536,529,974
HFW12-F7,2016,201602282014,DM,0,/Volumes/Seagate Portable Drive/KYLE_AI_DATABASE/A_CAMERA/Focal_species/Gulo gulo/HFW12-F7/DM/2016/B&W/Robust marks/02.28-20.14/IMG_3585.JPG,IMG_3585.JPG,HFW12-F7_2016_201602282014_IMG_3585.jpg,0.8082070350646973,607.2134399414062,200.64889526367188,487.51812744140625,1069.121826171875,2048,1536,487,1069
HFW12-F7,2016,201602282014,DM,0,/Volumes/Seagate Portable Drive/KYLE_AI_DATABASE/A_CAMERA/Focal_species/Gulo gulo/HFW12-F7/DM/2016/B&W/Robust marks/02.28-20.14/IMG_3588.JPG,IMG_3588.JPG,HFW12-F7_2016_201602282014_IMG_3588.jpg,0.8011783361434937,610.4736328125,220.81155395507812,491.68798828125,1277.22216796875,2048,1536,491,1277
HFW12-F7,2016,201602282014,DM,0,/Volumes/Seagate Portable Drive/KYLE_AI_DATABASE/A_CAMERA/Focal_species/Gulo gulo/HFW12-F7/DM/2016/B&W/Robust marks/02.28-20.14/IMG_3591.JPG,IMG_3591.JPG,HFW12-F7_2016_201602282014_IMG_3591.jpg,0.8344117999076843,570.890625,199.17691040039062,531.0777587890625,1301.49267578125,2048,1536,531,1301
HFW12-F7,2016,201602282014,DM,0,/Volumes/Seagate Portable Drive/KYLE_AI_DATABASE/A_CAMERA/Focal_species/Gulo gulo/HFW12-F7/DM/2016/B&W/Robust marks/02.28-20.14/IMG_3592.JPG,IMG_3592.JPG,HFW12-F7_2016_201602282014_IMG_3592.jpg,0.8152649998664856,611.711181640625,233.0126953125,486.0714111328125,1135.5516357421875,2048,1536,486,1135
HFW12-F7,2016,201602282014,DM,0,/Volumes/Seagate Portable Drive/KYLE_AI_DATABASE/A_CAMERA/Focal_species/Gulo gulo/HFW12-F7/DM/2016/B&W/Robust marks/02.28-20.14/IMG_3601.JPG,IMG_3601.JPG,HFW12-F7_2016_201602282014_IMG_3601.jpg,0.8597527146339417,567.0401611328125,321.604248046875,537.8232421875,1179.89013671875,2048,1536,537,1179
HFW12-F7,2016,201602282014,DM,0,/Volumes/Seagate Portable Drive/KYLE_AI_DATABASE/A_CAMERA/Focal_species/Gulo gulo/HFW12-F7/DM/2016/B&W/Robust marks/02.28-20.14/IMG_3603.JPG,IMG_3603.JPG,HFW12-F7_2016_201602282014_IMG_3603.jpg,0.8483310341835022,567.67529296875,166.31396484375,538.92333984375,1333.366943359375,2048,1536,538,1333
HFW12-F7,2016,201602282014,DM,0,/Volumes/Seagate Portable Drive/KYLE_AI_DATABASE/A_CAMERA/Focal_species/Gulo gulo/HFW12-F7/DM/2016/B&W/Robust marks/02.28-20.14/IMG_3605.JPG,IMG_3605.JPG,HFW12-F7_2016_201602282014_IMG_3605.jpg,0.8983216285705566,558.85595703125,147.41917419433594,547.3564453125,1351.9893798828125,2048,1536,547,1351
HFW12-F7,2016,201602282014,DM,0,/Volumes/Seagate Portable Drive/KYLE_AI_DATABASE/A_CAMERA/Focal_species/Gulo gulo/HFW12-F7/DM/2016/B&W/Robust marks/02.28-20.14/IMG_3607.JPG,IMG_3607.JPG,HFW12-F7_2016_201602282014_IMG_3607.jpg,0.8507962822914124,583.93603515625,241.92333984375,521.65771484375,1226.72265625,2048,1536,521,1226
HFW12-F7,2016,201602282014,DM,0,/Volumes/Seagate Portable Drive/KYLE_AI_DATABASE/A_CAMERA/Focal_species/Gulo gulo/HFW12-F7/DM/2016/B&W/Robust marks/02.28-20.14/IMG_3608.JPG,IMG_3608.JPG,HFW12-F7_2016_201602282014_IMG_3608.jpg,0.8005375266075134,570.560302734375,167.4042205810547,535.8482666015625,1328.0501708984375,2048,1536,535,1328
HFW12-F7,2016,201602282014,DM,0,/Volumes/Seagate Portable Drive/KYLE_AI_DATABASE/A_CAMERA/Focal_species/Gulo gulo/HFW12-F7/DM/2016/B&W/Robust marks/02.28-20.14/IMG_3610.JPG,IMG_3610.JPG,HFW12-F7_2016_201602282014_IMG_3610.jpg,0.8752080202102661,557.8970947265625,180.718505859375,546.6810302734375,1304.40771484375,2048,1536,546,1304
HFW12-F7,2016,201602282014,DM,0,/Volumes/Seagate Portable Drive/KYLE_AI_DATABASE/A_CAMERA/Focal_species/Gulo gulo/HFW12-F7/DM/2016/B&W/Robust marks/02.28-20.14/IMG_3611.JPG,IMG_3611.JPG,HFW12-F7_2016_201602282014_IMG_3611.jpg,0.8632468581199646,576.5621948242188,212.90052795410156,524.3235473632812,1282.7064208984375,2048,1536,524,1282
HFW12-F7,2016,201602282014,DM,0,/Volumes/Seagate Portable Drive/KYLE_AI_DATABASE/A_CAMERA/Focal_species/Gulo gulo/HFW12-F7/DM/2016/B&W/Robust marks/02.28-20.14/IMG_3612.JPG,IMG_3612.JPG,HFW12-F7_2016_201602282014_IMG_3612.jpg,0.8544613122940063,569.30908203125,178.2220458984375,534.8284912109375,1308.8680419921875,2048,1536,534,1308
HFW12-F7,2016,201602282014,DM,0,/Volumes/Seagate Portable Drive/KYLE_AI_DATABASE/A_CAMERA/Focal_species/Gulo gulo/HFW12-F7/DM/2016/B&W/Robust marks/02.28-20.14/IMG_3614.JPG,IMG_3614.JPG,HFW12-F7_2016_201602282014_IMG_3614.jpg,0.8965595364570618,557.9417724609375,164.0558624267578,543.6207275390625,1317.4874267578125,2048,1536,543,1317
HFW12-F7,2016,201602282014,DM,0,/Volumes/Seagate Portable Drive/KYLE_AI_DATABASE/A_CAMERA/Focal_species/Gulo gulo/HFW12-F7/DM/2016/B&W/Robust marks/02.28-20.14/IMG_3615.JPG,IMG_3615.JPG,HFW12-F7_2016_201602282014_IMG_3615.jpg,0.8094925880432129,595.5266723632812,212.22958374023438,499.02239990234375,1167.1395263671875,2048,1536,499,1167
HFW12-F7,2016,201602282014,DM,0,/Volumes/Seagate Portable Drive/KYLE_AI_DATABASE/A_CAMERA/Focal_species/Gulo gulo/HFW12-F7/DM/2016/B&W/Robust marks/02.28-20.14/IMG_3617.JPG,IMG_3617.JPG,HFW12-F7_2016_201602282014_IMG_3617.jpg,0.8366328477859497,606.7833862304688,179.0621795654297,495.82794189453125,1290.5184326171875,2048,1536,495,1290
HFW12-F7,2016,201602282014,DM,0,/Volumes/Seagate Portable Drive/KYLE_AI_DATABASE/A_CAMERA/Focal_species/Gulo gulo/HFW12-F7/DM/2016/B&W/Robust marks/02.28-20.14/IMG_3623.JPG,IMG_3623.JPG,HFW12-F7_2016_201602282014_IMG_3623.jpg,0.8237783908843994,572.1689453125,188.05751037597656,528.495849609375,1295.108154296875,2048,1536,528,1295
HFW12-F7,2016,201602282014,DM,0,/Volumes/Seagate Portable Drive/KYLE_AI_DATABASE/A_CAMERA/Focal_species/Gulo gulo/HFW12-F7/DM/2016/B&W/Robust marks/02.28-20.14/IMG_3624.JPG,IMG_3624.JPG,HFW12-F7_2016_201602282014_IMG_3624.jpg,0.8097371459007263,609.5275268554688,222.8499755859375,490.53912353515625,1258.1678466796875,2048,1536,490,1258
HFW12-F7,2016,201602282014,DM,0,/Volumes/Seagate Portable Drive/KYLE_AI_DATABASE/A_CAMERA/Focal_species/Gulo gulo/HFW12-F7/DM/2016/B&W/Robust marks/02.28-20.14/IMG_3625.JPG,IMG_3625.JPG,HFW12-F7_2016_201602282014_IMG_3625.jpg,0.821222186088562,573.810791015625,194.25755310058594,525.7435302734375,1305.6461181640625,2048,1536,525,1305
HFW12-F7,2016,201602282014,DM,0,/Volumes/Seagate Portable Drive/KYLE_AI_DATABASE/A_CAMERA/Focal_species/Gulo gulo/HFW12-F7/DM/2016/B&W/Robust marks/02.28-20.14/IMG_3629.JPG,IMG_3629.JPG,HFW12-F7_2016_201602282014_IMG_3629.jpg,0.8810574412345886,576.9322509765625,180.52487182617188,524.3060302734375,1317.6397705078125,2048,1536,524,1317
HFW12-F7,2016,201602282014,DM,0,/Volumes/Seagate Portable Drive/KYLE_AI_DATABASE/A_CAMERA/Focal_species/Gulo gulo/HFW12-F7/DM/2016/B&W/Robust marks/02.28-20.14/IMG_3631.JPG,IMG_3631.JPG,HFW12-F7_2016_201602282014_IMG_3631.jpg,0.8420358896255493,604.0753173828125,166.6944580078125,497.012939453125,1332.207275390625,2048,1536,497,1332
HFW12-F7,2016,201602282014,DM,0,/Volumes/Seagate Portable Drive/KYLE_AI_DATABASE/A_CAMERA/Focal_species/Gulo gulo/HFW12-F7/DM/2016/B&W/Robust marks/02.28-20.14/IMG_3632.JPG,IMG_3632.JPG,HFW12-F7_2016_201602282014_IMG_3632.jpg,0.8173308372497559,616.075439453125,184.83737182617188,483.1221923828125,1296.0670166015625,2048,1536,483,1296
HFW12-F7,2016,201602282014,DM,0,/Volumes/Seagate Portable Drive/KYLE_AI_DATABASE/A_CAMERA/Focal_species/Gulo gulo/HFW12-F7/DM/2016/B&W/Robust marks/02.28-20.14/IMG_3633.JPG,IMG_3633.JPG,HFW12-F7_2016_201602282014_IMG_3633.jpg,0.8205302953720093,589.68701171875,178.56385803222656,502.4710693359375,1039.2437744140625,2048,1536,502,1039
HFW12-F7,2016,201602282014,DM,0,/Volumes/Seagate Portable Drive/KYLE_AI_DATABASE/A_CAMERA/Focal_species/Gulo gulo/HFW12-F7/DM/2016/B&W/Robust marks/02.28-20.14/IMG_3634.JPG,IMG_3634.JPG,HFW12-F7_2016_201602282014_IMG_3634.jpg,0.8656267523765564,565.3864135742188,158.58668518066406,533.7290649414062,1268.679931640625,2048,1536,533,1268
HFW12-F7,2016,201602282014,DM,0,/Volumes/Seagate Portable Drive/KYLE_AI_DATABASE/A_CAMERA/Focal_species/Gulo gulo/HFW12-F7/DM/2016/B&W/Robust marks/02.28-20.14/IMG_3636.JPG,IMG_3636.JPG,HFW12-F7_2016_201602282014_IMG_3636.jpg,0.8652899861335754,616.4458618164062,163.28045654296875,482.48590087890625,1331.513427734375,2048,1536,482,1331
HFW12-F7,2016,201602282014,DM,0,/Volumes/Seagate Portable Drive/KYLE_AI_DATABASE/A_CAMERA/Focal_species/Gulo gulo/HFW12-F7/DM/2016/B&W/Robust marks/02.28-20.14/IMG_3637.JPG,IMG_3637.JPG,HFW12-F7_2016_201602282014_IMG_3637.jpg,0.8489958643913269,613.84228515625,166.57461547851562,482.4249267578125,1334.5008544921875,2048,1536,482,1334
HFW12-F7,2016,201602282014,DM,0,/Volumes/Seagate Portable Drive/KYLE_AI_DATABASE/A_CAMERA/Focal_species/Gulo gulo/HFW12-F7/DM/2016/B&W/Robust marks/02.28-20.14/IMG_3638.JPG,IMG_3638.JPG,HFW12-F7_2016_201602282014_IMG_3638.jpg,0.8698819279670715,613.3417358398438,151.00717163085938,481.56817626953125,1350.2301025390625,2048,1536,481,1350
HFW12-F7,2016,201602282014,DM,0,/Volumes/Seagate Portable Drive/KYLE_AI_DATABASE/A_CAMERA/Focal_species/Gulo gulo/HFW12-F7/DM/2016/B&W/Robust marks/02.28-20.14/IMG_3639.JPG,IMG_3639.JPG,HFW12-F7_2016_201602282014_IMG_3639.jpg,0.8371497392654419,612.8290405273438,180.46774291992188,483.43707275390625,1320.2784423828125,2048,1536,483,1320
HFW12-F7,2016,201602282014,DM,0,/Volumes/Seagate Portable Drive/KYLE_AI_DATABASE/A_CAMERA/Focal_species/Gulo gulo/HFW12-F7/DM/2016/B&W/Robust marks/02.28-20.14/IMG_3640.JPG,IMG_3640.JPG,HFW12-F7_2016_201602282014_IMG_3640.jpg,0.8414453268051147,610.1695556640625,173.3599090576172,483.441162109375,1330.8262939453125,2048,1536,483,1330
HFW12-F7,2016,201602282014,DM,0,/Volumes/Seagate Portable Drive/KYLE_AI_DATABASE/A_CAMERA/Focal_species/Gulo gulo/HFW12-F7/DM/2016/B&W/Robust marks/02.28-20.14/IMG_3642.JPG,IMG_3642.JPG,HFW12-F7_2016_201602282014_IMG_3642.jpg,0.8561533689498901,612.0481567382812,97.24104309082031,487.51776123046875,1394.8388671875,2048,1536,487,1394
HFW12-F7,2016,201602282014,DM,0,/Volumes/Seagate Portable Drive/KYLE_AI_DATABASE/A_CAMERA/Focal_species/Gulo gulo/HFW12-F7/DM/2016/B&W/Robust marks/02.28-20.14/IMG_3645.JPG,IMG_3645.JPG,HFW12-F7_2016_201602282014_IMG_3645.jpg,0.8189265131950378,613.51611328125,180.9305877685547,485.3944091796875,1314.4075927734375,2048,1536,485,1314
HFW12-F7,2016,201602282014,DM,0,/Volumes/Seagate Portable Drive/KYLE_AI_DATABASE/A_CAMERA/Focal_species/Gulo gulo/HFW12-F7/DM/2016/B&W/Robust marks/02.28-20.14/IMG_3646.JPG,IMG_3646.JPG,HFW12-F7_2016_201602282014_IMG_3646.jpg,0.8562740683555603,611.1356811523438,145.81141662597656,486.21148681640625,1353.287353515625,2048,1536,486,1353
HFW12-F7,2016,201602282014,DM,0,/Volumes/Seagate Portable Drive/KYLE_AI_DATABASE/A_CAMERA/Focal_species/Gulo gulo/HFW12-F7/DM/2016/B&W/Robust marks/02.28-20.14/IMG_3648.JPG,IMG_3648.JPG,HFW12-F7_2016_201602282014_IMG_3648.jpg,0.8434962630271912,613.6917724609375,397.3470153808594,480.3309326171875,1097.400146484375,2048,1536,480,1097
HFW12-F7,2016,201602282014,DM,0,/Volumes/Seagate Portable Drive/KYLE_AI_DATABASE/A_CAMERA/Focal_species/Gulo gulo/HFW12-F7/DM/2016/B&W/Robust marks/02.28-20.14/IMG_3649.JPG,IMG_3649.JPG,HFW12-F7_2016_201602282014_IMG_3649.jpg,0.8229687809944153,614.5986328125,190.780517578125,482.78125,1288.819580078125,2048,1536,482,1288
HFW12-F7,2016,201602282014,DM,0,/Volumes/Seagate Portable Drive/KYLE_AI_DATABASE/A_CAMERA/Focal_species/Gulo gulo/HFW12-F7/DM/2016/B&W/Robust marks/02.28-20.14/IMG_3653.JPG,IMG_3653.JPG,HFW12-F7_2016_201602282014_IMG_3653.jpg,0.8080360889434814,608.3570556640625,241.95602416992188,490.27880859375,1163.50927734375,2048,1536,490,1163
HFW12-F7,2016,201602282014,DM,0,/Volumes/Seagate Portable Drive/KYLE_AI_DATABASE/A_CAMERA/Focal_species/Gulo gulo/HFW12-F7/DM/2016/B&W/Robust marks/02.28-20.14/IMG_3654.JPG,IMG_3654.JPG,HFW12-F7_2016_201602282014_IMG_3654.jpg,0.8235761523246765,614.2384643554688,367.2175598144531,488.34295654296875,1134.749267578125,2048,1536,488,1134
HFW12-F7,2016,201602282014,DM,0,/Volumes/Seagate Portable Drive/KYLE_AI_DATABASE/A_CAMERA/Focal_species/Gulo gulo/HFW12-F7/DM/2016/B&W/Robust marks/02.28-20.14/IMG_3658.JPG,IMG_3658.JPG,HFW12-F7_2016_201602282014_IMG_3658.jpg,0.8277336359024048,612.5001220703125,265.42633056640625,527.1607666015625,1093.033935546875,2048,1536,527,1093
HFW12-F7,2016,201602282014,DM,0,/Volumes/Seagate Portable Drive/KYLE_AI_DATABASE/A_CAMERA/Focal_species/Gulo gulo/HFW12-F7/DM/2016/B&W/Robust marks/02.28-20.14/IMG_3661.JPG,IMG_3661.JPG,HFW12-F7_2016_201602282014_IMG_3661.jpg,0.8306317329406738,613.3450927734375,212.29664611816406,503.166015625,1108.7100830078125,2048,1536,503,1108
HFW12-F7,2016,201602282014,DM,0,/Volumes/Seagate Portable Drive/KYLE_AI_DATABASE/A_CAMERA/Focal_species/Gulo gulo/HFW12-F7/DM/2016/B&W/Robust marks/02.28-20.14/IMG_3665.JPG,IMG_3665.JPG,HFW12-F7_2016_201602282014_IMG_3665.jpg,0.8283755779266357,587.4136962890625,268.98828125,538.640380859375,940.7099609375,2048,1536,538,940
HFW12-F7,2016,201602282014,DM,0,/Volumes/Seagate Portable Drive/KYLE_AI_DATABASE/A_CAMERA/Focal_species/Gulo gulo/HFW12-F7/DM/2016/B&W/Robust marks/02.28-20.14/IMG_3666.JPG,IMG_3666.JPG,HFW12-F7_2016_201602282014_IMG_3666.jpg,0.8742662072181702,614.9236450195312,225.85345458984375,479.81622314453125,1125.461669921875,2048,1536,479,1125
HFW12-F7,2016,201602282014,DM,0,/Volumes/Seagate Portable Drive/KYLE_AI_DATABASE/A_CAMERA/Focal_species/Gulo gulo/HFW12-F7/DM/2016/B&W/Robust marks/02.28-20.14/IMG_3667.JPG,IMG_3667.JPG,HFW12-F7_2016_201602282014_IMG_3667.jpg,0.8840093016624451,613.6376342773438,237.77760314941406,495.56719970703125,1244.316162109375,2048,1536,495,1244
HFW12-F7,2016,201602282014,DM,0,/Volumes/Seagate Portable Drive/KYLE_AI_DATABASE/A_CAMERA/Focal_species/Gulo gulo/HFW12-F7/DM/2016/B&W/Robust marks/02.28-20.14/IMG_3668.JPG,IMG_3668.JPG,HFW12-F7_2016_201602282014_IMG_3668.jpg,0.8882486820220947,614.2509155273438,254.29664611816406,493.53912353515625,1246.24853515625,2048,1536,493,1246
HFW12-F7,2016,201602282014,DM,0,/Volumes/Seagate Portable Drive/KYLE_AI_DATABASE/A_CAMERA/Focal_species/Gulo gulo/HFW12-F7/DM/2016/B&W/Robust marks/02.28-20.14/IMG_3670.JPG,IMG_3670.JPG,HFW12-F7_2016_201602282014_IMG_3670.jpg,0.8839254379272461,614.14404296875,241.72439575195312,493.9503173828125,1238.398193359375,2048,1536,493,1238
HFW12-F7,2016,201602282014,DM,0,/Volumes/Seagate Portable Drive/KYLE_AI_DATABASE/A_CAMERA/Focal_species/Gulo gulo/HFW12-F7/DM/2016/B&W/Robust marks/02.28-20.14/IMG_3671.JPG,IMG_3671.JPG,HFW12-F7_2016_201602282014_IMG_3671.jpg,0.8461044430732727,627.2000732421875,151.83164978027344,478.8590087890625,856.1912231445312,2048,1536,478,856
HFW12-F7,2016,201602282014,DM,0,/Volumes/Seagate Portable Drive/KYLE_AI_DATABASE/A_CAMERA/Focal_species/Gulo gulo/HFW12-F7/DM/2016/B&W/Robust marks/02.28-20.14/IMG_3676.JPG,IMG_3676.JPG,HFW12-F7_2016_201602282014_IMG_3676.jpg,0.8484690189361572,615.9246826171875,272.51141357421875,479.9078369140625,1217.3984375,2048,1536,479,1217
HFW12-F7,2016,201602282014,DM,0,/Volumes/Seagate Portable Drive/KYLE_AI_DATABASE/A_CAMERA/Focal_species/Gulo gulo/HFW12-F7/DM/2016/B&W/Robust marks/02.28-20.14/IMG_3677.JPG,IMG_3677.JPG,HFW12-F7_2016_201602282014_IMG_3677.jpg,0.8248177170753479,615.5994873046875,266.69549560546875,479.8758544921875,1179.440673828125,2048,1536,479,1179
HFW12-F7,2016,201602282014,DM,0,/Volumes/Seagate Portable Drive/KYLE_AI_DATABASE/A_CAMERA/Focal_species/Gulo gulo/HFW12-F7/DM/2016/B&W/Robust marks/02.28-20.14/IMG_3678.JPG,IMG_3678.JPG,HFW12-F7_2016_201602282014_IMG_3678.jpg,0.8192364573478699,616.0327758789062,287.60821533203125,480.52972412109375,1187.484619140625,2048,1536,480,1187
HFW12-F7,2016,201602282014,DM,0,/Volumes/Seagate Portable Drive/KYLE_AI_DATABASE/A_CAMERA/Focal_species/Gulo gulo/HFW12-F7/DM/2016/B&W/Robust marks/02.28-20.14/IMG_3680.JPG,IMG_3680.JPG,HFW12-F7_2016_201602282014_IMG_3680.jpg,0.8102129101753235,618.761474609375,271.8402099609375,474.232177734375,1053.4595947265625,2048,1536,474,1053
HFW12-F7,2016,201602282014,DM,0,/Volumes/Seagate Portable Drive/KYLE_AI_DATABASE/A_CAMERA/Focal_species/Gulo gulo/HFW12-F7/DM/2016/B&W/Robust marks/02.28-20.14/IMG_3683.JPG,IMG_3683.JPG,HFW12-F7_2016_201602282014_IMG_3683.jpg,0.8782822489738464,618.7481689453125,213.791748046875,474.7467041015625,1093.8690185546875,2048,1536,474,1093
HFW12-F7,2016,201602282014,DM,0,/Volumes/Seagate Portable Drive/KYLE_AI_DATABASE/A_CAMERA/Focal_species/Gulo gulo/HFW12-F7/DM/2016/B&W/Robust marks/02.28-20.14/IMG_3684.JPG,IMG_3684.JPG,HFW12-F7_2016_201602282014_IMG_3684.jpg,0.8577325344085693,616.5828857421875,270.8271789550781,475.3179931640625,1062.4830322265625,2048,1536,475,1062
HFW12-F7,2016,201602282014,DM,0,/Volumes/Seagate Portable Drive/KYLE_AI_DATABASE/A_CAMERA/Focal_species/Gulo gulo/HFW12-F7/DM/2016/B&W/Robust marks/02.28-20.14/IMG_3685.JPG,IMG_3685.JPG,HFW12-F7_2016_201602282014_IMG_3685.jpg,0.8402306437492371,615.2262573242188,253.77090454101562,482.61907958984375,1103.849853515625,2048,1536,482,1103
HFW12-F7,2016,201602282014,DM,0,/Volumes/Seagate Portable Drive/KYLE_AI_DATABASE/A_CAMERA/Focal_species/Gulo gulo/HFW12-F7/DM/2016/B&W/Robust marks/02.28-20.14/IMG_3686.JPG,IMG_3686.JPG,HFW12-F7_2016_201602282014_IMG_3686.jpg,0.8502423167228699,613.330078125,206.69654846191406,492.162109375,1265.0491943359375,2048,1536,492,1265
HFW12-F7,2016,201602282014,DM,0,/Volumes/Seagate Portable Drive/KYLE_AI_DATABASE/A_CAMERA/Focal_species/Gulo gulo/HFW12-F7/DM/2016/B&W/Robust marks/02.28-20.14/IMG_3687.JPG,IMG_3687.JPG,HFW12-F7_2016_201602282014_IMG_3687.jpg,0.8364537358283997,615.4947509765625,203.39456176757812,480.902587890625,1294.3189697265625,2048,1536,480,1294
HFW12-F7,2016,201602282014,DM,0,/Volumes/Seagate Portable Drive/KYLE_AI_DATABASE/A_CAMERA/Focal_species/Gulo gulo/HFW12-F7/DM/2016/B&W/Robust marks/02.28-20.14/IMG_3688.JPG,IMG_3688.JPG,HFW12-F7_2016_201602282014_IMG_3688.jpg,0.8172852993011475,614.7765502929688,262.44659423828125,476.67047119140625,1090.329833984375,2048,1536,476,1090
HFW12-F7,2016,201602282014,DM,0,/Volumes/Seagate Portable Drive/KYLE_AI_DATABASE/A_CAMERA/Focal_species/Gulo gulo/HFW12-F7/DM/2016/B&W/Robust marks/02.28-20.14/IMG_3689.JPG,IMG_3689.JPG,HFW12-F7_2016_201602282014_IMG_3689.jpg,0.8331047296524048,612.037109375,267.0743408203125,473.4212646484375,1082.1224365234375,2048,1536,473,1082
HFW12-F7,2016,201602282014,DM,0,/Volumes/Seagate Portable Drive/KYLE_AI_DATABASE/A_CAMERA/Focal_species/Gulo gulo/HFW12-F7/DM/2016/B&W/Robust marks/02.28-20.14/IMG_3694.JPG,IMG_3694.JPG,HFW12-F7_2016_201602282014_IMG_3694.jpg,0.8592545390129089,614.0894775390625,259.86865234375,490.537353515625,1207.348876953125,2048,1536,490,1207
HFW12-F7,2016,201602282014,DM,0,/Volumes/Seagate Portable Drive/KYLE_AI_DATABASE/A_CAMERA/Focal_species/Gulo gulo/HFW12-F7/DM/2016/B&W/Robust marks/02.28-20.14/IMG_3696.JPG,IMG_3696.JPG,HFW12-F7_2016_201602282014_IMG_3696.jpg,0.8713456988334656,613.8871459960938,274.340576171875,484.91363525390625,1215.472900390625,2048,1536,484,1215
HFW12-F7,2016,201602282014,DM,0,/Volumes/Seagate Portable Drive/KYLE_AI_DATABASE/A_CAMERA/Focal_species/Gulo gulo/HFW12-F7/DM/2016/B&W/Robust marks/02.28-20.14/IMG_3697.JPG,IMG_3697.JPG,HFW12-F7_2016_201602282014_IMG_3697.jpg,0.8897815942764282,615.8857421875,290.64544677734375,480.19482421875,1199.1904296875,2048,1536,480,1199
HFW12-F7,2016,201602282014,DM,0,/Volumes/Seagate Portable Drive/KYLE_AI_DATABASE/A_CAMERA/Focal_species/Gulo gulo/HFW12-F7/DM/2016/B&W/Robust marks/02.28-20.14/IMG_3698.JPG,IMG_3698.JPG,HFW12-F7_2016_201602282014_IMG_3698.jpg,0.812077522277832,615.1694946289062,361.54400634765625,481.87957763671875,1011.1119995117188,2048,1536,481,1011
HFW12-F7,2016,201602282014,DM,0,/Volumes/Seagate Portable Drive/KYLE_AI_DATABASE/A_CAMERA/Focal_species/Gulo gulo/HFW12-F7/DM/2016/B&W/Robust marks/02.28-20.14/IMG_3699.JPG,IMG_3699.JPG,HFW12-F7_2016_201602282014_IMG_3699.jpg,0.9075431227684021,618.3857421875,228.06033325195312,475.720703125,1269.771240234375,2048,1536,475,1269
HFW12-F7,2016,201602282014,DM,0,/Volumes/Seagate Portable Drive/KYLE_AI_DATABASE/A_CAMERA/Focal_species/Gulo gulo/HFW12-F7/DM/2016/B&W/Robust marks/02.28-20.14/IMG_3701.JPG,IMG_3701.JPG,HFW12-F7_2016_201602282014_IMG_3701.jpg,0.8313737511634827,615.8126831054688,385.30902099609375,481.97625732421875,1049.589111328125,2048,1536,481,1049
HFW12-F7,2016,201602282014,DM,0,/Volumes/Seagate Portable Drive/KYLE_AI_DATABASE/A_CAMERA/Focal_species/Gulo gulo/HFW12-F7/DM/2016/B&W/Robust marks/02.28-20.14/IMG_3702.JPG,IMG_3702.JPG,HFW12-F7_2016_201602282014_IMG_3702.jpg,0.8204147815704346,593.3673095703125,239.0738983154297,502.2679443359375,1155.046875,2048,1536,502,1155
HFW12-F7,2016,201602282014,DM,0,/Volumes/Seagate Portable Drive/KYLE_AI_DATABASE/A_CAMERA/Focal_species/Gulo gulo/HFW12-F7/DM/2016/B&W/Robust marks/02.28-20.14/IMG_3704.JPG,IMG_3704.JPG,HFW12-F7_2016_201602282014_IMG_3704.jpg,0.809323787689209,616.4898071289062,300.65081787109375,473.66424560546875,1078.162353515625,2048,1536,473,1078
HFW12-F7,2016,201602282014,DM,0,/Volumes/Seagate Portable Drive/KYLE_AI_DATABASE/A_CAMERA/Focal_species/Gulo gulo/HFW12-F7/DM/2016/B&W/Robust marks/02.28-20.14/IMG_3705.JPG,IMG_3705.JPG,HFW12-F7_2016_201602282014_IMG_3705.jpg,0.8389296531677246,616.0708618164062,286.3204345703125,485.97113037109375,1205.3189697265625,2048,1536,485,1205
HFW12-F7,2016,201602282014,DM,0,/Volumes/Seagate Portable Drive/KYLE_AI_DATABASE/A_CAMERA/Focal_species/Gulo gulo/HFW12-F7/DM/2016/B&W/Robust marks/02.28-20.14/IMG_3706.JPG,IMG_3706.JPG,HFW12-F7_2016_201602282014_IMG_3706.jpg,0.853122353553772,610.8130493164062,163.87234497070312,490.12066650390625,1235.385009765625,2048,1536,490,1235
HFW12-F7,2016,201602282014,DM,0,/Volumes/Seagate Portable Drive/KYLE_AI_DATABASE/A_CAMERA/Focal_species/Gulo gulo/HFW12-F7/DM/2016/B&W/Robust marks/02.28-20.14/IMG_3707.JPG,IMG_3707.JPG,HFW12-F7_2016_201602282014_IMG_3707.jpg,0.8593738675117493,620.4203491210938,164.59730529785156,474.95684814453125,1110.47119140625,2048,1536,474,1110
HFW12-F7,2016,201602282014,DM,0,/Volumes/Seagate Portable Drive/KYLE_AI_DATABASE/A_CAMERA/Focal_species/Gulo gulo/HFW12-F7/DM/2016/B&W/Robust marks/02.28-20.14/IMG_3708.JPG,IMG_3708.JPG,HFW12-F7_2016_201602282014_IMG_3708.jpg,0.8781488537788391,617.041259765625,159.16314697265625,486.184326171875,1328.11279296875,2048,1536,486,1328
HFW12-F7,2016,201602282014,DM,0,/Volumes/Seagate Portable Drive/KYLE_AI_DATABASE/A_CAMERA/Focal_species/Gulo gulo/HFW12-F7/DM/2016/B&W/Robust marks/02.28-20.14/IMG_3709.JPG,IMG_3709.JPG,HFW12-F7_2016_201602282014_IMG_3709.jpg,0.8216318488121033,615.1474609375,199.52069091796875,487.1527099609375,1136.113037109375,2048,1536,487,1136
HFW12-F7,2016,201602282014,DM,0,/Volumes/Seagate Portable Drive/KYLE_AI_DATABASE/A_CAMERA/Focal_species/Gulo gulo/HFW12-F7/DM/2016/B&W/Robust marks/02.28-20.14/IMG_3710.JPG,IMG_3710.JPG,HFW12-F7_2016_201602282014_IMG_3710.jpg,0.8354459404945374,616.8409423828125,306.1112060546875,483.1207275390625,1193.0306396484375,2048,1536,483,1193
HFW12-F7,2016,201602282014,DM,0,/Volumes/Seagate Portable Drive/KYLE_AI_DATABASE/A_CAMERA/Focal_species/Gulo gulo/HFW12-F7/DM/2016/B&W/Robust marks/02.28-20.14/IMG_3711.JPG,IMG_3711.JPG,HFW12-F7_2016_201602282014_IMG_3711.jpg,0.8335381746292114,615.34423828125,235.00772094726562,478.242431640625,1263.83154296875,2048,1536,478,1263
HFW12-F7,2016,201602282014,DM,0,/Volumes/Seagate Portable Drive/KYLE_AI_DATABASE/A_CAMERA/Focal_species/Gulo gulo/HFW12-F7/DM/2016/B&W/Robust marks/02.28-20.14/IMG_3713.JPG,IMG_3713.JPG,HFW12-F7_2016_201602282014_IMG_3713.jpg,0.8972662091255188,613.56884765625,374.5534973144531,491.1031494140625,1125.583740234375,2048,1536,491,1125
HFW12-F7,2016,201602282014,DM,0,/Volumes/Seagate Portable Drive/KYLE_AI_DATABASE/A_CAMERA/Focal_species/Gulo gulo/HFW12-F7/DM/2016/B&W/Robust marks/02.28-20.14/IMG_3714.JPG,IMG_3714.JPG,HFW12-F7_2016_201602282014_IMG_3714.jpg,0.8181940317153931,615.0635375976562,368.12261962890625,484.31072998046875,975.7035522460938,2048,1536,484,975
HFW12-F7,2016,201602282014,DM,0,/Volumes/Seagate Portable Drive/KYLE_AI_DATABASE/A_CAMERA/Focal_species/Gulo gulo/HFW12-F7/DM/2016/B&W/Robust marks/02.28-20.14/IMG_3715.JPG,IMG_3715.JPG,HFW12-F7_2016_201602282014_IMG_3715.jpg,0.8527260422706604,614.3519287109375,368.2244567871094,485.2479248046875,1024.201904296875,2048,1536,485,1024
HFW12-F7,2016,201602282014,DM,0,/Volumes/Seagate Portable Drive/KYLE_AI_DATABASE/A_CAMERA/Focal_species/Gulo gulo/HFW12-F7/DM/2016/B&W/Robust marks/02.28-20.14/IMG_3716.JPG,IMG_3716.JPG,HFW12-F7_2016_201602282014_IMG_3716.jpg,0.9182643890380859,614.8761596679688,378.86810302734375,483.16546630859375,1122.13037109375,2048,1536,483,1122
HFW12-F7,2016,201602282014,DM,0,/Volumes/Seagate Portable Drive/KYLE_AI_DATABASE/A_CAMERA/Focal_species/Gulo gulo/HFW12-F7/DM/2016/B&W/Robust marks/02.28-20.14/IMG_3718.JPG,IMG_3718.JPG,HFW12-F7_2016_201602282014_IMG_3718.jpg,0.8320503830909729,615.5817260742188,357.5303955078125,479.38287353515625,1137.606689453125,2048,1536,479,1137
HFW12-F7,2016,201602282014,DM,0,/Volumes/Seagate Portable Drive/KYLE_AI_DATABASE/A_CAMERA/Focal_species/Gulo gulo/HFW12-F7/DM/2016/B&W/Robust marks/02.28-20.14/IMG_3720.JPG,IMG_3720.JPG,HFW12-F7_2016_201602282014_IMG_3720.jpg,0.8151175379753113,616.6564331054688,255.08908081054688,473.10516357421875,1240.546875,2048,1536,473,1240
HFW12-F7,2016,201602282014,DM,0,/Volumes/Seagate Portable Drive/KYLE_AI_DATABASE/A_CAMERA/Focal_species/Gulo gulo/HFW12-F7/DM/2016/B&W/Robust marks/02.28-20.14/IMG_3722.JPG,IMG_3722.JPG,HFW12-F7_2016_201602282014_IMG_3722.jpg,0.8170670866966248,614.882568359375,198.8306121826172,467.16796875,1165.321533203125,2048,1536,467,1165
HFW12-F7,2016,201602282014,DM,0,/Volumes/Seagate Portable Drive/KYLE_AI_DATABASE/A_CAMERA/Focal_species/Gulo gulo/HFW12-F7/DM/2016/B&W/Robust marks/02.28-20.14/IMG_3724.JPG,IMG_3724.JPG,HFW12-F7_2016_201602282014_IMG_3724.jpg,0.8161910772323608,611.580078125,238.72183227539062,470.330078125,1207.0303955078125,2048,1536,470,1207
HFW12-F7,2016,201602282014,DM,0,/Volumes/Seagate Portable Drive/KYLE_AI_DATABASE/A_CAMERA/Focal_species/Gulo gulo/HFW12-F7/DM/2016/B&W/Robust marks/02.28-20.14/IMG_3725.JPG,IMG_3725.JPG,HFW12-F7_2016_201602282014_IMG_3725.jpg,0.84750896692276,544.711669921875,276.34576416015625,540.5240478515625,1221.53515625,2048,1536,540,1221
HFW12-F7,2016,201602282014,DM,0,/Volumes/Seagate Portable Drive/KYLE_AI_DATABASE/A_CAMERA/Focal_species/Gulo gulo/HFW12-F7/DM/2016/B&W/Robust marks/02.28-20.14/IMG_3726.JPG,IMG_3726.JPG,HFW12-F7_2016_201602282014_IMG_3726.jpg,0.838526725769043,616.33642578125,250.64483642578125,470.1932373046875,1057.018310546875,2048,1536,470,1057
HFW12-F7,2016,201602282014,DM,0,/Volumes/Seagate Portable Drive/KYLE_AI_DATABASE/A_CAMERA/Focal_species/Gulo gulo/HFW12-F7/DM/2016/B&W/Robust marks/02.28-20.14/IMG_3729.JPG,IMG_3729.JPG,HFW12-F7_2016_201602282014_IMG_3729.jpg,0.8349661231040955,616.2373046875,268.56805419921875,469.643798828125,1085.820556640625,2048,1536,469,1085
HFW12-F7,2016,201602282014,DM,0,/Volumes/Seagate Portable Drive/KYLE_AI_DATABASE/A_CAMERA/Focal_species/Gulo gulo/HFW12-F7/DM/2016/B&W/Robust marks/02.28-20.14/IMG_3730.JPG,IMG_3730.JPG,HFW12-F7_2016_201602282014_IMG_3730.jpg,0.816407322883606,611.877685546875,265.4044189453125,474.9149169921875,1081.63037109375,2048,1536,474,1081
HFW12-F7,2016,201602282014,DM,0,/Volumes/Seagate Portable Drive/KYLE_AI_DATABASE/A_CAMERA/Focal_species/Gulo gulo/HFW12-F7/DM/2016/B&W/Robust marks/02.28-20.14/IMG_3735.JPG,IMG_3735.JPG,HFW12-F7_2016_201602282014_IMG_3735.jpg,0.8431679606437683,613.9880981445312,249.57504272460938,479.12408447265625,1213.2437744140625,2048,1536,479,1213
HFW12-F7,2016,201602282014,DM,0,/Volumes/Seagate Portable Drive/KYLE_AI_DATABASE/A_CAMERA/Focal_species/Gulo gulo/HFW12-F7/DM/2016/B&W/Robust marks/02.28-20.14/IMG_3736.JPG,IMG_3736.JPG,HFW12-F7_2016_201602282014_IMG_3736.jpg,0.8312212824821472,615.6243896484375,248.2393341064453,473.5401611328125,1217.5535888671875,2048,1536,473,1217
HFW12-F7,2016,201602282014,DM,0,/Volumes/Seagate Portable Drive/KYLE_AI_DATABASE/A_CAMERA/Focal_species/Gulo gulo/HFW12-F7/DM/2016/B&W/Robust marks/02.28-20.14/IMG_3737.JPG,IMG_3737.JPG,HFW12-F7_2016_201602282014_IMG_3737.jpg,0.897840678691864,616.1773681640625,240.63185119628906,475.3914794921875,1259.374755859375,2048,1536,475,1259
HFW12-F7,2016,201602282014,DM,0,/Volumes/Seagate Portable Drive/KYLE_AI_DATABASE/A_CAMERA/Focal_species/Gulo gulo/HFW12-F7/DM/2016/B&W/Robust marks/02.28-20.14/IMG_3741.JPG,IMG_3741.JPG,HFW12-F7_2016_201602282014_IMG_3741.jpg,0.8020228743553162,613.247314453125,261.00384521484375,476.2613525390625,1008.8792114257812,2048,1536,476,1008
HFW12-F7,2016,201602282014,DM,0,/Volumes/Seagate Portable Drive/KYLE_AI_DATABASE/A_CAMERA/Focal_species/Gulo gulo/HFW12-F7/DM/2016/B&W/Robust marks/02.28-20.14/IMG_3743.JPG,IMG_3743.JPG,HFW12-F7_2016_201602282014_IMG_3743.jpg,0.8136411905288696,614.6683959960938,263.92718505859375,470.92144775390625,1144.17236328125,2048,1536,470,1144
HFW12-F7,2016,201602282014,DM,0,/Volumes/Seagate Portable Drive/KYLE_AI_DATABASE/A_CAMERA/Focal_species/Gulo gulo/HFW12-F7/DM/2016/B&W/Robust marks/02.28-20.14/IMG_3745.JPG,IMG_3745.JPG,HFW12-F7_2016_201602282014_IMG_3745.jpg,0.8147757649421692,618.356689453125,247.4669952392578,477.0084228515625,1038.5965576171875,2048,1536,477,1038
HFW12-F7,2016,201602282014,DM,0,/Volumes/Seagate Portable Drive/KYLE_AI_DATABASE/A_CAMERA/Focal_species/Gulo gulo/HFW12-F7/DM/2016/B&W/Robust marks/02.28-20.14/IMG_3746.JPG,IMG_3746.JPG,HFW12-F7_2016_201602282014_IMG_3746.jpg,0.8820832371711731,617.5379638671875,260.394775390625,538.76611328125,1038.254638671875,2048,1536,538,1038
HFW12-F7,2016,201602282014,DM,0,/Volumes/Seagate Portable Drive/KYLE_AI_DATABASE/A_CAMERA/Focal_species/Gulo gulo/HFW12-F7/DM/2016/B&W/Robust marks/02.28-20.14/IMG_3748.JPG,IMG_3748.JPG,HFW12-F7_2016_201602282014_IMG_3748.jpg,0.8544991612434387,614.404052734375,269.4385986328125,474.785888671875,962.8074951171875,2048,1536,474,962
HFW12-F7,2016,201602282014,DM,0,/Volumes/Seagate Portable Drive/KYLE_AI_DATABASE/A_CAMERA/Focal_species/Gulo gulo/HFW12-F7/DM/2016/B&W/Robust marks/02.28-20.14/IMG_3749.JPG,IMG_3749.JPG,HFW12-F7_2016_201602282014_IMG_3749.jpg,0.8004434108734131,614.4904174804688,247.5113067626953,476.28582763671875,1061.5081787109375,2048,1536,476,1061
HFW12-F7,2016,201602282014,DM,0,/Volumes/Seagate Portable Drive/KYLE_AI_DATABASE/A_CAMERA/Focal_species/Gulo gulo/HFW12-F7/DM/2016/B&W/Robust marks/02.28-20.14/IMG_3751.JPG,IMG_3751.JPG,HFW12-F7_2016_201602282014_IMG_3751.jpg,0.8876523971557617,609.4844970703125,247.1223907470703,496.750244140625,1254.290771484375,2048,1536,496,1254
HFW12-F7,2016,201602282014,DM,0,/Volumes/Seagate Portable Drive/KYLE_AI_DATABASE/A_CAMERA/Focal_species/Gulo gulo/HFW12-F7/DM/2016/B&W/Robust marks/02.28-20.14/IMG_3752.JPG,IMG_3752.JPG,HFW12-F7_2016_201602282014_IMG_3752.jpg,0.8275943994522095,612.6560668945312,394.62249755859375,498.07586669921875,1091.7548828125,2048,1536,498,1091
HFW12-F7,2016,201602282014,DM,0,/Volumes/Seagate Portable Drive/KYLE_AI_DATABASE/A_CAMERA/Focal_species/Gulo gulo/HFW12-F7/DM/2016/B&W/Robust marks/02.28-20.14/IMG_3753.JPG,IMG_3753.JPG,HFW12-F7_2016_201602282014_IMG_3753.jpg,0.8398461937904358,612.6463012695312,244.23536682128906,497.24261474609375,1168.5430908203125,2048,1536,497,1168
HFW12-F7,2016,201602282014,DM,0,/Volumes/Seagate Portable Drive/KYLE_AI_DATABASE/A_CAMERA/Focal_species/Gulo gulo/HFW12-F7/DM/2016/B&W/Robust marks/02.28-20.14/IMG_3754.JPG,IMG_3754.JPG,HFW12-F7_2016_201602282014_IMG_3754.jpg,0.8835512399673462,614.8458251953125,228.03460693359375,498.6883544921875,1269.049072265625,2048,1536,498,1269
HFW12-F7,2016,201602282014,DM,0,/Volumes/Seagate Portable Drive/KYLE_AI_DATABASE/A_CAMERA/Focal_species/Gulo gulo/HFW12-F7/DM/2016/B&W/Robust marks/02.28-20.14/IMG_3755.JPG,IMG_3755.JPG,HFW12-F7_2016_201602282014_IMG_3755.jpg,0.8995384573936462,613.6697998046875,246.57994079589844,490.7847900390625,1081.5113525390625,2048,1536,490,1081
HFW12-F7,2016,201602282014,DM,0,/Volumes/Seagate Portable Drive/KYLE_AI_DATABASE/A_CAMERA/Focal_species/Gulo gulo/HFW12-F7/DM/2016/B&W/Robust marks/02.28-20.14/IMG_3756.JPG,IMG_3756.JPG,HFW12-F7_2016_201602282014_IMG_3756.jpg,0.8166186213493347,612.7355346679688,255.54803466796875,474.23016357421875,1144.95361328125,2048,1536,474,1144
HFW12-F7,2016,201602282014,DM,0,/Volumes/Seagate Portable Drive/KYLE_AI_DATABASE/A_CAMERA/Focal_species/Gulo gulo/HFW12-F7/DM/2016/B&W/Robust marks/02.28-20.14/IMG_3761.JPG,IMG_3761.JPG,HFW12-F7_2016_201602282014_IMG_3761.jpg,0.8275104761123657,615.6717529296875,375.675537109375,473.0062255859375,1124.847412109375,2048,1536,473,1124
HFW12-F7,2016,201602282014,DM,0,/Volumes/Seagate Portable Drive/KYLE_AI_DATABASE/A_CAMERA/Focal_species/Gulo gulo/HFW12-F7/DM/2016/B&W/Robust marks/02.28-20.14/IMG_3762.JPG,IMG_3762.JPG,HFW12-F7_2016_201602282014_IMG_3762.jpg,0.8146496415138245,613.5204467773438,243.33856201171875,474.74371337890625,1159.61474609375,2048,1536,474,1159
HFW12-F7,2016,201602282014,DM,0,/Volumes/Seagate Portable Drive/KYLE_AI_DATABASE/A_CAMERA/Focal_species/Gulo gulo/HFW12-F7/DM/2016/B&W/Robust marks/02.28-20.14/IMG_3763.JPG,IMG_3763.JPG,HFW12-F7_2016_201602282014_IMG_3763.jpg,0.8749282956123352,615.1278686523438,237.88092041015625,474.67987060546875,1257.818359375,2048,1536,474,1257
HFW12-F7,2016,201602282014,DM,0,/Volumes/Seagate Portable Drive/KYLE_AI_DATABASE/A_CAMERA/Focal_species/Gulo gulo/HFW12-F7/DM/2016/B&W/Robust marks/02.28-20.14/IMG_3764.JPG,IMG_3764.JPG,HFW12-F7_2016_201602282014_IMG_3764.jpg,0.810049831867218,612.4824829101562,231.37435913085938,479.37506103515625,1119.859619140625,2048,1536,479,1119
HFW12-F7,2016,201602282014,DM,0,/Volumes/Seagate Portable Drive/KYLE_AI_DATABASE/A_CAMERA/Focal_species/Gulo gulo/HFW12-F7/DM/2016/B&W/Robust marks/02.28-20.14/IMG_3769.JPG,IMG_3769.JPG,HFW12-F7_2016_201602282014_IMG_3769.jpg,0.846378743648529,616.2307739257812,262.8622741699219,477.57415771484375,1040.9912109375,2048,1536,477,1040
HFW12-F7,2016,201602282014,DM,0,/Volumes/Seagate Portable Drive/KYLE_AI_DATABASE/A_CAMERA/Focal_species/Gulo gulo/HFW12-F7/DM/2016/B&W/Robust marks/02.28-20.14/IMG_3770.JPG,IMG_3770.JPG,HFW12-F7_2016_201602282014_IMG_3770.jpg,0.8291008472442627,621.2222900390625,267.19708251953125,472.4007568359375,1010.6099243164062,2048,1536,472,1010
HFW12-F7,2016,201602282014,DM,0,/Volumes/Seagate Portable Drive/KYLE_AI_DATABASE/A_CAMERA/Focal_species/Gulo gulo/HFW12-F7/DM/2016/B&W/Robust marks/02.28-20.14/IMG_3771.JPG,IMG_3771.JPG,HFW12-F7_2016_201602282014_IMG_3771.jpg,0.8159835338592529,621.009033203125,235.82464599609375,467.3497314453125,1066.822509765625,2048,1536,467,1066
HFW12-F7,2016,201602282014,DM,0,/Volumes/Seagate Portable Drive/KYLE_AI_DATABASE/A_CAMERA/Focal_species/Gulo gulo/HFW12-F7/DM/2016/B&W/Robust marks/02.28-20.14/IMG_3773.JPG,IMG_3773.JPG,HFW12-F7_2016_201602282014_IMG_3773.jpg,0.8273143172264099,620.22998046875,223.38638305664062,474.91015625,1078.3077392578125,2048,1536,474,1078
HFW12-F7,2016,201602282014,DM,0,/Volumes/Seagate Portable Drive/KYLE_AI_DATABASE/A_CAMERA/Focal_species/Gulo gulo/HFW12-F7/DM/2016/B&W/Robust marks/02.28-20.14/IMG_3774.JPG,IMG_3774.JPG,HFW12-F7_2016_201602282014_IMG_3774.jpg,0.8531932234764099,617.37548828125,258.4836730957031,469.2310791015625,1241.2261962890625,2048,1536,469,1241
HFW12-F7,2016,201602282014,DM,0,/Volumes/Seagate Portable Drive/KYLE_AI_DATABASE/A_CAMERA/Focal_species/Gulo gulo/HFW12-F7/DM/2016/B&W/Robust marks/02.28-20.14/IMG_3775.JPG,IMG_3775.JPG,HFW12-F7_2016_201602282014_IMG_3775.jpg,0.8361769914627075,619.2610473632812,268.967041015625,467.17279052734375,1065.47265625,2048,1536,467,1065
HFW12-F7,2016,201602282014,DM,0,/Volumes/Seagate Portable Drive/KYLE_AI_DATABASE/A_CAMERA/Focal_species/Gulo gulo/HFW12-F7/DM/2016/B&W/Robust marks/02.28-20.14/IMG_3777.JPG,IMG_3777.JPG,HFW12-F7_2016_201602282014_IMG_3777.jpg,0.8461683988571167,621.283203125,253.89527893066406,469.0518798828125,1047.960205078125,2048,1536,469,1047
HFW12-F7,2016,201602282014,DM,0,/Volumes/Seagate Portable Drive/KYLE_AI_DATABASE/A_CAMERA/Focal_species/Gulo gulo/HFW12-F7/DM/2016/B&W/Robust marks/02.28-20.14/IMG_3778.JPG,IMG_3778.JPG,HFW12-F7_2016_201602282014_IMG_3778.jpg,0.8250576853752136,616.7708740234375,268.9395751953125,471.76416015625,1002.4215087890625,2048,1536,471,1002
HFW12-F7,2016,201602282014,DM,0,/Volumes/Seagate Portable Drive/KYLE_AI_DATABASE/A_CAMERA/Focal_species/Gulo gulo/HFW12-F7/DM/2016/B&W/Robust marks/02.28-20.14/IMG_3779.JPG,IMG_3779.JPG,HFW12-F7_2016_201602282014_IMG_3779.jpg,0.8254458904266357,617.0289916992188,284.88568115234375,469.17559814453125,1099.228515625,2048,1536,469,1099
HFW12-F7,2016,201602282014,DM,0,/Volumes/Seagate Portable Drive/KYLE_AI_DATABASE/A_CAMERA/Focal_species/Gulo gulo/HFW12-F7/DM/2016/B&W/Robust marks/02.28-20.14/IMG_3780.JPG,IMG_3780.JPG,HFW12-F7_2016_201602282014_IMG_3780.jpg,0.8571532368659973,615.6336669921875,265.443603515625,468.601318359375,1226.265869140625,2048,1536,468,1226
HFW12-F7,2016,201602282014,DM,0,/Volumes/Seagate Portable Drive/KYLE_AI_DATABASE/A_CAMERA/Focal_species/Gulo gulo/HFW12-F7/DM/2016/B&W/Robust marks/02.28-20.14/IMG_3781.JPG,IMG_3781.JPG,HFW12-F7_2016_201602282014_IMG_3781.jpg,0.8477833867073059,618.6504516601562,287.6534423828125,467.03619384765625,1203.5262451171875,2048,1536,467,1203
HFW12-F7,2016,201602282014,DM,0,/Volumes/Seagate Portable Drive/KYLE_AI_DATABASE/A_CAMERA/Focal_species/Gulo gulo/HFW12-F7/DM/2016/B&W/Robust marks/02.28-20.14/IMG_3782.JPG,IMG_3782.JPG,HFW12-F7_2016_201602282014_IMG_3782.jpg,0.8351706266403198,615.6561279296875,284.13262939453125,469.4722900390625,1068.150634765625,2048,1536,469,1068
HFW12-F7,2016,201602282014,DM,0,/Volumes/Seagate Portable Drive/KYLE_AI_DATABASE/A_CAMERA/Focal_species/Gulo gulo/HFW12-F7/DM/2016/B&W/Robust marks/02.28-20.14/IMG_3787.JPG,IMG_3787.JPG,HFW12-F7_2016_201602282014_IMG_3787.jpg,0.8359072208404541,616.2877807617188,368.50628662109375,467.34259033203125,934.4865112304688,2048,1536,467,934
HFW12-F7,2016,201602282014,DM,0,/Volumes/Seagate Portable Drive/KYLE_AI_DATABASE/A_CAMERA/Focal_species/Gulo gulo/HFW12-F7/DM/2016/B&W/Robust marks/02.28-20.14/IMG_3789.JPG,IMG_3789.JPG,HFW12-F7_2016_201602282014_IMG_3789.jpg,0.8167492151260376,614.7227172851562,236.47718811035156,478.02520751953125,1111.5557861328125,2048,1536,478,1111
HFW12-F7,2016,201602282014,DM,0,/Volumes/Seagate Portable Drive/KYLE_AI_DATABASE/A_CAMERA/Focal_species/Gulo gulo/HFW12-F7/DM/2016/B&W/Robust marks/02.28-20.14/IMG_3790.JPG,IMG_3790.JPG,HFW12-F7_2016_201602282014_IMG_3790.jpg,0.8812501430511475,612.7702026367188,298.0472717285156,482.58843994140625,1038.354736328125,2048,1536,482,1038
HFW12-F7,2016,201602282014,DM,0,/Volumes/Seagate Portable Drive/KYLE_AI_DATABASE/A_CAMERA/Focal_species/Gulo gulo/HFW12-F7/DM/2016/B&W/Robust marks/02.28-20.14/IMG_3791.JPG,IMG_3791.JPG,HFW12-F7_2016_201602282014_IMG_3791.jpg,0.9244281649589539,629.6663818359375,79.23403930664062,479.362548828125,1012.544677734375,2048,1536,479,1012
HFW12-F7,2016,201602282014,DM,0,/Volumes/Seagate Portable Drive/KYLE_AI_DATABASE/A_CAMERA/Focal_species/Gulo gulo/HFW12-F7/DM/2016/B&W/Robust marks/02.28-20.14/IMG_3795.JPG,IMG_3795.JPG,HFW12-F7_2016_201602282014_IMG_3795.jpg,0.8148415684700012,629.0261840820312,30.377792358398438,478.27154541015625,938.6302490234375,2048,1536,478,938
HFW12-F7,2016,201602282014,DM,0,/Volumes/Seagate Portable Drive/KYLE_AI_DATABASE/A_CAMERA/Focal_species/Gulo gulo/HFW12-F7/DM/2016/B&W/Robust marks/02.28-20.14/IMG_3803.JPG,IMG_3803.JPG,HFW12-F7_2016_201602282014_IMG_3803.jpg,0.8139578700065613,608.8720092773438,339.1915283203125,483.79925537109375,1031.16357421875,2048,1536,483,1031
HFW12-F7,2016,201602282014,DM,0,/Volumes/Seagate Portable Drive/KYLE_AI_DATABASE/A_CAMERA/Focal_species/Gulo gulo/HFW12-F7/DM/2016/B&W/Robust marks/02.28-20.14/IMG_3804.JPG,IMG_3804.JPG,HFW12-F7_2016_201602282014_IMG_3804.jpg,0.8102380633354187,458.6317443847656,301.466552734375,635.8670654296875,1090.8568115234375,2048,1536,635,1090
HFW12-F7,2016,201602282014,DM,0,/Volumes/Seagate Portable Drive/KYLE_AI_DATABASE/A_CAMERA/Focal_species/Gulo gulo/HFW12-F7/DM/2016/B&W/Robust marks/02.28-20.14/IMG_3805.JPG,IMG_3805.JPG,HFW12-F7_2016_201602282014_IMG_3805.jpg,0.8677418231964111,614.9402465820312,333.46051025390625,476.50433349609375,993.7384643554688,2048,1536,476,993
HFW12-F7,2016,201602282014,DM,0,/Volumes/Seagate Portable Drive/KYLE_AI_DATABASE/A_CAMERA/Focal_species/Gulo gulo/HFW12-F7/DM/2016/B&W/Robust marks/02.28-20.14/IMG_3806.JPG,IMG_3806.JPG,HFW12-F7_2016_201602282014_IMG_3806.jpg,0.86855548620224,613.4942626953125,344.708251953125,476.8021240234375,978.572998046875,2048,1536,476,978
HFW12-F7,2016,201602282014,DM,0,/Volumes/Seagate Portable Drive/KYLE_AI_DATABASE/A_CAMERA/Focal_species/Gulo gulo/HFW12-F7/DM/2016/B&W/Robust marks/02.28-20.14/IMG_3807.JPG,IMG_3807.JPG,HFW12-F7_2016_201602282014_IMG_3807.jpg,0.8978464603424072,517.3253173828125,370.348876953125,571.782470703125,1024.049560546875,2048,1536,571,1024
HFW12-F7,2016,201602282014,DM,0,/Volumes/Seagate Portable Drive/KYLE_AI_DATABASE/A_CAMERA/Focal_species/Gulo gulo/HFW12-F7/DM/2016/B&W/Robust marks/02.28-20.14/IMG_3808.JPG,IMG_3808.JPG,HFW12-F7_2016_201602282014_IMG_3808.jpg,0.9197941422462463,612.8101196289062,416.81072998046875,473.42156982421875,1084.168212890625,2048,1536,473,1084
HFW12-F7,2016,201602282014,DM,0,/Volumes/Seagate Portable Drive/KYLE_AI_DATABASE/A_CAMERA/Focal_species/Gulo gulo/HFW12-F7/DM/2016/B&W/Robust marks/02.28-20.14/IMG_3809.JPG,IMG_3809.JPG,HFW12-F7_2016_201602282014_IMG_3809.jpg,0.8977029919624329,610.83154296875,831.8809204101562,473.077392578125,546.0540161132812,2048,1536,473,546
