id,year,ymdh,station,color,original_path,original_filename,crop_filename,confidence,bbox_x,bbox_y,bbox_width,bbox_height,image_width,image_height,crop_width,crop_height
HLC20-H3,2022,202203301651,BM,1,/Volumes/Seagate Portable Drive/KYLE_AI_DATABASE/A_CAMERA/Focal_species/Gulo gulo/HLC20-H3/BM/2022/COLOR/Robust marks/03.30-16.51/RCNX2601.JPG,RCNX2601.JPG,HLC20-H3_2022_202203301651_RCNX2601.jpg,0.9212590456008911,1576.4854736328125,1362.2598876953125,459.96337890625,712.2161865234375,3776,2124,459,712
HLC20-H3,2022,202203301651,BM,1,/Volumes/Seagate Portable Drive/KYLE_AI_DATABASE/A_CAMERA/Focal_species/Gulo gulo/HLC20-H3/BM/2022/COLOR/Robust marks/03.30-16.51/RCNX2602.JPG,RCNX2602.JPG,HLC20-H3_2022_202203301651_RCNX2602.jpg,0.9210824966430664,1499.7144775390625,909.7540283203125,576.2659912109375,1156.6717529296875,3776,2124,576,1156
HLC20-H3,2022,202203301651,BM,1,/Volumes/Seagate Portable Drive/KYLE_AI_DATABASE/A_CAMERA/Focal_species/Gulo gulo/HLC20-H3/BM/2022/COLOR/Robust marks/03.30-16.51/RCNX2604.JPG,RCNX2604.JPG,HLC20-H3_2022_202203301651_RCNX2604.jpg,0.9306066036224365,1475.8453369140625,548.39208984375,637.4464111328125,1167.6925048828125,3776,2124,637,1167
HLC20-H3,2022,202203301651,BM,1,/Volumes/Seagate Portable Drive/KYLE_AI_DATABASE/A_CAMERA/Focal_species/Gulo gulo/HLC20-H3/BM/2022/COLOR/Robust marks/03.30-16.51/RCNX2605.JPG,RCNX2605.JPG,HLC20-H3_2022_202203301651_RCNX2605.jpg,0.9187681078910828,1481.470458984375,549.4409790039062,617.229736328125,1050.98583984375,3776,2124,617,1050
HLC20-H3,2022,202203301651,BM,1,/Volumes/Seagate Portable Drive/KYLE_AI_DATABASE/A_CAMERA/Focal_species/Gulo gulo/HLC20-H3/BM/2022/COLOR/Robust marks/03.30-16.51/RCNX2607.JPG,RCNX2607.JPG,HLC20-H3_2022_202203301651_RCNX2607.jpg,0.9188033938407898,1435.213134765625,481.3843994140625,670.582763671875,1171.1002197265625,3776,2124,670,1171
HLC20-H3,2022,202203301651,BM,1,/Volumes/Seagate Portable Drive/KYLE_AI_DATABASE/A_CAMERA/Focal_species/Gulo gulo/HLC20-H3/BM/2022/COLOR/Robust marks/03.30-16.51/RCNX2608.JPG,RCNX2608.JPG,HLC20-H3_2022_202203301651_RCNX2608.jpg,0.8226959109306335,1478.1484375,395.8994140625,625.678955078125,1277.25244140625,3776,2124,625,1277
HLC20-H3,2022,202203301651,BM,1,/Volumes/Seagate Portable Drive/KYLE_AI_DATABASE/A_CAMERA/Focal_species/Gulo gulo/HLC20-H3/BM/2022/COLOR/Robust marks/03.30-16.51/RCNX2609.JPG,RCNX2609.JPG,HLC20-H3_2022_202203301651_RCNX2609.jpg,0.9150095582008362,1499.6585693359375,365.2169494628906,580.3282470703125,1265.2247314453125,3776,2124,580,1265
HLC20-H3,2022,202203301651,BM,1,/Volumes/Seagate Portable Drive/KYLE_AI_DATABASE/A_CAMERA/Focal_species/Gulo gulo/HLC20-H3/BM/2022/COLOR/Robust marks/03.30-16.51/RCNX2610.JPG,RCNX2610.JPG,HLC20-H3_2022_202203301651_RCNX2610.jpg,0.9180559515953064,1473.6224365234375,359.8250427246094,630.5765380859375,1375.9647216796875,3776,2124,630,1375
HLC20-H3,2022,202203301651,BM,1,/Volumes/Seagate Portable Drive/KYLE_AI_DATABASE/A_CAMERA/Focal_species/Gulo gulo/HLC20-H3/BM/2022/COLOR/Robust marks/03.30-16.51/RCNX2611.JPG,RCNX2611.JPG,HLC20-H3_2022_202203301651_RCNX2611.jpg,0.8737080097198486,1481.1263427734375,579.1203002929688,610.7913818359375,1066.59765625,3776,2124,610,1066
HLC20-H3,2022,202203301651,BM,1,/Volumes/Seagate Portable Drive/KYLE_AI_DATABASE/A_CAMERA/Focal_species/Gulo gulo/HLC20-H3/BM/2022/COLOR/Robust marks/03.30-16.51/RCNX2612.JPG,RCNX2612.JPG,HLC20-H3_2022_202203301651_RCNX2612.jpg,0.8843919634819031,1468.11181640625,534.2449340820312,622.449462890625,1283.538330078125,3776,2124,622,1283
HLC20-H3,2022,202203301651,BM,1,/Volumes/Seagate Portable Drive/KYLE_AI_DATABASE/A_CAMERA/Focal_species/Gulo gulo/HLC20-H3/BM/2022/COLOR/Robust marks/03.30-16.51/RCNX2613.JPG,RCNX2613.JPG,HLC20-H3_2022_202203301651_RCNX2613.jpg,0.9293848276138306,1453.5040283203125,646.5795288085938,638.2249755859375,1213.053955078125,3776,2124,638,1213
HLC20-H3,2022,202203301651,BM,1,/Volumes/Seagate Portable Drive/KYLE_AI_DATABASE/A_CAMERA/Focal_species/Gulo gulo/HLC20-H3/BM/2022/COLOR/Robust marks/03.30-16.51/RCNX2614.JPG,RCNX2614.JPG,HLC20-H3_2022_202203301651_RCNX2614.jpg,0.8806918859481812,1435.2786865234375,471.5173645019531,659.4493408203125,1259.0672607421875,3776,2124,659,1259
HLC20-H3,2022,202203301651,BM,1,/Volumes/Seagate Portable Drive/KYLE_AI_DATABASE/A_CAMERA/Focal_species/Gulo gulo/HLC20-H3/BM/2022/COLOR/Robust marks/03.30-16.51/RCNX2616.JPG,RCNX2616.JPG,HLC20-H3_2022_202203301651_RCNX2616.jpg,0.9508410692214966,1483.6214599609375,382.8009033203125,727.7611083984375,1229.4197998046875,3776,2124,727,1229
HLC20-H3,2022,202203301651,BM,1,/Volumes/Seagate Portable Drive/KYLE_AI_DATABASE/A_CAMERA/Focal_species/Gulo gulo/HLC20-H3/BM/2022/COLOR/Robust marks/03.30-16.51/RCNX2617.JPG,RCNX2617.JPG,HLC20-H3_2022_202203301651_RCNX2617.jpg,0.9022196531295776,1484.9659423828125,850.8893432617188,639.2093505859375,908.4539184570312,3776,2124,639,908
HLC20-H3,2022,202203301651,BM,1,/Volumes/Seagate Portable Drive/KYLE_AI_DATABASE/A_CAMERA/Focal_species/Gulo gulo/HLC20-H3/BM/2022/COLOR/Robust marks/03.30-16.51/RCNX2618.JPG,RCNX2618.JPG,HLC20-H3_2022_202203301651_RCNX2618.jpg,0.9298355579376221,1486.568115234375,816.2222900390625,676.901123046875,1022.6551513671875,3776,2124,676,1022
HLC20-H3,2022,202203301651,BM,1,/Volumes/Seagate Portable Drive/KYLE_AI_DATABASE/A_CAMERA/Focal_species/Gulo gulo/HLC20-H3/BM/2022/COLOR/Robust marks/03.30-16.51/RCNX2619.JPG,RCNX2619.JPG,HLC20-H3_2022_202203301651_RCNX2619.jpg,0.9487042427062988,1486.4669189453125,639.9447631835938,654.0848388671875,1219.633056640625,3776,2124,654,1219
HLC20-H3,2022,202203301651,BM,1,/Volumes/Seagate Portable Drive/KYLE_AI_DATABASE/A_CAMERA/Focal_species/Gulo gulo/HLC20-H3/BM/2022/COLOR/Robust marks/03.30-16.51/RCNX2621.JPG,RCNX2621.JPG,HLC20-H3_2022_202203301651_RCNX2621.jpg,0.8922504782676697,1517.3896484375,649.8365478515625,617.919677734375,1118.330322265625,3776,2124,617,1118
HLC20-H3,2022,202203301651,BM,1,/Volumes/Seagate Portable Drive/KYLE_AI_DATABASE/A_CAMERA/Focal_species/Gulo gulo/HLC20-H3/BM/2022/COLOR/Robust marks/03.30-16.51/RCNX2622.JPG,RCNX2622.JPG,HLC20-H3_2022_202203301651_RCNX2622.jpg,0.9225744605064392,1519.331298828125,493.07086181640625,685.8955078125,1166.47314453125,3776,2124,685,1166
HLC20-H3,2022,202203301651,BM,1,/Volumes/Seagate Portable Drive/KYLE_AI_DATABASE/A_CAMERA/Focal_species/Gulo gulo/HLC20-H3/BM/2022/COLOR/Robust marks/03.30-16.51/RCNX2623.JPG,RCNX2623.JPG,HLC20-H3_2022_202203301651_RCNX2623.jpg,0.9320899248123169,1524.2520751953125,573.7313842773438,640.8316650390625,1148.631591796875,3776,2124,640,1148
HLC20-H3,2022,202203301651,BM,1,/Volumes/Seagate Portable Drive/KYLE_AI_DATABASE/A_CAMERA/Focal_species/Gulo gulo/HLC20-H3/BM/2022/COLOR/Robust marks/03.30-16.51/RCNX2624.JPG,RCNX2624.JPG,HLC20-H3_2022_202203301651_RCNX2624.jpg,0.895632266998291,1517.3956298828125,897.6551513671875,639.1610107421875,935.513916015625,3776,2124,639,935
HLC20-H3,2022,202203301651,BM,1,/Volumes/Seagate Portable Drive/KYLE_AI_DATABASE/A_CAMERA/Focal_species/Gulo gulo/HLC20-H3/BM/2022/COLOR/Robust marks/03.30-16.51/RCNX2625.JPG,RCNX2625.JPG,HLC20-H3_2022_202203301651_RCNX2625.jpg,0.8657662272453308,1518.1318359375,890.9973754882812,625.97412109375,967.1831665039062,3776,2124,625,967
HLC20-H3,2022,202203301651,BM,1,/Volumes/Seagate Portable Drive/KYLE_AI_DATABASE/A_CAMERA/Focal_species/Gulo gulo/HLC20-H3/BM/2022/COLOR/Robust marks/03.30-16.51/RCNX2626.JPG,RCNX2626.JPG,HLC20-H3_2022_202203301651_RCNX2626.jpg,0.8325353860855103,1511.6990966796875,908.49755859375,641.1895751953125,945.196044921875,3776,2124,641,945
HLC20-H3,2022,202203301651,BM,1,/Volumes/Seagate Portable Drive/KYLE_AI_DATABASE/A_CAMERA/Focal_species/Gulo gulo/HLC20-H3/BM/2022/COLOR/Robust marks/03.30-16.51/RCNX2627.JPG,RCNX2627.JPG,HLC20-H3_2022_202203301651_RCNX2627.jpg,0.882274329662323,1511.634033203125,913.0142211914062,638.59619140625,925.6082153320312,3776,2124,638,925
HLC20-H3,2022,202203301651,BM,1,/Volumes/Seagate Portable Drive/KYLE_AI_DATABASE/A_CAMERA/Focal_species/Gulo gulo/HLC20-H3/BM/2022/COLOR/Robust marks/03.30-16.51/RCNX2628.JPG,RCNX2628.JPG,HLC20-H3_2022_202203301651_RCNX2628.jpg,0.9388571381568909,1506.7261962890625,893.3353271484375,645.0277099609375,966.075927734375,3776,2124,645,966
HLC20-H3,2022,202203301651,BM,1,/Volumes/Seagate Portable Drive/KYLE_AI_DATABASE/A_CAMERA/Focal_species/Gulo gulo/HLC20-H3/BM/2022/COLOR/Robust marks/03.30-16.51/RCNX2629.JPG,RCNX2629.JPG,HLC20-H3_2022_202203301651_RCNX2629.jpg,0.9302370548248291,1515.8682861328125,534.8358154296875,663.6666259765625,1151.3184814453125,3776,2124,663,1151
HLC20-H3,2022,202203301651,BM,1,/Volumes/Seagate Portable Drive/KYLE_AI_DATABASE/A_CAMERA/Focal_species/Gulo gulo/HLC20-H3/BM/2022/COLOR/Robust marks/03.30-16.51/RCNX2630.JPG,RCNX2630.JPG,HLC20-H3_2022_202203301651_RCNX2630.jpg,0.9159765243530273,1509.5440673828125,598.4622192382812,682.6414794921875,1180.579833984375,3776,2124,682,1180
HLC20-H3,2022,202203301651,BM,1,/Volumes/Seagate Portable Drive/KYLE_AI_DATABASE/A_CAMERA/Focal_species/Gulo gulo/HLC20-H3/BM/2022/COLOR/Robust marks/03.30-16.51/RCNX2631.JPG,RCNX2631.JPG,HLC20-H3_2022_202203301651_RCNX2631.jpg,0.9360287189483643,1474.4769287109375,486.4466552734375,687.6898193359375,1302.542236328125,3776,2124,687,1302
HLC20-H3,2022,202203301651,BM,1,/Volumes/Seagate Portable Drive/KYLE_AI_DATABASE/A_CAMERA/Focal_species/Gulo gulo/HLC20-H3/BM/2022/COLOR/Robust marks/03.30-16.51/RCNX2632.JPG,RCNX2632.JPG,HLC20-H3_2022_202203301651_RCNX2632.jpg,0.8964489698410034,1478.15234375,508.2663269042969,682.391357421875,1244.7938232421875,3776,2124,682,1244
HLC20-H3,2022,202203301651,BM,1,/Volumes/Seagate Portable Drive/KYLE_AI_DATABASE/A_CAMERA/Focal_species/Gulo gulo/HLC20-H3/BM/2022/COLOR/Robust marks/03.30-16.51/RCNX2633.JPG,RCNX2633.JPG,HLC20-H3_2022_202203301651_RCNX2633.jpg,0.9248945116996765,1474.766357421875,653.2191162109375,637.548828125,1133.251708984375,3776,2124,637,1133
HLC20-H3,2022,202203301651,BM,1,/Volumes/Seagate Portable Drive/KYLE_AI_DATABASE/A_CAMERA/Focal_species/Gulo gulo/HLC20-H3/BM/2022/COLOR/Robust marks/03.30-16.51/RCNX2634.JPG,RCNX2634.JPG,HLC20-H3_2022_202203301651_RCNX2634.jpg,0.8082222938537598,1464.9361572265625,622.07958984375,626.2147216796875,1194.471923828125,3776,2124,626,1194
HLC20-H3,2022,202203301651,BM,1,/Volumes/Seagate Portable Drive/KYLE_AI_DATABASE/A_CAMERA/Focal_species/Gulo gulo/HLC20-H3/BM/2022/COLOR/Robust marks/03.30-16.51/RCNX2635.JPG,RCNX2635.JPG,HLC20-H3_2022_202203301651_RCNX2635.jpg,0.9278653860092163,1466.6734619140625,667.357177734375,639.5833740234375,1190.1295166015625,3776,2124,639,1190
HLC20-H3,2022,202203301651,BM,1,/Volumes/Seagate Portable Drive/KYLE_AI_DATABASE/A_CAMERA/Focal_species/Gulo gulo/HLC20-H3/BM/2022/COLOR/Robust marks/03.30-16.51/RCNX2637.JPG,RCNX2637.JPG,HLC20-H3_2022_202203301651_RCNX2637.jpg,0.805530309677124,1448.84423828125,557.608642578125,654.25830078125,1096.3458251953125,3776,2124,654,1096
HLC20-H3,2022,202203301651,BM,1,/Volumes/Seagate Portable Drive/KYLE_AI_DATABASE/A_CAMERA/Focal_species/Gulo gulo/HLC20-H3/BM/2022/COLOR/Robust marks/03.30-16.51/RCNX2638.JPG,RCNX2638.JPG,HLC20-H3_2022_202203301651_RCNX2638.jpg,0.9254952073097229,1446.600830078125,574.5244750976562,666.40869140625,1215.163818359375,3776,2124,666,1215
HLC20-H3,2022,202203301651,BM,1,/Volumes/Seagate Portable Drive/KYLE_AI_DATABASE/A_CAMERA/Focal_species/Gulo gulo/HLC20-H3/BM/2022/COLOR/Robust marks/03.30-16.51/RCNX2639.JPG,RCNX2639.JPG,HLC20-H3_2022_202203301651_RCNX2639.jpg,0.8143449425697327,1385.7010498046875,395.7542724609375,706.0946044921875,1222.40625,3776,2124,706,1222
HLC20-H3,2022,202203301651,BM,1,/Volumes/Seagate Portable Drive/KYLE_AI_DATABASE/A_CAMERA/Focal_species/Gulo gulo/HLC20-H3/BM/2022/COLOR/Robust marks/03.30-16.51/RCNX2640.JPG,RCNX2640.JPG,HLC20-H3_2022_202203301651_RCNX2640.jpg,0.9349563717842102,1474.3817138671875,445.7457275390625,663.2098388671875,1272.853515625,3776,2124,663,1272
HLC20-H3,2022,202203301651,BM,1,/Volumes/Seagate Portable Drive/KYLE_AI_DATABASE/A_CAMERA/Focal_species/Gulo gulo/HLC20-H3/BM/2022/COLOR/Robust marks/03.30-16.51/RCNX2641.JPG,RCNX2641.JPG,HLC20-H3_2022_202203301651_RCNX2641.jpg,0.9107950329780579,1481.138427734375,869.7154541015625,602.682373046875,950.0557861328125,3776,2124,602,950
HLC20-H3,2022,202203301651,BM,1,/Volumes/Seagate Portable Drive/KYLE_AI_DATABASE/A_CAMERA/Focal_species/Gulo gulo/HLC20-H3/BM/2022/COLOR/Robust marks/03.30-16.51/RCNX2642.JPG,RCNX2642.JPG,HLC20-H3_2022_202203301651_RCNX2642.jpg,0.9259872436523438,1477.9212646484375,642.2886962890625,629.3065185546875,1143.527587890625,3776,2124,629,1143
HLC20-H3,2022,202203301651,BM,1,/Volumes/Seagate Portable Drive/KYLE_AI_DATABASE/A_CAMERA/Focal_species/Gulo gulo/HLC20-H3/BM/2022/COLOR/Robust marks/03.30-16.51/RCNX2643.JPG,RCNX2643.JPG,HLC20-H3_2022_202203301651_RCNX2643.jpg,0.8891102075576782,1422.2662353515625,634.786376953125,663.4017333984375,1005.40234375,3776,2124,663,1005
HLC20-H3,2022,202203301651,BM,1,/Volumes/Seagate Portable Drive/KYLE_AI_DATABASE/A_CAMERA/Focal_species/Gulo gulo/HLC20-H3/BM/2022/COLOR/Robust marks/03.30-16.51/RCNX2644.JPG,RCNX2644.JPG,HLC20-H3_2022_202203301651_RCNX2644.jpg,0.8373451232910156,1419.30126953125,621.8041381835938,683.98681640625,1064.425537109375,3776,2124,683,1064
HLC20-H3,2022,202203301651,BM,1,/Volumes/Seagate Portable Drive/KYLE_AI_DATABASE/A_CAMERA/Focal_species/Gulo gulo/HLC20-H3/BM/2022/COLOR/Robust marks/03.30-16.51/RCNX2645.JPG,RCNX2645.JPG,HLC20-H3_2022_202203301651_RCNX2645.jpg,0.923086941242218,1401.3177490234375,675.8279418945312,700.3951416015625,1085.32421875,3776,2124,700,1085
HLC20-H3,2022,202203301651,BM,1,/Volumes/Seagate Portable Drive/KYLE_AI_DATABASE/A_CAMERA/Focal_species/Gulo gulo/HLC20-H3/BM/2022/COLOR/Robust marks/03.30-16.51/RCNX2646.JPG,RCNX2646.JPG,HLC20-H3_2022_202203301651_RCNX2646.jpg,0.9322279095649719,1395.6304931640625,664.2471313476562,708.7144775390625,1108.748779296875,3776,2124,708,1108
HLC20-H3,2022,202203301651,BM,1,/Volumes/Seagate Portable Drive/KYLE_AI_DATABASE/A_CAMERA/Focal_species/Gulo gulo/HLC20-H3/BM/2022/COLOR/Robust marks/03.30-16.51/RCNX2647.JPG,RCNX2647.JPG,HLC20-H3_2022_202203301651_RCNX2647.jpg,0.9370065927505493,1388.9742431640625,664.6069946289062,716.1119384765625,1113.07275390625,3776,2124,716,1113
HLC20-H3,2022,202203301651,BM,1,/Volumes/Seagate Portable Drive/KYLE_AI_DATABASE/A_CAMERA/Focal_species/Gulo gulo/HLC20-H3/BM/2022/COLOR/Robust marks/03.30-16.51/RCNX2648.JPG,RCNX2648.JPG,HLC20-H3_2022_202203301651_RCNX2648.jpg,0.952098548412323,1477.36767578125,553.5233764648438,643.06787109375,1227.209716796875,3776,2124,643,1227
HLC20-H3,2022,202203301651,BM,1,/Volumes/Seagate Portable Drive/KYLE_AI_DATABASE/A_CAMERA/Focal_species/Gulo gulo/HLC20-H3/BM/2022/COLOR/Robust marks/03.30-16.51/RCNX2649.JPG,RCNX2649.JPG,HLC20-H3_2022_202203301651_RCNX2649.jpg,0.9218519926071167,1503.1473388671875,559.9745483398438,723.5421142578125,1078.985107421875,3776,2124,723,1078
HLC20-H3,2022,202203301651,BM,1,/Volumes/Seagate Portable Drive/KYLE_AI_DATABASE/A_CAMERA/Focal_species/Gulo gulo/HLC20-H3/BM/2022/COLOR/Robust marks/03.30-16.51/RCNX2650.JPG,RCNX2650.JPG,HLC20-H3_2022_202203301651_RCNX2650.jpg,0.917256236076355,1503.6593017578125,508.2723388671875,639.4530029296875,1137.510009765625,3776,2124,639,1137
HLC20-H3,2022,202203301651,BM,1,/Volumes/Seagate Portable Drive/KYLE_AI_DATABASE/A_CAMERA/Focal_species/Gulo gulo/HLC20-H3/BM/2022/COLOR/Robust marks/03.30-16.51/RCNX2651.JPG,RCNX2651.JPG,HLC20-H3_2022_202203301651_RCNX2651.jpg,0.9077540636062622,1484.373046875,444.7032470703125,709.32568359375,1204.638427734375,3776,2124,709,1204
HLC20-H3,2022,202203301651,BM,1,/Volumes/Seagate Portable Drive/KYLE_AI_DATABASE/A_CAMERA/Focal_species/Gulo gulo/HLC20-H3/BM/2022/COLOR/Robust marks/03.30-16.51/RCNX2652.JPG,RCNX2652.JPG,HLC20-H3_2022_202203301651_RCNX2652.jpg,0.9314661622047424,1494.0230712890625,525.190185546875,682.4398193359375,1134.0654296875,3776,2124,682,1134
HLC20-H3,2022,202203301651,BM,1,/Volumes/Seagate Portable Drive/KYLE_AI_DATABASE/A_CAMERA/Focal_species/Gulo gulo/HLC20-H3/BM/2022/COLOR/Robust marks/03.30-16.51/RCNX2654.JPG,RCNX2654.JPG,HLC20-H3_2022_202203301651_RCNX2654.jpg,0.9122609496116638,1507.596435546875,817.8283081054688,607.5693359375,980.7024536132812,3776,2124,607,980
HLC20-H3,2022,202203301651,BM,1,/Volumes/Seagate Portable Drive/KYLE_AI_DATABASE/A_CAMERA/Focal_species/Gulo gulo/HLC20-H3/BM/2022/COLOR/Robust marks/03.30-16.51/RCNX2655.JPG,RCNX2655.JPG,HLC20-H3_2022_202203301651_RCNX2655.jpg,0.9471120238304138,1522.107177734375,546.576171875,671.457275390625,1200.7791748046875,3776,2124,671,1200
HLC20-H3,2022,202203301651,BM,1,/Volumes/Seagate Portable Drive/KYLE_AI_DATABASE/A_CAMERA/Focal_species/Gulo gulo/HLC20-H3/BM/2022/COLOR/Robust marks/03.30-16.51/RCNX2656.JPG,RCNX2656.JPG,HLC20-H3_2022_202203301651_RCNX2656.jpg,0.9000415802001953,1504.3870849609375,685.4921875,652.4241943359375,1140.6925048828125,3776,2124,652,1140
HLC20-H3,2022,202203301651,BM,1,/Volumes/Seagate Portable Drive/KYLE_AI_DATABASE/A_CAMERA/Focal_species/Gulo gulo/HLC20-H3/BM/2022/COLOR/Robust marks/03.30-16.51/RCNX2657.JPG,RCNX2657.JPG,HLC20-H3_2022_202203301651_RCNX2657.jpg,0.9140499234199524,1492.36962890625,610.9544677734375,659.717041015625,1250.1026611328125,3776,2124,659,1250
HLC20-H3,2022,202203301651,BM,1,/Volumes/Seagate Portable Drive/KYLE_AI_DATABASE/A_CAMERA/Focal_species/Gulo gulo/HLC20-H3/BM/2022/COLOR/Robust marks/03.30-16.51/RCNX2659.JPG,RCNX2659.JPG,HLC20-H3_2022_202203301651_RCNX2659.jpg,0.9098424315452576,1513.096923828125,723.0201416015625,660.953857421875,1063.122802734375,3776,2124,660,1063
HLC20-H3,2022,202203301651,BM,1,/Volumes/Seagate Portable Drive/KYLE_AI_DATABASE/A_CAMERA/Focal_species/Gulo gulo/HLC20-H3/BM/2022/COLOR/Robust marks/03.30-16.51/RCNX2661.JPG,RCNX2661.JPG,HLC20-H3_2022_202203301651_RCNX2661.jpg,0.935366153717041,1498.6165771484375,538.9677734375,745.3421630859375,1189.2830810546875,3776,2124,745,1189
HLC20-H3,2022,202203301651,BM,1,/Volumes/Seagate Portable Drive/KYLE_AI_DATABASE/A_CAMERA/Focal_species/Gulo gulo/HLC20-H3/BM/2022/COLOR/Robust marks/03.30-16.51/RCNX2663.JPG,RCNX2663.JPG,HLC20-H3_2022_202203301651_RCNX2663.jpg,0.8792505860328674,1483.15625,550.596435546875,680.248291015625,1142.2828369140625,3776,2124,680,1142
HLC20-H3,2022,202203301651,BM,1,/Volumes/Seagate Portable Drive/KYLE_AI_DATABASE/A_CAMERA/Focal_species/Gulo gulo/HLC20-H3/BM/2022/COLOR/Robust marks/03.30-16.51/RCNX2664.JPG,RCNX2664.JPG,HLC20-H3_2022_202203301651_RCNX2664.jpg,0.8973151445388794,1485.2860107421875,486.5869140625,682.9576416015625,1201.15185546875,3776,2124,682,1201
HLC20-H3,2022,202203301651,BM,1,/Volumes/Seagate Portable Drive/KYLE_AI_DATABASE/A_CAMERA/Focal_species/Gulo gulo/HLC20-H3/BM/2022/COLOR/Robust marks/03.30-16.51/RCNX2665.JPG,RCNX2665.JPG,HLC20-H3_2022_202203301651_RCNX2665.jpg,0.9465368390083313,1487.6177978515625,601.7036743164062,668.9322509765625,1091.691650390625,3776,2124,668,1091
HLC20-H3,2022,202203301651,BM,1,/Volumes/Seagate Portable Drive/KYLE_AI_DATABASE/A_CAMERA/Focal_species/Gulo gulo/HLC20-H3/BM/2022/COLOR/Robust marks/03.30-16.51/RCNX2666.JPG,RCNX2666.JPG,HLC20-H3_2022_202203301651_RCNX2666.jpg,0.8843541741371155,1478.9591064453125,907.164306640625,625.7081298828125,961.316650390625,3776,2124,625,961
HLC20-H3,2022,202203301651,BM,1,/Volumes/Seagate Portable Drive/KYLE_AI_DATABASE/A_CAMERA/Focal_species/Gulo gulo/HLC20-H3/BM/2022/COLOR/Robust marks/03.30-16.51/RCNX2667.JPG,RCNX2667.JPG,HLC20-H3_2022_202203301651_RCNX2667.jpg,0.9356862902641296,1486.5592041015625,629.533935546875,659.2537841796875,1116.9931640625,3776,2124,659,1116
HLC20-H3,2022,202203301651,BM,1,/Volumes/Seagate Portable Drive/KYLE_AI_DATABASE/A_CAMERA/Focal_species/Gulo gulo/HLC20-H3/BM/2022/COLOR/Robust marks/03.30-16.51/RCNX2668.JPG,RCNX2668.JPG,HLC20-H3_2022_202203301651_RCNX2668.jpg,0.8547877073287964,1504.6505126953125,881.80859375,608.1114501953125,887.9820556640625,3776,2124,608,887
HLC20-H3,2022,202203301651,BM,1,/Volumes/Seagate Portable Drive/KYLE_AI_DATABASE/A_CAMERA/Focal_species/Gulo gulo/HLC20-H3/BM/2022/COLOR/Robust marks/03.30-16.51/RCNX2669.JPG,RCNX2669.JPG,HLC20-H3_2022_202203301651_RCNX2669.jpg,0.9122978448867798,1494.1539306640625,506.7626953125,791.0257568359375,1069.71240234375,3776,2124,791,1069
HLC20-H3,2022,202203301651,BM,1,/Volumes/Seagate Portable Drive/KYLE_AI_DATABASE/A_CAMERA/Focal_species/Gulo gulo/HLC20-H3/BM/2022/COLOR/Robust marks/03.30-16.51/RCNX2670.JPG,RCNX2670.JPG,HLC20-H3_2022_202203301651_RCNX2670.jpg,0.9512808918952942,1489.592529296875,532.292236328125,674.62451171875,1110.6676025390625,3776,2124,674,1110
HLC20-H3,2022,202203301651,BM,1,/Volumes/Seagate Portable Drive/KYLE_AI_DATABASE/A_CAMERA/Focal_species/Gulo gulo/HLC20-H3/BM/2022/COLOR/Robust marks/03.30-16.51/RCNX2671.JPG,RCNX2671.JPG,HLC20-H3_2022_202203301651_RCNX2671.jpg,0.9156025052070618,1470.306884765625,384.9378662109375,749.075927734375,1280.898681640625,3776,2124,749,1280
HLC20-H3,2022,202203301651,BM,1,/Volumes/Seagate Portable Drive/KYLE_AI_DATABASE/A_CAMERA/Focal_species/Gulo gulo/HLC20-H3/BM/2022/COLOR/Robust marks/03.30-16.51/RCNX2672.JPG,RCNX2672.JPG,HLC20-H3_2022_202203301651_RCNX2672.jpg,0.9402464628219604,1469.48974609375,579.4733276367188,648.428955078125,1114.449951171875,3776,2124,648,1114
HLC20-H3,2022,202203301651,BM,1,/Volumes/Seagate Portable Drive/KYLE_AI_DATABASE/A_CAMERA/Focal_species/Gulo gulo/HLC20-H3/BM/2022/COLOR/Robust marks/03.30-16.51/RCNX2674.JPG,RCNX2674.JPG,HLC20-H3_2022_202203301651_RCNX2674.jpg,0.9043353796005249,1527.7586669921875,868.762939453125,643.6138916015625,922.0350341796875,3776,2124,643,922
HLC20-H3,2022,202203301651,BM,1,/Volumes/Seagate Portable Drive/KYLE_AI_DATABASE/A_CAMERA/Focal_species/Gulo gulo/HLC20-H3/BM/2022/COLOR/Robust marks/03.30-16.51/RCNX2675.JPG,RCNX2675.JPG,HLC20-H3_2022_202203301651_RCNX2675.jpg,0.8611577153205872,1488.8046875,721.2161865234375,645.632080078125,1066.1180419921875,3776,2124,645,1066
HLC20-H3,2022,202203301651,BM,1,/Volumes/Seagate Portable Drive/KYLE_AI_DATABASE/A_CAMERA/Focal_species/Gulo gulo/HLC20-H3/BM/2022/COLOR/Robust marks/03.30-16.51/RCNX2676.JPG,RCNX2676.JPG,HLC20-H3_2022_202203301651_RCNX2676.jpg,0.9524419903755188,1489.494873046875,608.9335327148438,700.863037109375,1135.060302734375,3776,2124,700,1135
HLC20-H3,2022,202203301651,BM,1,/Volumes/Seagate Portable Drive/KYLE_AI_DATABASE/A_CAMERA/Focal_species/Gulo gulo/HLC20-H3/BM/2022/COLOR/Robust marks/03.30-16.51/RCNX2677.JPG,RCNX2677.JPG,HLC20-H3_2022_202203301651_RCNX2677.jpg,0.8999294638633728,1525.95703125,489.9072570800781,753.4013671875,1117.052734375,3776,2124,753,1117
HLC20-H3,2022,202203301651,BM,1,/Volumes/Seagate Portable Drive/KYLE_AI_DATABASE/A_CAMERA/Focal_species/Gulo gulo/HLC20-H3/BM/2022/COLOR/Robust marks/03.30-16.51/RCNX2679.JPG,RCNX2679.JPG,HLC20-H3_2022_202203301651_RCNX2679.jpg,0.8984402418136597,1500.7359619140625,802.3184814453125,604.5035400390625,882.7275390625,3776,2124,604,882
HLC20-H3,2022,202203301651,BM,1,/Volumes/Seagate Portable Drive/KYLE_AI_DATABASE/A_CAMERA/Focal_species/Gulo gulo/HLC20-H3/BM/2022/COLOR/Robust marks/03.30-16.51/RCNX2680.JPG,RCNX2680.JPG,HLC20-H3_2022_202203301651_RCNX2680.jpg,0.9450619220733643,1485.73583984375,707.6799926757812,603.84228515625,924.9102172851562,3776,2124,603,924
HLC20-H3,2022,202203301651,BM,1,/Volumes/Seagate Portable Drive/KYLE_AI_DATABASE/A_CAMERA/Focal_species/Gulo gulo/HLC20-H3/BM/2022/COLOR/Robust marks/03.30-16.51/RCNX2681.JPG,RCNX2681.JPG,HLC20-H3_2022_202203301651_RCNX2681.jpg,0.88399738073349,1494.5439453125,870.5377807617188,603.745849609375,1154.120361328125,3776,2124,603,1154
HLC20-H3,2022,202203301651,BM,1,/Volumes/Seagate Portable Drive/KYLE_AI_DATABASE/A_CAMERA/Focal_species/Gulo gulo/HLC20-H3/BM/2022/COLOR/Robust marks/03.30-16.51/RCNX2682.JPG,RCNX2682.JPG,HLC20-H3_2022_202203301651_RCNX2682.jpg,0.941063404083252,1511.4732666015625,481.3875732421875,746.4678955078125,1126.69384765625,3776,2124,746,1126
HLC20-H3,2022,202203301651,BM,1,/Volumes/Seagate Portable Drive/KYLE_AI_DATABASE/A_CAMERA/Focal_species/Gulo gulo/HLC20-H3/BM/2022/COLOR/Robust marks/03.30-16.51/RCNX2683.JPG,RCNX2683.JPG,HLC20-H3_2022_202203301651_RCNX2683.jpg,0.9128623604774475,1666.5235595703125,377.5975036621094,668.2725830078125,1096.0858154296875,3776,2124,668,1096
HLC20-H3,2022,202203301651,BM,1,/Volumes/Seagate Portable Drive/KYLE_AI_DATABASE/A_CAMERA/Focal_species/Gulo gulo/HLC20-H3/BM/2022/COLOR/Robust marks/03.30-16.51/RCNX2684.JPG,RCNX2684.JPG,HLC20-H3_2022_202203301651_RCNX2684.jpg,0.9285455942153931,1648.6337890625,431.3200988769531,698.84521484375,1041.174560546875,3776,2124,698,1041
HLC20-H3,2022,202203301651,BM,1,/Volumes/Seagate Portable Drive/KYLE_AI_DATABASE/A_CAMERA/Focal_species/Gulo gulo/HLC20-H3/BM/2022/COLOR/Robust marks/03.30-16.51/RCNX2685.JPG,RCNX2685.JPG,HLC20-H3_2022_202203301651_RCNX2685.jpg,0.9464806914329529,1656.0980224609375,470.52410888671875,690.8223876953125,1003.6734008789062,3776,2124,690,1003
HLC20-H3,2022,202203301651,BM,1,/Volumes/Seagate Portable Drive/KYLE_AI_DATABASE/A_CAMERA/Focal_species/Gulo gulo/HLC20-H3/BM/2022/COLOR/Robust marks/03.30-16.51/RCNX2688.JPG,RCNX2688.JPG,HLC20-H3_2022_202203301651_RCNX2688.jpg,0.9522766470909119,1623.7083740234375,533.3917846679688,647.5943603515625,971.0260620117188,3776,2124,647,971
HLC20-H3,2022,202203301651,BM,1,/Volumes/Seagate Portable Drive/KYLE_AI_DATABASE/A_CAMERA/Focal_species/Gulo gulo/HLC20-H3/BM/2022/COLOR/Robust marks/03.30-16.51/RCNX2689.JPG,RCNX2689.JPG,HLC20-H3_2022_202203301651_RCNX2689.jpg,0.9475352168083191,1656.016357421875,164.11383056640625,693.79248046875,1247.487548828125,3776,2124,693,1247
HLC20-H3,2022,202203301651,BM,1,/Volumes/Seagate Portable Drive/KYLE_AI_DATABASE/A_CAMERA/Focal_species/Gulo gulo/HLC20-H3/BM/2022/COLOR/Robust marks/03.30-16.51/RCNX2691.JPG,RCNX2691.JPG,HLC20-H3_2022_202203301651_RCNX2691.jpg,0.9215883612632751,1498.75341796875,491.3501892089844,754.08154296875,1273.2474365234375,3776,2124,754,1273
HLC20-H3,2022,202203301651,BM,1,/Volumes/Seagate Portable Drive/KYLE_AI_DATABASE/A_CAMERA/Focal_species/Gulo gulo/HLC20-H3/BM/2022/COLOR/Robust marks/03.30-16.51/RCNX2692.JPG,RCNX2692.JPG,HLC20-H3_2022_202203301651_RCNX2692.jpg,0.9039623737335205,1508.2415771484375,613.597900390625,741.3963623046875,1184.5968017578125,3776,2124,741,1184
HLC20-H3,2022,202203301651,BM,1,/Volumes/Seagate Portable Drive/KYLE_AI_DATABASE/A_CAMERA/Focal_species/Gulo gulo/HLC20-H3/BM/2022/COLOR/Robust marks/03.30-16.51/RCNX2693.JPG,RCNX2693.JPG,HLC20-H3_2022_202203301651_RCNX2693.jpg,0.9301478266716003,1502.9635009765625,336.1997375488281,737.8189697265625,1302.3602294921875,3776,2124,737,1302
HLC20-H3,2022,202203301651,BM,1,/Volumes/Seagate Portable Drive/KYLE_AI_DATABASE/A_CAMERA/Focal_species/Gulo gulo/HLC20-H3/BM/2022/COLOR/Robust marks/03.30-16.51/RCNX2694.JPG,RCNX2694.JPG,HLC20-H3_2022_202203301651_RCNX2694.jpg,0.9483867883682251,1486.2481689453125,489.24798583984375,797.8636474609375,1153.134033203125,3776,2124,797,1153
HLC20-H3,2022,202203301651,BM,1,/Volumes/Seagate Portable Drive/KYLE_AI_DATABASE/A_CAMERA/Focal_species/Gulo gulo/HLC20-H3/BM/2022/COLOR/Robust marks/03.30-16.51/RCNX2695.JPG,RCNX2695.JPG,HLC20-H3_2022_202203301651_RCNX2695.jpg,0.9236990213394165,1474.6617431640625,476.8802795410156,772.7469482421875,1298.5650634765625,3776,2124,772,1298
HLC20-H3,2022,202203301651,BM,1,/Volumes/Seagate Portable Drive/KYLE_AI_DATABASE/A_CAMERA/Focal_species/Gulo gulo/HLC20-H3/BM/2022/COLOR/Robust marks/03.30-16.51/RCNX2696.JPG,RCNX2696.JPG,HLC20-H3_2022_202203301651_RCNX2696.jpg,0.9417068958282471,1473.63671875,333.0102233886719,766.17822265625,1216.08984375,3776,2124,766,1216
HLC20-H3,2022,202203301651,BM,1,/Volumes/Seagate Portable Drive/KYLE_AI_DATABASE/A_CAMERA/Focal_species/Gulo gulo/HLC20-H3/BM/2022/COLOR/Robust marks/03.30-16.51/RCNX2697.JPG,RCNX2697.JPG,HLC20-H3_2022_202203301651_RCNX2697.jpg,0.9074953198432922,1482.4102783203125,551.7726440429688,759.5567626953125,1092.219482421875,3776,2124,759,1092
HLC20-H3,2022,202203301651,BM,1,/Volumes/Seagate Portable Drive/KYLE_AI_DATABASE/A_CAMERA/Focal_species/Gulo gulo/HLC20-H3/BM/2022/COLOR/Robust marks/03.30-16.51/RCNX2698.JPG,RCNX2698.JPG,HLC20-H3_2022_202203301651_RCNX2698.jpg,0.9058653712272644,1476.014404296875,267.8828125,723.88720703125,1287.6087646484375,3776,2124,723,1287
HLC20-H3,2022,202203301651,BM,1,/Volumes/Seagate Portable Drive/KYLE_AI_DATABASE/A_CAMERA/Focal_species/Gulo gulo/HLC20-H3/BM/2022/COLOR/Robust marks/03.30-16.51/RCNX2699.JPG,RCNX2699.JPG,HLC20-H3_2022_202203301651_RCNX2699.jpg,0.9042897820472717,1487.2567138671875,351.873779296875,737.6019287109375,1209.876708984375,3776,2124,737,1209
HLC20-H3,2022,202203301651,BM,1,/Volumes/Seagate Portable Drive/KYLE_AI_DATABASE/A_CAMERA/Focal_species/Gulo gulo/HLC20-H3/BM/2022/COLOR/Robust marks/03.30-16.51/RCNX2700.JPG,RCNX2700.JPG,HLC20-H3_2022_202203301651_RCNX2700.jpg,0.919779896736145,1478.1025390625,410.47503662109375,705.21533203125,1243.86474609375,3776,2124,705,1243
HLC20-H3,2022,202203301651,BM,1,/Volumes/Seagate Portable Drive/KYLE_AI_DATABASE/A_CAMERA/Focal_species/Gulo gulo/HLC20-H3/BM/2022/COLOR/Robust marks/03.30-16.51/RCNX2701.JPG,RCNX2701.JPG,HLC20-H3_2022_202203301651_RCNX2701.jpg,0.8418790102005005,1472.0975341796875,878.2703247070312,643.0797119140625,863.0155639648438,3776,2124,643,863
HLC20-H3,2022,202203301651,BM,1,/Volumes/Seagate Portable Drive/KYLE_AI_DATABASE/A_CAMERA/Focal_species/Gulo gulo/HLC20-H3/BM/2022/COLOR/Robust marks/03.30-16.51/RCNX2702.JPG,RCNX2702.JPG,HLC20-H3_2022_202203301651_RCNX2702.jpg,0.8016172647476196,1497.5625,788.7243041992188,627.0390625,1020.2560424804688,3776,2124,627,1020
HLC20-H3,2022,202203301651,BM,1,/Volumes/Seagate Portable Drive/KYLE_AI_DATABASE/A_CAMERA/Focal_species/Gulo gulo/HLC20-H3/BM/2022/COLOR/Robust marks/03.30-16.51/RCNX2703.JPG,RCNX2703.JPG,HLC20-H3_2022_202203301651_RCNX2703.jpg,0.8561483025550842,1475.8065185546875,559.2838134765625,585.0953369140625,1188.5186767578125,3776,2124,585,1188
HLC20-H3,2022,202203301651,BM,1,/Volumes/Seagate Portable Drive/KYLE_AI_DATABASE/A_CAMERA/Focal_species/Gulo gulo/HLC20-H3/BM/2022/COLOR/Robust marks/03.30-16.51/RCNX2704.JPG,RCNX2704.JPG,HLC20-H3_2022_202203301651_RCNX2704.jpg,0.8082815408706665,1493.268310546875,809.66455078125,588.06494140625,1030.5225830078125,3776,2124,588,1030
HLC20-H3,2022,202203301651,BM,1,/Volumes/Seagate Portable Drive/KYLE_AI_DATABASE/A_CAMERA/Focal_species/Gulo gulo/HLC20-H3/BM/2022/COLOR/Robust marks/03.30-16.51/RCNX2705.JPG,RCNX2705.JPG,HLC20-H3_2022_202203301651_RCNX2705.jpg,0.9289800524711609,1488.282958984375,851.3394165039062,591.080322265625,1030.582275390625,3776,2124,591,1030
HLC20-H3,2022,202203301651,BM,1,/Volumes/Seagate Portable Drive/KYLE_AI_DATABASE/A_CAMERA/Focal_species/Gulo gulo/HLC20-H3/BM/2022/COLOR/Robust marks/03.30-16.51/RCNX2706.JPG,RCNX2706.JPG,HLC20-H3_2022_202203301651_RCNX2706.jpg,0.9080257415771484,1496.1187744140625,893.9443359375,583.5987548828125,1011.4102783203125,3776,2124,583,1011
HLC20-H3,2022,202203301651,BM,1,/Volumes/Seagate Portable Drive/KYLE_AI_DATABASE/A_CAMERA/Focal_species/Gulo gulo/HLC20-H3/BM/2022/COLOR/Robust marks/03.30-16.51/RCNX2707.JPG,RCNX2707.JPG,HLC20-H3_2022_202203301651_RCNX2707.jpg,0.9572563767433167,1408.8388671875,447.7613525390625,640.40380859375,1178.9598388671875,3776,2124,640,1178
HLC20-H3,2022,202203301651,BM,1,/Volumes/Seagate Portable Drive/KYLE_AI_DATABASE/A_CAMERA/Focal_species/Gulo gulo/HLC20-H3/BM/2022/COLOR/Robust marks/03.30-16.51/RCNX2708.JPG,RCNX2708.JPG,HLC20-H3_2022_202203301651_RCNX2708.jpg,0.9517644047737122,1345.5240478515625,369.47039794921875,719.1424560546875,1153.580322265625,3776,2124,719,1153
HLC20-H3,2022,202203301651,BM,1,/Volumes/Seagate Portable Drive/KYLE_AI_DATABASE/A_CAMERA/Focal_species/Gulo gulo/HLC20-H3/BM/2022/COLOR/Robust marks/03.30-16.51/RCNX2709.JPG,RCNX2709.JPG,HLC20-H3_2022_202203301651_RCNX2709.jpg,0.9406439065933228,1426.353515625,418.1566162109375,764.694580078125,1210.3114013671875,3776,2124,764,1210
HLC20-H3,2022,202203301651,BM,1,/Volumes/Seagate Portable Drive/KYLE_AI_DATABASE/A_CAMERA/Focal_species/Gulo gulo/HLC20-H3/BM/2022/COLOR/Robust marks/03.30-16.51/RCNX2711.JPG,RCNX2711.JPG,HLC20-H3_2022_202203301651_RCNX2711.jpg,0.8382330536842346,1476.3140869140625,391.21221923828125,644.0806884765625,1359.38232421875,3776,2124,644,1359
HLC20-H3,2022,202203301651,BM,1,/Volumes/Seagate Portable Drive/KYLE_AI_DATABASE/A_CAMERA/Focal_species/Gulo gulo/HLC20-H3/BM/2022/COLOR/Robust marks/03.30-16.51/RCNX2712.JPG,RCNX2712.JPG,HLC20-H3_2022_202203301651_RCNX2712.jpg,0.9287919402122498,1476.58203125,625.8329467773438,640.7685546875,1087.33154296875,3776,2124,640,1087
HLC20-H3,2022,202203301651,BM,1,/Volumes/Seagate Portable Drive/KYLE_AI_DATABASE/A_CAMERA/Focal_species/Gulo gulo/HLC20-H3/BM/2022/COLOR/Robust marks/03.30-16.51/RCNX2713.JPG,RCNX2713.JPG,HLC20-H3_2022_202203301651_RCNX2713.jpg,0.914911150932312,1474.8525390625,472.43902587890625,644.110107421875,1303.044921875,3776,2124,644,1303
HLC20-H3,2022,202203301651,BM,1,/Volumes/Seagate Portable Drive/KYLE_AI_DATABASE/A_CAMERA/Focal_species/Gulo gulo/HLC20-H3/BM/2022/COLOR/Robust marks/03.30-16.51/RCNX2714.JPG,RCNX2714.JPG,HLC20-H3_2022_202203301651_RCNX2714.jpg,0.8704885840415955,1470.8641357421875,602.4686279296875,640.8375244140625,1158.033203125,3776,2124,640,1158
HLC20-H3,2022,202203301651,BM,1,/Volumes/Seagate Portable Drive/KYLE_AI_DATABASE/A_CAMERA/Focal_species/Gulo gulo/HLC20-H3/BM/2022/COLOR/Robust marks/03.30-16.51/RCNX2716.JPG,RCNX2716.JPG,HLC20-H3_2022_202203301651_RCNX2716.jpg,0.9093962907791138,1489.21435546875,460.66241455078125,624.66943359375,1190.635498046875,3776,2124,624,1190
HLC20-H3,2022,202203301651,BM,1,/Volumes/Seagate Portable Drive/KYLE_AI_DATABASE/A_CAMERA/Focal_species/Gulo gulo/HLC20-H3/BM/2022/COLOR/Robust marks/03.30-16.51/RCNX2717.JPG,RCNX2717.JPG,HLC20-H3_2022_202203301651_RCNX2717.jpg,0.8388165235519409,1479.7230224609375,517.8351440429688,637.0255126953125,1209.91162109375,3776,2124,637,1209
HLC20-H3,2022,202203301651,BM,1,/Volumes/Seagate Portable Drive/KYLE_AI_DATABASE/A_CAMERA/Focal_species/Gulo gulo/HLC20-H3/BM/2022/COLOR/Robust marks/03.30-16.51/RCNX2718.JPG,RCNX2718.JPG,HLC20-H3_2022_202203301651_RCNX2718.jpg,0.8673819899559021,1473.97216796875,466.2278137207031,634.210205078125,1242.31982421875,3776,2124,634,1242
HLC20-H3,2022,202203301651,BM,1,/Volumes/Seagate Portable Drive/KYLE_AI_DATABASE/A_CAMERA/Focal_species/Gulo gulo/HLC20-H3/BM/2022/COLOR/Robust marks/03.30-16.51/RCNX2719.JPG,RCNX2719.JPG,HLC20-H3_2022_202203301651_RCNX2719.jpg,0.9232575297355652,1481.9295654296875,347.69598388671875,631.7901611328125,1278.179931640625,3776,2124,631,1278
HLC20-H3,2022,202203301651,BM,1,/Volumes/Seagate Portable Drive/KYLE_AI_DATABASE/A_CAMERA/Focal_species/Gulo gulo/HLC20-H3/BM/2022/COLOR/Robust marks/03.30-16.51/RCNX2721.JPG,RCNX2721.JPG,HLC20-H3_2022_202203301651_RCNX2721.jpg,0.8063580393791199,1487.3905029296875,627.4989013671875,620.0506591796875,1047.2333984375,3776,2124,620,1047
HLC20-H3,2022,202203301651,BM,1,/Volumes/Seagate Portable Drive/KYLE_AI_DATABASE/A_CAMERA/Focal_species/Gulo gulo/HLC20-H3/BM/2022/COLOR/Robust marks/03.30-16.51/RCNX2722.JPG,RCNX2722.JPG,HLC20-H3_2022_202203301651_RCNX2722.jpg,0.9505427479743958,1468.682861328125,460.69622802734375,623.72998046875,1296.910400390625,3776,2124,623,1296
HLC20-H3,2022,202203301651,BM,1,/Volumes/Seagate Portable Drive/KYLE_AI_DATABASE/A_CAMERA/Focal_species/Gulo gulo/HLC20-H3/BM/2022/COLOR/Robust marks/03.30-16.51/RCNX2723.JPG,RCNX2723.JPG,HLC20-H3_2022_202203301651_RCNX2723.jpg,0.9199115633964539,1485.2435302734375,380.9115905761719,607.3028564453125,1230.2396240234375,3776,2124,607,1230
HLC20-H3,2022,202203301651,BM,1,/Volumes/Seagate Portable Drive/KYLE_AI_DATABASE/A_CAMERA/Focal_species/Gulo gulo/HLC20-H3/BM/2022/COLOR/Robust marks/03.30-16.51/RCNX2724.JPG,RCNX2724.JPG,HLC20-H3_2022_202203301651_RCNX2724.jpg,0.8977410197257996,1476.5767822265625,412.7225646972656,620.1893310546875,1318.9598388671875,3776,2124,620,1318
HLC20-H3,2022,202203301651,BM,1,/Volumes/Seagate Portable Drive/KYLE_AI_DATABASE/A_CAMERA/Focal_species/Gulo gulo/HLC20-H3/BM/2022/COLOR/Robust marks/03.30-16.51/RCNX2725.JPG,RCNX2725.JPG,HLC20-H3_2022_202203301651_RCNX2725.jpg,0.9279965162277222,1486.2384033203125,515.092041015625,615.4742431640625,1258.8956298828125,3776,2124,615,1258
HLC20-H3,2022,202203301651,BM,1,/Volumes/Seagate Portable Drive/KYLE_AI_DATABASE/A_CAMERA/Focal_species/Gulo gulo/HLC20-H3/BM/2022/COLOR/Robust marks/03.30-16.51/RCNX2726.JPG,RCNX2726.JPG,HLC20-H3_2022_202203301651_RCNX2726.jpg,0.9008921980857849,1476.3209228515625,505.9730224609375,654.2061767578125,1212.8690185546875,3776,2124,654,1212
HLC20-H3,2022,202203301651,BM,1,/Volumes/Seagate Portable Drive/KYLE_AI_DATABASE/A_CAMERA/Focal_species/Gulo gulo/HLC20-H3/BM/2022/COLOR/Robust marks/03.30-16.51/RCNX2727.JPG,RCNX2727.JPG,HLC20-H3_2022_202203301651_RCNX2727.jpg,0.9430948495864868,1485.560302734375,621.6206665039062,646.738525390625,1190.03173828125,3776,2124,646,1190
HLC20-H3,2022,202203301651,BM,1,/Volumes/Seagate Portable Drive/KYLE_AI_DATABASE/A_CAMERA/Focal_species/Gulo gulo/HLC20-H3/BM/2022/COLOR/Robust marks/03.30-16.51/RCNX2728.JPG,RCNX2728.JPG,HLC20-H3_2022_202203301651_RCNX2728.jpg,0.9310491681098938,1483.5146484375,454.7166442871094,817.815185546875,1232.9146728515625,3776,2124,817,1232
HLC20-H3,2022,202203301651,BM,1,/Volumes/Seagate Portable Drive/KYLE_AI_DATABASE/A_CAMERA/Focal_species/Gulo gulo/HLC20-H3/BM/2022/COLOR/Robust marks/03.30-16.51/RCNX2730.JPG,RCNX2730.JPG,HLC20-H3_2022_202203301651_RCNX2730.jpg,0.903118908405304,1488.158935546875,491.7049865722656,831.6142578125,1260.0191650390625,3776,2124,831,1260
HLC20-H3,2022,202203301651,BM,1,/Volumes/Seagate Portable Drive/KYLE_AI_DATABASE/A_CAMERA/Focal_species/Gulo gulo/HLC20-H3/BM/2022/COLOR/Robust marks/03.30-16.51/RCNX2731.JPG,RCNX2731.JPG,HLC20-H3_2022_202203301651_RCNX2731.jpg,0.9490664005279541,1497.1513671875,486.8161315917969,800.91259765625,1222.2640380859375,3776,2124,800,1222
HLC20-H3,2022,202203301651,BM,1,/Volumes/Seagate Portable Drive/KYLE_AI_DATABASE/A_CAMERA/Focal_species/Gulo gulo/HLC20-H3/BM/2022/COLOR/Robust marks/03.30-16.51/RCNX2732.JPG,RCNX2732.JPG,HLC20-H3_2022_202203301651_RCNX2732.jpg,0.8226460218429565,1501.3094482421875,778.7994995117188,764.4742431640625,958.0292358398438,3776,2124,764,958
HLC20-H3,2022,202203301651,BM,1,/Volumes/Seagate Portable Drive/KYLE_AI_DATABASE/A_CAMERA/Focal_species/Gulo gulo/HLC20-H3/BM/2022/COLOR/Robust marks/03.30-16.51/RCNX2733.JPG,RCNX2733.JPG,HLC20-H3_2022_202203301651_RCNX2733.jpg,0.919192910194397,1494.0323486328125,500.0066223144531,742.4251708984375,1253.747314453125,3776,2124,742,1253
HLC20-H3,2022,202203301651,BM,1,/Volumes/Seagate Portable Drive/KYLE_AI_DATABASE/A_CAMERA/Focal_species/Gulo gulo/HLC20-H3/BM/2022/COLOR/Robust marks/03.30-16.51/RCNX2734.JPG,RCNX2734.JPG,HLC20-H3_2022_202203301651_RCNX2734.jpg,0.9480447173118591,1490.408203125,588.2303466796875,714.66845703125,1230.924072265625,3776,2124,714,1230
HLC20-H3,2022,202203301651,BM,1,/Volumes/Seagate Portable Drive/KYLE_AI_DATABASE/A_CAMERA/Focal_species/Gulo gulo/HLC20-H3/BM/2022/COLOR/Robust marks/03.30-16.51/RCNX2735.JPG,RCNX2735.JPG,HLC20-H3_2022_202203301651_RCNX2735.jpg,0.9414205551147461,1489.3642578125,675.1236572265625,781.426025390625,1195.8184814453125,3776,2124,781,1195
HLC20-H3,2022,202203301651,BM,1,/Volumes/Seagate Portable Drive/KYLE_AI_DATABASE/A_CAMERA/Focal_species/Gulo gulo/HLC20-H3/BM/2022/COLOR/Robust marks/03.30-16.51/RCNX2736.JPG,RCNX2736.JPG,HLC20-H3_2022_202203301651_RCNX2736.jpg,0.9533618688583374,1487.9263916015625,679.2348022460938,819.0159912109375,1195.796630859375,3776,2124,819,1195
HLC20-H3,2022,202203301651,BM,1,/Volumes/Seagate Portable Drive/KYLE_AI_DATABASE/A_CAMERA/Focal_species/Gulo gulo/HLC20-H3/BM/2022/COLOR/Robust marks/03.30-16.51/RCNX2737.JPG,RCNX2737.JPG,HLC20-H3_2022_202203301651_RCNX2737.jpg,0.9527437686920166,1488.9798583984375,679.8665161132812,814.8929443359375,1200.691650390625,3776,2124,814,1200
HLC20-H3,2022,202203301651,BM,1,/Volumes/Seagate Portable Drive/KYLE_AI_DATABASE/A_CAMERA/Focal_species/Gulo gulo/HLC20-H3/BM/2022/COLOR/Robust marks/03.30-16.51/RCNX2738.JPG,RCNX2738.JPG,HLC20-H3_2022_202203301651_RCNX2738.jpg,0.9499210119247437,1488.0706787109375,680.9797973632812,813.2977294921875,1219.47509765625,3776,2124,813,1219
HLC20-H3,2022,202203301651,BM,1,/Volumes/Seagate Portable Drive/KYLE_AI_DATABASE/A_CAMERA/Focal_species/Gulo gulo/HLC20-H3/BM/2022/COLOR/Robust marks/03.30-16.51/RCNX2739.JPG,RCNX2739.JPG,HLC20-H3_2022_202203301651_RCNX2739.jpg,0.9519767761230469,1485.1766357421875,684.234619140625,815.2562255859375,1216.759765625,3776,2124,815,1216
HLC20-H3,2022,202203301651,BM,1,/Volumes/Seagate Portable Drive/KYLE_AI_DATABASE/A_CAMERA/Focal_species/Gulo gulo/HLC20-H3/BM/2022/COLOR/Robust marks/03.30-16.51/RCNX2740.JPG,RCNX2740.JPG,HLC20-H3_2022_202203301651_RCNX2740.jpg,0.9450996518135071,1495.402587890625,499.6343994140625,755.084228515625,1237.495849609375,3776,2124,755,1237
HLC20-H3,2022,202203301651,BM,1,/Volumes/Seagate Portable Drive/KYLE_AI_DATABASE/A_CAMERA/Focal_species/Gulo gulo/HLC20-H3/BM/2022/COLOR/Robust marks/03.30-16.51/RCNX2741.JPG,RCNX2741.JPG,HLC20-H3_2022_202203301651_RCNX2741.jpg,0.9259402751922607,1484.9027099609375,600.1055908203125,706.5765380859375,1178.3580322265625,3776,2124,706,1178
HLC20-H3,2022,202203301651,BM,1,/Volumes/Seagate Portable Drive/KYLE_AI_DATABASE/A_CAMERA/Focal_species/Gulo gulo/HLC20-H3/BM/2022/COLOR/Robust marks/03.30-16.51/RCNX2742.JPG,RCNX2742.JPG,HLC20-H3_2022_202203301651_RCNX2742.jpg,0.9312528371810913,1474.7152099609375,688.1646728515625,681.3963623046875,1144.87451171875,3776,2124,681,1144
HLC20-H3,2022,202203301651,BM,1,/Volumes/Seagate Portable Drive/KYLE_AI_DATABASE/A_CAMERA/Focal_species/Gulo gulo/HLC20-H3/BM/2022/COLOR/Robust marks/03.30-16.51/RCNX2743.JPG,RCNX2743.JPG,HLC20-H3_2022_202203301651_RCNX2743.jpg,0.888225793838501,1478.744873046875,905.5233154296875,673.541748046875,950.1884765625,3776,2124,673,950
HLC20-H3,2022,202203301651,BM,1,/Volumes/Seagate Portable Drive/KYLE_AI_DATABASE/A_CAMERA/Focal_species/Gulo gulo/HLC20-H3/BM/2022/COLOR/Robust marks/03.30-16.51/RCNX2744.JPG,RCNX2744.JPG,HLC20-H3_2022_202203301651_RCNX2744.jpg,0.9097574949264526,1477.7747802734375,934.5875854492188,663.0653076171875,930.4640502929688,3776,2124,663,930
HLC20-H3,2022,202203301651,BM,1,/Volumes/Seagate Portable Drive/KYLE_AI_DATABASE/A_CAMERA/Focal_species/Gulo gulo/HLC20-H3/BM/2022/COLOR/Robust marks/03.30-16.51/RCNX2745.JPG,RCNX2745.JPG,HLC20-H3_2022_202203301651_RCNX2745.jpg,0.9480363726615906,1475.8660888671875,673.442138671875,701.8563232421875,1169.0247802734375,3776,2124,701,1169
HLC20-H3,2022,202203301651,BM,1,/Volumes/Seagate Portable Drive/KYLE_AI_DATABASE/A_CAMERA/Focal_species/Gulo gulo/HLC20-H3/BM/2022/COLOR/Robust marks/03.30-16.51/RCNX2746.JPG,RCNX2746.JPG,HLC20-H3_2022_202203301651_RCNX2746.jpg,0.912634015083313,1502.50927734375,473.05291748046875,827.2099609375,1148.5146484375,3776,2124,827,1148
HLC20-H3,2022,202203301651,BM,1,/Volumes/Seagate Portable Drive/KYLE_AI_DATABASE/A_CAMERA/Focal_species/Gulo gulo/HLC20-H3/BM/2022/COLOR/Robust marks/03.30-16.51/RCNX2747.JPG,RCNX2747.JPG,HLC20-H3_2022_202203301651_RCNX2747.jpg,0.9225699305534363,1526.6090087890625,463.6261901855469,632.8687744140625,1119.297119140625,3776,2124,632,1119
HLC20-H3,2022,202203301651,BM,1,/Volumes/Seagate Portable Drive/KYLE_AI_DATABASE/A_CAMERA/Focal_species/Gulo gulo/HLC20-H3/BM/2022/COLOR/Robust marks/03.30-16.51/RCNX2748.JPG,RCNX2748.JPG,HLC20-H3_2022_202203301651_RCNX2748.jpg,0.9158321022987366,1495.826416015625,279.8259582519531,862.776123046875,1262.4505615234375,3776,2124,862,1262
HLC20-H3,2022,202203301651,BM,1,/Volumes/Seagate Portable Drive/KYLE_AI_DATABASE/A_CAMERA/Focal_species/Gulo gulo/HLC20-H3/BM/2022/COLOR/Robust marks/03.30-16.51/RCNX2749.JPG,RCNX2749.JPG,HLC20-H3_2022_202203301651_RCNX2749.jpg,0.9475371241569519,1480.45849609375,292.4339599609375,690.32470703125,1247.197998046875,3776,2124,690,1247
HLC20-H3,2022,202203301651,BM,1,/Volumes/Seagate Portable Drive/KYLE_AI_DATABASE/A_CAMERA/Focal_species/Gulo gulo/HLC20-H3/BM/2022/COLOR/Robust marks/03.30-16.51/RCNX2750.JPG,RCNX2750.JPG,HLC20-H3_2022_202203301651_RCNX2750.jpg,0.9497261047363281,1479.04345703125,323.9546203613281,772.288330078125,1276.215576171875,3776,2124,772,1276
HLC20-H3,2022,202203301651,BM,1,/Volumes/Seagate Portable Drive/KYLE_AI_DATABASE/A_CAMERA/Focal_species/Gulo gulo/HLC20-H3/BM/2022/COLOR/Robust marks/03.30-16.51/RCNX2751.JPG,RCNX2751.JPG,HLC20-H3_2022_202203301651_RCNX2751.jpg,0.8926875591278076,1486.612060546875,446.5652160644531,609.980224609375,1111.89111328125,3776,2124,609,1111
HLC20-H3,2022,202203301651,BM,1,/Volumes/Seagate Portable Drive/KYLE_AI_DATABASE/A_CAMERA/Focal_species/Gulo gulo/HLC20-H3/BM/2022/COLOR/Robust marks/03.30-16.51/RCNX2752.JPG,RCNX2752.JPG,HLC20-H3_2022_202203301651_RCNX2752.jpg,0.9063465595245361,1502.043701171875,359.7768249511719,667.398681640625,1210.39013671875,3776,2124,667,1210
HLC20-H3,2022,202203301651,BM,1,/Volumes/Seagate Portable Drive/KYLE_AI_DATABASE/A_CAMERA/Focal_species/Gulo gulo/HLC20-H3/BM/2022/COLOR/Robust marks/03.30-16.51/RCNX2753.JPG,RCNX2753.JPG,HLC20-H3_2022_202203301651_RCNX2753.jpg,0.9038398265838623,1481.078857421875,491.36627197265625,643.204345703125,1176.609130859375,3776,2124,643,1176
HLC20-H3,2022,202203301651,BM,1,/Volumes/Seagate Portable Drive/KYLE_AI_DATABASE/A_CAMERA/Focal_species/Gulo gulo/HLC20-H3/BM/2022/COLOR/Robust marks/03.30-16.51/RCNX2754.JPG,RCNX2754.JPG,HLC20-H3_2022_202203301651_RCNX2754.jpg,0.9230833053588867,1481.793212890625,902.75244140625,654.151123046875,907.899169921875,3776,2124,654,907
HLC20-H3,2022,202203301651,BM,1,/Volumes/Seagate Portable Drive/KYLE_AI_DATABASE/A_CAMERA/Focal_species/Gulo gulo/HLC20-H3/BM/2022/COLOR/Robust marks/03.30-16.51/RCNX2755.JPG,RCNX2755.JPG,HLC20-H3_2022_202203301651_RCNX2755.jpg,0.8525683283805847,1484.678955078125,894.4178466796875,653.26171875,938.032470703125,3776,2124,653,938
HLC20-H3,2022,202203301651,BM,1,/Volumes/Seagate Portable Drive/KYLE_AI_DATABASE/A_CAMERA/Focal_species/Gulo gulo/HLC20-H3/BM/2022/COLOR/Robust marks/03.30-16.51/RCNX2757.JPG,RCNX2757.JPG,HLC20-H3_2022_202203301651_RCNX2757.jpg,0.839961051940918,1484.3033447265625,606.34619140625,620.1549072265625,1114.4200439453125,3776,2124,620,1114
HLC20-H3,2022,202203301651,BM,1,/Volumes/Seagate Portable Drive/KYLE_AI_DATABASE/A_CAMERA/Focal_species/Gulo gulo/HLC20-H3/BM/2022/COLOR/Robust marks/03.30-16.51/RCNX2758.JPG,RCNX2758.JPG,HLC20-H3_2022_202203301651_RCNX2758.jpg,0.8776476383209229,1484.3349609375,529.6588745117188,662.50634765625,1072.79345703125,3776,2124,662,1072
HLC20-H3,2022,202203301651,BM,1,/Volumes/Seagate Portable Drive/KYLE_AI_DATABASE/A_CAMERA/Focal_species/Gulo gulo/HLC20-H3/BM/2022/COLOR/Robust marks/03.30-16.51/RCNX2759.JPG,RCNX2759.JPG,HLC20-H3_2022_202203301651_RCNX2759.jpg,0.8598735928535461,1491.2982177734375,486.1181945800781,640.4998779296875,1023.757568359375,3776,2124,640,1023
HLC20-H3,2022,202203301651,BM,1,/Volumes/Seagate Portable Drive/KYLE_AI_DATABASE/A_CAMERA/Focal_species/Gulo gulo/HLC20-H3/BM/2022/COLOR/Robust marks/03.30-16.51/RCNX2760.JPG,RCNX2760.JPG,HLC20-H3_2022_202203301651_RCNX2760.jpg,0.9508750438690186,1448.6390380859375,239.02003479003906,676.8470458984375,1257.66650390625,3776,2124,676,1257
HLC20-H3,2022,202203301651,BM,1,/Volumes/Seagate Portable Drive/KYLE_AI_DATABASE/A_CAMERA/Focal_species/Gulo gulo/HLC20-H3/BM/2022/COLOR/Robust marks/03.30-16.51/RCNX2761.JPG,RCNX2761.JPG,HLC20-H3_2022_202203301651_RCNX2761.jpg,0.9445866942405701,1407.7239990234375,348.9728088378906,760.9095458984375,1150.3875732421875,3776,2124,760,1150
HLC20-H3,2022,202203301651,BM,1,/Volumes/Seagate Portable Drive/KYLE_AI_DATABASE/A_CAMERA/Focal_species/Gulo gulo/HLC20-H3/BM/2022/COLOR/Robust marks/03.30-16.51/RCNX2762.JPG,RCNX2762.JPG,HLC20-H3_2022_202203301651_RCNX2762.jpg,0.938168466091156,1384.1177978515625,304.3157653808594,789.6314697265625,1119.870361328125,3776,2124,789,1119
HLC20-H3,2022,202203301651,BM,1,/Volumes/Seagate Portable Drive/KYLE_AI_DATABASE/A_CAMERA/Focal_species/Gulo gulo/HLC20-H3/BM/2022/COLOR/Robust marks/03.30-16.51/RCNX2763.JPG,RCNX2763.JPG,HLC20-H3_2022_202203301651_RCNX2763.jpg,0.9261502027511597,1473.100341796875,369.81512451171875,803.052734375,1359.763916015625,3776,2124,803,1359
HLC20-H3,2022,202203301651,BM,1,/Volumes/Seagate Portable Drive/KYLE_AI_DATABASE/A_CAMERA/Focal_species/Gulo gulo/HLC20-H3/BM/2022/COLOR/Robust marks/03.30-16.51/RCNX2764.JPG,RCNX2764.JPG,HLC20-H3_2022_202203301651_RCNX2764.jpg,0.8013083934783936,1450.0499267578125,385.1145935058594,577.8115234375,1245.0555419921875,3776,2124,577,1245
HLC20-H3,2022,202203301651,BM,1,/Volumes/Seagate Portable Drive/KYLE_AI_DATABASE/A_CAMERA/Focal_species/Gulo gulo/HLC20-H3/BM/2022/COLOR/Robust marks/03.30-16.51/RCNX2765.JPG,RCNX2765.JPG,HLC20-H3_2022_202203301651_RCNX2765.jpg,0.9528411626815796,1491.4288330078125,383.9373474121094,760.2996826171875,1261.9866943359375,3776,2124,760,1261
HLC20-H3,2022,202203301651,BM,1,/Volumes/Seagate Portable Drive/KYLE_AI_DATABASE/A_CAMERA/Focal_species/Gulo gulo/HLC20-H3/BM/2022/COLOR/Robust marks/03.30-16.51/RCNX2767.JPG,RCNX2767.JPG,HLC20-H3_2022_202203301651_RCNX2767.jpg,0.9345471262931824,1503.636474609375,327.3437194824219,908.62841796875,1244.3123779296875,3776,2124,908,1244
HLC20-H3,2022,202203301651,BM,1,/Volumes/Seagate Portable Drive/KYLE_AI_DATABASE/A_CAMERA/Focal_species/Gulo gulo/HLC20-H3/BM/2022/COLOR/Robust marks/03.30-16.51/RCNX2768.JPG,RCNX2768.JPG,HLC20-H3_2022_202203301651_RCNX2768.jpg,0.9368220567703247,1470.4603271484375,303.837158203125,889.7418212890625,1213.93017578125,3776,2124,889,1213
HLC20-H3,2022,202203301651,BM,1,/Volumes/Seagate Portable Drive/KYLE_AI_DATABASE/A_CAMERA/Focal_species/Gulo gulo/HLC20-H3/BM/2022/COLOR/Robust marks/03.30-16.51/RCNX2769.JPG,RCNX2769.JPG,HLC20-H3_2022_202203301651_RCNX2769.jpg,0.9454658627510071,1479.1756591796875,284.0270080566406,768.1373291015625,1259.160888671875,3776,2124,768,1259
HLC20-H3,2022,202203301651,BM,1,/Volumes/Seagate Portable Drive/KYLE_AI_DATABASE/A_CAMERA/Focal_species/Gulo gulo/HLC20-H3/BM/2022/COLOR/Robust marks/03.30-16.51/RCNX2770.JPG,RCNX2770.JPG,HLC20-H3_2022_202203301651_RCNX2770.jpg,0.9374452829360962,1474.4771728515625,409.23370361328125,720.9163818359375,1278.93212890625,3776,2124,720,1278
HLC20-H3,2022,202203301651,BM,1,/Volumes/Seagate Portable Drive/KYLE_AI_DATABASE/A_CAMERA/Focal_species/Gulo gulo/HLC20-H3/BM/2022/COLOR/Robust marks/03.30-16.51/RCNX2771.JPG,RCNX2771.JPG,HLC20-H3_2022_202203301651_RCNX2771.jpg,0.9278756380081177,1485.5849609375,464.13067626953125,749.4423828125,1169.609130859375,3776,2124,749,1169
HLC20-H3,2022,202203301651,BM,1,/Volumes/Seagate Portable Drive/KYLE_AI_DATABASE/A_CAMERA/Focal_species/Gulo gulo/HLC20-H3/BM/2022/COLOR/Robust marks/03.30-16.51/RCNX2772.JPG,RCNX2772.JPG,HLC20-H3_2022_202203301651_RCNX2772.jpg,0.9207714200019836,1477.7947998046875,354.8497314453125,847.2906494140625,1267.710693359375,3776,2124,847,1267
HLC20-H3,2022,202203301651,BM,1,/Volumes/Seagate Portable Drive/KYLE_AI_DATABASE/A_CAMERA/Focal_species/Gulo gulo/HLC20-H3/BM/2022/COLOR/Robust marks/03.30-16.51/RCNX2773.JPG,RCNX2773.JPG,HLC20-H3_2022_202203301651_RCNX2773.jpg,0.9034780859947205,1474.9984130859375,321.1499938964844,695.3167724609375,1280.164306640625,3776,2124,695,1280
HLC20-H3,2022,202203301651,BM,1,/Volumes/Seagate Portable Drive/KYLE_AI_DATABASE/A_CAMERA/Focal_species/Gulo gulo/HLC20-H3/BM/2022/COLOR/Robust marks/03.30-16.51/RCNX2774.JPG,RCNX2774.JPG,HLC20-H3_2022_202203301651_RCNX2774.jpg,0.9564951658248901,1476.1923828125,289.0522766113281,937.99560546875,1281.7205810546875,3776,2124,937,1281
HLC20-H3,2022,202203301651,BM,1,/Volumes/Seagate Portable Drive/KYLE_AI_DATABASE/A_CAMERA/Focal_species/Gulo gulo/HLC20-H3/BM/2022/COLOR/Robust marks/03.30-16.51/RCNX2775.JPG,RCNX2775.JPG,HLC20-H3_2022_202203301651_RCNX2775.jpg,0.9152554273605347,1482.333740234375,300.3380432128906,847.884033203125,1274.1781005859375,3776,2124,847,1274
HLC20-H3,2022,202203301651,BM,1,/Volumes/Seagate Portable Drive/KYLE_AI_DATABASE/A_CAMERA/Focal_species/Gulo gulo/HLC20-H3/BM/2022/COLOR/Robust marks/03.30-16.51/RCNX2776.JPG,RCNX2776.JPG,HLC20-H3_2022_202203301651_RCNX2776.jpg,0.945480227470398,1479.7872314453125,360.777587890625,862.7677001953125,1207.4266357421875,3776,2124,862,1207
HLC20-H3,2022,202203301651,BM,1,/Volumes/Seagate Portable Drive/KYLE_AI_DATABASE/A_CAMERA/Focal_species/Gulo gulo/HLC20-H3/BM/2022/COLOR/Robust marks/03.30-16.51/RCNX2777.JPG,RCNX2777.JPG,HLC20-H3_2022_202203301651_RCNX2777.jpg,0.9182125329971313,1478.01953125,369.6075134277344,799.6650390625,1253.2645263671875,3776,2124,799,1253
HLC20-H3,2022,202203301651,BM,1,/Volumes/Seagate Portable Drive/KYLE_AI_DATABASE/A_CAMERA/Focal_species/Gulo gulo/HLC20-H3/BM/2022/COLOR/Robust marks/03.30-16.51/RCNX2778.JPG,RCNX2778.JPG,HLC20-H3_2022_202203301651_RCNX2778.jpg,0.9135768413543701,1480.1920166015625,401.8721618652344,767.8985595703125,1221.8289794921875,3776,2124,767,1221
HLC20-H3,2022,202203301651,BM,1,/Volumes/Seagate Portable Drive/KYLE_AI_DATABASE/A_CAMERA/Focal_species/Gulo gulo/HLC20-H3/BM/2022/COLOR/Robust marks/03.30-16.51/RCNX2779.JPG,RCNX2779.JPG,HLC20-H3_2022_202203301651_RCNX2779.jpg,0.9372572302818298,1481.89501953125,368.3689880371094,845.672607421875,1190.661376953125,3776,2124,845,1190
HLC20-H3,2022,202203301651,BM,1,/Volumes/Seagate Portable Drive/KYLE_AI_DATABASE/A_CAMERA/Focal_species/Gulo gulo/HLC20-H3/BM/2022/COLOR/Robust marks/03.30-16.51/RCNX2780.JPG,RCNX2780.JPG,HLC20-H3_2022_202203301651_RCNX2780.jpg,0.9390776753425598,1478.660888671875,497.3916931152344,647.885986328125,1308.744873046875,3776,2124,647,1308
HLC20-H3,2022,202203301651,BM,1,/Volumes/Seagate Portable Drive/KYLE_AI_DATABASE/A_CAMERA/Focal_species/Gulo gulo/HLC20-H3/BM/2022/COLOR/Robust marks/03.30-16.51/RCNX2781.JPG,RCNX2781.JPG,HLC20-H3_2022_202203301651_RCNX2781.jpg,0.9504730701446533,1463.551513671875,821.4881591796875,720.7099609375,1007.9188232421875,3776,2124,720,1007
HLC20-H3,2022,202203301651,BM,1,/Volumes/Seagate Portable Drive/KYLE_AI_DATABASE/A_CAMERA/Focal_species/Gulo gulo/HLC20-H3/BM/2022/COLOR/Robust marks/03.30-16.51/RCNX2782.JPG,RCNX2782.JPG,HLC20-H3_2022_202203301651_RCNX2782.jpg,0.9567700028419495,1797.67578125,1791.204345703125,794.14990234375,293.990966796875,3776,2124,794,293
HLC20-H3,2022,202203301651,BM,1,/Volumes/Seagate Portable Drive/KYLE_AI_DATABASE/A_CAMERA/Focal_species/Gulo gulo/HLC20-H3/BM/2022/COLOR/Robust marks/03.30-16.51/RCNX2783.JPG,RCNX2783.JPG,HLC20-H3_2022_202203301651_RCNX2783.jpg,0.9499460458755493,2139.959228515625,1824.5377197265625,572.953857421875,261.5130615234375,3776,2124,572,261
HLC20-H3,2022,202203301651,BM,1,/Volumes/Seagate Portable Drive/KYLE_AI_DATABASE/A_CAMERA/Focal_species/Gulo gulo/HLC20-H3/BM/2022/COLOR/Robust marks/03.30-16.51/RCNX2784.JPG,RCNX2784.JPG,HLC20-H3_2022_202203301651_RCNX2784.jpg,0.9576295614242554,2190.447265625,1799.9130859375,536.005126953125,285.37451171875,3776,2124,536,285
HLC20-H3,2022,202203301651,BM,1,/Volumes/Seagate Portable Drive/KYLE_AI_DATABASE/A_CAMERA/Focal_species/Gulo gulo/HLC20-H3/BM/2022/COLOR/Robust marks/03.30-16.51/RCNX2785.JPG,RCNX2785.JPG,HLC20-H3_2022_202203301651_RCNX2785.jpg,0.9567117094993591,2193.930419921875,1785.8316650390625,473.8720703125,298.5113525390625,3776,2124,473,298
HLC20-H3,2022,202203301651,BM,1,/Volumes/Seagate Portable Drive/KYLE_AI_DATABASE/A_CAMERA/Focal_species/Gulo gulo/HLC20-H3/BM/2022/COLOR/Robust marks/03.30-16.51/RCNX2786.JPG,RCNX2786.JPG,HLC20-H3_2022_202203301651_RCNX2786.jpg,0.9544317126274109,2192.30908203125,1825.5147705078125,554.13720703125,258.8294677734375,3776,2124,554,258
HLC20-H3,2022,202203301651,BM,1,/Volumes/Seagate Portable Drive/KYLE_AI_DATABASE/A_CAMERA/Focal_species/Gulo gulo/HLC20-H3/BM/2022/COLOR/Robust marks/03.30-16.51/RCNX2787.JPG,RCNX2787.JPG,HLC20-H3_2022_202203301651_RCNX2787.jpg,0.949839174747467,2177.286865234375,1830.72021484375,566.807861328125,253.88037109375,3776,2124,566,253
HLC20-H3,2022,202203301651,BM,1,/Volumes/Seagate Portable Drive/KYLE_AI_DATABASE/A_CAMERA/Focal_species/Gulo gulo/HLC20-H3/BM/2022/COLOR/Robust marks/03.30-16.51/RCNX2788.JPG,RCNX2788.JPG,HLC20-H3_2022_202203301651_RCNX2788.jpg,0.9471184015274048,2178.678955078125,1826.1685791015625,576.33349609375,258.1907958984375,3776,2124,576,258
HLC20-H3,2022,202203301651,BM,1,/Volumes/Seagate Portable Drive/KYLE_AI_DATABASE/A_CAMERA/Focal_species/Gulo gulo/HLC20-H3/BM/2022/COLOR/Robust marks/03.30-16.51/RCNX2789.JPG,RCNX2789.JPG,HLC20-H3_2022_202203301651_RCNX2789.jpg,0.948661744594574,2181.552978515625,1826.9835205078125,562.445556640625,257.7305908203125,3776,2124,562,257
HLC20-H3,2022,202203301651,BM,1,/Volumes/Seagate Portable Drive/KYLE_AI_DATABASE/A_CAMERA/Focal_species/Gulo gulo/HLC20-H3/BM/2022/COLOR/Robust marks/03.30-16.51/RCNX2790.JPG,RCNX2790.JPG,HLC20-H3_2022_202203301651_RCNX2790.jpg,0.9483884572982788,2189.468017578125,1832.064697265625,519.134033203125,252.98095703125,3776,2124,519,252
HLC20-H3,2022,202203301651,BM,1,/Volumes/Seagate Portable Drive/KYLE_AI_DATABASE/A_CAMERA/Focal_species/Gulo gulo/HLC20-H3/BM/2022/COLOR/Robust marks/03.30-16.51/RCNX2792.JPG,RCNX2792.JPG,HLC20-H3_2022_202203301651_RCNX2792.jpg,0.9109668135643005,1470.964599609375,877.2276611328125,674.457275390625,1031.5191650390625,3776,2124,674,1031
HLC20-H3,2022,202203301651,BM,1,/Volumes/Seagate Portable Drive/KYLE_AI_DATABASE/A_CAMERA/Focal_species/Gulo gulo/HLC20-H3/BM/2022/COLOR/Robust marks/03.30-16.51/RCNX2793.JPG,RCNX2793.JPG,HLC20-H3_2022_202203301651_RCNX2793.jpg,0.9466257095336914,1478.2584228515625,503.2633972167969,708.5897216796875,1146.0994873046875,3776,2124,708,1146
HLC20-H3,2022,202203301651,BM,1,/Volumes/Seagate Portable Drive/KYLE_AI_DATABASE/A_CAMERA/Focal_species/Gulo gulo/HLC20-H3/BM/2022/COLOR/Robust marks/03.30-16.51/RCNX2794.JPG,RCNX2794.JPG,HLC20-H3_2022_202203301651_RCNX2794.jpg,0.8840221166610718,1487.779296875,556.3643798828125,662.1796875,1021.5352783203125,3776,2124,662,1021
HLC20-H3,2022,202203301651,BM,1,/Volumes/Seagate Portable Drive/KYLE_AI_DATABASE/A_CAMERA/Focal_species/Gulo gulo/HLC20-H3/BM/2022/COLOR/Robust marks/03.30-16.51/RCNX2796.JPG,RCNX2796.JPG,HLC20-H3_2022_202203301651_RCNX2796.jpg,0.9255181550979614,1493.08837890625,434.54168701171875,652.367431640625,1122.4404296875,3776,2124,652,1122
HLC20-H3,2022,202203301651,BM,1,/Volumes/Seagate Portable Drive/KYLE_AI_DATABASE/A_CAMERA/Focal_species/Gulo gulo/HLC20-H3/BM/2022/COLOR/Robust marks/03.30-16.51/RCNX2799.JPG,RCNX2799.JPG,HLC20-H3_2022_202203301651_RCNX2799.jpg,0.9047812819480896,1488.6246337890625,424.2521057128906,790.5198974609375,1218.2762451171875,3776,2124,790,1218
HLC20-H3,2022,202203301651,BM,1,/Volumes/Seagate Portable Drive/KYLE_AI_DATABASE/A_CAMERA/Focal_species/Gulo gulo/HLC20-H3/BM/2022/COLOR/Robust marks/03.30-16.51/RCNX2800.JPG,RCNX2800.JPG,HLC20-H3_2022_202203301651_RCNX2800.jpg,0.8891715407371521,1517.5496826171875,436.19158935546875,732.0733642578125,1251.02880859375,3776,2124,732,1251
HLC20-H3,2022,202203301651,BM,1,/Volumes/Seagate Portable Drive/KYLE_AI_DATABASE/A_CAMERA/Focal_species/Gulo gulo/HLC20-H3/BM/2022/COLOR/Robust marks/03.30-16.51/RCNX2801.JPG,RCNX2801.JPG,HLC20-H3_2022_202203301651_RCNX2801.jpg,0.8988027572631836,1475.1217041015625,545.434326171875,610.2945556640625,1058.001953125,3776,2124,610,1058
HLC20-H3,2022,202203301651,BM,1,/Volumes/Seagate Portable Drive/KYLE_AI_DATABASE/A_CAMERA/Focal_species/Gulo gulo/HLC20-H3/BM/2022/COLOR/Robust marks/03.30-16.51/RCNX2803.JPG,RCNX2803.JPG,HLC20-H3_2022_202203301651_RCNX2803.jpg,0.8580493330955505,1470.1439208984375,300.2210693359375,815.4510498046875,1335.202392578125,3776,2124,815,1335
HLC20-H3,2022,202203301651,BM,1,/Volumes/Seagate Portable Drive/KYLE_AI_DATABASE/A_CAMERA/Focal_species/Gulo gulo/HLC20-H3/BM/2022/COLOR/Robust marks/03.30-16.51/RCNX2805.JPG,RCNX2805.JPG,HLC20-H3_2022_202203301651_RCNX2805.jpg,0.901377260684967,1474.0303955078125,284.9951171875,922.5640869140625,1267.5087890625,3776,2124,922,1267
HLC20-H3,2022,202203301651,BM,1,/Volumes/Seagate Portable Drive/KYLE_AI_DATABASE/A_CAMERA/Focal_species/Gulo gulo/HLC20-H3/BM/2022/COLOR/Robust marks/03.30-16.51/RCNX2807.JPG,RCNX2807.JPG,HLC20-H3_2022_202203301651_RCNX2807.jpg,0.8894312977790833,1483.7271728515625,539.4900512695312,643.4571533203125,1033.29541015625,3776,2124,643,1033
HLC20-H3,2022,202203301651,BM,1,/Volumes/Seagate Portable Drive/KYLE_AI_DATABASE/A_CAMERA/Focal_species/Gulo gulo/HLC20-H3/BM/2022/COLOR/Robust marks/03.30-16.51/RCNX2808.JPG,RCNX2808.JPG,HLC20-H3_2022_202203301651_RCNX2808.jpg,0.9155357480049133,1480.510009765625,340.924072265625,819.94677734375,1299.311279296875,3776,2124,819,1299
HLC20-H3,2022,202203301651,BM,1,/Volumes/Seagate Portable Drive/KYLE_AI_DATABASE/A_CAMERA/Focal_species/Gulo gulo/HLC20-H3/BM/2022/COLOR/Robust marks/03.30-16.51/RCNX2809.JPG,RCNX2809.JPG,HLC20-H3_2022_202203301651_RCNX2809.jpg,0.8717159628868103,1464.6044921875,398.30938720703125,652.219482421875,1264.09765625,3776,2124,652,1264
HLC20-H3,2022,202203301651,BM,1,/Volumes/Seagate Portable Drive/KYLE_AI_DATABASE/A_CAMERA/Focal_species/Gulo gulo/HLC20-H3/BM/2022/COLOR/Robust marks/03.30-16.51/RCNX2810.JPG,RCNX2810.JPG,HLC20-H3_2022_202203301651_RCNX2810.jpg,0.9306961297988892,1468.753662109375,323.11376953125,983.513671875,1218.9124755859375,3776,2124,983,1218
HLC20-H3,2022,202203301651,BM,1,/Volumes/Seagate Portable Drive/KYLE_AI_DATABASE/A_CAMERA/Focal_species/Gulo gulo/HLC20-H3/BM/2022/COLOR/Robust marks/03.30-16.51/RCNX2811.JPG,RCNX2811.JPG,HLC20-H3_2022_202203301651_RCNX2811.jpg,0.9055674076080322,1474.563720703125,479.9176025390625,695.278564453125,1265.4676513671875,3776,2124,695,1265
HLC20-H3,2022,202203301651,BM,1,/Volumes/Seagate Portable Drive/KYLE_AI_DATABASE/A_CAMERA/Focal_species/Gulo gulo/HLC20-H3/BM/2022/COLOR/Robust marks/03.30-16.51/RCNX2812.JPG,RCNX2812.JPG,HLC20-H3_2022_202203301651_RCNX2812.jpg,0.9052813053131104,1481.56298828125,360.8435363769531,830.66015625,1185.10205078125,3776,2124,830,1185
HLC20-H3,2022,202203301651,BM,1,/Volumes/Seagate Portable Drive/KYLE_AI_DATABASE/A_CAMERA/Focal_species/Gulo gulo/HLC20-H3/BM/2022/COLOR/Robust marks/03.30-16.51/RCNX2813.JPG,RCNX2813.JPG,HLC20-H3_2022_202203301651_RCNX2813.jpg,0.9177023768424988,1481.61083984375,304.35546875,803.81640625,1257.4669189453125,3776,2124,803,1257
HLC20-H3,2022,202203301651,BM,1,/Volumes/Seagate Portable Drive/KYLE_AI_DATABASE/A_CAMERA/Focal_species/Gulo gulo/HLC20-H3/BM/2022/COLOR/Robust marks/03.30-16.51/RCNX2815.JPG,RCNX2815.JPG,HLC20-H3_2022_202203301651_RCNX2815.jpg,0.8829479813575745,1476.0565185546875,331.0840148925781,790.9793701171875,1195.3853759765625,3776,2124,790,1195
HLC20-H3,2022,202203301651,BM,1,/Volumes/Seagate Portable Drive/KYLE_AI_DATABASE/A_CAMERA/Focal_species/Gulo gulo/HLC20-H3/BM/2022/COLOR/Robust marks/03.30-16.51/RCNX2818.JPG,RCNX2818.JPG,HLC20-H3_2022_202203301651_RCNX2818.jpg,0.8952145576477051,1454.06494140625,264.02764892578125,709.329345703125,1257.348388671875,3776,2124,709,1257
HLC20-H3,2022,202203301651,BM,1,/Volumes/Seagate Portable Drive/KYLE_AI_DATABASE/A_CAMERA/Focal_species/Gulo gulo/HLC20-H3/BM/2022/COLOR/Robust marks/03.30-16.51/RCNX2819.JPG,RCNX2819.JPG,HLC20-H3_2022_202203301651_RCNX2819.jpg,0.9627779126167297,1347.11083984375,249.80270385742188,640.0712890625,1177.74560546875,3776,2124,640,1177
HLC20-H3,2022,202203301651,BM,1,/Volumes/Seagate Portable Drive/KYLE_AI_DATABASE/A_CAMERA/Focal_species/Gulo gulo/HLC20-H3/BM/2022/COLOR/Robust marks/03.30-16.51/RCNX2820.JPG,RCNX2820.JPG,HLC20-H3_2022_202203301651_RCNX2820.jpg,0.8881295919418335,1443.7847900390625,335.0765380859375,844.5843505859375,1126.0330810546875,3776,2124,844,1126
HLC20-H3,2022,202203301651,BM,1,/Volumes/Seagate Portable Drive/KYLE_AI_DATABASE/A_CAMERA/Focal_species/Gulo gulo/HLC20-H3/BM/2022/COLOR/Robust marks/03.30-16.51/RCNX2821.JPG,RCNX2821.JPG,HLC20-H3_2022_202203301651_RCNX2821.jpg,0.8809322118759155,1487.425537109375,371.5882263183594,579.817138671875,1130.5946044921875,3776,2124,579,1130
HLC20-H3,2022,202203301651,BM,1,/Volumes/Seagate Portable Drive/KYLE_AI_DATABASE/A_CAMERA/Focal_species/Gulo gulo/HLC20-H3/BM/2022/COLOR/Robust marks/03.30-16.51/RCNX2822.JPG,RCNX2822.JPG,HLC20-H3_2022_202203301651_RCNX2822.jpg,0.9053993225097656,1481.3768310546875,509.0559997558594,661.6824951171875,1242.6510009765625,3776,2124,661,1242
HLC20-H3,2022,202203301651,BM,1,/Volumes/Seagate Portable Drive/KYLE_AI_DATABASE/A_CAMERA/Focal_species/Gulo gulo/HLC20-H3/BM/2022/COLOR/Robust marks/03.30-16.51/RCNX2823.JPG,RCNX2823.JPG,HLC20-H3_2022_202203301651_RCNX2823.jpg,0.884644627571106,1480.5440673828125,380.5965576171875,670.3463134765625,1253.4161376953125,3776,2124,670,1253
HLC20-H3,2022,202203301651,BM,1,/Volumes/Seagate Portable Drive/KYLE_AI_DATABASE/A_CAMERA/Focal_species/Gulo gulo/HLC20-H3/BM/2022/COLOR/Robust marks/03.30-16.51/RCNX2825.JPG,RCNX2825.JPG,HLC20-H3_2022_202203301651_RCNX2825.jpg,0.9049402475357056,1484.1571044921875,224.9883575439453,660.5999755859375,1280.1571044921875,3776,2124,660,1280
HLC20-H3,2022,202203301651,BM,1,/Volumes/Seagate Portable Drive/KYLE_AI_DATABASE/A_CAMERA/Focal_species/Gulo gulo/HLC20-H3/BM/2022/COLOR/Robust marks/03.30-16.51/RCNX2826.JPG,RCNX2826.JPG,HLC20-H3_2022_202203301651_RCNX2826.jpg,0.8324109315872192,1479.6923828125,407.55670166015625,808.878173828125,1123.424072265625,3776,2124,808,1123
HLC20-H3,2022,202203301651,BM,1,/Volumes/Seagate Portable Drive/KYLE_AI_DATABASE/A_CAMERA/Focal_species/Gulo gulo/HLC20-H3/BM/2022/COLOR/Robust marks/03.30-16.51/RCNX2827.JPG,RCNX2827.JPG,HLC20-H3_2022_202203301651_RCNX2827.jpg,0.9423438310623169,1478.8974609375,242.08236694335938,643.4921875,1314.4378662109375,3776,2124,643,1314
HLC20-H3,2022,202203301651,BM,1,/Volumes/Seagate Portable Drive/KYLE_AI_DATABASE/A_CAMERA/Focal_species/Gulo gulo/HLC20-H3/BM/2022/COLOR/Robust marks/03.30-16.51/RCNX2829.JPG,RCNX2829.JPG,HLC20-H3_2022_202203301651_RCNX2829.jpg,0.9549378752708435,1476.210693359375,342.5594787597656,992.10400390625,1115.1402587890625,3776,2124,992,1115
HLC20-H3,2022,202203301651,BM,1,/Volumes/Seagate Portable Drive/KYLE_AI_DATABASE/A_CAMERA/Focal_species/Gulo gulo/HLC20-H3/BM/2022/COLOR/Robust marks/03.30-16.51/RCNX2830.JPG,RCNX2830.JPG,HLC20-H3_2022_202203301651_RCNX2830.jpg,0.9119769334793091,1474.347412109375,330.8719482421875,618.077392578125,1228.087646484375,3776,2124,618,1228
HLC20-H3,2022,202203301651,BM,1,/Volumes/Seagate Portable Drive/KYLE_AI_DATABASE/A_CAMERA/Focal_species/Gulo gulo/HLC20-H3/BM/2022/COLOR/Robust marks/03.30-16.51/RCNX2831.JPG,RCNX2831.JPG,HLC20-H3_2022_202203301651_RCNX2831.jpg,0.961306631565094,1558.465087890625,350.7119140625,740.460205078125,1081.7020263671875,3776,2124,740,1081
HLC20-H3,2022,202203301651,BM,1,/Volumes/Seagate Portable Drive/KYLE_AI_DATABASE/A_CAMERA/Focal_species/Gulo gulo/HLC20-H3/BM/2022/COLOR/Robust marks/03.30-16.51/RCNX2832.JPG,RCNX2832.JPG,HLC20-H3_2022_202203301651_RCNX2832.jpg,0.9370279908180237,1668.712646484375,269.1697082519531,626.168212890625,1166.107666015625,3776,2124,626,1166
HLC20-H3,2022,202203301651,BM,1,/Volumes/Seagate Portable Drive/KYLE_AI_DATABASE/A_CAMERA/Focal_species/Gulo gulo/HLC20-H3/BM/2022/COLOR/Robust marks/03.30-16.51/RCNX2833.JPG,RCNX2833.JPG,HLC20-H3_2022_202203301651_RCNX2833.jpg,0.8624411225318909,1714.914794921875,288.9245300292969,569.975830078125,1143.9688720703125,3776,2124,569,1143
HLC20-H3,2022,202203301651,BM,1,/Volumes/Seagate Portable Drive/KYLE_AI_DATABASE/A_CAMERA/Focal_species/Gulo gulo/HLC20-H3/BM/2022/COLOR/Robust marks/03.30-16.51/RCNX2834.JPG,RCNX2834.JPG,HLC20-H3_2022_202203301651_RCNX2834.jpg,0.9434019923210144,1637.865478515625,339.12957763671875,628.06005859375,1091.34326171875,3776,2124,628,1091
HLC20-H3,2022,202203301651,BM,1,/Volumes/Seagate Portable Drive/KYLE_AI_DATABASE/A_CAMERA/Focal_species/Gulo gulo/HLC20-H3/BM/2022/COLOR/Robust marks/03.30-16.51/RCNX2835.JPG,RCNX2835.JPG,HLC20-H3_2022_202203301651_RCNX2835.jpg,0.9350953102111816,1699.3720703125,209.34866333007812,612.756591796875,1233.8255615234375,3776,2124,612,1233
HLC20-H3,2022,202203301651,BM,1,/Volumes/Seagate Portable Drive/KYLE_AI_DATABASE/A_CAMERA/Focal_species/Gulo gulo/HLC20-H3/BM/2022/COLOR/Robust marks/03.30-16.51/RCNX2836.JPG,RCNX2836.JPG,HLC20-H3_2022_202203301651_RCNX2836.jpg,0.9159414768218994,1768.711669921875,272.9483337402344,581.440185546875,1132.440185546875,3776,2124,581,1132
HLC20-H3,2022,202203301651,BM,1,/Volumes/Seagate Portable Drive/KYLE_AI_DATABASE/A_CAMERA/Focal_species/Gulo gulo/HLC20-H3/BM/2022/COLOR/Robust marks/03.30-16.51/RCNX2837.JPG,RCNX2837.JPG,HLC20-H3_2022_202203301651_RCNX2837.jpg,0.9396264553070068,1680.5386962890625,360.206787109375,641.6204833984375,1033.4671630859375,3776,2124,641,1033
HLC20-H3,2022,202203301651,BM,1,/Volumes/Seagate Portable Drive/KYLE_AI_DATABASE/A_CAMERA/Focal_species/Gulo gulo/HLC20-H3/BM/2022/COLOR/Robust marks/03.30-16.51/RCNX2838.JPG,RCNX2838.JPG,HLC20-H3_2022_202203301651_RCNX2838.jpg,0.944618284702301,1656.77490234375,292.17132568359375,643.787109375,1130.03173828125,3776,2124,643,1130
HLC20-H3,2022,202203301651,BM,1,/Volumes/Seagate Portable Drive/KYLE_AI_DATABASE/A_CAMERA/Focal_species/Gulo gulo/HLC20-H3/BM/2022/COLOR/Robust marks/03.30-16.51/RCNX2839.JPG,RCNX2839.JPG,HLC20-H3_2022_202203301651_RCNX2839.jpg,0.9140323996543884,1740.0030517578125,296.91143798828125,548.0587158203125,1142.010009765625,3776,2124,548,1142
HLC20-H3,2022,202203301651,BM,1,/Volumes/Seagate Portable Drive/KYLE_AI_DATABASE/A_CAMERA/Focal_species/Gulo gulo/HLC20-H3/BM/2022/COLOR/Robust marks/03.30-16.51/RCNX2840.JPG,RCNX2840.JPG,HLC20-H3_2022_202203301651_RCNX2840.jpg,0.933604896068573,1607.402099609375,296.6294250488281,646.237060546875,1139.508056640625,3776,2124,646,1139
HLC20-H3,2022,202203301651,BM,1,/Volumes/Seagate Portable Drive/KYLE_AI_DATABASE/A_CAMERA/Focal_species/Gulo gulo/HLC20-H3/BM/2022/COLOR/Robust marks/03.30-16.51/RCNX2842.JPG,RCNX2842.JPG,HLC20-H3_2022_202203301651_RCNX2842.jpg,0.9041318893432617,1480.516845703125,442.628662109375,744.52685546875,1308.537353515625,3776,2124,744,1308
HLC20-H3,2022,202203301651,BM,1,/Volumes/Seagate Portable Drive/KYLE_AI_DATABASE/A_CAMERA/Focal_species/Gulo gulo/HLC20-H3/BM/2022/COLOR/Robust marks/03.30-16.51/RCNX2843.JPG,RCNX2843.JPG,HLC20-H3_2022_202203301651_RCNX2843.jpg,0.8841577768325806,1477.1529541015625,190.463134765625,984.1048583984375,1376.4984130859375,3776,2124,984,1376
HLC20-H3,2022,202203301651,BM,1,/Volumes/Seagate Portable Drive/KYLE_AI_DATABASE/A_CAMERA/Focal_species/Gulo gulo/HLC20-H3/BM/2022/COLOR/Robust marks/03.30-16.51/RCNX2845.JPG,RCNX2845.JPG,HLC20-H3_2022_202203301651_RCNX2845.jpg,0.9259562492370605,1505.03076171875,394.7695617675781,643.429931640625,1219.99072265625,3776,2124,643,1219
HLC20-H3,2022,202203301651,BM,1,/Volumes/Seagate Portable Drive/KYLE_AI_DATABASE/A_CAMERA/Focal_species/Gulo gulo/HLC20-H3/BM/2022/COLOR/Robust marks/03.30-16.51/RCNX2846.JPG,RCNX2846.JPG,HLC20-H3_2022_202203301651_RCNX2846.jpg,0.9047533273696899,1478.2161865234375,374.2419738769531,958.1510009765625,1259.8011474609375,3776,2124,958,1259
HLC20-H3,2022,202203301651,BM,1,/Volumes/Seagate Portable Drive/KYLE_AI_DATABASE/A_CAMERA/Focal_species/Gulo gulo/HLC20-H3/BM/2022/COLOR/Robust marks/03.30-16.51/RCNX2847.JPG,RCNX2847.JPG,HLC20-H3_2022_202203301651_RCNX2847.jpg,0.9196867346763611,1479.9395751953125,333.1527099609375,865.2679443359375,1236.52294921875,3776,2124,865,1236
HLC20-H3,2022,202203301651,BM,1,/Volumes/Seagate Portable Drive/KYLE_AI_DATABASE/A_CAMERA/Focal_species/Gulo gulo/HLC20-H3/BM/2022/COLOR/Robust marks/03.30-16.51/RCNX2848.JPG,RCNX2848.JPG,HLC20-H3_2022_202203301651_RCNX2848.jpg,0.9471742510795593,1478.2503662109375,466.5926818847656,721.2760009765625,1160.265380859375,3776,2124,721,1160
HLC20-H3,2022,202203301651,BM,1,/Volumes/Seagate Portable Drive/KYLE_AI_DATABASE/A_CAMERA/Focal_species/Gulo gulo/HLC20-H3/BM/2022/COLOR/Robust marks/03.30-16.51/RCNX2849.JPG,RCNX2849.JPG,HLC20-H3_2022_202203301651_RCNX2849.jpg,0.8995710611343384,1480.3804931640625,417.1429443359375,909.1500244140625,1176.72998046875,3776,2124,909,1176
HLC20-H3,2022,202203301651,BM,1,/Volumes/Seagate Portable Drive/KYLE_AI_DATABASE/A_CAMERA/Focal_species/Gulo gulo/HLC20-H3/BM/2022/COLOR/Robust marks/03.30-16.51/RCNX2850.JPG,RCNX2850.JPG,HLC20-H3_2022_202203301651_RCNX2850.jpg,0.9424865245819092,1498.88037109375,456.9961242675781,774.373779296875,1155.2403564453125,3776,2124,774,1155
HLC20-H3,2022,202203301651,BM,1,/Volumes/Seagate Portable Drive/KYLE_AI_DATABASE/A_CAMERA/Focal_species/Gulo gulo/HLC20-H3/BM/2022/COLOR/Robust marks/03.30-16.51/RCNX2851.JPG,RCNX2851.JPG,HLC20-H3_2022_202203301651_RCNX2851.jpg,0.9027138352394104,1615.5565185546875,448.50848388671875,766.9005126953125,985.0609741210938,3776,2124,766,985
HLC20-H3,2022,202203301651,BM,1,/Volumes/Seagate Portable Drive/KYLE_AI_DATABASE/A_CAMERA/Focal_species/Gulo gulo/HLC20-H3/BM/2022/COLOR/Robust marks/03.30-16.51/RCNX2852.JPG,RCNX2852.JPG,HLC20-H3_2022_202203301651_RCNX2852.jpg,0.9342432022094727,1620.1209716796875,464.1392517089844,689.8197021484375,1018.7020263671875,3776,2124,689,1018
HLC20-H3,2022,202203301651,BM,1,/Volumes/Seagate Portable Drive/KYLE_AI_DATABASE/A_CAMERA/Focal_species/Gulo gulo/HLC20-H3/BM/2022/COLOR/Robust marks/03.30-16.51/RCNX2853.JPG,RCNX2853.JPG,HLC20-H3_2022_202203301651_RCNX2853.jpg,0.8919968605041504,1622.1064453125,311.3770751953125,936.026123046875,1144.44091796875,3776,2124,936,1144
HLC20-H3,2022,202203301651,BM,1,/Volumes/Seagate Portable Drive/KYLE_AI_DATABASE/A_CAMERA/Focal_species/Gulo gulo/HLC20-H3/BM/2022/COLOR/Robust marks/03.30-16.51/RCNX2854.JPG,RCNX2854.JPG,HLC20-H3_2022_202203301651_RCNX2854.jpg,0.9275664687156677,1665.22705078125,107.83367156982422,853.84814453125,1359.2679443359375,3776,2124,853,1359
HLC20-H3,2022,202203301651,BM,1,/Volumes/Seagate Portable Drive/KYLE_AI_DATABASE/A_CAMERA/Focal_species/Gulo gulo/HLC20-H3/BM/2022/COLOR/Robust marks/03.30-16.51/RCNX2855.JPG,RCNX2855.JPG,HLC20-H3_2022_202203301651_RCNX2855.jpg,0.9508315920829773,1654.243408203125,196.31295776367188,537.5068359375,1269.7825927734375,3776,2124,537,1269
HLC20-H3,2022,202203301651,BM,1,/Volumes/Seagate Portable Drive/KYLE_AI_DATABASE/A_CAMERA/Focal_species/Gulo gulo/HLC20-H3/BM/2022/COLOR/Robust marks/03.30-16.51/RCNX2856.JPG,RCNX2856.JPG,HLC20-H3_2022_202203301651_RCNX2856.jpg,0.9522908329963684,1681.1199951171875,172.5792694091797,645.2359619140625,1284.7493896484375,3776,2124,645,1284
HLC20-H3,2022,202203301651,BM,1,/Volumes/Seagate Portable Drive/KYLE_AI_DATABASE/A_CAMERA/Focal_species/Gulo gulo/HLC20-H3/BM/2022/COLOR/Robust marks/03.30-16.51/RCNX2857.JPG,RCNX2857.JPG,HLC20-H3_2022_202203301651_RCNX2857.jpg,0.9296430349349976,1623.76318359375,136.221435546875,589.315185546875,1318.6895751953125,3776,2124,589,1318
HLC20-H3,2022,202203301651,BM,1,/Volumes/Seagate Portable Drive/KYLE_AI_DATABASE/A_CAMERA/Focal_species/Gulo gulo/HLC20-H3/BM/2022/COLOR/Robust marks/03.30-16.51/RCNX2858.JPG,RCNX2858.JPG,HLC20-H3_2022_202203301651_RCNX2858.jpg,0.9597770571708679,1680.367919921875,171.14381408691406,615.781005859375,1296.689208984375,3776,2124,615,1296
HLC20-H3,2022,202203301651,BM,1,/Volumes/Seagate Portable Drive/KYLE_AI_DATABASE/A_CAMERA/Focal_species/Gulo gulo/HLC20-H3/BM/2022/COLOR/Robust marks/03.30-16.51/RCNX2859.JPG,RCNX2859.JPG,HLC20-H3_2022_202203301651_RCNX2859.jpg,0.8523350358009338,1691.8709716796875,417.216552734375,482.6400146484375,1083.4100341796875,3776,2124,482,1083
HLC20-H3,2022,202203301651,BM,1,/Volumes/Seagate Portable Drive/KYLE_AI_DATABASE/A_CAMERA/Focal_species/Gulo gulo/HLC20-H3/BM/2022/COLOR/Robust marks/03.30-16.51/RCNX2860.JPG,RCNX2860.JPG,HLC20-H3_2022_202203301651_RCNX2860.jpg,0.9657605886459351,1130.4010009765625,828.4574584960938,988.5584716796875,1173.670654296875,3776,2124,988,1173
HLC20-H3,2022,202203301651,BM,1,/Volumes/Seagate Portable Drive/KYLE_AI_DATABASE/A_CAMERA/Focal_species/Gulo gulo/HLC20-H3/BM/2022/COLOR/Robust marks/03.30-16.51/RCNX2861.JPG,RCNX2861.JPG,HLC20-H3_2022_202203301651_RCNX2861.jpg,0.8933883905410767,1327.6661376953125,429.05621337890625,786.3319091796875,1213.638427734375,3776,2124,786,1213
HLC20-H3,2022,202203301651,BM,1,/Volumes/Seagate Portable Drive/KYLE_AI_DATABASE/A_CAMERA/Focal_species/Gulo gulo/HLC20-H3/BM/2022/COLOR/Robust marks/03.30-16.51/RCNX2862.JPG,RCNX2862.JPG,HLC20-H3_2022_202203301651_RCNX2862.jpg,0.9410532712936401,1376.08154296875,611.5996704101562,741.653076171875,1115.85205078125,3776,2124,741,1115
HLC20-H3,2022,202203301651,BM,1,/Volumes/Seagate Portable Drive/KYLE_AI_DATABASE/A_CAMERA/Focal_species/Gulo gulo/HLC20-H3/BM/2022/COLOR/Robust marks/03.30-16.51/RCNX2863.JPG,RCNX2863.JPG,HLC20-H3_2022_202203301651_RCNX2863.jpg,0.9059231877326965,1437.4501953125,540.8157958984375,672.591796875,1230.7589111328125,3776,2124,672,1230
HLC20-H3,2022,202203301651,BM,1,/Volumes/Seagate Portable Drive/KYLE_AI_DATABASE/A_CAMERA/Focal_species/Gulo gulo/HLC20-H3/BM/2022/COLOR/Robust marks/03.30-16.51/RCNX2864.JPG,RCNX2864.JPG,HLC20-H3_2022_202203301651_RCNX2864.jpg,0.9489514827728271,1518.3079833984375,484.9241943359375,905.4930419921875,1026.4532470703125,3776,2124,905,1026
HLC20-H3,2022,202203301651,BM,1,/Volumes/Seagate Portable Drive/KYLE_AI_DATABASE/A_CAMERA/Focal_species/Gulo gulo/HLC20-H3/BM/2022/COLOR/Robust marks/03.30-16.51/RCNX2865.JPG,RCNX2865.JPG,HLC20-H3_2022_202203301651_RCNX2865.jpg,0.8973497152328491,1600.3212890625,330.3656005859375,767.547119140625,1100.1639404296875,3776,2124,767,1100
HLC20-H3,2022,202203301651,BM,1,/Volumes/Seagate Portable Drive/KYLE_AI_DATABASE/A_CAMERA/Focal_species/Gulo gulo/HLC20-H3/BM/2022/COLOR/Robust marks/03.30-16.51/RCNX2866.JPG,RCNX2866.JPG,HLC20-H3_2022_202203301651_RCNX2866.jpg,0.9412187337875366,1664.56396484375,289.90478515625,661.07666015625,1197.991455078125,3776,2124,661,1197
HLC20-H3,2022,202203301651,BM,1,/Volumes/Seagate Portable Drive/KYLE_AI_DATABASE/A_CAMERA/Focal_species/Gulo gulo/HLC20-H3/BM/2022/COLOR/Robust marks/03.30-16.51/RCNX2867.JPG,RCNX2867.JPG,HLC20-H3_2022_202203301651_RCNX2867.jpg,0.9203189611434937,1657.791748046875,359.4754943847656,802.017333984375,1074.5872802734375,3776,2124,802,1074
HLC20-H3,2022,202203301651,BM,1,/Volumes/Seagate Portable Drive/KYLE_AI_DATABASE/A_CAMERA/Focal_species/Gulo gulo/HLC20-H3/BM/2022/COLOR/Robust marks/03.30-16.51/RCNX2868.JPG,RCNX2868.JPG,HLC20-H3_2022_202203301651_RCNX2868.jpg,0.939079999923706,1730.156005859375,155.5796356201172,708.716064453125,1271.2109375,3776,2124,708,1271
HLC20-H3,2022,202203301651,BM,1,/Volumes/Seagate Portable Drive/KYLE_AI_DATABASE/A_CAMERA/Focal_species/Gulo gulo/HLC20-H3/BM/2022/COLOR/Robust marks/03.30-16.51/RCNX2869.JPG,RCNX2869.JPG,HLC20-H3_2022_202203301651_RCNX2869.jpg,0.9525770545005798,1614.745361328125,213.3386688232422,641.299072265625,1211.3037109375,3776,2124,641,1211
HLC20-H3,2022,202203301651,BM,1,/Volumes/Seagate Portable Drive/KYLE_AI_DATABASE/A_CAMERA/Focal_species/Gulo gulo/HLC20-H3/BM/2022/COLOR/Robust marks/03.30-16.51/RCNX2870.JPG,RCNX2870.JPG,HLC20-H3_2022_202203301651_RCNX2870.jpg,0.9356112480163574,1733.8004150390625,213.59800720214844,609.3477783203125,1213.62451171875,3776,2124,609,1213
HLC20-H3,2022,202203301651,BM,1,/Volumes/Seagate Portable Drive/KYLE_AI_DATABASE/A_CAMERA/Focal_species/Gulo gulo/HLC20-H3/BM/2022/COLOR/Robust marks/03.30-16.51/RCNX2871.JPG,RCNX2871.JPG,HLC20-H3_2022_202203301651_RCNX2871.jpg,0.8414601683616638,1481.839111328125,308.719482421875,828.439697265625,1253.734130859375,3776,2124,828,1253
HLC20-H3,2022,202203301651,BM,1,/Volumes/Seagate Portable Drive/KYLE_AI_DATABASE/A_CAMERA/Focal_species/Gulo gulo/HLC20-H3/BM/2022/COLOR/Robust marks/03.30-16.51/RCNX2872.JPG,RCNX2872.JPG,HLC20-H3_2022_202203301651_RCNX2872.jpg,0.907895565032959,1477.45654296875,372.53204345703125,596.74951171875,1271.62548828125,3776,2124,596,1271
HLC20-H3,2022,202203301651,BM,1,/Volumes/Seagate Portable Drive/KYLE_AI_DATABASE/A_CAMERA/Focal_species/Gulo gulo/HLC20-H3/BM/2022/COLOR/Robust marks/03.30-16.51/RCNX2873.JPG,RCNX2873.JPG,HLC20-H3_2022_202203301651_RCNX2873.jpg,0.8812457323074341,1478.09619140625,350.1310729980469,872.627197265625,1312.4478759765625,3776,2124,872,1312
HLC20-H3,2022,202203301651,BM,1,/Volumes/Seagate Portable Drive/KYLE_AI_DATABASE/A_CAMERA/Focal_species/Gulo gulo/HLC20-H3/BM/2022/COLOR/Robust marks/03.30-16.51/RCNX2874.JPG,RCNX2874.JPG,HLC20-H3_2022_202203301651_RCNX2874.jpg,0.9269276261329651,1476.808349609375,365.3688049316406,635.960693359375,1316.9320068359375,3776,2124,635,1316
HLC20-H3,2022,202203301651,BM,1,/Volumes/Seagate Portable Drive/KYLE_AI_DATABASE/A_CAMERA/Focal_species/Gulo gulo/HLC20-H3/BM/2022/COLOR/Robust marks/03.30-16.51/RCNX2875.JPG,RCNX2875.JPG,HLC20-H3_2022_202203301651_RCNX2875.jpg,0.9007323980331421,1473.381103515625,351.4396667480469,620.640625,1449.4522705078125,3776,2124,620,1449
HLC20-H3,2022,202203301651,BM,1,/Volumes/Seagate Portable Drive/KYLE_AI_DATABASE/A_CAMERA/Focal_species/Gulo gulo/HLC20-H3/BM/2022/COLOR/Robust marks/03.30-16.51/RCNX2876.JPG,RCNX2876.JPG,HLC20-H3_2022_202203301651_RCNX2876.jpg,0.8898885250091553,1455.607177734375,582.310791015625,648.08642578125,1222.211181640625,3776,2124,648,1222
HLC20-H3,2022,202203301651,BM,1,/Volumes/Seagate Portable Drive/KYLE_AI_DATABASE/A_CAMERA/Focal_species/Gulo gulo/HLC20-H3/BM/2022/COLOR/Robust marks/03.30-16.51/RCNX2877.JPG,RCNX2877.JPG,HLC20-H3_2022_202203301651_RCNX2877.jpg,0.9462509155273438,1457.461669921875,592.2810668945312,635.669189453125,1264.1103515625,3776,2124,635,1264
HLC20-H3,2022,202203301651,BM,1,/Volumes/Seagate Portable Drive/KYLE_AI_DATABASE/A_CAMERA/Focal_species/Gulo gulo/HLC20-H3/BM/2022/COLOR/Robust marks/03.30-16.51/RCNX2878.JPG,RCNX2878.JPG,HLC20-H3_2022_202203301651_RCNX2878.jpg,0.9415671229362488,1481.076416015625,499.6863098144531,632.880126953125,1142.3023681640625,3776,2124,632,1142
HLC20-H3,2022,202203301651,BM,1,/Volumes/Seagate Portable Drive/KYLE_AI_DATABASE/A_CAMERA/Focal_species/Gulo gulo/HLC20-H3/BM/2022/COLOR/Robust marks/03.30-16.51/RCNX2879.JPG,RCNX2879.JPG,HLC20-H3_2022_202203301651_RCNX2879.jpg,0.8450305461883545,1484.3873291015625,453.0184631347656,629.0311279296875,1116.4705810546875,3776,2124,629,1116
HLC20-H3,2022,202203301651,BM,1,/Volumes/Seagate Portable Drive/KYLE_AI_DATABASE/A_CAMERA/Focal_species/Gulo gulo/HLC20-H3/BM/2022/COLOR/Robust marks/03.30-16.51/RCNX2880.JPG,RCNX2880.JPG,HLC20-H3_2022_202203301651_RCNX2880.jpg,0.9570184946060181,1476.2374267578125,342.9122009277344,695.3778076171875,1141.3494873046875,3776,2124,695,1141
HLC20-H3,2022,202203301651,BM,1,/Volumes/Seagate Portable Drive/KYLE_AI_DATABASE/A_CAMERA/Focal_species/Gulo gulo/HLC20-H3/BM/2022/COLOR/Robust marks/03.30-16.51/RCNX2881.JPG,RCNX2881.JPG,HLC20-H3_2022_202203301651_RCNX2881.jpg,0.9530330300331116,1471.55908203125,675.2479248046875,828.563720703125,874.1199951171875,3776,2124,828,874
HLC20-H3,2022,202203301651,BM,1,/Volumes/Seagate Portable Drive/KYLE_AI_DATABASE/A_CAMERA/Focal_species/Gulo gulo/HLC20-H3/BM/2022/COLOR/Robust marks/03.30-16.51/RCNX2882.JPG,RCNX2882.JPG,HLC20-H3_2022_202203301651_RCNX2882.jpg,0.9622474908828735,1470.393798828125,673.777099609375,889.25830078125,898.6142578125,3776,2124,889,898
HLC20-H3,2022,202203301651,BM,1,/Volumes/Seagate Portable Drive/KYLE_AI_DATABASE/A_CAMERA/Focal_species/Gulo gulo/HLC20-H3/BM/2022/COLOR/Robust marks/03.30-16.51/RCNX2883.JPG,RCNX2883.JPG,HLC20-H3_2022_202203301651_RCNX2883.jpg,0.9503574967384338,1472.725341796875,683.94921875,862.59912109375,904.6419677734375,3776,2124,862,904
HLC20-H3,2022,202203301651,BM,1,/Volumes/Seagate Portable Drive/KYLE_AI_DATABASE/A_CAMERA/Focal_species/Gulo gulo/HLC20-H3/BM/2022/COLOR/Robust marks/03.30-16.51/RCNX2884.JPG,RCNX2884.JPG,HLC20-H3_2022_202203301651_RCNX2884.jpg,0.8616468906402588,1475.115966796875,932.7799072265625,634.58203125,740.8697509765625,3776,2124,634,740
HLC20-H3,2022,202203301651,BM,1,/Volumes/Seagate Portable Drive/KYLE_AI_DATABASE/A_CAMERA/Focal_species/Gulo gulo/HLC20-H3/BM/2022/COLOR/Robust marks/03.30-16.51/RCNX2885.JPG,RCNX2885.JPG,HLC20-H3_2022_202203301651_RCNX2885.jpg,0.8860906958580017,1482.1348876953125,507.3847961425781,619.0787353515625,1126.8167724609375,3776,2124,619,1126
HLC20-H3,2022,202203301651,BM,1,/Volumes/Seagate Portable Drive/KYLE_AI_DATABASE/A_CAMERA/Focal_species/Gulo gulo/HLC20-H3/BM/2022/COLOR/Robust marks/03.30-16.51/RCNX2886.JPG,RCNX2886.JPG,HLC20-H3_2022_202203301651_RCNX2886.jpg,0.9243215322494507,1512.8494873046875,487.1487731933594,633.1842041015625,1084.607666015625,3776,2124,633,1084
HLC20-H3,2022,202203301651,BM,1,/Volumes/Seagate Portable Drive/KYLE_AI_DATABASE/A_CAMERA/Focal_species/Gulo gulo/HLC20-H3/BM/2022/COLOR/Robust marks/03.30-16.51/RCNX2887.JPG,RCNX2887.JPG,HLC20-H3_2022_202203301651_RCNX2887.jpg,0.9193821549415588,1509.0906982421875,433.5586242675781,705.2408447265625,1187.041015625,3776,2124,705,1187
HLC20-H3,2022,202203301651,BM,1,/Volumes/Seagate Portable Drive/KYLE_AI_DATABASE/A_CAMERA/Focal_species/Gulo gulo/HLC20-H3/BM/2022/COLOR/Robust marks/03.30-16.51/RCNX2888.JPG,RCNX2888.JPG,HLC20-H3_2022_202203301651_RCNX2888.jpg,0.8342046141624451,1473.742919921875,763.4495849609375,648.62255859375,1032.448974609375,3776,2124,648,1032
HLC20-H3,2022,202203301651,BM,1,/Volumes/Seagate Portable Drive/KYLE_AI_DATABASE/A_CAMERA/Focal_species/Gulo gulo/HLC20-H3/BM/2022/COLOR/Robust marks/03.30-16.51/RCNX2889.JPG,RCNX2889.JPG,HLC20-H3_2022_202203301651_RCNX2889.jpg,0.8851057291030884,1463.8690185546875,900.5070190429688,677.3260498046875,960.3804321289062,3776,2124,677,960
HLC20-H3,2022,202203301651,BM,1,/Volumes/Seagate Portable Drive/KYLE_AI_DATABASE/A_CAMERA/Focal_species/Gulo gulo/HLC20-H3/BM/2022/COLOR/Robust marks/03.30-16.51/RCNX2890.JPG,RCNX2890.JPG,HLC20-H3_2022_202203301651_RCNX2890.jpg,0.8271700143814087,1338.84521484375,827.47998046875,784.182861328125,1035.7608642578125,3776,2124,784,1035
HLC20-H3,2022,202203301651,BM,1,/Volumes/Seagate Portable Drive/KYLE_AI_DATABASE/A_CAMERA/Focal_species/Gulo gulo/HLC20-H3/BM/2022/COLOR/Robust marks/03.30-16.51/RCNX2891.JPG,RCNX2891.JPG,HLC20-H3_2022_202203301651_RCNX2891.jpg,0.917687177658081,1482.9132080078125,549.9461669921875,793.5428466796875,1093.2103271484375,3776,2124,793,1093
HLC20-H3,2022,202203301651,BM,1,/Volumes/Seagate Portable Drive/KYLE_AI_DATABASE/A_CAMERA/Focal_species/Gulo gulo/HLC20-H3/BM/2022/COLOR/Robust marks/03.30-16.51/RCNX2892.JPG,RCNX2892.JPG,HLC20-H3_2022_202203301651_RCNX2892.jpg,0.9129787087440491,1473.1746826171875,405.40765380859375,927.9635009765625,1190.631591796875,3776,2124,927,1190
HLC20-H3,2022,202203301651,BM,1,/Volumes/Seagate Portable Drive/KYLE_AI_DATABASE/A_CAMERA/Focal_species/Gulo gulo/HLC20-H3/BM/2022/COLOR/Robust marks/03.30-16.51/RCNX2893.JPG,RCNX2893.JPG,HLC20-H3_2022_202203301651_RCNX2893.jpg,0.9648829102516174,1477.822509765625,452.58294677734375,891.131591796875,1013.8773803710938,3776,2124,891,1013
HLC20-H3,2022,202203301651,BM,1,/Volumes/Seagate Portable Drive/KYLE_AI_DATABASE/A_CAMERA/Focal_species/Gulo gulo/HLC20-H3/BM/2022/COLOR/Robust marks/03.30-16.51/RCNX2894.JPG,RCNX2894.JPG,HLC20-H3_2022_202203301651_RCNX2894.jpg,0.9284130930900574,1508.8017578125,353.9697265625,688.007568359375,1291.3802490234375,3776,2124,688,1291
HLC20-H3,2022,202203301651,BM,1,/Volumes/Seagate Portable Drive/KYLE_AI_DATABASE/A_CAMERA/Focal_species/Gulo gulo/HLC20-H3/BM/2022/COLOR/Robust marks/03.30-16.51/RCNX2895.JPG,RCNX2895.JPG,HLC20-H3_2022_202203301651_RCNX2895.jpg,0.9337031841278076,1478.8726806640625,554.6671752929688,628.8778076171875,1206.828369140625,3776,2124,628,1206
HLC20-H3,2022,202203301651,BM,1,/Volumes/Seagate Portable Drive/KYLE_AI_DATABASE/A_CAMERA/Focal_species/Gulo gulo/HLC20-H3/BM/2022/COLOR/Robust marks/03.30-16.51/RCNX2896.JPG,RCNX2896.JPG,HLC20-H3_2022_202203301651_RCNX2896.jpg,0.9096242189407349,1493.8443603515625,515.403076171875,692.5650634765625,1184.3753662109375,3776,2124,692,1184
HLC20-H3,2022,202203301651,BM,1,/Volumes/Seagate Portable Drive/KYLE_AI_DATABASE/A_CAMERA/Focal_species/Gulo gulo/HLC20-H3/BM/2022/COLOR/Robust marks/03.30-16.51/RCNX2897.JPG,RCNX2897.JPG,HLC20-H3_2022_202203301651_RCNX2897.jpg,0.9246006608009338,1487.1131591796875,564.4888305664062,684.3272705078125,1200.5478515625,3776,2124,684,1200
HLC20-H3,2022,202203301651,BM,1,/Volumes/Seagate Portable Drive/KYLE_AI_DATABASE/A_CAMERA/Focal_species/Gulo gulo/HLC20-H3/BM/2022/COLOR/Robust marks/03.30-16.51/RCNX2899.JPG,RCNX2899.JPG,HLC20-H3_2022_202203301651_RCNX2899.jpg,0.8677186965942383,1483.7928466796875,703.2648315429688,755.5303955078125,1144.920166015625,3776,2124,755,1144
HLC20-H3,2022,202203301651,BM,1,/Volumes/Seagate Portable Drive/KYLE_AI_DATABASE/A_CAMERA/Focal_species/Gulo gulo/HLC20-H3/BM/2022/COLOR/Robust marks/03.30-16.51/RCNX2901.JPG,RCNX2901.JPG,HLC20-H3_2022_202203301651_RCNX2901.jpg,0.9186474680900574,1455.4326171875,535.3635864257812,646.073974609375,1317.70849609375,3776,2124,646,1317
HLC20-H3,2022,202203301651,BM,1,/Volumes/Seagate Portable Drive/KYLE_AI_DATABASE/A_CAMERA/Focal_species/Gulo gulo/HLC20-H3/BM/2022/COLOR/Robust marks/03.30-16.51/RCNX2902.JPG,RCNX2902.JPG,HLC20-H3_2022_202203301651_RCNX2902.jpg,0.9169747829437256,1495.794677734375,489.13885498046875,697.362548828125,1199.09130859375,3776,2124,697,1199
HLC20-H3,2022,202203301651,BM,1,/Volumes/Seagate Portable Drive/KYLE_AI_DATABASE/A_CAMERA/Focal_species/Gulo gulo/HLC20-H3/BM/2022/COLOR/Robust marks/03.30-16.51/RCNX2903.JPG,RCNX2903.JPG,HLC20-H3_2022_202203301651_RCNX2903.jpg,0.9558240175247192,1483.0283203125,619.2259521484375,686.53369140625,1131.5716552734375,3776,2124,686,1131
HLC20-H3,2022,202203301651,BM,1,/Volumes/Seagate Portable Drive/KYLE_AI_DATABASE/A_CAMERA/Focal_species/Gulo gulo/HLC20-H3/BM/2022/COLOR/Robust marks/03.30-16.51/RCNX2904.JPG,RCNX2904.JPG,HLC20-H3_2022_202203301651_RCNX2904.jpg,0.9405723214149475,1465.7841796875,923.5365600585938,673.528564453125,981.1902465820312,3776,2124,673,981
HLC20-H3,2022,202203301651,BM,1,/Volumes/Seagate Portable Drive/KYLE_AI_DATABASE/A_CAMERA/Focal_species/Gulo gulo/HLC20-H3/BM/2022/COLOR/Robust marks/03.30-16.51/RCNX2905.JPG,RCNX2905.JPG,HLC20-H3_2022_202203301651_RCNX2905.jpg,0.9047108292579651,1472.623779296875,908.5721435546875,656.584716796875,1031.8724365234375,3776,2124,656,1031
HLC20-H3,2022,202203301651,BM,1,/Volumes/Seagate Portable Drive/KYLE_AI_DATABASE/A_CAMERA/Focal_species/Gulo gulo/HLC20-H3/BM/2022/COLOR/Robust marks/03.30-16.51/RCNX2906.JPG,RCNX2906.JPG,HLC20-H3_2022_202203301651_RCNX2906.jpg,0.96510910987854,812.910888671875,1306.4124755859375,975.9935302734375,776.7061767578125,3776,2124,975,776
HLC20-H3,2022,202203301651,BM,1,/Volumes/Seagate Portable Drive/KYLE_AI_DATABASE/A_CAMERA/Focal_species/Gulo gulo/HLC20-H3/BM/2022/COLOR/Robust marks/03.30-16.51/RCNX2907.JPG,RCNX2907.JPG,HLC20-H3_2022_202203301651_RCNX2907.jpg,0.9377809166908264,56.95821762084961,1892.7611083984375,709.3762817382812,193.7156982421875,3776,2124,709,193
HLC20-H3,2022,202203301651,BM,1,/Volumes/Seagate Portable Drive/KYLE_AI_DATABASE/A_CAMERA/Focal_species/Gulo gulo/HLC20-H3/BM/2022/COLOR/Robust marks/03.30-16.51/RCNX2911.JPG,RCNX2911.JPG,HLC20-H3_2022_202203301651_RCNX2911.jpg,0.9281125664710999,1479.2677001953125,472.5389099121094,762.5606689453125,1197.19189453125,3776,2124,762,1197
HLC20-H3,2022,202203301651,BM,1,/Volumes/Seagate Portable Drive/KYLE_AI_DATABASE/A_CAMERA/Focal_species/Gulo gulo/HLC20-H3/BM/2022/COLOR/Robust marks/03.30-16.51/RCNX2912.JPG,RCNX2912.JPG,HLC20-H3_2022_202203301651_RCNX2912.jpg,0.9293941855430603,1486.379150390625,443.4623107910156,797.861328125,1112.7813720703125,3776,2124,797,1112
HLC20-H3,2022,202203301651,BM,1,/Volumes/Seagate Portable Drive/KYLE_AI_DATABASE/A_CAMERA/Focal_species/Gulo gulo/HLC20-H3/BM/2022/COLOR/Robust marks/03.30-16.51/RCNX2913.JPG,RCNX2913.JPG,HLC20-H3_2022_202203301651_RCNX2913.jpg,0.9286505579948425,1482.5537109375,476.3628845214844,775.23779296875,1064.4500732421875,3776,2124,775,1064
HLC20-H3,2022,202203301651,BM,1,/Volumes/Seagate Portable Drive/KYLE_AI_DATABASE/A_CAMERA/Focal_species/Gulo gulo/HLC20-H3/BM/2022/COLOR/Robust marks/03.30-16.51/RCNX2914.JPG,RCNX2914.JPG,HLC20-H3_2022_202203301651_RCNX2914.jpg,0.9277989864349365,1476.0166015625,300.0766906738281,739.228759765625,1247.3787841796875,3776,2124,739,1247
HLC20-H3,2022,202203301651,BM,1,/Volumes/Seagate Portable Drive/KYLE_AI_DATABASE/A_CAMERA/Focal_species/Gulo gulo/HLC20-H3/BM/2022/COLOR/Robust marks/03.30-16.51/RCNX2915.JPG,RCNX2915.JPG,HLC20-H3_2022_202203301651_RCNX2915.jpg,0.9471436738967896,1476.4305419921875,481.74786376953125,773.1190185546875,1207.03955078125,3776,2124,773,1207
HLC20-H3,2022,202203301651,BM,1,/Volumes/Seagate Portable Drive/KYLE_AI_DATABASE/A_CAMERA/Focal_species/Gulo gulo/HLC20-H3/BM/2022/COLOR/Robust marks/03.30-16.51/RCNX2916.JPG,RCNX2916.JPG,HLC20-H3_2022_202203301651_RCNX2916.jpg,0.9294230341911316,1482.6884765625,520.3179321289062,778.248046875,1187.078857421875,3776,2124,778,1187
HLC20-H3,2022,202203301651,BM,1,/Volumes/Seagate Portable Drive/KYLE_AI_DATABASE/A_CAMERA/Focal_species/Gulo gulo/HLC20-H3/BM/2022/COLOR/Robust marks/03.30-16.51/RCNX2917.JPG,RCNX2917.JPG,HLC20-H3_2022_202203301651_RCNX2917.jpg,0.8927573561668396,1510.69091796875,430.4848937988281,763.022216796875,1179.9267578125,3776,2124,763,1179
HLC20-H3,2022,202203301651,BM,1,/Volumes/Seagate Portable Drive/KYLE_AI_DATABASE/A_CAMERA/Focal_species/Gulo gulo/HLC20-H3/BM/2022/COLOR/Robust marks/03.30-16.51/RCNX2918.JPG,RCNX2918.JPG,HLC20-H3_2022_202203301651_RCNX2918.jpg,0.9284859895706177,1485.17529296875,493.5828552246094,770.88525390625,1154.755126953125,3776,2124,770,1154
HLC20-H3,2022,202203301651,BM,1,/Volumes/Seagate Portable Drive/KYLE_AI_DATABASE/A_CAMERA/Focal_species/Gulo gulo/HLC20-H3/BM/2022/COLOR/Robust marks/03.30-16.51/RCNX2919.JPG,RCNX2919.JPG,HLC20-H3_2022_202203301651_RCNX2919.jpg,0.9300654530525208,1487.209716796875,528.9620361328125,750.595947265625,1148.5390625,3776,2124,750,1148
HLC20-H3,2022,202203301651,BM,1,/Volumes/Seagate Portable Drive/KYLE_AI_DATABASE/A_CAMERA/Focal_species/Gulo gulo/HLC20-H3/BM/2022/COLOR/Robust marks/03.30-16.51/RCNX2920.JPG,RCNX2920.JPG,HLC20-H3_2022_202203301651_RCNX2920.jpg,0.9136285781860352,1507.6683349609375,594.0066528320312,746.1175537109375,1121.879150390625,3776,2124,746,1121
HLC20-H3,2022,202203301651,BM,1,/Volumes/Seagate Portable Drive/KYLE_AI_DATABASE/A_CAMERA/Focal_species/Gulo gulo/HLC20-H3/BM/2022/COLOR/Robust marks/03.30-16.51/RCNX2921.JPG,RCNX2921.JPG,HLC20-H3_2022_202203301651_RCNX2921.jpg,0.9504689574241638,1473.46240234375,380.8543701171875,684.5712890625,1221.5242919921875,3776,2124,684,1221
HLC20-H3,2022,202203301651,BM,1,/Volumes/Seagate Portable Drive/KYLE_AI_DATABASE/A_CAMERA/Focal_species/Gulo gulo/HLC20-H3/BM/2022/COLOR/Robust marks/03.30-16.51/RCNX2922.JPG,RCNX2922.JPG,HLC20-H3_2022_202203301651_RCNX2922.jpg,0.8779019117355347,1474.2802734375,506.168701171875,670.211181640625,1125.791259765625,3776,2124,670,1125
HLC20-H3,2022,202203301651,BM,1,/Volumes/Seagate Portable Drive/KYLE_AI_DATABASE/A_CAMERA/Focal_species/Gulo gulo/HLC20-H3/BM/2022/COLOR/Robust marks/03.30-16.51/RCNX2923.JPG,RCNX2923.JPG,HLC20-H3_2022_202203301651_RCNX2923.jpg,0.9408629536628723,1473.113525390625,456.1478576660156,677.13623046875,1296.4576416015625,3776,2124,677,1296
HLC20-H3,2022,202203301651,BM,1,/Volumes/Seagate Portable Drive/KYLE_AI_DATABASE/A_CAMERA/Focal_species/Gulo gulo/HLC20-H3/BM/2022/COLOR/Robust marks/03.30-16.51/RCNX2924.JPG,RCNX2924.JPG,HLC20-H3_2022_202203301651_RCNX2924.jpg,0.9069232940673828,1464.93017578125,426.37969970703125,681.245361328125,1311.34228515625,3776,2124,681,1311
HLC20-H3,2022,202203301651,BM,1,/Volumes/Seagate Portable Drive/KYLE_AI_DATABASE/A_CAMERA/Focal_species/Gulo gulo/HLC20-H3/BM/2022/COLOR/Robust marks/03.30-16.51/RCNX2925.JPG,RCNX2925.JPG,HLC20-H3_2022_202203301651_RCNX2925.jpg,0.9240953922271729,1475.2113037109375,465.85992431640625,655.1307373046875,1303.622314453125,3776,2124,655,1303
HLC20-H3,2022,202203301651,BM,1,/Volumes/Seagate Portable Drive/KYLE_AI_DATABASE/A_CAMERA/Focal_species/Gulo gulo/HLC20-H3/BM/2022/COLOR/Robust marks/03.30-16.51/RCNX2926.JPG,RCNX2926.JPG,HLC20-H3_2022_202203301651_RCNX2926.jpg,0.9068373441696167,1453.132080078125,432.8920593261719,679.369140625,1291.786376953125,3776,2124,679,1291
HLC20-H3,2022,202203301651,BM,1,/Volumes/Seagate Portable Drive/KYLE_AI_DATABASE/A_CAMERA/Focal_species/Gulo gulo/HLC20-H3/BM/2022/COLOR/Robust marks/03.30-16.51/RCNX2927.JPG,RCNX2927.JPG,HLC20-H3_2022_202203301651_RCNX2927.jpg,0.9256827235221863,1482.8245849609375,387.2997741699219,655.8807373046875,1218.218994140625,3776,2124,655,1218
HLC20-H3,2022,202203301651,BM,1,/Volumes/Seagate Portable Drive/KYLE_AI_DATABASE/A_CAMERA/Focal_species/Gulo gulo/HLC20-H3/BM/2022/COLOR/Robust marks/03.30-16.51/RCNX2928.JPG,RCNX2928.JPG,HLC20-H3_2022_202203301651_RCNX2928.jpg,0.8345192074775696,1473.3125,324.50628662109375,635.242431640625,1250.841552734375,3776,2124,635,1250
HLC20-H3,2022,202203301651,BM,1,/Volumes/Seagate Portable Drive/KYLE_AI_DATABASE/A_CAMERA/Focal_species/Gulo gulo/HLC20-H3/BM/2022/COLOR/Robust marks/03.30-16.51/RCNX2929.JPG,RCNX2929.JPG,HLC20-H3_2022_202203301651_RCNX2929.jpg,0.8776809573173523,1444.08203125,216.42713928222656,669.72802734375,1292.2261962890625,3776,2124,669,1292
HLC20-H3,2022,202203301651,BM,1,/Volumes/Seagate Portable Drive/KYLE_AI_DATABASE/A_CAMERA/Focal_species/Gulo gulo/HLC20-H3/BM/2022/COLOR/Robust marks/03.30-16.51/RCNX2930.JPG,RCNX2930.JPG,HLC20-H3_2022_202203301651_RCNX2930.jpg,0.9669511914253235,1470.0308837890625,33.40278244018555,1068.9468994140625,1408.7291259765625,3776,2124,1068,1408
HLC20-H3,2022,202203301651,BM,1,/Volumes/Seagate Portable Drive/KYLE_AI_DATABASE/A_CAMERA/Focal_species/Gulo gulo/HLC20-H3/BM/2022/COLOR/Robust marks/03.30-16.51/RCNX2931.JPG,RCNX2931.JPG,HLC20-H3_2022_202203301651_RCNX2931.jpg,0.9283217787742615,1424.867919921875,354.0558166503906,569.41259765625,1136.902099609375,3776,2124,569,1136
HLC20-H3,2022,202203301651,BM,1,/Volumes/Seagate Portable Drive/KYLE_AI_DATABASE/A_CAMERA/Focal_species/Gulo gulo/HLC20-H3/BM/2022/COLOR/Robust marks/03.30-16.51/RCNX2932.JPG,RCNX2932.JPG,HLC20-H3_2022_202203301651_RCNX2932.jpg,0.9147974252700806,1448.24365234375,266.0035400390625,584.1175537109375,1273.37109375,3776,2124,584,1273
HLC20-H3,2022,202203301651,BM,1,/Volumes/Seagate Portable Drive/KYLE_AI_DATABASE/A_CAMERA/Focal_species/Gulo gulo/HLC20-H3/BM/2022/COLOR/Robust marks/03.30-16.51/RCNX2933.JPG,RCNX2933.JPG,HLC20-H3_2022_202203301651_RCNX2933.jpg,0.8671548366546631,1427.99365234375,35.705326080322266,777.8447265625,1465.4385986328125,3776,2124,777,1465
HLC20-H3,2022,202203301651,BM,1,/Volumes/Seagate Portable Drive/KYLE_AI_DATABASE/A_CAMERA/Focal_species/Gulo gulo/HLC20-H3/BM/2022/COLOR/Robust marks/03.30-16.51/RCNX2934.JPG,RCNX2934.JPG,HLC20-H3_2022_202203301651_RCNX2934.jpg,0.8920843601226807,1472.062255859375,34.87432098388672,752.782470703125,1426.4290771484375,3776,2124,752,1426
HLC20-H3,2022,202203301651,BM,1,/Volumes/Seagate Portable Drive/KYLE_AI_DATABASE/A_CAMERA/Focal_species/Gulo gulo/HLC20-H3/BM/2022/COLOR/Robust marks/03.30-16.51/RCNX2935.JPG,RCNX2935.JPG,HLC20-H3_2022_202203301651_RCNX2935.jpg,0.8904430866241455,1475.552734375,393.57171630859375,534.1048583984375,1060.425537109375,3776,2124,534,1060
HLC20-H3,2022,202203301651,BM,1,/Volumes/Seagate Portable Drive/KYLE_AI_DATABASE/A_CAMERA/Focal_species/Gulo gulo/HLC20-H3/BM/2022/COLOR/Robust marks/03.30-16.51/RCNX2936.JPG,RCNX2936.JPG,HLC20-H3_2022_202203301651_RCNX2936.jpg,0.9280575513839722,1508.1871337890625,348.4783020019531,762.4544677734375,1156.4671630859375,3776,2124,762,1156
HLC20-H3,2022,202203301651,BM,1,/Volumes/Seagate Portable Drive/KYLE_AI_DATABASE/A_CAMERA/Focal_species/Gulo gulo/HLC20-H3/BM/2022/COLOR/Robust marks/03.30-16.51/RCNX2937.JPG,RCNX2937.JPG,HLC20-H3_2022_202203301651_RCNX2937.jpg,0.9212074279785156,1504.8140869140625,477.8617858886719,650.7696533203125,1024.4912109375,3776,2124,650,1024
HLC20-H3,2022,202203301651,BM,1,/Volumes/Seagate Portable Drive/KYLE_AI_DATABASE/A_CAMERA/Focal_species/Gulo gulo/HLC20-H3/BM/2022/COLOR/Robust marks/03.30-16.51/RCNX2938.JPG,RCNX2938.JPG,HLC20-H3_2022_202203301651_RCNX2938.jpg,0.9283696413040161,1505.61279296875,409.58795166015625,664.259521484375,1097.646240234375,3776,2124,664,1097
HLC20-H3,2022,202203301651,BM,1,/Volumes/Seagate Portable Drive/KYLE_AI_DATABASE/A_CAMERA/Focal_species/Gulo gulo/HLC20-H3/BM/2022/COLOR/Robust marks/03.30-16.51/RCNX2939.JPG,RCNX2939.JPG,HLC20-H3_2022_202203301651_RCNX2939.jpg,0.9232556819915771,1502.6790771484375,448.4109191894531,645.2535400390625,1060.455810546875,3776,2124,645,1060
HLC20-H3,2022,202203301651,BM,1,/Volumes/Seagate Portable Drive/KYLE_AI_DATABASE/A_CAMERA/Focal_species/Gulo gulo/HLC20-H3/BM/2022/COLOR/Robust marks/03.30-16.51/RCNX2940.JPG,RCNX2940.JPG,HLC20-H3_2022_202203301651_RCNX2940.jpg,0.9255056381225586,1483.1461181640625,348.6702880859375,669.0877685546875,1141.6766357421875,3776,2124,669,1141
HLC20-H3,2022,202203301651,BM,1,/Volumes/Seagate Portable Drive/KYLE_AI_DATABASE/A_CAMERA/Focal_species/Gulo gulo/HLC20-H3/BM/2022/COLOR/Robust marks/03.30-16.51/RCNX2941.JPG,RCNX2941.JPG,HLC20-H3_2022_202203301651_RCNX2941.jpg,0.9628868699073792,1384.2821044921875,332.269287109375,760.5191650390625,1117.2379150390625,3776,2124,760,1117
HLC20-H3,2022,202203301651,BM,1,/Volumes/Seagate Portable Drive/KYLE_AI_DATABASE/A_CAMERA/Focal_species/Gulo gulo/HLC20-H3/BM/2022/COLOR/Robust marks/03.30-16.51/RCNX2942.JPG,RCNX2942.JPG,HLC20-H3_2022_202203301651_RCNX2942.jpg,0.9525883197784424,1481.361572265625,407.2929992675781,665.304931640625,1106.54443359375,3776,2124,665,1106
HLC20-H3,2022,202203301651,BM,1,/Volumes/Seagate Portable Drive/KYLE_AI_DATABASE/A_CAMERA/Focal_species/Gulo gulo/HLC20-H3/BM/2022/COLOR/Robust marks/03.30-16.51/RCNX2943.JPG,RCNX2943.JPG,HLC20-H3_2022_202203301651_RCNX2943.jpg,0.9403610229492188,1477.7598876953125,357.3023376464844,669.7850341796875,1168.9407958984375,3776,2124,669,1168
HLC20-H3,2022,202203301651,BM,1,/Volumes/Seagate Portable Drive/KYLE_AI_DATABASE/A_CAMERA/Focal_species/Gulo gulo/HLC20-H3/BM/2022/COLOR/Robust marks/03.30-16.51/RCNX2944.JPG,RCNX2944.JPG,HLC20-H3_2022_202203301651_RCNX2944.jpg,0.9296673536300659,1490.585205078125,375.322998046875,655.7275390625,1164.1246337890625,3776,2124,655,1164
HLC20-H3,2022,202203301651,BM,1,/Volumes/Seagate Portable Drive/KYLE_AI_DATABASE/A_CAMERA/Focal_species/Gulo gulo/HLC20-H3/BM/2022/COLOR/Robust marks/03.30-16.51/RCNX2945.JPG,RCNX2945.JPG,HLC20-H3_2022_202203301651_RCNX2945.jpg,0.9411688446998596,1480.180419921875,376.3057556152344,677.65869140625,1137.2691650390625,3776,2124,677,1137
HLC20-H3,2022,202203301651,BM,1,/Volumes/Seagate Portable Drive/KYLE_AI_DATABASE/A_CAMERA/Focal_species/Gulo gulo/HLC20-H3/BM/2022/COLOR/Robust marks/03.30-16.51/RCNX2946.JPG,RCNX2946.JPG,HLC20-H3_2022_202203301651_RCNX2946.jpg,0.9075658917427063,1427.875732421875,335.5693359375,723.838134765625,1178.3714599609375,3776,2124,723,1178
HLC20-H3,2022,202203301651,BM,1,/Volumes/Seagate Portable Drive/KYLE_AI_DATABASE/A_CAMERA/Focal_species/Gulo gulo/HLC20-H3/BM/2022/COLOR/Robust marks/03.30-16.51/RCNX2947.JPG,RCNX2947.JPG,HLC20-H3_2022_202203301651_RCNX2947.jpg,0.9091449975967407,1470.4993896484375,385.2833557128906,670.2410888671875,1157.0516357421875,3776,2124,670,1157
HLC20-H3,2022,202203301651,BM,1,/Volumes/Seagate Portable Drive/KYLE_AI_DATABASE/A_CAMERA/Focal_species/Gulo gulo/HLC20-H3/BM/2022/COLOR/Robust marks/03.30-16.51/RCNX2948.JPG,RCNX2948.JPG,HLC20-H3_2022_202203301651_RCNX2948.jpg,0.92307049036026,1437.356201171875,410.16668701171875,706.070556640625,1118.12841796875,3776,2124,706,1118
HLC20-H3,2022,202203301651,BM,1,/Volumes/Seagate Portable Drive/KYLE_AI_DATABASE/A_CAMERA/Focal_species/Gulo gulo/HLC20-H3/BM/2022/COLOR/Robust marks/03.30-16.51/RCNX2949.JPG,RCNX2949.JPG,HLC20-H3_2022_202203301651_RCNX2949.jpg,0.8958979845046997,1460.8369140625,539.6703491210938,669.607177734375,1098.989013671875,3776,2124,669,1098
HLC20-H3,2022,202203301651,BM,1,/Volumes/Seagate Portable Drive/KYLE_AI_DATABASE/A_CAMERA/Focal_species/Gulo gulo/HLC20-H3/BM/2022/COLOR/Robust marks/03.30-16.51/RCNX2950.JPG,RCNX2950.JPG,HLC20-H3_2022_202203301651_RCNX2950.jpg,0.9075819253921509,1502.0552978515625,576.5525512695312,671.0159912109375,1071.137451171875,3776,2124,671,1071
HLC20-H3,2022,202203301651,BM,1,/Volumes/Seagate Portable Drive/KYLE_AI_DATABASE/A_CAMERA/Focal_species/Gulo gulo/HLC20-H3/BM/2022/COLOR/Robust marks/03.30-16.51/RCNX2951.JPG,RCNX2951.JPG,HLC20-H3_2022_202203301651_RCNX2951.jpg,0.9382014274597168,1453.8482666015625,400.1462707519531,642.2750244140625,1272.227783203125,3776,2124,642,1272
HLC20-H3,2022,202203301651,BM,1,/Volumes/Seagate Portable Drive/KYLE_AI_DATABASE/A_CAMERA/Focal_species/Gulo gulo/HLC20-H3/BM/2022/COLOR/Robust marks/03.30-16.51/RCNX2952.JPG,RCNX2952.JPG,HLC20-H3_2022_202203301651_RCNX2952.jpg,0.9144014120101929,1472.5447998046875,407.6627197265625,626.4832763671875,1326.1187744140625,3776,2124,626,1326
HLC20-H3,2022,202203301651,BM,1,/Volumes/Seagate Portable Drive/KYLE_AI_DATABASE/A_CAMERA/Focal_species/Gulo gulo/HLC20-H3/BM/2022/COLOR/Robust marks/03.30-16.51/RCNX2953.JPG,RCNX2953.JPG,HLC20-H3_2022_202203301651_RCNX2953.jpg,0.9080480933189392,1422.017822265625,458.7972106933594,692.147705078125,1258.6177978515625,3776,2124,692,1258
HLC20-H3,2022,202203301651,BM,1,/Volumes/Seagate Portable Drive/KYLE_AI_DATABASE/A_CAMERA/Focal_species/Gulo gulo/HLC20-H3/BM/2022/COLOR/Robust marks/03.30-16.51/RCNX2954.JPG,RCNX2954.JPG,HLC20-H3_2022_202203301651_RCNX2954.jpg,0.8749127984046936,1442.9237060546875,464.8223571777344,666.6575927734375,1197.487060546875,3776,2124,666,1197
HLC20-H3,2022,202203301651,BM,1,/Volumes/Seagate Portable Drive/KYLE_AI_DATABASE/A_CAMERA/Focal_species/Gulo gulo/HLC20-H3/BM/2022/COLOR/Robust marks/03.30-16.51/RCNX2955.JPG,RCNX2955.JPG,HLC20-H3_2022_202203301651_RCNX2955.jpg,0.8977997303009033,1468.1064453125,391.619384765625,647.763427734375,1199.44140625,3776,2124,647,1199
HLC20-H3,2022,202203301651,BM,1,/Volumes/Seagate Portable Drive/KYLE_AI_DATABASE/A_CAMERA/Focal_species/Gulo gulo/HLC20-H3/BM/2022/COLOR/Robust marks/03.30-16.51/RCNX2956.JPG,RCNX2956.JPG,HLC20-H3_2022_202203301651_RCNX2956.jpg,0.8932565450668335,1415.53369140625,377.5922546386719,680.981201171875,1291.3814697265625,3776,2124,680,1291
HLC20-H3,2022,202203301651,BM,1,/Volumes/Seagate Portable Drive/KYLE_AI_DATABASE/A_CAMERA/Focal_species/Gulo gulo/HLC20-H3/BM/2022/COLOR/Robust marks/03.30-16.51/RCNX2957.JPG,RCNX2957.JPG,HLC20-H3_2022_202203301651_RCNX2957.jpg,0.9026495218276978,1473.0574951171875,430.1268005371094,636.4647216796875,1312.585693359375,3776,2124,636,1312
HLC20-H3,2022,202203301651,BM,1,/Volumes/Seagate Portable Drive/KYLE_AI_DATABASE/A_CAMERA/Focal_species/Gulo gulo/HLC20-H3/BM/2022/COLOR/Robust marks/03.30-16.51/RCNX2958.JPG,RCNX2958.JPG,HLC20-H3_2022_202203301651_RCNX2958.jpg,0.9002737998962402,1466.171142578125,487.8549499511719,648.611572265625,1285.2564697265625,3776,2124,648,1285
HLC20-H3,2022,202203301651,BM,1,/Volumes/Seagate Portable Drive/KYLE_AI_DATABASE/A_CAMERA/Focal_species/Gulo gulo/HLC20-H3/BM/2022/COLOR/Robust marks/03.30-16.51/RCNX2959.JPG,RCNX2959.JPG,HLC20-H3_2022_202203301651_RCNX2959.jpg,0.895194947719574,1463.22607421875,438.8046875,652.689697265625,1337.287353515625,3776,2124,652,1337
HLC20-H3,2022,202203301651,BM,1,/Volumes/Seagate Portable Drive/KYLE_AI_DATABASE/A_CAMERA/Focal_species/Gulo gulo/HLC20-H3/BM/2022/COLOR/Robust marks/03.30-16.51/RCNX2960.JPG,RCNX2960.JPG,HLC20-H3_2022_202203301651_RCNX2960.jpg,0.9262937903404236,1466.86083984375,454.5943908691406,649.430908203125,1321.6136474609375,3776,2124,649,1321
HLC20-H3,2022,202203301651,BM,1,/Volumes/Seagate Portable Drive/KYLE_AI_DATABASE/A_CAMERA/Focal_species/Gulo gulo/HLC20-H3/BM/2022/COLOR/Robust marks/03.30-16.51/RCNX2961.JPG,RCNX2961.JPG,HLC20-H3_2022_202203301651_RCNX2961.jpg,0.91962069272995,1379.8743896484375,33.55419921875,785.4888916015625,1469.4061279296875,3776,2124,785,1469
HLC20-H3,2022,202203301651,BM,1,/Volumes/Seagate Portable Drive/KYLE_AI_DATABASE/A_CAMERA/Focal_species/Gulo gulo/HLC20-H3/BM/2022/COLOR/Robust marks/03.30-16.51/RCNX2962.JPG,RCNX2962.JPG,HLC20-H3_2022_202203301651_RCNX2962.jpg,0.8282897472381592,1431.60888671875,179.88909912109375,958.84814453125,1176.56591796875,3776,2124,958,1176
HLC20-H3,2022,202203301651,BM,1,/Volumes/Seagate Portable Drive/KYLE_AI_DATABASE/A_CAMERA/Focal_species/Gulo gulo/HLC20-H3/BM/2022/COLOR/Robust marks/03.30-16.51/RCNX2963.JPG,RCNX2963.JPG,HLC20-H3_2022_202203301651_RCNX2963.jpg,0.8814859390258789,1451.843017578125,143.49368286132812,794.654052734375,1272.8365478515625,3776,2124,794,1272
HLC20-H3,2022,202203301651,BM,1,/Volumes/Seagate Portable Drive/KYLE_AI_DATABASE/A_CAMERA/Focal_species/Gulo gulo/HLC20-H3/BM/2022/COLOR/Robust marks/03.30-16.51/RCNX2965.JPG,RCNX2965.JPG,HLC20-H3_2022_202203301651_RCNX2965.jpg,0.9022068381309509,1422.879638671875,124.28392028808594,782.40087890625,1303.194580078125,3776,2124,782,1303
HLC20-H3,2022,202203301651,BM,1,/Volumes/Seagate Portable Drive/KYLE_AI_DATABASE/A_CAMERA/Focal_species/Gulo gulo/HLC20-H3/BM/2022/COLOR/Robust marks/03.30-16.51/RCNX2967.JPG,RCNX2967.JPG,HLC20-H3_2022_202203301651_RCNX2967.jpg,0.8727707266807556,1484.7431640625,246.63485717773438,492.1707763671875,1210.242431640625,3776,2124,492,1210
HLC20-H3,2022,202203301651,BM,1,/Volumes/Seagate Portable Drive/KYLE_AI_DATABASE/A_CAMERA/Focal_species/Gulo gulo/HLC20-H3/BM/2022/COLOR/Robust marks/03.30-16.51/RCNX2968.JPG,RCNX2968.JPG,HLC20-H3_2022_202203301651_RCNX2968.jpg,0.8186048865318298,1463.3790283203125,122.79301452636719,527.1341552734375,1308.693359375,3776,2124,527,1308
HLC20-H3,2022,202203301651,BM,1,/Volumes/Seagate Portable Drive/KYLE_AI_DATABASE/A_CAMERA/Focal_species/Gulo gulo/HLC20-H3/BM/2022/COLOR/Robust marks/03.30-16.51/RCNX2969.JPG,RCNX2969.JPG,HLC20-H3_2022_202203301651_RCNX2969.jpg,0.939232349395752,1226.34228515625,39.44281768798828,757.9434814453125,1306.89599609375,3776,2124,757,1306
HLC20-H3,2022,202203301651,BM,1,/Volumes/Seagate Portable Drive/KYLE_AI_DATABASE/A_CAMERA/Focal_species/Gulo gulo/HLC20-H3/BM/2022/COLOR/Robust marks/03.30-16.51/RCNX2970.JPG,RCNX2970.JPG,HLC20-H3_2022_202203301651_RCNX2970.jpg,0.8809024691581726,1398.1492919921875,37.20167922973633,1042.5162353515625,1362.4632568359375,3776,2124,1042,1362
HLC20-H3,2022,202203301651,BM,1,/Volumes/Seagate Portable Drive/KYLE_AI_DATABASE/A_CAMERA/Focal_species/Gulo gulo/HLC20-H3/BM/2022/COLOR/Robust marks/03.30-16.51/RCNX2971.JPG,RCNX2971.JPG,HLC20-H3_2022_202203301651_RCNX2971.jpg,0.8964636921882629,1472.1002197265625,332.7807922363281,661.4454345703125,888.0455322265625,3776,2124,661,888
HLC20-H3,2022,202203301651,BM,1,/Volumes/Seagate Portable Drive/KYLE_AI_DATABASE/A_CAMERA/Focal_species/Gulo gulo/HLC20-H3/BM/2022/COLOR/Robust marks/03.30-16.51/RCNX2972.JPG,RCNX2972.JPG,HLC20-H3_2022_202203301651_RCNX2972.jpg,0.9084083437919617,1423.7340087890625,410.1013488769531,735.9390869140625,1017.9188232421875,3776,2124,735,1017
HLC20-H3,2022,202203301651,BM,1,/Volumes/Seagate Portable Drive/KYLE_AI_DATABASE/A_CAMERA/Focal_species/Gulo gulo/HLC20-H3/BM/2022/COLOR/Robust marks/03.30-16.51/RCNX2973.JPG,RCNX2973.JPG,HLC20-H3_2022_202203301651_RCNX2973.jpg,0.8079370260238647,1406.5010986328125,510.4468078613281,768.7452392578125,958.1678466796875,3776,2124,768,958
HLC20-H3,2022,202203301651,BM,1,/Volumes/Seagate Portable Drive/KYLE_AI_DATABASE/A_CAMERA/Focal_species/Gulo gulo/HLC20-H3/BM/2022/COLOR/Robust marks/03.30-16.51/RCNX2974.JPG,RCNX2974.JPG,HLC20-H3_2022_202203301651_RCNX2974.jpg,0.923718273639679,1475.254150390625,452.8512268066406,701.69873046875,1138.6329345703125,3776,2124,701,1138
HLC20-H3,2022,202203301651,BM,1,/Volumes/Seagate Portable Drive/KYLE_AI_DATABASE/A_CAMERA/Focal_species/Gulo gulo/HLC20-H3/BM/2022/COLOR/Robust marks/03.30-16.51/RCNX2975.JPG,RCNX2975.JPG,HLC20-H3_2022_202203301651_RCNX2975.jpg,0.9518113136291504,1538.0750732421875,562.2517700195312,698.6690673828125,994.8361206054688,3776,2124,698,994
HLC20-H3,2022,202203301651,BM,1,/Volumes/Seagate Portable Drive/KYLE_AI_DATABASE/A_CAMERA/Focal_species/Gulo gulo/HLC20-H3/BM/2022/COLOR/Robust marks/03.30-16.51/RCNX2976.JPG,RCNX2976.JPG,HLC20-H3_2022_202203301651_RCNX2976.jpg,0.9287109971046448,1452.2772216796875,494.2142028808594,932.9312744140625,1096.5390625,3776,2124,932,1096
HLC20-H3,2022,202203301651,BM,1,/Volumes/Seagate Portable Drive/KYLE_AI_DATABASE/A_CAMERA/Focal_species/Gulo gulo/HLC20-H3/BM/2022/COLOR/Robust marks/03.30-16.51/RCNX2977.JPG,RCNX2977.JPG,HLC20-H3_2022_202203301651_RCNX2977.jpg,0.9326117634773254,1459.9173583984375,555.0647583007812,862.3851318359375,1013.3150024414062,3776,2124,862,1013
HLC20-H3,2022,202203301651,BM,1,/Volumes/Seagate Portable Drive/KYLE_AI_DATABASE/A_CAMERA/Focal_species/Gulo gulo/HLC20-H3/BM/2022/COLOR/Robust marks/03.30-16.51/RCNX2978.JPG,RCNX2978.JPG,HLC20-H3_2022_202203301651_RCNX2978.jpg,0.9205528497695923,1450.572998046875,587.2115478515625,813.962890625,837.115234375,3776,2124,813,837
HLC20-H3,2022,202203301651,BM,1,/Volumes/Seagate Portable Drive/KYLE_AI_DATABASE/A_CAMERA/Focal_species/Gulo gulo/HLC20-H3/BM/2022/COLOR/Robust marks/03.30-16.51/RCNX2979.JPG,RCNX2979.JPG,HLC20-H3_2022_202203301651_RCNX2979.jpg,0.8872567415237427,1504.9112548828125,836.606201171875,719.4483642578125,704.44921875,3776,2124,719,704
HLC20-H3,2022,202203301651,BM,1,/Volumes/Seagate Portable Drive/KYLE_AI_DATABASE/A_CAMERA/Focal_species/Gulo gulo/HLC20-H3/BM/2022/COLOR/Robust marks/03.30-16.51/RCNX2980.JPG,RCNX2980.JPG,HLC20-H3_2022_202203301651_RCNX2980.jpg,0.9545519351959229,1475.243408203125,703.4896850585938,774.510009765625,1137.188720703125,3776,2124,774,1137
HLC20-H3,2022,202203301651,BM,1,/Volumes/Seagate Portable Drive/KYLE_AI_DATABASE/A_CAMERA/Focal_species/Gulo gulo/HLC20-H3/BM/2022/COLOR/Robust marks/03.30-16.51/RCNX2981.JPG,RCNX2981.JPG,HLC20-H3_2022_202203301651_RCNX2981.jpg,0.9255039691925049,1440.7965087890625,625.3818359375,687.7139892578125,1125.4013671875,3776,2124,687,1125
HLC20-H3,2022,202203301651,BM,1,/Volumes/Seagate Portable Drive/KYLE_AI_DATABASE/A_CAMERA/Focal_species/Gulo gulo/HLC20-H3/BM/2022/COLOR/Robust marks/03.30-16.51/RCNX2982.JPG,RCNX2982.JPG,HLC20-H3_2022_202203301651_RCNX2982.jpg,0.942726731300354,1450.52783203125,642.3517456054688,677.13818359375,1123.408203125,3776,2124,677,1123
HLC20-H3,2022,202203301651,BM,1,/Volumes/Seagate Portable Drive/KYLE_AI_DATABASE/A_CAMERA/Focal_species/Gulo gulo/HLC20-H3/BM/2022/COLOR/Robust marks/03.30-16.51/RCNX2983.JPG,RCNX2983.JPG,HLC20-H3_2022_202203301651_RCNX2983.jpg,0.9354750514030457,1450.8648681640625,644.3076782226562,674.4329833984375,1133.906005859375,3776,2124,674,1133
HLC20-H3,2022,202203301651,BM,1,/Volumes/Seagate Portable Drive/KYLE_AI_DATABASE/A_CAMERA/Focal_species/Gulo gulo/HLC20-H3/BM/2022/COLOR/Robust marks/03.30-16.51/RCNX2984.JPG,RCNX2984.JPG,HLC20-H3_2022_202203301651_RCNX2984.jpg,0.815234899520874,1467.57568359375,682.2608032226562,655.87939453125,1101.05224609375,3776,2124,655,1101
HLC20-H3,2022,202203301651,BM,1,/Volumes/Seagate Portable Drive/KYLE_AI_DATABASE/A_CAMERA/Focal_species/Gulo gulo/HLC20-H3/BM/2022/COLOR/Robust marks/03.30-16.51/RCNX2985.JPG,RCNX2985.JPG,HLC20-H3_2022_202203301651_RCNX2985.jpg,0.9355682730674744,1472.829345703125,661.5852661132812,652.288330078125,1126.9423828125,3776,2124,652,1126
HLC20-H3,2022,202203301651,BM,1,/Volumes/Seagate Portable Drive/KYLE_AI_DATABASE/A_CAMERA/Focal_species/Gulo gulo/HLC20-H3/BM/2022/COLOR/Robust marks/03.30-16.51/RCNX2986.JPG,RCNX2986.JPG,HLC20-H3_2022_202203301651_RCNX2986.jpg,0.9403570294380188,1476.8848876953125,742.958984375,650.2843017578125,1057.408447265625,3776,2124,650,1057
HLC20-H3,2022,202203301651,BM,1,/Volumes/Seagate Portable Drive/KYLE_AI_DATABASE/A_CAMERA/Focal_species/Gulo gulo/HLC20-H3/BM/2022/COLOR/Robust marks/03.30-16.51/RCNX2987.JPG,RCNX2987.JPG,HLC20-H3_2022_202203301651_RCNX2987.jpg,0.9464859962463379,1471.8677978515625,713.151123046875,655.0479736328125,1096.2943115234375,3776,2124,655,1096
HLC20-H3,2022,202203301651,BM,1,/Volumes/Seagate Portable Drive/KYLE_AI_DATABASE/A_CAMERA/Focal_species/Gulo gulo/HLC20-H3/BM/2022/COLOR/Robust marks/03.30-16.51/RCNX2988.JPG,RCNX2988.JPG,HLC20-H3_2022_202203301651_RCNX2988.jpg,0.9333691000938416,1470.0091552734375,644.8507080078125,654.9976806640625,1158.40869140625,3776,2124,654,1158
HLC20-H3,2022,202203301651,BM,1,/Volumes/Seagate Portable Drive/KYLE_AI_DATABASE/A_CAMERA/Focal_species/Gulo gulo/HLC20-H3/BM/2022/COLOR/Robust marks/03.30-16.51/RCNX2989.JPG,RCNX2989.JPG,HLC20-H3_2022_202203301651_RCNX2989.jpg,0.917596161365509,1472.7864990234375,648.6300048828125,647.0926513671875,1162.0537109375,3776,2124,647,1162
HLC20-H3,2022,202203301651,BM,1,/Volumes/Seagate Portable Drive/KYLE_AI_DATABASE/A_CAMERA/Focal_species/Gulo gulo/HLC20-H3/BM/2022/COLOR/Robust marks/03.30-16.51/RCNX2990.JPG,RCNX2990.JPG,HLC20-H3_2022_202203301651_RCNX2990.jpg,0.9189321398735046,1472.1544189453125,639.1549072265625,653.0965576171875,1174.6046142578125,3776,2124,653,1174
HLC20-H3,2022,202203301651,BM,1,/Volumes/Seagate Portable Drive/KYLE_AI_DATABASE/A_CAMERA/Focal_species/Gulo gulo/HLC20-H3/BM/2022/COLOR/Robust marks/03.30-16.51/RCNX2991.JPG,RCNX2991.JPG,HLC20-H3_2022_202203301651_RCNX2991.jpg,0.9737276434898376,2490.50634765625,1696.162109375,913.50830078125,389.08740234375,3776,2124,913,389
HLC20-H3,2022,202203301651,BM,1,/Volumes/Seagate Portable Drive/KYLE_AI_DATABASE/A_CAMERA/Focal_species/Gulo gulo/HLC20-H3/BM/2022/COLOR/Robust marks/03.30-16.51/RCNX2992.JPG,RCNX2992.JPG,HLC20-H3_2022_202203301651_RCNX2992.jpg,0.9742982983589172,2587.8515625,1709.9796142578125,916.918701171875,375.6983642578125,3776,2124,916,375
HLC20-H3,2022,202203301651,BM,1,/Volumes/Seagate Portable Drive/KYLE_AI_DATABASE/A_CAMERA/Focal_species/Gulo gulo/HLC20-H3/BM/2022/COLOR/Robust marks/03.30-16.51/RCNX2993.JPG,RCNX2993.JPG,HLC20-H3_2022_202203301651_RCNX2993.jpg,0.9665026664733887,2689.055419921875,1716.7413330078125,726.192626953125,368.8487548828125,3776,2124,726,368
HLC20-H3,2022,202203301651,BM,1,/Volumes/Seagate Portable Drive/KYLE_AI_DATABASE/A_CAMERA/Focal_species/Gulo gulo/HLC20-H3/BM/2022/COLOR/Robust marks/03.30-16.51/RCNX2994.JPG,RCNX2994.JPG,HLC20-H3_2022_202203301651_RCNX2994.jpg,0.9686652421951294,2749.636962890625,1727.374755859375,680.63623046875,358.095703125,3776,2124,680,358
HLC20-H3,2022,202203301651,BM,1,/Volumes/Seagate Portable Drive/KYLE_AI_DATABASE/A_CAMERA/Focal_species/Gulo gulo/HLC20-H3/BM/2022/COLOR/Robust marks/03.30-16.51/RCNX2995.JPG,RCNX2995.JPG,HLC20-H3_2022_202203301651_RCNX2995.jpg,0.9598340392112732,2829.16943359375,1793.341064453125,636.140625,291.70654296875,3776,2124,636,291
HLC20-H3,2022,202203301651,BM,1,/Volumes/Seagate Portable Drive/KYLE_AI_DATABASE/A_CAMERA/Focal_species/Gulo gulo/HLC20-H3/BM/2022/COLOR/Robust marks/03.30-16.51/RCNX2996.JPG,RCNX2996.JPG,HLC20-H3_2022_202203301651_RCNX2996.jpg,0.9564939737319946,2926.658935546875,1823.97021484375,598.945556640625,260.75537109375,3776,2124,598,260
HLC20-H3,2022,202203301651,BM,1,/Volumes/Seagate Portable Drive/KYLE_AI_DATABASE/A_CAMERA/Focal_species/Gulo gulo/HLC20-H3/BM/2022/COLOR/Robust marks/03.30-16.51/RCNX2997.JPG,RCNX2997.JPG,HLC20-H3_2022_202203301651_RCNX2997.jpg,0.9595090746879578,2906.27978515625,1858.0069580078125,793.702880859375,226.3963623046875,3776,2124,793,226
HLC20-H3,2022,202203301651,BM,1,/Volumes/Seagate Portable Drive/KYLE_AI_DATABASE/A_CAMERA/Focal_species/Gulo gulo/HLC20-H3/BM/2022/COLOR/Robust marks/03.30-16.51/RCNX2998.JPG,RCNX2998.JPG,HLC20-H3_2022_202203301651_RCNX2998.jpg,0.9554668068885803,2905.32666015625,1852.0338134765625,670.41748046875,232.4788818359375,3776,2124,670,232
HLC20-H3,2022,202203301651,BM,1,/Volumes/Seagate Portable Drive/KYLE_AI_DATABASE/A_CAMERA/Focal_species/Gulo gulo/HLC20-H3/BM/2022/COLOR/Robust marks/03.30-16.51/RCNX2999.JPG,RCNX2999.JPG,HLC20-H3_2022_202203301651_RCNX2999.jpg,0.9474550485610962,2992.30859375,1860.9122314453125,555.52880859375,224.0428466796875,3776,2124,555,224
HLC20-H3,2022,202203301651,BM,1,/Volumes/Seagate Portable Drive/KYLE_AI_DATABASE/A_CAMERA/Focal_species/Gulo gulo/HLC20-H3/BM/2022/COLOR/Robust marks/03.30-16.51/RCNX3000.JPG,RCNX3000.JPG,HLC20-H3_2022_202203301651_RCNX3000.jpg,0.8476642966270447,3238.36669921875,1967.505126953125,370.710205078125,117.404052734375,3776,2124,370,117
HLC20-H3,2022,202203301651,BM,1,/Volumes/Seagate Portable Drive/KYLE_AI_DATABASE/A_CAMERA/Focal_species/Gulo gulo/HLC20-H3/BM/2022/COLOR/Robust marks/03.30-16.51/RCNX3001.JPG,RCNX3001.JPG,HLC20-H3_2022_202203301651_RCNX3001.jpg,0.85302734375,1475.5030517578125,887.75439453125,651.5135498046875,949.5152587890625,3776,2124,651,949
HLC20-H3,2022,202203301651,BM,1,/Volumes/Seagate Portable Drive/KYLE_AI_DATABASE/A_CAMERA/Focal_species/Gulo gulo/HLC20-H3/BM/2022/COLOR/Robust marks/03.30-16.51/RCNX3002.JPG,RCNX3002.JPG,HLC20-H3_2022_202203301651_RCNX3002.jpg,0.8088341355323792,1479.0953369140625,976.187744140625,638.1746826171875,737.28173828125,3776,2124,638,737
HLC20-H3,2022,202203301651,BM,1,/Volumes/Seagate Portable Drive/KYLE_AI_DATABASE/A_CAMERA/Focal_species/Gulo gulo/HLC20-H3/BM/2022/COLOR/Robust marks/03.30-16.51/RCNX3004.JPG,RCNX3004.JPG,HLC20-H3_2022_202203301651_RCNX3004.jpg,0.9374906420707703,1480.5699462890625,482.4150695800781,845.8995361328125,1115.3648681640625,3776,2124,845,1115
HLC20-H3,2022,202203301651,BM,1,/Volumes/Seagate Portable Drive/KYLE_AI_DATABASE/A_CAMERA/Focal_species/Gulo gulo/HLC20-H3/BM/2022/COLOR/Robust marks/03.30-16.51/RCNX3005.JPG,RCNX3005.JPG,HLC20-H3_2022_202203301651_RCNX3005.jpg,0.8834933042526245,1476.88671875,481.5981750488281,770.83544921875,1129.921142578125,3776,2124,770,1129
HLC20-H3,2022,202203301651,BM,1,/Volumes/Seagate Portable Drive/KYLE_AI_DATABASE/A_CAMERA/Focal_species/Gulo gulo/HLC20-H3/BM/2022/COLOR/Robust marks/03.30-16.51/RCNX3006.JPG,RCNX3006.JPG,HLC20-H3_2022_202203301651_RCNX3006.jpg,0.8803882002830505,1478.8485107421875,546.3271484375,706.4407958984375,1062.37353515625,3776,2124,706,1062
HLC20-H3,2022,202203301651,BM,1,/Volumes/Seagate Portable Drive/KYLE_AI_DATABASE/A_CAMERA/Focal_species/Gulo gulo/HLC20-H3/BM/2022/COLOR/Robust marks/03.30-16.51/RCNX3007.JPG,RCNX3007.JPG,HLC20-H3_2022_202203301651_RCNX3007.jpg,0.9192039966583252,1483.4776611328125,488.7473449707031,742.0875244140625,1177.04833984375,3776,2124,742,1177
HLC20-H3,2022,202203301651,BM,1,/Volumes/Seagate Portable Drive/KYLE_AI_DATABASE/A_CAMERA/Focal_species/Gulo gulo/HLC20-H3/BM/2022/COLOR/Robust marks/03.30-16.51/RCNX3008.JPG,RCNX3008.JPG,HLC20-H3_2022_202203301651_RCNX3008.jpg,0.8306781053543091,1480.968994140625,789.60595703125,670.031982421875,953.1529541015625,3776,2124,670,953
HLC20-H3,2022,202203301651,BM,1,/Volumes/Seagate Portable Drive/KYLE_AI_DATABASE/A_CAMERA/Focal_species/Gulo gulo/HLC20-H3/BM/2022/COLOR/Robust marks/03.30-16.51/RCNX3009.JPG,RCNX3009.JPG,HLC20-H3_2022_202203301651_RCNX3009.jpg,0.8938074111938477,1480.1700439453125,504.99566650390625,670.7625732421875,1185.313232421875,3776,2124,670,1185
HLC20-H3,2022,202203301651,BM,1,/Volumes/Seagate Portable Drive/KYLE_AI_DATABASE/A_CAMERA/Focal_species/Gulo gulo/HLC20-H3/BM/2022/COLOR/Robust marks/03.30-16.51/RCNX3010.JPG,RCNX3010.JPG,HLC20-H3_2022_202203301651_RCNX3010.jpg,0.8444552421569824,1483.920654296875,628.0341796875,679.22412109375,1061.673583984375,3776,2124,679,1061
HLC20-H3,2022,202203301651,BM,1,/Volumes/Seagate Portable Drive/KYLE_AI_DATABASE/A_CAMERA/Focal_species/Gulo gulo/HLC20-H3/BM/2022/COLOR/Robust marks/03.30-16.51/RCNX3011.JPG,RCNX3011.JPG,HLC20-H3_2022_202203301651_RCNX3011.jpg,0.8949627876281738,1493.873046875,379.6493225097656,680.7919921875,1321.023193359375,3776,2124,680,1321
HLC20-H3,2022,202203301651,BM,1,/Volumes/Seagate Portable Drive/KYLE_AI_DATABASE/A_CAMERA/Focal_species/Gulo gulo/HLC20-H3/BM/2022/COLOR/Robust marks/03.30-16.51/RCNX3012.JPG,RCNX3012.JPG,HLC20-H3_2022_202203301651_RCNX3012.jpg,0.9090476632118225,1491.07763671875,384.7406005859375,622.784912109375,1231.834228515625,3776,2124,622,1231
HLC20-H3,2022,202203301651,BM,1,/Volumes/Seagate Portable Drive/KYLE_AI_DATABASE/A_CAMERA/Focal_species/Gulo gulo/HLC20-H3/BM/2022/COLOR/Robust marks/03.30-16.51/RCNX3013.JPG,RCNX3013.JPG,HLC20-H3_2022_202203301651_RCNX3013.jpg,0.9270879626274109,1478.4180908203125,616.02734375,653.1260986328125,1067.1895751953125,3776,2124,653,1067
HLC20-H3,2022,202203301651,BM,1,/Volumes/Seagate Portable Drive/KYLE_AI_DATABASE/A_CAMERA/Focal_species/Gulo gulo/HLC20-H3/BM/2022/COLOR/Robust marks/03.30-16.51/RCNX3017.JPG,RCNX3017.JPG,HLC20-H3_2022_202203301651_RCNX3017.jpg,0.8424357771873474,1474.609619140625,677.3008422851562,634.436279296875,1076.9970703125,3776,2124,634,1076
HLC20-H3,2022,202203301651,BM,1,/Volumes/Seagate Portable Drive/KYLE_AI_DATABASE/A_CAMERA/Focal_species/Gulo gulo/HLC20-H3/BM/2022/COLOR/Robust marks/03.30-16.51/RCNX3020.JPG,RCNX3020.JPG,HLC20-H3_2022_202203301651_RCNX3020.jpg,0.909401535987854,1480.40966796875,471.35797119140625,645.22314453125,1123.79736328125,3776,2124,645,1123
HLC20-H3,2022,202203301651,BM,1,/Volumes/Seagate Portable Drive/KYLE_AI_DATABASE/A_CAMERA/Focal_species/Gulo gulo/HLC20-H3/BM/2022/COLOR/Robust marks/03.30-16.51/RCNX3027.JPG,RCNX3027.JPG,HLC20-H3_2022_202203301651_RCNX3027.jpg,0.9095977544784546,1519.1668701171875,376.6390075683594,584.8704833984375,1222.040771484375,3776,2124,584,1222
HLC20-H3,2022,202203301651,BM,1,/Volumes/Seagate Portable Drive/KYLE_AI_DATABASE/A_CAMERA/Focal_species/Gulo gulo/HLC20-H3/BM/2022/COLOR/Robust marks/03.30-16.51/RCNX3030.JPG,RCNX3030.JPG,HLC20-H3_2022_202203301651_RCNX3030.jpg,0.9491959810256958,1394.3037109375,247.1675262451172,731.45703125,1363.4622802734375,3776,2124,731,1363
HLC20-H3,2022,202203301651,BM,1,/Volumes/Seagate Portable Drive/KYLE_AI_DATABASE/A_CAMERA/Focal_species/Gulo gulo/HLC20-H3/BM/2022/COLOR/Robust marks/03.30-16.51/RCNX3031.JPG,RCNX3031.JPG,HLC20-H3_2022_202203301651_RCNX3031.jpg,0.8875280618667603,1480.9794921875,271.96478271484375,628.589111328125,1323.77880859375,3776,2124,628,1323
HLC20-H3,2022,202203301651,BM,1,/Volumes/Seagate Portable Drive/KYLE_AI_DATABASE/A_CAMERA/Focal_species/Gulo gulo/HLC20-H3/BM/2022/COLOR/Robust marks/03.30-16.51/RCNX3032.JPG,RCNX3032.JPG,HLC20-H3_2022_202203301651_RCNX3032.jpg,0.8872970938682556,1476.26220703125,235.916748046875,648.85400390625,1364.9959716796875,3776,2124,648,1364
HLC20-H3,2022,202203301651,BM,1,/Volumes/Seagate Portable Drive/KYLE_AI_DATABASE/A_CAMERA/Focal_species/Gulo gulo/HLC20-H3/BM/2022/COLOR/Robust marks/03.30-16.51/RCNX3033.JPG,RCNX3033.JPG,HLC20-H3_2022_202203301651_RCNX3033.jpg,0.8770438432693481,1471.451171875,228.40701293945312,642.9921875,1326.0712890625,3776,2124,642,1326
HLC20-H3,2022,202203301651,BM,1,/Volumes/Seagate Portable Drive/KYLE_AI_DATABASE/A_CAMERA/Focal_species/Gulo gulo/HLC20-H3/BM/2022/COLOR/Robust marks/03.30-16.51/RCNX3034.JPG,RCNX3034.JPG,HLC20-H3_2022_202203301651_RCNX3034.jpg,0.9054557085037231,1474.139892578125,236.04017639160156,703.49365234375,1299.255126953125,3776,2124,703,1299
HLC20-H3,2022,202203301651,BM,1,/Volumes/Seagate Portable Drive/KYLE_AI_DATABASE/A_CAMERA/Focal_species/Gulo gulo/HLC20-H3/BM/2022/COLOR/Robust marks/03.30-16.51/RCNX3035.JPG,RCNX3035.JPG,HLC20-H3_2022_202203301651_RCNX3035.jpg,0.9239499568939209,1475.9488525390625,245.0972900390625,646.0870361328125,1284.722900390625,3776,2124,646,1284
HLC20-H3,2022,202203301651,BM,1,/Volumes/Seagate Portable Drive/KYLE_AI_DATABASE/A_CAMERA/Focal_species/Gulo gulo/HLC20-H3/BM/2022/COLOR/Robust marks/03.30-16.51/RCNX3036.JPG,RCNX3036.JPG,HLC20-H3_2022_202203301651_RCNX3036.jpg,0.9021574258804321,1473.7857666015625,242.3019561767578,649.6409912109375,1332.4979248046875,3776,2124,649,1332
HLC20-H3,2022,202203301651,BM,1,/Volumes/Seagate Portable Drive/KYLE_AI_DATABASE/A_CAMERA/Focal_species/Gulo gulo/HLC20-H3/BM/2022/COLOR/Robust marks/03.30-16.51/RCNX3037.JPG,RCNX3037.JPG,HLC20-H3_2022_202203301651_RCNX3037.jpg,0.9164921045303345,1459.523681640625,222.5390167236328,643.087890625,1372.113037109375,3776,2124,643,1372
HLC20-H3,2022,202203301651,BM,1,/Volumes/Seagate Portable Drive/KYLE_AI_DATABASE/A_CAMERA/Focal_species/Gulo gulo/HLC20-H3/BM/2022/COLOR/Robust marks/03.30-16.51/RCNX3038.JPG,RCNX3038.JPG,HLC20-H3_2022_202203301651_RCNX3038.jpg,0.9071147441864014,1476.1890869140625,279.54510498046875,633.8809814453125,1285.794677734375,3776,2124,633,1285
HLC20-H3,2022,202203301651,BM,1,/Volumes/Seagate Portable Drive/KYLE_AI_DATABASE/A_CAMERA/Focal_species/Gulo gulo/HLC20-H3/BM/2022/COLOR/Robust marks/03.30-16.51/RCNX3039.JPG,RCNX3039.JPG,HLC20-H3_2022_202203301651_RCNX3039.jpg,0.910993754863739,1476.350830078125,261.53082275390625,637.908935546875,1302.802490234375,3776,2124,637,1302
HLC20-H3,2022,202203301651,BM,1,/Volumes/Seagate Portable Drive/KYLE_AI_DATABASE/A_CAMERA/Focal_species/Gulo gulo/HLC20-H3/BM/2022/COLOR/Robust marks/03.30-16.51/RCNX3040.JPG,RCNX3040.JPG,HLC20-H3_2022_202203301651_RCNX3040.jpg,0.8965948820114136,1477.4735107421875,324.5538330078125,647.8934326171875,1244.71435546875,3776,2124,647,1244
HLC20-H3,2022,202203301651,BM,1,/Volumes/Seagate Portable Drive/KYLE_AI_DATABASE/A_CAMERA/Focal_species/Gulo gulo/HLC20-H3/BM/2022/COLOR/Robust marks/03.30-16.51/RCNX3041.JPG,RCNX3041.JPG,HLC20-H3_2022_202203301651_RCNX3041.jpg,0.9121860265731812,1480.189208984375,351.42449951171875,613.25,1311.084228515625,3776,2124,613,1311
HLC20-H3,2022,202203301651,BM,1,/Volumes/Seagate Portable Drive/KYLE_AI_DATABASE/A_CAMERA/Focal_species/Gulo gulo/HLC20-H3/BM/2022/COLOR/Robust marks/03.30-16.51/RCNX3042.JPG,RCNX3042.JPG,HLC20-H3_2022_202203301651_RCNX3042.jpg,0.9056275486946106,1485.0,317.50579833984375,618.979736328125,1392.496337890625,3776,2124,618,1392
HLC20-H3,2022,202203301651,BM,1,/Volumes/Seagate Portable Drive/KYLE_AI_DATABASE/A_CAMERA/Focal_species/Gulo gulo/HLC20-H3/BM/2022/COLOR/Robust marks/03.30-16.51/RCNX3043.JPG,RCNX3043.JPG,HLC20-H3_2022_202203301651_RCNX3043.jpg,0.8962916731834412,1467.5191650390625,384.1568603515625,628.3472900390625,1301.6884765625,3776,2124,628,1301
HLC20-H3,2022,202203301651,BM,1,/Volumes/Seagate Portable Drive/KYLE_AI_DATABASE/A_CAMERA/Focal_species/Gulo gulo/HLC20-H3/BM/2022/COLOR/Robust marks/03.30-16.51/RCNX3044.JPG,RCNX3044.JPG,HLC20-H3_2022_202203301651_RCNX3044.jpg,0.8937681317329407,1475.459228515625,520.1596069335938,605.34423828125,1118.56591796875,3776,2124,605,1118
HLC20-H3,2022,202203301651,BM,1,/Volumes/Seagate Portable Drive/KYLE_AI_DATABASE/A_CAMERA/Focal_species/Gulo gulo/HLC20-H3/BM/2022/COLOR/Robust marks/03.30-16.51/RCNX3045.JPG,RCNX3045.JPG,HLC20-H3_2022_202203301651_RCNX3045.jpg,0.9302327036857605,1484.1705322265625,370.2318420410156,598.7728271484375,1255.3243408203125,3776,2124,598,1255
HLC20-H3,2022,202203301651,BM,1,/Volumes/Seagate Portable Drive/KYLE_AI_DATABASE/A_CAMERA/Focal_species/Gulo gulo/HLC20-H3/BM/2022/COLOR/Robust marks/03.30-16.51/RCNX3046.JPG,RCNX3046.JPG,HLC20-H3_2022_202203301651_RCNX3046.jpg,0.9096935391426086,1482.1005859375,365.826416015625,617.327392578125,1228.5848388671875,3776,2124,617,1228
HLC20-H3,2022,202203301651,BM,1,/Volumes/Seagate Portable Drive/KYLE_AI_DATABASE/A_CAMERA/Focal_species/Gulo gulo/HLC20-H3/BM/2022/COLOR/Robust marks/03.30-16.51/RCNX3047.JPG,RCNX3047.JPG,HLC20-H3_2022_202203301651_RCNX3047.jpg,0.9242611527442932,1474.6927490234375,440.60455322265625,626.9566650390625,1320.447021484375,3776,2124,626,1320
HLC20-H3,2022,202203301651,BM,1,/Volumes/Seagate Portable Drive/KYLE_AI_DATABASE/A_CAMERA/Focal_species/Gulo gulo/HLC20-H3/BM/2022/COLOR/Robust marks/03.30-16.51/RCNX3048.JPG,RCNX3048.JPG,HLC20-H3_2022_202203301651_RCNX3048.jpg,0.9464232325553894,1464.4195556640625,685.1882934570312,648.7564697265625,1136.8662109375,3776,2124,648,1136
HLC20-H3,2022,202203301651,BM,1,/Volumes/Seagate Portable Drive/KYLE_AI_DATABASE/A_CAMERA/Focal_species/Gulo gulo/HLC20-H3/BM/2022/COLOR/Robust marks/03.30-16.51/RCNX3049.JPG,RCNX3049.JPG,HLC20-H3_2022_202203301651_RCNX3049.jpg,0.928818941116333,1462.7933349609375,680.1205444335938,647.3465576171875,1185.043701171875,3776,2124,647,1185
HLC20-H3,2022,202203301651,BM,1,/Volumes/Seagate Portable Drive/KYLE_AI_DATABASE/A_CAMERA/Focal_species/Gulo gulo/HLC20-H3/BM/2022/COLOR/Robust marks/03.30-16.51/RCNX3050.JPG,RCNX3050.JPG,HLC20-H3_2022_202203301651_RCNX3050.jpg,0.934341549873352,1463.478271484375,678.8506469726562,639.22314453125,1176.580322265625,3776,2124,639,1176
HLC20-H3,2022,202203301651,BM,1,/Volumes/Seagate Portable Drive/KYLE_AI_DATABASE/A_CAMERA/Focal_species/Gulo gulo/HLC20-H3/BM/2022/COLOR/Robust marks/03.30-16.51/RCNX3051.JPG,RCNX3051.JPG,HLC20-H3_2022_202203301651_RCNX3051.jpg,0.9414112567901611,1477.296875,377.6789245605469,644.54296875,1267.3446044921875,3776,2124,644,1267
HLC20-H3,2022,202203301651,BM,1,/Volumes/Seagate Portable Drive/KYLE_AI_DATABASE/A_CAMERA/Focal_species/Gulo gulo/HLC20-H3/BM/2022/COLOR/Robust marks/03.30-16.51/RCNX3052.JPG,RCNX3052.JPG,HLC20-H3_2022_202203301651_RCNX3052.jpg,0.916391134262085,1485.495849609375,380.3314514160156,612.642333984375,1218.791259765625,3776,2124,612,1218
HLC20-H3,2022,202203301651,BM,1,/Volumes/Seagate Portable Drive/KYLE_AI_DATABASE/A_CAMERA/Focal_species/Gulo gulo/HLC20-H3/BM/2022/COLOR/Robust marks/03.30-16.51/RCNX3053.JPG,RCNX3053.JPG,HLC20-H3_2022_202203301651_RCNX3053.jpg,0.9436970353126526,1477.70166015625,414.4757080078125,661.93115234375,1143.0687255859375,3776,2124,661,1143
HLC20-H3,2022,202203301651,BM,1,/Volumes/Seagate Portable Drive/KYLE_AI_DATABASE/A_CAMERA/Focal_species/Gulo gulo/HLC20-H3/BM/2022/COLOR/Robust marks/03.30-16.51/RCNX3054.JPG,RCNX3054.JPG,HLC20-H3_2022_202203301651_RCNX3054.jpg,0.9266551733016968,1479.74755859375,339.1987609863281,632.44140625,1245.9404296875,3776,2124,632,1245
HLC20-H3,2022,202203301651,BM,1,/Volumes/Seagate Portable Drive/KYLE_AI_DATABASE/A_CAMERA/Focal_species/Gulo gulo/HLC20-H3/BM/2022/COLOR/Robust marks/03.30-16.51/RCNX3055.JPG,RCNX3055.JPG,HLC20-H3_2022_202203301651_RCNX3055.jpg,0.9138924479484558,1473.185302734375,186.05117797851562,702.253662109375,1330.33056640625,3776,2124,702,1330
HLC20-H3,2022,202203301651,BM,1,/Volumes/Seagate Portable Drive/KYLE_AI_DATABASE/A_CAMERA/Focal_species/Gulo gulo/HLC20-H3/BM/2022/COLOR/Robust marks/03.30-16.51/RCNX3056.JPG,RCNX3056.JPG,HLC20-H3_2022_202203301651_RCNX3056.jpg,0.8942505121231079,1474.113037109375,224.0723419189453,836.2490234375,1341.9287109375,3776,2124,836,1341
HLC20-H3,2022,202203301651,BM,1,/Volumes/Seagate Portable Drive/KYLE_AI_DATABASE/A_CAMERA/Focal_species/Gulo gulo/HLC20-H3/BM/2022/COLOR/Robust marks/03.30-16.51/RCNX3059.JPG,RCNX3059.JPG,HLC20-H3_2022_202203301651_RCNX3059.jpg,0.954307496547699,1328.1151123046875,590.5444946289062,782.5692138671875,1185.880615234375,3776,2124,782,1185
HLC20-H3,2022,202203301651,BM,1,/Volumes/Seagate Portable Drive/KYLE_AI_DATABASE/A_CAMERA/Focal_species/Gulo gulo/HLC20-H3/BM/2022/COLOR/Robust marks/03.30-16.51/RCNX3060.JPG,RCNX3060.JPG,HLC20-H3_2022_202203301651_RCNX3060.jpg,0.9146638512611389,1421.035400390625,558.56201171875,691.936279296875,1252.206298828125,3776,2124,691,1252
HLC20-H3,2022,202203301651,BM,1,/Volumes/Seagate Portable Drive/KYLE_AI_DATABASE/A_CAMERA/Focal_species/Gulo gulo/HLC20-H3/BM/2022/COLOR/Robust marks/03.30-16.51/RCNX3061.JPG,RCNX3061.JPG,HLC20-H3_2022_202203301651_RCNX3061.jpg,0.9301288723945618,1486.36083984375,377.03021240234375,627.34228515625,1287.637451171875,3776,2124,627,1287
HLC20-H3,2022,202203301651,BM,1,/Volumes/Seagate Portable Drive/KYLE_AI_DATABASE/A_CAMERA/Focal_species/Gulo gulo/HLC20-H3/BM/2022/COLOR/Robust marks/03.30-16.51/RCNX3062.JPG,RCNX3062.JPG,HLC20-H3_2022_202203301651_RCNX3062.jpg,0.9221054315567017,1472.0223388671875,300.2901916503906,617.4217529296875,1396.3880615234375,3776,2124,617,1396
HLC20-H3,2022,202203301651,BM,1,/Volumes/Seagate Portable Drive/KYLE_AI_DATABASE/A_CAMERA/Focal_species/Gulo gulo/HLC20-H3/BM/2022/COLOR/Robust marks/03.30-16.51/RCNX3063.JPG,RCNX3063.JPG,HLC20-H3_2022_202203301651_RCNX3063.jpg,0.89494389295578,1479.1846923828125,380.5029296875,608.6607666015625,1303.3367919921875,3776,2124,608,1303
HLC20-H3,2022,202203301651,BM,1,/Volumes/Seagate Portable Drive/KYLE_AI_DATABASE/A_CAMERA/Focal_species/Gulo gulo/HLC20-H3/BM/2022/COLOR/Robust marks/03.30-16.51/RCNX3064.JPG,RCNX3064.JPG,HLC20-H3_2022_202203301651_RCNX3064.jpg,0.909310519695282,1481.1083984375,371.66748046875,612.270263671875,1354.858154296875,3776,2124,612,1354
HLC20-H3,2022,202203301651,BM,1,/Volumes/Seagate Portable Drive/KYLE_AI_DATABASE/A_CAMERA/Focal_species/Gulo gulo/HLC20-H3/BM/2022/COLOR/Robust marks/03.30-16.51/RCNX3065.JPG,RCNX3065.JPG,HLC20-H3_2022_202203301651_RCNX3065.jpg,0.90976881980896,1485.9754638671875,381.88861083984375,628.2274169921875,1248.479248046875,3776,2124,628,1248
HLC20-H3,2022,202203301651,BM,1,/Volumes/Seagate Portable Drive/KYLE_AI_DATABASE/A_CAMERA/Focal_species/Gulo gulo/HLC20-H3/BM/2022/COLOR/Robust marks/03.30-16.51/RCNX3066.JPG,RCNX3066.JPG,HLC20-H3_2022_202203301651_RCNX3066.jpg,0.9175524711608887,1494.6456298828125,372.9321594238281,608.9493408203125,1283.27783203125,3776,2124,608,1283
HLC20-H3,2022,202203301651,BM,1,/Volumes/Seagate Portable Drive/KYLE_AI_DATABASE/A_CAMERA/Focal_species/Gulo gulo/HLC20-H3/BM/2022/COLOR/Robust marks/03.30-16.51/RCNX3067.JPG,RCNX3067.JPG,HLC20-H3_2022_202203301651_RCNX3067.jpg,0.9117889404296875,1475.9888916015625,341.0992736816406,636.1778564453125,1297.20947265625,3776,2124,636,1297
HLC20-H3,2022,202203301651,BM,1,/Volumes/Seagate Portable Drive/KYLE_AI_DATABASE/A_CAMERA/Focal_species/Gulo gulo/HLC20-H3/BM/2022/COLOR/Robust marks/03.30-16.51/RCNX3068.JPG,RCNX3068.JPG,HLC20-H3_2022_202203301651_RCNX3068.jpg,0.9157028198242188,1496.931640625,396.34429931640625,607.0263671875,1207.0205078125,3776,2124,607,1207
HLC20-H3,2022,202203301651,BM,1,/Volumes/Seagate Portable Drive/KYLE_AI_DATABASE/A_CAMERA/Focal_species/Gulo gulo/HLC20-H3/BM/2022/COLOR/Robust marks/03.30-16.51/RCNX3069.JPG,RCNX3069.JPG,HLC20-H3_2022_202203301651_RCNX3069.jpg,0.9090065360069275,1479.781494140625,379.9731140136719,611.981689453125,1283.3143310546875,3776,2124,611,1283
HLC20-H3,2022,202203301651,BM,1,/Volumes/Seagate Portable Drive/KYLE_AI_DATABASE/A_CAMERA/Focal_species/Gulo gulo/HLC20-H3/BM/2022/COLOR/Robust marks/03.30-16.51/RCNX3070.JPG,RCNX3070.JPG,HLC20-H3_2022_202203301651_RCNX3070.jpg,0.9216136932373047,1480.46826171875,348.5001525878906,619.51318359375,1347.2841796875,3776,2124,619,1347
HLC20-H3,2022,202203301651,BM,1,/Volumes/Seagate Portable Drive/KYLE_AI_DATABASE/A_CAMERA/Focal_species/Gulo gulo/HLC20-H3/BM/2022/COLOR/Robust marks/03.30-16.51/RCNX3071.JPG,RCNX3071.JPG,HLC20-H3_2022_202203301651_RCNX3071.jpg,0.916997492313385,1473.868408203125,391.71478271484375,636.84326171875,1410.416259765625,3776,2124,636,1410
HLC20-H3,2022,202203301651,BM,1,/Volumes/Seagate Portable Drive/KYLE_AI_DATABASE/A_CAMERA/Focal_species/Gulo gulo/HLC20-H3/BM/2022/COLOR/Robust marks/03.30-16.51/RCNX3072.JPG,RCNX3072.JPG,HLC20-H3_2022_202203301651_RCNX3072.jpg,0.9230417609214783,1465.55615234375,406.3919677734375,650.035888671875,1386.460205078125,3776,2124,650,1386
HLC20-H3,2022,202203301651,BM,1,/Volumes/Seagate Portable Drive/KYLE_AI_DATABASE/A_CAMERA/Focal_species/Gulo gulo/HLC20-H3/BM/2022/COLOR/Robust marks/03.30-16.51/RCNX3073.JPG,RCNX3073.JPG,HLC20-H3_2022_202203301651_RCNX3073.jpg,0.9186105132102966,1483.3975830078125,401.8517150878906,633.9207763671875,1236.6785888671875,3776,2124,633,1236
HLC20-H3,2022,202203301651,BM,1,/Volumes/Seagate Portable Drive/KYLE_AI_DATABASE/A_CAMERA/Focal_species/Gulo gulo/HLC20-H3/BM/2022/COLOR/Robust marks/03.30-16.51/RCNX3074.JPG,RCNX3074.JPG,HLC20-H3_2022_202203301651_RCNX3074.jpg,0.9158315658569336,1484.56884765625,313.2334289550781,600.478271484375,1371.32421875,3776,2124,600,1371
HLC20-H3,2022,202203301651,BM,1,/Volumes/Seagate Portable Drive/KYLE_AI_DATABASE/A_CAMERA/Focal_species/Gulo gulo/HLC20-H3/BM/2022/COLOR/Robust marks/03.30-16.51/RCNX3075.JPG,RCNX3075.JPG,HLC20-H3_2022_202203301651_RCNX3075.jpg,0.9298706650733948,1486.328369140625,386.82110595703125,601.0966796875,1278.1953125,3776,2124,601,1278
HLC20-H3,2022,202203301651,BM,1,/Volumes/Seagate Portable Drive/KYLE_AI_DATABASE/A_CAMERA/Focal_species/Gulo gulo/HLC20-H3/BM/2022/COLOR/Robust marks/03.30-16.51/RCNX3076.JPG,RCNX3076.JPG,HLC20-H3_2022_202203301651_RCNX3076.jpg,0.9298896789550781,1475.5865478515625,312.0355224609375,629.8402099609375,1440.490234375,3776,2124,629,1440
HLC20-H3,2022,202203301651,BM,1,/Volumes/Seagate Portable Drive/KYLE_AI_DATABASE/A_CAMERA/Focal_species/Gulo gulo/HLC20-H3/BM/2022/COLOR/Robust marks/03.30-16.51/RCNX3077.JPG,RCNX3077.JPG,HLC20-H3_2022_202203301651_RCNX3077.jpg,0.909928560256958,1468.622314453125,355.2252197265625,623.84228515625,1340.241943359375,3776,2124,623,1340
HLC20-H3,2022,202203301651,BM,1,/Volumes/Seagate Portable Drive/KYLE_AI_DATABASE/A_CAMERA/Focal_species/Gulo gulo/HLC20-H3/BM/2022/COLOR/Robust marks/03.30-16.51/RCNX3078.JPG,RCNX3078.JPG,HLC20-H3_2022_202203301651_RCNX3078.jpg,0.9049667119979858,1480.4195556640625,373.893310546875,609.0623779296875,1267.39306640625,3776,2124,609,1267
HLC20-H3,2022,202203301651,BM,1,/Volumes/Seagate Portable Drive/KYLE_AI_DATABASE/A_CAMERA/Focal_species/Gulo gulo/HLC20-H3/BM/2022/COLOR/Robust marks/03.30-16.51/RCNX3079.JPG,RCNX3079.JPG,HLC20-H3_2022_202203301651_RCNX3079.jpg,0.9185364842414856,1480.7279052734375,401.5773010253906,622.4583740234375,1306.190673828125,3776,2124,622,1306
HLC20-H3,2022,202203301651,BM,1,/Volumes/Seagate Portable Drive/KYLE_AI_DATABASE/A_CAMERA/Focal_species/Gulo gulo/HLC20-H3/BM/2022/COLOR/Robust marks/03.30-16.51/RCNX3080.JPG,RCNX3080.JPG,HLC20-H3_2022_202203301651_RCNX3080.jpg,0.9088574647903442,1467.8763427734375,418.8804626464844,645.3016357421875,1306.9381103515625,3776,2124,645,1306
HLC20-H3,2022,202203301651,BM,1,/Volumes/Seagate Portable Drive/KYLE_AI_DATABASE/A_CAMERA/Focal_species/Gulo gulo/HLC20-H3/BM/2022/COLOR/Robust marks/03.30-16.51/RCNX3081.JPG,RCNX3081.JPG,HLC20-H3_2022_202203301651_RCNX3081.jpg,0.922912061214447,1478.584228515625,398.9534606933594,614.940673828125,1200.12255859375,3776,2124,614,1200
HLC20-H3,2022,202203301651,BM,1,/Volumes/Seagate Portable Drive/KYLE_AI_DATABASE/A_CAMERA/Focal_species/Gulo gulo/HLC20-H3/BM/2022/COLOR/Robust marks/03.30-16.51/RCNX3082.JPG,RCNX3082.JPG,HLC20-H3_2022_202203301651_RCNX3082.jpg,0.9165552854537964,1486.3095703125,382.0241394042969,614.373046875,1299.517822265625,3776,2124,614,1299
HLC20-H3,2022,202203301651,BM,1,/Volumes/Seagate Portable Drive/KYLE_AI_DATABASE/A_CAMERA/Focal_species/Gulo gulo/HLC20-H3/BM/2022/COLOR/Robust marks/03.30-16.51/RCNX3083.JPG,RCNX3083.JPG,HLC20-H3_2022_202203301651_RCNX3083.jpg,0.9131500124931335,1477.64013671875,408.45062255859375,633.7822265625,1275.70703125,3776,2124,633,1275
HLC20-H3,2022,202203301651,BM,1,/Volumes/Seagate Portable Drive/KYLE_AI_DATABASE/A_CAMERA/Focal_species/Gulo gulo/HLC20-H3/BM/2022/COLOR/Robust marks/03.30-16.51/RCNX3084.JPG,RCNX3084.JPG,HLC20-H3_2022_202203301651_RCNX3084.jpg,0.8832612633705139,1492.0382080078125,378.0200500488281,681.9835205078125,1336.2113037109375,3776,2124,681,1336
HLC20-H3,2022,202203301651,BM,1,/Volumes/Seagate Portable Drive/KYLE_AI_DATABASE/A_CAMERA/Focal_species/Gulo gulo/HLC20-H3/BM/2022/COLOR/Robust marks/03.30-16.51/RCNX3085.JPG,RCNX3085.JPG,HLC20-H3_2022_202203301651_RCNX3085.jpg,0.9178891181945801,1502.00732421875,376.99945068359375,612.503662109375,1272.426513671875,3776,2124,612,1272
HLC20-H3,2022,202203301651,BM,1,/Volumes/Seagate Portable Drive/KYLE_AI_DATABASE/A_CAMERA/Focal_species/Gulo gulo/HLC20-H3/BM/2022/COLOR/Robust marks/03.30-16.51/RCNX3086.JPG,RCNX3086.JPG,HLC20-H3_2022_202203301651_RCNX3086.jpg,0.9248679876327515,1486.1324462890625,328.657958984375,626.0543212890625,1336.6307373046875,3776,2124,626,1336
HLC20-H3,2022,202203301651,BM,1,/Volumes/Seagate Portable Drive/KYLE_AI_DATABASE/A_CAMERA/Focal_species/Gulo gulo/HLC20-H3/BM/2022/COLOR/Robust marks/03.30-16.51/RCNX3087.JPG,RCNX3087.JPG,HLC20-H3_2022_202203301651_RCNX3087.jpg,0.9154706597328186,1486.69287109375,376.55419921875,628.435546875,1293.2635498046875,3776,2124,628,1293
HLC20-H3,2022,202203301651,BM,1,/Volumes/Seagate Portable Drive/KYLE_AI_DATABASE/A_CAMERA/Focal_species/Gulo gulo/HLC20-H3/BM/2022/COLOR/Robust marks/03.30-16.51/RCNX3088.JPG,RCNX3088.JPG,HLC20-H3_2022_202203301651_RCNX3088.jpg,0.9083452224731445,1476.4459228515625,373.7271423339844,632.8775634765625,1308.297119140625,3776,2124,632,1308
HLC20-H3,2022,202203301651,BM,1,/Volumes/Seagate Portable Drive/KYLE_AI_DATABASE/A_CAMERA/Focal_species/Gulo gulo/HLC20-H3/BM/2022/COLOR/Robust marks/03.30-16.51/RCNX3089.JPG,RCNX3089.JPG,HLC20-H3_2022_202203301651_RCNX3089.jpg,0.8985285758972168,1485.176513671875,399.2613525390625,613.262939453125,1259.1142578125,3776,2124,613,1259
HLC20-H3,2022,202203301651,BM,1,/Volumes/Seagate Portable Drive/KYLE_AI_DATABASE/A_CAMERA/Focal_species/Gulo gulo/HLC20-H3/BM/2022/COLOR/Robust marks/03.30-16.51/RCNX3090.JPG,RCNX3090.JPG,HLC20-H3_2022_202203301651_RCNX3090.jpg,0.9201364517211914,1463.343017578125,221.05545043945312,674.611572265625,1342.692138671875,3776,2124,674,1342
HLC20-H3,2022,202203301651,BM,1,/Volumes/Seagate Portable Drive/KYLE_AI_DATABASE/A_CAMERA/Focal_species/Gulo gulo/HLC20-H3/BM/2022/COLOR/Robust marks/03.30-16.51/RCNX3091.JPG,RCNX3091.JPG,HLC20-H3_2022_202203301651_RCNX3091.jpg,0.9295006990432739,1483.4100341796875,397.45819091796875,618.1102294921875,1329.88037109375,3776,2124,618,1329
HLC20-H3,2022,202203301651,BM,1,/Volumes/Seagate Portable Drive/KYLE_AI_DATABASE/A_CAMERA/Focal_species/Gulo gulo/HLC20-H3/BM/2022/COLOR/Robust marks/03.30-16.51/RCNX3092.JPG,RCNX3092.JPG,HLC20-H3_2022_202203301651_RCNX3092.jpg,0.9455721974372864,1467.7286376953125,684.0355224609375,644.8204345703125,1177.471923828125,3776,2124,644,1177
HLC20-H3,2022,202203301651,BM,1,/Volumes/Seagate Portable Drive/KYLE_AI_DATABASE/A_CAMERA/Focal_species/Gulo gulo/HLC20-H3/BM/2022/COLOR/Robust marks/03.30-16.51/RCNX3093.JPG,RCNX3093.JPG,HLC20-H3_2022_202203301651_RCNX3093.jpg,0.942633330821991,1466.5428466796875,664.1861572265625,648.3060302734375,1204.91845703125,3776,2124,648,1204
HLC20-H3,2022,202203301651,BM,1,/Volumes/Seagate Portable Drive/KYLE_AI_DATABASE/A_CAMERA/Focal_species/Gulo gulo/HLC20-H3/BM/2022/COLOR/Robust marks/03.30-16.51/RCNX3094.JPG,RCNX3094.JPG,HLC20-H3_2022_202203301651_RCNX3094.jpg,0.9363161325454712,1469.16162109375,677.1007080078125,644.642333984375,1183.892333984375,3776,2124,644,1183
HLC20-H3,2022,202203301651,BM,1,/Volumes/Seagate Portable Drive/KYLE_AI_DATABASE/A_CAMERA/Focal_species/Gulo gulo/HLC20-H3/BM/2022/COLOR/Robust marks/03.30-16.51/RCNX3095.JPG,RCNX3095.JPG,HLC20-H3_2022_202203301651_RCNX3095.jpg,0.9445751905441284,1466.4002685546875,686.345703125,653.4061279296875,1176.3729248046875,3776,2124,653,1176
HLC20-H3,2022,202203301651,BM,1,/Volumes/Seagate Portable Drive/KYLE_AI_DATABASE/A_CAMERA/Focal_species/Gulo gulo/HLC20-H3/BM/2022/COLOR/Robust marks/03.30-16.51/RCNX3096.JPG,RCNX3096.JPG,HLC20-H3_2022_202203301651_RCNX3096.jpg,0.9428971409797668,1463.561767578125,696.6766967773438,653.22314453125,1189.98583984375,3776,2124,653,1189
HLC20-H3,2022,202203301651,BM,1,/Volumes/Seagate Portable Drive/KYLE_AI_DATABASE/A_CAMERA/Focal_species/Gulo gulo/HLC20-H3/BM/2022/COLOR/Robust marks/03.30-16.51/RCNX3097.JPG,RCNX3097.JPG,HLC20-H3_2022_202203301651_RCNX3097.jpg,0.8951704502105713,1464.0556640625,706.234619140625,656.9755859375,1174.8092041015625,3776,2124,656,1174
HLC20-H3,2022,202203301651,BM,1,/Volumes/Seagate Portable Drive/KYLE_AI_DATABASE/A_CAMERA/Focal_species/Gulo gulo/HLC20-H3/BM/2022/COLOR/Robust marks/03.30-16.51/RCNX3098.JPG,RCNX3098.JPG,HLC20-H3_2022_202203301651_RCNX3098.jpg,0.9114537239074707,1463.3465576171875,714.7965698242188,654.4307861328125,1176.2607421875,3776,2124,654,1176
HLC20-H3,2022,202203301651,BM,1,/Volumes/Seagate Portable Drive/KYLE_AI_DATABASE/A_CAMERA/Focal_species/Gulo gulo/HLC20-H3/BM/2022/COLOR/Robust marks/03.30-16.51/RCNX3099.JPG,RCNX3099.JPG,HLC20-H3_2022_202203301651_RCNX3099.jpg,0.9431763887405396,1484.8504638671875,496.1014404296875,722.2313232421875,1207.1583251953125,3776,2124,722,1207
HLC20-H3,2022,202203301651,BM,1,/Volumes/Seagate Portable Drive/KYLE_AI_DATABASE/A_CAMERA/Focal_species/Gulo gulo/HLC20-H3/BM/2022/COLOR/Robust marks/03.30-16.51/RCNX3100.JPG,RCNX3100.JPG,HLC20-H3_2022_202203301651_RCNX3100.jpg,0.879682719707489,1486.175048828125,419.6641845703125,874.92724609375,1115.8653564453125,3776,2124,874,1115
HLC20-H3,2022,202203301651,BM,1,/Volumes/Seagate Portable Drive/KYLE_AI_DATABASE/A_CAMERA/Focal_species/Gulo gulo/HLC20-H3/BM/2022/COLOR/Robust marks/03.30-16.51/RCNX3102.JPG,RCNX3102.JPG,HLC20-H3_2022_202203301651_RCNX3102.jpg,0.9002870917320251,1479.3326416015625,495.3638000488281,641.6781005859375,1135.7542724609375,3776,2124,641,1135
HLC20-H3,2022,202203301651,BM,1,/Volumes/Seagate Portable Drive/KYLE_AI_DATABASE/A_CAMERA/Focal_species/Gulo gulo/HLC20-H3/BM/2022/COLOR/Robust marks/03.30-16.51/RCNX3103.JPG,RCNX3103.JPG,HLC20-H3_2022_202203301651_RCNX3103.jpg,0.9080703854560852,1480.0135498046875,436.803955078125,632.0487060546875,1322.7283935546875,3776,2124,632,1322
HLC20-H3,2022,202203301651,BM,1,/Volumes/Seagate Portable Drive/KYLE_AI_DATABASE/A_CAMERA/Focal_species/Gulo gulo/HLC20-H3/BM/2022/COLOR/Robust marks/03.30-16.51/RCNX3104.JPG,RCNX3104.JPG,HLC20-H3_2022_202203301651_RCNX3104.jpg,0.9191471934318542,1469.177001953125,547.9086303710938,643.30419921875,1228.884521484375,3776,2124,643,1228
HLC20-H3,2022,202203301651,BM,1,/Volumes/Seagate Portable Drive/KYLE_AI_DATABASE/A_CAMERA/Focal_species/Gulo gulo/HLC20-H3/BM/2022/COLOR/Robust marks/03.30-16.51/RCNX3105.JPG,RCNX3105.JPG,HLC20-H3_2022_202203301651_RCNX3105.jpg,0.9153977632522583,1478.43603515625,379.89105224609375,859.884033203125,1240.074462890625,3776,2124,859,1240
HLC20-H3,2022,202203301651,BM,1,/Volumes/Seagate Portable Drive/KYLE_AI_DATABASE/A_CAMERA/Focal_species/Gulo gulo/HLC20-H3/BM/2022/COLOR/Robust marks/03.30-16.51/RCNX3106.JPG,RCNX3106.JPG,HLC20-H3_2022_202203301651_RCNX3106.jpg,0.8946978449821472,1676.6007080078125,277.710205078125,717.1409912109375,1221.9757080078125,3776,2124,717,1221
HLC20-H3,2022,202203301651,BM,1,/Volumes/Seagate Portable Drive/KYLE_AI_DATABASE/A_CAMERA/Focal_species/Gulo gulo/HLC20-H3/BM/2022/COLOR/Robust marks/03.30-16.51/RCNX3107.JPG,RCNX3107.JPG,HLC20-H3_2022_202203301651_RCNX3107.jpg,0.9602524638175964,1649.4925537109375,407.8649597167969,861.6214599609375,1091.1246337890625,3776,2124,861,1091
HLC20-H3,2022,202203301651,BM,1,/Volumes/Seagate Portable Drive/KYLE_AI_DATABASE/A_CAMERA/Focal_species/Gulo gulo/HLC20-H3/BM/2022/COLOR/Robust marks/03.30-16.51/RCNX3108.JPG,RCNX3108.JPG,HLC20-H3_2022_202203301651_RCNX3108.jpg,0.8565283417701721,1644.9775390625,397.2877197265625,770.6337890625,1114.0458984375,3776,2124,770,1114
HLC20-H3,2022,202203301651,BM,1,/Volumes/Seagate Portable Drive/KYLE_AI_DATABASE/A_CAMERA/Focal_species/Gulo gulo/HLC20-H3/BM/2022/COLOR/Robust marks/03.30-16.51/RCNX3109.JPG,RCNX3109.JPG,HLC20-H3_2022_202203301651_RCNX3109.jpg,0.9197104573249817,1649.5985107421875,314.5640563964844,690.1895751953125,1245.246337890625,3776,2124,690,1245
HLC20-H3,2022,202203301651,BM,1,/Volumes/Seagate Portable Drive/KYLE_AI_DATABASE/A_CAMERA/Focal_species/Gulo gulo/HLC20-H3/BM/2022/COLOR/Robust marks/03.30-16.51/RCNX3110.JPG,RCNX3110.JPG,HLC20-H3_2022_202203301651_RCNX3110.jpg,0.9284675717353821,1650.16796875,310.2876892089844,690.347412109375,1251.7679443359375,3776,2124,690,1251
HLC20-H3,2022,202203301651,BM,1,/Volumes/Seagate Portable Drive/KYLE_AI_DATABASE/A_CAMERA/Focal_species/Gulo gulo/HLC20-H3/BM/2022/COLOR/Robust marks/03.30-16.51/RCNX3111.JPG,RCNX3111.JPG,HLC20-H3_2022_202203301651_RCNX3111.jpg,0.9266770482063293,1493.765625,571.8076782226562,622.80224609375,1123.428466796875,3776,2124,622,1123
HLC20-H3,2022,202203301651,BM,1,/Volumes/Seagate Portable Drive/KYLE_AI_DATABASE/A_CAMERA/Focal_species/Gulo gulo/HLC20-H3/BM/2022/COLOR/Robust marks/03.30-16.51/RCNX3112.JPG,RCNX3112.JPG,HLC20-H3_2022_202203301651_RCNX3112.jpg,0.8909735083580017,100.50789642333984,2010.4359130859375,304.2589111328125,75.5570068359375,3776,2124,304,75
