id,year,ymdh,station,color,original_path,original_filename,crop_filename,confidence,bbox_x,bbox_y,bbox_width,bbox_height,image_width,image_height,crop_width,crop_height
HFW12-F7,2016,201602280420,DM,0,/Volumes/Seagate Portable Drive/KYLE_AI_DATABASE/A_CAMERA/Focal_species/Gulo gulo/HFW12-F7/DM/2016/B&W/Robust marks/02.28-04.20/IMG_0461.JPG,IMG_0461.JPG,HFW12-F7_2016_201602280420_IMG_0461.jpg,0.9490000605583191,-0.010711669921875,1214.9361572265625,433.9527587890625,289.1942138671875,2048,1536,433,289
HFW12-F7,2016,201602280420,DM,0,/Volumes/Seagate Portable Drive/KYLE_AI_DATABASE/A_CAMERA/Focal_species/Gulo gulo/HFW12-F7/DM/2016/B&W/Robust marks/02.28-04.20/IMG_0471.JPG,IMG_0471.JPG,HFW12-F7_2016_201602280420_IMG_0471.jpg,0.8852943181991577,525.9226684570312,600.069091796875,613.6845092773438,901.0335693359375,2048,1536,613,901
HFW12-F7,2016,201602280420,DM,0,/Volumes/Seagate Portable Drive/KYLE_AI_DATABASE/A_CAMERA/Focal_species/Gulo gulo/HFW12-F7/DM/2016/B&W/Robust marks/02.28-04.20/IMG_0475.JPG,IMG_0475.JPG,HFW12-F7_2016_201602280420_IMG_0475.jpg,0.8320892453193665,464.1392822265625,268.42083740234375,453.24658203125,1043.978515625,2048,1536,453,1043
HFW12-F7,2016,201602280420,DM,0,/Volumes/Seagate Portable Drive/KYLE_AI_DATABASE/A_CAMERA/Focal_species/Gulo gulo/HFW12-F7/DM/2016/B&W/Robust marks/02.28-04.20/IMG_0476.JPG,IMG_0476.JPG,HFW12-F7_2016_201602280420_IMG_0476.jpg,0.8751769661903381,470.0133972167969,210.8185272216797,442.5819396972656,1080.0191650390625,2048,1536,442,1080
HFW12-F7,2016,201602280420,DM,0,/Volumes/Seagate Portable Drive/KYLE_AI_DATABASE/A_CAMERA/Focal_species/Gulo gulo/HFW12-F7/DM/2016/B&W/Robust marks/02.28-04.20/IMG_0477.JPG,IMG_0477.JPG,HFW12-F7_2016_201602280420_IMG_0477.jpg,0.8889520764350891,459.65869140625,227.82696533203125,426.8907470703125,1067.114990234375,2048,1536,426,1067
HFW12-F7,2016,201602280420,DM,0,/Volumes/Seagate Portable Drive/KYLE_AI_DATABASE/A_CAMERA/Focal_species/Gulo gulo/HFW12-F7/DM/2016/B&W/Robust marks/02.28-04.20/IMG_0478.JPG,IMG_0478.JPG,HFW12-F7_2016_201602280420_IMG_0478.jpg,0.829318106174469,459.9395751953125,273.69720458984375,426.7421875,988.3744506835938,2048,1536,426,988
HFW12-F7,2016,201602280420,DM,0,/Volumes/Seagate Portable Drive/KYLE_AI_DATABASE/A_CAMERA/Focal_species/Gulo gulo/HFW12-F7/DM/2016/B&W/Robust marks/02.28-04.20/IMG_0479.JPG,IMG_0479.JPG,HFW12-F7_2016_201602280420_IMG_0479.jpg,0.8599375486373901,459.9793395996094,243.69882202148438,427.4304504394531,1041.0726318359375,2048,1536,427,1041
HFW12-F7,2016,201602280420,DM,0,/Volumes/Seagate Portable Drive/KYLE_AI_DATABASE/A_CAMERA/Focal_species/Gulo gulo/HFW12-F7/DM/2016/B&W/Robust marks/02.28-04.20/IMG_0480.JPG,IMG_0480.JPG,HFW12-F7_2016_201602280420_IMG_0480.jpg,0.8769741058349609,468.93145751953125,214.8386993408203,449.585693359375,1092.9764404296875,2048,1536,449,1092
HFW12-F7,2016,201602280420,DM,0,/Volumes/Seagate Portable Drive/KYLE_AI_DATABASE/A_CAMERA/Focal_species/Gulo gulo/HFW12-F7/DM/2016/B&W/Robust marks/02.28-04.20/IMG_0481.JPG,IMG_0481.JPG,HFW12-F7_2016_201602280420_IMG_0481.jpg,0.8077765703201294,459.71649169921875,285.36846923828125,428.6619873046875,1031.234130859375,2048,1536,428,1031
HFW12-F7,2016,201602280420,DM,0,/Volumes/Seagate Portable Drive/KYLE_AI_DATABASE/A_CAMERA/Focal_species/Gulo gulo/HFW12-F7/DM/2016/B&W/Robust marks/02.28-04.20/IMG_0483.JPG,IMG_0483.JPG,HFW12-F7_2016_201602280420_IMG_0483.jpg,0.8885149359703064,466.71112060546875,248.37620544433594,415.7603759765625,1053.49560546875,2048,1536,415,1053
HFW12-F7,2016,201602280420,DM,0,/Volumes/Seagate Portable Drive/KYLE_AI_DATABASE/A_CAMERA/Focal_species/Gulo gulo/HFW12-F7/DM/2016/B&W/Robust marks/02.28-04.20/IMG_0484.JPG,IMG_0484.JPG,HFW12-F7_2016_201602280420_IMG_0484.jpg,0.9109969139099121,464.9383850097656,260.62957763671875,416.4932556152344,1021.7339477539062,2048,1536,416,1021
HFW12-F7,2016,201602280420,DM,0,/Volumes/Seagate Portable Drive/KYLE_AI_DATABASE/A_CAMERA/Focal_species/Gulo gulo/HFW12-F7/DM/2016/B&W/Robust marks/02.28-04.20/IMG_0485.JPG,IMG_0485.JPG,HFW12-F7_2016_201602280420_IMG_0485.jpg,0.8307397961616516,467.38934326171875,305.021240234375,402.0887451171875,997.091796875,2048,1536,402,997
HFW12-F7,2016,201602280420,DM,0,/Volumes/Seagate Portable Drive/KYLE_AI_DATABASE/A_CAMERA/Focal_species/Gulo gulo/HFW12-F7/DM/2016/B&W/Robust marks/02.28-04.20/IMG_0486.JPG,IMG_0486.JPG,HFW12-F7_2016_201602280420_IMG_0486.jpg,0.8182719945907593,472.9222412109375,201.66806030273438,468.166259765625,987.1827392578125,2048,1536,468,987
HFW12-F7,2016,201602280420,DM,0,/Volumes/Seagate Portable Drive/KYLE_AI_DATABASE/A_CAMERA/Focal_species/Gulo gulo/HFW12-F7/DM/2016/B&W/Robust marks/02.28-04.20/IMG_0488.JPG,IMG_0488.JPG,HFW12-F7_2016_201602280420_IMG_0488.jpg,0.8280984163284302,452.9811706542969,256.5780944824219,415.5478820800781,968.16943359375,2048,1536,415,968
HFW12-F7,2016,201602280420,DM,0,/Volumes/Seagate Portable Drive/KYLE_AI_DATABASE/A_CAMERA/Focal_species/Gulo gulo/HFW12-F7/DM/2016/B&W/Robust marks/02.28-04.20/IMG_0489.JPG,IMG_0489.JPG,HFW12-F7_2016_201602280420_IMG_0489.jpg,0.8577902317047119,454.7278747558594,255.46737670898438,428.0768127441406,905.32275390625,2048,1536,428,905
HFW12-F7,2016,201602280420,DM,0,/Volumes/Seagate Portable Drive/KYLE_AI_DATABASE/A_CAMERA/Focal_species/Gulo gulo/HFW12-F7/DM/2016/B&W/Robust marks/02.28-04.20/IMG_0496.JPG,IMG_0496.JPG,HFW12-F7_2016_201602280420_IMG_0496.jpg,0.8067799806594849,448.8125915527344,252.31031799316406,410.1214904785156,1031.138916015625,2048,1536,410,1031
HFW12-F7,2016,201602280420,DM,0,/Volumes/Seagate Portable Drive/KYLE_AI_DATABASE/A_CAMERA/Focal_species/Gulo gulo/HFW12-F7/DM/2016/B&W/Robust marks/02.28-04.20/IMG_0498.JPG,IMG_0498.JPG,HFW12-F7_2016_201602280420_IMG_0498.jpg,0.8286754488945007,447.78753662109375,277.1664733886719,409.1488037109375,1024.8253173828125,2048,1536,409,1024
HFW12-F7,2016,201602280420,DM,0,/Volumes/Seagate Portable Drive/KYLE_AI_DATABASE/A_CAMERA/Focal_species/Gulo gulo/HFW12-F7/DM/2016/B&W/Robust marks/02.28-04.20/IMG_0499.JPG,IMG_0499.JPG,HFW12-F7_2016_201602280420_IMG_0499.jpg,0.861430287361145,464.5729675292969,197.06053161621094,387.8985900878906,1099.1624755859375,2048,1536,387,1099
HFW12-F7,2016,201602280420,DM,0,/Volumes/Seagate Portable Drive/KYLE_AI_DATABASE/A_CAMERA/Focal_species/Gulo gulo/HFW12-F7/DM/2016/B&W/Robust marks/02.28-04.20/IMG_0500.JPG,IMG_0500.JPG,HFW12-F7_2016_201602280420_IMG_0500.jpg,0.8346867561340332,457.061279296875,36.148590087890625,385.1807861328125,1139.2838134765625,2048,1536,385,1139
HFW12-F7,2016,201602280420,DM,0,/Volumes/Seagate Portable Drive/KYLE_AI_DATABASE/A_CAMERA/Focal_species/Gulo gulo/HFW12-F7/DM/2016/B&W/Robust marks/02.28-04.20/IMG_0505.JPG,IMG_0505.JPG,HFW12-F7_2016_201602280420_IMG_0505.jpg,0.8304401636123657,499.3690490722656,355.6551818847656,419.6275329589844,936.7532958984375,2048,1536,419,936
HFW12-F7,2016,201602280420,DM,0,/Volumes/Seagate Portable Drive/KYLE_AI_DATABASE/A_CAMERA/Focal_species/Gulo gulo/HFW12-F7/DM/2016/B&W/Robust marks/02.28-04.20/IMG_0511.JPG,IMG_0511.JPG,HFW12-F7_2016_201602280420_IMG_0511.jpg,0.8322508335113525,514.444580078125,367.1417541503906,398.8463134765625,952.599609375,2048,1536,398,952
HFW12-F7,2016,201602280420,DM,0,/Volumes/Seagate Portable Drive/KYLE_AI_DATABASE/A_CAMERA/Focal_species/Gulo gulo/HFW12-F7/DM/2016/B&W/Robust marks/02.28-04.20/IMG_0512.JPG,IMG_0512.JPG,HFW12-F7_2016_201602280420_IMG_0512.jpg,0.8929198384284973,501.5809020996094,361.5858154296875,418.5351867675781,940.4222412109375,2048,1536,418,940
HFW12-F7,2016,201602280420,DM,0,/Volumes/Seagate Portable Drive/KYLE_AI_DATABASE/A_CAMERA/Focal_species/Gulo gulo/HFW12-F7/DM/2016/B&W/Robust marks/02.28-04.20/IMG_0517.JPG,IMG_0517.JPG,HFW12-F7_2016_201602280420_IMG_0517.jpg,0.8809509873390198,476.5320739746094,238.87957763671875,460.2599182128906,1060.955810546875,2048,1536,460,1060
HFW12-F7,2016,201602280420,DM,0,/Volumes/Seagate Portable Drive/KYLE_AI_DATABASE/A_CAMERA/Focal_species/Gulo gulo/HFW12-F7/DM/2016/B&W/Robust marks/02.28-04.20/IMG_0518.JPG,IMG_0518.JPG,HFW12-F7_2016_201602280420_IMG_0518.jpg,0.8923038244247437,442.657470703125,274.2759704589844,441.0621337890625,1028.5001220703125,2048,1536,441,1028
HFW12-F7,2016,201602280420,DM,0,/Volumes/Seagate Portable Drive/KYLE_AI_DATABASE/A_CAMERA/Focal_species/Gulo gulo/HFW12-F7/DM/2016/B&W/Robust marks/02.28-04.20/IMG_0522.JPG,IMG_0522.JPG,HFW12-F7_2016_201602280420_IMG_0522.jpg,0.8954266905784607,426.9048767089844,203.21063232421875,454.5909729003906,1033.075439453125,2048,1536,454,1033
HFW12-F7,2016,201602280420,DM,0,/Volumes/Seagate Portable Drive/KYLE_AI_DATABASE/A_CAMERA/Focal_species/Gulo gulo/HFW12-F7/DM/2016/B&W/Robust marks/02.28-04.20/IMG_0523.JPG,IMG_0523.JPG,HFW12-F7_2016_201602280420_IMG_0523.jpg,0.8414048552513123,444.37518310546875,165.7239990234375,438.1497802734375,1108.138916015625,2048,1536,438,1108
HFW12-F7,2016,201602280420,DM,0,/Volumes/Seagate Portable Drive/KYLE_AI_DATABASE/A_CAMERA/Focal_species/Gulo gulo/HFW12-F7/DM/2016/B&W/Robust marks/02.28-04.20/IMG_0524.JPG,IMG_0524.JPG,HFW12-F7_2016_201602280420_IMG_0524.jpg,0.8629183769226074,415.928955078125,171.46961975097656,457.9620361328125,1123.6258544921875,2048,1536,457,1123
HFW12-F7,2016,201602280420,DM,0,/Volumes/Seagate Portable Drive/KYLE_AI_DATABASE/A_CAMERA/Focal_species/Gulo gulo/HFW12-F7/DM/2016/B&W/Robust marks/02.28-04.20/IMG_0525.JPG,IMG_0525.JPG,HFW12-F7_2016_201602280420_IMG_0525.jpg,0.8571289777755737,423.72900390625,215.31793212890625,456.5308837890625,1060.69921875,2048,1536,456,1060
HFW12-F7,2016,201602280420,DM,0,/Volumes/Seagate Portable Drive/KYLE_AI_DATABASE/A_CAMERA/Focal_species/Gulo gulo/HFW12-F7/DM/2016/B&W/Robust marks/02.28-04.20/IMG_0526.JPG,IMG_0526.JPG,HFW12-F7_2016_201602280420_IMG_0526.jpg,0.8091386556625366,423.7406311035156,236.39891052246094,453.6934509277344,1019.309326171875,2048,1536,453,1019
HFW12-F7,2016,201602280420,DM,0,/Volumes/Seagate Portable Drive/KYLE_AI_DATABASE/A_CAMERA/Focal_species/Gulo gulo/HFW12-F7/DM/2016/B&W/Robust marks/02.28-04.20/IMG_0533.JPG,IMG_0533.JPG,HFW12-F7_2016_201602280420_IMG_0533.jpg,0.857725203037262,619.8990478515625,169.46022033691406,376.4798583984375,901.0750732421875,2048,1536,376,901
HFW12-F7,2016,201602280420,DM,0,/Volumes/Seagate Portable Drive/KYLE_AI_DATABASE/A_CAMERA/Focal_species/Gulo gulo/HFW12-F7/DM/2016/B&W/Robust marks/02.28-04.20/IMG_0540.JPG,IMG_0540.JPG,HFW12-F7_2016_201602280420_IMG_0540.jpg,0.8300002813339233,563.0343627929688,53.05659484863281,543.7305297851562,1274.558837890625,2048,1536,543,1274
HFW12-F7,2016,201602280420,DM,0,/Volumes/Seagate Portable Drive/KYLE_AI_DATABASE/A_CAMERA/Focal_species/Gulo gulo/HFW12-F7/DM/2016/B&W/Robust marks/02.28-04.20/IMG_0546.JPG,IMG_0546.JPG,HFW12-F7_2016_201602280420_IMG_0546.jpg,0.8456727862358093,613.2281494140625,209.3665008544922,504.041748046875,1269.0604248046875,2048,1536,504,1269
HFW12-F7,2016,201602280420,DM,0,/Volumes/Seagate Portable Drive/KYLE_AI_DATABASE/A_CAMERA/Focal_species/Gulo gulo/HFW12-F7/DM/2016/B&W/Robust marks/02.28-04.20/IMG_0554.JPG,IMG_0554.JPG,HFW12-F7_2016_201602280420_IMG_0554.jpg,0.872572124004364,640.1688232421875,31.575302124023438,615.9715576171875,1000.8623046875,2048,1536,615,1000
HFW12-F7,2016,201602280420,DM,0,/Volumes/Seagate Portable Drive/KYLE_AI_DATABASE/A_CAMERA/Focal_species/Gulo gulo/HFW12-F7/DM/2016/B&W/Robust marks/02.28-04.20/IMG_0558.JPG,IMG_0558.JPG,HFW12-F7_2016_201602280420_IMG_0558.jpg,0.8192493915557861,507.66131591796875,31.483200073242188,604.1980590820312,1469.1427001953125,2048,1536,604,1469
HFW12-F7,2016,201602280420,DM,0,/Volumes/Seagate Portable Drive/KYLE_AI_DATABASE/A_CAMERA/Focal_species/Gulo gulo/HFW12-F7/DM/2016/B&W/Robust marks/02.28-04.20/IMG_0563.JPG,IMG_0563.JPG,HFW12-F7_2016_201602280420_IMG_0563.jpg,0.9062209129333496,633.4585571289062,29.348876953125,477.56756591796875,899.7296142578125,2048,1536,477,899
HFW12-F7,2016,201602280420,DM,0,/Volumes/Seagate Portable Drive/KYLE_AI_DATABASE/A_CAMERA/Focal_species/Gulo gulo/HFW12-F7/DM/2016/B&W/Robust marks/02.28-04.20/IMG_0569.JPG,IMG_0569.JPG,HFW12-F7_2016_201602280420_IMG_0569.jpg,0.8078776597976685,621.1703491210938,29.516189575195312,497.95721435546875,1281.9755859375,2048,1536,497,1281
HFW12-F7,2016,201602280420,DM,0,/Volumes/Seagate Portable Drive/KYLE_AI_DATABASE/A_CAMERA/Focal_species/Gulo gulo/HFW12-F7/DM/2016/B&W/Robust marks/02.28-04.20/IMG_0578.JPG,IMG_0578.JPG,HFW12-F7_2016_201602280420_IMG_0578.jpg,0.8676258325576782,617.3530883789062,31.946502685546875,502.13519287109375,1282.225341796875,2048,1536,502,1282
HFW12-F7,2016,201602280420,DM,0,/Volumes/Seagate Portable Drive/KYLE_AI_DATABASE/A_CAMERA/Focal_species/Gulo gulo/HFW12-F7/DM/2016/B&W/Robust marks/02.28-04.20/IMG_0584.JPG,IMG_0584.JPG,HFW12-F7_2016_201602280420_IMG_0584.jpg,0.8588758111000061,622.8386840820312,36.56419372558594,485.84100341796875,1263.154052734375,2048,1536,485,1263
HFW12-F7,2016,201602280420,DM,0,/Volumes/Seagate Portable Drive/KYLE_AI_DATABASE/A_CAMERA/Focal_species/Gulo gulo/HFW12-F7/DM/2016/B&W/Robust marks/02.28-04.20/IMG_0586.JPG,IMG_0586.JPG,HFW12-F7_2016_201602280420_IMG_0586.jpg,0.9168640971183777,621.209716796875,33.22489929199219,498.0772705078125,1266.88427734375,2048,1536,498,1266
HFW12-F7,2016,201602280420,DM,0,/Volumes/Seagate Portable Drive/KYLE_AI_DATABASE/A_CAMERA/Focal_species/Gulo gulo/HFW12-F7/DM/2016/B&W/Robust marks/02.28-04.20/IMG_0595.JPG,IMG_0595.JPG,HFW12-F7_2016_201602280420_IMG_0595.jpg,0.8164629340171814,621.7376098632812,221.6641845703125,482.39056396484375,1099.5526123046875,2048,1536,482,1099
HFW12-F7,2016,201602280420,DM,0,/Volumes/Seagate Portable Drive/KYLE_AI_DATABASE/A_CAMERA/Focal_species/Gulo gulo/HFW12-F7/DM/2016/B&W/Robust marks/02.28-04.20/IMG_0596.JPG,IMG_0596.JPG,HFW12-F7_2016_201602280420_IMG_0596.jpg,0.8664936423301697,617.7489013671875,209.61849975585938,480.7451171875,1106.273193359375,2048,1536,480,1106
HFW12-F7,2016,201602280420,DM,0,/Volumes/Seagate Portable Drive/KYLE_AI_DATABASE/A_CAMERA/Focal_species/Gulo gulo/HFW12-F7/DM/2016/B&W/Robust marks/02.28-04.20/IMG_0597.JPG,IMG_0597.JPG,HFW12-F7_2016_201602280420_IMG_0597.jpg,0.8308054208755493,618.4483642578125,337.5672912597656,484.16259765625,997.1707763671875,2048,1536,484,997
HFW12-F7,2016,201602280420,DM,0,/Volumes/Seagate Portable Drive/KYLE_AI_DATABASE/A_CAMERA/Focal_species/Gulo gulo/HFW12-F7/DM/2016/B&W/Robust marks/02.28-04.20/IMG_0598.JPG,IMG_0598.JPG,HFW12-F7_2016_201602280420_IMG_0598.jpg,0.8517467975616455,618.765625,52.81050109863281,478.7939453125,1276.909423828125,2048,1536,478,1276
HFW12-F7,2016,201602280420,DM,0,/Volumes/Seagate Portable Drive/KYLE_AI_DATABASE/A_CAMERA/Focal_species/Gulo gulo/HFW12-F7/DM/2016/B&W/Robust marks/02.28-04.20/IMG_0599.JPG,IMG_0599.JPG,HFW12-F7_2016_201602280420_IMG_0599.jpg,0.8579255938529968,621.0213623046875,325.9351501464844,475.8028564453125,973.8773193359375,2048,1536,475,973
HFW12-F7,2016,201602280420,DM,0,/Volumes/Seagate Portable Drive/KYLE_AI_DATABASE/A_CAMERA/Focal_species/Gulo gulo/HFW12-F7/DM/2016/B&W/Robust marks/02.28-04.20/IMG_0600.JPG,IMG_0600.JPG,HFW12-F7_2016_201602280420_IMG_0600.jpg,0.8928496241569519,618.411865234375,242.0284881591797,476.8507080078125,1077.2620849609375,2048,1536,476,1077
HFW12-F7,2016,201602280420,DM,0,/Volumes/Seagate Portable Drive/KYLE_AI_DATABASE/A_CAMERA/Focal_species/Gulo gulo/HFW12-F7/DM/2016/B&W/Robust marks/02.28-04.20/IMG_0601.JPG,IMG_0601.JPG,HFW12-F7_2016_201602280420_IMG_0601.jpg,0.867017924785614,614.868896484375,248.9853515625,513.528564453125,1096.652587890625,2048,1536,513,1096
HFW12-F7,2016,201602280420,DM,0,/Volumes/Seagate Portable Drive/KYLE_AI_DATABASE/A_CAMERA/Focal_species/Gulo gulo/HFW12-F7/DM/2016/B&W/Robust marks/02.28-04.20/IMG_0602.JPG,IMG_0602.JPG,HFW12-F7_2016_201602280420_IMG_0602.jpg,0.8660981059074402,615.0914916992188,276.1950988769531,488.70684814453125,1152.646728515625,2048,1536,488,1152
HFW12-F7,2016,201602280420,DM,0,/Volumes/Seagate Portable Drive/KYLE_AI_DATABASE/A_CAMERA/Focal_species/Gulo gulo/HFW12-F7/DM/2016/B&W/Robust marks/02.28-04.20/IMG_0603.JPG,IMG_0603.JPG,HFW12-F7_2016_201602280420_IMG_0603.jpg,0.9034417271614075,614.6153564453125,320.64056396484375,492.7301025390625,1180.243896484375,2048,1536,492,1180
HFW12-F7,2016,201602280420,DM,0,/Volumes/Seagate Portable Drive/KYLE_AI_DATABASE/A_CAMERA/Focal_species/Gulo gulo/HFW12-F7/DM/2016/B&W/Robust marks/02.28-04.20/IMG_0604.JPG,IMG_0604.JPG,HFW12-F7_2016_201602280420_IMG_0604.jpg,0.8946253061294556,614.530517578125,384.67376708984375,493.732666015625,1116.036376953125,2048,1536,493,1116
HFW12-F7,2016,201602280420,DM,0,/Volumes/Seagate Portable Drive/KYLE_AI_DATABASE/A_CAMERA/Focal_species/Gulo gulo/HFW12-F7/DM/2016/B&W/Robust marks/02.28-04.20/IMG_0605.JPG,IMG_0605.JPG,HFW12-F7_2016_201602280420_IMG_0605.jpg,0.9194670915603638,501.6578369140625,382.2369689941406,601.1075439453125,1119.041748046875,2048,1536,601,1119
HFW12-F7,2016,201602280420,DM,0,/Volumes/Seagate Portable Drive/KYLE_AI_DATABASE/A_CAMERA/Focal_species/Gulo gulo/HFW12-F7/DM/2016/B&W/Robust marks/02.28-04.20/IMG_0606.JPG,IMG_0606.JPG,HFW12-F7_2016_201602280420_IMG_0606.jpg,0.9044337868690491,414.39593505859375,561.4371337890625,712.2434692382812,935.7874755859375,2048,1536,712,935
HFW12-F7,2016,201602280420,DM,0,/Volumes/Seagate Portable Drive/KYLE_AI_DATABASE/A_CAMERA/Focal_species/Gulo gulo/HFW12-F7/DM/2016/B&W/Robust marks/02.28-04.20/IMG_0607.JPG,IMG_0607.JPG,HFW12-F7_2016_201602280420_IMG_0607.jpg,0.8063716888427734,384.517578125,734.9085693359375,731.7164306640625,705.087646484375,2048,1536,731,705
HFW12-F7,2016,201602280420,DM,0,/Volumes/Seagate Portable Drive/KYLE_AI_DATABASE/A_CAMERA/Focal_species/Gulo gulo/HFW12-F7/DM/2016/B&W/Robust marks/02.28-04.20/IMG_0608.JPG,IMG_0608.JPG,HFW12-F7_2016_201602280420_IMG_0608.jpg,0.8656052947044373,4.254974365234375,984.007080078125,841.0460205078125,518.302001953125,2048,1536,841,518
HFW12-F7,2016,201602280420,DM,0,/Volumes/Seagate Portable Drive/KYLE_AI_DATABASE/A_CAMERA/Focal_species/Gulo gulo/HFW12-F7/DM/2016/B&W/Robust marks/02.28-04.20/IMG_0612.JPG,IMG_0612.JPG,HFW12-F7_2016_201602280420_IMG_0612.jpg,0.8342474699020386,486.8135070800781,186.36080932617188,362.7669372558594,925.53564453125,2048,1536,362,925
HFW12-F7,2016,201602280420,DM,0,/Volumes/Seagate Portable Drive/KYLE_AI_DATABASE/A_CAMERA/Focal_species/Gulo gulo/HFW12-F7/DM/2016/B&W/Robust marks/02.28-04.20/IMG_0616.JPG,IMG_0616.JPG,HFW12-F7_2016_201602280420_IMG_0616.jpg,0.8432483077049255,592.5862426757812,282.26043701171875,386.279541015625,827.5457153320312,2048,1536,386,827
HFW12-F7,2016,201602280420,DM,0,/Volumes/Seagate Portable Drive/KYLE_AI_DATABASE/A_CAMERA/Focal_species/Gulo gulo/HFW12-F7/DM/2016/B&W/Robust marks/02.28-04.20/IMG_0617.JPG,IMG_0617.JPG,HFW12-F7_2016_201602280420_IMG_0617.jpg,0.8722324371337891,577.013427734375,215.3192596435547,437.54150390625,892.0593872070312,2048,1536,437,892
HFW12-F7,2016,201602280420,DM,0,/Volumes/Seagate Portable Drive/KYLE_AI_DATABASE/A_CAMERA/Focal_species/Gulo gulo/HFW12-F7/DM/2016/B&W/Robust marks/02.28-04.20/IMG_0619.JPG,IMG_0619.JPG,HFW12-F7_2016_201602280420_IMG_0619.jpg,0.8093555569648743,615.0852661132812,33.84883117675781,535.7836303710938,1365.843505859375,2048,1536,535,1365
HFW12-F7,2016,201602280420,DM,0,/Volumes/Seagate Portable Drive/KYLE_AI_DATABASE/A_CAMERA/Focal_species/Gulo gulo/HFW12-F7/DM/2016/B&W/Robust marks/02.28-04.20/IMG_0620.JPG,IMG_0620.JPG,HFW12-F7_2016_201602280420_IMG_0620.jpg,0.8765908479690552,627.3585205078125,33.3065185546875,581.9815673828125,928.9100341796875,2048,1536,581,928
HFW12-F7,2016,201602280420,DM,0,/Volumes/Seagate Portable Drive/KYLE_AI_DATABASE/A_CAMERA/Focal_species/Gulo gulo/HFW12-F7/DM/2016/B&W/Robust marks/02.28-04.20/IMG_0624.JPG,IMG_0624.JPG,HFW12-F7_2016_201602280420_IMG_0624.jpg,0.8349367380142212,624.7674560546875,61.40354919433594,488.6798095703125,1265.0560302734375,2048,1536,488,1265
HFW12-F7,2016,201602280420,DM,0,/Volumes/Seagate Portable Drive/KYLE_AI_DATABASE/A_CAMERA/Focal_species/Gulo gulo/HFW12-F7/DM/2016/B&W/Robust marks/02.28-04.20/IMG_0626.JPG,IMG_0626.JPG,HFW12-F7_2016_201602280420_IMG_0626.jpg,0.8957803845405579,500.8822326660156,33.05241394042969,613.9248046875,1459.4805908203125,2048,1536,613,1459
HFW12-F7,2016,201602280420,DM,0,/Volumes/Seagate Portable Drive/KYLE_AI_DATABASE/A_CAMERA/Focal_species/Gulo gulo/HFW12-F7/DM/2016/B&W/Robust marks/02.28-04.20/IMG_0628.JPG,IMG_0628.JPG,HFW12-F7_2016_201602280420_IMG_0628.jpg,0.8017619252204895,614.0821533203125,360.577392578125,497.2255859375,1138.4276123046875,2048,1536,497,1138
HFW12-F7,2016,201602280420,DM,0,/Volumes/Seagate Portable Drive/KYLE_AI_DATABASE/A_CAMERA/Focal_species/Gulo gulo/HFW12-F7/DM/2016/B&W/Robust marks/02.28-04.20/IMG_0630.JPG,IMG_0630.JPG,HFW12-F7_2016_201602280420_IMG_0630.jpg,0.8100491166114807,588.798828125,30.18804931640625,533.431884765625,1468.260986328125,2048,1536,533,1468
HFW12-F7,2016,201602280420,DM,0,/Volumes/Seagate Portable Drive/KYLE_AI_DATABASE/A_CAMERA/Focal_species/Gulo gulo/HFW12-F7/DM/2016/B&W/Robust marks/02.28-04.20/IMG_0635.JPG,IMG_0635.JPG,HFW12-F7_2016_201602280420_IMG_0635.jpg,0.8702273368835449,671.0589599609375,31.69830322265625,669.6463623046875,874.5784301757812,2048,1536,669,874
HFW12-F7,2016,201602280420,DM,0,/Volumes/Seagate Portable Drive/KYLE_AI_DATABASE/A_CAMERA/Focal_species/Gulo gulo/HFW12-F7/DM/2016/B&W/Robust marks/02.28-04.20/IMG_0640.JPG,IMG_0640.JPG,HFW12-F7_2016_201602280420_IMG_0640.jpg,0.832719087600708,780.6681518554688,205.3553466796875,422.41156005859375,704.416748046875,2048,1536,422,704
HFW12-F7,2016,201602280420,DM,0,/Volumes/Seagate Portable Drive/KYLE_AI_DATABASE/A_CAMERA/Focal_species/Gulo gulo/HFW12-F7/DM/2016/B&W/Robust marks/02.28-04.20/IMG_0661.JPG,IMG_0661.JPG,HFW12-F7_2016_201602280420_IMG_0661.jpg,0.8311681151390076,591.5587768554688,364.59100341796875,539.1375122070312,1121.4443359375,2048,1536,539,1121
HFW12-F7,2016,201602280420,DM,0,/Volumes/Seagate Portable Drive/KYLE_AI_DATABASE/A_CAMERA/Focal_species/Gulo gulo/HFW12-F7/DM/2016/B&W/Robust marks/02.28-04.20/IMG_0662.JPG,IMG_0662.JPG,HFW12-F7_2016_201602280420_IMG_0662.jpg,0.8744222521781921,516.55810546875,401.290283203125,616.9705810546875,1098.620849609375,2048,1536,616,1098
HFW12-F7,2016,201602280420,DM,0,/Volumes/Seagate Portable Drive/KYLE_AI_DATABASE/A_CAMERA/Focal_species/Gulo gulo/HFW12-F7/DM/2016/B&W/Robust marks/02.28-04.20/IMG_0663.JPG,IMG_0663.JPG,HFW12-F7_2016_201602280420_IMG_0663.jpg,0.8660365343093872,355.6487731933594,812.5870361328125,787.78515625,688.514404296875,2048,1536,787,688
HFW12-F7,2016,201602280420,DM,0,/Volumes/Seagate Portable Drive/KYLE_AI_DATABASE/A_CAMERA/Focal_species/Gulo gulo/HFW12-F7/DM/2016/B&W/Robust marks/02.28-04.20/IMG_0671.JPG,IMG_0671.JPG,HFW12-F7_2016_201602280420_IMG_0671.jpg,0.9324158430099487,600.1806030273438,1071.112548828125,479.12249755859375,432.62890625,2048,1536,479,432
HFW12-F7,2016,201602280420,DM,0,/Volumes/Seagate Portable Drive/KYLE_AI_DATABASE/A_CAMERA/Focal_species/Gulo gulo/HFW12-F7/DM/2016/B&W/Robust marks/02.28-04.20/IMG_0672.JPG,IMG_0672.JPG,HFW12-F7_2016_201602280420_IMG_0672.jpg,0.9194744229316711,609.2780151367188,1087.011962890625,429.37286376953125,416.909423828125,2048,1536,429,416
HFW12-F7,2016,201602280420,DM,0,/Volumes/Seagate Portable Drive/KYLE_AI_DATABASE/A_CAMERA/Focal_species/Gulo gulo/HFW12-F7/DM/2016/B&W/Robust marks/02.28-04.20/IMG_0673.JPG,IMG_0673.JPG,HFW12-F7_2016_201602280420_IMG_0673.jpg,0.9079484343528748,605.0933227539062,1085.0869140625,422.21527099609375,418.5040283203125,2048,1536,422,418
HFW12-F7,2016,201602280420,DM,0,/Volumes/Seagate Portable Drive/KYLE_AI_DATABASE/A_CAMERA/Focal_species/Gulo gulo/HFW12-F7/DM/2016/B&W/Robust marks/02.28-04.20/IMG_0674.JPG,IMG_0674.JPG,HFW12-F7_2016_201602280420_IMG_0674.jpg,0.8887203335762024,543.9876708984375,843.7029418945312,492.779296875,659.6124877929688,2048,1536,492,659
HFW12-F7,2016,201602280420,DM,0,/Volumes/Seagate Portable Drive/KYLE_AI_DATABASE/A_CAMERA/Focal_species/Gulo gulo/HFW12-F7/DM/2016/B&W/Robust marks/02.28-04.20/IMG_0675.JPG,IMG_0675.JPG,HFW12-F7_2016_201602280420_IMG_0675.jpg,0.9143878817558289,490.5772399902344,753.9217529296875,448.8992004394531,746.0316162109375,2048,1536,448,746
HFW12-F7,2016,201602280420,DM,0,/Volumes/Seagate Portable Drive/KYLE_AI_DATABASE/A_CAMERA/Focal_species/Gulo gulo/HFW12-F7/DM/2016/B&W/Robust marks/02.28-04.20/IMG_0676.JPG,IMG_0676.JPG,HFW12-F7_2016_201602280420_IMG_0676.jpg,0.8752838373184204,497.3863525390625,748.7786254882812,607.451904296875,753.8109741210938,2048,1536,607,753
HFW12-F7,2016,201602280420,DM,0,/Volumes/Seagate Portable Drive/KYLE_AI_DATABASE/A_CAMERA/Focal_species/Gulo gulo/HFW12-F7/DM/2016/B&W/Robust marks/02.28-04.20/IMG_0677.JPG,IMG_0677.JPG,HFW12-F7_2016_201602280420_IMG_0677.jpg,0.9240577220916748,490.0611267089844,654.3748779296875,590.597900390625,837.90771484375,2048,1536,590,837
HFW12-F7,2016,201602280420,DM,0,/Volumes/Seagate Portable Drive/KYLE_AI_DATABASE/A_CAMERA/Focal_species/Gulo gulo/HFW12-F7/DM/2016/B&W/Robust marks/02.28-04.20/IMG_0679.JPG,IMG_0679.JPG,HFW12-F7_2016_201602280420_IMG_0679.jpg,0.8825057148933411,499.0235595703125,210.86448669433594,380.4228515625,1095.264404296875,2048,1536,380,1095
HFW12-F7,2016,201602280420,DM,0,/Volumes/Seagate Portable Drive/KYLE_AI_DATABASE/A_CAMERA/Focal_species/Gulo gulo/HFW12-F7/DM/2016/B&W/Robust marks/02.28-04.20/IMG_0681.JPG,IMG_0681.JPG,HFW12-F7_2016_201602280420_IMG_0681.jpg,0.8121591806411743,618.423095703125,160.3894500732422,532.133544921875,1337.89453125,2048,1536,532,1337
HFW12-F7,2016,201602280420,DM,0,/Volumes/Seagate Portable Drive/KYLE_AI_DATABASE/A_CAMERA/Focal_species/Gulo gulo/HFW12-F7/DM/2016/B&W/Robust marks/02.28-04.20/IMG_0689.JPG,IMG_0689.JPG,HFW12-F7_2016_201602280420_IMG_0689.jpg,0.8189063668251038,612.8683471679688,36.740570068359375,555.7339477539062,1449.72216796875,2048,1536,555,1449
HFW12-F7,2016,201602280420,DM,0,/Volumes/Seagate Portable Drive/KYLE_AI_DATABASE/A_CAMERA/Focal_species/Gulo gulo/HFW12-F7/DM/2016/B&W/Robust marks/02.28-04.20/IMG_0694.JPG,IMG_0694.JPG,HFW12-F7_2016_201602280420_IMG_0694.jpg,0.8101853132247925,613.5791015625,49.67408752441406,503.2093505859375,1265.086669921875,2048,1536,503,1265
HFW12-F7,2016,201602280420,DM,0,/Volumes/Seagate Portable Drive/KYLE_AI_DATABASE/A_CAMERA/Focal_species/Gulo gulo/HFW12-F7/DM/2016/B&W/Robust marks/02.28-04.20/IMG_0696.JPG,IMG_0696.JPG,HFW12-F7_2016_201602280420_IMG_0696.jpg,0.8511340022087097,623.0943603515625,170.9615936279297,489.9698486328125,1145.4393310546875,2048,1536,489,1145
HFW12-F7,2016,201602280420,DM,0,/Volumes/Seagate Portable Drive/KYLE_AI_DATABASE/A_CAMERA/Focal_species/Gulo gulo/HFW12-F7/DM/2016/B&W/Robust marks/02.28-04.20/IMG_0697.JPG,IMG_0697.JPG,HFW12-F7_2016_201602280420_IMG_0697.jpg,0.8494508862495422,618.17626953125,173.75839233398438,490.657958984375,1135.3280029296875,2048,1536,490,1135
HFW12-F7,2016,201602280420,DM,0,/Volumes/Seagate Portable Drive/KYLE_AI_DATABASE/A_CAMERA/Focal_species/Gulo gulo/HFW12-F7/DM/2016/B&W/Robust marks/02.28-04.20/IMG_0698.JPG,IMG_0698.JPG,HFW12-F7_2016_201602280420_IMG_0698.jpg,0.8080215454101562,614.61181640625,106.0601806640625,494.5013427734375,1220.7357177734375,2048,1536,494,1220
HFW12-F7,2016,201602280420,DM,0,/Volumes/Seagate Portable Drive/KYLE_AI_DATABASE/A_CAMERA/Focal_species/Gulo gulo/HFW12-F7/DM/2016/B&W/Robust marks/02.28-04.20/IMG_0699.JPG,IMG_0699.JPG,HFW12-F7_2016_201602280420_IMG_0699.jpg,0.8313506841659546,624.5254516601562,45.11183166503906,487.31353759765625,1288.3583984375,2048,1536,487,1288
HFW12-F7,2016,201602280420,DM,0,/Volumes/Seagate Portable Drive/KYLE_AI_DATABASE/A_CAMERA/Focal_species/Gulo gulo/HFW12-F7/DM/2016/B&W/Robust marks/02.28-04.20/IMG_0700.JPG,IMG_0700.JPG,HFW12-F7_2016_201602280420_IMG_0700.jpg,0.8737747669219971,624.3878784179688,33.322265625,490.48345947265625,1268.45849609375,2048,1536,490,1268
HFW12-F7,2016,201602280420,DM,0,/Volumes/Seagate Portable Drive/KYLE_AI_DATABASE/A_CAMERA/Focal_species/Gulo gulo/HFW12-F7/DM/2016/B&W/Robust marks/02.28-04.20/IMG_0701.JPG,IMG_0701.JPG,HFW12-F7_2016_201602280420_IMG_0701.jpg,0.8055893182754517,625.7047119140625,86.32841491699219,480.6129150390625,1211.439453125,2048,1536,480,1211
HFW12-F7,2016,201602280420,DM,0,/Volumes/Seagate Portable Drive/KYLE_AI_DATABASE/A_CAMERA/Focal_species/Gulo gulo/HFW12-F7/DM/2016/B&W/Robust marks/02.28-04.20/IMG_0702.JPG,IMG_0702.JPG,HFW12-F7_2016_201602280420_IMG_0702.jpg,0.8227463364601135,623.7368774414062,230.19529724121094,481.02166748046875,1070.1688232421875,2048,1536,481,1070
HFW12-F7,2016,201602280420,DM,0,/Volumes/Seagate Portable Drive/KYLE_AI_DATABASE/A_CAMERA/Focal_species/Gulo gulo/HFW12-F7/DM/2016/B&W/Robust marks/02.28-04.20/IMG_0703.JPG,IMG_0703.JPG,HFW12-F7_2016_201602280420_IMG_0703.jpg,0.8246303200721741,622.9989013671875,55.72581481933594,484.782470703125,1242.861572265625,2048,1536,484,1242
HFW12-F7,2016,201602280420,DM,0,/Volumes/Seagate Portable Drive/KYLE_AI_DATABASE/A_CAMERA/Focal_species/Gulo gulo/HFW12-F7/DM/2016/B&W/Robust marks/02.28-04.20/IMG_0704.JPG,IMG_0704.JPG,HFW12-F7_2016_201602280420_IMG_0704.jpg,0.879492461681366,622.7061767578125,116.52653503417969,477.611328125,1187.3074951171875,2048,1536,477,1187
HFW12-F7,2016,201602280420,DM,0,/Volumes/Seagate Portable Drive/KYLE_AI_DATABASE/A_CAMERA/Focal_species/Gulo gulo/HFW12-F7/DM/2016/B&W/Robust marks/02.28-04.20/IMG_0708.JPG,IMG_0708.JPG,HFW12-F7_2016_201602280420_IMG_0708.jpg,0.8579350709915161,610.5030517578125,27.34259033203125,549.5245361328125,1331.6767578125,2048,1536,549,1331
HFW12-F7,2016,201602280420,DM,0,/Volumes/Seagate Portable Drive/KYLE_AI_DATABASE/A_CAMERA/Focal_species/Gulo gulo/HFW12-F7/DM/2016/B&W/Robust marks/02.28-04.20/IMG_0709.JPG,IMG_0709.JPG,HFW12-F7_2016_201602280420_IMG_0709.jpg,0.8349414467811584,621.358154296875,35.81547546386719,542.6922607421875,1278.3006591796875,2048,1536,542,1278
HFW12-F7,2016,201602280420,DM,0,/Volumes/Seagate Portable Drive/KYLE_AI_DATABASE/A_CAMERA/Focal_species/Gulo gulo/HFW12-F7/DM/2016/B&W/Robust marks/02.28-04.20/IMG_0710.JPG,IMG_0710.JPG,HFW12-F7_2016_201602280420_IMG_0710.jpg,0.8352358937263489,601.9523315429688,31.025344848632812,503.72027587890625,1316.232666015625,2048,1536,503,1316
HFW12-F7,2016,201602280420,DM,0,/Volumes/Seagate Portable Drive/KYLE_AI_DATABASE/A_CAMERA/Focal_species/Gulo gulo/HFW12-F7/DM/2016/B&W/Robust marks/02.28-04.20/IMG_0713.JPG,IMG_0713.JPG,HFW12-F7_2016_201602280420_IMG_0713.jpg,0.806351363658905,604.2902221679688,32.40655517578125,507.01812744140625,1314.4775390625,2048,1536,507,1314
HFW12-F7,2016,201602280420,DM,0,/Volumes/Seagate Portable Drive/KYLE_AI_DATABASE/A_CAMERA/Focal_species/Gulo gulo/HFW12-F7/DM/2016/B&W/Robust marks/02.28-04.20/IMG_0714.JPG,IMG_0714.JPG,HFW12-F7_2016_201602280420_IMG_0714.jpg,0.8329098224639893,553.5406494140625,43.817779541015625,557.0738525390625,1283.8482666015625,2048,1536,557,1283
HFW12-F7,2016,201602280420,DM,0,/Volumes/Seagate Portable Drive/KYLE_AI_DATABASE/A_CAMERA/Focal_species/Gulo gulo/HFW12-F7/DM/2016/B&W/Robust marks/02.28-04.20/IMG_0715.JPG,IMG_0715.JPG,HFW12-F7_2016_201602280420_IMG_0715.jpg,0.8580070734024048,615.85400390625,178.2565155029297,494.9754638671875,1128.9307861328125,2048,1536,494,1128
HFW12-F7,2016,201602280420,DM,0,/Volumes/Seagate Portable Drive/KYLE_AI_DATABASE/A_CAMERA/Focal_species/Gulo gulo/HFW12-F7/DM/2016/B&W/Robust marks/02.28-04.20/IMG_0716.JPG,IMG_0716.JPG,HFW12-F7_2016_201602280420_IMG_0716.jpg,0.8069930672645569,608.6324462890625,99.8785400390625,498.2496337890625,1212.40283203125,2048,1536,498,1212
HFW12-F7,2016,201602280420,DM,0,/Volumes/Seagate Portable Drive/KYLE_AI_DATABASE/A_CAMERA/Focal_species/Gulo gulo/HFW12-F7/DM/2016/B&W/Robust marks/02.28-04.20/IMG_0717.JPG,IMG_0717.JPG,HFW12-F7_2016_201602280420_IMG_0717.jpg,0.8584974408149719,606.7672119140625,171.7671661376953,501.5526123046875,1130.3905029296875,2048,1536,501,1130
HFW12-F7,2016,201602280420,DM,0,/Volumes/Seagate Portable Drive/KYLE_AI_DATABASE/A_CAMERA/Focal_species/Gulo gulo/HFW12-F7/DM/2016/B&W/Robust marks/02.28-04.20/IMG_0722.JPG,IMG_0722.JPG,HFW12-F7_2016_201602280420_IMG_0722.jpg,0.858487606048584,621.1839599609375,123.98442077636719,485.68994140625,1203.472412109375,2048,1536,485,1203
HFW12-F7,2016,201602280420,DM,0,/Volumes/Seagate Portable Drive/KYLE_AI_DATABASE/A_CAMERA/Focal_species/Gulo gulo/HFW12-F7/DM/2016/B&W/Robust marks/02.28-04.20/IMG_0724.JPG,IMG_0724.JPG,HFW12-F7_2016_201602280420_IMG_0724.jpg,0.8119406700134277,625.398681640625,70.564453125,482.12109375,1227.0128173828125,2048,1536,482,1227
HFW12-F7,2016,201602280420,DM,0,/Volumes/Seagate Portable Drive/KYLE_AI_DATABASE/A_CAMERA/Focal_species/Gulo gulo/HFW12-F7/DM/2016/B&W/Robust marks/02.28-04.20/IMG_0726.JPG,IMG_0726.JPG,HFW12-F7_2016_201602280420_IMG_0726.jpg,0.820959746837616,612.4649658203125,102.65982055664062,494.025146484375,1209.9873046875,2048,1536,494,1209
HFW12-F7,2016,201602280420,DM,0,/Volumes/Seagate Portable Drive/KYLE_AI_DATABASE/A_CAMERA/Focal_species/Gulo gulo/HFW12-F7/DM/2016/B&W/Robust marks/02.28-04.20/IMG_0729.JPG,IMG_0729.JPG,HFW12-F7_2016_201602280420_IMG_0729.jpg,0.8121566772460938,620.72216796875,278.04852294921875,476.4951171875,1047.0400390625,2048,1536,476,1047
HFW12-F7,2016,201602280420,DM,0,/Volumes/Seagate Portable Drive/KYLE_AI_DATABASE/A_CAMERA/Focal_species/Gulo gulo/HFW12-F7/DM/2016/B&W/Robust marks/02.28-04.20/IMG_0730.JPG,IMG_0730.JPG,HFW12-F7_2016_201602280420_IMG_0730.jpg,0.8991373777389526,621.726318359375,187.95437622070312,481.896484375,1119.423583984375,2048,1536,481,1119
HFW12-F7,2016,201602280420,DM,0,/Volumes/Seagate Portable Drive/KYLE_AI_DATABASE/A_CAMERA/Focal_species/Gulo gulo/HFW12-F7/DM/2016/B&W/Robust marks/02.28-04.20/IMG_0731.JPG,IMG_0731.JPG,HFW12-F7_2016_201602280420_IMG_0731.jpg,0.8061193227767944,619.9044189453125,208.0942840576172,495.9346923828125,1097.98193359375,2048,1536,495,1097
HFW12-F7,2016,201602280420,DM,0,/Volumes/Seagate Portable Drive/KYLE_AI_DATABASE/A_CAMERA/Focal_species/Gulo gulo/HFW12-F7/DM/2016/B&W/Robust marks/02.28-04.20/IMG_0732.JPG,IMG_0732.JPG,HFW12-F7_2016_201602280420_IMG_0732.jpg,0.8009105920791626,617.8963623046875,311.38507080078125,477.380126953125,1029.065673828125,2048,1536,477,1029
HFW12-F7,2016,201602280420,DM,0,/Volumes/Seagate Portable Drive/KYLE_AI_DATABASE/A_CAMERA/Focal_species/Gulo gulo/HFW12-F7/DM/2016/B&W/Robust marks/02.28-04.20/IMG_0733.JPG,IMG_0733.JPG,HFW12-F7_2016_201602280420_IMG_0733.jpg,0.8370334506034851,620.154052734375,297.25738525390625,475.952880859375,1040.43115234375,2048,1536,475,1040
HFW12-F7,2016,201602280420,DM,0,/Volumes/Seagate Portable Drive/KYLE_AI_DATABASE/A_CAMERA/Focal_species/Gulo gulo/HFW12-F7/DM/2016/B&W/Robust marks/02.28-04.20/IMG_0734.JPG,IMG_0734.JPG,HFW12-F7_2016_201602280420_IMG_0734.jpg,0.8656038045883179,622.5067138671875,261.37786865234375,470.3438720703125,1040.61474609375,2048,1536,470,1040
HFW12-F7,2016,201602280420,DM,0,/Volumes/Seagate Portable Drive/KYLE_AI_DATABASE/A_CAMERA/Focal_species/Gulo gulo/HFW12-F7/DM/2016/B&W/Robust marks/02.28-04.20/IMG_0735.JPG,IMG_0735.JPG,HFW12-F7_2016_201602280420_IMG_0735.jpg,0.8713951110839844,621.1207885742188,170.01828002929688,471.50433349609375,1138.2032470703125,2048,1536,471,1138
HFW12-F7,2016,201602280420,DM,0,/Volumes/Seagate Portable Drive/KYLE_AI_DATABASE/A_CAMERA/Focal_species/Gulo gulo/HFW12-F7/DM/2016/B&W/Robust marks/02.28-04.20/IMG_0737.JPG,IMG_0737.JPG,HFW12-F7_2016_201602280420_IMG_0737.jpg,0.819397509098053,621.322509765625,270.4558410644531,477.097900390625,1067.2073974609375,2048,1536,477,1067
HFW12-F7,2016,201602280420,DM,0,/Volumes/Seagate Portable Drive/KYLE_AI_DATABASE/A_CAMERA/Focal_species/Gulo gulo/HFW12-F7/DM/2016/B&W/Robust marks/02.28-04.20/IMG_0738.JPG,IMG_0738.JPG,HFW12-F7_2016_201602280420_IMG_0738.jpg,0.8045459389686584,621.5939331054688,179.95545959472656,476.35797119140625,1170.9141845703125,2048,1536,476,1170
HFW12-F7,2016,201602280420,DM,0,/Volumes/Seagate Portable Drive/KYLE_AI_DATABASE/A_CAMERA/Focal_species/Gulo gulo/HFW12-F7/DM/2016/B&W/Robust marks/02.28-04.20/IMG_0739.JPG,IMG_0739.JPG,HFW12-F7_2016_201602280420_IMG_0739.jpg,0.8117270469665527,597.8153686523438,199.8713836669922,500.80828857421875,1140.1087646484375,2048,1536,500,1140
HFW12-F7,2016,201602280420,DM,0,/Volumes/Seagate Portable Drive/KYLE_AI_DATABASE/A_CAMERA/Focal_species/Gulo gulo/HFW12-F7/DM/2016/B&W/Robust marks/02.28-04.20/IMG_0740.JPG,IMG_0740.JPG,HFW12-F7_2016_201602280420_IMG_0740.jpg,0.8665509819984436,617.5037841796875,185.49600219726562,478.3260498046875,1128.7615966796875,2048,1536,478,1128
HFW12-F7,2016,201602280420,DM,0,/Volumes/Seagate Portable Drive/KYLE_AI_DATABASE/A_CAMERA/Focal_species/Gulo gulo/HFW12-F7/DM/2016/B&W/Robust marks/02.28-04.20/IMG_0741.JPG,IMG_0741.JPG,HFW12-F7_2016_201602280420_IMG_0741.jpg,0.870145857334137,624.0252685546875,134.43942260742188,469.0548095703125,1172.223388671875,2048,1536,469,1172
HFW12-F7,2016,201602280420,DM,0,/Volumes/Seagate Portable Drive/KYLE_AI_DATABASE/A_CAMERA/Focal_species/Gulo gulo/HFW12-F7/DM/2016/B&W/Robust marks/02.28-04.20/IMG_0743.JPG,IMG_0743.JPG,HFW12-F7_2016_201602280420_IMG_0743.jpg,0.804599940776825,611.5571899414062,163.4791717529297,488.91668701171875,1168.4942626953125,2048,1536,488,1168
HFW12-F7,2016,201602280420,DM,0,/Volumes/Seagate Portable Drive/KYLE_AI_DATABASE/A_CAMERA/Focal_species/Gulo gulo/HFW12-F7/DM/2016/B&W/Robust marks/02.28-04.20/IMG_0750.JPG,IMG_0750.JPG,HFW12-F7_2016_201602280420_IMG_0750.jpg,0.8055406808853149,432.2586669921875,164.53353881835938,538.8446044921875,836.0985107421875,2048,1536,538,836
HFW12-F7,2016,201602280420,DM,0,/Volumes/Seagate Portable Drive/KYLE_AI_DATABASE/A_CAMERA/Focal_species/Gulo gulo/HFW12-F7/DM/2016/B&W/Robust marks/02.28-04.20/IMG_0752.JPG,IMG_0752.JPG,HFW12-F7_2016_201602280420_IMG_0752.jpg,0.8423851728439331,612.7171630859375,228.6551055908203,501.4488525390625,1257.3526611328125,2048,1536,501,1257
HFW12-F7,2016,201602280420,DM,0,/Volumes/Seagate Portable Drive/KYLE_AI_DATABASE/A_CAMERA/Focal_species/Gulo gulo/HFW12-F7/DM/2016/B&W/Robust marks/02.28-04.20/IMG_0755.JPG,IMG_0755.JPG,HFW12-F7_2016_201602280420_IMG_0755.jpg,0.8063693642616272,616.902099609375,354.7337646484375,581.297607421875,986.7322998046875,2048,1536,581,986
HFW12-F7,2016,201602280420,DM,0,/Volumes/Seagate Portable Drive/KYLE_AI_DATABASE/A_CAMERA/Focal_species/Gulo gulo/HFW12-F7/DM/2016/B&W/Robust marks/02.28-04.20/IMG_0756.JPG,IMG_0756.JPG,HFW12-F7_2016_201602280420_IMG_0756.jpg,0.8460280299186707,614.451171875,374.85833740234375,488.51611328125,1001.8694458007812,2048,1536,488,1001
HFW12-F7,2016,201602280420,DM,0,/Volumes/Seagate Portable Drive/KYLE_AI_DATABASE/A_CAMERA/Focal_species/Gulo gulo/HFW12-F7/DM/2016/B&W/Robust marks/02.28-04.20/IMG_0757.JPG,IMG_0757.JPG,HFW12-F7_2016_201602280420_IMG_0757.jpg,0.8341063261032104,613.8557739257812,342.84869384765625,488.72479248046875,1146.4677734375,2048,1536,488,1146
HFW12-F7,2016,201602280420,DM,0,/Volumes/Seagate Portable Drive/KYLE_AI_DATABASE/A_CAMERA/Focal_species/Gulo gulo/HFW12-F7/DM/2016/B&W/Robust marks/02.28-04.20/IMG_0760.JPG,IMG_0760.JPG,HFW12-F7_2016_201602280420_IMG_0760.jpg,0.8688628077507019,616.0328369140625,289.6419677734375,486.787841796875,1189.6695556640625,2048,1536,486,1189
HFW12-F7,2016,201602280420,DM,0,/Volumes/Seagate Portable Drive/KYLE_AI_DATABASE/A_CAMERA/Focal_species/Gulo gulo/HFW12-F7/DM/2016/B&W/Robust marks/02.28-04.20/IMG_0761.JPG,IMG_0761.JPG,HFW12-F7_2016_201602280420_IMG_0761.jpg,0.8676753640174866,618.04150390625,364.295166015625,478.2598876953125,961.036865234375,2048,1536,478,961
HFW12-F7,2016,201602280420,DM,0,/Volumes/Seagate Portable Drive/KYLE_AI_DATABASE/A_CAMERA/Focal_species/Gulo gulo/HFW12-F7/DM/2016/B&W/Robust marks/02.28-04.20/IMG_0765.JPG,IMG_0765.JPG,HFW12-F7_2016_201602280420_IMG_0765.jpg,0.8285197019577026,615.2764282226562,364.5894775390625,486.48406982421875,1005.1556396484375,2048,1536,486,1005
HFW12-F7,2016,201602280420,DM,0,/Volumes/Seagate Portable Drive/KYLE_AI_DATABASE/A_CAMERA/Focal_species/Gulo gulo/HFW12-F7/DM/2016/B&W/Robust marks/02.28-04.20/IMG_0766.JPG,IMG_0766.JPG,HFW12-F7_2016_201602280420_IMG_0766.jpg,0.8231704831123352,616.8461303710938,364.3894958496094,487.65411376953125,1065.51171875,2048,1536,487,1065
HFW12-F7,2016,201602280420,DM,0,/Volumes/Seagate Portable Drive/KYLE_AI_DATABASE/A_CAMERA/Focal_species/Gulo gulo/HFW12-F7/DM/2016/B&W/Robust marks/02.28-04.20/IMG_0770.JPG,IMG_0770.JPG,HFW12-F7_2016_201602280420_IMG_0770.jpg,0.8364153504371643,614.0338745117188,372.13153076171875,487.09869384765625,1083.2119140625,2048,1536,487,1083
HFW12-F7,2016,201602280420,DM,0,/Volumes/Seagate Portable Drive/KYLE_AI_DATABASE/A_CAMERA/Focal_species/Gulo gulo/HFW12-F7/DM/2016/B&W/Robust marks/02.28-04.20/IMG_0780.JPG,IMG_0780.JPG,HFW12-F7_2016_201602280420_IMG_0780.jpg,0.8572067618370056,615.163330078125,371.6045837402344,484.60595703125,1020.0360107421875,2048,1536,484,1020
HFW12-F7,2016,201602280420,DM,0,/Volumes/Seagate Portable Drive/KYLE_AI_DATABASE/A_CAMERA/Focal_species/Gulo gulo/HFW12-F7/DM/2016/B&W/Robust marks/02.28-04.20/IMG_0782.JPG,IMG_0782.JPG,HFW12-F7_2016_201602280420_IMG_0782.jpg,0.8377864360809326,613.5692138671875,321.32220458984375,493.718505859375,1148.263671875,2048,1536,493,1148
HFW12-F7,2016,201602280420,DM,0,/Volumes/Seagate Portable Drive/KYLE_AI_DATABASE/A_CAMERA/Focal_species/Gulo gulo/HFW12-F7/DM/2016/B&W/Robust marks/02.28-04.20/IMG_0785.JPG,IMG_0785.JPG,HFW12-F7_2016_201602280420_IMG_0785.jpg,0.861132025718689,615.4085693359375,367.3085632324219,490.6253662109375,1080.5465087890625,2048,1536,490,1080
HFW12-F7,2016,201602280420,DM,0,/Volumes/Seagate Portable Drive/KYLE_AI_DATABASE/A_CAMERA/Focal_species/Gulo gulo/HFW12-F7/DM/2016/B&W/Robust marks/02.28-04.20/IMG_0787.JPG,IMG_0787.JPG,HFW12-F7_2016_201602280420_IMG_0787.jpg,0.8054692149162292,621.11572265625,350.574951171875,510.4036865234375,804.83056640625,2048,1536,510,804
HFW12-F7,2016,201602280420,DM,0,/Volumes/Seagate Portable Drive/KYLE_AI_DATABASE/A_CAMERA/Focal_species/Gulo gulo/HFW12-F7/DM/2016/B&W/Robust marks/02.28-04.20/IMG_0788.JPG,IMG_0788.JPG,HFW12-F7_2016_201602280420_IMG_0788.jpg,0.8836401700973511,615.099365234375,377.026123046875,492.1776123046875,1118.610107421875,2048,1536,492,1118
HFW12-F7,2016,201602280420,DM,0,/Volumes/Seagate Portable Drive/KYLE_AI_DATABASE/A_CAMERA/Focal_species/Gulo gulo/HFW12-F7/DM/2016/B&W/Robust marks/02.28-04.20/IMG_0789.JPG,IMG_0789.JPG,HFW12-F7_2016_201602280420_IMG_0789.jpg,0.8247887492179871,612.450439453125,268.9989013671875,492.3531494140625,1180.7681884765625,2048,1536,492,1180
HFW12-F7,2016,201602280420,DM,0,/Volumes/Seagate Portable Drive/KYLE_AI_DATABASE/A_CAMERA/Focal_species/Gulo gulo/HFW12-F7/DM/2016/B&W/Robust marks/02.28-04.20/IMG_0791.JPG,IMG_0791.JPG,HFW12-F7_2016_201602280420_IMG_0791.jpg,0.8402298092842102,617.0315551757812,356.2607421875,492.52911376953125,1001.640625,2048,1536,492,1001
HFW12-F7,2016,201602280420,DM,0,/Volumes/Seagate Portable Drive/KYLE_AI_DATABASE/A_CAMERA/Focal_species/Gulo gulo/HFW12-F7/DM/2016/B&W/Robust marks/02.28-04.20/IMG_0792.JPG,IMG_0792.JPG,HFW12-F7_2016_201602280420_IMG_0792.jpg,0.8845847249031067,613.2581176757812,379.548828125,492.32073974609375,1100.9061279296875,2048,1536,492,1100
HFW12-F7,2016,201602280420,DM,0,/Volumes/Seagate Portable Drive/KYLE_AI_DATABASE/A_CAMERA/Focal_species/Gulo gulo/HFW12-F7/DM/2016/B&W/Robust marks/02.28-04.20/IMG_0793.JPG,IMG_0793.JPG,HFW12-F7_2016_201602280420_IMG_0793.jpg,0.9134181141853333,613.27392578125,308.841796875,494.2396240234375,1192.330322265625,2048,1536,494,1192
HFW12-F7,2016,201602280420,DM,0,/Volumes/Seagate Portable Drive/KYLE_AI_DATABASE/A_CAMERA/Focal_species/Gulo gulo/HFW12-F7/DM/2016/B&W/Robust marks/02.28-04.20/IMG_0796.JPG,IMG_0796.JPG,HFW12-F7_2016_201602280420_IMG_0796.jpg,0.8005494475364685,617.6907958984375,72.68618774414062,487.95263671875,1301.5677490234375,2048,1536,487,1301
HFW12-F7,2016,201602280420,DM,0,/Volumes/Seagate Portable Drive/KYLE_AI_DATABASE/A_CAMERA/Focal_species/Gulo gulo/HFW12-F7/DM/2016/B&W/Robust marks/02.28-04.20/IMG_0799.JPG,IMG_0799.JPG,HFW12-F7_2016_201602280420_IMG_0799.jpg,0.8738174438476562,618.73974609375,252.333984375,482.54736328125,1080.4755859375,2048,1536,482,1080
HFW12-F7,2016,201602280420,DM,0,/Volumes/Seagate Portable Drive/KYLE_AI_DATABASE/A_CAMERA/Focal_species/Gulo gulo/HFW12-F7/DM/2016/B&W/Robust marks/02.28-04.20/IMG_0800.JPG,IMG_0800.JPG,HFW12-F7_2016_201602280420_IMG_0800.jpg,0.8160354495048523,615.978759765625,167.60385131835938,520.54833984375,1206.179443359375,2048,1536,520,1206
HFW12-F7,2016,201602280420,DM,0,/Volumes/Seagate Portable Drive/KYLE_AI_DATABASE/A_CAMERA/Focal_species/Gulo gulo/HFW12-F7/DM/2016/B&W/Robust marks/02.28-04.20/IMG_0808.JPG,IMG_0808.JPG,HFW12-F7_2016_201602280420_IMG_0808.jpg,0.9435946345329285,878.3638916015625,200.19740295410156,441.934326171875,935.4217529296875,2048,1536,441,935
HFW12-F7,2016,201602280420,DM,0,/Volumes/Seagate Portable Drive/KYLE_AI_DATABASE/A_CAMERA/Focal_species/Gulo gulo/HFW12-F7/DM/2016/B&W/Robust marks/02.28-04.20/IMG_0809.JPG,IMG_0809.JPG,HFW12-F7_2016_201602280420_IMG_0809.jpg,0.8907694220542908,885.9156494140625,326.2578125,438.5595703125,933.34716796875,2048,1536,438,933
HFW12-F7,2016,201602280420,DM,0,/Volumes/Seagate Portable Drive/KYLE_AI_DATABASE/A_CAMERA/Focal_species/Gulo gulo/HFW12-F7/DM/2016/B&W/Robust marks/02.28-04.20/IMG_0810.JPG,IMG_0810.JPG,HFW12-F7_2016_201602280420_IMG_0810.jpg,0.9056640267372131,824.3626708984375,360.91986083984375,538.826904296875,966.2622680664062,2048,1536,538,966
HFW12-F7,2016,201602280420,DM,0,/Volumes/Seagate Portable Drive/KYLE_AI_DATABASE/A_CAMERA/Focal_species/Gulo gulo/HFW12-F7/DM/2016/B&W/Robust marks/02.28-04.20/IMG_0812.JPG,IMG_0812.JPG,HFW12-F7_2016_201602280420_IMG_0812.jpg,0.8819928169250488,326.556396484375,782.6517333984375,788.3699951171875,531.1055908203125,2048,1536,788,531
HFW12-F7,2016,201602280420,DM,0,/Volumes/Seagate Portable Drive/KYLE_AI_DATABASE/A_CAMERA/Focal_species/Gulo gulo/HFW12-F7/DM/2016/B&W/Robust marks/02.28-04.20/IMG_0822.JPG,IMG_0822.JPG,HFW12-F7_2016_201602280420_IMG_0822.jpg,0.9247235059738159,919.3273315429688,230.81002807617188,343.27056884765625,920.4674072265625,2048,1536,343,920
HFW12-F7,2016,201602280420,DM,0,/Volumes/Seagate Portable Drive/KYLE_AI_DATABASE/A_CAMERA/Focal_species/Gulo gulo/HFW12-F7/DM/2016/B&W/Robust marks/02.28-04.20/IMG_0823.JPG,IMG_0823.JPG,HFW12-F7_2016_201602280420_IMG_0823.jpg,0.8974997401237488,844.0107421875,381.95361328125,466.413330078125,771.4468994140625,2048,1536,466,771
HFW12-F7,2016,201602280420,DM,0,/Volumes/Seagate Portable Drive/KYLE_AI_DATABASE/A_CAMERA/Focal_species/Gulo gulo/HFW12-F7/DM/2016/B&W/Robust marks/02.28-04.20/IMG_0824.JPG,IMG_0824.JPG,HFW12-F7_2016_201602280420_IMG_0824.jpg,0.8996638655662537,794.1826171875,369.299072265625,422.1578369140625,812.600341796875,2048,1536,422,812
HFW12-F7,2016,201602280420,DM,0,/Volumes/Seagate Portable Drive/KYLE_AI_DATABASE/A_CAMERA/Focal_species/Gulo gulo/HFW12-F7/DM/2016/B&W/Robust marks/02.28-04.20/IMG_0825.JPG,IMG_0825.JPG,HFW12-F7_2016_201602280420_IMG_0825.jpg,0.8601936101913452,787.6512451171875,348.310546875,406.9765625,883.68408203125,2048,1536,406,883
HFW12-F7,2016,201602280420,DM,0,/Volumes/Seagate Portable Drive/KYLE_AI_DATABASE/A_CAMERA/Focal_species/Gulo gulo/HFW12-F7/DM/2016/B&W/Robust marks/02.28-04.20/IMG_0826.JPG,IMG_0826.JPG,HFW12-F7_2016_201602280420_IMG_0826.jpg,0.9181467890739441,799.906982421875,263.69610595703125,470.4560546875,926.1983032226562,2048,1536,470,926
HFW12-F7,2016,201602280420,DM,0,/Volumes/Seagate Portable Drive/KYLE_AI_DATABASE/A_CAMERA/Focal_species/Gulo gulo/HFW12-F7/DM/2016/B&W/Robust marks/02.28-04.20/IMG_0827.JPG,IMG_0827.JPG,HFW12-F7_2016_201602280420_IMG_0827.jpg,0.8867260813713074,815.5738525390625,369.3414306640625,518.34765625,849.441162109375,2048,1536,518,849
HFW12-F7,2016,201602280420,DM,0,/Volumes/Seagate Portable Drive/KYLE_AI_DATABASE/A_CAMERA/Focal_species/Gulo gulo/HFW12-F7/DM/2016/B&W/Robust marks/02.28-04.20/IMG_0828.JPG,IMG_0828.JPG,HFW12-F7_2016_201602280420_IMG_0828.jpg,0.9078039526939392,813.641357421875,283.8421325683594,488.611572265625,893.3787841796875,2048,1536,488,893
HFW12-F7,2016,201602280420,DM,0,/Volumes/Seagate Portable Drive/KYLE_AI_DATABASE/A_CAMERA/Focal_species/Gulo gulo/HFW12-F7/DM/2016/B&W/Robust marks/02.28-04.20/IMG_0829.JPG,IMG_0829.JPG,HFW12-F7_2016_201602280420_IMG_0829.jpg,0.9045113325119019,798.2086791992188,274.7690734863281,487.04693603515625,881.67236328125,2048,1536,487,881
HFW12-F7,2016,201602280420,DM,0,/Volumes/Seagate Portable Drive/KYLE_AI_DATABASE/A_CAMERA/Focal_species/Gulo gulo/HFW12-F7/DM/2016/B&W/Robust marks/02.28-04.20/IMG_0830.JPG,IMG_0830.JPG,HFW12-F7_2016_201602280420_IMG_0830.jpg,0.8661254048347473,809.8548583984375,345.65509033203125,509.22509765625,845.0040893554688,2048,1536,509,845
HFW12-F7,2016,201602280420,DM,0,/Volumes/Seagate Portable Drive/KYLE_AI_DATABASE/A_CAMERA/Focal_species/Gulo gulo/HFW12-F7/DM/2016/B&W/Robust marks/02.28-04.20/IMG_0831.JPG,IMG_0831.JPG,HFW12-F7_2016_201602280420_IMG_0831.jpg,0.8353608846664429,807.5082397460938,296.1140441894531,492.10308837890625,935.4200439453125,2048,1536,492,935
HFW12-F7,2016,201602280420,DM,0,/Volumes/Seagate Portable Drive/KYLE_AI_DATABASE/A_CAMERA/Focal_species/Gulo gulo/HFW12-F7/DM/2016/B&W/Robust marks/02.28-04.20/IMG_0832.JPG,IMG_0832.JPG,HFW12-F7_2016_201602280420_IMG_0832.jpg,0.8905448317527771,805.434326171875,384.22845458984375,477.021484375,813.9214477539062,2048,1536,477,813
HFW12-F7,2016,201602280420,DM,0,/Volumes/Seagate Portable Drive/KYLE_AI_DATABASE/A_CAMERA/Focal_species/Gulo gulo/HFW12-F7/DM/2016/B&W/Robust marks/02.28-04.20/IMG_0833.JPG,IMG_0833.JPG,HFW12-F7_2016_201602280420_IMG_0833.jpg,0.9087992906570435,810.2714233398438,196.33502197265625,488.69378662109375,977.6796264648438,2048,1536,488,977
HFW12-F7,2016,201602280420,DM,0,/Volumes/Seagate Portable Drive/KYLE_AI_DATABASE/A_CAMERA/Focal_species/Gulo gulo/HFW12-F7/DM/2016/B&W/Robust marks/02.28-04.20/IMG_0834.JPG,IMG_0834.JPG,HFW12-F7_2016_201602280420_IMG_0834.jpg,0.8989589214324951,806.4195556640625,192.14199829101562,493.377685546875,996.895751953125,2048,1536,493,996
HFW12-F7,2016,201602280420,DM,0,/Volumes/Seagate Portable Drive/KYLE_AI_DATABASE/A_CAMERA/Focal_species/Gulo gulo/HFW12-F7/DM/2016/B&W/Robust marks/02.28-04.20/IMG_0835.JPG,IMG_0835.JPG,HFW12-F7_2016_201602280420_IMG_0835.jpg,0.9112789630889893,760.1318359375,233.8619842529297,585.577392578125,944.4191284179688,2048,1536,585,944
HFW12-F7,2016,201602280420,DM,0,/Volumes/Seagate Portable Drive/KYLE_AI_DATABASE/A_CAMERA/Focal_species/Gulo gulo/HFW12-F7/DM/2016/B&W/Robust marks/02.28-04.20/IMG_0838.JPG,IMG_0838.JPG,HFW12-F7_2016_201602280420_IMG_0838.jpg,0.8259914517402649,644.801025390625,231.6371612548828,681.380615234375,931.4102172851562,2048,1536,681,931
HFW12-F7,2016,201602280420,DM,0,/Volumes/Seagate Portable Drive/KYLE_AI_DATABASE/A_CAMERA/Focal_species/Gulo gulo/HFW12-F7/DM/2016/B&W/Robust marks/02.28-04.20/IMG_0839.JPG,IMG_0839.JPG,HFW12-F7_2016_201602280420_IMG_0839.jpg,0.8930529356002808,646.9719848632812,242.29495239257812,657.0502319335938,941.36083984375,2048,1536,657,941
HFW12-F7,2016,201602280420,DM,0,/Volumes/Seagate Portable Drive/KYLE_AI_DATABASE/A_CAMERA/Focal_species/Gulo gulo/HFW12-F7/DM/2016/B&W/Robust marks/02.28-04.20/IMG_0840.JPG,IMG_0840.JPG,HFW12-F7_2016_201602280420_IMG_0840.jpg,0.9078434705734253,650.118408203125,242.74237060546875,659.3123779296875,946.8700561523438,2048,1536,659,946
HFW12-F7,2016,201602280420,DM,0,/Volumes/Seagate Portable Drive/KYLE_AI_DATABASE/A_CAMERA/Focal_species/Gulo gulo/HFW12-F7/DM/2016/B&W/Robust marks/02.28-04.20/IMG_0841.JPG,IMG_0841.JPG,HFW12-F7_2016_201602280420_IMG_0841.jpg,0.907354474067688,644.8388671875,345.32928466796875,689.62548828125,876.7221069335938,2048,1536,689,876
HFW12-F7,2016,201602280420,DM,0,/Volumes/Seagate Portable Drive/KYLE_AI_DATABASE/A_CAMERA/Focal_species/Gulo gulo/HFW12-F7/DM/2016/B&W/Robust marks/02.28-04.20/IMG_0842.JPG,IMG_0842.JPG,HFW12-F7_2016_201602280420_IMG_0842.jpg,0.8509404063224792,648.2506103515625,205.7639923095703,633.8038330078125,964.0556030273438,2048,1536,633,964
HFW12-F7,2016,201602280420,DM,0,/Volumes/Seagate Portable Drive/KYLE_AI_DATABASE/A_CAMERA/Focal_species/Gulo gulo/HFW12-F7/DM/2016/B&W/Robust marks/02.28-04.20/IMG_0843.JPG,IMG_0843.JPG,HFW12-F7_2016_201602280420_IMG_0843.jpg,0.8994645476341248,809.6844482421875,208.11378479003906,528.823974609375,966.739501953125,2048,1536,528,966
HFW12-F7,2016,201602280420,DM,0,/Volumes/Seagate Portable Drive/KYLE_AI_DATABASE/A_CAMERA/Focal_species/Gulo gulo/HFW12-F7/DM/2016/B&W/Robust marks/02.28-04.20/IMG_0845.JPG,IMG_0845.JPG,HFW12-F7_2016_201602280420_IMG_0845.jpg,0.9070889353752136,833.87158203125,214.99191284179688,517.674072265625,939.810791015625,2048,1536,517,939
HFW12-F7,2016,201602280420,DM,0,/Volumes/Seagate Portable Drive/KYLE_AI_DATABASE/A_CAMERA/Focal_species/Gulo gulo/HFW12-F7/DM/2016/B&W/Robust marks/02.28-04.20/IMG_0846.JPG,IMG_0846.JPG,HFW12-F7_2016_201602280420_IMG_0846.jpg,0.8935568332672119,845.2037963867188,200.35533142089844,515.1953735351562,969.675048828125,2048,1536,515,969
HFW12-F7,2016,201602280420,DM,0,/Volumes/Seagate Portable Drive/KYLE_AI_DATABASE/A_CAMERA/Focal_species/Gulo gulo/HFW12-F7/DM/2016/B&W/Robust marks/02.28-04.20/IMG_0847.JPG,IMG_0847.JPG,HFW12-F7_2016_201602280420_IMG_0847.jpg,0.9075035452842712,820.1240234375,188.4488067626953,534.165771484375,969.8656616210938,2048,1536,534,969
HFW12-F7,2016,201602280420,DM,0,/Volumes/Seagate Portable Drive/KYLE_AI_DATABASE/A_CAMERA/Focal_species/Gulo gulo/HFW12-F7/DM/2016/B&W/Robust marks/02.28-04.20/IMG_0848.JPG,IMG_0848.JPG,HFW12-F7_2016_201602280420_IMG_0848.jpg,0.872653603553772,872.6381225585938,197.3415985107422,478.90972900390625,989.4994506835938,2048,1536,478,989
HFW12-F7,2016,201602280420,DM,0,/Volumes/Seagate Portable Drive/KYLE_AI_DATABASE/A_CAMERA/Focal_species/Gulo gulo/HFW12-F7/DM/2016/B&W/Robust marks/02.28-04.20/IMG_0849.JPG,IMG_0849.JPG,HFW12-F7_2016_201602280420_IMG_0849.jpg,0.9191672205924988,845.828125,211.86891174316406,515.975830078125,986.1231689453125,2048,1536,515,986
HFW12-F7,2016,201602280420,DM,0,/Volumes/Seagate Portable Drive/KYLE_AI_DATABASE/A_CAMERA/Focal_species/Gulo gulo/HFW12-F7/DM/2016/B&W/Robust marks/02.28-04.20/IMG_0850.JPG,IMG_0850.JPG,HFW12-F7_2016_201602280420_IMG_0850.jpg,0.8939435482025146,853.0267944335938,185.1160125732422,495.26910400390625,994.2139282226562,2048,1536,495,994
HFW12-F7,2016,201602280420,DM,0,/Volumes/Seagate Portable Drive/KYLE_AI_DATABASE/A_CAMERA/Focal_species/Gulo gulo/HFW12-F7/DM/2016/B&W/Robust marks/02.28-04.20/IMG_0851.JPG,IMG_0851.JPG,HFW12-F7_2016_201602280420_IMG_0851.jpg,0.8980399966239929,871.2887573242188,217.9603271484375,472.00054931640625,971.691650390625,2048,1536,472,971
HFW12-F7,2016,201602280420,DM,0,/Volumes/Seagate Portable Drive/KYLE_AI_DATABASE/A_CAMERA/Focal_species/Gulo gulo/HFW12-F7/DM/2016/B&W/Robust marks/02.28-04.20/IMG_0852.JPG,IMG_0852.JPG,HFW12-F7_2016_201602280420_IMG_0852.jpg,0.895179808139801,836.703125,199.144775390625,514.5263671875,920.087890625,2048,1536,514,920
HFW12-F7,2016,201602280420,DM,0,/Volumes/Seagate Portable Drive/KYLE_AI_DATABASE/A_CAMERA/Focal_species/Gulo gulo/HFW12-F7/DM/2016/B&W/Robust marks/02.28-04.20/IMG_0855.JPG,IMG_0855.JPG,HFW12-F7_2016_201602280420_IMG_0855.jpg,0.8005303740501404,772.347412109375,235.47972106933594,560.261962890625,914.0830078125,2048,1536,560,914
HFW12-F7,2016,201602280420,DM,0,/Volumes/Seagate Portable Drive/KYLE_AI_DATABASE/A_CAMERA/Focal_species/Gulo gulo/HFW12-F7/DM/2016/B&W/Robust marks/02.28-04.20/IMG_0856.JPG,IMG_0856.JPG,HFW12-F7_2016_201602280420_IMG_0856.jpg,0.8670110106468201,757.7745361328125,237.55824279785156,586.6259765625,892.5098876953125,2048,1536,586,892
HFW12-F7,2016,201602280420,DM,0,/Volumes/Seagate Portable Drive/KYLE_AI_DATABASE/A_CAMERA/Focal_species/Gulo gulo/HFW12-F7/DM/2016/B&W/Robust marks/02.28-04.20/IMG_0857.JPG,IMG_0857.JPG,HFW12-F7_2016_201602280420_IMG_0857.jpg,0.8735716342926025,777.457275390625,283.75274658203125,559.23876953125,851.1425170898438,2048,1536,559,851
HFW12-F7,2016,201602280420,DM,0,/Volumes/Seagate Portable Drive/KYLE_AI_DATABASE/A_CAMERA/Focal_species/Gulo gulo/HFW12-F7/DM/2016/B&W/Robust marks/02.28-04.20/IMG_0858.JPG,IMG_0858.JPG,HFW12-F7_2016_201602280420_IMG_0858.jpg,0.8491304516792297,755.511962890625,242.94699096679688,558.78662109375,972.422607421875,2048,1536,558,972
HFW12-F7,2016,201602280420,DM,0,/Volumes/Seagate Portable Drive/KYLE_AI_DATABASE/A_CAMERA/Focal_species/Gulo gulo/HFW12-F7/DM/2016/B&W/Robust marks/02.28-04.20/IMG_0860.JPG,IMG_0860.JPG,HFW12-F7_2016_201602280420_IMG_0860.jpg,0.9032608866691589,757.665771484375,246.0666046142578,558.64892578125,949.0784301757812,2048,1536,558,949
HFW12-F7,2016,201602280420,DM,0,/Volumes/Seagate Portable Drive/KYLE_AI_DATABASE/A_CAMERA/Focal_species/Gulo gulo/HFW12-F7/DM/2016/B&W/Robust marks/02.28-04.20/IMG_0861.JPG,IMG_0861.JPG,HFW12-F7_2016_201602280420_IMG_0861.jpg,0.9070386290550232,748.1729125976562,238.752685546875,573.4376831054688,945.5811767578125,2048,1536,573,945
HFW12-F7,2016,201602280420,DM,0,/Volumes/Seagate Portable Drive/KYLE_AI_DATABASE/A_CAMERA/Focal_species/Gulo gulo/HFW12-F7/DM/2016/B&W/Robust marks/02.28-04.20/IMG_0863.JPG,IMG_0863.JPG,HFW12-F7_2016_201602280420_IMG_0863.jpg,0.8017927408218384,731.1064453125,227.54974365234375,560.2911376953125,928.8173217773438,2048,1536,560,928
HFW12-F7,2016,201602280420,DM,0,/Volumes/Seagate Portable Drive/KYLE_AI_DATABASE/A_CAMERA/Focal_species/Gulo gulo/HFW12-F7/DM/2016/B&W/Robust marks/02.28-04.20/IMG_0865.JPG,IMG_0865.JPG,HFW12-F7_2016_201602280420_IMG_0865.jpg,0.8205888271331787,733.8782348632812,246.172119140625,553.4782104492188,930.6448974609375,2048,1536,553,930
HFW12-F7,2016,201602280420,DM,0,/Volumes/Seagate Portable Drive/KYLE_AI_DATABASE/A_CAMERA/Focal_species/Gulo gulo/HFW12-F7/DM/2016/B&W/Robust marks/02.28-04.20/IMG_0866.JPG,IMG_0866.JPG,HFW12-F7_2016_201602280420_IMG_0866.jpg,0.8260549902915955,705.328369140625,180.2874755859375,569.076416015625,980.3995361328125,2048,1536,569,980
HFW12-F7,2016,201602280420,DM,0,/Volumes/Seagate Portable Drive/KYLE_AI_DATABASE/A_CAMERA/Focal_species/Gulo gulo/HFW12-F7/DM/2016/B&W/Robust marks/02.28-04.20/IMG_0867.JPG,IMG_0867.JPG,HFW12-F7_2016_201602280420_IMG_0867.jpg,0.8825467824935913,797.38623046875,238.0355987548828,591.851806640625,895.0979614257812,2048,1536,591,895
HFW12-F7,2016,201602280420,DM,0,/Volumes/Seagate Portable Drive/KYLE_AI_DATABASE/A_CAMERA/Focal_species/Gulo gulo/HFW12-F7/DM/2016/B&W/Robust marks/02.28-04.20/IMG_0868.JPG,IMG_0868.JPG,HFW12-F7_2016_201602280420_IMG_0868.jpg,0.9190098643302917,803.3269653320312,229.23779296875,500.34100341796875,941.298583984375,2048,1536,500,941
HFW12-F7,2016,201602280420,DM,0,/Volumes/Seagate Portable Drive/KYLE_AI_DATABASE/A_CAMERA/Focal_species/Gulo gulo/HFW12-F7/DM/2016/B&W/Robust marks/02.28-04.20/IMG_0869.JPG,IMG_0869.JPG,HFW12-F7_2016_201602280420_IMG_0869.jpg,0.9010462164878845,799.8614501953125,226.8504638671875,508.30859375,925.6890869140625,2048,1536,508,925
HFW12-F7,2016,201602280420,DM,0,/Volumes/Seagate Portable Drive/KYLE_AI_DATABASE/A_CAMERA/Focal_species/Gulo gulo/HFW12-F7/DM/2016/B&W/Robust marks/02.28-04.20/IMG_0870.JPG,IMG_0870.JPG,HFW12-F7_2016_201602280420_IMG_0870.jpg,0.9189207553863525,793.2642822265625,218.99464416503906,516.967041015625,942.74951171875,2048,1536,516,942
HFW12-F7,2016,201602280420,DM,0,/Volumes/Seagate Portable Drive/KYLE_AI_DATABASE/A_CAMERA/Focal_species/Gulo gulo/HFW12-F7/DM/2016/B&W/Robust marks/02.28-04.20/IMG_0871.JPG,IMG_0871.JPG,HFW12-F7_2016_201602280420_IMG_0871.jpg,0.8598052859306335,806.9715576171875,237.84397888183594,519.75634765625,944.39794921875,2048,1536,519,944
HFW12-F7,2016,201602280420,DM,0,/Volumes/Seagate Portable Drive/KYLE_AI_DATABASE/A_CAMERA/Focal_species/Gulo gulo/HFW12-F7/DM/2016/B&W/Robust marks/02.28-04.20/IMG_0872.JPG,IMG_0872.JPG,HFW12-F7_2016_201602280420_IMG_0872.jpg,0.8937315344810486,823.54736328125,219.50198364257812,498.527587890625,964.412841796875,2048,1536,498,964
HFW12-F7,2016,201602280420,DM,0,/Volumes/Seagate Portable Drive/KYLE_AI_DATABASE/A_CAMERA/Focal_species/Gulo gulo/HFW12-F7/DM/2016/B&W/Robust marks/02.28-04.20/IMG_0873.JPG,IMG_0873.JPG,HFW12-F7_2016_201602280420_IMG_0873.jpg,0.8557718992233276,807.3780517578125,226.41160583496094,518.170654296875,926.817626953125,2048,1536,518,926
HFW12-F7,2016,201602280420,DM,0,/Volumes/Seagate Portable Drive/KYLE_AI_DATABASE/A_CAMERA/Focal_species/Gulo gulo/HFW12-F7/DM/2016/B&W/Robust marks/02.28-04.20/IMG_0874.JPG,IMG_0874.JPG,HFW12-F7_2016_201602280420_IMG_0874.jpg,0.9219835996627808,811.0386962890625,222.30079650878906,504.78466796875,893.440185546875,2048,1536,504,893
HFW12-F7,2016,201602280420,DM,0,/Volumes/Seagate Portable Drive/KYLE_AI_DATABASE/A_CAMERA/Focal_species/Gulo gulo/HFW12-F7/DM/2016/B&W/Robust marks/02.28-04.20/IMG_0875.JPG,IMG_0875.JPG,HFW12-F7_2016_201602280420_IMG_0875.jpg,0.9090434312820435,790.646728515625,241.78729248046875,514.302734375,903.4505004882812,2048,1536,514,903
HFW12-F7,2016,201602280420,DM,0,/Volumes/Seagate Portable Drive/KYLE_AI_DATABASE/A_CAMERA/Focal_species/Gulo gulo/HFW12-F7/DM/2016/B&W/Robust marks/02.28-04.20/IMG_0876.JPG,IMG_0876.JPG,HFW12-F7_2016_201602280420_IMG_0876.jpg,0.9189017415046692,775.7635498046875,196.9647216796875,520.85595703125,947.2574462890625,2048,1536,520,947
HFW12-F7,2016,201602280420,DM,0,/Volumes/Seagate Portable Drive/KYLE_AI_DATABASE/A_CAMERA/Focal_species/Gulo gulo/HFW12-F7/DM/2016/B&W/Robust marks/02.28-04.20/IMG_0877.JPG,IMG_0877.JPG,HFW12-F7_2016_201602280420_IMG_0877.jpg,0.88580322265625,772.815185546875,190.1439971923828,543.503662109375,929.4937133789062,2048,1536,543,929
HFW12-F7,2016,201602280420,DM,0,/Volumes/Seagate Portable Drive/KYLE_AI_DATABASE/A_CAMERA/Focal_species/Gulo gulo/HFW12-F7/DM/2016/B&W/Robust marks/02.28-04.20/IMG_0878.JPG,IMG_0878.JPG,HFW12-F7_2016_201602280420_IMG_0878.jpg,0.8334071636199951,774.818115234375,229.11900329589844,566.349853515625,932.525146484375,2048,1536,566,932
HFW12-F7,2016,201602280420,DM,0,/Volumes/Seagate Portable Drive/KYLE_AI_DATABASE/A_CAMERA/Focal_species/Gulo gulo/HFW12-F7/DM/2016/B&W/Robust marks/02.28-04.20/IMG_0879.JPG,IMG_0879.JPG,HFW12-F7_2016_201602280420_IMG_0879.jpg,0.9090557098388672,758.0029296875,205.31149291992188,586.412109375,915.186767578125,2048,1536,586,915
HFW12-F7,2016,201602280420,DM,0,/Volumes/Seagate Portable Drive/KYLE_AI_DATABASE/A_CAMERA/Focal_species/Gulo gulo/HFW12-F7/DM/2016/B&W/Robust marks/02.28-04.20/IMG_0880.JPG,IMG_0880.JPG,HFW12-F7_2016_201602280420_IMG_0880.jpg,0.9199104309082031,770.0272216796875,266.4912414550781,573.66064453125,873.2412109375,2048,1536,573,873
HFW12-F7,2016,201602280420,DM,0,/Volumes/Seagate Portable Drive/KYLE_AI_DATABASE/A_CAMERA/Focal_species/Gulo gulo/HFW12-F7/DM/2016/B&W/Robust marks/02.28-04.20/IMG_0881.JPG,IMG_0881.JPG,HFW12-F7_2016_201602280420_IMG_0881.jpg,0.9058982729911804,771.6868896484375,228.00393676757812,541.836669921875,943.1221923828125,2048,1536,541,943
HFW12-F7,2016,201602280420,DM,0,/Volumes/Seagate Portable Drive/KYLE_AI_DATABASE/A_CAMERA/Focal_species/Gulo gulo/HFW12-F7/DM/2016/B&W/Robust marks/02.28-04.20/IMG_0882.JPG,IMG_0882.JPG,HFW12-F7_2016_201602280420_IMG_0882.jpg,0.8185948729515076,764.4100952148438,253.0385284423828,559.5637817382812,935.7659301757812,2048,1536,559,935
HFW12-F7,2016,201602280420,DM,0,/Volumes/Seagate Portable Drive/KYLE_AI_DATABASE/A_CAMERA/Focal_species/Gulo gulo/HFW12-F7/DM/2016/B&W/Robust marks/02.28-04.20/IMG_0883.JPG,IMG_0883.JPG,HFW12-F7_2016_201602280420_IMG_0883.jpg,0.8555433750152588,780.6703491210938,249.25172424316406,550.0657348632812,964.2991943359375,2048,1536,550,964
HFW12-F7,2016,201602280420,DM,0,/Volumes/Seagate Portable Drive/KYLE_AI_DATABASE/A_CAMERA/Focal_species/Gulo gulo/HFW12-F7/DM/2016/B&W/Robust marks/02.28-04.20/IMG_0884.JPG,IMG_0884.JPG,HFW12-F7_2016_201602280420_IMG_0884.jpg,0.8889697194099426,785.83837890625,233.7100067138672,541.40087890625,988.9596557617188,2048,1536,541,988
HFW12-F7,2016,201602280420,DM,0,/Volumes/Seagate Portable Drive/KYLE_AI_DATABASE/A_CAMERA/Focal_species/Gulo gulo/HFW12-F7/DM/2016/B&W/Robust marks/02.28-04.20/IMG_0885.JPG,IMG_0885.JPG,HFW12-F7_2016_201602280420_IMG_0885.jpg,0.8668001294136047,776.6702880859375,319.5079345703125,549.808837890625,905.6719970703125,2048,1536,549,905
HFW12-F7,2016,201602280420,DM,0,/Volumes/Seagate Portable Drive/KYLE_AI_DATABASE/A_CAMERA/Focal_species/Gulo gulo/HFW12-F7/DM/2016/B&W/Robust marks/02.28-04.20/IMG_0886.JPG,IMG_0886.JPG,HFW12-F7_2016_201602280420_IMG_0886.jpg,0.8369723558425903,776.4176025390625,301.44110107421875,550.09228515625,922.1472778320312,2048,1536,550,922
HFW12-F7,2016,201602280420,DM,0,/Volumes/Seagate Portable Drive/KYLE_AI_DATABASE/A_CAMERA/Focal_species/Gulo gulo/HFW12-F7/DM/2016/B&W/Robust marks/02.28-04.20/IMG_0887.JPG,IMG_0887.JPG,HFW12-F7_2016_201602280420_IMG_0887.jpg,0.865765392780304,779.34326171875,334.7230224609375,545.6865234375,888.42333984375,2048,1536,545,888
HFW12-F7,2016,201602280420,DM,0,/Volumes/Seagate Portable Drive/KYLE_AI_DATABASE/A_CAMERA/Focal_species/Gulo gulo/HFW12-F7/DM/2016/B&W/Robust marks/02.28-04.20/IMG_0888.JPG,IMG_0888.JPG,HFW12-F7_2016_201602280420_IMG_0888.jpg,0.8903441429138184,60.249847412109375,900.875,808.15234375,601.291015625,2048,1536,808,601
HFW12-F7,2016,201602280420,DM,0,/Volumes/Seagate Portable Drive/KYLE_AI_DATABASE/A_CAMERA/Focal_species/Gulo gulo/HFW12-F7/DM/2016/B&W/Robust marks/02.28-04.20/IMG_0891.JPG,IMG_0891.JPG,HFW12-F7_2016_201602280420_IMG_0891.jpg,0.9340680241584778,523.5775146484375,805.9505615234375,561.161376953125,697.8388671875,2048,1536,561,697
HFW12-F7,2016,201602280420,DM,0,/Volumes/Seagate Portable Drive/KYLE_AI_DATABASE/A_CAMERA/Focal_species/Gulo gulo/HFW12-F7/DM/2016/B&W/Robust marks/02.28-04.20/IMG_0892.JPG,IMG_0892.JPG,HFW12-F7_2016_201602280420_IMG_0892.jpg,0.938748836517334,496.00982666015625,791.25048828125,616.8895874023438,711.657470703125,2048,1536,616,711
HFW12-F7,2016,201602280420,DM,0,/Volumes/Seagate Portable Drive/KYLE_AI_DATABASE/A_CAMERA/Focal_species/Gulo gulo/HFW12-F7/DM/2016/B&W/Robust marks/02.28-04.20/IMG_0893.JPG,IMG_0893.JPG,HFW12-F7_2016_201602280420_IMG_0893.jpg,0.9397274851799011,471.5752868652344,789.982666015625,644.73974609375,712.780517578125,2048,1536,644,712
HFW12-F7,2016,201602280420,DM,0,/Volumes/Seagate Portable Drive/KYLE_AI_DATABASE/A_CAMERA/Focal_species/Gulo gulo/HFW12-F7/DM/2016/B&W/Robust marks/02.28-04.20/IMG_0894.JPG,IMG_0894.JPG,HFW12-F7_2016_201602280420_IMG_0894.jpg,0.9305292963981628,493.4156799316406,750.9345703125,630.75439453125,751.679931640625,2048,1536,630,751
HFW12-F7,2016,201602280420,DM,0,/Volumes/Seagate Portable Drive/KYLE_AI_DATABASE/A_CAMERA/Focal_species/Gulo gulo/HFW12-F7/DM/2016/B&W/Robust marks/02.28-04.20/IMG_0895.JPG,IMG_0895.JPG,HFW12-F7_2016_201602280420_IMG_0895.jpg,0.9423176646232605,460.93267822265625,760.1119995117188,658.4728393554688,742.3031616210938,2048,1536,658,742
HFW12-F7,2016,201602280420,DM,0,/Volumes/Seagate Portable Drive/KYLE_AI_DATABASE/A_CAMERA/Focal_species/Gulo gulo/HFW12-F7/DM/2016/B&W/Robust marks/02.28-04.20/IMG_0896.JPG,IMG_0896.JPG,HFW12-F7_2016_201602280420_IMG_0896.jpg,0.9522162675857544,353.6040954589844,753.756591796875,781.7108154296875,746.455322265625,2048,1536,781,746
HFW12-F7,2016,201602280420,DM,0,/Volumes/Seagate Portable Drive/KYLE_AI_DATABASE/A_CAMERA/Focal_species/Gulo gulo/HFW12-F7/DM/2016/B&W/Robust marks/02.28-04.20/IMG_0897.JPG,IMG_0897.JPG,HFW12-F7_2016_201602280420_IMG_0897.jpg,0.9479289054870605,352.3937683105469,762.3037719726562,773.3206787109375,738.2649536132812,2048,1536,773,738
HFW12-F7,2016,201602280420,DM,0,/Volumes/Seagate Portable Drive/KYLE_AI_DATABASE/A_CAMERA/Focal_species/Gulo gulo/HFW12-F7/DM/2016/B&W/Robust marks/02.28-04.20/IMG_0898.JPG,IMG_0898.JPG,HFW12-F7_2016_201602280420_IMG_0898.jpg,0.9350800514221191,432.8038635253906,739.3428955078125,668.892333984375,758.668212890625,2048,1536,668,758
HFW12-F7,2016,201602280420,DM,0,/Volumes/Seagate Portable Drive/KYLE_AI_DATABASE/A_CAMERA/Focal_species/Gulo gulo/HFW12-F7/DM/2016/B&W/Robust marks/02.28-04.20/IMG_0899.JPG,IMG_0899.JPG,HFW12-F7_2016_201602280420_IMG_0899.jpg,0.9288384914398193,429.3442077636719,742.110107421875,702.5255126953125,755.5458984375,2048,1536,702,755
HFW12-F7,2016,201602280420,DM,0,/Volumes/Seagate Portable Drive/KYLE_AI_DATABASE/A_CAMERA/Focal_species/Gulo gulo/HFW12-F7/DM/2016/B&W/Robust marks/02.28-04.20/IMG_0900.JPG,IMG_0900.JPG,HFW12-F7_2016_201602280420_IMG_0900.jpg,0.8954463601112366,615.0485229492188,672.8914184570312,502.31646728515625,828.9796752929688,2048,1536,502,828
HFW12-F7,2016,201602280420,DM,0,/Volumes/Seagate Portable Drive/KYLE_AI_DATABASE/A_CAMERA/Focal_species/Gulo gulo/HFW12-F7/DM/2016/B&W/Robust marks/02.28-04.20/IMG_0904.JPG,IMG_0904.JPG,HFW12-F7_2016_201602280420_IMG_0904.jpg,0.8033505082130432,611.8243408203125,194.77725219726562,485.8345947265625,1178.559814453125,2048,1536,485,1178
HFW12-F7,2016,201602280420,DM,0,/Volumes/Seagate Portable Drive/KYLE_AI_DATABASE/A_CAMERA/Focal_species/Gulo gulo/HFW12-F7/DM/2016/B&W/Robust marks/02.28-04.20/IMG_0905.JPG,IMG_0905.JPG,HFW12-F7_2016_201602280420_IMG_0905.jpg,0.8495475053787231,612.8522338867188,244.74806213378906,480.37005615234375,1089.9146728515625,2048,1536,480,1089
HFW12-F7,2016,201602280420,DM,0,/Volumes/Seagate Portable Drive/KYLE_AI_DATABASE/A_CAMERA/Focal_species/Gulo gulo/HFW12-F7/DM/2016/B&W/Robust marks/02.28-04.20/IMG_0906.JPG,IMG_0906.JPG,HFW12-F7_2016_201602280420_IMG_0906.jpg,0.8649721741676331,616.3599853515625,364.6687316894531,477.7349853515625,968.1751708984375,2048,1536,477,968
HFW12-F7,2016,201602280420,DM,0,/Volumes/Seagate Portable Drive/KYLE_AI_DATABASE/A_CAMERA/Focal_species/Gulo gulo/HFW12-F7/DM/2016/B&W/Robust marks/02.28-04.20/IMG_0907.JPG,IMG_0907.JPG,HFW12-F7_2016_201602280420_IMG_0907.jpg,0.8177342414855957,614.510498046875,372.75469970703125,475.95068359375,1089.467041015625,2048,1536,475,1089
HFW12-F7,2016,201602280420,DM,0,/Volumes/Seagate Portable Drive/KYLE_AI_DATABASE/A_CAMERA/Focal_species/Gulo gulo/HFW12-F7/DM/2016/B&W/Robust marks/02.28-04.20/IMG_0908.JPG,IMG_0908.JPG,HFW12-F7_2016_201602280420_IMG_0908.jpg,0.8344788551330566,614.8485107421875,356.40234375,478.2176513671875,1004.544189453125,2048,1536,478,1004
HFW12-F7,2016,201602280420,DM,0,/Volumes/Seagate Portable Drive/KYLE_AI_DATABASE/A_CAMERA/Focal_species/Gulo gulo/HFW12-F7/DM/2016/B&W/Robust marks/02.28-04.20/IMG_0909.JPG,IMG_0909.JPG,HFW12-F7_2016_201602280420_IMG_0909.jpg,0.8461620211601257,616.038818359375,373.6785888671875,473.4139404296875,1019.5858154296875,2048,1536,473,1019
HFW12-F7,2016,201602280420,DM,0,/Volumes/Seagate Portable Drive/KYLE_AI_DATABASE/A_CAMERA/Focal_species/Gulo gulo/HFW12-F7/DM/2016/B&W/Robust marks/02.28-04.20/IMG_0912.JPG,IMG_0912.JPG,HFW12-F7_2016_201602280420_IMG_0912.jpg,0.8331702351570129,616.5435180664062,344.35711669921875,474.20330810546875,969.4850463867188,2048,1536,474,969
HFW12-F7,2016,201602280420,DM,0,/Volumes/Seagate Portable Drive/KYLE_AI_DATABASE/A_CAMERA/Focal_species/Gulo gulo/HFW12-F7/DM/2016/B&W/Robust marks/02.28-04.20/IMG_0913.JPG,IMG_0913.JPG,HFW12-F7_2016_201602280420_IMG_0913.jpg,0.8063565492630005,615.6226806640625,309.64556884765625,474.1419677734375,1149.14208984375,2048,1536,474,1149
HFW12-F7,2016,201602280420,DM,0,/Volumes/Seagate Portable Drive/KYLE_AI_DATABASE/A_CAMERA/Focal_species/Gulo gulo/HFW12-F7/DM/2016/B&W/Robust marks/02.28-04.20/IMG_0914.JPG,IMG_0914.JPG,HFW12-F7_2016_201602280420_IMG_0914.jpg,0.8189976215362549,615.9995727539062,257.65087890625,472.05780029296875,1073.52587890625,2048,1536,472,1073
HFW12-F7,2016,201602280420,DM,0,/Volumes/Seagate Portable Drive/KYLE_AI_DATABASE/A_CAMERA/Focal_species/Gulo gulo/HFW12-F7/DM/2016/B&W/Robust marks/02.28-04.20/IMG_0915.JPG,IMG_0915.JPG,HFW12-F7_2016_201602280420_IMG_0915.jpg,0.8441120982170105,613.0316162109375,222.62576293945312,480.699951171875,1099.00927734375,2048,1536,480,1099
HFW12-F7,2016,201602280420,DM,0,/Volumes/Seagate Portable Drive/KYLE_AI_DATABASE/A_CAMERA/Focal_species/Gulo gulo/HFW12-F7/DM/2016/B&W/Robust marks/02.28-04.20/IMG_0916.JPG,IMG_0916.JPG,HFW12-F7_2016_201602280420_IMG_0916.jpg,0.8741850256919861,614.5161743164062,233.20925903320312,471.15972900390625,1082.4007568359375,2048,1536,471,1082
HFW12-F7,2016,201602280420,DM,0,/Volumes/Seagate Portable Drive/KYLE_AI_DATABASE/A_CAMERA/Focal_species/Gulo gulo/HFW12-F7/DM/2016/B&W/Robust marks/02.28-04.20/IMG_0917.JPG,IMG_0917.JPG,HFW12-F7_2016_201602280420_IMG_0917.jpg,0.809928834438324,611.3485717773438,236.54397583007812,477.40863037109375,1119.470458984375,2048,1536,477,1119
HFW12-F7,2016,201602280420,DM,0,/Volumes/Seagate Portable Drive/KYLE_AI_DATABASE/A_CAMERA/Focal_species/Gulo gulo/HFW12-F7/DM/2016/B&W/Robust marks/02.28-04.20/IMG_0918.JPG,IMG_0918.JPG,HFW12-F7_2016_201602280420_IMG_0918.jpg,0.8136605024337769,614.5499267578125,228.336181640625,472.191650390625,1247.93408203125,2048,1536,472,1247
HFW12-F7,2016,201602280420,DM,0,/Volumes/Seagate Portable Drive/KYLE_AI_DATABASE/A_CAMERA/Focal_species/Gulo gulo/HFW12-F7/DM/2016/B&W/Robust marks/02.28-04.20/IMG_0919.JPG,IMG_0919.JPG,HFW12-F7_2016_201602280420_IMG_0919.jpg,0.8029273748397827,614.524658203125,294.3796691894531,468.4603271484375,1056.4744873046875,2048,1536,468,1056
HFW12-F7,2016,201602280420,DM,0,/Volumes/Seagate Portable Drive/KYLE_AI_DATABASE/A_CAMERA/Focal_species/Gulo gulo/HFW12-F7/DM/2016/B&W/Robust marks/02.28-04.20/IMG_0920.JPG,IMG_0920.JPG,HFW12-F7_2016_201602280420_IMG_0920.jpg,0.841844379901886,612.8057250976562,220.67715454101562,470.69793701171875,1112.1595458984375,2048,1536,470,1112
HFW12-F7,2016,201602280420,DM,0,/Volumes/Seagate Portable Drive/KYLE_AI_DATABASE/A_CAMERA/Focal_species/Gulo gulo/HFW12-F7/DM/2016/B&W/Robust marks/02.28-04.20/IMG_0921.JPG,IMG_0921.JPG,HFW12-F7_2016_201602280420_IMG_0921.jpg,0.8760392069816589,616.6557006835938,229.9254913330078,474.93817138671875,1247.849609375,2048,1536,474,1247
HFW12-F7,2016,201602280420,DM,0,/Volumes/Seagate Portable Drive/KYLE_AI_DATABASE/A_CAMERA/Focal_species/Gulo gulo/HFW12-F7/DM/2016/B&W/Robust marks/02.28-04.20/IMG_0922.JPG,IMG_0922.JPG,HFW12-F7_2016_201602280420_IMG_0922.jpg,0.8311878442764282,616.1224975585938,237.5316925048828,480.71551513671875,1139.5213623046875,2048,1536,480,1139
HFW12-F7,2016,201602280420,DM,0,/Volumes/Seagate Portable Drive/KYLE_AI_DATABASE/A_CAMERA/Focal_species/Gulo gulo/HFW12-F7/DM/2016/B&W/Robust marks/02.28-04.20/IMG_0923.JPG,IMG_0923.JPG,HFW12-F7_2016_201602280420_IMG_0923.jpg,0.8026332855224609,614.340576171875,225.3208465576172,477.5447998046875,1235.653076171875,2048,1536,477,1235
HFW12-F7,2016,201602280420,DM,0,/Volumes/Seagate Portable Drive/KYLE_AI_DATABASE/A_CAMERA/Focal_species/Gulo gulo/HFW12-F7/DM/2016/B&W/Robust marks/02.28-04.20/IMG_0925.JPG,IMG_0925.JPG,HFW12-F7_2016_201602280420_IMG_0925.jpg,0.8222970962524414,615.1658935546875,222.5237274169922,473.3736572265625,1114.5010986328125,2048,1536,473,1114
HFW12-F7,2016,201602280420,DM,0,/Volumes/Seagate Portable Drive/KYLE_AI_DATABASE/A_CAMERA/Focal_species/Gulo gulo/HFW12-F7/DM/2016/B&W/Robust marks/02.28-04.20/IMG_0927.JPG,IMG_0927.JPG,HFW12-F7_2016_201602280420_IMG_0927.jpg,0.8232269883155823,614.7465209960938,218.97715759277344,476.33184814453125,1134.6121826171875,2048,1536,476,1134
HFW12-F7,2016,201602280420,DM,0,/Volumes/Seagate Portable Drive/KYLE_AI_DATABASE/A_CAMERA/Focal_species/Gulo gulo/HFW12-F7/DM/2016/B&W/Robust marks/02.28-04.20/IMG_0929.JPG,IMG_0929.JPG,HFW12-F7_2016_201602280420_IMG_0929.jpg,0.8190855979919434,616.0087890625,250.52810668945312,471.8572998046875,1075.9559326171875,2048,1536,471,1075
HFW12-F7,2016,201602280420,DM,0,/Volumes/Seagate Portable Drive/KYLE_AI_DATABASE/A_CAMERA/Focal_species/Gulo gulo/HFW12-F7/DM/2016/B&W/Robust marks/02.28-04.20/IMG_0930.JPG,IMG_0930.JPG,HFW12-F7_2016_201602280420_IMG_0930.jpg,0.8692322969436646,614.8839111328125,235.5537872314453,475.8614501953125,1080.4674072265625,2048,1536,475,1080
HFW12-F7,2016,201602280420,DM,0,/Volumes/Seagate Portable Drive/KYLE_AI_DATABASE/A_CAMERA/Focal_species/Gulo gulo/HFW12-F7/DM/2016/B&W/Robust marks/02.28-04.20/IMG_0931.JPG,IMG_0931.JPG,HFW12-F7_2016_201602280420_IMG_0931.jpg,0.8191419839859009,616.87890625,293.34918212890625,472.0577392578125,1033.349853515625,2048,1536,472,1033
HFW12-F7,2016,201602280420,DM,0,/Volumes/Seagate Portable Drive/KYLE_AI_DATABASE/A_CAMERA/Focal_species/Gulo gulo/HFW12-F7/DM/2016/B&W/Robust marks/02.28-04.20/IMG_0932.JPG,IMG_0932.JPG,HFW12-F7_2016_201602280420_IMG_0932.jpg,0.8589664697647095,616.0780029296875,308.85260009765625,471.8792724609375,1028.995361328125,2048,1536,471,1028
HFW12-F7,2016,201602280420,DM,0,/Volumes/Seagate Portable Drive/KYLE_AI_DATABASE/A_CAMERA/Focal_species/Gulo gulo/HFW12-F7/DM/2016/B&W/Robust marks/02.28-04.20/IMG_0933.JPG,IMG_0933.JPG,HFW12-F7_2016_201602280420_IMG_0933.jpg,0.8889846801757812,616.855224609375,231.28903198242188,473.8035888671875,1079.3631591796875,2048,1536,473,1079
HFW12-F7,2016,201602280420,DM,0,/Volumes/Seagate Portable Drive/KYLE_AI_DATABASE/A_CAMERA/Focal_species/Gulo gulo/HFW12-F7/DM/2016/B&W/Robust marks/02.28-04.20/IMG_0934.JPG,IMG_0934.JPG,HFW12-F7_2016_201602280420_IMG_0934.jpg,0.8951466083526611,616.1215209960938,305.87286376953125,473.61871337890625,1006.3588256835938,2048,1536,473,1006
HFW12-F7,2016,201602280420,DM,0,/Volumes/Seagate Portable Drive/KYLE_AI_DATABASE/A_CAMERA/Focal_species/Gulo gulo/HFW12-F7/DM/2016/B&W/Robust marks/02.28-04.20/IMG_0935.JPG,IMG_0935.JPG,HFW12-F7_2016_201602280420_IMG_0935.jpg,0.8641319274902344,616.1947021484375,301.44219970703125,478.2266845703125,1010.3418579101562,2048,1536,478,1010
HFW12-F7,2016,201602280420,DM,0,/Volumes/Seagate Portable Drive/KYLE_AI_DATABASE/A_CAMERA/Focal_species/Gulo gulo/HFW12-F7/DM/2016/B&W/Robust marks/02.28-04.20/IMG_0936.JPG,IMG_0936.JPG,HFW12-F7_2016_201602280420_IMG_0936.jpg,0.8804059028625488,615.511962890625,258.8683776855469,474.63037109375,1050.8797607421875,2048,1536,474,1050
HFW12-F7,2016,201602280420,DM,0,/Volumes/Seagate Portable Drive/KYLE_AI_DATABASE/A_CAMERA/Focal_species/Gulo gulo/HFW12-F7/DM/2016/B&W/Robust marks/02.28-04.20/IMG_0937.JPG,IMG_0937.JPG,HFW12-F7_2016_201602280420_IMG_0937.jpg,0.8700549006462097,614.1121826171875,244.11300659179688,479.312744140625,1076.8983154296875,2048,1536,479,1076
HFW12-F7,2016,201602280420,DM,0,/Volumes/Seagate Portable Drive/KYLE_AI_DATABASE/A_CAMERA/Focal_species/Gulo gulo/HFW12-F7/DM/2016/B&W/Robust marks/02.28-04.20/IMG_0938.JPG,IMG_0938.JPG,HFW12-F7_2016_201602280420_IMG_0938.jpg,0.8559213876724243,618.1487426757812,279.02703857421875,472.02313232421875,1042.227783203125,2048,1536,472,1042
HFW12-F7,2016,201602280420,DM,0,/Volumes/Seagate Portable Drive/KYLE_AI_DATABASE/A_CAMERA/Focal_species/Gulo gulo/HFW12-F7/DM/2016/B&W/Robust marks/02.28-04.20/IMG_0939.JPG,IMG_0939.JPG,HFW12-F7_2016_201602280420_IMG_0939.jpg,0.8461403846740723,614.780029296875,228.23309326171875,470.6417236328125,1160.917236328125,2048,1536,470,1160
HFW12-F7,2016,201602280420,DM,0,/Volumes/Seagate Portable Drive/KYLE_AI_DATABASE/A_CAMERA/Focal_species/Gulo gulo/HFW12-F7/DM/2016/B&W/Robust marks/02.28-04.20/IMG_0940.JPG,IMG_0940.JPG,HFW12-F7_2016_201602280420_IMG_0940.jpg,0.8902937769889832,617.1802978515625,240.22064208984375,474.931884765625,1064.644775390625,2048,1536,474,1064
HFW12-F7,2016,201602280420,DM,0,/Volumes/Seagate Portable Drive/KYLE_AI_DATABASE/A_CAMERA/Focal_species/Gulo gulo/HFW12-F7/DM/2016/B&W/Robust marks/02.28-04.20/IMG_0941.JPG,IMG_0941.JPG,HFW12-F7_2016_201602280420_IMG_0941.jpg,0.806247889995575,616.2333984375,248.40147399902344,479.790283203125,1102.5247802734375,2048,1536,479,1102
HFW12-F7,2016,201602280420,DM,0,/Volumes/Seagate Portable Drive/KYLE_AI_DATABASE/A_CAMERA/Focal_species/Gulo gulo/HFW12-F7/DM/2016/B&W/Robust marks/02.28-04.20/IMG_0943.JPG,IMG_0943.JPG,HFW12-F7_2016_201602280420_IMG_0943.jpg,0.8958801627159119,617.1956787109375,272.7911376953125,474.96337890625,1040.1734619140625,2048,1536,474,1040
HFW12-F7,2016,201602280420,DM,0,/Volumes/Seagate Portable Drive/KYLE_AI_DATABASE/A_CAMERA/Focal_species/Gulo gulo/HFW12-F7/DM/2016/B&W/Robust marks/02.28-04.20/IMG_0945.JPG,IMG_0945.JPG,HFW12-F7_2016_201602280420_IMG_0945.jpg,0.8445580005645752,615.7935791015625,327.79248046875,478.635986328125,994.688720703125,2048,1536,478,994
HFW12-F7,2016,201602280420,DM,0,/Volumes/Seagate Portable Drive/KYLE_AI_DATABASE/A_CAMERA/Focal_species/Gulo gulo/HFW12-F7/DM/2016/B&W/Robust marks/02.28-04.20/IMG_0947.JPG,IMG_0947.JPG,HFW12-F7_2016_201602280420_IMG_0947.jpg,0.8249896764755249,616.2393798828125,369.34423828125,475.5054931640625,1040.540771484375,2048,1536,475,1040
HFW12-F7,2016,201602280420,DM,0,/Volumes/Seagate Portable Drive/KYLE_AI_DATABASE/A_CAMERA/Focal_species/Gulo gulo/HFW12-F7/DM/2016/B&W/Robust marks/02.28-04.20/IMG_0948.JPG,IMG_0948.JPG,HFW12-F7_2016_201602280420_IMG_0948.jpg,0.8208065629005432,615.2000122070312,362.08575439453125,472.76751708984375,1056.4560546875,2048,1536,472,1056
HFW12-F7,2016,201602280420,DM,0,/Volumes/Seagate Portable Drive/KYLE_AI_DATABASE/A_CAMERA/Focal_species/Gulo gulo/HFW12-F7/DM/2016/B&W/Robust marks/02.28-04.20/IMG_0951.JPG,IMG_0951.JPG,HFW12-F7_2016_201602280420_IMG_0951.jpg,0.8330833911895752,613.8057861328125,286.82415771484375,477.07373046875,1130.984619140625,2048,1536,477,1130
HFW12-F7,2016,201602280420,DM,0,/Volumes/Seagate Portable Drive/KYLE_AI_DATABASE/A_CAMERA/Focal_species/Gulo gulo/HFW12-F7/DM/2016/B&W/Robust marks/02.28-04.20/IMG_0952.JPG,IMG_0952.JPG,HFW12-F7_2016_201602280420_IMG_0952.jpg,0.868137538433075,615.0291137695312,242.02349853515625,490.19158935546875,1088.85400390625,2048,1536,490,1088
HFW12-F7,2016,201602280420,DM,0,/Volumes/Seagate Portable Drive/KYLE_AI_DATABASE/A_CAMERA/Focal_species/Gulo gulo/HFW12-F7/DM/2016/B&W/Robust marks/02.28-04.20/IMG_0953.JPG,IMG_0953.JPG,HFW12-F7_2016_201602280420_IMG_0953.jpg,0.8499457240104675,613.9817504882812,205.91024780273438,492.31634521484375,1124.060791015625,2048,1536,492,1124
HFW12-F7,2016,201602280420,DM,0,/Volumes/Seagate Portable Drive/KYLE_AI_DATABASE/A_CAMERA/Focal_species/Gulo gulo/HFW12-F7/DM/2016/B&W/Robust marks/02.28-04.20/IMG_0954.JPG,IMG_0954.JPG,HFW12-F7_2016_201602280420_IMG_0954.jpg,0.8090116381645203,616.6592407226562,363.6495361328125,518.3378295898438,949.1302490234375,2048,1536,518,949
HFW12-F7,2016,201602280420,DM,0,/Volumes/Seagate Portable Drive/KYLE_AI_DATABASE/A_CAMERA/Focal_species/Gulo gulo/HFW12-F7/DM/2016/B&W/Robust marks/02.28-04.20/IMG_0955.JPG,IMG_0955.JPG,HFW12-F7_2016_201602280420_IMG_0955.jpg,0.8525688052177429,613.599609375,241.73117065429688,489.9859619140625,1100.435302734375,2048,1536,489,1100
HFW12-F7,2016,201602280420,DM,0,/Volumes/Seagate Portable Drive/KYLE_AI_DATABASE/A_CAMERA/Focal_species/Gulo gulo/HFW12-F7/DM/2016/B&W/Robust marks/02.28-04.20/IMG_0956.JPG,IMG_0956.JPG,HFW12-F7_2016_201602280420_IMG_0956.jpg,0.8901507258415222,618.6455078125,357.07257080078125,475.4027099609375,961.7057495117188,2048,1536,475,961
HFW12-F7,2016,201602280420,DM,0,/Volumes/Seagate Portable Drive/KYLE_AI_DATABASE/A_CAMERA/Focal_species/Gulo gulo/HFW12-F7/DM/2016/B&W/Robust marks/02.28-04.20/IMG_0957.JPG,IMG_0957.JPG,HFW12-F7_2016_201602280420_IMG_0957.jpg,0.8794296979904175,615.712890625,234.05245971679688,480.2288818359375,1220.1741943359375,2048,1536,480,1220
HFW12-F7,2016,201602280420,DM,0,/Volumes/Seagate Portable Drive/KYLE_AI_DATABASE/A_CAMERA/Focal_species/Gulo gulo/HFW12-F7/DM/2016/B&W/Robust marks/02.28-04.20/IMG_0958.JPG,IMG_0958.JPG,HFW12-F7_2016_201602280420_IMG_0958.jpg,0.8558579683303833,615.7337646484375,249.66412353515625,467.393798828125,1061.623779296875,2048,1536,467,1061
HFW12-F7,2016,201602280420,DM,0,/Volumes/Seagate Portable Drive/KYLE_AI_DATABASE/A_CAMERA/Focal_species/Gulo gulo/HFW12-F7/DM/2016/B&W/Robust marks/02.28-04.20/IMG_0959.JPG,IMG_0959.JPG,HFW12-F7_2016_201602280420_IMG_0959.jpg,0.9117891788482666,619.9207153320312,360.58349609375,480.39373779296875,946.150146484375,2048,1536,480,946
HFW12-F7,2016,201602280420,DM,0,/Volumes/Seagate Portable Drive/KYLE_AI_DATABASE/A_CAMERA/Focal_species/Gulo gulo/HFW12-F7/DM/2016/B&W/Robust marks/02.28-04.20/IMG_0960.JPG,IMG_0960.JPG,HFW12-F7_2016_201602280420_IMG_0960.jpg,0.8634135127067566,616.9169311523438,350.366943359375,479.32354736328125,989.421142578125,2048,1536,479,989
HFW12-F7,2016,201602280420,DM,0,/Volumes/Seagate Portable Drive/KYLE_AI_DATABASE/A_CAMERA/Focal_species/Gulo gulo/HFW12-F7/DM/2016/B&W/Robust marks/02.28-04.20/IMG_0961.JPG,IMG_0961.JPG,HFW12-F7_2016_201602280420_IMG_0961.jpg,0.8261600732803345,614.7432250976562,213.9976043701172,481.40460205078125,1133.476318359375,2048,1536,481,1133
HFW12-F7,2016,201602280420,DM,0,/Volumes/Seagate Portable Drive/KYLE_AI_DATABASE/A_CAMERA/Focal_species/Gulo gulo/HFW12-F7/DM/2016/B&W/Robust marks/02.28-04.20/IMG_0962.JPG,IMG_0962.JPG,HFW12-F7_2016_201602280420_IMG_0962.jpg,0.8094188570976257,618.4879760742188,244.2978057861328,476.36236572265625,1089.048583984375,2048,1536,476,1089
HFW12-F7,2016,201602280420,DM,0,/Volumes/Seagate Portable Drive/KYLE_AI_DATABASE/A_CAMERA/Focal_species/Gulo gulo/HFW12-F7/DM/2016/B&W/Robust marks/02.28-04.20/IMG_0963.JPG,IMG_0963.JPG,HFW12-F7_2016_201602280420_IMG_0963.jpg,0.9043077230453491,613.1857299804688,253.80203247070312,480.51690673828125,1060.7086181640625,2048,1536,480,1060
HFW12-F7,2016,201602280420,DM,0,/Volumes/Seagate Portable Drive/KYLE_AI_DATABASE/A_CAMERA/Focal_species/Gulo gulo/HFW12-F7/DM/2016/B&W/Robust marks/02.28-04.20/IMG_0971.JPG,IMG_0971.JPG,HFW12-F7_2016_201602280420_IMG_0971.jpg,0.8516091108322144,617.8546752929688,198.14126586914062,509.14190673828125,1302.5107421875,2048,1536,509,1302
HFW12-F7,2016,201602280420,DM,0,/Volumes/Seagate Portable Drive/KYLE_AI_DATABASE/A_CAMERA/Focal_species/Gulo gulo/HFW12-F7/DM/2016/B&W/Robust marks/02.28-04.20/IMG_0983.JPG,IMG_0983.JPG,HFW12-F7_2016_201602280420_IMG_0983.jpg,0.8229097723960876,747.4296875,29.451278686523438,486.947021484375,853.0064697265625,2048,1536,486,853
HFW12-F7,2016,201602280420,DM,0,/Volumes/Seagate Portable Drive/KYLE_AI_DATABASE/A_CAMERA/Focal_species/Gulo gulo/HFW12-F7/DM/2016/B&W/Robust marks/02.28-04.20/IMG_0991.JPG,IMG_0991.JPG,HFW12-F7_2016_201602280420_IMG_0991.jpg,0.8618007302284241,620.1783447265625,233.56521606445312,546.96337890625,1074.1939697265625,2048,1536,546,1074
HFW12-F7,2016,201602280420,DM,0,/Volumes/Seagate Portable Drive/KYLE_AI_DATABASE/A_CAMERA/Focal_species/Gulo gulo/HFW12-F7/DM/2016/B&W/Robust marks/02.28-04.20/IMG_0994.JPG,IMG_0994.JPG,HFW12-F7_2016_201602280420_IMG_0994.jpg,0.805721640586853,611.6046752929688,148.254638671875,495.64654541015625,1215.123779296875,2048,1536,495,1215
HFW12-F7,2016,201602280420,DM,0,/Volumes/Seagate Portable Drive/KYLE_AI_DATABASE/A_CAMERA/Focal_species/Gulo gulo/HFW12-F7/DM/2016/B&W/Robust marks/02.28-04.20/IMG_0997.JPG,IMG_0997.JPG,HFW12-F7_2016_201602280420_IMG_0997.jpg,0.8179401755332947,618.0679321289062,241.2751922607422,479.76348876953125,1087.24365234375,2048,1536,479,1087
HFW12-F7,2016,201602280420,DM,0,/Volumes/Seagate Portable Drive/KYLE_AI_DATABASE/A_CAMERA/Focal_species/Gulo gulo/HFW12-F7/DM/2016/B&W/Robust marks/02.28-04.20/IMG_0998.JPG,IMG_0998.JPG,HFW12-F7_2016_201602280420_IMG_0998.jpg,0.81862872838974,621.2048950195312,249.98057556152344,476.79632568359375,1053.7120361328125,2048,1536,476,1053
HFW12-F7,2016,201602280420,DM,0,/Volumes/Seagate Portable Drive/KYLE_AI_DATABASE/A_CAMERA/Focal_species/Gulo gulo/HFW12-F7/DM/2016/B&W/Robust marks/02.28-04.20/IMG_0999.JPG,IMG_0999.JPG,HFW12-F7_2016_201602280420_IMG_0999.jpg,0.8529101014137268,616.302734375,213.8927764892578,510.274658203125,1112.9703369140625,2048,1536,510,1112
HFW12-F7,2016,201602280420,DM,0,/Volumes/Seagate Portable Drive/KYLE_AI_DATABASE/A_CAMERA/Focal_species/Gulo gulo/HFW12-F7/DM/2016/B&W/Robust marks/02.28-04.20/IMG_1000.JPG,IMG_1000.JPG,HFW12-F7_2016_201602280420_IMG_1000.jpg,0.8502962589263916,624.6174926757812,226.869140625,498.04217529296875,823.50537109375,2048,1536,498,823
HFW12-F7,2016,201602280420,DM,0,/Volumes/Seagate Portable Drive/KYLE_AI_DATABASE/A_CAMERA/Focal_species/Gulo gulo/HFW12-F7/DM/2016/B&W/Robust marks/02.28-04.20/IMG_1001.JPG,IMG_1001.JPG,HFW12-F7_2016_201602280420_IMG_1001.jpg,0.8219383358955383,570.200927734375,207.72999572753906,544.2410888671875,827.457763671875,2048,1536,544,827
HFW12-F7,2016,201602280420,DM,0,/Volumes/Seagate Portable Drive/KYLE_AI_DATABASE/A_CAMERA/Focal_species/Gulo gulo/HFW12-F7/DM/2016/B&W/Robust marks/02.28-04.20/IMG_1009.JPG,IMG_1009.JPG,HFW12-F7_2016_201602280420_IMG_1009.jpg,0.8083946108818054,888.3165283203125,31.7786865234375,530.530517578125,849.057373046875,2048,1536,530,849
HFW12-F7,2016,201602280420,DM,0,/Volumes/Seagate Portable Drive/KYLE_AI_DATABASE/A_CAMERA/Focal_species/Gulo gulo/HFW12-F7/DM/2016/B&W/Robust marks/02.28-04.20/IMG_1012.JPG,IMG_1012.JPG,HFW12-F7_2016_201602280420_IMG_1012.jpg,0.9261796474456787,960.138427734375,29.576980590820312,394.67822265625,814.0679321289062,2048,1536,394,814
HFW12-F7,2016,201602280420,DM,0,/Volumes/Seagate Portable Drive/KYLE_AI_DATABASE/A_CAMERA/Focal_species/Gulo gulo/HFW12-F7/DM/2016/B&W/Robust marks/02.28-04.20/IMG_1017.JPG,IMG_1017.JPG,HFW12-F7_2016_201602280420_IMG_1017.jpg,0.8715109825134277,740.4879760742188,31.39434814453125,493.91912841796875,872.3557739257812,2048,1536,493,872
HFW12-F7,2016,201602280420,DM,0,/Volumes/Seagate Portable Drive/KYLE_AI_DATABASE/A_CAMERA/Focal_species/Gulo gulo/HFW12-F7/DM/2016/B&W/Robust marks/02.28-04.20/IMG_1019.JPG,IMG_1019.JPG,HFW12-F7_2016_201602280420_IMG_1019.jpg,0.8551309704780579,884.6021118164062,183.38186645507812,409.27557373046875,522.732666015625,2048,1536,409,522
HFW12-F7,2016,201602280420,DM,0,/Volumes/Seagate Portable Drive/KYLE_AI_DATABASE/A_CAMERA/Focal_species/Gulo gulo/HFW12-F7/DM/2016/B&W/Robust marks/02.28-04.20/IMG_1020.JPG,IMG_1020.JPG,HFW12-F7_2016_201602280420_IMG_1020.jpg,0.8850743174552917,870.2058715820312,72.8946533203125,421.45806884765625,842.0517578125,2048,1536,421,842
HFW12-F7,2016,201602280420,DM,0,/Volumes/Seagate Portable Drive/KYLE_AI_DATABASE/A_CAMERA/Focal_species/Gulo gulo/HFW12-F7/DM/2016/B&W/Robust marks/02.28-04.20/IMG_1021.JPG,IMG_1021.JPG,HFW12-F7_2016_201602280420_IMG_1021.jpg,0.9111319780349731,794.88525390625,367.0174865722656,593.32373046875,699.6837158203125,2048,1536,593,699
HFW12-F7,2016,201602280420,DM,0,/Volumes/Seagate Portable Drive/KYLE_AI_DATABASE/A_CAMERA/Focal_species/Gulo gulo/HFW12-F7/DM/2016/B&W/Robust marks/02.28-04.20/IMG_1022.JPG,IMG_1022.JPG,HFW12-F7_2016_201602280420_IMG_1022.jpg,0.8056038022041321,616.1235961914062,174.94949340820312,511.37457275390625,1316.735595703125,2048,1536,511,1316
HFW12-F7,2016,201602280420,DM,0,/Volumes/Seagate Portable Drive/KYLE_AI_DATABASE/A_CAMERA/Focal_species/Gulo gulo/HFW12-F7/DM/2016/B&W/Robust marks/02.28-04.20/IMG_1024.JPG,IMG_1024.JPG,HFW12-F7_2016_201602280420_IMG_1024.jpg,0.80226731300354,619.2091064453125,210.91355895996094,495.220458984375,1090.4788818359375,2048,1536,495,1090
HFW12-F7,2016,201602280420,DM,0,/Volumes/Seagate Portable Drive/KYLE_AI_DATABASE/A_CAMERA/Focal_species/Gulo gulo/HFW12-F7/DM/2016/B&W/Robust marks/02.28-04.20/IMG_1037.JPG,IMG_1037.JPG,HFW12-F7_2016_201602280420_IMG_1037.jpg,0.8246324062347412,618.458984375,222.09420776367188,485.8599853515625,1083.2318115234375,2048,1536,485,1083
HFW12-F7,2016,201602280420,DM,0,/Volumes/Seagate Portable Drive/KYLE_AI_DATABASE/A_CAMERA/Focal_species/Gulo gulo/HFW12-F7/DM/2016/B&W/Robust marks/02.28-04.20/IMG_1038.JPG,IMG_1038.JPG,HFW12-F7_2016_201602280420_IMG_1038.jpg,0.8235391974449158,617.3165893554688,230.79588317871094,483.31939697265625,1233.867919921875,2048,1536,483,1233
HFW12-F7,2016,201602280420,DM,0,/Volumes/Seagate Portable Drive/KYLE_AI_DATABASE/A_CAMERA/Focal_species/Gulo gulo/HFW12-F7/DM/2016/B&W/Robust marks/02.28-04.20/IMG_1039.JPG,IMG_1039.JPG,HFW12-F7_2016_201602280420_IMG_1039.jpg,0.8696479797363281,619.0520629882812,200.1250762939453,481.40203857421875,1108.54833984375,2048,1536,481,1108
HFW12-F7,2016,201602280420,DM,0,/Volumes/Seagate Portable Drive/KYLE_AI_DATABASE/A_CAMERA/Focal_species/Gulo gulo/HFW12-F7/DM/2016/B&W/Robust marks/02.28-04.20/IMG_1046.JPG,IMG_1046.JPG,HFW12-F7_2016_201602280420_IMG_1046.jpg,0.8572778105735779,612.32275390625,223.2810516357422,486.16552734375,1250.8154296875,2048,1536,486,1250
HFW12-F7,2016,201602280420,DM,0,/Volumes/Seagate Portable Drive/KYLE_AI_DATABASE/A_CAMERA/Focal_species/Gulo gulo/HFW12-F7/DM/2016/B&W/Robust marks/02.28-04.20/IMG_1047.JPG,IMG_1047.JPG,HFW12-F7_2016_201602280420_IMG_1047.jpg,0.8652390241622925,610.9985961914062,224.45095825195312,519.7272338867188,1275.383056640625,2048,1536,519,1275
HFW12-F7,2016,201602280420,DM,0,/Volumes/Seagate Portable Drive/KYLE_AI_DATABASE/A_CAMERA/Focal_species/Gulo gulo/HFW12-F7/DM/2016/B&W/Robust marks/02.28-04.20/IMG_1049.JPG,IMG_1049.JPG,HFW12-F7_2016_201602280420_IMG_1049.jpg,0.8130605220794678,614.1749267578125,205.9976348876953,497.5394287109375,1284.5933837890625,2048,1536,497,1284
HFW12-F7,2016,201602280420,DM,0,/Volumes/Seagate Portable Drive/KYLE_AI_DATABASE/A_CAMERA/Focal_species/Gulo gulo/HFW12-F7/DM/2016/B&W/Robust marks/02.28-04.20/IMG_1051.JPG,IMG_1051.JPG,HFW12-F7_2016_201602280420_IMG_1051.jpg,0.81098872423172,619.0208740234375,117.03153991699219,590.107666015625,1202.32861328125,2048,1536,590,1202
HFW12-F7,2016,201602280420,DM,0,/Volumes/Seagate Portable Drive/KYLE_AI_DATABASE/A_CAMERA/Focal_species/Gulo gulo/HFW12-F7/DM/2016/B&W/Robust marks/02.28-04.20/IMG_1053.JPG,IMG_1053.JPG,HFW12-F7_2016_201602280420_IMG_1053.jpg,0.8255515694618225,614.673828125,101.44537353515625,554.6864013671875,1394.124267578125,2048,1536,554,1394
HFW12-F7,2016,201602280420,DM,0,/Volumes/Seagate Portable Drive/KYLE_AI_DATABASE/A_CAMERA/Focal_species/Gulo gulo/HFW12-F7/DM/2016/B&W/Robust marks/02.28-04.20/IMG_1054.JPG,IMG_1054.JPG,HFW12-F7_2016_201602280420_IMG_1054.jpg,0.810833215713501,614.05517578125,82.67070007324219,544.846435546875,1399.2821044921875,2048,1536,544,1399
HFW12-F7,2016,201602280420,DM,0,/Volumes/Seagate Portable Drive/KYLE_AI_DATABASE/A_CAMERA/Focal_species/Gulo gulo/HFW12-F7/DM/2016/B&W/Robust marks/02.28-04.20/IMG_1061.JPG,IMG_1061.JPG,HFW12-F7_2016_201602280420_IMG_1061.jpg,0.8483538031578064,616.7994995117188,202.9812469482422,492.10552978515625,1147.8372802734375,2048,1536,492,1147
HFW12-F7,2016,201602280420,DM,0,/Volumes/Seagate Portable Drive/KYLE_AI_DATABASE/A_CAMERA/Focal_species/Gulo gulo/HFW12-F7/DM/2016/B&W/Robust marks/02.28-04.20/IMG_1062.JPG,IMG_1062.JPG,HFW12-F7_2016_201602280420_IMG_1062.jpg,0.8697023391723633,619.075439453125,147.69483947753906,488.4246826171875,1181.194580078125,2048,1536,488,1181
HFW12-F7,2016,201602280420,DM,0,/Volumes/Seagate Portable Drive/KYLE_AI_DATABASE/A_CAMERA/Focal_species/Gulo gulo/HFW12-F7/DM/2016/B&W/Robust marks/02.28-04.20/IMG_1064.JPG,IMG_1064.JPG,HFW12-F7_2016_201602280420_IMG_1064.jpg,0.8284178376197815,615.6190795898438,143.745849609375,491.53619384765625,1252.06884765625,2048,1536,491,1252
HFW12-F7,2016,201602280420,DM,0,/Volumes/Seagate Portable Drive/KYLE_AI_DATABASE/A_CAMERA/Focal_species/Gulo gulo/HFW12-F7/DM/2016/B&W/Robust marks/02.28-04.20/IMG_1065.JPG,IMG_1065.JPG,HFW12-F7_2016_201602280420_IMG_1065.jpg,0.8541709780693054,624.3509521484375,138.1010284423828,483.32275390625,1174.3505859375,2048,1536,483,1174
HFW12-F7,2016,201602280420,DM,0,/Volumes/Seagate Portable Drive/KYLE_AI_DATABASE/A_CAMERA/Focal_species/Gulo gulo/HFW12-F7/DM/2016/B&W/Robust marks/02.28-04.20/IMG_1067.JPG,IMG_1067.JPG,HFW12-F7_2016_201602280420_IMG_1067.jpg,0.8180563449859619,624.5205688476562,218.1162872314453,483.96722412109375,1078.8099365234375,2048,1536,483,1078
HFW12-F7,2016,201602280420,DM,0,/Volumes/Seagate Portable Drive/KYLE_AI_DATABASE/A_CAMERA/Focal_species/Gulo gulo/HFW12-F7/DM/2016/B&W/Robust marks/02.28-04.20/IMG_1071.JPG,IMG_1071.JPG,HFW12-F7_2016_201602280420_IMG_1071.jpg,0.8109138607978821,615.2174072265625,47.18202209472656,498.7222900390625,1437.0467529296875,2048,1536,498,1437
HFW12-F7,2016,201602280420,DM,0,/Volumes/Seagate Portable Drive/KYLE_AI_DATABASE/A_CAMERA/Focal_species/Gulo gulo/HFW12-F7/DM/2016/B&W/Robust marks/02.28-04.20/IMG_1076.JPG,IMG_1076.JPG,HFW12-F7_2016_201602280420_IMG_1076.jpg,0.85145503282547,615.0955810546875,280.3241271972656,493.4212646484375,1206.5416259765625,2048,1536,493,1206
HFW12-F7,2016,201602280420,DM,0,/Volumes/Seagate Portable Drive/KYLE_AI_DATABASE/A_CAMERA/Focal_species/Gulo gulo/HFW12-F7/DM/2016/B&W/Robust marks/02.28-04.20/IMG_1078.JPG,IMG_1078.JPG,HFW12-F7_2016_201602280420_IMG_1078.jpg,0.8552084565162659,612.9083862304688,280.7958984375,497.40521240234375,1216.16064453125,2048,1536,497,1216
HFW12-F7,2016,201602280420,DM,0,/Volumes/Seagate Portable Drive/KYLE_AI_DATABASE/A_CAMERA/Focal_species/Gulo gulo/HFW12-F7/DM/2016/B&W/Robust marks/02.28-04.20/IMG_1079.JPG,IMG_1079.JPG,HFW12-F7_2016_201602280420_IMG_1079.jpg,0.854839563369751,625.4121704101562,247.8009796142578,487.26666259765625,1059.0589599609375,2048,1536,487,1059
HFW12-F7,2016,201602280420,DM,0,/Volumes/Seagate Portable Drive/KYLE_AI_DATABASE/A_CAMERA/Focal_species/Gulo gulo/HFW12-F7/DM/2016/B&W/Robust marks/02.28-04.20/IMG_1083.JPG,IMG_1083.JPG,HFW12-F7_2016_201602280420_IMG_1083.jpg,0.8213569521903992,616.8016357421875,60.5562744140625,494.20849609375,1421.7830810546875,2048,1536,494,1421
HFW12-F7,2016,201602280420,DM,0,/Volumes/Seagate Portable Drive/KYLE_AI_DATABASE/A_CAMERA/Focal_species/Gulo gulo/HFW12-F7/DM/2016/B&W/Robust marks/02.28-04.20/IMG_1085.JPG,IMG_1085.JPG,HFW12-F7_2016_201602280420_IMG_1085.jpg,0.8237318396568298,613.012451171875,257.8153381347656,494.488037109375,1242.2056884765625,2048,1536,494,1242
HFW12-F7,2016,201602280420,DM,0,/Volumes/Seagate Portable Drive/KYLE_AI_DATABASE/A_CAMERA/Focal_species/Gulo gulo/HFW12-F7/DM/2016/B&W/Robust marks/02.28-04.20/IMG_1087.JPG,IMG_1087.JPG,HFW12-F7_2016_201602280420_IMG_1087.jpg,0.8276486396789551,617.5897216796875,263.8797912597656,490.96875,1198.264892578125,2048,1536,490,1198
HFW12-F7,2016,201602280420,DM,0,/Volumes/Seagate Portable Drive/KYLE_AI_DATABASE/A_CAMERA/Focal_species/Gulo gulo/HFW12-F7/DM/2016/B&W/Robust marks/02.28-04.20/IMG_1089.JPG,IMG_1089.JPG,HFW12-F7_2016_201602280420_IMG_1089.jpg,0.8105378746986389,617.6336059570312,271.909423828125,489.73162841796875,1130.751220703125,2048,1536,489,1130
HFW12-F7,2016,201602280420,DM,0,/Volumes/Seagate Portable Drive/KYLE_AI_DATABASE/A_CAMERA/Focal_species/Gulo gulo/HFW12-F7/DM/2016/B&W/Robust marks/02.28-04.20/IMG_1091.JPG,IMG_1091.JPG,HFW12-F7_2016_201602280420_IMG_1091.jpg,0.8006237149238586,617.1322631835938,259.40435791015625,491.32696533203125,1156.2724609375,2048,1536,491,1156
HFW12-F7,2016,201602280420,DM,0,/Volumes/Seagate Portable Drive/KYLE_AI_DATABASE/A_CAMERA/Focal_species/Gulo gulo/HFW12-F7/DM/2016/B&W/Robust marks/02.28-04.20/IMG_1093.JPG,IMG_1093.JPG,HFW12-F7_2016_201602280420_IMG_1093.jpg,0.8217834234237671,615.1565551757812,193.5497589111328,488.42120361328125,1225.834228515625,2048,1536,488,1225
HFW12-F7,2016,201602280420,DM,0,/Volumes/Seagate Portable Drive/KYLE_AI_DATABASE/A_CAMERA/Focal_species/Gulo gulo/HFW12-F7/DM/2016/B&W/Robust marks/02.28-04.20/IMG_1095.JPG,IMG_1095.JPG,HFW12-F7_2016_201602280420_IMG_1095.jpg,0.8532401919364929,613.052490234375,199.1732940673828,491.934814453125,1180.0455322265625,2048,1536,491,1180
HFW12-F7,2016,201602280420,DM,0,/Volumes/Seagate Portable Drive/KYLE_AI_DATABASE/A_CAMERA/Focal_species/Gulo gulo/HFW12-F7/DM/2016/B&W/Robust marks/02.28-04.20/IMG_1097.JPG,IMG_1097.JPG,HFW12-F7_2016_201602280420_IMG_1097.jpg,0.8684585690498352,629.09619140625,206.41671752929688,478.52392578125,1085.276123046875,2048,1536,478,1085
HFW12-F7,2016,201602280420,DM,0,/Volumes/Seagate Portable Drive/KYLE_AI_DATABASE/A_CAMERA/Focal_species/Gulo gulo/HFW12-F7/DM/2016/B&W/Robust marks/02.28-04.20/IMG_1101.JPG,IMG_1101.JPG,HFW12-F7_2016_201602280420_IMG_1101.jpg,0.8001015782356262,619.3115234375,29.917739868164062,489.8729248046875,1316.467529296875,2048,1536,489,1316
HFW12-F7,2016,201602280420,DM,0,/Volumes/Seagate Portable Drive/KYLE_AI_DATABASE/A_CAMERA/Focal_species/Gulo gulo/HFW12-F7/DM/2016/B&W/Robust marks/02.28-04.20/IMG_1102.JPG,IMG_1102.JPG,HFW12-F7_2016_201602280420_IMG_1102.jpg,0.8136626482009888,616.9714965820312,96.39070129394531,492.83856201171875,1242.5306396484375,2048,1536,492,1242
HFW12-F7,2016,201602280420,DM,0,/Volumes/Seagate Portable Drive/KYLE_AI_DATABASE/A_CAMERA/Focal_species/Gulo gulo/HFW12-F7/DM/2016/B&W/Robust marks/02.28-04.20/IMG_1103.JPG,IMG_1103.JPG,HFW12-F7_2016_201602280420_IMG_1103.jpg,0.8136204481124878,618.9031982421875,105.57298278808594,560.869873046875,1201.99365234375,2048,1536,560,1201
HFW12-F7,2016,201602280420,DM,0,/Volumes/Seagate Portable Drive/KYLE_AI_DATABASE/A_CAMERA/Focal_species/Gulo gulo/HFW12-F7/DM/2016/B&W/Robust marks/02.28-04.20/IMG_1107.JPG,IMG_1107.JPG,HFW12-F7_2016_201602280420_IMG_1107.jpg,0.8205239176750183,593.0001831054688,70.42387390136719,512.9578247070312,1035.399658203125,2048,1536,512,1035
HFW12-F7,2016,201602280420,DM,0,/Volumes/Seagate Portable Drive/KYLE_AI_DATABASE/A_CAMERA/Focal_species/Gulo gulo/HFW12-F7/DM/2016/B&W/Robust marks/02.28-04.20/IMG_1108.JPG,IMG_1108.JPG,HFW12-F7_2016_201602280420_IMG_1108.jpg,0.8645183444023132,605.9237060546875,191.8872528076172,492.6927490234375,1116.9583740234375,2048,1536,492,1116
HFW12-F7,2016,201602280420,DM,0,/Volumes/Seagate Portable Drive/KYLE_AI_DATABASE/A_CAMERA/Focal_species/Gulo gulo/HFW12-F7/DM/2016/B&W/Robust marks/02.28-04.20/IMG_1109.JPG,IMG_1109.JPG,HFW12-F7_2016_201602280420_IMG_1109.jpg,0.8160048127174377,601.8587646484375,210.79769897460938,498.299072265625,1133.1234130859375,2048,1536,498,1133
HFW12-F7,2016,201602280420,DM,0,/Volumes/Seagate Portable Drive/KYLE_AI_DATABASE/A_CAMERA/Focal_species/Gulo gulo/HFW12-F7/DM/2016/B&W/Robust marks/02.28-04.20/IMG_1111.JPG,IMG_1111.JPG,HFW12-F7_2016_201602280420_IMG_1111.jpg,0.8958701491355896,590.767822265625,176.5294647216797,507.7703857421875,1125.2486572265625,2048,1536,507,1125
HFW12-F7,2016,201602280420,DM,0,/Volumes/Seagate Portable Drive/KYLE_AI_DATABASE/A_CAMERA/Focal_species/Gulo gulo/HFW12-F7/DM/2016/B&W/Robust marks/02.28-04.20/IMG_1112.JPG,IMG_1112.JPG,HFW12-F7_2016_201602280420_IMG_1112.jpg,0.8686342835426331,536.35107421875,42.35133361816406,565.87158203125,1260.6224365234375,2048,1536,565,1260
HFW12-F7,2016,201602280420,DM,0,/Volumes/Seagate Portable Drive/KYLE_AI_DATABASE/A_CAMERA/Focal_species/Gulo gulo/HFW12-F7/DM/2016/B&W/Robust marks/02.28-04.20/IMG_1114.JPG,IMG_1114.JPG,HFW12-F7_2016_201602280420_IMG_1114.jpg,0.8240670561790466,539.3383178710938,241.6589813232422,569.9483032226562,1067.107421875,2048,1536,569,1067
HFW12-F7,2016,201602280420,DM,0,/Volumes/Seagate Portable Drive/KYLE_AI_DATABASE/A_CAMERA/Focal_species/Gulo gulo/HFW12-F7/DM/2016/B&W/Robust marks/02.28-04.20/IMG_1124.JPG,IMG_1124.JPG,HFW12-F7_2016_201602280420_IMG_1124.jpg,0.8429989218711853,622.7843017578125,291.7640075683594,475.5546875,1018.617919921875,2048,1536,475,1018
HFW12-F7,2016,201602280420,DM,0,/Volumes/Seagate Portable Drive/KYLE_AI_DATABASE/A_CAMERA/Focal_species/Gulo gulo/HFW12-F7/DM/2016/B&W/Robust marks/02.28-04.20/IMG_1125.JPG,IMG_1125.JPG,HFW12-F7_2016_201602280420_IMG_1125.jpg,0.8314977288246155,621.841064453125,267.36871337890625,475.465087890625,1050.852294921875,2048,1536,475,1050
HFW12-F7,2016,201602280420,DM,0,/Volumes/Seagate Portable Drive/KYLE_AI_DATABASE/A_CAMERA/Focal_species/Gulo gulo/HFW12-F7/DM/2016/B&W/Robust marks/02.28-04.20/IMG_1126.JPG,IMG_1126.JPG,HFW12-F7_2016_201602280420_IMG_1126.jpg,0.8367477655410767,622.1556396484375,269.88323974609375,475.5369873046875,1033.82177734375,2048,1536,475,1033
HFW12-F7,2016,201602280420,DM,0,/Volumes/Seagate Portable Drive/KYLE_AI_DATABASE/A_CAMERA/Focal_species/Gulo gulo/HFW12-F7/DM/2016/B&W/Robust marks/02.28-04.20/IMG_1132.JPG,IMG_1132.JPG,HFW12-F7_2016_201602280420_IMG_1132.jpg,0.8601028323173523,618.3504638671875,251.12823486328125,488.0833740234375,1058.907958984375,2048,1536,488,1058
HFW12-F7,2016,201602280420,DM,0,/Volumes/Seagate Portable Drive/KYLE_AI_DATABASE/A_CAMERA/Focal_species/Gulo gulo/HFW12-F7/DM/2016/B&W/Robust marks/02.28-04.20/IMG_1133.JPG,IMG_1133.JPG,HFW12-F7_2016_201602280420_IMG_1133.jpg,0.8615246415138245,618.033447265625,259.619140625,484.1312255859375,1045.7811279296875,2048,1536,484,1045
HFW12-F7,2016,201602280420,DM,0,/Volumes/Seagate Portable Drive/KYLE_AI_DATABASE/A_CAMERA/Focal_species/Gulo gulo/HFW12-F7/DM/2016/B&W/Robust marks/02.28-04.20/IMG_1134.JPG,IMG_1134.JPG,HFW12-F7_2016_201602280420_IMG_1134.jpg,0.856848955154419,595.854736328125,241.6295928955078,509.4398193359375,1064.5572509765625,2048,1536,509,1064
HFW12-F7,2016,201602280420,DM,0,/Volumes/Seagate Portable Drive/KYLE_AI_DATABASE/A_CAMERA/Focal_species/Gulo gulo/HFW12-F7/DM/2016/B&W/Robust marks/02.28-04.20/IMG_1136.JPG,IMG_1136.JPG,HFW12-F7_2016_201602280420_IMG_1136.jpg,0.8499743938446045,621.57470703125,276.62628173828125,482.087646484375,1023.2694702148438,2048,1536,482,1023
HFW12-F7,2016,201602280420,DM,0,/Volumes/Seagate Portable Drive/KYLE_AI_DATABASE/A_CAMERA/Focal_species/Gulo gulo/HFW12-F7/DM/2016/B&W/Robust marks/02.28-04.20/IMG_1139.JPG,IMG_1139.JPG,HFW12-F7_2016_201602280420_IMG_1139.jpg,0.8543679118156433,609.388916015625,255.30111694335938,492.433349609375,1051.60400390625,2048,1536,492,1051
HFW12-F7,2016,201602280420,DM,0,/Volumes/Seagate Portable Drive/KYLE_AI_DATABASE/A_CAMERA/Focal_species/Gulo gulo/HFW12-F7/DM/2016/B&W/Robust marks/02.28-04.20/IMG_1140.JPG,IMG_1140.JPG,HFW12-F7_2016_201602280420_IMG_1140.jpg,0.8465777039527893,617.7701416015625,271.2677307128906,490.697509765625,1033.2099609375,2048,1536,490,1033
HFW12-F7,2016,201602280420,DM,0,/Volumes/Seagate Portable Drive/KYLE_AI_DATABASE/A_CAMERA/Focal_species/Gulo gulo/HFW12-F7/DM/2016/B&W/Robust marks/02.28-04.20/IMG_1144.JPG,IMG_1144.JPG,HFW12-F7_2016_201602280420_IMG_1144.jpg,0.8659518361091614,616.787841796875,227.8323211669922,478.33349609375,1075.802734375,2048,1536,478,1075
HFW12-F7,2016,201602280420,DM,0,/Volumes/Seagate Portable Drive/KYLE_AI_DATABASE/A_CAMERA/Focal_species/Gulo gulo/HFW12-F7/DM/2016/B&W/Robust marks/02.28-04.20/IMG_1145.JPG,IMG_1145.JPG,HFW12-F7_2016_201602280420_IMG_1145.jpg,0.8934751749038696,613.878173828125,246.44723510742188,485.026123046875,1058.7484130859375,2048,1536,485,1058
HFW12-F7,2016,201602280420,DM,0,/Volumes/Seagate Portable Drive/KYLE_AI_DATABASE/A_CAMERA/Focal_species/Gulo gulo/HFW12-F7/DM/2016/B&W/Robust marks/02.28-04.20/IMG_1146.JPG,IMG_1146.JPG,HFW12-F7_2016_201602280420_IMG_1146.jpg,0.8768754601478577,601.7421264648438,246.135498046875,495.93280029296875,1065.01318359375,2048,1536,495,1065
HFW12-F7,2016,201602280420,DM,0,/Volumes/Seagate Portable Drive/KYLE_AI_DATABASE/A_CAMERA/Focal_species/Gulo gulo/HFW12-F7/DM/2016/B&W/Robust marks/02.28-04.20/IMG_1147.JPG,IMG_1147.JPG,HFW12-F7_2016_201602280420_IMG_1147.jpg,0.8078410029411316,612.768798828125,254.59222412109375,486.2794189453125,1052.642822265625,2048,1536,486,1052
HFW12-F7,2016,201602280420,DM,0,/Volumes/Seagate Portable Drive/KYLE_AI_DATABASE/A_CAMERA/Focal_species/Gulo gulo/HFW12-F7/DM/2016/B&W/Robust marks/02.28-04.20/IMG_1148.JPG,IMG_1148.JPG,HFW12-F7_2016_201602280420_IMG_1148.jpg,0.8031800985336304,618.399658203125,251.75692749023438,475.7353515625,1070.2947998046875,2048,1536,475,1070
HFW12-F7,2016,201602280420,DM,0,/Volumes/Seagate Portable Drive/KYLE_AI_DATABASE/A_CAMERA/Focal_species/Gulo gulo/HFW12-F7/DM/2016/B&W/Robust marks/02.28-04.20/IMG_1150.JPG,IMG_1150.JPG,HFW12-F7_2016_201602280420_IMG_1150.jpg,0.8212632536888123,617.8804931640625,286.75726318359375,483.6485595703125,1051.097412109375,2048,1536,483,1051
HFW12-F7,2016,201602280420,DM,0,/Volumes/Seagate Portable Drive/KYLE_AI_DATABASE/A_CAMERA/Focal_species/Gulo gulo/HFW12-F7/DM/2016/B&W/Robust marks/02.28-04.20/IMG_1155.JPG,IMG_1155.JPG,HFW12-F7_2016_201602280420_IMG_1155.jpg,0.8111072182655334,618.8307495117188,348.71099853515625,477.55426025390625,1091.557373046875,2048,1536,477,1091
HFW12-F7,2016,201602280420,DM,0,/Volumes/Seagate Portable Drive/KYLE_AI_DATABASE/A_CAMERA/Focal_species/Gulo gulo/HFW12-F7/DM/2016/B&W/Robust marks/02.28-04.20/IMG_1156.JPG,IMG_1156.JPG,HFW12-F7_2016_201602280420_IMG_1156.jpg,0.8004523515701294,619.0403442382812,357.0845947265625,477.70465087890625,1045.6881103515625,2048,1536,477,1045
HFW12-F7,2016,201602280420,DM,0,/Volumes/Seagate Portable Drive/KYLE_AI_DATABASE/A_CAMERA/Focal_species/Gulo gulo/HFW12-F7/DM/2016/B&W/Robust marks/02.28-04.20/IMG_1157.JPG,IMG_1157.JPG,HFW12-F7_2016_201602280420_IMG_1157.jpg,0.814447820186615,619.9403686523438,230.86866760253906,486.68963623046875,1088.326171875,2048,1536,486,1088
HFW12-F7,2016,201602280420,DM,0,/Volumes/Seagate Portable Drive/KYLE_AI_DATABASE/A_CAMERA/Focal_species/Gulo gulo/HFW12-F7/DM/2016/B&W/Robust marks/02.28-04.20/IMG_1158.JPG,IMG_1158.JPG,HFW12-F7_2016_201602280420_IMG_1158.jpg,0.8603898286819458,619.360107421875,268.8609619140625,532.8885498046875,1047.412109375,2048,1536,532,1047
HFW12-F7,2016,201602280420,DM,0,/Volumes/Seagate Portable Drive/KYLE_AI_DATABASE/A_CAMERA/Focal_species/Gulo gulo/HFW12-F7/DM/2016/B&W/Robust marks/02.28-04.20/IMG_1159.JPG,IMG_1159.JPG,HFW12-F7_2016_201602280420_IMG_1159.jpg,0.8871387839317322,622.3890380859375,220.9475555419922,482.458251953125,1085.76708984375,2048,1536,482,1085
HFW12-F7,2016,201602280420,DM,0,/Volumes/Seagate Portable Drive/KYLE_AI_DATABASE/A_CAMERA/Focal_species/Gulo gulo/HFW12-F7/DM/2016/B&W/Robust marks/02.28-04.20/IMG_1160.JPG,IMG_1160.JPG,HFW12-F7_2016_201602280420_IMG_1160.jpg,0.8446468114852905,622.2789306640625,237.90293884277344,475.9854736328125,1077.2794189453125,2048,1536,475,1077
HFW12-F7,2016,201602280420,DM,0,/Volumes/Seagate Portable Drive/KYLE_AI_DATABASE/A_CAMERA/Focal_species/Gulo gulo/HFW12-F7/DM/2016/B&W/Robust marks/02.28-04.20/IMG_1161.JPG,IMG_1161.JPG,HFW12-F7_2016_201602280420_IMG_1161.jpg,0.8058357238769531,616.4517822265625,276.743896484375,483.4339599609375,1172.119873046875,2048,1536,483,1172
HFW12-F7,2016,201602280420,DM,0,/Volumes/Seagate Portable Drive/KYLE_AI_DATABASE/A_CAMERA/Focal_species/Gulo gulo/HFW12-F7/DM/2016/B&W/Robust marks/02.28-04.20/IMG_1162.JPG,IMG_1162.JPG,HFW12-F7_2016_201602280420_IMG_1162.jpg,0.8487706184387207,616.599365234375,282.66876220703125,479.69775390625,1059.611572265625,2048,1536,479,1059
HFW12-F7,2016,201602280420,DM,0,/Volumes/Seagate Portable Drive/KYLE_AI_DATABASE/A_CAMERA/Focal_species/Gulo gulo/HFW12-F7/DM/2016/B&W/Robust marks/02.28-04.20/IMG_1163.JPG,IMG_1163.JPG,HFW12-F7_2016_201602280420_IMG_1163.jpg,0.8365768790245056,601.5751953125,266.74786376953125,499.216796875,1201.589111328125,2048,1536,499,1201
HFW12-F7,2016,201602280420,DM,0,/Volumes/Seagate Portable Drive/KYLE_AI_DATABASE/A_CAMERA/Focal_species/Gulo gulo/HFW12-F7/DM/2016/B&W/Robust marks/02.28-04.20/IMG_1165.JPG,IMG_1165.JPG,HFW12-F7_2016_201602280420_IMG_1165.jpg,0.8055378198623657,571.3919677734375,277.82452392578125,514.5233154296875,1071.82861328125,2048,1536,514,1071
HFW12-F7,2016,201602280420,DM,0,/Volumes/Seagate Portable Drive/KYLE_AI_DATABASE/A_CAMERA/Focal_species/Gulo gulo/HFW12-F7/DM/2016/B&W/Robust marks/02.28-04.20/IMG_1167.JPG,IMG_1167.JPG,HFW12-F7_2016_201602280420_IMG_1167.jpg,0.8281027674674988,581.7464599609375,243.47950744628906,536.498291015625,1100.015380859375,2048,1536,536,1100
HFW12-F7,2016,201602280420,DM,0,/Volumes/Seagate Portable Drive/KYLE_AI_DATABASE/A_CAMERA/Focal_species/Gulo gulo/HFW12-F7/DM/2016/B&W/Robust marks/02.28-04.20/IMG_1168.JPG,IMG_1168.JPG,HFW12-F7_2016_201602280420_IMG_1168.jpg,0.8502001762390137,618.674072265625,276.50103759765625,489.6026611328125,1072.25439453125,2048,1536,489,1072
HFW12-F7,2016,201602280420,DM,0,/Volumes/Seagate Portable Drive/KYLE_AI_DATABASE/A_CAMERA/Focal_species/Gulo gulo/HFW12-F7/DM/2016/B&W/Robust marks/02.28-04.20/IMG_1169.JPG,IMG_1169.JPG,HFW12-F7_2016_201602280420_IMG_1169.jpg,0.8576998114585876,614.0639038085938,269.38671875,491.75921630859375,1042.9990234375,2048,1536,491,1042
HFW12-F7,2016,201602280420,DM,0,/Volumes/Seagate Portable Drive/KYLE_AI_DATABASE/A_CAMERA/Focal_species/Gulo gulo/HFW12-F7/DM/2016/B&W/Robust marks/02.28-04.20/IMG_1173.JPG,IMG_1173.JPG,HFW12-F7_2016_201602280420_IMG_1173.jpg,0.8419865965843201,615.7672119140625,352.4764709472656,491.3416748046875,1026.6583251953125,2048,1536,491,1026
HFW12-F7,2016,201602280420,DM,0,/Volumes/Seagate Portable Drive/KYLE_AI_DATABASE/A_CAMERA/Focal_species/Gulo gulo/HFW12-F7/DM/2016/B&W/Robust marks/02.28-04.20/IMG_1174.JPG,IMG_1174.JPG,HFW12-F7_2016_201602280420_IMG_1174.jpg,0.8619629740715027,614.2433471679688,330.7255554199219,494.18951416015625,1012.4122314453125,2048,1536,494,1012
HFW12-F7,2016,201602280420,DM,0,/Volumes/Seagate Portable Drive/KYLE_AI_DATABASE/A_CAMERA/Focal_species/Gulo gulo/HFW12-F7/DM/2016/B&W/Robust marks/02.28-04.20/IMG_1175.JPG,IMG_1175.JPG,HFW12-F7_2016_201602280420_IMG_1175.jpg,0.8544625043869019,610.5968627929688,277.65802001953125,495.15740966796875,1046.77490234375,2048,1536,495,1046
HFW12-F7,2016,201602280420,DM,0,/Volumes/Seagate Portable Drive/KYLE_AI_DATABASE/A_CAMERA/Focal_species/Gulo gulo/HFW12-F7/DM/2016/B&W/Robust marks/02.28-04.20/IMG_1176.JPG,IMG_1176.JPG,HFW12-F7_2016_201602280420_IMG_1176.jpg,0.8359487056732178,608.6463623046875,313.15765380859375,500.6934814453125,1035.802734375,2048,1536,500,1035
HFW12-F7,2016,201602280420,DM,0,/Volumes/Seagate Portable Drive/KYLE_AI_DATABASE/A_CAMERA/Focal_species/Gulo gulo/HFW12-F7/DM/2016/B&W/Robust marks/02.28-04.20/IMG_1177.JPG,IMG_1177.JPG,HFW12-F7_2016_201602280420_IMG_1177.jpg,0.8279282450675964,615.2625732421875,297.8114013671875,495.22314453125,1067.1324462890625,2048,1536,495,1067
HFW12-F7,2016,201602280420,DM,0,/Volumes/Seagate Portable Drive/KYLE_AI_DATABASE/A_CAMERA/Focal_species/Gulo gulo/HFW12-F7/DM/2016/B&W/Robust marks/02.28-04.20/IMG_1178.JPG,IMG_1178.JPG,HFW12-F7_2016_201602280420_IMG_1178.jpg,0.8308467268943787,610.7561645507812,277.8077392578125,496.99505615234375,1196.4412841796875,2048,1536,496,1196
HFW12-F7,2016,201602280420,DM,0,/Volumes/Seagate Portable Drive/KYLE_AI_DATABASE/A_CAMERA/Focal_species/Gulo gulo/HFW12-F7/DM/2016/B&W/Robust marks/02.28-04.20/IMG_1179.JPG,IMG_1179.JPG,HFW12-F7_2016_201602280420_IMG_1179.jpg,0.8220195770263672,608.9075927734375,276.1065673828125,499.4791259765625,1091.9864501953125,2048,1536,499,1091
HFW12-F7,2016,201602280420,DM,0,/Volumes/Seagate Portable Drive/KYLE_AI_DATABASE/A_CAMERA/Focal_species/Gulo gulo/HFW12-F7/DM/2016/B&W/Robust marks/02.28-04.20/IMG_1180.JPG,IMG_1180.JPG,HFW12-F7_2016_201602280420_IMG_1180.jpg,0.8666110038757324,614.7142333984375,289.953125,491.53759765625,1025.146728515625,2048,1536,491,1025
HFW12-F7,2016,201602280420,DM,0,/Volumes/Seagate Portable Drive/KYLE_AI_DATABASE/A_CAMERA/Focal_species/Gulo gulo/HFW12-F7/DM/2016/B&W/Robust marks/02.28-04.20/IMG_1181.JPG,IMG_1181.JPG,HFW12-F7_2016_201602280420_IMG_1181.jpg,0.8489860892295837,615.9871826171875,271.4120178222656,482.2432861328125,1058.048828125,2048,1536,482,1058
HFW12-F7,2016,201602280420,DM,0,/Volumes/Seagate Portable Drive/KYLE_AI_DATABASE/A_CAMERA/Focal_species/Gulo gulo/HFW12-F7/DM/2016/B&W/Robust marks/02.28-04.20/IMG_1182.JPG,IMG_1182.JPG,HFW12-F7_2016_201602280420_IMG_1182.jpg,0.8436269760131836,617.01513671875,257.1733703613281,480.6427001953125,1092.2618408203125,2048,1536,480,1092
HFW12-F7,2016,201602280420,DM,0,/Volumes/Seagate Portable Drive/KYLE_AI_DATABASE/A_CAMERA/Focal_species/Gulo gulo/HFW12-F7/DM/2016/B&W/Robust marks/02.28-04.20/IMG_1183.JPG,IMG_1183.JPG,HFW12-F7_2016_201602280420_IMG_1183.jpg,0.8791705965995789,616.1151123046875,273.21258544921875,479.4287109375,1068.455078125,2048,1536,479,1068
HFW12-F7,2016,201602280420,DM,0,/Volumes/Seagate Portable Drive/KYLE_AI_DATABASE/A_CAMERA/Focal_species/Gulo gulo/HFW12-F7/DM/2016/B&W/Robust marks/02.28-04.20/IMG_1184.JPG,IMG_1184.JPG,HFW12-F7_2016_201602280420_IMG_1184.jpg,0.8847857713699341,616.609130859375,267.9689025878906,478.76708984375,1060.6776123046875,2048,1536,478,1060
HFW12-F7,2016,201602280420,DM,0,/Volumes/Seagate Portable Drive/KYLE_AI_DATABASE/A_CAMERA/Focal_species/Gulo gulo/HFW12-F7/DM/2016/B&W/Robust marks/02.28-04.20/IMG_1185.JPG,IMG_1185.JPG,HFW12-F7_2016_201602280420_IMG_1185.jpg,0.8799752593040466,616.050537109375,273.16650390625,477.3685302734375,1049.9541015625,2048,1536,477,1049
HFW12-F7,2016,201602280420,DM,0,/Volumes/Seagate Portable Drive/KYLE_AI_DATABASE/A_CAMERA/Focal_species/Gulo gulo/HFW12-F7/DM/2016/B&W/Robust marks/02.28-04.20/IMG_1186.JPG,IMG_1186.JPG,HFW12-F7_2016_201602280420_IMG_1186.jpg,0.8637162446975708,616.88134765625,251.5495147705078,479.08349609375,1199.150146484375,2048,1536,479,1199
HFW12-F7,2016,201602280420,DM,0,/Volumes/Seagate Portable Drive/KYLE_AI_DATABASE/A_CAMERA/Focal_species/Gulo gulo/HFW12-F7/DM/2016/B&W/Robust marks/02.28-04.20/IMG_1187.JPG,IMG_1187.JPG,HFW12-F7_2016_201602280420_IMG_1187.jpg,0.8904594779014587,617.145263671875,271.474853515625,478.6820068359375,1056.8077392578125,2048,1536,478,1056
HFW12-F7,2016,201602280420,DM,0,/Volumes/Seagate Portable Drive/KYLE_AI_DATABASE/A_CAMERA/Focal_species/Gulo gulo/HFW12-F7/DM/2016/B&W/Robust marks/02.28-04.20/IMG_1188.JPG,IMG_1188.JPG,HFW12-F7_2016_201602280420_IMG_1188.jpg,0.9028035998344421,618.5160522460938,277.52960205078125,474.72711181640625,1037.695556640625,2048,1536,474,1037
HFW12-F7,2016,201602280420,DM,0,/Volumes/Seagate Portable Drive/KYLE_AI_DATABASE/A_CAMERA/Focal_species/Gulo gulo/HFW12-F7/DM/2016/B&W/Robust marks/02.28-04.20/IMG_1189.JPG,IMG_1189.JPG,HFW12-F7_2016_201602280420_IMG_1189.jpg,0.85958331823349,617.7754516601562,251.0958251953125,474.72174072265625,1106.5467529296875,2048,1536,474,1106
HFW12-F7,2016,201602280420,DM,0,/Volumes/Seagate Portable Drive/KYLE_AI_DATABASE/A_CAMERA/Focal_species/Gulo gulo/HFW12-F7/DM/2016/B&W/Robust marks/02.28-04.20/IMG_1190.JPG,IMG_1190.JPG,HFW12-F7_2016_201602280420_IMG_1190.jpg,0.8921509385108948,611.6273193359375,270.316162109375,480.528564453125,1055.9478759765625,2048,1536,480,1055
HFW12-F7,2016,201602280420,DM,0,/Volumes/Seagate Portable Drive/KYLE_AI_DATABASE/A_CAMERA/Focal_species/Gulo gulo/HFW12-F7/DM/2016/B&W/Robust marks/02.28-04.20/IMG_1191.JPG,IMG_1191.JPG,HFW12-F7_2016_201602280420_IMG_1191.jpg,0.8703432083129883,616.25146484375,317.5189208984375,475.3804931640625,1006.3233642578125,2048,1536,475,1006
HFW12-F7,2016,201602280420,DM,0,/Volumes/Seagate Portable Drive/KYLE_AI_DATABASE/A_CAMERA/Focal_species/Gulo gulo/HFW12-F7/DM/2016/B&W/Robust marks/02.28-04.20/IMG_1192.JPG,IMG_1192.JPG,HFW12-F7_2016_201602280420_IMG_1192.jpg,0.8413466215133667,617.0064086914062,316.70831298828125,474.19012451171875,1016.4529418945312,2048,1536,474,1016
HFW12-F7,2016,201602280420,DM,0,/Volumes/Seagate Portable Drive/KYLE_AI_DATABASE/A_CAMERA/Focal_species/Gulo gulo/HFW12-F7/DM/2016/B&W/Robust marks/02.28-04.20/IMG_1193.JPG,IMG_1193.JPG,HFW12-F7_2016_201602280420_IMG_1193.jpg,0.8420724868774414,616.7469482421875,378.6519775390625,474.6358642578125,945.4058837890625,2048,1536,474,945
HFW12-F7,2016,201602280420,DM,0,/Volumes/Seagate Portable Drive/KYLE_AI_DATABASE/A_CAMERA/Focal_species/Gulo gulo/HFW12-F7/DM/2016/B&W/Robust marks/02.28-04.20/IMG_1194.JPG,IMG_1194.JPG,HFW12-F7_2016_201602280420_IMG_1194.jpg,0.8680172562599182,617.8829956054688,393.0460205078125,475.50921630859375,922.2828369140625,2048,1536,475,922
HFW12-F7,2016,201602280420,DM,0,/Volumes/Seagate Portable Drive/KYLE_AI_DATABASE/A_CAMERA/Focal_species/Gulo gulo/HFW12-F7/DM/2016/B&W/Robust marks/02.28-04.20/IMG_1195.JPG,IMG_1195.JPG,HFW12-F7_2016_201602280420_IMG_1195.jpg,0.8830652832984924,616.13623046875,387.983642578125,478.947265625,1109.596435546875,2048,1536,478,1109
HFW12-F7,2016,201602280420,DM,0,/Volumes/Seagate Portable Drive/KYLE_AI_DATABASE/A_CAMERA/Focal_species/Gulo gulo/HFW12-F7/DM/2016/B&W/Robust marks/02.28-04.20/IMG_1196.JPG,IMG_1196.JPG,HFW12-F7_2016_201602280420_IMG_1196.jpg,0.927239716053009,535.5364990234375,426.1841125488281,560.4013671875,1076.204833984375,2048,1536,560,1076
HFW12-F7,2016,201602280420,DM,0,/Volumes/Seagate Portable Drive/KYLE_AI_DATABASE/A_CAMERA/Focal_species/Gulo gulo/HFW12-F7/DM/2016/B&W/Robust marks/02.28-04.20/IMG_1197.JPG,IMG_1197.JPG,HFW12-F7_2016_201602280420_IMG_1197.jpg,0.9574064612388611,396.996826171875,574.6022338867188,694.964111328125,926.8687133789062,2048,1536,694,926
HFW12-F7,2016,201602280420,DM,0,/Volumes/Seagate Portable Drive/KYLE_AI_DATABASE/A_CAMERA/Focal_species/Gulo gulo/HFW12-F7/DM/2016/B&W/Robust marks/02.28-04.20/IMG_1198.JPG,IMG_1198.JPG,HFW12-F7_2016_201602280420_IMG_1198.jpg,0.8677231669425964,235.81689453125,767.4298095703125,793.820556640625,550.8001708984375,2048,1536,793,550
HFW12-F7,2016,201602280420,DM,0,/Volumes/Seagate Portable Drive/KYLE_AI_DATABASE/A_CAMERA/Focal_species/Gulo gulo/HFW12-F7/DM/2016/B&W/Robust marks/02.28-04.20/IMG_1203.JPG,IMG_1203.JPG,HFW12-F7_2016_201602280420_IMG_1203.jpg,0.9161137342453003,871.1165771484375,243.2412872314453,402.7578125,940.7243041992188,2048,1536,402,940
HFW12-F7,2016,201602280420,DM,0,/Volumes/Seagate Portable Drive/KYLE_AI_DATABASE/A_CAMERA/Focal_species/Gulo gulo/HFW12-F7/DM/2016/B&W/Robust marks/02.28-04.20/IMG_1205.JPG,IMG_1205.JPG,HFW12-F7_2016_201602280420_IMG_1205.jpg,0.8731533885002136,771.926025390625,215.51632690429688,481.1986083984375,1020.600341796875,2048,1536,481,1020
HFW12-F7,2016,201602280420,DM,0,/Volumes/Seagate Portable Drive/KYLE_AI_DATABASE/A_CAMERA/Focal_species/Gulo gulo/HFW12-F7/DM/2016/B&W/Robust marks/02.28-04.20/IMG_1207.JPG,IMG_1207.JPG,HFW12-F7_2016_201602280420_IMG_1207.jpg,0.8997679948806763,726.5947265625,265.3113098144531,629.123779296875,890.2650146484375,2048,1536,629,890
HFW12-F7,2016,201602280420,DM,0,/Volumes/Seagate Portable Drive/KYLE_AI_DATABASE/A_CAMERA/Focal_species/Gulo gulo/HFW12-F7/DM/2016/B&W/Robust marks/02.28-04.20/IMG_1208.JPG,IMG_1208.JPG,HFW12-F7_2016_201602280420_IMG_1208.jpg,0.880692183971405,632.83349609375,220.96481323242188,647.0435791015625,1063.45849609375,2048,1536,647,1063
HFW12-F7,2016,201602280420,DM,0,/Volumes/Seagate Portable Drive/KYLE_AI_DATABASE/A_CAMERA/Focal_species/Gulo gulo/HFW12-F7/DM/2016/B&W/Robust marks/02.28-04.20/IMG_1209.JPG,IMG_1209.JPG,HFW12-F7_2016_201602280420_IMG_1209.jpg,0.8374692797660828,651.4222412109375,220.67051696777344,622.8797607421875,960.8984375,2048,1536,622,960
HFW12-F7,2016,201602280420,DM,0,/Volumes/Seagate Portable Drive/KYLE_AI_DATABASE/A_CAMERA/Focal_species/Gulo gulo/HFW12-F7/DM/2016/B&W/Robust marks/02.28-04.20/IMG_1210.JPG,IMG_1210.JPG,HFW12-F7_2016_201602280420_IMG_1210.jpg,0.8792708516120911,595.9976806640625,66.73567199707031,635.95263671875,1093.7786865234375,2048,1536,635,1093
HFW12-F7,2016,201602280420,DM,0,/Volumes/Seagate Portable Drive/KYLE_AI_DATABASE/A_CAMERA/Focal_species/Gulo gulo/HFW12-F7/DM/2016/B&W/Robust marks/02.28-04.20/IMG_1213.JPG,IMG_1213.JPG,HFW12-F7_2016_201602280420_IMG_1213.jpg,0.8651962280273438,765.3303833007812,289.99810791015625,573.6044311523438,890.1886596679688,2048,1536,573,890
HFW12-F7,2016,201602280420,DM,0,/Volumes/Seagate Portable Drive/KYLE_AI_DATABASE/A_CAMERA/Focal_species/Gulo gulo/HFW12-F7/DM/2016/B&W/Robust marks/02.28-04.20/IMG_1214.JPG,IMG_1214.JPG,HFW12-F7_2016_201602280420_IMG_1214.jpg,0.8968116044998169,738.9739379882812,273.71234130859375,560.6361694335938,899.5574340820312,2048,1536,560,899
HFW12-F7,2016,201602280420,DM,0,/Volumes/Seagate Portable Drive/KYLE_AI_DATABASE/A_CAMERA/Focal_species/Gulo gulo/HFW12-F7/DM/2016/B&W/Robust marks/02.28-04.20/IMG_1215.JPG,IMG_1215.JPG,HFW12-F7_2016_201602280420_IMG_1215.jpg,0.8872931003570557,740.217529296875,290.1949462890625,552.3365478515625,890.7532958984375,2048,1536,552,890
HFW12-F7,2016,201602280420,DM,0,/Volumes/Seagate Portable Drive/KYLE_AI_DATABASE/A_CAMERA/Focal_species/Gulo gulo/HFW12-F7/DM/2016/B&W/Robust marks/02.28-04.20/IMG_1216.JPG,IMG_1216.JPG,HFW12-F7_2016_201602280420_IMG_1216.jpg,0.8403158783912659,747.416748046875,271.8243713378906,555.96875,948.07470703125,2048,1536,555,948
HFW12-F7,2016,201602280420,DM,0,/Volumes/Seagate Portable Drive/KYLE_AI_DATABASE/A_CAMERA/Focal_species/Gulo gulo/HFW12-F7/DM/2016/B&W/Robust marks/02.28-04.20/IMG_1217.JPG,IMG_1217.JPG,HFW12-F7_2016_201602280420_IMG_1217.jpg,0.8840566277503967,751.0972290039062,249.4812469482422,563.4926147460938,959.8715209960938,2048,1536,563,959
HFW12-F7,2016,201602280420,DM,0,/Volumes/Seagate Portable Drive/KYLE_AI_DATABASE/A_CAMERA/Focal_species/Gulo gulo/HFW12-F7/DM/2016/B&W/Robust marks/02.28-04.20/IMG_1218.JPG,IMG_1218.JPG,HFW12-F7_2016_201602280420_IMG_1218.jpg,0.8558666706085205,771.6058959960938,319.842041015625,555.5840454101562,923.188720703125,2048,1536,555,923
HFW12-F7,2016,201602280420,DM,0,/Volumes/Seagate Portable Drive/KYLE_AI_DATABASE/A_CAMERA/Focal_species/Gulo gulo/HFW12-F7/DM/2016/B&W/Robust marks/02.28-04.20/IMG_1220.JPG,IMG_1220.JPG,HFW12-F7_2016_201602280420_IMG_1220.jpg,0.8673032522201538,758.8916015625,280.05108642578125,556.132080078125,933.0634155273438,2048,1536,556,933
HFW12-F7,2016,201602280420,DM,0,/Volumes/Seagate Portable Drive/KYLE_AI_DATABASE/A_CAMERA/Focal_species/Gulo gulo/HFW12-F7/DM/2016/B&W/Robust marks/02.28-04.20/IMG_1222.JPG,IMG_1222.JPG,HFW12-F7_2016_201602280420_IMG_1222.jpg,0.8701069355010986,710.8329467773438,289.0806884765625,672.6057739257812,855.9764404296875,2048,1536,672,855
HFW12-F7,2016,201602280420,DM,0,/Volumes/Seagate Portable Drive/KYLE_AI_DATABASE/A_CAMERA/Focal_species/Gulo gulo/HFW12-F7/DM/2016/B&W/Robust marks/02.28-04.20/IMG_1223.JPG,IMG_1223.JPG,HFW12-F7_2016_201602280420_IMG_1223.jpg,0.896354615688324,723.195068359375,260.9578857421875,651.447998046875,893.001220703125,2048,1536,651,893
HFW12-F7,2016,201602280420,DM,0,/Volumes/Seagate Portable Drive/KYLE_AI_DATABASE/A_CAMERA/Focal_species/Gulo gulo/HFW12-F7/DM/2016/B&W/Robust marks/02.28-04.20/IMG_1224.JPG,IMG_1224.JPG,HFW12-F7_2016_201602280420_IMG_1224.jpg,0.8860776424407959,718.7171630859375,295.5989990234375,660.828369140625,848.2154541015625,2048,1536,660,848
HFW12-F7,2016,201602280420,DM,0,/Volumes/Seagate Portable Drive/KYLE_AI_DATABASE/A_CAMERA/Focal_species/Gulo gulo/HFW12-F7/DM/2016/B&W/Robust marks/02.28-04.20/IMG_1225.JPG,IMG_1225.JPG,HFW12-F7_2016_201602280420_IMG_1225.jpg,0.8173730969429016,748.0933837890625,288.0264892578125,620.17724609375,906.3143310546875,2048,1536,620,906
HFW12-F7,2016,201602280420,DM,0,/Volumes/Seagate Portable Drive/KYLE_AI_DATABASE/A_CAMERA/Focal_species/Gulo gulo/HFW12-F7/DM/2016/B&W/Robust marks/02.28-04.20/IMG_1227.JPG,IMG_1227.JPG,HFW12-F7_2016_201602280420_IMG_1227.jpg,0.8566045761108398,760.6016235351562,264.02215576171875,570.9147338867188,937.8584594726562,2048,1536,570,937
HFW12-F7,2016,201602280420,DM,0,/Volumes/Seagate Portable Drive/KYLE_AI_DATABASE/A_CAMERA/Focal_species/Gulo gulo/HFW12-F7/DM/2016/B&W/Robust marks/02.28-04.20/IMG_1228.JPG,IMG_1228.JPG,HFW12-F7_2016_201602280420_IMG_1228.jpg,0.8600497841835022,747.193603515625,369.31292724609375,588.7861328125,814.1138305664062,2048,1536,588,814
HFW12-F7,2016,201602280420,DM,0,/Volumes/Seagate Portable Drive/KYLE_AI_DATABASE/A_CAMERA/Focal_species/Gulo gulo/HFW12-F7/DM/2016/B&W/Robust marks/02.28-04.20/IMG_1229.JPG,IMG_1229.JPG,HFW12-F7_2016_201602280420_IMG_1229.jpg,0.8792278170585632,739.845458984375,274.5229797363281,576.046142578125,933.558349609375,2048,1536,576,933
HFW12-F7,2016,201602280420,DM,0,/Volumes/Seagate Portable Drive/KYLE_AI_DATABASE/A_CAMERA/Focal_species/Gulo gulo/HFW12-F7/DM/2016/B&W/Robust marks/02.28-04.20/IMG_1230.JPG,IMG_1230.JPG,HFW12-F7_2016_201602280420_IMG_1230.jpg,0.9041053652763367,720.0503540039062,286.44677734375,592.9938354492188,913.1689453125,2048,1536,592,913
HFW12-F7,2016,201602280420,DM,0,/Volumes/Seagate Portable Drive/KYLE_AI_DATABASE/A_CAMERA/Focal_species/Gulo gulo/HFW12-F7/DM/2016/B&W/Robust marks/02.28-04.20/IMG_1231.JPG,IMG_1231.JPG,HFW12-F7_2016_201602280420_IMG_1231.jpg,0.9175198674201965,644.0966796875,212.48648071289062,711.0101318359375,945.9449462890625,2048,1536,711,945
HFW12-F7,2016,201602280420,DM,0,/Volumes/Seagate Portable Drive/KYLE_AI_DATABASE/A_CAMERA/Focal_species/Gulo gulo/HFW12-F7/DM/2016/B&W/Robust marks/02.28-04.20/IMG_1232.JPG,IMG_1232.JPG,HFW12-F7_2016_201602280420_IMG_1232.jpg,0.9131191372871399,642.186767578125,238.88552856445312,653.8480224609375,965.8736572265625,2048,1536,653,965
HFW12-F7,2016,201602280420,DM,0,/Volumes/Seagate Portable Drive/KYLE_AI_DATABASE/A_CAMERA/Focal_species/Gulo gulo/HFW12-F7/DM/2016/B&W/Robust marks/02.28-04.20/IMG_1233.JPG,IMG_1233.JPG,HFW12-F7_2016_201602280420_IMG_1233.jpg,0.8688610196113586,731.6463623046875,208.839111328125,572.1611328125,1007.1998291015625,2048,1536,572,1007
HFW12-F7,2016,201602280420,DM,0,/Volumes/Seagate Portable Drive/KYLE_AI_DATABASE/A_CAMERA/Focal_species/Gulo gulo/HFW12-F7/DM/2016/B&W/Robust marks/02.28-04.20/IMG_1234.JPG,IMG_1234.JPG,HFW12-F7_2016_201602280420_IMG_1234.jpg,0.8950821757316589,747.0900268554688,175.43028259277344,584.8589477539062,976.4036865234375,2048,1536,584,976
HFW12-F7,2016,201602280420,DM,0,/Volumes/Seagate Portable Drive/KYLE_AI_DATABASE/A_CAMERA/Focal_species/Gulo gulo/HFW12-F7/DM/2016/B&W/Robust marks/02.28-04.20/IMG_1235.JPG,IMG_1235.JPG,HFW12-F7_2016_201602280420_IMG_1235.jpg,0.9339997172355652,723.291748046875,196.7666015625,707.067626953125,949.036376953125,2048,1536,707,949
HFW12-F7,2016,201602280420,DM,0,/Volumes/Seagate Portable Drive/KYLE_AI_DATABASE/A_CAMERA/Focal_species/Gulo gulo/HFW12-F7/DM/2016/B&W/Robust marks/02.28-04.20/IMG_1236.JPG,IMG_1236.JPG,HFW12-F7_2016_201602280420_IMG_1236.jpg,0.8872412443161011,755.70947265625,205.82217407226562,595.76123046875,945.755859375,2048,1536,595,945
HFW12-F7,2016,201602280420,DM,0,/Volumes/Seagate Portable Drive/KYLE_AI_DATABASE/A_CAMERA/Focal_species/Gulo gulo/HFW12-F7/DM/2016/B&W/Robust marks/02.28-04.20/IMG_1238.JPG,IMG_1238.JPG,HFW12-F7_2016_201602280420_IMG_1238.jpg,0.8920931816101074,770.9398803710938,217.0634765625,582.5828247070312,979.245361328125,2048,1536,582,979
HFW12-F7,2016,201602280420,DM,0,/Volumes/Seagate Portable Drive/KYLE_AI_DATABASE/A_CAMERA/Focal_species/Gulo gulo/HFW12-F7/DM/2016/B&W/Robust marks/02.28-04.20/IMG_1239.JPG,IMG_1239.JPG,HFW12-F7_2016_201602280420_IMG_1239.jpg,0.8614217042922974,819.0299072265625,202.65335083007812,543.1494140625,1024.9072265625,2048,1536,543,1024
HFW12-F7,2016,201602280420,DM,0,/Volumes/Seagate Portable Drive/KYLE_AI_DATABASE/A_CAMERA/Focal_species/Gulo gulo/HFW12-F7/DM/2016/B&W/Robust marks/02.28-04.20/IMG_1240.JPG,IMG_1240.JPG,HFW12-F7_2016_201602280420_IMG_1240.jpg,0.8997304439544678,790.697998046875,211.8650665283203,551.58447265625,987.5975952148438,2048,1536,551,987
HFW12-F7,2016,201602280420,DM,0,/Volumes/Seagate Portable Drive/KYLE_AI_DATABASE/A_CAMERA/Focal_species/Gulo gulo/HFW12-F7/DM/2016/B&W/Robust marks/02.28-04.20/IMG_1241.JPG,IMG_1241.JPG,HFW12-F7_2016_201602280420_IMG_1241.jpg,0.9102082848548889,782.1066284179688,204.7800750732422,553.0723266601562,960.6574096679688,2048,1536,553,960
HFW12-F7,2016,201602280420,DM,0,/Volumes/Seagate Portable Drive/KYLE_AI_DATABASE/A_CAMERA/Focal_species/Gulo gulo/HFW12-F7/DM/2016/B&W/Robust marks/02.28-04.20/IMG_1242.JPG,IMG_1242.JPG,HFW12-F7_2016_201602280420_IMG_1242.jpg,0.9254342317581177,790.2579956054688,208.88026428222656,539.1475219726562,964.9429931640625,2048,1536,539,964
HFW12-F7,2016,201602280420,DM,0,/Volumes/Seagate Portable Drive/KYLE_AI_DATABASE/A_CAMERA/Focal_species/Gulo gulo/HFW12-F7/DM/2016/B&W/Robust marks/02.28-04.20/IMG_1243.JPG,IMG_1243.JPG,HFW12-F7_2016_201602280420_IMG_1243.jpg,0.919402003288269,758.0028686523438,198.04417419433594,564.8530883789062,985.339111328125,2048,1536,564,985
HFW12-F7,2016,201602280420,DM,0,/Volumes/Seagate Portable Drive/KYLE_AI_DATABASE/A_CAMERA/Focal_species/Gulo gulo/HFW12-F7/DM/2016/B&W/Robust marks/02.28-04.20/IMG_1244.JPG,IMG_1244.JPG,HFW12-F7_2016_201602280420_IMG_1244.jpg,0.906160831451416,807.1531982421875,177.70486450195312,526.1904296875,976.1756591796875,2048,1536,526,976
HFW12-F7,2016,201602280420,DM,0,/Volumes/Seagate Portable Drive/KYLE_AI_DATABASE/A_CAMERA/Focal_species/Gulo gulo/HFW12-F7/DM/2016/B&W/Robust marks/02.28-04.20/IMG_1245.JPG,IMG_1245.JPG,HFW12-F7_2016_201602280420_IMG_1245.jpg,0.8436686992645264,766.4962768554688,212.3850860595703,655.5523071289062,940.0700073242188,2048,1536,655,940
HFW12-F7,2016,201602280420,DM,0,/Volumes/Seagate Portable Drive/KYLE_AI_DATABASE/A_CAMERA/Focal_species/Gulo gulo/HFW12-F7/DM/2016/B&W/Robust marks/02.28-04.20/IMG_1246.JPG,IMG_1246.JPG,HFW12-F7_2016_201602280420_IMG_1246.jpg,0.8747910261154175,752.6719360351562,200.108642578125,580.2977905273438,958.255126953125,2048,1536,580,958
HFW12-F7,2016,201602280420,DM,0,/Volumes/Seagate Portable Drive/KYLE_AI_DATABASE/A_CAMERA/Focal_species/Gulo gulo/HFW12-F7/DM/2016/B&W/Robust marks/02.28-04.20/IMG_1247.JPG,IMG_1247.JPG,HFW12-F7_2016_201602280420_IMG_1247.jpg,0.8548596501350403,754.923828125,193.37484741210938,569.873779296875,958.800048828125,2048,1536,569,958
HFW12-F7,2016,201602280420,DM,0,/Volumes/Seagate Portable Drive/KYLE_AI_DATABASE/A_CAMERA/Focal_species/Gulo gulo/HFW12-F7/DM/2016/B&W/Robust marks/02.28-04.20/IMG_1248.JPG,IMG_1248.JPG,HFW12-F7_2016_201602280420_IMG_1248.jpg,0.8320322036743164,643.2850341796875,192.52537536621094,676.4500732421875,1113.5560302734375,2048,1536,676,1113
HFW12-F7,2016,201602280420,DM,0,/Volumes/Seagate Portable Drive/KYLE_AI_DATABASE/A_CAMERA/Focal_species/Gulo gulo/HFW12-F7/DM/2016/B&W/Robust marks/02.28-04.20/IMG_1251.JPG,IMG_1251.JPG,HFW12-F7_2016_201602280420_IMG_1251.jpg,0.8762240409851074,770.9825439453125,258.7117919921875,576.781982421875,949.7161865234375,2048,1536,576,949
HFW12-F7,2016,201602280420,DM,0,/Volumes/Seagate Portable Drive/KYLE_AI_DATABASE/A_CAMERA/Focal_species/Gulo gulo/HFW12-F7/DM/2016/B&W/Robust marks/02.28-04.20/IMG_1252.JPG,IMG_1252.JPG,HFW12-F7_2016_201602280420_IMG_1252.jpg,0.8901246786117554,763.81201171875,240.24691772460938,562.38720703125,978.8895263671875,2048,1536,562,978
HFW12-F7,2016,201602280420,DM,0,/Volumes/Seagate Portable Drive/KYLE_AI_DATABASE/A_CAMERA/Focal_species/Gulo gulo/HFW12-F7/DM/2016/B&W/Robust marks/02.28-04.20/IMG_1253.JPG,IMG_1253.JPG,HFW12-F7_2016_201602280420_IMG_1253.jpg,0.9056912064552307,782.955322265625,232.36569213867188,547.377197265625,986.081298828125,2048,1536,547,986
HFW12-F7,2016,201602280420,DM,0,/Volumes/Seagate Portable Drive/KYLE_AI_DATABASE/A_CAMERA/Focal_species/Gulo gulo/HFW12-F7/DM/2016/B&W/Robust marks/02.28-04.20/IMG_1254.JPG,IMG_1254.JPG,HFW12-F7_2016_201602280420_IMG_1254.jpg,0.8387432098388672,768.136962890625,237.15065002441406,561.537109375,994.10107421875,2048,1536,561,994
HFW12-F7,2016,201602280420,DM,0,/Volumes/Seagate Portable Drive/KYLE_AI_DATABASE/A_CAMERA/Focal_species/Gulo gulo/HFW12-F7/DM/2016/B&W/Robust marks/02.28-04.20/IMG_1256.JPG,IMG_1256.JPG,HFW12-F7_2016_201602280420_IMG_1256.jpg,0.8531476259231567,758.757568359375,231.44943237304688,559.6494140625,988.4320068359375,2048,1536,559,988
HFW12-F7,2016,201602280420,DM,0,/Volumes/Seagate Portable Drive/KYLE_AI_DATABASE/A_CAMERA/Focal_species/Gulo gulo/HFW12-F7/DM/2016/B&W/Robust marks/02.28-04.20/IMG_1258.JPG,IMG_1258.JPG,HFW12-F7_2016_201602280420_IMG_1258.jpg,0.8391965627670288,719.7416381835938,217.5494384765625,592.9287719726562,996.3565673828125,2048,1536,592,996
HFW12-F7,2016,201602280420,DM,0,/Volumes/Seagate Portable Drive/KYLE_AI_DATABASE/A_CAMERA/Focal_species/Gulo gulo/HFW12-F7/DM/2016/B&W/Robust marks/02.28-04.20/IMG_1259.JPG,IMG_1259.JPG,HFW12-F7_2016_201602280420_IMG_1259.jpg,0.8330365419387817,690.9100341796875,231.0231170654297,637.917724609375,1054.25244140625,2048,1536,637,1054
HFW12-F7,2016,201602280420,DM,0,/Volumes/Seagate Portable Drive/KYLE_AI_DATABASE/A_CAMERA/Focal_species/Gulo gulo/HFW12-F7/DM/2016/B&W/Robust marks/02.28-04.20/IMG_1260.JPG,IMG_1260.JPG,HFW12-F7_2016_201602280420_IMG_1260.jpg,0.890283465385437,735.9844970703125,217.77621459960938,587.887939453125,974.45068359375,2048,1536,587,974
HFW12-F7,2016,201602280420,DM,0,/Volumes/Seagate Portable Drive/KYLE_AI_DATABASE/A_CAMERA/Focal_species/Gulo gulo/HFW12-F7/DM/2016/B&W/Robust marks/02.28-04.20/IMG_1261.JPG,IMG_1261.JPG,HFW12-F7_2016_201602280420_IMG_1261.jpg,0.9019740223884583,771.850341796875,205.25473022460938,565.97216796875,996.7625732421875,2048,1536,565,996
HFW12-F7,2016,201602280420,DM,0,/Volumes/Seagate Portable Drive/KYLE_AI_DATABASE/A_CAMERA/Focal_species/Gulo gulo/HFW12-F7/DM/2016/B&W/Robust marks/02.28-04.20/IMG_1262.JPG,IMG_1262.JPG,HFW12-F7_2016_201602280420_IMG_1262.jpg,0.8248200416564941,770.605224609375,213.87158203125,544.032958984375,1010.599853515625,2048,1536,544,1010
HFW12-F7,2016,201602280420,DM,0,/Volumes/Seagate Portable Drive/KYLE_AI_DATABASE/A_CAMERA/Focal_species/Gulo gulo/HFW12-F7/DM/2016/B&W/Robust marks/02.28-04.20/IMG_1264.JPG,IMG_1264.JPG,HFW12-F7_2016_201602280420_IMG_1264.jpg,0.9011585116386414,765.7081298828125,225.55091857910156,580.394775390625,995.6719970703125,2048,1536,580,995
HFW12-F7,2016,201602280420,DM,0,/Volumes/Seagate Portable Drive/KYLE_AI_DATABASE/A_CAMERA/Focal_species/Gulo gulo/HFW12-F7/DM/2016/B&W/Robust marks/02.28-04.20/IMG_1265.JPG,IMG_1265.JPG,HFW12-F7_2016_201602280420_IMG_1265.jpg,0.8850893974304199,777.9931640625,243.13430786132812,564.975341796875,989.9986572265625,2048,1536,564,989
HFW12-F7,2016,201602280420,DM,0,/Volumes/Seagate Portable Drive/KYLE_AI_DATABASE/A_CAMERA/Focal_species/Gulo gulo/HFW12-F7/DM/2016/B&W/Robust marks/02.28-04.20/IMG_1266.JPG,IMG_1266.JPG,HFW12-F7_2016_201602280420_IMG_1266.jpg,0.9267078638076782,783.6258544921875,225.9839630126953,559.1962890625,994.2052612304688,2048,1536,559,994
HFW12-F7,2016,201602280420,DM,0,/Volumes/Seagate Portable Drive/KYLE_AI_DATABASE/A_CAMERA/Focal_species/Gulo gulo/HFW12-F7/DM/2016/B&W/Robust marks/02.28-04.20/IMG_1267.JPG,IMG_1267.JPG,HFW12-F7_2016_201602280420_IMG_1267.jpg,0.9037817716598511,786.8500366210938,222.89968872070312,552.5557250976562,988.44580078125,2048,1536,552,988
HFW12-F7,2016,201602280420,DM,0,/Volumes/Seagate Portable Drive/KYLE_AI_DATABASE/A_CAMERA/Focal_species/Gulo gulo/HFW12-F7/DM/2016/B&W/Robust marks/02.28-04.20/IMG_1268.JPG,IMG_1268.JPG,HFW12-F7_2016_201602280420_IMG_1268.jpg,0.9019902944564819,784.9095458984375,215.36219787597656,542.970947265625,991.117919921875,2048,1536,542,991
HFW12-F7,2016,201602280420,DM,0,/Volumes/Seagate Portable Drive/KYLE_AI_DATABASE/A_CAMERA/Focal_species/Gulo gulo/HFW12-F7/DM/2016/B&W/Robust marks/02.28-04.20/IMG_1269.JPG,IMG_1269.JPG,HFW12-F7_2016_201602280420_IMG_1269.jpg,0.8973032236099243,778.0863037109375,218.01136779785156,546.407958984375,996.7908935546875,2048,1536,546,996
HFW12-F7,2016,201602280420,DM,0,/Volumes/Seagate Portable Drive/KYLE_AI_DATABASE/A_CAMERA/Focal_species/Gulo gulo/HFW12-F7/DM/2016/B&W/Robust marks/02.28-04.20/IMG_1270.JPG,IMG_1270.JPG,HFW12-F7_2016_201602280420_IMG_1270.jpg,0.9133206605911255,778.0721435546875,215.93637084960938,541.356201171875,990.765380859375,2048,1536,541,990
HFW12-F7,2016,201602280420,DM,0,/Volumes/Seagate Portable Drive/KYLE_AI_DATABASE/A_CAMERA/Focal_species/Gulo gulo/HFW12-F7/DM/2016/B&W/Robust marks/02.28-04.20/IMG_1271.JPG,IMG_1271.JPG,HFW12-F7_2016_201602280420_IMG_1271.jpg,0.896126389503479,766.576171875,257.90533447265625,558.67236328125,964.3598022460938,2048,1536,558,964
HFW12-F7,2016,201602280420,DM,0,/Volumes/Seagate Portable Drive/KYLE_AI_DATABASE/A_CAMERA/Focal_species/Gulo gulo/HFW12-F7/DM/2016/B&W/Robust marks/02.28-04.20/IMG_1272.JPG,IMG_1272.JPG,HFW12-F7_2016_201602280420_IMG_1272.jpg,0.90245521068573,795.5908203125,234.32125854492188,533.36962890625,988.865234375,2048,1536,533,988
HFW12-F7,2016,201602280420,DM,0,/Volumes/Seagate Portable Drive/KYLE_AI_DATABASE/A_CAMERA/Focal_species/Gulo gulo/HFW12-F7/DM/2016/B&W/Robust marks/02.28-04.20/IMG_1273.JPG,IMG_1273.JPG,HFW12-F7_2016_201602280420_IMG_1273.jpg,0.9119887948036194,784.709228515625,250.67990112304688,535.316162109375,980.66259765625,2048,1536,535,980
HFW12-F7,2016,201602280420,DM,0,/Volumes/Seagate Portable Drive/KYLE_AI_DATABASE/A_CAMERA/Focal_species/Gulo gulo/HFW12-F7/DM/2016/B&W/Robust marks/02.28-04.20/IMG_1274.JPG,IMG_1274.JPG,HFW12-F7_2016_201602280420_IMG_1274.jpg,0.8631459474563599,782.2635498046875,242.0632781982422,534.090576171875,995.0661010742188,2048,1536,534,995
HFW12-F7,2016,201602280420,DM,0,/Volumes/Seagate Portable Drive/KYLE_AI_DATABASE/A_CAMERA/Focal_species/Gulo gulo/HFW12-F7/DM/2016/B&W/Robust marks/02.28-04.20/IMG_1275.JPG,IMG_1275.JPG,HFW12-F7_2016_201602280420_IMG_1275.jpg,0.9037198424339294,786.7467041015625,242.09083557128906,531.435302734375,989.5595703125,2048,1536,531,989
HFW12-F7,2016,201602280420,DM,0,/Volumes/Seagate Portable Drive/KYLE_AI_DATABASE/A_CAMERA/Focal_species/Gulo gulo/HFW12-F7/DM/2016/B&W/Robust marks/02.28-04.20/IMG_1276.JPG,IMG_1276.JPG,HFW12-F7_2016_201602280420_IMG_1276.jpg,0.9064977765083313,789.8934326171875,247.86456298828125,527.03662109375,983.5455932617188,2048,1536,527,983
HFW12-F7,2016,201602280420,DM,0,/Volumes/Seagate Portable Drive/KYLE_AI_DATABASE/A_CAMERA/Focal_species/Gulo gulo/HFW12-F7/DM/2016/B&W/Robust marks/02.28-04.20/IMG_1277.JPG,IMG_1277.JPG,HFW12-F7_2016_201602280420_IMG_1277.jpg,0.8917191624641418,800.6724853515625,241.50210571289062,518.26416015625,975.0716552734375,2048,1536,518,975
HFW12-F7,2016,201602280420,DM,0,/Volumes/Seagate Portable Drive/KYLE_AI_DATABASE/A_CAMERA/Focal_species/Gulo gulo/HFW12-F7/DM/2016/B&W/Robust marks/02.28-04.20/IMG_1278.JPG,IMG_1278.JPG,HFW12-F7_2016_201602280420_IMG_1278.jpg,0.8941055536270142,783.3060302734375,229.74256896972656,532.95556640625,1001.2510986328125,2048,1536,532,1001
HFW12-F7,2016,201602280420,DM,0,/Volumes/Seagate Portable Drive/KYLE_AI_DATABASE/A_CAMERA/Focal_species/Gulo gulo/HFW12-F7/DM/2016/B&W/Robust marks/02.28-04.20/IMG_1279.JPG,IMG_1279.JPG,HFW12-F7_2016_201602280420_IMG_1279.jpg,0.910228967666626,784.921630859375,230.39337158203125,528.733642578125,1001.6895141601562,2048,1536,528,1001
HFW12-F7,2016,201602280420,DM,0,/Volumes/Seagate Portable Drive/KYLE_AI_DATABASE/A_CAMERA/Focal_species/Gulo gulo/HFW12-F7/DM/2016/B&W/Robust marks/02.28-04.20/IMG_1280.JPG,IMG_1280.JPG,HFW12-F7_2016_201602280420_IMG_1280.jpg,0.825341522693634,784.181884765625,215.0878143310547,529.36083984375,1023.3584594726562,2048,1536,529,1023
HFW12-F7,2016,201602280420,DM,0,/Volumes/Seagate Portable Drive/KYLE_AI_DATABASE/A_CAMERA/Focal_species/Gulo gulo/HFW12-F7/DM/2016/B&W/Robust marks/02.28-04.20/IMG_1281.JPG,IMG_1281.JPG,HFW12-F7_2016_201602280420_IMG_1281.jpg,0.9272413849830627,786.4658203125,215.94223022460938,525.271484375,1017.470458984375,2048,1536,525,1017
HFW12-F7,2016,201602280420,DM,0,/Volumes/Seagate Portable Drive/KYLE_AI_DATABASE/A_CAMERA/Focal_species/Gulo gulo/HFW12-F7/DM/2016/B&W/Robust marks/02.28-04.20/IMG_1282.JPG,IMG_1282.JPG,HFW12-F7_2016_201602280420_IMG_1282.jpg,0.901231050491333,774.474365234375,250.28823852539062,533.52587890625,984.9422607421875,2048,1536,533,984
HFW12-F7,2016,201602280420,DM,0,/Volumes/Seagate Portable Drive/KYLE_AI_DATABASE/A_CAMERA/Focal_species/Gulo gulo/HFW12-F7/DM/2016/B&W/Robust marks/02.28-04.20/IMG_1283.JPG,IMG_1283.JPG,HFW12-F7_2016_201602280420_IMG_1283.jpg,0.9287328720092773,779.7200317382812,227.81771850585938,520.8317260742188,994.3121337890625,2048,1536,520,994
HFW12-F7,2016,201602280420,DM,0,/Volumes/Seagate Portable Drive/KYLE_AI_DATABASE/A_CAMERA/Focal_species/Gulo gulo/HFW12-F7/DM/2016/B&W/Robust marks/02.28-04.20/IMG_1284.JPG,IMG_1284.JPG,HFW12-F7_2016_201602280420_IMG_1284.jpg,0.9241885542869568,778.2557373046875,209.53665161132812,526.93115234375,1016.831787109375,2048,1536,526,1016
HFW12-F7,2016,201602280420,DM,0,/Volumes/Seagate Portable Drive/KYLE_AI_DATABASE/A_CAMERA/Focal_species/Gulo gulo/HFW12-F7/DM/2016/B&W/Robust marks/02.28-04.20/IMG_1285.JPG,IMG_1285.JPG,HFW12-F7_2016_201602280420_IMG_1285.jpg,0.9163140654563904,780.2373046875,211.0997314453125,518.75439453125,1009.343505859375,2048,1536,518,1009
HFW12-F7,2016,201602280420,DM,0,/Volumes/Seagate Portable Drive/KYLE_AI_DATABASE/A_CAMERA/Focal_species/Gulo gulo/HFW12-F7/DM/2016/B&W/Robust marks/02.28-04.20/IMG_1286.JPG,IMG_1286.JPG,HFW12-F7_2016_201602280420_IMG_1286.jpg,0.9292470812797546,772.0986328125,214.44351196289062,523.953369140625,991.2178955078125,2048,1536,523,991
HFW12-F7,2016,201602280420,DM,0,/Volumes/Seagate Portable Drive/KYLE_AI_DATABASE/A_CAMERA/Focal_species/Gulo gulo/HFW12-F7/DM/2016/B&W/Robust marks/02.28-04.20/IMG_1287.JPG,IMG_1287.JPG,HFW12-F7_2016_201602280420_IMG_1287.jpg,0.9059923887252808,769.292724609375,206.01388549804688,521.664794921875,1013.94189453125,2048,1536,521,1013
HFW12-F7,2016,201602280420,DM,0,/Volumes/Seagate Portable Drive/KYLE_AI_DATABASE/A_CAMERA/Focal_species/Gulo gulo/HFW12-F7/DM/2016/B&W/Robust marks/02.28-04.20/IMG_1288.JPG,IMG_1288.JPG,HFW12-F7_2016_201602280420_IMG_1288.jpg,0.9124663472175598,773.192626953125,216.7060089111328,524.788818359375,993.2808227539062,2048,1536,524,993
HFW12-F7,2016,201602280420,DM,0,/Volumes/Seagate Portable Drive/KYLE_AI_DATABASE/A_CAMERA/Focal_species/Gulo gulo/HFW12-F7/DM/2016/B&W/Robust marks/02.28-04.20/IMG_1289.JPG,IMG_1289.JPG,HFW12-F7_2016_201602280420_IMG_1289.jpg,0.8871341347694397,852.5064697265625,217.53199768066406,442.661376953125,981.747314453125,2048,1536,442,981
HFW12-F7,2016,201602280420,DM,0,/Volumes/Seagate Portable Drive/KYLE_AI_DATABASE/A_CAMERA/Focal_species/Gulo gulo/HFW12-F7/DM/2016/B&W/Robust marks/02.28-04.20/IMG_1290.JPG,IMG_1290.JPG,HFW12-F7_2016_201602280420_IMG_1290.jpg,0.9223843812942505,771.07373046875,237.47447204589844,524.605224609375,969.025390625,2048,1536,524,969
HFW12-F7,2016,201602280420,DM,0,/Volumes/Seagate Portable Drive/KYLE_AI_DATABASE/A_CAMERA/Focal_species/Gulo gulo/HFW12-F7/DM/2016/B&W/Robust marks/02.28-04.20/IMG_1291.JPG,IMG_1291.JPG,HFW12-F7_2016_201602280420_IMG_1291.jpg,0.9169119000434875,771.2431640625,217.77044677734375,539.37890625,1002.3178100585938,2048,1536,539,1002
HFW12-F7,2016,201602280420,DM,0,/Volumes/Seagate Portable Drive/KYLE_AI_DATABASE/A_CAMERA/Focal_species/Gulo gulo/HFW12-F7/DM/2016/B&W/Robust marks/02.28-04.20/IMG_1292.JPG,IMG_1292.JPG,HFW12-F7_2016_201602280420_IMG_1292.jpg,0.930131733417511,817.8739013671875,217.79617309570312,500.241455078125,1020.7880859375,2048,1536,500,1020
HFW12-F7,2016,201602280420,DM,0,/Volumes/Seagate Portable Drive/KYLE_AI_DATABASE/A_CAMERA/Focal_species/Gulo gulo/HFW12-F7/DM/2016/B&W/Robust marks/02.28-04.20/IMG_1293.JPG,IMG_1293.JPG,HFW12-F7_2016_201602280420_IMG_1293.jpg,0.9207719564437866,810.7543334960938,194.20770263671875,492.49542236328125,1016.1028442382812,2048,1536,492,1016
HFW12-F7,2016,201602280420,DM,0,/Volumes/Seagate Portable Drive/KYLE_AI_DATABASE/A_CAMERA/Focal_species/Gulo gulo/HFW12-F7/DM/2016/B&W/Robust marks/02.28-04.20/IMG_1294.JPG,IMG_1294.JPG,HFW12-F7_2016_201602280420_IMG_1294.jpg,0.9115651249885559,837.04833984375,203.9410400390625,490.106201171875,1032.4122314453125,2048,1536,490,1032
HFW12-F7,2016,201602280420,DM,0,/Volumes/Seagate Portable Drive/KYLE_AI_DATABASE/A_CAMERA/Focal_species/Gulo gulo/HFW12-F7/DM/2016/B&W/Robust marks/02.28-04.20/IMG_1295.JPG,IMG_1295.JPG,HFW12-F7_2016_201602280420_IMG_1295.jpg,0.892088770866394,826.3823852539062,220.28146362304688,491.37591552734375,1005.203857421875,2048,1536,491,1005
HFW12-F7,2016,201602280420,DM,0,/Volumes/Seagate Portable Drive/KYLE_AI_DATABASE/A_CAMERA/Focal_species/Gulo gulo/HFW12-F7/DM/2016/B&W/Robust marks/02.28-04.20/IMG_1296.JPG,IMG_1296.JPG,HFW12-F7_2016_201602280420_IMG_1296.jpg,0.9293502569198608,818.5291137695312,222.703857421875,493.40008544921875,1018.3524169921875,2048,1536,493,1018
HFW12-F7,2016,201602280420,DM,0,/Volumes/Seagate Portable Drive/KYLE_AI_DATABASE/A_CAMERA/Focal_species/Gulo gulo/HFW12-F7/DM/2016/B&W/Robust marks/02.28-04.20/IMG_1297.JPG,IMG_1297.JPG,HFW12-F7_2016_201602280420_IMG_1297.jpg,0.9183512926101685,821.5341796875,207.65895080566406,494.50341796875,1005.00341796875,2048,1536,494,1005
HFW12-F7,2016,201602280420,DM,0,/Volumes/Seagate Portable Drive/KYLE_AI_DATABASE/A_CAMERA/Focal_species/Gulo gulo/HFW12-F7/DM/2016/B&W/Robust marks/02.28-04.20/IMG_1298.JPG,IMG_1298.JPG,HFW12-F7_2016_201602280420_IMG_1298.jpg,0.9210178852081299,819.446044921875,217.569580078125,489.11328125,1016.882568359375,2048,1536,489,1016
HFW12-F7,2016,201602280420,DM,0,/Volumes/Seagate Portable Drive/KYLE_AI_DATABASE/A_CAMERA/Focal_species/Gulo gulo/HFW12-F7/DM/2016/B&W/Robust marks/02.28-04.20/IMG_1299.JPG,IMG_1299.JPG,HFW12-F7_2016_201602280420_IMG_1299.jpg,0.9344044923782349,816.8049926757812,226.15113830566406,486.83392333984375,997.4661865234375,2048,1536,486,997
HFW12-F7,2016,201602280420,DM,0,/Volumes/Seagate Portable Drive/KYLE_AI_DATABASE/A_CAMERA/Focal_species/Gulo gulo/HFW12-F7/DM/2016/B&W/Robust marks/02.28-04.20/IMG_1300.JPG,IMG_1300.JPG,HFW12-F7_2016_201602280420_IMG_1300.jpg,0.9211949706077576,810.8906860351562,225.0241241455078,498.31170654296875,999.7791137695312,2048,1536,498,999
HFW12-F7,2016,201602280420,DM,0,/Volumes/Seagate Portable Drive/KYLE_AI_DATABASE/A_CAMERA/Focal_species/Gulo gulo/HFW12-F7/DM/2016/B&W/Robust marks/02.28-04.20/IMG_1301.JPG,IMG_1301.JPG,HFW12-F7_2016_201602280420_IMG_1301.jpg,0.9232895374298096,794.856689453125,214.03257751464844,529.53955078125,1012.71142578125,2048,1536,529,1012
HFW12-F7,2016,201602280420,DM,0,/Volumes/Seagate Portable Drive/KYLE_AI_DATABASE/A_CAMERA/Focal_species/Gulo gulo/HFW12-F7/DM/2016/B&W/Robust marks/02.28-04.20/IMG_1302.JPG,IMG_1302.JPG,HFW12-F7_2016_201602280420_IMG_1302.jpg,0.9297066330909729,796.2327880859375,209.66505432128906,525.63818359375,1009.886962890625,2048,1536,525,1009
HFW12-F7,2016,201602280420,DM,0,/Volumes/Seagate Portable Drive/KYLE_AI_DATABASE/A_CAMERA/Focal_species/Gulo gulo/HFW12-F7/DM/2016/B&W/Robust marks/02.28-04.20/IMG_1303.JPG,IMG_1303.JPG,HFW12-F7_2016_201602280420_IMG_1303.jpg,0.9313810467720032,792.235107421875,221.11431884765625,522.39990234375,1009.8876342773438,2048,1536,522,1009
HFW12-F7,2016,201602280420,DM,0,/Volumes/Seagate Portable Drive/KYLE_AI_DATABASE/A_CAMERA/Focal_species/Gulo gulo/HFW12-F7/DM/2016/B&W/Robust marks/02.28-04.20/IMG_1304.JPG,IMG_1304.JPG,HFW12-F7_2016_201602280420_IMG_1304.jpg,0.9150143265724182,785.220947265625,227.60971069335938,521.932373046875,1014.5274658203125,2048,1536,521,1014
HFW12-F7,2016,201602280420,DM,0,/Volumes/Seagate Portable Drive/KYLE_AI_DATABASE/A_CAMERA/Focal_species/Gulo gulo/HFW12-F7/DM/2016/B&W/Robust marks/02.28-04.20/IMG_1305.JPG,IMG_1305.JPG,HFW12-F7_2016_201602280420_IMG_1305.jpg,0.921118438243866,792.739501953125,230.8871612548828,508.109619140625,1001.0762329101562,2048,1536,508,1001
HFW12-F7,2016,201602280420,DM,0,/Volumes/Seagate Portable Drive/KYLE_AI_DATABASE/A_CAMERA/Focal_species/Gulo gulo/HFW12-F7/DM/2016/B&W/Robust marks/02.28-04.20/IMG_1306.JPG,IMG_1306.JPG,HFW12-F7_2016_201602280420_IMG_1306.jpg,0.9260812401771545,794.635009765625,222.0933380126953,520.414794921875,1000.7365112304688,2048,1536,520,1000
HFW12-F7,2016,201602280420,DM,0,/Volumes/Seagate Portable Drive/KYLE_AI_DATABASE/A_CAMERA/Focal_species/Gulo gulo/HFW12-F7/DM/2016/B&W/Robust marks/02.28-04.20/IMG_1307.JPG,IMG_1307.JPG,HFW12-F7_2016_201602280420_IMG_1307.jpg,0.9206005334854126,815.560302734375,228.8334503173828,488.11767578125,1010.4533081054688,2048,1536,488,1010
HFW12-F7,2016,201602280420,DM,0,/Volumes/Seagate Portable Drive/KYLE_AI_DATABASE/A_CAMERA/Focal_species/Gulo gulo/HFW12-F7/DM/2016/B&W/Robust marks/02.28-04.20/IMG_1308.JPG,IMG_1308.JPG,HFW12-F7_2016_201602280420_IMG_1308.jpg,0.9401777386665344,815.5785522460938,226.26626586914062,497.29180908203125,1000.7874755859375,2048,1536,497,1000
HFW12-F7,2016,201602280420,DM,0,/Volumes/Seagate Portable Drive/KYLE_AI_DATABASE/A_CAMERA/Focal_species/Gulo gulo/HFW12-F7/DM/2016/B&W/Robust marks/02.28-04.20/IMG_1309.JPG,IMG_1309.JPG,HFW12-F7_2016_201602280420_IMG_1309.jpg,0.9091278314590454,823.728271484375,190.48928833007812,500.743408203125,1023.6890869140625,2048,1536,500,1023
HFW12-F7,2016,201602280420,DM,0,/Volumes/Seagate Portable Drive/KYLE_AI_DATABASE/A_CAMERA/Focal_species/Gulo gulo/HFW12-F7/DM/2016/B&W/Robust marks/02.28-04.20/IMG_1310.JPG,IMG_1310.JPG,HFW12-F7_2016_201602280420_IMG_1310.jpg,0.8950647115707397,822.649658203125,197.51966857910156,496.873779296875,986.7142333984375,2048,1536,496,986
HFW12-F7,2016,201602280420,DM,0,/Volumes/Seagate Portable Drive/KYLE_AI_DATABASE/A_CAMERA/Focal_species/Gulo gulo/HFW12-F7/DM/2016/B&W/Robust marks/02.28-04.20/IMG_1311.JPG,IMG_1311.JPG,HFW12-F7_2016_201602280420_IMG_1311.jpg,0.9146026372909546,812.058837890625,219.06005859375,500.6875,997.0308837890625,2048,1536,500,997
HFW12-F7,2016,201602280420,DM,0,/Volumes/Seagate Portable Drive/KYLE_AI_DATABASE/A_CAMERA/Focal_species/Gulo gulo/HFW12-F7/DM/2016/B&W/Robust marks/02.28-04.20/IMG_1312.JPG,IMG_1312.JPG,HFW12-F7_2016_201602280420_IMG_1312.jpg,0.9036650657653809,818.4403076171875,230.26295471191406,503.443603515625,980.846923828125,2048,1536,503,980
HFW12-F7,2016,201602280420,DM,0,/Volumes/Seagate Portable Drive/KYLE_AI_DATABASE/A_CAMERA/Focal_species/Gulo gulo/HFW12-F7/DM/2016/B&W/Robust marks/02.28-04.20/IMG_1313.JPG,IMG_1313.JPG,HFW12-F7_2016_201602280420_IMG_1313.jpg,0.9179764986038208,822.3974609375,214.023193359375,491.195068359375,1000.71630859375,2048,1536,491,1000
HFW12-F7,2016,201602280420,DM,0,/Volumes/Seagate Portable Drive/KYLE_AI_DATABASE/A_CAMERA/Focal_species/Gulo gulo/HFW12-F7/DM/2016/B&W/Robust marks/02.28-04.20/IMG_1314.JPG,IMG_1314.JPG,HFW12-F7_2016_201602280420_IMG_1314.jpg,0.944782018661499,820.6514892578125,226.2403564453125,502.73388671875,1002.425048828125,2048,1536,502,1002
HFW12-F7,2016,201602280420,DM,0,/Volumes/Seagate Portable Drive/KYLE_AI_DATABASE/A_CAMERA/Focal_species/Gulo gulo/HFW12-F7/DM/2016/B&W/Robust marks/02.28-04.20/IMG_1315.JPG,IMG_1315.JPG,HFW12-F7_2016_201602280420_IMG_1315.jpg,0.9202170968055725,816.2507934570312,224.60586547851562,505.63604736328125,981.4705810546875,2048,1536,505,981
HFW12-F7,2016,201602280420,DM,0,/Volumes/Seagate Portable Drive/KYLE_AI_DATABASE/A_CAMERA/Focal_species/Gulo gulo/HFW12-F7/DM/2016/B&W/Robust marks/02.28-04.20/IMG_1316.JPG,IMG_1316.JPG,HFW12-F7_2016_201602280420_IMG_1316.jpg,0.9429231286048889,820.0693969726562,217.50961303710938,497.35064697265625,991.759765625,2048,1536,497,991
HFW12-F7,2016,201602280420,DM,0,/Volumes/Seagate Portable Drive/KYLE_AI_DATABASE/A_CAMERA/Focal_species/Gulo gulo/HFW12-F7/DM/2016/B&W/Robust marks/02.28-04.20/IMG_1317.JPG,IMG_1317.JPG,HFW12-F7_2016_201602280420_IMG_1317.jpg,0.9167660474777222,834.2156982421875,224.14755249023438,489.21337890625,1008.7982177734375,2048,1536,489,1008
HFW12-F7,2016,201602280420,DM,0,/Volumes/Seagate Portable Drive/KYLE_AI_DATABASE/A_CAMERA/Focal_species/Gulo gulo/HFW12-F7/DM/2016/B&W/Robust marks/02.28-04.20/IMG_1318.JPG,IMG_1318.JPG,HFW12-F7_2016_201602280420_IMG_1318.jpg,0.90944904088974,833.2838134765625,211.5515899658203,492.79931640625,1038.5863037109375,2048,1536,492,1038
HFW12-F7,2016,201602280420,DM,0,/Volumes/Seagate Portable Drive/KYLE_AI_DATABASE/A_CAMERA/Focal_species/Gulo gulo/HFW12-F7/DM/2016/B&W/Robust marks/02.28-04.20/IMG_1319.JPG,IMG_1319.JPG,HFW12-F7_2016_201602280420_IMG_1319.jpg,0.8964572548866272,829.8191528320312,215.7578887939453,494.79766845703125,1040.6251220703125,2048,1536,494,1040
HFW12-F7,2016,201602280420,DM,0,/Volumes/Seagate Portable Drive/KYLE_AI_DATABASE/A_CAMERA/Focal_species/Gulo gulo/HFW12-F7/DM/2016/B&W/Robust marks/02.28-04.20/IMG_1320.JPG,IMG_1320.JPG,HFW12-F7_2016_201602280420_IMG_1320.jpg,0.8860457539558411,828.3148193359375,211.02987670898438,488.978271484375,1036.011962890625,2048,1536,488,1036
HFW12-F7,2016,201602280420,DM,0,/Volumes/Seagate Portable Drive/KYLE_AI_DATABASE/A_CAMERA/Focal_species/Gulo gulo/HFW12-F7/DM/2016/B&W/Robust marks/02.28-04.20/IMG_1321.JPG,IMG_1321.JPG,HFW12-F7_2016_201602280420_IMG_1321.jpg,0.9391046762466431,835.1427612304688,214.28585815429688,465.27374267578125,994.1787109375,2048,1536,465,994
HFW12-F7,2016,201602280420,DM,0,/Volumes/Seagate Portable Drive/KYLE_AI_DATABASE/A_CAMERA/Focal_species/Gulo gulo/HFW12-F7/DM/2016/B&W/Robust marks/02.28-04.20/IMG_1322.JPG,IMG_1322.JPG,HFW12-F7_2016_201602280420_IMG_1322.jpg,0.93996262550354,834.0650634765625,229.54916381835938,462.430908203125,971.4471435546875,2048,1536,462,971
HFW12-F7,2016,201602280420,DM,0,/Volumes/Seagate Portable Drive/KYLE_AI_DATABASE/A_CAMERA/Focal_species/Gulo gulo/HFW12-F7/DM/2016/B&W/Robust marks/02.28-04.20/IMG_1323.JPG,IMG_1323.JPG,HFW12-F7_2016_201602280420_IMG_1323.jpg,0.922502338886261,832.50830078125,220.7991485595703,469.785888671875,985.9738159179688,2048,1536,469,985
HFW12-F7,2016,201602280420,DM,0,/Volumes/Seagate Portable Drive/KYLE_AI_DATABASE/A_CAMERA/Focal_species/Gulo gulo/HFW12-F7/DM/2016/B&W/Robust marks/02.28-04.20/IMG_1324.JPG,IMG_1324.JPG,HFW12-F7_2016_201602280420_IMG_1324.jpg,0.9262940883636475,833.2252807617188,211.99424743652344,468.19110107421875,995.2354736328125,2048,1536,468,995
HFW12-F7,2016,201602280420,DM,0,/Volumes/Seagate Portable Drive/KYLE_AI_DATABASE/A_CAMERA/Focal_species/Gulo gulo/HFW12-F7/DM/2016/B&W/Robust marks/02.28-04.20/IMG_1325.JPG,IMG_1325.JPG,HFW12-F7_2016_201602280420_IMG_1325.jpg,0.9285210371017456,829.160400390625,216.99911499023438,468.138916015625,995.4520263671875,2048,1536,468,995
HFW12-F7,2016,201602280420,DM,0,/Volumes/Seagate Portable Drive/KYLE_AI_DATABASE/A_CAMERA/Focal_species/Gulo gulo/HFW12-F7/DM/2016/B&W/Robust marks/02.28-04.20/IMG_1326.JPG,IMG_1326.JPG,HFW12-F7_2016_201602280420_IMG_1326.jpg,0.9160667061805725,832.4978637695312,225.0952606201172,466.51116943359375,992.9424438476562,2048,1536,466,992
HFW12-F7,2016,201602280420,DM,0,/Volumes/Seagate Portable Drive/KYLE_AI_DATABASE/A_CAMERA/Focal_species/Gulo gulo/HFW12-F7/DM/2016/B&W/Robust marks/02.28-04.20/IMG_1327.JPG,IMG_1327.JPG,HFW12-F7_2016_201602280420_IMG_1327.jpg,0.9096914529800415,828.5009765625,228.7239990234375,469.24267578125,996.7349853515625,2048,1536,469,996
HFW12-F7,2016,201602280420,DM,0,/Volumes/Seagate Portable Drive/KYLE_AI_DATABASE/A_CAMERA/Focal_species/Gulo gulo/HFW12-F7/DM/2016/B&W/Robust marks/02.28-04.20/IMG_1328.JPG,IMG_1328.JPG,HFW12-F7_2016_201602280420_IMG_1328.jpg,0.9345227479934692,829.3145751953125,225.0889892578125,469.7919921875,993.1707763671875,2048,1536,469,993
HFW12-F7,2016,201602280420,DM,0,/Volumes/Seagate Portable Drive/KYLE_AI_DATABASE/A_CAMERA/Focal_species/Gulo gulo/HFW12-F7/DM/2016/B&W/Robust marks/02.28-04.20/IMG_1329.JPG,IMG_1329.JPG,HFW12-F7_2016_201602280420_IMG_1329.jpg,0.9427333474159241,830.3750610351562,224.0207977294922,469.99774169921875,1005.4943237304688,2048,1536,469,1005
HFW12-F7,2016,201602280420,DM,0,/Volumes/Seagate Portable Drive/KYLE_AI_DATABASE/A_CAMERA/Focal_species/Gulo gulo/HFW12-F7/DM/2016/B&W/Robust marks/02.28-04.20/IMG_1330.JPG,IMG_1330.JPG,HFW12-F7_2016_201602280420_IMG_1330.jpg,0.9289138913154602,827.489990234375,222.8814697265625,475.108642578125,1033.1820068359375,2048,1536,475,1033
HFW12-F7,2016,201602280420,DM,0,/Volumes/Seagate Portable Drive/KYLE_AI_DATABASE/A_CAMERA/Focal_species/Gulo gulo/HFW12-F7/DM/2016/B&W/Robust marks/02.28-04.20/IMG_1331.JPG,IMG_1331.JPG,HFW12-F7_2016_201602280420_IMG_1331.jpg,0.9334368109703064,834.342529296875,226.3077392578125,471.289306640625,1018.2186279296875,2048,1536,471,1018
HFW12-F7,2016,201602280420,DM,0,/Volumes/Seagate Portable Drive/KYLE_AI_DATABASE/A_CAMERA/Focal_species/Gulo gulo/HFW12-F7/DM/2016/B&W/Robust marks/02.28-04.20/IMG_1332.JPG,IMG_1332.JPG,HFW12-F7_2016_201602280420_IMG_1332.jpg,0.9418420791625977,836.9185180664062,227.09124755859375,468.71185302734375,1021.2313842773438,2048,1536,468,1021
HFW12-F7,2016,201602280420,DM,0,/Volumes/Seagate Portable Drive/KYLE_AI_DATABASE/A_CAMERA/Focal_species/Gulo gulo/HFW12-F7/DM/2016/B&W/Robust marks/02.28-04.20/IMG_1333.JPG,IMG_1333.JPG,HFW12-F7_2016_201602280420_IMG_1333.jpg,0.9317205548286438,830.3555908203125,221.65086364746094,473.8935546875,1027.672607421875,2048,1536,473,1027
HFW12-F7,2016,201602280420,DM,0,/Volumes/Seagate Portable Drive/KYLE_AI_DATABASE/A_CAMERA/Focal_species/Gulo gulo/HFW12-F7/DM/2016/B&W/Robust marks/02.28-04.20/IMG_1334.JPG,IMG_1334.JPG,HFW12-F7_2016_201602280420_IMG_1334.jpg,0.926638662815094,832.2938842773438,223.58555603027344,470.41387939453125,1020.8134765625,2048,1536,470,1020
HFW12-F7,2016,201602280420,DM,0,/Volumes/Seagate Portable Drive/KYLE_AI_DATABASE/A_CAMERA/Focal_species/Gulo gulo/HFW12-F7/DM/2016/B&W/Robust marks/02.28-04.20/IMG_1335.JPG,IMG_1335.JPG,HFW12-F7_2016_201602280420_IMG_1335.jpg,0.9311906099319458,833.0457153320312,216.7305450439453,470.13079833984375,1031.4134521484375,2048,1536,470,1031
HFW12-F7,2016,201602280420,DM,0,/Volumes/Seagate Portable Drive/KYLE_AI_DATABASE/A_CAMERA/Focal_species/Gulo gulo/HFW12-F7/DM/2016/B&W/Robust marks/02.28-04.20/IMG_1336.JPG,IMG_1336.JPG,HFW12-F7_2016_201602280420_IMG_1336.jpg,0.9351230263710022,832.8712158203125,228.1674041748047,469.97119140625,1019.0401000976562,2048,1536,469,1019
HFW12-F7,2016,201602280420,DM,0,/Volumes/Seagate Portable Drive/KYLE_AI_DATABASE/A_CAMERA/Focal_species/Gulo gulo/HFW12-F7/DM/2016/B&W/Robust marks/02.28-04.20/IMG_1337.JPG,IMG_1337.JPG,HFW12-F7_2016_201602280420_IMG_1337.jpg,0.9157372117042542,829.0508422851562,223.3531494140625,478.16595458984375,1028.0010986328125,2048,1536,478,1028
HFW12-F7,2016,201602280420,DM,0,/Volumes/Seagate Portable Drive/KYLE_AI_DATABASE/A_CAMERA/Focal_species/Gulo gulo/HFW12-F7/DM/2016/B&W/Robust marks/02.28-04.20/IMG_1338.JPG,IMG_1338.JPG,HFW12-F7_2016_201602280420_IMG_1338.jpg,0.934755265712738,830.5079956054688,227.46876525878906,473.36334228515625,1021.880615234375,2048,1536,473,1021
HFW12-F7,2016,201602280420,DM,0,/Volumes/Seagate Portable Drive/KYLE_AI_DATABASE/A_CAMERA/Focal_species/Gulo gulo/HFW12-F7/DM/2016/B&W/Robust marks/02.28-04.20/IMG_1339.JPG,IMG_1339.JPG,HFW12-F7_2016_201602280420_IMG_1339.jpg,0.9398556351661682,832.0335083007812,218.81813049316406,472.59417724609375,1025.69775390625,2048,1536,472,1025
HFW12-F7,2016,201602280420,DM,0,/Volumes/Seagate Portable Drive/KYLE_AI_DATABASE/A_CAMERA/Focal_species/Gulo gulo/HFW12-F7/DM/2016/B&W/Robust marks/02.28-04.20/IMG_1340.JPG,IMG_1340.JPG,HFW12-F7_2016_201602280420_IMG_1340.jpg,0.9120600819587708,833.0696411132812,222.55677795410156,465.85137939453125,1019.902099609375,2048,1536,465,1019
HFW12-F7,2016,201602280420,DM,0,/Volumes/Seagate Portable Drive/KYLE_AI_DATABASE/A_CAMERA/Focal_species/Gulo gulo/HFW12-F7/DM/2016/B&W/Robust marks/02.28-04.20/IMG_1341.JPG,IMG_1341.JPG,HFW12-F7_2016_201602280420_IMG_1341.jpg,0.9046244621276855,786.1633911132812,248.98704528808594,511.48834228515625,969.2841796875,2048,1536,511,969
HFW12-F7,2016,201602280420,DM,0,/Volumes/Seagate Portable Drive/KYLE_AI_DATABASE/A_CAMERA/Focal_species/Gulo gulo/HFW12-F7/DM/2016/B&W/Robust marks/02.28-04.20/IMG_1342.JPG,IMG_1342.JPG,HFW12-F7_2016_201602280420_IMG_1342.jpg,0.9240801334381104,817.4129638671875,236.3118438720703,488.858154296875,984.8276977539062,2048,1536,488,984
HFW12-F7,2016,201602280420,DM,0,/Volumes/Seagate Portable Drive/KYLE_AI_DATABASE/A_CAMERA/Focal_species/Gulo gulo/HFW12-F7/DM/2016/B&W/Robust marks/02.28-04.20/IMG_1343.JPG,IMG_1343.JPG,HFW12-F7_2016_201602280420_IMG_1343.jpg,0.9073903560638428,817.0072631835938,251.2958221435547,490.65875244140625,971.3201293945312,2048,1536,490,971
HFW12-F7,2016,201602280420,DM,0,/Volumes/Seagate Portable Drive/KYLE_AI_DATABASE/A_CAMERA/Focal_species/Gulo gulo/HFW12-F7/DM/2016/B&W/Robust marks/02.28-04.20/IMG_1344.JPG,IMG_1344.JPG,HFW12-F7_2016_201602280420_IMG_1344.jpg,0.9348006248474121,838.8397216796875,231.0242156982422,453.616455078125,971.6896362304688,2048,1536,453,971
HFW12-F7,2016,201602280420,DM,0,/Volumes/Seagate Portable Drive/KYLE_AI_DATABASE/A_CAMERA/Focal_species/Gulo gulo/HFW12-F7/DM/2016/B&W/Robust marks/02.28-04.20/IMG_1345.JPG,IMG_1345.JPG,HFW12-F7_2016_201602280420_IMG_1345.jpg,0.9425088763237,855.0374755859375,224.9519805908203,435.5361328125,965.3350219726562,2048,1536,435,965
HFW12-F7,2016,201602280420,DM,0,/Volumes/Seagate Portable Drive/KYLE_AI_DATABASE/A_CAMERA/Focal_species/Gulo gulo/HFW12-F7/DM/2016/B&W/Robust marks/02.28-04.20/IMG_1346.JPG,IMG_1346.JPG,HFW12-F7_2016_201602280420_IMG_1346.jpg,0.93759685754776,859.7703857421875,241.8940887451172,444.61572265625,976.1576538085938,2048,1536,444,976
HFW12-F7,2016,201602280420,DM,0,/Volumes/Seagate Portable Drive/KYLE_AI_DATABASE/A_CAMERA/Focal_species/Gulo gulo/HFW12-F7/DM/2016/B&W/Robust marks/02.28-04.20/IMG_1347.JPG,IMG_1347.JPG,HFW12-F7_2016_201602280420_IMG_1347.jpg,0.9250314831733704,869.9287109375,250.72897338867188,442.29833984375,971.9044189453125,2048,1536,442,971
HFW12-F7,2016,201602280420,DM,0,/Volumes/Seagate Portable Drive/KYLE_AI_DATABASE/A_CAMERA/Focal_species/Gulo gulo/HFW12-F7/DM/2016/B&W/Robust marks/02.28-04.20/IMG_1348.JPG,IMG_1348.JPG,HFW12-F7_2016_201602280420_IMG_1348.jpg,0.9262142777442932,860.7166748046875,248.67723083496094,448.218994140625,979.35302734375,2048,1536,448,979
HFW12-F7,2016,201602280420,DM,0,/Volumes/Seagate Portable Drive/KYLE_AI_DATABASE/A_CAMERA/Focal_species/Gulo gulo/HFW12-F7/DM/2016/B&W/Robust marks/02.28-04.20/IMG_1349.JPG,IMG_1349.JPG,HFW12-F7_2016_201602280420_IMG_1349.jpg,0.9466715455055237,855.4632568359375,252.2991485595703,451.5224609375,968.8872680664062,2048,1536,451,968
HFW12-F7,2016,201602280420,DM,0,/Volumes/Seagate Portable Drive/KYLE_AI_DATABASE/A_CAMERA/Focal_species/Gulo gulo/HFW12-F7/DM/2016/B&W/Robust marks/02.28-04.20/IMG_1350.JPG,IMG_1350.JPG,HFW12-F7_2016_201602280420_IMG_1350.jpg,0.9440377354621887,857.0128173828125,252.1413116455078,450.4912109375,965.9163208007812,2048,1536,450,965
HFW12-F7,2016,201602280420,DM,0,/Volumes/Seagate Portable Drive/KYLE_AI_DATABASE/A_CAMERA/Focal_species/Gulo gulo/HFW12-F7/DM/2016/B&W/Robust marks/02.28-04.20/IMG_1351.JPG,IMG_1351.JPG,HFW12-F7_2016_201602280420_IMG_1351.jpg,0.9262449741363525,847.7611694335938,250.19778442382812,472.64385986328125,978.131103515625,2048,1536,472,978
HFW12-F7,2016,201602280420,DM,0,/Volumes/Seagate Portable Drive/KYLE_AI_DATABASE/A_CAMERA/Focal_species/Gulo gulo/HFW12-F7/DM/2016/B&W/Robust marks/02.28-04.20/IMG_1352.JPG,IMG_1352.JPG,HFW12-F7_2016_201602280420_IMG_1352.jpg,0.9273372292518616,844.7918701171875,245.50314331054688,467.831787109375,974.617431640625,2048,1536,467,974
HFW12-F7,2016,201602280420,DM,0,/Volumes/Seagate Portable Drive/KYLE_AI_DATABASE/A_CAMERA/Focal_species/Gulo gulo/HFW12-F7/DM/2016/B&W/Robust marks/02.28-04.20/IMG_1353.JPG,IMG_1353.JPG,HFW12-F7_2016_201602280420_IMG_1353.jpg,0.9347406029701233,844.0780029296875,225.1830596923828,468.87158203125,989.5274047851562,2048,1536,468,989
HFW12-F7,2016,201602280420,DM,0,/Volumes/Seagate Portable Drive/KYLE_AI_DATABASE/A_CAMERA/Focal_species/Gulo gulo/HFW12-F7/DM/2016/B&W/Robust marks/02.28-04.20/IMG_1354.JPG,IMG_1354.JPG,HFW12-F7_2016_201602280420_IMG_1354.jpg,0.9337871670722961,844.4181518554688,250.09996032714844,464.37823486328125,963.0469970703125,2048,1536,464,963
HFW12-F7,2016,201602280420,DM,0,/Volumes/Seagate Portable Drive/KYLE_AI_DATABASE/A_CAMERA/Focal_species/Gulo gulo/HFW12-F7/DM/2016/B&W/Robust marks/02.28-04.20/IMG_1355.JPG,IMG_1355.JPG,HFW12-F7_2016_201602280420_IMG_1355.jpg,0.9204248785972595,843.121826171875,223.6900634765625,465.45654296875,996.8616943359375,2048,1536,465,996
HFW12-F7,2016,201602280420,DM,0,/Volumes/Seagate Portable Drive/KYLE_AI_DATABASE/A_CAMERA/Focal_species/Gulo gulo/HFW12-F7/DM/2016/B&W/Robust marks/02.28-04.20/IMG_1356.JPG,IMG_1356.JPG,HFW12-F7_2016_201602280420_IMG_1356.jpg,0.8714618682861328,848.2852172851562,278.13482666015625,464.43914794921875,942.7012329101562,2048,1536,464,942
HFW12-F7,2016,201602280420,DM,0,/Volumes/Seagate Portable Drive/KYLE_AI_DATABASE/A_CAMERA/Focal_species/Gulo gulo/HFW12-F7/DM/2016/B&W/Robust marks/02.28-04.20/IMG_1357.JPG,IMG_1357.JPG,HFW12-F7_2016_201602280420_IMG_1357.jpg,0.9293150305747986,818.326171875,225.1359100341797,482.097412109375,965.2825317382812,2048,1536,482,965
HFW12-F7,2016,201602280420,DM,0,/Volumes/Seagate Portable Drive/KYLE_AI_DATABASE/A_CAMERA/Focal_species/Gulo gulo/HFW12-F7/DM/2016/B&W/Robust marks/02.28-04.20/IMG_1358.JPG,IMG_1358.JPG,HFW12-F7_2016_201602280420_IMG_1358.jpg,0.931606113910675,840.86865234375,239.66903686523438,452.65673828125,968.126220703125,2048,1536,452,968
HFW12-F7,2016,201602280420,DM,0,/Volumes/Seagate Portable Drive/KYLE_AI_DATABASE/A_CAMERA/Focal_species/Gulo gulo/HFW12-F7/DM/2016/B&W/Robust marks/02.28-04.20/IMG_1359.JPG,IMG_1359.JPG,HFW12-F7_2016_201602280420_IMG_1359.jpg,0.9135755896568298,832.434326171875,231.0095672607422,463.91796875,986.2118530273438,2048,1536,463,986
HFW12-F7,2016,201602280420,DM,0,/Volumes/Seagate Portable Drive/KYLE_AI_DATABASE/A_CAMERA/Focal_species/Gulo gulo/HFW12-F7/DM/2016/B&W/Robust marks/02.28-04.20/IMG_1360.JPG,IMG_1360.JPG,HFW12-F7_2016_201602280420_IMG_1360.jpg,0.9132800698280334,815.3370361328125,242.80874633789062,480.47265625,968.6162109375,2048,1536,480,968
HFW12-F7,2016,201602280420,DM,0,/Volumes/Seagate Portable Drive/KYLE_AI_DATABASE/A_CAMERA/Focal_species/Gulo gulo/HFW12-F7/DM/2016/B&W/Robust marks/02.28-04.20/IMG_1361.JPG,IMG_1361.JPG,HFW12-F7_2016_201602280420_IMG_1361.jpg,0.9164089560508728,840.797607421875,228.36227416992188,454.411376953125,967.67333984375,2048,1536,454,967
HFW12-F7,2016,201602280420,DM,0,/Volumes/Seagate Portable Drive/KYLE_AI_DATABASE/A_CAMERA/Focal_species/Gulo gulo/HFW12-F7/DM/2016/B&W/Robust marks/02.28-04.20/IMG_1362.JPG,IMG_1362.JPG,HFW12-F7_2016_201602280420_IMG_1362.jpg,0.9020475149154663,832.0381469726562,261.1959228515625,472.64617919921875,961.2626953125,2048,1536,472,961
HFW12-F7,2016,201602280420,DM,0,/Volumes/Seagate Portable Drive/KYLE_AI_DATABASE/A_CAMERA/Focal_species/Gulo gulo/HFW12-F7/DM/2016/B&W/Robust marks/02.28-04.20/IMG_1363.JPG,IMG_1363.JPG,HFW12-F7_2016_201602280420_IMG_1363.jpg,0.9016963243484497,834.47705078125,226.9958038330078,467.21728515625,992.9703979492188,2048,1536,467,992
HFW12-F7,2016,201602280420,DM,0,/Volumes/Seagate Portable Drive/KYLE_AI_DATABASE/A_CAMERA/Focal_species/Gulo gulo/HFW12-F7/DM/2016/B&W/Robust marks/02.28-04.20/IMG_1364.JPG,IMG_1364.JPG,HFW12-F7_2016_201602280420_IMG_1364.jpg,0.9307542443275452,840.7548217773438,218.9374237060547,454.52008056640625,993.4415893554688,2048,1536,454,993
HFW12-F7,2016,201602280420,DM,0,/Volumes/Seagate Portable Drive/KYLE_AI_DATABASE/A_CAMERA/Focal_species/Gulo gulo/HFW12-F7/DM/2016/B&W/Robust marks/02.28-04.20/IMG_1365.JPG,IMG_1365.JPG,HFW12-F7_2016_201602280420_IMG_1365.jpg,0.9207901358604431,825.2232666015625,225.0564422607422,473.877197265625,986.6603393554688,2048,1536,473,986
HFW12-F7,2016,201602280420,DM,0,/Volumes/Seagate Portable Drive/KYLE_AI_DATABASE/A_CAMERA/Focal_species/Gulo gulo/HFW12-F7/DM/2016/B&W/Robust marks/02.28-04.20/IMG_1366.JPG,IMG_1366.JPG,HFW12-F7_2016_201602280420_IMG_1366.jpg,0.9036186337471008,838.8477783203125,252.5507354736328,477.489013671875,983.8442993164062,2048,1536,477,983
HFW12-F7,2016,201602280420,DM,0,/Volumes/Seagate Portable Drive/KYLE_AI_DATABASE/A_CAMERA/Focal_species/Gulo gulo/HFW12-F7/DM/2016/B&W/Robust marks/02.28-04.20/IMG_1367.JPG,IMG_1367.JPG,HFW12-F7_2016_201602280420_IMG_1367.jpg,0.9395124316215515,837.9795532226562,248.07330322265625,461.10137939453125,974.0036010742188,2048,1536,461,974
HFW12-F7,2016,201602280420,DM,0,/Volumes/Seagate Portable Drive/KYLE_AI_DATABASE/A_CAMERA/Focal_species/Gulo gulo/HFW12-F7/DM/2016/B&W/Robust marks/02.28-04.20/IMG_1368.JPG,IMG_1368.JPG,HFW12-F7_2016_201602280420_IMG_1368.jpg,0.9255605340003967,838.249755859375,239.5198974609375,459.733154296875,966.84814453125,2048,1536,459,966
HFW12-F7,2016,201602280420,DM,0,/Volumes/Seagate Portable Drive/KYLE_AI_DATABASE/A_CAMERA/Focal_species/Gulo gulo/HFW12-F7/DM/2016/B&W/Robust marks/02.28-04.20/IMG_1369.JPG,IMG_1369.JPG,HFW12-F7_2016_201602280420_IMG_1369.jpg,0.9152493476867676,842.224609375,267.8748779296875,465.95849609375,969.8201904296875,2048,1536,465,969
HFW12-F7,2016,201602280420,DM,0,/Volumes/Seagate Portable Drive/KYLE_AI_DATABASE/A_CAMERA/Focal_species/Gulo gulo/HFW12-F7/DM/2016/B&W/Robust marks/02.28-04.20/IMG_1370.JPG,IMG_1370.JPG,HFW12-F7_2016_201602280420_IMG_1370.jpg,0.9195452928543091,835.1181030273438,262.0201721191406,471.00103759765625,968.361572265625,2048,1536,471,968
HFW12-F7,2016,201602280420,DM,0,/Volumes/Seagate Portable Drive/KYLE_AI_DATABASE/A_CAMERA/Focal_species/Gulo gulo/HFW12-F7/DM/2016/B&W/Robust marks/02.28-04.20/IMG_1371.JPG,IMG_1371.JPG,HFW12-F7_2016_201602280420_IMG_1371.jpg,0.9139775037765503,826.3834838867188,242.91769409179688,470.65887451171875,955.4024658203125,2048,1536,470,955
HFW12-F7,2016,201602280420,DM,0,/Volumes/Seagate Portable Drive/KYLE_AI_DATABASE/A_CAMERA/Focal_species/Gulo gulo/HFW12-F7/DM/2016/B&W/Robust marks/02.28-04.20/IMG_1372.JPG,IMG_1372.JPG,HFW12-F7_2016_201602280420_IMG_1372.jpg,0.9061570167541504,829.5463256835938,232.6069793701172,461.39215087890625,967.0359497070312,2048,1536,461,967
HFW12-F7,2016,201602280420,DM,0,/Volumes/Seagate Portable Drive/KYLE_AI_DATABASE/A_CAMERA/Focal_species/Gulo gulo/HFW12-F7/DM/2016/B&W/Robust marks/02.28-04.20/IMG_1373.JPG,IMG_1373.JPG,HFW12-F7_2016_201602280420_IMG_1373.jpg,0.9185001850128174,818.04638671875,256.5652770996094,480.79541015625,964.5474853515625,2048,1536,480,964
HFW12-F7,2016,201602280420,DM,0,/Volumes/Seagate Portable Drive/KYLE_AI_DATABASE/A_CAMERA/Focal_species/Gulo gulo/HFW12-F7/DM/2016/B&W/Robust marks/02.28-04.20/IMG_1374.JPG,IMG_1374.JPG,HFW12-F7_2016_201602280420_IMG_1374.jpg,0.8420928120613098,826.0126342773438,249.2240753173828,478.16070556640625,986.4628295898438,2048,1536,478,986
HFW12-F7,2016,201602280420,DM,0,/Volumes/Seagate Portable Drive/KYLE_AI_DATABASE/A_CAMERA/Focal_species/Gulo gulo/HFW12-F7/DM/2016/B&W/Robust marks/02.28-04.20/IMG_1375.JPG,IMG_1375.JPG,HFW12-F7_2016_201602280420_IMG_1375.jpg,0.8979339003562927,814.5889282226562,278.15496826171875,489.43853759765625,954.9971313476562,2048,1536,489,954
HFW12-F7,2016,201602280420,DM,0,/Volumes/Seagate Portable Drive/KYLE_AI_DATABASE/A_CAMERA/Focal_species/Gulo gulo/HFW12-F7/DM/2016/B&W/Robust marks/02.28-04.20/IMG_1376.JPG,IMG_1376.JPG,HFW12-F7_2016_201602280420_IMG_1376.jpg,0.912447988986969,813.3074951171875,224.28231811523438,477.21142578125,1004.673095703125,2048,1536,477,1004
HFW12-F7,2016,201602280420,DM,0,/Volumes/Seagate Portable Drive/KYLE_AI_DATABASE/A_CAMERA/Focal_species/Gulo gulo/HFW12-F7/DM/2016/B&W/Robust marks/02.28-04.20/IMG_1377.JPG,IMG_1377.JPG,HFW12-F7_2016_201602280420_IMG_1377.jpg,0.8830651044845581,818.6893310546875,278.3022766113281,487.750244140625,958.5526123046875,2048,1536,487,958
HFW12-F7,2016,201602280420,DM,0,/Volumes/Seagate Portable Drive/KYLE_AI_DATABASE/A_CAMERA/Focal_species/Gulo gulo/HFW12-F7/DM/2016/B&W/Robust marks/02.28-04.20/IMG_1378.JPG,IMG_1378.JPG,HFW12-F7_2016_201602280420_IMG_1378.jpg,0.924070417881012,813.8363647460938,284.3132629394531,488.63995361328125,953.3778076171875,2048,1536,488,953
HFW12-F7,2016,201602280420,DM,0,/Volumes/Seagate Portable Drive/KYLE_AI_DATABASE/A_CAMERA/Focal_species/Gulo gulo/HFW12-F7/DM/2016/B&W/Robust marks/02.28-04.20/IMG_1379.JPG,IMG_1379.JPG,HFW12-F7_2016_201602280420_IMG_1379.jpg,0.9211201667785645,815.3807373046875,269.40850830078125,480.622314453125,975.6979370117188,2048,1536,480,975
HFW12-F7,2016,201602280420,DM,0,/Volumes/Seagate Portable Drive/KYLE_AI_DATABASE/A_CAMERA/Focal_species/Gulo gulo/HFW12-F7/DM/2016/B&W/Robust marks/02.28-04.20/IMG_1380.JPG,IMG_1380.JPG,HFW12-F7_2016_201602280420_IMG_1380.jpg,0.9245068430900574,813.6801147460938,281.81390380859375,484.72332763671875,968.7632446289062,2048,1536,484,968
HFW12-F7,2016,201602280420,DM,0,/Volumes/Seagate Portable Drive/KYLE_AI_DATABASE/A_CAMERA/Focal_species/Gulo gulo/HFW12-F7/DM/2016/B&W/Robust marks/02.28-04.20/IMG_1381.JPG,IMG_1381.JPG,HFW12-F7_2016_201602280420_IMG_1381.jpg,0.9100303649902344,797.091552734375,286.6722412109375,511.747802734375,987.2994384765625,2048,1536,511,987
HFW12-F7,2016,201602280420,DM,0,/Volumes/Seagate Portable Drive/KYLE_AI_DATABASE/A_CAMERA/Focal_species/Gulo gulo/HFW12-F7/DM/2016/B&W/Robust marks/02.28-04.20/IMG_1382.JPG,IMG_1382.JPG,HFW12-F7_2016_201602280420_IMG_1382.jpg,0.9075273871421814,814.40380859375,285.7398681640625,493.097412109375,993.2332763671875,2048,1536,493,993
HFW12-F7,2016,201602280420,DM,0,/Volumes/Seagate Portable Drive/KYLE_AI_DATABASE/A_CAMERA/Focal_species/Gulo gulo/HFW12-F7/DM/2016/B&W/Robust marks/02.28-04.20/IMG_1383.JPG,IMG_1383.JPG,HFW12-F7_2016_201602280420_IMG_1383.jpg,0.9108238816261292,757.7680053710938,205.64007568359375,552.8460083007812,1088.216552734375,2048,1536,552,1088
HFW12-F7,2016,201602280420,DM,0,/Volumes/Seagate Portable Drive/KYLE_AI_DATABASE/A_CAMERA/Focal_species/Gulo gulo/HFW12-F7/DM/2016/B&W/Robust marks/02.28-04.20/IMG_1384.JPG,IMG_1384.JPG,HFW12-F7_2016_201602280420_IMG_1384.jpg,0.8841322660446167,480.5201416015625,741.3470458984375,836.03564453125,459.7099609375,2048,1536,836,459
HFW12-F7,2016,201602280420,DM,0,/Volumes/Seagate Portable Drive/KYLE_AI_DATABASE/A_CAMERA/Focal_species/Gulo gulo/HFW12-F7/DM/2016/B&W/Robust marks/02.28-04.20/IMG_1385.JPG,IMG_1385.JPG,HFW12-F7_2016_201602280420_IMG_1385.jpg,0.922393262386322,395.4849853515625,789.39111328125,825.5064697265625,520.3326416015625,2048,1536,825,520
HFW12-F7,2016,201602280420,DM,0,/Volumes/Seagate Portable Drive/KYLE_AI_DATABASE/A_CAMERA/Focal_species/Gulo gulo/HFW12-F7/DM/2016/B&W/Robust marks/02.28-04.20/IMG_1386.JPG,IMG_1386.JPG,HFW12-F7_2016_201602280420_IMG_1386.jpg,0.8577127456665039,233.70297241210938,779.203125,900.4578857421875,596.20947265625,2048,1536,900,596
HFW12-F7,2016,201602280420,DM,0,/Volumes/Seagate Portable Drive/KYLE_AI_DATABASE/A_CAMERA/Focal_species/Gulo gulo/HFW12-F7/DM/2016/B&W/Robust marks/02.28-04.20/IMG_1391.JPG,IMG_1391.JPG,HFW12-F7_2016_201602280420_IMG_1391.jpg,0.838229775428772,490.67071533203125,747.1378784179688,588.7265014648438,644.5039672851562,2048,1536,588,644
HFW12-F7,2016,201602280420,DM,0,/Volumes/Seagate Portable Drive/KYLE_AI_DATABASE/A_CAMERA/Focal_species/Gulo gulo/HFW12-F7/DM/2016/B&W/Robust marks/02.28-04.20/IMG_1394.JPG,IMG_1394.JPG,HFW12-F7_2016_201602280420_IMG_1394.jpg,0.8227807283401489,491.9531555175781,362.9995422363281,473.8993835449219,934.703125,2048,1536,473,934
HFW12-F7,2016,201602280420,DM,0,/Volumes/Seagate Portable Drive/KYLE_AI_DATABASE/A_CAMERA/Focal_species/Gulo gulo/HFW12-F7/DM/2016/B&W/Robust marks/02.28-04.20/IMG_1395.JPG,IMG_1395.JPG,HFW12-F7_2016_201602280420_IMG_1395.jpg,0.8478270173072815,518.5550537109375,370.41033935546875,446.8131103515625,927.0068969726562,2048,1536,446,927
HFW12-F7,2016,201602280420,DM,0,/Volumes/Seagate Portable Drive/KYLE_AI_DATABASE/A_CAMERA/Focal_species/Gulo gulo/HFW12-F7/DM/2016/B&W/Robust marks/02.28-04.20/IMG_1396.JPG,IMG_1396.JPG,HFW12-F7_2016_201602280420_IMG_1396.jpg,0.8478757739067078,501.01055908203125,377.0047302246094,442.3331298828125,914.466064453125,2048,1536,442,914
HFW12-F7,2016,201602280420,DM,0,/Volumes/Seagate Portable Drive/KYLE_AI_DATABASE/A_CAMERA/Focal_species/Gulo gulo/HFW12-F7/DM/2016/B&W/Robust marks/02.28-04.20/IMG_1398.JPG,IMG_1398.JPG,HFW12-F7_2016_201602280420_IMG_1398.jpg,0.8417571187019348,406.7476501464844,321.84375,516.021240234375,975.864990234375,2048,1536,516,975
HFW12-F7,2016,201602280420,DM,0,/Volumes/Seagate Portable Drive/KYLE_AI_DATABASE/A_CAMERA/Focal_species/Gulo gulo/HFW12-F7/DM/2016/B&W/Robust marks/02.28-04.20/IMG_1399.JPG,IMG_1399.JPG,HFW12-F7_2016_201602280420_IMG_1399.jpg,0.8714146018028259,428.7545166015625,353.78839111328125,486.1065673828125,881.3777465820312,2048,1536,486,881
HFW12-F7,2016,201602280420,DM,0,/Volumes/Seagate Portable Drive/KYLE_AI_DATABASE/A_CAMERA/Focal_species/Gulo gulo/HFW12-F7/DM/2016/B&W/Robust marks/02.28-04.20/IMG_1400.JPG,IMG_1400.JPG,HFW12-F7_2016_201602280420_IMG_1400.jpg,0.8613288998603821,450.07598876953125,312.54010009765625,466.2188720703125,934.9264526367188,2048,1536,466,934
HFW12-F7,2016,201602280420,DM,0,/Volumes/Seagate Portable Drive/KYLE_AI_DATABASE/A_CAMERA/Focal_species/Gulo gulo/HFW12-F7/DM/2016/B&W/Robust marks/02.28-04.20/IMG_1401.JPG,IMG_1401.JPG,HFW12-F7_2016_201602280420_IMG_1401.jpg,0.8974843621253967,463.4578857421875,327.5232238769531,458.146484375,943.5643310546875,2048,1536,458,943
HFW12-F7,2016,201602280420,DM,0,/Volumes/Seagate Portable Drive/KYLE_AI_DATABASE/A_CAMERA/Focal_species/Gulo gulo/HFW12-F7/DM/2016/B&W/Robust marks/02.28-04.20/IMG_1402.JPG,IMG_1402.JPG,HFW12-F7_2016_201602280420_IMG_1402.jpg,0.8760451674461365,465.5244445800781,315.71612548828125,451.5076599121094,922.6237182617188,2048,1536,451,922
HFW12-F7,2016,201602280420,DM,0,/Volumes/Seagate Portable Drive/KYLE_AI_DATABASE/A_CAMERA/Focal_species/Gulo gulo/HFW12-F7/DM/2016/B&W/Robust marks/02.28-04.20/IMG_1403.JPG,IMG_1403.JPG,HFW12-F7_2016_201602280420_IMG_1403.jpg,0.897209107875824,466.79864501953125,353.2822265625,453.34619140625,873.459716796875,2048,1536,453,873
HFW12-F7,2016,201602280420,DM,0,/Volumes/Seagate Portable Drive/KYLE_AI_DATABASE/A_CAMERA/Focal_species/Gulo gulo/HFW12-F7/DM/2016/B&W/Robust marks/02.28-04.20/IMG_1404.JPG,IMG_1404.JPG,HFW12-F7_2016_201602280420_IMG_1404.jpg,0.893536388874054,467.70623779296875,360.6795959472656,453.75390625,870.26611328125,2048,1536,453,870
HFW12-F7,2016,201602280420,DM,0,/Volumes/Seagate Portable Drive/KYLE_AI_DATABASE/A_CAMERA/Focal_species/Gulo gulo/HFW12-F7/DM/2016/B&W/Robust marks/02.28-04.20/IMG_1405.JPG,IMG_1405.JPG,HFW12-F7_2016_201602280420_IMG_1405.jpg,0.8839919567108154,457.8243408203125,341.459716796875,456.0941162109375,927.9544677734375,2048,1536,456,927
HFW12-F7,2016,201602280420,DM,0,/Volumes/Seagate Portable Drive/KYLE_AI_DATABASE/A_CAMERA/Focal_species/Gulo gulo/HFW12-F7/DM/2016/B&W/Robust marks/02.28-04.20/IMG_1406.JPG,IMG_1406.JPG,HFW12-F7_2016_201602280420_IMG_1406.jpg,0.8629310727119446,463.7174377441406,263.6458740234375,448.1729431152344,1002.327880859375,2048,1536,448,1002
HFW12-F7,2016,201602280420,DM,0,/Volumes/Seagate Portable Drive/KYLE_AI_DATABASE/A_CAMERA/Focal_species/Gulo gulo/HFW12-F7/DM/2016/B&W/Robust marks/02.28-04.20/IMG_1408.JPG,IMG_1408.JPG,HFW12-F7_2016_201602280420_IMG_1408.jpg,0.8887651562690735,478.81597900390625,313.30181884765625,441.50390625,864.9174194335938,2048,1536,441,864
HFW12-F7,2016,201602280420,DM,0,/Volumes/Seagate Portable Drive/KYLE_AI_DATABASE/A_CAMERA/Focal_species/Gulo gulo/HFW12-F7/DM/2016/B&W/Robust marks/02.28-04.20/IMG_1409.JPG,IMG_1409.JPG,HFW12-F7_2016_201602280420_IMG_1409.jpg,0.8524001240730286,449.22265625,281.0936279296875,468.639892578125,928.262451171875,2048,1536,468,928
HFW12-F7,2016,201602280420,DM,0,/Volumes/Seagate Portable Drive/KYLE_AI_DATABASE/A_CAMERA/Focal_species/Gulo gulo/HFW12-F7/DM/2016/B&W/Robust marks/02.28-04.20/IMG_1410.JPG,IMG_1410.JPG,HFW12-F7_2016_201602280420_IMG_1410.jpg,0.8751267790794373,453.04656982421875,304.771240234375,465.9453125,899.389892578125,2048,1536,465,899
HFW12-F7,2016,201602280420,DM,0,/Volumes/Seagate Portable Drive/KYLE_AI_DATABASE/A_CAMERA/Focal_species/Gulo gulo/HFW12-F7/DM/2016/B&W/Robust marks/02.28-04.20/IMG_1411.JPG,IMG_1411.JPG,HFW12-F7_2016_201602280420_IMG_1411.jpg,0.8434503674507141,393.9448547363281,360.40771484375,523.6683349609375,871.60791015625,2048,1536,523,871
HFW12-F7,2016,201602280420,DM,0,/Volumes/Seagate Portable Drive/KYLE_AI_DATABASE/A_CAMERA/Focal_species/Gulo gulo/HFW12-F7/DM/2016/B&W/Robust marks/02.28-04.20/IMG_1412.JPG,IMG_1412.JPG,HFW12-F7_2016_201602280420_IMG_1412.jpg,0.8031265139579773,410.50848388671875,261.6678466796875,498.9967041015625,946.4466552734375,2048,1536,498,946
HFW12-F7,2016,201602280420,DM,0,/Volumes/Seagate Portable Drive/KYLE_AI_DATABASE/A_CAMERA/Focal_species/Gulo gulo/HFW12-F7/DM/2016/B&W/Robust marks/02.28-04.20/IMG_1413.JPG,IMG_1413.JPG,HFW12-F7_2016_201602280420_IMG_1413.jpg,0.8985042572021484,412.7547607421875,343.78887939453125,508.05078125,849.9939575195312,2048,1536,508,849
HFW12-F7,2016,201602280420,DM,0,/Volumes/Seagate Portable Drive/KYLE_AI_DATABASE/A_CAMERA/Focal_species/Gulo gulo/HFW12-F7/DM/2016/B&W/Robust marks/02.28-04.20/IMG_1415.JPG,IMG_1415.JPG,HFW12-F7_2016_201602280420_IMG_1415.jpg,0.8045036792755127,420.780029296875,206.70286560058594,468.3831787109375,973.2548828125,2048,1536,468,973
HFW12-F7,2016,201602280420,DM,0,/Volumes/Seagate Portable Drive/KYLE_AI_DATABASE/A_CAMERA/Focal_species/Gulo gulo/HFW12-F7/DM/2016/B&W/Robust marks/02.28-04.20/IMG_1416.JPG,IMG_1416.JPG,HFW12-F7_2016_201602280420_IMG_1416.jpg,0.8472387790679932,427.7420654296875,380.5639343261719,478.738525390625,802.279541015625,2048,1536,478,802
HFW12-F7,2016,201602280420,DM,0,/Volumes/Seagate Portable Drive/KYLE_AI_DATABASE/A_CAMERA/Focal_species/Gulo gulo/HFW12-F7/DM/2016/B&W/Robust marks/02.28-04.20/IMG_1417.JPG,IMG_1417.JPG,HFW12-F7_2016_201602280420_IMG_1417.jpg,0.8083972334861755,419.49249267578125,262.01947021484375,494.47216796875,1005.4596557617188,2048,1536,494,1005
HFW12-F7,2016,201602280420,DM,0,/Volumes/Seagate Portable Drive/KYLE_AI_DATABASE/A_CAMERA/Focal_species/Gulo gulo/HFW12-F7/DM/2016/B&W/Robust marks/02.28-04.20/IMG_1418.JPG,IMG_1418.JPG,HFW12-F7_2016_201602280420_IMG_1418.jpg,0.8681331276893616,430.44683837890625,253.63357543945312,471.1483154296875,986.178466796875,2048,1536,471,986
HFW12-F7,2016,201602280420,DM,0,/Volumes/Seagate Portable Drive/KYLE_AI_DATABASE/A_CAMERA/Focal_species/Gulo gulo/HFW12-F7/DM/2016/B&W/Robust marks/02.28-04.20/IMG_1420.JPG,IMG_1420.JPG,HFW12-F7_2016_201602280420_IMG_1420.jpg,0.8160462975502014,446.43389892578125,255.79444885253906,458.835205078125,982.8624267578125,2048,1536,458,982
HFW12-F7,2016,201602280420,DM,0,/Volumes/Seagate Portable Drive/KYLE_AI_DATABASE/A_CAMERA/Focal_species/Gulo gulo/HFW12-F7/DM/2016/B&W/Robust marks/02.28-04.20/IMG_1421.JPG,IMG_1421.JPG,HFW12-F7_2016_201602280420_IMG_1421.jpg,0.8718454241752625,435.1995849609375,249.35037231445312,477.916015625,966.85302734375,2048,1536,477,966
HFW12-F7,2016,201602280420,DM,0,/Volumes/Seagate Portable Drive/KYLE_AI_DATABASE/A_CAMERA/Focal_species/Gulo gulo/HFW12-F7/DM/2016/B&W/Robust marks/02.28-04.20/IMG_1422.JPG,IMG_1422.JPG,HFW12-F7_2016_201602280420_IMG_1422.jpg,0.8509010672569275,425.56103515625,239.20802307128906,460.609130859375,976.4091796875,2048,1536,460,976
HFW12-F7,2016,201602280420,DM,0,/Volumes/Seagate Portable Drive/KYLE_AI_DATABASE/A_CAMERA/Focal_species/Gulo gulo/HFW12-F7/DM/2016/B&W/Robust marks/02.28-04.20/IMG_1423.JPG,IMG_1423.JPG,HFW12-F7_2016_201602280420_IMG_1423.jpg,0.8262788653373718,425.85888671875,379.097900390625,460.5576171875,815.366943359375,2048,1536,460,815
HFW12-F7,2016,201602280420,DM,0,/Volumes/Seagate Portable Drive/KYLE_AI_DATABASE/A_CAMERA/Focal_species/Gulo gulo/HFW12-F7/DM/2016/B&W/Robust marks/02.28-04.20/IMG_1424.JPG,IMG_1424.JPG,HFW12-F7_2016_201602280420_IMG_1424.jpg,0.8141981959342957,420.684326171875,403.0015869140625,474.3165283203125,784.3099365234375,2048,1536,474,784
HFW12-F7,2016,201602280420,DM,0,/Volumes/Seagate Portable Drive/KYLE_AI_DATABASE/A_CAMERA/Focal_species/Gulo gulo/HFW12-F7/DM/2016/B&W/Robust marks/02.28-04.20/IMG_1427.JPG,IMG_1427.JPG,HFW12-F7_2016_201602280420_IMG_1427.jpg,0.8301794528961182,445.08544921875,368.1234130859375,458.8870849609375,849.7340087890625,2048,1536,458,849
HFW12-F7,2016,201602280420,DM,0,/Volumes/Seagate Portable Drive/KYLE_AI_DATABASE/A_CAMERA/Focal_species/Gulo gulo/HFW12-F7/DM/2016/B&W/Robust marks/02.28-04.20/IMG_1428.JPG,IMG_1428.JPG,HFW12-F7_2016_201602280420_IMG_1428.jpg,0.8008885383605957,446.1767578125,266.68487548828125,453.2030029296875,945.2879028320312,2048,1536,453,945
HFW12-F7,2016,201602280420,DM,0,/Volumes/Seagate Portable Drive/KYLE_AI_DATABASE/A_CAMERA/Focal_species/Gulo gulo/HFW12-F7/DM/2016/B&W/Robust marks/02.28-04.20/IMG_1429.JPG,IMG_1429.JPG,HFW12-F7_2016_201602280420_IMG_1429.jpg,0.8239269852638245,452.8606262207031,351.3084411621094,454.2406921386719,876.053466796875,2048,1536,454,876
HFW12-F7,2016,201602280420,DM,0,/Volumes/Seagate Portable Drive/KYLE_AI_DATABASE/A_CAMERA/Focal_species/Gulo gulo/HFW12-F7/DM/2016/B&W/Robust marks/02.28-04.20/IMG_1430.JPG,IMG_1430.JPG,HFW12-F7_2016_201602280420_IMG_1430.jpg,0.8539317846298218,450.76336669921875,359.40679931640625,463.3447265625,846.0529174804688,2048,1536,463,846
HFW12-F7,2016,201602280420,DM,0,/Volumes/Seagate Portable Drive/KYLE_AI_DATABASE/A_CAMERA/Focal_species/Gulo gulo/HFW12-F7/DM/2016/B&W/Robust marks/02.28-04.20/IMG_1431.JPG,IMG_1431.JPG,HFW12-F7_2016_201602280420_IMG_1431.jpg,0.8376396894454956,454.8109130859375,364.8944091796875,451.688232421875,814.390869140625,2048,1536,451,814
HFW12-F7,2016,201602280420,DM,0,/Volumes/Seagate Portable Drive/KYLE_AI_DATABASE/A_CAMERA/Focal_species/Gulo gulo/HFW12-F7/DM/2016/B&W/Robust marks/02.28-04.20/IMG_1434.JPG,IMG_1434.JPG,HFW12-F7_2016_201602280420_IMG_1434.jpg,0.852721631526947,458.0566711425781,218.1152801513672,431.2633972167969,979.2626342773438,2048,1536,431,979
HFW12-F7,2016,201602280420,DM,0,/Volumes/Seagate Portable Drive/KYLE_AI_DATABASE/A_CAMERA/Focal_species/Gulo gulo/HFW12-F7/DM/2016/B&W/Robust marks/02.28-04.20/IMG_1435.JPG,IMG_1435.JPG,HFW12-F7_2016_201602280420_IMG_1435.jpg,0.8387396931648254,415.2305908203125,372.9826354980469,492.32666015625,849.730224609375,2048,1536,492,849
HFW12-F7,2016,201602280420,DM,0,/Volumes/Seagate Portable Drive/KYLE_AI_DATABASE/A_CAMERA/Focal_species/Gulo gulo/HFW12-F7/DM/2016/B&W/Robust marks/02.28-04.20/IMG_1436.JPG,IMG_1436.JPG,HFW12-F7_2016_201602280420_IMG_1436.jpg,0.849756121635437,416.655517578125,373.3084716796875,470.81298828125,840.1768798828125,2048,1536,470,840
HFW12-F7,2016,201602280420,DM,0,/Volumes/Seagate Portable Drive/KYLE_AI_DATABASE/A_CAMERA/Focal_species/Gulo gulo/HFW12-F7/DM/2016/B&W/Robust marks/02.28-04.20/IMG_1437.JPG,IMG_1437.JPG,HFW12-F7_2016_201602280420_IMG_1437.jpg,0.8655641674995422,432.7939147949219,295.805419921875,477.2999572753906,917.04296875,2048,1536,477,917
HFW12-F7,2016,201602280420,DM,0,/Volumes/Seagate Portable Drive/KYLE_AI_DATABASE/A_CAMERA/Focal_species/Gulo gulo/HFW12-F7/DM/2016/B&W/Robust marks/02.28-04.20/IMG_1438.JPG,IMG_1438.JPG,HFW12-F7_2016_201602280420_IMG_1438.jpg,0.8447481989860535,430.74261474609375,399.080322265625,472.8984375,814.37548828125,2048,1536,472,814
HFW12-F7,2016,201602280420,DM,0,/Volumes/Seagate Portable Drive/KYLE_AI_DATABASE/A_CAMERA/Focal_species/Gulo gulo/HFW12-F7/DM/2016/B&W/Robust marks/02.28-04.20/IMG_1439.JPG,IMG_1439.JPG,HFW12-F7_2016_201602280420_IMG_1439.jpg,0.8936004638671875,441.59637451171875,327.05096435546875,459.8602294921875,870.9432983398438,2048,1536,459,870
HFW12-F7,2016,201602280420,DM,0,/Volumes/Seagate Portable Drive/KYLE_AI_DATABASE/A_CAMERA/Focal_species/Gulo gulo/HFW12-F7/DM/2016/B&W/Robust marks/02.28-04.20/IMG_1440.JPG,IMG_1440.JPG,HFW12-F7_2016_201602280420_IMG_1440.jpg,0.9273077845573425,447.74066162109375,347.99761962890625,461.46533203125,841.0382690429688,2048,1536,461,841
HFW12-F7,2016,201602280420,DM,0,/Volumes/Seagate Portable Drive/KYLE_AI_DATABASE/A_CAMERA/Focal_species/Gulo gulo/HFW12-F7/DM/2016/B&W/Robust marks/02.28-04.20/IMG_1441.JPG,IMG_1441.JPG,HFW12-F7_2016_201602280420_IMG_1441.jpg,0.8196746706962585,407.6073303222656,382.0895690917969,480.0331726074219,832.4014892578125,2048,1536,480,832
HFW12-F7,2016,201602280420,DM,0,/Volumes/Seagate Portable Drive/KYLE_AI_DATABASE/A_CAMERA/Focal_species/Gulo gulo/HFW12-F7/DM/2016/B&W/Robust marks/02.28-04.20/IMG_1442.JPG,IMG_1442.JPG,HFW12-F7_2016_201602280420_IMG_1442.jpg,0.8304622769355774,443.48602294921875,290.51318359375,443.43359375,887.3466796875,2048,1536,443,887
HFW12-F7,2016,201602280420,DM,0,/Volumes/Seagate Portable Drive/KYLE_AI_DATABASE/A_CAMERA/Focal_species/Gulo gulo/HFW12-F7/DM/2016/B&W/Robust marks/02.28-04.20/IMG_1443.JPG,IMG_1443.JPG,HFW12-F7_2016_201602280420_IMG_1443.jpg,0.8542634844779968,435.4399108886719,293.45135498046875,444.3849182128906,910.0752563476562,2048,1536,444,910
HFW12-F7,2016,201602280420,DM,0,/Volumes/Seagate Portable Drive/KYLE_AI_DATABASE/A_CAMERA/Focal_species/Gulo gulo/HFW12-F7/DM/2016/B&W/Robust marks/02.28-04.20/IMG_1444.JPG,IMG_1444.JPG,HFW12-F7_2016_201602280420_IMG_1444.jpg,0.8454182744026184,441.3206787109375,345.412109375,477.511474609375,850.109619140625,2048,1536,477,850
HFW12-F7,2016,201602280420,DM,0,/Volumes/Seagate Portable Drive/KYLE_AI_DATABASE/A_CAMERA/Focal_species/Gulo gulo/HFW12-F7/DM/2016/B&W/Robust marks/02.28-04.20/IMG_1445.JPG,IMG_1445.JPG,HFW12-F7_2016_201602280420_IMG_1445.jpg,0.8066526651382446,436.8277282714844,359.7537841796875,466.9154357910156,842.611572265625,2048,1536,466,842
HFW12-F7,2016,201602280420,DM,0,/Volumes/Seagate Portable Drive/KYLE_AI_DATABASE/A_CAMERA/Focal_species/Gulo gulo/HFW12-F7/DM/2016/B&W/Robust marks/02.28-04.20/IMG_1446.JPG,IMG_1446.JPG,HFW12-F7_2016_201602280420_IMG_1446.jpg,0.8349126577377319,438.86053466796875,326.744140625,470.0740966796875,876.171142578125,2048,1536,470,876
HFW12-F7,2016,201602280420,DM,0,/Volumes/Seagate Portable Drive/KYLE_AI_DATABASE/A_CAMERA/Focal_species/Gulo gulo/HFW12-F7/DM/2016/B&W/Robust marks/02.28-04.20/IMG_1447.JPG,IMG_1447.JPG,HFW12-F7_2016_201602280420_IMG_1447.jpg,0.8487095832824707,444.3634948730469,343.71905517578125,452.2435607910156,846.9735717773438,2048,1536,452,846
HFW12-F7,2016,201602280420,DM,0,/Volumes/Seagate Portable Drive/KYLE_AI_DATABASE/A_CAMERA/Focal_species/Gulo gulo/HFW12-F7/DM/2016/B&W/Robust marks/02.28-04.20/IMG_1451.JPG,IMG_1451.JPG,HFW12-F7_2016_201602280420_IMG_1451.jpg,0.8281921148300171,455.12469482421875,383.62298583984375,454.061279296875,833.1050415039062,2048,1536,454,833
HFW12-F7,2016,201602280420,DM,0,/Volumes/Seagate Portable Drive/KYLE_AI_DATABASE/A_CAMERA/Focal_species/Gulo gulo/HFW12-F7/DM/2016/B&W/Robust marks/02.28-04.20/IMG_1452.JPG,IMG_1452.JPG,HFW12-F7_2016_201602280420_IMG_1452.jpg,0.8791714310646057,440.02655029296875,398.76806640625,460.50341796875,808.8612060546875,2048,1536,460,808
HFW12-F7,2016,201602280420,DM,0,/Volumes/Seagate Portable Drive/KYLE_AI_DATABASE/A_CAMERA/Focal_species/Gulo gulo/HFW12-F7/DM/2016/B&W/Robust marks/02.28-04.20/IMG_1453.JPG,IMG_1453.JPG,HFW12-F7_2016_201602280420_IMG_1453.jpg,0.8709609508514404,446.05084228515625,407.8803405761719,454.946533203125,799.084716796875,2048,1536,454,799
HFW12-F7,2016,201602280420,DM,0,/Volumes/Seagate Portable Drive/KYLE_AI_DATABASE/A_CAMERA/Focal_species/Gulo gulo/HFW12-F7/DM/2016/B&W/Robust marks/02.28-04.20/IMG_1454.JPG,IMG_1454.JPG,HFW12-F7_2016_201602280420_IMG_1454.jpg,0.8682137131690979,455.47137451171875,344.2764587402344,449.9544677734375,852.1209716796875,2048,1536,449,852
HFW12-F7,2016,201602280420,DM,0,/Volumes/Seagate Portable Drive/KYLE_AI_DATABASE/A_CAMERA/Focal_species/Gulo gulo/HFW12-F7/DM/2016/B&W/Robust marks/02.28-04.20/IMG_1455.JPG,IMG_1455.JPG,HFW12-F7_2016_201602280420_IMG_1455.jpg,0.8368717432022095,454.9529113769531,366.9401550292969,444.9534606933594,832.1005859375,2048,1536,444,832
HFW12-F7,2016,201602280420,DM,0,/Volumes/Seagate Portable Drive/KYLE_AI_DATABASE/A_CAMERA/Focal_species/Gulo gulo/HFW12-F7/DM/2016/B&W/Robust marks/02.28-04.20/IMG_1456.JPG,IMG_1456.JPG,HFW12-F7_2016_201602280420_IMG_1456.jpg,0.846952497959137,455.35986328125,338.75469970703125,450.7623291015625,862.8914184570312,2048,1536,450,862
HFW12-F7,2016,201602280420,DM,0,/Volumes/Seagate Portable Drive/KYLE_AI_DATABASE/A_CAMERA/Focal_species/Gulo gulo/HFW12-F7/DM/2016/B&W/Robust marks/02.28-04.20/IMG_1457.JPG,IMG_1457.JPG,HFW12-F7_2016_201602280420_IMG_1457.jpg,0.8827000260353088,450.81817626953125,384.64434814453125,469.4326171875,800.6744995117188,2048,1536,469,800
HFW12-F7,2016,201602280420,DM,0,/Volumes/Seagate Portable Drive/KYLE_AI_DATABASE/A_CAMERA/Focal_species/Gulo gulo/HFW12-F7/DM/2016/B&W/Robust marks/02.28-04.20/IMG_1458.JPG,IMG_1458.JPG,HFW12-F7_2016_201602280420_IMG_1458.jpg,0.8899403214454651,455.10687255859375,350.843017578125,460.3470458984375,846.9322509765625,2048,1536,460,846
HFW12-F7,2016,201602280420,DM,0,/Volumes/Seagate Portable Drive/KYLE_AI_DATABASE/A_CAMERA/Focal_species/Gulo gulo/HFW12-F7/DM/2016/B&W/Robust marks/02.28-04.20/IMG_1459.JPG,IMG_1459.JPG,HFW12-F7_2016_201602280420_IMG_1459.jpg,0.8224393129348755,453.897216796875,362.9310607910156,461.2071533203125,853.9248046875,2048,1536,461,853
HFW12-F7,2016,201602280420,DM,0,/Volumes/Seagate Portable Drive/KYLE_AI_DATABASE/A_CAMERA/Focal_species/Gulo gulo/HFW12-F7/DM/2016/B&W/Robust marks/02.28-04.20/IMG_1460.JPG,IMG_1460.JPG,HFW12-F7_2016_201602280420_IMG_1460.jpg,0.8647541999816895,455.227783203125,390.7445068359375,468.17578125,780.4334716796875,2048,1536,468,780
HFW12-F7,2016,201602280420,DM,0,/Volumes/Seagate Portable Drive/KYLE_AI_DATABASE/A_CAMERA/Focal_species/Gulo gulo/HFW12-F7/DM/2016/B&W/Robust marks/02.28-04.20/IMG_1461.JPG,IMG_1461.JPG,HFW12-F7_2016_201602280420_IMG_1461.jpg,0.8921071887016296,456.821044921875,347.87738037109375,458.96435546875,853.3609008789062,2048,1536,458,853
HFW12-F7,2016,201602280420,DM,0,/Volumes/Seagate Portable Drive/KYLE_AI_DATABASE/A_CAMERA/Focal_species/Gulo gulo/HFW12-F7/DM/2016/B&W/Robust marks/02.28-04.20/IMG_1462.JPG,IMG_1462.JPG,HFW12-F7_2016_201602280420_IMG_1462.jpg,0.8472220301628113,437.42132568359375,368.3302001953125,484.2728271484375,863.5872802734375,2048,1536,484,863
HFW12-F7,2016,201602280420,DM,0,/Volumes/Seagate Portable Drive/KYLE_AI_DATABASE/A_CAMERA/Focal_species/Gulo gulo/HFW12-F7/DM/2016/B&W/Robust marks/02.28-04.20/IMG_1465.JPG,IMG_1465.JPG,HFW12-F7_2016_201602280420_IMG_1465.jpg,0.8157504200935364,407.1462097167969,416.72308349609375,525.4212646484375,922.0206909179688,2048,1536,525,922
HFW12-F7,2016,201602280420,DM,0,/Volumes/Seagate Portable Drive/KYLE_AI_DATABASE/A_CAMERA/Focal_species/Gulo gulo/HFW12-F7/DM/2016/B&W/Robust marks/02.28-04.20/IMG_1467.JPG,IMG_1467.JPG,HFW12-F7_2016_201602280420_IMG_1467.jpg,0.874882161617279,391.63214111328125,552.9671020507812,468.5587158203125,808.5004272460938,2048,1536,468,808
HFW12-F7,2016,201602280420,DM,0,/Volumes/Seagate Portable Drive/KYLE_AI_DATABASE/A_CAMERA/Focal_species/Gulo gulo/HFW12-F7/DM/2016/B&W/Robust marks/02.28-04.20/IMG_1472.JPG,IMG_1472.JPG,HFW12-F7_2016_201602280420_IMG_1472.jpg,0.8959892392158508,361.3143310546875,248.2730255126953,481.9991455078125,1063.588623046875,2048,1536,481,1063
HFW12-F7,2016,201602280420,DM,0,/Volumes/Seagate Portable Drive/KYLE_AI_DATABASE/A_CAMERA/Focal_species/Gulo gulo/HFW12-F7/DM/2016/B&W/Robust marks/02.28-04.20/IMG_1473.JPG,IMG_1473.JPG,HFW12-F7_2016_201602280420_IMG_1473.jpg,0.84743332862854,483.0235595703125,238.35223388671875,377.22607421875,1019.5381469726562,2048,1536,377,1019
HFW12-F7,2016,201602280420,DM,0,/Volumes/Seagate Portable Drive/KYLE_AI_DATABASE/A_CAMERA/Focal_species/Gulo gulo/HFW12-F7/DM/2016/B&W/Robust marks/02.28-04.20/IMG_1474.JPG,IMG_1474.JPG,HFW12-F7_2016_201602280420_IMG_1474.jpg,0.8629131317138672,439.7944641113281,345.84075927734375,521.8831787109375,957.4541625976562,2048,1536,521,957
HFW12-F7,2016,201602280420,DM,0,/Volumes/Seagate Portable Drive/KYLE_AI_DATABASE/A_CAMERA/Focal_species/Gulo gulo/HFW12-F7/DM/2016/B&W/Robust marks/02.28-04.20/IMG_1475.JPG,IMG_1475.JPG,HFW12-F7_2016_201602280420_IMG_1475.jpg,0.8230393528938293,461.5960693359375,339.31427001953125,497.902099609375,892.9169311523438,2048,1536,497,892
HFW12-F7,2016,201602280420,DM,0,/Volumes/Seagate Portable Drive/KYLE_AI_DATABASE/A_CAMERA/Focal_species/Gulo gulo/HFW12-F7/DM/2016/B&W/Robust marks/02.28-04.20/IMG_1477.JPG,IMG_1477.JPG,HFW12-F7_2016_201602280420_IMG_1477.jpg,0.8185346722602844,468.78955078125,356.22332763671875,492.920166015625,857.9844360351562,2048,1536,492,857
HFW12-F7,2016,201602280420,DM,0,/Volumes/Seagate Portable Drive/KYLE_AI_DATABASE/A_CAMERA/Focal_species/Gulo gulo/HFW12-F7/DM/2016/B&W/Robust marks/02.28-04.20/IMG_1481.JPG,IMG_1481.JPG,HFW12-F7_2016_201602280420_IMG_1481.jpg,0.8167619109153748,454.34051513671875,353.0452880859375,505.4697265625,849.5244140625,2048,1536,505,849
HFW12-F7,2016,201602280420,DM,0,/Volumes/Seagate Portable Drive/KYLE_AI_DATABASE/A_CAMERA/Focal_species/Gulo gulo/HFW12-F7/DM/2016/B&W/Robust marks/02.28-04.20/IMG_1482.JPG,IMG_1482.JPG,HFW12-F7_2016_201602280420_IMG_1482.jpg,0.8055437803268433,436.818359375,298.40704345703125,455.6522216796875,965.2811889648438,2048,1536,455,965
HFW12-F7,2016,201602280420,DM,0,/Volumes/Seagate Portable Drive/KYLE_AI_DATABASE/A_CAMERA/Focal_species/Gulo gulo/HFW12-F7/DM/2016/B&W/Robust marks/02.28-04.20/IMG_1484.JPG,IMG_1484.JPG,HFW12-F7_2016_201602280420_IMG_1484.jpg,0.8049641847610474,384.2152404785156,88.20497131347656,482.8998718261719,1104.68359375,2048,1536,482,1104
HFW12-F7,2016,201602280420,DM,0,/Volumes/Seagate Portable Drive/KYLE_AI_DATABASE/A_CAMERA/Focal_species/Gulo gulo/HFW12-F7/DM/2016/B&W/Robust marks/02.28-04.20/IMG_1485.JPG,IMG_1485.JPG,HFW12-F7_2016_201602280420_IMG_1485.jpg,0.85746169090271,419.19598388671875,246.55599975585938,453.8538818359375,929.8040771484375,2048,1536,453,929
HFW12-F7,2016,201602280420,DM,0,/Volumes/Seagate Portable Drive/KYLE_AI_DATABASE/A_CAMERA/Focal_species/Gulo gulo/HFW12-F7/DM/2016/B&W/Robust marks/02.28-04.20/IMG_1486.JPG,IMG_1486.JPG,HFW12-F7_2016_201602280420_IMG_1486.jpg,0.8541363477706909,424.363037109375,272.55206298828125,448.397705078125,949.5575561523438,2048,1536,448,949
HFW12-F7,2016,201602280420,DM,0,/Volumes/Seagate Portable Drive/KYLE_AI_DATABASE/A_CAMERA/Focal_species/Gulo gulo/HFW12-F7/DM/2016/B&W/Robust marks/02.28-04.20/IMG_1488.JPG,IMG_1488.JPG,HFW12-F7_2016_201602280420_IMG_1488.jpg,0.8486304879188538,452.920654296875,311.63287353515625,424.162841796875,861.9057006835938,2048,1536,424,861
HFW12-F7,2016,201602280420,DM,0,/Volumes/Seagate Portable Drive/KYLE_AI_DATABASE/A_CAMERA/Focal_species/Gulo gulo/HFW12-F7/DM/2016/B&W/Robust marks/02.28-04.20/IMG_1489.JPG,IMG_1489.JPG,HFW12-F7_2016_201602280420_IMG_1489.jpg,0.8714892864227295,443.364501953125,235.54811096191406,433.077392578125,936.0797119140625,2048,1536,433,936
HFW12-F7,2016,201602280420,DM,0,/Volumes/Seagate Portable Drive/KYLE_AI_DATABASE/A_CAMERA/Focal_species/Gulo gulo/HFW12-F7/DM/2016/B&W/Robust marks/02.28-04.20/IMG_1490.JPG,IMG_1490.JPG,HFW12-F7_2016_201602280420_IMG_1490.jpg,0.8169000744819641,435.11029052734375,273.393798828125,445.4918212890625,947.5904541015625,2048,1536,445,947
HFW12-F7,2016,201602280420,DM,0,/Volumes/Seagate Portable Drive/KYLE_AI_DATABASE/A_CAMERA/Focal_species/Gulo gulo/HFW12-F7/DM/2016/B&W/Robust marks/02.28-04.20/IMG_1491.JPG,IMG_1491.JPG,HFW12-F7_2016_201602280420_IMG_1491.jpg,0.847192108631134,437.2303161621094,341.6690368652344,435.3460998535156,866.17529296875,2048,1536,435,866
HFW12-F7,2016,201602280420,DM,0,/Volumes/Seagate Portable Drive/KYLE_AI_DATABASE/A_CAMERA/Focal_species/Gulo gulo/HFW12-F7/DM/2016/B&W/Robust marks/02.28-04.20/IMG_1492.JPG,IMG_1492.JPG,HFW12-F7_2016_201602280420_IMG_1492.jpg,0.90943443775177,445.2679443359375,252.80397033691406,434.9114990234375,953.175537109375,2048,1536,434,953
HFW12-F7,2016,201602280420,DM,0,/Volumes/Seagate Portable Drive/KYLE_AI_DATABASE/A_CAMERA/Focal_species/Gulo gulo/HFW12-F7/DM/2016/B&W/Robust marks/02.28-04.20/IMG_1493.JPG,IMG_1493.JPG,HFW12-F7_2016_201602280420_IMG_1493.jpg,0.8892096281051636,449.13690185546875,226.81915283203125,423.4425048828125,951.4921264648438,2048,1536,423,951
HFW12-F7,2016,201602280420,DM,0,/Volumes/Seagate Portable Drive/KYLE_AI_DATABASE/A_CAMERA/Focal_species/Gulo gulo/HFW12-F7/DM/2016/B&W/Robust marks/02.28-04.20/IMG_1494.JPG,IMG_1494.JPG,HFW12-F7_2016_201602280420_IMG_1494.jpg,0.8886321187019348,450.50115966796875,334.96942138671875,422.6055908203125,833.9324340820312,2048,1536,422,833
HFW12-F7,2016,201602280420,DM,0,/Volumes/Seagate Portable Drive/KYLE_AI_DATABASE/A_CAMERA/Focal_species/Gulo gulo/HFW12-F7/DM/2016/B&W/Robust marks/02.28-04.20/IMG_1495.JPG,IMG_1495.JPG,HFW12-F7_2016_201602280420_IMG_1495.jpg,0.8835092782974243,430.30511474609375,255.09896850585938,438.7205810546875,944.8939208984375,2048,1536,438,944
HFW12-F7,2016,201602280420,DM,0,/Volumes/Seagate Portable Drive/KYLE_AI_DATABASE/A_CAMERA/Focal_species/Gulo gulo/HFW12-F7/DM/2016/B&W/Robust marks/02.28-04.20/IMG_1496.JPG,IMG_1496.JPG,HFW12-F7_2016_201602280420_IMG_1496.jpg,0.8639134168624878,447.8165283203125,211.1316375732422,425.6514892578125,935.6058959960938,2048,1536,425,935
HFW12-F7,2016,201602280420,DM,0,/Volumes/Seagate Portable Drive/KYLE_AI_DATABASE/A_CAMERA/Focal_species/Gulo gulo/HFW12-F7/DM/2016/B&W/Robust marks/02.28-04.20/IMG_1497.JPG,IMG_1497.JPG,HFW12-F7_2016_201602280420_IMG_1497.jpg,0.857664942741394,431.3785095214844,313.6416320800781,435.4182434082031,898.9114990234375,2048,1536,435,898
HFW12-F7,2016,201602280420,DM,0,/Volumes/Seagate Portable Drive/KYLE_AI_DATABASE/A_CAMERA/Focal_species/Gulo gulo/HFW12-F7/DM/2016/B&W/Robust marks/02.28-04.20/IMG_1498.JPG,IMG_1498.JPG,HFW12-F7_2016_201602280420_IMG_1498.jpg,0.8547695875167847,447.04296875,265.9465026855469,424.3968505859375,994.511474609375,2048,1536,424,994
HFW12-F7,2016,201602280420,DM,0,/Volumes/Seagate Portable Drive/KYLE_AI_DATABASE/A_CAMERA/Focal_species/Gulo gulo/HFW12-F7/DM/2016/B&W/Robust marks/02.28-04.20/IMG_1499.JPG,IMG_1499.JPG,HFW12-F7_2016_201602280420_IMG_1499.jpg,0.8568528890609741,435.4084777832031,317.9375,420.3387145996094,953.062255859375,2048,1536,420,953
HFW12-F7,2016,201602280420,DM,0,/Volumes/Seagate Portable Drive/KYLE_AI_DATABASE/A_CAMERA/Focal_species/Gulo gulo/HFW12-F7/DM/2016/B&W/Robust marks/02.28-04.20/IMG_1500.JPG,IMG_1500.JPG,HFW12-F7_2016_201602280420_IMG_1500.jpg,0.8426900506019592,441.551025390625,334.5623474121094,418.8695068359375,907.88818359375,2048,1536,418,907
HFW12-F7,2016,201602280420,DM,0,/Volumes/Seagate Portable Drive/KYLE_AI_DATABASE/A_CAMERA/Focal_species/Gulo gulo/HFW12-F7/DM/2016/B&W/Robust marks/02.28-04.20/IMG_1501.JPG,IMG_1501.JPG,HFW12-F7_2016_201602280420_IMG_1501.jpg,0.8722498416900635,452.88665771484375,338.5489196777344,399.3624267578125,933.522705078125,2048,1536,399,933
HFW12-F7,2016,201602280420,DM,0,/Volumes/Seagate Portable Drive/KYLE_AI_DATABASE/A_CAMERA/Focal_species/Gulo gulo/HFW12-F7/DM/2016/B&W/Robust marks/02.28-04.20/IMG_1502.JPG,IMG_1502.JPG,HFW12-F7_2016_201602280420_IMG_1502.jpg,0.8495385050773621,440.2344970703125,334.0339050292969,395.346923828125,928.167236328125,2048,1536,395,928
HFW12-F7,2016,201602280420,DM,0,/Volumes/Seagate Portable Drive/KYLE_AI_DATABASE/A_CAMERA/Focal_species/Gulo gulo/HFW12-F7/DM/2016/B&W/Robust marks/02.28-04.20/IMG_1503.JPG,IMG_1503.JPG,HFW12-F7_2016_201602280420_IMG_1503.jpg,0.8408862352371216,451.11846923828125,346.1129150390625,383.795654296875,939.2772216796875,2048,1536,383,939
HFW12-F7,2016,201602280420,DM,0,/Volumes/Seagate Portable Drive/KYLE_AI_DATABASE/A_CAMERA/Focal_species/Gulo gulo/HFW12-F7/DM/2016/B&W/Robust marks/02.28-04.20/IMG_1504.JPG,IMG_1504.JPG,HFW12-F7_2016_201602280420_IMG_1504.jpg,0.8292239904403687,455.76641845703125,359.71600341796875,377.804443359375,939.5044555664062,2048,1536,377,939
HFW12-F7,2016,201602280420,DM,0,/Volumes/Seagate Portable Drive/KYLE_AI_DATABASE/A_CAMERA/Focal_species/Gulo gulo/HFW12-F7/DM/2016/B&W/Robust marks/02.28-04.20/IMG_1505.JPG,IMG_1505.JPG,HFW12-F7_2016_201602280420_IMG_1505.jpg,0.8535465002059937,454.67083740234375,333.00946044921875,397.3438720703125,964.9955444335938,2048,1536,397,964
HFW12-F7,2016,201602280420,DM,0,/Volumes/Seagate Portable Drive/KYLE_AI_DATABASE/A_CAMERA/Focal_species/Gulo gulo/HFW12-F7/DM/2016/B&W/Robust marks/02.28-04.20/IMG_1506.JPG,IMG_1506.JPG,HFW12-F7_2016_201602280420_IMG_1506.jpg,0.8355401754379272,459.0892333984375,355.9827575683594,388.2918701171875,948.8994140625,2048,1536,388,948
HFW12-F7,2016,201602280420,DM,0,/Volumes/Seagate Portable Drive/KYLE_AI_DATABASE/A_CAMERA/Focal_species/Gulo gulo/HFW12-F7/DM/2016/B&W/Robust marks/02.28-04.20/IMG_1507.JPG,IMG_1507.JPG,HFW12-F7_2016_201602280420_IMG_1507.jpg,0.8786691427230835,458.0257568359375,358.89617919921875,374.18017578125,953.7850952148438,2048,1536,374,953
HFW12-F7,2016,201602280420,DM,0,/Volumes/Seagate Portable Drive/KYLE_AI_DATABASE/A_CAMERA/Focal_species/Gulo gulo/HFW12-F7/DM/2016/B&W/Robust marks/02.28-04.20/IMG_1508.JPG,IMG_1508.JPG,HFW12-F7_2016_201602280420_IMG_1508.jpg,0.86790931224823,460.06243896484375,348.2998046875,366.3795166015625,959.9202880859375,2048,1536,366,959
HFW12-F7,2016,201602280420,DM,0,/Volumes/Seagate Portable Drive/KYLE_AI_DATABASE/A_CAMERA/Focal_species/Gulo gulo/HFW12-F7/DM/2016/B&W/Robust marks/02.28-04.20/IMG_1509.JPG,IMG_1509.JPG,HFW12-F7_2016_201602280420_IMG_1509.jpg,0.891008198261261,476.1396484375,235.9958038330078,365.749755859375,1009.4622192382812,2048,1536,365,1009
HFW12-F7,2016,201602280420,DM,0,/Volumes/Seagate Portable Drive/KYLE_AI_DATABASE/A_CAMERA/Focal_species/Gulo gulo/HFW12-F7/DM/2016/B&W/Robust marks/02.28-04.20/IMG_1510.JPG,IMG_1510.JPG,HFW12-F7_2016_201602280420_IMG_1510.jpg,0.9042806029319763,473.1647644042969,191.8168487548828,340.5730285644531,968.2819213867188,2048,1536,340,968
HFW12-F7,2016,201602280420,DM,0,/Volumes/Seagate Portable Drive/KYLE_AI_DATABASE/A_CAMERA/Focal_species/Gulo gulo/HFW12-F7/DM/2016/B&W/Robust marks/02.28-04.20/IMG_1511.JPG,IMG_1511.JPG,HFW12-F7_2016_201602280420_IMG_1511.jpg,0.839268684387207,464.2891845703125,285.16693115234375,351.9915771484375,961.9288940429688,2048,1536,351,961
HFW12-F7,2016,201602280420,DM,0,/Volumes/Seagate Portable Drive/KYLE_AI_DATABASE/A_CAMERA/Focal_species/Gulo gulo/HFW12-F7/DM/2016/B&W/Robust marks/02.28-04.20/IMG_1512.JPG,IMG_1512.JPG,HFW12-F7_2016_201602280420_IMG_1512.jpg,0.8852890729904175,457.7064208984375,201.5961456298828,362.9580078125,1099.4619140625,2048,1536,362,1099
HFW12-F7,2016,201602280420,DM,0,/Volumes/Seagate Portable Drive/KYLE_AI_DATABASE/A_CAMERA/Focal_species/Gulo gulo/HFW12-F7/DM/2016/B&W/Robust marks/02.28-04.20/IMG_1513.JPG,IMG_1513.JPG,HFW12-F7_2016_201602280420_IMG_1513.jpg,0.8729614615440369,453.35430908203125,272.0569152832031,363.0906982421875,1009.2432861328125,2048,1536,363,1009
HFW12-F7,2016,201602280420,DM,0,/Volumes/Seagate Portable Drive/KYLE_AI_DATABASE/A_CAMERA/Focal_species/Gulo gulo/HFW12-F7/DM/2016/B&W/Robust marks/02.28-04.20/IMG_1514.JPG,IMG_1514.JPG,HFW12-F7_2016_201602280420_IMG_1514.jpg,0.8984599709510803,473.78485107421875,209.48886108398438,345.395751953125,1086.1070556640625,2048,1536,345,1086
HFW12-F7,2016,201602280420,DM,0,/Volumes/Seagate Portable Drive/KYLE_AI_DATABASE/A_CAMERA/Focal_species/Gulo gulo/HFW12-F7/DM/2016/B&W/Robust marks/02.28-04.20/IMG_1515.JPG,IMG_1515.JPG,HFW12-F7_2016_201602280420_IMG_1515.jpg,0.9022799730300903,472.69207763671875,251.1273193359375,342.2828369140625,1025.7230224609375,2048,1536,342,1025
HFW12-F7,2016,201602280420,DM,0,/Volumes/Seagate Portable Drive/KYLE_AI_DATABASE/A_CAMERA/Focal_species/Gulo gulo/HFW12-F7/DM/2016/B&W/Robust marks/02.28-04.20/IMG_1516.JPG,IMG_1516.JPG,HFW12-F7_2016_201602280420_IMG_1516.jpg,0.8761365413665771,460.21173095703125,215.41969299316406,369.7379150390625,1050.1104736328125,2048,1536,369,1050
HFW12-F7,2016,201602280420,DM,0,/Volumes/Seagate Portable Drive/KYLE_AI_DATABASE/A_CAMERA/Focal_species/Gulo gulo/HFW12-F7/DM/2016/B&W/Robust marks/02.28-04.20/IMG_1517.JPG,IMG_1517.JPG,HFW12-F7_2016_201602280420_IMG_1517.jpg,0.8913283944129944,445.0127258300781,342.1402587890625,402.2301940917969,838.5877685546875,2048,1536,402,838
HFW12-F7,2016,201602280420,DM,0,/Volumes/Seagate Portable Drive/KYLE_AI_DATABASE/A_CAMERA/Focal_species/Gulo gulo/HFW12-F7/DM/2016/B&W/Robust marks/02.28-04.20/IMG_1518.JPG,IMG_1518.JPG,HFW12-F7_2016_201602280420_IMG_1518.jpg,0.8415977358818054,472.43927001953125,291.7899169921875,395.585693359375,859.3453369140625,2048,1536,395,859
HFW12-F7,2016,201602280420,DM,0,/Volumes/Seagate Portable Drive/KYLE_AI_DATABASE/A_CAMERA/Focal_species/Gulo gulo/HFW12-F7/DM/2016/B&W/Robust marks/02.28-04.20/IMG_1519.JPG,IMG_1519.JPG,HFW12-F7_2016_201602280420_IMG_1519.jpg,0.8317701816558838,461.89337158203125,296.4905090332031,399.356689453125,990.2786865234375,2048,1536,399,990
HFW12-F7,2016,201602280420,DM,0,/Volumes/Seagate Portable Drive/KYLE_AI_DATABASE/A_CAMERA/Focal_species/Gulo gulo/HFW12-F7/DM/2016/B&W/Robust marks/02.28-04.20/IMG_1520.JPG,IMG_1520.JPG,HFW12-F7_2016_201602280420_IMG_1520.jpg,0.8540434837341309,468.489990234375,201.85675048828125,394.8453369140625,1078.1416015625,2048,1536,394,1078
HFW12-F7,2016,201602280420,DM,0,/Volumes/Seagate Portable Drive/KYLE_AI_DATABASE/A_CAMERA/Focal_species/Gulo gulo/HFW12-F7/DM/2016/B&W/Robust marks/02.28-04.20/IMG_1521.JPG,IMG_1521.JPG,HFW12-F7_2016_201602280420_IMG_1521.jpg,0.8679834008216858,464.0138244628906,248.01731872558594,420.3490905761719,999.871337890625,2048,1536,420,999
HFW12-F7,2016,201602280420,DM,0,/Volumes/Seagate Portable Drive/KYLE_AI_DATABASE/A_CAMERA/Focal_species/Gulo gulo/HFW12-F7/DM/2016/B&W/Robust marks/02.28-04.20/IMG_1522.JPG,IMG_1522.JPG,HFW12-F7_2016_201602280420_IMG_1522.jpg,0.884017825126648,457.88165283203125,234.93223571777344,426.6229248046875,1059.5111083984375,2048,1536,426,1059
HFW12-F7,2016,201602280420,DM,0,/Volumes/Seagate Portable Drive/KYLE_AI_DATABASE/A_CAMERA/Focal_species/Gulo gulo/HFW12-F7/DM/2016/B&W/Robust marks/02.28-04.20/IMG_1523.JPG,IMG_1523.JPG,HFW12-F7_2016_201602280420_IMG_1523.jpg,0.8553418517112732,458.37890625,238.32994079589844,428.248779296875,999.2122802734375,2048,1536,428,999
HFW12-F7,2016,201602280420,DM,0,/Volumes/Seagate Portable Drive/KYLE_AI_DATABASE/A_CAMERA/Focal_species/Gulo gulo/HFW12-F7/DM/2016/B&W/Robust marks/02.28-04.20/IMG_1524.JPG,IMG_1524.JPG,HFW12-F7_2016_201602280420_IMG_1524.jpg,0.8189506530761719,442.6104736328125,293.21807861328125,451.2279052734375,988.5536499023438,2048,1536,451,988
HFW12-F7,2016,201602280420,DM,0,/Volumes/Seagate Portable Drive/KYLE_AI_DATABASE/A_CAMERA/Focal_species/Gulo gulo/HFW12-F7/DM/2016/B&W/Robust marks/02.28-04.20/IMG_1525.JPG,IMG_1525.JPG,HFW12-F7_2016_201602280420_IMG_1525.jpg,0.8482096195220947,472.8942565917969,238.4889678955078,424.5989074707031,1035.53759765625,2048,1536,424,1035
HFW12-F7,2016,201602280420,DM,0,/Volumes/Seagate Portable Drive/KYLE_AI_DATABASE/A_CAMERA/Focal_species/Gulo gulo/HFW12-F7/DM/2016/B&W/Robust marks/02.28-04.20/IMG_1526.JPG,IMG_1526.JPG,HFW12-F7_2016_201602280420_IMG_1526.jpg,0.8528692722320557,484.118408203125,167.15382385253906,410.972900390625,1003.096435546875,2048,1536,410,1003
HFW12-F7,2016,201602280420,DM,0,/Volumes/Seagate Portable Drive/KYLE_AI_DATABASE/A_CAMERA/Focal_species/Gulo gulo/HFW12-F7/DM/2016/B&W/Robust marks/02.28-04.20/IMG_1527.JPG,IMG_1527.JPG,HFW12-F7_2016_201602280420_IMG_1527.jpg,0.870694637298584,496.64093017578125,247.71780395507812,397.7393798828125,882.955810546875,2048,1536,397,882
HFW12-F7,2016,201602280420,DM,0,/Volumes/Seagate Portable Drive/KYLE_AI_DATABASE/A_CAMERA/Focal_species/Gulo gulo/HFW12-F7/DM/2016/B&W/Robust marks/02.28-04.20/IMG_1528.JPG,IMG_1528.JPG,HFW12-F7_2016_201602280420_IMG_1528.jpg,0.8740099668502808,464.5669250488281,239.30369567871094,439.2819519042969,1041.974853515625,2048,1536,439,1041
HFW12-F7,2016,201602280420,DM,0,/Volumes/Seagate Portable Drive/KYLE_AI_DATABASE/A_CAMERA/Focal_species/Gulo gulo/HFW12-F7/DM/2016/B&W/Robust marks/02.28-04.20/IMG_1529.JPG,IMG_1529.JPG,HFW12-F7_2016_201602280420_IMG_1529.jpg,0.8332025408744812,500.92095947265625,236.42381286621094,416.7310791015625,1034.612060546875,2048,1536,416,1034
HFW12-F7,2016,201602280420,DM,0,/Volumes/Seagate Portable Drive/KYLE_AI_DATABASE/A_CAMERA/Focal_species/Gulo gulo/HFW12-F7/DM/2016/B&W/Robust marks/02.28-04.20/IMG_1530.JPG,IMG_1530.JPG,HFW12-F7_2016_201602280420_IMG_1530.jpg,0.8346801996231079,405.7062683105469,244.4904327392578,482.6538391113281,983.1017456054688,2048,1536,482,983
HFW12-F7,2016,201602280420,DM,0,/Volumes/Seagate Portable Drive/KYLE_AI_DATABASE/A_CAMERA/Focal_species/Gulo gulo/HFW12-F7/DM/2016/B&W/Robust marks/02.28-04.20/IMG_1531.JPG,IMG_1531.JPG,HFW12-F7_2016_201602280420_IMG_1531.jpg,0.87114018201828,418.8594970703125,230.72918701171875,466.1634521484375,1051.304443359375,2048,1536,466,1051
HFW12-F7,2016,201602280420,DM,0,/Volumes/Seagate Portable Drive/KYLE_AI_DATABASE/A_CAMERA/Focal_species/Gulo gulo/HFW12-F7/DM/2016/B&W/Robust marks/02.28-04.20/IMG_1532.JPG,IMG_1532.JPG,HFW12-F7_2016_201602280420_IMG_1532.jpg,0.880495011806488,429.42767333984375,242.05311584472656,455.3392333984375,964.4493408203125,2048,1536,455,964
HFW12-F7,2016,201602280420,DM,0,/Volumes/Seagate Portable Drive/KYLE_AI_DATABASE/A_CAMERA/Focal_species/Gulo gulo/HFW12-F7/DM/2016/B&W/Robust marks/02.28-04.20/IMG_1533.JPG,IMG_1533.JPG,HFW12-F7_2016_201602280420_IMG_1533.jpg,0.8554099202156067,432.98956298828125,249.53439331054688,453.576171875,991.749267578125,2048,1536,453,991
HFW12-F7,2016,201602280420,DM,0,/Volumes/Seagate Portable Drive/KYLE_AI_DATABASE/A_CAMERA/Focal_species/Gulo gulo/HFW12-F7/DM/2016/B&W/Robust marks/02.28-04.20/IMG_1534.JPG,IMG_1534.JPG,HFW12-F7_2016_201602280420_IMG_1534.jpg,0.8424005508422852,435.0765075683594,245.03109741210938,447.8525695800781,966.3941650390625,2048,1536,447,966
HFW12-F7,2016,201602280420,DM,0,/Volumes/Seagate Portable Drive/KYLE_AI_DATABASE/A_CAMERA/Focal_species/Gulo gulo/HFW12-F7/DM/2016/B&W/Robust marks/02.28-04.20/IMG_1535.JPG,IMG_1535.JPG,HFW12-F7_2016_201602280420_IMG_1535.jpg,0.8175771236419678,434.951171875,277.55157470703125,447.6904296875,952.2985229492188,2048,1536,447,952
HFW12-F7,2016,201602280420,DM,0,/Volumes/Seagate Portable Drive/KYLE_AI_DATABASE/A_CAMERA/Focal_species/Gulo gulo/HFW12-F7/DM/2016/B&W/Robust marks/02.28-04.20/IMG_1537.JPG,IMG_1537.JPG,HFW12-F7_2016_201602280420_IMG_1537.jpg,0.8637855648994446,438.6619873046875,232.3195037841797,448.70263671875,991.1619262695312,2048,1536,448,991
HFW12-F7,2016,201602280420,DM,0,/Volumes/Seagate Portable Drive/KYLE_AI_DATABASE/A_CAMERA/Focal_species/Gulo gulo/HFW12-F7/DM/2016/B&W/Robust marks/02.28-04.20/IMG_1538.JPG,IMG_1538.JPG,HFW12-F7_2016_201602280420_IMG_1538.jpg,0.8959147930145264,451.72991943359375,211.30865478515625,430.440185546875,999.0094604492188,2048,1536,430,999
HFW12-F7,2016,201602280420,DM,0,/Volumes/Seagate Portable Drive/KYLE_AI_DATABASE/A_CAMERA/Focal_species/Gulo gulo/HFW12-F7/DM/2016/B&W/Robust marks/02.28-04.20/IMG_1539.JPG,IMG_1539.JPG,HFW12-F7_2016_201602280420_IMG_1539.jpg,0.9064478278160095,444.42230224609375,183.7826385498047,438.909912109375,968.0772094726562,2048,1536,438,968
HFW12-F7,2016,201602280420,DM,0,/Volumes/Seagate Portable Drive/KYLE_AI_DATABASE/A_CAMERA/Focal_species/Gulo gulo/HFW12-F7/DM/2016/B&W/Robust marks/02.28-04.20/IMG_1540.JPG,IMG_1540.JPG,HFW12-F7_2016_201602280420_IMG_1540.jpg,0.8696950674057007,433.3172302246094,239.07998657226562,466.8801574707031,932.1632080078125,2048,1536,466,932
HFW12-F7,2016,201602280420,DM,0,/Volumes/Seagate Portable Drive/KYLE_AI_DATABASE/A_CAMERA/Focal_species/Gulo gulo/HFW12-F7/DM/2016/B&W/Robust marks/02.28-04.20/IMG_1541.JPG,IMG_1541.JPG,HFW12-F7_2016_201602280420_IMG_1541.jpg,0.8800688982009888,434.294189453125,238.7457275390625,448.8607177734375,941.4136962890625,2048,1536,448,941
HFW12-F7,2016,201602280420,DM,0,/Volumes/Seagate Portable Drive/KYLE_AI_DATABASE/A_CAMERA/Focal_species/Gulo gulo/HFW12-F7/DM/2016/B&W/Robust marks/02.28-04.20/IMG_1543.JPG,IMG_1543.JPG,HFW12-F7_2016_201602280420_IMG_1543.jpg,0.8631391525268555,442.22027587890625,242.17227172851562,448.5859375,920.3968505859375,2048,1536,448,920
HFW12-F7,2016,201602280420,DM,0,/Volumes/Seagate Portable Drive/KYLE_AI_DATABASE/A_CAMERA/Focal_species/Gulo gulo/HFW12-F7/DM/2016/B&W/Robust marks/02.28-04.20/IMG_1544.JPG,IMG_1544.JPG,HFW12-F7_2016_201602280420_IMG_1544.jpg,0.8875663876533508,440.7083435058594,227.2606658935547,443.8733215332031,947.8461303710938,2048,1536,443,947
HFW12-F7,2016,201602280420,DM,0,/Volumes/Seagate Portable Drive/KYLE_AI_DATABASE/A_CAMERA/Focal_species/Gulo gulo/HFW12-F7/DM/2016/B&W/Robust marks/02.28-04.20/IMG_1545.JPG,IMG_1545.JPG,HFW12-F7_2016_201602280420_IMG_1545.jpg,0.8566927909851074,447.9266052246094,221.32772827148438,431.9161682128906,982.9425048828125,2048,1536,431,982
HFW12-F7,2016,201602280420,DM,0,/Volumes/Seagate Portable Drive/KYLE_AI_DATABASE/A_CAMERA/Focal_species/Gulo gulo/HFW12-F7/DM/2016/B&W/Robust marks/02.28-04.20/IMG_1546.JPG,IMG_1546.JPG,HFW12-F7_2016_201602280420_IMG_1546.jpg,0.8870617151260376,454.4331359863281,251.38604736328125,432.6155700683594,896.2362670898438,2048,1536,432,896
HFW12-F7,2016,201602280420,DM,0,/Volumes/Seagate Portable Drive/KYLE_AI_DATABASE/A_CAMERA/Focal_species/Gulo gulo/HFW12-F7/DM/2016/B&W/Robust marks/02.28-04.20/IMG_1547.JPG,IMG_1547.JPG,HFW12-F7_2016_201602280420_IMG_1547.jpg,0.8957172632217407,443.19976806640625,241.2307891845703,439.7752685546875,945.0263061523438,2048,1536,439,945
HFW12-F7,2016,201602280420,DM,0,/Volumes/Seagate Portable Drive/KYLE_AI_DATABASE/A_CAMERA/Focal_species/Gulo gulo/HFW12-F7/DM/2016/B&W/Robust marks/02.28-04.20/IMG_1548.JPG,IMG_1548.JPG,HFW12-F7_2016_201602280420_IMG_1548.jpg,0.9208048582077026,445.286865234375,173.44390869140625,437.47705078125,989.3637084960938,2048,1536,437,989
HFW12-F7,2016,201602280420,DM,0,/Volumes/Seagate Portable Drive/KYLE_AI_DATABASE/A_CAMERA/Focal_species/Gulo gulo/HFW12-F7/DM/2016/B&W/Robust marks/02.28-04.20/IMG_1549.JPG,IMG_1549.JPG,HFW12-F7_2016_201602280420_IMG_1549.jpg,0.8572549223899841,429.04473876953125,194.88079833984375,460.2926025390625,982.2245483398438,2048,1536,460,982
HFW12-F7,2016,201602280420,DM,0,/Volumes/Seagate Portable Drive/KYLE_AI_DATABASE/A_CAMERA/Focal_species/Gulo gulo/HFW12-F7/DM/2016/B&W/Robust marks/02.28-04.20/IMG_1550.JPG,IMG_1550.JPG,HFW12-F7_2016_201602280420_IMG_1550.jpg,0.870598554611206,423.306396484375,224.5946044921875,424.24169921875,969.216796875,2048,1536,424,969
HFW12-F7,2016,201602280420,DM,0,/Volumes/Seagate Portable Drive/KYLE_AI_DATABASE/A_CAMERA/Focal_species/Gulo gulo/HFW12-F7/DM/2016/B&W/Robust marks/02.28-04.20/IMG_1551.JPG,IMG_1551.JPG,HFW12-F7_2016_201602280420_IMG_1551.jpg,0.8803460597991943,465.7591857910156,256.6517333984375,429.6394958496094,1022.1690673828125,2048,1536,429,1022
HFW12-F7,2016,201602280420,DM,0,/Volumes/Seagate Portable Drive/KYLE_AI_DATABASE/A_CAMERA/Focal_species/Gulo gulo/HFW12-F7/DM/2016/B&W/Robust marks/02.28-04.20/IMG_1552.JPG,IMG_1552.JPG,HFW12-F7_2016_201602280420_IMG_1552.jpg,0.8545700311660767,446.9806823730469,233.63941955566406,421.4238586425781,965.5552978515625,2048,1536,421,965
HFW12-F7,2016,201602280420,DM,0,/Volumes/Seagate Portable Drive/KYLE_AI_DATABASE/A_CAMERA/Focal_species/Gulo gulo/HFW12-F7/DM/2016/B&W/Robust marks/02.28-04.20/IMG_1553.JPG,IMG_1553.JPG,HFW12-F7_2016_201602280420_IMG_1553.jpg,0.8236986398696899,458.29949951171875,253.63348388671875,430.478271484375,954.2621459960938,2048,1536,430,954
HFW12-F7,2016,201602280420,DM,0,/Volumes/Seagate Portable Drive/KYLE_AI_DATABASE/A_CAMERA/Focal_species/Gulo gulo/HFW12-F7/DM/2016/B&W/Robust marks/02.28-04.20/IMG_1554.JPG,IMG_1554.JPG,HFW12-F7_2016_201602280420_IMG_1554.jpg,0.8554453253746033,460.859619140625,240.6975860595703,430.294189453125,1028.0194091796875,2048,1536,430,1028
HFW12-F7,2016,201602280420,DM,0,/Volumes/Seagate Portable Drive/KYLE_AI_DATABASE/A_CAMERA/Focal_species/Gulo gulo/HFW12-F7/DM/2016/B&W/Robust marks/02.28-04.20/IMG_1555.JPG,IMG_1555.JPG,HFW12-F7_2016_201602280420_IMG_1555.jpg,0.8580353260040283,473.19964599609375,347.3152770996094,405.8873291015625,830.6231689453125,2048,1536,405,830
HFW12-F7,2016,201602280420,DM,0,/Volumes/Seagate Portable Drive/KYLE_AI_DATABASE/A_CAMERA/Focal_species/Gulo gulo/HFW12-F7/DM/2016/B&W/Robust marks/02.28-04.20/IMG_1556.JPG,IMG_1556.JPG,HFW12-F7_2016_201602280420_IMG_1556.jpg,0.8408159613609314,450.65264892578125,251.50204467773438,428.848876953125,954.6314697265625,2048,1536,428,954
HFW12-F7,2016,201602280420,DM,0,/Volumes/Seagate Portable Drive/KYLE_AI_DATABASE/A_CAMERA/Focal_species/Gulo gulo/HFW12-F7/DM/2016/B&W/Robust marks/02.28-04.20/IMG_1557.JPG,IMG_1557.JPG,HFW12-F7_2016_201602280420_IMG_1557.jpg,0.8680709600448608,472.7718811035156,282.7445983886719,403.4753112792969,874.1363525390625,2048,1536,403,874
HFW12-F7,2016,201602280420,DM,0,/Volumes/Seagate Portable Drive/KYLE_AI_DATABASE/A_CAMERA/Focal_species/Gulo gulo/HFW12-F7/DM/2016/B&W/Robust marks/02.28-04.20/IMG_1558.JPG,IMG_1558.JPG,HFW12-F7_2016_201602280420_IMG_1558.jpg,0.8728468418121338,474.0293273925781,270.75274658203125,407.9821472167969,870.5045776367188,2048,1536,407,870
HFW12-F7,2016,201602280420,DM,0,/Volumes/Seagate Portable Drive/KYLE_AI_DATABASE/A_CAMERA/Focal_species/Gulo gulo/HFW12-F7/DM/2016/B&W/Robust marks/02.28-04.20/IMG_1559.JPG,IMG_1559.JPG,HFW12-F7_2016_201602280420_IMG_1559.jpg,0.8946542143821716,428.3616943359375,351.6220703125,441.2332763671875,799.4656982421875,2048,1536,441,799
HFW12-F7,2016,201602280420,DM,0,/Volumes/Seagate Portable Drive/KYLE_AI_DATABASE/A_CAMERA/Focal_species/Gulo gulo/HFW12-F7/DM/2016/B&W/Robust marks/02.28-04.20/IMG_1560.JPG,IMG_1560.JPG,HFW12-F7_2016_201602280420_IMG_1560.jpg,0.8625611066818237,490.73016357421875,321.191162109375,391.8031005859375,856.4833984375,2048,1536,391,856
HFW12-F7,2016,201602280420,DM,0,/Volumes/Seagate Portable Drive/KYLE_AI_DATABASE/A_CAMERA/Focal_species/Gulo gulo/HFW12-F7/DM/2016/B&W/Robust marks/02.28-04.20/IMG_1561.JPG,IMG_1561.JPG,HFW12-F7_2016_201602280420_IMG_1561.jpg,0.8389164805412292,475.8832092285156,209.00843811035156,392.1670837402344,987.291015625,2048,1536,392,987
HFW12-F7,2016,201602280420,DM,0,/Volumes/Seagate Portable Drive/KYLE_AI_DATABASE/A_CAMERA/Focal_species/Gulo gulo/HFW12-F7/DM/2016/B&W/Robust marks/02.28-04.20/IMG_1562.JPG,IMG_1562.JPG,HFW12-F7_2016_201602280420_IMG_1562.jpg,0.8791550397872925,483.6569519042969,254.30502319335938,380.7355041503906,916.6766357421875,2048,1536,380,916
HFW12-F7,2016,201602280420,DM,0,/Volumes/Seagate Portable Drive/KYLE_AI_DATABASE/A_CAMERA/Focal_species/Gulo gulo/HFW12-F7/DM/2016/B&W/Robust marks/02.28-04.20/IMG_1563.JPG,IMG_1563.JPG,HFW12-F7_2016_201602280420_IMG_1563.jpg,0.8961973786354065,474.3309326171875,273.76312255859375,385.595703125,895.5897827148438,2048,1536,385,895
HFW12-F7,2016,201602280420,DM,0,/Volumes/Seagate Portable Drive/KYLE_AI_DATABASE/A_CAMERA/Focal_species/Gulo gulo/HFW12-F7/DM/2016/B&W/Robust marks/02.28-04.20/IMG_1564.JPG,IMG_1564.JPG,HFW12-F7_2016_201602280420_IMG_1564.jpg,0.8782120943069458,475.0209045410156,261.3044128417969,393.2552185058594,1021.85009765625,2048,1536,393,1021
HFW12-F7,2016,201602280420,DM,0,/Volumes/Seagate Portable Drive/KYLE_AI_DATABASE/A_CAMERA/Focal_species/Gulo gulo/HFW12-F7/DM/2016/B&W/Robust marks/02.28-04.20/IMG_1565.JPG,IMG_1565.JPG,HFW12-F7_2016_201602280420_IMG_1565.jpg,0.8632141351699829,447.3342590332031,355.05792236328125,418.6939392089844,874.8610229492188,2048,1536,418,874
HFW12-F7,2016,201602280420,DM,0,/Volumes/Seagate Portable Drive/KYLE_AI_DATABASE/A_CAMERA/Focal_species/Gulo gulo/HFW12-F7/DM/2016/B&W/Robust marks/02.28-04.20/IMG_1566.JPG,IMG_1566.JPG,HFW12-F7_2016_201602280420_IMG_1566.jpg,0.834224283695221,471.4236755371094,347.1385498046875,402.6385803222656,893.2137451171875,2048,1536,402,893
HFW12-F7,2016,201602280420,DM,0,/Volumes/Seagate Portable Drive/KYLE_AI_DATABASE/A_CAMERA/Focal_species/Gulo gulo/HFW12-F7/DM/2016/B&W/Robust marks/02.28-04.20/IMG_1567.JPG,IMG_1567.JPG,HFW12-F7_2016_201602280420_IMG_1567.jpg,0.824424147605896,467.9221496582031,339.82666015625,418.9744567871094,917.4051513671875,2048,1536,418,917
HFW12-F7,2016,201602280420,DM,0,/Volumes/Seagate Portable Drive/KYLE_AI_DATABASE/A_CAMERA/Focal_species/Gulo gulo/HFW12-F7/DM/2016/B&W/Robust marks/02.28-04.20/IMG_1568.JPG,IMG_1568.JPG,HFW12-F7_2016_201602280420_IMG_1568.jpg,0.8007185459136963,467.25616455078125,315.210693359375,410.7144775390625,939.28662109375,2048,1536,410,939
HFW12-F7,2016,201602280420,DM,0,/Volumes/Seagate Portable Drive/KYLE_AI_DATABASE/A_CAMERA/Focal_species/Gulo gulo/HFW12-F7/DM/2016/B&W/Robust marks/02.28-04.20/IMG_1569.JPG,IMG_1569.JPG,HFW12-F7_2016_201602280420_IMG_1569.jpg,0.818284809589386,470.2959289550781,326.89117431640625,408.5964050292969,938.1395874023438,2048,1536,408,938
HFW12-F7,2016,201602280420,DM,0,/Volumes/Seagate Portable Drive/KYLE_AI_DATABASE/A_CAMERA/Focal_species/Gulo gulo/HFW12-F7/DM/2016/B&W/Robust marks/02.28-04.20/IMG_1570.JPG,IMG_1570.JPG,HFW12-F7_2016_201602280420_IMG_1570.jpg,0.8503595590591431,490.85498046875,305.5756530761719,386.7301025390625,914.802001953125,2048,1536,386,914
HFW12-F7,2016,201602280420,DM,0,/Volumes/Seagate Portable Drive/KYLE_AI_DATABASE/A_CAMERA/Focal_species/Gulo gulo/HFW12-F7/DM/2016/B&W/Robust marks/02.28-04.20/IMG_1571.JPG,IMG_1571.JPG,HFW12-F7_2016_201602280420_IMG_1571.jpg,0.871651291847229,467.01177978515625,316.3087158203125,446.2259521484375,867.4552001953125,2048,1536,446,867
HFW12-F7,2016,201602280420,DM,0,/Volumes/Seagate Portable Drive/KYLE_AI_DATABASE/A_CAMERA/Focal_species/Gulo gulo/HFW12-F7/DM/2016/B&W/Robust marks/02.28-04.20/IMG_1572.JPG,IMG_1572.JPG,HFW12-F7_2016_201602280420_IMG_1572.jpg,0.8553177714347839,467.05438232421875,342.461669921875,448.579345703125,839.5994873046875,2048,1536,448,839
HFW12-F7,2016,201602280420,DM,0,/Volumes/Seagate Portable Drive/KYLE_AI_DATABASE/A_CAMERA/Focal_species/Gulo gulo/HFW12-F7/DM/2016/B&W/Robust marks/02.28-04.20/IMG_1575.JPG,IMG_1575.JPG,HFW12-F7_2016_201602280420_IMG_1575.jpg,0.8421188592910767,444.25390625,336.02801513671875,456.0894775390625,844.4777221679688,2048,1536,456,844
HFW12-F7,2016,201602280420,DM,0,/Volumes/Seagate Portable Drive/KYLE_AI_DATABASE/A_CAMERA/Focal_species/Gulo gulo/HFW12-F7/DM/2016/B&W/Robust marks/02.28-04.20/IMG_1577.JPG,IMG_1577.JPG,HFW12-F7_2016_201602280420_IMG_1577.jpg,0.8906158208847046,430.11541748046875,361.48828125,446.405029296875,837.4326171875,2048,1536,446,837
HFW12-F7,2016,201602280420,DM,0,/Volumes/Seagate Portable Drive/KYLE_AI_DATABASE/A_CAMERA/Focal_species/Gulo gulo/HFW12-F7/DM/2016/B&W/Robust marks/02.28-04.20/IMG_1578.JPG,IMG_1578.JPG,HFW12-F7_2016_201602280420_IMG_1578.jpg,0.8548564314842224,449.89276123046875,360.41973876953125,449.4613037109375,848.5219116210938,2048,1536,449,848
HFW12-F7,2016,201602280420,DM,0,/Volumes/Seagate Portable Drive/KYLE_AI_DATABASE/A_CAMERA/Focal_species/Gulo gulo/HFW12-F7/DM/2016/B&W/Robust marks/02.28-04.20/IMG_1579.JPG,IMG_1579.JPG,HFW12-F7_2016_201602280420_IMG_1579.jpg,0.87827467918396,479.2846374511719,335.0483093261719,431.6188049316406,840.9478759765625,2048,1536,431,840
HFW12-F7,2016,201602280420,DM,0,/Volumes/Seagate Portable Drive/KYLE_AI_DATABASE/A_CAMERA/Focal_species/Gulo gulo/HFW12-F7/DM/2016/B&W/Robust marks/02.28-04.20/IMG_1580.JPG,IMG_1580.JPG,HFW12-F7_2016_201602280420_IMG_1580.jpg,0.807458758354187,480.2741394042969,304.660400390625,410.8403625488281,908.7635498046875,2048,1536,410,908
HFW12-F7,2016,201602280420,DM,0,/Volumes/Seagate Portable Drive/KYLE_AI_DATABASE/A_CAMERA/Focal_species/Gulo gulo/HFW12-F7/DM/2016/B&W/Robust marks/02.28-04.20/IMG_1581.JPG,IMG_1581.JPG,HFW12-F7_2016_201602280420_IMG_1581.jpg,0.8361721038818359,483.55987548828125,335.7445068359375,423.375732421875,888.2232666015625,2048,1536,423,888
HFW12-F7,2016,201602280420,DM,0,/Volumes/Seagate Portable Drive/KYLE_AI_DATABASE/A_CAMERA/Focal_species/Gulo gulo/HFW12-F7/DM/2016/B&W/Robust marks/02.28-04.20/IMG_1582.JPG,IMG_1582.JPG,HFW12-F7_2016_201602280420_IMG_1582.jpg,0.809539258480072,484.5388488769531,330.032470703125,400.8634948730469,870.535888671875,2048,1536,400,870
HFW12-F7,2016,201602280420,DM,0,/Volumes/Seagate Portable Drive/KYLE_AI_DATABASE/A_CAMERA/Focal_species/Gulo gulo/HFW12-F7/DM/2016/B&W/Robust marks/02.28-04.20/IMG_1583.JPG,IMG_1583.JPG,HFW12-F7_2016_201602280420_IMG_1583.jpg,0.8726503252983093,477.15985107421875,267.7144775390625,421.932861328125,1013.193603515625,2048,1536,421,1013
HFW12-F7,2016,201602280420,DM,0,/Volumes/Seagate Portable Drive/KYLE_AI_DATABASE/A_CAMERA/Focal_species/Gulo gulo/HFW12-F7/DM/2016/B&W/Robust marks/02.28-04.20/IMG_1585.JPG,IMG_1585.JPG,HFW12-F7_2016_201602280420_IMG_1585.jpg,0.8794354200363159,454.3009033203125,241.68402099609375,423.34130859375,1035.473876953125,2048,1536,423,1035
HFW12-F7,2016,201602280420,DM,0,/Volumes/Seagate Portable Drive/KYLE_AI_DATABASE/A_CAMERA/Focal_species/Gulo gulo/HFW12-F7/DM/2016/B&W/Robust marks/02.28-04.20/IMG_1586.JPG,IMG_1586.JPG,HFW12-F7_2016_201602280420_IMG_1586.jpg,0.8696050643920898,461.07110595703125,352.034912109375,435.12841796875,867.62353515625,2048,1536,435,867
HFW12-F7,2016,201602280420,DM,0,/Volumes/Seagate Portable Drive/KYLE_AI_DATABASE/A_CAMERA/Focal_species/Gulo gulo/HFW12-F7/DM/2016/B&W/Robust marks/02.28-04.20/IMG_1590.JPG,IMG_1590.JPG,HFW12-F7_2016_201602280420_IMG_1590.jpg,0.8146679997444153,423.4911193847656,332.3515319824219,466.9610290527344,800.221435546875,2048,1536,466,800
HFW12-F7,2016,201602280420,DM,0,/Volumes/Seagate Portable Drive/KYLE_AI_DATABASE/A_CAMERA/Focal_species/Gulo gulo/HFW12-F7/DM/2016/B&W/Robust marks/02.28-04.20/IMG_1594.JPG,IMG_1594.JPG,HFW12-F7_2016_201602280420_IMG_1594.jpg,0.8173384666442871,594.6732177734375,32.95829772949219,527.321533203125,1461.5284423828125,2048,1536,527,1461
HFW12-F7,2016,201602280420,DM,0,/Volumes/Seagate Portable Drive/KYLE_AI_DATABASE/A_CAMERA/Focal_species/Gulo gulo/HFW12-F7/DM/2016/B&W/Robust marks/02.28-04.20/IMG_1596.JPG,IMG_1596.JPG,HFW12-F7_2016_201602280420_IMG_1596.jpg,0.8101851940155029,619.7568359375,200.8938446044922,485.2752685546875,1136.430908203125,2048,1536,485,1136
HFW12-F7,2016,201602280420,DM,0,/Volumes/Seagate Portable Drive/KYLE_AI_DATABASE/A_CAMERA/Focal_species/Gulo gulo/HFW12-F7/DM/2016/B&W/Robust marks/02.28-04.20/IMG_1597.JPG,IMG_1597.JPG,HFW12-F7_2016_201602280420_IMG_1597.jpg,0.8598812818527222,634.2314453125,156.352294921875,467.7047119140625,911.73291015625,2048,1536,467,911
HFW12-F7,2016,201602280420,DM,0,/Volumes/Seagate Portable Drive/KYLE_AI_DATABASE/A_CAMERA/Focal_species/Gulo gulo/HFW12-F7/DM/2016/B&W/Robust marks/02.28-04.20/IMG_1601.JPG,IMG_1601.JPG,HFW12-F7_2016_201602280420_IMG_1601.jpg,0.8690769672393799,618.8555908203125,28.583908081054688,486.591552734375,1283.624267578125,2048,1536,486,1283
HFW12-F7,2016,201602280420,DM,0,/Volumes/Seagate Portable Drive/KYLE_AI_DATABASE/A_CAMERA/Focal_species/Gulo gulo/HFW12-F7/DM/2016/B&W/Robust marks/02.28-04.20/IMG_1603.JPG,IMG_1603.JPG,HFW12-F7_2016_201602280420_IMG_1603.jpg,0.8000706434249878,621.860107421875,249.75119018554688,485.06884765625,1053.4508056640625,2048,1536,485,1053
HFW12-F7,2016,201602280420,DM,0,/Volumes/Seagate Portable Drive/KYLE_AI_DATABASE/A_CAMERA/Focal_species/Gulo gulo/HFW12-F7/DM/2016/B&W/Robust marks/02.28-04.20/IMG_1604.JPG,IMG_1604.JPG,HFW12-F7_2016_201602280420_IMG_1604.jpg,0.8269913792610168,619.3385620117188,179.6722412109375,480.52056884765625,1159.5977783203125,2048,1536,480,1159
HFW12-F7,2016,201602280420,DM,0,/Volumes/Seagate Portable Drive/KYLE_AI_DATABASE/A_CAMERA/Focal_species/Gulo gulo/HFW12-F7/DM/2016/B&W/Robust marks/02.28-04.20/IMG_1611.JPG,IMG_1611.JPG,HFW12-F7_2016_201602280420_IMG_1611.jpg,0.9290863275527954,724.5111083984375,30.845260620117188,525.5142822265625,864.0687866210938,2048,1536,525,864
HFW12-F7,2016,201602280420,DM,0,/Volumes/Seagate Portable Drive/KYLE_AI_DATABASE/A_CAMERA/Focal_species/Gulo gulo/HFW12-F7/DM/2016/B&W/Robust marks/02.28-04.20/IMG_1612.JPG,IMG_1612.JPG,HFW12-F7_2016_201602280420_IMG_1612.jpg,0.907812237739563,724.9127197265625,30.350738525390625,522.5072021484375,824.470458984375,2048,1536,522,824
HFW12-F7,2016,201602280420,DM,0,/Volumes/Seagate Portable Drive/KYLE_AI_DATABASE/A_CAMERA/Focal_species/Gulo gulo/HFW12-F7/DM/2016/B&W/Robust marks/02.28-04.20/IMG_1613.JPG,IMG_1613.JPG,HFW12-F7_2016_201602280420_IMG_1613.jpg,0.8698448538780212,642.8678588867188,29.770957946777344,650.2754516601562,718.8878173828125,2048,1536,650,718
HFW12-F7,2016,201602280420,DM,0,/Volumes/Seagate Portable Drive/KYLE_AI_DATABASE/A_CAMERA/Focal_species/Gulo gulo/HFW12-F7/DM/2016/B&W/Robust marks/02.28-04.20/IMG_1614.JPG,IMG_1614.JPG,HFW12-F7_2016_201602280420_IMG_1614.jpg,0.9501762390136719,448.8151550292969,31.360565185546875,431.4429016113281,1067.6795654296875,2048,1536,431,1067
HFW12-F7,2016,201602280420,DM,0,/Volumes/Seagate Portable Drive/KYLE_AI_DATABASE/A_CAMERA/Focal_species/Gulo gulo/HFW12-F7/DM/2016/B&W/Robust marks/02.28-04.20/IMG_1616.JPG,IMG_1616.JPG,HFW12-F7_2016_201602280420_IMG_1616.jpg,0.8927018046379089,477.7760009765625,73.32870483398438,450.7969970703125,1163.644287109375,2048,1536,450,1163
HFW12-F7,2016,201602280420,DM,0,/Volumes/Seagate Portable Drive/KYLE_AI_DATABASE/A_CAMERA/Focal_species/Gulo gulo/HFW12-F7/DM/2016/B&W/Robust marks/02.28-04.20/IMG_1618.JPG,IMG_1618.JPG,HFW12-F7_2016_201602280420_IMG_1618.jpg,0.9259176850318909,482.63616943359375,33.944091796875,484.3258056640625,1256.784423828125,2048,1536,484,1256
HFW12-F7,2016,201602280420,DM,0,/Volumes/Seagate Portable Drive/KYLE_AI_DATABASE/A_CAMERA/Focal_species/Gulo gulo/HFW12-F7/DM/2016/B&W/Robust marks/02.28-04.20/IMG_1619.JPG,IMG_1619.JPG,HFW12-F7_2016_201602280420_IMG_1619.jpg,0.8821462392807007,547.7160034179688,44.21424865722656,583.3123168945312,1201.8912353515625,2048,1536,583,1201
HFW12-F7,2016,201602280420,DM,0,/Volumes/Seagate Portable Drive/KYLE_AI_DATABASE/A_CAMERA/Focal_species/Gulo gulo/HFW12-F7/DM/2016/B&W/Robust marks/02.28-04.20/IMG_1620.JPG,IMG_1620.JPG,HFW12-F7_2016_201602280420_IMG_1620.jpg,0.8507897853851318,593.1904296875,74.41058349609375,532.2882080078125,1163.22412109375,2048,1536,532,1163
HFW12-F7,2016,201602280420,DM,0,/Volumes/Seagate Portable Drive/KYLE_AI_DATABASE/A_CAMERA/Focal_species/Gulo gulo/HFW12-F7/DM/2016/B&W/Robust marks/02.28-04.20/IMG_1621.JPG,IMG_1621.JPG,HFW12-F7_2016_201602280420_IMG_1621.jpg,0.8492204546928406,569.0204467773438,54.84983825683594,583.0811157226562,1036.0709228515625,2048,1536,583,1036
HFW12-F7,2016,201602280420,DM,0,/Volumes/Seagate Portable Drive/KYLE_AI_DATABASE/A_CAMERA/Focal_species/Gulo gulo/HFW12-F7/DM/2016/B&W/Robust marks/02.28-04.20/IMG_1622.JPG,IMG_1622.JPG,HFW12-F7_2016_201602280420_IMG_1622.jpg,0.8335643410682678,591.050537109375,137.2781524658203,561.144775390625,767.2453002929688,2048,1536,561,767
HFW12-F7,2016,201602280420,DM,0,/Volumes/Seagate Portable Drive/KYLE_AI_DATABASE/A_CAMERA/Focal_species/Gulo gulo/HFW12-F7/DM/2016/B&W/Robust marks/02.28-04.20/IMG_1624.JPG,IMG_1624.JPG,HFW12-F7_2016_201602280420_IMG_1624.jpg,0.8521859049797058,593.3681640625,32.42326354980469,524.657470703125,821.0972290039062,2048,1536,524,821
HFW12-F7,2016,201602280420,DM,0,/Volumes/Seagate Portable Drive/KYLE_AI_DATABASE/A_CAMERA/Focal_species/Gulo gulo/HFW12-F7/DM/2016/B&W/Robust marks/02.28-04.20/IMG_1625.JPG,IMG_1625.JPG,HFW12-F7_2016_201602280420_IMG_1625.jpg,0.8996796607971191,599.79052734375,116.20344543457031,542.9957275390625,687.8165283203125,2048,1536,542,687
HFW12-F7,2016,201602280420,DM,0,/Volumes/Seagate Portable Drive/KYLE_AI_DATABASE/A_CAMERA/Focal_species/Gulo gulo/HFW12-F7/DM/2016/B&W/Robust marks/02.28-04.20/IMG_1626.JPG,IMG_1626.JPG,HFW12-F7_2016_201602280420_IMG_1626.jpg,0.9590694904327393,589.3939208984375,29.89910888671875,827.8541259765625,588.83544921875,2048,1536,827,588
HFW12-F7,2016,201602280420,DM,0,/Volumes/Seagate Portable Drive/KYLE_AI_DATABASE/A_CAMERA/Focal_species/Gulo gulo/HFW12-F7/DM/2016/B&W/Robust marks/02.28-04.20/IMG_1627.JPG,IMG_1627.JPG,HFW12-F7_2016_201602280420_IMG_1627.jpg,0.9334318041801453,422.52276611328125,372.0187072753906,826.1259155273438,604.5606689453125,2048,1536,826,604
HFW12-F7,2016,201602280420,DM,0,/Volumes/Seagate Portable Drive/KYLE_AI_DATABASE/A_CAMERA/Focal_species/Gulo gulo/HFW12-F7/DM/2016/B&W/Robust marks/02.28-04.20/IMG_1628.JPG,IMG_1628.JPG,HFW12-F7_2016_201602280420_IMG_1628.jpg,0.8942212462425232,531.3677368164062,361.0633239746094,398.9744873046875,765.069091796875,2048,1536,398,765
HFW12-F7,2016,201602280420,DM,0,/Volumes/Seagate Portable Drive/KYLE_AI_DATABASE/A_CAMERA/Focal_species/Gulo gulo/HFW12-F7/DM/2016/B&W/Robust marks/02.28-04.20/IMG_1629.JPG,IMG_1629.JPG,HFW12-F7_2016_201602280420_IMG_1629.jpg,0.8573283553123474,436.990478515625,199.14939880371094,407.3450927734375,1169.8720703125,2048,1536,407,1169
HFW12-F7,2016,201602280420,DM,0,/Volumes/Seagate Portable Drive/KYLE_AI_DATABASE/A_CAMERA/Focal_species/Gulo gulo/HFW12-F7/DM/2016/B&W/Robust marks/02.28-04.20/IMG_1630.JPG,IMG_1630.JPG,HFW12-F7_2016_201602280420_IMG_1630.jpg,0.9455736875534058,395.1441650390625,30.994308471679688,503.23779296875,1029.3133544921875,2048,1536,503,1029
HFW12-F7,2016,201602280420,DM,0,/Volumes/Seagate Portable Drive/KYLE_AI_DATABASE/A_CAMERA/Focal_species/Gulo gulo/HFW12-F7/DM/2016/B&W/Robust marks/02.28-04.20/IMG_1631.JPG,IMG_1631.JPG,HFW12-F7_2016_201602280420_IMG_1631.jpg,0.9090942144393921,342.6242370605469,350.15252685546875,515.43115234375,1041.9033203125,2048,1536,515,1041
HFW12-F7,2016,201602280420,DM,0,/Volumes/Seagate Portable Drive/KYLE_AI_DATABASE/A_CAMERA/Focal_species/Gulo gulo/HFW12-F7/DM/2016/B&W/Robust marks/02.28-04.20/IMG_1632.JPG,IMG_1632.JPG,HFW12-F7_2016_201602280420_IMG_1632.jpg,0.9596074223518372,358.50433349609375,362.43316650390625,487.238525390625,1139.84521484375,2048,1536,487,1139
HFW12-F7,2016,201602280420,DM,0,/Volumes/Seagate Portable Drive/KYLE_AI_DATABASE/A_CAMERA/Focal_species/Gulo gulo/HFW12-F7/DM/2016/B&W/Robust marks/02.28-04.20/IMG_1633.JPG,IMG_1633.JPG,HFW12-F7_2016_201602280420_IMG_1633.jpg,0.8543109893798828,325.89044189453125,352.11041259765625,528.385986328125,1112.608642578125,2048,1536,528,1112
HFW12-F7,2016,201602280420,DM,0,/Volumes/Seagate Portable Drive/KYLE_AI_DATABASE/A_CAMERA/Focal_species/Gulo gulo/HFW12-F7/DM/2016/B&W/Robust marks/02.28-04.20/IMG_1634.JPG,IMG_1634.JPG,HFW12-F7_2016_201602280420_IMG_1634.jpg,0.9016844034194946,314.5251159667969,339.3818359375,552.2701416015625,1162.10107421875,2048,1536,552,1162
HFW12-F7,2016,201602280420,DM,0,/Volumes/Seagate Portable Drive/KYLE_AI_DATABASE/A_CAMERA/Focal_species/Gulo gulo/HFW12-F7/DM/2016/B&W/Robust marks/02.28-04.20/IMG_1635.JPG,IMG_1635.JPG,HFW12-F7_2016_201602280420_IMG_1635.jpg,0.8724911212921143,306.30194091796875,344.04437255859375,518.3218994140625,945.8834838867188,2048,1536,518,945
HFW12-F7,2016,201602280420,DM,0,/Volumes/Seagate Portable Drive/KYLE_AI_DATABASE/A_CAMERA/Focal_species/Gulo gulo/HFW12-F7/DM/2016/B&W/Robust marks/02.28-04.20/IMG_1636.JPG,IMG_1636.JPG,HFW12-F7_2016_201602280420_IMG_1636.jpg,0.8412775993347168,1.91009521484375,707.2325439453125,858.6576538085938,640.1947021484375,2048,1536,858,640
HFW12-F7,2016,201602280420,DM,0,/Volumes/Seagate Portable Drive/KYLE_AI_DATABASE/A_CAMERA/Focal_species/Gulo gulo/HFW12-F7/DM/2016/B&W/Robust marks/02.28-04.20/IMG_1641.JPG,IMG_1641.JPG,HFW12-F7_2016_201602280420_IMG_1641.jpg,0.8656148910522461,609.9196166992188,786.9432373046875,469.66925048828125,714.302001953125,2048,1536,469,714
HFW12-F7,2016,201602280420,DM,0,/Volumes/Seagate Portable Drive/KYLE_AI_DATABASE/A_CAMERA/Focal_species/Gulo gulo/HFW12-F7/DM/2016/B&W/Robust marks/02.28-04.20/IMG_1642.JPG,IMG_1642.JPG,HFW12-F7_2016_201602280420_IMG_1642.jpg,0.9014890193939209,504.2811279296875,724.4351806640625,574.3902587890625,767.7760009765625,2048,1536,574,767
HFW12-F7,2016,201602280420,DM,0,/Volumes/Seagate Portable Drive/KYLE_AI_DATABASE/A_CAMERA/Focal_species/Gulo gulo/HFW12-F7/DM/2016/B&W/Robust marks/02.28-04.20/IMG_1643.JPG,IMG_1643.JPG,HFW12-F7_2016_201602280420_IMG_1643.jpg,0.873202919960022,471.9067687988281,729.0800170898438,608.012451171875,728.8991088867188,2048,1536,608,728
HFW12-F7,2016,201602280420,DM,0,/Volumes/Seagate Portable Drive/KYLE_AI_DATABASE/A_CAMERA/Focal_species/Gulo gulo/HFW12-F7/DM/2016/B&W/Robust marks/02.28-04.20/IMG_1644.JPG,IMG_1644.JPG,HFW12-F7_2016_201602280420_IMG_1644.jpg,0.856043815612793,476.2244873046875,743.2916259765625,609.0152587890625,635.804931640625,2048,1536,609,635
HFW12-F7,2016,201602280420,DM,0,/Volumes/Seagate Portable Drive/KYLE_AI_DATABASE/A_CAMERA/Focal_species/Gulo gulo/HFW12-F7/DM/2016/B&W/Robust marks/02.28-04.20/IMG_1647.JPG,IMG_1647.JPG,HFW12-F7_2016_201602280420_IMG_1647.jpg,0.8294407725334167,305.5518493652344,269.04681396484375,528.273193359375,917.3685913085938,2048,1536,528,917
HFW12-F7,2016,201602280420,DM,0,/Volumes/Seagate Portable Drive/KYLE_AI_DATABASE/A_CAMERA/Focal_species/Gulo gulo/HFW12-F7/DM/2016/B&W/Robust marks/02.28-04.20/IMG_1648.JPG,IMG_1648.JPG,HFW12-F7_2016_201602280420_IMG_1648.jpg,0.8821384310722351,491.78509521484375,356.4520568847656,435.5599365234375,815.3887939453125,2048,1536,435,815
HFW12-F7,2016,201602280420,DM,0,/Volumes/Seagate Portable Drive/KYLE_AI_DATABASE/A_CAMERA/Focal_species/Gulo gulo/HFW12-F7/DM/2016/B&W/Robust marks/02.28-04.20/IMG_1649.JPG,IMG_1649.JPG,HFW12-F7_2016_201602280420_IMG_1649.jpg,0.823563277721405,503.06011962890625,348.779296875,466.5870361328125,879.9539794921875,2048,1536,466,879
HFW12-F7,2016,201602280420,DM,0,/Volumes/Seagate Portable Drive/KYLE_AI_DATABASE/A_CAMERA/Focal_species/Gulo gulo/HFW12-F7/DM/2016/B&W/Robust marks/02.28-04.20/IMG_1651.JPG,IMG_1651.JPG,HFW12-F7_2016_201602280420_IMG_1651.jpg,0.8014035224914551,614.9376831054688,285.29547119140625,496.13165283203125,1026.424072265625,2048,1536,496,1026
HFW12-F7,2016,201602280420,DM,0,/Volumes/Seagate Portable Drive/KYLE_AI_DATABASE/A_CAMERA/Focal_species/Gulo gulo/HFW12-F7/DM/2016/B&W/Robust marks/02.28-04.20/IMG_1652.JPG,IMG_1652.JPG,HFW12-F7_2016_201602280420_IMG_1652.jpg,0.8460854291915894,614.6810302734375,250.75694274902344,488.672607421875,1074.680908203125,2048,1536,488,1074
HFW12-F7,2016,201602280420,DM,0,/Volumes/Seagate Portable Drive/KYLE_AI_DATABASE/A_CAMERA/Focal_species/Gulo gulo/HFW12-F7/DM/2016/B&W/Robust marks/02.28-04.20/IMG_1658.JPG,IMG_1658.JPG,HFW12-F7_2016_201602280420_IMG_1658.jpg,0.8652734160423279,618.5881958007812,377.4154357910156,480.31634521484375,935.5777587890625,2048,1536,480,935
HFW12-F7,2016,201602280420,DM,0,/Volumes/Seagate Portable Drive/KYLE_AI_DATABASE/A_CAMERA/Focal_species/Gulo gulo/HFW12-F7/DM/2016/B&W/Robust marks/02.28-04.20/IMG_1659.JPG,IMG_1659.JPG,HFW12-F7_2016_201602280420_IMG_1659.jpg,0.8135585784912109,617.77734375,263.9711608886719,487.2657470703125,1046.9769287109375,2048,1536,487,1046
HFW12-F7,2016,201602280420,DM,0,/Volumes/Seagate Portable Drive/KYLE_AI_DATABASE/A_CAMERA/Focal_species/Gulo gulo/HFW12-F7/DM/2016/B&W/Robust marks/02.28-04.20/IMG_1664.JPG,IMG_1664.JPG,HFW12-F7_2016_201602280420_IMG_1664.jpg,0.9007558822631836,618.0713500976562,228.58145141601562,478.94207763671875,1086.0577392578125,2048,1536,478,1086
HFW12-F7,2016,201602280420,DM,0,/Volumes/Seagate Portable Drive/KYLE_AI_DATABASE/A_CAMERA/Focal_species/Gulo gulo/HFW12-F7/DM/2016/B&W/Robust marks/02.28-04.20/IMG_1665.JPG,IMG_1665.JPG,HFW12-F7_2016_201602280420_IMG_1665.jpg,0.8720167279243469,617.4052734375,359.52880859375,478.1180419921875,954.586181640625,2048,1536,478,954
HFW12-F7,2016,201602280420,DM,0,/Volumes/Seagate Portable Drive/KYLE_AI_DATABASE/A_CAMERA/Focal_species/Gulo gulo/HFW12-F7/DM/2016/B&W/Robust marks/02.28-04.20/IMG_1666.JPG,IMG_1666.JPG,HFW12-F7_2016_201602280420_IMG_1666.jpg,0.8650846481323242,619.1356201171875,48.195831298828125,507.7249755859375,1269.21337890625,2048,1536,507,1269
HFW12-F7,2016,201602280420,DM,0,/Volumes/Seagate Portable Drive/KYLE_AI_DATABASE/A_CAMERA/Focal_species/Gulo gulo/HFW12-F7/DM/2016/B&W/Robust marks/02.28-04.20/IMG_1670.JPG,IMG_1670.JPG,HFW12-F7_2016_201602280420_IMG_1670.jpg,0.8154065012931824,619.4246826171875,214.1455078125,492.3416748046875,1117.452880859375,2048,1536,492,1117
HFW12-F7,2016,201602280420,DM,0,/Volumes/Seagate Portable Drive/KYLE_AI_DATABASE/A_CAMERA/Focal_species/Gulo gulo/HFW12-F7/DM/2016/B&W/Robust marks/02.28-04.20/IMG_1673.JPG,IMG_1673.JPG,HFW12-F7_2016_201602280420_IMG_1673.jpg,0.8413760662078857,615.7384033203125,237.89515686035156,483.7388916015625,1072.5506591796875,2048,1536,483,1072
HFW12-F7,2016,201602280420,DM,0,/Volumes/Seagate Portable Drive/KYLE_AI_DATABASE/A_CAMERA/Focal_species/Gulo gulo/HFW12-F7/DM/2016/B&W/Robust marks/02.28-04.20/IMG_1674.JPG,IMG_1674.JPG,HFW12-F7_2016_201602280420_IMG_1674.jpg,0.8345142602920532,615.0827026367188,252.39939880371094,486.51092529296875,1115.5621337890625,2048,1536,486,1115
HFW12-F7,2016,201602280420,DM,0,/Volumes/Seagate Portable Drive/KYLE_AI_DATABASE/A_CAMERA/Focal_species/Gulo gulo/HFW12-F7/DM/2016/B&W/Robust marks/02.28-04.20/IMG_1675.JPG,IMG_1675.JPG,HFW12-F7_2016_201602280420_IMG_1675.jpg,0.8318408727645874,598.3817749023438,52.90882873535156,500.77069091796875,1295.3399658203125,2048,1536,500,1295
HFW12-F7,2016,201602280420,DM,0,/Volumes/Seagate Portable Drive/KYLE_AI_DATABASE/A_CAMERA/Focal_species/Gulo gulo/HFW12-F7/DM/2016/B&W/Robust marks/02.28-04.20/IMG_1677.JPG,IMG_1677.JPG,HFW12-F7_2016_201602280420_IMG_1677.jpg,0.8791075944900513,580.1929931640625,39.573394775390625,514.9627685546875,1411.081298828125,2048,1536,514,1411
HFW12-F7,2016,201602280420,DM,0,/Volumes/Seagate Portable Drive/KYLE_AI_DATABASE/A_CAMERA/Focal_species/Gulo gulo/HFW12-F7/DM/2016/B&W/Robust marks/02.28-04.20/IMG_1678.JPG,IMG_1678.JPG,HFW12-F7_2016_201602280420_IMG_1678.jpg,0.8765273094177246,614.0399169921875,385.9706726074219,482.4013671875,931.5572509765625,2048,1536,482,931
HFW12-F7,2016,201602280420,DM,0,/Volumes/Seagate Portable Drive/KYLE_AI_DATABASE/A_CAMERA/Focal_species/Gulo gulo/HFW12-F7/DM/2016/B&W/Robust marks/02.28-04.20/IMG_1679.JPG,IMG_1679.JPG,HFW12-F7_2016_201602280420_IMG_1679.jpg,0.8005721569061279,615.7508544921875,75.1124267578125,530.3155517578125,1400.69677734375,2048,1536,530,1400
HFW12-F7,2016,201602280420,DM,0,/Volumes/Seagate Portable Drive/KYLE_AI_DATABASE/A_CAMERA/Focal_species/Gulo gulo/HFW12-F7/DM/2016/B&W/Robust marks/02.28-04.20/IMG_1680.JPG,IMG_1680.JPG,HFW12-F7_2016_201602280420_IMG_1680.jpg,0.8218333721160889,620.6552734375,147.2174835205078,485.7227783203125,1156.0550537109375,2048,1536,485,1156
HFW12-F7,2016,201602280420,DM,0,/Volumes/Seagate Portable Drive/KYLE_AI_DATABASE/A_CAMERA/Focal_species/Gulo gulo/HFW12-F7/DM/2016/B&W/Robust marks/02.28-04.20/IMG_1683.JPG,IMG_1683.JPG,HFW12-F7_2016_201602280420_IMG_1683.jpg,0.8034038543701172,613.1494750976562,271.664306640625,492.00067138671875,1067.54931640625,2048,1536,492,1067
HFW12-F7,2016,201602280420,DM,0,/Volumes/Seagate Portable Drive/KYLE_AI_DATABASE/A_CAMERA/Focal_species/Gulo gulo/HFW12-F7/DM/2016/B&W/Robust marks/02.28-04.20/IMG_1684.JPG,IMG_1684.JPG,HFW12-F7_2016_201602280420_IMG_1684.jpg,0.8536496758460999,610.6103515625,363.68878173828125,490.5426025390625,1137.3515625,2048,1536,490,1137
HFW12-F7,2016,201602280420,DM,0,/Volumes/Seagate Portable Drive/KYLE_AI_DATABASE/A_CAMERA/Focal_species/Gulo gulo/HFW12-F7/DM/2016/B&W/Robust marks/02.28-04.20/IMG_1685.JPG,IMG_1685.JPG,HFW12-F7_2016_201602280420_IMG_1685.jpg,0.803852915763855,614.1124267578125,296.9665832519531,486.560546875,1107.8616943359375,2048,1536,486,1107
HFW12-F7,2016,201602280420,DM,0,/Volumes/Seagate Portable Drive/KYLE_AI_DATABASE/A_CAMERA/Focal_species/Gulo gulo/HFW12-F7/DM/2016/B&W/Robust marks/02.28-04.20/IMG_1686.JPG,IMG_1686.JPG,HFW12-F7_2016_201602280420_IMG_1686.jpg,0.8512040972709656,613.5167236328125,272.45599365234375,491.4500732421875,1089.876708984375,2048,1536,491,1089
HFW12-F7,2016,201602280420,DM,0,/Volumes/Seagate Portable Drive/KYLE_AI_DATABASE/A_CAMERA/Focal_species/Gulo gulo/HFW12-F7/DM/2016/B&W/Robust marks/02.28-04.20/IMG_1688.JPG,IMG_1688.JPG,HFW12-F7_2016_201602280420_IMG_1688.jpg,0.8741982579231262,613.9755859375,385.7756652832031,497.0284423828125,931.4923095703125,2048,1536,497,931
HFW12-F7,2016,201602280420,DM,0,/Volumes/Seagate Portable Drive/KYLE_AI_DATABASE/A_CAMERA/Focal_species/Gulo gulo/HFW12-F7/DM/2016/B&W/Robust marks/02.28-04.20/IMG_1690.JPG,IMG_1690.JPG,HFW12-F7_2016_201602280420_IMG_1690.jpg,0.8718205094337463,613.893310546875,348.4267578125,499.324951171875,982.1650390625,2048,1536,499,982
HFW12-F7,2016,201602280420,DM,0,/Volumes/Seagate Portable Drive/KYLE_AI_DATABASE/A_CAMERA/Focal_species/Gulo gulo/HFW12-F7/DM/2016/B&W/Robust marks/02.28-04.20/IMG_1692.JPG,IMG_1692.JPG,HFW12-F7_2016_201602280420_IMG_1692.jpg,0.865006685256958,615.8397827148438,223.57630920410156,479.32379150390625,1103.956298828125,2048,1536,479,1103
HFW12-F7,2016,201602280420,DM,0,/Volumes/Seagate Portable Drive/KYLE_AI_DATABASE/A_CAMERA/Focal_species/Gulo gulo/HFW12-F7/DM/2016/B&W/Robust marks/02.28-04.20/IMG_1693.JPG,IMG_1693.JPG,HFW12-F7_2016_201602280420_IMG_1693.jpg,0.8236743807792664,615.1324462890625,264.4588623046875,479.148681640625,1077.1259765625,2048,1536,479,1077
HFW12-F7,2016,201602280420,DM,0,/Volumes/Seagate Portable Drive/KYLE_AI_DATABASE/A_CAMERA/Focal_species/Gulo gulo/HFW12-F7/DM/2016/B&W/Robust marks/02.28-04.20/IMG_1694.JPG,IMG_1694.JPG,HFW12-F7_2016_201602280420_IMG_1694.jpg,0.8706544041633606,616.6437377929688,372.49261474609375,475.62115478515625,955.5410766601562,2048,1536,475,955
HFW12-F7,2016,201602280420,DM,0,/Volumes/Seagate Portable Drive/KYLE_AI_DATABASE/A_CAMERA/Focal_species/Gulo gulo/HFW12-F7/DM/2016/B&W/Robust marks/02.28-04.20/IMG_1695.JPG,IMG_1695.JPG,HFW12-F7_2016_201602280420_IMG_1695.jpg,0.9024785161018372,615.6458740234375,376.92816162109375,476.944580078125,948.9570922851562,2048,1536,476,948
HFW12-F7,2016,201602280420,DM,0,/Volumes/Seagate Portable Drive/KYLE_AI_DATABASE/A_CAMERA/Focal_species/Gulo gulo/HFW12-F7/DM/2016/B&W/Robust marks/02.28-04.20/IMG_1696.JPG,IMG_1696.JPG,HFW12-F7_2016_201602280420_IMG_1696.jpg,0.9063904285430908,612.2750854492188,276.414794921875,481.27667236328125,1050.0228271484375,2048,1536,481,1050
HFW12-F7,2016,201602280420,DM,0,/Volumes/Seagate Portable Drive/KYLE_AI_DATABASE/A_CAMERA/Focal_species/Gulo gulo/HFW12-F7/DM/2016/B&W/Robust marks/02.28-04.20/IMG_1697.JPG,IMG_1697.JPG,HFW12-F7_2016_201602280420_IMG_1697.jpg,0.9105066657066345,614.0399169921875,297.4930114746094,477.0347900390625,1024.1090087890625,2048,1536,477,1024
HFW12-F7,2016,201602280420,DM,0,/Volumes/Seagate Portable Drive/KYLE_AI_DATABASE/A_CAMERA/Focal_species/Gulo gulo/HFW12-F7/DM/2016/B&W/Robust marks/02.28-04.20/IMG_1698.JPG,IMG_1698.JPG,HFW12-F7_2016_201602280420_IMG_1698.jpg,0.8902167677879333,611.9276123046875,366.0669250488281,477.609130859375,1128.96533203125,2048,1536,477,1128
HFW12-F7,2016,201602280420,DM,0,/Volumes/Seagate Portable Drive/KYLE_AI_DATABASE/A_CAMERA/Focal_species/Gulo gulo/HFW12-F7/DM/2016/B&W/Robust marks/02.28-04.20/IMG_1699.JPG,IMG_1699.JPG,HFW12-F7_2016_201602280420_IMG_1699.jpg,0.8590365648269653,611.7459106445312,385.98834228515625,476.72149658203125,1068.229736328125,2048,1536,476,1068
HFW12-F7,2016,201602280420,DM,0,/Volumes/Seagate Portable Drive/KYLE_AI_DATABASE/A_CAMERA/Focal_species/Gulo gulo/HFW12-F7/DM/2016/B&W/Robust marks/02.28-04.20/IMG_1700.JPG,IMG_1700.JPG,HFW12-F7_2016_201602280420_IMG_1700.jpg,0.895496666431427,614.7911987304688,401.9117431640625,473.39202880859375,1091.9266357421875,2048,1536,473,1091
HFW12-F7,2016,201602280420,DM,0,/Volumes/Seagate Portable Drive/KYLE_AI_DATABASE/A_CAMERA/Focal_species/Gulo gulo/HFW12-F7/DM/2016/B&W/Robust marks/02.28-04.20/IMG_1701.JPG,IMG_1701.JPG,HFW12-F7_2016_201602280420_IMG_1701.jpg,0.8993796706199646,615.0340576171875,368.7362060546875,474.299560546875,1132.6280517578125,2048,1536,474,1132
HFW12-F7,2016,201602280420,DM,0,/Volumes/Seagate Portable Drive/KYLE_AI_DATABASE/A_CAMERA/Focal_species/Gulo gulo/HFW12-F7/DM/2016/B&W/Robust marks/02.28-04.20/IMG_1702.JPG,IMG_1702.JPG,HFW12-F7_2016_201602280420_IMG_1702.jpg,0.8817654848098755,613.20166015625,365.3505859375,474.4842529296875,965.1153564453125,2048,1536,474,965
HFW12-F7,2016,201602280420,DM,0,/Volumes/Seagate Portable Drive/KYLE_AI_DATABASE/A_CAMERA/Focal_species/Gulo gulo/HFW12-F7/DM/2016/B&W/Robust marks/02.28-04.20/IMG_1703.JPG,IMG_1703.JPG,HFW12-F7_2016_201602280420_IMG_1703.jpg,0.9301720857620239,510.0811462402344,465.190185546875,573.808349609375,1035.574951171875,2048,1536,573,1035
HFW12-F7,2016,201602280420,DM,0,/Volumes/Seagate Portable Drive/KYLE_AI_DATABASE/A_CAMERA/Focal_species/Gulo gulo/HFW12-F7/DM/2016/B&W/Robust marks/02.28-04.20/IMG_1704.JPG,IMG_1704.JPG,HFW12-F7_2016_201602280420_IMG_1704.jpg,0.8120807409286499,308.41107177734375,794.9584350585938,703.8603515625,605.1494750976562,2048,1536,703,605
