id,year,ymdh,station,color,original_path,original_filename,crop_filename,confidence,bbox_x,bbox_y,bbox_width,bbox_height,image_width,image_height,crop_width,crop_height
HFW12-F7,2016,201603101133,DM,1,/Volumes/Seagate Portable Drive/KYLE_AI_DATABASE/A_CAMERA/Focal_species/Gulo gulo/HFW12-F7/DM/2016/COLOR/Robust marks/03.10-11.33/IMG_1761.JPG,IMG_1761.JPG,HFW12-F7_2016_201603101133_IMG_1761.jpg,0.9334248304367065,470.8333435058594,425.4908752441406,394.5786437988281,773.99853515625,2048,1536,394,773
HFW12-F7,2016,201603101133,DM,1,/Volumes/Seagate Portable Drive/KYLE_AI_DATABASE/A_CAMERA/Focal_species/Gulo gulo/HFW12-F7/DM/2016/COLOR/Robust marks/03.10-11.33/IMG_1762.JPG,IMG_1762.JPG,HFW12-F7_2016_201603101133_IMG_1762.jpg,0.9327542781829834,482.6207580566406,348.02142333984375,396.8162536621094,855.2874145507812,2048,1536,396,855
HFW12-F7,2016,201603101133,DM,1,/Volumes/Seagate Portable Drive/KYLE_AI_DATABASE/A_CAMERA/Focal_species/Gulo gulo/HFW12-F7/DM/2016/COLOR/Robust marks/03.10-11.33/IMG_1763.JPG,IMG_1763.JPG,HFW12-F7_2016_201603101133_IMG_1763.jpg,0.9296167492866516,463.1439208984375,438.3562316894531,405.407958984375,759.6170654296875,2048,1536,405,759
HFW12-F7,2016,201603101133,DM,1,/Volumes/Seagate Portable Drive/KYLE_AI_DATABASE/A_CAMERA/Focal_species/Gulo gulo/HFW12-F7/DM/2016/COLOR/Robust marks/03.10-11.33/IMG_1764.JPG,IMG_1764.JPG,HFW12-F7_2016_201603101133_IMG_1764.jpg,0.8968176245689392,498.25262451171875,411.94219970703125,406.79296875,790.8192749023438,2048,1536,406,790
HFW12-F7,2016,201603101133,DM,1,/Volumes/Seagate Portable Drive/KYLE_AI_DATABASE/A_CAMERA/Focal_species/Gulo gulo/HFW12-F7/DM/2016/COLOR/Robust marks/03.10-11.33/IMG_1765.JPG,IMG_1765.JPG,HFW12-F7_2016_201603101133_IMG_1765.jpg,0.9000487327575684,461.3358154296875,168.18663024902344,417.706787109375,1028.6693115234375,2048,1536,417,1028
HFW12-F7,2016,201603101133,DM,1,/Volumes/Seagate Portable Drive/KYLE_AI_DATABASE/A_CAMERA/Focal_species/Gulo gulo/HFW12-F7/DM/2016/COLOR/Robust marks/03.10-11.33/IMG_1766.JPG,IMG_1766.JPG,HFW12-F7_2016_201603101133_IMG_1766.jpg,0.9331639409065247,426.0823669433594,327.16046142578125,388.9719543457031,940.3849487304688,2048,1536,388,940
HFW12-F7,2016,201603101133,DM,1,/Volumes/Seagate Portable Drive/KYLE_AI_DATABASE/A_CAMERA/Focal_species/Gulo gulo/HFW12-F7/DM/2016/COLOR/Robust marks/03.10-11.33/IMG_1767.JPG,IMG_1767.JPG,HFW12-F7_2016_201603101133_IMG_1767.jpg,0.9515509605407715,417.384033203125,351.7380065917969,432.47412109375,910.4139404296875,2048,1536,432,910
HFW12-F7,2016,201603101133,DM,1,/Volumes/Seagate Portable Drive/KYLE_AI_DATABASE/A_CAMERA/Focal_species/Gulo gulo/HFW12-F7/DM/2016/COLOR/Robust marks/03.10-11.33/IMG_1768.JPG,IMG_1768.JPG,HFW12-F7_2016_201603101133_IMG_1768.jpg,0.9488868117332458,418.4324645996094,357.109375,368.2085266113281,916.823974609375,2048,1536,368,916
HFW12-F7,2016,201603101133,DM,1,/Volumes/Seagate Portable Drive/KYLE_AI_DATABASE/A_CAMERA/Focal_species/Gulo gulo/HFW12-F7/DM/2016/COLOR/Robust marks/03.10-11.33/IMG_1769.JPG,IMG_1769.JPG,HFW12-F7_2016_201603101133_IMG_1769.jpg,0.93875652551651,414.0671081542969,355.5046691894531,454.7301330566406,916.1981201171875,2048,1536,454,916
HFW12-F7,2016,201603101133,DM,1,/Volumes/Seagate Portable Drive/KYLE_AI_DATABASE/A_CAMERA/Focal_species/Gulo gulo/HFW12-F7/DM/2016/COLOR/Robust marks/03.10-11.33/IMG_1770.JPG,IMG_1770.JPG,HFW12-F7_2016_201603101133_IMG_1770.jpg,0.9429718852043152,420.9273986816406,352.6161804199219,449.0818786621094,882.8118896484375,2048,1536,449,882
HFW12-F7,2016,201603101133,DM,1,/Volumes/Seagate Portable Drive/KYLE_AI_DATABASE/A_CAMERA/Focal_species/Gulo gulo/HFW12-F7/DM/2016/COLOR/Robust marks/03.10-11.33/IMG_1771.JPG,IMG_1771.JPG,HFW12-F7_2016_201603101133_IMG_1771.jpg,0.9479432106018066,424.10516357421875,364.7084655761719,368.395751953125,895.7322998046875,2048,1536,368,895
HFW12-F7,2016,201603101133,DM,1,/Volumes/Seagate Portable Drive/KYLE_AI_DATABASE/A_CAMERA/Focal_species/Gulo gulo/HFW12-F7/DM/2016/COLOR/Robust marks/03.10-11.33/IMG_1772.JPG,IMG_1772.JPG,HFW12-F7_2016_201603101133_IMG_1772.jpg,0.9105859994888306,439.70281982421875,369.34710693359375,326.3709716796875,924.1483764648438,2048,1536,326,924
HFW12-F7,2016,201603101133,DM,1,/Volumes/Seagate Portable Drive/KYLE_AI_DATABASE/A_CAMERA/Focal_species/Gulo gulo/HFW12-F7/DM/2016/COLOR/Robust marks/03.10-11.33/IMG_1773.JPG,IMG_1773.JPG,HFW12-F7_2016_201603101133_IMG_1773.jpg,0.9435802698135376,440.7027587890625,370.488037109375,369.266357421875,922.4609375,2048,1536,369,922
HFW12-F7,2016,201603101133,DM,1,/Volumes/Seagate Portable Drive/KYLE_AI_DATABASE/A_CAMERA/Focal_species/Gulo gulo/HFW12-F7/DM/2016/COLOR/Robust marks/03.10-11.33/IMG_1774.JPG,IMG_1774.JPG,HFW12-F7_2016_201603101133_IMG_1774.jpg,0.9577021598815918,438.4222412109375,362.60919189453125,377.78662109375,896.6373901367188,2048,1536,377,896
HFW12-F7,2016,201603101133,DM,1,/Volumes/Seagate Portable Drive/KYLE_AI_DATABASE/A_CAMERA/Focal_species/Gulo gulo/HFW12-F7/DM/2016/COLOR/Robust marks/03.10-11.33/IMG_1775.JPG,IMG_1775.JPG,HFW12-F7_2016_201603101133_IMG_1775.jpg,0.9546120166778564,436.25726318359375,371.50048828125,372.4139404296875,878.178466796875,2048,1536,372,878
HFW12-F7,2016,201603101133,DM,1,/Volumes/Seagate Portable Drive/KYLE_AI_DATABASE/A_CAMERA/Focal_species/Gulo gulo/HFW12-F7/DM/2016/COLOR/Robust marks/03.10-11.33/IMG_1776.JPG,IMG_1776.JPG,HFW12-F7_2016_201603101133_IMG_1776.jpg,0.956627607345581,436.91357421875,369.9403381347656,350.27685546875,900.010498046875,2048,1536,350,900
HFW12-F7,2016,201603101133,DM,1,/Volumes/Seagate Portable Drive/KYLE_AI_DATABASE/A_CAMERA/Focal_species/Gulo gulo/HFW12-F7/DM/2016/COLOR/Robust marks/03.10-11.33/IMG_1777.JPG,IMG_1777.JPG,HFW12-F7_2016_201603101133_IMG_1777.jpg,0.9472895264625549,444.84423828125,366.5325622558594,361.422119140625,904.42138671875,2048,1536,361,904
HFW12-F7,2016,201603101133,DM,1,/Volumes/Seagate Portable Drive/KYLE_AI_DATABASE/A_CAMERA/Focal_species/Gulo gulo/HFW12-F7/DM/2016/COLOR/Robust marks/03.10-11.33/IMG_1778.JPG,IMG_1778.JPG,HFW12-F7_2016_201603101133_IMG_1778.jpg,0.9467059373855591,445.94464111328125,367.5079345703125,363.3529052734375,905.1624755859375,2048,1536,363,905
HFW12-F7,2016,201603101133,DM,1,/Volumes/Seagate Portable Drive/KYLE_AI_DATABASE/A_CAMERA/Focal_species/Gulo gulo/HFW12-F7/DM/2016/COLOR/Robust marks/03.10-11.33/IMG_1779.JPG,IMG_1779.JPG,HFW12-F7_2016_201603101133_IMG_1779.jpg,0.9487155079841614,445.91900634765625,370.8028564453125,356.3216552734375,902.5150146484375,2048,1536,356,902
HFW12-F7,2016,201603101133,DM,1,/Volumes/Seagate Portable Drive/KYLE_AI_DATABASE/A_CAMERA/Focal_species/Gulo gulo/HFW12-F7/DM/2016/COLOR/Robust marks/03.10-11.33/IMG_1780.JPG,IMG_1780.JPG,HFW12-F7_2016_201603101133_IMG_1780.jpg,0.928596556186676,441.30767822265625,371.84869384765625,344.865234375,913.0569458007812,2048,1536,344,913
HFW12-F7,2016,201603101133,DM,1,/Volumes/Seagate Portable Drive/KYLE_AI_DATABASE/A_CAMERA/Focal_species/Gulo gulo/HFW12-F7/DM/2016/COLOR/Robust marks/03.10-11.33/IMG_1781.JPG,IMG_1781.JPG,HFW12-F7_2016_201603101133_IMG_1781.jpg,0.9546075463294983,433.23248291015625,362.96343994140625,440.1705322265625,855.0698852539062,2048,1536,440,855
HFW12-F7,2016,201603101133,DM,1,/Volumes/Seagate Portable Drive/KYLE_AI_DATABASE/A_CAMERA/Focal_species/Gulo gulo/HFW12-F7/DM/2016/COLOR/Robust marks/03.10-11.33/IMG_1782.JPG,IMG_1782.JPG,HFW12-F7_2016_201603101133_IMG_1782.jpg,0.9459492564201355,425.748046875,371.3577880859375,366.4991455078125,888.4630126953125,2048,1536,366,888
HFW12-F7,2016,201603101133,DM,1,/Volumes/Seagate Portable Drive/KYLE_AI_DATABASE/A_CAMERA/Focal_species/Gulo gulo/HFW12-F7/DM/2016/COLOR/Robust marks/03.10-11.33/IMG_1783.JPG,IMG_1783.JPG,HFW12-F7_2016_201603101133_IMG_1783.jpg,0.9506359100341797,425.99835205078125,373.8411865234375,402.7825927734375,885.3990478515625,2048,1536,402,885
HFW12-F7,2016,201603101133,DM,1,/Volumes/Seagate Portable Drive/KYLE_AI_DATABASE/A_CAMERA/Focal_species/Gulo gulo/HFW12-F7/DM/2016/COLOR/Robust marks/03.10-11.33/IMG_1784.JPG,IMG_1784.JPG,HFW12-F7_2016_201603101133_IMG_1784.jpg,0.9569944143295288,440.6985778808594,354.258056640625,440.3327941894531,861.73779296875,2048,1536,440,861
HFW12-F7,2016,201603101133,DM,1,/Volumes/Seagate Portable Drive/KYLE_AI_DATABASE/A_CAMERA/Focal_species/Gulo gulo/HFW12-F7/DM/2016/COLOR/Robust marks/03.10-11.33/IMG_1785.JPG,IMG_1785.JPG,HFW12-F7_2016_201603101133_IMG_1785.jpg,0.9619711637496948,457.31414794921875,350.8499755859375,426.025634765625,851.377685546875,2048,1536,426,851
HFW12-F7,2016,201603101133,DM,1,/Volumes/Seagate Portable Drive/KYLE_AI_DATABASE/A_CAMERA/Focal_species/Gulo gulo/HFW12-F7/DM/2016/COLOR/Robust marks/03.10-11.33/IMG_1786.JPG,IMG_1786.JPG,HFW12-F7_2016_201603101133_IMG_1786.jpg,0.9503670930862427,453.7350158691406,373.6544494628906,437.8345642089844,850.4703369140625,2048,1536,437,850
HFW12-F7,2016,201603101133,DM,1,/Volumes/Seagate Portable Drive/KYLE_AI_DATABASE/A_CAMERA/Focal_species/Gulo gulo/HFW12-F7/DM/2016/COLOR/Robust marks/03.10-11.33/IMG_1787.JPG,IMG_1787.JPG,HFW12-F7_2016_201603101133_IMG_1787.jpg,0.9650658369064331,455.73736572265625,376.7817077636719,415.37841796875,852.8624267578125,2048,1536,415,852
HFW12-F7,2016,201603101133,DM,1,/Volumes/Seagate Portable Drive/KYLE_AI_DATABASE/A_CAMERA/Focal_species/Gulo gulo/HFW12-F7/DM/2016/COLOR/Robust marks/03.10-11.33/IMG_1788.JPG,IMG_1788.JPG,HFW12-F7_2016_201603101133_IMG_1788.jpg,0.9564375877380371,453.867431640625,378.63275146484375,407.7081298828125,847.8102416992188,2048,1536,407,847
HFW12-F7,2016,201603101133,DM,1,/Volumes/Seagate Portable Drive/KYLE_AI_DATABASE/A_CAMERA/Focal_species/Gulo gulo/HFW12-F7/DM/2016/COLOR/Robust marks/03.10-11.33/IMG_1789.JPG,IMG_1789.JPG,HFW12-F7_2016_201603101133_IMG_1789.jpg,0.9580079913139343,454.33837890625,367.9020080566406,386.154296875,891.7584228515625,2048,1536,386,891
HFW12-F7,2016,201603101133,DM,1,/Volumes/Seagate Portable Drive/KYLE_AI_DATABASE/A_CAMERA/Focal_species/Gulo gulo/HFW12-F7/DM/2016/COLOR/Robust marks/03.10-11.33/IMG_1790.JPG,IMG_1790.JPG,HFW12-F7_2016_201603101133_IMG_1790.jpg,0.9527154564857483,454.62628173828125,383.40216064453125,367.435546875,882.6773071289062,2048,1536,367,882
HFW12-F7,2016,201603101133,DM,1,/Volumes/Seagate Portable Drive/KYLE_AI_DATABASE/A_CAMERA/Focal_species/Gulo gulo/HFW12-F7/DM/2016/COLOR/Robust marks/03.10-11.33/IMG_1791.JPG,IMG_1791.JPG,HFW12-F7_2016_201603101133_IMG_1791.jpg,0.9568383097648621,463.4140319824219,366.96826171875,387.5075988769531,870.681396484375,2048,1536,387,870
HFW12-F7,2016,201603101133,DM,1,/Volumes/Seagate Portable Drive/KYLE_AI_DATABASE/A_CAMERA/Focal_species/Gulo gulo/HFW12-F7/DM/2016/COLOR/Robust marks/03.10-11.33/IMG_1792.JPG,IMG_1792.JPG,HFW12-F7_2016_201603101133_IMG_1792.jpg,0.9584680199623108,455.0135498046875,388.70001220703125,381.2657470703125,857.9013061523438,2048,1536,381,857
HFW12-F7,2016,201603101133,DM,1,/Volumes/Seagate Portable Drive/KYLE_AI_DATABASE/A_CAMERA/Focal_species/Gulo gulo/HFW12-F7/DM/2016/COLOR/Robust marks/03.10-11.33/IMG_1793.JPG,IMG_1793.JPG,HFW12-F7_2016_201603101133_IMG_1793.jpg,0.9555009007453918,452.14373779296875,389.1103820800781,374.69873046875,856.3414306640625,2048,1536,374,856
HFW12-F7,2016,201603101133,DM,1,/Volumes/Seagate Portable Drive/KYLE_AI_DATABASE/A_CAMERA/Focal_species/Gulo gulo/HFW12-F7/DM/2016/COLOR/Robust marks/03.10-11.33/IMG_1794.JPG,IMG_1794.JPG,HFW12-F7_2016_201603101133_IMG_1794.jpg,0.9060192108154297,475.41131591796875,371.32666015625,313.7874755859375,862.965087890625,2048,1536,313,862
HFW12-F7,2016,201603101133,DM,1,/Volumes/Seagate Portable Drive/KYLE_AI_DATABASE/A_CAMERA/Focal_species/Gulo gulo/HFW12-F7/DM/2016/COLOR/Robust marks/03.10-11.33/IMG_1795.JPG,IMG_1795.JPG,HFW12-F7_2016_201603101133_IMG_1795.jpg,0.9355920553207397,417.918701171875,369.12060546875,346.3056640625,895.491455078125,2048,1536,346,895
HFW12-F7,2016,201603101133,DM,1,/Volumes/Seagate Portable Drive/KYLE_AI_DATABASE/A_CAMERA/Focal_species/Gulo gulo/HFW12-F7/DM/2016/COLOR/Robust marks/03.10-11.33/IMG_1796.JPG,IMG_1796.JPG,HFW12-F7_2016_201603101133_IMG_1796.jpg,0.9611111879348755,430.85076904296875,382.80859375,362.7767333984375,879.072265625,2048,1536,362,879
HFW12-F7,2016,201603101133,DM,1,/Volumes/Seagate Portable Drive/KYLE_AI_DATABASE/A_CAMERA/Focal_species/Gulo gulo/HFW12-F7/DM/2016/COLOR/Robust marks/03.10-11.33/IMG_1797.JPG,IMG_1797.JPG,HFW12-F7_2016_201603101133_IMG_1797.jpg,0.9515025019645691,449.94970703125,384.22528076171875,361.8770751953125,838.0403442382812,2048,1536,361,838
HFW12-F7,2016,201603101133,DM,1,/Volumes/Seagate Portable Drive/KYLE_AI_DATABASE/A_CAMERA/Focal_species/Gulo gulo/HFW12-F7/DM/2016/COLOR/Robust marks/03.10-11.33/IMG_1798.JPG,IMG_1798.JPG,HFW12-F7_2016_201603101133_IMG_1798.jpg,0.9570915699005127,446.526123046875,387.3773193359375,368.757080078125,869.4232177734375,2048,1536,368,869
HFW12-F7,2016,201603101133,DM,1,/Volumes/Seagate Portable Drive/KYLE_AI_DATABASE/A_CAMERA/Focal_species/Gulo gulo/HFW12-F7/DM/2016/COLOR/Robust marks/03.10-11.33/IMG_1799.JPG,IMG_1799.JPG,HFW12-F7_2016_201603101133_IMG_1799.jpg,0.9521331191062927,445.95916748046875,393.98321533203125,359.9013671875,873.9254760742188,2048,1536,359,873
HFW12-F7,2016,201603101133,DM,1,/Volumes/Seagate Portable Drive/KYLE_AI_DATABASE/A_CAMERA/Focal_species/Gulo gulo/HFW12-F7/DM/2016/COLOR/Robust marks/03.10-11.33/IMG_1800.JPG,IMG_1800.JPG,HFW12-F7_2016_201603101133_IMG_1800.jpg,0.9479960203170776,449.07464599609375,390.79998779296875,366.72802734375,874.5488891601562,2048,1536,366,874
HFW12-F7,2016,201603101133,DM,1,/Volumes/Seagate Portable Drive/KYLE_AI_DATABASE/A_CAMERA/Focal_species/Gulo gulo/HFW12-F7/DM/2016/COLOR/Robust marks/03.10-11.33/IMG_1801.JPG,IMG_1801.JPG,HFW12-F7_2016_201603101133_IMG_1801.jpg,0.9583063125610352,448.35223388671875,346.8565979003906,417.4774169921875,878.4300537109375,2048,1536,417,878
HFW12-F7,2016,201603101133,DM,1,/Volumes/Seagate Portable Drive/KYLE_AI_DATABASE/A_CAMERA/Focal_species/Gulo gulo/HFW12-F7/DM/2016/COLOR/Robust marks/03.10-11.33/IMG_1802.JPG,IMG_1802.JPG,HFW12-F7_2016_201603101133_IMG_1802.jpg,0.9572836756706238,448.51397705078125,339.89227294921875,416.2960205078125,885.1011352539062,2048,1536,416,885
HFW12-F7,2016,201603101133,DM,1,/Volumes/Seagate Portable Drive/KYLE_AI_DATABASE/A_CAMERA/Focal_species/Gulo gulo/HFW12-F7/DM/2016/COLOR/Robust marks/03.10-11.33/IMG_1803.JPG,IMG_1803.JPG,HFW12-F7_2016_201603101133_IMG_1803.jpg,0.9062394499778748,451.48052978515625,340.0428466796875,400.938232421875,882.7974853515625,2048,1536,400,882
HFW12-F7,2016,201603101133,DM,1,/Volumes/Seagate Portable Drive/KYLE_AI_DATABASE/A_CAMERA/Focal_species/Gulo gulo/HFW12-F7/DM/2016/COLOR/Robust marks/03.10-11.33/IMG_1804.JPG,IMG_1804.JPG,HFW12-F7_2016_201603101133_IMG_1804.jpg,0.9387339353561401,430.7230529785156,377.2616271972656,390.0668640136719,853.660400390625,2048,1536,390,853
HFW12-F7,2016,201603101133,DM,1,/Volumes/Seagate Portable Drive/KYLE_AI_DATABASE/A_CAMERA/Focal_species/Gulo gulo/HFW12-F7/DM/2016/COLOR/Robust marks/03.10-11.33/IMG_1805.JPG,IMG_1805.JPG,HFW12-F7_2016_201603101133_IMG_1805.jpg,0.9352562427520752,451.41693115234375,288.05853271484375,441.3565673828125,946.0659790039062,2048,1536,441,946
HFW12-F7,2016,201603101133,DM,1,/Volumes/Seagate Portable Drive/KYLE_AI_DATABASE/A_CAMERA/Focal_species/Gulo gulo/HFW12-F7/DM/2016/COLOR/Robust marks/03.10-11.33/IMG_1806.JPG,IMG_1806.JPG,HFW12-F7_2016_201603101133_IMG_1806.jpg,0.9544755816459656,432.12677001953125,276.4072265625,360.5047607421875,951.78466796875,2048,1536,360,951
HFW12-F7,2016,201603101133,DM,1,/Volumes/Seagate Portable Drive/KYLE_AI_DATABASE/A_CAMERA/Focal_species/Gulo gulo/HFW12-F7/DM/2016/COLOR/Robust marks/03.10-11.33/IMG_1807.JPG,IMG_1807.JPG,HFW12-F7_2016_201603101133_IMG_1807.jpg,0.9652450680732727,448.0595703125,289.1829833984375,388.166259765625,943.4927978515625,2048,1536,388,943
HFW12-F7,2016,201603101133,DM,1,/Volumes/Seagate Portable Drive/KYLE_AI_DATABASE/A_CAMERA/Focal_species/Gulo gulo/HFW12-F7/DM/2016/COLOR/Robust marks/03.10-11.33/IMG_1808.JPG,IMG_1808.JPG,HFW12-F7_2016_201603101133_IMG_1808.jpg,0.9529105424880981,463.52935791015625,301.5365295410156,414.794677734375,906.4393310546875,2048,1536,414,906
HFW12-F7,2016,201603101133,DM,1,/Volumes/Seagate Portable Drive/KYLE_AI_DATABASE/A_CAMERA/Focal_species/Gulo gulo/HFW12-F7/DM/2016/COLOR/Robust marks/03.10-11.33/IMG_1809.JPG,IMG_1809.JPG,HFW12-F7_2016_201603101133_IMG_1809.jpg,0.9646390080451965,468.7522888183594,308.66650390625,428.6390686035156,896.819091796875,2048,1536,428,896
HFW12-F7,2016,201603101133,DM,1,/Volumes/Seagate Portable Drive/KYLE_AI_DATABASE/A_CAMERA/Focal_species/Gulo gulo/HFW12-F7/DM/2016/COLOR/Robust marks/03.10-11.33/IMG_1810.JPG,IMG_1810.JPG,HFW12-F7_2016_201603101133_IMG_1810.jpg,0.9598604440689087,469.44744873046875,314.55291748046875,419.9447021484375,916.3453979492188,2048,1536,419,916
HFW12-F7,2016,201603101133,DM,1,/Volumes/Seagate Portable Drive/KYLE_AI_DATABASE/A_CAMERA/Focal_species/Gulo gulo/HFW12-F7/DM/2016/COLOR/Robust marks/03.10-11.33/IMG_1811.JPG,IMG_1811.JPG,HFW12-F7_2016_201603101133_IMG_1811.jpg,0.944831907749176,465.4393310546875,319.1951904296875,373.24951171875,934.37158203125,2048,1536,373,934
HFW12-F7,2016,201603101133,DM,1,/Volumes/Seagate Portable Drive/KYLE_AI_DATABASE/A_CAMERA/Focal_species/Gulo gulo/HFW12-F7/DM/2016/COLOR/Robust marks/03.10-11.33/IMG_1812.JPG,IMG_1812.JPG,HFW12-F7_2016_201603101133_IMG_1812.jpg,0.9514674544334412,478.3416748046875,322.02960205078125,407.707763671875,907.7767944335938,2048,1536,407,907
HFW12-F7,2016,201603101133,DM,1,/Volumes/Seagate Portable Drive/KYLE_AI_DATABASE/A_CAMERA/Focal_species/Gulo gulo/HFW12-F7/DM/2016/COLOR/Robust marks/03.10-11.33/IMG_1813.JPG,IMG_1813.JPG,HFW12-F7_2016_201603101133_IMG_1813.jpg,0.9237127900123596,464.95166015625,317.346435546875,355.619140625,918.277099609375,2048,1536,355,918
HFW12-F7,2016,201603101133,DM,1,/Volumes/Seagate Portable Drive/KYLE_AI_DATABASE/A_CAMERA/Focal_species/Gulo gulo/HFW12-F7/DM/2016/COLOR/Robust marks/03.10-11.33/IMG_1814.JPG,IMG_1814.JPG,HFW12-F7_2016_201603101133_IMG_1814.jpg,0.9676352739334106,462.5572509765625,323.6217956542969,418.03759765625,907.5052490234375,2048,1536,418,907
HFW12-F7,2016,201603101133,DM,1,/Volumes/Seagate Portable Drive/KYLE_AI_DATABASE/A_CAMERA/Focal_species/Gulo gulo/HFW12-F7/DM/2016/COLOR/Robust marks/03.10-11.33/IMG_1815.JPG,IMG_1815.JPG,HFW12-F7_2016_201603101133_IMG_1815.jpg,0.8185299038887024,475.8690185546875,303.4495849609375,312.328369140625,894.7684326171875,2048,1536,312,894
HFW12-F7,2016,201603101133,DM,1,/Volumes/Seagate Portable Drive/KYLE_AI_DATABASE/A_CAMERA/Focal_species/Gulo gulo/HFW12-F7/DM/2016/COLOR/Robust marks/03.10-11.33/IMG_1816.JPG,IMG_1816.JPG,HFW12-F7_2016_201603101133_IMG_1816.jpg,0.9670407176017761,402.9516906738281,333.608642578125,438.4196472167969,910.7003173828125,2048,1536,438,910
HFW12-F7,2016,201603101133,DM,1,/Volumes/Seagate Portable Drive/KYLE_AI_DATABASE/A_CAMERA/Focal_species/Gulo gulo/HFW12-F7/DM/2016/COLOR/Robust marks/03.10-11.33/IMG_1817.JPG,IMG_1817.JPG,HFW12-F7_2016_201603101133_IMG_1817.jpg,0.9624450206756592,414.3086242675781,324.0870361328125,437.2593688964844,900.9075927734375,2048,1536,437,900
HFW12-F7,2016,201603101133,DM,1,/Volumes/Seagate Portable Drive/KYLE_AI_DATABASE/A_CAMERA/Focal_species/Gulo gulo/HFW12-F7/DM/2016/COLOR/Robust marks/03.10-11.33/IMG_1818.JPG,IMG_1818.JPG,HFW12-F7_2016_201603101133_IMG_1818.jpg,0.9560505151748657,429.2275390625,320.2804870605469,388.8714599609375,927.116943359375,2048,1536,388,927
HFW12-F7,2016,201603101133,DM,1,/Volumes/Seagate Portable Drive/KYLE_AI_DATABASE/A_CAMERA/Focal_species/Gulo gulo/HFW12-F7/DM/2016/COLOR/Robust marks/03.10-11.33/IMG_1819.JPG,IMG_1819.JPG,HFW12-F7_2016_201603101133_IMG_1819.jpg,0.9538419842720032,428.15496826171875,326.4073486328125,393.5531005859375,917.44384765625,2048,1536,393,917
HFW12-F7,2016,201603101133,DM,1,/Volumes/Seagate Portable Drive/KYLE_AI_DATABASE/A_CAMERA/Focal_species/Gulo gulo/HFW12-F7/DM/2016/COLOR/Robust marks/03.10-11.33/IMG_1820.JPG,IMG_1820.JPG,HFW12-F7_2016_201603101133_IMG_1820.jpg,0.9563668966293335,430.9542541503906,327.4267578125,390.5131530761719,905.5552978515625,2048,1536,390,905
HFW12-F7,2016,201603101133,DM,1,/Volumes/Seagate Portable Drive/KYLE_AI_DATABASE/A_CAMERA/Focal_species/Gulo gulo/HFW12-F7/DM/2016/COLOR/Robust marks/03.10-11.33/IMG_1821.JPG,IMG_1821.JPG,HFW12-F7_2016_201603101133_IMG_1821.jpg,0.9615688920021057,431.76873779296875,334.31707763671875,419.7152099609375,919.2407836914062,2048,1536,419,919
HFW12-F7,2016,201603101133,DM,1,/Volumes/Seagate Portable Drive/KYLE_AI_DATABASE/A_CAMERA/Focal_species/Gulo gulo/HFW12-F7/DM/2016/COLOR/Robust marks/03.10-11.33/IMG_1822.JPG,IMG_1822.JPG,HFW12-F7_2016_201603101133_IMG_1822.jpg,0.9647550582885742,424.7423095703125,329.98455810546875,439.6810302734375,913.7295532226562,2048,1536,439,913
HFW12-F7,2016,201603101133,DM,1,/Volumes/Seagate Portable Drive/KYLE_AI_DATABASE/A_CAMERA/Focal_species/Gulo gulo/HFW12-F7/DM/2016/COLOR/Robust marks/03.10-11.33/IMG_1823.JPG,IMG_1823.JPG,HFW12-F7_2016_201603101133_IMG_1823.jpg,0.9563006162643433,438.8923645019531,344.28546142578125,451.0719909667969,900.5685424804688,2048,1536,451,900
HFW12-F7,2016,201603101133,DM,1,/Volumes/Seagate Portable Drive/KYLE_AI_DATABASE/A_CAMERA/Focal_species/Gulo gulo/HFW12-F7/DM/2016/COLOR/Robust marks/03.10-11.33/IMG_1824.JPG,IMG_1824.JPG,HFW12-F7_2016_201603101133_IMG_1824.jpg,0.9626049995422363,458.25152587890625,333.30242919921875,424.630859375,896.0806274414062,2048,1536,424,896
HFW12-F7,2016,201603101133,DM,1,/Volumes/Seagate Portable Drive/KYLE_AI_DATABASE/A_CAMERA/Focal_species/Gulo gulo/HFW12-F7/DM/2016/COLOR/Robust marks/03.10-11.33/IMG_1825.JPG,IMG_1825.JPG,HFW12-F7_2016_201603101133_IMG_1825.jpg,0.951549768447876,471.0598449707031,346.9256286621094,401.7528991699219,837.45947265625,2048,1536,401,837
HFW12-F7,2016,201603101133,DM,1,/Volumes/Seagate Portable Drive/KYLE_AI_DATABASE/A_CAMERA/Focal_species/Gulo gulo/HFW12-F7/DM/2016/COLOR/Robust marks/03.10-11.33/IMG_1826.JPG,IMG_1826.JPG,HFW12-F7_2016_201603101133_IMG_1826.jpg,0.9450505375862122,476.8562316894531,351.78985595703125,408.0794372558594,837.7584838867188,2048,1536,408,837
HFW12-F7,2016,201603101133,DM,1,/Volumes/Seagate Portable Drive/KYLE_AI_DATABASE/A_CAMERA/Focal_species/Gulo gulo/HFW12-F7/DM/2016/COLOR/Robust marks/03.10-11.33/IMG_1827.JPG,IMG_1827.JPG,HFW12-F7_2016_201603101133_IMG_1827.jpg,0.9403650164604187,462.3965148925781,353.55572509765625,355.7823181152344,884.7118530273438,2048,1536,355,884
HFW12-F7,2016,201603101133,DM,1,/Volumes/Seagate Portable Drive/KYLE_AI_DATABASE/A_CAMERA/Focal_species/Gulo gulo/HFW12-F7/DM/2016/COLOR/Robust marks/03.10-11.33/IMG_1828.JPG,IMG_1828.JPG,HFW12-F7_2016_201603101133_IMG_1828.jpg,0.9397917985916138,434.7445068359375,347.2027587890625,376.4857177734375,886.1282958984375,2048,1536,376,886
HFW12-F7,2016,201603101133,DM,1,/Volumes/Seagate Portable Drive/KYLE_AI_DATABASE/A_CAMERA/Focal_species/Gulo gulo/HFW12-F7/DM/2016/COLOR/Robust marks/03.10-11.33/IMG_1829.JPG,IMG_1829.JPG,HFW12-F7_2016_201603101133_IMG_1829.jpg,0.9444589614868164,440.6910095214844,355.46026611328125,369.6550598144531,878.5748901367188,2048,1536,369,878
HFW12-F7,2016,201603101133,DM,1,/Volumes/Seagate Portable Drive/KYLE_AI_DATABASE/A_CAMERA/Focal_species/Gulo gulo/HFW12-F7/DM/2016/COLOR/Robust marks/03.10-11.33/IMG_1830.JPG,IMG_1830.JPG,HFW12-F7_2016_201603101133_IMG_1830.jpg,0.9549731016159058,442.17669677734375,355.3169860839844,388.4410400390625,879.0521240234375,2048,1536,388,879
HFW12-F7,2016,201603101133,DM,1,/Volumes/Seagate Portable Drive/KYLE_AI_DATABASE/A_CAMERA/Focal_species/Gulo gulo/HFW12-F7/DM/2016/COLOR/Robust marks/03.10-11.33/IMG_1831.JPG,IMG_1831.JPG,HFW12-F7_2016_201603101133_IMG_1831.jpg,0.9652656316757202,423.4881896972656,299.567138671875,473.5273132324219,893.99560546875,2048,1536,473,893
HFW12-F7,2016,201603101133,DM,1,/Volumes/Seagate Portable Drive/KYLE_AI_DATABASE/A_CAMERA/Focal_species/Gulo gulo/HFW12-F7/DM/2016/COLOR/Robust marks/03.10-11.33/IMG_1832.JPG,IMG_1832.JPG,HFW12-F7_2016_201603101133_IMG_1832.jpg,0.9407624006271362,446.7367858886719,353.4806213378906,380.9609680175781,863.8270263671875,2048,1536,380,863
HFW12-F7,2016,201603101133,DM,1,/Volumes/Seagate Portable Drive/KYLE_AI_DATABASE/A_CAMERA/Focal_species/Gulo gulo/HFW12-F7/DM/2016/COLOR/Robust marks/03.10-11.33/IMG_1833.JPG,IMG_1833.JPG,HFW12-F7_2016_201603101133_IMG_1833.jpg,0.9572672843933105,451.56640625,345.66168212890625,368.1868896484375,858.7941284179688,2048,1536,368,858
HFW12-F7,2016,201603101133,DM,1,/Volumes/Seagate Portable Drive/KYLE_AI_DATABASE/A_CAMERA/Focal_species/Gulo gulo/HFW12-F7/DM/2016/COLOR/Robust marks/03.10-11.33/IMG_1834.JPG,IMG_1834.JPG,HFW12-F7_2016_201603101133_IMG_1834.jpg,0.9420545697212219,467.2044677734375,337.03680419921875,439.5198974609375,851.9089965820312,2048,1536,439,851
HFW12-F7,2016,201603101133,DM,1,/Volumes/Seagate Portable Drive/KYLE_AI_DATABASE/A_CAMERA/Focal_species/Gulo gulo/HFW12-F7/DM/2016/COLOR/Robust marks/03.10-11.33/IMG_1835.JPG,IMG_1835.JPG,HFW12-F7_2016_201603101133_IMG_1835.jpg,0.9470565319061279,472.4052734375,347.89239501953125,434.9395751953125,828.9762573242188,2048,1536,434,828
HFW12-F7,2016,201603101133,DM,1,/Volumes/Seagate Portable Drive/KYLE_AI_DATABASE/A_CAMERA/Focal_species/Gulo gulo/HFW12-F7/DM/2016/COLOR/Robust marks/03.10-11.33/IMG_1836.JPG,IMG_1836.JPG,HFW12-F7_2016_201603101133_IMG_1836.jpg,0.9356914758682251,468.27044677734375,363.66162109375,405.0875244140625,813.7607421875,2048,1536,405,813
HFW12-F7,2016,201603101133,DM,1,/Volumes/Seagate Portable Drive/KYLE_AI_DATABASE/A_CAMERA/Focal_species/Gulo gulo/HFW12-F7/DM/2016/COLOR/Robust marks/03.10-11.33/IMG_1837.JPG,IMG_1837.JPG,HFW12-F7_2016_201603101133_IMG_1837.jpg,0.9351149797439575,459.1551818847656,369.15313720703125,405.5070495605469,802.8511352539062,2048,1536,405,802
HFW12-F7,2016,201603101133,DM,1,/Volumes/Seagate Portable Drive/KYLE_AI_DATABASE/A_CAMERA/Focal_species/Gulo gulo/HFW12-F7/DM/2016/COLOR/Robust marks/03.10-11.33/IMG_1838.JPG,IMG_1838.JPG,HFW12-F7_2016_201603101133_IMG_1838.jpg,0.9451693892478943,453.1883544921875,379.087646484375,398.792724609375,801.9459228515625,2048,1536,398,801
HFW12-F7,2016,201603101133,DM,1,/Volumes/Seagate Portable Drive/KYLE_AI_DATABASE/A_CAMERA/Focal_species/Gulo gulo/HFW12-F7/DM/2016/COLOR/Robust marks/03.10-11.33/IMG_1839.JPG,IMG_1839.JPG,HFW12-F7_2016_201603101133_IMG_1839.jpg,0.9441877007484436,477.14154052734375,385.94757080078125,387.0335693359375,797.0939331054688,2048,1536,387,797
HFW12-F7,2016,201603101133,DM,1,/Volumes/Seagate Portable Drive/KYLE_AI_DATABASE/A_CAMERA/Focal_species/Gulo gulo/HFW12-F7/DM/2016/COLOR/Robust marks/03.10-11.33/IMG_1840.JPG,IMG_1840.JPG,HFW12-F7_2016_201603101133_IMG_1840.jpg,0.9438481330871582,454.69696044921875,382.4497375488281,366.3740234375,799.821044921875,2048,1536,366,799
HFW12-F7,2016,201603101133,DM,1,/Volumes/Seagate Portable Drive/KYLE_AI_DATABASE/A_CAMERA/Focal_species/Gulo gulo/HFW12-F7/DM/2016/COLOR/Robust marks/03.10-11.33/IMG_1841.JPG,IMG_1841.JPG,HFW12-F7_2016_201603101133_IMG_1841.jpg,0.9464013576507568,464.8912353515625,387.0074157714844,374.277587890625,795.585693359375,2048,1536,374,795
HFW12-F7,2016,201603101133,DM,1,/Volumes/Seagate Portable Drive/KYLE_AI_DATABASE/A_CAMERA/Focal_species/Gulo gulo/HFW12-F7/DM/2016/COLOR/Robust marks/03.10-11.33/IMG_1842.JPG,IMG_1842.JPG,HFW12-F7_2016_201603101133_IMG_1842.jpg,0.9365376234054565,467.45391845703125,390.0325927734375,372.6851806640625,792.3699951171875,2048,1536,372,792
HFW12-F7,2016,201603101133,DM,1,/Volumes/Seagate Portable Drive/KYLE_AI_DATABASE/A_CAMERA/Focal_species/Gulo gulo/HFW12-F7/DM/2016/COLOR/Robust marks/03.10-11.33/IMG_1843.JPG,IMG_1843.JPG,HFW12-F7_2016_201603101133_IMG_1843.jpg,0.8482356071472168,465.068115234375,284.98724365234375,341.490966796875,901.6629028320312,2048,1536,341,901
HFW12-F7,2016,201603101133,DM,1,/Volumes/Seagate Portable Drive/KYLE_AI_DATABASE/A_CAMERA/Focal_species/Gulo gulo/HFW12-F7/DM/2016/COLOR/Robust marks/03.10-11.33/IMG_1844.JPG,IMG_1844.JPG,HFW12-F7_2016_201603101133_IMG_1844.jpg,0.8949489593505859,472.044677734375,380.88671875,377.780029296875,810.1861572265625,2048,1536,377,810
HFW12-F7,2016,201603101133,DM,1,/Volumes/Seagate Portable Drive/KYLE_AI_DATABASE/A_CAMERA/Focal_species/Gulo gulo/HFW12-F7/DM/2016/COLOR/Robust marks/03.10-11.33/IMG_1845.JPG,IMG_1845.JPG,HFW12-F7_2016_201603101133_IMG_1845.jpg,0.9244929552078247,435.7602844238281,365.9483642578125,422.2480163574219,878.55615234375,2048,1536,422,878
HFW12-F7,2016,201603101133,DM,1,/Volumes/Seagate Portable Drive/KYLE_AI_DATABASE/A_CAMERA/Focal_species/Gulo gulo/HFW12-F7/DM/2016/COLOR/Robust marks/03.10-11.33/IMG_1846.JPG,IMG_1846.JPG,HFW12-F7_2016_201603101133_IMG_1846.jpg,0.8969237804412842,451.2165222167969,339.7349853515625,451.5263977050781,870.2474365234375,2048,1536,451,870
HFW12-F7,2016,201603101133,DM,1,/Volumes/Seagate Portable Drive/KYLE_AI_DATABASE/A_CAMERA/Focal_species/Gulo gulo/HFW12-F7/DM/2016/COLOR/Robust marks/03.10-11.33/IMG_1847.JPG,IMG_1847.JPG,HFW12-F7_2016_201603101133_IMG_1847.jpg,0.894588828086853,425.9367980957031,193.3784637451172,414.2172546386719,1036.4688720703125,2048,1536,414,1036
HFW12-F7,2016,201603101133,DM,1,/Volumes/Seagate Portable Drive/KYLE_AI_DATABASE/A_CAMERA/Focal_species/Gulo gulo/HFW12-F7/DM/2016/COLOR/Robust marks/03.10-11.33/IMG_1848.JPG,IMG_1848.JPG,HFW12-F7_2016_201603101133_IMG_1848.jpg,0.9296751618385315,425.50970458984375,221.71197509765625,354.829833984375,995.7946166992188,2048,1536,354,995
HFW12-F7,2016,201603101133,DM,1,/Volumes/Seagate Portable Drive/KYLE_AI_DATABASE/A_CAMERA/Focal_species/Gulo gulo/HFW12-F7/DM/2016/COLOR/Robust marks/03.10-11.33/IMG_1849.JPG,IMG_1849.JPG,HFW12-F7_2016_201603101133_IMG_1849.jpg,0.8877962827682495,452.0361328125,342.9569091796875,433.41943359375,840.7720947265625,2048,1536,433,840
HFW12-F7,2016,201603101133,DM,1,/Volumes/Seagate Portable Drive/KYLE_AI_DATABASE/A_CAMERA/Focal_species/Gulo gulo/HFW12-F7/DM/2016/COLOR/Robust marks/03.10-11.33/IMG_1850.JPG,IMG_1850.JPG,HFW12-F7_2016_201603101133_IMG_1850.jpg,0.9321074485778809,448.0252685546875,363.0021057128906,434.105712890625,823.3626708984375,2048,1536,434,823
HFW12-F7,2016,201603101133,DM,1,/Volumes/Seagate Portable Drive/KYLE_AI_DATABASE/A_CAMERA/Focal_species/Gulo gulo/HFW12-F7/DM/2016/COLOR/Robust marks/03.10-11.33/IMG_1851.JPG,IMG_1851.JPG,HFW12-F7_2016_201603101133_IMG_1851.jpg,0.891957700252533,427.3189392089844,351.3634033203125,426.8675842285156,874.5738525390625,2048,1536,426,874
HFW12-F7,2016,201603101133,DM,1,/Volumes/Seagate Portable Drive/KYLE_AI_DATABASE/A_CAMERA/Focal_species/Gulo gulo/HFW12-F7/DM/2016/COLOR/Robust marks/03.10-11.33/IMG_1852.JPG,IMG_1852.JPG,HFW12-F7_2016_201603101133_IMG_1852.jpg,0.9349229335784912,437.087646484375,364.8622741699219,427.4564208984375,850.208251953125,2048,1536,427,850
HFW12-F7,2016,201603101133,DM,1,/Volumes/Seagate Portable Drive/KYLE_AI_DATABASE/A_CAMERA/Focal_species/Gulo gulo/HFW12-F7/DM/2016/COLOR/Robust marks/03.10-11.33/IMG_1853.JPG,IMG_1853.JPG,HFW12-F7_2016_201603101133_IMG_1853.jpg,0.9556271433830261,446.189697265625,366.71246337890625,432.080078125,854.7382202148438,2048,1536,432,854
HFW12-F7,2016,201603101133,DM,1,/Volumes/Seagate Portable Drive/KYLE_AI_DATABASE/A_CAMERA/Focal_species/Gulo gulo/HFW12-F7/DM/2016/COLOR/Robust marks/03.10-11.33/IMG_1854.JPG,IMG_1854.JPG,HFW12-F7_2016_201603101133_IMG_1854.jpg,0.9548404812812805,441.8855285644531,359.9263000488281,449.4838562011719,860.154296875,2048,1536,449,860
HFW12-F7,2016,201603101133,DM,1,/Volumes/Seagate Portable Drive/KYLE_AI_DATABASE/A_CAMERA/Focal_species/Gulo gulo/HFW12-F7/DM/2016/COLOR/Robust marks/03.10-11.33/IMG_1855.JPG,IMG_1855.JPG,HFW12-F7_2016_201603101133_IMG_1855.jpg,0.9585139155387878,443.6790771484375,371.2865295410156,460.1328125,859.5146484375,2048,1536,460,859
HFW12-F7,2016,201603101133,DM,1,/Volumes/Seagate Portable Drive/KYLE_AI_DATABASE/A_CAMERA/Focal_species/Gulo gulo/HFW12-F7/DM/2016/COLOR/Robust marks/03.10-11.33/IMG_1856.JPG,IMG_1856.JPG,HFW12-F7_2016_201603101133_IMG_1856.jpg,0.9508872032165527,441.5786437988281,380.8468017578125,454.9591979980469,854.8846435546875,2048,1536,454,854
HFW12-F7,2016,201603101133,DM,1,/Volumes/Seagate Portable Drive/KYLE_AI_DATABASE/A_CAMERA/Focal_species/Gulo gulo/HFW12-F7/DM/2016/COLOR/Robust marks/03.10-11.33/IMG_1857.JPG,IMG_1857.JPG,HFW12-F7_2016_201603101133_IMG_1857.jpg,0.8002912402153015,439.23565673828125,228.2977294921875,385.5087890625,1040.5076904296875,2048,1536,385,1040
HFW12-F7,2016,201603101133,DM,1,/Volumes/Seagate Portable Drive/KYLE_AI_DATABASE/A_CAMERA/Focal_species/Gulo gulo/HFW12-F7/DM/2016/COLOR/Robust marks/03.10-11.33/IMG_1858.JPG,IMG_1858.JPG,HFW12-F7_2016_201603101133_IMG_1858.jpg,0.9165893197059631,453.9260559082031,370.75506591796875,412.8915710449219,860.7197875976562,2048,1536,412,860
HFW12-F7,2016,201603101133,DM,1,/Volumes/Seagate Portable Drive/KYLE_AI_DATABASE/A_CAMERA/Focal_species/Gulo gulo/HFW12-F7/DM/2016/COLOR/Robust marks/03.10-11.33/IMG_1859.JPG,IMG_1859.JPG,HFW12-F7_2016_201603101133_IMG_1859.jpg,0.9309844970703125,440.6919250488281,372.56964111328125,423.9247741699219,865.0307006835938,2048,1536,423,865
HFW12-F7,2016,201603101133,DM,1,/Volumes/Seagate Portable Drive/KYLE_AI_DATABASE/A_CAMERA/Focal_species/Gulo gulo/HFW12-F7/DM/2016/COLOR/Robust marks/03.10-11.33/IMG_1860.JPG,IMG_1860.JPG,HFW12-F7_2016_201603101133_IMG_1860.jpg,0.9254493713378906,426.509521484375,375.4764404296875,367.2637939453125,885.0565185546875,2048,1536,367,885
HFW12-F7,2016,201603101133,DM,1,/Volumes/Seagate Portable Drive/KYLE_AI_DATABASE/A_CAMERA/Focal_species/Gulo gulo/HFW12-F7/DM/2016/COLOR/Robust marks/03.10-11.33/IMG_1861.JPG,IMG_1861.JPG,HFW12-F7_2016_201603101133_IMG_1861.jpg,0.9161646962165833,470.639404296875,383.71783447265625,426.0732421875,811.6820678710938,2048,1536,426,811
HFW12-F7,2016,201603101133,DM,1,/Volumes/Seagate Portable Drive/KYLE_AI_DATABASE/A_CAMERA/Focal_species/Gulo gulo/HFW12-F7/DM/2016/COLOR/Robust marks/03.10-11.33/IMG_1862.JPG,IMG_1862.JPG,HFW12-F7_2016_201603101133_IMG_1862.jpg,0.9508075714111328,434.3793029785156,328.352783203125,444.8899841308594,903.688720703125,2048,1536,444,903
HFW12-F7,2016,201603101133,DM,1,/Volumes/Seagate Portable Drive/KYLE_AI_DATABASE/A_CAMERA/Focal_species/Gulo gulo/HFW12-F7/DM/2016/COLOR/Robust marks/03.10-11.33/IMG_1863.JPG,IMG_1863.JPG,HFW12-F7_2016_201603101133_IMG_1863.jpg,0.9618602991104126,430.3872985839844,328.58673095703125,442.8485412597656,942.1828002929688,2048,1536,442,942
HFW12-F7,2016,201603101133,DM,1,/Volumes/Seagate Portable Drive/KYLE_AI_DATABASE/A_CAMERA/Focal_species/Gulo gulo/HFW12-F7/DM/2016/COLOR/Robust marks/03.10-11.33/IMG_1864.JPG,IMG_1864.JPG,HFW12-F7_2016_201603101133_IMG_1864.jpg,0.9457511901855469,439.977783203125,328.5097961425781,434.7916259765625,901.6851806640625,2048,1536,434,901
HFW12-F7,2016,201603101133,DM,1,/Volumes/Seagate Portable Drive/KYLE_AI_DATABASE/A_CAMERA/Focal_species/Gulo gulo/HFW12-F7/DM/2016/COLOR/Robust marks/03.10-11.33/IMG_1865.JPG,IMG_1865.JPG,HFW12-F7_2016_201603101133_IMG_1865.jpg,0.9560360312461853,416.77618408203125,344.82763671875,402.006103515625,910.95068359375,2048,1536,402,910
HFW12-F7,2016,201603101133,DM,1,/Volumes/Seagate Portable Drive/KYLE_AI_DATABASE/A_CAMERA/Focal_species/Gulo gulo/HFW12-F7/DM/2016/COLOR/Robust marks/03.10-11.33/IMG_1866.JPG,IMG_1866.JPG,HFW12-F7_2016_201603101133_IMG_1866.jpg,0.9479345083236694,425.2542419433594,327.5394287109375,396.7131652832031,901.7109375,2048,1536,396,901
HFW12-F7,2016,201603101133,DM,1,/Volumes/Seagate Portable Drive/KYLE_AI_DATABASE/A_CAMERA/Focal_species/Gulo gulo/HFW12-F7/DM/2016/COLOR/Robust marks/03.10-11.33/IMG_1867.JPG,IMG_1867.JPG,HFW12-F7_2016_201603101133_IMG_1867.jpg,0.9443324208259583,428.5245361328125,355.87603759765625,385.7371826171875,861.1649780273438,2048,1536,385,861
HFW12-F7,2016,201603101133,DM,1,/Volumes/Seagate Portable Drive/KYLE_AI_DATABASE/A_CAMERA/Focal_species/Gulo gulo/HFW12-F7/DM/2016/COLOR/Robust marks/03.10-11.33/IMG_1868.JPG,IMG_1868.JPG,HFW12-F7_2016_201603101133_IMG_1868.jpg,0.9521671533584595,428.4029541015625,345.1645202636719,396.3203125,887.914794921875,2048,1536,396,887
HFW12-F7,2016,201603101133,DM,1,/Volumes/Seagate Portable Drive/KYLE_AI_DATABASE/A_CAMERA/Focal_species/Gulo gulo/HFW12-F7/DM/2016/COLOR/Robust marks/03.10-11.33/IMG_1869.JPG,IMG_1869.JPG,HFW12-F7_2016_201603101133_IMG_1869.jpg,0.94223552942276,428.4269104003906,342.4318542480469,410.6744079589844,886.7747802734375,2048,1536,410,886
HFW12-F7,2016,201603101133,DM,1,/Volumes/Seagate Portable Drive/KYLE_AI_DATABASE/A_CAMERA/Focal_species/Gulo gulo/HFW12-F7/DM/2016/COLOR/Robust marks/03.10-11.33/IMG_1870.JPG,IMG_1870.JPG,HFW12-F7_2016_201603101133_IMG_1870.jpg,0.9483383297920227,427.53594970703125,343.41912841796875,395.18115234375,885.7598266601562,2048,1536,395,885
HFW12-F7,2016,201603101133,DM,1,/Volumes/Seagate Portable Drive/KYLE_AI_DATABASE/A_CAMERA/Focal_species/Gulo gulo/HFW12-F7/DM/2016/COLOR/Robust marks/03.10-11.33/IMG_1871.JPG,IMG_1871.JPG,HFW12-F7_2016_201603101133_IMG_1871.jpg,0.957366943359375,424.9720458984375,354.4385986328125,425.5662841796875,883.8323974609375,2048,1536,425,883
HFW12-F7,2016,201603101133,DM,1,/Volumes/Seagate Portable Drive/KYLE_AI_DATABASE/A_CAMERA/Focal_species/Gulo gulo/HFW12-F7/DM/2016/COLOR/Robust marks/03.10-11.33/IMG_1872.JPG,IMG_1872.JPG,HFW12-F7_2016_201603101133_IMG_1872.jpg,0.9608304500579834,413.7691345214844,348.88946533203125,434.1946105957031,901.2863159179688,2048,1536,434,901
HFW12-F7,2016,201603101133,DM,1,/Volumes/Seagate Portable Drive/KYLE_AI_DATABASE/A_CAMERA/Focal_species/Gulo gulo/HFW12-F7/DM/2016/COLOR/Robust marks/03.10-11.33/IMG_1873.JPG,IMG_1873.JPG,HFW12-F7_2016_201603101133_IMG_1873.jpg,0.9346911311149597,430.2137451171875,305.6278076171875,399.4573974609375,890.4295654296875,2048,1536,399,890
HFW12-F7,2016,201603101133,DM,1,/Volumes/Seagate Portable Drive/KYLE_AI_DATABASE/A_CAMERA/Focal_species/Gulo gulo/HFW12-F7/DM/2016/COLOR/Robust marks/03.10-11.33/IMG_1874.JPG,IMG_1874.JPG,HFW12-F7_2016_201603101133_IMG_1874.jpg,0.944883406162262,437.3280029296875,358.9322509765625,402.4957275390625,846.1964111328125,2048,1536,402,846
HFW12-F7,2016,201603101133,DM,1,/Volumes/Seagate Portable Drive/KYLE_AI_DATABASE/A_CAMERA/Focal_species/Gulo gulo/HFW12-F7/DM/2016/COLOR/Robust marks/03.10-11.33/IMG_1875.JPG,IMG_1875.JPG,HFW12-F7_2016_201603101133_IMG_1875.jpg,0.9407781362533569,432.9078369140625,272.54412841796875,361.0753173828125,911.6099243164062,2048,1536,361,911
HFW12-F7,2016,201603101133,DM,1,/Volumes/Seagate Portable Drive/KYLE_AI_DATABASE/A_CAMERA/Focal_species/Gulo gulo/HFW12-F7/DM/2016/COLOR/Robust marks/03.10-11.33/IMG_1876.JPG,IMG_1876.JPG,HFW12-F7_2016_201603101133_IMG_1876.jpg,0.9057579040527344,406.12799072265625,318.64923095703125,412.7777099609375,883.3068237304688,2048,1536,412,883
HFW12-F7,2016,201603101133,DM,1,/Volumes/Seagate Portable Drive/KYLE_AI_DATABASE/A_CAMERA/Focal_species/Gulo gulo/HFW12-F7/DM/2016/COLOR/Robust marks/03.10-11.33/IMG_1877.JPG,IMG_1877.JPG,HFW12-F7_2016_201603101133_IMG_1877.jpg,0.9257915019989014,422.7556457519531,371.7679138183594,446.1983337402344,809.4024658203125,2048,1536,446,809
HFW12-F7,2016,201603101133,DM,1,/Volumes/Seagate Portable Drive/KYLE_AI_DATABASE/A_CAMERA/Focal_species/Gulo gulo/HFW12-F7/DM/2016/COLOR/Robust marks/03.10-11.33/IMG_1878.JPG,IMG_1878.JPG,HFW12-F7_2016_201603101133_IMG_1878.jpg,0.8921047449111938,422.15704345703125,329.1767578125,468.039794921875,851.341796875,2048,1536,468,851
HFW12-F7,2016,201603101133,DM,1,/Volumes/Seagate Portable Drive/KYLE_AI_DATABASE/A_CAMERA/Focal_species/Gulo gulo/HFW12-F7/DM/2016/COLOR/Robust marks/03.10-11.33/IMG_1879.JPG,IMG_1879.JPG,HFW12-F7_2016_201603101133_IMG_1879.jpg,0.901645839214325,417.80133056640625,331.5542907714844,463.2894287109375,849.4771728515625,2048,1536,463,849
HFW12-F7,2016,201603101133,DM,1,/Volumes/Seagate Portable Drive/KYLE_AI_DATABASE/A_CAMERA/Focal_species/Gulo gulo/HFW12-F7/DM/2016/COLOR/Robust marks/03.10-11.33/IMG_1880.JPG,IMG_1880.JPG,HFW12-F7_2016_201603101133_IMG_1880.jpg,0.9483817219734192,430.56085205078125,380.05914306640625,431.13427734375,803.5847778320312,2048,1536,431,803
HFW12-F7,2016,201603101133,DM,1,/Volumes/Seagate Portable Drive/KYLE_AI_DATABASE/A_CAMERA/Focal_species/Gulo gulo/HFW12-F7/DM/2016/COLOR/Robust marks/03.10-11.33/IMG_1881.JPG,IMG_1881.JPG,HFW12-F7_2016_201603101133_IMG_1881.jpg,0.9021990299224854,425.65179443359375,377.83001708984375,453.18017578125,800.1897583007812,2048,1536,453,800
HFW12-F7,2016,201603101133,DM,1,/Volumes/Seagate Portable Drive/KYLE_AI_DATABASE/A_CAMERA/Focal_species/Gulo gulo/HFW12-F7/DM/2016/COLOR/Robust marks/03.10-11.33/IMG_1882.JPG,IMG_1882.JPG,HFW12-F7_2016_201603101133_IMG_1882.jpg,0.9068589806556702,426.1957092285156,369.06060791015625,453.8747253417969,813.2340698242188,2048,1536,453,813
HFW12-F7,2016,201603101133,DM,1,/Volumes/Seagate Portable Drive/KYLE_AI_DATABASE/A_CAMERA/Focal_species/Gulo gulo/HFW12-F7/DM/2016/COLOR/Robust marks/03.10-11.33/IMG_1883.JPG,IMG_1883.JPG,HFW12-F7_2016_201603101133_IMG_1883.jpg,0.9073410034179688,411.6163635253906,397.9212341308594,451.7284851074219,822.6434326171875,2048,1536,451,822
HFW12-F7,2016,201603101133,DM,1,/Volumes/Seagate Portable Drive/KYLE_AI_DATABASE/A_CAMERA/Focal_species/Gulo gulo/HFW12-F7/DM/2016/COLOR/Robust marks/03.10-11.33/IMG_1884.JPG,IMG_1884.JPG,HFW12-F7_2016_201603101133_IMG_1884.jpg,0.9318429827690125,432.96527099609375,382.9952087402344,419.7930908203125,806.77783203125,2048,1536,419,806
HFW12-F7,2016,201603101133,DM,1,/Volumes/Seagate Portable Drive/KYLE_AI_DATABASE/A_CAMERA/Focal_species/Gulo gulo/HFW12-F7/DM/2016/COLOR/Robust marks/03.10-11.33/IMG_1885.JPG,IMG_1885.JPG,HFW12-F7_2016_201603101133_IMG_1885.jpg,0.9312545657157898,445.6833801269531,218.0068817138672,421.3044128417969,960.8939819335938,2048,1536,421,960
HFW12-F7,2016,201603101133,DM,1,/Volumes/Seagate Portable Drive/KYLE_AI_DATABASE/A_CAMERA/Focal_species/Gulo gulo/HFW12-F7/DM/2016/COLOR/Robust marks/03.10-11.33/IMG_1886.JPG,IMG_1886.JPG,HFW12-F7_2016_201603101133_IMG_1886.jpg,0.9498788118362427,450.2657470703125,363.50787353515625,393.6298828125,818.1094360351562,2048,1536,393,818
HFW12-F7,2016,201603101133,DM,1,/Volumes/Seagate Portable Drive/KYLE_AI_DATABASE/A_CAMERA/Focal_species/Gulo gulo/HFW12-F7/DM/2016/COLOR/Robust marks/03.10-11.33/IMG_1887.JPG,IMG_1887.JPG,HFW12-F7_2016_201603101133_IMG_1887.jpg,0.9135407209396362,463.09185791015625,242.0273895263672,415.1685791015625,946.6344604492188,2048,1536,415,946
HFW12-F7,2016,201603101133,DM,1,/Volumes/Seagate Portable Drive/KYLE_AI_DATABASE/A_CAMERA/Focal_species/Gulo gulo/HFW12-F7/DM/2016/COLOR/Robust marks/03.10-11.33/IMG_1888.JPG,IMG_1888.JPG,HFW12-F7_2016_201603101133_IMG_1888.jpg,0.9223478436470032,442.6061096191406,247.37200927734375,428.6913757324219,940.1370239257812,2048,1536,428,940
HFW12-F7,2016,201603101133,DM,1,/Volumes/Seagate Portable Drive/KYLE_AI_DATABASE/A_CAMERA/Focal_species/Gulo gulo/HFW12-F7/DM/2016/COLOR/Robust marks/03.10-11.33/IMG_1889.JPG,IMG_1889.JPG,HFW12-F7_2016_201603101133_IMG_1889.jpg,0.9470778703689575,429.33807373046875,252.78895568847656,436.9918212890625,929.4332275390625,2048,1536,436,929
HFW12-F7,2016,201603101133,DM,1,/Volumes/Seagate Portable Drive/KYLE_AI_DATABASE/A_CAMERA/Focal_species/Gulo gulo/HFW12-F7/DM/2016/COLOR/Robust marks/03.10-11.33/IMG_1890.JPG,IMG_1890.JPG,HFW12-F7_2016_201603101133_IMG_1890.jpg,0.9323891401290894,437.6523132324219,288.90057373046875,428.9254455566406,906.3670043945312,2048,1536,428,906
HFW12-F7,2016,201603101133,DM,1,/Volumes/Seagate Portable Drive/KYLE_AI_DATABASE/A_CAMERA/Focal_species/Gulo gulo/HFW12-F7/DM/2016/COLOR/Robust marks/03.10-11.33/IMG_1891.JPG,IMG_1891.JPG,HFW12-F7_2016_201603101133_IMG_1891.jpg,0.9575896859169006,466.98876953125,187.7933349609375,454.150634765625,992.01318359375,2048,1536,454,992
HFW12-F7,2016,201603101133,DM,1,/Volumes/Seagate Portable Drive/KYLE_AI_DATABASE/A_CAMERA/Focal_species/Gulo gulo/HFW12-F7/DM/2016/COLOR/Robust marks/03.10-11.33/IMG_1892.JPG,IMG_1892.JPG,HFW12-F7_2016_201603101133_IMG_1892.jpg,0.9492123126983643,454.89306640625,191.93577575683594,467.1290283203125,999.921142578125,2048,1536,467,999
HFW12-F7,2016,201603101133,DM,1,/Volumes/Seagate Portable Drive/KYLE_AI_DATABASE/A_CAMERA/Focal_species/Gulo gulo/HFW12-F7/DM/2016/COLOR/Robust marks/03.10-11.33/IMG_1893.JPG,IMG_1893.JPG,HFW12-F7_2016_201603101133_IMG_1893.jpg,0.9561604857444763,457.5718994140625,196.83352661132812,464.283203125,998.136474609375,2048,1536,464,998
HFW12-F7,2016,201603101133,DM,1,/Volumes/Seagate Portable Drive/KYLE_AI_DATABASE/A_CAMERA/Focal_species/Gulo gulo/HFW12-F7/DM/2016/COLOR/Robust marks/03.10-11.33/IMG_1894.JPG,IMG_1894.JPG,HFW12-F7_2016_201603101133_IMG_1894.jpg,0.9454600811004639,452.690185546875,194.84152221679688,468.0069580078125,1012.3819580078125,2048,1536,468,1012
HFW12-F7,2016,201603101133,DM,1,/Volumes/Seagate Portable Drive/KYLE_AI_DATABASE/A_CAMERA/Focal_species/Gulo gulo/HFW12-F7/DM/2016/COLOR/Robust marks/03.10-11.33/IMG_1895.JPG,IMG_1895.JPG,HFW12-F7_2016_201603101133_IMG_1895.jpg,0.9486044645309448,453.27392578125,197.7224578857422,468.4593505859375,1005.6266479492188,2048,1536,468,1005
HFW12-F7,2016,201603101133,DM,1,/Volumes/Seagate Portable Drive/KYLE_AI_DATABASE/A_CAMERA/Focal_species/Gulo gulo/HFW12-F7/DM/2016/COLOR/Robust marks/03.10-11.33/IMG_1896.JPG,IMG_1896.JPG,HFW12-F7_2016_201603101133_IMG_1896.jpg,0.9479556083679199,456.53070068359375,212.1368865966797,465.62744140625,992.6358032226562,2048,1536,465,992
HFW12-F7,2016,201603101133,DM,1,/Volumes/Seagate Portable Drive/KYLE_AI_DATABASE/A_CAMERA/Focal_species/Gulo gulo/HFW12-F7/DM/2016/COLOR/Robust marks/03.10-11.33/IMG_1897.JPG,IMG_1897.JPG,HFW12-F7_2016_201603101133_IMG_1897.jpg,0.9545539021492004,407.96923828125,232.43939208984375,448.9349365234375,986.0332641601562,2048,1536,448,986
HFW12-F7,2016,201603101133,DM,1,/Volumes/Seagate Portable Drive/KYLE_AI_DATABASE/A_CAMERA/Focal_species/Gulo gulo/HFW12-F7/DM/2016/COLOR/Robust marks/03.10-11.33/IMG_1898.JPG,IMG_1898.JPG,HFW12-F7_2016_201603101133_IMG_1898.jpg,0.9596924185752869,428.65484619140625,177.1153106689453,502.7333984375,1008.6035766601562,2048,1536,502,1008
HFW12-F7,2016,201603101133,DM,1,/Volumes/Seagate Portable Drive/KYLE_AI_DATABASE/A_CAMERA/Focal_species/Gulo gulo/HFW12-F7/DM/2016/COLOR/Robust marks/03.10-11.33/IMG_1899.JPG,IMG_1899.JPG,HFW12-F7_2016_201603101133_IMG_1899.jpg,0.9084218144416809,421.52899169921875,263.990234375,527.8470458984375,926.905517578125,2048,1536,527,926
HFW12-F7,2016,201603101133,DM,1,/Volumes/Seagate Portable Drive/KYLE_AI_DATABASE/A_CAMERA/Focal_species/Gulo gulo/HFW12-F7/DM/2016/COLOR/Robust marks/03.10-11.33/IMG_1900.JPG,IMG_1900.JPG,HFW12-F7_2016_201603101133_IMG_1900.jpg,0.9514231085777283,420.8896179199219,200.39593505859375,512.3638916015625,993.9441528320312,2048,1536,512,993
HFW12-F7,2016,201603101133,DM,1,/Volumes/Seagate Portable Drive/KYLE_AI_DATABASE/A_CAMERA/Focal_species/Gulo gulo/HFW12-F7/DM/2016/COLOR/Robust marks/03.10-11.33/IMG_1901.JPG,IMG_1901.JPG,HFW12-F7_2016_201603101133_IMG_1901.jpg,0.9199510812759399,397.69512939453125,283.777587890625,372.6923828125,963.019775390625,2048,1536,372,963
HFW12-F7,2016,201603101133,DM,1,/Volumes/Seagate Portable Drive/KYLE_AI_DATABASE/A_CAMERA/Focal_species/Gulo gulo/HFW12-F7/DM/2016/COLOR/Robust marks/03.10-11.33/IMG_1902.JPG,IMG_1902.JPG,HFW12-F7_2016_201603101133_IMG_1902.jpg,0.9230308532714844,401.69110107421875,215.88079833984375,373.281005859375,1023.1380004882812,2048,1536,373,1023
HFW12-F7,2016,201603101133,DM,1,/Volumes/Seagate Portable Drive/KYLE_AI_DATABASE/A_CAMERA/Focal_species/Gulo gulo/HFW12-F7/DM/2016/COLOR/Robust marks/03.10-11.33/IMG_1903.JPG,IMG_1903.JPG,HFW12-F7_2016_201603101133_IMG_1903.jpg,0.9300774931907654,392.41400146484375,193.5623016357422,385.8084716796875,1048.184814453125,2048,1536,385,1048
HFW12-F7,2016,201603101133,DM,1,/Volumes/Seagate Portable Drive/KYLE_AI_DATABASE/A_CAMERA/Focal_species/Gulo gulo/HFW12-F7/DM/2016/COLOR/Robust marks/03.10-11.33/IMG_1904.JPG,IMG_1904.JPG,HFW12-F7_2016_201603101133_IMG_1904.jpg,0.9065154194831848,408.78631591796875,288.6069030761719,407.9136962890625,939.39990234375,2048,1536,407,939
HFW12-F7,2016,201603101133,DM,1,/Volumes/Seagate Portable Drive/KYLE_AI_DATABASE/A_CAMERA/Focal_species/Gulo gulo/HFW12-F7/DM/2016/COLOR/Robust marks/03.10-11.33/IMG_1905.JPG,IMG_1905.JPG,HFW12-F7_2016_201603101133_IMG_1905.jpg,0.8979155421257019,432.83624267578125,259.6781005859375,387.73095703125,941.3597412109375,2048,1536,387,941
HFW12-F7,2016,201603101133,DM,1,/Volumes/Seagate Portable Drive/KYLE_AI_DATABASE/A_CAMERA/Focal_species/Gulo gulo/HFW12-F7/DM/2016/COLOR/Robust marks/03.10-11.33/IMG_1906.JPG,IMG_1906.JPG,HFW12-F7_2016_201603101133_IMG_1906.jpg,0.9099816083908081,423.3101806640625,213.81065368652344,388.4652099609375,964.3148193359375,2048,1536,388,964
HFW12-F7,2016,201603101133,DM,1,/Volumes/Seagate Portable Drive/KYLE_AI_DATABASE/A_CAMERA/Focal_species/Gulo gulo/HFW12-F7/DM/2016/COLOR/Robust marks/03.10-11.33/IMG_1907.JPG,IMG_1907.JPG,HFW12-F7_2016_201603101133_IMG_1907.jpg,0.8783130645751953,410.1460876464844,210.83001708984375,467.2163391113281,1010.4550170898438,2048,1536,467,1010
HFW12-F7,2016,201603101133,DM,1,/Volumes/Seagate Portable Drive/KYLE_AI_DATABASE/A_CAMERA/Focal_species/Gulo gulo/HFW12-F7/DM/2016/COLOR/Robust marks/03.10-11.33/IMG_1908.JPG,IMG_1908.JPG,HFW12-F7_2016_201603101133_IMG_1908.jpg,0.954447865486145,439.64398193359375,220.06787109375,407.4288330078125,974.374755859375,2048,1536,407,974
HFW12-F7,2016,201603101133,DM,1,/Volumes/Seagate Portable Drive/KYLE_AI_DATABASE/A_CAMERA/Focal_species/Gulo gulo/HFW12-F7/DM/2016/COLOR/Robust marks/03.10-11.33/IMG_1909.JPG,IMG_1909.JPG,HFW12-F7_2016_201603101133_IMG_1909.jpg,0.9432785511016846,413.029541015625,186.92889404296875,475.84033203125,1011.1292114257812,2048,1536,475,1011
HFW12-F7,2016,201603101133,DM,1,/Volumes/Seagate Portable Drive/KYLE_AI_DATABASE/A_CAMERA/Focal_species/Gulo gulo/HFW12-F7/DM/2016/COLOR/Robust marks/03.10-11.33/IMG_1910.JPG,IMG_1910.JPG,HFW12-F7_2016_201603101133_IMG_1910.jpg,0.9431681036949158,409.947509765625,228.3076629638672,431.327880859375,994.3275756835938,2048,1536,431,994
HFW12-F7,2016,201603101133,DM,1,/Volumes/Seagate Portable Drive/KYLE_AI_DATABASE/A_CAMERA/Focal_species/Gulo gulo/HFW12-F7/DM/2016/COLOR/Robust marks/03.10-11.33/IMG_1911.JPG,IMG_1911.JPG,HFW12-F7_2016_201603101133_IMG_1911.jpg,0.9193906188011169,398.69580078125,326.98248291015625,393.56591796875,915.4642944335938,2048,1536,393,915
HFW12-F7,2016,201603101133,DM,1,/Volumes/Seagate Portable Drive/KYLE_AI_DATABASE/A_CAMERA/Focal_species/Gulo gulo/HFW12-F7/DM/2016/COLOR/Robust marks/03.10-11.33/IMG_1912.JPG,IMG_1912.JPG,HFW12-F7_2016_201603101133_IMG_1912.jpg,0.9256462454795837,417.654296875,326.965576171875,426.0289306640625,866.894287109375,2048,1536,426,866
HFW12-F7,2016,201603101133,DM,1,/Volumes/Seagate Portable Drive/KYLE_AI_DATABASE/A_CAMERA/Focal_species/Gulo gulo/HFW12-F7/DM/2016/COLOR/Robust marks/03.10-11.33/IMG_1913.JPG,IMG_1913.JPG,HFW12-F7_2016_201603101133_IMG_1913.jpg,0.9259112477302551,409.92559814453125,198.0307159423828,417.8792724609375,1031.455810546875,2048,1536,417,1031
HFW12-F7,2016,201603101133,DM,1,/Volumes/Seagate Portable Drive/KYLE_AI_DATABASE/A_CAMERA/Focal_species/Gulo gulo/HFW12-F7/DM/2016/COLOR/Robust marks/03.10-11.33/IMG_1914.JPG,IMG_1914.JPG,HFW12-F7_2016_201603101133_IMG_1914.jpg,0.9235104918479919,400.5070495605469,388.4481201171875,518.927734375,825.3712158203125,2048,1536,518,825
HFW12-F7,2016,201603101133,DM,1,/Volumes/Seagate Portable Drive/KYLE_AI_DATABASE/A_CAMERA/Focal_species/Gulo gulo/HFW12-F7/DM/2016/COLOR/Robust marks/03.10-11.33/IMG_1915.JPG,IMG_1915.JPG,HFW12-F7_2016_201603101133_IMG_1915.jpg,0.918736457824707,413.3390197753906,350.78741455078125,500.2088317871094,825.4317016601562,2048,1536,500,825
HFW12-F7,2016,201603101133,DM,1,/Volumes/Seagate Portable Drive/KYLE_AI_DATABASE/A_CAMERA/Focal_species/Gulo gulo/HFW12-F7/DM/2016/COLOR/Robust marks/03.10-11.33/IMG_1917.JPG,IMG_1917.JPG,HFW12-F7_2016_201603101133_IMG_1917.jpg,0.9083040952682495,419.4150390625,448.8516540527344,433.7017822265625,741.2904052734375,2048,1536,433,741
HFW12-F7,2016,201603101133,DM,1,/Volumes/Seagate Portable Drive/KYLE_AI_DATABASE/A_CAMERA/Focal_species/Gulo gulo/HFW12-F7/DM/2016/COLOR/Robust marks/03.10-11.33/IMG_1918.JPG,IMG_1918.JPG,HFW12-F7_2016_201603101133_IMG_1918.jpg,0.9430184960365295,419.3313293457031,366.81463623046875,401.7048034667969,848.6995239257812,2048,1536,401,848
HFW12-F7,2016,201603101133,DM,1,/Volumes/Seagate Portable Drive/KYLE_AI_DATABASE/A_CAMERA/Focal_species/Gulo gulo/HFW12-F7/DM/2016/COLOR/Robust marks/03.10-11.33/IMG_1919.JPG,IMG_1919.JPG,HFW12-F7_2016_201603101133_IMG_1919.jpg,0.949651300907135,413.99267578125,364.36212158203125,416.2498779296875,863.6848754882812,2048,1536,416,863
HFW12-F7,2016,201603101133,DM,1,/Volumes/Seagate Portable Drive/KYLE_AI_DATABASE/A_CAMERA/Focal_species/Gulo gulo/HFW12-F7/DM/2016/COLOR/Robust marks/03.10-11.33/IMG_1920.JPG,IMG_1920.JPG,HFW12-F7_2016_201603101133_IMG_1920.jpg,0.9499953389167786,416.71478271484375,362.84698486328125,398.44921875,845.2741088867188,2048,1536,398,845
HFW12-F7,2016,201603101133,DM,1,/Volumes/Seagate Portable Drive/KYLE_AI_DATABASE/A_CAMERA/Focal_species/Gulo gulo/HFW12-F7/DM/2016/COLOR/Robust marks/03.10-11.33/IMG_1921.JPG,IMG_1921.JPG,HFW12-F7_2016_201603101133_IMG_1921.jpg,0.9503971338272095,415.53466796875,377.5379333496094,423.866943359375,865.8662109375,2048,1536,423,865
HFW12-F7,2016,201603101133,DM,1,/Volumes/Seagate Portable Drive/KYLE_AI_DATABASE/A_CAMERA/Focal_species/Gulo gulo/HFW12-F7/DM/2016/COLOR/Robust marks/03.10-11.33/IMG_1922.JPG,IMG_1922.JPG,HFW12-F7_2016_201603101133_IMG_1922.jpg,0.9535958170890808,415.63592529296875,376.5570068359375,420.338623046875,870.5120849609375,2048,1536,420,870
HFW12-F7,2016,201603101133,DM,1,/Volumes/Seagate Portable Drive/KYLE_AI_DATABASE/A_CAMERA/Focal_species/Gulo gulo/HFW12-F7/DM/2016/COLOR/Robust marks/03.10-11.33/IMG_1923.JPG,IMG_1923.JPG,HFW12-F7_2016_201603101133_IMG_1923.jpg,0.9532901048660278,411.9273681640625,361.7156982421875,402.2958984375,906.5128173828125,2048,1536,402,906
HFW12-F7,2016,201603101133,DM,1,/Volumes/Seagate Portable Drive/KYLE_AI_DATABASE/A_CAMERA/Focal_species/Gulo gulo/HFW12-F7/DM/2016/COLOR/Robust marks/03.10-11.33/IMG_1924.JPG,IMG_1924.JPG,HFW12-F7_2016_201603101133_IMG_1924.jpg,0.946739912033081,417.32684326171875,365.04962158203125,394.50341796875,915.5816040039062,2048,1536,394,915
HFW12-F7,2016,201603101133,DM,1,/Volumes/Seagate Portable Drive/KYLE_AI_DATABASE/A_CAMERA/Focal_species/Gulo gulo/HFW12-F7/DM/2016/COLOR/Robust marks/03.10-11.33/IMG_1925.JPG,IMG_1925.JPG,HFW12-F7_2016_201603101133_IMG_1925.jpg,0.9462366104125977,424.33758544921875,373.95648193359375,426.2421875,881.6897583007812,2048,1536,426,881
HFW12-F7,2016,201603101133,DM,1,/Volumes/Seagate Portable Drive/KYLE_AI_DATABASE/A_CAMERA/Focal_species/Gulo gulo/HFW12-F7/DM/2016/COLOR/Robust marks/03.10-11.33/IMG_1926.JPG,IMG_1926.JPG,HFW12-F7_2016_201603101133_IMG_1926.jpg,0.9554598927497864,414.0577087402344,392.145751953125,544.3499755859375,843.454833984375,2048,1536,544,843
HFW12-F7,2016,201603101133,DM,1,/Volumes/Seagate Portable Drive/KYLE_AI_DATABASE/A_CAMERA/Focal_species/Gulo gulo/HFW12-F7/DM/2016/COLOR/Robust marks/03.10-11.33/IMG_1927.JPG,IMG_1927.JPG,HFW12-F7_2016_201603101133_IMG_1927.jpg,0.9474882483482361,407.7981262207031,175.91944885253906,583.843505859375,1067.2835693359375,2048,1536,583,1067
HFW12-F7,2016,201603101133,DM,1,/Volumes/Seagate Portable Drive/KYLE_AI_DATABASE/A_CAMERA/Focal_species/Gulo gulo/HFW12-F7/DM/2016/COLOR/Robust marks/03.10-11.33/IMG_1928.JPG,IMG_1928.JPG,HFW12-F7_2016_201603101133_IMG_1928.jpg,0.9420955181121826,431.01678466796875,380.83038330078125,397.134033203125,882.9848022460938,2048,1536,397,882
HFW12-F7,2016,201603101133,DM,1,/Volumes/Seagate Portable Drive/KYLE_AI_DATABASE/A_CAMERA/Focal_species/Gulo gulo/HFW12-F7/DM/2016/COLOR/Robust marks/03.10-11.33/IMG_1929.JPG,IMG_1929.JPG,HFW12-F7_2016_201603101133_IMG_1929.jpg,0.9353726506233215,423.72955322265625,373.9600524902344,411.9908447265625,936.0206298828125,2048,1536,411,936
HFW12-F7,2016,201603101133,DM,1,/Volumes/Seagate Portable Drive/KYLE_AI_DATABASE/A_CAMERA/Focal_species/Gulo gulo/HFW12-F7/DM/2016/COLOR/Robust marks/03.10-11.33/IMG_1930.JPG,IMG_1930.JPG,HFW12-F7_2016_201603101133_IMG_1930.jpg,0.9397025108337402,420.835205078125,381.91656494140625,436.5213623046875,910.4318237304688,2048,1536,436,910
HFW12-F7,2016,201603101133,DM,1,/Volumes/Seagate Portable Drive/KYLE_AI_DATABASE/A_CAMERA/Focal_species/Gulo gulo/HFW12-F7/DM/2016/COLOR/Robust marks/03.10-11.33/IMG_1931.JPG,IMG_1931.JPG,HFW12-F7_2016_201603101133_IMG_1931.jpg,0.9306612014770508,396.6884765625,412.8699951171875,463.47509765625,889.8607177734375,2048,1536,463,889
HFW12-F7,2016,201603101133,DM,1,/Volumes/Seagate Portable Drive/KYLE_AI_DATABASE/A_CAMERA/Focal_species/Gulo gulo/HFW12-F7/DM/2016/COLOR/Robust marks/03.10-11.33/IMG_1932.JPG,IMG_1932.JPG,HFW12-F7_2016_201603101133_IMG_1932.jpg,0.9247714281082153,417.5750427246094,442.7691650390625,423.8775939941406,884.0462646484375,2048,1536,423,884
HFW12-F7,2016,201603101133,DM,1,/Volumes/Seagate Portable Drive/KYLE_AI_DATABASE/A_CAMERA/Focal_species/Gulo gulo/HFW12-F7/DM/2016/COLOR/Robust marks/03.10-11.33/IMG_1933.JPG,IMG_1933.JPG,HFW12-F7_2016_201603101133_IMG_1933.jpg,0.9099417924880981,413.3402099609375,414.5279541015625,414.6949462890625,920.1094970703125,2048,1536,414,920
HFW12-F7,2016,201603101133,DM,1,/Volumes/Seagate Portable Drive/KYLE_AI_DATABASE/A_CAMERA/Focal_species/Gulo gulo/HFW12-F7/DM/2016/COLOR/Robust marks/03.10-11.33/IMG_1934.JPG,IMG_1934.JPG,HFW12-F7_2016_201603101133_IMG_1934.jpg,0.8902109265327454,400.358642578125,428.3606872558594,412.0328369140625,906.1282958984375,2048,1536,412,906
HFW12-F7,2016,201603101133,DM,1,/Volumes/Seagate Portable Drive/KYLE_AI_DATABASE/A_CAMERA/Focal_species/Gulo gulo/HFW12-F7/DM/2016/COLOR/Robust marks/03.10-11.33/IMG_1935.JPG,IMG_1935.JPG,HFW12-F7_2016_201603101133_IMG_1935.jpg,0.8805737495422363,401.3452453613281,391.8459777832031,427.4707946777344,911.4970703125,2048,1536,427,911
HFW12-F7,2016,201603101133,DM,1,/Volumes/Seagate Portable Drive/KYLE_AI_DATABASE/A_CAMERA/Focal_species/Gulo gulo/HFW12-F7/DM/2016/COLOR/Robust marks/03.10-11.33/IMG_1936.JPG,IMG_1936.JPG,HFW12-F7_2016_201603101133_IMG_1936.jpg,0.9131047129631042,408.9093017578125,360.1402587890625,380.52490234375,965.9300537109375,2048,1536,380,965
HFW12-F7,2016,201603101133,DM,1,/Volumes/Seagate Portable Drive/KYLE_AI_DATABASE/A_CAMERA/Focal_species/Gulo gulo/HFW12-F7/DM/2016/COLOR/Robust marks/03.10-11.33/IMG_1937.JPG,IMG_1937.JPG,HFW12-F7_2016_201603101133_IMG_1937.jpg,0.9232016205787659,400.050048828125,334.9490966796875,359.5340576171875,919.1942138671875,2048,1536,359,919
HFW12-F7,2016,201603101133,DM,1,/Volumes/Seagate Portable Drive/KYLE_AI_DATABASE/A_CAMERA/Focal_species/Gulo gulo/HFW12-F7/DM/2016/COLOR/Robust marks/03.10-11.33/IMG_1938.JPG,IMG_1938.JPG,HFW12-F7_2016_201603101133_IMG_1938.jpg,0.9261701107025146,397.77288818359375,329.91046142578125,373.195068359375,909.4161987304688,2048,1536,373,909
HFW12-F7,2016,201603101133,DM,1,/Volumes/Seagate Portable Drive/KYLE_AI_DATABASE/A_CAMERA/Focal_species/Gulo gulo/HFW12-F7/DM/2016/COLOR/Robust marks/03.10-11.33/IMG_1939.JPG,IMG_1939.JPG,HFW12-F7_2016_201603101133_IMG_1939.jpg,0.9218376278877258,405.269775390625,342.58978271484375,370.3736572265625,890.9730834960938,2048,1536,370,890
HFW12-F7,2016,201603101133,DM,1,/Volumes/Seagate Portable Drive/KYLE_AI_DATABASE/A_CAMERA/Focal_species/Gulo gulo/HFW12-F7/DM/2016/COLOR/Robust marks/03.10-11.33/IMG_1940.JPG,IMG_1940.JPG,HFW12-F7_2016_201603101133_IMG_1940.jpg,0.8487588763237,414.742919921875,343.77667236328125,335.729736328125,980.2871704101562,2048,1536,335,980
HFW12-F7,2016,201603101133,DM,1,/Volumes/Seagate Portable Drive/KYLE_AI_DATABASE/A_CAMERA/Focal_species/Gulo gulo/HFW12-F7/DM/2016/COLOR/Robust marks/03.10-11.33/IMG_1941.JPG,IMG_1941.JPG,HFW12-F7_2016_201603101133_IMG_1941.jpg,0.8934724926948547,396.35015869140625,342.221923828125,446.608642578125,954.6591796875,2048,1536,446,954
HFW12-F7,2016,201603101133,DM,1,/Volumes/Seagate Portable Drive/KYLE_AI_DATABASE/A_CAMERA/Focal_species/Gulo gulo/HFW12-F7/DM/2016/COLOR/Robust marks/03.10-11.33/IMG_1942.JPG,IMG_1942.JPG,HFW12-F7_2016_201603101133_IMG_1942.jpg,0.9195137619972229,399.0513610839844,394.005126953125,456.6595764160156,875.619140625,2048,1536,456,875
HFW12-F7,2016,201603101133,DM,1,/Volumes/Seagate Portable Drive/KYLE_AI_DATABASE/A_CAMERA/Focal_species/Gulo gulo/HFW12-F7/DM/2016/COLOR/Robust marks/03.10-11.33/IMG_1943.JPG,IMG_1943.JPG,HFW12-F7_2016_201603101133_IMG_1943.jpg,0.9145596027374268,422.1025390625,354.01824951171875,334.5250244140625,958.8408813476562,2048,1536,334,958
HFW12-F7,2016,201603101133,DM,1,/Volumes/Seagate Portable Drive/KYLE_AI_DATABASE/A_CAMERA/Focal_species/Gulo gulo/HFW12-F7/DM/2016/COLOR/Robust marks/03.10-11.33/IMG_1944.JPG,IMG_1944.JPG,HFW12-F7_2016_201603101133_IMG_1944.jpg,0.895524799823761,422.26239013671875,349.09246826171875,357.863037109375,963.0408325195312,2048,1536,357,963
HFW12-F7,2016,201603101133,DM,1,/Volumes/Seagate Portable Drive/KYLE_AI_DATABASE/A_CAMERA/Focal_species/Gulo gulo/HFW12-F7/DM/2016/COLOR/Robust marks/03.10-11.33/IMG_1945.JPG,IMG_1945.JPG,HFW12-F7_2016_201603101133_IMG_1945.jpg,0.9238414764404297,416.6531982421875,351.89276123046875,363.99169921875,932.6737670898438,2048,1536,363,932
HFW12-F7,2016,201603101133,DM,1,/Volumes/Seagate Portable Drive/KYLE_AI_DATABASE/A_CAMERA/Focal_species/Gulo gulo/HFW12-F7/DM/2016/COLOR/Robust marks/03.10-11.33/IMG_1946.JPG,IMG_1946.JPG,HFW12-F7_2016_201603101133_IMG_1946.jpg,0.9149995446205139,397.1834411621094,334.6147155761719,338.5877990722656,935.4122314453125,2048,1536,338,935
HFW12-F7,2016,201603101133,DM,1,/Volumes/Seagate Portable Drive/KYLE_AI_DATABASE/A_CAMERA/Focal_species/Gulo gulo/HFW12-F7/DM/2016/COLOR/Robust marks/03.10-11.33/IMG_1947.JPG,IMG_1947.JPG,HFW12-F7_2016_201603101133_IMG_1947.jpg,0.8864266276359558,417.5634765625,339.4146728515625,343.441650390625,971.48681640625,2048,1536,343,971
HFW12-F7,2016,201603101133,DM,1,/Volumes/Seagate Portable Drive/KYLE_AI_DATABASE/A_CAMERA/Focal_species/Gulo gulo/HFW12-F7/DM/2016/COLOR/Robust marks/03.10-11.33/IMG_1948.JPG,IMG_1948.JPG,HFW12-F7_2016_201603101133_IMG_1948.jpg,0.9247986674308777,416.3626708984375,336.2024230957031,335.9146728515625,991.2479248046875,2048,1536,335,991
HFW12-F7,2016,201603101133,DM,1,/Volumes/Seagate Portable Drive/KYLE_AI_DATABASE/A_CAMERA/Focal_species/Gulo gulo/HFW12-F7/DM/2016/COLOR/Robust marks/03.10-11.33/IMG_1949.JPG,IMG_1949.JPG,HFW12-F7_2016_201603101133_IMG_1949.jpg,0.8960018754005432,433.84564208984375,355.320068359375,363.8310546875,983.51220703125,2048,1536,363,983
HFW12-F7,2016,201603101133,DM,1,/Volumes/Seagate Portable Drive/KYLE_AI_DATABASE/A_CAMERA/Focal_species/Gulo gulo/HFW12-F7/DM/2016/COLOR/Robust marks/03.10-11.33/IMG_1950.JPG,IMG_1950.JPG,HFW12-F7_2016_201603101133_IMG_1950.jpg,0.9202703833580017,414.22418212890625,353.416259765625,396.67041015625,963.14404296875,2048,1536,396,963
HFW12-F7,2016,201603101133,DM,1,/Volumes/Seagate Portable Drive/KYLE_AI_DATABASE/A_CAMERA/Focal_species/Gulo gulo/HFW12-F7/DM/2016/COLOR/Robust marks/03.10-11.33/IMG_1951.JPG,IMG_1951.JPG,HFW12-F7_2016_201603101133_IMG_1951.jpg,0.8981297016143799,433.2899169921875,348.4111328125,354.2596435546875,996.268798828125,2048,1536,354,996
HFW12-F7,2016,201603101133,DM,1,/Volumes/Seagate Portable Drive/KYLE_AI_DATABASE/A_CAMERA/Focal_species/Gulo gulo/HFW12-F7/DM/2016/COLOR/Robust marks/03.10-11.33/IMG_1952.JPG,IMG_1952.JPG,HFW12-F7_2016_201603101133_IMG_1952.jpg,0.8856717348098755,429.78192138671875,314.9515380859375,331.784912109375,1054.8636474609375,2048,1536,331,1054
HFW12-F7,2016,201603101133,DM,1,/Volumes/Seagate Portable Drive/KYLE_AI_DATABASE/A_CAMERA/Focal_species/Gulo gulo/HFW12-F7/DM/2016/COLOR/Robust marks/03.10-11.33/IMG_1953.JPG,IMG_1953.JPG,HFW12-F7_2016_201603101133_IMG_1953.jpg,0.9197982549667358,418.81927490234375,338.5594482421875,350.2200927734375,989.3760986328125,2048,1536,350,989
HFW12-F7,2016,201603101133,DM,1,/Volumes/Seagate Portable Drive/KYLE_AI_DATABASE/A_CAMERA/Focal_species/Gulo gulo/HFW12-F7/DM/2016/COLOR/Robust marks/03.10-11.33/IMG_1954.JPG,IMG_1954.JPG,HFW12-F7_2016_201603101133_IMG_1954.jpg,0.9007446765899658,433.37933349609375,329.48712158203125,343.1788330078125,1038.18896484375,2048,1536,343,1038
HFW12-F7,2016,201603101133,DM,1,/Volumes/Seagate Portable Drive/KYLE_AI_DATABASE/A_CAMERA/Focal_species/Gulo gulo/HFW12-F7/DM/2016/COLOR/Robust marks/03.10-11.33/IMG_1955.JPG,IMG_1955.JPG,HFW12-F7_2016_201603101133_IMG_1955.jpg,0.9108424186706543,405.6068115234375,307.048828125,303.128662109375,941.284912109375,2048,1536,303,941
HFW12-F7,2016,201603101133,DM,1,/Volumes/Seagate Portable Drive/KYLE_AI_DATABASE/A_CAMERA/Focal_species/Gulo gulo/HFW12-F7/DM/2016/COLOR/Robust marks/03.10-11.33/IMG_1956.JPG,IMG_1956.JPG,HFW12-F7_2016_201603101133_IMG_1956.jpg,0.9338621497154236,428.94146728515625,337.8856201171875,353.1220703125,986.9559326171875,2048,1536,353,986
HFW12-F7,2016,201603101133,DM,1,/Volumes/Seagate Portable Drive/KYLE_AI_DATABASE/A_CAMERA/Focal_species/Gulo gulo/HFW12-F7/DM/2016/COLOR/Robust marks/03.10-11.33/IMG_1957.JPG,IMG_1957.JPG,HFW12-F7_2016_201603101133_IMG_1957.jpg,0.8858544826507568,443.0428466796875,323.1616516113281,313.494140625,1049.758544921875,2048,1536,313,1049
HFW12-F7,2016,201603101133,DM,1,/Volumes/Seagate Portable Drive/KYLE_AI_DATABASE/A_CAMERA/Focal_species/Gulo gulo/HFW12-F7/DM/2016/COLOR/Robust marks/03.10-11.33/IMG_1958.JPG,IMG_1958.JPG,HFW12-F7_2016_201603101133_IMG_1958.jpg,0.9048742055892944,444.1739501953125,319.2041015625,335.98681640625,1038.6640625,2048,1536,335,1038
HFW12-F7,2016,201603101133,DM,1,/Volumes/Seagate Portable Drive/KYLE_AI_DATABASE/A_CAMERA/Focal_species/Gulo gulo/HFW12-F7/DM/2016/COLOR/Robust marks/03.10-11.33/IMG_1959.JPG,IMG_1959.JPG,HFW12-F7_2016_201603101133_IMG_1959.jpg,0.9182308316230774,423.1434326171875,340.45831298828125,364.220703125,963.0988159179688,2048,1536,364,963
HFW12-F7,2016,201603101133,DM,1,/Volumes/Seagate Portable Drive/KYLE_AI_DATABASE/A_CAMERA/Focal_species/Gulo gulo/HFW12-F7/DM/2016/COLOR/Robust marks/03.10-11.33/IMG_1960.JPG,IMG_1960.JPG,HFW12-F7_2016_201603101133_IMG_1960.jpg,0.9524046778678894,398.1474609375,341.3382568359375,383.4471435546875,928.4100341796875,2048,1536,383,928
HFW12-F7,2016,201603101133,DM,1,/Volumes/Seagate Portable Drive/KYLE_AI_DATABASE/A_CAMERA/Focal_species/Gulo gulo/HFW12-F7/DM/2016/COLOR/Robust marks/03.10-11.33/IMG_1961.JPG,IMG_1961.JPG,HFW12-F7_2016_201603101133_IMG_1961.jpg,0.9654526710510254,456.1708984375,338.0779724121094,417.7520751953125,853.1575927734375,2048,1536,417,853
HFW12-F7,2016,201603101133,DM,1,/Volumes/Seagate Portable Drive/KYLE_AI_DATABASE/A_CAMERA/Focal_species/Gulo gulo/HFW12-F7/DM/2016/COLOR/Robust marks/03.10-11.33/IMG_1962.JPG,IMG_1962.JPG,HFW12-F7_2016_201603101133_IMG_1962.jpg,0.9584035277366638,451.30853271484375,343.91986083984375,421.6341552734375,869.8141479492188,2048,1536,421,869
HFW12-F7,2016,201603101133,DM,1,/Volumes/Seagate Portable Drive/KYLE_AI_DATABASE/A_CAMERA/Focal_species/Gulo gulo/HFW12-F7/DM/2016/COLOR/Robust marks/03.10-11.33/IMG_1963.JPG,IMG_1963.JPG,HFW12-F7_2016_201603101133_IMG_1963.jpg,0.9519481658935547,443.47955322265625,357.2296142578125,407.9871826171875,906.7060546875,2048,1536,407,906
HFW12-F7,2016,201603101133,DM,1,/Volumes/Seagate Portable Drive/KYLE_AI_DATABASE/A_CAMERA/Focal_species/Gulo gulo/HFW12-F7/DM/2016/COLOR/Robust marks/03.10-11.33/IMG_1964.JPG,IMG_1964.JPG,HFW12-F7_2016_201603101133_IMG_1964.jpg,0.9255256056785583,425.1458740234375,359.2286376953125,375.025146484375,999.3402099609375,2048,1536,375,999
HFW12-F7,2016,201603101133,DM,1,/Volumes/Seagate Portable Drive/KYLE_AI_DATABASE/A_CAMERA/Focal_species/Gulo gulo/HFW12-F7/DM/2016/COLOR/Robust marks/03.10-11.33/IMG_1965.JPG,IMG_1965.JPG,HFW12-F7_2016_201603101133_IMG_1965.jpg,0.9491106271743774,411.80059814453125,362.67999267578125,395.45751953125,984.8967895507812,2048,1536,395,984
HFW12-F7,2016,201603101133,DM,1,/Volumes/Seagate Portable Drive/KYLE_AI_DATABASE/A_CAMERA/Focal_species/Gulo gulo/HFW12-F7/DM/2016/COLOR/Robust marks/03.10-11.33/IMG_1966.JPG,IMG_1966.JPG,HFW12-F7_2016_201603101133_IMG_1966.jpg,0.9451780915260315,425.240234375,365.53900146484375,387.203369140625,982.3174438476562,2048,1536,387,982
HFW12-F7,2016,201603101133,DM,1,/Volumes/Seagate Portable Drive/KYLE_AI_DATABASE/A_CAMERA/Focal_species/Gulo gulo/HFW12-F7/DM/2016/COLOR/Robust marks/03.10-11.33/IMG_1967.JPG,IMG_1967.JPG,HFW12-F7_2016_201603101133_IMG_1967.jpg,0.9435291290283203,425.88104248046875,362.2010192871094,385.7200927734375,985.6072998046875,2048,1536,385,985
HFW12-F7,2016,201603101133,DM,1,/Volumes/Seagate Portable Drive/KYLE_AI_DATABASE/A_CAMERA/Focal_species/Gulo gulo/HFW12-F7/DM/2016/COLOR/Robust marks/03.10-11.33/IMG_1968.JPG,IMG_1968.JPG,HFW12-F7_2016_201603101133_IMG_1968.jpg,0.931094229221344,429.85565185546875,358.10601806640625,361.382568359375,994.5463256835938,2048,1536,361,994
HFW12-F7,2016,201603101133,DM,1,/Volumes/Seagate Portable Drive/KYLE_AI_DATABASE/A_CAMERA/Focal_species/Gulo gulo/HFW12-F7/DM/2016/COLOR/Robust marks/03.10-11.33/IMG_1969.JPG,IMG_1969.JPG,HFW12-F7_2016_201603101133_IMG_1969.jpg,0.9258155226707458,431.4232177734375,358.57623291015625,360.0262451171875,998.5294799804688,2048,1536,360,998
HFW12-F7,2016,201603101133,DM,1,/Volumes/Seagate Portable Drive/KYLE_AI_DATABASE/A_CAMERA/Focal_species/Gulo gulo/HFW12-F7/DM/2016/COLOR/Robust marks/03.10-11.33/IMG_1970.JPG,IMG_1970.JPG,HFW12-F7_2016_201603101133_IMG_1970.jpg,0.9350664019584656,426.15155029296875,370.1670227050781,374.94775390625,983.0767822265625,2048,1536,374,983
HFW12-F7,2016,201603101133,DM,1,/Volumes/Seagate Portable Drive/KYLE_AI_DATABASE/A_CAMERA/Focal_species/Gulo gulo/HFW12-F7/DM/2016/COLOR/Robust marks/03.10-11.33/IMG_1971.JPG,IMG_1971.JPG,HFW12-F7_2016_201603101133_IMG_1971.jpg,0.9468211531639099,423.70635986328125,370.04351806640625,382.0029296875,973.5250854492188,2048,1536,382,973
HFW12-F7,2016,201603101133,DM,1,/Volumes/Seagate Portable Drive/KYLE_AI_DATABASE/A_CAMERA/Focal_species/Gulo gulo/HFW12-F7/DM/2016/COLOR/Robust marks/03.10-11.33/IMG_1972.JPG,IMG_1972.JPG,HFW12-F7_2016_201603101133_IMG_1972.jpg,0.9561321139335632,415.5055236816406,368.69488525390625,472.4206237792969,971.9879760742188,2048,1536,472,971
HFW12-F7,2016,201603101133,DM,1,/Volumes/Seagate Portable Drive/KYLE_AI_DATABASE/A_CAMERA/Focal_species/Gulo gulo/HFW12-F7/DM/2016/COLOR/Robust marks/03.10-11.33/IMG_1973.JPG,IMG_1973.JPG,HFW12-F7_2016_201603101133_IMG_1973.jpg,0.9348945617675781,437.91705322265625,314.26617431640625,404.0911865234375,948.6854858398438,2048,1536,404,948
HFW12-F7,2016,201603101133,DM,1,/Volumes/Seagate Portable Drive/KYLE_AI_DATABASE/A_CAMERA/Focal_species/Gulo gulo/HFW12-F7/DM/2016/COLOR/Robust marks/03.10-11.33/IMG_1974.JPG,IMG_1974.JPG,HFW12-F7_2016_201603101133_IMG_1974.jpg,0.9276651740074158,419.9826354980469,297.26806640625,402.7394104003906,977.2752685546875,2048,1536,402,977
HFW12-F7,2016,201603101133,DM,1,/Volumes/Seagate Portable Drive/KYLE_AI_DATABASE/A_CAMERA/Focal_species/Gulo gulo/HFW12-F7/DM/2016/COLOR/Robust marks/03.10-11.33/IMG_1975.JPG,IMG_1975.JPG,HFW12-F7_2016_201603101133_IMG_1975.jpg,0.935839831829071,420.3815002441406,294.12530517578125,408.7983093261719,992.7611694335938,2048,1536,408,992
HFW12-F7,2016,201603101133,DM,1,/Volumes/Seagate Portable Drive/KYLE_AI_DATABASE/A_CAMERA/Focal_species/Gulo gulo/HFW12-F7/DM/2016/COLOR/Robust marks/03.10-11.33/IMG_1976.JPG,IMG_1976.JPG,HFW12-F7_2016_201603101133_IMG_1976.jpg,0.9375928044319153,414.5019836425781,302.5014953613281,404.5369567871094,989.2664794921875,2048,1536,404,989
HFW12-F7,2016,201603101133,DM,1,/Volumes/Seagate Portable Drive/KYLE_AI_DATABASE/A_CAMERA/Focal_species/Gulo gulo/HFW12-F7/DM/2016/COLOR/Robust marks/03.10-11.33/IMG_1977.JPG,IMG_1977.JPG,HFW12-F7_2016_201603101133_IMG_1977.jpg,0.9418591260910034,412.61553955078125,297.013916015625,408.7938232421875,982.209716796875,2048,1536,408,982
HFW12-F7,2016,201603101133,DM,1,/Volumes/Seagate Portable Drive/KYLE_AI_DATABASE/A_CAMERA/Focal_species/Gulo gulo/HFW12-F7/DM/2016/COLOR/Robust marks/03.10-11.33/IMG_1978.JPG,IMG_1978.JPG,HFW12-F7_2016_201603101133_IMG_1978.jpg,0.9356787800788879,412.81878662109375,294.18133544921875,416.170166015625,977.6140747070312,2048,1536,416,977
HFW12-F7,2016,201603101133,DM,1,/Volumes/Seagate Portable Drive/KYLE_AI_DATABASE/A_CAMERA/Focal_species/Gulo gulo/HFW12-F7/DM/2016/COLOR/Robust marks/03.10-11.33/IMG_1979.JPG,IMG_1979.JPG,HFW12-F7_2016_201603101133_IMG_1979.jpg,0.9329923391342163,413.8873291015625,288.2980041503906,412.781494140625,996.74072265625,2048,1536,412,996
HFW12-F7,2016,201603101133,DM,1,/Volumes/Seagate Portable Drive/KYLE_AI_DATABASE/A_CAMERA/Focal_species/Gulo gulo/HFW12-F7/DM/2016/COLOR/Robust marks/03.10-11.33/IMG_1980.JPG,IMG_1980.JPG,HFW12-F7_2016_201603101133_IMG_1980.jpg,0.9374164342880249,414.75921630859375,301.33056640625,414.595947265625,982.0390625,2048,1536,414,982
HFW12-F7,2016,201603101133,DM,1,/Volumes/Seagate Portable Drive/KYLE_AI_DATABASE/A_CAMERA/Focal_species/Gulo gulo/HFW12-F7/DM/2016/COLOR/Robust marks/03.10-11.33/IMG_1981.JPG,IMG_1981.JPG,HFW12-F7_2016_201603101133_IMG_1981.jpg,0.9331152439117432,412.02691650390625,317.54083251953125,441.4942626953125,965.8615112304688,2048,1536,441,965
HFW12-F7,2016,201603101133,DM,1,/Volumes/Seagate Portable Drive/KYLE_AI_DATABASE/A_CAMERA/Focal_species/Gulo gulo/HFW12-F7/DM/2016/COLOR/Robust marks/03.10-11.33/IMG_1982.JPG,IMG_1982.JPG,HFW12-F7_2016_201603101133_IMG_1982.jpg,0.9296419024467468,416.27294921875,269.07122802734375,448.412841796875,971.6355590820312,2048,1536,448,971
HFW12-F7,2016,201603101133,DM,1,/Volumes/Seagate Portable Drive/KYLE_AI_DATABASE/A_CAMERA/Focal_species/Gulo gulo/HFW12-F7/DM/2016/COLOR/Robust marks/03.10-11.33/IMG_1983.JPG,IMG_1983.JPG,HFW12-F7_2016_201603101133_IMG_1983.jpg,0.9271247386932373,415.71173095703125,295.6871337890625,409.3267822265625,989.6153564453125,2048,1536,409,989
HFW12-F7,2016,201603101133,DM,1,/Volumes/Seagate Portable Drive/KYLE_AI_DATABASE/A_CAMERA/Focal_species/Gulo gulo/HFW12-F7/DM/2016/COLOR/Robust marks/03.10-11.33/IMG_1984.JPG,IMG_1984.JPG,HFW12-F7_2016_201603101133_IMG_1984.jpg,0.9241359829902649,410.086181640625,273.609130859375,431.2034912109375,1008.73974609375,2048,1536,431,1008
HFW12-F7,2016,201603101133,DM,1,/Volumes/Seagate Portable Drive/KYLE_AI_DATABASE/A_CAMERA/Focal_species/Gulo gulo/HFW12-F7/DM/2016/COLOR/Robust marks/03.10-11.33/IMG_1985.JPG,IMG_1985.JPG,HFW12-F7_2016_201603101133_IMG_1985.jpg,0.9278103709220886,410.1522521972656,314.32147216796875,429.0755310058594,955.1560668945312,2048,1536,429,955
HFW12-F7,2016,201603101133,DM,1,/Volumes/Seagate Portable Drive/KYLE_AI_DATABASE/A_CAMERA/Focal_species/Gulo gulo/HFW12-F7/DM/2016/COLOR/Robust marks/03.10-11.33/IMG_1986.JPG,IMG_1986.JPG,HFW12-F7_2016_201603101133_IMG_1986.jpg,0.9498727321624756,435.28558349609375,291.15576171875,438.711669921875,943.8118896484375,2048,1536,438,943
HFW12-F7,2016,201603101133,DM,1,/Volumes/Seagate Portable Drive/KYLE_AI_DATABASE/A_CAMERA/Focal_species/Gulo gulo/HFW12-F7/DM/2016/COLOR/Robust marks/03.10-11.33/IMG_1987.JPG,IMG_1987.JPG,HFW12-F7_2016_201603101133_IMG_1987.jpg,0.9409245848655701,440.5276184082031,291.92254638671875,446.5373229980469,943.5515747070312,2048,1536,446,943
HFW12-F7,2016,201603101133,DM,1,/Volumes/Seagate Portable Drive/KYLE_AI_DATABASE/A_CAMERA/Focal_species/Gulo gulo/HFW12-F7/DM/2016/COLOR/Robust marks/03.10-11.33/IMG_1988.JPG,IMG_1988.JPG,HFW12-F7_2016_201603101133_IMG_1988.jpg,0.9313982725143433,435.75933837890625,282.5301818847656,446.6807861328125,962.6636962890625,2048,1536,446,962
HFW12-F7,2016,201603101133,DM,1,/Volumes/Seagate Portable Drive/KYLE_AI_DATABASE/A_CAMERA/Focal_species/Gulo gulo/HFW12-F7/DM/2016/COLOR/Robust marks/03.10-11.33/IMG_1989.JPG,IMG_1989.JPG,HFW12-F7_2016_201603101133_IMG_1989.jpg,0.932060182094574,434.66729736328125,294.2010498046875,479.18212890625,958.5323486328125,2048,1536,479,958
HFW12-F7,2016,201603101133,DM,1,/Volumes/Seagate Portable Drive/KYLE_AI_DATABASE/A_CAMERA/Focal_species/Gulo gulo/HFW12-F7/DM/2016/COLOR/Robust marks/03.10-11.33/IMG_1990.JPG,IMG_1990.JPG,HFW12-F7_2016_201603101133_IMG_1990.jpg,0.93789142370224,431.32952880859375,282.19488525390625,458.26025390625,971.4583129882812,2048,1536,458,971
HFW12-F7,2016,201603101133,DM,1,/Volumes/Seagate Portable Drive/KYLE_AI_DATABASE/A_CAMERA/Focal_species/Gulo gulo/HFW12-F7/DM/2016/COLOR/Robust marks/03.10-11.33/IMG_1991.JPG,IMG_1991.JPG,HFW12-F7_2016_201603101133_IMG_1991.jpg,0.8575559258460999,443.90655517578125,304.35400390625,403.180908203125,1049.906005859375,2048,1536,403,1049
HFW12-F7,2016,201603101133,DM,1,/Volumes/Seagate Portable Drive/KYLE_AI_DATABASE/A_CAMERA/Focal_species/Gulo gulo/HFW12-F7/DM/2016/COLOR/Robust marks/03.10-11.33/IMG_1992.JPG,IMG_1992.JPG,HFW12-F7_2016_201603101133_IMG_1992.jpg,0.9172220826148987,438.99078369140625,256.8734436035156,363.3372802734375,985.5614013671875,2048,1536,363,985
HFW12-F7,2016,201603101133,DM,1,/Volumes/Seagate Portable Drive/KYLE_AI_DATABASE/A_CAMERA/Focal_species/Gulo gulo/HFW12-F7/DM/2016/COLOR/Robust marks/03.10-11.33/IMG_1993.JPG,IMG_1993.JPG,HFW12-F7_2016_201603101133_IMG_1993.jpg,0.9178221225738525,410.8521728515625,283.0601806640625,444.8109130859375,949.420654296875,2048,1536,444,949
HFW12-F7,2016,201603101133,DM,1,/Volumes/Seagate Portable Drive/KYLE_AI_DATABASE/A_CAMERA/Focal_species/Gulo gulo/HFW12-F7/DM/2016/COLOR/Robust marks/03.10-11.33/IMG_1994.JPG,IMG_1994.JPG,HFW12-F7_2016_201603101133_IMG_1994.jpg,0.9301125407218933,418.37091064453125,270.3099060058594,426.88818359375,964.6195068359375,2048,1536,426,964
HFW12-F7,2016,201603101133,DM,1,/Volumes/Seagate Portable Drive/KYLE_AI_DATABASE/A_CAMERA/Focal_species/Gulo gulo/HFW12-F7/DM/2016/COLOR/Robust marks/03.10-11.33/IMG_1995.JPG,IMG_1995.JPG,HFW12-F7_2016_201603101133_IMG_1995.jpg,0.9212087392807007,419.4925537109375,273.748779296875,353.1282958984375,984.7933349609375,2048,1536,353,984
HFW12-F7,2016,201603101133,DM,1,/Volumes/Seagate Portable Drive/KYLE_AI_DATABASE/A_CAMERA/Focal_species/Gulo gulo/HFW12-F7/DM/2016/COLOR/Robust marks/03.10-11.33/IMG_1996.JPG,IMG_1996.JPG,HFW12-F7_2016_201603101133_IMG_1996.jpg,0.9240584373474121,421.910888671875,314.83843994140625,395.883544921875,919.9512329101562,2048,1536,395,919
HFW12-F7,2016,201603101133,DM,1,/Volumes/Seagate Portable Drive/KYLE_AI_DATABASE/A_CAMERA/Focal_species/Gulo gulo/HFW12-F7/DM/2016/COLOR/Robust marks/03.10-11.33/IMG_1997.JPG,IMG_1997.JPG,HFW12-F7_2016_201603101133_IMG_1997.jpg,0.9188669323921204,426.051025390625,307.40509033203125,388.5496826171875,924.2391967773438,2048,1536,388,924
HFW12-F7,2016,201603101133,DM,1,/Volumes/Seagate Portable Drive/KYLE_AI_DATABASE/A_CAMERA/Focal_species/Gulo gulo/HFW12-F7/DM/2016/COLOR/Robust marks/03.10-11.33/IMG_1998.JPG,IMG_1998.JPG,HFW12-F7_2016_201603101133_IMG_1998.jpg,0.9290115237236023,431.28411865234375,287.0558166503906,393.7652587890625,944.3531494140625,2048,1536,393,944
HFW12-F7,2016,201603101133,DM,1,/Volumes/Seagate Portable Drive/KYLE_AI_DATABASE/A_CAMERA/Focal_species/Gulo gulo/HFW12-F7/DM/2016/COLOR/Robust marks/03.10-11.33/IMG_1999.JPG,IMG_1999.JPG,HFW12-F7_2016_201603101133_IMG_1999.jpg,0.9309778809547424,431.4184875488281,274.69842529296875,393.8576354980469,955.8688354492188,2048,1536,393,955
HFW12-F7,2016,201603101133,DM,1,/Volumes/Seagate Portable Drive/KYLE_AI_DATABASE/A_CAMERA/Focal_species/Gulo gulo/HFW12-F7/DM/2016/COLOR/Robust marks/03.10-11.33/IMG_2000.JPG,IMG_2000.JPG,HFW12-F7_2016_201603101133_IMG_2000.jpg,0.9246665239334106,430.8631286621094,297.15283203125,396.1383361816406,931.54638671875,2048,1536,396,931
HFW12-F7,2016,201603101133,DM,1,/Volumes/Seagate Portable Drive/KYLE_AI_DATABASE/A_CAMERA/Focal_species/Gulo gulo/HFW12-F7/DM/2016/COLOR/Robust marks/03.10-11.33/IMG_2001.JPG,IMG_2001.JPG,HFW12-F7_2016_201603101133_IMG_2001.jpg,0.9540403485298157,416.03497314453125,257.9820556640625,370.594970703125,1004.2208251953125,2048,1536,370,1004
HFW12-F7,2016,201603101133,DM,1,/Volumes/Seagate Portable Drive/KYLE_AI_DATABASE/A_CAMERA/Focal_species/Gulo gulo/HFW12-F7/DM/2016/COLOR/Robust marks/03.10-11.33/IMG_2002.JPG,IMG_2002.JPG,HFW12-F7_2016_201603101133_IMG_2002.jpg,0.9204097390174866,420.6006164550781,270.952880859375,439.7642517089844,952.837646484375,2048,1536,439,952
HFW12-F7,2016,201603101133,DM,1,/Volumes/Seagate Portable Drive/KYLE_AI_DATABASE/A_CAMERA/Focal_species/Gulo gulo/HFW12-F7/DM/2016/COLOR/Robust marks/03.10-11.33/IMG_2003.JPG,IMG_2003.JPG,HFW12-F7_2016_201603101133_IMG_2003.jpg,0.9424024820327759,431.2708435058594,263.07489013671875,389.1870422363281,970.3262329101562,2048,1536,389,970
HFW12-F7,2016,201603101133,DM,1,/Volumes/Seagate Portable Drive/KYLE_AI_DATABASE/A_CAMERA/Focal_species/Gulo gulo/HFW12-F7/DM/2016/COLOR/Robust marks/03.10-11.33/IMG_2004.JPG,IMG_2004.JPG,HFW12-F7_2016_201603101133_IMG_2004.jpg,0.9532900452613831,421.82672119140625,256.9439697265625,411.8797607421875,966.564208984375,2048,1536,411,966
HFW12-F7,2016,201603101133,DM,1,/Volumes/Seagate Portable Drive/KYLE_AI_DATABASE/A_CAMERA/Focal_species/Gulo gulo/HFW12-F7/DM/2016/COLOR/Robust marks/03.10-11.33/IMG_2005.JPG,IMG_2005.JPG,HFW12-F7_2016_201603101133_IMG_2005.jpg,0.952370822429657,439.236328125,258.27838134765625,408.143310546875,949.5231323242188,2048,1536,408,949
HFW12-F7,2016,201603101133,DM,1,/Volumes/Seagate Portable Drive/KYLE_AI_DATABASE/A_CAMERA/Focal_species/Gulo gulo/HFW12-F7/DM/2016/COLOR/Robust marks/03.10-11.33/IMG_2006.JPG,IMG_2006.JPG,HFW12-F7_2016_201603101133_IMG_2006.jpg,0.9488589763641357,435.5715026855469,264.9678039550781,414.2430725097656,949.22412109375,2048,1536,414,949
HFW12-F7,2016,201603101133,DM,1,/Volumes/Seagate Portable Drive/KYLE_AI_DATABASE/A_CAMERA/Focal_species/Gulo gulo/HFW12-F7/DM/2016/COLOR/Robust marks/03.10-11.33/IMG_2007.JPG,IMG_2007.JPG,HFW12-F7_2016_201603101133_IMG_2007.jpg,0.9334434270858765,423.58953857421875,268.62579345703125,363.7039794921875,973.3363647460938,2048,1536,363,973
HFW12-F7,2016,201603101133,DM,1,/Volumes/Seagate Portable Drive/KYLE_AI_DATABASE/A_CAMERA/Focal_species/Gulo gulo/HFW12-F7/DM/2016/COLOR/Robust marks/03.10-11.33/IMG_2008.JPG,IMG_2008.JPG,HFW12-F7_2016_201603101133_IMG_2008.jpg,0.9260736703872681,422.54534912109375,269.4538879394531,363.2650146484375,997.4813232421875,2048,1536,363,997
HFW12-F7,2016,201603101133,DM,1,/Volumes/Seagate Portable Drive/KYLE_AI_DATABASE/A_CAMERA/Focal_species/Gulo gulo/HFW12-F7/DM/2016/COLOR/Robust marks/03.10-11.33/IMG_2009.JPG,IMG_2009.JPG,HFW12-F7_2016_201603101133_IMG_2009.jpg,0.943671703338623,428.0061340332031,265.2567138671875,370.1988220214844,971.5408935546875,2048,1536,370,971
HFW12-F7,2016,201603101133,DM,1,/Volumes/Seagate Portable Drive/KYLE_AI_DATABASE/A_CAMERA/Focal_species/Gulo gulo/HFW12-F7/DM/2016/COLOR/Robust marks/03.10-11.33/IMG_2010.JPG,IMG_2010.JPG,HFW12-F7_2016_201603101133_IMG_2010.jpg,0.923183023929596,423.9001770019531,285.52166748046875,359.0231628417969,979.2614135742188,2048,1536,359,979
HFW12-F7,2016,201603101133,DM,1,/Volumes/Seagate Portable Drive/KYLE_AI_DATABASE/A_CAMERA/Focal_species/Gulo gulo/HFW12-F7/DM/2016/COLOR/Robust marks/03.10-11.33/IMG_2011.JPG,IMG_2011.JPG,HFW12-F7_2016_201603101133_IMG_2011.jpg,0.9201488494873047,394.82257080078125,269.98858642578125,361.1318359375,980.6718139648438,2048,1536,361,980
HFW12-F7,2016,201603101133,DM,1,/Volumes/Seagate Portable Drive/KYLE_AI_DATABASE/A_CAMERA/Focal_species/Gulo gulo/HFW12-F7/DM/2016/COLOR/Robust marks/03.10-11.33/IMG_2012.JPG,IMG_2012.JPG,HFW12-F7_2016_201603101133_IMG_2012.jpg,0.9456280469894409,438.9290466308594,240.59307861328125,411.9630432128906,955.0104370117188,2048,1536,411,955
HFW12-F7,2016,201603101133,DM,1,/Volumes/Seagate Portable Drive/KYLE_AI_DATABASE/A_CAMERA/Focal_species/Gulo gulo/HFW12-F7/DM/2016/COLOR/Robust marks/03.10-11.33/IMG_2013.JPG,IMG_2013.JPG,HFW12-F7_2016_201603101133_IMG_2013.jpg,0.9555690288543701,443.4710693359375,244.43678283691406,399.4425048828125,973.2237548828125,2048,1536,399,973
HFW12-F7,2016,201603101133,DM,1,/Volumes/Seagate Portable Drive/KYLE_AI_DATABASE/A_CAMERA/Focal_species/Gulo gulo/HFW12-F7/DM/2016/COLOR/Robust marks/03.10-11.33/IMG_2014.JPG,IMG_2014.JPG,HFW12-F7_2016_201603101133_IMG_2014.jpg,0.9291324019432068,436.7545471191406,300.865478515625,376.7382507324219,920.205322265625,2048,1536,376,920
HFW12-F7,2016,201603101133,DM,1,/Volumes/Seagate Portable Drive/KYLE_AI_DATABASE/A_CAMERA/Focal_species/Gulo gulo/HFW12-F7/DM/2016/COLOR/Robust marks/03.10-11.33/IMG_2015.JPG,IMG_2015.JPG,HFW12-F7_2016_201603101133_IMG_2015.jpg,0.9307906031608582,436.47064208984375,293.9720458984375,391.8990478515625,939.418701171875,2048,1536,391,939
HFW12-F7,2016,201603101133,DM,1,/Volumes/Seagate Portable Drive/KYLE_AI_DATABASE/A_CAMERA/Focal_species/Gulo gulo/HFW12-F7/DM/2016/COLOR/Robust marks/03.10-11.33/IMG_2016.JPG,IMG_2016.JPG,HFW12-F7_2016_201603101133_IMG_2016.jpg,0.9339568614959717,427.761474609375,273.3679504394531,401.8765869140625,965.344482421875,2048,1536,401,965
HFW12-F7,2016,201603101133,DM,1,/Volumes/Seagate Portable Drive/KYLE_AI_DATABASE/A_CAMERA/Focal_species/Gulo gulo/HFW12-F7/DM/2016/COLOR/Robust marks/03.10-11.33/IMG_2017.JPG,IMG_2017.JPG,HFW12-F7_2016_201603101133_IMG_2017.jpg,0.9402232766151428,445.52117919921875,269.7374267578125,420.5916748046875,958.9267578125,2048,1536,420,958
HFW12-F7,2016,201603101133,DM,1,/Volumes/Seagate Portable Drive/KYLE_AI_DATABASE/A_CAMERA/Focal_species/Gulo gulo/HFW12-F7/DM/2016/COLOR/Robust marks/03.10-11.33/IMG_2018.JPG,IMG_2018.JPG,HFW12-F7_2016_201603101133_IMG_2018.jpg,0.9287042021751404,446.19110107421875,307.5055847167969,405.4058837890625,913.3934326171875,2048,1536,405,913
HFW12-F7,2016,201603101133,DM,1,/Volumes/Seagate Portable Drive/KYLE_AI_DATABASE/A_CAMERA/Focal_species/Gulo gulo/HFW12-F7/DM/2016/COLOR/Robust marks/03.10-11.33/IMG_2019.JPG,IMG_2019.JPG,HFW12-F7_2016_201603101133_IMG_2019.jpg,0.9463598132133484,448.7466735839844,269.97564697265625,411.0950012207031,955.7468872070312,2048,1536,411,955
HFW12-F7,2016,201603101133,DM,1,/Volumes/Seagate Portable Drive/KYLE_AI_DATABASE/A_CAMERA/Focal_species/Gulo gulo/HFW12-F7/DM/2016/COLOR/Robust marks/03.10-11.33/IMG_2020.JPG,IMG_2020.JPG,HFW12-F7_2016_201603101133_IMG_2020.jpg,0.9331502914428711,435.52850341796875,277.7551574707031,391.14892578125,954.017333984375,2048,1536,391,954
HFW12-F7,2016,201603101133,DM,1,/Volumes/Seagate Portable Drive/KYLE_AI_DATABASE/A_CAMERA/Focal_species/Gulo gulo/HFW12-F7/DM/2016/COLOR/Robust marks/03.10-11.33/IMG_2021.JPG,IMG_2021.JPG,HFW12-F7_2016_201603101133_IMG_2021.jpg,0.9200574159622192,451.17852783203125,310.1597900390625,355.3421630859375,920.3551025390625,2048,1536,355,920
HFW12-F7,2016,201603101133,DM,1,/Volumes/Seagate Portable Drive/KYLE_AI_DATABASE/A_CAMERA/Focal_species/Gulo gulo/HFW12-F7/DM/2016/COLOR/Robust marks/03.10-11.33/IMG_2022.JPG,IMG_2022.JPG,HFW12-F7_2016_201603101133_IMG_2022.jpg,0.924498975276947,449.4306335449219,291.4735107421875,350.7955627441406,934.4691162109375,2048,1536,350,934
HFW12-F7,2016,201603101133,DM,1,/Volumes/Seagate Portable Drive/KYLE_AI_DATABASE/A_CAMERA/Focal_species/Gulo gulo/HFW12-F7/DM/2016/COLOR/Robust marks/03.10-11.33/IMG_2023.JPG,IMG_2023.JPG,HFW12-F7_2016_201603101133_IMG_2023.jpg,0.9281548857688904,451.0739440917969,302.1189880371094,355.2554016113281,927.83642578125,2048,1536,355,927
HFW12-F7,2016,201603101133,DM,1,/Volumes/Seagate Portable Drive/KYLE_AI_DATABASE/A_CAMERA/Focal_species/Gulo gulo/HFW12-F7/DM/2016/COLOR/Robust marks/03.10-11.33/IMG_2024.JPG,IMG_2024.JPG,HFW12-F7_2016_201603101133_IMG_2024.jpg,0.9342476725578308,453.9808654785156,316.1688537597656,359.9992370605469,912.80224609375,2048,1536,359,912
HFW12-F7,2016,201603101133,DM,1,/Volumes/Seagate Portable Drive/KYLE_AI_DATABASE/A_CAMERA/Focal_species/Gulo gulo/HFW12-F7/DM/2016/COLOR/Robust marks/03.10-11.33/IMG_2025.JPG,IMG_2025.JPG,HFW12-F7_2016_201603101133_IMG_2025.jpg,0.9297829866409302,451.0787353515625,316.2264404296875,359.8236083984375,911.4927978515625,2048,1536,359,911
HFW12-F7,2016,201603101133,DM,1,/Volumes/Seagate Portable Drive/KYLE_AI_DATABASE/A_CAMERA/Focal_species/Gulo gulo/HFW12-F7/DM/2016/COLOR/Robust marks/03.10-11.33/IMG_2026.JPG,IMG_2026.JPG,HFW12-F7_2016_201603101133_IMG_2026.jpg,0.9371941089630127,453.0047607421875,320.4994812011719,361.3109130859375,909.08544921875,2048,1536,361,909
HFW12-F7,2016,201603101133,DM,1,/Volumes/Seagate Portable Drive/KYLE_AI_DATABASE/A_CAMERA/Focal_species/Gulo gulo/HFW12-F7/DM/2016/COLOR/Robust marks/03.10-11.33/IMG_2027.JPG,IMG_2027.JPG,HFW12-F7_2016_201603101133_IMG_2027.jpg,0.9264435172080994,455.31390380859375,299.05517578125,360.1602783203125,927.7142333984375,2048,1536,360,927
HFW12-F7,2016,201603101133,DM,1,/Volumes/Seagate Portable Drive/KYLE_AI_DATABASE/A_CAMERA/Focal_species/Gulo gulo/HFW12-F7/DM/2016/COLOR/Robust marks/03.10-11.33/IMG_2028.JPG,IMG_2028.JPG,HFW12-F7_2016_201603101133_IMG_2028.jpg,0.9269023537635803,456.520263671875,311.6282958984375,363.614990234375,915.9622802734375,2048,1536,363,915
HFW12-F7,2016,201603101133,DM,1,/Volumes/Seagate Portable Drive/KYLE_AI_DATABASE/A_CAMERA/Focal_species/Gulo gulo/HFW12-F7/DM/2016/COLOR/Robust marks/03.10-11.33/IMG_2029.JPG,IMG_2029.JPG,HFW12-F7_2016_201603101133_IMG_2029.jpg,0.9143287539482117,459.48187255859375,308.75946044921875,383.797119140625,917.1609497070312,2048,1536,383,917
HFW12-F7,2016,201603101133,DM,1,/Volumes/Seagate Portable Drive/KYLE_AI_DATABASE/A_CAMERA/Focal_species/Gulo gulo/HFW12-F7/DM/2016/COLOR/Robust marks/03.10-11.33/IMG_2030.JPG,IMG_2030.JPG,HFW12-F7_2016_201603101133_IMG_2030.jpg,0.9226385951042175,457.4281921386719,309.5268859863281,386.6535949707031,922.7166748046875,2048,1536,386,922
HFW12-F7,2016,201603101133,DM,1,/Volumes/Seagate Portable Drive/KYLE_AI_DATABASE/A_CAMERA/Focal_species/Gulo gulo/HFW12-F7/DM/2016/COLOR/Robust marks/03.10-11.33/IMG_2031.JPG,IMG_2031.JPG,HFW12-F7_2016_201603101133_IMG_2031.jpg,0.927484929561615,426.82037353515625,289.14141845703125,380.4927978515625,942.7868041992188,2048,1536,380,942
HFW12-F7,2016,201603101133,DM,1,/Volumes/Seagate Portable Drive/KYLE_AI_DATABASE/A_CAMERA/Focal_species/Gulo gulo/HFW12-F7/DM/2016/COLOR/Robust marks/03.10-11.33/IMG_2032.JPG,IMG_2032.JPG,HFW12-F7_2016_201603101133_IMG_2032.jpg,0.9298323392868042,439.0135192871094,318.3173828125,372.2472229003906,916.638671875,2048,1536,372,916
HFW12-F7,2016,201603101133,DM,1,/Volumes/Seagate Portable Drive/KYLE_AI_DATABASE/A_CAMERA/Focal_species/Gulo gulo/HFW12-F7/DM/2016/COLOR/Robust marks/03.10-11.33/IMG_2033.JPG,IMG_2033.JPG,HFW12-F7_2016_201603101133_IMG_2033.jpg,0.9338247776031494,437.7374267578125,272.2047119140625,357.4466552734375,970.639404296875,2048,1536,357,970
HFW12-F7,2016,201603101133,DM,1,/Volumes/Seagate Portable Drive/KYLE_AI_DATABASE/A_CAMERA/Focal_species/Gulo gulo/HFW12-F7/DM/2016/COLOR/Robust marks/03.10-11.33/IMG_2034.JPG,IMG_2034.JPG,HFW12-F7_2016_201603101133_IMG_2034.jpg,0.9342437386512756,425.3485107421875,263.1949768066406,344.177734375,988.3817138671875,2048,1536,344,988
HFW12-F7,2016,201603101133,DM,1,/Volumes/Seagate Portable Drive/KYLE_AI_DATABASE/A_CAMERA/Focal_species/Gulo gulo/HFW12-F7/DM/2016/COLOR/Robust marks/03.10-11.33/IMG_2035.JPG,IMG_2035.JPG,HFW12-F7_2016_201603101133_IMG_2035.jpg,0.960979700088501,433.76318359375,252.7060546875,374.7979736328125,980.02978515625,2048,1536,374,980
HFW12-F7,2016,201603101133,DM,1,/Volumes/Seagate Portable Drive/KYLE_AI_DATABASE/A_CAMERA/Focal_species/Gulo gulo/HFW12-F7/DM/2016/COLOR/Robust marks/03.10-11.33/IMG_2036.JPG,IMG_2036.JPG,HFW12-F7_2016_201603101133_IMG_2036.jpg,0.9457793831825256,453.03240966796875,273.0110778808594,363.4698486328125,949.8409423828125,2048,1536,363,949
HFW12-F7,2016,201603101133,DM,1,/Volumes/Seagate Portable Drive/KYLE_AI_DATABASE/A_CAMERA/Focal_species/Gulo gulo/HFW12-F7/DM/2016/COLOR/Robust marks/03.10-11.33/IMG_2037.JPG,IMG_2037.JPG,HFW12-F7_2016_201603101133_IMG_2037.jpg,0.9440580606460571,464.70556640625,259.98480224609375,394.1455078125,952.5654907226562,2048,1536,394,952
HFW12-F7,2016,201603101133,DM,1,/Volumes/Seagate Portable Drive/KYLE_AI_DATABASE/A_CAMERA/Focal_species/Gulo gulo/HFW12-F7/DM/2016/COLOR/Robust marks/03.10-11.33/IMG_2038.JPG,IMG_2038.JPG,HFW12-F7_2016_201603101133_IMG_2038.jpg,0.9541366100311279,470.25830078125,259.1834716796875,398.1068115234375,949.4791259765625,2048,1536,398,949
HFW12-F7,2016,201603101133,DM,1,/Volumes/Seagate Portable Drive/KYLE_AI_DATABASE/A_CAMERA/Focal_species/Gulo gulo/HFW12-F7/DM/2016/COLOR/Robust marks/03.10-11.33/IMG_2039.JPG,IMG_2039.JPG,HFW12-F7_2016_201603101133_IMG_2039.jpg,0.9516242742538452,473.5418701171875,274.3299560546875,414.729248046875,921.3887939453125,2048,1536,414,921
HFW12-F7,2016,201603101133,DM,1,/Volumes/Seagate Portable Drive/KYLE_AI_DATABASE/A_CAMERA/Focal_species/Gulo gulo/HFW12-F7/DM/2016/COLOR/Robust marks/03.10-11.33/IMG_2040.JPG,IMG_2040.JPG,HFW12-F7_2016_201603101133_IMG_2040.jpg,0.9569819569587708,472.54083251953125,268.8025817871094,387.133544921875,930.7318115234375,2048,1536,387,930
HFW12-F7,2016,201603101133,DM,1,/Volumes/Seagate Portable Drive/KYLE_AI_DATABASE/A_CAMERA/Focal_species/Gulo gulo/HFW12-F7/DM/2016/COLOR/Robust marks/03.10-11.33/IMG_2041.JPG,IMG_2041.JPG,HFW12-F7_2016_201603101133_IMG_2041.jpg,0.9515300393104553,431.8463134765625,242.6535186767578,418.524658203125,953.8460083007812,2048,1536,418,953
HFW12-F7,2016,201603101133,DM,1,/Volumes/Seagate Portable Drive/KYLE_AI_DATABASE/A_CAMERA/Focal_species/Gulo gulo/HFW12-F7/DM/2016/COLOR/Robust marks/03.10-11.33/IMG_2042.JPG,IMG_2042.JPG,HFW12-F7_2016_201603101133_IMG_2042.jpg,0.9539119005203247,453.93817138671875,252.01318359375,419.7637939453125,945.652099609375,2048,1536,419,945
HFW12-F7,2016,201603101133,DM,1,/Volumes/Seagate Portable Drive/KYLE_AI_DATABASE/A_CAMERA/Focal_species/Gulo gulo/HFW12-F7/DM/2016/COLOR/Robust marks/03.10-11.33/IMG_2043.JPG,IMG_2043.JPG,HFW12-F7_2016_201603101133_IMG_2043.jpg,0.9424331784248352,453.767822265625,248.54324340820312,412.7574462890625,949.5250244140625,2048,1536,412,949
HFW12-F7,2016,201603101133,DM,1,/Volumes/Seagate Portable Drive/KYLE_AI_DATABASE/A_CAMERA/Focal_species/Gulo gulo/HFW12-F7/DM/2016/COLOR/Robust marks/03.10-11.33/IMG_2044.JPG,IMG_2044.JPG,HFW12-F7_2016_201603101133_IMG_2044.jpg,0.9330593943595886,455.24176025390625,275.80999755859375,406.6373291015625,921.9696655273438,2048,1536,406,921
HFW12-F7,2016,201603101133,DM,1,/Volumes/Seagate Portable Drive/KYLE_AI_DATABASE/A_CAMERA/Focal_species/Gulo gulo/HFW12-F7/DM/2016/COLOR/Robust marks/03.10-11.33/IMG_2045.JPG,IMG_2045.JPG,HFW12-F7_2016_201603101133_IMG_2045.jpg,0.9477022290229797,456.3529052734375,257.37933349609375,416.438232421875,942.8561401367188,2048,1536,416,942
HFW12-F7,2016,201603101133,DM,1,/Volumes/Seagate Portable Drive/KYLE_AI_DATABASE/A_CAMERA/Focal_species/Gulo gulo/HFW12-F7/DM/2016/COLOR/Robust marks/03.10-11.33/IMG_2046.JPG,IMG_2046.JPG,HFW12-F7_2016_201603101133_IMG_2046.jpg,0.9460299015045166,464.67352294921875,267.2723693847656,413.846923828125,932.70947265625,2048,1536,413,932
HFW12-F7,2016,201603101133,DM,1,/Volumes/Seagate Portable Drive/KYLE_AI_DATABASE/A_CAMERA/Focal_species/Gulo gulo/HFW12-F7/DM/2016/COLOR/Robust marks/03.10-11.33/IMG_2047.JPG,IMG_2047.JPG,HFW12-F7_2016_201603101133_IMG_2047.jpg,0.9322220683097839,462.78338623046875,287.4635009765625,401.1011962890625,912.4942626953125,2048,1536,401,912
HFW12-F7,2016,201603101133,DM,1,/Volumes/Seagate Portable Drive/KYLE_AI_DATABASE/A_CAMERA/Focal_species/Gulo gulo/HFW12-F7/DM/2016/COLOR/Robust marks/03.10-11.33/IMG_2048.JPG,IMG_2048.JPG,HFW12-F7_2016_201603101133_IMG_2048.jpg,0.9345118403434753,427.541015625,278.66363525390625,351.8193359375,955.4282836914062,2048,1536,351,955
HFW12-F7,2016,201603101133,DM,1,/Volumes/Seagate Portable Drive/KYLE_AI_DATABASE/A_CAMERA/Focal_species/Gulo gulo/HFW12-F7/DM/2016/COLOR/Robust marks/03.10-11.33/IMG_2049.JPG,IMG_2049.JPG,HFW12-F7_2016_201603101133_IMG_2049.jpg,0.9414693713188171,451.8180236816406,276.762939453125,348.8556823730469,909.9365234375,2048,1536,348,909
HFW12-F7,2016,201603101133,DM,1,/Volumes/Seagate Portable Drive/KYLE_AI_DATABASE/A_CAMERA/Focal_species/Gulo gulo/HFW12-F7/DM/2016/COLOR/Robust marks/03.10-11.33/IMG_2050.JPG,IMG_2050.JPG,HFW12-F7_2016_201603101133_IMG_2050.jpg,0.8870207071304321,451.47088623046875,400.1552734375,350.95751953125,795.1494140625,2048,1536,350,795
HFW12-F7,2016,201603101133,DM,1,/Volumes/Seagate Portable Drive/KYLE_AI_DATABASE/A_CAMERA/Focal_species/Gulo gulo/HFW12-F7/DM/2016/COLOR/Robust marks/03.10-11.33/IMG_2051.JPG,IMG_2051.JPG,HFW12-F7_2016_201603101133_IMG_2051.jpg,0.9062857627868652,403.1800842285156,341.59686279296875,419.1469421386719,914.0508422851562,2048,1536,419,914
HFW12-F7,2016,201603101133,DM,1,/Volumes/Seagate Portable Drive/KYLE_AI_DATABASE/A_CAMERA/Focal_species/Gulo gulo/HFW12-F7/DM/2016/COLOR/Robust marks/03.10-11.33/IMG_2052.JPG,IMG_2052.JPG,HFW12-F7_2016_201603101133_IMG_2052.jpg,0.9124472141265869,426.89752197265625,322.30352783203125,401.0931396484375,931.0565795898438,2048,1536,401,931
HFW12-F7,2016,201603101133,DM,1,/Volumes/Seagate Portable Drive/KYLE_AI_DATABASE/A_CAMERA/Focal_species/Gulo gulo/HFW12-F7/DM/2016/COLOR/Robust marks/03.10-11.33/IMG_2053.JPG,IMG_2053.JPG,HFW12-F7_2016_201603101133_IMG_2053.jpg,0.9239105582237244,418.7318420410156,363.55072021484375,397.8781433105469,860.9345092773438,2048,1536,397,860
HFW12-F7,2016,201603101133,DM,1,/Volumes/Seagate Portable Drive/KYLE_AI_DATABASE/A_CAMERA/Focal_species/Gulo gulo/HFW12-F7/DM/2016/COLOR/Robust marks/03.10-11.33/IMG_2054.JPG,IMG_2054.JPG,HFW12-F7_2016_201603101133_IMG_2054.jpg,0.9145081043243408,421.15264892578125,362.11944580078125,404.46875,876.5021362304688,2048,1536,404,876
HFW12-F7,2016,201603101133,DM,1,/Volumes/Seagate Portable Drive/KYLE_AI_DATABASE/A_CAMERA/Focal_species/Gulo gulo/HFW12-F7/DM/2016/COLOR/Robust marks/03.10-11.33/IMG_2055.JPG,IMG_2055.JPG,HFW12-F7_2016_201603101133_IMG_2055.jpg,0.905184268951416,429.4163818359375,364.82208251953125,376.2388916015625,917.6901245117188,2048,1536,376,917
HFW12-F7,2016,201603101133,DM,1,/Volumes/Seagate Portable Drive/KYLE_AI_DATABASE/A_CAMERA/Focal_species/Gulo gulo/HFW12-F7/DM/2016/COLOR/Robust marks/03.10-11.33/IMG_2056.JPG,IMG_2056.JPG,HFW12-F7_2016_201603101133_IMG_2056.jpg,0.942598819732666,440.0207824707031,345.05194091796875,449.9765319824219,894.5226440429688,2048,1536,449,894
HFW12-F7,2016,201603101133,DM,1,/Volumes/Seagate Portable Drive/KYLE_AI_DATABASE/A_CAMERA/Focal_species/Gulo gulo/HFW12-F7/DM/2016/COLOR/Robust marks/03.10-11.33/IMG_2057.JPG,IMG_2057.JPG,HFW12-F7_2016_201603101133_IMG_2057.jpg,0.9555999636650085,429.9168701171875,371.177978515625,445.1220703125,855.77197265625,2048,1536,445,855
HFW12-F7,2016,201603101133,DM,1,/Volumes/Seagate Portable Drive/KYLE_AI_DATABASE/A_CAMERA/Focal_species/Gulo gulo/HFW12-F7/DM/2016/COLOR/Robust marks/03.10-11.33/IMG_2058.JPG,IMG_2058.JPG,HFW12-F7_2016_201603101133_IMG_2058.jpg,0.918487012386322,445.070556640625,346.38897705078125,440.6094970703125,876.1483764648438,2048,1536,440,876
HFW12-F7,2016,201603101133,DM,1,/Volumes/Seagate Portable Drive/KYLE_AI_DATABASE/A_CAMERA/Focal_species/Gulo gulo/HFW12-F7/DM/2016/COLOR/Robust marks/03.10-11.33/IMG_2059.JPG,IMG_2059.JPG,HFW12-F7_2016_201603101133_IMG_2059.jpg,0.9519283771514893,435.26123046875,369.3688659667969,442.2738037109375,852.3328857421875,2048,1536,442,852
HFW12-F7,2016,201603101133,DM,1,/Volumes/Seagate Portable Drive/KYLE_AI_DATABASE/A_CAMERA/Focal_species/Gulo gulo/HFW12-F7/DM/2016/COLOR/Robust marks/03.10-11.33/IMG_2060.JPG,IMG_2060.JPG,HFW12-F7_2016_201603101133_IMG_2060.jpg,0.9349997043609619,448.9042053222656,372.38568115234375,413.5747985839844,880.9290161132812,2048,1536,413,880
HFW12-F7,2016,201603101133,DM,1,/Volumes/Seagate Portable Drive/KYLE_AI_DATABASE/A_CAMERA/Focal_species/Gulo gulo/HFW12-F7/DM/2016/COLOR/Robust marks/03.10-11.33/IMG_2071.JPG,IMG_2071.JPG,HFW12-F7_2016_201603101133_IMG_2071.jpg,0.9095442891120911,485.4659423828125,366.00506591796875,363.1903076171875,950.3411254882812,2048,1536,363,950
HFW12-F7,2016,201603101133,DM,1,/Volumes/Seagate Portable Drive/KYLE_AI_DATABASE/A_CAMERA/Focal_species/Gulo gulo/HFW12-F7/DM/2016/COLOR/Robust marks/03.10-11.33/IMG_2072.JPG,IMG_2072.JPG,HFW12-F7_2016_201603101133_IMG_2072.jpg,0.9076678156852722,410.09698486328125,423.69512939453125,439.5792236328125,816.1041870117188,2048,1536,439,816
HFW12-F7,2016,201603101133,DM,1,/Volumes/Seagate Portable Drive/KYLE_AI_DATABASE/A_CAMERA/Focal_species/Gulo gulo/HFW12-F7/DM/2016/COLOR/Robust marks/03.10-11.33/IMG_2074.JPG,IMG_2074.JPG,HFW12-F7_2016_201603101133_IMG_2074.jpg,0.8434564471244812,430.58587646484375,170.13299560546875,416.751953125,1020.9208374023438,2048,1536,416,1020
HFW12-F7,2016,201603101133,DM,1,/Volumes/Seagate Portable Drive/KYLE_AI_DATABASE/A_CAMERA/Focal_species/Gulo gulo/HFW12-F7/DM/2016/COLOR/Robust marks/03.10-11.33/IMG_2075.JPG,IMG_2075.JPG,HFW12-F7_2016_201603101133_IMG_2075.jpg,0.8452534675598145,388.3058166503906,376.0121154785156,400.7864685058594,861.095947265625,2048,1536,400,861
HFW12-F7,2016,201603101133,DM,1,/Volumes/Seagate Portable Drive/KYLE_AI_DATABASE/A_CAMERA/Focal_species/Gulo gulo/HFW12-F7/DM/2016/COLOR/Robust marks/03.10-11.33/IMG_2076.JPG,IMG_2076.JPG,HFW12-F7_2016_201603101133_IMG_2076.jpg,0.8890122175216675,402.14263916015625,344.2105407714844,394.517578125,884.14208984375,2048,1536,394,884
HFW12-F7,2016,201603101133,DM,1,/Volumes/Seagate Portable Drive/KYLE_AI_DATABASE/A_CAMERA/Focal_species/Gulo gulo/HFW12-F7/DM/2016/COLOR/Robust marks/03.10-11.33/IMG_2077.JPG,IMG_2077.JPG,HFW12-F7_2016_201603101133_IMG_2077.jpg,0.9321904182434082,384.89056396484375,220.2550048828125,359.36962890625,995.4056396484375,2048,1536,359,995
HFW12-F7,2016,201603101133,DM,1,/Volumes/Seagate Portable Drive/KYLE_AI_DATABASE/A_CAMERA/Focal_species/Gulo gulo/HFW12-F7/DM/2016/COLOR/Robust marks/03.10-11.33/IMG_2078.JPG,IMG_2078.JPG,HFW12-F7_2016_201603101133_IMG_2078.jpg,0.8631079196929932,406.33270263671875,224.95802307128906,327.833251953125,1044.678466796875,2048,1536,327,1044
HFW12-F7,2016,201603101133,DM,1,/Volumes/Seagate Portable Drive/KYLE_AI_DATABASE/A_CAMERA/Focal_species/Gulo gulo/HFW12-F7/DM/2016/COLOR/Robust marks/03.10-11.33/IMG_2080.JPG,IMG_2080.JPG,HFW12-F7_2016_201603101133_IMG_2080.jpg,0.9138259887695312,412.56671142578125,452.2120361328125,422.4339599609375,755.4720458984375,2048,1536,422,755
HFW12-F7,2016,201603101133,DM,1,/Volumes/Seagate Portable Drive/KYLE_AI_DATABASE/A_CAMERA/Focal_species/Gulo gulo/HFW12-F7/DM/2016/COLOR/Robust marks/03.10-11.33/IMG_2081.JPG,IMG_2081.JPG,HFW12-F7_2016_201603101133_IMG_2081.jpg,0.8275699615478516,408.2281494140625,222.41940307617188,377.491943359375,992.775634765625,2048,1536,377,992
HFW12-F7,2016,201603101133,DM,1,/Volumes/Seagate Portable Drive/KYLE_AI_DATABASE/A_CAMERA/Focal_species/Gulo gulo/HFW12-F7/DM/2016/COLOR/Robust marks/03.10-11.33/IMG_2082.JPG,IMG_2082.JPG,HFW12-F7_2016_201603101133_IMG_2082.jpg,0.9101411700248718,422.86737060546875,225.16282653808594,410.7032470703125,1027.4466552734375,2048,1536,410,1027
HFW12-F7,2016,201603101133,DM,1,/Volumes/Seagate Portable Drive/KYLE_AI_DATABASE/A_CAMERA/Focal_species/Gulo gulo/HFW12-F7/DM/2016/COLOR/Robust marks/03.10-11.33/IMG_2083.JPG,IMG_2083.JPG,HFW12-F7_2016_201603101133_IMG_2083.jpg,0.8985138535499573,408.59710693359375,231.42041015625,322.7225341796875,988.3863525390625,2048,1536,322,988
HFW12-F7,2016,201603101133,DM,1,/Volumes/Seagate Portable Drive/KYLE_AI_DATABASE/A_CAMERA/Focal_species/Gulo gulo/HFW12-F7/DM/2016/COLOR/Robust marks/03.10-11.33/IMG_2084.JPG,IMG_2084.JPG,HFW12-F7_2016_201603101133_IMG_2084.jpg,0.9023295640945435,316.38037109375,187.48590087890625,319.263916015625,1058.68212890625,2048,1536,319,1058
HFW12-F7,2016,201603101133,DM,1,/Volumes/Seagate Portable Drive/KYLE_AI_DATABASE/A_CAMERA/Focal_species/Gulo gulo/HFW12-F7/DM/2016/COLOR/Robust marks/03.10-11.33/IMG_2085.JPG,IMG_2085.JPG,HFW12-F7_2016_201603101133_IMG_2085.jpg,0.9127459526062012,361.67388916015625,229.21417236328125,326.7525634765625,1033.873046875,2048,1536,326,1033
HFW12-F7,2016,201603101133,DM,1,/Volumes/Seagate Portable Drive/KYLE_AI_DATABASE/A_CAMERA/Focal_species/Gulo gulo/HFW12-F7/DM/2016/COLOR/Robust marks/03.10-11.33/IMG_2086.JPG,IMG_2086.JPG,HFW12-F7_2016_201603101133_IMG_2086.jpg,0.8876376152038574,394.8789367675781,221.20545959472656,342.4987487792969,1059.5003662109375,2048,1536,342,1059
HFW12-F7,2016,201603101133,DM,1,/Volumes/Seagate Portable Drive/KYLE_AI_DATABASE/A_CAMERA/Focal_species/Gulo gulo/HFW12-F7/DM/2016/COLOR/Robust marks/03.10-11.33/IMG_2087.JPG,IMG_2087.JPG,HFW12-F7_2016_201603101133_IMG_2087.jpg,0.9190042018890381,383.45916748046875,227.84046936035156,337.4678955078125,1047.902587890625,2048,1536,337,1047
HFW12-F7,2016,201603101133,DM,1,/Volumes/Seagate Portable Drive/KYLE_AI_DATABASE/A_CAMERA/Focal_species/Gulo gulo/HFW12-F7/DM/2016/COLOR/Robust marks/03.10-11.33/IMG_2088.JPG,IMG_2088.JPG,HFW12-F7_2016_201603101133_IMG_2088.jpg,0.9381346702575684,380.2290344238281,218.9776153564453,353.8403015136719,1034.398681640625,2048,1536,353,1034
HFW12-F7,2016,201603101133,DM,1,/Volumes/Seagate Portable Drive/KYLE_AI_DATABASE/A_CAMERA/Focal_species/Gulo gulo/HFW12-F7/DM/2016/COLOR/Robust marks/03.10-11.33/IMG_2089.JPG,IMG_2089.JPG,HFW12-F7_2016_201603101133_IMG_2089.jpg,0.9081060886383057,379.39910888671875,260.5172119140625,369.2861328125,986.2232666015625,2048,1536,369,986
HFW12-F7,2016,201603101133,DM,1,/Volumes/Seagate Portable Drive/KYLE_AI_DATABASE/A_CAMERA/Focal_species/Gulo gulo/HFW12-F7/DM/2016/COLOR/Robust marks/03.10-11.33/IMG_2090.JPG,IMG_2090.JPG,HFW12-F7_2016_201603101133_IMG_2090.jpg,0.8848024010658264,402.6096496582031,313.702392578125,282.9124450683594,945.0770263671875,2048,1536,282,945
HFW12-F7,2016,201603101133,DM,1,/Volumes/Seagate Portable Drive/KYLE_AI_DATABASE/A_CAMERA/Focal_species/Gulo gulo/HFW12-F7/DM/2016/COLOR/Robust marks/03.10-11.33/IMG_2091.JPG,IMG_2091.JPG,HFW12-F7_2016_201603101133_IMG_2091.jpg,0.8934057354927063,391.7245788574219,326.50250244140625,306.6249084472656,900.5066528320312,2048,1536,306,900
HFW12-F7,2016,201603101133,DM,1,/Volumes/Seagate Portable Drive/KYLE_AI_DATABASE/A_CAMERA/Focal_species/Gulo gulo/HFW12-F7/DM/2016/COLOR/Robust marks/03.10-11.33/IMG_2092.JPG,IMG_2092.JPG,HFW12-F7_2016_201603101133_IMG_2092.jpg,0.8221759796142578,415.7227478027344,344.6070556640625,350.2287902832031,879.2652587890625,2048,1536,350,879
HFW12-F7,2016,201603101133,DM,1,/Volumes/Seagate Portable Drive/KYLE_AI_DATABASE/A_CAMERA/Focal_species/Gulo gulo/HFW12-F7/DM/2016/COLOR/Robust marks/03.10-11.33/IMG_2093.JPG,IMG_2093.JPG,HFW12-F7_2016_201603101133_IMG_2093.jpg,0.8471599221229553,421.9935302734375,377.1012268066406,330.3665771484375,909.296630859375,2048,1536,330,909
HFW12-F7,2016,201603101133,DM,1,/Volumes/Seagate Portable Drive/KYLE_AI_DATABASE/A_CAMERA/Focal_species/Gulo gulo/HFW12-F7/DM/2016/COLOR/Robust marks/03.10-11.33/IMG_2094.JPG,IMG_2094.JPG,HFW12-F7_2016_201603101133_IMG_2094.jpg,0.9058791995048523,419.83465576171875,376.48565673828125,390.91845703125,853.9799194335938,2048,1536,390,853
HFW12-F7,2016,201603101133,DM,1,/Volumes/Seagate Portable Drive/KYLE_AI_DATABASE/A_CAMERA/Focal_species/Gulo gulo/HFW12-F7/DM/2016/COLOR/Robust marks/03.10-11.33/IMG_2095.JPG,IMG_2095.JPG,HFW12-F7_2016_201603101133_IMG_2095.jpg,0.9454602003097534,408.6718444824219,258.19671630859375,459.1261291503906,966.8740844726562,2048,1536,459,966
HFW12-F7,2016,201603101133,DM,1,/Volumes/Seagate Portable Drive/KYLE_AI_DATABASE/A_CAMERA/Focal_species/Gulo gulo/HFW12-F7/DM/2016/COLOR/Robust marks/03.10-11.33/IMG_2096.JPG,IMG_2096.JPG,HFW12-F7_2016_201603101133_IMG_2096.jpg,0.9572576880455017,464.46038818359375,198.1692352294922,463.179443359375,978.6052856445312,2048,1536,463,978
HFW12-F7,2016,201603101133,DM,1,/Volumes/Seagate Portable Drive/KYLE_AI_DATABASE/A_CAMERA/Focal_species/Gulo gulo/HFW12-F7/DM/2016/COLOR/Robust marks/03.10-11.33/IMG_2097.JPG,IMG_2097.JPG,HFW12-F7_2016_201603101133_IMG_2097.jpg,0.9410912394523621,433.77996826171875,322.7615661621094,406.0218505859375,859.6004638671875,2048,1536,406,859
HFW12-F7,2016,201603101133,DM,1,/Volumes/Seagate Portable Drive/KYLE_AI_DATABASE/A_CAMERA/Focal_species/Gulo gulo/HFW12-F7/DM/2016/COLOR/Robust marks/03.10-11.33/IMG_2098.JPG,IMG_2098.JPG,HFW12-F7_2016_201603101133_IMG_2098.jpg,0.9423012733459473,423.0483703613281,324.2445373535156,373.3746032714844,870.846923828125,2048,1536,373,870
HFW12-F7,2016,201603101133,DM,1,/Volumes/Seagate Portable Drive/KYLE_AI_DATABASE/A_CAMERA/Focal_species/Gulo gulo/HFW12-F7/DM/2016/COLOR/Robust marks/03.10-11.33/IMG_2099.JPG,IMG_2099.JPG,HFW12-F7_2016_201603101133_IMG_2099.jpg,0.9488195180892944,416.8663024902344,354.0184020996094,414.2077941894531,836.0775146484375,2048,1536,414,836
HFW12-F7,2016,201603101133,DM,1,/Volumes/Seagate Portable Drive/KYLE_AI_DATABASE/A_CAMERA/Focal_species/Gulo gulo/HFW12-F7/DM/2016/COLOR/Robust marks/03.10-11.33/IMG_2100.JPG,IMG_2100.JPG,HFW12-F7_2016_201603101133_IMG_2100.jpg,0.9354068636894226,430.28485107421875,351.5418701171875,377.08154296875,844.4146728515625,2048,1536,377,844
HFW12-F7,2016,201603101133,DM,1,/Volumes/Seagate Portable Drive/KYLE_AI_DATABASE/A_CAMERA/Focal_species/Gulo gulo/HFW12-F7/DM/2016/COLOR/Robust marks/03.10-11.33/IMG_2101.JPG,IMG_2101.JPG,HFW12-F7_2016_201603101133_IMG_2101.jpg,0.9482019543647766,423.1495361328125,345.74554443359375,356.1629638671875,850.1033325195312,2048,1536,356,850
HFW12-F7,2016,201603101133,DM,1,/Volumes/Seagate Portable Drive/KYLE_AI_DATABASE/A_CAMERA/Focal_species/Gulo gulo/HFW12-F7/DM/2016/COLOR/Robust marks/03.10-11.33/IMG_2102.JPG,IMG_2102.JPG,HFW12-F7_2016_201603101133_IMG_2102.jpg,0.9485525488853455,431.70245361328125,359.9451904296875,398.2589111328125,832.3826904296875,2048,1536,398,832
HFW12-F7,2016,201603101133,DM,1,/Volumes/Seagate Portable Drive/KYLE_AI_DATABASE/A_CAMERA/Focal_species/Gulo gulo/HFW12-F7/DM/2016/COLOR/Robust marks/03.10-11.33/IMG_2103.JPG,IMG_2103.JPG,HFW12-F7_2016_201603101133_IMG_2103.jpg,0.9405137896537781,438.2711181640625,364.6967468261719,368.8721923828125,819.3458251953125,2048,1536,368,819
HFW12-F7,2016,201603101133,DM,1,/Volumes/Seagate Portable Drive/KYLE_AI_DATABASE/A_CAMERA/Focal_species/Gulo gulo/HFW12-F7/DM/2016/COLOR/Robust marks/03.10-11.33/IMG_2104.JPG,IMG_2104.JPG,HFW12-F7_2016_201603101133_IMG_2104.jpg,0.9104769825935364,431.58306884765625,305.6283874511719,405.78857421875,888.851806640625,2048,1536,405,888
HFW12-F7,2016,201603101133,DM,1,/Volumes/Seagate Portable Drive/KYLE_AI_DATABASE/A_CAMERA/Focal_species/Gulo gulo/HFW12-F7/DM/2016/COLOR/Robust marks/03.10-11.33/IMG_2105.JPG,IMG_2105.JPG,HFW12-F7_2016_201603101133_IMG_2105.jpg,0.9038796424865723,433.379150390625,179.13876342773438,466.099853515625,1018.4447021484375,2048,1536,466,1018
HFW12-F7,2016,201603101133,DM,1,/Volumes/Seagate Portable Drive/KYLE_AI_DATABASE/A_CAMERA/Focal_species/Gulo gulo/HFW12-F7/DM/2016/COLOR/Robust marks/03.10-11.33/IMG_2106.JPG,IMG_2106.JPG,HFW12-F7_2016_201603101133_IMG_2106.jpg,0.8952956795692444,422.8077697753906,342.13409423828125,476.1545104980469,855.2599487304688,2048,1536,476,855
HFW12-F7,2016,201603101133,DM,1,/Volumes/Seagate Portable Drive/KYLE_AI_DATABASE/A_CAMERA/Focal_species/Gulo gulo/HFW12-F7/DM/2016/COLOR/Robust marks/03.10-11.33/IMG_2107.JPG,IMG_2107.JPG,HFW12-F7_2016_201603101133_IMG_2107.jpg,0.8798075914382935,420.9577941894531,337.77593994140625,457.5722351074219,883.4059448242188,2048,1536,457,883
HFW12-F7,2016,201603101133,DM,1,/Volumes/Seagate Portable Drive/KYLE_AI_DATABASE/A_CAMERA/Focal_species/Gulo gulo/HFW12-F7/DM/2016/COLOR/Robust marks/03.10-11.33/IMG_2108.JPG,IMG_2108.JPG,HFW12-F7_2016_201603101133_IMG_2108.jpg,0.8664451241493225,422.6650390625,195.62855529785156,466.407470703125,1026.827880859375,2048,1536,466,1026
HFW12-F7,2016,201603101133,DM,1,/Volumes/Seagate Portable Drive/KYLE_AI_DATABASE/A_CAMERA/Focal_species/Gulo gulo/HFW12-F7/DM/2016/COLOR/Robust marks/03.10-11.33/IMG_2109.JPG,IMG_2109.JPG,HFW12-F7_2016_201603101133_IMG_2109.jpg,0.9310408234596252,450.7913818359375,382.24322509765625,453.5404052734375,834.6210327148438,2048,1536,453,834
HFW12-F7,2016,201603101133,DM,1,/Volumes/Seagate Portable Drive/KYLE_AI_DATABASE/A_CAMERA/Focal_species/Gulo gulo/HFW12-F7/DM/2016/COLOR/Robust marks/03.10-11.33/IMG_2110.JPG,IMG_2110.JPG,HFW12-F7_2016_201603101133_IMG_2110.jpg,0.9083320498466492,442.6180114746094,364.75225830078125,447.2040100097656,860.8917846679688,2048,1536,447,860
HFW12-F7,2016,201603101133,DM,1,/Volumes/Seagate Portable Drive/KYLE_AI_DATABASE/A_CAMERA/Focal_species/Gulo gulo/HFW12-F7/DM/2016/COLOR/Robust marks/03.10-11.33/IMG_2111.JPG,IMG_2111.JPG,HFW12-F7_2016_201603101133_IMG_2111.jpg,0.944021463394165,451.18768310546875,321.44775390625,451.3458251953125,900.578857421875,2048,1536,451,900
HFW12-F7,2016,201603101133,DM,1,/Volumes/Seagate Portable Drive/KYLE_AI_DATABASE/A_CAMERA/Focal_species/Gulo gulo/HFW12-F7/DM/2016/COLOR/Robust marks/03.10-11.33/IMG_2112.JPG,IMG_2112.JPG,HFW12-F7_2016_201603101133_IMG_2112.jpg,0.9031643867492676,446.9053649902344,380.3817138671875,421.2301330566406,854.0340576171875,2048,1536,421,854
HFW12-F7,2016,201603101133,DM,1,/Volumes/Seagate Portable Drive/KYLE_AI_DATABASE/A_CAMERA/Focal_species/Gulo gulo/HFW12-F7/DM/2016/COLOR/Robust marks/03.10-11.33/IMG_2113.JPG,IMG_2113.JPG,HFW12-F7_2016_201603101133_IMG_2113.jpg,0.8963172435760498,447.598388671875,195.92298889160156,469.8404541015625,1022.4056396484375,2048,1536,469,1022
HFW12-F7,2016,201603101133,DM,1,/Volumes/Seagate Portable Drive/KYLE_AI_DATABASE/A_CAMERA/Focal_species/Gulo gulo/HFW12-F7/DM/2016/COLOR/Robust marks/03.10-11.33/IMG_2114.JPG,IMG_2114.JPG,HFW12-F7_2016_201603101133_IMG_2114.jpg,0.9032687544822693,446.48468017578125,327.8486328125,439.8721923828125,890.743408203125,2048,1536,439,890
HFW12-F7,2016,201603101133,DM,1,/Volumes/Seagate Portable Drive/KYLE_AI_DATABASE/A_CAMERA/Focal_species/Gulo gulo/HFW12-F7/DM/2016/COLOR/Robust marks/03.10-11.33/IMG_2115.JPG,IMG_2115.JPG,HFW12-F7_2016_201603101133_IMG_2115.jpg,0.819169819355011,452.62225341796875,199.89024353027344,474.658447265625,1020.787841796875,2048,1536,474,1020
HFW12-F7,2016,201603101133,DM,1,/Volumes/Seagate Portable Drive/KYLE_AI_DATABASE/A_CAMERA/Focal_species/Gulo gulo/HFW12-F7/DM/2016/COLOR/Robust marks/03.10-11.33/IMG_2116.JPG,IMG_2116.JPG,HFW12-F7_2016_201603101133_IMG_2116.jpg,0.9024936556816101,442.72650146484375,378.84014892578125,447.8460693359375,863.5978393554688,2048,1536,447,863
HFW12-F7,2016,201603101133,DM,1,/Volumes/Seagate Portable Drive/KYLE_AI_DATABASE/A_CAMERA/Focal_species/Gulo gulo/HFW12-F7/DM/2016/COLOR/Robust marks/03.10-11.33/IMG_2117.JPG,IMG_2117.JPG,HFW12-F7_2016_201603101133_IMG_2117.jpg,0.9476781487464905,446.28692626953125,384.26776123046875,437.144775390625,845.3948364257812,2048,1536,437,845
HFW12-F7,2016,201603101133,DM,1,/Volumes/Seagate Portable Drive/KYLE_AI_DATABASE/A_CAMERA/Focal_species/Gulo gulo/HFW12-F7/DM/2016/COLOR/Robust marks/03.10-11.33/IMG_2118.JPG,IMG_2118.JPG,HFW12-F7_2016_201603101133_IMG_2118.jpg,0.9529207348823547,446.36767578125,375.93365478515625,438.5936279296875,852.7835083007812,2048,1536,438,852
HFW12-F7,2016,201603101133,DM,1,/Volumes/Seagate Portable Drive/KYLE_AI_DATABASE/A_CAMERA/Focal_species/Gulo gulo/HFW12-F7/DM/2016/COLOR/Robust marks/03.10-11.33/IMG_2119.JPG,IMG_2119.JPG,HFW12-F7_2016_201603101133_IMG_2119.jpg,0.9387032389640808,447.46875,374.1107177734375,437.7891845703125,857.8663330078125,2048,1536,437,857
HFW12-F7,2016,201603101133,DM,1,/Volumes/Seagate Portable Drive/KYLE_AI_DATABASE/A_CAMERA/Focal_species/Gulo gulo/HFW12-F7/DM/2016/COLOR/Robust marks/03.10-11.33/IMG_2120.JPG,IMG_2120.JPG,HFW12-F7_2016_201603101133_IMG_2120.jpg,0.9209921956062317,445.7041015625,198.31398010253906,478.0357666015625,1026.2181396484375,2048,1536,478,1026
HFW12-F7,2016,201603101133,DM,1,/Volumes/Seagate Portable Drive/KYLE_AI_DATABASE/A_CAMERA/Focal_species/Gulo gulo/HFW12-F7/DM/2016/COLOR/Robust marks/03.10-11.33/IMG_2121.JPG,IMG_2121.JPG,HFW12-F7_2016_201603101133_IMG_2121.jpg,0.9349569082260132,429.1300964355469,347.8841552734375,422.7926330566406,833.9005126953125,2048,1536,422,833
HFW12-F7,2016,201603101133,DM,1,/Volumes/Seagate Portable Drive/KYLE_AI_DATABASE/A_CAMERA/Focal_species/Gulo gulo/HFW12-F7/DM/2016/COLOR/Robust marks/03.10-11.33/IMG_2122.JPG,IMG_2122.JPG,HFW12-F7_2016_201603101133_IMG_2122.jpg,0.9440611004829407,428.56854248046875,344.65496826171875,432.6961669921875,858.8280639648438,2048,1536,432,858
HFW12-F7,2016,201603101133,DM,1,/Volumes/Seagate Portable Drive/KYLE_AI_DATABASE/A_CAMERA/Focal_species/Gulo gulo/HFW12-F7/DM/2016/COLOR/Robust marks/03.10-11.33/IMG_2123.JPG,IMG_2123.JPG,HFW12-F7_2016_201603101133_IMG_2123.jpg,0.9316161274909973,426.093994140625,342.3999938964844,421.8212890625,871.8870849609375,2048,1536,421,871
HFW12-F7,2016,201603101133,DM,1,/Volumes/Seagate Portable Drive/KYLE_AI_DATABASE/A_CAMERA/Focal_species/Gulo gulo/HFW12-F7/DM/2016/COLOR/Robust marks/03.10-11.33/IMG_2124.JPG,IMG_2124.JPG,HFW12-F7_2016_201603101133_IMG_2124.jpg,0.9376764297485352,426.0600891113281,344.132080078125,423.9035339355469,868.66162109375,2048,1536,423,868
HFW12-F7,2016,201603101133,DM,1,/Volumes/Seagate Portable Drive/KYLE_AI_DATABASE/A_CAMERA/Focal_species/Gulo gulo/HFW12-F7/DM/2016/COLOR/Robust marks/03.10-11.33/IMG_2125.JPG,IMG_2125.JPG,HFW12-F7_2016_201603101133_IMG_2125.jpg,0.9406898021697998,416.86761474609375,341.39630126953125,460.00048828125,884.4423217773438,2048,1536,460,884
HFW12-F7,2016,201603101133,DM,1,/Volumes/Seagate Portable Drive/KYLE_AI_DATABASE/A_CAMERA/Focal_species/Gulo gulo/HFW12-F7/DM/2016/COLOR/Robust marks/03.10-11.33/IMG_2126.JPG,IMG_2126.JPG,HFW12-F7_2016_201603101133_IMG_2126.jpg,0.9177587032318115,429.08984375,343.4263000488281,426.6617431640625,859.5731201171875,2048,1536,426,859
HFW12-F7,2016,201603101133,DM,1,/Volumes/Seagate Portable Drive/KYLE_AI_DATABASE/A_CAMERA/Focal_species/Gulo gulo/HFW12-F7/DM/2016/COLOR/Robust marks/03.10-11.33/IMG_2127.JPG,IMG_2127.JPG,HFW12-F7_2016_201603101133_IMG_2127.jpg,0.9282703399658203,447.3977355957031,345.69775390625,396.7028503417969,837.515625,2048,1536,396,837
HFW12-F7,2016,201603101133,DM,1,/Volumes/Seagate Portable Drive/KYLE_AI_DATABASE/A_CAMERA/Focal_species/Gulo gulo/HFW12-F7/DM/2016/COLOR/Robust marks/03.10-11.33/IMG_2128.JPG,IMG_2128.JPG,HFW12-F7_2016_201603101133_IMG_2128.jpg,0.9444429874420166,454.72235107421875,371.091064453125,365.5084228515625,813.298583984375,2048,1536,365,813
HFW12-F7,2016,201603101133,DM,1,/Volumes/Seagate Portable Drive/KYLE_AI_DATABASE/A_CAMERA/Focal_species/Gulo gulo/HFW12-F7/DM/2016/COLOR/Robust marks/03.10-11.33/IMG_2129.JPG,IMG_2129.JPG,HFW12-F7_2016_201603101133_IMG_2129.jpg,0.8376333117485046,403.2967529296875,457.9158935546875,458.1995849609375,775.3084716796875,2048,1536,458,775
HFW12-F7,2016,201603101133,DM,1,/Volumes/Seagate Portable Drive/KYLE_AI_DATABASE/A_CAMERA/Focal_species/Gulo gulo/HFW12-F7/DM/2016/COLOR/Robust marks/03.10-11.33/IMG_2130.JPG,IMG_2130.JPG,HFW12-F7_2016_201603101133_IMG_2130.jpg,0.8836896419525146,498.85443115234375,399.2664794921875,344.302001953125,839.4874267578125,2048,1536,344,839
HFW12-F7,2016,201603101133,DM,1,/Volumes/Seagate Portable Drive/KYLE_AI_DATABASE/A_CAMERA/Focal_species/Gulo gulo/HFW12-F7/DM/2016/COLOR/Robust marks/03.10-11.33/IMG_2131.JPG,IMG_2131.JPG,HFW12-F7_2016_201603101133_IMG_2131.jpg,0.9407474994659424,591.3065185546875,454.79949951171875,513.5631103515625,724.1358032226562,2048,1536,513,724
HFW12-F7,2016,201603101133,DM,1,/Volumes/Seagate Portable Drive/KYLE_AI_DATABASE/A_CAMERA/Focal_species/Gulo gulo/HFW12-F7/DM/2016/COLOR/Robust marks/03.10-11.33/IMG_2132.JPG,IMG_2132.JPG,HFW12-F7_2016_201603101133_IMG_2132.jpg,0.9167753458023071,579.75146484375,151.8562774658203,500.8597412109375,1048.5677490234375,2048,1536,500,1048
HFW12-F7,2016,201603101133,DM,1,/Volumes/Seagate Portable Drive/KYLE_AI_DATABASE/A_CAMERA/Focal_species/Gulo gulo/HFW12-F7/DM/2016/COLOR/Robust marks/03.10-11.33/IMG_2133.JPG,IMG_2133.JPG,HFW12-F7_2016_201603101133_IMG_2133.jpg,0.9422087669372559,587.8453369140625,199.37635803222656,471.673583984375,1017.7684326171875,2048,1536,471,1017
HFW12-F7,2016,201603101133,DM,1,/Volumes/Seagate Portable Drive/KYLE_AI_DATABASE/A_CAMERA/Focal_species/Gulo gulo/HFW12-F7/DM/2016/COLOR/Robust marks/03.10-11.33/IMG_2134.JPG,IMG_2134.JPG,HFW12-F7_2016_201603101133_IMG_2134.jpg,0.9045079946517944,576.9605712890625,219.60324096679688,482.55419921875,966.10498046875,2048,1536,482,966
HFW12-F7,2016,201603101133,DM,1,/Volumes/Seagate Portable Drive/KYLE_AI_DATABASE/A_CAMERA/Focal_species/Gulo gulo/HFW12-F7/DM/2016/COLOR/Robust marks/03.10-11.33/IMG_2135.JPG,IMG_2135.JPG,HFW12-F7_2016_201603101133_IMG_2135.jpg,0.8851932287216187,582.812255859375,255.79302978515625,489.00439453125,902.8258666992188,2048,1536,489,902
HFW12-F7,2016,201603101133,DM,1,/Volumes/Seagate Portable Drive/KYLE_AI_DATABASE/A_CAMERA/Focal_species/Gulo gulo/HFW12-F7/DM/2016/COLOR/Robust marks/03.10-11.33/IMG_2136.JPG,IMG_2136.JPG,HFW12-F7_2016_201603101133_IMG_2136.jpg,0.8771526217460632,575.9522705078125,209.8186798095703,495.844970703125,957.6437377929688,2048,1536,495,957
HFW12-F7,2016,201603101133,DM,1,/Volumes/Seagate Portable Drive/KYLE_AI_DATABASE/A_CAMERA/Focal_species/Gulo gulo/HFW12-F7/DM/2016/COLOR/Robust marks/03.10-11.33/IMG_2137.JPG,IMG_2137.JPG,HFW12-F7_2016_201603101133_IMG_2137.jpg,0.8038157224655151,571.559814453125,239.92337036132812,501.5228271484375,930.248046875,2048,1536,501,930
HFW12-F7,2016,201603101133,DM,1,/Volumes/Seagate Portable Drive/KYLE_AI_DATABASE/A_CAMERA/Focal_species/Gulo gulo/HFW12-F7/DM/2016/COLOR/Robust marks/03.10-11.33/IMG_2138.JPG,IMG_2138.JPG,HFW12-F7_2016_201603101133_IMG_2138.jpg,0.8797616958618164,571.830322265625,266.3108825683594,499.6654052734375,912.2154541015625,2048,1536,499,912
HFW12-F7,2016,201603101133,DM,1,/Volumes/Seagate Portable Drive/KYLE_AI_DATABASE/A_CAMERA/Focal_species/Gulo gulo/HFW12-F7/DM/2016/COLOR/Robust marks/03.10-11.33/IMG_2139.JPG,IMG_2139.JPG,HFW12-F7_2016_201603101133_IMG_2139.jpg,0.8561984896659851,520.449462890625,255.60850524902344,549.865966796875,926.0245361328125,2048,1536,549,926
HFW12-F7,2016,201603101133,DM,1,/Volumes/Seagate Portable Drive/KYLE_AI_DATABASE/A_CAMERA/Focal_species/Gulo gulo/HFW12-F7/DM/2016/COLOR/Robust marks/03.10-11.33/IMG_2140.JPG,IMG_2140.JPG,HFW12-F7_2016_201603101133_IMG_2140.jpg,0.9035586714744568,525.2745361328125,251.67352294921875,546.52783203125,929.4619750976562,2048,1536,546,929
HFW12-F7,2016,201603101133,DM,1,/Volumes/Seagate Portable Drive/KYLE_AI_DATABASE/A_CAMERA/Focal_species/Gulo gulo/HFW12-F7/DM/2016/COLOR/Robust marks/03.10-11.33/IMG_2141.JPG,IMG_2141.JPG,HFW12-F7_2016_201603101133_IMG_2141.jpg,0.8439371585845947,549.4329833984375,271.1265563964844,521.0670166015625,916.882568359375,2048,1536,521,916
HFW12-F7,2016,201603101133,DM,1,/Volumes/Seagate Portable Drive/KYLE_AI_DATABASE/A_CAMERA/Focal_species/Gulo gulo/HFW12-F7/DM/2016/COLOR/Robust marks/03.10-11.33/IMG_2142.JPG,IMG_2142.JPG,HFW12-F7_2016_201603101133_IMG_2142.jpg,0.908351480960846,517.0611572265625,254.9209442138672,552.4703369140625,933.8058471679688,2048,1536,552,933
HFW12-F7,2016,201603101133,DM,1,/Volumes/Seagate Portable Drive/KYLE_AI_DATABASE/A_CAMERA/Focal_species/Gulo gulo/HFW12-F7/DM/2016/COLOR/Robust marks/03.10-11.33/IMG_2143.JPG,IMG_2143.JPG,HFW12-F7_2016_201603101133_IMG_2143.jpg,0.8662093877792358,516.26611328125,265.16693115234375,553.778076171875,927.1665649414062,2048,1536,553,927
HFW12-F7,2016,201603101133,DM,1,/Volumes/Seagate Portable Drive/KYLE_AI_DATABASE/A_CAMERA/Focal_species/Gulo gulo/HFW12-F7/DM/2016/COLOR/Robust marks/03.10-11.33/IMG_2144.JPG,IMG_2144.JPG,HFW12-F7_2016_201603101133_IMG_2144.jpg,0.9299838542938232,506.9638366699219,254.5989990234375,562.73876953125,928.7044677734375,2048,1536,562,928
HFW12-F7,2016,201603101133,DM,1,/Volumes/Seagate Portable Drive/KYLE_AI_DATABASE/A_CAMERA/Focal_species/Gulo gulo/HFW12-F7/DM/2016/COLOR/Robust marks/03.10-11.33/IMG_2145.JPG,IMG_2145.JPG,HFW12-F7_2016_201603101133_IMG_2145.jpg,0.914767861366272,510.96331787109375,245.0665283203125,560.2351684570312,935.3961181640625,2048,1536,560,935
HFW12-F7,2016,201603101133,DM,1,/Volumes/Seagate Portable Drive/KYLE_AI_DATABASE/A_CAMERA/Focal_species/Gulo gulo/HFW12-F7/DM/2016/COLOR/Robust marks/03.10-11.33/IMG_2146.JPG,IMG_2146.JPG,HFW12-F7_2016_201603101133_IMG_2146.jpg,0.9037321209907532,535.2283935546875,269.0320129394531,535.505859375,915.76611328125,2048,1536,535,915
HFW12-F7,2016,201603101133,DM,1,/Volumes/Seagate Portable Drive/KYLE_AI_DATABASE/A_CAMERA/Focal_species/Gulo gulo/HFW12-F7/DM/2016/COLOR/Robust marks/03.10-11.33/IMG_2147.JPG,IMG_2147.JPG,HFW12-F7_2016_201603101133_IMG_2147.jpg,0.896683931350708,565.5415649414062,256.3808898925781,502.16070556640625,931.353515625,2048,1536,502,931
HFW12-F7,2016,201603101133,DM,1,/Volumes/Seagate Portable Drive/KYLE_AI_DATABASE/A_CAMERA/Focal_species/Gulo gulo/HFW12-F7/DM/2016/COLOR/Robust marks/03.10-11.33/IMG_2148.JPG,IMG_2148.JPG,HFW12-F7_2016_201603101133_IMG_2148.jpg,0.9024857878684998,547.502685546875,255.35879516601562,520.20068359375,944.948974609375,2048,1536,520,944
HFW12-F7,2016,201603101133,DM,1,/Volumes/Seagate Portable Drive/KYLE_AI_DATABASE/A_CAMERA/Focal_species/Gulo gulo/HFW12-F7/DM/2016/COLOR/Robust marks/03.10-11.33/IMG_2149.JPG,IMG_2149.JPG,HFW12-F7_2016_201603101133_IMG_2149.jpg,0.8884455561637878,562.2606811523438,259.75225830078125,504.74676513671875,967.4994506835938,2048,1536,504,967
HFW12-F7,2016,201603101133,DM,1,/Volumes/Seagate Portable Drive/KYLE_AI_DATABASE/A_CAMERA/Focal_species/Gulo gulo/HFW12-F7/DM/2016/COLOR/Robust marks/03.10-11.33/IMG_2150.JPG,IMG_2150.JPG,HFW12-F7_2016_201603101133_IMG_2150.jpg,0.8734597563743591,560.5809326171875,265.6866760253906,506.2041015625,999.416748046875,2048,1536,506,999
HFW12-F7,2016,201603101133,DM,1,/Volumes/Seagate Portable Drive/KYLE_AI_DATABASE/A_CAMERA/Focal_species/Gulo gulo/HFW12-F7/DM/2016/COLOR/Robust marks/03.10-11.33/IMG_2151.JPG,IMG_2151.JPG,HFW12-F7_2016_201603101133_IMG_2151.jpg,0.8889475464820862,567.5712890625,255.03680419921875,498.6307373046875,966.2586059570312,2048,1536,498,966
HFW12-F7,2016,201603101133,DM,1,/Volumes/Seagate Portable Drive/KYLE_AI_DATABASE/A_CAMERA/Focal_species/Gulo gulo/HFW12-F7/DM/2016/COLOR/Robust marks/03.10-11.33/IMG_2152.JPG,IMG_2152.JPG,HFW12-F7_2016_201603101133_IMG_2152.jpg,0.9123069643974304,516.0299072265625,277.83892822265625,551.517822265625,933.7482299804688,2048,1536,551,933
HFW12-F7,2016,201603101133,DM,1,/Volumes/Seagate Portable Drive/KYLE_AI_DATABASE/A_CAMERA/Focal_species/Gulo gulo/HFW12-F7/DM/2016/COLOR/Robust marks/03.10-11.33/IMG_2153.JPG,IMG_2153.JPG,HFW12-F7_2016_201603101133_IMG_2153.jpg,0.8976743817329407,582.7720947265625,278.95831298828125,481.0146484375,1017.2819213867188,2048,1536,481,1017
HFW12-F7,2016,201603101133,DM,1,/Volumes/Seagate Portable Drive/KYLE_AI_DATABASE/A_CAMERA/Focal_species/Gulo gulo/HFW12-F7/DM/2016/COLOR/Robust marks/03.10-11.33/IMG_2154.JPG,IMG_2154.JPG,HFW12-F7_2016_201603101133_IMG_2154.jpg,0.9280598759651184,579.8121337890625,260.2705993652344,483.8853759765625,1047.958740234375,2048,1536,483,1047
HFW12-F7,2016,201603101133,DM,1,/Volumes/Seagate Portable Drive/KYLE_AI_DATABASE/A_CAMERA/Focal_species/Gulo gulo/HFW12-F7/DM/2016/COLOR/Robust marks/03.10-11.33/IMG_2155.JPG,IMG_2155.JPG,HFW12-F7_2016_201603101133_IMG_2155.jpg,0.9298701882362366,585.6732788085938,263.78570556640625,478.56402587890625,1046.621826171875,2048,1536,478,1046
HFW12-F7,2016,201603101133,DM,1,/Volumes/Seagate Portable Drive/KYLE_AI_DATABASE/A_CAMERA/Focal_species/Gulo gulo/HFW12-F7/DM/2016/COLOR/Robust marks/03.10-11.33/IMG_2156.JPG,IMG_2156.JPG,HFW12-F7_2016_201603101133_IMG_2156.jpg,0.9323389530181885,583.34228515625,263.8644104003906,481.211669921875,1046.2806396484375,2048,1536,481,1046
HFW12-F7,2016,201603101133,DM,1,/Volumes/Seagate Portable Drive/KYLE_AI_DATABASE/A_CAMERA/Focal_species/Gulo gulo/HFW12-F7/DM/2016/COLOR/Robust marks/03.10-11.33/IMG_2157.JPG,IMG_2157.JPG,HFW12-F7_2016_201603101133_IMG_2157.jpg,0.8915442228317261,588.844970703125,266.93585205078125,473.866943359375,1019.8302612304688,2048,1536,473,1019
HFW12-F7,2016,201603101133,DM,1,/Volumes/Seagate Portable Drive/KYLE_AI_DATABASE/A_CAMERA/Focal_species/Gulo gulo/HFW12-F7/DM/2016/COLOR/Robust marks/03.10-11.33/IMG_2158.JPG,IMG_2158.JPG,HFW12-F7_2016_201603101133_IMG_2158.jpg,0.9258897304534912,519.760009765625,261.58203125,540.6258544921875,973.5086669921875,2048,1536,540,973
HFW12-F7,2016,201603101133,DM,1,/Volumes/Seagate Portable Drive/KYLE_AI_DATABASE/A_CAMERA/Focal_species/Gulo gulo/HFW12-F7/DM/2016/COLOR/Robust marks/03.10-11.33/IMG_2159.JPG,IMG_2159.JPG,HFW12-F7_2016_201603101133_IMG_2159.jpg,0.9102864265441895,585.2620239257812,249.62008666992188,474.82855224609375,1042.560546875,2048,1536,474,1042
HFW12-F7,2016,201603101133,DM,1,/Volumes/Seagate Portable Drive/KYLE_AI_DATABASE/A_CAMERA/Focal_species/Gulo gulo/HFW12-F7/DM/2016/COLOR/Robust marks/03.10-11.33/IMG_2160.JPG,IMG_2160.JPG,HFW12-F7_2016_201603101133_IMG_2160.jpg,0.90971839427948,589.1011962890625,290.1348876953125,473.235107421875,1008.9906005859375,2048,1536,473,1008
HFW12-F7,2016,201603101133,DM,1,/Volumes/Seagate Portable Drive/KYLE_AI_DATABASE/A_CAMERA/Focal_species/Gulo gulo/HFW12-F7/DM/2016/COLOR/Robust marks/03.10-11.33/IMG_2161.JPG,IMG_2161.JPG,HFW12-F7_2016_201603101133_IMG_2161.jpg,0.9336061477661133,586.28955078125,252.6090087890625,476.69677734375,1055.2403564453125,2048,1536,476,1055
HFW12-F7,2016,201603101133,DM,1,/Volumes/Seagate Portable Drive/KYLE_AI_DATABASE/A_CAMERA/Focal_species/Gulo gulo/HFW12-F7/DM/2016/COLOR/Robust marks/03.10-11.33/IMG_2162.JPG,IMG_2162.JPG,HFW12-F7_2016_201603101133_IMG_2162.jpg,0.916205108165741,587.495849609375,266.07366943359375,475.37353515625,1040.6455078125,2048,1536,475,1040
HFW12-F7,2016,201603101133,DM,1,/Volumes/Seagate Portable Drive/KYLE_AI_DATABASE/A_CAMERA/Focal_species/Gulo gulo/HFW12-F7/DM/2016/COLOR/Robust marks/03.10-11.33/IMG_2163.JPG,IMG_2163.JPG,HFW12-F7_2016_201603101133_IMG_2163.jpg,0.8944077491760254,529.478515625,222.61688232421875,528.1666259765625,1080.434814453125,2048,1536,528,1080
HFW12-F7,2016,201603101133,DM,1,/Volumes/Seagate Portable Drive/KYLE_AI_DATABASE/A_CAMERA/Focal_species/Gulo gulo/HFW12-F7/DM/2016/COLOR/Robust marks/03.10-11.33/IMG_2164.JPG,IMG_2164.JPG,HFW12-F7_2016_201603101133_IMG_2164.jpg,0.8834823966026306,582.3380126953125,301.7419738769531,476.1097412109375,1024.288330078125,2048,1536,476,1024
HFW12-F7,2016,201603101133,DM,1,/Volumes/Seagate Portable Drive/KYLE_AI_DATABASE/A_CAMERA/Focal_species/Gulo gulo/HFW12-F7/DM/2016/COLOR/Robust marks/03.10-11.33/IMG_2165.JPG,IMG_2165.JPG,HFW12-F7_2016_201603101133_IMG_2165.jpg,0.9293570518493652,582.393798828125,256.52679443359375,475.8990478515625,1074.498291015625,2048,1536,475,1074
HFW12-F7,2016,201603101133,DM,1,/Volumes/Seagate Portable Drive/KYLE_AI_DATABASE/A_CAMERA/Focal_species/Gulo gulo/HFW12-F7/DM/2016/COLOR/Robust marks/03.10-11.33/IMG_2166.JPG,IMG_2166.JPG,HFW12-F7_2016_201603101133_IMG_2166.jpg,0.9350768327713013,522.10205078125,254.57615661621094,536.8226318359375,1051.1104736328125,2048,1536,536,1051
HFW12-F7,2016,201603101133,DM,1,/Volumes/Seagate Portable Drive/KYLE_AI_DATABASE/A_CAMERA/Focal_species/Gulo gulo/HFW12-F7/DM/2016/COLOR/Robust marks/03.10-11.33/IMG_2167.JPG,IMG_2167.JPG,HFW12-F7_2016_201603101133_IMG_2167.jpg,0.9307564496994019,514.7296752929688,261.0185852050781,543.2847290039062,1053.6715087890625,2048,1536,543,1053
HFW12-F7,2016,201603101133,DM,1,/Volumes/Seagate Portable Drive/KYLE_AI_DATABASE/A_CAMERA/Focal_species/Gulo gulo/HFW12-F7/DM/2016/COLOR/Robust marks/03.10-11.33/IMG_2168.JPG,IMG_2168.JPG,HFW12-F7_2016_201603101133_IMG_2168.jpg,0.914361834526062,586.1697387695312,303.51806640625,471.85760498046875,989.650390625,2048,1536,471,989
HFW12-F7,2016,201603101133,DM,1,/Volumes/Seagate Portable Drive/KYLE_AI_DATABASE/A_CAMERA/Focal_species/Gulo gulo/HFW12-F7/DM/2016/COLOR/Robust marks/03.10-11.33/IMG_2169.JPG,IMG_2169.JPG,HFW12-F7_2016_201603101133_IMG_2169.jpg,0.9246762990951538,584.7142333984375,254.1958465576172,472.1578369140625,1059.4339599609375,2048,1536,472,1059
HFW12-F7,2016,201603101133,DM,1,/Volumes/Seagate Portable Drive/KYLE_AI_DATABASE/A_CAMERA/Focal_species/Gulo gulo/HFW12-F7/DM/2016/COLOR/Robust marks/03.10-11.33/IMG_2170.JPG,IMG_2170.JPG,HFW12-F7_2016_201603101133_IMG_2170.jpg,0.9351879954338074,588.2102661132812,259.99700927734375,467.15570068359375,1064.074462890625,2048,1536,467,1064
HFW12-F7,2016,201603101133,DM,1,/Volumes/Seagate Portable Drive/KYLE_AI_DATABASE/A_CAMERA/Focal_species/Gulo gulo/HFW12-F7/DM/2016/COLOR/Robust marks/03.10-11.33/IMG_2171.JPG,IMG_2171.JPG,HFW12-F7_2016_201603101133_IMG_2171.jpg,0.9434234499931335,590.741943359375,251.73719787597656,461.8262939453125,1062.1004638671875,2048,1536,461,1062
HFW12-F7,2016,201603101133,DM,1,/Volumes/Seagate Portable Drive/KYLE_AI_DATABASE/A_CAMERA/Focal_species/Gulo gulo/HFW12-F7/DM/2016/COLOR/Robust marks/03.10-11.33/IMG_2172.JPG,IMG_2172.JPG,HFW12-F7_2016_201603101133_IMG_2172.jpg,0.9384809136390686,591.0056762695312,259.0919189453125,461.91546630859375,1051.7459716796875,2048,1536,461,1051
HFW12-F7,2016,201603101133,DM,1,/Volumes/Seagate Portable Drive/KYLE_AI_DATABASE/A_CAMERA/Focal_species/Gulo gulo/HFW12-F7/DM/2016/COLOR/Robust marks/03.10-11.33/IMG_2173.JPG,IMG_2173.JPG,HFW12-F7_2016_201603101133_IMG_2173.jpg,0.9394957423210144,591.5006713867188,246.44961547851562,461.63604736328125,1063.24365234375,2048,1536,461,1063
HFW12-F7,2016,201603101133,DM,1,/Volumes/Seagate Portable Drive/KYLE_AI_DATABASE/A_CAMERA/Focal_species/Gulo gulo/HFW12-F7/DM/2016/COLOR/Robust marks/03.10-11.33/IMG_2174.JPG,IMG_2174.JPG,HFW12-F7_2016_201603101133_IMG_2174.jpg,0.9428750276565552,592.3003540039062,251.6179962158203,460.91058349609375,1056.2325439453125,2048,1536,460,1056
HFW12-F7,2016,201603101133,DM,1,/Volumes/Seagate Portable Drive/KYLE_AI_DATABASE/A_CAMERA/Focal_species/Gulo gulo/HFW12-F7/DM/2016/COLOR/Robust marks/03.10-11.33/IMG_2175.JPG,IMG_2175.JPG,HFW12-F7_2016_201603101133_IMG_2175.jpg,0.92952960729599,526.81298828125,250.02685546875,529.7200927734375,958.4581298828125,2048,1536,529,958
HFW12-F7,2016,201603101133,DM,1,/Volumes/Seagate Portable Drive/KYLE_AI_DATABASE/A_CAMERA/Focal_species/Gulo gulo/HFW12-F7/DM/2016/COLOR/Robust marks/03.10-11.33/IMG_2176.JPG,IMG_2176.JPG,HFW12-F7_2016_201603101133_IMG_2176.jpg,0.9311186671257019,589.796875,250.52288818359375,460.5465087890625,1048.83154296875,2048,1536,460,1048
HFW12-F7,2016,201603101133,DM,1,/Volumes/Seagate Portable Drive/KYLE_AI_DATABASE/A_CAMERA/Focal_species/Gulo gulo/HFW12-F7/DM/2016/COLOR/Robust marks/03.10-11.33/IMG_2177.JPG,IMG_2177.JPG,HFW12-F7_2016_201603101133_IMG_2177.jpg,0.9324009418487549,593.9849853515625,248.73715209960938,458.9473876953125,991.074462890625,2048,1536,458,991
HFW12-F7,2016,201603101133,DM,1,/Volumes/Seagate Portable Drive/KYLE_AI_DATABASE/A_CAMERA/Focal_species/Gulo gulo/HFW12-F7/DM/2016/COLOR/Robust marks/03.10-11.33/IMG_2178.JPG,IMG_2178.JPG,HFW12-F7_2016_201603101133_IMG_2178.jpg,0.928722620010376,595.01513671875,274.6725769042969,455.505615234375,1029.187255859375,2048,1536,455,1029
HFW12-F7,2016,201603101133,DM,1,/Volumes/Seagate Portable Drive/KYLE_AI_DATABASE/A_CAMERA/Focal_species/Gulo gulo/HFW12-F7/DM/2016/COLOR/Robust marks/03.10-11.33/IMG_2179.JPG,IMG_2179.JPG,HFW12-F7_2016_201603101133_IMG_2179.jpg,0.9348382353782654,592.5313110351562,253.59896850585938,457.49700927734375,1033.230224609375,2048,1536,457,1033
HFW12-F7,2016,201603101133,DM,1,/Volumes/Seagate Portable Drive/KYLE_AI_DATABASE/A_CAMERA/Focal_species/Gulo gulo/HFW12-F7/DM/2016/COLOR/Robust marks/03.10-11.33/IMG_2180.JPG,IMG_2180.JPG,HFW12-F7_2016_201603101133_IMG_2180.jpg,0.9294440746307373,592.1446533203125,253.9742431640625,457.92138671875,1049.2430419921875,2048,1536,457,1049
HFW12-F7,2016,201603101133,DM,1,/Volumes/Seagate Portable Drive/KYLE_AI_DATABASE/A_CAMERA/Focal_species/Gulo gulo/HFW12-F7/DM/2016/COLOR/Robust marks/03.10-11.33/IMG_2181.JPG,IMG_2181.JPG,HFW12-F7_2016_201603101133_IMG_2181.jpg,0.9324007630348206,592.03125,251.40829467773438,458.2620849609375,1040.3797607421875,2048,1536,458,1040
HFW12-F7,2016,201603101133,DM,1,/Volumes/Seagate Portable Drive/KYLE_AI_DATABASE/A_CAMERA/Focal_species/Gulo gulo/HFW12-F7/DM/2016/COLOR/Robust marks/03.10-11.33/IMG_2182.JPG,IMG_2182.JPG,HFW12-F7_2016_201603101133_IMG_2182.jpg,0.9311376810073853,591.37744140625,275.4797058105469,463.2076416015625,1030.0462646484375,2048,1536,463,1030
HFW12-F7,2016,201603101133,DM,1,/Volumes/Seagate Portable Drive/KYLE_AI_DATABASE/A_CAMERA/Focal_species/Gulo gulo/HFW12-F7/DM/2016/COLOR/Robust marks/03.10-11.33/IMG_2183.JPG,IMG_2183.JPG,HFW12-F7_2016_201603101133_IMG_2183.jpg,0.9354061484336853,591.5457763671875,245.82957458496094,460.88330078125,1044.398681640625,2048,1536,460,1044
HFW12-F7,2016,201603101133,DM,1,/Volumes/Seagate Portable Drive/KYLE_AI_DATABASE/A_CAMERA/Focal_species/Gulo gulo/HFW12-F7/DM/2016/COLOR/Robust marks/03.10-11.33/IMG_2184.JPG,IMG_2184.JPG,HFW12-F7_2016_201603101133_IMG_2184.jpg,0.9356440901756287,591.9571533203125,243.63693237304688,459.49853515625,1038.6558837890625,2048,1536,459,1038
HFW12-F7,2016,201603101133,DM,1,/Volumes/Seagate Portable Drive/KYLE_AI_DATABASE/A_CAMERA/Focal_species/Gulo gulo/HFW12-F7/DM/2016/COLOR/Robust marks/03.10-11.33/IMG_2185.JPG,IMG_2185.JPG,HFW12-F7_2016_201603101133_IMG_2185.jpg,0.9317792057991028,592.26025390625,256.6990966796875,458.038818359375,1021.0565185546875,2048,1536,458,1021
HFW12-F7,2016,201603101133,DM,1,/Volumes/Seagate Portable Drive/KYLE_AI_DATABASE/A_CAMERA/Focal_species/Gulo gulo/HFW12-F7/DM/2016/COLOR/Robust marks/03.10-11.33/IMG_2186.JPG,IMG_2186.JPG,HFW12-F7_2016_201603101133_IMG_2186.jpg,0.9308410286903381,592.34521484375,253.09153747558594,458.371826171875,1027.99609375,2048,1536,458,1027
HFW12-F7,2016,201603101133,DM,1,/Volumes/Seagate Portable Drive/KYLE_AI_DATABASE/A_CAMERA/Focal_species/Gulo gulo/HFW12-F7/DM/2016/COLOR/Robust marks/03.10-11.33/IMG_2187.JPG,IMG_2187.JPG,HFW12-F7_2016_201603101133_IMG_2187.jpg,0.9338130354881287,592.3922119140625,242.71005249023438,458.41455078125,1038.7796630859375,2048,1536,458,1038
HFW12-F7,2016,201603101133,DM,1,/Volumes/Seagate Portable Drive/KYLE_AI_DATABASE/A_CAMERA/Focal_species/Gulo gulo/HFW12-F7/DM/2016/COLOR/Robust marks/03.10-11.33/IMG_2188.JPG,IMG_2188.JPG,HFW12-F7_2016_201603101133_IMG_2188.jpg,0.926999568939209,592.6553955078125,253.58670043945312,457.8548583984375,1033.0030517578125,2048,1536,457,1033
HFW12-F7,2016,201603101133,DM,1,/Volumes/Seagate Portable Drive/KYLE_AI_DATABASE/A_CAMERA/Focal_species/Gulo gulo/HFW12-F7/DM/2016/COLOR/Robust marks/03.10-11.33/IMG_2189.JPG,IMG_2189.JPG,HFW12-F7_2016_201603101133_IMG_2189.jpg,0.9453795552253723,592.5045166015625,259.05096435546875,460.088134765625,1037.1201171875,2048,1536,460,1037
HFW12-F7,2016,201603101133,DM,1,/Volumes/Seagate Portable Drive/KYLE_AI_DATABASE/A_CAMERA/Focal_species/Gulo gulo/HFW12-F7/DM/2016/COLOR/Robust marks/03.10-11.33/IMG_2190.JPG,IMG_2190.JPG,HFW12-F7_2016_201603101133_IMG_2190.jpg,0.9338392615318298,592.0330810546875,247.69216918945312,458.538818359375,1046.316162109375,2048,1536,458,1046
HFW12-F7,2016,201603101133,DM,1,/Volumes/Seagate Portable Drive/KYLE_AI_DATABASE/A_CAMERA/Focal_species/Gulo gulo/HFW12-F7/DM/2016/COLOR/Robust marks/03.10-11.33/IMG_2191.JPG,IMG_2191.JPG,HFW12-F7_2016_201603101133_IMG_2191.jpg,0.9233160614967346,593.8790283203125,267.2229309082031,458.3203125,984.449951171875,2048,1536,458,984
HFW12-F7,2016,201603101133,DM,1,/Volumes/Seagate Portable Drive/KYLE_AI_DATABASE/A_CAMERA/Focal_species/Gulo gulo/HFW12-F7/DM/2016/COLOR/Robust marks/03.10-11.33/IMG_2192.JPG,IMG_2192.JPG,HFW12-F7_2016_201603101133_IMG_2192.jpg,0.9322265386581421,593.9054565429688,285.32366943359375,456.95111083984375,965.2456665039062,2048,1536,456,965
HFW12-F7,2016,201603101133,DM,1,/Volumes/Seagate Portable Drive/KYLE_AI_DATABASE/A_CAMERA/Focal_species/Gulo gulo/HFW12-F7/DM/2016/COLOR/Robust marks/03.10-11.33/IMG_2193.JPG,IMG_2193.JPG,HFW12-F7_2016_201603101133_IMG_2193.jpg,0.9295395016670227,593.6264038085938,282.30560302734375,457.69097900390625,971.5446166992188,2048,1536,457,971
HFW12-F7,2016,201603101133,DM,1,/Volumes/Seagate Portable Drive/KYLE_AI_DATABASE/A_CAMERA/Focal_species/Gulo gulo/HFW12-F7/DM/2016/COLOR/Robust marks/03.10-11.33/IMG_2194.JPG,IMG_2194.JPG,HFW12-F7_2016_201603101133_IMG_2194.jpg,0.8999823927879333,591.77001953125,252.25177001953125,457.9195556640625,1005.1643676757812,2048,1536,457,1005
HFW12-F7,2016,201603101133,DM,1,/Volumes/Seagate Portable Drive/KYLE_AI_DATABASE/A_CAMERA/Focal_species/Gulo gulo/HFW12-F7/DM/2016/COLOR/Robust marks/03.10-11.33/IMG_2195.JPG,IMG_2195.JPG,HFW12-F7_2016_201603101133_IMG_2195.jpg,0.9281206727027893,592.5798950195312,273.82427978515625,458.86029052734375,1025.5107421875,2048,1536,458,1025
HFW12-F7,2016,201603101133,DM,1,/Volumes/Seagate Portable Drive/KYLE_AI_DATABASE/A_CAMERA/Focal_species/Gulo gulo/HFW12-F7/DM/2016/COLOR/Robust marks/03.10-11.33/IMG_2196.JPG,IMG_2196.JPG,HFW12-F7_2016_201603101133_IMG_2196.jpg,0.9243133068084717,591.2882690429688,263.56890869140625,458.99444580078125,1037.777587890625,2048,1536,458,1037
HFW12-F7,2016,201603101133,DM,1,/Volumes/Seagate Portable Drive/KYLE_AI_DATABASE/A_CAMERA/Focal_species/Gulo gulo/HFW12-F7/DM/2016/COLOR/Robust marks/03.10-11.33/IMG_2197.JPG,IMG_2197.JPG,HFW12-F7_2016_201603101133_IMG_2197.jpg,0.9203921556472778,592.27880859375,273.64501953125,459.1568603515625,983.7431640625,2048,1536,459,983
HFW12-F7,2016,201603101133,DM,1,/Volumes/Seagate Portable Drive/KYLE_AI_DATABASE/A_CAMERA/Focal_species/Gulo gulo/HFW12-F7/DM/2016/COLOR/Robust marks/03.10-11.33/IMG_2198.JPG,IMG_2198.JPG,HFW12-F7_2016_201603101133_IMG_2198.jpg,0.9447559714317322,592.761962890625,211.4183349609375,460.10107421875,1001.3548583984375,2048,1536,460,1001
HFW12-F7,2016,201603101133,DM,1,/Volumes/Seagate Portable Drive/KYLE_AI_DATABASE/A_CAMERA/Focal_species/Gulo gulo/HFW12-F7/DM/2016/COLOR/Robust marks/03.10-11.33/IMG_2199.JPG,IMG_2199.JPG,HFW12-F7_2016_201603101133_IMG_2199.jpg,0.9300242066383362,593.9724731445312,274.36688232421875,460.67510986328125,927.5188598632812,2048,1536,460,927
HFW12-F7,2016,201603101133,DM,1,/Volumes/Seagate Portable Drive/KYLE_AI_DATABASE/A_CAMERA/Focal_species/Gulo gulo/HFW12-F7/DM/2016/COLOR/Robust marks/03.10-11.33/IMG_2200.JPG,IMG_2200.JPG,HFW12-F7_2016_201603101133_IMG_2200.jpg,0.9363344311714172,592.7703857421875,278.5456237792969,459.923828125,972.345458984375,2048,1536,459,972
HFW12-F7,2016,201603101133,DM,1,/Volumes/Seagate Portable Drive/KYLE_AI_DATABASE/A_CAMERA/Focal_species/Gulo gulo/HFW12-F7/DM/2016/COLOR/Robust marks/03.10-11.33/IMG_2201.JPG,IMG_2201.JPG,HFW12-F7_2016_201603101133_IMG_2201.jpg,0.935905396938324,594.7084350585938,270.65869140625,455.83673095703125,1028.407958984375,2048,1536,455,1028
HFW12-F7,2016,201603101133,DM,1,/Volumes/Seagate Portable Drive/KYLE_AI_DATABASE/A_CAMERA/Focal_species/Gulo gulo/HFW12-F7/DM/2016/COLOR/Robust marks/03.10-11.33/IMG_2202.JPG,IMG_2202.JPG,HFW12-F7_2016_201603101133_IMG_2202.jpg,0.941007137298584,594.4815063476562,265.67181396484375,460.96893310546875,1037.858642578125,2048,1536,460,1037
HFW12-F7,2016,201603101133,DM,1,/Volumes/Seagate Portable Drive/KYLE_AI_DATABASE/A_CAMERA/Focal_species/Gulo gulo/HFW12-F7/DM/2016/COLOR/Robust marks/03.10-11.33/IMG_2203.JPG,IMG_2203.JPG,HFW12-F7_2016_201603101133_IMG_2203.jpg,0.9442270994186401,591.9774169921875,255.7408905029297,461.9803466796875,1070.0386962890625,2048,1536,461,1070
HFW12-F7,2016,201603101133,DM,1,/Volumes/Seagate Portable Drive/KYLE_AI_DATABASE/A_CAMERA/Focal_species/Gulo gulo/HFW12-F7/DM/2016/COLOR/Robust marks/03.10-11.33/IMG_2204.JPG,IMG_2204.JPG,HFW12-F7_2016_201603101133_IMG_2204.jpg,0.9330599308013916,596.3736572265625,256.6577453613281,458.1890869140625,1054.529541015625,2048,1536,458,1054
HFW12-F7,2016,201603101133,DM,1,/Volumes/Seagate Portable Drive/KYLE_AI_DATABASE/A_CAMERA/Focal_species/Gulo gulo/HFW12-F7/DM/2016/COLOR/Robust marks/03.10-11.33/IMG_2205.JPG,IMG_2205.JPG,HFW12-F7_2016_201603101133_IMG_2205.jpg,0.9259943962097168,592.805419921875,258.9893798828125,462.7625732421875,1062.8914794921875,2048,1536,462,1062
HFW12-F7,2016,201603101133,DM,1,/Volumes/Seagate Portable Drive/KYLE_AI_DATABASE/A_CAMERA/Focal_species/Gulo gulo/HFW12-F7/DM/2016/COLOR/Robust marks/03.10-11.33/IMG_2206.JPG,IMG_2206.JPG,HFW12-F7_2016_201603101133_IMG_2206.jpg,0.946641743183136,593.7730102539062,250.0521697998047,458.30914306640625,1054.534423828125,2048,1536,458,1054
HFW12-F7,2016,201603101133,DM,1,/Volumes/Seagate Portable Drive/KYLE_AI_DATABASE/A_CAMERA/Focal_species/Gulo gulo/HFW12-F7/DM/2016/COLOR/Robust marks/03.10-11.33/IMG_2207.JPG,IMG_2207.JPG,HFW12-F7_2016_201603101133_IMG_2207.jpg,0.9508364200592041,595.4609985351562,366.13201904296875,454.63470458984375,882.3143920898438,2048,1536,454,882
HFW12-F7,2016,201603101133,DM,1,/Volumes/Seagate Portable Drive/KYLE_AI_DATABASE/A_CAMERA/Focal_species/Gulo gulo/HFW12-F7/DM/2016/COLOR/Robust marks/03.10-11.33/IMG_2208.JPG,IMG_2208.JPG,HFW12-F7_2016_201603101133_IMG_2208.jpg,0.926491916179657,594.2673950195312,347.82342529296875,453.84991455078125,940.0381469726562,2048,1536,453,940
HFW12-F7,2016,201603101133,DM,1,/Volumes/Seagate Portable Drive/KYLE_AI_DATABASE/A_CAMERA/Focal_species/Gulo gulo/HFW12-F7/DM/2016/COLOR/Robust marks/03.10-11.33/IMG_2209.JPG,IMG_2209.JPG,HFW12-F7_2016_201603101133_IMG_2209.jpg,0.9225748777389526,592.709716796875,336.246826171875,456.576904296875,913.935791015625,2048,1536,456,913
HFW12-F7,2016,201603101133,DM,1,/Volumes/Seagate Portable Drive/KYLE_AI_DATABASE/A_CAMERA/Focal_species/Gulo gulo/HFW12-F7/DM/2016/COLOR/Robust marks/03.10-11.33/IMG_2210.JPG,IMG_2210.JPG,HFW12-F7_2016_201603101133_IMG_2210.jpg,0.9339140057563782,594.9385986328125,242.3019561767578,455.6395263671875,1041.4697265625,2048,1536,455,1041
HFW12-F7,2016,201603101133,DM,1,/Volumes/Seagate Portable Drive/KYLE_AI_DATABASE/A_CAMERA/Focal_species/Gulo gulo/HFW12-F7/DM/2016/COLOR/Robust marks/03.10-11.33/IMG_2211.JPG,IMG_2211.JPG,HFW12-F7_2016_201603101133_IMG_2211.jpg,0.9495481252670288,592.60791015625,264.88775634765625,459.912841796875,1045.57421875,2048,1536,459,1045
HFW12-F7,2016,201603101133,DM,1,/Volumes/Seagate Portable Drive/KYLE_AI_DATABASE/A_CAMERA/Focal_species/Gulo gulo/HFW12-F7/DM/2016/COLOR/Robust marks/03.10-11.33/IMG_2212.JPG,IMG_2212.JPG,HFW12-F7_2016_201603101133_IMG_2212.jpg,0.9499899744987488,595.7886352539062,248.90451049804688,456.97576904296875,1011.440673828125,2048,1536,456,1011
HFW12-F7,2016,201603101133,DM,1,/Volumes/Seagate Portable Drive/KYLE_AI_DATABASE/A_CAMERA/Focal_species/Gulo gulo/HFW12-F7/DM/2016/COLOR/Robust marks/03.10-11.33/IMG_2213.JPG,IMG_2213.JPG,HFW12-F7_2016_201603101133_IMG_2213.jpg,0.9449576139450073,592.2989501953125,243.47653198242188,461.0810546875,1009.77294921875,2048,1536,461,1009
HFW12-F7,2016,201603101133,DM,1,/Volumes/Seagate Portable Drive/KYLE_AI_DATABASE/A_CAMERA/Focal_species/Gulo gulo/HFW12-F7/DM/2016/COLOR/Robust marks/03.10-11.33/IMG_2214.JPG,IMG_2214.JPG,HFW12-F7_2016_201603101133_IMG_2214.jpg,0.9392703771591187,590.7999267578125,231.5186004638672,460.6334228515625,1051.386962890625,2048,1536,460,1051
HFW12-F7,2016,201603101133,DM,1,/Volumes/Seagate Portable Drive/KYLE_AI_DATABASE/A_CAMERA/Focal_species/Gulo gulo/HFW12-F7/DM/2016/COLOR/Robust marks/03.10-11.33/IMG_2215.JPG,IMG_2215.JPG,HFW12-F7_2016_201603101133_IMG_2215.jpg,0.9337764978408813,592.0604858398438,229.7431182861328,458.40557861328125,1037.626708984375,2048,1536,458,1037
HFW12-F7,2016,201603101133,DM,1,/Volumes/Seagate Portable Drive/KYLE_AI_DATABASE/A_CAMERA/Focal_species/Gulo gulo/HFW12-F7/DM/2016/COLOR/Robust marks/03.10-11.33/IMG_2216.JPG,IMG_2216.JPG,HFW12-F7_2016_201603101133_IMG_2216.jpg,0.9360793828964233,591.532470703125,231.44151306152344,458.6376953125,1031.4376220703125,2048,1536,458,1031
HFW12-F7,2016,201603101133,DM,1,/Volumes/Seagate Portable Drive/KYLE_AI_DATABASE/A_CAMERA/Focal_species/Gulo gulo/HFW12-F7/DM/2016/COLOR/Robust marks/03.10-11.33/IMG_2217.JPG,IMG_2217.JPG,HFW12-F7_2016_201603101133_IMG_2217.jpg,0.9504919052124023,594.0242919921875,225.4163818359375,458.8941650390625,1068.2598876953125,2048,1536,458,1068
HFW12-F7,2016,201603101133,DM,1,/Volumes/Seagate Portable Drive/KYLE_AI_DATABASE/A_CAMERA/Focal_species/Gulo gulo/HFW12-F7/DM/2016/COLOR/Robust marks/03.10-11.33/IMG_2218.JPG,IMG_2218.JPG,HFW12-F7_2016_201603101133_IMG_2218.jpg,0.9416564702987671,594.8474731445312,227.14517211914062,459.77606201171875,1071.5946044921875,2048,1536,459,1071
HFW12-F7,2016,201603101133,DM,1,/Volumes/Seagate Portable Drive/KYLE_AI_DATABASE/A_CAMERA/Focal_species/Gulo gulo/HFW12-F7/DM/2016/COLOR/Robust marks/03.10-11.33/IMG_2219.JPG,IMG_2219.JPG,HFW12-F7_2016_201603101133_IMG_2219.jpg,0.9415717720985413,586.4798583984375,224.05064392089844,462.64501953125,1080.201904296875,2048,1536,462,1080
HFW12-F7,2016,201603101133,DM,1,/Volumes/Seagate Portable Drive/KYLE_AI_DATABASE/A_CAMERA/Focal_species/Gulo gulo/HFW12-F7/DM/2016/COLOR/Robust marks/03.10-11.33/IMG_2220.JPG,IMG_2220.JPG,HFW12-F7_2016_201603101133_IMG_2220.jpg,0.814362108707428,583.1693115234375,396.98065185546875,469.9625244140625,967.4220581054688,2048,1536,469,967
HFW12-F7,2016,201603101133,DM,1,/Volumes/Seagate Portable Drive/KYLE_AI_DATABASE/A_CAMERA/Focal_species/Gulo gulo/HFW12-F7/DM/2016/COLOR/Robust marks/03.10-11.33/IMG_2221.JPG,IMG_2221.JPG,HFW12-F7_2016_201603101133_IMG_2221.jpg,0.9138833284378052,587.2946166992188,408.32379150390625,460.89251708984375,886.6212768554688,2048,1536,460,886
HFW12-F7,2016,201603101133,DM,1,/Volumes/Seagate Portable Drive/KYLE_AI_DATABASE/A_CAMERA/Focal_species/Gulo gulo/HFW12-F7/DM/2016/COLOR/Robust marks/03.10-11.33/IMG_2222.JPG,IMG_2222.JPG,HFW12-F7_2016_201603101133_IMG_2222.jpg,0.9596871137619019,588.9418334960938,217.096435546875,461.69647216796875,1082.66015625,2048,1536,461,1082
HFW12-F7,2016,201603101133,DM,1,/Volumes/Seagate Portable Drive/KYLE_AI_DATABASE/A_CAMERA/Focal_species/Gulo gulo/HFW12-F7/DM/2016/COLOR/Robust marks/03.10-11.33/IMG_2223.JPG,IMG_2223.JPG,HFW12-F7_2016_201603101133_IMG_2223.jpg,0.952524721622467,588.768798828125,345.82208251953125,461.883544921875,955.9857788085938,2048,1536,461,955
HFW12-F7,2016,201603101133,DM,1,/Volumes/Seagate Portable Drive/KYLE_AI_DATABASE/A_CAMERA/Focal_species/Gulo gulo/HFW12-F7/DM/2016/COLOR/Robust marks/03.10-11.33/IMG_2224.JPG,IMG_2224.JPG,HFW12-F7_2016_201603101133_IMG_2224.jpg,0.9388859272003174,588.4908447265625,358.9205017089844,462.39501953125,944.4215087890625,2048,1536,462,944
HFW12-F7,2016,201603101133,DM,1,/Volumes/Seagate Portable Drive/KYLE_AI_DATABASE/A_CAMERA/Focal_species/Gulo gulo/HFW12-F7/DM/2016/COLOR/Robust marks/03.10-11.33/IMG_2225.JPG,IMG_2225.JPG,HFW12-F7_2016_201603101133_IMG_2225.jpg,0.9555701017379761,588.8384399414062,359.08892822265625,462.10491943359375,943.2326049804688,2048,1536,462,943
HFW12-F7,2016,201603101133,DM,1,/Volumes/Seagate Portable Drive/KYLE_AI_DATABASE/A_CAMERA/Focal_species/Gulo gulo/HFW12-F7/DM/2016/COLOR/Robust marks/03.10-11.33/IMG_2226.JPG,IMG_2226.JPG,HFW12-F7_2016_201603101133_IMG_2226.jpg,0.9607744216918945,589.1756591796875,360.2081298828125,461.9521484375,938.7481689453125,2048,1536,461,938
HFW12-F7,2016,201603101133,DM,1,/Volumes/Seagate Portable Drive/KYLE_AI_DATABASE/A_CAMERA/Focal_species/Gulo gulo/HFW12-F7/DM/2016/COLOR/Robust marks/03.10-11.33/IMG_2227.JPG,IMG_2227.JPG,HFW12-F7_2016_201603101133_IMG_2227.jpg,0.9402674436569214,588.419189453125,353.392333984375,462.1217041015625,946.476806640625,2048,1536,462,946
HFW12-F7,2016,201603101133,DM,1,/Volumes/Seagate Portable Drive/KYLE_AI_DATABASE/A_CAMERA/Focal_species/Gulo gulo/HFW12-F7/DM/2016/COLOR/Robust marks/03.10-11.33/IMG_2228.JPG,IMG_2228.JPG,HFW12-F7_2016_201603101133_IMG_2228.jpg,0.9285506010055542,597.1254272460938,341.03509521484375,459.25299072265625,996.6360473632812,2048,1536,459,996
HFW12-F7,2016,201603101133,DM,1,/Volumes/Seagate Portable Drive/KYLE_AI_DATABASE/A_CAMERA/Focal_species/Gulo gulo/HFW12-F7/DM/2016/COLOR/Robust marks/03.10-11.33/IMG_2229.JPG,IMG_2229.JPG,HFW12-F7_2016_201603101133_IMG_2229.jpg,0.911839485168457,593.1015625,301.8951416015625,460.7003173828125,1043.6619873046875,2048,1536,460,1043
HFW12-F7,2016,201603101133,DM,1,/Volumes/Seagate Portable Drive/KYLE_AI_DATABASE/A_CAMERA/Focal_species/Gulo gulo/HFW12-F7/DM/2016/COLOR/Robust marks/03.10-11.33/IMG_2230.JPG,IMG_2230.JPG,HFW12-F7_2016_201603101133_IMG_2230.jpg,0.8990243077278137,590.454345703125,381.6766662597656,460.0133056640625,936.5528564453125,2048,1536,460,936
HFW12-F7,2016,201603101133,DM,1,/Volumes/Seagate Portable Drive/KYLE_AI_DATABASE/A_CAMERA/Focal_species/Gulo gulo/HFW12-F7/DM/2016/COLOR/Robust marks/03.10-11.33/IMG_2231.JPG,IMG_2231.JPG,HFW12-F7_2016_201603101133_IMG_2231.jpg,0.9543573260307312,593.6265869140625,362.7354736328125,459.113037109375,938.3323974609375,2048,1536,459,938
HFW12-F7,2016,201603101133,DM,1,/Volumes/Seagate Portable Drive/KYLE_AI_DATABASE/A_CAMERA/Focal_species/Gulo gulo/HFW12-F7/DM/2016/COLOR/Robust marks/03.10-11.33/IMG_2232.JPG,IMG_2232.JPG,HFW12-F7_2016_201603101133_IMG_2232.jpg,0.9524185061454773,592.958251953125,349.4979248046875,458.6639404296875,955.4803466796875,2048,1536,458,955
HFW12-F7,2016,201603101133,DM,1,/Volumes/Seagate Portable Drive/KYLE_AI_DATABASE/A_CAMERA/Focal_species/Gulo gulo/HFW12-F7/DM/2016/COLOR/Robust marks/03.10-11.33/IMG_2233.JPG,IMG_2233.JPG,HFW12-F7_2016_201603101133_IMG_2233.jpg,0.946851909160614,593.3668212890625,380.93316650390625,457.6707763671875,923.2499389648438,2048,1536,457,923
HFW12-F7,2016,201603101133,DM,1,/Volumes/Seagate Portable Drive/KYLE_AI_DATABASE/A_CAMERA/Focal_species/Gulo gulo/HFW12-F7/DM/2016/COLOR/Robust marks/03.10-11.33/IMG_2234.JPG,IMG_2234.JPG,HFW12-F7_2016_201603101133_IMG_2234.jpg,0.9466267824172974,594.9603271484375,392.7188720703125,456.6678466796875,914.8970947265625,2048,1536,456,914
HFW12-F7,2016,201603101133,DM,1,/Volumes/Seagate Portable Drive/KYLE_AI_DATABASE/A_CAMERA/Focal_species/Gulo gulo/HFW12-F7/DM/2016/COLOR/Robust marks/03.10-11.33/IMG_2235.JPG,IMG_2235.JPG,HFW12-F7_2016_201603101133_IMG_2235.jpg,0.9487541317939758,592.425048828125,377.6664733886719,457.2548828125,927.6434326171875,2048,1536,457,927
HFW12-F7,2016,201603101133,DM,1,/Volumes/Seagate Portable Drive/KYLE_AI_DATABASE/A_CAMERA/Focal_species/Gulo gulo/HFW12-F7/DM/2016/COLOR/Robust marks/03.10-11.33/IMG_2236.JPG,IMG_2236.JPG,HFW12-F7_2016_201603101133_IMG_2236.jpg,0.9453752040863037,592.4554443359375,379.13812255859375,457.88232421875,925.8198852539062,2048,1536,457,925
HFW12-F7,2016,201603101133,DM,1,/Volumes/Seagate Portable Drive/KYLE_AI_DATABASE/A_CAMERA/Focal_species/Gulo gulo/HFW12-F7/DM/2016/COLOR/Robust marks/03.10-11.33/IMG_2237.JPG,IMG_2237.JPG,HFW12-F7_2016_201603101133_IMG_2237.jpg,0.9448879957199097,592.7572631835938,384.493896484375,458.19036865234375,917.6866455078125,2048,1536,458,917
HFW12-F7,2016,201603101133,DM,1,/Volumes/Seagate Portable Drive/KYLE_AI_DATABASE/A_CAMERA/Focal_species/Gulo gulo/HFW12-F7/DM/2016/COLOR/Robust marks/03.10-11.33/IMG_2238.JPG,IMG_2238.JPG,HFW12-F7_2016_201603101133_IMG_2238.jpg,0.951431930065155,593.4475708007812,366.453857421875,457.93890380859375,935.328125,2048,1536,457,935
HFW12-F7,2016,201603101133,DM,1,/Volumes/Seagate Portable Drive/KYLE_AI_DATABASE/A_CAMERA/Focal_species/Gulo gulo/HFW12-F7/DM/2016/COLOR/Robust marks/03.10-11.33/IMG_2239.JPG,IMG_2239.JPG,HFW12-F7_2016_201603101133_IMG_2239.jpg,0.9444486498832703,594.894287109375,370.9898681640625,455.1611328125,931.4422607421875,2048,1536,455,931
HFW12-F7,2016,201603101133,DM,1,/Volumes/Seagate Portable Drive/KYLE_AI_DATABASE/A_CAMERA/Focal_species/Gulo gulo/HFW12-F7/DM/2016/COLOR/Robust marks/03.10-11.33/IMG_2240.JPG,IMG_2240.JPG,HFW12-F7_2016_201603101133_IMG_2240.jpg,0.9585060477256775,595.7091674804688,377.56036376953125,459.02471923828125,911.3930053710938,2048,1536,459,911
HFW12-F7,2016,201603101133,DM,1,/Volumes/Seagate Portable Drive/KYLE_AI_DATABASE/A_CAMERA/Focal_species/Gulo gulo/HFW12-F7/DM/2016/COLOR/Robust marks/03.10-11.33/IMG_2241.JPG,IMG_2241.JPG,HFW12-F7_2016_201603101133_IMG_2241.jpg,0.9547260403633118,599.0309448242188,376.3028869628906,456.20880126953125,927.9337158203125,2048,1536,456,927
HFW12-F7,2016,201603101133,DM,1,/Volumes/Seagate Portable Drive/KYLE_AI_DATABASE/A_CAMERA/Focal_species/Gulo gulo/HFW12-F7/DM/2016/COLOR/Robust marks/03.10-11.33/IMG_2242.JPG,IMG_2242.JPG,HFW12-F7_2016_201603101133_IMG_2242.jpg,0.9480289816856384,600.0364379882812,372.92669677734375,451.62762451171875,923.7495727539062,2048,1536,451,923
HFW12-F7,2016,201603101133,DM,1,/Volumes/Seagate Portable Drive/KYLE_AI_DATABASE/A_CAMERA/Focal_species/Gulo gulo/HFW12-F7/DM/2016/COLOR/Robust marks/03.10-11.33/IMG_2243.JPG,IMG_2243.JPG,HFW12-F7_2016_201603101133_IMG_2243.jpg,0.9491447806358337,599.115478515625,376.53448486328125,454.23681640625,923.3385620117188,2048,1536,454,923
HFW12-F7,2016,201603101133,DM,1,/Volumes/Seagate Portable Drive/KYLE_AI_DATABASE/A_CAMERA/Focal_species/Gulo gulo/HFW12-F7/DM/2016/COLOR/Robust marks/03.10-11.33/IMG_2244.JPG,IMG_2244.JPG,HFW12-F7_2016_201603101133_IMG_2244.jpg,0.9094900488853455,599.438232421875,342.3753662109375,454.337890625,954.8665771484375,2048,1536,454,954
HFW12-F7,2016,201603101133,DM,1,/Volumes/Seagate Portable Drive/KYLE_AI_DATABASE/A_CAMERA/Focal_species/Gulo gulo/HFW12-F7/DM/2016/COLOR/Robust marks/03.10-11.33/IMG_2245.JPG,IMG_2245.JPG,HFW12-F7_2016_201603101133_IMG_2245.jpg,0.934712290763855,599.27294921875,340.3052673339844,451.177734375,958.4556884765625,2048,1536,451,958
HFW12-F7,2016,201603101133,DM,1,/Volumes/Seagate Portable Drive/KYLE_AI_DATABASE/A_CAMERA/Focal_species/Gulo gulo/HFW12-F7/DM/2016/COLOR/Robust marks/03.10-11.33/IMG_2246.JPG,IMG_2246.JPG,HFW12-F7_2016_201603101133_IMG_2246.jpg,0.9525529742240906,598.9996948242188,378.6396484375,456.69683837890625,918.638916015625,2048,1536,456,918
HFW12-F7,2016,201603101133,DM,1,/Volumes/Seagate Portable Drive/KYLE_AI_DATABASE/A_CAMERA/Focal_species/Gulo gulo/HFW12-F7/DM/2016/COLOR/Robust marks/03.10-11.33/IMG_2247.JPG,IMG_2247.JPG,HFW12-F7_2016_201603101133_IMG_2247.jpg,0.9596894383430481,599.0830688476562,390.616455078125,455.41461181640625,906.2774658203125,2048,1536,455,906
HFW12-F7,2016,201603101133,DM,1,/Volumes/Seagate Portable Drive/KYLE_AI_DATABASE/A_CAMERA/Focal_species/Gulo gulo/HFW12-F7/DM/2016/COLOR/Robust marks/03.10-11.33/IMG_2248.JPG,IMG_2248.JPG,HFW12-F7_2016_201603101133_IMG_2248.jpg,0.9042722582817078,599.7269287109375,357.7493896484375,454.2674560546875,943.4779052734375,2048,1536,454,943
HFW12-F7,2016,201603101133,DM,1,/Volumes/Seagate Portable Drive/KYLE_AI_DATABASE/A_CAMERA/Focal_species/Gulo gulo/HFW12-F7/DM/2016/COLOR/Robust marks/03.10-11.33/IMG_2249.JPG,IMG_2249.JPG,HFW12-F7_2016_201603101133_IMG_2249.jpg,0.920074462890625,597.8291015625,276.44915771484375,472.734375,953.9138793945312,2048,1536,472,953
HFW12-F7,2016,201603101133,DM,1,/Volumes/Seagate Portable Drive/KYLE_AI_DATABASE/A_CAMERA/Focal_species/Gulo gulo/HFW12-F7/DM/2016/COLOR/Robust marks/03.10-11.33/IMG_2250.JPG,IMG_2250.JPG,HFW12-F7_2016_201603101133_IMG_2250.jpg,0.8975921273231506,597.4658203125,365.4892272949219,453.1492919921875,921.5313720703125,2048,1536,453,921
HFW12-F7,2016,201603101133,DM,1,/Volumes/Seagate Portable Drive/KYLE_AI_DATABASE/A_CAMERA/Focal_species/Gulo gulo/HFW12-F7/DM/2016/COLOR/Robust marks/03.10-11.33/IMG_2251.JPG,IMG_2251.JPG,HFW12-F7_2016_201603101133_IMG_2251.jpg,0.9251130819320679,597.5330810546875,365.71197509765625,454.119384765625,927.5879516601562,2048,1536,454,927
HFW12-F7,2016,201603101133,DM,1,/Volumes/Seagate Portable Drive/KYLE_AI_DATABASE/A_CAMERA/Focal_species/Gulo gulo/HFW12-F7/DM/2016/COLOR/Robust marks/03.10-11.33/IMG_2252.JPG,IMG_2252.JPG,HFW12-F7_2016_201603101133_IMG_2252.jpg,0.9405086040496826,593.5135498046875,228.14735412597656,465.479736328125,1136.820068359375,2048,1536,465,1136
HFW12-F7,2016,201603101133,DM,1,/Volumes/Seagate Portable Drive/KYLE_AI_DATABASE/A_CAMERA/Focal_species/Gulo gulo/HFW12-F7/DM/2016/COLOR/Robust marks/03.10-11.33/IMG_2253.JPG,IMG_2253.JPG,HFW12-F7_2016_201603101133_IMG_2253.jpg,0.8828093409538269,593.1341552734375,276.5739440917969,462.1541748046875,1048.505859375,2048,1536,462,1048
HFW12-F7,2016,201603101133,DM,1,/Volumes/Seagate Portable Drive/KYLE_AI_DATABASE/A_CAMERA/Focal_species/Gulo gulo/HFW12-F7/DM/2016/COLOR/Robust marks/03.10-11.33/IMG_2254.JPG,IMG_2254.JPG,HFW12-F7_2016_201603101133_IMG_2254.jpg,0.9120551347732544,592.76416015625,375.47186279296875,462.0111083984375,931.6082153320312,2048,1536,462,931
HFW12-F7,2016,201603101133,DM,1,/Volumes/Seagate Portable Drive/KYLE_AI_DATABASE/A_CAMERA/Focal_species/Gulo gulo/HFW12-F7/DM/2016/COLOR/Robust marks/03.10-11.33/IMG_2255.JPG,IMG_2255.JPG,HFW12-F7_2016_201603101133_IMG_2255.jpg,0.9163827300071716,593.821533203125,390.28131103515625,461.5615234375,945.2506713867188,2048,1536,461,945
HFW12-F7,2016,201603101133,DM,1,/Volumes/Seagate Portable Drive/KYLE_AI_DATABASE/A_CAMERA/Focal_species/Gulo gulo/HFW12-F7/DM/2016/COLOR/Robust marks/03.10-11.33/IMG_2256.JPG,IMG_2256.JPG,HFW12-F7_2016_201603101133_IMG_2256.jpg,0.9035374522209167,593.1558227539062,338.97137451171875,462.78948974609375,996.7129516601562,2048,1536,462,996
HFW12-F7,2016,201603101133,DM,1,/Volumes/Seagate Portable Drive/KYLE_AI_DATABASE/A_CAMERA/Focal_species/Gulo gulo/HFW12-F7/DM/2016/COLOR/Robust marks/03.10-11.33/IMG_2257.JPG,IMG_2257.JPG,HFW12-F7_2016_201603101133_IMG_2257.jpg,0.878136157989502,593.704345703125,279.4189453125,462.2572021484375,1037.29541015625,2048,1536,462,1037
HFW12-F7,2016,201603101133,DM,1,/Volumes/Seagate Portable Drive/KYLE_AI_DATABASE/A_CAMERA/Focal_species/Gulo gulo/HFW12-F7/DM/2016/COLOR/Robust marks/03.10-11.33/IMG_2258.JPG,IMG_2258.JPG,HFW12-F7_2016_201603101133_IMG_2258.jpg,0.9093418121337891,596.1251220703125,384.756103515625,458.7171630859375,909.73828125,2048,1536,458,909
HFW12-F7,2016,201603101133,DM,1,/Volumes/Seagate Portable Drive/KYLE_AI_DATABASE/A_CAMERA/Focal_species/Gulo gulo/HFW12-F7/DM/2016/COLOR/Robust marks/03.10-11.33/IMG_2259.JPG,IMG_2259.JPG,HFW12-F7_2016_201603101133_IMG_2259.jpg,0.9049111604690552,596.1126098632812,393.9749755859375,459.13055419921875,908.2947998046875,2048,1536,459,908
HFW12-F7,2016,201603101133,DM,1,/Volumes/Seagate Portable Drive/KYLE_AI_DATABASE/A_CAMERA/Focal_species/Gulo gulo/HFW12-F7/DM/2016/COLOR/Robust marks/03.10-11.33/IMG_2260.JPG,IMG_2260.JPG,HFW12-F7_2016_201603101133_IMG_2260.jpg,0.9366924166679382,596.4743041992188,412.7265930175781,459.16815185546875,890.4964599609375,2048,1536,459,890
HFW12-F7,2016,201603101133,DM,1,/Volumes/Seagate Portable Drive/KYLE_AI_DATABASE/A_CAMERA/Focal_species/Gulo gulo/HFW12-F7/DM/2016/COLOR/Robust marks/03.10-11.33/IMG_2261.JPG,IMG_2261.JPG,HFW12-F7_2016_201603101133_IMG_2261.jpg,0.9143797159194946,596.6858520507812,402.45623779296875,458.10528564453125,896.0349731445312,2048,1536,458,896
HFW12-F7,2016,201603101133,DM,1,/Volumes/Seagate Portable Drive/KYLE_AI_DATABASE/A_CAMERA/Focal_species/Gulo gulo/HFW12-F7/DM/2016/COLOR/Robust marks/03.10-11.33/IMG_2262.JPG,IMG_2262.JPG,HFW12-F7_2016_201603101133_IMG_2262.jpg,0.9382247924804688,595.5887451171875,396.79058837890625,459.5428466796875,904.0968627929688,2048,1536,459,904
HFW12-F7,2016,201603101133,DM,1,/Volumes/Seagate Portable Drive/KYLE_AI_DATABASE/A_CAMERA/Focal_species/Gulo gulo/HFW12-F7/DM/2016/COLOR/Robust marks/03.10-11.33/IMG_2263.JPG,IMG_2263.JPG,HFW12-F7_2016_201603101133_IMG_2263.jpg,0.9191676378250122,594.696044921875,387.01385498046875,461.1500244140625,914.4767456054688,2048,1536,461,914
HFW12-F7,2016,201603101133,DM,1,/Volumes/Seagate Portable Drive/KYLE_AI_DATABASE/A_CAMERA/Focal_species/Gulo gulo/HFW12-F7/DM/2016/COLOR/Robust marks/03.10-11.33/IMG_2264.JPG,IMG_2264.JPG,HFW12-F7_2016_201603101133_IMG_2264.jpg,0.944401204586029,597.92724609375,395.2028503417969,457.6630859375,905.8919677734375,2048,1536,457,905
HFW12-F7,2016,201603101133,DM,1,/Volumes/Seagate Portable Drive/KYLE_AI_DATABASE/A_CAMERA/Focal_species/Gulo gulo/HFW12-F7/DM/2016/COLOR/Robust marks/03.10-11.33/IMG_2265.JPG,IMG_2265.JPG,HFW12-F7_2016_201603101133_IMG_2265.jpg,0.9239004850387573,596.387451171875,387.478759765625,460.4007568359375,932.860107421875,2048,1536,460,932
HFW12-F7,2016,201603101133,DM,1,/Volumes/Seagate Portable Drive/KYLE_AI_DATABASE/A_CAMERA/Focal_species/Gulo gulo/HFW12-F7/DM/2016/COLOR/Robust marks/03.10-11.33/IMG_2266.JPG,IMG_2266.JPG,HFW12-F7_2016_201603101133_IMG_2266.jpg,0.9179115295410156,596.3717651367188,415.3320007324219,457.64581298828125,871.0968017578125,2048,1536,457,871
HFW12-F7,2016,201603101133,DM,1,/Volumes/Seagate Portable Drive/KYLE_AI_DATABASE/A_CAMERA/Focal_species/Gulo gulo/HFW12-F7/DM/2016/COLOR/Robust marks/03.10-11.33/IMG_2267.JPG,IMG_2267.JPG,HFW12-F7_2016_201603101133_IMG_2267.jpg,0.9159584045410156,597.1297607421875,415.5992431640625,456.876953125,867.1697998046875,2048,1536,456,867
HFW12-F7,2016,201603101133,DM,1,/Volumes/Seagate Portable Drive/KYLE_AI_DATABASE/A_CAMERA/Focal_species/Gulo gulo/HFW12-F7/DM/2016/COLOR/Robust marks/03.10-11.33/IMG_2268.JPG,IMG_2268.JPG,HFW12-F7_2016_201603101133_IMG_2268.jpg,0.8995456099510193,596.1106567382812,398.60382080078125,458.14520263671875,895.9420776367188,2048,1536,458,895
HFW12-F7,2016,201603101133,DM,1,/Volumes/Seagate Portable Drive/KYLE_AI_DATABASE/A_CAMERA/Focal_species/Gulo gulo/HFW12-F7/DM/2016/COLOR/Robust marks/03.10-11.33/IMG_2269.JPG,IMG_2269.JPG,HFW12-F7_2016_201603101133_IMG_2269.jpg,0.8621890544891357,592.6173095703125,396.0656433105469,463.8060302734375,818.183837890625,2048,1536,463,818
HFW12-F7,2016,201603101133,DM,1,/Volumes/Seagate Portable Drive/KYLE_AI_DATABASE/A_CAMERA/Focal_species/Gulo gulo/HFW12-F7/DM/2016/COLOR/Robust marks/03.10-11.33/IMG_2270.JPG,IMG_2270.JPG,HFW12-F7_2016_201603101133_IMG_2270.jpg,0.9306226968765259,598.1279296875,399.421875,455.2947998046875,905.0615234375,2048,1536,455,905
HFW12-F7,2016,201603101133,DM,1,/Volumes/Seagate Portable Drive/KYLE_AI_DATABASE/A_CAMERA/Focal_species/Gulo gulo/HFW12-F7/DM/2016/COLOR/Robust marks/03.10-11.33/IMG_2271.JPG,IMG_2271.JPG,HFW12-F7_2016_201603101133_IMG_2271.jpg,0.9062685966491699,580.49755859375,387.42938232421875,474.931396484375,950.2268676757812,2048,1536,474,950
HFW12-F7,2016,201603101133,DM,1,/Volumes/Seagate Portable Drive/KYLE_AI_DATABASE/A_CAMERA/Focal_species/Gulo gulo/HFW12-F7/DM/2016/COLOR/Robust marks/03.10-11.33/IMG_2272.JPG,IMG_2272.JPG,HFW12-F7_2016_201603101133_IMG_2272.jpg,0.8580253720283508,582.4851684570312,452.6602783203125,466.07879638671875,854.7025146484375,2048,1536,466,854
HFW12-F7,2016,201603101133,DM,1,/Volumes/Seagate Portable Drive/KYLE_AI_DATABASE/A_CAMERA/Focal_species/Gulo gulo/HFW12-F7/DM/2016/COLOR/Robust marks/03.10-11.33/IMG_2273.JPG,IMG_2273.JPG,HFW12-F7_2016_201603101133_IMG_2273.jpg,0.906856119632721,586.0662231445312,396.0059509277344,463.08209228515625,926.044677734375,2048,1536,463,926
HFW12-F7,2016,201603101133,DM,1,/Volumes/Seagate Portable Drive/KYLE_AI_DATABASE/A_CAMERA/Focal_species/Gulo gulo/HFW12-F7/DM/2016/COLOR/Robust marks/03.10-11.33/IMG_2274.JPG,IMG_2274.JPG,HFW12-F7_2016_201603101133_IMG_2274.jpg,0.8717589974403381,585.0465698242188,456.75616455078125,469.14556884765625,904.8637084960938,2048,1536,469,904
HFW12-F7,2016,201603101133,DM,1,/Volumes/Seagate Portable Drive/KYLE_AI_DATABASE/A_CAMERA/Focal_species/Gulo gulo/HFW12-F7/DM/2016/COLOR/Robust marks/03.10-11.33/IMG_2275.JPG,IMG_2275.JPG,HFW12-F7_2016_201603101133_IMG_2275.jpg,0.8934263586997986,584.945556640625,318.0608825683594,464.849853515625,997.4710693359375,2048,1536,464,997
HFW12-F7,2016,201603101133,DM,1,/Volumes/Seagate Portable Drive/KYLE_AI_DATABASE/A_CAMERA/Focal_species/Gulo gulo/HFW12-F7/DM/2016/COLOR/Robust marks/03.10-11.33/IMG_2276.JPG,IMG_2276.JPG,HFW12-F7_2016_201603101133_IMG_2276.jpg,0.928985059261322,593.095458984375,272.7393798828125,458.34326171875,1061.5916748046875,2048,1536,458,1061
HFW12-F7,2016,201603101133,DM,1,/Volumes/Seagate Portable Drive/KYLE_AI_DATABASE/A_CAMERA/Focal_species/Gulo gulo/HFW12-F7/DM/2016/COLOR/Robust marks/03.10-11.33/IMG_2277.JPG,IMG_2277.JPG,HFW12-F7_2016_201603101133_IMG_2277.jpg,0.943355143070221,590.0068359375,315.9775390625,460.0955810546875,994.4515380859375,2048,1536,460,994
HFW12-F7,2016,201603101133,DM,1,/Volumes/Seagate Portable Drive/KYLE_AI_DATABASE/A_CAMERA/Focal_species/Gulo gulo/HFW12-F7/DM/2016/COLOR/Robust marks/03.10-11.33/IMG_2278.JPG,IMG_2278.JPG,HFW12-F7_2016_201603101133_IMG_2278.jpg,0.9344088435173035,592.881103515625,320.07525634765625,459.4365234375,995.6281127929688,2048,1536,459,995
HFW12-F7,2016,201603101133,DM,1,/Volumes/Seagate Portable Drive/KYLE_AI_DATABASE/A_CAMERA/Focal_species/Gulo gulo/HFW12-F7/DM/2016/COLOR/Robust marks/03.10-11.33/IMG_2279.JPG,IMG_2279.JPG,HFW12-F7_2016_201603101133_IMG_2279.jpg,0.9241403937339783,591.489501953125,324.7597961425781,461.5091552734375,925.4249267578125,2048,1536,461,925
HFW12-F7,2016,201603101133,DM,1,/Volumes/Seagate Portable Drive/KYLE_AI_DATABASE/A_CAMERA/Focal_species/Gulo gulo/HFW12-F7/DM/2016/COLOR/Robust marks/03.10-11.33/IMG_2280.JPG,IMG_2280.JPG,HFW12-F7_2016_201603101133_IMG_2280.jpg,0.9287214875221252,597.0919799804688,323.31927490234375,453.65557861328125,970.4231567382812,2048,1536,453,970
HFW12-F7,2016,201603101133,DM,1,/Volumes/Seagate Portable Drive/KYLE_AI_DATABASE/A_CAMERA/Focal_species/Gulo gulo/HFW12-F7/DM/2016/COLOR/Robust marks/03.10-11.33/IMG_2281.JPG,IMG_2281.JPG,HFW12-F7_2016_201603101133_IMG_2281.jpg,0.9268229603767395,598.0546875,326.4619140625,452.4732666015625,965.7060546875,2048,1536,452,965
HFW12-F7,2016,201603101133,DM,1,/Volumes/Seagate Portable Drive/KYLE_AI_DATABASE/A_CAMERA/Focal_species/Gulo gulo/HFW12-F7/DM/2016/COLOR/Robust marks/03.10-11.33/IMG_2282.JPG,IMG_2282.JPG,HFW12-F7_2016_201603101133_IMG_2282.jpg,0.8897903561592102,596.0158081054688,365.5484619140625,457.40863037109375,862.8594970703125,2048,1536,457,862
HFW12-F7,2016,201603101133,DM,1,/Volumes/Seagate Portable Drive/KYLE_AI_DATABASE/A_CAMERA/Focal_species/Gulo gulo/HFW12-F7/DM/2016/COLOR/Robust marks/03.10-11.33/IMG_2283.JPG,IMG_2283.JPG,HFW12-F7_2016_201603101133_IMG_2283.jpg,0.9432213306427002,596.9426879882812,342.98382568359375,456.26348876953125,907.6438598632812,2048,1536,456,907
HFW12-F7,2016,201603101133,DM,1,/Volumes/Seagate Portable Drive/KYLE_AI_DATABASE/A_CAMERA/Focal_species/Gulo gulo/HFW12-F7/DM/2016/COLOR/Robust marks/03.10-11.33/IMG_2284.JPG,IMG_2284.JPG,HFW12-F7_2016_201603101133_IMG_2284.jpg,0.9318934082984924,596.4683227539062,323.94097900390625,457.53021240234375,979.4225463867188,2048,1536,457,979
HFW12-F7,2016,201603101133,DM,1,/Volumes/Seagate Portable Drive/KYLE_AI_DATABASE/A_CAMERA/Focal_species/Gulo gulo/HFW12-F7/DM/2016/COLOR/Robust marks/03.10-11.33/IMG_2285.JPG,IMG_2285.JPG,HFW12-F7_2016_201603101133_IMG_2285.jpg,0.938892126083374,596.922607421875,326.6795654296875,454.16552734375,965.5142822265625,2048,1536,454,965
HFW12-F7,2016,201603101133,DM,1,/Volumes/Seagate Portable Drive/KYLE_AI_DATABASE/A_CAMERA/Focal_species/Gulo gulo/HFW12-F7/DM/2016/COLOR/Robust marks/03.10-11.33/IMG_2286.JPG,IMG_2286.JPG,HFW12-F7_2016_201603101133_IMG_2286.jpg,0.9286920428276062,595.3963012695312,322.93560791015625,457.06378173828125,940.1686401367188,2048,1536,457,940
HFW12-F7,2016,201603101133,DM,1,/Volumes/Seagate Portable Drive/KYLE_AI_DATABASE/A_CAMERA/Focal_species/Gulo gulo/HFW12-F7/DM/2016/COLOR/Robust marks/03.10-11.33/IMG_2287.JPG,IMG_2287.JPG,HFW12-F7_2016_201603101133_IMG_2287.jpg,0.9173239469528198,596.2679443359375,406.7930908203125,460.327880859375,806.7698974609375,2048,1536,460,806
HFW12-F7,2016,201603101133,DM,1,/Volumes/Seagate Portable Drive/KYLE_AI_DATABASE/A_CAMERA/Focal_species/Gulo gulo/HFW12-F7/DM/2016/COLOR/Robust marks/03.10-11.33/IMG_2288.JPG,IMG_2288.JPG,HFW12-F7_2016_201603101133_IMG_2288.jpg,0.880168080329895,596.659423828125,338.53436279296875,460.1861572265625,871.2400512695312,2048,1536,460,871
HFW12-F7,2016,201603101133,DM,1,/Volumes/Seagate Portable Drive/KYLE_AI_DATABASE/A_CAMERA/Focal_species/Gulo gulo/HFW12-F7/DM/2016/COLOR/Robust marks/03.10-11.33/IMG_2289.JPG,IMG_2289.JPG,HFW12-F7_2016_201603101133_IMG_2289.jpg,0.8428823351860046,593.7576904296875,381.47021484375,463.112548828125,795.6357421875,2048,1536,463,795
HFW12-F7,2016,201603101133,DM,1,/Volumes/Seagate Portable Drive/KYLE_AI_DATABASE/A_CAMERA/Focal_species/Gulo gulo/HFW12-F7/DM/2016/COLOR/Robust marks/03.10-11.33/IMG_2290.JPG,IMG_2290.JPG,HFW12-F7_2016_201603101133_IMG_2290.jpg,0.9083431363105774,595.549560546875,260.54779052734375,458.3193359375,954.9411010742188,2048,1536,458,954
HFW12-F7,2016,201603101133,DM,1,/Volumes/Seagate Portable Drive/KYLE_AI_DATABASE/A_CAMERA/Focal_species/Gulo gulo/HFW12-F7/DM/2016/COLOR/Robust marks/03.10-11.33/IMG_2291.JPG,IMG_2291.JPG,HFW12-F7_2016_201603101133_IMG_2291.jpg,0.8904964923858643,598.1296997070312,254.0976104736328,456.37152099609375,965.8511352539062,2048,1536,456,965
HFW12-F7,2016,201603101133,DM,1,/Volumes/Seagate Portable Drive/KYLE_AI_DATABASE/A_CAMERA/Focal_species/Gulo gulo/HFW12-F7/DM/2016/COLOR/Robust marks/03.10-11.33/IMG_2292.JPG,IMG_2292.JPG,HFW12-F7_2016_201603101133_IMG_2292.jpg,0.8734891414642334,594.29931640625,333.93988037109375,478.2830810546875,897.3259887695312,2048,1536,478,897
HFW12-F7,2016,201603101133,DM,1,/Volumes/Seagate Portable Drive/KYLE_AI_DATABASE/A_CAMERA/Focal_species/Gulo gulo/HFW12-F7/DM/2016/COLOR/Robust marks/03.10-11.33/IMG_2293.JPG,IMG_2293.JPG,HFW12-F7_2016_201603101133_IMG_2293.jpg,0.9491896629333496,596.3135986328125,332.252197265625,466.579833984375,910.021240234375,2048,1536,466,910
HFW12-F7,2016,201603101133,DM,1,/Volumes/Seagate Portable Drive/KYLE_AI_DATABASE/A_CAMERA/Focal_species/Gulo gulo/HFW12-F7/DM/2016/COLOR/Robust marks/03.10-11.33/IMG_2294.JPG,IMG_2294.JPG,HFW12-F7_2016_201603101133_IMG_2294.jpg,0.9386352896690369,596.0513916015625,339.92431640625,490.330810546875,913.93408203125,2048,1536,490,913
HFW12-F7,2016,201603101133,DM,1,/Volumes/Seagate Portable Drive/KYLE_AI_DATABASE/A_CAMERA/Focal_species/Gulo gulo/HFW12-F7/DM/2016/COLOR/Robust marks/03.10-11.33/IMG_2295.JPG,IMG_2295.JPG,HFW12-F7_2016_201603101133_IMG_2295.jpg,0.9298883080482483,596.9698486328125,351.33612060546875,482.2281494140625,946.9111938476562,2048,1536,482,946
HFW12-F7,2016,201603101133,DM,1,/Volumes/Seagate Portable Drive/KYLE_AI_DATABASE/A_CAMERA/Focal_species/Gulo gulo/HFW12-F7/DM/2016/COLOR/Robust marks/03.10-11.33/IMG_2296.JPG,IMG_2296.JPG,HFW12-F7_2016_201603101133_IMG_2296.jpg,0.9450699090957642,596.7474365234375,370.1062316894531,456.5433349609375,950.9288330078125,2048,1536,456,950
HFW12-F7,2016,201603101133,DM,1,/Volumes/Seagate Portable Drive/KYLE_AI_DATABASE/A_CAMERA/Focal_species/Gulo gulo/HFW12-F7/DM/2016/COLOR/Robust marks/03.10-11.33/IMG_2297.JPG,IMG_2297.JPG,HFW12-F7_2016_201603101133_IMG_2297.jpg,0.9139953255653381,598.3372802734375,402.577392578125,454.653076171875,927.9053955078125,2048,1536,454,927
HFW12-F7,2016,201603101133,DM,1,/Volumes/Seagate Portable Drive/KYLE_AI_DATABASE/A_CAMERA/Focal_species/Gulo gulo/HFW12-F7/DM/2016/COLOR/Robust marks/03.10-11.33/IMG_2298.JPG,IMG_2298.JPG,HFW12-F7_2016_201603101133_IMG_2298.jpg,0.9148052930831909,600.30078125,406.32177734375,450.998291015625,889.08203125,2048,1536,450,889
HFW12-F7,2016,201603101133,DM,1,/Volumes/Seagate Portable Drive/KYLE_AI_DATABASE/A_CAMERA/Focal_species/Gulo gulo/HFW12-F7/DM/2016/COLOR/Robust marks/03.10-11.33/IMG_2299.JPG,IMG_2299.JPG,HFW12-F7_2016_201603101133_IMG_2299.jpg,0.908217191696167,596.8321533203125,398.9822998046875,454.937255859375,906.4312744140625,2048,1536,454,906
HFW12-F7,2016,201603101133,DM,1,/Volumes/Seagate Portable Drive/KYLE_AI_DATABASE/A_CAMERA/Focal_species/Gulo gulo/HFW12-F7/DM/2016/COLOR/Robust marks/03.10-11.33/IMG_2300.JPG,IMG_2300.JPG,HFW12-F7_2016_201603101133_IMG_2300.jpg,0.8973333835601807,592.4450073242188,392.1400451660156,473.04644775390625,937.2332763671875,2048,1536,473,937
HFW12-F7,2016,201603101133,DM,1,/Volumes/Seagate Portable Drive/KYLE_AI_DATABASE/A_CAMERA/Focal_species/Gulo gulo/HFW12-F7/DM/2016/COLOR/Robust marks/03.10-11.33/IMG_2301.JPG,IMG_2301.JPG,HFW12-F7_2016_201603101133_IMG_2301.jpg,0.9222593307495117,587.75439453125,348.46759033203125,474.646240234375,951.9340209960938,2048,1536,474,951
HFW12-F7,2016,201603101133,DM,1,/Volumes/Seagate Portable Drive/KYLE_AI_DATABASE/A_CAMERA/Focal_species/Gulo gulo/HFW12-F7/DM/2016/COLOR/Robust marks/03.10-11.33/IMG_2302.JPG,IMG_2302.JPG,HFW12-F7_2016_201603101133_IMG_2302.jpg,0.9361391663551331,586.9757080078125,375.36773681640625,475.630615234375,931.0133666992188,2048,1536,475,931
HFW12-F7,2016,201603101133,DM,1,/Volumes/Seagate Portable Drive/KYLE_AI_DATABASE/A_CAMERA/Focal_species/Gulo gulo/HFW12-F7/DM/2016/COLOR/Robust marks/03.10-11.33/IMG_2303.JPG,IMG_2303.JPG,HFW12-F7_2016_201603101133_IMG_2303.jpg,0.9355193376541138,585.2785034179688,322.34088134765625,477.19476318359375,915.7802124023438,2048,1536,477,915
HFW12-F7,2016,201603101133,DM,1,/Volumes/Seagate Portable Drive/KYLE_AI_DATABASE/A_CAMERA/Focal_species/Gulo gulo/HFW12-F7/DM/2016/COLOR/Robust marks/03.10-11.33/IMG_2304.JPG,IMG_2304.JPG,HFW12-F7_2016_201603101133_IMG_2304.jpg,0.9384098649024963,575.604248046875,299.8238525390625,486.0496826171875,898.7486572265625,2048,1536,486,898
HFW12-F7,2016,201603101133,DM,1,/Volumes/Seagate Portable Drive/KYLE_AI_DATABASE/A_CAMERA/Focal_species/Gulo gulo/HFW12-F7/DM/2016/COLOR/Robust marks/03.10-11.33/IMG_2305.JPG,IMG_2305.JPG,HFW12-F7_2016_201603101133_IMG_2305.jpg,0.9025691747665405,584.9703979492188,197.28982543945312,476.00616455078125,1011.390625,2048,1536,476,1011
HFW12-F7,2016,201603101133,DM,1,/Volumes/Seagate Portable Drive/KYLE_AI_DATABASE/A_CAMERA/Focal_species/Gulo gulo/HFW12-F7/DM/2016/COLOR/Robust marks/03.10-11.33/IMG_2306.JPG,IMG_2306.JPG,HFW12-F7_2016_201603101133_IMG_2306.jpg,0.8766388297080994,587.382080078125,348.71173095703125,467.1904296875,896.8812866210938,2048,1536,467,896
HFW12-F7,2016,201603101133,DM,1,/Volumes/Seagate Portable Drive/KYLE_AI_DATABASE/A_CAMERA/Focal_species/Gulo gulo/HFW12-F7/DM/2016/COLOR/Robust marks/03.10-11.33/IMG_2307.JPG,IMG_2307.JPG,HFW12-F7_2016_201603101133_IMG_2307.jpg,0.9349374771118164,589.3411254882812,218.16146850585938,464.25531005859375,1025.2799072265625,2048,1536,464,1025
HFW12-F7,2016,201603101133,DM,1,/Volumes/Seagate Portable Drive/KYLE_AI_DATABASE/A_CAMERA/Focal_species/Gulo gulo/HFW12-F7/DM/2016/COLOR/Robust marks/03.10-11.33/IMG_2308.JPG,IMG_2308.JPG,HFW12-F7_2016_201603101133_IMG_2308.jpg,0.8739708065986633,587.2952880859375,324.14459228515625,466.0767822265625,954.9323120117188,2048,1536,466,954
HFW12-F7,2016,201603101133,DM,1,/Volumes/Seagate Portable Drive/KYLE_AI_DATABASE/A_CAMERA/Focal_species/Gulo gulo/HFW12-F7/DM/2016/COLOR/Robust marks/03.10-11.33/IMG_2309.JPG,IMG_2309.JPG,HFW12-F7_2016_201603101133_IMG_2309.jpg,0.93940269947052,589.9046630859375,200.14022827148438,463.8466796875,1026.2991943359375,2048,1536,463,1026
HFW12-F7,2016,201603101133,DM,1,/Volumes/Seagate Portable Drive/KYLE_AI_DATABASE/A_CAMERA/Focal_species/Gulo gulo/HFW12-F7/DM/2016/COLOR/Robust marks/03.10-11.33/IMG_2310.JPG,IMG_2310.JPG,HFW12-F7_2016_201603101133_IMG_2310.jpg,0.8854961395263672,586.2009887695312,247.53533935546875,467.19476318359375,1050.7763671875,2048,1536,467,1050
HFW12-F7,2016,201603101133,DM,1,/Volumes/Seagate Portable Drive/KYLE_AI_DATABASE/A_CAMERA/Focal_species/Gulo gulo/HFW12-F7/DM/2016/COLOR/Robust marks/03.10-11.33/IMG_2311.JPG,IMG_2311.JPG,HFW12-F7_2016_201603101133_IMG_2311.jpg,0.9022634625434875,589.4703979492188,310.71026611328125,464.36773681640625,926.3280639648438,2048,1536,464,926
HFW12-F7,2016,201603101133,DM,1,/Volumes/Seagate Portable Drive/KYLE_AI_DATABASE/A_CAMERA/Focal_species/Gulo gulo/HFW12-F7/DM/2016/COLOR/Robust marks/03.10-11.33/IMG_2312.JPG,IMG_2312.JPG,HFW12-F7_2016_201603101133_IMG_2312.jpg,0.8997408747673035,589.7288818359375,184.10421752929688,460.4639892578125,1103.1329345703125,2048,1536,460,1103
HFW12-F7,2016,201603101133,DM,1,/Volumes/Seagate Portable Drive/KYLE_AI_DATABASE/A_CAMERA/Focal_species/Gulo gulo/HFW12-F7/DM/2016/COLOR/Robust marks/03.10-11.33/IMG_2313.JPG,IMG_2313.JPG,HFW12-F7_2016_201603101133_IMG_2313.jpg,0.9530946016311646,587.296875,199.57489013671875,462.890869140625,1020.0411987304688,2048,1536,462,1020
HFW12-F7,2016,201603101133,DM,1,/Volumes/Seagate Portable Drive/KYLE_AI_DATABASE/A_CAMERA/Focal_species/Gulo gulo/HFW12-F7/DM/2016/COLOR/Robust marks/03.10-11.33/IMG_2314.JPG,IMG_2314.JPG,HFW12-F7_2016_201603101133_IMG_2314.jpg,0.8345625400543213,584.075439453125,381.0209655761719,470.7159423828125,834.7283935546875,2048,1536,470,834
HFW12-F7,2016,201603101133,DM,1,/Volumes/Seagate Portable Drive/KYLE_AI_DATABASE/A_CAMERA/Focal_species/Gulo gulo/HFW12-F7/DM/2016/COLOR/Robust marks/03.10-11.33/IMG_2315.JPG,IMG_2315.JPG,HFW12-F7_2016_201603101133_IMG_2315.jpg,0.8919114470481873,587.130615234375,312.8948974609375,463.17041015625,991.3525390625,2048,1536,463,991
HFW12-F7,2016,201603101133,DM,1,/Volumes/Seagate Portable Drive/KYLE_AI_DATABASE/A_CAMERA/Focal_species/Gulo gulo/HFW12-F7/DM/2016/COLOR/Robust marks/03.10-11.33/IMG_2316.JPG,IMG_2316.JPG,HFW12-F7_2016_201603101133_IMG_2316.jpg,0.8386114835739136,585.2913208007812,416.82196044921875,467.02252197265625,808.0265502929688,2048,1536,467,808
HFW12-F7,2016,201603101133,DM,1,/Volumes/Seagate Portable Drive/KYLE_AI_DATABASE/A_CAMERA/Focal_species/Gulo gulo/HFW12-F7/DM/2016/COLOR/Robust marks/03.10-11.33/IMG_2317.JPG,IMG_2317.JPG,HFW12-F7_2016_201603101133_IMG_2317.jpg,0.8683352470397949,584.8724365234375,398.4656066894531,467.2552490234375,850.6966552734375,2048,1536,467,850
HFW12-F7,2016,201603101133,DM,1,/Volumes/Seagate Portable Drive/KYLE_AI_DATABASE/A_CAMERA/Focal_species/Gulo gulo/HFW12-F7/DM/2016/COLOR/Robust marks/03.10-11.33/IMG_2318.JPG,IMG_2318.JPG,HFW12-F7_2016_201603101133_IMG_2318.jpg,0.8431087136268616,585.1721801757812,353.1710205078125,463.77032470703125,952.0152587890625,2048,1536,463,952
HFW12-F7,2016,201603101133,DM,1,/Volumes/Seagate Portable Drive/KYLE_AI_DATABASE/A_CAMERA/Focal_species/Gulo gulo/HFW12-F7/DM/2016/COLOR/Robust marks/03.10-11.33/IMG_2319.JPG,IMG_2319.JPG,HFW12-F7_2016_201603101133_IMG_2319.jpg,0.8363935947418213,584.3916015625,354.49560546875,466.1787109375,948.3543701171875,2048,1536,466,948
HFW12-F7,2016,201603101133,DM,1,/Volumes/Seagate Portable Drive/KYLE_AI_DATABASE/A_CAMERA/Focal_species/Gulo gulo/HFW12-F7/DM/2016/COLOR/Robust marks/03.10-11.33/IMG_2320.JPG,IMG_2320.JPG,HFW12-F7_2016_201603101133_IMG_2320.jpg,0.8307990431785583,583.402587890625,378.3062744140625,467.206298828125,924.0950927734375,2048,1536,467,924
HFW12-F7,2016,201603101133,DM,1,/Volumes/Seagate Portable Drive/KYLE_AI_DATABASE/A_CAMERA/Focal_species/Gulo gulo/HFW12-F7/DM/2016/COLOR/Robust marks/03.10-11.33/IMG_2321.JPG,IMG_2321.JPG,HFW12-F7_2016_201603101133_IMG_2321.jpg,0.8715395927429199,584.1637573242188,404.06182861328125,467.68756103515625,907.7128295898438,2048,1536,467,907
HFW12-F7,2016,201603101133,DM,1,/Volumes/Seagate Portable Drive/KYLE_AI_DATABASE/A_CAMERA/Focal_species/Gulo gulo/HFW12-F7/DM/2016/COLOR/Robust marks/03.10-11.33/IMG_2322.JPG,IMG_2322.JPG,HFW12-F7_2016_201603101133_IMG_2322.jpg,0.873781681060791,585.1109008789062,388.20361328125,467.41912841796875,803.620361328125,2048,1536,467,803
HFW12-F7,2016,201603101133,DM,1,/Volumes/Seagate Portable Drive/KYLE_AI_DATABASE/A_CAMERA/Focal_species/Gulo gulo/HFW12-F7/DM/2016/COLOR/Robust marks/03.10-11.33/IMG_2323.JPG,IMG_2323.JPG,HFW12-F7_2016_201603101133_IMG_2323.jpg,0.9046047329902649,572.572509765625,214.4607696533203,482.866455078125,984.5985717773438,2048,1536,482,984
HFW12-F7,2016,201603101133,DM,1,/Volumes/Seagate Portable Drive/KYLE_AI_DATABASE/A_CAMERA/Focal_species/Gulo gulo/HFW12-F7/DM/2016/COLOR/Robust marks/03.10-11.33/IMG_2324.JPG,IMG_2324.JPG,HFW12-F7_2016_201603101133_IMG_2324.jpg,0.9125877618789673,587.7562866210938,226.7977752685547,467.28948974609375,980.7077026367188,2048,1536,467,980
HFW12-F7,2016,201603101133,DM,1,/Volumes/Seagate Portable Drive/KYLE_AI_DATABASE/A_CAMERA/Focal_species/Gulo gulo/HFW12-F7/DM/2016/COLOR/Robust marks/03.10-11.33/IMG_2325.JPG,IMG_2325.JPG,HFW12-F7_2016_201603101133_IMG_2325.jpg,0.8602632284164429,589.4153442382812,211.2787628173828,464.49920654296875,986.5481567382812,2048,1536,464,986
HFW12-F7,2016,201603101133,DM,1,/Volumes/Seagate Portable Drive/KYLE_AI_DATABASE/A_CAMERA/Focal_species/Gulo gulo/HFW12-F7/DM/2016/COLOR/Robust marks/03.10-11.33/IMG_2326.JPG,IMG_2326.JPG,HFW12-F7_2016_201603101133_IMG_2326.jpg,0.9219110608100891,587.8646240234375,229.73524475097656,463.814697265625,1006.5185546875,2048,1536,463,1006
HFW12-F7,2016,201603101133,DM,1,/Volumes/Seagate Portable Drive/KYLE_AI_DATABASE/A_CAMERA/Focal_species/Gulo gulo/HFW12-F7/DM/2016/COLOR/Robust marks/03.10-11.33/IMG_2327.JPG,IMG_2327.JPG,HFW12-F7_2016_201603101133_IMG_2327.jpg,0.9177034497261047,589.4351196289062,238.7493438720703,463.84051513671875,986.9923706054688,2048,1536,463,986
HFW12-F7,2016,201603101133,DM,1,/Volumes/Seagate Portable Drive/KYLE_AI_DATABASE/A_CAMERA/Focal_species/Gulo gulo/HFW12-F7/DM/2016/COLOR/Robust marks/03.10-11.33/IMG_2328.JPG,IMG_2328.JPG,HFW12-F7_2016_201603101133_IMG_2328.jpg,0.9233032464981079,587.95751953125,243.27822875976562,464.0987548828125,985.81298828125,2048,1536,464,985
HFW12-F7,2016,201603101133,DM,1,/Volumes/Seagate Portable Drive/KYLE_AI_DATABASE/A_CAMERA/Focal_species/Gulo gulo/HFW12-F7/DM/2016/COLOR/Robust marks/03.10-11.33/IMG_2329.JPG,IMG_2329.JPG,HFW12-F7_2016_201603101133_IMG_2329.jpg,0.9222666025161743,588.9378662109375,207.26715087890625,463.1358642578125,1031.458984375,2048,1536,463,1031
HFW12-F7,2016,201603101133,DM,1,/Volumes/Seagate Portable Drive/KYLE_AI_DATABASE/A_CAMERA/Focal_species/Gulo gulo/HFW12-F7/DM/2016/COLOR/Robust marks/03.10-11.33/IMG_2330.JPG,IMG_2330.JPG,HFW12-F7_2016_201603101133_IMG_2330.jpg,0.8409204483032227,588.4561157226562,395.8321838378906,463.37078857421875,859.9609375,2048,1536,463,859
HFW12-F7,2016,201603101133,DM,1,/Volumes/Seagate Portable Drive/KYLE_AI_DATABASE/A_CAMERA/Focal_species/Gulo gulo/HFW12-F7/DM/2016/COLOR/Robust marks/03.10-11.33/IMG_2331.JPG,IMG_2331.JPG,HFW12-F7_2016_201603101133_IMG_2331.jpg,0.9183643460273743,590.4129028320312,214.29592895507812,461.29998779296875,1015.311279296875,2048,1536,461,1015
HFW12-F7,2016,201603101133,DM,1,/Volumes/Seagate Portable Drive/KYLE_AI_DATABASE/A_CAMERA/Focal_species/Gulo gulo/HFW12-F7/DM/2016/COLOR/Robust marks/03.10-11.33/IMG_2332.JPG,IMG_2332.JPG,HFW12-F7_2016_201603101133_IMG_2332.jpg,0.9196972250938416,582.4945068359375,215.51133728027344,468.673583984375,1031.0687255859375,2048,1536,468,1031
HFW12-F7,2016,201603101133,DM,1,/Volumes/Seagate Portable Drive/KYLE_AI_DATABASE/A_CAMERA/Focal_species/Gulo gulo/HFW12-F7/DM/2016/COLOR/Robust marks/03.10-11.33/IMG_2333.JPG,IMG_2333.JPG,HFW12-F7_2016_201603101133_IMG_2333.jpg,0.9217017889022827,589.5208129882812,207.44073486328125,460.78448486328125,1094.450927734375,2048,1536,460,1094
HFW12-F7,2016,201603101133,DM,1,/Volumes/Seagate Portable Drive/KYLE_AI_DATABASE/A_CAMERA/Focal_species/Gulo gulo/HFW12-F7/DM/2016/COLOR/Robust marks/03.10-11.33/IMG_2334.JPG,IMG_2334.JPG,HFW12-F7_2016_201603101133_IMG_2334.jpg,0.928959846496582,588.4403076171875,200.91632080078125,462.14990234375,1110.651611328125,2048,1536,462,1110
HFW12-F7,2016,201603101133,DM,1,/Volumes/Seagate Portable Drive/KYLE_AI_DATABASE/A_CAMERA/Focal_species/Gulo gulo/HFW12-F7/DM/2016/COLOR/Robust marks/03.10-11.33/IMG_2335.JPG,IMG_2335.JPG,HFW12-F7_2016_201603101133_IMG_2335.jpg,0.8988432884216309,591.85986328125,227.26121520996094,459.124755859375,1079.90478515625,2048,1536,459,1079
HFW12-F7,2016,201603101133,DM,1,/Volumes/Seagate Portable Drive/KYLE_AI_DATABASE/A_CAMERA/Focal_species/Gulo gulo/HFW12-F7/DM/2016/COLOR/Robust marks/03.10-11.33/IMG_2336.JPG,IMG_2336.JPG,HFW12-F7_2016_201603101133_IMG_2336.jpg,0.9363372325897217,588.259521484375,207.05035400390625,462.0189208984375,1101.712646484375,2048,1536,462,1101
HFW12-F7,2016,201603101133,DM,1,/Volumes/Seagate Portable Drive/KYLE_AI_DATABASE/A_CAMERA/Focal_species/Gulo gulo/HFW12-F7/DM/2016/COLOR/Robust marks/03.10-11.33/IMG_2337.JPG,IMG_2337.JPG,HFW12-F7_2016_201603101133_IMG_2337.jpg,0.9054280519485474,588.8118286132812,221.0551300048828,463.09027099609375,992.5361938476562,2048,1536,463,992
HFW12-F7,2016,201603101133,DM,1,/Volumes/Seagate Portable Drive/KYLE_AI_DATABASE/A_CAMERA/Focal_species/Gulo gulo/HFW12-F7/DM/2016/COLOR/Robust marks/03.10-11.33/IMG_2338.JPG,IMG_2338.JPG,HFW12-F7_2016_201603101133_IMG_2338.jpg,0.8765245079994202,590.6038818359375,207.2310333251953,461.25048828125,1003.5961303710938,2048,1536,461,1003
HFW12-F7,2016,201603101133,DM,1,/Volumes/Seagate Portable Drive/KYLE_AI_DATABASE/A_CAMERA/Focal_species/Gulo gulo/HFW12-F7/DM/2016/COLOR/Robust marks/03.10-11.33/IMG_2339.JPG,IMG_2339.JPG,HFW12-F7_2016_201603101133_IMG_2339.jpg,0.9344965219497681,592.153076171875,210.87203979492188,460.9986572265625,977.120361328125,2048,1536,460,977
HFW12-F7,2016,201603101133,DM,1,/Volumes/Seagate Portable Drive/KYLE_AI_DATABASE/A_CAMERA/Focal_species/Gulo gulo/HFW12-F7/DM/2016/COLOR/Robust marks/03.10-11.33/IMG_2340.JPG,IMG_2340.JPG,HFW12-F7_2016_201603101133_IMG_2340.jpg,0.9240310788154602,591.4229125976562,236.64614868164062,459.45343017578125,985.9805908203125,2048,1536,459,985
HFW12-F7,2016,201603101133,DM,1,/Volumes/Seagate Portable Drive/KYLE_AI_DATABASE/A_CAMERA/Focal_species/Gulo gulo/HFW12-F7/DM/2016/COLOR/Robust marks/03.10-11.33/IMG_2341.JPG,IMG_2341.JPG,HFW12-F7_2016_201603101133_IMG_2341.jpg,0.9034802317619324,590.8076171875,210.5083465576172,459.7099609375,1092.6485595703125,2048,1536,459,1092
HFW12-F7,2016,201603101133,DM,1,/Volumes/Seagate Portable Drive/KYLE_AI_DATABASE/A_CAMERA/Focal_species/Gulo gulo/HFW12-F7/DM/2016/COLOR/Robust marks/03.10-11.33/IMG_2342.JPG,IMG_2342.JPG,HFW12-F7_2016_201603101133_IMG_2342.jpg,0.8954613208770752,588.57568359375,444.7782897949219,463.958740234375,778.9945068359375,2048,1536,463,778
HFW12-F7,2016,201603101133,DM,1,/Volumes/Seagate Portable Drive/KYLE_AI_DATABASE/A_CAMERA/Focal_species/Gulo gulo/HFW12-F7/DM/2016/COLOR/Robust marks/03.10-11.33/IMG_2343.JPG,IMG_2343.JPG,HFW12-F7_2016_201603101133_IMG_2343.jpg,0.9025944471359253,589.0692749023438,449.2655029296875,463.49029541015625,778.68994140625,2048,1536,463,778
HFW12-F7,2016,201603101133,DM,1,/Volumes/Seagate Portable Drive/KYLE_AI_DATABASE/A_CAMERA/Focal_species/Gulo gulo/HFW12-F7/DM/2016/COLOR/Robust marks/03.10-11.33/IMG_2344.JPG,IMG_2344.JPG,HFW12-F7_2016_201603101133_IMG_2344.jpg,0.903984785079956,591.4750366210938,448.8617248535156,461.25909423828125,784.4248046875,2048,1536,461,784
HFW12-F7,2016,201603101133,DM,1,/Volumes/Seagate Portable Drive/KYLE_AI_DATABASE/A_CAMERA/Focal_species/Gulo gulo/HFW12-F7/DM/2016/COLOR/Robust marks/03.10-11.33/IMG_2345.JPG,IMG_2345.JPG,HFW12-F7_2016_201603101133_IMG_2345.jpg,0.8884515762329102,592.8609008789062,215.8253173828125,457.16400146484375,1087.0531005859375,2048,1536,457,1087
HFW12-F7,2016,201603101133,DM,1,/Volumes/Seagate Portable Drive/KYLE_AI_DATABASE/A_CAMERA/Focal_species/Gulo gulo/HFW12-F7/DM/2016/COLOR/Robust marks/03.10-11.33/IMG_2347.JPG,IMG_2347.JPG,HFW12-F7_2016_201603101133_IMG_2347.jpg,0.8717818856239319,588.3572998046875,424.36004638671875,463.635498046875,878.1841430664062,2048,1536,463,878
HFW12-F7,2016,201603101133,DM,1,/Volumes/Seagate Portable Drive/KYLE_AI_DATABASE/A_CAMERA/Focal_species/Gulo gulo/HFW12-F7/DM/2016/COLOR/Robust marks/03.10-11.33/IMG_2348.JPG,IMG_2348.JPG,HFW12-F7_2016_201603101133_IMG_2348.jpg,0.9091449975967407,592.063232421875,203.88592529296875,458.099609375,1100.166015625,2048,1536,458,1100
HFW12-F7,2016,201603101133,DM,1,/Volumes/Seagate Portable Drive/KYLE_AI_DATABASE/A_CAMERA/Focal_species/Gulo gulo/HFW12-F7/DM/2016/COLOR/Robust marks/03.10-11.33/IMG_2349.JPG,IMG_2349.JPG,HFW12-F7_2016_201603101133_IMG_2349.jpg,0.9265497326850891,590.865966796875,201.95452880859375,458.54541015625,1106.6552734375,2048,1536,458,1106
HFW12-F7,2016,201603101133,DM,1,/Volumes/Seagate Portable Drive/KYLE_AI_DATABASE/A_CAMERA/Focal_species/Gulo gulo/HFW12-F7/DM/2016/COLOR/Robust marks/03.10-11.33/IMG_2350.JPG,IMG_2350.JPG,HFW12-F7_2016_201603101133_IMG_2350.jpg,0.8749535083770752,584.6766357421875,211.23399353027344,465.5897216796875,1084.4864501953125,2048,1536,465,1084
HFW12-F7,2016,201603101133,DM,1,/Volumes/Seagate Portable Drive/KYLE_AI_DATABASE/A_CAMERA/Focal_species/Gulo gulo/HFW12-F7/DM/2016/COLOR/Robust marks/03.10-11.33/IMG_2351.JPG,IMG_2351.JPG,HFW12-F7_2016_201603101133_IMG_2351.jpg,0.907452404499054,585.9262084960938,208.1616668701172,465.23394775390625,1097.728759765625,2048,1536,465,1097
HFW12-F7,2016,201603101133,DM,1,/Volumes/Seagate Portable Drive/KYLE_AI_DATABASE/A_CAMERA/Focal_species/Gulo gulo/HFW12-F7/DM/2016/COLOR/Robust marks/03.10-11.33/IMG_2352.JPG,IMG_2352.JPG,HFW12-F7_2016_201603101133_IMG_2352.jpg,0.9133550524711609,576.338623046875,210.6954345703125,475.167724609375,1021.94482421875,2048,1536,475,1021
HFW12-F7,2016,201603101133,DM,1,/Volumes/Seagate Portable Drive/KYLE_AI_DATABASE/A_CAMERA/Focal_species/Gulo gulo/HFW12-F7/DM/2016/COLOR/Robust marks/03.10-11.33/IMG_2353.JPG,IMG_2353.JPG,HFW12-F7_2016_201603101133_IMG_2353.jpg,0.8954452276229858,589.3274536132812,226.19393920898438,461.66912841796875,1082.29296875,2048,1536,461,1082
HFW12-F7,2016,201603101133,DM,1,/Volumes/Seagate Portable Drive/KYLE_AI_DATABASE/A_CAMERA/Focal_species/Gulo gulo/HFW12-F7/DM/2016/COLOR/Robust marks/03.10-11.33/IMG_2354.JPG,IMG_2354.JPG,HFW12-F7_2016_201603101133_IMG_2354.jpg,0.93329256772995,591.0620727539062,204.8349609375,458.07684326171875,1102.7410888671875,2048,1536,458,1102
HFW12-F7,2016,201603101133,DM,1,/Volumes/Seagate Portable Drive/KYLE_AI_DATABASE/A_CAMERA/Focal_species/Gulo gulo/HFW12-F7/DM/2016/COLOR/Robust marks/03.10-11.33/IMG_2355.JPG,IMG_2355.JPG,HFW12-F7_2016_201603101133_IMG_2355.jpg,0.934136688709259,591.08935546875,213.39125061035156,459.31787109375,1093.3697509765625,2048,1536,459,1093
HFW12-F7,2016,201603101133,DM,1,/Volumes/Seagate Portable Drive/KYLE_AI_DATABASE/A_CAMERA/Focal_species/Gulo gulo/HFW12-F7/DM/2016/COLOR/Robust marks/03.10-11.33/IMG_2358.JPG,IMG_2358.JPG,HFW12-F7_2016_201603101133_IMG_2358.jpg,0.9099697470664978,586.3951416015625,446.9147644042969,461.4468994140625,865.8798828125,2048,1536,461,865
HFW12-F7,2016,201603101133,DM,1,/Volumes/Seagate Portable Drive/KYLE_AI_DATABASE/A_CAMERA/Focal_species/Gulo gulo/HFW12-F7/DM/2016/COLOR/Robust marks/03.10-11.33/IMG_2359.JPG,IMG_2359.JPG,HFW12-F7_2016_201603101133_IMG_2359.jpg,0.8679131269454956,586.865966796875,438.4990539550781,461.510986328125,879.8546142578125,2048,1536,461,879
HFW12-F7,2016,201603101133,DM,1,/Volumes/Seagate Portable Drive/KYLE_AI_DATABASE/A_CAMERA/Focal_species/Gulo gulo/HFW12-F7/DM/2016/COLOR/Robust marks/03.10-11.33/IMG_2360.JPG,IMG_2360.JPG,HFW12-F7_2016_201603101133_IMG_2360.jpg,0.856437087059021,586.1821899414062,435.49090576171875,461.87115478515625,882.5868530273438,2048,1536,461,882
HFW12-F7,2016,201603101133,DM,1,/Volumes/Seagate Portable Drive/KYLE_AI_DATABASE/A_CAMERA/Focal_species/Gulo gulo/HFW12-F7/DM/2016/COLOR/Robust marks/03.10-11.33/IMG_2361.JPG,IMG_2361.JPG,HFW12-F7_2016_201603101133_IMG_2361.jpg,0.890509843826294,579.8106689453125,200.7267608642578,470.223388671875,1108.48828125,2048,1536,470,1108
HFW12-F7,2016,201603101133,DM,1,/Volumes/Seagate Portable Drive/KYLE_AI_DATABASE/A_CAMERA/Focal_species/Gulo gulo/HFW12-F7/DM/2016/COLOR/Robust marks/03.10-11.33/IMG_2362.JPG,IMG_2362.JPG,HFW12-F7_2016_201603101133_IMG_2362.jpg,0.8484255075454712,586.095458984375,446.4121398925781,462.0645751953125,864.732421875,2048,1536,462,864
HFW12-F7,2016,201603101133,DM,1,/Volumes/Seagate Portable Drive/KYLE_AI_DATABASE/A_CAMERA/Focal_species/Gulo gulo/HFW12-F7/DM/2016/COLOR/Robust marks/03.10-11.33/IMG_2363.JPG,IMG_2363.JPG,HFW12-F7_2016_201603101133_IMG_2363.jpg,0.838306188583374,585.9454956054688,411.51129150390625,463.50262451171875,895.6156616210938,2048,1536,463,895
HFW12-F7,2016,201603101133,DM,1,/Volumes/Seagate Portable Drive/KYLE_AI_DATABASE/A_CAMERA/Focal_species/Gulo gulo/HFW12-F7/DM/2016/COLOR/Robust marks/03.10-11.33/IMG_2364.JPG,IMG_2364.JPG,HFW12-F7_2016_201603101133_IMG_2364.jpg,0.8440753221511841,586.7625732421875,440.1943359375,460.8267822265625,880.165771484375,2048,1536,460,880
HFW12-F7,2016,201603101133,DM,1,/Volumes/Seagate Portable Drive/KYLE_AI_DATABASE/A_CAMERA/Focal_species/Gulo gulo/HFW12-F7/DM/2016/COLOR/Robust marks/03.10-11.33/IMG_2365.JPG,IMG_2365.JPG,HFW12-F7_2016_201603101133_IMG_2365.jpg,0.9181972742080688,585.1907958984375,194.6502227783203,463.566162109375,1112.5560302734375,2048,1536,463,1112
HFW12-F7,2016,201603101133,DM,1,/Volumes/Seagate Portable Drive/KYLE_AI_DATABASE/A_CAMERA/Focal_species/Gulo gulo/HFW12-F7/DM/2016/COLOR/Robust marks/03.10-11.33/IMG_2366.JPG,IMG_2366.JPG,HFW12-F7_2016_201603101133_IMG_2366.jpg,0.9131854176521301,580.2542724609375,200.70474243164062,475.6392822265625,1071.0191650390625,2048,1536,475,1071
HFW12-F7,2016,201603101133,DM,1,/Volumes/Seagate Portable Drive/KYLE_AI_DATABASE/A_CAMERA/Focal_species/Gulo gulo/HFW12-F7/DM/2016/COLOR/Robust marks/03.10-11.33/IMG_2368.JPG,IMG_2368.JPG,HFW12-F7_2016_201603101133_IMG_2368.jpg,0.9087780714035034,590.2862548828125,418.930419921875,467.6346435546875,787.39697265625,2048,1536,467,787
HFW12-F7,2016,201603101133,DM,1,/Volumes/Seagate Portable Drive/KYLE_AI_DATABASE/A_CAMERA/Focal_species/Gulo gulo/HFW12-F7/DM/2016/COLOR/Robust marks/03.10-11.33/IMG_2369.JPG,IMG_2369.JPG,HFW12-F7_2016_201603101133_IMG_2369.jpg,0.9444000720977783,588.9688720703125,354.3115539550781,467.4600830078125,849.5423583984375,2048,1536,467,849
HFW12-F7,2016,201603101133,DM,1,/Volumes/Seagate Portable Drive/KYLE_AI_DATABASE/A_CAMERA/Focal_species/Gulo gulo/HFW12-F7/DM/2016/COLOR/Robust marks/03.10-11.33/IMG_2370.JPG,IMG_2370.JPG,HFW12-F7_2016_201603101133_IMG_2370.jpg,0.9329554438591003,587.982177734375,351.2450866699219,470.022216796875,836.7996826171875,2048,1536,470,836
HFW12-F7,2016,201603101133,DM,1,/Volumes/Seagate Portable Drive/KYLE_AI_DATABASE/A_CAMERA/Focal_species/Gulo gulo/HFW12-F7/DM/2016/COLOR/Robust marks/03.10-11.33/IMG_2371.JPG,IMG_2371.JPG,HFW12-F7_2016_201603101133_IMG_2371.jpg,0.9224597215652466,588.20068359375,371.26800537109375,467.9246826171875,888.5901489257812,2048,1536,467,888
HFW12-F7,2016,201603101133,DM,1,/Volumes/Seagate Portable Drive/KYLE_AI_DATABASE/A_CAMERA/Focal_species/Gulo gulo/HFW12-F7/DM/2016/COLOR/Robust marks/03.10-11.33/IMG_2372.JPG,IMG_2372.JPG,HFW12-F7_2016_201603101133_IMG_2372.jpg,0.908943235874176,587.4588623046875,380.032470703125,467.06787109375,913.66650390625,2048,1536,467,913
HFW12-F7,2016,201603101133,DM,1,/Volumes/Seagate Portable Drive/KYLE_AI_DATABASE/A_CAMERA/Focal_species/Gulo gulo/HFW12-F7/DM/2016/COLOR/Robust marks/03.10-11.33/IMG_2373.JPG,IMG_2373.JPG,HFW12-F7_2016_201603101133_IMG_2373.jpg,0.9133936166763306,588.1982421875,326.4051513671875,466.5408935546875,904.126953125,2048,1536,466,904
HFW12-F7,2016,201603101133,DM,1,/Volumes/Seagate Portable Drive/KYLE_AI_DATABASE/A_CAMERA/Focal_species/Gulo gulo/HFW12-F7/DM/2016/COLOR/Robust marks/03.10-11.33/IMG_2374.JPG,IMG_2374.JPG,HFW12-F7_2016_201603101133_IMG_2374.jpg,0.9088035821914673,587.9341430664062,331.1385498046875,467.91351318359375,901.3468017578125,2048,1536,467,901
HFW12-F7,2016,201603101133,DM,1,/Volumes/Seagate Portable Drive/KYLE_AI_DATABASE/A_CAMERA/Focal_species/Gulo gulo/HFW12-F7/DM/2016/COLOR/Robust marks/03.10-11.33/IMG_2375.JPG,IMG_2375.JPG,HFW12-F7_2016_201603101133_IMG_2375.jpg,0.9053677320480347,588.6036376953125,319.33453369140625,467.392822265625,915.6554565429688,2048,1536,467,915
HFW12-F7,2016,201603101133,DM,1,/Volumes/Seagate Portable Drive/KYLE_AI_DATABASE/A_CAMERA/Focal_species/Gulo gulo/HFW12-F7/DM/2016/COLOR/Robust marks/03.10-11.33/IMG_2376.JPG,IMG_2376.JPG,HFW12-F7_2016_201603101133_IMG_2376.jpg,0.9148944616317749,590.5474243164062,244.1809844970703,467.45208740234375,962.1541137695312,2048,1536,467,962
HFW12-F7,2016,201603101133,DM,1,/Volumes/Seagate Portable Drive/KYLE_AI_DATABASE/A_CAMERA/Focal_species/Gulo gulo/HFW12-F7/DM/2016/COLOR/Robust marks/03.10-11.33/IMG_2377.JPG,IMG_2377.JPG,HFW12-F7_2016_201603101133_IMG_2377.jpg,0.920529305934906,591.1761474609375,278.6282958984375,467.0438232421875,915.021240234375,2048,1536,467,915
HFW12-F7,2016,201603101133,DM,1,/Volumes/Seagate Portable Drive/KYLE_AI_DATABASE/A_CAMERA/Focal_species/Gulo gulo/HFW12-F7/DM/2016/COLOR/Robust marks/03.10-11.33/IMG_2378.JPG,IMG_2378.JPG,HFW12-F7_2016_201603101133_IMG_2378.jpg,0.93250572681427,591.158935546875,290.8555908203125,464.88037109375,912.1944580078125,2048,1536,464,912
HFW12-F7,2016,201603101133,DM,1,/Volumes/Seagate Portable Drive/KYLE_AI_DATABASE/A_CAMERA/Focal_species/Gulo gulo/HFW12-F7/DM/2016/COLOR/Robust marks/03.10-11.33/IMG_2379.JPG,IMG_2379.JPG,HFW12-F7_2016_201603101133_IMG_2379.jpg,0.8994119167327881,592.0693969726562,327.75213623046875,464.02337646484375,858.2853393554688,2048,1536,464,858
HFW12-F7,2016,201603101133,DM,1,/Volumes/Seagate Portable Drive/KYLE_AI_DATABASE/A_CAMERA/Focal_species/Gulo gulo/HFW12-F7/DM/2016/COLOR/Robust marks/03.10-11.33/IMG_2380.JPG,IMG_2380.JPG,HFW12-F7_2016_201603101133_IMG_2380.jpg,0.8799057602882385,591.5242919921875,336.1110534667969,438.3123779296875,857.2537841796875,2048,1536,438,857
HFW12-F7,2016,201603101133,DM,1,/Volumes/Seagate Portable Drive/KYLE_AI_DATABASE/A_CAMERA/Focal_species/Gulo gulo/HFW12-F7/DM/2016/COLOR/Robust marks/03.10-11.33/IMG_2381.JPG,IMG_2381.JPG,HFW12-F7_2016_201603101133_IMG_2381.jpg,0.9124757647514343,587.4277954101562,383.4635009765625,465.18096923828125,888.7598876953125,2048,1536,465,888
HFW12-F7,2016,201603101133,DM,1,/Volumes/Seagate Portable Drive/KYLE_AI_DATABASE/A_CAMERA/Focal_species/Gulo gulo/HFW12-F7/DM/2016/COLOR/Robust marks/03.10-11.33/IMG_2382.JPG,IMG_2382.JPG,HFW12-F7_2016_201603101133_IMG_2382.jpg,0.9113090634346008,587.39990234375,374.9671325683594,466.2828369140625,861.48046875,2048,1536,466,861
HFW12-F7,2016,201603101133,DM,1,/Volumes/Seagate Portable Drive/KYLE_AI_DATABASE/A_CAMERA/Focal_species/Gulo gulo/HFW12-F7/DM/2016/COLOR/Robust marks/03.10-11.33/IMG_2383.JPG,IMG_2383.JPG,HFW12-F7_2016_201603101133_IMG_2383.jpg,0.8977276086807251,588.6932373046875,386.4388732910156,464.222900390625,894.1881103515625,2048,1536,464,894
HFW12-F7,2016,201603101133,DM,1,/Volumes/Seagate Portable Drive/KYLE_AI_DATABASE/A_CAMERA/Focal_species/Gulo gulo/HFW12-F7/DM/2016/COLOR/Robust marks/03.10-11.33/IMG_2384.JPG,IMG_2384.JPG,HFW12-F7_2016_201603101133_IMG_2384.jpg,0.9107587337493896,587.648681640625,367.1787414550781,464.208251953125,917.80810546875,2048,1536,464,917
HFW12-F7,2016,201603101133,DM,1,/Volumes/Seagate Portable Drive/KYLE_AI_DATABASE/A_CAMERA/Focal_species/Gulo gulo/HFW12-F7/DM/2016/COLOR/Robust marks/03.10-11.33/IMG_2385.JPG,IMG_2385.JPG,HFW12-F7_2016_201603101133_IMG_2385.jpg,0.9321300983428955,590.4287109375,387.9242248535156,465.5013427734375,817.7266845703125,2048,1536,465,817
HFW12-F7,2016,201603101133,DM,1,/Volumes/Seagate Portable Drive/KYLE_AI_DATABASE/A_CAMERA/Focal_species/Gulo gulo/HFW12-F7/DM/2016/COLOR/Robust marks/03.10-11.33/IMG_2386.JPG,IMG_2386.JPG,HFW12-F7_2016_201603101133_IMG_2386.jpg,0.9204632639884949,590.596435546875,310.66851806640625,462.3582763671875,898.1666870117188,2048,1536,462,898
HFW12-F7,2016,201603101133,DM,1,/Volumes/Seagate Portable Drive/KYLE_AI_DATABASE/A_CAMERA/Focal_species/Gulo gulo/HFW12-F7/DM/2016/COLOR/Robust marks/03.10-11.33/IMG_2387.JPG,IMG_2387.JPG,HFW12-F7_2016_201603101133_IMG_2387.jpg,0.8697270750999451,581.46435546875,215.3034210205078,470.0201416015625,977.1792602539062,2048,1536,470,977
HFW12-F7,2016,201603101133,DM,1,/Volumes/Seagate Portable Drive/KYLE_AI_DATABASE/A_CAMERA/Focal_species/Gulo gulo/HFW12-F7/DM/2016/COLOR/Robust marks/03.10-11.33/IMG_2388.JPG,IMG_2388.JPG,HFW12-F7_2016_201603101133_IMG_2388.jpg,0.8967494964599609,588.5802001953125,228.79779052734375,480.7618408203125,962.6205444335938,2048,1536,480,962
HFW12-F7,2016,201603101133,DM,1,/Volumes/Seagate Portable Drive/KYLE_AI_DATABASE/A_CAMERA/Focal_species/Gulo gulo/HFW12-F7/DM/2016/COLOR/Robust marks/03.10-11.33/IMG_2389.JPG,IMG_2389.JPG,HFW12-F7_2016_201603101133_IMG_2389.jpg,0.8949728012084961,586.522216796875,220.65403747558594,483.792724609375,954.626953125,2048,1536,483,954
HFW12-F7,2016,201603101133,DM,1,/Volumes/Seagate Portable Drive/KYLE_AI_DATABASE/A_CAMERA/Focal_species/Gulo gulo/HFW12-F7/DM/2016/COLOR/Robust marks/03.10-11.33/IMG_2390.JPG,IMG_2390.JPG,HFW12-F7_2016_201603101133_IMG_2390.jpg,0.9096271395683289,588.4266357421875,309.51373291015625,478.6168212890625,898.2631225585938,2048,1536,478,898
HFW12-F7,2016,201603101133,DM,1,/Volumes/Seagate Portable Drive/KYLE_AI_DATABASE/A_CAMERA/Focal_species/Gulo gulo/HFW12-F7/DM/2016/COLOR/Robust marks/03.10-11.33/IMG_2391.JPG,IMG_2391.JPG,HFW12-F7_2016_201603101133_IMG_2391.jpg,0.9243038892745972,587.348388671875,221.9473114013672,476.1278076171875,950.0005493164062,2048,1536,476,950
HFW12-F7,2016,201603101133,DM,1,/Volumes/Seagate Portable Drive/KYLE_AI_DATABASE/A_CAMERA/Focal_species/Gulo gulo/HFW12-F7/DM/2016/COLOR/Robust marks/03.10-11.33/IMG_2392.JPG,IMG_2392.JPG,HFW12-F7_2016_201603101133_IMG_2392.jpg,0.9304909706115723,587.6362915039062,257.29962158203125,479.90142822265625,948.9323120117188,2048,1536,479,948
HFW12-F7,2016,201603101133,DM,1,/Volumes/Seagate Portable Drive/KYLE_AI_DATABASE/A_CAMERA/Focal_species/Gulo gulo/HFW12-F7/DM/2016/COLOR/Robust marks/03.10-11.33/IMG_2393.JPG,IMG_2393.JPG,HFW12-F7_2016_201603101133_IMG_2393.jpg,0.9297518730163574,589.906494140625,248.6216583251953,472.474365234375,951.6788940429688,2048,1536,472,951
HFW12-F7,2016,201603101133,DM,1,/Volumes/Seagate Portable Drive/KYLE_AI_DATABASE/A_CAMERA/Focal_species/Gulo gulo/HFW12-F7/DM/2016/COLOR/Robust marks/03.10-11.33/IMG_2394.JPG,IMG_2394.JPG,HFW12-F7_2016_201603101133_IMG_2394.jpg,0.9109908938407898,587.8265991210938,267.30816650390625,473.75848388671875,929.1654663085938,2048,1536,473,929
HFW12-F7,2016,201603101133,DM,1,/Volumes/Seagate Portable Drive/KYLE_AI_DATABASE/A_CAMERA/Focal_species/Gulo gulo/HFW12-F7/DM/2016/COLOR/Robust marks/03.10-11.33/IMG_2395.JPG,IMG_2395.JPG,HFW12-F7_2016_201603101133_IMG_2395.jpg,0.9118725061416626,587.795166015625,263.977783203125,471.2664794921875,1005.3228759765625,2048,1536,471,1005
HFW12-F7,2016,201603101133,DM,1,/Volumes/Seagate Portable Drive/KYLE_AI_DATABASE/A_CAMERA/Focal_species/Gulo gulo/HFW12-F7/DM/2016/COLOR/Robust marks/03.10-11.33/IMG_2396.JPG,IMG_2396.JPG,HFW12-F7_2016_201603101133_IMG_2396.jpg,0.9227846264839172,587.2678833007812,253.15155029296875,478.01165771484375,996.0586547851562,2048,1536,478,996
HFW12-F7,2016,201603101133,DM,1,/Volumes/Seagate Portable Drive/KYLE_AI_DATABASE/A_CAMERA/Focal_species/Gulo gulo/HFW12-F7/DM/2016/COLOR/Robust marks/03.10-11.33/IMG_2397.JPG,IMG_2397.JPG,HFW12-F7_2016_201603101133_IMG_2397.jpg,0.9235317707061768,588.9007568359375,250.04873657226562,472.60693359375,950.563232421875,2048,1536,472,950
HFW12-F7,2016,201603101133,DM,1,/Volumes/Seagate Portable Drive/KYLE_AI_DATABASE/A_CAMERA/Focal_species/Gulo gulo/HFW12-F7/DM/2016/COLOR/Robust marks/03.10-11.33/IMG_2398.JPG,IMG_2398.JPG,HFW12-F7_2016_201603101133_IMG_2398.jpg,0.9305821657180786,589.04931640625,248.2379150390625,473.1414794921875,925.2076416015625,2048,1536,473,925
HFW12-F7,2016,201603101133,DM,1,/Volumes/Seagate Portable Drive/KYLE_AI_DATABASE/A_CAMERA/Focal_species/Gulo gulo/HFW12-F7/DM/2016/COLOR/Robust marks/03.10-11.33/IMG_2399.JPG,IMG_2399.JPG,HFW12-F7_2016_201603101133_IMG_2399.jpg,0.9176984429359436,602.725830078125,234.5027618408203,531.0662841796875,1002.2990112304688,2048,1536,531,1002
HFW12-F7,2016,201603101133,DM,1,/Volumes/Seagate Portable Drive/KYLE_AI_DATABASE/A_CAMERA/Focal_species/Gulo gulo/HFW12-F7/DM/2016/COLOR/Robust marks/03.10-11.33/IMG_2400.JPG,IMG_2400.JPG,HFW12-F7_2016_201603101133_IMG_2400.jpg,0.8523667454719543,599.0194091796875,270.7576904296875,508.1558837890625,917.3963623046875,2048,1536,508,917
HFW12-F7,2016,201603101133,DM,1,/Volumes/Seagate Portable Drive/KYLE_AI_DATABASE/A_CAMERA/Focal_species/Gulo gulo/HFW12-F7/DM/2016/COLOR/Robust marks/03.10-11.33/IMG_2401.JPG,IMG_2401.JPG,HFW12-F7_2016_201603101133_IMG_2401.jpg,0.9264411926269531,599.41748046875,276.1571044921875,455.26123046875,948.8934326171875,2048,1536,455,948
HFW12-F7,2016,201603101133,DM,1,/Volumes/Seagate Portable Drive/KYLE_AI_DATABASE/A_CAMERA/Focal_species/Gulo gulo/HFW12-F7/DM/2016/COLOR/Robust marks/03.10-11.33/IMG_2402.JPG,IMG_2402.JPG,HFW12-F7_2016_201603101133_IMG_2402.jpg,0.9083395004272461,599.3508911132812,320.848876953125,455.20330810546875,900.5111083984375,2048,1536,455,900
HFW12-F7,2016,201603101133,DM,1,/Volumes/Seagate Portable Drive/KYLE_AI_DATABASE/A_CAMERA/Focal_species/Gulo gulo/HFW12-F7/DM/2016/COLOR/Robust marks/03.10-11.33/IMG_2403.JPG,IMG_2403.JPG,HFW12-F7_2016_201603101133_IMG_2403.jpg,0.8962021470069885,600.0108642578125,336.15380859375,452.92724609375,892.9423828125,2048,1536,452,892
HFW12-F7,2016,201603101133,DM,1,/Volumes/Seagate Portable Drive/KYLE_AI_DATABASE/A_CAMERA/Focal_species/Gulo gulo/HFW12-F7/DM/2016/COLOR/Robust marks/03.10-11.33/IMG_2404.JPG,IMG_2404.JPG,HFW12-F7_2016_201603101133_IMG_2404.jpg,0.9067896604537964,591.4459228515625,270.0940246582031,462.7462158203125,956.8955078125,2048,1536,462,956
HFW12-F7,2016,201603101133,DM,1,/Volumes/Seagate Portable Drive/KYLE_AI_DATABASE/A_CAMERA/Focal_species/Gulo gulo/HFW12-F7/DM/2016/COLOR/Robust marks/03.10-11.33/IMG_2405.JPG,IMG_2405.JPG,HFW12-F7_2016_201603101133_IMG_2405.jpg,0.9240155816078186,590.816162109375,275.3061218261719,464.2996826171875,941.78955078125,2048,1536,464,941
HFW12-F7,2016,201603101133,DM,1,/Volumes/Seagate Portable Drive/KYLE_AI_DATABASE/A_CAMERA/Focal_species/Gulo gulo/HFW12-F7/DM/2016/COLOR/Robust marks/03.10-11.33/IMG_2406.JPG,IMG_2406.JPG,HFW12-F7_2016_201603101133_IMG_2406.jpg,0.9154768586158752,591.4138793945312,274.79736328125,461.13287353515625,979.362060546875,2048,1536,461,979
HFW12-F7,2016,201603101133,DM,1,/Volumes/Seagate Portable Drive/KYLE_AI_DATABASE/A_CAMERA/Focal_species/Gulo gulo/HFW12-F7/DM/2016/COLOR/Robust marks/03.10-11.33/IMG_2407.JPG,IMG_2407.JPG,HFW12-F7_2016_201603101133_IMG_2407.jpg,0.9012354612350464,591.8018798828125,231.806396484375,459.67822265625,1018.12744140625,2048,1536,459,1018
HFW12-F7,2016,201603101133,DM,1,/Volumes/Seagate Portable Drive/KYLE_AI_DATABASE/A_CAMERA/Focal_species/Gulo gulo/HFW12-F7/DM/2016/COLOR/Robust marks/03.10-11.33/IMG_2408.JPG,IMG_2408.JPG,HFW12-F7_2016_201603101133_IMG_2408.jpg,0.8932797312736511,591.6842041015625,229.33644104003906,461.3360595703125,991.3863525390625,2048,1536,461,991
HFW12-F7,2016,201603101133,DM,1,/Volumes/Seagate Portable Drive/KYLE_AI_DATABASE/A_CAMERA/Focal_species/Gulo gulo/HFW12-F7/DM/2016/COLOR/Robust marks/03.10-11.33/IMG_2409.JPG,IMG_2409.JPG,HFW12-F7_2016_201603101133_IMG_2409.jpg,0.8526768684387207,590.8987426757812,410.8197326660156,462.49200439453125,811.0421142578125,2048,1536,462,811
HFW12-F7,2016,201603101133,DM,1,/Volumes/Seagate Portable Drive/KYLE_AI_DATABASE/A_CAMERA/Focal_species/Gulo gulo/HFW12-F7/DM/2016/COLOR/Robust marks/03.10-11.33/IMG_2410.JPG,IMG_2410.JPG,HFW12-F7_2016_201603101133_IMG_2410.jpg,0.9391722679138184,592.2904052734375,216.2826690673828,460.7208251953125,1014.1594848632812,2048,1536,460,1014
HFW12-F7,2016,201603101133,DM,1,/Volumes/Seagate Portable Drive/KYLE_AI_DATABASE/A_CAMERA/Focal_species/Gulo gulo/HFW12-F7/DM/2016/COLOR/Robust marks/03.10-11.33/IMG_2411.JPG,IMG_2411.JPG,HFW12-F7_2016_201603101133_IMG_2411.jpg,0.9005962014198303,591.9815673828125,285.078857421875,460.2471923828125,947.795654296875,2048,1536,460,947
HFW12-F7,2016,201603101133,DM,1,/Volumes/Seagate Portable Drive/KYLE_AI_DATABASE/A_CAMERA/Focal_species/Gulo gulo/HFW12-F7/DM/2016/COLOR/Robust marks/03.10-11.33/IMG_2412.JPG,IMG_2412.JPG,HFW12-F7_2016_201603101133_IMG_2412.jpg,0.9210522770881653,590.874267578125,257.3738708496094,461.8865966796875,969.491943359375,2048,1536,461,969
HFW12-F7,2016,201603101133,DM,1,/Volumes/Seagate Portable Drive/KYLE_AI_DATABASE/A_CAMERA/Focal_species/Gulo gulo/HFW12-F7/DM/2016/COLOR/Robust marks/03.10-11.33/IMG_2413.JPG,IMG_2413.JPG,HFW12-F7_2016_201603101133_IMG_2413.jpg,0.9117460250854492,591.2946166992188,337.79718017578125,460.87310791015625,958.1394653320312,2048,1536,460,958
HFW12-F7,2016,201603101133,DM,1,/Volumes/Seagate Portable Drive/KYLE_AI_DATABASE/A_CAMERA/Focal_species/Gulo gulo/HFW12-F7/DM/2016/COLOR/Robust marks/03.10-11.33/IMG_2414.JPG,IMG_2414.JPG,HFW12-F7_2016_201603101133_IMG_2414.jpg,0.9245439171791077,592.4550170898438,343.91351318359375,464.40509033203125,954.7957153320312,2048,1536,464,954
HFW12-F7,2016,201603101133,DM,1,/Volumes/Seagate Portable Drive/KYLE_AI_DATABASE/A_CAMERA/Focal_species/Gulo gulo/HFW12-F7/DM/2016/COLOR/Robust marks/03.10-11.33/IMG_2415.JPG,IMG_2415.JPG,HFW12-F7_2016_201603101133_IMG_2415.jpg,0.9168699383735657,592.9027099609375,363.28387451171875,463.3961181640625,934.1450805664062,2048,1536,463,934
HFW12-F7,2016,201603101133,DM,1,/Volumes/Seagate Portable Drive/KYLE_AI_DATABASE/A_CAMERA/Focal_species/Gulo gulo/HFW12-F7/DM/2016/COLOR/Robust marks/03.10-11.33/IMG_2416.JPG,IMG_2416.JPG,HFW12-F7_2016_201603101133_IMG_2416.jpg,0.9110796451568604,592.44677734375,360.68353271484375,461.451171875,942.4729614257812,2048,1536,461,942
HFW12-F7,2016,201603101133,DM,1,/Volumes/Seagate Portable Drive/KYLE_AI_DATABASE/A_CAMERA/Focal_species/Gulo gulo/HFW12-F7/DM/2016/COLOR/Robust marks/03.10-11.33/IMG_2417.JPG,IMG_2417.JPG,HFW12-F7_2016_201603101133_IMG_2417.jpg,0.913045346736908,590.91552734375,361.47589111328125,461.0616455078125,935.3512573242188,2048,1536,461,935
HFW12-F7,2016,201603101133,DM,1,/Volumes/Seagate Portable Drive/KYLE_AI_DATABASE/A_CAMERA/Focal_species/Gulo gulo/HFW12-F7/DM/2016/COLOR/Robust marks/03.10-11.33/IMG_2418.JPG,IMG_2418.JPG,HFW12-F7_2016_201603101133_IMG_2418.jpg,0.9514229893684387,591.3734130859375,205.22039794921875,463.3050537109375,1026.74755859375,2048,1536,463,1026
HFW12-F7,2016,201603101133,DM,1,/Volumes/Seagate Portable Drive/KYLE_AI_DATABASE/A_CAMERA/Focal_species/Gulo gulo/HFW12-F7/DM/2016/COLOR/Robust marks/03.10-11.33/IMG_2419.JPG,IMG_2419.JPG,HFW12-F7_2016_201603101133_IMG_2419.jpg,0.8861315846443176,592.9179077148438,427.6241455078125,460.37188720703125,867.0040283203125,2048,1536,460,867
HFW12-F7,2016,201603101133,DM,1,/Volumes/Seagate Portable Drive/KYLE_AI_DATABASE/A_CAMERA/Focal_species/Gulo gulo/HFW12-F7/DM/2016/COLOR/Robust marks/03.10-11.33/IMG_2420.JPG,IMG_2420.JPG,HFW12-F7_2016_201603101133_IMG_2420.jpg,0.8679240942001343,592.1405029296875,265.3616943359375,459.488525390625,968.045166015625,2048,1536,459,968
HFW12-F7,2016,201603101133,DM,1,/Volumes/Seagate Portable Drive/KYLE_AI_DATABASE/A_CAMERA/Focal_species/Gulo gulo/HFW12-F7/DM/2016/COLOR/Robust marks/03.10-11.33/IMG_2421.JPG,IMG_2421.JPG,HFW12-F7_2016_201603101133_IMG_2421.jpg,0.9312962293624878,590.5042724609375,371.8331298828125,460.8292236328125,889.3656005859375,2048,1536,460,889
HFW12-F7,2016,201603101133,DM,1,/Volumes/Seagate Portable Drive/KYLE_AI_DATABASE/A_CAMERA/Focal_species/Gulo gulo/HFW12-F7/DM/2016/COLOR/Robust marks/03.10-11.33/IMG_2422.JPG,IMG_2422.JPG,HFW12-F7_2016_201603101133_IMG_2422.jpg,0.9410393238067627,592.2872924804688,371.3740234375,459.20404052734375,926.330322265625,2048,1536,459,926
HFW12-F7,2016,201603101133,DM,1,/Volumes/Seagate Portable Drive/KYLE_AI_DATABASE/A_CAMERA/Focal_species/Gulo gulo/HFW12-F7/DM/2016/COLOR/Robust marks/03.10-11.33/IMG_2423.JPG,IMG_2423.JPG,HFW12-F7_2016_201603101133_IMG_2423.jpg,0.9405033588409424,591.1644897460938,373.2261962890625,460.67852783203125,924.8072509765625,2048,1536,460,924
HFW12-F7,2016,201603101133,DM,1,/Volumes/Seagate Portable Drive/KYLE_AI_DATABASE/A_CAMERA/Focal_species/Gulo gulo/HFW12-F7/DM/2016/COLOR/Robust marks/03.10-11.33/IMG_2424.JPG,IMG_2424.JPG,HFW12-F7_2016_201603101133_IMG_2424.jpg,0.9427976608276367,591.1432495117188,363.1903076171875,460.30792236328125,941.7904052734375,2048,1536,460,941
HFW12-F7,2016,201603101133,DM,1,/Volumes/Seagate Portable Drive/KYLE_AI_DATABASE/A_CAMERA/Focal_species/Gulo gulo/HFW12-F7/DM/2016/COLOR/Robust marks/03.10-11.33/IMG_2425.JPG,IMG_2425.JPG,HFW12-F7_2016_201603101133_IMG_2425.jpg,0.9297865629196167,591.4872436523438,359.6582336425781,458.44366455078125,944.83447265625,2048,1536,458,944
HFW12-F7,2016,201603101133,DM,1,/Volumes/Seagate Portable Drive/KYLE_AI_DATABASE/A_CAMERA/Focal_species/Gulo gulo/HFW12-F7/DM/2016/COLOR/Robust marks/03.10-11.33/IMG_2426.JPG,IMG_2426.JPG,HFW12-F7_2016_201603101133_IMG_2426.jpg,0.8771283030509949,584.2926025390625,345.450439453125,466.85791015625,939.1343994140625,2048,1536,466,939
HFW12-F7,2016,201603101133,DM,1,/Volumes/Seagate Portable Drive/KYLE_AI_DATABASE/A_CAMERA/Focal_species/Gulo gulo/HFW12-F7/DM/2016/COLOR/Robust marks/03.10-11.33/IMG_2427.JPG,IMG_2427.JPG,HFW12-F7_2016_201603101133_IMG_2427.jpg,0.820421576499939,573.1654052734375,337.0267639160156,477.4327392578125,956.7930908203125,2048,1536,477,956
HFW12-F7,2016,201603101133,DM,1,/Volumes/Seagate Portable Drive/KYLE_AI_DATABASE/A_CAMERA/Focal_species/Gulo gulo/HFW12-F7/DM/2016/COLOR/Robust marks/03.10-11.33/IMG_2428.JPG,IMG_2428.JPG,HFW12-F7_2016_201603101133_IMG_2428.jpg,0.9346657991409302,590.4257202148438,265.4250183105469,460.10308837890625,1020.6639404296875,2048,1536,460,1020
HFW12-F7,2016,201603101133,DM,1,/Volumes/Seagate Portable Drive/KYLE_AI_DATABASE/A_CAMERA/Focal_species/Gulo gulo/HFW12-F7/DM/2016/COLOR/Robust marks/03.10-11.33/IMG_2429.JPG,IMG_2429.JPG,HFW12-F7_2016_201603101133_IMG_2429.jpg,0.9487524032592773,588.1442260742188,261.5230407714844,462.19696044921875,1049.5306396484375,2048,1536,462,1049
HFW12-F7,2016,201603101133,DM,1,/Volumes/Seagate Portable Drive/KYLE_AI_DATABASE/A_CAMERA/Focal_species/Gulo gulo/HFW12-F7/DM/2016/COLOR/Robust marks/03.10-11.33/IMG_2430.JPG,IMG_2430.JPG,HFW12-F7_2016_201603101133_IMG_2430.jpg,0.919723629951477,595.1805419921875,251.7784881591797,455.3775634765625,1024.60546875,2048,1536,455,1024
HFW12-F7,2016,201603101133,DM,1,/Volumes/Seagate Portable Drive/KYLE_AI_DATABASE/A_CAMERA/Focal_species/Gulo gulo/HFW12-F7/DM/2016/COLOR/Robust marks/03.10-11.33/IMG_2431.JPG,IMG_2431.JPG,HFW12-F7_2016_201603101133_IMG_2431.jpg,0.9423395991325378,593.8710327148438,276.529541015625,456.84344482421875,972.413330078125,2048,1536,456,972
HFW12-F7,2016,201603101133,DM,1,/Volumes/Seagate Portable Drive/KYLE_AI_DATABASE/A_CAMERA/Focal_species/Gulo gulo/HFW12-F7/DM/2016/COLOR/Robust marks/03.10-11.33/IMG_2432.JPG,IMG_2432.JPG,HFW12-F7_2016_201603101133_IMG_2432.jpg,0.9305829405784607,595.4868774414062,265.5010986328125,454.68438720703125,987.1890869140625,2048,1536,454,987
HFW12-F7,2016,201603101133,DM,1,/Volumes/Seagate Portable Drive/KYLE_AI_DATABASE/A_CAMERA/Focal_species/Gulo gulo/HFW12-F7/DM/2016/COLOR/Robust marks/03.10-11.33/IMG_2433.JPG,IMG_2433.JPG,HFW12-F7_2016_201603101133_IMG_2433.jpg,0.9368278980255127,595.83056640625,264.420166015625,454.1077880859375,991.2362060546875,2048,1536,454,991
HFW12-F7,2016,201603101133,DM,1,/Volumes/Seagate Portable Drive/KYLE_AI_DATABASE/A_CAMERA/Focal_species/Gulo gulo/HFW12-F7/DM/2016/COLOR/Robust marks/03.10-11.33/IMG_2434.JPG,IMG_2434.JPG,HFW12-F7_2016_201603101133_IMG_2434.jpg,0.9400889277458191,594.7249755859375,269.3072509765625,456.135498046875,981.208984375,2048,1536,456,981
HFW12-F7,2016,201603101133,DM,1,/Volumes/Seagate Portable Drive/KYLE_AI_DATABASE/A_CAMERA/Focal_species/Gulo gulo/HFW12-F7/DM/2016/COLOR/Robust marks/03.10-11.33/IMG_2435.JPG,IMG_2435.JPG,HFW12-F7_2016_201603101133_IMG_2435.jpg,0.9375706911087036,594.8294677734375,269.9883728027344,455.625,981.1956787109375,2048,1536,455,981
HFW12-F7,2016,201603101133,DM,1,/Volumes/Seagate Portable Drive/KYLE_AI_DATABASE/A_CAMERA/Focal_species/Gulo gulo/HFW12-F7/DM/2016/COLOR/Robust marks/03.10-11.33/IMG_2436.JPG,IMG_2436.JPG,HFW12-F7_2016_201603101133_IMG_2436.jpg,0.9185696840286255,594.678955078125,257.2362060546875,455.8802490234375,996.9171142578125,2048,1536,455,996
HFW12-F7,2016,201603101133,DM,1,/Volumes/Seagate Portable Drive/KYLE_AI_DATABASE/A_CAMERA/Focal_species/Gulo gulo/HFW12-F7/DM/2016/COLOR/Robust marks/03.10-11.33/IMG_2437.JPG,IMG_2437.JPG,HFW12-F7_2016_201603101133_IMG_2437.jpg,0.9404129981994629,596.5353393554688,269.4222106933594,453.63287353515625,967.09423828125,2048,1536,453,967
HFW12-F7,2016,201603101133,DM,1,/Volumes/Seagate Portable Drive/KYLE_AI_DATABASE/A_CAMERA/Focal_species/Gulo gulo/HFW12-F7/DM/2016/COLOR/Robust marks/03.10-11.33/IMG_2438.JPG,IMG_2438.JPG,HFW12-F7_2016_201603101133_IMG_2438.jpg,0.9240037798881531,598.1633911132812,261.7918395996094,453.00262451171875,982.7490234375,2048,1536,453,982
HFW12-F7,2016,201603101133,DM,1,/Volumes/Seagate Portable Drive/KYLE_AI_DATABASE/A_CAMERA/Focal_species/Gulo gulo/HFW12-F7/DM/2016/COLOR/Robust marks/03.10-11.33/IMG_2439.JPG,IMG_2439.JPG,HFW12-F7_2016_201603101133_IMG_2439.jpg,0.9277085661888123,595.4129638671875,270.5953369140625,455.2833251953125,1017.48095703125,2048,1536,455,1017
HFW12-F7,2016,201603101133,DM,1,/Volumes/Seagate Portable Drive/KYLE_AI_DATABASE/A_CAMERA/Focal_species/Gulo gulo/HFW12-F7/DM/2016/COLOR/Robust marks/03.10-11.33/IMG_2440.JPG,IMG_2440.JPG,HFW12-F7_2016_201603101133_IMG_2440.jpg,0.9069383144378662,595.1494140625,258.712158203125,456.798828125,1012.67822265625,2048,1536,456,1012
HFW12-F7,2016,201603101133,DM,1,/Volumes/Seagate Portable Drive/KYLE_AI_DATABASE/A_CAMERA/Focal_species/Gulo gulo/HFW12-F7/DM/2016/COLOR/Robust marks/03.10-11.33/IMG_2441.JPG,IMG_2441.JPG,HFW12-F7_2016_201603101133_IMG_2441.jpg,0.9265235662460327,600.6708374023438,261.2742004394531,449.70111083984375,1010.1529541015625,2048,1536,449,1010
HFW12-F7,2016,201603101133,DM,1,/Volumes/Seagate Portable Drive/KYLE_AI_DATABASE/A_CAMERA/Focal_species/Gulo gulo/HFW12-F7/DM/2016/COLOR/Robust marks/03.10-11.33/IMG_2442.JPG,IMG_2442.JPG,HFW12-F7_2016_201603101133_IMG_2442.jpg,0.9470747709274292,604.89013671875,263.6131591796875,445.406982421875,1036.274169921875,2048,1536,445,1036
HFW12-F7,2016,201603101133,DM,1,/Volumes/Seagate Portable Drive/KYLE_AI_DATABASE/A_CAMERA/Focal_species/Gulo gulo/HFW12-F7/DM/2016/COLOR/Robust marks/03.10-11.33/IMG_2443.JPG,IMG_2443.JPG,HFW12-F7_2016_201603101133_IMG_2443.jpg,0.9252737760543823,602.1888427734375,245.92941284179688,448.7864990234375,1053.8695068359375,2048,1536,448,1053
HFW12-F7,2016,201603101133,DM,1,/Volumes/Seagate Portable Drive/KYLE_AI_DATABASE/A_CAMERA/Focal_species/Gulo gulo/HFW12-F7/DM/2016/COLOR/Robust marks/03.10-11.33/IMG_2444.JPG,IMG_2444.JPG,HFW12-F7_2016_201603101133_IMG_2444.jpg,0.9414966702461243,601.7078857421875,217.1879425048828,450.4697265625,1054.072021484375,2048,1536,450,1054
HFW12-F7,2016,201603101133,DM,1,/Volumes/Seagate Portable Drive/KYLE_AI_DATABASE/A_CAMERA/Focal_species/Gulo gulo/HFW12-F7/DM/2016/COLOR/Robust marks/03.10-11.33/IMG_2445.JPG,IMG_2445.JPG,HFW12-F7_2016_201603101133_IMG_2445.jpg,0.9168668389320374,601.1336669921875,258.20977783203125,450.73876953125,988.6515502929688,2048,1536,450,988
HFW12-F7,2016,201603101133,DM,1,/Volumes/Seagate Portable Drive/KYLE_AI_DATABASE/A_CAMERA/Focal_species/Gulo gulo/HFW12-F7/DM/2016/COLOR/Robust marks/03.10-11.33/IMG_2446.JPG,IMG_2446.JPG,HFW12-F7_2016_201603101133_IMG_2446.jpg,0.9356933832168579,600.4021606445312,230.0819549560547,454.41241455078125,1049.1495361328125,2048,1536,454,1049
HFW12-F7,2016,201603101133,DM,1,/Volumes/Seagate Portable Drive/KYLE_AI_DATABASE/A_CAMERA/Focal_species/Gulo gulo/HFW12-F7/DM/2016/COLOR/Robust marks/03.10-11.33/IMG_2447.JPG,IMG_2447.JPG,HFW12-F7_2016_201603101133_IMG_2447.jpg,0.9173470735549927,599.9163818359375,375.577392578125,451.9312744140625,902.671875,2048,1536,451,902
HFW12-F7,2016,201603101133,DM,1,/Volumes/Seagate Portable Drive/KYLE_AI_DATABASE/A_CAMERA/Focal_species/Gulo gulo/HFW12-F7/DM/2016/COLOR/Robust marks/03.10-11.33/IMG_2448.JPG,IMG_2448.JPG,HFW12-F7_2016_201603101133_IMG_2448.jpg,0.9070483446121216,599.3367919921875,396.56158447265625,452.4024658203125,835.9271850585938,2048,1536,452,835
HFW12-F7,2016,201603101133,DM,1,/Volumes/Seagate Portable Drive/KYLE_AI_DATABASE/A_CAMERA/Focal_species/Gulo gulo/HFW12-F7/DM/2016/COLOR/Robust marks/03.10-11.33/IMG_2449.JPG,IMG_2449.JPG,HFW12-F7_2016_201603101133_IMG_2449.jpg,0.9413809776306152,603.6768798828125,207.2743377685547,448.7127685546875,1021.4295043945312,2048,1536,448,1021
HFW12-F7,2016,201603101133,DM,1,/Volumes/Seagate Portable Drive/KYLE_AI_DATABASE/A_CAMERA/Focal_species/Gulo gulo/HFW12-F7/DM/2016/COLOR/Robust marks/03.10-11.33/IMG_2450.JPG,IMG_2450.JPG,HFW12-F7_2016_201603101133_IMG_2450.jpg,0.8659080266952515,601.853271484375,346.3353271484375,452.2196044921875,877.0250244140625,2048,1536,452,877
HFW12-F7,2016,201603101133,DM,1,/Volumes/Seagate Portable Drive/KYLE_AI_DATABASE/A_CAMERA/Focal_species/Gulo gulo/HFW12-F7/DM/2016/COLOR/Robust marks/03.10-11.33/IMG_2451.JPG,IMG_2451.JPG,HFW12-F7_2016_201603101133_IMG_2451.jpg,0.8499858379364014,595.0245971679688,364.67364501953125,498.83514404296875,928.5140991210938,2048,1536,498,928
HFW12-F7,2016,201603101133,DM,1,/Volumes/Seagate Portable Drive/KYLE_AI_DATABASE/A_CAMERA/Focal_species/Gulo gulo/HFW12-F7/DM/2016/COLOR/Robust marks/03.10-11.33/IMG_2452.JPG,IMG_2452.JPG,HFW12-F7_2016_201603101133_IMG_2452.jpg,0.8492679595947266,595.2501220703125,347.7978515625,519.8748779296875,938.0107421875,2048,1536,519,938
HFW12-F7,2016,201603101133,DM,1,/Volumes/Seagate Portable Drive/KYLE_AI_DATABASE/A_CAMERA/Focal_species/Gulo gulo/HFW12-F7/DM/2016/COLOR/Robust marks/03.10-11.33/IMG_2453.JPG,IMG_2453.JPG,HFW12-F7_2016_201603101133_IMG_2453.jpg,0.8673221468925476,598.4026489257812,254.30520629882812,513.7291870117188,1011.02294921875,2048,1536,513,1011
HFW12-F7,2016,201603101133,DM,1,/Volumes/Seagate Portable Drive/KYLE_AI_DATABASE/A_CAMERA/Focal_species/Gulo gulo/HFW12-F7/DM/2016/COLOR/Robust marks/03.10-11.33/IMG_2454.JPG,IMG_2454.JPG,HFW12-F7_2016_201603101133_IMG_2454.jpg,0.8831247091293335,598.483154296875,303.5859375,475.7352294921875,967.2734375,2048,1536,475,967
HFW12-F7,2016,201603101133,DM,1,/Volumes/Seagate Portable Drive/KYLE_AI_DATABASE/A_CAMERA/Focal_species/Gulo gulo/HFW12-F7/DM/2016/COLOR/Robust marks/03.10-11.33/IMG_2455.JPG,IMG_2455.JPG,HFW12-F7_2016_201603101133_IMG_2455.jpg,0.8859731554985046,598.9395751953125,299.0882263183594,463.5892333984375,986.3045654296875,2048,1536,463,986
HFW12-F7,2016,201603101133,DM,1,/Volumes/Seagate Portable Drive/KYLE_AI_DATABASE/A_CAMERA/Focal_species/Gulo gulo/HFW12-F7/DM/2016/COLOR/Robust marks/03.10-11.33/IMG_2456.JPG,IMG_2456.JPG,HFW12-F7_2016_201603101133_IMG_2456.jpg,0.9002600908279419,595.7174072265625,315.950927734375,481.641845703125,979.969970703125,2048,1536,481,979
HFW12-F7,2016,201603101133,DM,1,/Volumes/Seagate Portable Drive/KYLE_AI_DATABASE/A_CAMERA/Focal_species/Gulo gulo/HFW12-F7/DM/2016/COLOR/Robust marks/03.10-11.33/IMG_2457.JPG,IMG_2457.JPG,HFW12-F7_2016_201603101133_IMG_2457.jpg,0.8896331191062927,599.0062866210938,323.718994140625,491.90960693359375,936.96923828125,2048,1536,491,936
HFW12-F7,2016,201603101133,DM,1,/Volumes/Seagate Portable Drive/KYLE_AI_DATABASE/A_CAMERA/Focal_species/Gulo gulo/HFW12-F7/DM/2016/COLOR/Robust marks/03.10-11.33/IMG_2458.JPG,IMG_2458.JPG,HFW12-F7_2016_201603101133_IMG_2458.jpg,0.9148948788642883,599.340576171875,314.5992431640625,475.8245849609375,925.2864990234375,2048,1536,475,925
HFW12-F7,2016,201603101133,DM,1,/Volumes/Seagate Portable Drive/KYLE_AI_DATABASE/A_CAMERA/Focal_species/Gulo gulo/HFW12-F7/DM/2016/COLOR/Robust marks/03.10-11.33/IMG_2459.JPG,IMG_2459.JPG,HFW12-F7_2016_201603101133_IMG_2459.jpg,0.9322436451911926,598.3643798828125,332.24432373046875,478.62939453125,963.9995727539062,2048,1536,478,963
HFW12-F7,2016,201603101133,DM,1,/Volumes/Seagate Portable Drive/KYLE_AI_DATABASE/A_CAMERA/Focal_species/Gulo gulo/HFW12-F7/DM/2016/COLOR/Robust marks/03.10-11.33/IMG_2460.JPG,IMG_2460.JPG,HFW12-F7_2016_201603101133_IMG_2460.jpg,0.9200040698051453,598.1987915039062,328.70355224609375,480.79730224609375,966.3128051757812,2048,1536,480,966
HFW12-F7,2016,201603101133,DM,1,/Volumes/Seagate Portable Drive/KYLE_AI_DATABASE/A_CAMERA/Focal_species/Gulo gulo/HFW12-F7/DM/2016/COLOR/Robust marks/03.10-11.33/IMG_2461.JPG,IMG_2461.JPG,HFW12-F7_2016_201603101133_IMG_2461.jpg,0.9220324754714966,600.1354370117188,333.8416748046875,470.63226318359375,945.2777099609375,2048,1536,470,945
HFW12-F7,2016,201603101133,DM,1,/Volumes/Seagate Portable Drive/KYLE_AI_DATABASE/A_CAMERA/Focal_species/Gulo gulo/HFW12-F7/DM/2016/COLOR/Robust marks/03.10-11.33/IMG_2462.JPG,IMG_2462.JPG,HFW12-F7_2016_201603101133_IMG_2462.jpg,0.9083978533744812,598.5697631835938,329.62860107421875,485.15460205078125,954.0454711914062,2048,1536,485,954
HFW12-F7,2016,201603101133,DM,1,/Volumes/Seagate Portable Drive/KYLE_AI_DATABASE/A_CAMERA/Focal_species/Gulo gulo/HFW12-F7/DM/2016/COLOR/Robust marks/03.10-11.33/IMG_2463.JPG,IMG_2463.JPG,HFW12-F7_2016_201603101133_IMG_2463.jpg,0.9233523607254028,596.347900390625,335.02545166015625,484.7645263671875,943.9684448242188,2048,1536,484,943
HFW12-F7,2016,201603101133,DM,1,/Volumes/Seagate Portable Drive/KYLE_AI_DATABASE/A_CAMERA/Focal_species/Gulo gulo/HFW12-F7/DM/2016/COLOR/Robust marks/03.10-11.33/IMG_2464.JPG,IMG_2464.JPG,HFW12-F7_2016_201603101133_IMG_2464.jpg,0.933908998966217,597.5843505859375,335.85382080078125,481.804443359375,955.4857788085938,2048,1536,481,955
HFW12-F7,2016,201603101133,DM,1,/Volumes/Seagate Portable Drive/KYLE_AI_DATABASE/A_CAMERA/Focal_species/Gulo gulo/HFW12-F7/DM/2016/COLOR/Robust marks/03.10-11.33/IMG_2465.JPG,IMG_2465.JPG,HFW12-F7_2016_201603101133_IMG_2465.jpg,0.9233603477478027,598.88330078125,340.59136962890625,476.3875732421875,948.4642944335938,2048,1536,476,948
HFW12-F7,2016,201603101133,DM,1,/Volumes/Seagate Portable Drive/KYLE_AI_DATABASE/A_CAMERA/Focal_species/Gulo gulo/HFW12-F7/DM/2016/COLOR/Robust marks/03.10-11.33/IMG_2466.JPG,IMG_2466.JPG,HFW12-F7_2016_201603101133_IMG_2466.jpg,0.931110143661499,597.5416259765625,339.56494140625,482.329345703125,953.62890625,2048,1536,482,953
HFW12-F7,2016,201603101133,DM,1,/Volumes/Seagate Portable Drive/KYLE_AI_DATABASE/A_CAMERA/Focal_species/Gulo gulo/HFW12-F7/DM/2016/COLOR/Robust marks/03.10-11.33/IMG_2467.JPG,IMG_2467.JPG,HFW12-F7_2016_201603101133_IMG_2467.jpg,0.9080087542533875,597.508544921875,309.18310546875,455.9542236328125,977.95751953125,2048,1536,455,977
HFW12-F7,2016,201603101133,DM,1,/Volumes/Seagate Portable Drive/KYLE_AI_DATABASE/A_CAMERA/Focal_species/Gulo gulo/HFW12-F7/DM/2016/COLOR/Robust marks/03.10-11.33/IMG_2468.JPG,IMG_2468.JPG,HFW12-F7_2016_201603101133_IMG_2468.jpg,0.9192585349082947,597.1058349609375,391.7330017089844,457.43505859375,890.4822998046875,2048,1536,457,890
HFW12-F7,2016,201603101133,DM,1,/Volumes/Seagate Portable Drive/KYLE_AI_DATABASE/A_CAMERA/Focal_species/Gulo gulo/HFW12-F7/DM/2016/COLOR/Robust marks/03.10-11.33/IMG_2469.JPG,IMG_2469.JPG,HFW12-F7_2016_201603101133_IMG_2469.jpg,0.8886876702308655,598.34765625,390.322998046875,458.2705078125,861.8411865234375,2048,1536,458,861
HFW12-F7,2016,201603101133,DM,1,/Volumes/Seagate Portable Drive/KYLE_AI_DATABASE/A_CAMERA/Focal_species/Gulo gulo/HFW12-F7/DM/2016/COLOR/Robust marks/03.10-11.33/IMG_2470.JPG,IMG_2470.JPG,HFW12-F7_2016_201603101133_IMG_2470.jpg,0.9192060232162476,589.2756958007812,370.31890869140625,462.54876708984375,900.0292358398438,2048,1536,462,900
HFW12-F7,2016,201603101133,DM,1,/Volumes/Seagate Portable Drive/KYLE_AI_DATABASE/A_CAMERA/Focal_species/Gulo gulo/HFW12-F7/DM/2016/COLOR/Robust marks/03.10-11.33/IMG_2471.JPG,IMG_2471.JPG,HFW12-F7_2016_201603101133_IMG_2471.jpg,0.8806700706481934,585.435791015625,362.67578125,466.3861083984375,897.586181640625,2048,1536,466,897
HFW12-F7,2016,201603101133,DM,1,/Volumes/Seagate Portable Drive/KYLE_AI_DATABASE/A_CAMERA/Focal_species/Gulo gulo/HFW12-F7/DM/2016/COLOR/Robust marks/03.10-11.33/IMG_2472.JPG,IMG_2472.JPG,HFW12-F7_2016_201603101133_IMG_2472.jpg,0.8988187313079834,586.3492431640625,358.65203857421875,464.79345703125,902.7398071289062,2048,1536,464,902
HFW12-F7,2016,201603101133,DM,1,/Volumes/Seagate Portable Drive/KYLE_AI_DATABASE/A_CAMERA/Focal_species/Gulo gulo/HFW12-F7/DM/2016/COLOR/Robust marks/03.10-11.33/IMG_2473.JPG,IMG_2473.JPG,HFW12-F7_2016_201603101133_IMG_2473.jpg,0.9040687680244446,586.2418212890625,350.6474304199219,463.5938720703125,943.43994140625,2048,1536,463,943
HFW12-F7,2016,201603101133,DM,1,/Volumes/Seagate Portable Drive/KYLE_AI_DATABASE/A_CAMERA/Focal_species/Gulo gulo/HFW12-F7/DM/2016/COLOR/Robust marks/03.10-11.33/IMG_2474.JPG,IMG_2474.JPG,HFW12-F7_2016_201603101133_IMG_2474.jpg,0.921868622303009,588.77734375,380.4601135253906,466.8724365234375,834.9517822265625,2048,1536,466,834
HFW12-F7,2016,201603101133,DM,1,/Volumes/Seagate Portable Drive/KYLE_AI_DATABASE/A_CAMERA/Focal_species/Gulo gulo/HFW12-F7/DM/2016/COLOR/Robust marks/03.10-11.33/IMG_2475.JPG,IMG_2475.JPG,HFW12-F7_2016_201603101133_IMG_2475.jpg,0.9404324889183044,591.1073608398438,444.61175537109375,466.87164306640625,766.7265014648438,2048,1536,466,766
HFW12-F7,2016,201603101133,DM,1,/Volumes/Seagate Portable Drive/KYLE_AI_DATABASE/A_CAMERA/Focal_species/Gulo gulo/HFW12-F7/DM/2016/COLOR/Robust marks/03.10-11.33/IMG_2476.JPG,IMG_2476.JPG,HFW12-F7_2016_201603101133_IMG_2476.jpg,0.8985084891319275,591.6337890625,255.86563110351562,461.2498779296875,972.008544921875,2048,1536,461,972
HFW12-F7,2016,201603101133,DM,1,/Volumes/Seagate Portable Drive/KYLE_AI_DATABASE/A_CAMERA/Focal_species/Gulo gulo/HFW12-F7/DM/2016/COLOR/Robust marks/03.10-11.33/IMG_2477.JPG,IMG_2477.JPG,HFW12-F7_2016_201603101133_IMG_2477.jpg,0.9365963339805603,590.8695678710938,396.0880126953125,464.37017822265625,815.0443115234375,2048,1536,464,815
HFW12-F7,2016,201603101133,DM,1,/Volumes/Seagate Portable Drive/KYLE_AI_DATABASE/A_CAMERA/Focal_species/Gulo gulo/HFW12-F7/DM/2016/COLOR/Robust marks/03.10-11.33/IMG_2479.JPG,IMG_2479.JPG,HFW12-F7_2016_201603101133_IMG_2479.jpg,0.9216022491455078,585.8434448242188,230.4041748046875,472.18487548828125,965.7281494140625,2048,1536,472,965
HFW12-F7,2016,201603101133,DM,1,/Volumes/Seagate Portable Drive/KYLE_AI_DATABASE/A_CAMERA/Focal_species/Gulo gulo/HFW12-F7/DM/2016/COLOR/Robust marks/03.10-11.33/IMG_2480.JPG,IMG_2480.JPG,HFW12-F7_2016_201603101133_IMG_2480.jpg,0.8786959648132324,587.3630981445312,332.7007141113281,471.20440673828125,879.0384521484375,2048,1536,471,879
HFW12-F7,2016,201603101133,DM,1,/Volumes/Seagate Portable Drive/KYLE_AI_DATABASE/A_CAMERA/Focal_species/Gulo gulo/HFW12-F7/DM/2016/COLOR/Robust marks/03.10-11.33/IMG_2481.JPG,IMG_2481.JPG,HFW12-F7_2016_201603101133_IMG_2481.jpg,0.8654500842094421,581.6280517578125,356.934814453125,476.86376953125,839.3740234375,2048,1536,476,839
HFW12-F7,2016,201603101133,DM,1,/Volumes/Seagate Portable Drive/KYLE_AI_DATABASE/A_CAMERA/Focal_species/Gulo gulo/HFW12-F7/DM/2016/COLOR/Robust marks/03.10-11.33/IMG_2482.JPG,IMG_2482.JPG,HFW12-F7_2016_201603101133_IMG_2482.jpg,0.8471390604972839,581.733154296875,354.4822998046875,475.96875,862.6522216796875,2048,1536,475,862
HFW12-F7,2016,201603101133,DM,1,/Volumes/Seagate Portable Drive/KYLE_AI_DATABASE/A_CAMERA/Focal_species/Gulo gulo/HFW12-F7/DM/2016/COLOR/Robust marks/03.10-11.33/IMG_2483.JPG,IMG_2483.JPG,HFW12-F7_2016_201603101133_IMG_2483.jpg,0.8902778029441833,589.1465454101562,414.2392578125,467.33392333984375,810.9117431640625,2048,1536,467,810
HFW12-F7,2016,201603101133,DM,1,/Volumes/Seagate Portable Drive/KYLE_AI_DATABASE/A_CAMERA/Focal_species/Gulo gulo/HFW12-F7/DM/2016/COLOR/Robust marks/03.10-11.33/IMG_2484.JPG,IMG_2484.JPG,HFW12-F7_2016_201603101133_IMG_2484.jpg,0.8822987675666809,592.2330932617188,297.32525634765625,459.21636962890625,943.1978149414062,2048,1536,459,943
HFW12-F7,2016,201603101133,DM,1,/Volumes/Seagate Portable Drive/KYLE_AI_DATABASE/A_CAMERA/Focal_species/Gulo gulo/HFW12-F7/DM/2016/COLOR/Robust marks/03.10-11.33/IMG_2485.JPG,IMG_2485.JPG,HFW12-F7_2016_201603101133_IMG_2485.jpg,0.9413524270057678,593.5406494140625,198.90216064453125,459.41650390625,1042.672607421875,2048,1536,459,1042
HFW12-F7,2016,201603101133,DM,1,/Volumes/Seagate Portable Drive/KYLE_AI_DATABASE/A_CAMERA/Focal_species/Gulo gulo/HFW12-F7/DM/2016/COLOR/Robust marks/03.10-11.33/IMG_2486.JPG,IMG_2486.JPG,HFW12-F7_2016_201603101133_IMG_2486.jpg,0.8852586150169373,591.5233154296875,315.958984375,458.781494140625,937.817626953125,2048,1536,458,937
HFW12-F7,2016,201603101133,DM,1,/Volumes/Seagate Portable Drive/KYLE_AI_DATABASE/A_CAMERA/Focal_species/Gulo gulo/HFW12-F7/DM/2016/COLOR/Robust marks/03.10-11.33/IMG_2487.JPG,IMG_2487.JPG,HFW12-F7_2016_201603101133_IMG_2487.jpg,0.8729129433631897,591.64501953125,292.45745849609375,458.6168212890625,967.6731567382812,2048,1536,458,967
HFW12-F7,2016,201603101133,DM,1,/Volumes/Seagate Portable Drive/KYLE_AI_DATABASE/A_CAMERA/Focal_species/Gulo gulo/HFW12-F7/DM/2016/COLOR/Robust marks/03.10-11.33/IMG_2488.JPG,IMG_2488.JPG,HFW12-F7_2016_201603101133_IMG_2488.jpg,0.887058436870575,590.3806762695312,313.360107421875,460.48333740234375,954.417724609375,2048,1536,460,954
HFW12-F7,2016,201603101133,DM,1,/Volumes/Seagate Portable Drive/KYLE_AI_DATABASE/A_CAMERA/Focal_species/Gulo gulo/HFW12-F7/DM/2016/COLOR/Robust marks/03.10-11.33/IMG_2489.JPG,IMG_2489.JPG,HFW12-F7_2016_201603101133_IMG_2489.jpg,0.9181101322174072,593.7560424804688,275.1794128417969,459.77215576171875,940.2110595703125,2048,1536,459,940
HFW12-F7,2016,201603101133,DM,1,/Volumes/Seagate Portable Drive/KYLE_AI_DATABASE/A_CAMERA/Focal_species/Gulo gulo/HFW12-F7/DM/2016/COLOR/Robust marks/03.10-11.33/IMG_2490.JPG,IMG_2490.JPG,HFW12-F7_2016_201603101133_IMG_2490.jpg,0.9001810550689697,594.3745727539062,278.7472229003906,463.51507568359375,936.10107421875,2048,1536,463,936
HFW12-F7,2016,201603101133,DM,1,/Volumes/Seagate Portable Drive/KYLE_AI_DATABASE/A_CAMERA/Focal_species/Gulo gulo/HFW12-F7/DM/2016/COLOR/Robust marks/03.10-11.33/IMG_2491.JPG,IMG_2491.JPG,HFW12-F7_2016_201603101133_IMG_2491.jpg,0.8944088816642761,587.5732421875,334.6658935546875,465.452880859375,965.7362060546875,2048,1536,465,965
HFW12-F7,2016,201603101133,DM,1,/Volumes/Seagate Portable Drive/KYLE_AI_DATABASE/A_CAMERA/Focal_species/Gulo gulo/HFW12-F7/DM/2016/COLOR/Robust marks/03.10-11.33/IMG_2492.JPG,IMG_2492.JPG,HFW12-F7_2016_201603101133_IMG_2492.jpg,0.9292339086532593,587.904296875,389.18426513671875,464.6531982421875,824.0371704101562,2048,1536,464,824
HFW12-F7,2016,201603101133,DM,1,/Volumes/Seagate Portable Drive/KYLE_AI_DATABASE/A_CAMERA/Focal_species/Gulo gulo/HFW12-F7/DM/2016/COLOR/Robust marks/03.10-11.33/IMG_2493.JPG,IMG_2493.JPG,HFW12-F7_2016_201603101133_IMG_2493.jpg,0.9531808495521545,591.4134521484375,228.34359741210938,462.48193359375,985.0916748046875,2048,1536,462,985
HFW12-F7,2016,201603101133,DM,1,/Volumes/Seagate Portable Drive/KYLE_AI_DATABASE/A_CAMERA/Focal_species/Gulo gulo/HFW12-F7/DM/2016/COLOR/Robust marks/03.10-11.33/IMG_2494.JPG,IMG_2494.JPG,HFW12-F7_2016_201603101133_IMG_2494.jpg,0.9485197067260742,588.9763793945312,413.7392578125,464.09735107421875,797.7894287109375,2048,1536,464,797
HFW12-F7,2016,201603101133,DM,1,/Volumes/Seagate Portable Drive/KYLE_AI_DATABASE/A_CAMERA/Focal_species/Gulo gulo/HFW12-F7/DM/2016/COLOR/Robust marks/03.10-11.33/IMG_2495.JPG,IMG_2495.JPG,HFW12-F7_2016_201603101133_IMG_2495.jpg,0.8768318891525269,589.338134765625,414.7564697265625,466.043212890625,796.5211181640625,2048,1536,466,796
HFW12-F7,2016,201603101133,DM,1,/Volumes/Seagate Portable Drive/KYLE_AI_DATABASE/A_CAMERA/Focal_species/Gulo gulo/HFW12-F7/DM/2016/COLOR/Robust marks/03.10-11.33/IMG_2496.JPG,IMG_2496.JPG,HFW12-F7_2016_201603101133_IMG_2496.jpg,0.9514215588569641,591.3505249023438,221.37986755371094,462.73712158203125,995.13525390625,2048,1536,462,995
HFW12-F7,2016,201603101133,DM,1,/Volumes/Seagate Portable Drive/KYLE_AI_DATABASE/A_CAMERA/Focal_species/Gulo gulo/HFW12-F7/DM/2016/COLOR/Robust marks/03.10-11.33/IMG_2497.JPG,IMG_2497.JPG,HFW12-F7_2016_201603101133_IMG_2497.jpg,0.9234635233879089,588.8286743164062,414.35089111328125,463.03265380859375,804.1951293945312,2048,1536,463,804
HFW12-F7,2016,201603101133,DM,1,/Volumes/Seagate Portable Drive/KYLE_AI_DATABASE/A_CAMERA/Focal_species/Gulo gulo/HFW12-F7/DM/2016/COLOR/Robust marks/03.10-11.33/IMG_2498.JPG,IMG_2498.JPG,HFW12-F7_2016_201603101133_IMG_2498.jpg,0.9100340008735657,588.9531860351562,419.15057373046875,464.04779052734375,795.1665649414062,2048,1536,464,795
HFW12-F7,2016,201603101133,DM,1,/Volumes/Seagate Portable Drive/KYLE_AI_DATABASE/A_CAMERA/Focal_species/Gulo gulo/HFW12-F7/DM/2016/COLOR/Robust marks/03.10-11.33/IMG_2499.JPG,IMG_2499.JPG,HFW12-F7_2016_201603101133_IMG_2499.jpg,0.9118649959564209,589.2327270507812,402.2979736328125,463.85675048828125,812.1678466796875,2048,1536,463,812
HFW12-F7,2016,201603101133,DM,1,/Volumes/Seagate Portable Drive/KYLE_AI_DATABASE/A_CAMERA/Focal_species/Gulo gulo/HFW12-F7/DM/2016/COLOR/Robust marks/03.10-11.33/IMG_2500.JPG,IMG_2500.JPG,HFW12-F7_2016_201603101133_IMG_2500.jpg,0.9585816860198975,589.6599731445312,220.4783935546875,462.05438232421875,991.1146240234375,2048,1536,462,991
HFW12-F7,2016,201603101133,DM,1,/Volumes/Seagate Portable Drive/KYLE_AI_DATABASE/A_CAMERA/Focal_species/Gulo gulo/HFW12-F7/DM/2016/COLOR/Robust marks/03.10-11.33/IMG_2501.JPG,IMG_2501.JPG,HFW12-F7_2016_201603101133_IMG_2501.jpg,0.8907826542854309,589.3389892578125,341.0831298828125,466.11181640625,877.4300537109375,2048,1536,466,877
HFW12-F7,2016,201603101133,DM,1,/Volumes/Seagate Portable Drive/KYLE_AI_DATABASE/A_CAMERA/Focal_species/Gulo gulo/HFW12-F7/DM/2016/COLOR/Robust marks/03.10-11.33/IMG_2502.JPG,IMG_2502.JPG,HFW12-F7_2016_201603101133_IMG_2502.jpg,0.9401559233665466,590.1461181640625,218.3284149169922,460.7940673828125,1003.9235229492188,2048,1536,460,1003
HFW12-F7,2016,201603101133,DM,1,/Volumes/Seagate Portable Drive/KYLE_AI_DATABASE/A_CAMERA/Focal_species/Gulo gulo/HFW12-F7/DM/2016/COLOR/Robust marks/03.10-11.33/IMG_2503.JPG,IMG_2503.JPG,HFW12-F7_2016_201603101133_IMG_2503.jpg,0.9563618898391724,590.6695556640625,216.1337127685547,460.843505859375,1008.8706665039062,2048,1536,460,1008
HFW12-F7,2016,201603101133,DM,1,/Volumes/Seagate Portable Drive/KYLE_AI_DATABASE/A_CAMERA/Focal_species/Gulo gulo/HFW12-F7/DM/2016/COLOR/Robust marks/03.10-11.33/IMG_2504.JPG,IMG_2504.JPG,HFW12-F7_2016_201603101133_IMG_2504.jpg,0.8687174916267395,587.71240234375,354.0601806640625,465.27783203125,868.5194091796875,2048,1536,465,868
HFW12-F7,2016,201603101133,DM,1,/Volumes/Seagate Portable Drive/KYLE_AI_DATABASE/A_CAMERA/Focal_species/Gulo gulo/HFW12-F7/DM/2016/COLOR/Robust marks/03.10-11.33/IMG_2505.JPG,IMG_2505.JPG,HFW12-F7_2016_201603101133_IMG_2505.jpg,0.9528073072433472,590.5443725585938,218.78677368164062,462.02325439453125,996.820068359375,2048,1536,462,996
HFW12-F7,2016,201603101133,DM,1,/Volumes/Seagate Portable Drive/KYLE_AI_DATABASE/A_CAMERA/Focal_species/Gulo gulo/HFW12-F7/DM/2016/COLOR/Robust marks/03.10-11.33/IMG_2506.JPG,IMG_2506.JPG,HFW12-F7_2016_201603101133_IMG_2506.jpg,0.9178945422172546,589.1206665039062,404.20355224609375,464.12347412109375,833.4529418945312,2048,1536,464,833
HFW12-F7,2016,201603101133,DM,1,/Volumes/Seagate Portable Drive/KYLE_AI_DATABASE/A_CAMERA/Focal_species/Gulo gulo/HFW12-F7/DM/2016/COLOR/Robust marks/03.10-11.33/IMG_2507.JPG,IMG_2507.JPG,HFW12-F7_2016_201603101133_IMG_2507.jpg,0.9253959655761719,588.6309814453125,402.6702575683594,465.2882080078125,829.496826171875,2048,1536,465,829
HFW12-F7,2016,201603101133,DM,1,/Volumes/Seagate Portable Drive/KYLE_AI_DATABASE/A_CAMERA/Focal_species/Gulo gulo/HFW12-F7/DM/2016/COLOR/Robust marks/03.10-11.33/IMG_2508.JPG,IMG_2508.JPG,HFW12-F7_2016_201603101133_IMG_2508.jpg,0.9189743399620056,588.2791748046875,378.6614685058594,464.6141357421875,871.299072265625,2048,1536,464,871
HFW12-F7,2016,201603101133,DM,1,/Volumes/Seagate Portable Drive/KYLE_AI_DATABASE/A_CAMERA/Focal_species/Gulo gulo/HFW12-F7/DM/2016/COLOR/Robust marks/03.10-11.33/IMG_2509.JPG,IMG_2509.JPG,HFW12-F7_2016_201603101133_IMG_2509.jpg,0.9134882092475891,587.5344848632812,373.6220397949219,465.87493896484375,882.0382080078125,2048,1536,465,882
HFW12-F7,2016,201603101133,DM,1,/Volumes/Seagate Portable Drive/KYLE_AI_DATABASE/A_CAMERA/Focal_species/Gulo gulo/HFW12-F7/DM/2016/COLOR/Robust marks/03.10-11.33/IMG_2510.JPG,IMG_2510.JPG,HFW12-F7_2016_201603101133_IMG_2510.jpg,0.9355255961418152,588.475830078125,409.0445251464844,464.7108154296875,863.6348876953125,2048,1536,464,863
HFW12-F7,2016,201603101133,DM,1,/Volumes/Seagate Portable Drive/KYLE_AI_DATABASE/A_CAMERA/Focal_species/Gulo gulo/HFW12-F7/DM/2016/COLOR/Robust marks/03.10-11.33/IMG_2511.JPG,IMG_2511.JPG,HFW12-F7_2016_201603101133_IMG_2511.jpg,0.907455563545227,590.4142456054688,414.9578857421875,461.71881103515625,865.0101318359375,2048,1536,461,865
HFW12-F7,2016,201603101133,DM,1,/Volumes/Seagate Portable Drive/KYLE_AI_DATABASE/A_CAMERA/Focal_species/Gulo gulo/HFW12-F7/DM/2016/COLOR/Robust marks/03.10-11.33/IMG_2512.JPG,IMG_2512.JPG,HFW12-F7_2016_201603101133_IMG_2512.jpg,0.950312077999115,588.8006591796875,234.22943115234375,467.6082763671875,967.3580932617188,2048,1536,467,967
HFW12-F7,2016,201603101133,DM,1,/Volumes/Seagate Portable Drive/KYLE_AI_DATABASE/A_CAMERA/Focal_species/Gulo gulo/HFW12-F7/DM/2016/COLOR/Robust marks/03.10-11.33/IMG_2513.JPG,IMG_2513.JPG,HFW12-F7_2016_201603101133_IMG_2513.jpg,0.9391356110572815,588.7476806640625,241.61810302734375,466.3668212890625,961.0245971679688,2048,1536,466,961
HFW12-F7,2016,201603101133,DM,1,/Volumes/Seagate Portable Drive/KYLE_AI_DATABASE/A_CAMERA/Focal_species/Gulo gulo/HFW12-F7/DM/2016/COLOR/Robust marks/03.10-11.33/IMG_2514.JPG,IMG_2514.JPG,HFW12-F7_2016_201603101133_IMG_2514.jpg,0.9482532739639282,589.04541015625,249.2683868408203,466.7119140625,962.9700317382812,2048,1536,466,962
HFW12-F7,2016,201603101133,DM,1,/Volumes/Seagate Portable Drive/KYLE_AI_DATABASE/A_CAMERA/Focal_species/Gulo gulo/HFW12-F7/DM/2016/COLOR/Robust marks/03.10-11.33/IMG_2515.JPG,IMG_2515.JPG,HFW12-F7_2016_201603101133_IMG_2515.jpg,0.943920910358429,588.08251953125,247.02813720703125,467.0361328125,962.7372436523438,2048,1536,467,962
HFW12-F7,2016,201603101133,DM,1,/Volumes/Seagate Portable Drive/KYLE_AI_DATABASE/A_CAMERA/Focal_species/Gulo gulo/HFW12-F7/DM/2016/COLOR/Robust marks/03.10-11.33/IMG_2516.JPG,IMG_2516.JPG,HFW12-F7_2016_201603101133_IMG_2516.jpg,0.8889806270599365,586.7327880859375,317.7917175292969,468.0618896484375,893.1480712890625,2048,1536,468,893
HFW12-F7,2016,201603101133,DM,1,/Volumes/Seagate Portable Drive/KYLE_AI_DATABASE/A_CAMERA/Focal_species/Gulo gulo/HFW12-F7/DM/2016/COLOR/Robust marks/03.10-11.33/IMG_2517.JPG,IMG_2517.JPG,HFW12-F7_2016_201603101133_IMG_2517.jpg,0.9085365533828735,586.76513671875,372.4681091308594,466.818603515625,853.1715087890625,2048,1536,466,853
HFW12-F7,2016,201603101133,DM,1,/Volumes/Seagate Portable Drive/KYLE_AI_DATABASE/A_CAMERA/Focal_species/Gulo gulo/HFW12-F7/DM/2016/COLOR/Robust marks/03.10-11.33/IMG_2518.JPG,IMG_2518.JPG,HFW12-F7_2016_201603101133_IMG_2518.jpg,0.9110314249992371,586.5552978515625,374.08111572265625,465.1182861328125,858.4291381835938,2048,1536,465,858
HFW12-F7,2016,201603101133,DM,1,/Volumes/Seagate Portable Drive/KYLE_AI_DATABASE/A_CAMERA/Focal_species/Gulo gulo/HFW12-F7/DM/2016/COLOR/Robust marks/03.10-11.33/IMG_2519.JPG,IMG_2519.JPG,HFW12-F7_2016_201603101133_IMG_2519.jpg,0.9204889535903931,587.299072265625,433.01177978515625,467.5576171875,775.1608276367188,2048,1536,467,775
HFW12-F7,2016,201603101133,DM,1,/Volumes/Seagate Portable Drive/KYLE_AI_DATABASE/A_CAMERA/Focal_species/Gulo gulo/HFW12-F7/DM/2016/COLOR/Robust marks/03.10-11.33/IMG_2520.JPG,IMG_2520.JPG,HFW12-F7_2016_201603101133_IMG_2520.jpg,0.9417510628700256,588.6754760742188,238.96444702148438,468.31280517578125,964.9808349609375,2048,1536,468,964
HFW12-F7,2016,201603101133,DM,1,/Volumes/Seagate Portable Drive/KYLE_AI_DATABASE/A_CAMERA/Focal_species/Gulo gulo/HFW12-F7/DM/2016/COLOR/Robust marks/03.10-11.33/IMG_2521.JPG,IMG_2521.JPG,HFW12-F7_2016_201603101133_IMG_2521.jpg,0.9381371140480042,589.8701782226562,238.8274383544922,466.08953857421875,964.3761596679688,2048,1536,466,964
HFW12-F7,2016,201603101133,DM,1,/Volumes/Seagate Portable Drive/KYLE_AI_DATABASE/A_CAMERA/Focal_species/Gulo gulo/HFW12-F7/DM/2016/COLOR/Robust marks/03.10-11.33/IMG_2522.JPG,IMG_2522.JPG,HFW12-F7_2016_201603101133_IMG_2522.jpg,0.9073501229286194,590.8570556640625,234.72628784179688,463.6412353515625,966.25830078125,2048,1536,463,966
HFW12-F7,2016,201603101133,DM,1,/Volumes/Seagate Portable Drive/KYLE_AI_DATABASE/A_CAMERA/Focal_species/Gulo gulo/HFW12-F7/DM/2016/COLOR/Robust marks/03.10-11.33/IMG_2523.JPG,IMG_2523.JPG,HFW12-F7_2016_201603101133_IMG_2523.jpg,0.9482053518295288,589.566162109375,246.99591064453125,467.634521484375,944.9403686523438,2048,1536,467,944
HFW12-F7,2016,201603101133,DM,1,/Volumes/Seagate Portable Drive/KYLE_AI_DATABASE/A_CAMERA/Focal_species/Gulo gulo/HFW12-F7/DM/2016/COLOR/Robust marks/03.10-11.33/IMG_2524.JPG,IMG_2524.JPG,HFW12-F7_2016_201603101133_IMG_2524.jpg,0.9497503042221069,586.7197265625,231.03282165527344,463.4912109375,990.562255859375,2048,1536,463,990
HFW12-F7,2016,201603101133,DM,1,/Volumes/Seagate Portable Drive/KYLE_AI_DATABASE/A_CAMERA/Focal_species/Gulo gulo/HFW12-F7/DM/2016/COLOR/Robust marks/03.10-11.33/IMG_2525.JPG,IMG_2525.JPG,HFW12-F7_2016_201603101133_IMG_2525.jpg,0.9559513926506042,587.6924438476562,230.14073181152344,460.86517333984375,996.026123046875,2048,1536,460,996
HFW12-F7,2016,201603101133,DM,1,/Volumes/Seagate Portable Drive/KYLE_AI_DATABASE/A_CAMERA/Focal_species/Gulo gulo/HFW12-F7/DM/2016/COLOR/Robust marks/03.10-11.33/IMG_2526.JPG,IMG_2526.JPG,HFW12-F7_2016_201603101133_IMG_2526.jpg,0.9451371431350708,588.6892700195312,234.27493286132812,464.08477783203125,971.5960693359375,2048,1536,464,971
HFW12-F7,2016,201603101133,DM,1,/Volumes/Seagate Portable Drive/KYLE_AI_DATABASE/A_CAMERA/Focal_species/Gulo gulo/HFW12-F7/DM/2016/COLOR/Robust marks/03.10-11.33/IMG_2527.JPG,IMG_2527.JPG,HFW12-F7_2016_201603101133_IMG_2527.jpg,0.912925124168396,590.2549438476562,249.07781982421875,466.11761474609375,953.0798950195312,2048,1536,466,953
HFW12-F7,2016,201603101133,DM,1,/Volumes/Seagate Portable Drive/KYLE_AI_DATABASE/A_CAMERA/Focal_species/Gulo gulo/HFW12-F7/DM/2016/COLOR/Robust marks/03.10-11.33/IMG_2528.JPG,IMG_2528.JPG,HFW12-F7_2016_201603101133_IMG_2528.jpg,0.9381016492843628,589.1334228515625,242.56521606445312,465.6715087890625,960.424560546875,2048,1536,465,960
HFW12-F7,2016,201603101133,DM,1,/Volumes/Seagate Portable Drive/KYLE_AI_DATABASE/A_CAMERA/Focal_species/Gulo gulo/HFW12-F7/DM/2016/COLOR/Robust marks/03.10-11.33/IMG_2529.JPG,IMG_2529.JPG,HFW12-F7_2016_201603101133_IMG_2529.jpg,0.9488329291343689,590.5103759765625,233.34791564941406,464.0338134765625,979.6617431640625,2048,1536,464,979
HFW12-F7,2016,201603101133,DM,1,/Volumes/Seagate Portable Drive/KYLE_AI_DATABASE/A_CAMERA/Focal_species/Gulo gulo/HFW12-F7/DM/2016/COLOR/Robust marks/03.10-11.33/IMG_2530.JPG,IMG_2530.JPG,HFW12-F7_2016_201603101133_IMG_2530.jpg,0.9539007544517517,589.491943359375,231.74290466308594,462.1456298828125,998.3812255859375,2048,1536,462,998
HFW12-F7,2016,201603101133,DM,1,/Volumes/Seagate Portable Drive/KYLE_AI_DATABASE/A_CAMERA/Focal_species/Gulo gulo/HFW12-F7/DM/2016/COLOR/Robust marks/03.10-11.33/IMG_2531.JPG,IMG_2531.JPG,HFW12-F7_2016_201603101133_IMG_2531.jpg,0.8963406085968018,590.2882690429688,245.17922973632812,463.44293212890625,964.5926513671875,2048,1536,463,964
HFW12-F7,2016,201603101133,DM,1,/Volumes/Seagate Portable Drive/KYLE_AI_DATABASE/A_CAMERA/Focal_species/Gulo gulo/HFW12-F7/DM/2016/COLOR/Robust marks/03.10-11.33/IMG_2532.JPG,IMG_2532.JPG,HFW12-F7_2016_201603101133_IMG_2532.jpg,0.9540730118751526,588.921875,231.90142822265625,464.6138916015625,979.6442260742188,2048,1536,464,979
HFW12-F7,2016,201603101133,DM,1,/Volumes/Seagate Portable Drive/KYLE_AI_DATABASE/A_CAMERA/Focal_species/Gulo gulo/HFW12-F7/DM/2016/COLOR/Robust marks/03.10-11.33/IMG_2533.JPG,IMG_2533.JPG,HFW12-F7_2016_201603101133_IMG_2533.jpg,0.9477255344390869,589.7501220703125,232.79489135742188,461.1033935546875,995.6400146484375,2048,1536,461,995
HFW12-F7,2016,201603101133,DM,1,/Volumes/Seagate Portable Drive/KYLE_AI_DATABASE/A_CAMERA/Focal_species/Gulo gulo/HFW12-F7/DM/2016/COLOR/Robust marks/03.10-11.33/IMG_2534.JPG,IMG_2534.JPG,HFW12-F7_2016_201603101133_IMG_2534.jpg,0.9472246170043945,589.20361328125,229.14344787597656,461.888427734375,1003.9012451171875,2048,1536,461,1003
HFW12-F7,2016,201603101133,DM,1,/Volumes/Seagate Portable Drive/KYLE_AI_DATABASE/A_CAMERA/Focal_species/Gulo gulo/HFW12-F7/DM/2016/COLOR/Robust marks/03.10-11.33/IMG_2535.JPG,IMG_2535.JPG,HFW12-F7_2016_201603101133_IMG_2535.jpg,0.9413814544677734,590.1807250976562,235.12294006347656,461.98834228515625,989.512451171875,2048,1536,461,989
HFW12-F7,2016,201603101133,DM,1,/Volumes/Seagate Portable Drive/KYLE_AI_DATABASE/A_CAMERA/Focal_species/Gulo gulo/HFW12-F7/DM/2016/COLOR/Robust marks/03.10-11.33/IMG_2536.JPG,IMG_2536.JPG,HFW12-F7_2016_201603101133_IMG_2536.jpg,0.9346413612365723,590.5384521484375,232.26686096191406,463.967529296875,962.128662109375,2048,1536,463,962
HFW12-F7,2016,201603101133,DM,1,/Volumes/Seagate Portable Drive/KYLE_AI_DATABASE/A_CAMERA/Focal_species/Gulo gulo/HFW12-F7/DM/2016/COLOR/Robust marks/03.10-11.33/IMG_2537.JPG,IMG_2537.JPG,HFW12-F7_2016_201603101133_IMG_2537.jpg,0.9401029348373413,588.0064697265625,231.1058349609375,465.1629638671875,973.225830078125,2048,1536,465,973
HFW12-F7,2016,201603101133,DM,1,/Volumes/Seagate Portable Drive/KYLE_AI_DATABASE/A_CAMERA/Focal_species/Gulo gulo/HFW12-F7/DM/2016/COLOR/Robust marks/03.10-11.33/IMG_2538.JPG,IMG_2538.JPG,HFW12-F7_2016_201603101133_IMG_2538.jpg,0.9511846899986267,589.4720458984375,232.4018096923828,463.497314453125,977.2725219726562,2048,1536,463,977
HFW12-F7,2016,201603101133,DM,1,/Volumes/Seagate Portable Drive/KYLE_AI_DATABASE/A_CAMERA/Focal_species/Gulo gulo/HFW12-F7/DM/2016/COLOR/Robust marks/03.10-11.33/IMG_2539.JPG,IMG_2539.JPG,HFW12-F7_2016_201603101133_IMG_2539.jpg,0.9352925419807434,590.3048095703125,232.0309295654297,461.6971435546875,1000.4450073242188,2048,1536,461,1000
HFW12-F7,2016,201603101133,DM,1,/Volumes/Seagate Portable Drive/KYLE_AI_DATABASE/A_CAMERA/Focal_species/Gulo gulo/HFW12-F7/DM/2016/COLOR/Robust marks/03.10-11.33/IMG_2540.JPG,IMG_2540.JPG,HFW12-F7_2016_201603101133_IMG_2540.jpg,0.9190443754196167,589.7171630859375,286.1153869628906,462.4351806640625,935.708984375,2048,1536,462,935
HFW12-F7,2016,201603101133,DM,1,/Volumes/Seagate Portable Drive/KYLE_AI_DATABASE/A_CAMERA/Focal_species/Gulo gulo/HFW12-F7/DM/2016/COLOR/Robust marks/03.10-11.33/IMG_2541.JPG,IMG_2541.JPG,HFW12-F7_2016_201603101133_IMG_2541.jpg,0.9231997132301331,578.9425659179688,237.14451599121094,474.08746337890625,975.004638671875,2048,1536,474,975
HFW12-F7,2016,201603101133,DM,1,/Volumes/Seagate Portable Drive/KYLE_AI_DATABASE/A_CAMERA/Focal_species/Gulo gulo/HFW12-F7/DM/2016/COLOR/Robust marks/03.10-11.33/IMG_2542.JPG,IMG_2542.JPG,HFW12-F7_2016_201603101133_IMG_2542.jpg,0.9023091793060303,577.552490234375,310.0827941894531,478.614013671875,895.5361328125,2048,1536,478,895
HFW12-F7,2016,201603101133,DM,1,/Volumes/Seagate Portable Drive/KYLE_AI_DATABASE/A_CAMERA/Focal_species/Gulo gulo/HFW12-F7/DM/2016/COLOR/Robust marks/03.10-11.33/IMG_2543.JPG,IMG_2543.JPG,HFW12-F7_2016_201603101133_IMG_2543.jpg,0.9458946585655212,589.3757934570312,232.6178741455078,461.47235107421875,992.3427124023438,2048,1536,461,992
HFW12-F7,2016,201603101133,DM,1,/Volumes/Seagate Portable Drive/KYLE_AI_DATABASE/A_CAMERA/Focal_species/Gulo gulo/HFW12-F7/DM/2016/COLOR/Robust marks/03.10-11.33/IMG_2544.JPG,IMG_2544.JPG,HFW12-F7_2016_201603101133_IMG_2544.jpg,0.9194952845573425,590.205322265625,295.9031982421875,460.945556640625,941.7218017578125,2048,1536,460,941
HFW12-F7,2016,201603101133,DM,1,/Volumes/Seagate Portable Drive/KYLE_AI_DATABASE/A_CAMERA/Focal_species/Gulo gulo/HFW12-F7/DM/2016/COLOR/Robust marks/03.10-11.33/IMG_2545.JPG,IMG_2545.JPG,HFW12-F7_2016_201603101133_IMG_2545.jpg,0.9405313730239868,587.4739990234375,303.8890380859375,469.14013671875,958.5458984375,2048,1536,469,958
HFW12-F7,2016,201603101133,DM,1,/Volumes/Seagate Portable Drive/KYLE_AI_DATABASE/A_CAMERA/Focal_species/Gulo gulo/HFW12-F7/DM/2016/COLOR/Robust marks/03.10-11.33/IMG_2546.JPG,IMG_2546.JPG,HFW12-F7_2016_201603101133_IMG_2546.jpg,0.9418843984603882,589.1343994140625,304.5991516113281,467.0382080078125,943.3138427734375,2048,1536,467,943
HFW12-F7,2016,201603101133,DM,1,/Volumes/Seagate Portable Drive/KYLE_AI_DATABASE/A_CAMERA/Focal_species/Gulo gulo/HFW12-F7/DM/2016/COLOR/Robust marks/03.10-11.33/IMG_2547.JPG,IMG_2547.JPG,HFW12-F7_2016_201603101133_IMG_2547.jpg,0.9466111660003662,588.4653930664062,322.9305725097656,467.76800537109375,922.6534423828125,2048,1536,467,922
HFW12-F7,2016,201603101133,DM,1,/Volumes/Seagate Portable Drive/KYLE_AI_DATABASE/A_CAMERA/Focal_species/Gulo gulo/HFW12-F7/DM/2016/COLOR/Robust marks/03.10-11.33/IMG_2548.JPG,IMG_2548.JPG,HFW12-F7_2016_201603101133_IMG_2548.jpg,0.9354554414749146,588.880126953125,362.14306640625,460.5994873046875,856.03759765625,2048,1536,460,856
HFW12-F7,2016,201603101133,DM,1,/Volumes/Seagate Portable Drive/KYLE_AI_DATABASE/A_CAMERA/Focal_species/Gulo gulo/HFW12-F7/DM/2016/COLOR/Robust marks/03.10-11.33/IMG_2549.JPG,IMG_2549.JPG,HFW12-F7_2016_201603101133_IMG_2549.jpg,0.9499853253364563,587.971435546875,414.5572509765625,462.3800048828125,824.286376953125,2048,1536,462,824
HFW12-F7,2016,201603101133,DM,1,/Volumes/Seagate Portable Drive/KYLE_AI_DATABASE/A_CAMERA/Focal_species/Gulo gulo/HFW12-F7/DM/2016/COLOR/Robust marks/03.10-11.33/IMG_2550.JPG,IMG_2550.JPG,HFW12-F7_2016_201603101133_IMG_2550.jpg,0.93719881772995,587.5545654296875,416.6632080078125,465.0360107421875,810.1949462890625,2048,1536,465,810
HFW12-F7,2016,201603101133,DM,1,/Volumes/Seagate Portable Drive/KYLE_AI_DATABASE/A_CAMERA/Focal_species/Gulo gulo/HFW12-F7/DM/2016/COLOR/Robust marks/03.10-11.33/IMG_2551.JPG,IMG_2551.JPG,HFW12-F7_2016_201603101133_IMG_2551.jpg,0.9188193082809448,590.3211059570312,348.8681640625,464.60369873046875,918.00146484375,2048,1536,464,918
HFW12-F7,2016,201603101133,DM,1,/Volumes/Seagate Portable Drive/KYLE_AI_DATABASE/A_CAMERA/Focal_species/Gulo gulo/HFW12-F7/DM/2016/COLOR/Robust marks/03.10-11.33/IMG_2552.JPG,IMG_2552.JPG,HFW12-F7_2016_201603101133_IMG_2552.jpg,0.9306887984275818,589.800048828125,342.0745849609375,465.09326171875,938.0189208984375,2048,1536,465,938
HFW12-F7,2016,201603101133,DM,1,/Volumes/Seagate Portable Drive/KYLE_AI_DATABASE/A_CAMERA/Focal_species/Gulo gulo/HFW12-F7/DM/2016/COLOR/Robust marks/03.10-11.33/IMG_2553.JPG,IMG_2553.JPG,HFW12-F7_2016_201603101133_IMG_2553.jpg,0.8787345886230469,591.8424072265625,410.12677001953125,462.8074951171875,865.8973999023438,2048,1536,462,865
HFW12-F7,2016,201603101133,DM,1,/Volumes/Seagate Portable Drive/KYLE_AI_DATABASE/A_CAMERA/Focal_species/Gulo gulo/HFW12-F7/DM/2016/COLOR/Robust marks/03.10-11.33/IMG_2554.JPG,IMG_2554.JPG,HFW12-F7_2016_201603101133_IMG_2554.jpg,0.9333812594413757,590.0005493164062,384.7806701660156,468.76300048828125,851.04345703125,2048,1536,468,851
HFW12-F7,2016,201603101133,DM,1,/Volumes/Seagate Portable Drive/KYLE_AI_DATABASE/A_CAMERA/Focal_species/Gulo gulo/HFW12-F7/DM/2016/COLOR/Robust marks/03.10-11.33/IMG_2555.JPG,IMG_2555.JPG,HFW12-F7_2016_201603101133_IMG_2555.jpg,0.9516046047210693,591.4051513671875,422.25946044921875,463.6358642578125,799.0847778320312,2048,1536,463,799
HFW12-F7,2016,201603101133,DM,1,/Volumes/Seagate Portable Drive/KYLE_AI_DATABASE/A_CAMERA/Focal_species/Gulo gulo/HFW12-F7/DM/2016/COLOR/Robust marks/03.10-11.33/IMG_2556.JPG,IMG_2556.JPG,HFW12-F7_2016_201603101133_IMG_2556.jpg,0.9483197331428528,592.3075561523438,423.12310791015625,464.96185302734375,795.0158081054688,2048,1536,464,795
HFW12-F7,2016,201603101133,DM,1,/Volumes/Seagate Portable Drive/KYLE_AI_DATABASE/A_CAMERA/Focal_species/Gulo gulo/HFW12-F7/DM/2016/COLOR/Robust marks/03.10-11.33/IMG_2557.JPG,IMG_2557.JPG,HFW12-F7_2016_201603101133_IMG_2557.jpg,0.927790105342865,589.8084716796875,233.8831787109375,466.1141357421875,994.2049560546875,2048,1536,466,994
HFW12-F7,2016,201603101133,DM,1,/Volumes/Seagate Portable Drive/KYLE_AI_DATABASE/A_CAMERA/Focal_species/Gulo gulo/HFW12-F7/DM/2016/COLOR/Robust marks/03.10-11.33/IMG_2558.JPG,IMG_2558.JPG,HFW12-F7_2016_201603101133_IMG_2558.jpg,0.936948835849762,588.60302734375,384.79058837890625,467.3544921875,838.5250854492188,2048,1536,467,838
HFW12-F7,2016,201603101133,DM,1,/Volumes/Seagate Portable Drive/KYLE_AI_DATABASE/A_CAMERA/Focal_species/Gulo gulo/HFW12-F7/DM/2016/COLOR/Robust marks/03.10-11.33/IMG_2559.JPG,IMG_2559.JPG,HFW12-F7_2016_201603101133_IMG_2559.jpg,0.9210354089736938,591.0991821289062,452.3984069824219,464.04815673828125,764.8873291015625,2048,1536,464,764
HFW12-F7,2016,201603101133,DM,1,/Volumes/Seagate Portable Drive/KYLE_AI_DATABASE/A_CAMERA/Focal_species/Gulo gulo/HFW12-F7/DM/2016/COLOR/Robust marks/03.10-11.33/IMG_2560.JPG,IMG_2560.JPG,HFW12-F7_2016_201603101133_IMG_2560.jpg,0.94920814037323,591.8186645507812,228.8466339111328,463.18951416015625,1000.3965454101562,2048,1536,463,1000
HFW12-F7,2016,201603101133,DM,1,/Volumes/Seagate Portable Drive/KYLE_AI_DATABASE/A_CAMERA/Focal_species/Gulo gulo/HFW12-F7/DM/2016/COLOR/Robust marks/03.10-11.33/IMG_2561.JPG,IMG_2561.JPG,HFW12-F7_2016_201603101133_IMG_2561.jpg,0.8562712073326111,590.7730712890625,403.523681640625,466.7681884765625,807.9669189453125,2048,1536,466,807
HFW12-F7,2016,201603101133,DM,1,/Volumes/Seagate Portable Drive/KYLE_AI_DATABASE/A_CAMERA/Focal_species/Gulo gulo/HFW12-F7/DM/2016/COLOR/Robust marks/03.10-11.33/IMG_2562.JPG,IMG_2562.JPG,HFW12-F7_2016_201603101133_IMG_2562.jpg,0.9425888657569885,590.3917846679688,235.72201538085938,464.97833251953125,994.577880859375,2048,1536,464,994
HFW12-F7,2016,201603101133,DM,1,/Volumes/Seagate Portable Drive/KYLE_AI_DATABASE/A_CAMERA/Focal_species/Gulo gulo/HFW12-F7/DM/2016/COLOR/Robust marks/03.10-11.33/IMG_2563.JPG,IMG_2563.JPG,HFW12-F7_2016_201603101133_IMG_2563.jpg,0.941149890422821,594.71484375,316.18316650390625,467.588623046875,925.3488159179688,2048,1536,467,925
HFW12-F7,2016,201603101133,DM,1,/Volumes/Seagate Portable Drive/KYLE_AI_DATABASE/A_CAMERA/Focal_species/Gulo gulo/HFW12-F7/DM/2016/COLOR/Robust marks/03.10-11.33/IMG_2564.JPG,IMG_2564.JPG,HFW12-F7_2016_201603101133_IMG_2564.jpg,0.9258328676223755,593.1969604492188,400.17889404296875,463.01824951171875,815.4425659179688,2048,1536,463,815
HFW12-F7,2016,201603101133,DM,1,/Volumes/Seagate Portable Drive/KYLE_AI_DATABASE/A_CAMERA/Focal_species/Gulo gulo/HFW12-F7/DM/2016/COLOR/Robust marks/03.10-11.33/IMG_2565.JPG,IMG_2565.JPG,HFW12-F7_2016_201603101133_IMG_2565.jpg,0.9242026805877686,586.9780883789062,217.6962890625,466.46087646484375,984.805908203125,2048,1536,466,984
HFW12-F7,2016,201603101133,DM,1,/Volumes/Seagate Portable Drive/KYLE_AI_DATABASE/A_CAMERA/Focal_species/Gulo gulo/HFW12-F7/DM/2016/COLOR/Robust marks/03.10-11.33/IMG_2566.JPG,IMG_2566.JPG,HFW12-F7_2016_201603101133_IMG_2566.jpg,0.9172552824020386,586.6256713867188,314.62017822265625,477.45660400390625,878.5624389648438,2048,1536,477,878
HFW12-F7,2016,201603101133,DM,1,/Volumes/Seagate Portable Drive/KYLE_AI_DATABASE/A_CAMERA/Focal_species/Gulo gulo/HFW12-F7/DM/2016/COLOR/Robust marks/03.10-11.33/IMG_2567.JPG,IMG_2567.JPG,HFW12-F7_2016_201603101133_IMG_2567.jpg,0.9471925497055054,587.1018676757812,322.579833984375,492.44134521484375,981.455322265625,2048,1536,492,981
HFW12-F7,2016,201603101133,DM,1,/Volumes/Seagate Portable Drive/KYLE_AI_DATABASE/A_CAMERA/Focal_species/Gulo gulo/HFW12-F7/DM/2016/COLOR/Robust marks/03.10-11.33/IMG_2568.JPG,IMG_2568.JPG,HFW12-F7_2016_201603101133_IMG_2568.jpg,0.9198397397994995,587.2700805664062,367.86444091796875,474.33123779296875,860.7378540039062,2048,1536,474,860
HFW12-F7,2016,201603101133,DM,1,/Volumes/Seagate Portable Drive/KYLE_AI_DATABASE/A_CAMERA/Focal_species/Gulo gulo/HFW12-F7/DM/2016/COLOR/Robust marks/03.10-11.33/IMG_2569.JPG,IMG_2569.JPG,HFW12-F7_2016_201603101133_IMG_2569.jpg,0.8875674605369568,575.2379150390625,221.86216735839844,486.31103515625,998.3541259765625,2048,1536,486,998
HFW12-F7,2016,201603101133,DM,1,/Volumes/Seagate Portable Drive/KYLE_AI_DATABASE/A_CAMERA/Focal_species/Gulo gulo/HFW12-F7/DM/2016/COLOR/Robust marks/03.10-11.33/IMG_2570.JPG,IMG_2570.JPG,HFW12-F7_2016_201603101133_IMG_2570.jpg,0.8942441940307617,585.3004150390625,411.1800537109375,476.4608154296875,766.4061279296875,2048,1536,476,766
HFW12-F7,2016,201603101133,DM,1,/Volumes/Seagate Portable Drive/KYLE_AI_DATABASE/A_CAMERA/Focal_species/Gulo gulo/HFW12-F7/DM/2016/COLOR/Robust marks/03.10-11.33/IMG_2571.JPG,IMG_2571.JPG,HFW12-F7_2016_201603101133_IMG_2571.jpg,0.9473230242729187,587.626953125,418.7783203125,477.92529296875,747.129638671875,2048,1536,477,747
HFW12-F7,2016,201603101133,DM,1,/Volumes/Seagate Portable Drive/KYLE_AI_DATABASE/A_CAMERA/Focal_species/Gulo gulo/HFW12-F7/DM/2016/COLOR/Robust marks/03.10-11.33/IMG_2572.JPG,IMG_2572.JPG,HFW12-F7_2016_201603101133_IMG_2572.jpg,0.8562867641448975,587.0963745117188,444.24847412109375,476.70806884765625,729.7229614257812,2048,1536,476,729
HFW12-F7,2016,201603101133,DM,1,/Volumes/Seagate Portable Drive/KYLE_AI_DATABASE/A_CAMERA/Focal_species/Gulo gulo/HFW12-F7/DM/2016/COLOR/Robust marks/03.10-11.33/IMG_2573.JPG,IMG_2573.JPG,HFW12-F7_2016_201603101133_IMG_2573.jpg,0.9103301763534546,588.5443725585938,408.60699462890625,470.66058349609375,887.2080688476562,2048,1536,470,887
HFW12-F7,2016,201603101133,DM,1,/Volumes/Seagate Portable Drive/KYLE_AI_DATABASE/A_CAMERA/Focal_species/Gulo gulo/HFW12-F7/DM/2016/COLOR/Robust marks/03.10-11.33/IMG_2574.JPG,IMG_2574.JPG,HFW12-F7_2016_201603101133_IMG_2574.jpg,0.9244396090507507,586.6695556640625,315.7834167480469,474.042236328125,992.498046875,2048,1536,474,992
HFW12-F7,2016,201603101133,DM,1,/Volumes/Seagate Portable Drive/KYLE_AI_DATABASE/A_CAMERA/Focal_species/Gulo gulo/HFW12-F7/DM/2016/COLOR/Robust marks/03.10-11.33/IMG_2575.JPG,IMG_2575.JPG,HFW12-F7_2016_201603101133_IMG_2575.jpg,0.9420508742332458,591.284423828125,381.1800537109375,469.2958984375,843.2601318359375,2048,1536,469,843
HFW12-F7,2016,201603101133,DM,1,/Volumes/Seagate Portable Drive/KYLE_AI_DATABASE/A_CAMERA/Focal_species/Gulo gulo/HFW12-F7/DM/2016/COLOR/Robust marks/03.10-11.33/IMG_2576.JPG,IMG_2576.JPG,HFW12-F7_2016_201603101133_IMG_2576.jpg,0.8853804469108582,586.27392578125,412.14013671875,473.18701171875,809.10546875,2048,1536,473,809
HFW12-F7,2016,201603101133,DM,1,/Volumes/Seagate Portable Drive/KYLE_AI_DATABASE/A_CAMERA/Focal_species/Gulo gulo/HFW12-F7/DM/2016/COLOR/Robust marks/03.10-11.33/IMG_2577.JPG,IMG_2577.JPG,HFW12-F7_2016_201603101133_IMG_2577.jpg,0.8598875403404236,585.3392944335938,381.7779541015625,470.71783447265625,832.939697265625,2048,1536,470,832
HFW12-F7,2016,201603101133,DM,1,/Volumes/Seagate Portable Drive/KYLE_AI_DATABASE/A_CAMERA/Focal_species/Gulo gulo/HFW12-F7/DM/2016/COLOR/Robust marks/03.10-11.33/IMG_2579.JPG,IMG_2579.JPG,HFW12-F7_2016_201603101133_IMG_2579.jpg,0.9106760621070862,585.59423828125,457.581787109375,479.9412841796875,830.4586181640625,2048,1536,479,830
HFW12-F7,2016,201603101133,DM,1,/Volumes/Seagate Portable Drive/KYLE_AI_DATABASE/A_CAMERA/Focal_species/Gulo gulo/HFW12-F7/DM/2016/COLOR/Robust marks/03.10-11.33/IMG_2580.JPG,IMG_2580.JPG,HFW12-F7_2016_201603101133_IMG_2580.jpg,0.857123076915741,589.658935546875,429.6240234375,470.022216796875,747.860107421875,2048,1536,470,747
HFW12-F7,2016,201603101133,DM,1,/Volumes/Seagate Portable Drive/KYLE_AI_DATABASE/A_CAMERA/Focal_species/Gulo gulo/HFW12-F7/DM/2016/COLOR/Robust marks/03.10-11.33/IMG_2581.JPG,IMG_2581.JPG,HFW12-F7_2016_201603101133_IMG_2581.jpg,0.9265850782394409,591.6777954101562,455.5917663574219,466.72320556640625,756.0322265625,2048,1536,466,756
HFW12-F7,2016,201603101133,DM,1,/Volumes/Seagate Portable Drive/KYLE_AI_DATABASE/A_CAMERA/Focal_species/Gulo gulo/HFW12-F7/DM/2016/COLOR/Robust marks/03.10-11.33/IMG_2582.JPG,IMG_2582.JPG,HFW12-F7_2016_201603101133_IMG_2582.jpg,0.9213287234306335,591.635498046875,451.41021728515625,466.71533203125,766.9761352539062,2048,1536,466,766
HFW12-F7,2016,201603101133,DM,1,/Volumes/Seagate Portable Drive/KYLE_AI_DATABASE/A_CAMERA/Focal_species/Gulo gulo/HFW12-F7/DM/2016/COLOR/Robust marks/03.10-11.33/IMG_2583.JPG,IMG_2583.JPG,HFW12-F7_2016_201603101133_IMG_2583.jpg,0.9283241629600525,591.665283203125,443.02886962890625,463.3251953125,788.0272827148438,2048,1536,463,788
HFW12-F7,2016,201603101133,DM,1,/Volumes/Seagate Portable Drive/KYLE_AI_DATABASE/A_CAMERA/Focal_species/Gulo gulo/HFW12-F7/DM/2016/COLOR/Robust marks/03.10-11.33/IMG_2584.JPG,IMG_2584.JPG,HFW12-F7_2016_201603101133_IMG_2584.jpg,0.8741956353187561,588.7216186523438,344.52362060546875,464.53997802734375,864.8098754882812,2048,1536,464,864
HFW12-F7,2016,201603101133,DM,1,/Volumes/Seagate Portable Drive/KYLE_AI_DATABASE/A_CAMERA/Focal_species/Gulo gulo/HFW12-F7/DM/2016/COLOR/Robust marks/03.10-11.33/IMG_2585.JPG,IMG_2585.JPG,HFW12-F7_2016_201603101133_IMG_2585.jpg,0.9295992851257324,587.2228393554688,448.74237060546875,467.08209228515625,733.2249145507812,2048,1536,467,733
HFW12-F7,2016,201603101133,DM,1,/Volumes/Seagate Portable Drive/KYLE_AI_DATABASE/A_CAMERA/Focal_species/Gulo gulo/HFW12-F7/DM/2016/COLOR/Robust marks/03.10-11.33/IMG_2586.JPG,IMG_2586.JPG,HFW12-F7_2016_201603101133_IMG_2586.jpg,0.9231388568878174,589.441650390625,447.982421875,462.8551025390625,853.110107421875,2048,1536,462,853
HFW12-F7,2016,201603101133,DM,1,/Volumes/Seagate Portable Drive/KYLE_AI_DATABASE/A_CAMERA/Focal_species/Gulo gulo/HFW12-F7/DM/2016/COLOR/Robust marks/03.10-11.33/IMG_2587.JPG,IMG_2587.JPG,HFW12-F7_2016_201603101133_IMG_2587.jpg,0.8909946084022522,586.19775390625,446.72430419921875,464.9207763671875,792.8003540039062,2048,1536,464,792
HFW12-F7,2016,201603101133,DM,1,/Volumes/Seagate Portable Drive/KYLE_AI_DATABASE/A_CAMERA/Focal_species/Gulo gulo/HFW12-F7/DM/2016/COLOR/Robust marks/03.10-11.33/IMG_2588.JPG,IMG_2588.JPG,HFW12-F7_2016_201603101133_IMG_2588.jpg,0.895877480506897,588.2315673828125,449.59588623046875,464.099365234375,783.0410766601562,2048,1536,464,783
HFW12-F7,2016,201603101133,DM,1,/Volumes/Seagate Portable Drive/KYLE_AI_DATABASE/A_CAMERA/Focal_species/Gulo gulo/HFW12-F7/DM/2016/COLOR/Robust marks/03.10-11.33/IMG_2589.JPG,IMG_2589.JPG,HFW12-F7_2016_201603101133_IMG_2589.jpg,0.9081076383590698,588.0745849609375,447.6589050292969,463.7357177734375,793.2275390625,2048,1536,463,793
HFW12-F7,2016,201603101133,DM,1,/Volumes/Seagate Portable Drive/KYLE_AI_DATABASE/A_CAMERA/Focal_species/Gulo gulo/HFW12-F7/DM/2016/COLOR/Robust marks/03.10-11.33/IMG_2590.JPG,IMG_2590.JPG,HFW12-F7_2016_201603101133_IMG_2590.jpg,0.8788607120513916,588.65576171875,439.2442626953125,463.2501220703125,802.4359130859375,2048,1536,463,802
HFW12-F7,2016,201603101133,DM,1,/Volumes/Seagate Portable Drive/KYLE_AI_DATABASE/A_CAMERA/Focal_species/Gulo gulo/HFW12-F7/DM/2016/COLOR/Robust marks/03.10-11.33/IMG_2591.JPG,IMG_2591.JPG,HFW12-F7_2016_201603101133_IMG_2591.jpg,0.9383428692817688,585.7493896484375,454.0734558105469,474.724609375,767.9058837890625,2048,1536,474,767
HFW12-F7,2016,201603101133,DM,1,/Volumes/Seagate Portable Drive/KYLE_AI_DATABASE/A_CAMERA/Focal_species/Gulo gulo/HFW12-F7/DM/2016/COLOR/Robust marks/03.10-11.33/IMG_2592.JPG,IMG_2592.JPG,HFW12-F7_2016_201603101133_IMG_2592.jpg,0.950273334980011,590.903564453125,217.08494567871094,463.124755859375,1011.622802734375,2048,1536,463,1011
HFW12-F7,2016,201603101133,DM,1,/Volumes/Seagate Portable Drive/KYLE_AI_DATABASE/A_CAMERA/Focal_species/Gulo gulo/HFW12-F7/DM/2016/COLOR/Robust marks/03.10-11.33/IMG_2593.JPG,IMG_2593.JPG,HFW12-F7_2016_201603101133_IMG_2593.jpg,0.9030904769897461,588.5213623046875,454.822021484375,465.18310546875,773.934814453125,2048,1536,465,773
HFW12-F7,2016,201603101133,DM,1,/Volumes/Seagate Portable Drive/KYLE_AI_DATABASE/A_CAMERA/Focal_species/Gulo gulo/HFW12-F7/DM/2016/COLOR/Robust marks/03.10-11.33/IMG_2594.JPG,IMG_2594.JPG,HFW12-F7_2016_201603101133_IMG_2594.jpg,0.9014830589294434,584.9281616210938,349.0079345703125,465.28692626953125,944.2755126953125,2048,1536,465,944
HFW12-F7,2016,201603101133,DM,1,/Volumes/Seagate Portable Drive/KYLE_AI_DATABASE/A_CAMERA/Focal_species/Gulo gulo/HFW12-F7/DM/2016/COLOR/Robust marks/03.10-11.33/IMG_2595.JPG,IMG_2595.JPG,HFW12-F7_2016_201603101133_IMG_2595.jpg,0.930122971534729,580.32177734375,251.61795043945312,474.1942138671875,955.6588134765625,2048,1536,474,955
HFW12-F7,2016,201603101133,DM,1,/Volumes/Seagate Portable Drive/KYLE_AI_DATABASE/A_CAMERA/Focal_species/Gulo gulo/HFW12-F7/DM/2016/COLOR/Robust marks/03.10-11.33/IMG_2596.JPG,IMG_2596.JPG,HFW12-F7_2016_201603101133_IMG_2596.jpg,0.8815381526947021,587.96435546875,426.0615234375,467.1624755859375,797.2108154296875,2048,1536,467,797
HFW12-F7,2016,201603101133,DM,1,/Volumes/Seagate Portable Drive/KYLE_AI_DATABASE/A_CAMERA/Focal_species/Gulo gulo/HFW12-F7/DM/2016/COLOR/Robust marks/03.10-11.33/IMG_2597.JPG,IMG_2597.JPG,HFW12-F7_2016_201603101133_IMG_2597.jpg,0.8891348838806152,586.5152587890625,322.5132751464844,468.6744384765625,907.095458984375,2048,1536,468,907
HFW12-F7,2016,201603101133,DM,1,/Volumes/Seagate Portable Drive/KYLE_AI_DATABASE/A_CAMERA/Focal_species/Gulo gulo/HFW12-F7/DM/2016/COLOR/Robust marks/03.10-11.33/IMG_2598.JPG,IMG_2598.JPG,HFW12-F7_2016_201603101133_IMG_2598.jpg,0.9215765595436096,588.5352783203125,446.02960205078125,463.83984375,789.8727416992188,2048,1536,463,789
HFW12-F7,2016,201603101133,DM,1,/Volumes/Seagate Portable Drive/KYLE_AI_DATABASE/A_CAMERA/Focal_species/Gulo gulo/HFW12-F7/DM/2016/COLOR/Robust marks/03.10-11.33/IMG_2599.JPG,IMG_2599.JPG,HFW12-F7_2016_201603101133_IMG_2599.jpg,0.863502562046051,578.7173461914062,430.90338134765625,485.57879638671875,739.4170532226562,2048,1536,485,739
HFW12-F7,2016,201603101133,DM,1,/Volumes/Seagate Portable Drive/KYLE_AI_DATABASE/A_CAMERA/Focal_species/Gulo gulo/HFW12-F7/DM/2016/COLOR/Robust marks/03.10-11.33/IMG_2600.JPG,IMG_2600.JPG,HFW12-F7_2016_201603101133_IMG_2600.jpg,0.9232893586158752,587.5186767578125,445.57598876953125,473.8426513671875,758.6747436523438,2048,1536,473,758
HFW12-F7,2016,201603101133,DM,1,/Volumes/Seagate Portable Drive/KYLE_AI_DATABASE/A_CAMERA/Focal_species/Gulo gulo/HFW12-F7/DM/2016/COLOR/Robust marks/03.10-11.33/IMG_2601.JPG,IMG_2601.JPG,HFW12-F7_2016_201603101133_IMG_2601.jpg,0.8302080631256104,587.553955078125,411.3273010253906,479.578125,780.56689453125,2048,1536,479,780
HFW12-F7,2016,201603101133,DM,1,/Volumes/Seagate Portable Drive/KYLE_AI_DATABASE/A_CAMERA/Focal_species/Gulo gulo/HFW12-F7/DM/2016/COLOR/Robust marks/03.10-11.33/IMG_2602.JPG,IMG_2602.JPG,HFW12-F7_2016_201603101133_IMG_2602.jpg,0.9177564978599548,586.7230834960938,369.13330078125,476.87261962890625,900.9759521484375,2048,1536,476,900
HFW12-F7,2016,201603101133,DM,1,/Volumes/Seagate Portable Drive/KYLE_AI_DATABASE/A_CAMERA/Focal_species/Gulo gulo/HFW12-F7/DM/2016/COLOR/Robust marks/03.10-11.33/IMG_2603.JPG,IMG_2603.JPG,HFW12-F7_2016_201603101133_IMG_2603.jpg,0.8952142596244812,586.9841918945312,389.771240234375,470.01116943359375,936.3310546875,2048,1536,470,936
HFW12-F7,2016,201603101133,DM,1,/Volumes/Seagate Portable Drive/KYLE_AI_DATABASE/A_CAMERA/Focal_species/Gulo gulo/HFW12-F7/DM/2016/COLOR/Robust marks/03.10-11.33/IMG_2604.JPG,IMG_2604.JPG,HFW12-F7_2016_201603101133_IMG_2604.jpg,0.9219133853912354,587.7794189453125,429.6823425292969,467.314697265625,818.8133544921875,2048,1536,467,818
HFW12-F7,2016,201603101133,DM,1,/Volumes/Seagate Portable Drive/KYLE_AI_DATABASE/A_CAMERA/Focal_species/Gulo gulo/HFW12-F7/DM/2016/COLOR/Robust marks/03.10-11.33/IMG_2605.JPG,IMG_2605.JPG,HFW12-F7_2016_201603101133_IMG_2605.jpg,0.9137722253799438,587.8800048828125,155.9636993408203,465.6988525390625,1096.0843505859375,2048,1536,465,1096
HFW12-F7,2016,201603101133,DM,1,/Volumes/Seagate Portable Drive/KYLE_AI_DATABASE/A_CAMERA/Focal_species/Gulo gulo/HFW12-F7/DM/2016/COLOR/Robust marks/03.10-11.33/IMG_2606.JPG,IMG_2606.JPG,HFW12-F7_2016_201603101133_IMG_2606.jpg,0.9254949688911438,589.60693359375,336.38671875,467.8984375,922.5032958984375,2048,1536,467,922
HFW12-F7,2016,201603101133,DM,1,/Volumes/Seagate Portable Drive/KYLE_AI_DATABASE/A_CAMERA/Focal_species/Gulo gulo/HFW12-F7/DM/2016/COLOR/Robust marks/03.10-11.33/IMG_2607.JPG,IMG_2607.JPG,HFW12-F7_2016_201603101133_IMG_2607.jpg,0.9384264349937439,590.364501953125,369.2458190917969,464.9630126953125,925.376220703125,2048,1536,464,925
HFW12-F7,2016,201603101133,DM,1,/Volumes/Seagate Portable Drive/KYLE_AI_DATABASE/A_CAMERA/Focal_species/Gulo gulo/HFW12-F7/DM/2016/COLOR/Robust marks/03.10-11.33/IMG_2608.JPG,IMG_2608.JPG,HFW12-F7_2016_201603101133_IMG_2608.jpg,0.9414768815040588,590.64013671875,400.062744140625,462.87646484375,904.505126953125,2048,1536,462,904
HFW12-F7,2016,201603101133,DM,1,/Volumes/Seagate Portable Drive/KYLE_AI_DATABASE/A_CAMERA/Focal_species/Gulo gulo/HFW12-F7/DM/2016/COLOR/Robust marks/03.10-11.33/IMG_2609.JPG,IMG_2609.JPG,HFW12-F7_2016_201603101133_IMG_2609.jpg,0.919885516166687,583.0670776367188,353.9814147949219,465.96295166015625,956.5262451171875,2048,1536,465,956
HFW12-F7,2016,201603101133,DM,1,/Volumes/Seagate Portable Drive/KYLE_AI_DATABASE/A_CAMERA/Focal_species/Gulo gulo/HFW12-F7/DM/2016/COLOR/Robust marks/03.10-11.33/IMG_2610.JPG,IMG_2610.JPG,HFW12-F7_2016_201603101133_IMG_2610.jpg,0.9203769564628601,589.1907958984375,396.296142578125,463.208984375,850.6239013671875,2048,1536,463,850
HFW12-F7,2016,201603101133,DM,1,/Volumes/Seagate Portable Drive/KYLE_AI_DATABASE/A_CAMERA/Focal_species/Gulo gulo/HFW12-F7/DM/2016/COLOR/Robust marks/03.10-11.33/IMG_2611.JPG,IMG_2611.JPG,HFW12-F7_2016_201603101133_IMG_2611.jpg,0.9380960464477539,588.9268798828125,392.5800476074219,463.0263671875,924.36962890625,2048,1536,463,924
HFW12-F7,2016,201603101133,DM,1,/Volumes/Seagate Portable Drive/KYLE_AI_DATABASE/A_CAMERA/Focal_species/Gulo gulo/HFW12-F7/DM/2016/COLOR/Robust marks/03.10-11.33/IMG_2612.JPG,IMG_2612.JPG,HFW12-F7_2016_201603101133_IMG_2612.jpg,0.9265575408935547,589.7579345703125,380.98919677734375,462.0487060546875,926.7742309570312,2048,1536,462,926
HFW12-F7,2016,201603101133,DM,1,/Volumes/Seagate Portable Drive/KYLE_AI_DATABASE/A_CAMERA/Focal_species/Gulo gulo/HFW12-F7/DM/2016/COLOR/Robust marks/03.10-11.33/IMG_2613.JPG,IMG_2613.JPG,HFW12-F7_2016_201603101133_IMG_2613.jpg,0.9225143194198608,590.4315795898438,371.664306640625,460.67999267578125,933.7066650390625,2048,1536,460,933
HFW12-F7,2016,201603101133,DM,1,/Volumes/Seagate Portable Drive/KYLE_AI_DATABASE/A_CAMERA/Focal_species/Gulo gulo/HFW12-F7/DM/2016/COLOR/Robust marks/03.10-11.33/IMG_2614.JPG,IMG_2614.JPG,HFW12-F7_2016_201603101133_IMG_2614.jpg,0.931302011013031,590.1351318359375,376.6908874511719,461.261962890625,895.4285888671875,2048,1536,461,895
HFW12-F7,2016,201603101133,DM,1,/Volumes/Seagate Portable Drive/KYLE_AI_DATABASE/A_CAMERA/Focal_species/Gulo gulo/HFW12-F7/DM/2016/COLOR/Robust marks/03.10-11.33/IMG_2615.JPG,IMG_2615.JPG,HFW12-F7_2016_201603101133_IMG_2615.jpg,0.9380437135696411,593.2348022460938,404.30816650390625,457.06842041015625,899.9271850585938,2048,1536,457,899
HFW12-F7,2016,201603101133,DM,1,/Volumes/Seagate Portable Drive/KYLE_AI_DATABASE/A_CAMERA/Focal_species/Gulo gulo/HFW12-F7/DM/2016/COLOR/Robust marks/03.10-11.33/IMG_2616.JPG,IMG_2616.JPG,HFW12-F7_2016_201603101133_IMG_2616.jpg,0.9423086643218994,588.137451171875,344.53912353515625,462.2122802734375,916.5736694335938,2048,1536,462,916
HFW12-F7,2016,201603101133,DM,1,/Volumes/Seagate Portable Drive/KYLE_AI_DATABASE/A_CAMERA/Focal_species/Gulo gulo/HFW12-F7/DM/2016/COLOR/Robust marks/03.10-11.33/IMG_2617.JPG,IMG_2617.JPG,HFW12-F7_2016_201603101133_IMG_2617.jpg,0.9405859112739563,591.785400390625,358.9736022949219,458.3265380859375,945.7159423828125,2048,1536,458,945
HFW12-F7,2016,201603101133,DM,1,/Volumes/Seagate Portable Drive/KYLE_AI_DATABASE/A_CAMERA/Focal_species/Gulo gulo/HFW12-F7/DM/2016/COLOR/Robust marks/03.10-11.33/IMG_2618.JPG,IMG_2618.JPG,HFW12-F7_2016_201603101133_IMG_2618.jpg,0.9328203201293945,590.1873779296875,341.1622009277344,459.423095703125,947.494384765625,2048,1536,459,947
HFW12-F7,2016,201603101133,DM,1,/Volumes/Seagate Portable Drive/KYLE_AI_DATABASE/A_CAMERA/Focal_species/Gulo gulo/HFW12-F7/DM/2016/COLOR/Robust marks/03.10-11.33/IMG_2619.JPG,IMG_2619.JPG,HFW12-F7_2016_201603101133_IMG_2619.jpg,0.9452784657478333,589.4776000976562,376.6026611328125,459.47186279296875,933.7276611328125,2048,1536,459,933
HFW12-F7,2016,201603101133,DM,1,/Volumes/Seagate Portable Drive/KYLE_AI_DATABASE/A_CAMERA/Focal_species/Gulo gulo/HFW12-F7/DM/2016/COLOR/Robust marks/03.10-11.33/IMG_2620.JPG,IMG_2620.JPG,HFW12-F7_2016_201603101133_IMG_2620.jpg,0.9466604590415955,590.2946166992188,381.893798828125,459.86407470703125,933.1583251953125,2048,1536,459,933
HFW12-F7,2016,201603101133,DM,1,/Volumes/Seagate Portable Drive/KYLE_AI_DATABASE/A_CAMERA/Focal_species/Gulo gulo/HFW12-F7/DM/2016/COLOR/Robust marks/03.10-11.33/IMG_2621.JPG,IMG_2621.JPG,HFW12-F7_2016_201603101133_IMG_2621.jpg,0.9466953873634338,591.4224853515625,378.87786865234375,460.5357666015625,925.0169067382812,2048,1536,460,925
HFW12-F7,2016,201603101133,DM,1,/Volumes/Seagate Portable Drive/KYLE_AI_DATABASE/A_CAMERA/Focal_species/Gulo gulo/HFW12-F7/DM/2016/COLOR/Robust marks/03.10-11.33/IMG_2622.JPG,IMG_2622.JPG,HFW12-F7_2016_201603101133_IMG_2622.jpg,0.9515113830566406,588.7847900390625,391.19476318359375,456.6246337890625,972.3297729492188,2048,1536,456,972
HFW12-F7,2016,201603101133,DM,1,/Volumes/Seagate Portable Drive/KYLE_AI_DATABASE/A_CAMERA/Focal_species/Gulo gulo/HFW12-F7/DM/2016/COLOR/Robust marks/03.10-11.33/IMG_2623.JPG,IMG_2623.JPG,HFW12-F7_2016_201603101133_IMG_2623.jpg,0.9444503784179688,588.054443359375,439.21893310546875,457.6573486328125,920.2355346679688,2048,1536,457,920
HFW12-F7,2016,201603101133,DM,1,/Volumes/Seagate Portable Drive/KYLE_AI_DATABASE/A_CAMERA/Focal_species/Gulo gulo/HFW12-F7/DM/2016/COLOR/Robust marks/03.10-11.33/IMG_2624.JPG,IMG_2624.JPG,HFW12-F7_2016_201603101133_IMG_2624.jpg,0.9230126738548279,587.2149658203125,453.1602783203125,457.2694091796875,925.4012451171875,2048,1536,457,925
HFW12-F7,2016,201603101133,DM,1,/Volumes/Seagate Portable Drive/KYLE_AI_DATABASE/A_CAMERA/Focal_species/Gulo gulo/HFW12-F7/DM/2016/COLOR/Robust marks/03.10-11.33/IMG_2625.JPG,IMG_2625.JPG,HFW12-F7_2016_201603101133_IMG_2625.jpg,0.94704669713974,589.1726684570312,354.10772705078125,453.82073974609375,975.1310424804688,2048,1536,453,975
HFW12-F7,2016,201603101133,DM,1,/Volumes/Seagate Portable Drive/KYLE_AI_DATABASE/A_CAMERA/Focal_species/Gulo gulo/HFW12-F7/DM/2016/COLOR/Robust marks/03.10-11.33/IMG_2626.JPG,IMG_2626.JPG,HFW12-F7_2016_201603101133_IMG_2626.jpg,0.9468687772750854,590.9813842773438,374.57208251953125,450.84442138671875,943.6503295898438,2048,1536,450,943
HFW12-F7,2016,201603101133,DM,1,/Volumes/Seagate Portable Drive/KYLE_AI_DATABASE/A_CAMERA/Focal_species/Gulo gulo/HFW12-F7/DM/2016/COLOR/Robust marks/03.10-11.33/IMG_2627.JPG,IMG_2627.JPG,HFW12-F7_2016_201603101133_IMG_2627.jpg,0.9447712898254395,591.391845703125,379.3743896484375,449.4432373046875,937.2982177734375,2048,1536,449,937
HFW12-F7,2016,201603101133,DM,1,/Volumes/Seagate Portable Drive/KYLE_AI_DATABASE/A_CAMERA/Focal_species/Gulo gulo/HFW12-F7/DM/2016/COLOR/Robust marks/03.10-11.33/IMG_2628.JPG,IMG_2628.JPG,HFW12-F7_2016_201603101133_IMG_2628.jpg,0.9394654035568237,591.3788452148438,379.4444274902344,448.90850830078125,936.5047607421875,2048,1536,448,936
HFW12-F7,2016,201603101133,DM,1,/Volumes/Seagate Portable Drive/KYLE_AI_DATABASE/A_CAMERA/Focal_species/Gulo gulo/HFW12-F7/DM/2016/COLOR/Robust marks/03.10-11.33/IMG_2629.JPG,IMG_2629.JPG,HFW12-F7_2016_201603101133_IMG_2629.jpg,0.9246277809143066,589.9550170898438,389.73748779296875,452.12823486328125,924.7785034179688,2048,1536,452,924
HFW12-F7,2016,201603101133,DM,1,/Volumes/Seagate Portable Drive/KYLE_AI_DATABASE/A_CAMERA/Focal_species/Gulo gulo/HFW12-F7/DM/2016/COLOR/Robust marks/03.10-11.33/IMG_2630.JPG,IMG_2630.JPG,HFW12-F7_2016_201603101133_IMG_2630.jpg,0.9284158945083618,590.0371704101562,380.61444091796875,450.86163330078125,939.6788940429688,2048,1536,450,939
HFW12-F7,2016,201603101133,DM,1,/Volumes/Seagate Portable Drive/KYLE_AI_DATABASE/A_CAMERA/Focal_species/Gulo gulo/HFW12-F7/DM/2016/COLOR/Robust marks/03.10-11.33/IMG_2631.JPG,IMG_2631.JPG,HFW12-F7_2016_201603101133_IMG_2631.jpg,0.9263262152671814,591.041015625,373.3187255859375,449.3203125,941.8563232421875,2048,1536,449,941
HFW12-F7,2016,201603101133,DM,1,/Volumes/Seagate Portable Drive/KYLE_AI_DATABASE/A_CAMERA/Focal_species/Gulo gulo/HFW12-F7/DM/2016/COLOR/Robust marks/03.10-11.33/IMG_2632.JPG,IMG_2632.JPG,HFW12-F7_2016_201603101133_IMG_2632.jpg,0.9370511174201965,590.9758911132812,376.6661376953125,450.63177490234375,945.9073486328125,2048,1536,450,945
HFW12-F7,2016,201603101133,DM,1,/Volumes/Seagate Portable Drive/KYLE_AI_DATABASE/A_CAMERA/Focal_species/Gulo gulo/HFW12-F7/DM/2016/COLOR/Robust marks/03.10-11.33/IMG_2633.JPG,IMG_2633.JPG,HFW12-F7_2016_201603101133_IMG_2633.jpg,0.9207510948181152,590.82080078125,379.3503112792969,449.9815673828125,942.7838134765625,2048,1536,449,942
HFW12-F7,2016,201603101133,DM,1,/Volumes/Seagate Portable Drive/KYLE_AI_DATABASE/A_CAMERA/Focal_species/Gulo gulo/HFW12-F7/DM/2016/COLOR/Robust marks/03.10-11.33/IMG_2634.JPG,IMG_2634.JPG,HFW12-F7_2016_201603101133_IMG_2634.jpg,0.9267067909240723,590.5301513671875,373.7271728515625,451.490966796875,942.39501953125,2048,1536,451,942
HFW12-F7,2016,201603101133,DM,1,/Volumes/Seagate Portable Drive/KYLE_AI_DATABASE/A_CAMERA/Focal_species/Gulo gulo/HFW12-F7/DM/2016/COLOR/Robust marks/03.10-11.33/IMG_2635.JPG,IMG_2635.JPG,HFW12-F7_2016_201603101133_IMG_2635.jpg,0.9288318157196045,591.06201171875,386.56207275390625,450.9141845703125,932.0787963867188,2048,1536,450,932
HFW12-F7,2016,201603101133,DM,1,/Volumes/Seagate Portable Drive/KYLE_AI_DATABASE/A_CAMERA/Focal_species/Gulo gulo/HFW12-F7/DM/2016/COLOR/Robust marks/03.10-11.33/IMG_2636.JPG,IMG_2636.JPG,HFW12-F7_2016_201603101133_IMG_2636.jpg,0.94264817237854,591.8387451171875,377.8668212890625,448.9560546875,938.6485595703125,2048,1536,448,938
HFW12-F7,2016,201603101133,DM,1,/Volumes/Seagate Portable Drive/KYLE_AI_DATABASE/A_CAMERA/Focal_species/Gulo gulo/HFW12-F7/DM/2016/COLOR/Robust marks/03.10-11.33/IMG_2637.JPG,IMG_2637.JPG,HFW12-F7_2016_201603101133_IMG_2637.jpg,0.9376397132873535,590.7001342773438,379.772705078125,450.37921142578125,938.9722900390625,2048,1536,450,938
HFW12-F7,2016,201603101133,DM,1,/Volumes/Seagate Portable Drive/KYLE_AI_DATABASE/A_CAMERA/Focal_species/Gulo gulo/HFW12-F7/DM/2016/COLOR/Robust marks/03.10-11.33/IMG_2638.JPG,IMG_2638.JPG,HFW12-F7_2016_201603101133_IMG_2638.jpg,0.9385026693344116,589.2329711914062,383.2620849609375,452.63702392578125,935.2935791015625,2048,1536,452,935
HFW12-F7,2016,201603101133,DM,1,/Volumes/Seagate Portable Drive/KYLE_AI_DATABASE/A_CAMERA/Focal_species/Gulo gulo/HFW12-F7/DM/2016/COLOR/Robust marks/03.10-11.33/IMG_2639.JPG,IMG_2639.JPG,HFW12-F7_2016_201603101133_IMG_2639.jpg,0.9310427904129028,590.732666015625,380.20404052734375,450.1795654296875,936.0005493164062,2048,1536,450,936
HFW12-F7,2016,201603101133,DM,1,/Volumes/Seagate Portable Drive/KYLE_AI_DATABASE/A_CAMERA/Focal_species/Gulo gulo/HFW12-F7/DM/2016/COLOR/Robust marks/03.10-11.33/IMG_2640.JPG,IMG_2640.JPG,HFW12-F7_2016_201603101133_IMG_2640.jpg,0.9313846230506897,592.157958984375,446.6064147949219,447.4056396484375,865.7655029296875,2048,1536,447,865
HFW12-F7,2016,201603101133,DM,1,/Volumes/Seagate Portable Drive/KYLE_AI_DATABASE/A_CAMERA/Focal_species/Gulo gulo/HFW12-F7/DM/2016/COLOR/Robust marks/03.10-11.33/IMG_2641.JPG,IMG_2641.JPG,HFW12-F7_2016_201603101133_IMG_2641.jpg,0.9287103414535522,590.4425048828125,443.164306640625,461.2965087890625,864.9627685546875,2048,1536,461,864
HFW12-F7,2016,201603101133,DM,1,/Volumes/Seagate Portable Drive/KYLE_AI_DATABASE/A_CAMERA/Focal_species/Gulo gulo/HFW12-F7/DM/2016/COLOR/Robust marks/03.10-11.33/IMG_2642.JPG,IMG_2642.JPG,HFW12-F7_2016_201603101133_IMG_2642.jpg,0.9180559515953064,588.9984741210938,442.1334228515625,461.79119873046875,863.8946533203125,2048,1536,461,863
HFW12-F7,2016,201603101133,DM,1,/Volumes/Seagate Portable Drive/KYLE_AI_DATABASE/A_CAMERA/Focal_species/Gulo gulo/HFW12-F7/DM/2016/COLOR/Robust marks/03.10-11.33/IMG_2643.JPG,IMG_2643.JPG,HFW12-F7_2016_201603101133_IMG_2643.jpg,0.9411734938621521,589.8245849609375,447.77093505859375,460.63330078125,865.4369506835938,2048,1536,460,865
HFW12-F7,2016,201603101133,DM,1,/Volumes/Seagate Portable Drive/KYLE_AI_DATABASE/A_CAMERA/Focal_species/Gulo gulo/HFW12-F7/DM/2016/COLOR/Robust marks/03.10-11.33/IMG_2644.JPG,IMG_2644.JPG,HFW12-F7_2016_201603101133_IMG_2644.jpg,0.9203662276268005,515.9734497070312,435.96514892578125,535.3412475585938,873.5015258789062,2048,1536,535,873
HFW12-F7,2016,201603101133,DM,1,/Volumes/Seagate Portable Drive/KYLE_AI_DATABASE/A_CAMERA/Focal_species/Gulo gulo/HFW12-F7/DM/2016/COLOR/Robust marks/03.10-11.33/IMG_2645.JPG,IMG_2645.JPG,HFW12-F7_2016_201603101133_IMG_2645.jpg,0.9120559096336365,534.484375,443.03021240234375,518.4300537109375,872.3640747070312,2048,1536,518,872
HFW12-F7,2016,201603101133,DM,1,/Volumes/Seagate Portable Drive/KYLE_AI_DATABASE/A_CAMERA/Focal_species/Gulo gulo/HFW12-F7/DM/2016/COLOR/Robust marks/03.10-11.33/IMG_2646.JPG,IMG_2646.JPG,HFW12-F7_2016_201603101133_IMG_2646.jpg,0.8771257400512695,495.3401184082031,383.554931640625,555.7086181640625,864.927490234375,2048,1536,555,864
HFW12-F7,2016,201603101133,DM,1,/Volumes/Seagate Portable Drive/KYLE_AI_DATABASE/A_CAMERA/Focal_species/Gulo gulo/HFW12-F7/DM/2016/COLOR/Robust marks/03.10-11.33/IMG_2647.JPG,IMG_2647.JPG,HFW12-F7_2016_201603101133_IMG_2647.jpg,0.9050418138504028,590.046630859375,452.8316650390625,460.7099609375,853.0604248046875,2048,1536,460,853
HFW12-F7,2016,201603101133,DM,1,/Volumes/Seagate Portable Drive/KYLE_AI_DATABASE/A_CAMERA/Focal_species/Gulo gulo/HFW12-F7/DM/2016/COLOR/Robust marks/03.10-11.33/IMG_2648.JPG,IMG_2648.JPG,HFW12-F7_2016_201603101133_IMG_2648.jpg,0.904009997844696,593.5410766601562,450.9520263671875,456.59930419921875,826.6187744140625,2048,1536,456,826
HFW12-F7,2016,201603101133,DM,1,/Volumes/Seagate Portable Drive/KYLE_AI_DATABASE/A_CAMERA/Focal_species/Gulo gulo/HFW12-F7/DM/2016/COLOR/Robust marks/03.10-11.33/IMG_2649.JPG,IMG_2649.JPG,HFW12-F7_2016_201603101133_IMG_2649.jpg,0.9293021559715271,597.0720825195312,385.8814697265625,454.10711669921875,930.01953125,2048,1536,454,930
HFW12-F7,2016,201603101133,DM,1,/Volumes/Seagate Portable Drive/KYLE_AI_DATABASE/A_CAMERA/Focal_species/Gulo gulo/HFW12-F7/DM/2016/COLOR/Robust marks/03.10-11.33/IMG_2650.JPG,IMG_2650.JPG,HFW12-F7_2016_201603101133_IMG_2650.jpg,0.9487388730049133,595.1659545898438,335.9347229003906,455.42694091796875,976.966796875,2048,1536,455,976
HFW12-F7,2016,201603101133,DM,1,/Volumes/Seagate Portable Drive/KYLE_AI_DATABASE/A_CAMERA/Focal_species/Gulo gulo/HFW12-F7/DM/2016/COLOR/Robust marks/03.10-11.33/IMG_2651.JPG,IMG_2651.JPG,HFW12-F7_2016_201603101133_IMG_2651.jpg,0.9408255815505981,589.268798828125,364.13232421875,460.588623046875,884.3726806640625,2048,1536,460,884
HFW12-F7,2016,201603101133,DM,1,/Volumes/Seagate Portable Drive/KYLE_AI_DATABASE/A_CAMERA/Focal_species/Gulo gulo/HFW12-F7/DM/2016/COLOR/Robust marks/03.10-11.33/IMG_2652.JPG,IMG_2652.JPG,HFW12-F7_2016_201603101133_IMG_2652.jpg,0.939947783946991,588.285400390625,347.2229919433594,461.505859375,908.3466796875,2048,1536,461,908
HFW12-F7,2016,201603101133,DM,1,/Volumes/Seagate Portable Drive/KYLE_AI_DATABASE/A_CAMERA/Focal_species/Gulo gulo/HFW12-F7/DM/2016/COLOR/Robust marks/03.10-11.33/IMG_2653.JPG,IMG_2653.JPG,HFW12-F7_2016_201603101133_IMG_2653.jpg,0.9249308705329895,588.3243408203125,458.5181884765625,460.8331298828125,822.0069580078125,2048,1536,460,822
HFW12-F7,2016,201603101133,DM,1,/Volumes/Seagate Portable Drive/KYLE_AI_DATABASE/A_CAMERA/Focal_species/Gulo gulo/HFW12-F7/DM/2016/COLOR/Robust marks/03.10-11.33/IMG_2654.JPG,IMG_2654.JPG,HFW12-F7_2016_201603101133_IMG_2654.jpg,0.8574846982955933,592.3643798828125,286.21466064453125,457.3546142578125,990.6921997070312,2048,1536,457,990
HFW12-F7,2016,201603101133,DM,1,/Volumes/Seagate Portable Drive/KYLE_AI_DATABASE/A_CAMERA/Focal_species/Gulo gulo/HFW12-F7/DM/2016/COLOR/Robust marks/03.10-11.33/IMG_2655.JPG,IMG_2655.JPG,HFW12-F7_2016_201603101133_IMG_2655.jpg,0.913854718208313,593.3679809570312,349.0693359375,457.89154052734375,937.484375,2048,1536,457,937
HFW12-F7,2016,201603101133,DM,1,/Volumes/Seagate Portable Drive/KYLE_AI_DATABASE/A_CAMERA/Focal_species/Gulo gulo/HFW12-F7/DM/2016/COLOR/Robust marks/03.10-11.33/IMG_2656.JPG,IMG_2656.JPG,HFW12-F7_2016_201603101133_IMG_2656.jpg,0.9218441247940063,593.25146484375,346.58062744140625,457.6265869140625,926.5097045898438,2048,1536,457,926
HFW12-F7,2016,201603101133,DM,1,/Volumes/Seagate Portable Drive/KYLE_AI_DATABASE/A_CAMERA/Focal_species/Gulo gulo/HFW12-F7/DM/2016/COLOR/Robust marks/03.10-11.33/IMG_2657.JPG,IMG_2657.JPG,HFW12-F7_2016_201603101133_IMG_2657.jpg,0.9160411953926086,594.9622192382812,345.6471862792969,454.78094482421875,929.76025390625,2048,1536,454,929
HFW12-F7,2016,201603101133,DM,1,/Volumes/Seagate Portable Drive/KYLE_AI_DATABASE/A_CAMERA/Focal_species/Gulo gulo/HFW12-F7/DM/2016/COLOR/Robust marks/03.10-11.33/IMG_2658.JPG,IMG_2658.JPG,HFW12-F7_2016_201603101133_IMG_2658.jpg,0.9270079731941223,593.83203125,354.55645751953125,456.2122802734375,924.7865600585938,2048,1536,456,924
HFW12-F7,2016,201603101133,DM,1,/Volumes/Seagate Portable Drive/KYLE_AI_DATABASE/A_CAMERA/Focal_species/Gulo gulo/HFW12-F7/DM/2016/COLOR/Robust marks/03.10-11.33/IMG_2659.JPG,IMG_2659.JPG,HFW12-F7_2016_201603101133_IMG_2659.jpg,0.9450058341026306,595.0122680664062,361.567626953125,457.33551025390625,905.173095703125,2048,1536,457,905
HFW12-F7,2016,201603101133,DM,1,/Volumes/Seagate Portable Drive/KYLE_AI_DATABASE/A_CAMERA/Focal_species/Gulo gulo/HFW12-F7/DM/2016/COLOR/Robust marks/03.10-11.33/IMG_2660.JPG,IMG_2660.JPG,HFW12-F7_2016_201603101133_IMG_2660.jpg,0.9328707456588745,595.30078125,230.41094970703125,455.4451904296875,1018.3930053710938,2048,1536,455,1018
HFW12-F7,2016,201603101133,DM,1,/Volumes/Seagate Portable Drive/KYLE_AI_DATABASE/A_CAMERA/Focal_species/Gulo gulo/HFW12-F7/DM/2016/COLOR/Robust marks/03.10-11.33/IMG_2661.JPG,IMG_2661.JPG,HFW12-F7_2016_201603101133_IMG_2661.jpg,0.920985758304596,590.084716796875,290.310546875,480.755859375,934.0234375,2048,1536,480,934
HFW12-F7,2016,201603101133,DM,1,/Volumes/Seagate Portable Drive/KYLE_AI_DATABASE/A_CAMERA/Focal_species/Gulo gulo/HFW12-F7/DM/2016/COLOR/Robust marks/03.10-11.33/IMG_2662.JPG,IMG_2662.JPG,HFW12-F7_2016_201603101133_IMG_2662.jpg,0.9497573375701904,592.6032104492188,202.35594177246094,463.38189697265625,1023.0859375,2048,1536,463,1023
HFW12-F7,2016,201603101133,DM,1,/Volumes/Seagate Portable Drive/KYLE_AI_DATABASE/A_CAMERA/Focal_species/Gulo gulo/HFW12-F7/DM/2016/COLOR/Robust marks/03.10-11.33/IMG_2663.JPG,IMG_2663.JPG,HFW12-F7_2016_201603101133_IMG_2663.jpg,0.9356507062911987,596.273681640625,355.7474365234375,455.3079833984375,874.1722412109375,2048,1536,455,874
HFW12-F7,2016,201603101133,DM,1,/Volumes/Seagate Portable Drive/KYLE_AI_DATABASE/A_CAMERA/Focal_species/Gulo gulo/HFW12-F7/DM/2016/COLOR/Robust marks/03.10-11.33/IMG_2666.JPG,IMG_2666.JPG,HFW12-F7_2016_201603101133_IMG_2666.jpg,0.8930624723434448,593.7220458984375,336.916015625,456.9195556640625,880.3292236328125,2048,1536,456,880
HFW12-F7,2016,201603101133,DM,1,/Volumes/Seagate Portable Drive/KYLE_AI_DATABASE/A_CAMERA/Focal_species/Gulo gulo/HFW12-F7/DM/2016/COLOR/Robust marks/03.10-11.33/IMG_2667.JPG,IMG_2667.JPG,HFW12-F7_2016_201603101133_IMG_2667.jpg,0.942581295967102,596.9898071289062,418.14129638671875,455.06488037109375,808.7188110351562,2048,1536,455,808
HFW12-F7,2016,201603101133,DM,1,/Volumes/Seagate Portable Drive/KYLE_AI_DATABASE/A_CAMERA/Focal_species/Gulo gulo/HFW12-F7/DM/2016/COLOR/Robust marks/03.10-11.33/IMG_2668.JPG,IMG_2668.JPG,HFW12-F7_2016_201603101133_IMG_2668.jpg,0.9001021385192871,597.0635986328125,407.876708984375,455.260986328125,810.275390625,2048,1536,455,810
HFW12-F7,2016,201603101133,DM,1,/Volumes/Seagate Portable Drive/KYLE_AI_DATABASE/A_CAMERA/Focal_species/Gulo gulo/HFW12-F7/DM/2016/COLOR/Robust marks/03.10-11.33/IMG_2669.JPG,IMG_2669.JPG,HFW12-F7_2016_201603101133_IMG_2669.jpg,0.9283632636070251,601.1243896484375,373.3123779296875,449.046630859375,854.0198974609375,2048,1536,449,854
HFW12-F7,2016,201603101133,DM,1,/Volumes/Seagate Portable Drive/KYLE_AI_DATABASE/A_CAMERA/Focal_species/Gulo gulo/HFW12-F7/DM/2016/COLOR/Robust marks/03.10-11.33/IMG_2670.JPG,IMG_2670.JPG,HFW12-F7_2016_201603101133_IMG_2670.jpg,0.9505151510238647,596.9931640625,220.9801025390625,451.8519287109375,1028.2698974609375,2048,1536,451,1028
HFW12-F7,2016,201603101133,DM,1,/Volumes/Seagate Portable Drive/KYLE_AI_DATABASE/A_CAMERA/Focal_species/Gulo gulo/HFW12-F7/DM/2016/COLOR/Robust marks/03.10-11.33/IMG_2671.JPG,IMG_2671.JPG,HFW12-F7_2016_201603101133_IMG_2671.jpg,0.9382445216178894,593.7794189453125,375.3274841308594,460.3966064453125,885.7962646484375,2048,1536,460,885
HFW12-F7,2016,201603101133,DM,1,/Volumes/Seagate Portable Drive/KYLE_AI_DATABASE/A_CAMERA/Focal_species/Gulo gulo/HFW12-F7/DM/2016/COLOR/Robust marks/03.10-11.33/IMG_2672.JPG,IMG_2672.JPG,HFW12-F7_2016_201603101133_IMG_2672.jpg,0.9149752855300903,592.5706176757812,403.71588134765625,456.96063232421875,905.7456665039062,2048,1536,456,905
HFW12-F7,2016,201603101133,DM,1,/Volumes/Seagate Portable Drive/KYLE_AI_DATABASE/A_CAMERA/Focal_species/Gulo gulo/HFW12-F7/DM/2016/COLOR/Robust marks/03.10-11.33/IMG_2673.JPG,IMG_2673.JPG,HFW12-F7_2016_201603101133_IMG_2673.jpg,0.905414879322052,590.509033203125,381.55877685546875,469.747314453125,914.8933715820312,2048,1536,469,914
HFW12-F7,2016,201603101133,DM,1,/Volumes/Seagate Portable Drive/KYLE_AI_DATABASE/A_CAMERA/Focal_species/Gulo gulo/HFW12-F7/DM/2016/COLOR/Robust marks/03.10-11.33/IMG_2674.JPG,IMG_2674.JPG,HFW12-F7_2016_201603101133_IMG_2674.jpg,0.8801543712615967,590.5028076171875,382.7542724609375,480.03759765625,885.1619873046875,2048,1536,480,885
HFW12-F7,2016,201603101133,DM,1,/Volumes/Seagate Portable Drive/KYLE_AI_DATABASE/A_CAMERA/Focal_species/Gulo gulo/HFW12-F7/DM/2016/COLOR/Robust marks/03.10-11.33/IMG_2675.JPG,IMG_2675.JPG,HFW12-F7_2016_201603101133_IMG_2675.jpg,0.9320889115333557,591.8743896484375,359.547119140625,479.6641845703125,904.059814453125,2048,1536,479,904
HFW12-F7,2016,201603101133,DM,1,/Volumes/Seagate Portable Drive/KYLE_AI_DATABASE/A_CAMERA/Focal_species/Gulo gulo/HFW12-F7/DM/2016/COLOR/Robust marks/03.10-11.33/IMG_2676.JPG,IMG_2676.JPG,HFW12-F7_2016_201603101133_IMG_2676.jpg,0.919703483581543,590.9814453125,362.15020751953125,474.91455078125,911.0703735351562,2048,1536,474,911
HFW12-F7,2016,201603101133,DM,1,/Volumes/Seagate Portable Drive/KYLE_AI_DATABASE/A_CAMERA/Focal_species/Gulo gulo/HFW12-F7/DM/2016/COLOR/Robust marks/03.10-11.33/IMG_2677.JPG,IMG_2677.JPG,HFW12-F7_2016_201603101133_IMG_2677.jpg,0.9194276928901672,592.2886352539062,434.08087158203125,474.45501708984375,869.6860961914062,2048,1536,474,869
HFW12-F7,2016,201603101133,DM,1,/Volumes/Seagate Portable Drive/KYLE_AI_DATABASE/A_CAMERA/Focal_species/Gulo gulo/HFW12-F7/DM/2016/COLOR/Robust marks/03.10-11.33/IMG_2678.JPG,IMG_2678.JPG,HFW12-F7_2016_201603101133_IMG_2678.jpg,0.8543020486831665,592.1454467773438,403.9179382324219,476.52056884765625,866.527587890625,2048,1536,476,866
HFW12-F7,2016,201603101133,DM,1,/Volumes/Seagate Portable Drive/KYLE_AI_DATABASE/A_CAMERA/Focal_species/Gulo gulo/HFW12-F7/DM/2016/COLOR/Robust marks/03.10-11.33/IMG_2679.JPG,IMG_2679.JPG,HFW12-F7_2016_201603101133_IMG_2679.jpg,0.9424150586128235,592.1707153320312,378.6920166015625,459.46136474609375,921.8116455078125,2048,1536,459,921
HFW12-F7,2016,201603101133,DM,1,/Volumes/Seagate Portable Drive/KYLE_AI_DATABASE/A_CAMERA/Focal_species/Gulo gulo/HFW12-F7/DM/2016/COLOR/Robust marks/03.10-11.33/IMG_2680.JPG,IMG_2680.JPG,HFW12-F7_2016_201603101133_IMG_2680.jpg,0.9273805618286133,593.3174438476562,385.0908203125,461.40557861328125,919.3280029296875,2048,1536,461,919
HFW12-F7,2016,201603101133,DM,1,/Volumes/Seagate Portable Drive/KYLE_AI_DATABASE/A_CAMERA/Focal_species/Gulo gulo/HFW12-F7/DM/2016/COLOR/Robust marks/03.10-11.33/IMG_2681.JPG,IMG_2681.JPG,HFW12-F7_2016_201603101133_IMG_2681.jpg,0.9233453273773193,592.995849609375,390.78961181640625,458.5699462890625,896.7086791992188,2048,1536,458,896
HFW12-F7,2016,201603101133,DM,1,/Volumes/Seagate Portable Drive/KYLE_AI_DATABASE/A_CAMERA/Focal_species/Gulo gulo/HFW12-F7/DM/2016/COLOR/Robust marks/03.10-11.33/IMG_2682.JPG,IMG_2682.JPG,HFW12-F7_2016_201603101133_IMG_2682.jpg,0.9232813119888306,596.3417358398438,365.576904296875,451.18377685546875,890.3402099609375,2048,1536,451,890
HFW12-F7,2016,201603101133,DM,1,/Volumes/Seagate Portable Drive/KYLE_AI_DATABASE/A_CAMERA/Focal_species/Gulo gulo/HFW12-F7/DM/2016/COLOR/Robust marks/03.10-11.33/IMG_2683.JPG,IMG_2683.JPG,HFW12-F7_2016_201603101133_IMG_2683.jpg,0.9321057796478271,598.127197265625,379.2542724609375,449.89013671875,922.699951171875,2048,1536,449,922
HFW12-F7,2016,201603101133,DM,1,/Volumes/Seagate Portable Drive/KYLE_AI_DATABASE/A_CAMERA/Focal_species/Gulo gulo/HFW12-F7/DM/2016/COLOR/Robust marks/03.10-11.33/IMG_2684.JPG,IMG_2684.JPG,HFW12-F7_2016_201603101133_IMG_2684.jpg,0.8465801477432251,598.3265991210938,357.88787841796875,455.26153564453125,954.2564086914062,2048,1536,455,954
HFW12-F7,2016,201603101133,DM,1,/Volumes/Seagate Portable Drive/KYLE_AI_DATABASE/A_CAMERA/Focal_species/Gulo gulo/HFW12-F7/DM/2016/COLOR/Robust marks/03.10-11.33/IMG_2685.JPG,IMG_2685.JPG,HFW12-F7_2016_201603101133_IMG_2685.jpg,0.9412856698036194,595.7042236328125,370.38409423828125,454.0789794921875,940.3915405273438,2048,1536,454,940
HFW12-F7,2016,201603101133,DM,1,/Volumes/Seagate Portable Drive/KYLE_AI_DATABASE/A_CAMERA/Focal_species/Gulo gulo/HFW12-F7/DM/2016/COLOR/Robust marks/03.10-11.33/IMG_2686.JPG,IMG_2686.JPG,HFW12-F7_2016_201603101133_IMG_2686.jpg,0.9404962658882141,599.839111328125,383.8033447265625,451.4083251953125,922.9271240234375,2048,1536,451,922
HFW12-F7,2016,201603101133,DM,1,/Volumes/Seagate Portable Drive/KYLE_AI_DATABASE/A_CAMERA/Focal_species/Gulo gulo/HFW12-F7/DM/2016/COLOR/Robust marks/03.10-11.33/IMG_2687.JPG,IMG_2687.JPG,HFW12-F7_2016_201603101133_IMG_2687.jpg,0.9229801893234253,600.138427734375,272.89068603515625,451.22802734375,1029.38427734375,2048,1536,451,1029
HFW12-F7,2016,201603101133,DM,1,/Volumes/Seagate Portable Drive/KYLE_AI_DATABASE/A_CAMERA/Focal_species/Gulo gulo/HFW12-F7/DM/2016/COLOR/Robust marks/03.10-11.33/IMG_2688.JPG,IMG_2688.JPG,HFW12-F7_2016_201603101133_IMG_2688.jpg,0.8902778029441833,599.2256469726562,347.75787353515625,448.71551513671875,927.9163208007812,2048,1536,448,927
HFW12-F7,2016,201603101133,DM,1,/Volumes/Seagate Portable Drive/KYLE_AI_DATABASE/A_CAMERA/Focal_species/Gulo gulo/HFW12-F7/DM/2016/COLOR/Robust marks/03.10-11.33/IMG_2689.JPG,IMG_2689.JPG,HFW12-F7_2016_201603101133_IMG_2689.jpg,0.9327283501625061,599.8387451171875,370.2466735839844,450.955810546875,908.9517822265625,2048,1536,450,908
HFW12-F7,2016,201603101133,DM,1,/Volumes/Seagate Portable Drive/KYLE_AI_DATABASE/A_CAMERA/Focal_species/Gulo gulo/HFW12-F7/DM/2016/COLOR/Robust marks/03.10-11.33/IMG_2690.JPG,IMG_2690.JPG,HFW12-F7_2016_201603101133_IMG_2690.jpg,0.9123630523681641,598.3448486328125,362.166748046875,448.7138671875,915.76171875,2048,1536,448,915
HFW12-F7,2016,201603101133,DM,1,/Volumes/Seagate Portable Drive/KYLE_AI_DATABASE/A_CAMERA/Focal_species/Gulo gulo/HFW12-F7/DM/2016/COLOR/Robust marks/03.10-11.33/IMG_2691.JPG,IMG_2691.JPG,HFW12-F7_2016_201603101133_IMG_2691.jpg,0.8884678483009338,597.989990234375,404.22406005859375,450.0885009765625,890.3392944335938,2048,1536,450,890
HFW12-F7,2016,201603101133,DM,1,/Volumes/Seagate Portable Drive/KYLE_AI_DATABASE/A_CAMERA/Focal_species/Gulo gulo/HFW12-F7/DM/2016/COLOR/Robust marks/03.10-11.33/IMG_2692.JPG,IMG_2692.JPG,HFW12-F7_2016_201603101133_IMG_2692.jpg,0.9015066623687744,598.6749267578125,416.054931640625,449.27392578125,889.434814453125,2048,1536,449,889
HFW12-F7,2016,201603101133,DM,1,/Volumes/Seagate Portable Drive/KYLE_AI_DATABASE/A_CAMERA/Focal_species/Gulo gulo/HFW12-F7/DM/2016/COLOR/Robust marks/03.10-11.33/IMG_2693.JPG,IMG_2693.JPG,HFW12-F7_2016_201603101133_IMG_2693.jpg,0.9167129397392273,602.40576171875,376.5167541503906,449.1314697265625,937.845703125,2048,1536,449,937
HFW12-F7,2016,201603101133,DM,1,/Volumes/Seagate Portable Drive/KYLE_AI_DATABASE/A_CAMERA/Focal_species/Gulo gulo/HFW12-F7/DM/2016/COLOR/Robust marks/03.10-11.33/IMG_2694.JPG,IMG_2694.JPG,HFW12-F7_2016_201603101133_IMG_2694.jpg,0.9203603863716125,603.4808959960938,225.90728759765625,448.28631591796875,1070.719482421875,2048,1536,448,1070
HFW12-F7,2016,201603101133,DM,1,/Volumes/Seagate Portable Drive/KYLE_AI_DATABASE/A_CAMERA/Focal_species/Gulo gulo/HFW12-F7/DM/2016/COLOR/Robust marks/03.10-11.33/IMG_2695.JPG,IMG_2695.JPG,HFW12-F7_2016_201603101133_IMG_2695.jpg,0.9225351214408875,599.7154541015625,382.19195556640625,451.236083984375,912.3119506835938,2048,1536,451,912
HFW12-F7,2016,201603101133,DM,1,/Volumes/Seagate Portable Drive/KYLE_AI_DATABASE/A_CAMERA/Focal_species/Gulo gulo/HFW12-F7/DM/2016/COLOR/Robust marks/03.10-11.33/IMG_2696.JPG,IMG_2696.JPG,HFW12-F7_2016_201603101133_IMG_2696.jpg,0.936090886592865,601.267333984375,378.7310791015625,449.65478515625,905.2413330078125,2048,1536,449,905
HFW12-F7,2016,201603101133,DM,1,/Volumes/Seagate Portable Drive/KYLE_AI_DATABASE/A_CAMERA/Focal_species/Gulo gulo/HFW12-F7/DM/2016/COLOR/Robust marks/03.10-11.33/IMG_2697.JPG,IMG_2697.JPG,HFW12-F7_2016_201603101133_IMG_2697.jpg,0.8988242149353027,601.393310546875,383.52227783203125,452.4613037109375,908.9624633789062,2048,1536,452,908
HFW12-F7,2016,201603101133,DM,1,/Volumes/Seagate Portable Drive/KYLE_AI_DATABASE/A_CAMERA/Focal_species/Gulo gulo/HFW12-F7/DM/2016/COLOR/Robust marks/03.10-11.33/IMG_2698.JPG,IMG_2698.JPG,HFW12-F7_2016_201603101133_IMG_2698.jpg,0.8517988324165344,600.6553955078125,374.5361022949219,464.435546875,927.4779052734375,2048,1536,464,927
HFW12-F7,2016,201603101133,DM,1,/Volumes/Seagate Portable Drive/KYLE_AI_DATABASE/A_CAMERA/Focal_species/Gulo gulo/HFW12-F7/DM/2016/COLOR/Robust marks/03.10-11.33/IMG_2700.JPG,IMG_2700.JPG,HFW12-F7_2016_201603101133_IMG_2700.jpg,0.9247777462005615,600.5530395507812,456.14892578125,465.78948974609375,847.896728515625,2048,1536,465,847
HFW12-F7,2016,201603101133,DM,1,/Volumes/Seagate Portable Drive/KYLE_AI_DATABASE/A_CAMERA/Focal_species/Gulo gulo/HFW12-F7/DM/2016/COLOR/Robust marks/03.10-11.33/IMG_2701.JPG,IMG_2701.JPG,HFW12-F7_2016_201603101133_IMG_2701.jpg,0.9184917211532593,600.8858032226562,386.34808349609375,447.18255615234375,921.5512084960938,2048,1536,447,921
HFW12-F7,2016,201603101133,DM,1,/Volumes/Seagate Portable Drive/KYLE_AI_DATABASE/A_CAMERA/Focal_species/Gulo gulo/HFW12-F7/DM/2016/COLOR/Robust marks/03.10-11.33/IMG_2702.JPG,IMG_2702.JPG,HFW12-F7_2016_201603101133_IMG_2702.jpg,0.890113353729248,602.0187377929688,402.0335693359375,447.09197998046875,908.1246337890625,2048,1536,447,908
HFW12-F7,2016,201603101133,DM,1,/Volumes/Seagate Portable Drive/KYLE_AI_DATABASE/A_CAMERA/Focal_species/Gulo gulo/HFW12-F7/DM/2016/COLOR/Robust marks/03.10-11.33/IMG_2703.JPG,IMG_2703.JPG,HFW12-F7_2016_201603101133_IMG_2703.jpg,0.9351323246955872,601.7515258789062,378.9277038574219,447.06268310546875,919.880615234375,2048,1536,447,919
HFW12-F7,2016,201603101133,DM,1,/Volumes/Seagate Portable Drive/KYLE_AI_DATABASE/A_CAMERA/Focal_species/Gulo gulo/HFW12-F7/DM/2016/COLOR/Robust marks/03.10-11.33/IMG_2704.JPG,IMG_2704.JPG,HFW12-F7_2016_201603101133_IMG_2704.jpg,0.9270976781845093,601.3255615234375,363.6026916503906,446.578369140625,901.9713134765625,2048,1536,446,901
HFW12-F7,2016,201603101133,DM,1,/Volumes/Seagate Portable Drive/KYLE_AI_DATABASE/A_CAMERA/Focal_species/Gulo gulo/HFW12-F7/DM/2016/COLOR/Robust marks/03.10-11.33/IMG_2705.JPG,IMG_2705.JPG,HFW12-F7_2016_201603101133_IMG_2705.jpg,0.9133870601654053,605.7167358398438,306.0112609863281,442.13995361328125,995.682861328125,2048,1536,442,995
HFW12-F7,2016,201603101133,DM,1,/Volumes/Seagate Portable Drive/KYLE_AI_DATABASE/A_CAMERA/Focal_species/Gulo gulo/HFW12-F7/DM/2016/COLOR/Robust marks/03.10-11.33/IMG_2706.JPG,IMG_2706.JPG,HFW12-F7_2016_201603101133_IMG_2706.jpg,0.8643038272857666,603.494873046875,369.5999755859375,444.5001220703125,941.5264892578125,2048,1536,444,941
HFW12-F7,2016,201603101133,DM,1,/Volumes/Seagate Portable Drive/KYLE_AI_DATABASE/A_CAMERA/Focal_species/Gulo gulo/HFW12-F7/DM/2016/COLOR/Robust marks/03.10-11.33/IMG_2707.JPG,IMG_2707.JPG,HFW12-F7_2016_201603101133_IMG_2707.jpg,0.9238783121109009,602.53955078125,233.51669311523438,444.565673828125,1071.303955078125,2048,1536,444,1071
HFW12-F7,2016,201603101133,DM,1,/Volumes/Seagate Portable Drive/KYLE_AI_DATABASE/A_CAMERA/Focal_species/Gulo gulo/HFW12-F7/DM/2016/COLOR/Robust marks/03.10-11.33/IMG_2708.JPG,IMG_2708.JPG,HFW12-F7_2016_201603101133_IMG_2708.jpg,0.9348544478416443,603.1216430664062,377.6908264160156,441.96844482421875,929.0372314453125,2048,1536,441,929
HFW12-F7,2016,201603101133,DM,1,/Volumes/Seagate Portable Drive/KYLE_AI_DATABASE/A_CAMERA/Focal_species/Gulo gulo/HFW12-F7/DM/2016/COLOR/Robust marks/03.10-11.33/IMG_2709.JPG,IMG_2709.JPG,HFW12-F7_2016_201603101133_IMG_2709.jpg,0.9545337557792664,277.0791015625,774.9072875976562,674.37158203125,536.8818969726562,2048,1536,674,536
