id,year,ymdh,station,color,original_path,original_filename,crop_filename,confidence,bbox_x,bbox_y,bbox_width,bbox_height,image_width,image_height,crop_width,crop_height
HFW12-F7,2016,201604171734,DM,1,/Volumes/Seagate Portable Drive/KYLE_AI_DATABASE/A_CAMERA/Focal_species/Gulo gulo/HFW12-F7/DM/2016/COLOR/Robust marks/04.17-17.34/IMG_2061.JPG,IMG_2061.JPG,HFW12-F7_2016_201604171734_IMG_2061.jpg,0.9040838479995728,596.4658813476562,989.315185546875,326.7451171875,392.8487548828125,2048,1536,326,392
HFW12-F7,2016,201604171734,DM,1,/Volumes/Seagate Portable Drive/KYLE_AI_DATABASE/A_CAMERA/Focal_species/Gulo gulo/HFW12-F7/DM/2016/COLOR/Robust marks/04.17-17.34/IMG_2062.JPG,IMG_2062.JPG,HFW12-F7_2016_201604171734_IMG_2062.jpg,0.9372423887252808,480.71466064453125,904.5811157226562,481.183837890625,475.20404052734375,2048,1536,481,475
HFW12-F7,2016,201604171734,DM,1,/Volumes/Seagate Portable Drive/KYLE_AI_DATABASE/A_CAMERA/Focal_species/Gulo gulo/HFW12-F7/DM/2016/COLOR/Robust marks/04.17-17.34/IMG_2063.JPG,IMG_2063.JPG,HFW12-F7_2016_201604171734_IMG_2063.jpg,0.940959095954895,482.974365234375,908.17626953125,478.4801025390625,470.0675048828125,2048,1536,478,470
HFW12-F7,2016,201604171734,DM,1,/Volumes/Seagate Portable Drive/KYLE_AI_DATABASE/A_CAMERA/Focal_species/Gulo gulo/HFW12-F7/DM/2016/COLOR/Robust marks/04.17-17.34/IMG_2064.JPG,IMG_2064.JPG,HFW12-F7_2016_201604171734_IMG_2064.jpg,0.8910471200942993,591.5756225585938,933.3226318359375,387.3760986328125,443.6260986328125,2048,1536,387,443
HFW12-F7,2016,201604171734,DM,1,/Volumes/Seagate Portable Drive/KYLE_AI_DATABASE/A_CAMERA/Focal_species/Gulo gulo/HFW12-F7/DM/2016/COLOR/Robust marks/04.17-17.34/IMG_2065.JPG,IMG_2065.JPG,HFW12-F7_2016_201604171734_IMG_2065.jpg,0.9108663201332092,495.88079833984375,440.1815185546875,414.5164794921875,785.82275390625,2048,1536,414,785
HFW12-F7,2016,201604171734,DM,1,/Volumes/Seagate Portable Drive/KYLE_AI_DATABASE/A_CAMERA/Focal_species/Gulo gulo/HFW12-F7/DM/2016/COLOR/Robust marks/04.17-17.34/IMG_2066.JPG,IMG_2066.JPG,HFW12-F7_2016_201604171734_IMG_2066.jpg,0.8773825168609619,473.0843200683594,417.55926513671875,441.5189514160156,777.0647583007812,2048,1536,441,777
HFW12-F7,2016,201604171734,DM,1,/Volumes/Seagate Portable Drive/KYLE_AI_DATABASE/A_CAMERA/Focal_species/Gulo gulo/HFW12-F7/DM/2016/COLOR/Robust marks/04.17-17.34/IMG_2067.JPG,IMG_2067.JPG,HFW12-F7_2016_201604171734_IMG_2067.jpg,0.9370979070663452,439.949462890625,347.4830017089844,419.5975341796875,877.0299072265625,2048,1536,419,877
HFW12-F7,2016,201604171734,DM,1,/Volumes/Seagate Portable Drive/KYLE_AI_DATABASE/A_CAMERA/Focal_species/Gulo gulo/HFW12-F7/DM/2016/COLOR/Robust marks/04.17-17.34/IMG_2068.JPG,IMG_2068.JPG,HFW12-F7_2016_201604171734_IMG_2068.jpg,0.9135323762893677,438.2007751464844,391.34228515625,360.5603332519531,851.42529296875,2048,1536,360,851
HFW12-F7,2016,201604171734,DM,1,/Volumes/Seagate Portable Drive/KYLE_AI_DATABASE/A_CAMERA/Focal_species/Gulo gulo/HFW12-F7/DM/2016/COLOR/Robust marks/04.17-17.34/IMG_2069.JPG,IMG_2069.JPG,HFW12-F7_2016_201604171734_IMG_2069.jpg,0.94439697265625,442.7235107421875,99.18429565429688,392.21337890625,1128.27392578125,2048,1536,392,1128
HFW12-F7,2016,201604171734,DM,1,/Volumes/Seagate Portable Drive/KYLE_AI_DATABASE/A_CAMERA/Focal_species/Gulo gulo/HFW12-F7/DM/2016/COLOR/Robust marks/04.17-17.34/IMG_2070.JPG,IMG_2070.JPG,HFW12-F7_2016_201604171734_IMG_2070.jpg,0.9320355653762817,441.8704833984375,392.28472900390625,353.8826904296875,824.3057250976562,2048,1536,353,824
HFW12-F7,2016,201604171734,DM,1,/Volumes/Seagate Portable Drive/KYLE_AI_DATABASE/A_CAMERA/Focal_species/Gulo gulo/HFW12-F7/DM/2016/COLOR/Robust marks/04.17-17.34/IMG_2071.JPG,IMG_2071.JPG,HFW12-F7_2016_201604171734_IMG_2071.jpg,0.9272329807281494,462.55035400390625,392.27587890625,374.7200927734375,820.306884765625,2048,1536,374,820
HFW12-F7,2016,201604171734,DM,1,/Volumes/Seagate Portable Drive/KYLE_AI_DATABASE/A_CAMERA/Focal_species/Gulo gulo/HFW12-F7/DM/2016/COLOR/Robust marks/04.17-17.34/IMG_2072.JPG,IMG_2072.JPG,HFW12-F7_2016_201604171734_IMG_2072.jpg,0.940700352191925,460.4248046875,395.1702575683594,380.008056640625,816.666259765625,2048,1536,380,816
HFW12-F7,2016,201604171734,DM,1,/Volumes/Seagate Portable Drive/KYLE_AI_DATABASE/A_CAMERA/Focal_species/Gulo gulo/HFW12-F7/DM/2016/COLOR/Robust marks/04.17-17.34/IMG_2073.JPG,IMG_2073.JPG,HFW12-F7_2016_201604171734_IMG_2073.jpg,0.9470546841621399,463.40374755859375,402.40460205078125,386.3953857421875,808.7731323242188,2048,1536,386,808
HFW12-F7,2016,201604171734,DM,1,/Volumes/Seagate Portable Drive/KYLE_AI_DATABASE/A_CAMERA/Focal_species/Gulo gulo/HFW12-F7/DM/2016/COLOR/Robust marks/04.17-17.34/IMG_2074.JPG,IMG_2074.JPG,HFW12-F7_2016_201604171734_IMG_2074.jpg,0.9356754422187805,452.72998046875,410.871337890625,366.7735595703125,803.4705810546875,2048,1536,366,803
HFW12-F7,2016,201604171734,DM,1,/Volumes/Seagate Portable Drive/KYLE_AI_DATABASE/A_CAMERA/Focal_species/Gulo gulo/HFW12-F7/DM/2016/COLOR/Robust marks/04.17-17.34/IMG_2075.JPG,IMG_2075.JPG,HFW12-F7_2016_201604171734_IMG_2075.jpg,0.9364513158798218,424.1856384277344,290.38189697265625,422.5187072753906,920.9342651367188,2048,1536,422,920
HFW12-F7,2016,201604171734,DM,1,/Volumes/Seagate Portable Drive/KYLE_AI_DATABASE/A_CAMERA/Focal_species/Gulo gulo/HFW12-F7/DM/2016/COLOR/Robust marks/04.17-17.34/IMG_2076.JPG,IMG_2076.JPG,HFW12-F7_2016_201604171734_IMG_2076.jpg,0.8709638118743896,426.55133056640625,286.1972351074219,350.2161865234375,938.7742919921875,2048,1536,350,938
HFW12-F7,2016,201604171734,DM,1,/Volumes/Seagate Portable Drive/KYLE_AI_DATABASE/A_CAMERA/Focal_species/Gulo gulo/HFW12-F7/DM/2016/COLOR/Robust marks/04.17-17.34/IMG_2077.JPG,IMG_2077.JPG,HFW12-F7_2016_201604171734_IMG_2077.jpg,0.8861597776412964,426.22210693359375,75.66773986816406,322.7366943359375,1141.609130859375,2048,1536,322,1141
HFW12-F7,2016,201604171734,DM,1,/Volumes/Seagate Portable Drive/KYLE_AI_DATABASE/A_CAMERA/Focal_species/Gulo gulo/HFW12-F7/DM/2016/COLOR/Robust marks/04.17-17.34/IMG_2078.JPG,IMG_2078.JPG,HFW12-F7_2016_201604171734_IMG_2078.jpg,0.8352775573730469,416.45989990234375,384.525146484375,327.329833984375,835.010986328125,2048,1536,327,835
HFW12-F7,2016,201604171734,DM,1,/Volumes/Seagate Portable Drive/KYLE_AI_DATABASE/A_CAMERA/Focal_species/Gulo gulo/HFW12-F7/DM/2016/COLOR/Robust marks/04.17-17.34/IMG_2079.JPG,IMG_2079.JPG,HFW12-F7_2016_201604171734_IMG_2079.jpg,0.9023057222366333,419.421142578125,360.35064697265625,390.3546142578125,871.4064331054688,2048,1536,390,871
HFW12-F7,2016,201604171734,DM,1,/Volumes/Seagate Portable Drive/KYLE_AI_DATABASE/A_CAMERA/Focal_species/Gulo gulo/HFW12-F7/DM/2016/COLOR/Robust marks/04.17-17.34/IMG_2080.JPG,IMG_2080.JPG,HFW12-F7_2016_201604171734_IMG_2080.jpg,0.9167269468307495,424.9917907714844,80.0452880859375,380.8821105957031,1138.3284912109375,2048,1536,380,1138
HFW12-F7,2016,201604171734,DM,1,/Volumes/Seagate Portable Drive/KYLE_AI_DATABASE/A_CAMERA/Focal_species/Gulo gulo/HFW12-F7/DM/2016/COLOR/Robust marks/04.17-17.34/IMG_2081.JPG,IMG_2081.JPG,HFW12-F7_2016_201604171734_IMG_2081.jpg,0.9458233118057251,451.26995849609375,401.45965576171875,369.4935302734375,839.3995971679688,2048,1536,369,839
HFW12-F7,2016,201604171734,DM,1,/Volumes/Seagate Portable Drive/KYLE_AI_DATABASE/A_CAMERA/Focal_species/Gulo gulo/HFW12-F7/DM/2016/COLOR/Robust marks/04.17-17.34/IMG_2082.JPG,IMG_2082.JPG,HFW12-F7_2016_201604171734_IMG_2082.jpg,0.937903106212616,447.66717529296875,360.20880126953125,360.0242919921875,880.4337768554688,2048,1536,360,880
HFW12-F7,2016,201604171734,DM,1,/Volumes/Seagate Portable Drive/KYLE_AI_DATABASE/A_CAMERA/Focal_species/Gulo gulo/HFW12-F7/DM/2016/COLOR/Robust marks/04.17-17.34/IMG_2083.JPG,IMG_2083.JPG,HFW12-F7_2016_201604171734_IMG_2083.jpg,0.9196035265922546,447.16412353515625,399.57818603515625,369.2708740234375,841.0221557617188,2048,1536,369,841
HFW12-F7,2016,201604171734,DM,1,/Volumes/Seagate Portable Drive/KYLE_AI_DATABASE/A_CAMERA/Focal_species/Gulo gulo/HFW12-F7/DM/2016/COLOR/Robust marks/04.17-17.34/IMG_2084.JPG,IMG_2084.JPG,HFW12-F7_2016_201604171734_IMG_2084.jpg,0.9171783924102783,449.0738830566406,399.01031494140625,369.4081726074219,841.1093139648438,2048,1536,369,841
HFW12-F7,2016,201604171734,DM,1,/Volumes/Seagate Portable Drive/KYLE_AI_DATABASE/A_CAMERA/Focal_species/Gulo gulo/HFW12-F7/DM/2016/COLOR/Robust marks/04.17-17.34/IMG_2085.JPG,IMG_2085.JPG,HFW12-F7_2016_201604171734_IMG_2085.jpg,0.8853425979614258,446.2779235839844,387.77972412109375,332.3623352050781,842.4490356445312,2048,1536,332,842
HFW12-F7,2016,201604171734,DM,1,/Volumes/Seagate Portable Drive/KYLE_AI_DATABASE/A_CAMERA/Focal_species/Gulo gulo/HFW12-F7/DM/2016/COLOR/Robust marks/04.17-17.34/IMG_2086.JPG,IMG_2086.JPG,HFW12-F7_2016_201604171734_IMG_2086.jpg,0.8838568925857544,444.0297546386719,342.4195861816406,331.2973937988281,884.5296630859375,2048,1536,331,884
HFW12-F7,2016,201604171734,DM,1,/Volumes/Seagate Portable Drive/KYLE_AI_DATABASE/A_CAMERA/Focal_species/Gulo gulo/HFW12-F7/DM/2016/COLOR/Robust marks/04.17-17.34/IMG_2088.JPG,IMG_2088.JPG,HFW12-F7_2016_201604171734_IMG_2088.jpg,0.8409470319747925,430.49005126953125,309.89654541015625,371.49951171875,896.6522827148438,2048,1536,371,896
HFW12-F7,2016,201604171734,DM,1,/Volumes/Seagate Portable Drive/KYLE_AI_DATABASE/A_CAMERA/Focal_species/Gulo gulo/HFW12-F7/DM/2016/COLOR/Robust marks/04.17-17.34/IMG_2089.JPG,IMG_2089.JPG,HFW12-F7_2016_201604171734_IMG_2089.jpg,0.8889555931091309,404.9578552246094,377.809814453125,425.7591857910156,870.315673828125,2048,1536,425,870
HFW12-F7,2016,201604171734,DM,1,/Volumes/Seagate Portable Drive/KYLE_AI_DATABASE/A_CAMERA/Focal_species/Gulo gulo/HFW12-F7/DM/2016/COLOR/Robust marks/04.17-17.34/IMG_2090.JPG,IMG_2090.JPG,HFW12-F7_2016_201604171734_IMG_2090.jpg,0.9259964227676392,414.7913818359375,345.7024841308594,408.6827392578125,893.091552734375,2048,1536,408,893
HFW12-F7,2016,201604171734,DM,1,/Volumes/Seagate Portable Drive/KYLE_AI_DATABASE/A_CAMERA/Focal_species/Gulo gulo/HFW12-F7/DM/2016/COLOR/Robust marks/04.17-17.34/IMG_2091.JPG,IMG_2091.JPG,HFW12-F7_2016_201604171734_IMG_2091.jpg,0.9086958169937134,398.47845458984375,385.692138671875,402.2841796875,882.9013671875,2048,1536,402,882
HFW12-F7,2016,201604171734,DM,1,/Volumes/Seagate Portable Drive/KYLE_AI_DATABASE/A_CAMERA/Focal_species/Gulo gulo/HFW12-F7/DM/2016/COLOR/Robust marks/04.17-17.34/IMG_2092.JPG,IMG_2092.JPG,HFW12-F7_2016_201604171734_IMG_2092.jpg,0.9394256472587585,414.85577392578125,352.77447509765625,373.0894775390625,909.1913452148438,2048,1536,373,909
HFW12-F7,2016,201604171734,DM,1,/Volumes/Seagate Portable Drive/KYLE_AI_DATABASE/A_CAMERA/Focal_species/Gulo gulo/HFW12-F7/DM/2016/COLOR/Robust marks/04.17-17.34/IMG_2093.JPG,IMG_2093.JPG,HFW12-F7_2016_201604171734_IMG_2093.jpg,0.8854546546936035,414.6061096191406,98.77313232421875,354.8877868652344,1145.85205078125,2048,1536,354,1145
HFW12-F7,2016,201604171734,DM,1,/Volumes/Seagate Portable Drive/KYLE_AI_DATABASE/A_CAMERA/Focal_species/Gulo gulo/HFW12-F7/DM/2016/COLOR/Robust marks/04.17-17.34/IMG_2094.JPG,IMG_2094.JPG,HFW12-F7_2016_201604171734_IMG_2094.jpg,0.8788315653800964,415.94183349609375,402.42864990234375,384.650146484375,849.7793579101562,2048,1536,384,849
HFW12-F7,2016,201604171734,DM,1,/Volumes/Seagate Portable Drive/KYLE_AI_DATABASE/A_CAMERA/Focal_species/Gulo gulo/HFW12-F7/DM/2016/COLOR/Robust marks/04.17-17.34/IMG_2095.JPG,IMG_2095.JPG,HFW12-F7_2016_201604171734_IMG_2095.jpg,0.9275702834129333,429.4846496582031,370.9693908691406,372.6878356933594,873.4342041015625,2048,1536,372,873
HFW12-F7,2016,201604171734,DM,1,/Volumes/Seagate Portable Drive/KYLE_AI_DATABASE/A_CAMERA/Focal_species/Gulo gulo/HFW12-F7/DM/2016/COLOR/Robust marks/04.17-17.34/IMG_2096.JPG,IMG_2096.JPG,HFW12-F7_2016_201604171734_IMG_2096.jpg,0.9330945611000061,415.57275390625,364.5451354980469,373.0267333984375,876.2193603515625,2048,1536,373,876
HFW12-F7,2016,201604171734,DM,1,/Volumes/Seagate Portable Drive/KYLE_AI_DATABASE/A_CAMERA/Focal_species/Gulo gulo/HFW12-F7/DM/2016/COLOR/Robust marks/04.17-17.34/IMG_2097.JPG,IMG_2097.JPG,HFW12-F7_2016_201604171734_IMG_2097.jpg,0.9301669001579285,419.7812805175781,360.22906494140625,385.6128845214844,879.7892456054688,2048,1536,385,879
HFW12-F7,2016,201604171734,DM,1,/Volumes/Seagate Portable Drive/KYLE_AI_DATABASE/A_CAMERA/Focal_species/Gulo gulo/HFW12-F7/DM/2016/COLOR/Robust marks/04.17-17.34/IMG_2098.JPG,IMG_2098.JPG,HFW12-F7_2016_201604171734_IMG_2098.jpg,0.938252329826355,413.32257080078125,360.954833984375,366.5946044921875,893.437744140625,2048,1536,366,893
HFW12-F7,2016,201604171734,DM,1,/Volumes/Seagate Portable Drive/KYLE_AI_DATABASE/A_CAMERA/Focal_species/Gulo gulo/HFW12-F7/DM/2016/COLOR/Robust marks/04.17-17.34/IMG_2099.JPG,IMG_2099.JPG,HFW12-F7_2016_201604171734_IMG_2099.jpg,0.9264890551567078,443.68585205078125,447.4159240722656,385.063720703125,800.01123046875,2048,1536,385,800
HFW12-F7,2016,201604171734,DM,1,/Volumes/Seagate Portable Drive/KYLE_AI_DATABASE/A_CAMERA/Focal_species/Gulo gulo/HFW12-F7/DM/2016/COLOR/Robust marks/04.17-17.34/IMG_2100.JPG,IMG_2100.JPG,HFW12-F7_2016_201604171734_IMG_2100.jpg,0.9371715188026428,443.47216796875,325.9156494140625,359.1358642578125,911.0418701171875,2048,1536,359,911
HFW12-F7,2016,201604171734,DM,1,/Volumes/Seagate Portable Drive/KYLE_AI_DATABASE/A_CAMERA/Focal_species/Gulo gulo/HFW12-F7/DM/2016/COLOR/Robust marks/04.17-17.34/IMG_2101.JPG,IMG_2101.JPG,HFW12-F7_2016_201604171734_IMG_2101.jpg,0.9385779500007629,441.8165588378906,362.34088134765625,342.1183776855469,847.9872436523438,2048,1536,342,847
HFW12-F7,2016,201604171734,DM,1,/Volumes/Seagate Portable Drive/KYLE_AI_DATABASE/A_CAMERA/Focal_species/Gulo gulo/HFW12-F7/DM/2016/COLOR/Robust marks/04.17-17.34/IMG_2102.JPG,IMG_2102.JPG,HFW12-F7_2016_201604171734_IMG_2102.jpg,0.8893681764602661,439.4795227050781,416.4630432128906,340.4899597167969,797.406005859375,2048,1536,340,797
HFW12-F7,2016,201604171734,DM,1,/Volumes/Seagate Portable Drive/KYLE_AI_DATABASE/A_CAMERA/Focal_species/Gulo gulo/HFW12-F7/DM/2016/COLOR/Robust marks/04.17-17.34/IMG_2103.JPG,IMG_2103.JPG,HFW12-F7_2016_201604171734_IMG_2103.jpg,0.9189682602882385,387.9284973144531,367.650146484375,416.3378601074219,876.8697509765625,2048,1536,416,876
HFW12-F7,2016,201604171734,DM,1,/Volumes/Seagate Portable Drive/KYLE_AI_DATABASE/A_CAMERA/Focal_species/Gulo gulo/HFW12-F7/DM/2016/COLOR/Robust marks/04.17-17.34/IMG_2104.JPG,IMG_2104.JPG,HFW12-F7_2016_201604171734_IMG_2104.jpg,0.9279263019561768,401.4383239746094,328.6871337890625,327.9718322753906,919.9598388671875,2048,1536,327,919
HFW12-F7,2016,201604171734,DM,1,/Volumes/Seagate Portable Drive/KYLE_AI_DATABASE/A_CAMERA/Focal_species/Gulo gulo/HFW12-F7/DM/2016/COLOR/Robust marks/04.17-17.34/IMG_2105.JPG,IMG_2105.JPG,HFW12-F7_2016_201604171734_IMG_2105.jpg,0.9158870577812195,418.0954284667969,374.4229736328125,318.3657531738281,872.5972900390625,2048,1536,318,872
HFW12-F7,2016,201604171734,DM,1,/Volumes/Seagate Portable Drive/KYLE_AI_DATABASE/A_CAMERA/Focal_species/Gulo gulo/HFW12-F7/DM/2016/COLOR/Robust marks/04.17-17.34/IMG_2106.JPG,IMG_2106.JPG,HFW12-F7_2016_201604171734_IMG_2106.jpg,0.9096313118934631,418.79052734375,352.0069580078125,327.55126953125,885.9095458984375,2048,1536,327,885
HFW12-F7,2016,201604171734,DM,1,/Volumes/Seagate Portable Drive/KYLE_AI_DATABASE/A_CAMERA/Focal_species/Gulo gulo/HFW12-F7/DM/2016/COLOR/Robust marks/04.17-17.34/IMG_2107.JPG,IMG_2107.JPG,HFW12-F7_2016_201604171734_IMG_2107.jpg,0.9194377660751343,453.07965087890625,303.4779968261719,353.62060546875,917.94921875,2048,1536,353,917
HFW12-F7,2016,201604171734,DM,1,/Volumes/Seagate Portable Drive/KYLE_AI_DATABASE/A_CAMERA/Focal_species/Gulo gulo/HFW12-F7/DM/2016/COLOR/Robust marks/04.17-17.34/IMG_2108.JPG,IMG_2108.JPG,HFW12-F7_2016_201604171734_IMG_2108.jpg,0.9481775164604187,443.9351806640625,281.7501525878906,414.23388671875,922.414794921875,2048,1536,414,922
HFW12-F7,2016,201604171734,DM,1,/Volumes/Seagate Portable Drive/KYLE_AI_DATABASE/A_CAMERA/Focal_species/Gulo gulo/HFW12-F7/DM/2016/COLOR/Robust marks/04.17-17.34/IMG_2109.JPG,IMG_2109.JPG,HFW12-F7_2016_201604171734_IMG_2109.jpg,0.9273011088371277,444.3446044921875,287.7969970703125,371.5272216796875,915.0430908203125,2048,1536,371,915
HFW12-F7,2016,201604171734,DM,1,/Volumes/Seagate Portable Drive/KYLE_AI_DATABASE/A_CAMERA/Focal_species/Gulo gulo/HFW12-F7/DM/2016/COLOR/Robust marks/04.17-17.34/IMG_2111.JPG,IMG_2111.JPG,HFW12-F7_2016_201604171734_IMG_2111.jpg,0.9239159226417542,441.18194580078125,386.97515869140625,378.5770263671875,815.3851928710938,2048,1536,378,815
HFW12-F7,2016,201604171734,DM,1,/Volumes/Seagate Portable Drive/KYLE_AI_DATABASE/A_CAMERA/Focal_species/Gulo gulo/HFW12-F7/DM/2016/COLOR/Robust marks/04.17-17.34/IMG_2112.JPG,IMG_2112.JPG,HFW12-F7_2016_201604171734_IMG_2112.jpg,0.9255021214485168,446.88714599609375,399.2574462890625,365.0286865234375,801.1234130859375,2048,1536,365,801
HFW12-F7,2016,201604171734,DM,1,/Volumes/Seagate Portable Drive/KYLE_AI_DATABASE/A_CAMERA/Focal_species/Gulo gulo/HFW12-F7/DM/2016/COLOR/Robust marks/04.17-17.34/IMG_2113.JPG,IMG_2113.JPG,HFW12-F7_2016_201604171734_IMG_2113.jpg,0.9312477707862854,441.6514587402344,370.5145568847656,378.1504211425781,841.5284423828125,2048,1536,378,841
HFW12-F7,2016,201604171734,DM,1,/Volumes/Seagate Portable Drive/KYLE_AI_DATABASE/A_CAMERA/Focal_species/Gulo gulo/HFW12-F7/DM/2016/COLOR/Robust marks/04.17-17.34/IMG_2114.JPG,IMG_2114.JPG,HFW12-F7_2016_201604171734_IMG_2114.jpg,0.9224498867988586,438.6444091796875,373.7691650390625,378.105224609375,850.5438232421875,2048,1536,378,850
HFW12-F7,2016,201604171734,DM,1,/Volumes/Seagate Portable Drive/KYLE_AI_DATABASE/A_CAMERA/Focal_species/Gulo gulo/HFW12-F7/DM/2016/COLOR/Robust marks/04.17-17.34/IMG_2115.JPG,IMG_2115.JPG,HFW12-F7_2016_201604171734_IMG_2115.jpg,0.9195225834846497,438.2545166015625,384.4847717285156,396.4029541015625,831.2178955078125,2048,1536,396,831
HFW12-F7,2016,201604171734,DM,1,/Volumes/Seagate Portable Drive/KYLE_AI_DATABASE/A_CAMERA/Focal_species/Gulo gulo/HFW12-F7/DM/2016/COLOR/Robust marks/04.17-17.34/IMG_2116.JPG,IMG_2116.JPG,HFW12-F7_2016_201604171734_IMG_2116.jpg,0.9333893656730652,436.89013671875,349.60943603515625,411.5843505859375,874.8040161132812,2048,1536,411,874
HFW12-F7,2016,201604171734,DM,1,/Volumes/Seagate Portable Drive/KYLE_AI_DATABASE/A_CAMERA/Focal_species/Gulo gulo/HFW12-F7/DM/2016/COLOR/Robust marks/04.17-17.34/IMG_2117.JPG,IMG_2117.JPG,HFW12-F7_2016_201604171734_IMG_2117.jpg,0.936384916305542,444.68902587890625,342.9742431640625,379.1888427734375,868.6007080078125,2048,1536,379,868
HFW12-F7,2016,201604171734,DM,1,/Volumes/Seagate Portable Drive/KYLE_AI_DATABASE/A_CAMERA/Focal_species/Gulo gulo/HFW12-F7/DM/2016/COLOR/Robust marks/04.17-17.34/IMG_2118.JPG,IMG_2118.JPG,HFW12-F7_2016_201604171734_IMG_2118.jpg,0.8818367719650269,433.229736328125,331.94342041015625,431.8765869140625,875.7239379882812,2048,1536,431,875
HFW12-F7,2016,201604171734,DM,1,/Volumes/Seagate Portable Drive/KYLE_AI_DATABASE/A_CAMERA/Focal_species/Gulo gulo/HFW12-F7/DM/2016/COLOR/Robust marks/04.17-17.34/IMG_2119.JPG,IMG_2119.JPG,HFW12-F7_2016_201604171734_IMG_2119.jpg,0.9251652956008911,421.42779541015625,333.1127014160156,334.560546875,871.1962890625,2048,1536,334,871
HFW12-F7,2016,201604171734,DM,1,/Volumes/Seagate Portable Drive/KYLE_AI_DATABASE/A_CAMERA/Focal_species/Gulo gulo/HFW12-F7/DM/2016/COLOR/Robust marks/04.17-17.34/IMG_2120.JPG,IMG_2120.JPG,HFW12-F7_2016_201604171734_IMG_2120.jpg,0.9251459240913391,441.2760009765625,301.8912353515625,339.58154296875,913.18310546875,2048,1536,339,913
HFW12-F7,2016,201604171734,DM,1,/Volumes/Seagate Portable Drive/KYLE_AI_DATABASE/A_CAMERA/Focal_species/Gulo gulo/HFW12-F7/DM/2016/COLOR/Robust marks/04.17-17.34/IMG_2122.JPG,IMG_2122.JPG,HFW12-F7_2016_201604171734_IMG_2122.jpg,0.8114650249481201,435.60455322265625,81.38008117675781,314.6676025390625,1134.70703125,2048,1536,314,1134
HFW12-F7,2016,201604171734,DM,1,/Volumes/Seagate Portable Drive/KYLE_AI_DATABASE/A_CAMERA/Focal_species/Gulo gulo/HFW12-F7/DM/2016/COLOR/Robust marks/04.17-17.34/IMG_2123.JPG,IMG_2123.JPG,HFW12-F7_2016_201604171734_IMG_2123.jpg,0.9150586724281311,425.11065673828125,345.4276123046875,353.2022705078125,869.1439208984375,2048,1536,353,869
HFW12-F7,2016,201604171734,DM,1,/Volumes/Seagate Portable Drive/KYLE_AI_DATABASE/A_CAMERA/Focal_species/Gulo gulo/HFW12-F7/DM/2016/COLOR/Robust marks/04.17-17.34/IMG_2124.JPG,IMG_2124.JPG,HFW12-F7_2016_201604171734_IMG_2124.jpg,0.9097414612770081,370.95831298828125,400.6352233886719,433.6558837890625,894.844970703125,2048,1536,433,894
HFW12-F7,2016,201604171734,DM,1,/Volumes/Seagate Portable Drive/KYLE_AI_DATABASE/A_CAMERA/Focal_species/Gulo gulo/HFW12-F7/DM/2016/COLOR/Robust marks/04.17-17.34/IMG_2125.JPG,IMG_2125.JPG,HFW12-F7_2016_201604171734_IMG_2125.jpg,0.9437069296836853,438.509033203125,328.8972473144531,348.8477783203125,913.0140380859375,2048,1536,348,913
HFW12-F7,2016,201604171734,DM,1,/Volumes/Seagate Portable Drive/KYLE_AI_DATABASE/A_CAMERA/Focal_species/Gulo gulo/HFW12-F7/DM/2016/COLOR/Robust marks/04.17-17.34/IMG_2126.JPG,IMG_2126.JPG,HFW12-F7_2016_201604171734_IMG_2126.jpg,0.9197841286659241,440.01153564453125,365.07257080078125,347.68310546875,878.3346557617188,2048,1536,347,878
HFW12-F7,2016,201604171734,DM,1,/Volumes/Seagate Portable Drive/KYLE_AI_DATABASE/A_CAMERA/Focal_species/Gulo gulo/HFW12-F7/DM/2016/COLOR/Robust marks/04.17-17.34/IMG_2127.JPG,IMG_2127.JPG,HFW12-F7_2016_201604171734_IMG_2127.jpg,0.9325347542762756,421.6001281738281,362.50018310546875,358.3999938964844,883.9236450195312,2048,1536,358,883
HFW12-F7,2016,201604171734,DM,1,/Volumes/Seagate Portable Drive/KYLE_AI_DATABASE/A_CAMERA/Focal_species/Gulo gulo/HFW12-F7/DM/2016/COLOR/Robust marks/04.17-17.34/IMG_2128.JPG,IMG_2128.JPG,HFW12-F7_2016_201604171734_IMG_2128.jpg,0.8891113996505737,448.48199462890625,380.6131591796875,324.7591552734375,850.2318115234375,2048,1536,324,850
HFW12-F7,2016,201604171734,DM,1,/Volumes/Seagate Portable Drive/KYLE_AI_DATABASE/A_CAMERA/Focal_species/Gulo gulo/HFW12-F7/DM/2016/COLOR/Robust marks/04.17-17.34/IMG_2129.JPG,IMG_2129.JPG,HFW12-F7_2016_201604171734_IMG_2129.jpg,0.9378817081451416,430.6218566894531,352.9045715332031,347.2245788574219,887.6920166015625,2048,1536,347,887
HFW12-F7,2016,201604171734,DM,1,/Volumes/Seagate Portable Drive/KYLE_AI_DATABASE/A_CAMERA/Focal_species/Gulo gulo/HFW12-F7/DM/2016/COLOR/Robust marks/04.17-17.34/IMG_2130.JPG,IMG_2130.JPG,HFW12-F7_2016_201604171734_IMG_2130.jpg,0.9061751365661621,452.70947265625,346.9468994140625,323.1591796875,886.593994140625,2048,1536,323,886
HFW12-F7,2016,201604171734,DM,1,/Volumes/Seagate Portable Drive/KYLE_AI_DATABASE/A_CAMERA/Focal_species/Gulo gulo/HFW12-F7/DM/2016/COLOR/Robust marks/04.17-17.34/IMG_2131.JPG,IMG_2131.JPG,HFW12-F7_2016_201604171734_IMG_2131.jpg,0.954788088798523,433.888427734375,343.7393798828125,343.458740234375,900.2745361328125,2048,1536,343,900
HFW12-F7,2016,201604171734,DM,1,/Volumes/Seagate Portable Drive/KYLE_AI_DATABASE/A_CAMERA/Focal_species/Gulo gulo/HFW12-F7/DM/2016/COLOR/Robust marks/04.17-17.34/IMG_2132.JPG,IMG_2132.JPG,HFW12-F7_2016_201604171734_IMG_2132.jpg,0.9328617453575134,437.50103759765625,357.67974853515625,341.1273193359375,893.5311889648438,2048,1536,341,893
HFW12-F7,2016,201604171734,DM,1,/Volumes/Seagate Portable Drive/KYLE_AI_DATABASE/A_CAMERA/Focal_species/Gulo gulo/HFW12-F7/DM/2016/COLOR/Robust marks/04.17-17.34/IMG_2133.JPG,IMG_2133.JPG,HFW12-F7_2016_201604171734_IMG_2133.jpg,0.9408692717552185,436.51959228515625,352.5215148925781,340.509033203125,894.8785400390625,2048,1536,340,894
HFW12-F7,2016,201604171734,DM,1,/Volumes/Seagate Portable Drive/KYLE_AI_DATABASE/A_CAMERA/Focal_species/Gulo gulo/HFW12-F7/DM/2016/COLOR/Robust marks/04.17-17.34/IMG_2134.JPG,IMG_2134.JPG,HFW12-F7_2016_201604171734_IMG_2134.jpg,0.9508618712425232,434.71929931640625,369.4420166015625,380.936767578125,877.97607421875,2048,1536,380,877
HFW12-F7,2016,201604171734,DM,1,/Volumes/Seagate Portable Drive/KYLE_AI_DATABASE/A_CAMERA/Focal_species/Gulo gulo/HFW12-F7/DM/2016/COLOR/Robust marks/04.17-17.34/IMG_2135.JPG,IMG_2135.JPG,HFW12-F7_2016_201604171734_IMG_2135.jpg,0.8977410197257996,443.3231201171875,352.66705322265625,347.4329833984375,895.3139038085938,2048,1536,347,895
HFW12-F7,2016,201604171734,DM,1,/Volumes/Seagate Portable Drive/KYLE_AI_DATABASE/A_CAMERA/Focal_species/Gulo gulo/HFW12-F7/DM/2016/COLOR/Robust marks/04.17-17.34/IMG_2136.JPG,IMG_2136.JPG,HFW12-F7_2016_201604171734_IMG_2136.jpg,0.9387428760528564,443.9361267089844,347.50579833984375,337.1972961425781,901.4817504882812,2048,1536,337,901
HFW12-F7,2016,201604171734,DM,1,/Volumes/Seagate Portable Drive/KYLE_AI_DATABASE/A_CAMERA/Focal_species/Gulo gulo/HFW12-F7/DM/2016/COLOR/Robust marks/04.17-17.34/IMG_2137.JPG,IMG_2137.JPG,HFW12-F7_2016_201604171734_IMG_2137.jpg,0.9182807207107544,456.65386962890625,380.8707275390625,331.7059326171875,835.9130859375,2048,1536,331,835
HFW12-F7,2016,201604171734,DM,1,/Volumes/Seagate Portable Drive/KYLE_AI_DATABASE/A_CAMERA/Focal_species/Gulo gulo/HFW12-F7/DM/2016/COLOR/Robust marks/04.17-17.34/IMG_2138.JPG,IMG_2138.JPG,HFW12-F7_2016_201604171734_IMG_2138.jpg,0.9235990643501282,446.1265869140625,397.1318359375,333.1416015625,846.234619140625,2048,1536,333,846
HFW12-F7,2016,201604171734,DM,1,/Volumes/Seagate Portable Drive/KYLE_AI_DATABASE/A_CAMERA/Focal_species/Gulo gulo/HFW12-F7/DM/2016/COLOR/Robust marks/04.17-17.34/IMG_2139.JPG,IMG_2139.JPG,HFW12-F7_2016_201604171734_IMG_2139.jpg,0.9043864011764526,426.0472717285156,385.11993408203125,338.0380554199219,850.9624633789062,2048,1536,338,850
HFW12-F7,2016,201604171734,DM,1,/Volumes/Seagate Portable Drive/KYLE_AI_DATABASE/A_CAMERA/Focal_species/Gulo gulo/HFW12-F7/DM/2016/COLOR/Robust marks/04.17-17.34/IMG_2140.JPG,IMG_2140.JPG,HFW12-F7_2016_201604171734_IMG_2140.jpg,0.9438587427139282,433.31396484375,359.7961120605469,343.4747314453125,889.392333984375,2048,1536,343,889
HFW12-F7,2016,201604171734,DM,1,/Volumes/Seagate Portable Drive/KYLE_AI_DATABASE/A_CAMERA/Focal_species/Gulo gulo/HFW12-F7/DM/2016/COLOR/Robust marks/04.17-17.34/IMG_2141.JPG,IMG_2141.JPG,HFW12-F7_2016_201604171734_IMG_2141.jpg,0.946972668170929,444.25506591796875,314.8422546386719,340.2752685546875,894.66064453125,2048,1536,340,894
HFW12-F7,2016,201604171734,DM,1,/Volumes/Seagate Portable Drive/KYLE_AI_DATABASE/A_CAMERA/Focal_species/Gulo gulo/HFW12-F7/DM/2016/COLOR/Robust marks/04.17-17.34/IMG_2142.JPG,IMG_2142.JPG,HFW12-F7_2016_201604171734_IMG_2142.jpg,0.9273749589920044,422.8948974609375,352.1349792480469,324.7972412109375,889.0162353515625,2048,1536,324,889
HFW12-F7,2016,201604171734,DM,1,/Volumes/Seagate Portable Drive/KYLE_AI_DATABASE/A_CAMERA/Focal_species/Gulo gulo/HFW12-F7/DM/2016/COLOR/Robust marks/04.17-17.34/IMG_2143.JPG,IMG_2143.JPG,HFW12-F7_2016_201604171734_IMG_2143.jpg,0.9490454792976379,442.3160400390625,369.00128173828125,372.167236328125,874.7245483398438,2048,1536,372,874
HFW12-F7,2016,201604171734,DM,1,/Volumes/Seagate Portable Drive/KYLE_AI_DATABASE/A_CAMERA/Focal_species/Gulo gulo/HFW12-F7/DM/2016/COLOR/Robust marks/04.17-17.34/IMG_2144.JPG,IMG_2144.JPG,HFW12-F7_2016_201604171734_IMG_2144.jpg,0.948269248008728,450.20599365234375,397.16546630859375,360.2806396484375,844.7514038085938,2048,1536,360,844
HFW12-F7,2016,201604171734,DM,1,/Volumes/Seagate Portable Drive/KYLE_AI_DATABASE/A_CAMERA/Focal_species/Gulo gulo/HFW12-F7/DM/2016/COLOR/Robust marks/04.17-17.34/IMG_2145.JPG,IMG_2145.JPG,HFW12-F7_2016_201604171734_IMG_2145.jpg,0.9329067468643188,454.1421813964844,350.18017578125,356.6040344238281,890.512939453125,2048,1536,356,890
HFW12-F7,2016,201604171734,DM,1,/Volumes/Seagate Portable Drive/KYLE_AI_DATABASE/A_CAMERA/Focal_species/Gulo gulo/HFW12-F7/DM/2016/COLOR/Robust marks/04.17-17.34/IMG_2146.JPG,IMG_2146.JPG,HFW12-F7_2016_201604171734_IMG_2146.jpg,0.8836958408355713,469.24884033203125,374.63934326171875,344.254638671875,867.4402465820312,2048,1536,344,867
HFW12-F7,2016,201604171734,DM,1,/Volumes/Seagate Portable Drive/KYLE_AI_DATABASE/A_CAMERA/Focal_species/Gulo gulo/HFW12-F7/DM/2016/COLOR/Robust marks/04.17-17.34/IMG_2147.JPG,IMG_2147.JPG,HFW12-F7_2016_201604171734_IMG_2147.jpg,0.9020793437957764,456.635009765625,397.0260314941406,351.7904052734375,843.8968505859375,2048,1536,351,843
HFW12-F7,2016,201604171734,DM,1,/Volumes/Seagate Portable Drive/KYLE_AI_DATABASE/A_CAMERA/Focal_species/Gulo gulo/HFW12-F7/DM/2016/COLOR/Robust marks/04.17-17.34/IMG_2148.JPG,IMG_2148.JPG,HFW12-F7_2016_201604171734_IMG_2148.jpg,0.9285780787467957,457.60870361328125,359.7611083984375,330.140380859375,886.3026123046875,2048,1536,330,886
HFW12-F7,2016,201604171734,DM,1,/Volumes/Seagate Portable Drive/KYLE_AI_DATABASE/A_CAMERA/Focal_species/Gulo gulo/HFW12-F7/DM/2016/COLOR/Robust marks/04.17-17.34/IMG_2149.JPG,IMG_2149.JPG,HFW12-F7_2016_201604171734_IMG_2149.jpg,0.9545886516571045,424.51190185546875,363.63836669921875,416.203125,881.0419311523438,2048,1536,416,881
HFW12-F7,2016,201604171734,DM,1,/Volumes/Seagate Portable Drive/KYLE_AI_DATABASE/A_CAMERA/Focal_species/Gulo gulo/HFW12-F7/DM/2016/COLOR/Robust marks/04.17-17.34/IMG_2150.JPG,IMG_2150.JPG,HFW12-F7_2016_201604171734_IMG_2150.jpg,0.925818681716919,453.37408447265625,400.48876953125,327.014404296875,810.2928466796875,2048,1536,327,810
HFW12-F7,2016,201604171734,DM,1,/Volumes/Seagate Portable Drive/KYLE_AI_DATABASE/A_CAMERA/Focal_species/Gulo gulo/HFW12-F7/DM/2016/COLOR/Robust marks/04.17-17.34/IMG_2151.JPG,IMG_2151.JPG,HFW12-F7_2016_201604171734_IMG_2151.jpg,0.9265213012695312,456.6201477050781,307.35638427734375,390.0097351074219,915.0496215820312,2048,1536,390,915
HFW12-F7,2016,201604171734,DM,1,/Volumes/Seagate Portable Drive/KYLE_AI_DATABASE/A_CAMERA/Focal_species/Gulo gulo/HFW12-F7/DM/2016/COLOR/Robust marks/04.17-17.34/IMG_2152.JPG,IMG_2152.JPG,HFW12-F7_2016_201604171734_IMG_2152.jpg,0.9405910968780518,423.6192626953125,373.4220886230469,347.658203125,871.693359375,2048,1536,347,871
HFW12-F7,2016,201604171734,DM,1,/Volumes/Seagate Portable Drive/KYLE_AI_DATABASE/A_CAMERA/Focal_species/Gulo gulo/HFW12-F7/DM/2016/COLOR/Robust marks/04.17-17.34/IMG_2153.JPG,IMG_2153.JPG,HFW12-F7_2016_201604171734_IMG_2153.jpg,0.9334071278572083,442.818359375,371.552490234375,334.4508056640625,849.3614501953125,2048,1536,334,849
HFW12-F7,2016,201604171734,DM,1,/Volumes/Seagate Portable Drive/KYLE_AI_DATABASE/A_CAMERA/Focal_species/Gulo gulo/HFW12-F7/DM/2016/COLOR/Robust marks/04.17-17.34/IMG_2154.JPG,IMG_2154.JPG,HFW12-F7_2016_201604171734_IMG_2154.jpg,0.9439285397529602,449.0753173828125,389.6483154296875,350.5804443359375,871.9202880859375,2048,1536,350,871
HFW12-F7,2016,201604171734,DM,1,/Volumes/Seagate Portable Drive/KYLE_AI_DATABASE/A_CAMERA/Focal_species/Gulo gulo/HFW12-F7/DM/2016/COLOR/Robust marks/04.17-17.34/IMG_2155.JPG,IMG_2155.JPG,HFW12-F7_2016_201604171734_IMG_2155.jpg,0.9497861266136169,449.46685791015625,376.77191162109375,360.2034912109375,868.3265991210938,2048,1536,360,868
HFW12-F7,2016,201604171734,DM,1,/Volumes/Seagate Portable Drive/KYLE_AI_DATABASE/A_CAMERA/Focal_species/Gulo gulo/HFW12-F7/DM/2016/COLOR/Robust marks/04.17-17.34/IMG_2156.JPG,IMG_2156.JPG,HFW12-F7_2016_201604171734_IMG_2156.jpg,0.9487722516059875,447.405029296875,379.3123779296875,362.7108154296875,867.1571044921875,2048,1536,362,867
HFW12-F7,2016,201604171734,DM,1,/Volumes/Seagate Portable Drive/KYLE_AI_DATABASE/A_CAMERA/Focal_species/Gulo gulo/HFW12-F7/DM/2016/COLOR/Robust marks/04.17-17.34/IMG_2157.JPG,IMG_2157.JPG,HFW12-F7_2016_201604171734_IMG_2157.jpg,0.9372368454933167,448.94342041015625,393.7652587890625,367.9608154296875,848.4945068359375,2048,1536,367,848
HFW12-F7,2016,201604171734,DM,1,/Volumes/Seagate Portable Drive/KYLE_AI_DATABASE/A_CAMERA/Focal_species/Gulo gulo/HFW12-F7/DM/2016/COLOR/Robust marks/04.17-17.34/IMG_2158.JPG,IMG_2158.JPG,HFW12-F7_2016_201604171734_IMG_2158.jpg,0.9483869671821594,452.4324951171875,334.2062072753906,352.94580078125,909.6363525390625,2048,1536,352,909
HFW12-F7,2016,201604171734,DM,1,/Volumes/Seagate Portable Drive/KYLE_AI_DATABASE/A_CAMERA/Focal_species/Gulo gulo/HFW12-F7/DM/2016/COLOR/Robust marks/04.17-17.34/IMG_2159.JPG,IMG_2159.JPG,HFW12-F7_2016_201604171734_IMG_2159.jpg,0.9583737254142761,444.82666015625,339.340087890625,349.026123046875,913.861572265625,2048,1536,349,913
HFW12-F7,2016,201604171734,DM,1,/Volumes/Seagate Portable Drive/KYLE_AI_DATABASE/A_CAMERA/Focal_species/Gulo gulo/HFW12-F7/DM/2016/COLOR/Robust marks/04.17-17.34/IMG_2160.JPG,IMG_2160.JPG,HFW12-F7_2016_201604171734_IMG_2160.jpg,0.9487308263778687,442.7494201660156,331.53826904296875,367.4694519042969,877.5029907226562,2048,1536,367,877
HFW12-F7,2016,201604171734,DM,1,/Volumes/Seagate Portable Drive/KYLE_AI_DATABASE/A_CAMERA/Focal_species/Gulo gulo/HFW12-F7/DM/2016/COLOR/Robust marks/04.17-17.34/IMG_2161.JPG,IMG_2161.JPG,HFW12-F7_2016_201604171734_IMG_2161.jpg,0.9387344717979431,455.79559326171875,356.5569763183594,361.8502197265625,887.8756103515625,2048,1536,361,887
HFW12-F7,2016,201604171734,DM,1,/Volumes/Seagate Portable Drive/KYLE_AI_DATABASE/A_CAMERA/Focal_species/Gulo gulo/HFW12-F7/DM/2016/COLOR/Robust marks/04.17-17.34/IMG_2162.JPG,IMG_2162.JPG,HFW12-F7_2016_201604171734_IMG_2162.jpg,0.9469869136810303,448.1219177246094,356.12359619140625,358.0301818847656,891.6012573242188,2048,1536,358,891
HFW12-F7,2016,201604171734,DM,1,/Volumes/Seagate Portable Drive/KYLE_AI_DATABASE/A_CAMERA/Focal_species/Gulo gulo/HFW12-F7/DM/2016/COLOR/Robust marks/04.17-17.34/IMG_2163.JPG,IMG_2163.JPG,HFW12-F7_2016_201604171734_IMG_2163.jpg,0.9504079818725586,454.7273254394531,381.41900634765625,326.8872985839844,871.2315063476562,2048,1536,326,871
HFW12-F7,2016,201604171734,DM,1,/Volumes/Seagate Portable Drive/KYLE_AI_DATABASE/A_CAMERA/Focal_species/Gulo gulo/HFW12-F7/DM/2016/COLOR/Robust marks/04.17-17.34/IMG_2164.JPG,IMG_2164.JPG,HFW12-F7_2016_201604171734_IMG_2164.jpg,0.9301685690879822,460.688232421875,399.45635986328125,338.6416015625,889.9586791992188,2048,1536,338,889
HFW12-F7,2016,201604171734,DM,1,/Volumes/Seagate Portable Drive/KYLE_AI_DATABASE/A_CAMERA/Focal_species/Gulo gulo/HFW12-F7/DM/2016/COLOR/Robust marks/04.17-17.34/IMG_2165.JPG,IMG_2165.JPG,HFW12-F7_2016_201604171734_IMG_2165.jpg,0.9540013074874878,452.36920166015625,391.04180908203125,367.1378173828125,862.6022338867188,2048,1536,367,862
HFW12-F7,2016,201604171734,DM,1,/Volumes/Seagate Portable Drive/KYLE_AI_DATABASE/A_CAMERA/Focal_species/Gulo gulo/HFW12-F7/DM/2016/COLOR/Robust marks/04.17-17.34/IMG_2166.JPG,IMG_2166.JPG,HFW12-F7_2016_201604171734_IMG_2166.jpg,0.9469096064567566,456.5216064453125,363.7131042480469,402.7156982421875,886.0184326171875,2048,1536,402,886
HFW12-F7,2016,201604171734,DM,1,/Volumes/Seagate Portable Drive/KYLE_AI_DATABASE/A_CAMERA/Focal_species/Gulo gulo/HFW12-F7/DM/2016/COLOR/Robust marks/04.17-17.34/IMG_2167.JPG,IMG_2167.JPG,HFW12-F7_2016_201604171734_IMG_2167.jpg,0.9337208867073059,438.5752868652344,437.6921081542969,336.3052062988281,844.7506103515625,2048,1536,336,844
HFW12-F7,2016,201604171734,DM,1,/Volumes/Seagate Portable Drive/KYLE_AI_DATABASE/A_CAMERA/Focal_species/Gulo gulo/HFW12-F7/DM/2016/COLOR/Robust marks/04.17-17.34/IMG_2168.JPG,IMG_2168.JPG,HFW12-F7_2016_201604171734_IMG_2168.jpg,0.9567584991455078,431.78253173828125,379.82696533203125,373.6334228515625,888.4108276367188,2048,1536,373,888
HFW12-F7,2016,201604171734,DM,1,/Volumes/Seagate Portable Drive/KYLE_AI_DATABASE/A_CAMERA/Focal_species/Gulo gulo/HFW12-F7/DM/2016/COLOR/Robust marks/04.17-17.34/IMG_2169.JPG,IMG_2169.JPG,HFW12-F7_2016_201604171734_IMG_2169.jpg,0.9558258652687073,418.1866760253906,392.15802001953125,402.2518005371094,851.8477172851562,2048,1536,402,851
HFW12-F7,2016,201604171734,DM,1,/Volumes/Seagate Portable Drive/KYLE_AI_DATABASE/A_CAMERA/Focal_species/Gulo gulo/HFW12-F7/DM/2016/COLOR/Robust marks/04.17-17.34/IMG_2170.JPG,IMG_2170.JPG,HFW12-F7_2016_201604171734_IMG_2170.jpg,0.9296354055404663,438.83428955078125,387.03717041015625,347.4539794921875,900.8378295898438,2048,1536,347,900
HFW12-F7,2016,201604171734,DM,1,/Volumes/Seagate Portable Drive/KYLE_AI_DATABASE/A_CAMERA/Focal_species/Gulo gulo/HFW12-F7/DM/2016/COLOR/Robust marks/04.17-17.34/IMG_2171.JPG,IMG_2171.JPG,HFW12-F7_2016_201604171734_IMG_2171.jpg,0.9365648627281189,450.660888671875,365.8074951171875,347.05224609375,891.7008056640625,2048,1536,347,891
HFW12-F7,2016,201604171734,DM,1,/Volumes/Seagate Portable Drive/KYLE_AI_DATABASE/A_CAMERA/Focal_species/Gulo gulo/HFW12-F7/DM/2016/COLOR/Robust marks/04.17-17.34/IMG_2172.JPG,IMG_2172.JPG,HFW12-F7_2016_201604171734_IMG_2172.jpg,0.9580331444740295,439.44183349609375,378.2523193359375,381.1033935546875,869.7650146484375,2048,1536,381,869
HFW12-F7,2016,201604171734,DM,1,/Volumes/Seagate Portable Drive/KYLE_AI_DATABASE/A_CAMERA/Focal_species/Gulo gulo/HFW12-F7/DM/2016/COLOR/Robust marks/04.17-17.34/IMG_2173.JPG,IMG_2173.JPG,HFW12-F7_2016_201604171734_IMG_2173.jpg,0.9487749338150024,437.76861572265625,397.6853942871094,388.2392578125,854.0252685546875,2048,1536,388,854
HFW12-F7,2016,201604171734,DM,1,/Volumes/Seagate Portable Drive/KYLE_AI_DATABASE/A_CAMERA/Focal_species/Gulo gulo/HFW12-F7/DM/2016/COLOR/Robust marks/04.17-17.34/IMG_2174.JPG,IMG_2174.JPG,HFW12-F7_2016_201604171734_IMG_2174.jpg,0.928517758846283,444.21575927734375,395.1605529785156,430.7052001953125,857.91943359375,2048,1536,430,857
HFW12-F7,2016,201604171734,DM,1,/Volumes/Seagate Portable Drive/KYLE_AI_DATABASE/A_CAMERA/Focal_species/Gulo gulo/HFW12-F7/DM/2016/COLOR/Robust marks/04.17-17.34/IMG_2175.JPG,IMG_2175.JPG,HFW12-F7_2016_201604171734_IMG_2175.jpg,0.9532063007354736,439.80548095703125,393.19049072265625,385.8046875,857.7366333007812,2048,1536,385,857
HFW12-F7,2016,201604171734,DM,1,/Volumes/Seagate Portable Drive/KYLE_AI_DATABASE/A_CAMERA/Focal_species/Gulo gulo/HFW12-F7/DM/2016/COLOR/Robust marks/04.17-17.34/IMG_2176.JPG,IMG_2176.JPG,HFW12-F7_2016_201604171734_IMG_2176.jpg,0.9417257905006409,441.55938720703125,399.2956237792969,431.6815185546875,850.637451171875,2048,1536,431,850
HFW12-F7,2016,201604171734,DM,1,/Volumes/Seagate Portable Drive/KYLE_AI_DATABASE/A_CAMERA/Focal_species/Gulo gulo/HFW12-F7/DM/2016/COLOR/Robust marks/04.17-17.34/IMG_2177.JPG,IMG_2177.JPG,HFW12-F7_2016_201604171734_IMG_2177.jpg,0.8972378969192505,441.0103759765625,398.2454833984375,448.5643310546875,853.9573974609375,2048,1536,448,853
HFW12-F7,2016,201604171734,DM,1,/Volumes/Seagate Portable Drive/KYLE_AI_DATABASE/A_CAMERA/Focal_species/Gulo gulo/HFW12-F7/DM/2016/COLOR/Robust marks/04.17-17.34/IMG_2178.JPG,IMG_2178.JPG,HFW12-F7_2016_201604171734_IMG_2178.jpg,0.9578920006752014,437.17529296875,371.86053466796875,373.6546630859375,875.1777954101562,2048,1536,373,875
HFW12-F7,2016,201604171734,DM,1,/Volumes/Seagate Portable Drive/KYLE_AI_DATABASE/A_CAMERA/Focal_species/Gulo gulo/HFW12-F7/DM/2016/COLOR/Robust marks/04.17-17.34/IMG_2179.JPG,IMG_2179.JPG,HFW12-F7_2016_201604171734_IMG_2179.jpg,0.9513706564903259,439.87091064453125,354.61138916015625,376.0223388671875,893.8217163085938,2048,1536,376,893
HFW12-F7,2016,201604171734,DM,1,/Volumes/Seagate Portable Drive/KYLE_AI_DATABASE/A_CAMERA/Focal_species/Gulo gulo/HFW12-F7/DM/2016/COLOR/Robust marks/04.17-17.34/IMG_2180.JPG,IMG_2180.JPG,HFW12-F7_2016_201604171734_IMG_2180.jpg,0.9419312477111816,446.6898193359375,350.23126220703125,368.15478515625,896.6825561523438,2048,1536,368,896
HFW12-F7,2016,201604171734,DM,1,/Volumes/Seagate Portable Drive/KYLE_AI_DATABASE/A_CAMERA/Focal_species/Gulo gulo/HFW12-F7/DM/2016/COLOR/Robust marks/04.17-17.34/IMG_2181.JPG,IMG_2181.JPG,HFW12-F7_2016_201604171734_IMG_2181.jpg,0.9399440884590149,445.68646240234375,403.5220642089844,333.1759033203125,848.016357421875,2048,1536,333,848
HFW12-F7,2016,201604171734,DM,1,/Volumes/Seagate Portable Drive/KYLE_AI_DATABASE/A_CAMERA/Focal_species/Gulo gulo/HFW12-F7/DM/2016/COLOR/Robust marks/04.17-17.34/IMG_2182.JPG,IMG_2182.JPG,HFW12-F7_2016_201604171734_IMG_2182.jpg,0.9323341846466064,450.90740966796875,400.3519592285156,321.8931884765625,852.06591796875,2048,1536,321,852
HFW12-F7,2016,201604171734,DM,1,/Volumes/Seagate Portable Drive/KYLE_AI_DATABASE/A_CAMERA/Focal_species/Gulo gulo/HFW12-F7/DM/2016/COLOR/Robust marks/04.17-17.34/IMG_2183.JPG,IMG_2183.JPG,HFW12-F7_2016_201604171734_IMG_2183.jpg,0.9228255748748779,452.885498046875,405.7708740234375,394.9764404296875,847.6761474609375,2048,1536,394,847
HFW12-F7,2016,201604171734,DM,1,/Volumes/Seagate Portable Drive/KYLE_AI_DATABASE/A_CAMERA/Focal_species/Gulo gulo/HFW12-F7/DM/2016/COLOR/Robust marks/04.17-17.34/IMG_2184.JPG,IMG_2184.JPG,HFW12-F7_2016_201604171734_IMG_2184.jpg,0.9233943223953247,448.01751708984375,405.52362060546875,369.87158203125,848.3845825195312,2048,1536,369,848
HFW12-F7,2016,201604171734,DM,1,/Volumes/Seagate Portable Drive/KYLE_AI_DATABASE/A_CAMERA/Focal_species/Gulo gulo/HFW12-F7/DM/2016/COLOR/Robust marks/04.17-17.34/IMG_2185.JPG,IMG_2185.JPG,HFW12-F7_2016_201604171734_IMG_2185.jpg,0.9523358941078186,454.2715148925781,405.4825439453125,344.1890563964844,849.3385009765625,2048,1536,344,849
HFW12-F7,2016,201604171734,DM,1,/Volumes/Seagate Portable Drive/KYLE_AI_DATABASE/A_CAMERA/Focal_species/Gulo gulo/HFW12-F7/DM/2016/COLOR/Robust marks/04.17-17.34/IMG_2186.JPG,IMG_2186.JPG,HFW12-F7_2016_201604171734_IMG_2186.jpg,0.9458734393119812,456.40350341796875,406.4607238769531,337.5206298828125,848.09130859375,2048,1536,337,848
HFW12-F7,2016,201604171734,DM,1,/Volumes/Seagate Portable Drive/KYLE_AI_DATABASE/A_CAMERA/Focal_species/Gulo gulo/HFW12-F7/DM/2016/COLOR/Robust marks/04.17-17.34/IMG_2187.JPG,IMG_2187.JPG,HFW12-F7_2016_201604171734_IMG_2187.jpg,0.9367091655731201,455.6126403808594,414.97442626953125,335.9685363769531,841.2394409179688,2048,1536,335,841
HFW12-F7,2016,201604171734,DM,1,/Volumes/Seagate Portable Drive/KYLE_AI_DATABASE/A_CAMERA/Focal_species/Gulo gulo/HFW12-F7/DM/2016/COLOR/Robust marks/04.17-17.34/IMG_2188.JPG,IMG_2188.JPG,HFW12-F7_2016_201604171734_IMG_2188.jpg,0.9082726240158081,460.4447937011719,398.7470397949219,322.6670227050781,852.978515625,2048,1536,322,852
HFW12-F7,2016,201604171734,DM,1,/Volumes/Seagate Portable Drive/KYLE_AI_DATABASE/A_CAMERA/Focal_species/Gulo gulo/HFW12-F7/DM/2016/COLOR/Robust marks/04.17-17.34/IMG_2189.JPG,IMG_2189.JPG,HFW12-F7_2016_201604171734_IMG_2189.jpg,0.9480652213096619,460.9053955078125,322.42327880859375,331.0911865234375,924.3018188476562,2048,1536,331,924
HFW12-F7,2016,201604171734,DM,1,/Volumes/Seagate Portable Drive/KYLE_AI_DATABASE/A_CAMERA/Focal_species/Gulo gulo/HFW12-F7/DM/2016/COLOR/Robust marks/04.17-17.34/IMG_2190.JPG,IMG_2190.JPG,HFW12-F7_2016_201604171734_IMG_2190.jpg,0.9367688894271851,464.272705078125,325.31378173828125,316.4288330078125,878.7418823242188,2048,1536,316,878
HFW12-F7,2016,201604171734,DM,1,/Volumes/Seagate Portable Drive/KYLE_AI_DATABASE/A_CAMERA/Focal_species/Gulo gulo/HFW12-F7/DM/2016/COLOR/Robust marks/04.17-17.34/IMG_2191.JPG,IMG_2191.JPG,HFW12-F7_2016_201604171734_IMG_2191.jpg,0.9153797626495361,441.03900146484375,403.179443359375,331.23193359375,842.816162109375,2048,1536,331,842
HFW12-F7,2016,201604171734,DM,1,/Volumes/Seagate Portable Drive/KYLE_AI_DATABASE/A_CAMERA/Focal_species/Gulo gulo/HFW12-F7/DM/2016/COLOR/Robust marks/04.17-17.34/IMG_2192.JPG,IMG_2192.JPG,HFW12-F7_2016_201604171734_IMG_2192.jpg,0.9480352997779846,419.1253662109375,364.8994140625,378.8858642578125,900.023681640625,2048,1536,378,900
HFW12-F7,2016,201604171734,DM,1,/Volumes/Seagate Portable Drive/KYLE_AI_DATABASE/A_CAMERA/Focal_species/Gulo gulo/HFW12-F7/DM/2016/COLOR/Robust marks/04.17-17.34/IMG_2193.JPG,IMG_2193.JPG,HFW12-F7_2016_201604171734_IMG_2193.jpg,0.9588805437088013,421.30902099609375,391.37896728515625,398.94580078125,856.9396362304688,2048,1536,398,856
HFW12-F7,2016,201604171734,DM,1,/Volumes/Seagate Portable Drive/KYLE_AI_DATABASE/A_CAMERA/Focal_species/Gulo gulo/HFW12-F7/DM/2016/COLOR/Robust marks/04.17-17.34/IMG_2194.JPG,IMG_2194.JPG,HFW12-F7_2016_201604171734_IMG_2194.jpg,0.9558166265487671,433.7005615234375,371.2281188964844,386.5887451171875,876.66259765625,2048,1536,386,876
HFW12-F7,2016,201604171734,DM,1,/Volumes/Seagate Portable Drive/KYLE_AI_DATABASE/A_CAMERA/Focal_species/Gulo gulo/HFW12-F7/DM/2016/COLOR/Robust marks/04.17-17.34/IMG_2195.JPG,IMG_2195.JPG,HFW12-F7_2016_201604171734_IMG_2195.jpg,0.9414454102516174,441.9677734375,352.85693359375,382.2791748046875,887.080078125,2048,1536,382,887
HFW12-F7,2016,201604171734,DM,1,/Volumes/Seagate Portable Drive/KYLE_AI_DATABASE/A_CAMERA/Focal_species/Gulo gulo/HFW12-F7/DM/2016/COLOR/Robust marks/04.17-17.34/IMG_2196.JPG,IMG_2196.JPG,HFW12-F7_2016_201604171734_IMG_2196.jpg,0.9560222029685974,452.35491943359375,358.514892578125,373.590087890625,892.0650634765625,2048,1536,373,892
HFW12-F7,2016,201604171734,DM,1,/Volumes/Seagate Portable Drive/KYLE_AI_DATABASE/A_CAMERA/Focal_species/Gulo gulo/HFW12-F7/DM/2016/COLOR/Robust marks/04.17-17.34/IMG_2197.JPG,IMG_2197.JPG,HFW12-F7_2016_201604171734_IMG_2197.jpg,0.9549177885055542,443.8176574707031,383.5712890625,361.4507751464844,864.0189208984375,2048,1536,361,864
HFW12-F7,2016,201604171734,DM,1,/Volumes/Seagate Portable Drive/KYLE_AI_DATABASE/A_CAMERA/Focal_species/Gulo gulo/HFW12-F7/DM/2016/COLOR/Robust marks/04.17-17.34/IMG_2198.JPG,IMG_2198.JPG,HFW12-F7_2016_201604171734_IMG_2198.jpg,0.9565876722335815,440.42010498046875,376.74749755859375,365.06884765625,871.8681030273438,2048,1536,365,871
HFW12-F7,2016,201604171734,DM,1,/Volumes/Seagate Portable Drive/KYLE_AI_DATABASE/A_CAMERA/Focal_species/Gulo gulo/HFW12-F7/DM/2016/COLOR/Robust marks/04.17-17.34/IMG_2199.JPG,IMG_2199.JPG,HFW12-F7_2016_201604171734_IMG_2199.jpg,0.9010584354400635,445.2618408203125,393.19622802734375,397.341796875,848.5961303710938,2048,1536,397,848
HFW12-F7,2016,201604171734,DM,1,/Volumes/Seagate Portable Drive/KYLE_AI_DATABASE/A_CAMERA/Focal_species/Gulo gulo/HFW12-F7/DM/2016/COLOR/Robust marks/04.17-17.34/IMG_2200.JPG,IMG_2200.JPG,HFW12-F7_2016_201604171734_IMG_2200.jpg,0.9383147358894348,452.44635009765625,396.8249816894531,373.933349609375,839.8446044921875,2048,1536,373,839
HFW12-F7,2016,201604171734,DM,1,/Volumes/Seagate Portable Drive/KYLE_AI_DATABASE/A_CAMERA/Focal_species/Gulo gulo/HFW12-F7/DM/2016/COLOR/Robust marks/04.17-17.34/IMG_2201.JPG,IMG_2201.JPG,HFW12-F7_2016_201604171734_IMG_2201.jpg,0.9266409277915955,419.31939697265625,424.34991455078125,406.952392578125,844.4468383789062,2048,1536,406,844
HFW12-F7,2016,201604171734,DM,1,/Volumes/Seagate Portable Drive/KYLE_AI_DATABASE/A_CAMERA/Focal_species/Gulo gulo/HFW12-F7/DM/2016/COLOR/Robust marks/04.17-17.34/IMG_2202.JPG,IMG_2202.JPG,HFW12-F7_2016_201604171734_IMG_2202.jpg,0.9116250872612,452.9653015136719,418.3539733886719,345.6626281738281,821.6217041015625,2048,1536,345,821
HFW12-F7,2016,201604171734,DM,1,/Volumes/Seagate Portable Drive/KYLE_AI_DATABASE/A_CAMERA/Focal_species/Gulo gulo/HFW12-F7/DM/2016/COLOR/Robust marks/04.17-17.34/IMG_2203.JPG,IMG_2203.JPG,HFW12-F7_2016_201604171734_IMG_2203.jpg,0.9419208765029907,442.5335693359375,401.62744140625,391.018310546875,850.6953125,2048,1536,391,850
HFW12-F7,2016,201604171734,DM,1,/Volumes/Seagate Portable Drive/KYLE_AI_DATABASE/A_CAMERA/Focal_species/Gulo gulo/HFW12-F7/DM/2016/COLOR/Robust marks/04.17-17.34/IMG_2204.JPG,IMG_2204.JPG,HFW12-F7_2016_201604171734_IMG_2204.jpg,0.9391071200370789,457.6138000488281,407.90606689453125,359.0931091308594,848.5054321289062,2048,1536,359,848
HFW12-F7,2016,201604171734,DM,1,/Volumes/Seagate Portable Drive/KYLE_AI_DATABASE/A_CAMERA/Focal_species/Gulo gulo/HFW12-F7/DM/2016/COLOR/Robust marks/04.17-17.34/IMG_2205.JPG,IMG_2205.JPG,HFW12-F7_2016_201604171734_IMG_2205.jpg,0.9389466047286987,451.94696044921875,401.7728576660156,371.583984375,852.262939453125,2048,1536,371,852
HFW12-F7,2016,201604171734,DM,1,/Volumes/Seagate Portable Drive/KYLE_AI_DATABASE/A_CAMERA/Focal_species/Gulo gulo/HFW12-F7/DM/2016/COLOR/Robust marks/04.17-17.34/IMG_2206.JPG,IMG_2206.JPG,HFW12-F7_2016_201604171734_IMG_2206.jpg,0.9033689498901367,454.1060791015625,394.2680969238281,342.8255615234375,843.022705078125,2048,1536,342,843
HFW12-F7,2016,201604171734,DM,1,/Volumes/Seagate Portable Drive/KYLE_AI_DATABASE/A_CAMERA/Focal_species/Gulo gulo/HFW12-F7/DM/2016/COLOR/Robust marks/04.17-17.34/IMG_2207.JPG,IMG_2207.JPG,HFW12-F7_2016_201604171734_IMG_2207.jpg,0.9394213557243347,449.944091796875,392.58734130859375,354.0198974609375,847.5394897460938,2048,1536,354,847
HFW12-F7,2016,201604171734,DM,1,/Volumes/Seagate Portable Drive/KYLE_AI_DATABASE/A_CAMERA/Focal_species/Gulo gulo/HFW12-F7/DM/2016/COLOR/Robust marks/04.17-17.34/IMG_2208.JPG,IMG_2208.JPG,HFW12-F7_2016_201604171734_IMG_2208.jpg,0.9195530414581299,423.59930419921875,393.1643371582031,332.6014404296875,793.5311279296875,2048,1536,332,793
HFW12-F7,2016,201604171734,DM,1,/Volumes/Seagate Portable Drive/KYLE_AI_DATABASE/A_CAMERA/Focal_species/Gulo gulo/HFW12-F7/DM/2016/COLOR/Robust marks/04.17-17.34/IMG_2209.JPG,IMG_2209.JPG,HFW12-F7_2016_201604171734_IMG_2209.jpg,0.9358576536178589,418.03790283203125,369.20233154296875,386.2862548828125,872.5794067382812,2048,1536,386,872
HFW12-F7,2016,201604171734,DM,1,/Volumes/Seagate Portable Drive/KYLE_AI_DATABASE/A_CAMERA/Focal_species/Gulo gulo/HFW12-F7/DM/2016/COLOR/Robust marks/04.17-17.34/IMG_2210.JPG,IMG_2210.JPG,HFW12-F7_2016_201604171734_IMG_2210.jpg,0.8945327401161194,443.77178955078125,359.343505859375,330.0909423828125,844.878173828125,2048,1536,330,844
HFW12-F7,2016,201604171734,DM,1,/Volumes/Seagate Portable Drive/KYLE_AI_DATABASE/A_CAMERA/Focal_species/Gulo gulo/HFW12-F7/DM/2016/COLOR/Robust marks/04.17-17.34/IMG_2211.JPG,IMG_2211.JPG,HFW12-F7_2016_201604171734_IMG_2211.jpg,0.9195877313613892,408.2100830078125,464.7144470214844,420.963134765625,793.0841064453125,2048,1536,420,793
HFW12-F7,2016,201604171734,DM,1,/Volumes/Seagate Portable Drive/KYLE_AI_DATABASE/A_CAMERA/Focal_species/Gulo gulo/HFW12-F7/DM/2016/COLOR/Robust marks/04.17-17.34/IMG_2212.JPG,IMG_2212.JPG,HFW12-F7_2016_201604171734_IMG_2212.jpg,0.8964545726776123,435.37506103515625,355.8765869140625,374.028076171875,839.0721435546875,2048,1536,374,839
HFW12-F7,2016,201604171734,DM,1,/Volumes/Seagate Portable Drive/KYLE_AI_DATABASE/A_CAMERA/Focal_species/Gulo gulo/HFW12-F7/DM/2016/COLOR/Robust marks/04.17-17.34/IMG_2213.JPG,IMG_2213.JPG,HFW12-F7_2016_201604171734_IMG_2213.jpg,0.921927273273468,446.0533752441406,363.80401611328125,365.8462829589844,839.9486694335938,2048,1536,365,839
HFW12-F7,2016,201604171734,DM,1,/Volumes/Seagate Portable Drive/KYLE_AI_DATABASE/A_CAMERA/Focal_species/Gulo gulo/HFW12-F7/DM/2016/COLOR/Robust marks/04.17-17.34/IMG_2214.JPG,IMG_2214.JPG,HFW12-F7_2016_201604171734_IMG_2214.jpg,0.9124912619590759,410.474853515625,491.841552734375,381.116943359375,789.2276611328125,2048,1536,381,789
HFW12-F7,2016,201604171734,DM,1,/Volumes/Seagate Portable Drive/KYLE_AI_DATABASE/A_CAMERA/Focal_species/Gulo gulo/HFW12-F7/DM/2016/COLOR/Robust marks/04.17-17.34/IMG_2215.JPG,IMG_2215.JPG,HFW12-F7_2016_201604171734_IMG_2215.jpg,0.9155264496803284,421.4897155761719,422.4844665527344,379.0063781738281,908.28125,2048,1536,379,908
HFW12-F7,2016,201604171734,DM,1,/Volumes/Seagate Portable Drive/KYLE_AI_DATABASE/A_CAMERA/Focal_species/Gulo gulo/HFW12-F7/DM/2016/COLOR/Robust marks/04.17-17.34/IMG_2216.JPG,IMG_2216.JPG,HFW12-F7_2016_201604171734_IMG_2216.jpg,0.919879138469696,417.0264892578125,386.060302734375,411.43408203125,857.4686279296875,2048,1536,411,857
HFW12-F7,2016,201604171734,DM,1,/Volumes/Seagate Portable Drive/KYLE_AI_DATABASE/A_CAMERA/Focal_species/Gulo gulo/HFW12-F7/DM/2016/COLOR/Robust marks/04.17-17.34/IMG_2217.JPG,IMG_2217.JPG,HFW12-F7_2016_201604171734_IMG_2217.jpg,0.9274676442146301,314.927490234375,417.9114074707031,476.5516357421875,910.9921875,2048,1536,476,910
HFW12-F7,2016,201604171734,DM,1,/Volumes/Seagate Portable Drive/KYLE_AI_DATABASE/A_CAMERA/Focal_species/Gulo gulo/HFW12-F7/DM/2016/COLOR/Robust marks/04.17-17.34/IMG_2218.JPG,IMG_2218.JPG,HFW12-F7_2016_201604171734_IMG_2218.jpg,0.9252148270606995,413.4766845703125,483.4488830566406,524.7847900390625,896.64697265625,2048,1536,524,896
HFW12-F7,2016,201604171734,DM,1,/Volumes/Seagate Portable Drive/KYLE_AI_DATABASE/A_CAMERA/Focal_species/Gulo gulo/HFW12-F7/DM/2016/COLOR/Robust marks/04.17-17.34/IMG_2219.JPG,IMG_2219.JPG,HFW12-F7_2016_201604171734_IMG_2219.jpg,0.9497668743133545,591.9114990234375,838.449462890625,692.7779541015625,422.970458984375,2048,1536,692,422
HFW12-F7,2016,201604171734,DM,1,/Volumes/Seagate Portable Drive/KYLE_AI_DATABASE/A_CAMERA/Focal_species/Gulo gulo/HFW12-F7/DM/2016/COLOR/Robust marks/04.17-17.34/IMG_2220.JPG,IMG_2220.JPG,HFW12-F7_2016_201604171734_IMG_2220.jpg,0.9444921612739563,1172.1512451171875,1112.39697265625,386.83056640625,390.353759765625,2048,1536,386,390
HFW12-F7,2016,201604171734,DM,1,/Volumes/Seagate Portable Drive/KYLE_AI_DATABASE/A_CAMERA/Focal_species/Gulo gulo/HFW12-F7/DM/2016/COLOR/Robust marks/04.17-17.34/IMG_2221.JPG,IMG_2221.JPG,HFW12-F7_2016_201604171734_IMG_2221.jpg,0.8877929449081421,593.355224609375,1025.452392578125,394.6534423828125,344.0347900390625,2048,1536,394,344
HFW12-F7,2016,201604171734,DM,1,/Volumes/Seagate Portable Drive/KYLE_AI_DATABASE/A_CAMERA/Focal_species/Gulo gulo/HFW12-F7/DM/2016/COLOR/Robust marks/04.17-17.34/IMG_2222.JPG,IMG_2222.JPG,HFW12-F7_2016_201604171734_IMG_2222.jpg,0.8703691363334656,592.8770751953125,1029.9219970703125,398.385498046875,338.87060546875,2048,1536,398,338
HFW12-F7,2016,201604171734,DM,1,/Volumes/Seagate Portable Drive/KYLE_AI_DATABASE/A_CAMERA/Focal_species/Gulo gulo/HFW12-F7/DM/2016/COLOR/Robust marks/04.17-17.34/IMG_2223.JPG,IMG_2223.JPG,HFW12-F7_2016_201604171734_IMG_2223.jpg,0.9071546792984009,594.8846435546875,947.7877197265625,341.8597412109375,426.994384765625,2048,1536,341,426
HFW12-F7,2016,201604171734,DM,1,/Volumes/Seagate Portable Drive/KYLE_AI_DATABASE/A_CAMERA/Focal_species/Gulo gulo/HFW12-F7/DM/2016/COLOR/Robust marks/04.17-17.34/IMG_2224.JPG,IMG_2224.JPG,HFW12-F7_2016_201604171734_IMG_2224.jpg,0.9129113554954529,488.1777038574219,442.92742919921875,392.7760314941406,799.3071899414062,2048,1536,392,799
HFW12-F7,2016,201604171734,DM,1,/Volumes/Seagate Portable Drive/KYLE_AI_DATABASE/A_CAMERA/Focal_species/Gulo gulo/HFW12-F7/DM/2016/COLOR/Robust marks/04.17-17.34/IMG_2225.JPG,IMG_2225.JPG,HFW12-F7_2016_201604171734_IMG_2225.jpg,0.930381715297699,592.5616455078125,442.8886413574219,453.93359375,691.5802001953125,2048,1536,453,691
HFW12-F7,2016,201604171734,DM,1,/Volumes/Seagate Portable Drive/KYLE_AI_DATABASE/A_CAMERA/Focal_species/Gulo gulo/HFW12-F7/DM/2016/COLOR/Robust marks/04.17-17.34/IMG_2226.JPG,IMG_2226.JPG,HFW12-F7_2016_201604171734_IMG_2226.jpg,0.9345226287841797,591.3013916015625,449.8689880371094,473.1998291015625,711.37939453125,2048,1536,473,711
HFW12-F7,2016,201604171734,DM,1,/Volumes/Seagate Portable Drive/KYLE_AI_DATABASE/A_CAMERA/Focal_species/Gulo gulo/HFW12-F7/DM/2016/COLOR/Robust marks/04.17-17.34/IMG_2227.JPG,IMG_2227.JPG,HFW12-F7_2016_201604171734_IMG_2227.jpg,0.8934198021888733,589.9795532226562,361.94793701171875,478.64007568359375,831.2842407226562,2048,1536,478,831
HFW12-F7,2016,201604171734,DM,1,/Volumes/Seagate Portable Drive/KYLE_AI_DATABASE/A_CAMERA/Focal_species/Gulo gulo/HFW12-F7/DM/2016/COLOR/Robust marks/04.17-17.34/IMG_2228.JPG,IMG_2228.JPG,HFW12-F7_2016_201604171734_IMG_2228.jpg,0.865073561668396,590.034912109375,450.78326416015625,477.4993896484375,799.5316772460938,2048,1536,477,799
HFW12-F7,2016,201604171734,DM,1,/Volumes/Seagate Portable Drive/KYLE_AI_DATABASE/A_CAMERA/Focal_species/Gulo gulo/HFW12-F7/DM/2016/COLOR/Robust marks/04.17-17.34/IMG_2229.JPG,IMG_2229.JPG,HFW12-F7_2016_201604171734_IMG_2229.jpg,0.9400650858879089,540.29345703125,94.81864929199219,524.74462890625,1162.235595703125,2048,1536,524,1162
HFW12-F7,2016,201604171734,DM,1,/Volumes/Seagate Portable Drive/KYLE_AI_DATABASE/A_CAMERA/Focal_species/Gulo gulo/HFW12-F7/DM/2016/COLOR/Robust marks/04.17-17.34/IMG_2230.JPG,IMG_2230.JPG,HFW12-F7_2016_201604171734_IMG_2230.jpg,0.9499330520629883,593.4008178710938,372.103759765625,472.83184814453125,904.40869140625,2048,1536,472,904
HFW12-F7,2016,201604171734,DM,1,/Volumes/Seagate Portable Drive/KYLE_AI_DATABASE/A_CAMERA/Focal_species/Gulo gulo/HFW12-F7/DM/2016/COLOR/Robust marks/04.17-17.34/IMG_2231.JPG,IMG_2231.JPG,HFW12-F7_2016_201604171734_IMG_2231.jpg,0.916138768196106,592.8072509765625,408.99993896484375,470.909423828125,910.9314575195312,2048,1536,470,910
HFW12-F7,2016,201604171734,DM,1,/Volumes/Seagate Portable Drive/KYLE_AI_DATABASE/A_CAMERA/Focal_species/Gulo gulo/HFW12-F7/DM/2016/COLOR/Robust marks/04.17-17.34/IMG_2232.JPG,IMG_2232.JPG,HFW12-F7_2016_201604171734_IMG_2232.jpg,0.9298322200775146,591.885986328125,383.28369140625,471.52099609375,956.672119140625,2048,1536,471,956
HFW12-F7,2016,201604171734,DM,1,/Volumes/Seagate Portable Drive/KYLE_AI_DATABASE/A_CAMERA/Focal_species/Gulo gulo/HFW12-F7/DM/2016/COLOR/Robust marks/04.17-17.34/IMG_2233.JPG,IMG_2233.JPG,HFW12-F7_2016_201604171734_IMG_2233.jpg,0.9219595789909363,593.7960205078125,382.749267578125,468.5904541015625,930.103271484375,2048,1536,468,930
HFW12-F7,2016,201604171734,DM,1,/Volumes/Seagate Portable Drive/KYLE_AI_DATABASE/A_CAMERA/Focal_species/Gulo gulo/HFW12-F7/DM/2016/COLOR/Robust marks/04.17-17.34/IMG_2234.JPG,IMG_2234.JPG,HFW12-F7_2016_201604171734_IMG_2234.jpg,0.9191784262657166,590.24462890625,396.0819091796875,473.725341796875,948.9005126953125,2048,1536,473,948
HFW12-F7,2016,201604171734,DM,1,/Volumes/Seagate Portable Drive/KYLE_AI_DATABASE/A_CAMERA/Focal_species/Gulo gulo/HFW12-F7/DM/2016/COLOR/Robust marks/04.17-17.34/IMG_2235.JPG,IMG_2235.JPG,HFW12-F7_2016_201604171734_IMG_2235.jpg,0.9389355778694153,593.45166015625,379.8797607421875,468.0240478515625,948.3603515625,2048,1536,468,948
HFW12-F7,2016,201604171734,DM,1,/Volumes/Seagate Portable Drive/KYLE_AI_DATABASE/A_CAMERA/Focal_species/Gulo gulo/HFW12-F7/DM/2016/COLOR/Robust marks/04.17-17.34/IMG_2236.JPG,IMG_2236.JPG,HFW12-F7_2016_201604171734_IMG_2236.jpg,0.9317795038223267,591.70263671875,371.61700439453125,470.548828125,967.7156372070312,2048,1536,470,967
HFW12-F7,2016,201604171734,DM,1,/Volumes/Seagate Portable Drive/KYLE_AI_DATABASE/A_CAMERA/Focal_species/Gulo gulo/HFW12-F7/DM/2016/COLOR/Robust marks/04.17-17.34/IMG_2237.JPG,IMG_2237.JPG,HFW12-F7_2016_201604171734_IMG_2237.jpg,0.9345534443855286,593.6824951171875,425.46075439453125,469.0172119140625,903.9647827148438,2048,1536,469,903
HFW12-F7,2016,201604171734,DM,1,/Volumes/Seagate Portable Drive/KYLE_AI_DATABASE/A_CAMERA/Focal_species/Gulo gulo/HFW12-F7/DM/2016/COLOR/Robust marks/04.17-17.34/IMG_2238.JPG,IMG_2238.JPG,HFW12-F7_2016_201604171734_IMG_2238.jpg,0.9217142462730408,590.9219360351562,368.3735046386719,471.03704833984375,990.6881103515625,2048,1536,471,990
HFW12-F7,2016,201604171734,DM,1,/Volumes/Seagate Portable Drive/KYLE_AI_DATABASE/A_CAMERA/Focal_species/Gulo gulo/HFW12-F7/DM/2016/COLOR/Robust marks/04.17-17.34/IMG_2239.JPG,IMG_2239.JPG,HFW12-F7_2016_201604171734_IMG_2239.jpg,0.9295358061790466,590.6844482421875,392.05621337890625,470.1251220703125,953.9169311523438,2048,1536,470,953
HFW12-F7,2016,201604171734,DM,1,/Volumes/Seagate Portable Drive/KYLE_AI_DATABASE/A_CAMERA/Focal_species/Gulo gulo/HFW12-F7/DM/2016/COLOR/Robust marks/04.17-17.34/IMG_2240.JPG,IMG_2240.JPG,HFW12-F7_2016_201604171734_IMG_2240.jpg,0.9367767572402954,591.9090576171875,396.2685241699219,467.8511962890625,943.6429443359375,2048,1536,467,943
HFW12-F7,2016,201604171734,DM,1,/Volumes/Seagate Portable Drive/KYLE_AI_DATABASE/A_CAMERA/Focal_species/Gulo gulo/HFW12-F7/DM/2016/COLOR/Robust marks/04.17-17.34/IMG_2241.JPG,IMG_2241.JPG,HFW12-F7_2016_201604171734_IMG_2241.jpg,0.9542838931083679,594.328125,291.14056396484375,469.5589599609375,938.7023315429688,2048,1536,469,938
HFW12-F7,2016,201604171734,DM,1,/Volumes/Seagate Portable Drive/KYLE_AI_DATABASE/A_CAMERA/Focal_species/Gulo gulo/HFW12-F7/DM/2016/COLOR/Robust marks/04.17-17.34/IMG_2242.JPG,IMG_2242.JPG,HFW12-F7_2016_201604171734_IMG_2242.jpg,0.9297338128089905,590.6829833984375,404.1226806640625,479.7476806640625,771.3031005859375,2048,1536,479,771
HFW12-F7,2016,201604171734,DM,1,/Volumes/Seagate Portable Drive/KYLE_AI_DATABASE/A_CAMERA/Focal_species/Gulo gulo/HFW12-F7/DM/2016/COLOR/Robust marks/04.17-17.34/IMG_2243.JPG,IMG_2243.JPG,HFW12-F7_2016_201604171734_IMG_2243.jpg,0.9172075986862183,594.5829467773438,429.804443359375,467.72027587890625,823.055419921875,2048,1536,467,823
HFW12-F7,2016,201604171734,DM,1,/Volumes/Seagate Portable Drive/KYLE_AI_DATABASE/A_CAMERA/Focal_species/Gulo gulo/HFW12-F7/DM/2016/COLOR/Robust marks/04.17-17.34/IMG_2244.JPG,IMG_2244.JPG,HFW12-F7_2016_201604171734_IMG_2244.jpg,0.9197153449058533,592.943603515625,298.29034423828125,468.252197265625,936.3773803710938,2048,1536,468,936
HFW12-F7,2016,201604171734,DM,1,/Volumes/Seagate Portable Drive/KYLE_AI_DATABASE/A_CAMERA/Focal_species/Gulo gulo/HFW12-F7/DM/2016/COLOR/Robust marks/04.17-17.34/IMG_2245.JPG,IMG_2245.JPG,HFW12-F7_2016_201604171734_IMG_2245.jpg,0.95456463098526,596.7059326171875,100.6083984375,462.30859375,1155.93212890625,2048,1536,462,1155
HFW12-F7,2016,201604171734,DM,1,/Volumes/Seagate Portable Drive/KYLE_AI_DATABASE/A_CAMERA/Focal_species/Gulo gulo/HFW12-F7/DM/2016/COLOR/Robust marks/04.17-17.34/IMG_2246.JPG,IMG_2246.JPG,HFW12-F7_2016_201604171734_IMG_2246.jpg,0.9563479423522949,592.6356811523438,246.3178253173828,467.08282470703125,991.9932250976562,2048,1536,467,991
HFW12-F7,2016,201604171734,DM,1,/Volumes/Seagate Portable Drive/KYLE_AI_DATABASE/A_CAMERA/Focal_species/Gulo gulo/HFW12-F7/DM/2016/COLOR/Robust marks/04.17-17.34/IMG_2247.JPG,IMG_2247.JPG,HFW12-F7_2016_201604171734_IMG_2247.jpg,0.9516756534576416,593.466064453125,250.16111755371094,467.6002197265625,983.1043701171875,2048,1536,467,983
HFW12-F7,2016,201604171734,DM,1,/Volumes/Seagate Portable Drive/KYLE_AI_DATABASE/A_CAMERA/Focal_species/Gulo gulo/HFW12-F7/DM/2016/COLOR/Robust marks/04.17-17.34/IMG_2248.JPG,IMG_2248.JPG,HFW12-F7_2016_201604171734_IMG_2248.jpg,0.9544995427131653,594.7000732421875,249.637939453125,464.0362548828125,1004.664306640625,2048,1536,464,1004
HFW12-F7,2016,201604171734,DM,1,/Volumes/Seagate Portable Drive/KYLE_AI_DATABASE/A_CAMERA/Focal_species/Gulo gulo/HFW12-F7/DM/2016/COLOR/Robust marks/04.17-17.34/IMG_2249.JPG,IMG_2249.JPG,HFW12-F7_2016_201604171734_IMG_2249.jpg,0.8697847723960876,594.33154296875,323.137939453125,464.724365234375,983.443115234375,2048,1536,464,983
HFW12-F7,2016,201604171734,DM,1,/Volumes/Seagate Portable Drive/KYLE_AI_DATABASE/A_CAMERA/Focal_species/Gulo gulo/HFW12-F7/DM/2016/COLOR/Robust marks/04.17-17.34/IMG_2250.JPG,IMG_2250.JPG,HFW12-F7_2016_201604171734_IMG_2250.jpg,0.9537235498428345,594.33203125,321.0123291015625,463.8359375,935.1915283203125,2048,1536,463,935
HFW12-F7,2016,201604171734,DM,1,/Volumes/Seagate Portable Drive/KYLE_AI_DATABASE/A_CAMERA/Focal_species/Gulo gulo/HFW12-F7/DM/2016/COLOR/Robust marks/04.17-17.34/IMG_2251.JPG,IMG_2251.JPG,HFW12-F7_2016_201604171734_IMG_2251.jpg,0.9477452635765076,596.2182006835938,330.0868835449219,462.38592529296875,964.2930908203125,2048,1536,462,964
HFW12-F7,2016,201604171734,DM,1,/Volumes/Seagate Portable Drive/KYLE_AI_DATABASE/A_CAMERA/Focal_species/Gulo gulo/HFW12-F7/DM/2016/COLOR/Robust marks/04.17-17.34/IMG_2252.JPG,IMG_2252.JPG,HFW12-F7_2016_201604171734_IMG_2252.jpg,0.9509595036506653,596.4942626953125,278.885009765625,462.642578125,998.816650390625,2048,1536,462,998
HFW12-F7,2016,201604171734,DM,1,/Volumes/Seagate Portable Drive/KYLE_AI_DATABASE/A_CAMERA/Focal_species/Gulo gulo/HFW12-F7/DM/2016/COLOR/Robust marks/04.17-17.34/IMG_2253.JPG,IMG_2253.JPG,HFW12-F7_2016_201604171734_IMG_2253.jpg,0.9620112180709839,596.8931884765625,331.0008544921875,465.6793212890625,927.5616455078125,2048,1536,465,927
HFW12-F7,2016,201604171734,DM,1,/Volumes/Seagate Portable Drive/KYLE_AI_DATABASE/A_CAMERA/Focal_species/Gulo gulo/HFW12-F7/DM/2016/COLOR/Robust marks/04.17-17.34/IMG_2254.JPG,IMG_2254.JPG,HFW12-F7_2016_201604171734_IMG_2254.jpg,0.941746175289154,596.7547607421875,347.77337646484375,462.4130859375,968.1904907226562,2048,1536,462,968
HFW12-F7,2016,201604171734,DM,1,/Volumes/Seagate Portable Drive/KYLE_AI_DATABASE/A_CAMERA/Focal_species/Gulo gulo/HFW12-F7/DM/2016/COLOR/Robust marks/04.17-17.34/IMG_2255.JPG,IMG_2255.JPG,HFW12-F7_2016_201604171734_IMG_2255.jpg,0.9427434206008911,596.7080688476562,377.7523193359375,460.75445556640625,881.6749267578125,2048,1536,460,881
HFW12-F7,2016,201604171734,DM,1,/Volumes/Seagate Portable Drive/KYLE_AI_DATABASE/A_CAMERA/Focal_species/Gulo gulo/HFW12-F7/DM/2016/COLOR/Robust marks/04.17-17.34/IMG_2256.JPG,IMG_2256.JPG,HFW12-F7_2016_201604171734_IMG_2256.jpg,0.9078542590141296,594.7974853515625,400.870361328125,466.5770263671875,933.8963623046875,2048,1536,466,933
HFW12-F7,2016,201604171734,DM,1,/Volumes/Seagate Portable Drive/KYLE_AI_DATABASE/A_CAMERA/Focal_species/Gulo gulo/HFW12-F7/DM/2016/COLOR/Robust marks/04.17-17.34/IMG_2257.JPG,IMG_2257.JPG,HFW12-F7_2016_201604171734_IMG_2257.jpg,0.9023604393005371,594.0631103515625,452.8380126953125,456.0191650390625,911.3455810546875,2048,1536,456,911
HFW12-F7,2016,201604171734,DM,1,/Volumes/Seagate Portable Drive/KYLE_AI_DATABASE/A_CAMERA/Focal_species/Gulo gulo/HFW12-F7/DM/2016/COLOR/Robust marks/04.17-17.34/IMG_2258.JPG,IMG_2258.JPG,HFW12-F7_2016_201604171734_IMG_2258.jpg,0.9424705505371094,593.3447875976562,328.56182861328125,466.25909423828125,997.4890747070312,2048,1536,466,997
HFW12-F7,2016,201604171734,DM,1,/Volumes/Seagate Portable Drive/KYLE_AI_DATABASE/A_CAMERA/Focal_species/Gulo gulo/HFW12-F7/DM/2016/COLOR/Robust marks/04.17-17.34/IMG_2259.JPG,IMG_2259.JPG,HFW12-F7_2016_201604171734_IMG_2259.jpg,0.9062627553939819,596.0482788085938,422.1939697265625,479.50897216796875,932.96484375,2048,1536,479,932
HFW12-F7,2016,201604171734,DM,1,/Volumes/Seagate Portable Drive/KYLE_AI_DATABASE/A_CAMERA/Focal_species/Gulo gulo/HFW12-F7/DM/2016/COLOR/Robust marks/04.17-17.34/IMG_2260.JPG,IMG_2260.JPG,HFW12-F7_2016_201604171734_IMG_2260.jpg,0.924761950969696,595.1953125,369.53875732421875,470.84228515625,869.1481323242188,2048,1536,470,869
HFW12-F7,2016,201604171734,DM,1,/Volumes/Seagate Portable Drive/KYLE_AI_DATABASE/A_CAMERA/Focal_species/Gulo gulo/HFW12-F7/DM/2016/COLOR/Robust marks/04.17-17.34/IMG_2261.JPG,IMG_2261.JPG,HFW12-F7_2016_201604171734_IMG_2261.jpg,0.8819289803504944,598.0372924804688,344.3392333984375,467.46759033203125,908.4500732421875,2048,1536,467,908
HFW12-F7,2016,201604171734,DM,1,/Volumes/Seagate Portable Drive/KYLE_AI_DATABASE/A_CAMERA/Focal_species/Gulo gulo/HFW12-F7/DM/2016/COLOR/Robust marks/04.17-17.34/IMG_2262.JPG,IMG_2262.JPG,HFW12-F7_2016_201604171734_IMG_2262.jpg,0.959535539150238,598.498046875,297.7864990234375,463.4632568359375,930.5560302734375,2048,1536,463,930
HFW12-F7,2016,201604171734,DM,1,/Volumes/Seagate Portable Drive/KYLE_AI_DATABASE/A_CAMERA/Focal_species/Gulo gulo/HFW12-F7/DM/2016/COLOR/Robust marks/04.17-17.34/IMG_2263.JPG,IMG_2263.JPG,HFW12-F7_2016_201604171734_IMG_2263.jpg,0.946453332901001,596.0859985351562,329.63714599609375,463.49127197265625,923.2276000976562,2048,1536,463,923
HFW12-F7,2016,201604171734,DM,1,/Volumes/Seagate Portable Drive/KYLE_AI_DATABASE/A_CAMERA/Focal_species/Gulo gulo/HFW12-F7/DM/2016/COLOR/Robust marks/04.17-17.34/IMG_2264.JPG,IMG_2264.JPG,HFW12-F7_2016_201604171734_IMG_2264.jpg,0.949162483215332,595.88232421875,326.5639343261719,462.825927734375,924.2735595703125,2048,1536,462,924
HFW12-F7,2016,201604171734,DM,1,/Volumes/Seagate Portable Drive/KYLE_AI_DATABASE/A_CAMERA/Focal_species/Gulo gulo/HFW12-F7/DM/2016/COLOR/Robust marks/04.17-17.34/IMG_2265.JPG,IMG_2265.JPG,HFW12-F7_2016_201604171734_IMG_2265.jpg,0.9373078346252441,597.7211303710938,282.62750244140625,463.08966064453125,962.1083374023438,2048,1536,463,962
HFW12-F7,2016,201604171734,DM,1,/Volumes/Seagate Portable Drive/KYLE_AI_DATABASE/A_CAMERA/Focal_species/Gulo gulo/HFW12-F7/DM/2016/COLOR/Robust marks/04.17-17.34/IMG_2266.JPG,IMG_2266.JPG,HFW12-F7_2016_201604171734_IMG_2266.jpg,0.9282202124595642,595.4617919921875,281.94073486328125,466.68603515625,926.9767456054688,2048,1536,466,926
HFW12-F7,2016,201604171734,DM,1,/Volumes/Seagate Portable Drive/KYLE_AI_DATABASE/A_CAMERA/Focal_species/Gulo gulo/HFW12-F7/DM/2016/COLOR/Robust marks/04.17-17.34/IMG_2267.JPG,IMG_2267.JPG,HFW12-F7_2016_201604171734_IMG_2267.jpg,0.9560257792472839,597.7567138671875,175.77232360839844,464.69970703125,1018.9237060546875,2048,1536,464,1018
HFW12-F7,2016,201604171734,DM,1,/Volumes/Seagate Portable Drive/KYLE_AI_DATABASE/A_CAMERA/Focal_species/Gulo gulo/HFW12-F7/DM/2016/COLOR/Robust marks/04.17-17.34/IMG_2268.JPG,IMG_2268.JPG,HFW12-F7_2016_201604171734_IMG_2268.jpg,0.945635974407196,595.1004028320312,171.8037872314453,471.03460693359375,1013.4196166992188,2048,1536,471,1013
HFW12-F7,2016,201604171734,DM,1,/Volumes/Seagate Portable Drive/KYLE_AI_DATABASE/A_CAMERA/Focal_species/Gulo gulo/HFW12-F7/DM/2016/COLOR/Robust marks/04.17-17.34/IMG_2269.JPG,IMG_2269.JPG,HFW12-F7_2016_201604171734_IMG_2269.jpg,0.9325119256973267,597.1317749023438,196.53099060058594,465.45977783203125,1002.19873046875,2048,1536,465,1002
HFW12-F7,2016,201604171734,DM,1,/Volumes/Seagate Portable Drive/KYLE_AI_DATABASE/A_CAMERA/Focal_species/Gulo gulo/HFW12-F7/DM/2016/COLOR/Robust marks/04.17-17.34/IMG_2270.JPG,IMG_2270.JPG,HFW12-F7_2016_201604171734_IMG_2270.jpg,0.9065724015235901,597.836669921875,188.25022888183594,464.195556640625,1039.4158935546875,2048,1536,464,1039
HFW12-F7,2016,201604171734,DM,1,/Volumes/Seagate Portable Drive/KYLE_AI_DATABASE/A_CAMERA/Focal_species/Gulo gulo/HFW12-F7/DM/2016/COLOR/Robust marks/04.17-17.34/IMG_2271.JPG,IMG_2271.JPG,HFW12-F7_2016_201604171734_IMG_2271.jpg,0.9388746023178101,595.0906982421875,313.41485595703125,465.1712646484375,912.6187133789062,2048,1536,465,912
HFW12-F7,2016,201604171734,DM,1,/Volumes/Seagate Portable Drive/KYLE_AI_DATABASE/A_CAMERA/Focal_species/Gulo gulo/HFW12-F7/DM/2016/COLOR/Robust marks/04.17-17.34/IMG_2272.JPG,IMG_2272.JPG,HFW12-F7_2016_201604171734_IMG_2272.jpg,0.9478313326835632,596.4769287109375,262.9288330078125,463.065673828125,976.1953125,2048,1536,463,976
HFW12-F7,2016,201604171734,DM,1,/Volumes/Seagate Portable Drive/KYLE_AI_DATABASE/A_CAMERA/Focal_species/Gulo gulo/HFW12-F7/DM/2016/COLOR/Robust marks/04.17-17.34/IMG_2273.JPG,IMG_2273.JPG,HFW12-F7_2016_201604171734_IMG_2273.jpg,0.9469015002250671,596.2513427734375,258.189453125,462.874267578125,994.15234375,2048,1536,462,994
HFW12-F7,2016,201604171734,DM,1,/Volumes/Seagate Portable Drive/KYLE_AI_DATABASE/A_CAMERA/Focal_species/Gulo gulo/HFW12-F7/DM/2016/COLOR/Robust marks/04.17-17.34/IMG_2274.JPG,IMG_2274.JPG,HFW12-F7_2016_201604171734_IMG_2274.jpg,0.9608949422836304,597.0321044921875,251.40087890625,462.5643310546875,990.7392578125,2048,1536,462,990
HFW12-F7,2016,201604171734,DM,1,/Volumes/Seagate Portable Drive/KYLE_AI_DATABASE/A_CAMERA/Focal_species/Gulo gulo/HFW12-F7/DM/2016/COLOR/Robust marks/04.17-17.34/IMG_2275.JPG,IMG_2275.JPG,HFW12-F7_2016_201604171734_IMG_2275.jpg,0.9518568515777588,597.5,260.07513427734375,463.2462158203125,972.3240356445312,2048,1536,463,972
HFW12-F7,2016,201604171734,DM,1,/Volumes/Seagate Portable Drive/KYLE_AI_DATABASE/A_CAMERA/Focal_species/Gulo gulo/HFW12-F7/DM/2016/COLOR/Robust marks/04.17-17.34/IMG_2276.JPG,IMG_2276.JPG,HFW12-F7_2016_201604171734_IMG_2276.jpg,0.9323595762252808,653.15185546875,374.12939453125,556.4833984375,824.87255859375,2048,1536,556,824
HFW12-F7,2016,201604171734,DM,1,/Volumes/Seagate Portable Drive/KYLE_AI_DATABASE/A_CAMERA/Focal_species/Gulo gulo/HFW12-F7/DM/2016/COLOR/Robust marks/04.17-17.34/IMG_2277.JPG,IMG_2277.JPG,HFW12-F7_2016_201604171734_IMG_2277.jpg,0.9281534552574158,644.9580688476562,402.132568359375,687.7753295898438,704.202880859375,2048,1536,687,704
HFW12-F7,2016,201604171734,DM,1,/Volumes/Seagate Portable Drive/KYLE_AI_DATABASE/A_CAMERA/Focal_species/Gulo gulo/HFW12-F7/DM/2016/COLOR/Robust marks/04.17-17.34/IMG_2278.JPG,IMG_2278.JPG,HFW12-F7_2016_201604171734_IMG_2278.jpg,0.9250203371047974,649.5442504882812,399.7555847167969,624.5387573242188,744.210205078125,2048,1536,624,744
HFW12-F7,2016,201604171734,DM,1,/Volumes/Seagate Portable Drive/KYLE_AI_DATABASE/A_CAMERA/Focal_species/Gulo gulo/HFW12-F7/DM/2016/COLOR/Robust marks/04.17-17.34/IMG_2279.JPG,IMG_2279.JPG,HFW12-F7_2016_201604171734_IMG_2279.jpg,0.9365649223327637,655.6234130859375,357.74200439453125,626.941162109375,818.2919311523438,2048,1536,626,818
HFW12-F7,2016,201604171734,DM,1,/Volumes/Seagate Portable Drive/KYLE_AI_DATABASE/A_CAMERA/Focal_species/Gulo gulo/HFW12-F7/DM/2016/COLOR/Robust marks/04.17-17.34/IMG_2280.JPG,IMG_2280.JPG,HFW12-F7_2016_201604171734_IMG_2280.jpg,0.9062070250511169,685.4644775390625,260.2464599609375,613.534912109375,902.2733154296875,2048,1536,613,902
HFW12-F7,2016,201604171734,DM,1,/Volumes/Seagate Portable Drive/KYLE_AI_DATABASE/A_CAMERA/Focal_species/Gulo gulo/HFW12-F7/DM/2016/COLOR/Robust marks/04.17-17.34/IMG_2281.JPG,IMG_2281.JPG,HFW12-F7_2016_201604171734_IMG_2281.jpg,0.903685986995697,791.0338134765625,413.0089111328125,553.169189453125,790.4881591796875,2048,1536,553,790
HFW12-F7,2016,201604171734,DM,1,/Volumes/Seagate Portable Drive/KYLE_AI_DATABASE/A_CAMERA/Focal_species/Gulo gulo/HFW12-F7/DM/2016/COLOR/Robust marks/04.17-17.34/IMG_2282.JPG,IMG_2282.JPG,HFW12-F7_2016_201604171734_IMG_2282.jpg,0.9285552501678467,762.9722290039062,151.00506591796875,532.0548706054688,976.5048217773438,2048,1536,532,976
HFW12-F7,2016,201604171734,DM,1,/Volumes/Seagate Portable Drive/KYLE_AI_DATABASE/A_CAMERA/Focal_species/Gulo gulo/HFW12-F7/DM/2016/COLOR/Robust marks/04.17-17.34/IMG_2283.JPG,IMG_2283.JPG,HFW12-F7_2016_201604171734_IMG_2283.jpg,0.9522045850753784,797.460205078125,310.806396484375,553.428955078125,898.41455078125,2048,1536,553,898
HFW12-F7,2016,201604171734,DM,1,/Volumes/Seagate Portable Drive/KYLE_AI_DATABASE/A_CAMERA/Focal_species/Gulo gulo/HFW12-F7/DM/2016/COLOR/Robust marks/04.17-17.34/IMG_2284.JPG,IMG_2284.JPG,HFW12-F7_2016_201604171734_IMG_2284.jpg,0.9167113900184631,777.9925537109375,271.86285400390625,519.835205078125,973.5820922851562,2048,1536,519,973
HFW12-F7,2016,201604171734,DM,1,/Volumes/Seagate Portable Drive/KYLE_AI_DATABASE/A_CAMERA/Focal_species/Gulo gulo/HFW12-F7/DM/2016/COLOR/Robust marks/04.17-17.34/IMG_2285.JPG,IMG_2285.JPG,HFW12-F7_2016_201604171734_IMG_2285.jpg,0.9353963136672974,771.15478515625,309.4952392578125,535.157958984375,943.1016845703125,2048,1536,535,943
HFW12-F7,2016,201604171734,DM,1,/Volumes/Seagate Portable Drive/KYLE_AI_DATABASE/A_CAMERA/Focal_species/Gulo gulo/HFW12-F7/DM/2016/COLOR/Robust marks/04.17-17.34/IMG_2286.JPG,IMG_2286.JPG,HFW12-F7_2016_201604171734_IMG_2286.jpg,0.9543277621269226,821.6988525390625,224.99464416503906,489.03173828125,961.85107421875,2048,1536,489,961
HFW12-F7,2016,201604171734,DM,1,/Volumes/Seagate Portable Drive/KYLE_AI_DATABASE/A_CAMERA/Focal_species/Gulo gulo/HFW12-F7/DM/2016/COLOR/Robust marks/04.17-17.34/IMG_2287.JPG,IMG_2287.JPG,HFW12-F7_2016_201604171734_IMG_2287.jpg,0.9406468868255615,768.5731201171875,333.1690673828125,539.260009765625,867.12353515625,2048,1536,539,867
HFW12-F7,2016,201604171734,DM,1,/Volumes/Seagate Portable Drive/KYLE_AI_DATABASE/A_CAMERA/Focal_species/Gulo gulo/HFW12-F7/DM/2016/COLOR/Robust marks/04.17-17.34/IMG_2288.JPG,IMG_2288.JPG,HFW12-F7_2016_201604171734_IMG_2288.jpg,0.9690947532653809,760.6668701171875,232.6479949951172,524.528076171875,952.1559448242188,2048,1536,524,952
HFW12-F7,2016,201604171734,DM,1,/Volumes/Seagate Portable Drive/KYLE_AI_DATABASE/A_CAMERA/Focal_species/Gulo gulo/HFW12-F7/DM/2016/COLOR/Robust marks/04.17-17.34/IMG_2289.JPG,IMG_2289.JPG,HFW12-F7_2016_201604171734_IMG_2289.jpg,0.9448667168617249,682.0719604492188,234.74569702148438,610.5957641601562,1013.3521728515625,2048,1536,610,1013
HFW12-F7,2016,201604171734,DM,1,/Volumes/Seagate Portable Drive/KYLE_AI_DATABASE/A_CAMERA/Focal_species/Gulo gulo/HFW12-F7/DM/2016/COLOR/Robust marks/04.17-17.34/IMG_2290.JPG,IMG_2290.JPG,HFW12-F7_2016_201604171734_IMG_2290.jpg,0.955522358417511,800.28564453125,241.5747528076172,476.44677734375,964.6151733398438,2048,1536,476,964
HFW12-F7,2016,201604171734,DM,1,/Volumes/Seagate Portable Drive/KYLE_AI_DATABASE/A_CAMERA/Focal_species/Gulo gulo/HFW12-F7/DM/2016/COLOR/Robust marks/04.17-17.34/IMG_2291.JPG,IMG_2291.JPG,HFW12-F7_2016_201604171734_IMG_2291.jpg,0.9426240921020508,814.7031860351562,304.40771484375,460.49114990234375,899.6468505859375,2048,1536,460,899
HFW12-F7,2016,201604171734,DM,1,/Volumes/Seagate Portable Drive/KYLE_AI_DATABASE/A_CAMERA/Focal_species/Gulo gulo/HFW12-F7/DM/2016/COLOR/Robust marks/04.17-17.34/IMG_2292.JPG,IMG_2292.JPG,HFW12-F7_2016_201604171734_IMG_2292.jpg,0.9639098048210144,790.4149780273438,327.6340026855469,514.7415161132812,888.5643310546875,2048,1536,514,888
HFW12-F7,2016,201604171734,DM,1,/Volumes/Seagate Portable Drive/KYLE_AI_DATABASE/A_CAMERA/Focal_species/Gulo gulo/HFW12-F7/DM/2016/COLOR/Robust marks/04.17-17.34/IMG_2293.JPG,IMG_2293.JPG,HFW12-F7_2016_201604171734_IMG_2293.jpg,0.9628645777702332,790.5003662109375,335.5169677734375,516.994140625,878.6314697265625,2048,1536,516,878
HFW12-F7,2016,201604171734,DM,1,/Volumes/Seagate Portable Drive/KYLE_AI_DATABASE/A_CAMERA/Focal_species/Gulo gulo/HFW12-F7/DM/2016/COLOR/Robust marks/04.17-17.34/IMG_2294.JPG,IMG_2294.JPG,HFW12-F7_2016_201604171734_IMG_2294.jpg,0.9627551436424255,791.5657958984375,334.89105224609375,518.49755859375,882.4860229492188,2048,1536,518,882
HFW12-F7,2016,201604171734,DM,1,/Volumes/Seagate Portable Drive/KYLE_AI_DATABASE/A_CAMERA/Focal_species/Gulo gulo/HFW12-F7/DM/2016/COLOR/Robust marks/04.17-17.34/IMG_2295.JPG,IMG_2295.JPG,HFW12-F7_2016_201604171734_IMG_2295.jpg,0.960773229598999,793.021728515625,338.18316650390625,517.906005859375,878.7887573242188,2048,1536,517,878
HFW12-F7,2016,201604171734,DM,1,/Volumes/Seagate Portable Drive/KYLE_AI_DATABASE/A_CAMERA/Focal_species/Gulo gulo/HFW12-F7/DM/2016/COLOR/Robust marks/04.17-17.34/IMG_2296.JPG,IMG_2296.JPG,HFW12-F7_2016_201604171734_IMG_2296.jpg,0.9633138179779053,798.9205322265625,334.8052978515625,512.406982421875,894.6683349609375,2048,1536,512,894
HFW12-F7,2016,201604171734,DM,1,/Volumes/Seagate Portable Drive/KYLE_AI_DATABASE/A_CAMERA/Focal_species/Gulo gulo/HFW12-F7/DM/2016/COLOR/Robust marks/04.17-17.34/IMG_2297.JPG,IMG_2297.JPG,HFW12-F7_2016_201604171734_IMG_2297.jpg,0.9032798409461975,798.0294799804688,329.40460205078125,472.33489990234375,876.0991821289062,2048,1536,472,876
HFW12-F7,2016,201604171734,DM,1,/Volumes/Seagate Portable Drive/KYLE_AI_DATABASE/A_CAMERA/Focal_species/Gulo gulo/HFW12-F7/DM/2016/COLOR/Robust marks/04.17-17.34/IMG_2298.JPG,IMG_2298.JPG,HFW12-F7_2016_201604171734_IMG_2298.jpg,0.9552763104438782,718.8901977539062,317.8644104003906,588.9342651367188,889.0989990234375,2048,1536,588,889
HFW12-F7,2016,201604171734,DM,1,/Volumes/Seagate Portable Drive/KYLE_AI_DATABASE/A_CAMERA/Focal_species/Gulo gulo/HFW12-F7/DM/2016/COLOR/Robust marks/04.17-17.34/IMG_2299.JPG,IMG_2299.JPG,HFW12-F7_2016_201604171734_IMG_2299.jpg,0.9381764531135559,837.0579833984375,269.36761474609375,448.253662109375,1012.6216430664062,2048,1536,448,1012
HFW12-F7,2016,201604171734,DM,1,/Volumes/Seagate Portable Drive/KYLE_AI_DATABASE/A_CAMERA/Focal_species/Gulo gulo/HFW12-F7/DM/2016/COLOR/Robust marks/04.17-17.34/IMG_2300.JPG,IMG_2300.JPG,HFW12-F7_2016_201604171734_IMG_2300.jpg,0.8535780906677246,831.465087890625,328.23486328125,460.62939453125,879.3284912109375,2048,1536,460,879
HFW12-F7,2016,201604171734,DM,1,/Volumes/Seagate Portable Drive/KYLE_AI_DATABASE/A_CAMERA/Focal_species/Gulo gulo/HFW12-F7/DM/2016/COLOR/Robust marks/04.17-17.34/IMG_2301.JPG,IMG_2301.JPG,HFW12-F7_2016_201604171734_IMG_2301.jpg,0.9577522277832031,812.9493408203125,277.7750244140625,489.440185546875,913.496337890625,2048,1536,489,913
HFW12-F7,2016,201604171734,DM,1,/Volumes/Seagate Portable Drive/KYLE_AI_DATABASE/A_CAMERA/Focal_species/Gulo gulo/HFW12-F7/DM/2016/COLOR/Robust marks/04.17-17.34/IMG_2302.JPG,IMG_2302.JPG,HFW12-F7_2016_201604171734_IMG_2302.jpg,0.9647563099861145,784.4375,289.7253112792969,529.0458984375,902.0244140625,2048,1536,529,902
HFW12-F7,2016,201604171734,DM,1,/Volumes/Seagate Portable Drive/KYLE_AI_DATABASE/A_CAMERA/Focal_species/Gulo gulo/HFW12-F7/DM/2016/COLOR/Robust marks/04.17-17.34/IMG_2303.JPG,IMG_2303.JPG,HFW12-F7_2016_201604171734_IMG_2303.jpg,0.9559898376464844,799.8817138671875,275.77117919921875,481.7607421875,924.2034301757812,2048,1536,481,924
HFW12-F7,2016,201604171734,DM,1,/Volumes/Seagate Portable Drive/KYLE_AI_DATABASE/A_CAMERA/Focal_species/Gulo gulo/HFW12-F7/DM/2016/COLOR/Robust marks/04.17-17.34/IMG_2304.JPG,IMG_2304.JPG,HFW12-F7_2016_201604171734_IMG_2304.jpg,0.9230371713638306,791.07763671875,270.04888916015625,491.68994140625,939.2814331054688,2048,1536,491,939
HFW12-F7,2016,201604171734,DM,1,/Volumes/Seagate Portable Drive/KYLE_AI_DATABASE/A_CAMERA/Focal_species/Gulo gulo/HFW12-F7/DM/2016/COLOR/Robust marks/04.17-17.34/IMG_2305.JPG,IMG_2305.JPG,HFW12-F7_2016_201604171734_IMG_2305.jpg,0.9548346400260925,790.19287109375,301.0632019042969,501.837890625,917.8310546875,2048,1536,501,917
HFW12-F7,2016,201604171734,DM,1,/Volumes/Seagate Portable Drive/KYLE_AI_DATABASE/A_CAMERA/Focal_species/Gulo gulo/HFW12-F7/DM/2016/COLOR/Robust marks/04.17-17.34/IMG_2306.JPG,IMG_2306.JPG,HFW12-F7_2016_201604171734_IMG_2306.jpg,0.9523641467094421,791.7242431640625,297.16619873046875,492.81689453125,913.7280883789062,2048,1536,492,913
HFW12-F7,2016,201604171734,DM,1,/Volumes/Seagate Portable Drive/KYLE_AI_DATABASE/A_CAMERA/Focal_species/Gulo gulo/HFW12-F7/DM/2016/COLOR/Robust marks/04.17-17.34/IMG_2307.JPG,IMG_2307.JPG,HFW12-F7_2016_201604171734_IMG_2307.jpg,0.9593993425369263,783.026123046875,295.759765625,500.70458984375,914.9830322265625,2048,1536,500,914
HFW12-F7,2016,201604171734,DM,1,/Volumes/Seagate Portable Drive/KYLE_AI_DATABASE/A_CAMERA/Focal_species/Gulo gulo/HFW12-F7/DM/2016/COLOR/Robust marks/04.17-17.34/IMG_2308.JPG,IMG_2308.JPG,HFW12-F7_2016_201604171734_IMG_2308.jpg,0.9477994441986084,819.9173583984375,247.70223999023438,460.6455078125,939.52099609375,2048,1536,460,939
HFW12-F7,2016,201604171734,DM,1,/Volumes/Seagate Portable Drive/KYLE_AI_DATABASE/A_CAMERA/Focal_species/Gulo gulo/HFW12-F7/DM/2016/COLOR/Robust marks/04.17-17.34/IMG_2309.JPG,IMG_2309.JPG,HFW12-F7_2016_201604171734_IMG_2309.jpg,0.9553832411766052,827.16748046875,249.7240447998047,490.82958984375,927.9990844726562,2048,1536,490,927
HFW12-F7,2016,201604171734,DM,1,/Volumes/Seagate Portable Drive/KYLE_AI_DATABASE/A_CAMERA/Focal_species/Gulo gulo/HFW12-F7/DM/2016/COLOR/Robust marks/04.17-17.34/IMG_2310.JPG,IMG_2310.JPG,HFW12-F7_2016_201604171734_IMG_2310.jpg,0.9574165344238281,823.818603515625,248.91165161132812,483.15185546875,934.55859375,2048,1536,483,934
HFW12-F7,2016,201604171734,DM,1,/Volumes/Seagate Portable Drive/KYLE_AI_DATABASE/A_CAMERA/Focal_species/Gulo gulo/HFW12-F7/DM/2016/COLOR/Robust marks/04.17-17.34/IMG_2311.JPG,IMG_2311.JPG,HFW12-F7_2016_201604171734_IMG_2311.jpg,0.9326806664466858,722.213623046875,403.564453125,602.0367431640625,761.2701416015625,2048,1536,602,761
HFW12-F7,2016,201604171734,DM,1,/Volumes/Seagate Portable Drive/KYLE_AI_DATABASE/A_CAMERA/Focal_species/Gulo gulo/HFW12-F7/DM/2016/COLOR/Robust marks/04.17-17.34/IMG_2312.JPG,IMG_2312.JPG,HFW12-F7_2016_201604171734_IMG_2312.jpg,0.9494889974594116,722.74365234375,173.5414581298828,704.66650390625,976.3489379882812,2048,1536,704,976
HFW12-F7,2016,201604171734,DM,1,/Volumes/Seagate Portable Drive/KYLE_AI_DATABASE/A_CAMERA/Focal_species/Gulo gulo/HFW12-F7/DM/2016/COLOR/Robust marks/04.17-17.34/IMG_2313.JPG,IMG_2313.JPG,HFW12-F7_2016_201604171734_IMG_2313.jpg,0.8854164481163025,726.8189697265625,312.4266357421875,743.736572265625,793.8043212890625,2048,1536,743,793
HFW12-F7,2016,201604171734,DM,1,/Volumes/Seagate Portable Drive/KYLE_AI_DATABASE/A_CAMERA/Focal_species/Gulo gulo/HFW12-F7/DM/2016/COLOR/Robust marks/04.17-17.34/IMG_2314.JPG,IMG_2314.JPG,HFW12-F7_2016_201604171734_IMG_2314.jpg,0.9125239253044128,751.80224609375,423.14764404296875,632.47412109375,738.3814086914062,2048,1536,632,738
HFW12-F7,2016,201604171734,DM,1,/Volumes/Seagate Portable Drive/KYLE_AI_DATABASE/A_CAMERA/Focal_species/Gulo gulo/HFW12-F7/DM/2016/COLOR/Robust marks/04.17-17.34/IMG_2315.JPG,IMG_2315.JPG,HFW12-F7_2016_201604171734_IMG_2315.jpg,0.9664804935455322,860.2869262695312,244.99658203125,451.40814208984375,968.12158203125,2048,1536,451,968
HFW12-F7,2016,201604171734,DM,1,/Volumes/Seagate Portable Drive/KYLE_AI_DATABASE/A_CAMERA/Focal_species/Gulo gulo/HFW12-F7/DM/2016/COLOR/Robust marks/04.17-17.34/IMG_2316.JPG,IMG_2316.JPG,HFW12-F7_2016_201604171734_IMG_2316.jpg,0.9704796671867371,808.7918701171875,166.79855346679688,563.355712890625,999.3951416015625,2048,1536,563,999
HFW12-F7,2016,201604171734,DM,1,/Volumes/Seagate Portable Drive/KYLE_AI_DATABASE/A_CAMERA/Focal_species/Gulo gulo/HFW12-F7/DM/2016/COLOR/Robust marks/04.17-17.34/IMG_2317.JPG,IMG_2317.JPG,HFW12-F7_2016_201604171734_IMG_2317.jpg,0.9488692879676819,815.18603515625,220.49835205078125,507.55078125,962.0469360351562,2048,1536,507,962
HFW12-F7,2016,201604171734,DM,1,/Volumes/Seagate Portable Drive/KYLE_AI_DATABASE/A_CAMERA/Focal_species/Gulo gulo/HFW12-F7/DM/2016/COLOR/Robust marks/04.17-17.34/IMG_2318.JPG,IMG_2318.JPG,HFW12-F7_2016_201604171734_IMG_2318.jpg,0.9423299431800842,819.6854248046875,218.73770141601562,500.995849609375,958.4608154296875,2048,1536,500,958
HFW12-F7,2016,201604171734,DM,1,/Volumes/Seagate Portable Drive/KYLE_AI_DATABASE/A_CAMERA/Focal_species/Gulo gulo/HFW12-F7/DM/2016/COLOR/Robust marks/04.17-17.34/IMG_2319.JPG,IMG_2319.JPG,HFW12-F7_2016_201604171734_IMG_2319.jpg,0.9461671113967896,779.3751831054688,230.77267456054688,511.17706298828125,942.230712890625,2048,1536,511,942
HFW12-F7,2016,201604171734,DM,1,/Volumes/Seagate Portable Drive/KYLE_AI_DATABASE/A_CAMERA/Focal_species/Gulo gulo/HFW12-F7/DM/2016/COLOR/Robust marks/04.17-17.34/IMG_2320.JPG,IMG_2320.JPG,HFW12-F7_2016_201604171734_IMG_2320.jpg,0.958181619644165,735.5077514648438,257.49188232421875,571.5620727539062,910.7651977539062,2048,1536,571,910
HFW12-F7,2016,201604171734,DM,1,/Volumes/Seagate Portable Drive/KYLE_AI_DATABASE/A_CAMERA/Focal_species/Gulo gulo/HFW12-F7/DM/2016/COLOR/Robust marks/04.17-17.34/IMG_2321.JPG,IMG_2321.JPG,HFW12-F7_2016_201604171734_IMG_2321.jpg,0.9366772770881653,734.1657104492188,152.75711059570312,575.6267700195312,1015.90576171875,2048,1536,575,1015
HFW12-F7,2016,201604171734,DM,1,/Volumes/Seagate Portable Drive/KYLE_AI_DATABASE/A_CAMERA/Focal_species/Gulo gulo/HFW12-F7/DM/2016/COLOR/Robust marks/04.17-17.34/IMG_2322.JPG,IMG_2322.JPG,HFW12-F7_2016_201604171734_IMG_2322.jpg,0.925250232219696,776.5926513671875,122.03750610351562,561.7861328125,1076.4041748046875,2048,1536,561,1076
HFW12-F7,2016,201604171734,DM,1,/Volumes/Seagate Portable Drive/KYLE_AI_DATABASE/A_CAMERA/Focal_species/Gulo gulo/HFW12-F7/DM/2016/COLOR/Robust marks/04.17-17.34/IMG_2323.JPG,IMG_2323.JPG,HFW12-F7_2016_201604171734_IMG_2323.jpg,0.9195888638496399,754.3651123046875,308.1664123535156,535.7811279296875,956.1348876953125,2048,1536,535,956
HFW12-F7,2016,201604171734,DM,1,/Volumes/Seagate Portable Drive/KYLE_AI_DATABASE/A_CAMERA/Focal_species/Gulo gulo/HFW12-F7/DM/2016/COLOR/Robust marks/04.17-17.34/IMG_2324.JPG,IMG_2324.JPG,HFW12-F7_2016_201604171734_IMG_2324.jpg,0.9267416596412659,805.0285034179688,246.39866638183594,493.30230712890625,990.906494140625,2048,1536,493,990
HFW12-F7,2016,201604171734,DM,1,/Volumes/Seagate Portable Drive/KYLE_AI_DATABASE/A_CAMERA/Focal_species/Gulo gulo/HFW12-F7/DM/2016/COLOR/Robust marks/04.17-17.34/IMG_2325.JPG,IMG_2325.JPG,HFW12-F7_2016_201604171734_IMG_2325.jpg,0.930016279220581,795.4478759765625,263.83489990234375,501.977783203125,985.4563598632812,2048,1536,501,985
HFW12-F7,2016,201604171734,DM,1,/Volumes/Seagate Portable Drive/KYLE_AI_DATABASE/A_CAMERA/Focal_species/Gulo gulo/HFW12-F7/DM/2016/COLOR/Robust marks/04.17-17.34/IMG_2326.JPG,IMG_2326.JPG,HFW12-F7_2016_201604171734_IMG_2326.jpg,0.9428427815437317,837.8885498046875,303.35565185546875,449.889404296875,911.8692016601562,2048,1536,449,911
HFW12-F7,2016,201604171734,DM,1,/Volumes/Seagate Portable Drive/KYLE_AI_DATABASE/A_CAMERA/Focal_species/Gulo gulo/HFW12-F7/DM/2016/COLOR/Robust marks/04.17-17.34/IMG_2327.JPG,IMG_2327.JPG,HFW12-F7_2016_201604171734_IMG_2327.jpg,0.9295185804367065,838.3995361328125,261.50347900390625,448.903076171875,955.3206176757812,2048,1536,448,955
HFW12-F7,2016,201604171734,DM,1,/Volumes/Seagate Portable Drive/KYLE_AI_DATABASE/A_CAMERA/Focal_species/Gulo gulo/HFW12-F7/DM/2016/COLOR/Robust marks/04.17-17.34/IMG_2328.JPG,IMG_2328.JPG,HFW12-F7_2016_201604171734_IMG_2328.jpg,0.9399711489677429,833.1593017578125,262.190673828125,450.728759765625,949.3125,2048,1536,450,949
HFW12-F7,2016,201604171734,DM,1,/Volumes/Seagate Portable Drive/KYLE_AI_DATABASE/A_CAMERA/Focal_species/Gulo gulo/HFW12-F7/DM/2016/COLOR/Robust marks/04.17-17.34/IMG_2329.JPG,IMG_2329.JPG,HFW12-F7_2016_201604171734_IMG_2329.jpg,0.9193585515022278,822.5462646484375,263.0390625,452.508544921875,871.356201171875,2048,1536,452,871
HFW12-F7,2016,201604171734,DM,1,/Volumes/Seagate Portable Drive/KYLE_AI_DATABASE/A_CAMERA/Focal_species/Gulo gulo/HFW12-F7/DM/2016/COLOR/Robust marks/04.17-17.34/IMG_2330.JPG,IMG_2330.JPG,HFW12-F7_2016_201604171734_IMG_2330.jpg,0.9350262880325317,795.0145263671875,310.06011962890625,493.916259765625,845.7949829101562,2048,1536,493,845
HFW12-F7,2016,201604171734,DM,1,/Volumes/Seagate Portable Drive/KYLE_AI_DATABASE/A_CAMERA/Focal_species/Gulo gulo/HFW12-F7/DM/2016/COLOR/Robust marks/04.17-17.34/IMG_2331.JPG,IMG_2331.JPG,HFW12-F7_2016_201604171734_IMG_2331.jpg,0.9204370379447937,778.39599609375,316.59832763671875,534.599609375,841.8032836914062,2048,1536,534,841
HFW12-F7,2016,201604171734,DM,1,/Volumes/Seagate Portable Drive/KYLE_AI_DATABASE/A_CAMERA/Focal_species/Gulo gulo/HFW12-F7/DM/2016/COLOR/Robust marks/04.17-17.34/IMG_2333.JPG,IMG_2333.JPG,HFW12-F7_2016_201604171734_IMG_2333.jpg,0.910283088684082,817.9464111328125,324.05291748046875,446.1669921875,918.2418823242188,2048,1536,446,918
HFW12-F7,2016,201604171734,DM,1,/Volumes/Seagate Portable Drive/KYLE_AI_DATABASE/A_CAMERA/Focal_species/Gulo gulo/HFW12-F7/DM/2016/COLOR/Robust marks/04.17-17.34/IMG_2334.JPG,IMG_2334.JPG,HFW12-F7_2016_201604171734_IMG_2334.jpg,0.9195460081100464,860.29638671875,353.4125061035156,425.24951171875,915.6434326171875,2048,1536,425,915
HFW12-F7,2016,201604171734,DM,1,/Volumes/Seagate Portable Drive/KYLE_AI_DATABASE/A_CAMERA/Focal_species/Gulo gulo/HFW12-F7/DM/2016/COLOR/Robust marks/04.17-17.34/IMG_2335.JPG,IMG_2335.JPG,HFW12-F7_2016_201604171734_IMG_2335.jpg,0.8887075185775757,842.8355712890625,345.773681640625,432.6796875,920.7532958984375,2048,1536,432,920
HFW12-F7,2016,201604171734,DM,1,/Volumes/Seagate Portable Drive/KYLE_AI_DATABASE/A_CAMERA/Focal_species/Gulo gulo/HFW12-F7/DM/2016/COLOR/Robust marks/04.17-17.34/IMG_2336.JPG,IMG_2336.JPG,HFW12-F7_2016_201604171734_IMG_2336.jpg,0.9347721338272095,836.437744140625,335.6903076171875,425.31591796875,931.8260498046875,2048,1536,425,931
HFW12-F7,2016,201604171734,DM,1,/Volumes/Seagate Portable Drive/KYLE_AI_DATABASE/A_CAMERA/Focal_species/Gulo gulo/HFW12-F7/DM/2016/COLOR/Robust marks/04.17-17.34/IMG_2337.JPG,IMG_2337.JPG,HFW12-F7_2016_201604171734_IMG_2337.jpg,0.9291722774505615,848.63232421875,336.93731689453125,434.267333984375,925.1268920898438,2048,1536,434,925
HFW12-F7,2016,201604171734,DM,1,/Volumes/Seagate Portable Drive/KYLE_AI_DATABASE/A_CAMERA/Focal_species/Gulo gulo/HFW12-F7/DM/2016/COLOR/Robust marks/04.17-17.34/IMG_2338.JPG,IMG_2338.JPG,HFW12-F7_2016_201604171734_IMG_2338.jpg,0.9361175894737244,675.2073974609375,297.87139892578125,578.0426025390625,889.1393432617188,2048,1536,578,889
HFW12-F7,2016,201604171734,DM,1,/Volumes/Seagate Portable Drive/KYLE_AI_DATABASE/A_CAMERA/Focal_species/Gulo gulo/HFW12-F7/DM/2016/COLOR/Robust marks/04.17-17.34/IMG_2339.JPG,IMG_2339.JPG,HFW12-F7_2016_201604171734_IMG_2339.jpg,0.9549436569213867,670.131591796875,318.92413330078125,546.8748779296875,891.4135131835938,2048,1536,546,891
HFW12-F7,2016,201604171734,DM,1,/Volumes/Seagate Portable Drive/KYLE_AI_DATABASE/A_CAMERA/Focal_species/Gulo gulo/HFW12-F7/DM/2016/COLOR/Robust marks/04.17-17.34/IMG_2340.JPG,IMG_2340.JPG,HFW12-F7_2016_201604171734_IMG_2340.jpg,0.9387310743331909,538.90283203125,311.68121337890625,675.481201171875,898.0733032226562,2048,1536,675,898
HFW12-F7,2016,201604171734,DM,1,/Volumes/Seagate Portable Drive/KYLE_AI_DATABASE/A_CAMERA/Focal_species/Gulo gulo/HFW12-F7/DM/2016/COLOR/Robust marks/04.17-17.34/IMG_2341.JPG,IMG_2341.JPG,HFW12-F7_2016_201604171734_IMG_2341.jpg,0.9537496566772461,600.076171875,311.3507080078125,613.5848388671875,895.39794921875,2048,1536,613,895
HFW12-F7,2016,201604171734,DM,1,/Volumes/Seagate Portable Drive/KYLE_AI_DATABASE/A_CAMERA/Focal_species/Gulo gulo/HFW12-F7/DM/2016/COLOR/Robust marks/04.17-17.34/IMG_2342.JPG,IMG_2342.JPG,HFW12-F7_2016_201604171734_IMG_2342.jpg,0.9552285671234131,599.412353515625,304.74383544921875,624.564697265625,902.6580200195312,2048,1536,624,902
HFW12-F7,2016,201604171734,DM,1,/Volumes/Seagate Portable Drive/KYLE_AI_DATABASE/A_CAMERA/Focal_species/Gulo gulo/HFW12-F7/DM/2016/COLOR/Robust marks/04.17-17.34/IMG_2343.JPG,IMG_2343.JPG,HFW12-F7_2016_201604171734_IMG_2343.jpg,0.9445350170135498,588.5457763671875,327.85333251953125,634.1859130859375,879.5488891601562,2048,1536,634,879
HFW12-F7,2016,201604171734,DM,1,/Volumes/Seagate Portable Drive/KYLE_AI_DATABASE/A_CAMERA/Focal_species/Gulo gulo/HFW12-F7/DM/2016/COLOR/Robust marks/04.17-17.34/IMG_2344.JPG,IMG_2344.JPG,HFW12-F7_2016_201604171734_IMG_2344.jpg,0.9662818908691406,596.296630859375,390.63262939453125,654.424072265625,821.5171508789062,2048,1536,654,821
HFW12-F7,2016,201604171734,DM,1,/Volumes/Seagate Portable Drive/KYLE_AI_DATABASE/A_CAMERA/Focal_species/Gulo gulo/HFW12-F7/DM/2016/COLOR/Robust marks/04.17-17.34/IMG_2345.JPG,IMG_2345.JPG,HFW12-F7_2016_201604171734_IMG_2345.jpg,0.8673937916755676,764.3297729492188,245.10447692871094,493.75677490234375,970.84619140625,2048,1536,493,970
HFW12-F7,2016,201604171734,DM,1,/Volumes/Seagate Portable Drive/KYLE_AI_DATABASE/A_CAMERA/Focal_species/Gulo gulo/HFW12-F7/DM/2016/COLOR/Robust marks/04.17-17.34/IMG_2346.JPG,IMG_2346.JPG,HFW12-F7_2016_201604171734_IMG_2346.jpg,0.8206737637519836,595.9881591796875,468.9148864746094,540.9996337890625,629.6756591796875,2048,1536,540,629
HFW12-F7,2016,201604171734,DM,1,/Volumes/Seagate Portable Drive/KYLE_AI_DATABASE/A_CAMERA/Focal_species/Gulo gulo/HFW12-F7/DM/2016/COLOR/Robust marks/04.17-17.34/IMG_2347.JPG,IMG_2347.JPG,HFW12-F7_2016_201604171734_IMG_2347.jpg,0.9299275875091553,595.0889282226562,105.05662536621094,480.25238037109375,969.8958740234375,2048,1536,480,969
HFW12-F7,2016,201604171734,DM,1,/Volumes/Seagate Portable Drive/KYLE_AI_DATABASE/A_CAMERA/Focal_species/Gulo gulo/HFW12-F7/DM/2016/COLOR/Robust marks/04.17-17.34/IMG_2348.JPG,IMG_2348.JPG,HFW12-F7_2016_201604171734_IMG_2348.jpg,0.9626873135566711,596.8863525390625,69.15078735351562,500.3741455078125,833.42626953125,2048,1536,500,833
HFW12-F7,2016,201604171734,DM,1,/Volumes/Seagate Portable Drive/KYLE_AI_DATABASE/A_CAMERA/Focal_species/Gulo gulo/HFW12-F7/DM/2016/COLOR/Robust marks/04.17-17.34/IMG_2349.JPG,IMG_2349.JPG,HFW12-F7_2016_201604171734_IMG_2349.jpg,0.9309406876564026,597.6368408203125,103.1583251953125,489.793701171875,819.3084716796875,2048,1536,489,819
HFW12-F7,2016,201604171734,DM,1,/Volumes/Seagate Portable Drive/KYLE_AI_DATABASE/A_CAMERA/Focal_species/Gulo gulo/HFW12-F7/DM/2016/COLOR/Robust marks/04.17-17.34/IMG_2350.JPG,IMG_2350.JPG,HFW12-F7_2016_201604171734_IMG_2350.jpg,0.9361809492111206,596.4739990234375,441.03759765625,475.2813720703125,636.1767578125,2048,1536,475,636
HFW12-F7,2016,201604171734,DM,1,/Volumes/Seagate Portable Drive/KYLE_AI_DATABASE/A_CAMERA/Focal_species/Gulo gulo/HFW12-F7/DM/2016/COLOR/Robust marks/04.17-17.34/IMG_2352.JPG,IMG_2352.JPG,HFW12-F7_2016_201604171734_IMG_2352.jpg,0.9267633557319641,513.7135009765625,31.4044189453125,543.6346435546875,1163.5260009765625,2048,1536,543,1163
HFW12-F7,2016,201604171734,DM,1,/Volumes/Seagate Portable Drive/KYLE_AI_DATABASE/A_CAMERA/Focal_species/Gulo gulo/HFW12-F7/DM/2016/COLOR/Robust marks/04.17-17.34/IMG_2353.JPG,IMG_2353.JPG,HFW12-F7_2016_201604171734_IMG_2353.jpg,0.9466782808303833,595.3216552734375,282.762451171875,466.0389404296875,908.015380859375,2048,1536,466,908
HFW12-F7,2016,201604171734,DM,1,/Volumes/Seagate Portable Drive/KYLE_AI_DATABASE/A_CAMERA/Focal_species/Gulo gulo/HFW12-F7/DM/2016/COLOR/Robust marks/04.17-17.34/IMG_2354.JPG,IMG_2354.JPG,HFW12-F7_2016_201604171734_IMG_2354.jpg,0.9194433093070984,596.87451171875,264.5667724609375,522.30419921875,913.9437255859375,2048,1536,522,913
HFW12-F7,2016,201604171734,DM,1,/Volumes/Seagate Portable Drive/KYLE_AI_DATABASE/A_CAMERA/Focal_species/Gulo gulo/HFW12-F7/DM/2016/COLOR/Robust marks/04.17-17.34/IMG_2355.JPG,IMG_2355.JPG,HFW12-F7_2016_201604171734_IMG_2355.jpg,0.9322606325149536,598.1421508789062,284.65167236328125,485.66082763671875,923.7948608398438,2048,1536,485,923
HFW12-F7,2016,201604171734,DM,1,/Volumes/Seagate Portable Drive/KYLE_AI_DATABASE/A_CAMERA/Focal_species/Gulo gulo/HFW12-F7/DM/2016/COLOR/Robust marks/04.17-17.34/IMG_2356.JPG,IMG_2356.JPG,HFW12-F7_2016_201604171734_IMG_2356.jpg,0.9579861760139465,594.1119384765625,300.2427062988281,465.5458984375,931.9632568359375,2048,1536,465,931
HFW12-F7,2016,201604171734,DM,1,/Volumes/Seagate Portable Drive/KYLE_AI_DATABASE/A_CAMERA/Focal_species/Gulo gulo/HFW12-F7/DM/2016/COLOR/Robust marks/04.17-17.34/IMG_2357.JPG,IMG_2357.JPG,HFW12-F7_2016_201604171734_IMG_2357.jpg,0.9450985789299011,596.7115478515625,306.41949462890625,477.1138916015625,916.0877075195312,2048,1536,477,916
HFW12-F7,2016,201604171734,DM,1,/Volumes/Seagate Portable Drive/KYLE_AI_DATABASE/A_CAMERA/Focal_species/Gulo gulo/HFW12-F7/DM/2016/COLOR/Robust marks/04.17-17.34/IMG_2358.JPG,IMG_2358.JPG,HFW12-F7_2016_201604171734_IMG_2358.jpg,0.9442577958106995,596.4804077148438,307.95208740234375,486.37615966796875,905.8318481445312,2048,1536,486,905
HFW12-F7,2016,201604171734,DM,1,/Volumes/Seagate Portable Drive/KYLE_AI_DATABASE/A_CAMERA/Focal_species/Gulo gulo/HFW12-F7/DM/2016/COLOR/Robust marks/04.17-17.34/IMG_2359.JPG,IMG_2359.JPG,HFW12-F7_2016_201604171734_IMG_2359.jpg,0.9228231310844421,596.9089965820312,320.6415710449219,480.77325439453125,902.1585693359375,2048,1536,480,902
HFW12-F7,2016,201604171734,DM,1,/Volumes/Seagate Portable Drive/KYLE_AI_DATABASE/A_CAMERA/Focal_species/Gulo gulo/HFW12-F7/DM/2016/COLOR/Robust marks/04.17-17.34/IMG_2360.JPG,IMG_2360.JPG,HFW12-F7_2016_201604171734_IMG_2360.jpg,0.92486971616745,598.3728637695312,388.441650390625,472.19110107421875,841.62841796875,2048,1536,472,841
HFW12-F7,2016,201604171734,DM,1,/Volumes/Seagate Portable Drive/KYLE_AI_DATABASE/A_CAMERA/Focal_species/Gulo gulo/HFW12-F7/DM/2016/COLOR/Robust marks/04.17-17.34/IMG_2361.JPG,IMG_2361.JPG,HFW12-F7_2016_201604171734_IMG_2361.jpg,0.8873608112335205,596.8009033203125,94.67459106445312,461.7821044921875,1165.057861328125,2048,1536,461,1165
HFW12-F7,2016,201604171734,DM,1,/Volumes/Seagate Portable Drive/KYLE_AI_DATABASE/A_CAMERA/Focal_species/Gulo gulo/HFW12-F7/DM/2016/COLOR/Robust marks/04.17-17.34/IMG_2362.JPG,IMG_2362.JPG,HFW12-F7_2016_201604171734_IMG_2362.jpg,0.9355648756027222,596.1651611328125,114.69685363769531,468.8448486328125,1203.2598876953125,2048,1536,468,1203
HFW12-F7,2016,201604171734,DM,1,/Volumes/Seagate Portable Drive/KYLE_AI_DATABASE/A_CAMERA/Focal_species/Gulo gulo/HFW12-F7/DM/2016/COLOR/Robust marks/04.17-17.34/IMG_2363.JPG,IMG_2363.JPG,HFW12-F7_2016_201604171734_IMG_2363.jpg,0.9441052079200745,591.895751953125,382.6632080078125,464.27294921875,924.2459716796875,2048,1536,464,924
HFW12-F7,2016,201604171734,DM,1,/Volumes/Seagate Portable Drive/KYLE_AI_DATABASE/A_CAMERA/Focal_species/Gulo gulo/HFW12-F7/DM/2016/COLOR/Robust marks/04.17-17.34/IMG_2364.JPG,IMG_2364.JPG,HFW12-F7_2016_201604171734_IMG_2364.jpg,0.9398259520530701,593.7079467773438,401.7093200683594,465.34234619140625,891.8294677734375,2048,1536,465,891
HFW12-F7,2016,201604171734,DM,1,/Volumes/Seagate Portable Drive/KYLE_AI_DATABASE/A_CAMERA/Focal_species/Gulo gulo/HFW12-F7/DM/2016/COLOR/Robust marks/04.17-17.34/IMG_2365.JPG,IMG_2365.JPG,HFW12-F7_2016_201604171734_IMG_2365.jpg,0.9251489639282227,591.6544189453125,341.54345703125,465.6175537109375,964.9913330078125,2048,1536,465,964
HFW12-F7,2016,201604171734,DM,1,/Volumes/Seagate Portable Drive/KYLE_AI_DATABASE/A_CAMERA/Focal_species/Gulo gulo/HFW12-F7/DM/2016/COLOR/Robust marks/04.17-17.34/IMG_2366.JPG,IMG_2366.JPG,HFW12-F7_2016_201604171734_IMG_2366.jpg,0.9285874366760254,593.455078125,359.1314697265625,463.8211669921875,946.9371337890625,2048,1536,463,946
HFW12-F7,2016,201604171734,DM,1,/Volumes/Seagate Portable Drive/KYLE_AI_DATABASE/A_CAMERA/Focal_species/Gulo gulo/HFW12-F7/DM/2016/COLOR/Robust marks/04.17-17.34/IMG_2367.JPG,IMG_2367.JPG,HFW12-F7_2016_201604171734_IMG_2367.jpg,0.9357312321662903,597.8302001953125,326.83099365234375,463.208740234375,940.7073364257812,2048,1536,463,940
HFW12-F7,2016,201604171734,DM,1,/Volumes/Seagate Portable Drive/KYLE_AI_DATABASE/A_CAMERA/Focal_species/Gulo gulo/HFW12-F7/DM/2016/COLOR/Robust marks/04.17-17.34/IMG_2368.JPG,IMG_2368.JPG,HFW12-F7_2016_201604171734_IMG_2368.jpg,0.9481358528137207,597.3613891601562,295.56378173828125,461.30291748046875,1002.5380249023438,2048,1536,461,1002
HFW12-F7,2016,201604171734,DM,1,/Volumes/Seagate Portable Drive/KYLE_AI_DATABASE/A_CAMERA/Focal_species/Gulo gulo/HFW12-F7/DM/2016/COLOR/Robust marks/04.17-17.34/IMG_2369.JPG,IMG_2369.JPG,HFW12-F7_2016_201604171734_IMG_2369.jpg,0.9501585960388184,598.2879638671875,345.5010681152344,464.1363525390625,948.267822265625,2048,1536,464,948
HFW12-F7,2016,201604171734,DM,1,/Volumes/Seagate Portable Drive/KYLE_AI_DATABASE/A_CAMERA/Focal_species/Gulo gulo/HFW12-F7/DM/2016/COLOR/Robust marks/04.17-17.34/IMG_2370.JPG,IMG_2370.JPG,HFW12-F7_2016_201604171734_IMG_2370.jpg,0.934920072555542,596.7677001953125,354.7962341308594,468.396240234375,927.885986328125,2048,1536,468,927
HFW12-F7,2016,201604171734,DM,1,/Volumes/Seagate Portable Drive/KYLE_AI_DATABASE/A_CAMERA/Focal_species/Gulo gulo/HFW12-F7/DM/2016/COLOR/Robust marks/04.17-17.34/IMG_2371.JPG,IMG_2371.JPG,HFW12-F7_2016_201604171734_IMG_2371.jpg,0.9386271238327026,596.9500732421875,309.1072998046875,460.2342529296875,992.9693603515625,2048,1536,460,992
HFW12-F7,2016,201604171734,DM,1,/Volumes/Seagate Portable Drive/KYLE_AI_DATABASE/A_CAMERA/Focal_species/Gulo gulo/HFW12-F7/DM/2016/COLOR/Robust marks/04.17-17.34/IMG_2372.JPG,IMG_2372.JPG,HFW12-F7_2016_201604171734_IMG_2372.jpg,0.92952960729599,597.7387084960938,323.68896484375,461.66827392578125,928.53271484375,2048,1536,461,928
HFW12-F7,2016,201604171734,DM,1,/Volumes/Seagate Portable Drive/KYLE_AI_DATABASE/A_CAMERA/Focal_species/Gulo gulo/HFW12-F7/DM/2016/COLOR/Robust marks/04.17-17.34/IMG_2373.JPG,IMG_2373.JPG,HFW12-F7_2016_201604171734_IMG_2373.jpg,0.9152131676673889,597.1611328125,275.43841552734375,459.7840576171875,1042.696533203125,2048,1536,459,1042
HFW12-F7,2016,201604171734,DM,1,/Volumes/Seagate Portable Drive/KYLE_AI_DATABASE/A_CAMERA/Focal_species/Gulo gulo/HFW12-F7/DM/2016/COLOR/Robust marks/04.17-17.34/IMG_2374.JPG,IMG_2374.JPG,HFW12-F7_2016_201604171734_IMG_2374.jpg,0.9357851147651672,595.7313842773438,313.10162353515625,463.38555908203125,984.0067749023438,2048,1536,463,984
HFW12-F7,2016,201604171734,DM,1,/Volumes/Seagate Portable Drive/KYLE_AI_DATABASE/A_CAMERA/Focal_species/Gulo gulo/HFW12-F7/DM/2016/COLOR/Robust marks/04.17-17.34/IMG_2375.JPG,IMG_2375.JPG,HFW12-F7_2016_201604171734_IMG_2375.jpg,0.9342018961906433,596.811279296875,308.5393981933594,461.4781494140625,986.8056640625,2048,1536,461,986
HFW12-F7,2016,201604171734,DM,1,/Volumes/Seagate Portable Drive/KYLE_AI_DATABASE/A_CAMERA/Focal_species/Gulo gulo/HFW12-F7/DM/2016/COLOR/Robust marks/04.17-17.34/IMG_2376.JPG,IMG_2376.JPG,HFW12-F7_2016_201604171734_IMG_2376.jpg,0.9095966815948486,597.0885009765625,337.273193359375,463.3314208984375,961.605224609375,2048,1536,463,961
HFW12-F7,2016,201604171734,DM,1,/Volumes/Seagate Portable Drive/KYLE_AI_DATABASE/A_CAMERA/Focal_species/Gulo gulo/HFW12-F7/DM/2016/COLOR/Robust marks/04.17-17.34/IMG_2377.JPG,IMG_2377.JPG,HFW12-F7_2016_201604171734_IMG_2377.jpg,0.9115875363349915,597.5449829101562,393.3954162597656,460.28802490234375,915.6734619140625,2048,1536,460,915
HFW12-F7,2016,201604171734,DM,1,/Volumes/Seagate Portable Drive/KYLE_AI_DATABASE/A_CAMERA/Focal_species/Gulo gulo/HFW12-F7/DM/2016/COLOR/Robust marks/04.17-17.34/IMG_2378.JPG,IMG_2378.JPG,HFW12-F7_2016_201604171734_IMG_2378.jpg,0.9417876601219177,598.2843627929688,327.42462158203125,459.56329345703125,980.0541381835938,2048,1536,459,980
HFW12-F7,2016,201604171734,DM,1,/Volumes/Seagate Portable Drive/KYLE_AI_DATABASE/A_CAMERA/Focal_species/Gulo gulo/HFW12-F7/DM/2016/COLOR/Robust marks/04.17-17.34/IMG_2379.JPG,IMG_2379.JPG,HFW12-F7_2016_201604171734_IMG_2379.jpg,0.9512912631034851,599.9452514648438,397.1626281738281,460.58489990234375,899.130126953125,2048,1536,460,899
HFW12-F7,2016,201604171734,DM,1,/Volumes/Seagate Portable Drive/KYLE_AI_DATABASE/A_CAMERA/Focal_species/Gulo gulo/HFW12-F7/DM/2016/COLOR/Robust marks/04.17-17.34/IMG_2380.JPG,IMG_2380.JPG,HFW12-F7_2016_201604171734_IMG_2380.jpg,0.9403272867202759,600.2117919921875,373.337890625,458.2000732421875,923.663330078125,2048,1536,458,923
HFW12-F7,2016,201604171734,DM,1,/Volumes/Seagate Portable Drive/KYLE_AI_DATABASE/A_CAMERA/Focal_species/Gulo gulo/HFW12-F7/DM/2016/COLOR/Robust marks/04.17-17.34/IMG_2381.JPG,IMG_2381.JPG,HFW12-F7_2016_201604171734_IMG_2381.jpg,0.9315860271453857,595.2870483398438,319.54559326171875,459.95098876953125,1017.4667358398438,2048,1536,459,1017
HFW12-F7,2016,201604171734,DM,1,/Volumes/Seagate Portable Drive/KYLE_AI_DATABASE/A_CAMERA/Focal_species/Gulo gulo/HFW12-F7/DM/2016/COLOR/Robust marks/04.17-17.34/IMG_2382.JPG,IMG_2382.JPG,HFW12-F7_2016_201604171734_IMG_2382.jpg,0.9340959191322327,597.6226196289062,326.90118408203125,457.62786865234375,991.4702758789062,2048,1536,457,991
HFW12-F7,2016,201604171734,DM,1,/Volumes/Seagate Portable Drive/KYLE_AI_DATABASE/A_CAMERA/Focal_species/Gulo gulo/HFW12-F7/DM/2016/COLOR/Robust marks/04.17-17.34/IMG_2383.JPG,IMG_2383.JPG,HFW12-F7_2016_201604171734_IMG_2383.jpg,0.9222043752670288,594.3482666015625,323.301025390625,461.4532470703125,1031.628662109375,2048,1536,461,1031
HFW12-F7,2016,201604171734,DM,1,/Volumes/Seagate Portable Drive/KYLE_AI_DATABASE/A_CAMERA/Focal_species/Gulo gulo/HFW12-F7/DM/2016/COLOR/Robust marks/04.17-17.34/IMG_2384.JPG,IMG_2384.JPG,HFW12-F7_2016_201604171734_IMG_2384.jpg,0.9251315593719482,591.7239990234375,331.4383544921875,463.8270263671875,1012.4390869140625,2048,1536,463,1012
HFW12-F7,2016,201604171734,DM,1,/Volumes/Seagate Portable Drive/KYLE_AI_DATABASE/A_CAMERA/Focal_species/Gulo gulo/HFW12-F7/DM/2016/COLOR/Robust marks/04.17-17.34/IMG_2385.JPG,IMG_2385.JPG,HFW12-F7_2016_201604171734_IMG_2385.jpg,0.9510526657104492,594.580322265625,319.4832458496094,460.1114501953125,1046.3466796875,2048,1536,460,1046
HFW12-F7,2016,201604171734,DM,1,/Volumes/Seagate Portable Drive/KYLE_AI_DATABASE/A_CAMERA/Focal_species/Gulo gulo/HFW12-F7/DM/2016/COLOR/Robust marks/04.17-17.34/IMG_2386.JPG,IMG_2386.JPG,HFW12-F7_2016_201604171734_IMG_2386.jpg,0.935674250125885,600.1400146484375,300.55816650390625,452.713134765625,993.9845581054688,2048,1536,452,993
HFW12-F7,2016,201604171734,DM,1,/Volumes/Seagate Portable Drive/KYLE_AI_DATABASE/A_CAMERA/Focal_species/Gulo gulo/HFW12-F7/DM/2016/COLOR/Robust marks/04.17-17.34/IMG_2387.JPG,IMG_2387.JPG,HFW12-F7_2016_201604171734_IMG_2387.jpg,0.941131055355072,607.7918701171875,317.6983642578125,447.2314453125,928.519287109375,2048,1536,447,928
HFW12-F7,2016,201604171734,DM,1,/Volumes/Seagate Portable Drive/KYLE_AI_DATABASE/A_CAMERA/Focal_species/Gulo gulo/HFW12-F7/DM/2016/COLOR/Robust marks/04.17-17.34/IMG_2388.JPG,IMG_2388.JPG,HFW12-F7_2016_201604171734_IMG_2388.jpg,0.9481400847434998,608.0081787109375,301.79443359375,449.8262939453125,929.3294677734375,2048,1536,449,929
HFW12-F7,2016,201604171734,DM,1,/Volumes/Seagate Portable Drive/KYLE_AI_DATABASE/A_CAMERA/Focal_species/Gulo gulo/HFW12-F7/DM/2016/COLOR/Robust marks/04.17-17.34/IMG_2389.JPG,IMG_2389.JPG,HFW12-F7_2016_201604171734_IMG_2389.jpg,0.9266933798789978,610.10498046875,235.57937622070312,447.2115478515625,996.567138671875,2048,1536,447,996
HFW12-F7,2016,201604171734,DM,1,/Volumes/Seagate Portable Drive/KYLE_AI_DATABASE/A_CAMERA/Focal_species/Gulo gulo/HFW12-F7/DM/2016/COLOR/Robust marks/04.17-17.34/IMG_2390.JPG,IMG_2390.JPG,HFW12-F7_2016_201604171734_IMG_2390.jpg,0.9366451501846313,609.7363891601562,338.5507507324219,447.32379150390625,899.3433837890625,2048,1536,447,899
HFW12-F7,2016,201604171734,DM,1,/Volumes/Seagate Portable Drive/KYLE_AI_DATABASE/A_CAMERA/Focal_species/Gulo gulo/HFW12-F7/DM/2016/COLOR/Robust marks/04.17-17.34/IMG_2391.JPG,IMG_2391.JPG,HFW12-F7_2016_201604171734_IMG_2391.jpg,0.9402979612350464,606.4500122070312,378.80499267578125,451.35809326171875,845.6198120117188,2048,1536,451,845
HFW12-F7,2016,201604171734,DM,1,/Volumes/Seagate Portable Drive/KYLE_AI_DATABASE/A_CAMERA/Focal_species/Gulo gulo/HFW12-F7/DM/2016/COLOR/Robust marks/04.17-17.34/IMG_2392.JPG,IMG_2392.JPG,HFW12-F7_2016_201604171734_IMG_2392.jpg,0.9398589730262756,604.351806640625,376.8380126953125,453.08251953125,845.7806396484375,2048,1536,453,845
HFW12-F7,2016,201604171734,DM,1,/Volumes/Seagate Portable Drive/KYLE_AI_DATABASE/A_CAMERA/Focal_species/Gulo gulo/HFW12-F7/DM/2016/COLOR/Robust marks/04.17-17.34/IMG_2393.JPG,IMG_2393.JPG,HFW12-F7_2016_201604171734_IMG_2393.jpg,0.9363551139831543,602.4478149414062,298.4997253417969,455.44598388671875,910.9088134765625,2048,1536,455,910
HFW12-F7,2016,201604171734,DM,1,/Volumes/Seagate Portable Drive/KYLE_AI_DATABASE/A_CAMERA/Focal_species/Gulo gulo/HFW12-F7/DM/2016/COLOR/Robust marks/04.17-17.34/IMG_2394.JPG,IMG_2394.JPG,HFW12-F7_2016_201604171734_IMG_2394.jpg,0.9446844458580017,604.4043579101562,334.123291015625,451.49871826171875,891.4202880859375,2048,1536,451,891
HFW12-F7,2016,201604171734,DM,1,/Volumes/Seagate Portable Drive/KYLE_AI_DATABASE/A_CAMERA/Focal_species/Gulo gulo/HFW12-F7/DM/2016/COLOR/Robust marks/04.17-17.34/IMG_2395.JPG,IMG_2395.JPG,HFW12-F7_2016_201604171734_IMG_2395.jpg,0.9356057047843933,605.3460083007812,324.2291564941406,448.06622314453125,907.906005859375,2048,1536,448,907
HFW12-F7,2016,201604171734,DM,1,/Volumes/Seagate Portable Drive/KYLE_AI_DATABASE/A_CAMERA/Focal_species/Gulo gulo/HFW12-F7/DM/2016/COLOR/Robust marks/04.17-17.34/IMG_2396.JPG,IMG_2396.JPG,HFW12-F7_2016_201604171734_IMG_2396.jpg,0.9406381249427795,604.070556640625,376.09527587890625,450.6927490234375,859.3351440429688,2048,1536,450,859
HFW12-F7,2016,201604171734,DM,1,/Volumes/Seagate Portable Drive/KYLE_AI_DATABASE/A_CAMERA/Focal_species/Gulo gulo/HFW12-F7/DM/2016/COLOR/Robust marks/04.17-17.34/IMG_2397.JPG,IMG_2397.JPG,HFW12-F7_2016_201604171734_IMG_2397.jpg,0.9324187636375427,604.1466064453125,385.5843200683594,451.29541015625,843.216552734375,2048,1536,451,843
HFW12-F7,2016,201604171734,DM,1,/Volumes/Seagate Portable Drive/KYLE_AI_DATABASE/A_CAMERA/Focal_species/Gulo gulo/HFW12-F7/DM/2016/COLOR/Robust marks/04.17-17.34/IMG_2398.JPG,IMG_2398.JPG,HFW12-F7_2016_201604171734_IMG_2398.jpg,0.9384523630142212,603.7880249023438,395.6046142578125,451.01690673828125,837.6197509765625,2048,1536,451,837
HFW12-F7,2016,201604171734,DM,1,/Volumes/Seagate Portable Drive/KYLE_AI_DATABASE/A_CAMERA/Focal_species/Gulo gulo/HFW12-F7/DM/2016/COLOR/Robust marks/04.17-17.34/IMG_2399.JPG,IMG_2399.JPG,HFW12-F7_2016_201604171734_IMG_2399.jpg,0.9229243397712708,604.1583862304688,337.07470703125,451.70172119140625,902.501220703125,2048,1536,451,902
HFW12-F7,2016,201604171734,DM,1,/Volumes/Seagate Portable Drive/KYLE_AI_DATABASE/A_CAMERA/Focal_species/Gulo gulo/HFW12-F7/DM/2016/COLOR/Robust marks/04.17-17.34/IMG_2400.JPG,IMG_2400.JPG,HFW12-F7_2016_201604171734_IMG_2400.jpg,0.9573770761489868,600.8768310546875,293.814697265625,459.7567138671875,943.831298828125,2048,1536,459,943
HFW12-F7,2016,201604171734,DM,1,/Volumes/Seagate Portable Drive/KYLE_AI_DATABASE/A_CAMERA/Focal_species/Gulo gulo/HFW12-F7/DM/2016/COLOR/Robust marks/04.17-17.34/IMG_2401.JPG,IMG_2401.JPG,HFW12-F7_2016_201604171734_IMG_2401.jpg,0.9518749117851257,598.3086547851562,244.3022918701172,462.96844482421875,979.4160766601562,2048,1536,462,979
HFW12-F7,2016,201604171734,DM,1,/Volumes/Seagate Portable Drive/KYLE_AI_DATABASE/A_CAMERA/Focal_species/Gulo gulo/HFW12-F7/DM/2016/COLOR/Robust marks/04.17-17.34/IMG_2402.JPG,IMG_2402.JPG,HFW12-F7_2016_201604171734_IMG_2402.jpg,0.9509254693984985,596.4415283203125,247.60377502441406,464.051513671875,973.775390625,2048,1536,464,973
HFW12-F7,2016,201604171734,DM,1,/Volumes/Seagate Portable Drive/KYLE_AI_DATABASE/A_CAMERA/Focal_species/Gulo gulo/HFW12-F7/DM/2016/COLOR/Robust marks/04.17-17.34/IMG_2403.JPG,IMG_2403.JPG,HFW12-F7_2016_201604171734_IMG_2403.jpg,0.9436424970626831,594.7106323242188,266.1064453125,462.67901611328125,1017.5745849609375,2048,1536,462,1017
HFW12-F7,2016,201604171734,DM,1,/Volumes/Seagate Portable Drive/KYLE_AI_DATABASE/A_CAMERA/Focal_species/Gulo gulo/HFW12-F7/DM/2016/COLOR/Robust marks/04.17-17.34/IMG_2404.JPG,IMG_2404.JPG,HFW12-F7_2016_201604171734_IMG_2404.jpg,0.9364542365074158,598.2861938476562,248.13670349121094,530.6903686523438,1006.134765625,2048,1536,530,1006
HFW12-F7,2016,201604171734,DM,1,/Volumes/Seagate Portable Drive/KYLE_AI_DATABASE/A_CAMERA/Focal_species/Gulo gulo/HFW12-F7/DM/2016/COLOR/Robust marks/04.17-17.34/IMG_2405.JPG,IMG_2405.JPG,HFW12-F7_2016_201604171734_IMG_2405.jpg,0.9051952958106995,595.90771484375,116.67576599121094,465.33935546875,1157.672607421875,2048,1536,465,1157
HFW12-F7,2016,201604171734,DM,1,/Volumes/Seagate Portable Drive/KYLE_AI_DATABASE/A_CAMERA/Focal_species/Gulo gulo/HFW12-F7/DM/2016/COLOR/Robust marks/04.17-17.34/IMG_2406.JPG,IMG_2406.JPG,HFW12-F7_2016_201604171734_IMG_2406.jpg,0.9436036348342896,600.7909545898438,273.61309814453125,457.63616943359375,983.6000366210938,2048,1536,457,983
HFW12-F7,2016,201604171734,DM,1,/Volumes/Seagate Portable Drive/KYLE_AI_DATABASE/A_CAMERA/Focal_species/Gulo gulo/HFW12-F7/DM/2016/COLOR/Robust marks/04.17-17.34/IMG_2407.JPG,IMG_2407.JPG,HFW12-F7_2016_201604171734_IMG_2407.jpg,0.9539270997047424,600.2109375,256.1668395996094,459.3880615234375,977.9481201171875,2048,1536,459,977
HFW12-F7,2016,201604171734,DM,1,/Volumes/Seagate Portable Drive/KYLE_AI_DATABASE/A_CAMERA/Focal_species/Gulo gulo/HFW12-F7/DM/2016/COLOR/Robust marks/04.17-17.34/IMG_2408.JPG,IMG_2408.JPG,HFW12-F7_2016_201604171734_IMG_2408.jpg,0.9344301223754883,599.2511596679688,238.03880310058594,461.80255126953125,990.2550048828125,2048,1536,461,990
HFW12-F7,2016,201604171734,DM,1,/Volumes/Seagate Portable Drive/KYLE_AI_DATABASE/A_CAMERA/Focal_species/Gulo gulo/HFW12-F7/DM/2016/COLOR/Robust marks/04.17-17.34/IMG_2409.JPG,IMG_2409.JPG,HFW12-F7_2016_201604171734_IMG_2409.jpg,0.9545943737030029,600.8912353515625,260.1060791015625,461.22607421875,957.4150390625,2048,1536,461,957
HFW12-F7,2016,201604171734,DM,1,/Volumes/Seagate Portable Drive/KYLE_AI_DATABASE/A_CAMERA/Focal_species/Gulo gulo/HFW12-F7/DM/2016/COLOR/Robust marks/04.17-17.34/IMG_2410.JPG,IMG_2410.JPG,HFW12-F7_2016_201604171734_IMG_2410.jpg,0.9439202547073364,602.7361450195312,276.50506591796875,462.77801513671875,983.2554321289062,2048,1536,462,983
HFW12-F7,2016,201604171734,DM,1,/Volumes/Seagate Portable Drive/KYLE_AI_DATABASE/A_CAMERA/Focal_species/Gulo gulo/HFW12-F7/DM/2016/COLOR/Robust marks/04.17-17.34/IMG_2411.JPG,IMG_2411.JPG,HFW12-F7_2016_201604171734_IMG_2411.jpg,0.9253762364387512,576.7578735351562,255.19326782226562,492.14996337890625,938.2139892578125,2048,1536,492,938
HFW12-F7,2016,201604171734,DM,1,/Volumes/Seagate Portable Drive/KYLE_AI_DATABASE/A_CAMERA/Focal_species/Gulo gulo/HFW12-F7/DM/2016/COLOR/Robust marks/04.17-17.34/IMG_2412.JPG,IMG_2412.JPG,HFW12-F7_2016_201604171734_IMG_2412.jpg,0.918594241142273,588.9078979492188,270.0003662109375,480.40069580078125,976.0130615234375,2048,1536,480,976
HFW12-F7,2016,201604171734,DM,1,/Volumes/Seagate Portable Drive/KYLE_AI_DATABASE/A_CAMERA/Focal_species/Gulo gulo/HFW12-F7/DM/2016/COLOR/Robust marks/04.17-17.34/IMG_2413.JPG,IMG_2413.JPG,HFW12-F7_2016_201604171734_IMG_2413.jpg,0.8439911603927612,543.3676147460938,265.0632019042969,526.4368286132812,994.3323974609375,2048,1536,526,994
HFW12-F7,2016,201604171734,DM,1,/Volumes/Seagate Portable Drive/KYLE_AI_DATABASE/A_CAMERA/Focal_species/Gulo gulo/HFW12-F7/DM/2016/COLOR/Robust marks/04.17-17.34/IMG_2414.JPG,IMG_2414.JPG,HFW12-F7_2016_201604171734_IMG_2414.jpg,0.8967753648757935,585.761474609375,258.1247863769531,480.89697265625,997.44091796875,2048,1536,480,997
HFW12-F7,2016,201604171734,DM,1,/Volumes/Seagate Portable Drive/KYLE_AI_DATABASE/A_CAMERA/Focal_species/Gulo gulo/HFW12-F7/DM/2016/COLOR/Robust marks/04.17-17.34/IMG_2415.JPG,IMG_2415.JPG,HFW12-F7_2016_201604171734_IMG_2415.jpg,0.9286061525344849,590.2835083007812,259.7698059082031,475.45941162109375,924.052978515625,2048,1536,475,924
HFW12-F7,2016,201604171734,DM,1,/Volumes/Seagate Portable Drive/KYLE_AI_DATABASE/A_CAMERA/Focal_species/Gulo gulo/HFW12-F7/DM/2016/COLOR/Robust marks/04.17-17.34/IMG_2416.JPG,IMG_2416.JPG,HFW12-F7_2016_201604171734_IMG_2416.jpg,0.9200409650802612,592.0535278320312,256.832763671875,474.32269287109375,953.830322265625,2048,1536,474,953
HFW12-F7,2016,201604171734,DM,1,/Volumes/Seagate Portable Drive/KYLE_AI_DATABASE/A_CAMERA/Focal_species/Gulo gulo/HFW12-F7/DM/2016/COLOR/Robust marks/04.17-17.34/IMG_2417.JPG,IMG_2417.JPG,HFW12-F7_2016_201604171734_IMG_2417.jpg,0.9203711748123169,582.7908935546875,259.9451904296875,484.2496337890625,958.6947021484375,2048,1536,484,958
HFW12-F7,2016,201604171734,DM,1,/Volumes/Seagate Portable Drive/KYLE_AI_DATABASE/A_CAMERA/Focal_species/Gulo gulo/HFW12-F7/DM/2016/COLOR/Robust marks/04.17-17.34/IMG_2418.JPG,IMG_2418.JPG,HFW12-F7_2016_201604171734_IMG_2418.jpg,0.9620143175125122,532.041259765625,171.98277282714844,546.1204833984375,998.2557373046875,2048,1536,546,998
HFW12-F7,2016,201604171734,DM,1,/Volumes/Seagate Portable Drive/KYLE_AI_DATABASE/A_CAMERA/Focal_species/Gulo gulo/HFW12-F7/DM/2016/COLOR/Robust marks/04.17-17.34/IMG_2419.JPG,IMG_2419.JPG,HFW12-F7_2016_201604171734_IMG_2419.jpg,0.9495292901992798,586.6962890625,214.51190185546875,475.0791015625,965.1353149414062,2048,1536,475,965
HFW12-F7,2016,201604171734,DM,1,/Volumes/Seagate Portable Drive/KYLE_AI_DATABASE/A_CAMERA/Focal_species/Gulo gulo/HFW12-F7/DM/2016/COLOR/Robust marks/04.17-17.34/IMG_2420.JPG,IMG_2420.JPG,HFW12-F7_2016_201604171734_IMG_2420.jpg,0.9354684948921204,592.97705078125,228.10125732421875,465.7579345703125,1031.44189453125,2048,1536,465,1031
HFW12-F7,2016,201604171734,DM,1,/Volumes/Seagate Portable Drive/KYLE_AI_DATABASE/A_CAMERA/Focal_species/Gulo gulo/HFW12-F7/DM/2016/COLOR/Robust marks/04.17-17.34/IMG_2421.JPG,IMG_2421.JPG,HFW12-F7_2016_201604171734_IMG_2421.jpg,0.942608654499054,593.826416015625,273.17608642578125,466.3885498046875,979.4379272460938,2048,1536,466,979
HFW12-F7,2016,201604171734,DM,1,/Volumes/Seagate Portable Drive/KYLE_AI_DATABASE/A_CAMERA/Focal_species/Gulo gulo/HFW12-F7/DM/2016/COLOR/Robust marks/04.17-17.34/IMG_2422.JPG,IMG_2422.JPG,HFW12-F7_2016_201604171734_IMG_2422.jpg,0.9481722712516785,593.9697265625,258.964111328125,466.2864990234375,990.380615234375,2048,1536,466,990
HFW12-F7,2016,201604171734,DM,1,/Volumes/Seagate Portable Drive/KYLE_AI_DATABASE/A_CAMERA/Focal_species/Gulo gulo/HFW12-F7/DM/2016/COLOR/Robust marks/04.17-17.34/IMG_2423.JPG,IMG_2423.JPG,HFW12-F7_2016_201604171734_IMG_2423.jpg,0.9295527935028076,592.6792602539062,230.3602294921875,467.25396728515625,1009.8507080078125,2048,1536,467,1009
HFW12-F7,2016,201604171734,DM,1,/Volumes/Seagate Portable Drive/KYLE_AI_DATABASE/A_CAMERA/Focal_species/Gulo gulo/HFW12-F7/DM/2016/COLOR/Robust marks/04.17-17.34/IMG_2424.JPG,IMG_2424.JPG,HFW12-F7_2016_201604171734_IMG_2424.jpg,0.9518125057220459,596.7991333007812,327.284423828125,460.80950927734375,957.893798828125,2048,1536,460,957
HFW12-F7,2016,201604171734,DM,1,/Volumes/Seagate Portable Drive/KYLE_AI_DATABASE/A_CAMERA/Focal_species/Gulo gulo/HFW12-F7/DM/2016/COLOR/Robust marks/04.17-17.34/IMG_2425.JPG,IMG_2425.JPG,HFW12-F7_2016_201604171734_IMG_2425.jpg,0.9295210838317871,594.90966796875,356.1778564453125,461.689697265625,943.7322998046875,2048,1536,461,943
HFW12-F7,2016,201604171734,DM,1,/Volumes/Seagate Portable Drive/KYLE_AI_DATABASE/A_CAMERA/Focal_species/Gulo gulo/HFW12-F7/DM/2016/COLOR/Robust marks/04.17-17.34/IMG_2426.JPG,IMG_2426.JPG,HFW12-F7_2016_201604171734_IMG_2426.jpg,0.9405549168586731,598.3768310546875,338.65875244140625,457.917724609375,935.2130737304688,2048,1536,457,935
HFW12-F7,2016,201604171734,DM,1,/Volumes/Seagate Portable Drive/KYLE_AI_DATABASE/A_CAMERA/Focal_species/Gulo gulo/HFW12-F7/DM/2016/COLOR/Robust marks/04.17-17.34/IMG_2427.JPG,IMG_2427.JPG,HFW12-F7_2016_201604171734_IMG_2427.jpg,0.927506685256958,596.2787475585938,424.30810546875,459.30609130859375,915.926513671875,2048,1536,459,915
HFW12-F7,2016,201604171734,DM,1,/Volumes/Seagate Portable Drive/KYLE_AI_DATABASE/A_CAMERA/Focal_species/Gulo gulo/HFW12-F7/DM/2016/COLOR/Robust marks/04.17-17.34/IMG_2428.JPG,IMG_2428.JPG,HFW12-F7_2016_201604171734_IMG_2428.jpg,0.9412570595741272,589.5466918945312,451.219970703125,464.05340576171875,875.927490234375,2048,1536,464,875
HFW12-F7,2016,201604171734,DM,1,/Volumes/Seagate Portable Drive/KYLE_AI_DATABASE/A_CAMERA/Focal_species/Gulo gulo/HFW12-F7/DM/2016/COLOR/Robust marks/04.17-17.34/IMG_2429.JPG,IMG_2429.JPG,HFW12-F7_2016_201604171734_IMG_2429.jpg,0.9400186538696289,203.21453857421875,901.4287719726562,753.2686767578125,446.03729248046875,2048,1536,753,446
