id,year,ymdh,station,color,original_path,original_filename,crop_filename,confidence,bbox_x,bbox_y,bbox_width,bbox_height,image_width,image_height,crop_width,crop_height
HFW12-F7,2016,201602110151,DM,0,/Volumes/Seagate Portable Drive/KYLE_AI_DATABASE/A_CAMERA/Focal_species/Gulo gulo/HFW12-F7/DM/2016/B&W/Robust marks/02.11-01.51/IMG_2851.JPG,IMG_2851.JPG,HFW12-F7_2016_201602110151_IMG_2851.jpg,0.8424181342124939,514.2733154296875,596.058349609375,394.3358154296875,656.23193359375,2048,1536,394,656
HFW12-F7,2016,201602110151,DM,0,/Volumes/Seagate Portable Drive/KYLE_AI_DATABASE/A_CAMERA/Focal_species/Gulo gulo/HFW12-F7/DM/2016/B&W/Robust marks/02.11-01.51/IMG_2852.JPG,IMG_2852.JPG,HFW12-F7_2016_201602110151_IMG_2852.jpg,0.8756537437438965,501.21502685546875,196.70013427734375,336.9681396484375,1021.5885620117188,2048,1536,336,1021
HFW12-F7,2016,201602110151,DM,0,/Volumes/Seagate Portable Drive/KYLE_AI_DATABASE/A_CAMERA/Focal_species/Gulo gulo/HFW12-F7/DM/2016/B&W/Robust marks/02.11-01.51/IMG_2853.JPG,IMG_2853.JPG,HFW12-F7_2016_201602110151_IMG_2853.jpg,0.9038004875183105,478.5081787109375,240.87721252441406,352.63330078125,907.091064453125,2048,1536,352,907
HFW12-F7,2016,201602110151,DM,0,/Volumes/Seagate Portable Drive/KYLE_AI_DATABASE/A_CAMERA/Focal_species/Gulo gulo/HFW12-F7/DM/2016/B&W/Robust marks/02.11-01.51/IMG_2854.JPG,IMG_2854.JPG,HFW12-F7_2016_201602110151_IMG_2854.jpg,0.8625661730766296,458.7655029296875,306.3461608886719,362.302734375,851.782958984375,2048,1536,362,851
HFW12-F7,2016,201602110151,DM,0,/Volumes/Seagate Portable Drive/KYLE_AI_DATABASE/A_CAMERA/Focal_species/Gulo gulo/HFW12-F7/DM/2016/B&W/Robust marks/02.11-01.51/IMG_2855.JPG,IMG_2855.JPG,HFW12-F7_2016_201602110151_IMG_2855.jpg,0.8908216953277588,456.60882568359375,325.0373840332031,390.1275634765625,839.3876953125,2048,1536,390,839
HFW12-F7,2016,201602110151,DM,0,/Volumes/Seagate Portable Drive/KYLE_AI_DATABASE/A_CAMERA/Focal_species/Gulo gulo/HFW12-F7/DM/2016/B&W/Robust marks/02.11-01.51/IMG_2856.JPG,IMG_2856.JPG,HFW12-F7_2016_201602110151_IMG_2856.jpg,0.8885445594787598,452.02630615234375,335.91851806640625,374.1558837890625,875.6967163085938,2048,1536,374,875
HFW12-F7,2016,201602110151,DM,0,/Volumes/Seagate Portable Drive/KYLE_AI_DATABASE/A_CAMERA/Focal_species/Gulo gulo/HFW12-F7/DM/2016/B&W/Robust marks/02.11-01.51/IMG_2857.JPG,IMG_2857.JPG,HFW12-F7_2016_201602110151_IMG_2857.jpg,0.8966579437255859,455.82269287109375,297.98651123046875,507.3656005859375,926.3911743164062,2048,1536,507,926
HFW12-F7,2016,201602110151,DM,0,/Volumes/Seagate Portable Drive/KYLE_AI_DATABASE/A_CAMERA/Focal_species/Gulo gulo/HFW12-F7/DM/2016/B&W/Robust marks/02.11-01.51/IMG_2858.JPG,IMG_2858.JPG,HFW12-F7_2016_201602110151_IMG_2858.jpg,0.9223586320877075,453.30755615234375,212.9161376953125,499.3939208984375,960.1470947265625,2048,1536,499,960
HFW12-F7,2016,201602110151,DM,0,/Volumes/Seagate Portable Drive/KYLE_AI_DATABASE/A_CAMERA/Focal_species/Gulo gulo/HFW12-F7/DM/2016/B&W/Robust marks/02.11-01.51/IMG_2859.JPG,IMG_2859.JPG,HFW12-F7_2016_201602110151_IMG_2859.jpg,0.9263149499893188,417.4753723144531,103.06736755371094,536.836669921875,1021.7447509765625,2048,1536,536,1021
HFW12-F7,2016,201602110151,DM,0,/Volumes/Seagate Portable Drive/KYLE_AI_DATABASE/A_CAMERA/Focal_species/Gulo gulo/HFW12-F7/DM/2016/B&W/Robust marks/02.11-01.51/IMG_2860.JPG,IMG_2860.JPG,HFW12-F7_2016_201602110151_IMG_2860.jpg,0.927060067653656,433.900634765625,64.64149475097656,522.69873046875,1011.0977783203125,2048,1536,522,1011
HFW12-F7,2016,201602110151,DM,0,/Volumes/Seagate Portable Drive/KYLE_AI_DATABASE/A_CAMERA/Focal_species/Gulo gulo/HFW12-F7/DM/2016/B&W/Robust marks/02.11-01.51/IMG_2861.JPG,IMG_2861.JPG,HFW12-F7_2016_201602110151_IMG_2861.jpg,0.861992359161377,452.0202331542969,269.7455749511719,523.9453125,783.4656982421875,2048,1536,523,783
HFW12-F7,2016,201602110151,DM,0,/Volumes/Seagate Portable Drive/KYLE_AI_DATABASE/A_CAMERA/Focal_species/Gulo gulo/HFW12-F7/DM/2016/B&W/Robust marks/02.11-01.51/IMG_2862.JPG,IMG_2862.JPG,HFW12-F7_2016_201602110151_IMG_2862.jpg,0.8909918665885925,320.59527587890625,290.54656982421875,613.6729736328125,784.5405883789062,2048,1536,613,784
HFW12-F7,2016,201602110151,DM,0,/Volumes/Seagate Portable Drive/KYLE_AI_DATABASE/A_CAMERA/Focal_species/Gulo gulo/HFW12-F7/DM/2016/B&W/Robust marks/02.11-01.51/IMG_2863.JPG,IMG_2863.JPG,HFW12-F7_2016_201602110151_IMG_2863.jpg,0.8809451460838318,382.08746337890625,240.64292907714844,706.8842163085938,794.799072265625,2048,1536,706,794
HFW12-F7,2016,201602110151,DM,0,/Volumes/Seagate Portable Drive/KYLE_AI_DATABASE/A_CAMERA/Focal_species/Gulo gulo/HFW12-F7/DM/2016/B&W/Robust marks/02.11-01.51/IMG_2864.JPG,IMG_2864.JPG,HFW12-F7_2016_201602110151_IMG_2864.jpg,0.9029012322425842,493.51373291015625,243.35865783691406,599.5995483398438,793.8873291015625,2048,1536,599,793
HFW12-F7,2016,201602110151,DM,0,/Volumes/Seagate Portable Drive/KYLE_AI_DATABASE/A_CAMERA/Focal_species/Gulo gulo/HFW12-F7/DM/2016/B&W/Robust marks/02.11-01.51/IMG_2866.JPG,IMG_2866.JPG,HFW12-F7_2016_201602110151_IMG_2866.jpg,0.8307730555534363,626.199462890625,265.1387939453125,460.268798828125,915.7559814453125,2048,1536,460,915
HFW12-F7,2016,201602110151,DM,0,/Volumes/Seagate Portable Drive/KYLE_AI_DATABASE/A_CAMERA/Focal_species/Gulo gulo/HFW12-F7/DM/2016/B&W/Robust marks/02.11-01.51/IMG_2869.JPG,IMG_2869.JPG,HFW12-F7_2016_201602110151_IMG_2869.jpg,0.8246518969535828,637.5928344726562,275.800537109375,476.86895751953125,717.0313720703125,2048,1536,476,717
HFW12-F7,2016,201602110151,DM,0,/Volumes/Seagate Portable Drive/KYLE_AI_DATABASE/A_CAMERA/Focal_species/Gulo gulo/HFW12-F7/DM/2016/B&W/Robust marks/02.11-01.51/IMG_2871.JPG,IMG_2871.JPG,HFW12-F7_2016_201602110151_IMG_2871.jpg,0.8783444166183472,663.1759033203125,125.10186767578125,538.3157958984375,879.62548828125,2048,1536,538,879
HFW12-F7,2016,201602110151,DM,0,/Volumes/Seagate Portable Drive/KYLE_AI_DATABASE/A_CAMERA/Focal_species/Gulo gulo/HFW12-F7/DM/2016/B&W/Robust marks/02.11-01.51/IMG_2873.JPG,IMG_2873.JPG,HFW12-F7_2016_201602110151_IMG_2873.jpg,0.8673942685127258,624.2652587890625,286.6142578125,472.3505859375,766.903076171875,2048,1536,472,766
HFW12-F7,2016,201602110151,DM,0,/Volumes/Seagate Portable Drive/KYLE_AI_DATABASE/A_CAMERA/Focal_species/Gulo gulo/HFW12-F7/DM/2016/B&W/Robust marks/02.11-01.51/IMG_2879.JPG,IMG_2879.JPG,HFW12-F7_2016_201602110151_IMG_2879.jpg,0.8450219631195068,623.931640625,31.80010986328125,489.8204345703125,920.7832641601562,2048,1536,489,920
HFW12-F7,2016,201602110151,DM,0,/Volumes/Seagate Portable Drive/KYLE_AI_DATABASE/A_CAMERA/Focal_species/Gulo gulo/HFW12-F7/DM/2016/B&W/Robust marks/02.11-01.51/IMG_2881.JPG,IMG_2881.JPG,HFW12-F7_2016_201602110151_IMG_2881.jpg,0.8400017619132996,775.030517578125,135.93800354003906,544.215576171875,753.92822265625,2048,1536,544,753
HFW12-F7,2016,201602110151,DM,0,/Volumes/Seagate Portable Drive/KYLE_AI_DATABASE/A_CAMERA/Focal_species/Gulo gulo/HFW12-F7/DM/2016/B&W/Robust marks/02.11-01.51/IMG_2887.JPG,IMG_2887.JPG,HFW12-F7_2016_201602110151_IMG_2887.jpg,0.8103106617927551,749.76953125,271.6349182128906,501.63037109375,756.6199951171875,2048,1536,501,756
HFW12-F7,2016,201602110151,DM,0,/Volumes/Seagate Portable Drive/KYLE_AI_DATABASE/A_CAMERA/Focal_species/Gulo gulo/HFW12-F7/DM/2016/B&W/Robust marks/02.11-01.51/IMG_2895.JPG,IMG_2895.JPG,HFW12-F7_2016_201602110151_IMG_2895.jpg,0.9084319472312927,789.7996215820312,261.135498046875,414.39215087890625,877.0555419921875,2048,1536,414,877
HFW12-F7,2016,201602110151,DM,0,/Volumes/Seagate Portable Drive/KYLE_AI_DATABASE/A_CAMERA/Focal_species/Gulo gulo/HFW12-F7/DM/2016/B&W/Robust marks/02.11-01.51/IMG_2896.JPG,IMG_2896.JPG,HFW12-F7_2016_201602110151_IMG_2896.jpg,0.9004043340682983,849.0777587890625,157.71533203125,504.06982421875,802.6627807617188,2048,1536,504,802
HFW12-F7,2016,201602110151,DM,0,/Volumes/Seagate Portable Drive/KYLE_AI_DATABASE/A_CAMERA/Focal_species/Gulo gulo/HFW12-F7/DM/2016/B&W/Robust marks/02.11-01.51/IMG_2897.JPG,IMG_2897.JPG,HFW12-F7_2016_201602110151_IMG_2897.jpg,0.8676536083221436,844.2679443359375,262.8609924316406,396.4599609375,817.679931640625,2048,1536,396,817
HFW12-F7,2016,201602110151,DM,0,/Volumes/Seagate Portable Drive/KYLE_AI_DATABASE/A_CAMERA/Focal_species/Gulo gulo/HFW12-F7/DM/2016/B&W/Robust marks/02.11-01.51/IMG_2899.JPG,IMG_2899.JPG,HFW12-F7_2016_201602110151_IMG_2899.jpg,0.8582813143730164,703.807861328125,32.39826965332031,525.2236328125,996.6349487304688,2048,1536,525,996
HFW12-F7,2016,201602110151,DM,0,/Volumes/Seagate Portable Drive/KYLE_AI_DATABASE/A_CAMERA/Focal_species/Gulo gulo/HFW12-F7/DM/2016/B&W/Robust marks/02.11-01.51/IMG_2914.JPG,IMG_2914.JPG,HFW12-F7_2016_201602110151_IMG_2914.jpg,0.866507887840271,640.1359252929688,292.8016357421875,564.3125610351562,737.0357666015625,2048,1536,564,737
HFW12-F7,2016,201602110151,DM,0,/Volumes/Seagate Portable Drive/KYLE_AI_DATABASE/A_CAMERA/Focal_species/Gulo gulo/HFW12-F7/DM/2016/B&W/Robust marks/02.11-01.51/IMG_2917.JPG,IMG_2917.JPG,HFW12-F7_2016_201602110151_IMG_2917.jpg,0.8059020042419434,610.7716674804688,45.204254150390625,515.6714477539062,1091.33447265625,2048,1536,515,1091
HFW12-F7,2016,201602110151,DM,0,/Volumes/Seagate Portable Drive/KYLE_AI_DATABASE/A_CAMERA/Focal_species/Gulo gulo/HFW12-F7/DM/2016/B&W/Robust marks/02.11-01.51/IMG_2924.JPG,IMG_2924.JPG,HFW12-F7_2016_201602110151_IMG_2924.jpg,0.9344710111618042,666.1883544921875,311.60394287109375,563.0665283203125,634.3073120117188,2048,1536,563,634
HFW12-F7,2016,201602110151,DM,0,/Volumes/Seagate Portable Drive/KYLE_AI_DATABASE/A_CAMERA/Focal_species/Gulo gulo/HFW12-F7/DM/2016/B&W/Robust marks/02.11-01.51/IMG_2926.JPG,IMG_2926.JPG,HFW12-F7_2016_201602110151_IMG_2926.jpg,0.855072021484375,701.9835815429688,286.2452087402344,614.0296020507812,562.7071533203125,2048,1536,614,562
HFW12-F7,2016,201602110151,DM,0,/Volumes/Seagate Portable Drive/KYLE_AI_DATABASE/A_CAMERA/Focal_species/Gulo gulo/HFW12-F7/DM/2016/B&W/Robust marks/02.11-01.51/IMG_2927.JPG,IMG_2927.JPG,HFW12-F7_2016_201602110151_IMG_2927.jpg,0.8135676980018616,633.3115234375,294.7835693359375,497.7781982421875,756.937255859375,2048,1536,497,756
HFW12-F7,2016,201602110151,DM,0,/Volumes/Seagate Portable Drive/KYLE_AI_DATABASE/A_CAMERA/Focal_species/Gulo gulo/HFW12-F7/DM/2016/B&W/Robust marks/02.11-01.51/IMG_2931.JPG,IMG_2931.JPG,HFW12-F7_2016_201602110151_IMG_2931.jpg,0.9010613560676575,639.9378662109375,291.58099365234375,631.6851806640625,653.3130493164062,2048,1536,631,653
HFW12-F7,2016,201602110151,DM,0,/Volumes/Seagate Portable Drive/KYLE_AI_DATABASE/A_CAMERA/Focal_species/Gulo gulo/HFW12-F7/DM/2016/B&W/Robust marks/02.11-01.51/IMG_2932.JPG,IMG_2932.JPG,HFW12-F7_2016_201602110151_IMG_2932.jpg,0.8865612745285034,793.2071533203125,258.43182373046875,474.120361328125,778.5969848632812,2048,1536,474,778
HFW12-F7,2016,201602110151,DM,0,/Volumes/Seagate Portable Drive/KYLE_AI_DATABASE/A_CAMERA/Focal_species/Gulo gulo/HFW12-F7/DM/2016/B&W/Robust marks/02.11-01.51/IMG_2933.JPG,IMG_2933.JPG,HFW12-F7_2016_201602110151_IMG_2933.jpg,0.8453502058982849,618.6424560546875,270.95648193359375,554.3343505859375,849.7145385742188,2048,1536,554,849
HFW12-F7,2016,201602110151,DM,0,/Volumes/Seagate Portable Drive/KYLE_AI_DATABASE/A_CAMERA/Focal_species/Gulo gulo/HFW12-F7/DM/2016/B&W/Robust marks/02.11-01.51/IMG_2951.JPG,IMG_2951.JPG,HFW12-F7_2016_201602110151_IMG_2951.jpg,0.9372770190238953,632.00732421875,75.82278442382812,462.7613525390625,826.8177490234375,2048,1536,462,826
HFW12-F7,2016,201602110151,DM,0,/Volumes/Seagate Portable Drive/KYLE_AI_DATABASE/A_CAMERA/Focal_species/Gulo gulo/HFW12-F7/DM/2016/B&W/Robust marks/02.11-01.51/IMG_2964.JPG,IMG_2964.JPG,HFW12-F7_2016_201602110151_IMG_2964.jpg,0.8426898717880249,618.609130859375,141.10739135742188,570.05419921875,879.2464599609375,2048,1536,570,879
HFW12-F7,2016,201602110151,DM,0,/Volumes/Seagate Portable Drive/KYLE_AI_DATABASE/A_CAMERA/Focal_species/Gulo gulo/HFW12-F7/DM/2016/B&W/Robust marks/02.11-01.51/IMG_2971.JPG,IMG_2971.JPG,HFW12-F7_2016_201602110151_IMG_2971.jpg,0.8679476976394653,950.9257202148438,72.43533325195312,395.47076416015625,953.723388671875,2048,1536,395,953
HFW12-F7,2016,201602110151,DM,0,/Volumes/Seagate Portable Drive/KYLE_AI_DATABASE/A_CAMERA/Focal_species/Gulo gulo/HFW12-F7/DM/2016/B&W/Robust marks/02.11-01.51/IMG_2973.JPG,IMG_2973.JPG,HFW12-F7_2016_201602110151_IMG_2973.jpg,0.9296387434005737,1051.804443359375,30.620773315429688,335.753173828125,1009.4810180664062,2048,1536,335,1009
HFW12-F7,2016,201602110151,DM,0,/Volumes/Seagate Portable Drive/KYLE_AI_DATABASE/A_CAMERA/Focal_species/Gulo gulo/HFW12-F7/DM/2016/B&W/Robust marks/02.11-01.51/IMG_2974.JPG,IMG_2974.JPG,HFW12-F7_2016_201602110151_IMG_2974.jpg,0.9065073728561401,959.227783203125,46.63737487792969,464.921875,938.759521484375,2048,1536,464,938
HFW12-F7,2016,201602110151,DM,0,/Volumes/Seagate Portable Drive/KYLE_AI_DATABASE/A_CAMERA/Focal_species/Gulo gulo/HFW12-F7/DM/2016/B&W/Robust marks/02.11-01.51/IMG_2988.JPG,IMG_2988.JPG,HFW12-F7_2016_201602110151_IMG_2988.jpg,0.8782013058662415,615.5953979492188,217.63558959960938,510.15264892578125,1010.4500732421875,2048,1536,510,1010
HFW12-F7,2016,201602110151,DM,0,/Volumes/Seagate Portable Drive/KYLE_AI_DATABASE/A_CAMERA/Focal_species/Gulo gulo/HFW12-F7/DM/2016/B&W/Robust marks/02.11-01.51/IMG_2990.JPG,IMG_2990.JPG,HFW12-F7_2016_201602110151_IMG_2990.jpg,0.878160297870636,611.2125244140625,323.482177734375,507.338134765625,906.957275390625,2048,1536,507,906
HFW12-F7,2016,201602110151,DM,0,/Volumes/Seagate Portable Drive/KYLE_AI_DATABASE/A_CAMERA/Focal_species/Gulo gulo/HFW12-F7/DM/2016/B&W/Robust marks/02.11-01.51/IMG_2991.JPG,IMG_2991.JPG,HFW12-F7_2016_201602110151_IMG_2991.jpg,0.8430588841438293,610.9425659179688,321.81536865234375,495.28546142578125,974.6383666992188,2048,1536,495,974
HFW12-F7,2016,201602110151,DM,0,/Volumes/Seagate Portable Drive/KYLE_AI_DATABASE/A_CAMERA/Focal_species/Gulo gulo/HFW12-F7/DM/2016/B&W/Robust marks/02.11-01.51/IMG_2992.JPG,IMG_2992.JPG,HFW12-F7_2016_201602110151_IMG_2992.jpg,0.8829314112663269,608.8966064453125,310.00079345703125,473.8807373046875,983.9982299804688,2048,1536,473,983
HFW12-F7,2016,201602110151,DM,0,/Volumes/Seagate Portable Drive/KYLE_AI_DATABASE/A_CAMERA/Focal_species/Gulo gulo/HFW12-F7/DM/2016/B&W/Robust marks/02.11-01.51/IMG_2993.JPG,IMG_2993.JPG,HFW12-F7_2016_201602110151_IMG_2993.jpg,0.8363540172576904,595.6358642578125,265.81842041015625,490.94189453125,987.4179077148438,2048,1536,490,987
HFW12-F7,2016,201602110151,DM,0,/Volumes/Seagate Portable Drive/KYLE_AI_DATABASE/A_CAMERA/Focal_species/Gulo gulo/HFW12-F7/DM/2016/B&W/Robust marks/02.11-01.51/IMG_2994.JPG,IMG_2994.JPG,HFW12-F7_2016_201602110151_IMG_2994.jpg,0.8532823920249939,607.0865478515625,301.00177001953125,490.8133544921875,982.7173461914062,2048,1536,490,982
HFW12-F7,2016,201602110151,DM,0,/Volumes/Seagate Portable Drive/KYLE_AI_DATABASE/A_CAMERA/Focal_species/Gulo gulo/HFW12-F7/DM/2016/B&W/Robust marks/02.11-01.51/IMG_2995.JPG,IMG_2995.JPG,HFW12-F7_2016_201602110151_IMG_2995.jpg,0.8210931420326233,613.2418823242188,307.19464111328125,504.70770263671875,1030.552978515625,2048,1536,504,1030
HFW12-F7,2016,201602110151,DM,0,/Volumes/Seagate Portable Drive/KYLE_AI_DATABASE/A_CAMERA/Focal_species/Gulo gulo/HFW12-F7/DM/2016/B&W/Robust marks/02.11-01.51/IMG_2996.JPG,IMG_2996.JPG,HFW12-F7_2016_201602110151_IMG_2996.jpg,0.8390443921089172,610.8802490234375,297.19464111328125,514.2333984375,947.4323120117188,2048,1536,514,947
HFW12-F7,2016,201602110151,DM,0,/Volumes/Seagate Portable Drive/KYLE_AI_DATABASE/A_CAMERA/Focal_species/Gulo gulo/HFW12-F7/DM/2016/B&W/Robust marks/02.11-01.51/IMG_2997.JPG,IMG_2997.JPG,HFW12-F7_2016_201602110151_IMG_2997.jpg,0.8659210801124573,603.7862548828125,386.24835205078125,539.423583984375,1098.034912109375,2048,1536,539,1098
HFW12-F7,2016,201602110151,DM,0,/Volumes/Seagate Portable Drive/KYLE_AI_DATABASE/A_CAMERA/Focal_species/Gulo gulo/HFW12-F7/DM/2016/B&W/Robust marks/02.11-01.51/IMG_2998.JPG,IMG_2998.JPG,HFW12-F7_2016_201602110151_IMG_2998.jpg,0.8924416303634644,606.71044921875,436.8630065917969,573.30517578125,1037.681396484375,2048,1536,573,1037
HFW12-F7,2016,201602110151,DM,0,/Volumes/Seagate Portable Drive/KYLE_AI_DATABASE/A_CAMERA/Focal_species/Gulo gulo/HFW12-F7/DM/2016/B&W/Robust marks/02.11-01.51/IMG_3000.JPG,IMG_3000.JPG,HFW12-F7_2016_201602110151_IMG_3000.jpg,0.8890889883041382,614.7027587890625,423.3730773925781,591.2467041015625,1076.40380859375,2048,1536,591,1076
HFW12-F7,2016,201602110151,DM,0,/Volumes/Seagate Portable Drive/KYLE_AI_DATABASE/A_CAMERA/Focal_species/Gulo gulo/HFW12-F7/DM/2016/B&W/Robust marks/02.11-01.51/IMG_3001.JPG,IMG_3001.JPG,HFW12-F7_2016_201602110151_IMG_3001.jpg,0.8338012099266052,633.803955078125,454.81317138671875,556.565185546875,988.2501831054688,2048,1536,556,988
HFW12-F7,2016,201602110151,DM,0,/Volumes/Seagate Portable Drive/KYLE_AI_DATABASE/A_CAMERA/Focal_species/Gulo gulo/HFW12-F7/DM/2016/B&W/Robust marks/02.11-01.51/IMG_3002.JPG,IMG_3002.JPG,HFW12-F7_2016_201602110151_IMG_3002.jpg,0.8579928278923035,632.9053344726562,391.7417907714844,541.0270385742188,874.4208984375,2048,1536,541,874
HFW12-F7,2016,201602110151,DM,0,/Volumes/Seagate Portable Drive/KYLE_AI_DATABASE/A_CAMERA/Focal_species/Gulo gulo/HFW12-F7/DM/2016/B&W/Robust marks/02.11-01.51/IMG_3004.JPG,IMG_3004.JPG,HFW12-F7_2016_201602110151_IMG_3004.jpg,0.8438943028450012,613.912353515625,478.31378173828125,578.0340576171875,795.5234985351562,2048,1536,578,795
HFW12-F7,2016,201602110151,DM,0,/Volumes/Seagate Portable Drive/KYLE_AI_DATABASE/A_CAMERA/Focal_species/Gulo gulo/HFW12-F7/DM/2016/B&W/Robust marks/02.11-01.51/IMG_3006.JPG,IMG_3006.JPG,HFW12-F7_2016_201602110151_IMG_3006.jpg,0.8487674593925476,634.9547119140625,489.2146911621094,471.3214111328125,781.7783203125,2048,1536,471,781
HFW12-F7,2016,201602110151,DM,0,/Volumes/Seagate Portable Drive/KYLE_AI_DATABASE/A_CAMERA/Focal_species/Gulo gulo/HFW12-F7/DM/2016/B&W/Robust marks/02.11-01.51/IMG_3009.JPG,IMG_3009.JPG,HFW12-F7_2016_201602110151_IMG_3009.jpg,0.8706802725791931,618.1295166015625,500.9761962890625,486.4249267578125,999.2679443359375,2048,1536,486,999
HFW12-F7,2016,201602110151,DM,0,/Volumes/Seagate Portable Drive/KYLE_AI_DATABASE/A_CAMERA/Focal_species/Gulo gulo/HFW12-F7/DM/2016/B&W/Robust marks/02.11-01.51/IMG_3010.JPG,IMG_3010.JPG,HFW12-F7_2016_201602110151_IMG_3010.jpg,0.8513678908348083,615.131591796875,438.9315490722656,494.8924560546875,825.9276123046875,2048,1536,494,825
HFW12-F7,2016,201602110151,DM,0,/Volumes/Seagate Portable Drive/KYLE_AI_DATABASE/A_CAMERA/Focal_species/Gulo gulo/HFW12-F7/DM/2016/B&W/Robust marks/02.11-01.51/IMG_3011.JPG,IMG_3011.JPG,HFW12-F7_2016_201602110151_IMG_3011.jpg,0.8053739666938782,617.6507568359375,432.4472351074219,483.6029052734375,1063.9127197265625,2048,1536,483,1063
HFW12-F7,2016,201602110151,DM,0,/Volumes/Seagate Portable Drive/KYLE_AI_DATABASE/A_CAMERA/Focal_species/Gulo gulo/HFW12-F7/DM/2016/B&W/Robust marks/02.11-01.51/IMG_3012.JPG,IMG_3012.JPG,HFW12-F7_2016_201602110151_IMG_3012.jpg,0.8475743532180786,597.96533203125,387.065185546875,512.1207275390625,1100.391357421875,2048,1536,512,1100
HFW12-F7,2016,201602110151,DM,0,/Volumes/Seagate Portable Drive/KYLE_AI_DATABASE/A_CAMERA/Focal_species/Gulo gulo/HFW12-F7/DM/2016/B&W/Robust marks/02.11-01.51/IMG_3013.JPG,IMG_3013.JPG,HFW12-F7_2016_201602110151_IMG_3013.jpg,0.8765533566474915,604.3736572265625,449.4928894042969,497.638916015625,1048.8377685546875,2048,1536,497,1048
HFW12-F7,2016,201602110151,DM,0,/Volumes/Seagate Portable Drive/KYLE_AI_DATABASE/A_CAMERA/Focal_species/Gulo gulo/HFW12-F7/DM/2016/B&W/Robust marks/02.11-01.51/IMG_3014.JPG,IMG_3014.JPG,HFW12-F7_2016_201602110151_IMG_3014.jpg,0.8442297577857971,609.512451171875,460.99896240234375,549.3604736328125,1004.0593872070312,2048,1536,549,1004
HFW12-F7,2016,201602110151,DM,0,/Volumes/Seagate Portable Drive/KYLE_AI_DATABASE/A_CAMERA/Focal_species/Gulo gulo/HFW12-F7/DM/2016/B&W/Robust marks/02.11-01.51/IMG_3015.JPG,IMG_3015.JPG,HFW12-F7_2016_201602110151_IMG_3015.jpg,0.8384741544723511,597.501953125,432.2554931640625,637.5054931640625,825.733642578125,2048,1536,637,825
HFW12-F7,2016,201602110151,DM,0,/Volumes/Seagate Portable Drive/KYLE_AI_DATABASE/A_CAMERA/Focal_species/Gulo gulo/HFW12-F7/DM/2016/B&W/Robust marks/02.11-01.51/IMG_3016.JPG,IMG_3016.JPG,HFW12-F7_2016_201602110151_IMG_3016.jpg,0.8710119128227234,782.3931274414062,431.764892578125,498.98883056640625,803.351318359375,2048,1536,498,803
HFW12-F7,2016,201602110151,DM,0,/Volumes/Seagate Portable Drive/KYLE_AI_DATABASE/A_CAMERA/Focal_species/Gulo gulo/HFW12-F7/DM/2016/B&W/Robust marks/02.11-01.51/IMG_3018.JPG,IMG_3018.JPG,HFW12-F7_2016_201602110151_IMG_3018.jpg,0.8626720309257507,951.793701171875,420.917724609375,418.29638671875,931.615478515625,2048,1536,418,931
HFW12-F7,2016,201602110151,DM,0,/Volumes/Seagate Portable Drive/KYLE_AI_DATABASE/A_CAMERA/Focal_species/Gulo gulo/HFW12-F7/DM/2016/B&W/Robust marks/02.11-01.51/IMG_3019.JPG,IMG_3019.JPG,HFW12-F7_2016_201602110151_IMG_3019.jpg,0.8658492565155029,1075.655029296875,403.0483703613281,365.560302734375,944.8321533203125,2048,1536,365,944
HFW12-F7,2016,201602110151,DM,0,/Volumes/Seagate Portable Drive/KYLE_AI_DATABASE/A_CAMERA/Focal_species/Gulo gulo/HFW12-F7/DM/2016/B&W/Robust marks/02.11-01.51/IMG_3020.JPG,IMG_3020.JPG,HFW12-F7_2016_201602110151_IMG_3020.jpg,0.9245295524597168,990.0050048828125,390.8852233886719,427.30078125,918.9368896484375,2048,1536,427,918
HFW12-F7,2016,201602110151,DM,0,/Volumes/Seagate Portable Drive/KYLE_AI_DATABASE/A_CAMERA/Focal_species/Gulo gulo/HFW12-F7/DM/2016/B&W/Robust marks/02.11-01.51/IMG_3023.JPG,IMG_3023.JPG,HFW12-F7_2016_201602110151_IMG_3023.jpg,0.926846444606781,1010.5355224609375,452.45458984375,393.264404296875,830.24609375,2048,1536,393,830
HFW12-F7,2016,201602110151,DM,0,/Volumes/Seagate Portable Drive/KYLE_AI_DATABASE/A_CAMERA/Focal_species/Gulo gulo/HFW12-F7/DM/2016/B&W/Robust marks/02.11-01.51/IMG_3024.JPG,IMG_3024.JPG,HFW12-F7_2016_201602110151_IMG_3024.jpg,0.8997921347618103,856.7547607421875,417.81829833984375,573.157470703125,882.8189086914062,2048,1536,573,882
HFW12-F7,2016,201602110151,DM,0,/Volumes/Seagate Portable Drive/KYLE_AI_DATABASE/A_CAMERA/Focal_species/Gulo gulo/HFW12-F7/DM/2016/B&W/Robust marks/02.11-01.51/IMG_3025.JPG,IMG_3025.JPG,HFW12-F7_2016_201602110151_IMG_3025.jpg,0.8451722860336304,1032.14599609375,417.1266174316406,493.56982421875,933.42626953125,2048,1536,493,933
HFW12-F7,2016,201602110151,DM,0,/Volumes/Seagate Portable Drive/KYLE_AI_DATABASE/A_CAMERA/Focal_species/Gulo gulo/HFW12-F7/DM/2016/B&W/Robust marks/02.11-01.51/IMG_3026.JPG,IMG_3026.JPG,HFW12-F7_2016_201602110151_IMG_3026.jpg,0.9233053922653198,1023.476318359375,385.5035400390625,447.827392578125,861.5926513671875,2048,1536,447,861
HFW12-F7,2016,201602110151,DM,0,/Volumes/Seagate Portable Drive/KYLE_AI_DATABASE/A_CAMERA/Focal_species/Gulo gulo/HFW12-F7/DM/2016/B&W/Robust marks/02.11-01.51/IMG_3027.JPG,IMG_3027.JPG,HFW12-F7_2016_201602110151_IMG_3027.jpg,0.9407133460044861,672.2205810546875,401.59747314453125,758.84228515625,784.8839721679688,2048,1536,758,784
HFW12-F7,2016,201602110151,DM,0,/Volumes/Seagate Portable Drive/KYLE_AI_DATABASE/A_CAMERA/Focal_species/Gulo gulo/HFW12-F7/DM/2016/B&W/Robust marks/02.11-01.51/IMG_3028.JPG,IMG_3028.JPG,HFW12-F7_2016_201602110151_IMG_3028.jpg,0.9022047519683838,712.97021484375,396.64923095703125,587.32861328125,944.5642700195312,2048,1536,587,944
HFW12-F7,2016,201602110151,DM,0,/Volumes/Seagate Portable Drive/KYLE_AI_DATABASE/A_CAMERA/Focal_species/Gulo gulo/HFW12-F7/DM/2016/B&W/Robust marks/02.11-01.51/IMG_3029.JPG,IMG_3029.JPG,HFW12-F7_2016_201602110151_IMG_3029.jpg,0.8756604194641113,983.2152709960938,429.81964111328125,491.34808349609375,1017.6631469726562,2048,1536,491,1017
HFW12-F7,2016,201602110151,DM,0,/Volumes/Seagate Portable Drive/KYLE_AI_DATABASE/A_CAMERA/Focal_species/Gulo gulo/HFW12-F7/DM/2016/B&W/Robust marks/02.11-01.51/IMG_3030.JPG,IMG_3030.JPG,HFW12-F7_2016_201602110151_IMG_3030.jpg,0.8986555337905884,952.7759399414062,443.6280212402344,421.16497802734375,833.378173828125,2048,1536,421,833
HFW12-F7,2016,201602110151,DM,0,/Volumes/Seagate Portable Drive/KYLE_AI_DATABASE/A_CAMERA/Focal_species/Gulo gulo/HFW12-F7/DM/2016/B&W/Robust marks/02.11-01.51/IMG_3033.JPG,IMG_3033.JPG,HFW12-F7_2016_201602110151_IMG_3033.jpg,0.8310382962226868,1013.7158203125,446.2410888671875,452.099609375,821.7420654296875,2048,1536,452,821
HFW12-F7,2016,201602110151,DM,0,/Volumes/Seagate Portable Drive/KYLE_AI_DATABASE/A_CAMERA/Focal_species/Gulo gulo/HFW12-F7/DM/2016/B&W/Robust marks/02.11-01.51/IMG_3034.JPG,IMG_3034.JPG,HFW12-F7_2016_201602110151_IMG_3034.jpg,0.8999258875846863,905.1463623046875,491.36981201171875,590.941650390625,814.3648071289062,2048,1536,590,814
HFW12-F7,2016,201602110151,DM,0,/Volumes/Seagate Portable Drive/KYLE_AI_DATABASE/A_CAMERA/Focal_species/Gulo gulo/HFW12-F7/DM/2016/B&W/Robust marks/02.11-01.51/IMG_3037.JPG,IMG_3037.JPG,HFW12-F7_2016_201602110151_IMG_3037.jpg,0.8824755549430847,990.2378540039062,464.896484375,406.24993896484375,942.143310546875,2048,1536,406,942
HFW12-F7,2016,201602110151,DM,0,/Volumes/Seagate Portable Drive/KYLE_AI_DATABASE/A_CAMERA/Focal_species/Gulo gulo/HFW12-F7/DM/2016/B&W/Robust marks/02.11-01.51/IMG_3038.JPG,IMG_3038.JPG,HFW12-F7_2016_201602110151_IMG_3038.jpg,0.9295125603675842,656.6064453125,449.50726318359375,658.92822265625,804.3523559570312,2048,1536,658,804
HFW12-F7,2016,201602110151,DM,0,/Volumes/Seagate Portable Drive/KYLE_AI_DATABASE/A_CAMERA/Focal_species/Gulo gulo/HFW12-F7/DM/2016/B&W/Robust marks/02.11-01.51/IMG_3039.JPG,IMG_3039.JPG,HFW12-F7_2016_201602110151_IMG_3039.jpg,0.942102313041687,692.611083984375,437.3658447265625,576.986083984375,893.6976318359375,2048,1536,576,893
HFW12-F7,2016,201602110151,DM,0,/Volumes/Seagate Portable Drive/KYLE_AI_DATABASE/A_CAMERA/Focal_species/Gulo gulo/HFW12-F7/DM/2016/B&W/Robust marks/02.11-01.51/IMG_3040.JPG,IMG_3040.JPG,HFW12-F7_2016_201602110151_IMG_3040.jpg,0.9296423196792603,709.733642578125,445.8450622558594,539.826904296875,914.0833740234375,2048,1536,539,914
HFW12-F7,2016,201602110151,DM,0,/Volumes/Seagate Portable Drive/KYLE_AI_DATABASE/A_CAMERA/Focal_species/Gulo gulo/HFW12-F7/DM/2016/B&W/Robust marks/02.11-01.51/IMG_3042.JPG,IMG_3042.JPG,HFW12-F7_2016_201602110151_IMG_3042.jpg,0.8790184259414673,448.0701599121094,444.3734436035156,646.6173095703125,861.506103515625,2048,1536,646,861
HFW12-F7,2016,201602110151,DM,0,/Volumes/Seagate Portable Drive/KYLE_AI_DATABASE/A_CAMERA/Focal_species/Gulo gulo/HFW12-F7/DM/2016/B&W/Robust marks/02.11-01.51/IMG_3044.JPG,IMG_3044.JPG,HFW12-F7_2016_201602110151_IMG_3044.jpg,0.9184038639068604,386.7857971191406,360.0345458984375,667.5289306640625,817.4283447265625,2048,1536,667,817
HFW12-F7,2016,201602110151,DM,0,/Volumes/Seagate Portable Drive/KYLE_AI_DATABASE/A_CAMERA/Focal_species/Gulo gulo/HFW12-F7/DM/2016/B&W/Robust marks/02.11-01.51/IMG_3045.JPG,IMG_3045.JPG,HFW12-F7_2016_201602110151_IMG_3045.jpg,0.8097617030143738,293.2913513183594,383.0547180175781,385.0954895019531,883.8367919921875,2048,1536,385,883
HFW12-F7,2016,201602110151,DM,0,/Volumes/Seagate Portable Drive/KYLE_AI_DATABASE/A_CAMERA/Focal_species/Gulo gulo/HFW12-F7/DM/2016/B&W/Robust marks/02.11-01.51/IMG_3047.JPG,IMG_3047.JPG,HFW12-F7_2016_201602110151_IMG_3047.jpg,0.8673911094665527,278.3211669921875,417.6012268066406,429.27392578125,976.74755859375,2048,1536,429,976
HFW12-F7,2016,201602110151,DM,0,/Volumes/Seagate Portable Drive/KYLE_AI_DATABASE/A_CAMERA/Focal_species/Gulo gulo/HFW12-F7/DM/2016/B&W/Robust marks/02.11-01.51/IMG_3048.JPG,IMG_3048.JPG,HFW12-F7_2016_201602110151_IMG_3048.jpg,0.8447937965393066,230.36087036132812,421.05340576171875,620.7044677734375,868.7195434570312,2048,1536,620,868
HFW12-F7,2016,201602110151,DM,0,/Volumes/Seagate Portable Drive/KYLE_AI_DATABASE/A_CAMERA/Focal_species/Gulo gulo/HFW12-F7/DM/2016/B&W/Robust marks/02.11-01.51/IMG_3050.JPG,IMG_3050.JPG,HFW12-F7_2016_201602110151_IMG_3050.jpg,0.8164564371109009,149.29818725585938,417.799560546875,702.2857666015625,1066.301513671875,2048,1536,702,1066
HFW12-F7,2016,201602110151,DM,0,/Volumes/Seagate Portable Drive/KYLE_AI_DATABASE/A_CAMERA/Focal_species/Gulo gulo/HFW12-F7/DM/2016/B&W/Robust marks/02.11-01.51/IMG_3051.JPG,IMG_3051.JPG,HFW12-F7_2016_201602110151_IMG_3051.jpg,0.8451682925224304,278.9718933105469,430.01104736328125,432.8955383300781,911.8749389648438,2048,1536,432,911
HFW12-F7,2016,201602110151,DM,0,/Volumes/Seagate Portable Drive/KYLE_AI_DATABASE/A_CAMERA/Focal_species/Gulo gulo/HFW12-F7/DM/2016/B&W/Robust marks/02.11-01.51/IMG_3053.JPG,IMG_3053.JPG,HFW12-F7_2016_201602110151_IMG_3053.jpg,0.9346742630004883,346.5460205078125,310.686767578125,455.3167724609375,1025.363037109375,2048,1536,455,1025
HFW12-F7,2016,201602110151,DM,0,/Volumes/Seagate Portable Drive/KYLE_AI_DATABASE/A_CAMERA/Focal_species/Gulo gulo/HFW12-F7/DM/2016/B&W/Robust marks/02.11-01.51/IMG_3056.JPG,IMG_3056.JPG,HFW12-F7_2016_201602110151_IMG_3056.jpg,0.8265049457550049,626.30224609375,445.48919677734375,461.789794921875,801.5593872070312,2048,1536,461,801
HFW12-F7,2016,201602110151,DM,0,/Volumes/Seagate Portable Drive/KYLE_AI_DATABASE/A_CAMERA/Focal_species/Gulo gulo/HFW12-F7/DM/2016/B&W/Robust marks/02.11-01.51/IMG_3057.JPG,IMG_3057.JPG,HFW12-F7_2016_201602110151_IMG_3057.jpg,0.8638976812362671,567.995361328125,455.37274169921875,512.80859375,949.6965942382812,2048,1536,512,949
HFW12-F7,2016,201602110151,DM,0,/Volumes/Seagate Portable Drive/KYLE_AI_DATABASE/A_CAMERA/Focal_species/Gulo gulo/HFW12-F7/DM/2016/B&W/Robust marks/02.11-01.51/IMG_3058.JPG,IMG_3058.JPG,HFW12-F7_2016_201602110151_IMG_3058.jpg,0.903674304485321,572.4283447265625,446.7604064941406,579.6448974609375,936.885498046875,2048,1536,579,936
HFW12-F7,2016,201602110151,DM,0,/Volumes/Seagate Portable Drive/KYLE_AI_DATABASE/A_CAMERA/Focal_species/Gulo gulo/HFW12-F7/DM/2016/B&W/Robust marks/02.11-01.51/IMG_3059.JPG,IMG_3059.JPG,HFW12-F7_2016_201602110151_IMG_3059.jpg,0.8465800881385803,613.682373046875,341.61431884765625,409.1025390625,966.4616088867188,2048,1536,409,966
HFW12-F7,2016,201602110151,DM,0,/Volumes/Seagate Portable Drive/KYLE_AI_DATABASE/A_CAMERA/Focal_species/Gulo gulo/HFW12-F7/DM/2016/B&W/Robust marks/02.11-01.51/IMG_3060.JPG,IMG_3060.JPG,HFW12-F7_2016_201602110151_IMG_3060.jpg,0.8592705130577087,627.1844482421875,513.4688110351562,634.796875,757.8152465820312,2048,1536,634,757
HFW12-F7,2016,201602110151,DM,0,/Volumes/Seagate Portable Drive/KYLE_AI_DATABASE/A_CAMERA/Focal_species/Gulo gulo/HFW12-F7/DM/2016/B&W/Robust marks/02.11-01.51/IMG_3061.JPG,IMG_3061.JPG,HFW12-F7_2016_201602110151_IMG_3061.jpg,0.8473410606384277,611.358642578125,571.2350463867188,564.0732421875,746.5401000976562,2048,1536,564,746
HFW12-F7,2016,201602110151,DM,0,/Volumes/Seagate Portable Drive/KYLE_AI_DATABASE/A_CAMERA/Focal_species/Gulo gulo/HFW12-F7/DM/2016/B&W/Robust marks/02.11-01.51/IMG_3065.JPG,IMG_3065.JPG,HFW12-F7_2016_201602110151_IMG_3065.jpg,0.8406583070755005,609.765869140625,588.2314453125,548.3883056640625,681.8602294921875,2048,1536,548,681
HFW12-F7,2016,201602110151,DM,0,/Volumes/Seagate Portable Drive/KYLE_AI_DATABASE/A_CAMERA/Focal_species/Gulo gulo/HFW12-F7/DM/2016/B&W/Robust marks/02.11-01.51/IMG_3068.JPG,IMG_3068.JPG,HFW12-F7_2016_201602110151_IMG_3068.jpg,0.8072212934494019,606.0182495117188,444.0235595703125,486.55242919921875,941.0279541015625,2048,1536,486,941
HFW12-F7,2016,201602110151,DM,0,/Volumes/Seagate Portable Drive/KYLE_AI_DATABASE/A_CAMERA/Focal_species/Gulo gulo/HFW12-F7/DM/2016/B&W/Robust marks/02.11-01.51/IMG_3070.JPG,IMG_3070.JPG,HFW12-F7_2016_201602110151_IMG_3070.jpg,0.8288931846618652,561.6333618164062,423.466064453125,649.9281616210938,862.0859375,2048,1536,649,862
HFW12-F7,2016,201602110151,DM,0,/Volumes/Seagate Portable Drive/KYLE_AI_DATABASE/A_CAMERA/Focal_species/Gulo gulo/HFW12-F7/DM/2016/B&W/Robust marks/02.11-01.51/IMG_3071.JPG,IMG_3071.JPG,HFW12-F7_2016_201602110151_IMG_3071.jpg,0.8541665077209473,611.2881469726562,330.210205078125,298.9990234375,963.937255859375,2048,1536,298,963
HFW12-F7,2016,201602110151,DM,0,/Volumes/Seagate Portable Drive/KYLE_AI_DATABASE/A_CAMERA/Focal_species/Gulo gulo/HFW12-F7/DM/2016/B&W/Robust marks/02.11-01.51/IMG_3072.JPG,IMG_3072.JPG,HFW12-F7_2016_201602110151_IMG_3072.jpg,0.8244092464447021,610.5057373046875,343.5728759765625,295.755126953125,955.2550048828125,2048,1536,295,955
HFW12-F7,2016,201602110151,DM,0,/Volumes/Seagate Portable Drive/KYLE_AI_DATABASE/A_CAMERA/Focal_species/Gulo gulo/HFW12-F7/DM/2016/B&W/Robust marks/02.11-01.51/IMG_3077.JPG,IMG_3077.JPG,HFW12-F7_2016_201602110151_IMG_3077.jpg,0.8702445030212402,522.5591430664062,302.5279541015625,351.23583984375,912.800048828125,2048,1536,351,912
HFW12-F7,2016,201602110151,DM,0,/Volumes/Seagate Portable Drive/KYLE_AI_DATABASE/A_CAMERA/Focal_species/Gulo gulo/HFW12-F7/DM/2016/B&W/Robust marks/02.11-01.51/IMG_3078.JPG,IMG_3078.JPG,HFW12-F7_2016_201602110151_IMG_3078.jpg,0.9341889023780823,410.6761474609375,31.850234985351562,388.7783203125,1027.8363037109375,2048,1536,388,1027
HFW12-F7,2016,201602110151,DM,0,/Volumes/Seagate Portable Drive/KYLE_AI_DATABASE/A_CAMERA/Focal_species/Gulo gulo/HFW12-F7/DM/2016/B&W/Robust marks/02.11-01.51/IMG_3079.JPG,IMG_3079.JPG,HFW12-F7_2016_201602110151_IMG_3079.jpg,0.8270517587661743,355.11358642578125,357.7250061035156,409.5992431640625,1124.3770751953125,2048,1536,409,1124
HFW12-F7,2016,201602110151,DM,0,/Volumes/Seagate Portable Drive/KYLE_AI_DATABASE/A_CAMERA/Focal_species/Gulo gulo/HFW12-F7/DM/2016/B&W/Robust marks/02.11-01.51/IMG_3080.JPG,IMG_3080.JPG,HFW12-F7_2016_201602110151_IMG_3080.jpg,0.8362608551979065,334.2608947753906,547.712158203125,506.0224304199219,948.174072265625,2048,1536,506,948
HFW12-F7,2016,201602110151,DM,0,/Volumes/Seagate Portable Drive/KYLE_AI_DATABASE/A_CAMERA/Focal_species/Gulo gulo/HFW12-F7/DM/2016/B&W/Robust marks/02.11-01.51/IMG_3084.JPG,IMG_3084.JPG,HFW12-F7_2016_201602110151_IMG_3084.jpg,0.8876886367797852,384.2713317871094,707.871337890625,769.6046142578125,516.953125,2048,1536,769,516
HFW12-F7,2016,201602110151,DM,0,/Volumes/Seagate Portable Drive/KYLE_AI_DATABASE/A_CAMERA/Focal_species/Gulo gulo/HFW12-F7/DM/2016/B&W/Robust marks/02.11-01.51/IMG_3085.JPG,IMG_3085.JPG,HFW12-F7_2016_201602110151_IMG_3085.jpg,0.9127894639968872,401.830078125,667.0970458984375,696.3570556640625,565.0594482421875,2048,1536,696,565
HFW12-F7,2016,201602110151,DM,0,/Volumes/Seagate Portable Drive/KYLE_AI_DATABASE/A_CAMERA/Focal_species/Gulo gulo/HFW12-F7/DM/2016/B&W/Robust marks/02.11-01.51/IMG_3087.JPG,IMG_3087.JPG,HFW12-F7_2016_201602110151_IMG_3087.jpg,0.881298840045929,533.843017578125,690.85205078125,504.961181640625,592.97705078125,2048,1536,504,592
HFW12-F7,2016,201602110151,DM,0,/Volumes/Seagate Portable Drive/KYLE_AI_DATABASE/A_CAMERA/Focal_species/Gulo gulo/HFW12-F7/DM/2016/B&W/Robust marks/02.11-01.51/IMG_3088.JPG,IMG_3088.JPG,HFW12-F7_2016_201602110151_IMG_3088.jpg,0.8309611082077026,513.808349609375,666.5828857421875,526.8192138671875,609.6888427734375,2048,1536,526,609
HFW12-F7,2016,201602110151,DM,0,/Volumes/Seagate Portable Drive/KYLE_AI_DATABASE/A_CAMERA/Focal_species/Gulo gulo/HFW12-F7/DM/2016/B&W/Robust marks/02.11-01.51/IMG_3091.JPG,IMG_3091.JPG,HFW12-F7_2016_201602110151_IMG_3091.jpg,0.8829421997070312,725.7098388671875,187.76119995117188,393.435546875,931.2913818359375,2048,1536,393,931
HFW12-F7,2016,201602110151,DM,0,/Volumes/Seagate Portable Drive/KYLE_AI_DATABASE/A_CAMERA/Focal_species/Gulo gulo/HFW12-F7/DM/2016/B&W/Robust marks/02.11-01.51/IMG_3092.JPG,IMG_3092.JPG,HFW12-F7_2016_201602110151_IMG_3092.jpg,0.8643104434013367,611.2642211914062,124.10920715332031,467.19256591796875,1113.2330322265625,2048,1536,467,1113
HFW12-F7,2016,201602110151,DM,0,/Volumes/Seagate Portable Drive/KYLE_AI_DATABASE/A_CAMERA/Focal_species/Gulo gulo/HFW12-F7/DM/2016/B&W/Robust marks/02.11-01.51/IMG_3093.JPG,IMG_3093.JPG,HFW12-F7_2016_201602110151_IMG_3093.jpg,0.828727126121521,607.5908203125,144.55531311035156,489.1461181640625,1102.5906982421875,2048,1536,489,1102
HFW12-F7,2016,201602110151,DM,0,/Volumes/Seagate Portable Drive/KYLE_AI_DATABASE/A_CAMERA/Focal_species/Gulo gulo/HFW12-F7/DM/2016/B&W/Robust marks/02.11-01.51/IMG_3094.JPG,IMG_3094.JPG,HFW12-F7_2016_201602110151_IMG_3094.jpg,0.8879367113113403,614.4234619140625,222.88531494140625,477.082763671875,1000.1871948242188,2048,1536,477,1000
HFW12-F7,2016,201602110151,DM,0,/Volumes/Seagate Portable Drive/KYLE_AI_DATABASE/A_CAMERA/Focal_species/Gulo gulo/HFW12-F7/DM/2016/B&W/Robust marks/02.11-01.51/IMG_3095.JPG,IMG_3095.JPG,HFW12-F7_2016_201602110151_IMG_3095.jpg,0.8718644380569458,607.8265380859375,206.79917907714844,556.0831298828125,1044.2381591796875,2048,1536,556,1044
HFW12-F7,2016,201602110151,DM,0,/Volumes/Seagate Portable Drive/KYLE_AI_DATABASE/A_CAMERA/Focal_species/Gulo gulo/HFW12-F7/DM/2016/B&W/Robust marks/02.11-01.51/IMG_3096.JPG,IMG_3096.JPG,HFW12-F7_2016_201602110151_IMG_3096.jpg,0.8786455392837524,603.6702880859375,222.32785034179688,565.2379150390625,1025.3304443359375,2048,1536,565,1025
HFW12-F7,2016,201602110151,DM,0,/Volumes/Seagate Portable Drive/KYLE_AI_DATABASE/A_CAMERA/Focal_species/Gulo gulo/HFW12-F7/DM/2016/B&W/Robust marks/02.11-01.51/IMG_3097.JPG,IMG_3097.JPG,HFW12-F7_2016_201602110151_IMG_3097.jpg,0.8664467334747314,612.5714721679688,244.05459594726562,557.8394165039062,970.72021484375,2048,1536,557,970
HFW12-F7,2016,201602110151,DM,0,/Volumes/Seagate Portable Drive/KYLE_AI_DATABASE/A_CAMERA/Focal_species/Gulo gulo/HFW12-F7/DM/2016/B&W/Robust marks/02.11-01.51/IMG_3099.JPG,IMG_3099.JPG,HFW12-F7_2016_201602110151_IMG_3099.jpg,0.8529831171035767,607.5171508789062,289.3012390136719,562.1295776367188,962.024169921875,2048,1536,562,962
HFW12-F7,2016,201602110151,DM,0,/Volumes/Seagate Portable Drive/KYLE_AI_DATABASE/A_CAMERA/Focal_species/Gulo gulo/HFW12-F7/DM/2016/B&W/Robust marks/02.11-01.51/IMG_3100.JPG,IMG_3100.JPG,HFW12-F7_2016_201602110151_IMG_3100.jpg,0.8652459383010864,606.4585571289062,165.35440063476562,557.3292846679688,1121.1539306640625,2048,1536,557,1121
HFW12-F7,2016,201602110151,DM,0,/Volumes/Seagate Portable Drive/KYLE_AI_DATABASE/A_CAMERA/Focal_species/Gulo gulo/HFW12-F7/DM/2016/B&W/Robust marks/02.11-01.51/IMG_3101.JPG,IMG_3101.JPG,HFW12-F7_2016_201602110151_IMG_3101.jpg,0.8504951596260071,611.578369140625,249.9528350830078,516.378173828125,974.2203979492188,2048,1536,516,974
HFW12-F7,2016,201602110151,DM,0,/Volumes/Seagate Portable Drive/KYLE_AI_DATABASE/A_CAMERA/Focal_species/Gulo gulo/HFW12-F7/DM/2016/B&W/Robust marks/02.11-01.51/IMG_3102.JPG,IMG_3102.JPG,HFW12-F7_2016_201602110151_IMG_3102.jpg,0.8706555962562561,611.6930541992188,247.23399353027344,488.93719482421875,972.0648193359375,2048,1536,488,972
HFW12-F7,2016,201602110151,DM,0,/Volumes/Seagate Portable Drive/KYLE_AI_DATABASE/A_CAMERA/Focal_species/Gulo gulo/HFW12-F7/DM/2016/B&W/Robust marks/02.11-01.51/IMG_3103.JPG,IMG_3103.JPG,HFW12-F7_2016_201602110151_IMG_3103.jpg,0.8464515805244446,610.1878662109375,312.634033203125,534.5416259765625,913.728271484375,2048,1536,534,913
HFW12-F7,2016,201602110151,DM,0,/Volumes/Seagate Portable Drive/KYLE_AI_DATABASE/A_CAMERA/Focal_species/Gulo gulo/HFW12-F7/DM/2016/B&W/Robust marks/02.11-01.51/IMG_3104.JPG,IMG_3104.JPG,HFW12-F7_2016_201602110151_IMG_3104.jpg,0.891227662563324,610.671142578125,253.52586364746094,533.466796875,979.02392578125,2048,1536,533,979
HFW12-F7,2016,201602110151,DM,0,/Volumes/Seagate Portable Drive/KYLE_AI_DATABASE/A_CAMERA/Focal_species/Gulo gulo/HFW12-F7/DM/2016/B&W/Robust marks/02.11-01.51/IMG_3105.JPG,IMG_3105.JPG,HFW12-F7_2016_201602110151_IMG_3105.jpg,0.8691695332527161,613.214111328125,127.5135498046875,536.0723876953125,1089.0037841796875,2048,1536,536,1089
HFW12-F7,2016,201602110151,DM,0,/Volumes/Seagate Portable Drive/KYLE_AI_DATABASE/A_CAMERA/Focal_species/Gulo gulo/HFW12-F7/DM/2016/B&W/Robust marks/02.11-01.51/IMG_3106.JPG,IMG_3106.JPG,HFW12-F7_2016_201602110151_IMG_3106.jpg,0.8926835656166077,613.4852294921875,297.54962158203125,517.6524658203125,923.0050659179688,2048,1536,517,923
HFW12-F7,2016,201602110151,DM,0,/Volumes/Seagate Portable Drive/KYLE_AI_DATABASE/A_CAMERA/Focal_species/Gulo gulo/HFW12-F7/DM/2016/B&W/Robust marks/02.11-01.51/IMG_3107.JPG,IMG_3107.JPG,HFW12-F7_2016_201602110151_IMG_3107.jpg,0.8861811757087708,612.2100830078125,257.1323547363281,544.2720947265625,976.7152099609375,2048,1536,544,976
HFW12-F7,2016,201602110151,DM,0,/Volumes/Seagate Portable Drive/KYLE_AI_DATABASE/A_CAMERA/Focal_species/Gulo gulo/HFW12-F7/DM/2016/B&W/Robust marks/02.11-01.51/IMG_3108.JPG,IMG_3108.JPG,HFW12-F7_2016_201602110151_IMG_3108.jpg,0.800636887550354,701.1651611328125,236.0496368408203,490.766357421875,927.8145141601562,2048,1536,490,927
HFW12-F7,2016,201602110151,DM,0,/Volumes/Seagate Portable Drive/KYLE_AI_DATABASE/A_CAMERA/Focal_species/Gulo gulo/HFW12-F7/DM/2016/B&W/Robust marks/02.11-01.51/IMG_3109.JPG,IMG_3109.JPG,HFW12-F7_2016_201602110151_IMG_3109.jpg,0.8291720747947693,805.6099853515625,280.92913818359375,472.346923828125,800.3848266601562,2048,1536,472,800
HFW12-F7,2016,201602110151,DM,0,/Volumes/Seagate Portable Drive/KYLE_AI_DATABASE/A_CAMERA/Focal_species/Gulo gulo/HFW12-F7/DM/2016/B&W/Robust marks/02.11-01.51/IMG_3112.JPG,IMG_3112.JPG,HFW12-F7_2016_201602110151_IMG_3112.jpg,0.827953577041626,613.4583740234375,288.8376159667969,495.4766845703125,865.651611328125,2048,1536,495,865
HFW12-F7,2016,201602110151,DM,0,/Volumes/Seagate Portable Drive/KYLE_AI_DATABASE/A_CAMERA/Focal_species/Gulo gulo/HFW12-F7/DM/2016/B&W/Robust marks/02.11-01.51/IMG_3113.JPG,IMG_3113.JPG,HFW12-F7_2016_201602110151_IMG_3113.jpg,0.8543109893798828,628.7734375,287.9219970703125,573.1123046875,849.2462158203125,2048,1536,573,849
HFW12-F7,2016,201602110151,DM,0,/Volumes/Seagate Portable Drive/KYLE_AI_DATABASE/A_CAMERA/Focal_species/Gulo gulo/HFW12-F7/DM/2016/B&W/Robust marks/02.11-01.51/IMG_3116.JPG,IMG_3116.JPG,HFW12-F7_2016_201602110151_IMG_3116.jpg,0.8571100234985352,725.55859375,242.91929626464844,535.427490234375,852.695556640625,2048,1536,535,852
HFW12-F7,2016,201602110151,DM,0,/Volumes/Seagate Portable Drive/KYLE_AI_DATABASE/A_CAMERA/Focal_species/Gulo gulo/HFW12-F7/DM/2016/B&W/Robust marks/02.11-01.51/IMG_3117.JPG,IMG_3117.JPG,HFW12-F7_2016_201602110151_IMG_3117.jpg,0.9328210949897766,782.0894775390625,268.20648193359375,505.12890625,799.0613403320312,2048,1536,505,799
HFW12-F7,2016,201602110151,DM,0,/Volumes/Seagate Portable Drive/KYLE_AI_DATABASE/A_CAMERA/Focal_species/Gulo gulo/HFW12-F7/DM/2016/B&W/Robust marks/02.11-01.51/IMG_3118.JPG,IMG_3118.JPG,HFW12-F7_2016_201602110151_IMG_3118.jpg,0.8788957595825195,781.489501953125,246.30349731445312,450.318359375,838.6619873046875,2048,1536,450,838
HFW12-F7,2016,201602110151,DM,0,/Volumes/Seagate Portable Drive/KYLE_AI_DATABASE/A_CAMERA/Focal_species/Gulo gulo/HFW12-F7/DM/2016/B&W/Robust marks/02.11-01.51/IMG_3119.JPG,IMG_3119.JPG,HFW12-F7_2016_201602110151_IMG_3119.jpg,0.9050842523574829,862.9198608398438,231.9287567138672,387.65362548828125,845.1857299804688,2048,1536,387,845
HFW12-F7,2016,201602110151,DM,0,/Volumes/Seagate Portable Drive/KYLE_AI_DATABASE/A_CAMERA/Focal_species/Gulo gulo/HFW12-F7/DM/2016/B&W/Robust marks/02.11-01.51/IMG_3120.JPG,IMG_3120.JPG,HFW12-F7_2016_201602110151_IMG_3120.jpg,0.8703959584236145,735.5799560546875,244.2276611328125,571.5679931640625,737.5640869140625,2048,1536,571,737
HFW12-F7,2016,201602110151,DM,0,/Volumes/Seagate Portable Drive/KYLE_AI_DATABASE/A_CAMERA/Focal_species/Gulo gulo/HFW12-F7/DM/2016/B&W/Robust marks/02.11-01.51/IMG_3121.JPG,IMG_3121.JPG,HFW12-F7_2016_201602110151_IMG_3121.jpg,0.9006659388542175,614.4366455078125,261.3943176269531,515.5284423828125,953.1279296875,2048,1536,515,953
HFW12-F7,2016,201602110151,DM,0,/Volumes/Seagate Portable Drive/KYLE_AI_DATABASE/A_CAMERA/Focal_species/Gulo gulo/HFW12-F7/DM/2016/B&W/Robust marks/02.11-01.51/IMG_3122.JPG,IMG_3122.JPG,HFW12-F7_2016_201602110151_IMG_3122.jpg,0.8296259045600891,622.8784790039062,297.1548156738281,564.1766967773438,812.591552734375,2048,1536,564,812
HFW12-F7,2016,201602110151,DM,0,/Volumes/Seagate Portable Drive/KYLE_AI_DATABASE/A_CAMERA/Focal_species/Gulo gulo/HFW12-F7/DM/2016/B&W/Robust marks/02.11-01.51/IMG_3125.JPG,IMG_3125.JPG,HFW12-F7_2016_201602110151_IMG_3125.jpg,0.8712581992149353,711.3726806640625,251.9125213623047,593.372802734375,828.1455688476562,2048,1536,593,828
HFW12-F7,2016,201602110151,DM,0,/Volumes/Seagate Portable Drive/KYLE_AI_DATABASE/A_CAMERA/Focal_species/Gulo gulo/HFW12-F7/DM/2016/B&W/Robust marks/02.11-01.51/IMG_3126.JPG,IMG_3126.JPG,HFW12-F7_2016_201602110151_IMG_3126.jpg,0.851315975189209,737.94775390625,257.5844421386719,593.985107421875,839.6129150390625,2048,1536,593,839
HFW12-F7,2016,201602110151,DM,0,/Volumes/Seagate Portable Drive/KYLE_AI_DATABASE/A_CAMERA/Focal_species/Gulo gulo/HFW12-F7/DM/2016/B&W/Robust marks/02.11-01.51/IMG_3127.JPG,IMG_3127.JPG,HFW12-F7_2016_201602110151_IMG_3127.jpg,0.8776125907897949,668.456298828125,258.5172119140625,544.39697265625,842.5472412109375,2048,1536,544,842
HFW12-F7,2016,201602110151,DM,0,/Volumes/Seagate Portable Drive/KYLE_AI_DATABASE/A_CAMERA/Focal_species/Gulo gulo/HFW12-F7/DM/2016/B&W/Robust marks/02.11-01.51/IMG_3128.JPG,IMG_3128.JPG,HFW12-F7_2016_201602110151_IMG_3128.jpg,0.813505232334137,593.613037109375,263.56988525390625,682.0975341796875,849.4076538085938,2048,1536,682,849
HFW12-F7,2016,201602110151,DM,0,/Volumes/Seagate Portable Drive/KYLE_AI_DATABASE/A_CAMERA/Focal_species/Gulo gulo/HFW12-F7/DM/2016/B&W/Robust marks/02.11-01.51/IMG_3130.JPG,IMG_3130.JPG,HFW12-F7_2016_201602110151_IMG_3130.jpg,0.8311599493026733,608.2373046875,254.5982208251953,555.4119873046875,1064.5284423828125,2048,1536,555,1064
HFW12-F7,2016,201602110151,DM,0,/Volumes/Seagate Portable Drive/KYLE_AI_DATABASE/A_CAMERA/Focal_species/Gulo gulo/HFW12-F7/DM/2016/B&W/Robust marks/02.11-01.51/IMG_3131.JPG,IMG_3131.JPG,HFW12-F7_2016_201602110151_IMG_3131.jpg,0.8308144211769104,618.4876708984375,265.0974426269531,594.41259765625,830.616455078125,2048,1536,594,830
HFW12-F7,2016,201602110151,DM,0,/Volumes/Seagate Portable Drive/KYLE_AI_DATABASE/A_CAMERA/Focal_species/Gulo gulo/HFW12-F7/DM/2016/B&W/Robust marks/02.11-01.51/IMG_3132.JPG,IMG_3132.JPG,HFW12-F7_2016_201602110151_IMG_3132.jpg,0.8968342542648315,757.419677734375,242.07737731933594,539.19091796875,849.881103515625,2048,1536,539,849
HFW12-F7,2016,201602110151,DM,0,/Volumes/Seagate Portable Drive/KYLE_AI_DATABASE/A_CAMERA/Focal_species/Gulo gulo/HFW12-F7/DM/2016/B&W/Robust marks/02.11-01.51/IMG_3133.JPG,IMG_3133.JPG,HFW12-F7_2016_201602110151_IMG_3133.jpg,0.8008216023445129,666.1116943359375,244.80010986328125,541.842529296875,959.1881713867188,2048,1536,541,959
HFW12-F7,2016,201602110151,DM,0,/Volumes/Seagate Portable Drive/KYLE_AI_DATABASE/A_CAMERA/Focal_species/Gulo gulo/HFW12-F7/DM/2016/B&W/Robust marks/02.11-01.51/IMG_3137.JPG,IMG_3137.JPG,HFW12-F7_2016_201602110151_IMG_3137.jpg,0.9131702184677124,542.4735107421875,276.86676025390625,675.6658935546875,988.6443481445312,2048,1536,675,988
HFW12-F7,2016,201602110151,DM,0,/Volumes/Seagate Portable Drive/KYLE_AI_DATABASE/A_CAMERA/Focal_species/Gulo gulo/HFW12-F7/DM/2016/B&W/Robust marks/02.11-01.51/IMG_3140.JPG,IMG_3140.JPG,HFW12-F7_2016_201602110151_IMG_3140.jpg,0.8868237733840942,792.1090698242188,214.65023803710938,477.12335205078125,1006.700927734375,2048,1536,477,1006
HFW12-F7,2016,201602110151,DM,0,/Volumes/Seagate Portable Drive/KYLE_AI_DATABASE/A_CAMERA/Focal_species/Gulo gulo/HFW12-F7/DM/2016/B&W/Robust marks/02.11-01.51/IMG_3145.JPG,IMG_3145.JPG,HFW12-F7_2016_201602110151_IMG_3145.jpg,0.8259968757629395,631.778076171875,175.6069793701172,522.567138671875,1120.566162109375,2048,1536,522,1120
HFW12-F7,2016,201602110151,DM,0,/Volumes/Seagate Portable Drive/KYLE_AI_DATABASE/A_CAMERA/Focal_species/Gulo gulo/HFW12-F7/DM/2016/B&W/Robust marks/02.11-01.51/IMG_3146.JPG,IMG_3146.JPG,HFW12-F7_2016_201602110151_IMG_3146.jpg,0.8881896734237671,609.2366943359375,202.3106689453125,472.9454345703125,886.052978515625,2048,1536,472,886
HFW12-F7,2016,201602110151,DM,0,/Volumes/Seagate Portable Drive/KYLE_AI_DATABASE/A_CAMERA/Focal_species/Gulo gulo/HFW12-F7/DM/2016/B&W/Robust marks/02.11-01.51/IMG_3147.JPG,IMG_3147.JPG,HFW12-F7_2016_201602110151_IMG_3147.jpg,0.8735610246658325,614.7451171875,288.6983642578125,476.3837890625,772.8568115234375,2048,1536,476,772
HFW12-F7,2016,201602110151,DM,0,/Volumes/Seagate Portable Drive/KYLE_AI_DATABASE/A_CAMERA/Focal_species/Gulo gulo/HFW12-F7/DM/2016/B&W/Robust marks/02.11-01.51/IMG_3149.JPG,IMG_3149.JPG,HFW12-F7_2016_201602110151_IMG_3149.jpg,0.8300658464431763,612.015869140625,297.8680114746094,476.11181640625,919.691650390625,2048,1536,476,919
HFW12-F7,2016,201602110151,DM,0,/Volumes/Seagate Portable Drive/KYLE_AI_DATABASE/A_CAMERA/Focal_species/Gulo gulo/HFW12-F7/DM/2016/B&W/Robust marks/02.11-01.51/IMG_3150.JPG,IMG_3150.JPG,HFW12-F7_2016_201602110151_IMG_3150.jpg,0.8527857661247253,613.8031616210938,299.3309326171875,471.70220947265625,912.0823974609375,2048,1536,471,912
HFW12-F7,2016,201602110151,DM,0,/Volumes/Seagate Portable Drive/KYLE_AI_DATABASE/A_CAMERA/Focal_species/Gulo gulo/HFW12-F7/DM/2016/B&W/Robust marks/02.11-01.51/IMG_3151.JPG,IMG_3151.JPG,HFW12-F7_2016_201602110151_IMG_3151.jpg,0.8279480338096619,604.1473999023438,228.3636016845703,543.4607543945312,998.1774291992188,2048,1536,543,998
HFW12-F7,2016,201602110151,DM,0,/Volumes/Seagate Portable Drive/KYLE_AI_DATABASE/A_CAMERA/Focal_species/Gulo gulo/HFW12-F7/DM/2016/B&W/Robust marks/02.11-01.51/IMG_3152.JPG,IMG_3152.JPG,HFW12-F7_2016_201602110151_IMG_3152.jpg,0.8062038421630859,611.115966796875,286.5718688964844,543.66259765625,947.6727294921875,2048,1536,543,947
HFW12-F7,2016,201602110151,DM,0,/Volumes/Seagate Portable Drive/KYLE_AI_DATABASE/A_CAMERA/Focal_species/Gulo gulo/HFW12-F7/DM/2016/B&W/Robust marks/02.11-01.51/IMG_3153.JPG,IMG_3153.JPG,HFW12-F7_2016_201602110151_IMG_3153.jpg,0.8899412751197815,615.0482177734375,270.5713806152344,541.624267578125,954.8016357421875,2048,1536,541,954
HFW12-F7,2016,201602110151,DM,0,/Volumes/Seagate Portable Drive/KYLE_AI_DATABASE/A_CAMERA/Focal_species/Gulo gulo/HFW12-F7/DM/2016/B&W/Robust marks/02.11-01.51/IMG_3154.JPG,IMG_3154.JPG,HFW12-F7_2016_201602110151_IMG_3154.jpg,0.8101704716682434,611.0453491210938,306.174560546875,536.4158325195312,938.5185546875,2048,1536,536,938
HFW12-F7,2016,201602110151,DM,0,/Volumes/Seagate Portable Drive/KYLE_AI_DATABASE/A_CAMERA/Focal_species/Gulo gulo/HFW12-F7/DM/2016/B&W/Robust marks/02.11-01.51/IMG_3155.JPG,IMG_3155.JPG,HFW12-F7_2016_201602110151_IMG_3155.jpg,0.8444794416427612,610.6336669921875,172.57974243164062,534.579833984375,1059.1929931640625,2048,1536,534,1059
HFW12-F7,2016,201602110151,DM,0,/Volumes/Seagate Portable Drive/KYLE_AI_DATABASE/A_CAMERA/Focal_species/Gulo gulo/HFW12-F7/DM/2016/B&W/Robust marks/02.11-01.51/IMG_3158.JPG,IMG_3158.JPG,HFW12-F7_2016_201602110151_IMG_3158.jpg,0.8076935410499573,617.3763427734375,306.9416198730469,538.7044677734375,921.9991455078125,2048,1536,538,921
HFW12-F7,2016,201602110151,DM,0,/Volumes/Seagate Portable Drive/KYLE_AI_DATABASE/A_CAMERA/Focal_species/Gulo gulo/HFW12-F7/DM/2016/B&W/Robust marks/02.11-01.51/IMG_3159.JPG,IMG_3159.JPG,HFW12-F7_2016_201602110151_IMG_3159.jpg,0.8735230565071106,615.6624755859375,311.72589111328125,526.2991943359375,912.3593139648438,2048,1536,526,912
HFW12-F7,2016,201602110151,DM,0,/Volumes/Seagate Portable Drive/KYLE_AI_DATABASE/A_CAMERA/Focal_species/Gulo gulo/HFW12-F7/DM/2016/B&W/Robust marks/02.11-01.51/IMG_3160.JPG,IMG_3160.JPG,HFW12-F7_2016_201602110151_IMG_3160.jpg,0.8249224424362183,606.6639404296875,114.10322570800781,532.482177734375,1119.793212890625,2048,1536,532,1119
HFW12-F7,2016,201602110151,DM,0,/Volumes/Seagate Portable Drive/KYLE_AI_DATABASE/A_CAMERA/Focal_species/Gulo gulo/HFW12-F7/DM/2016/B&W/Robust marks/02.11-01.51/IMG_3162.JPG,IMG_3162.JPG,HFW12-F7_2016_201602110151_IMG_3162.jpg,0.8010825514793396,681.5044555664062,173.6945343017578,496.93121337890625,1015.6615600585938,2048,1536,496,1015
HFW12-F7,2016,201602110151,DM,0,/Volumes/Seagate Portable Drive/KYLE_AI_DATABASE/A_CAMERA/Focal_species/Gulo gulo/HFW12-F7/DM/2016/B&W/Robust marks/02.11-01.51/IMG_3163.JPG,IMG_3163.JPG,HFW12-F7_2016_201602110151_IMG_3163.jpg,0.8412678241729736,788.84521484375,299.3271484375,590.7783203125,791.142333984375,2048,1536,590,791
HFW12-F7,2016,201602110151,DM,0,/Volumes/Seagate Portable Drive/KYLE_AI_DATABASE/A_CAMERA/Focal_species/Gulo gulo/HFW12-F7/DM/2016/B&W/Robust marks/02.11-01.51/IMG_3164.JPG,IMG_3164.JPG,HFW12-F7_2016_201602110151_IMG_3164.jpg,0.8920646905899048,759.4034423828125,240.47781372070312,583.45947265625,896.2047119140625,2048,1536,583,896
HFW12-F7,2016,201602110151,DM,0,/Volumes/Seagate Portable Drive/KYLE_AI_DATABASE/A_CAMERA/Focal_species/Gulo gulo/HFW12-F7/DM/2016/B&W/Robust marks/02.11-01.51/IMG_3165.JPG,IMG_3165.JPG,HFW12-F7_2016_201602110151_IMG_3165.jpg,0.8407667279243469,805.1500854492188,204.8118896484375,510.92095947265625,963.2550048828125,2048,1536,510,963
HFW12-F7,2016,201602110151,DM,0,/Volumes/Seagate Portable Drive/KYLE_AI_DATABASE/A_CAMERA/Focal_species/Gulo gulo/HFW12-F7/DM/2016/B&W/Robust marks/02.11-01.51/IMG_3167.JPG,IMG_3167.JPG,HFW12-F7_2016_201602110151_IMG_3167.jpg,0.8643829822540283,757.4456787109375,278.8902587890625,464.6495361328125,934.75,2048,1536,464,934
HFW12-F7,2016,201602110151,DM,0,/Volumes/Seagate Portable Drive/KYLE_AI_DATABASE/A_CAMERA/Focal_species/Gulo gulo/HFW12-F7/DM/2016/B&W/Robust marks/02.11-01.51/IMG_3168.JPG,IMG_3168.JPG,HFW12-F7_2016_201602110151_IMG_3168.jpg,0.8745284676551819,589.5201416015625,283.43701171875,494.5020751953125,931.5714111328125,2048,1536,494,931
HFW12-F7,2016,201602110151,DM,0,/Volumes/Seagate Portable Drive/KYLE_AI_DATABASE/A_CAMERA/Focal_species/Gulo gulo/HFW12-F7/DM/2016/B&W/Robust marks/02.11-01.51/IMG_3170.JPG,IMG_3170.JPG,HFW12-F7_2016_201602110151_IMG_3170.jpg,0.867412805557251,608.1272583007812,261.129638671875,466.74957275390625,963.2518310546875,2048,1536,466,963
HFW12-F7,2016,201602110151,DM,0,/Volumes/Seagate Portable Drive/KYLE_AI_DATABASE/A_CAMERA/Focal_species/Gulo gulo/HFW12-F7/DM/2016/B&W/Robust marks/02.11-01.51/IMG_3171.JPG,IMG_3171.JPG,HFW12-F7_2016_201602110151_IMG_3171.jpg,0.8183971047401428,602.604736328125,309.67413330078125,477.4654541015625,933.8309936523438,2048,1536,477,933
HFW12-F7,2016,201602110151,DM,0,/Volumes/Seagate Portable Drive/KYLE_AI_DATABASE/A_CAMERA/Focal_species/Gulo gulo/HFW12-F7/DM/2016/B&W/Robust marks/02.11-01.51/IMG_3172.JPG,IMG_3172.JPG,HFW12-F7_2016_201602110151_IMG_3172.jpg,0.8287832736968994,598.2743530273438,288.382080078125,477.96881103515625,944.4453125,2048,1536,477,944
HFW12-F7,2016,201602110151,DM,0,/Volumes/Seagate Portable Drive/KYLE_AI_DATABASE/A_CAMERA/Focal_species/Gulo gulo/HFW12-F7/DM/2016/B&W/Robust marks/02.11-01.51/IMG_3173.JPG,IMG_3173.JPG,HFW12-F7_2016_201602110151_IMG_3173.jpg,0.8391422629356384,602.9921875,305.49755859375,474.0247802734375,929.838134765625,2048,1536,474,929
HFW12-F7,2016,201602110151,DM,0,/Volumes/Seagate Portable Drive/KYLE_AI_DATABASE/A_CAMERA/Focal_species/Gulo gulo/HFW12-F7/DM/2016/B&W/Robust marks/02.11-01.51/IMG_3174.JPG,IMG_3174.JPG,HFW12-F7_2016_201602110151_IMG_3174.jpg,0.8633827567100525,589.9229125976562,309.193603515625,487.59539794921875,920.8902587890625,2048,1536,487,920
HFW12-F7,2016,201602110151,DM,0,/Volumes/Seagate Portable Drive/KYLE_AI_DATABASE/A_CAMERA/Focal_species/Gulo gulo/HFW12-F7/DM/2016/B&W/Robust marks/02.11-01.51/IMG_3175.JPG,IMG_3175.JPG,HFW12-F7_2016_201602110151_IMG_3175.jpg,0.886221170425415,622.1619262695312,305.005859375,460.93096923828125,914.4599609375,2048,1536,460,914
HFW12-F7,2016,201602110151,DM,0,/Volumes/Seagate Portable Drive/KYLE_AI_DATABASE/A_CAMERA/Focal_species/Gulo gulo/HFW12-F7/DM/2016/B&W/Robust marks/02.11-01.51/IMG_3176.JPG,IMG_3176.JPG,HFW12-F7_2016_201602110151_IMG_3176.jpg,0.8662703037261963,611.077392578125,314.1824951171875,459.2218017578125,916.7955322265625,2048,1536,459,916
HFW12-F7,2016,201602110151,DM,0,/Volumes/Seagate Portable Drive/KYLE_AI_DATABASE/A_CAMERA/Focal_species/Gulo gulo/HFW12-F7/DM/2016/B&W/Robust marks/02.11-01.51/IMG_3177.JPG,IMG_3177.JPG,HFW12-F7_2016_201602110151_IMG_3177.jpg,0.836045503616333,610.2537841796875,307.65374755859375,461.18310546875,924.7400512695312,2048,1536,461,924
HFW12-F7,2016,201602110151,DM,0,/Volumes/Seagate Portable Drive/KYLE_AI_DATABASE/A_CAMERA/Focal_species/Gulo gulo/HFW12-F7/DM/2016/B&W/Robust marks/02.11-01.51/IMG_3178.JPG,IMG_3178.JPG,HFW12-F7_2016_201602110151_IMG_3178.jpg,0.8528632521629333,610.4261474609375,304.26043701171875,462.5732421875,932.8555297851562,2048,1536,462,932
HFW12-F7,2016,201602110151,DM,0,/Volumes/Seagate Portable Drive/KYLE_AI_DATABASE/A_CAMERA/Focal_species/Gulo gulo/HFW12-F7/DM/2016/B&W/Robust marks/02.11-01.51/IMG_3179.JPG,IMG_3179.JPG,HFW12-F7_2016_201602110151_IMG_3179.jpg,0.852397620677948,610.33349609375,302.30645751953125,460.687255859375,926.9804077148438,2048,1536,460,926
HFW12-F7,2016,201602110151,DM,0,/Volumes/Seagate Portable Drive/KYLE_AI_DATABASE/A_CAMERA/Focal_species/Gulo gulo/HFW12-F7/DM/2016/B&W/Robust marks/02.11-01.51/IMG_3180.JPG,IMG_3180.JPG,HFW12-F7_2016_201602110151_IMG_3180.jpg,0.8904488682746887,609.7017822265625,293.26959228515625,464.868896484375,939.1726684570312,2048,1536,464,939
HFW12-F7,2016,201602110151,DM,0,/Volumes/Seagate Portable Drive/KYLE_AI_DATABASE/A_CAMERA/Focal_species/Gulo gulo/HFW12-F7/DM/2016/B&W/Robust marks/02.11-01.51/IMG_3182.JPG,IMG_3182.JPG,HFW12-F7_2016_201602110151_IMG_3182.jpg,0.8135563731193542,609.5452270507812,293.1446533203125,463.87127685546875,938.5501708984375,2048,1536,463,938
HFW12-F7,2016,201602110151,DM,0,/Volumes/Seagate Portable Drive/KYLE_AI_DATABASE/A_CAMERA/Focal_species/Gulo gulo/HFW12-F7/DM/2016/B&W/Robust marks/02.11-01.51/IMG_3184.JPG,IMG_3184.JPG,HFW12-F7_2016_201602110151_IMG_3184.jpg,0.853657066822052,609.2552490234375,224.31912231445312,463.0076904296875,1018.280517578125,2048,1536,463,1018
HFW12-F7,2016,201602110151,DM,0,/Volumes/Seagate Portable Drive/KYLE_AI_DATABASE/A_CAMERA/Focal_species/Gulo gulo/HFW12-F7/DM/2016/B&W/Robust marks/02.11-01.51/IMG_3185.JPG,IMG_3185.JPG,HFW12-F7_2016_201602110151_IMG_3185.jpg,0.870965838432312,610.490966796875,316.89569091796875,464.68505859375,924.2026977539062,2048,1536,464,924
HFW12-F7,2016,201602110151,DM,0,/Volumes/Seagate Portable Drive/KYLE_AI_DATABASE/A_CAMERA/Focal_species/Gulo gulo/HFW12-F7/DM/2016/B&W/Robust marks/02.11-01.51/IMG_3186.JPG,IMG_3186.JPG,HFW12-F7_2016_201602110151_IMG_3186.jpg,0.8251684308052063,613.2894897460938,233.8695831298828,542.3547973632812,1032.449951171875,2048,1536,542,1032
HFW12-F7,2016,201602110151,DM,0,/Volumes/Seagate Portable Drive/KYLE_AI_DATABASE/A_CAMERA/Focal_species/Gulo gulo/HFW12-F7/DM/2016/B&W/Robust marks/02.11-01.51/IMG_3187.JPG,IMG_3187.JPG,HFW12-F7_2016_201602110151_IMG_3187.jpg,0.8050099611282349,733.8132934570312,250.3140106201172,523.6720581054688,834.7045288085938,2048,1536,523,834
HFW12-F7,2016,201602110151,DM,0,/Volumes/Seagate Portable Drive/KYLE_AI_DATABASE/A_CAMERA/Focal_species/Gulo gulo/HFW12-F7/DM/2016/B&W/Robust marks/02.11-01.51/IMG_3189.JPG,IMG_3189.JPG,HFW12-F7_2016_201602110151_IMG_3189.jpg,0.9366000890731812,628.9786376953125,31.742202758789062,673.6236572265625,863.1200561523438,2048,1536,673,863
HFW12-F7,2016,201602110151,DM,0,/Volumes/Seagate Portable Drive/KYLE_AI_DATABASE/A_CAMERA/Focal_species/Gulo gulo/HFW12-F7/DM/2016/B&W/Robust marks/02.11-01.51/IMG_3190.JPG,IMG_3190.JPG,HFW12-F7_2016_201602110151_IMG_3190.jpg,0.8254967331886292,575.7684326171875,34.30769348144531,529.990478515625,1199.0806884765625,2048,1536,529,1199
HFW12-F7,2016,201602110151,DM,0,/Volumes/Seagate Portable Drive/KYLE_AI_DATABASE/A_CAMERA/Focal_species/Gulo gulo/HFW12-F7/DM/2016/B&W/Robust marks/02.11-01.51/IMG_3191.JPG,IMG_3191.JPG,HFW12-F7_2016_201602110151_IMG_3191.jpg,0.870817244052887,607.8446044921875,276.8976745605469,546.69482421875,938.508544921875,2048,1536,546,938
HFW12-F7,2016,201602110151,DM,0,/Volumes/Seagate Portable Drive/KYLE_AI_DATABASE/A_CAMERA/Focal_species/Gulo gulo/HFW12-F7/DM/2016/B&W/Robust marks/02.11-01.51/IMG_3192.JPG,IMG_3192.JPG,HFW12-F7_2016_201602110151_IMG_3192.jpg,0.8546631932258606,607.9381103515625,188.9051055908203,546.2626953125,1035.2701416015625,2048,1536,546,1035
HFW12-F7,2016,201602110151,DM,0,/Volumes/Seagate Portable Drive/KYLE_AI_DATABASE/A_CAMERA/Focal_species/Gulo gulo/HFW12-F7/DM/2016/B&W/Robust marks/02.11-01.51/IMG_3193.JPG,IMG_3193.JPG,HFW12-F7_2016_201602110151_IMG_3193.jpg,0.8366437554359436,610.7523803710938,209.6714630126953,523.6045532226562,1031.9810791015625,2048,1536,523,1031
HFW12-F7,2016,201602110151,DM,0,/Volumes/Seagate Portable Drive/KYLE_AI_DATABASE/A_CAMERA/Focal_species/Gulo gulo/HFW12-F7/DM/2016/B&W/Robust marks/02.11-01.51/IMG_3194.JPG,IMG_3194.JPG,HFW12-F7_2016_201602110151_IMG_3194.jpg,0.8526588678359985,611.35400390625,248.25311279296875,491.9202880859375,975.8814086914062,2048,1536,491,975
HFW12-F7,2016,201602110151,DM,0,/Volumes/Seagate Portable Drive/KYLE_AI_DATABASE/A_CAMERA/Focal_species/Gulo gulo/HFW12-F7/DM/2016/B&W/Robust marks/02.11-01.51/IMG_3195.JPG,IMG_3195.JPG,HFW12-F7_2016_201602110151_IMG_3195.jpg,0.8022540211677551,609.864990234375,236.05755615234375,474.8330078125,1034.15380859375,2048,1536,474,1034
HFW12-F7,2016,201602110151,DM,0,/Volumes/Seagate Portable Drive/KYLE_AI_DATABASE/A_CAMERA/Focal_species/Gulo gulo/HFW12-F7/DM/2016/B&W/Robust marks/02.11-01.51/IMG_3196.JPG,IMG_3196.JPG,HFW12-F7_2016_201602110151_IMG_3196.jpg,0.8596276640892029,609.7608032226562,272.13848876953125,482.18902587890625,951.1080932617188,2048,1536,482,951
HFW12-F7,2016,201602110151,DM,0,/Volumes/Seagate Portable Drive/KYLE_AI_DATABASE/A_CAMERA/Focal_species/Gulo gulo/HFW12-F7/DM/2016/B&W/Robust marks/02.11-01.51/IMG_3197.JPG,IMG_3197.JPG,HFW12-F7_2016_201602110151_IMG_3197.jpg,0.8866620659828186,620.7047729492188,258.43438720703125,477.83209228515625,961.6511840820312,2048,1536,477,961
HFW12-F7,2016,201602110151,DM,0,/Volumes/Seagate Portable Drive/KYLE_AI_DATABASE/A_CAMERA/Focal_species/Gulo gulo/HFW12-F7/DM/2016/B&W/Robust marks/02.11-01.51/IMG_3198.JPG,IMG_3198.JPG,HFW12-F7_2016_201602110151_IMG_3198.jpg,0.8422963619232178,609.031494140625,284.5089111328125,524.35400390625,945.116943359375,2048,1536,524,945
HFW12-F7,2016,201602110151,DM,0,/Volumes/Seagate Portable Drive/KYLE_AI_DATABASE/A_CAMERA/Focal_species/Gulo gulo/HFW12-F7/DM/2016/B&W/Robust marks/02.11-01.51/IMG_3201.JPG,IMG_3201.JPG,HFW12-F7_2016_201602110151_IMG_3201.jpg,0.8663378953933716,605.7431030273438,310.879638671875,548.1882934570312,922.72265625,2048,1536,548,922
HFW12-F7,2016,201602110151,DM,0,/Volumes/Seagate Portable Drive/KYLE_AI_DATABASE/A_CAMERA/Focal_species/Gulo gulo/HFW12-F7/DM/2016/B&W/Robust marks/02.11-01.51/IMG_3202.JPG,IMG_3202.JPG,HFW12-F7_2016_201602110151_IMG_3202.jpg,0.8169155716896057,610.71533203125,307.11529541015625,531.034912109375,911.1718139648438,2048,1536,531,911
HFW12-F7,2016,201602110151,DM,0,/Volumes/Seagate Portable Drive/KYLE_AI_DATABASE/A_CAMERA/Focal_species/Gulo gulo/HFW12-F7/DM/2016/B&W/Robust marks/02.11-01.51/IMG_3203.JPG,IMG_3203.JPG,HFW12-F7_2016_201602110151_IMG_3203.jpg,0.8695158362388611,606.81396484375,259.2219543457031,544.5386962890625,958.4383544921875,2048,1536,544,958
HFW12-F7,2016,201602110151,DM,0,/Volumes/Seagate Portable Drive/KYLE_AI_DATABASE/A_CAMERA/Focal_species/Gulo gulo/HFW12-F7/DM/2016/B&W/Robust marks/02.11-01.51/IMG_3204.JPG,IMG_3204.JPG,HFW12-F7_2016_201602110151_IMG_3204.jpg,0.8850970268249512,611.2455444335938,204.54254150390625,467.28302001953125,1019.3753051757812,2048,1536,467,1019
HFW12-F7,2016,201602110151,DM,0,/Volumes/Seagate Portable Drive/KYLE_AI_DATABASE/A_CAMERA/Focal_species/Gulo gulo/HFW12-F7/DM/2016/B&W/Robust marks/02.11-01.51/IMG_3205.JPG,IMG_3205.JPG,HFW12-F7_2016_201602110151_IMG_3205.jpg,0.8740049004554749,622.1875,274.29241943359375,461.5614013671875,940.0518188476562,2048,1536,461,940
HFW12-F7,2016,201602110151,DM,0,/Volumes/Seagate Portable Drive/KYLE_AI_DATABASE/A_CAMERA/Focal_species/Gulo gulo/HFW12-F7/DM/2016/B&W/Robust marks/02.11-01.51/IMG_3206.JPG,IMG_3206.JPG,HFW12-F7_2016_201602110151_IMG_3206.jpg,0.84637850522995,609.50341796875,283.0537109375,471.546630859375,979.7005615234375,2048,1536,471,979
HFW12-F7,2016,201602110151,DM,0,/Volumes/Seagate Portable Drive/KYLE_AI_DATABASE/A_CAMERA/Focal_species/Gulo gulo/HFW12-F7/DM/2016/B&W/Robust marks/02.11-01.51/IMG_3207.JPG,IMG_3207.JPG,HFW12-F7_2016_201602110151_IMG_3207.jpg,0.8591268062591553,610.1730346679688,219.03250122070312,467.44171142578125,1012.8231201171875,2048,1536,467,1012
HFW12-F7,2016,201602110151,DM,0,/Volumes/Seagate Portable Drive/KYLE_AI_DATABASE/A_CAMERA/Focal_species/Gulo gulo/HFW12-F7/DM/2016/B&W/Robust marks/02.11-01.51/IMG_3208.JPG,IMG_3208.JPG,HFW12-F7_2016_201602110151_IMG_3208.jpg,0.8229312300682068,607.2713623046875,284.1419677734375,474.2576904296875,946.343994140625,2048,1536,474,946
HFW12-F7,2016,201602110151,DM,0,/Volumes/Seagate Portable Drive/KYLE_AI_DATABASE/A_CAMERA/Focal_species/Gulo gulo/HFW12-F7/DM/2016/B&W/Robust marks/02.11-01.51/IMG_3210.JPG,IMG_3210.JPG,HFW12-F7_2016_201602110151_IMG_3210.jpg,0.8662083745002747,610.85888671875,156.58236694335938,467.408447265625,1061.1571044921875,2048,1536,467,1061
HFW12-F7,2016,201602110151,DM,0,/Volumes/Seagate Portable Drive/KYLE_AI_DATABASE/A_CAMERA/Focal_species/Gulo gulo/HFW12-F7/DM/2016/B&W/Robust marks/02.11-01.51/IMG_3211.JPG,IMG_3211.JPG,HFW12-F7_2016_201602110151_IMG_3211.jpg,0.8313534259796143,612.2020263671875,200.71627807617188,510.2574462890625,1023.854736328125,2048,1536,510,1023
HFW12-F7,2016,201602110151,DM,0,/Volumes/Seagate Portable Drive/KYLE_AI_DATABASE/A_CAMERA/Focal_species/Gulo gulo/HFW12-F7/DM/2016/B&W/Robust marks/02.11-01.51/IMG_3213.JPG,IMG_3213.JPG,HFW12-F7_2016_201602110151_IMG_3213.jpg,0.8970442414283752,609.3644409179688,292.2948303222656,547.4453735351562,924.9730224609375,2048,1536,547,924
HFW12-F7,2016,201602110151,DM,0,/Volumes/Seagate Portable Drive/KYLE_AI_DATABASE/A_CAMERA/Focal_species/Gulo gulo/HFW12-F7/DM/2016/B&W/Robust marks/02.11-01.51/IMG_3214.JPG,IMG_3214.JPG,HFW12-F7_2016_201602110151_IMG_3214.jpg,0.8963898420333862,608.7984619140625,34.03129577636719,555.724365234375,1235.5653076171875,2048,1536,555,1235
HFW12-F7,2016,201602110151,DM,0,/Volumes/Seagate Portable Drive/KYLE_AI_DATABASE/A_CAMERA/Focal_species/Gulo gulo/HFW12-F7/DM/2016/B&W/Robust marks/02.11-01.51/IMG_3215.JPG,IMG_3215.JPG,HFW12-F7_2016_201602110151_IMG_3215.jpg,0.8763871788978577,613.2741088867188,259.5707702636719,504.15655517578125,1029.1121826171875,2048,1536,504,1029
HFW12-F7,2016,201602110151,DM,0,/Volumes/Seagate Portable Drive/KYLE_AI_DATABASE/A_CAMERA/Focal_species/Gulo gulo/HFW12-F7/DM/2016/B&W/Robust marks/02.11-01.51/IMG_3216.JPG,IMG_3216.JPG,HFW12-F7_2016_201602110151_IMG_3216.jpg,0.8240638375282288,612.3822021484375,35.80659484863281,530.314208984375,1245.540283203125,2048,1536,530,1245
HFW12-F7,2016,201602110151,DM,0,/Volumes/Seagate Portable Drive/KYLE_AI_DATABASE/A_CAMERA/Focal_species/Gulo gulo/HFW12-F7/DM/2016/B&W/Robust marks/02.11-01.51/IMG_3219.JPG,IMG_3219.JPG,HFW12-F7_2016_201602110151_IMG_3219.jpg,0.88134765625,621.001220703125,238.6354522705078,513.3297119140625,973.5381469726562,2048,1536,513,973
HFW12-F7,2016,201602110151,DM,0,/Volumes/Seagate Portable Drive/KYLE_AI_DATABASE/A_CAMERA/Focal_species/Gulo gulo/HFW12-F7/DM/2016/B&W/Robust marks/02.11-01.51/IMG_3220.JPG,IMG_3220.JPG,HFW12-F7_2016_201602110151_IMG_3220.jpg,0.9193076491355896,613.46484375,183.95960998535156,509.7916259765625,1038.9371337890625,2048,1536,509,1038
HFW12-F7,2016,201602110151,DM,0,/Volumes/Seagate Portable Drive/KYLE_AI_DATABASE/A_CAMERA/Focal_species/Gulo gulo/HFW12-F7/DM/2016/B&W/Robust marks/02.11-01.51/IMG_3221.JPG,IMG_3221.JPG,HFW12-F7_2016_201602110151_IMG_3221.jpg,0.8925350904464722,614.5782470703125,194.64065551757812,523.3009033203125,1012.9954833984375,2048,1536,523,1012
HFW12-F7,2016,201602110151,DM,0,/Volumes/Seagate Portable Drive/KYLE_AI_DATABASE/A_CAMERA/Focal_species/Gulo gulo/HFW12-F7/DM/2016/B&W/Robust marks/02.11-01.51/IMG_3222.JPG,IMG_3222.JPG,HFW12-F7_2016_201602110151_IMG_3222.jpg,0.8582445383071899,613.785888671875,200.5697479248047,536.9637451171875,997.9954223632812,2048,1536,536,997
HFW12-F7,2016,201602110151,DM,0,/Volumes/Seagate Portable Drive/KYLE_AI_DATABASE/A_CAMERA/Focal_species/Gulo gulo/HFW12-F7/DM/2016/B&W/Robust marks/02.11-01.51/IMG_3223.JPG,IMG_3223.JPG,HFW12-F7_2016_201602110151_IMG_3223.jpg,0.8300577998161316,612.75537109375,198.6764373779297,532.8646240234375,1026.7999267578125,2048,1536,532,1026
HFW12-F7,2016,201602110151,DM,0,/Volumes/Seagate Portable Drive/KYLE_AI_DATABASE/A_CAMERA/Focal_species/Gulo gulo/HFW12-F7/DM/2016/B&W/Robust marks/02.11-01.51/IMG_3224.JPG,IMG_3224.JPG,HFW12-F7_2016_201602110151_IMG_3224.jpg,0.8704274892807007,612.9522705078125,187.95529174804688,526.710205078125,1008.9146728515625,2048,1536,526,1008
HFW12-F7,2016,201602110151,DM,0,/Volumes/Seagate Portable Drive/KYLE_AI_DATABASE/A_CAMERA/Focal_species/Gulo gulo/HFW12-F7/DM/2016/B&W/Robust marks/02.11-01.51/IMG_3225.JPG,IMG_3225.JPG,HFW12-F7_2016_201602110151_IMG_3225.jpg,0.8524611592292786,612.7025146484375,201.96812438964844,533.3817138671875,1037.2330322265625,2048,1536,533,1037
HFW12-F7,2016,201602110151,DM,0,/Volumes/Seagate Portable Drive/KYLE_AI_DATABASE/A_CAMERA/Focal_species/Gulo gulo/HFW12-F7/DM/2016/B&W/Robust marks/02.11-01.51/IMG_3226.JPG,IMG_3226.JPG,HFW12-F7_2016_201602110151_IMG_3226.jpg,0.8561634421348572,615.5221557617188,176.42596435546875,528.3765258789062,1030.999755859375,2048,1536,528,1030
HFW12-F7,2016,201602110151,DM,0,/Volumes/Seagate Portable Drive/KYLE_AI_DATABASE/A_CAMERA/Focal_species/Gulo gulo/HFW12-F7/DM/2016/B&W/Robust marks/02.11-01.51/IMG_3227.JPG,IMG_3227.JPG,HFW12-F7_2016_201602110151_IMG_3227.jpg,0.8843845725059509,621.8870849609375,186.61074829101562,513.4127197265625,966.5711669921875,2048,1536,513,966
HFW12-F7,2016,201602110151,DM,0,/Volumes/Seagate Portable Drive/KYLE_AI_DATABASE/A_CAMERA/Focal_species/Gulo gulo/HFW12-F7/DM/2016/B&W/Robust marks/02.11-01.51/IMG_3228.JPG,IMG_3228.JPG,HFW12-F7_2016_201602110151_IMG_3228.jpg,0.8239850401878357,615.424560546875,169.81338500976562,515.08251953125,1027.73779296875,2048,1536,515,1027
HFW12-F7,2016,201602110151,DM,0,/Volumes/Seagate Portable Drive/KYLE_AI_DATABASE/A_CAMERA/Focal_species/Gulo gulo/HFW12-F7/DM/2016/B&W/Robust marks/02.11-01.51/IMG_3229.JPG,IMG_3229.JPG,HFW12-F7_2016_201602110151_IMG_3229.jpg,0.8426260948181152,613.8693237304688,182.83607482910156,530.8616333007812,1060.1846923828125,2048,1536,530,1060
HFW12-F7,2016,201602110151,DM,0,/Volumes/Seagate Portable Drive/KYLE_AI_DATABASE/A_CAMERA/Focal_species/Gulo gulo/HFW12-F7/DM/2016/B&W/Robust marks/02.11-01.51/IMG_3231.JPG,IMG_3231.JPG,HFW12-F7_2016_201602110151_IMG_3231.jpg,0.8889765739440918,612.31884765625,187.9771270751953,515.7493896484375,1011.9176635742188,2048,1536,515,1011
HFW12-F7,2016,201602110151,DM,0,/Volumes/Seagate Portable Drive/KYLE_AI_DATABASE/A_CAMERA/Focal_species/Gulo gulo/HFW12-F7/DM/2016/B&W/Robust marks/02.11-01.51/IMG_3232.JPG,IMG_3232.JPG,HFW12-F7_2016_201602110151_IMG_3232.jpg,0.8459144830703735,719.00244140625,187.6842041015625,608.558837890625,864.4713134765625,2048,1536,608,864
HFW12-F7,2016,201602110151,DM,0,/Volumes/Seagate Portable Drive/KYLE_AI_DATABASE/A_CAMERA/Focal_species/Gulo gulo/HFW12-F7/DM/2016/B&W/Robust marks/02.11-01.51/IMG_3233.JPG,IMG_3233.JPG,HFW12-F7_2016_201602110151_IMG_3233.jpg,0.8836007714271545,690.0682983398438,161.4324188232422,650.0183715820312,934.6500854492188,2048,1536,650,934
HFW12-F7,2016,201602110151,DM,0,/Volumes/Seagate Portable Drive/KYLE_AI_DATABASE/A_CAMERA/Focal_species/Gulo gulo/HFW12-F7/DM/2016/B&W/Robust marks/02.11-01.51/IMG_3234.JPG,IMG_3234.JPG,HFW12-F7_2016_201602110151_IMG_3234.jpg,0.8741268515586853,862.3495483398438,276.37506103515625,470.75787353515625,851.7426147460938,2048,1536,470,851
HFW12-F7,2016,201602110151,DM,0,/Volumes/Seagate Portable Drive/KYLE_AI_DATABASE/A_CAMERA/Focal_species/Gulo gulo/HFW12-F7/DM/2016/B&W/Robust marks/02.11-01.51/IMG_3235.JPG,IMG_3235.JPG,HFW12-F7_2016_201602110151_IMG_3235.jpg,0.8846129179000854,873.391357421875,294.61578369140625,448.46484375,841.1527709960938,2048,1536,448,841
HFW12-F7,2016,201602110151,DM,0,/Volumes/Seagate Portable Drive/KYLE_AI_DATABASE/A_CAMERA/Focal_species/Gulo gulo/HFW12-F7/DM/2016/B&W/Robust marks/02.11-01.51/IMG_3236.JPG,IMG_3236.JPG,HFW12-F7_2016_201602110151_IMG_3236.jpg,0.8075830936431885,734.560546875,159.15243530273438,581.577392578125,967.8427734375,2048,1536,581,967
HFW12-F7,2016,201602110151,DM,0,/Volumes/Seagate Portable Drive/KYLE_AI_DATABASE/A_CAMERA/Focal_species/Gulo gulo/HFW12-F7/DM/2016/B&W/Robust marks/02.11-01.51/IMG_3237.JPG,IMG_3237.JPG,HFW12-F7_2016_201602110151_IMG_3237.jpg,0.9245990514755249,709.5178833007812,47.618682861328125,681.3112182617188,1051.243896484375,2048,1536,681,1051
HFW12-F7,2016,201602110151,DM,0,/Volumes/Seagate Portable Drive/KYLE_AI_DATABASE/A_CAMERA/Focal_species/Gulo gulo/HFW12-F7/DM/2016/B&W/Robust marks/02.11-01.51/IMG_3238.JPG,IMG_3238.JPG,HFW12-F7_2016_201602110151_IMG_3238.jpg,0.8719906210899353,820.1716918945312,79.2747802734375,501.44464111328125,1016.4403076171875,2048,1536,501,1016
HFW12-F7,2016,201602110151,DM,0,/Volumes/Seagate Portable Drive/KYLE_AI_DATABASE/A_CAMERA/Focal_species/Gulo gulo/HFW12-F7/DM/2016/B&W/Robust marks/02.11-01.51/IMG_3239.JPG,IMG_3239.JPG,HFW12-F7_2016_201602110151_IMG_3239.jpg,0.9255871176719666,859.8345336914062,95.04121398925781,460.10406494140625,988.1576538085938,2048,1536,460,988
HFW12-F7,2016,201602110151,DM,0,/Volumes/Seagate Portable Drive/KYLE_AI_DATABASE/A_CAMERA/Focal_species/Gulo gulo/HFW12-F7/DM/2016/B&W/Robust marks/02.11-01.51/IMG_3240.JPG,IMG_3240.JPG,HFW12-F7_2016_201602110151_IMG_3240.jpg,0.9270803928375244,846.512451171875,94.31414794921875,468.340087890625,1040.537109375,2048,1536,468,1040
HFW12-F7,2016,201602110151,DM,0,/Volumes/Seagate Portable Drive/KYLE_AI_DATABASE/A_CAMERA/Focal_species/Gulo gulo/HFW12-F7/DM/2016/B&W/Robust marks/02.11-01.51/IMG_3241.JPG,IMG_3241.JPG,HFW12-F7_2016_201602110151_IMG_3241.jpg,0.8883718848228455,834.397705078125,94.24703979492188,519.046630859375,976.122314453125,2048,1536,519,976
HFW12-F7,2016,201602110151,DM,0,/Volumes/Seagate Portable Drive/KYLE_AI_DATABASE/A_CAMERA/Focal_species/Gulo gulo/HFW12-F7/DM/2016/B&W/Robust marks/02.11-01.51/IMG_3242.JPG,IMG_3242.JPG,HFW12-F7_2016_201602110151_IMG_3242.jpg,0.9053012132644653,933.2615966796875,75.64778137207031,402.98681640625,1015.2503051757812,2048,1536,402,1015
HFW12-F7,2016,201602110151,DM,0,/Volumes/Seagate Portable Drive/KYLE_AI_DATABASE/A_CAMERA/Focal_species/Gulo gulo/HFW12-F7/DM/2016/B&W/Robust marks/02.11-01.51/IMG_3243.JPG,IMG_3243.JPG,HFW12-F7_2016_201602110151_IMG_3243.jpg,0.8622300028800964,823.0010986328125,104.4188232421875,514.445556640625,1008.8963623046875,2048,1536,514,1008
HFW12-F7,2016,201602110151,DM,0,/Volumes/Seagate Portable Drive/KYLE_AI_DATABASE/A_CAMERA/Focal_species/Gulo gulo/HFW12-F7/DM/2016/B&W/Robust marks/02.11-01.51/IMG_3244.JPG,IMG_3244.JPG,HFW12-F7_2016_201602110151_IMG_3244.jpg,0.9439769983291626,954.33837890625,81.20045471191406,381.284912109375,1005.6767578125,2048,1536,381,1005
HFW12-F7,2016,201602110151,DM,0,/Volumes/Seagate Portable Drive/KYLE_AI_DATABASE/A_CAMERA/Focal_species/Gulo gulo/HFW12-F7/DM/2016/B&W/Robust marks/02.11-01.51/IMG_3245.JPG,IMG_3245.JPG,HFW12-F7_2016_201602110151_IMG_3245.jpg,0.9409111738204956,893.576416015625,92.288818359375,443.580078125,954.773193359375,2048,1536,443,954
HFW12-F7,2016,201602110151,DM,0,/Volumes/Seagate Portable Drive/KYLE_AI_DATABASE/A_CAMERA/Focal_species/Gulo gulo/HFW12-F7/DM/2016/B&W/Robust marks/02.11-01.51/IMG_3246.JPG,IMG_3246.JPG,HFW12-F7_2016_201602110151_IMG_3246.jpg,0.9114640355110168,783.8461303710938,90.33572387695312,547.4624633789062,986.2783203125,2048,1536,547,986
HFW12-F7,2016,201602110151,DM,0,/Volumes/Seagate Portable Drive/KYLE_AI_DATABASE/A_CAMERA/Focal_species/Gulo gulo/HFW12-F7/DM/2016/B&W/Robust marks/02.11-01.51/IMG_3247.JPG,IMG_3247.JPG,HFW12-F7_2016_201602110151_IMG_3247.jpg,0.9294319152832031,800.9195556640625,118.2733154296875,535.72119140625,928.6295166015625,2048,1536,535,928
HFW12-F7,2016,201602110151,DM,0,/Volumes/Seagate Portable Drive/KYLE_AI_DATABASE/A_CAMERA/Focal_species/Gulo gulo/HFW12-F7/DM/2016/B&W/Robust marks/02.11-01.51/IMG_3248.JPG,IMG_3248.JPG,HFW12-F7_2016_201602110151_IMG_3248.jpg,0.9072784781455994,911.23828125,62.54933166503906,407.944580078125,1066.6103515625,2048,1536,407,1066
HFW12-F7,2016,201602110151,DM,0,/Volumes/Seagate Portable Drive/KYLE_AI_DATABASE/A_CAMERA/Focal_species/Gulo gulo/HFW12-F7/DM/2016/B&W/Robust marks/02.11-01.51/IMG_3249.JPG,IMG_3249.JPG,HFW12-F7_2016_201602110151_IMG_3249.jpg,0.904604971408844,868.98046875,95.86674499511719,459.5673828125,986.8046264648438,2048,1536,459,986
HFW12-F7,2016,201602110151,DM,0,/Volumes/Seagate Portable Drive/KYLE_AI_DATABASE/A_CAMERA/Focal_species/Gulo gulo/HFW12-F7/DM/2016/B&W/Robust marks/02.11-01.51/IMG_3250.JPG,IMG_3250.JPG,HFW12-F7_2016_201602110151_IMG_3250.jpg,0.9250876903533936,911.885498046875,97.47367858886719,403.79638671875,1025.525390625,2048,1536,403,1025
HFW12-F7,2016,201602110151,DM,0,/Volumes/Seagate Portable Drive/KYLE_AI_DATABASE/A_CAMERA/Focal_species/Gulo gulo/HFW12-F7/DM/2016/B&W/Robust marks/02.11-01.51/IMG_3251.JPG,IMG_3251.JPG,HFW12-F7_2016_201602110151_IMG_3251.jpg,0.9292305111885071,843.292724609375,80.01997375488281,464.317138671875,1020.5050659179688,2048,1536,464,1020
HFW12-F7,2016,201602110151,DM,0,/Volumes/Seagate Portable Drive/KYLE_AI_DATABASE/A_CAMERA/Focal_species/Gulo gulo/HFW12-F7/DM/2016/B&W/Robust marks/02.11-01.51/IMG_3252.JPG,IMG_3252.JPG,HFW12-F7_2016_201602110151_IMG_3252.jpg,0.9269554018974304,902.0858154296875,94.68951416015625,418.44287109375,1014.6640014648438,2048,1536,418,1014
HFW12-F7,2016,201602110151,DM,0,/Volumes/Seagate Portable Drive/KYLE_AI_DATABASE/A_CAMERA/Focal_species/Gulo gulo/HFW12-F7/DM/2016/B&W/Robust marks/02.11-01.51/IMG_3253.JPG,IMG_3253.JPG,HFW12-F7_2016_201602110151_IMG_3253.jpg,0.9071577787399292,840.7508544921875,70.78765869140625,473.3671875,995.6315307617188,2048,1536,473,995
HFW12-F7,2016,201602110151,DM,0,/Volumes/Seagate Portable Drive/KYLE_AI_DATABASE/A_CAMERA/Focal_species/Gulo gulo/HFW12-F7/DM/2016/B&W/Robust marks/02.11-01.51/IMG_3254.JPG,IMG_3254.JPG,HFW12-F7_2016_201602110151_IMG_3254.jpg,0.9155950546264648,675.2347412109375,56.80897521972656,645.212158203125,1056.67919921875,2048,1536,645,1056
HFW12-F7,2016,201602110151,DM,0,/Volumes/Seagate Portable Drive/KYLE_AI_DATABASE/A_CAMERA/Focal_species/Gulo gulo/HFW12-F7/DM/2016/B&W/Robust marks/02.11-01.51/IMG_3255.JPG,IMG_3255.JPG,HFW12-F7_2016_201602110151_IMG_3255.jpg,0.9130971431732178,871.2989501953125,95.64591979980469,439.535400390625,1026.5533447265625,2048,1536,439,1026
HFW12-F7,2016,201602110151,DM,0,/Volumes/Seagate Portable Drive/KYLE_AI_DATABASE/A_CAMERA/Focal_species/Gulo gulo/HFW12-F7/DM/2016/B&W/Robust marks/02.11-01.51/IMG_3256.JPG,IMG_3256.JPG,HFW12-F7_2016_201602110151_IMG_3256.jpg,0.9150491952896118,853.8203125,183.77078247070312,470.02001953125,954.2156982421875,2048,1536,470,954
HFW12-F7,2016,201602110151,DM,0,/Volumes/Seagate Portable Drive/KYLE_AI_DATABASE/A_CAMERA/Focal_species/Gulo gulo/HFW12-F7/DM/2016/B&W/Robust marks/02.11-01.51/IMG_3257.JPG,IMG_3257.JPG,HFW12-F7_2016_201602110151_IMG_3257.jpg,0.8901112675666809,841.5899047851562,172.09927368164062,485.75189208984375,999.7960205078125,2048,1536,485,999
HFW12-F7,2016,201602110151,DM,0,/Volumes/Seagate Portable Drive/KYLE_AI_DATABASE/A_CAMERA/Focal_species/Gulo gulo/HFW12-F7/DM/2016/B&W/Robust marks/02.11-01.51/IMG_3258.JPG,IMG_3258.JPG,HFW12-F7_2016_201602110151_IMG_3258.jpg,0.9159063696861267,872.3114013671875,184.0019989013672,451.43603515625,980.3099975585938,2048,1536,451,980
HFW12-F7,2016,201602110151,DM,0,/Volumes/Seagate Portable Drive/KYLE_AI_DATABASE/A_CAMERA/Focal_species/Gulo gulo/HFW12-F7/DM/2016/B&W/Robust marks/02.11-01.51/IMG_3259.JPG,IMG_3259.JPG,HFW12-F7_2016_201602110151_IMG_3259.jpg,0.8930873870849609,919.5885009765625,194.2185516357422,411.189208984375,976.7929077148438,2048,1536,411,976
HFW12-F7,2016,201602110151,DM,0,/Volumes/Seagate Portable Drive/KYLE_AI_DATABASE/A_CAMERA/Focal_species/Gulo gulo/HFW12-F7/DM/2016/B&W/Robust marks/02.11-01.51/IMG_3260.JPG,IMG_3260.JPG,HFW12-F7_2016_201602110151_IMG_3260.jpg,0.9281278848648071,948.259765625,187.3135986328125,389.003173828125,959.3184814453125,2048,1536,389,959
HFW12-F7,2016,201602110151,DM,0,/Volumes/Seagate Portable Drive/KYLE_AI_DATABASE/A_CAMERA/Focal_species/Gulo gulo/HFW12-F7/DM/2016/B&W/Robust marks/02.11-01.51/IMG_3261.JPG,IMG_3261.JPG,HFW12-F7_2016_201602110151_IMG_3261.jpg,0.9401887059211731,811.440185546875,275.80340576171875,621.884033203125,776.0869750976562,2048,1536,621,776
HFW12-F7,2016,201602110151,DM,0,/Volumes/Seagate Portable Drive/KYLE_AI_DATABASE/A_CAMERA/Focal_species/Gulo gulo/HFW12-F7/DM/2016/B&W/Robust marks/02.11-01.51/IMG_3262.JPG,IMG_3262.JPG,HFW12-F7_2016_201602110151_IMG_3262.jpg,0.8842546939849854,853.5821533203125,168.19789123535156,504.982666015625,995.23193359375,2048,1536,504,995
HFW12-F7,2016,201602110151,DM,0,/Volumes/Seagate Portable Drive/KYLE_AI_DATABASE/A_CAMERA/Focal_species/Gulo gulo/HFW12-F7/DM/2016/B&W/Robust marks/02.11-01.51/IMG_3263.JPG,IMG_3263.JPG,HFW12-F7_2016_201602110151_IMG_3263.jpg,0.9173824191093445,913.19091796875,223.6629180908203,443.43896484375,1063.7987060546875,2048,1536,443,1063
HFW12-F7,2016,201602110151,DM,0,/Volumes/Seagate Portable Drive/KYLE_AI_DATABASE/A_CAMERA/Focal_species/Gulo gulo/HFW12-F7/DM/2016/B&W/Robust marks/02.11-01.51/IMG_3264.JPG,IMG_3264.JPG,HFW12-F7_2016_201602110151_IMG_3264.jpg,0.9171884059906006,829.0914306640625,167.26593017578125,480.813232421875,978.5719604492188,2048,1536,480,978
HFW12-F7,2016,201602110151,DM,0,/Volumes/Seagate Portable Drive/KYLE_AI_DATABASE/A_CAMERA/Focal_species/Gulo gulo/HFW12-F7/DM/2016/B&W/Robust marks/02.11-01.51/IMG_3265.JPG,IMG_3265.JPG,HFW12-F7_2016_201602110151_IMG_3265.jpg,0.9542776346206665,856.3740234375,211.9984588623047,481.138427734375,975.3772583007812,2048,1536,481,975
HFW12-F7,2016,201602110151,DM,0,/Volumes/Seagate Portable Drive/KYLE_AI_DATABASE/A_CAMERA/Focal_species/Gulo gulo/HFW12-F7/DM/2016/B&W/Robust marks/02.11-01.51/IMG_3266.JPG,IMG_3266.JPG,HFW12-F7_2016_201602110151_IMG_3266.jpg,0.9527102708816528,857.577880859375,190.2128448486328,478.1513671875,994.7102661132812,2048,1536,478,994
HFW12-F7,2016,201602110151,DM,0,/Volumes/Seagate Portable Drive/KYLE_AI_DATABASE/A_CAMERA/Focal_species/Gulo gulo/HFW12-F7/DM/2016/B&W/Robust marks/02.11-01.51/IMG_3267.JPG,IMG_3267.JPG,HFW12-F7_2016_201602110151_IMG_3267.jpg,0.9515868425369263,825.417236328125,197.97276306152344,505.52734375,984.56005859375,2048,1536,505,984
HFW12-F7,2016,201602110151,DM,0,/Volumes/Seagate Portable Drive/KYLE_AI_DATABASE/A_CAMERA/Focal_species/Gulo gulo/HFW12-F7/DM/2016/B&W/Robust marks/02.11-01.51/IMG_3268.JPG,IMG_3268.JPG,HFW12-F7_2016_201602110151_IMG_3268.jpg,0.9407814741134644,875.5879516601562,238.09625244140625,438.49017333984375,976.3538208007812,2048,1536,438,976
HFW12-F7,2016,201602110151,DM,0,/Volumes/Seagate Portable Drive/KYLE_AI_DATABASE/A_CAMERA/Focal_species/Gulo gulo/HFW12-F7/DM/2016/B&W/Robust marks/02.11-01.51/IMG_3269.JPG,IMG_3269.JPG,HFW12-F7_2016_201602110151_IMG_3269.jpg,0.9446779489517212,886.5875854492188,237.39495849609375,435.93756103515625,977.2612915039062,2048,1536,435,977
HFW12-F7,2016,201602110151,DM,0,/Volumes/Seagate Portable Drive/KYLE_AI_DATABASE/A_CAMERA/Focal_species/Gulo gulo/HFW12-F7/DM/2016/B&W/Robust marks/02.11-01.51/IMG_3270.JPG,IMG_3270.JPG,HFW12-F7_2016_201602110151_IMG_3270.jpg,0.9424856901168823,900.3548583984375,203.4558563232422,435.450927734375,1032.142822265625,2048,1536,435,1032
HFW12-F7,2016,201602110151,DM,0,/Volumes/Seagate Portable Drive/KYLE_AI_DATABASE/A_CAMERA/Focal_species/Gulo gulo/HFW12-F7/DM/2016/B&W/Robust marks/02.11-01.51/IMG_3271.JPG,IMG_3271.JPG,HFW12-F7_2016_201602110151_IMG_3271.jpg,0.949489951133728,916.43115234375,171.53118896484375,404.246337890625,1014.8943481445312,2048,1536,404,1014
HFW12-F7,2016,201602110151,DM,0,/Volumes/Seagate Portable Drive/KYLE_AI_DATABASE/A_CAMERA/Focal_species/Gulo gulo/HFW12-F7/DM/2016/B&W/Robust marks/02.11-01.51/IMG_3272.JPG,IMG_3272.JPG,HFW12-F7_2016_201602110151_IMG_3272.jpg,0.9393898844718933,840.7532958984375,168.71319580078125,453.307373046875,1038.841552734375,2048,1536,453,1038
HFW12-F7,2016,201602110151,DM,0,/Volumes/Seagate Portable Drive/KYLE_AI_DATABASE/A_CAMERA/Focal_species/Gulo gulo/HFW12-F7/DM/2016/B&W/Robust marks/02.11-01.51/IMG_3273.JPG,IMG_3273.JPG,HFW12-F7_2016_201602110151_IMG_3273.jpg,0.9517626762390137,861.5894775390625,157.29299926757812,430.32568359375,1020.7220458984375,2048,1536,430,1020
HFW12-F7,2016,201602110151,DM,0,/Volumes/Seagate Portable Drive/KYLE_AI_DATABASE/A_CAMERA/Focal_species/Gulo gulo/HFW12-F7/DM/2016/B&W/Robust marks/02.11-01.51/IMG_3274.JPG,IMG_3274.JPG,HFW12-F7_2016_201602110151_IMG_3274.jpg,0.9108979105949402,889.152587890625,153.59486389160156,406.5927734375,996.3897705078125,2048,1536,406,996
HFW12-F7,2016,201602110151,DM,0,/Volumes/Seagate Portable Drive/KYLE_AI_DATABASE/A_CAMERA/Focal_species/Gulo gulo/HFW12-F7/DM/2016/B&W/Robust marks/02.11-01.51/IMG_3275.JPG,IMG_3275.JPG,HFW12-F7_2016_201602110151_IMG_3275.jpg,0.8959470391273499,844.1361083984375,248.84715270996094,513.142333984375,1005.7120361328125,2048,1536,513,1005
HFW12-F7,2016,201602110151,DM,0,/Volumes/Seagate Portable Drive/KYLE_AI_DATABASE/A_CAMERA/Focal_species/Gulo gulo/HFW12-F7/DM/2016/B&W/Robust marks/02.11-01.51/IMG_3276.JPG,IMG_3276.JPG,HFW12-F7_2016_201602110151_IMG_3276.jpg,0.8949597477912903,787.92431640625,272.69677734375,648.851806640625,853.344482421875,2048,1536,648,853
HFW12-F7,2016,201602110151,DM,0,/Volumes/Seagate Portable Drive/KYLE_AI_DATABASE/A_CAMERA/Focal_species/Gulo gulo/HFW12-F7/DM/2016/B&W/Robust marks/02.11-01.51/IMG_3277.JPG,IMG_3277.JPG,HFW12-F7_2016_201602110151_IMG_3277.jpg,0.877636730670929,800.6775512695312,240.81239318847656,590.3270874023438,924.98095703125,2048,1536,590,924
HFW12-F7,2016,201602110151,DM,0,/Volumes/Seagate Portable Drive/KYLE_AI_DATABASE/A_CAMERA/Focal_species/Gulo gulo/HFW12-F7/DM/2016/B&W/Robust marks/02.11-01.51/IMG_3278.JPG,IMG_3278.JPG,HFW12-F7_2016_201602110151_IMG_3278.jpg,0.9166467189788818,900.3392944335938,218.12713623046875,427.35455322265625,1002.2673950195312,2048,1536,427,1002
HFW12-F7,2016,201602110151,DM,0,/Volumes/Seagate Portable Drive/KYLE_AI_DATABASE/A_CAMERA/Focal_species/Gulo gulo/HFW12-F7/DM/2016/B&W/Robust marks/02.11-01.51/IMG_3279.JPG,IMG_3279.JPG,HFW12-F7_2016_201602110151_IMG_3279.jpg,0.9201539158821106,915.3084716796875,197.64820861816406,418.29248046875,1016.98291015625,2048,1536,418,1016
HFW12-F7,2016,201602110151,DM,0,/Volumes/Seagate Portable Drive/KYLE_AI_DATABASE/A_CAMERA/Focal_species/Gulo gulo/HFW12-F7/DM/2016/B&W/Robust marks/02.11-01.51/IMG_3280.JPG,IMG_3280.JPG,HFW12-F7_2016_201602110151_IMG_3280.jpg,0.9096302390098572,821.1072998046875,187.2707977294922,504.432861328125,959.5886840820312,2048,1536,504,959
HFW12-F7,2016,201602110151,DM,0,/Volumes/Seagate Portable Drive/KYLE_AI_DATABASE/A_CAMERA/Focal_species/Gulo gulo/HFW12-F7/DM/2016/B&W/Robust marks/02.11-01.51/IMG_3282.JPG,IMG_3282.JPG,HFW12-F7_2016_201602110151_IMG_3282.jpg,0.9049128293991089,757.8172607421875,245.6415252685547,550.18310546875,828.4597778320312,2048,1536,550,828
HFW12-F7,2016,201602110151,DM,0,/Volumes/Seagate Portable Drive/KYLE_AI_DATABASE/A_CAMERA/Focal_species/Gulo gulo/HFW12-F7/DM/2016/B&W/Robust marks/02.11-01.51/IMG_3283.JPG,IMG_3283.JPG,HFW12-F7_2016_201602110151_IMG_3283.jpg,0.8608154058456421,705.263671875,51.09242248535156,580.2818603515625,1047.7320556640625,2048,1536,580,1047
HFW12-F7,2016,201602110151,DM,0,/Volumes/Seagate Portable Drive/KYLE_AI_DATABASE/A_CAMERA/Focal_species/Gulo gulo/HFW12-F7/DM/2016/B&W/Robust marks/02.11-01.51/IMG_3284.JPG,IMG_3284.JPG,HFW12-F7_2016_201602110151_IMG_3284.jpg,0.9275789260864258,825.4838256835938,170.4879913330078,446.08380126953125,937.0148315429688,2048,1536,446,937
HFW12-F7,2016,201602110151,DM,0,/Volumes/Seagate Portable Drive/KYLE_AI_DATABASE/A_CAMERA/Focal_species/Gulo gulo/HFW12-F7/DM/2016/B&W/Robust marks/02.11-01.51/IMG_3285.JPG,IMG_3285.JPG,HFW12-F7_2016_201602110151_IMG_3285.jpg,0.8428575396537781,864.1055908203125,209.34512329101562,414.566650390625,891.1090087890625,2048,1536,414,891
HFW12-F7,2016,201602110151,DM,0,/Volumes/Seagate Portable Drive/KYLE_AI_DATABASE/A_CAMERA/Focal_species/Gulo gulo/HFW12-F7/DM/2016/B&W/Robust marks/02.11-01.51/IMG_3286.JPG,IMG_3286.JPG,HFW12-F7_2016_201602110151_IMG_3286.jpg,0.8906803131103516,876.1756591796875,41.52342224121094,403.509521484375,1064.147705078125,2048,1536,403,1064
HFW12-F7,2016,201602110151,DM,0,/Volumes/Seagate Portable Drive/KYLE_AI_DATABASE/A_CAMERA/Focal_species/Gulo gulo/HFW12-F7/DM/2016/B&W/Robust marks/02.11-01.51/IMG_3287.JPG,IMG_3287.JPG,HFW12-F7_2016_201602110151_IMG_3287.jpg,0.9138117432594299,853.16552734375,66.74313354492188,436.083740234375,1046.9495849609375,2048,1536,436,1046
HFW12-F7,2016,201602110151,DM,0,/Volumes/Seagate Portable Drive/KYLE_AI_DATABASE/A_CAMERA/Focal_species/Gulo gulo/HFW12-F7/DM/2016/B&W/Robust marks/02.11-01.51/IMG_3288.JPG,IMG_3288.JPG,HFW12-F7_2016_201602110151_IMG_3288.jpg,0.922458827495575,901.7522583007812,60.05635070800781,391.44891357421875,1047.77197265625,2048,1536,391,1047
HFW12-F7,2016,201602110151,DM,0,/Volumes/Seagate Portable Drive/KYLE_AI_DATABASE/A_CAMERA/Focal_species/Gulo gulo/HFW12-F7/DM/2016/B&W/Robust marks/02.11-01.51/IMG_3289.JPG,IMG_3289.JPG,HFW12-F7_2016_201602110151_IMG_3289.jpg,0.9425550699234009,800.5420532226562,74.2181396484375,480.99578857421875,1040.8836669921875,2048,1536,480,1040
HFW12-F7,2016,201602110151,DM,0,/Volumes/Seagate Portable Drive/KYLE_AI_DATABASE/A_CAMERA/Focal_species/Gulo gulo/HFW12-F7/DM/2016/B&W/Robust marks/02.11-01.51/IMG_3290.JPG,IMG_3290.JPG,HFW12-F7_2016_201602110151_IMG_3290.jpg,0.9455403685569763,801.469970703125,93.90939331054688,479.675048828125,1029.928466796875,2048,1536,479,1029
HFW12-F7,2016,201602110151,DM,0,/Volumes/Seagate Portable Drive/KYLE_AI_DATABASE/A_CAMERA/Focal_species/Gulo gulo/HFW12-F7/DM/2016/B&W/Robust marks/02.11-01.51/IMG_3291.JPG,IMG_3291.JPG,HFW12-F7_2016_201602110151_IMG_3291.jpg,0.8631173372268677,703.780517578125,198.12652587890625,548.0311279296875,925.7832641601562,2048,1536,548,925
HFW12-F7,2016,201602110151,DM,0,/Volumes/Seagate Portable Drive/KYLE_AI_DATABASE/A_CAMERA/Focal_species/Gulo gulo/HFW12-F7/DM/2016/B&W/Robust marks/02.11-01.51/IMG_3292.JPG,IMG_3292.JPG,HFW12-F7_2016_201602110151_IMG_3292.jpg,0.9068110585212708,759.3524780273438,186.70619201660156,493.35369873046875,956.7657470703125,2048,1536,493,956
HFW12-F7,2016,201602110151,DM,0,/Volumes/Seagate Portable Drive/KYLE_AI_DATABASE/A_CAMERA/Focal_species/Gulo gulo/HFW12-F7/DM/2016/B&W/Robust marks/02.11-01.51/IMG_3293.JPG,IMG_3293.JPG,HFW12-F7_2016_201602110151_IMG_3293.jpg,0.925388514995575,773.37548828125,192.8122100830078,489.4296875,956.6301879882812,2048,1536,489,956
HFW12-F7,2016,201602110151,DM,0,/Volumes/Seagate Portable Drive/KYLE_AI_DATABASE/A_CAMERA/Focal_species/Gulo gulo/HFW12-F7/DM/2016/B&W/Robust marks/02.11-01.51/IMG_3294.JPG,IMG_3294.JPG,HFW12-F7_2016_201602110151_IMG_3294.jpg,0.9297848343849182,826.161865234375,191.8135986328125,441.56884765625,953.5191650390625,2048,1536,441,953
HFW12-F7,2016,201602110151,DM,0,/Volumes/Seagate Portable Drive/KYLE_AI_DATABASE/A_CAMERA/Focal_species/Gulo gulo/HFW12-F7/DM/2016/B&W/Robust marks/02.11-01.51/IMG_3295.JPG,IMG_3295.JPG,HFW12-F7_2016_201602110151_IMG_3295.jpg,0.9349446892738342,777.350830078125,197.3181610107422,505.60986328125,945.7020874023438,2048,1536,505,945
HFW12-F7,2016,201602110151,DM,0,/Volumes/Seagate Portable Drive/KYLE_AI_DATABASE/A_CAMERA/Focal_species/Gulo gulo/HFW12-F7/DM/2016/B&W/Robust marks/02.11-01.51/IMG_3296.JPG,IMG_3296.JPG,HFW12-F7_2016_201602110151_IMG_3296.jpg,0.9189246892929077,853.3308715820312,185.82870483398438,432.99310302734375,968.9473876953125,2048,1536,432,968
HFW12-F7,2016,201602110151,DM,0,/Volumes/Seagate Portable Drive/KYLE_AI_DATABASE/A_CAMERA/Focal_species/Gulo gulo/HFW12-F7/DM/2016/B&W/Robust marks/02.11-01.51/IMG_3297.JPG,IMG_3297.JPG,HFW12-F7_2016_201602110151_IMG_3297.jpg,0.9396910667419434,864.867431640625,216.82315063476562,432.94873046875,932.7020263671875,2048,1536,432,932
HFW12-F7,2016,201602110151,DM,0,/Volumes/Seagate Portable Drive/KYLE_AI_DATABASE/A_CAMERA/Focal_species/Gulo gulo/HFW12-F7/DM/2016/B&W/Robust marks/02.11-01.51/IMG_3298.JPG,IMG_3298.JPG,HFW12-F7_2016_201602110151_IMG_3298.jpg,0.8580303192138672,895.0003051757812,263.00457763671875,503.32171630859375,960.7276000976562,2048,1536,503,960
HFW12-F7,2016,201602110151,DM,0,/Volumes/Seagate Portable Drive/KYLE_AI_DATABASE/A_CAMERA/Focal_species/Gulo gulo/HFW12-F7/DM/2016/B&W/Robust marks/02.11-01.51/IMG_3299.JPG,IMG_3299.JPG,HFW12-F7_2016_201602110151_IMG_3299.jpg,0.9355539679527283,874.5028076171875,228.48733520507812,556.3359375,900.7825927734375,2048,1536,556,900
HFW12-F7,2016,201602110151,DM,0,/Volumes/Seagate Portable Drive/KYLE_AI_DATABASE/A_CAMERA/Focal_species/Gulo gulo/HFW12-F7/DM/2016/B&W/Robust marks/02.11-01.51/IMG_3300.JPG,IMG_3300.JPG,HFW12-F7_2016_201602110151_IMG_3300.jpg,0.857168972492218,849.95849609375,170.81272888183594,523.24072265625,1031.9979248046875,2048,1536,523,1031
HFW12-F7,2016,201602110151,DM,0,/Volumes/Seagate Portable Drive/KYLE_AI_DATABASE/A_CAMERA/Focal_species/Gulo gulo/HFW12-F7/DM/2016/B&W/Robust marks/02.11-01.51/IMG_3301.JPG,IMG_3301.JPG,HFW12-F7_2016_201602110151_IMG_3301.jpg,0.8680889010429382,647.338623046875,31.535751342773438,681.7470703125,1161.4925537109375,2048,1536,681,1161
HFW12-F7,2016,201602110151,DM,0,/Volumes/Seagate Portable Drive/KYLE_AI_DATABASE/A_CAMERA/Focal_species/Gulo gulo/HFW12-F7/DM/2016/B&W/Robust marks/02.11-01.51/IMG_3302.JPG,IMG_3302.JPG,HFW12-F7_2016_201602110151_IMG_3302.jpg,0.9062891602516174,921.5699462890625,178.03958129882812,396.082763671875,1019.0238037109375,2048,1536,396,1019
HFW12-F7,2016,201602110151,DM,0,/Volumes/Seagate Portable Drive/KYLE_AI_DATABASE/A_CAMERA/Focal_species/Gulo gulo/HFW12-F7/DM/2016/B&W/Robust marks/02.11-01.51/IMG_3303.JPG,IMG_3303.JPG,HFW12-F7_2016_201602110151_IMG_3303.jpg,0.8923859000205994,940.1541137695312,157.86790466308594,389.68902587890625,1014.657958984375,2048,1536,389,1014
HFW12-F7,2016,201602110151,DM,0,/Volumes/Seagate Portable Drive/KYLE_AI_DATABASE/A_CAMERA/Focal_species/Gulo gulo/HFW12-F7/DM/2016/B&W/Robust marks/02.11-01.51/IMG_3304.JPG,IMG_3304.JPG,HFW12-F7_2016_201602110151_IMG_3304.jpg,0.9323463439941406,880.0196533203125,160.83750915527344,430.003662109375,980.3431396484375,2048,1536,430,980
HFW12-F7,2016,201602110151,DM,0,/Volumes/Seagate Portable Drive/KYLE_AI_DATABASE/A_CAMERA/Focal_species/Gulo gulo/HFW12-F7/DM/2016/B&W/Robust marks/02.11-01.51/IMG_3305.JPG,IMG_3305.JPG,HFW12-F7_2016_201602110151_IMG_3305.jpg,0.8780606985092163,889.6536254882812,158.5173797607422,426.34173583984375,992.2294311523438,2048,1536,426,992
HFW12-F7,2016,201602110151,DM,0,/Volumes/Seagate Portable Drive/KYLE_AI_DATABASE/A_CAMERA/Focal_species/Gulo gulo/HFW12-F7/DM/2016/B&W/Robust marks/02.11-01.51/IMG_3306.JPG,IMG_3306.JPG,HFW12-F7_2016_201602110151_IMG_3306.jpg,0.9151977300643921,908.6390380859375,170.78187561035156,412.555908203125,983.9395751953125,2048,1536,412,983
HFW12-F7,2016,201602110151,DM,0,/Volumes/Seagate Portable Drive/KYLE_AI_DATABASE/A_CAMERA/Focal_species/Gulo gulo/HFW12-F7/DM/2016/B&W/Robust marks/02.11-01.51/IMG_3307.JPG,IMG_3307.JPG,HFW12-F7_2016_201602110151_IMG_3307.jpg,0.908351719379425,929.9288330078125,177.56405639648438,397.680908203125,1000.1708984375,2048,1536,397,1000
HFW12-F7,2016,201602110151,DM,0,/Volumes/Seagate Portable Drive/KYLE_AI_DATABASE/A_CAMERA/Focal_species/Gulo gulo/HFW12-F7/DM/2016/B&W/Robust marks/02.11-01.51/IMG_3308.JPG,IMG_3308.JPG,HFW12-F7_2016_201602110151_IMG_3308.jpg,0.9272007942199707,933.0390625,188.30978393554688,400.051025390625,988.2091064453125,2048,1536,400,988
HFW12-F7,2016,201602110151,DM,0,/Volumes/Seagate Portable Drive/KYLE_AI_DATABASE/A_CAMERA/Focal_species/Gulo gulo/HFW12-F7/DM/2016/B&W/Robust marks/02.11-01.51/IMG_3309.JPG,IMG_3309.JPG,HFW12-F7_2016_201602110151_IMG_3309.jpg,0.9113782644271851,918.354736328125,200.33445739746094,390.145751953125,1005.76953125,2048,1536,390,1005
HFW12-F7,2016,201602110151,DM,0,/Volumes/Seagate Portable Drive/KYLE_AI_DATABASE/A_CAMERA/Focal_species/Gulo gulo/HFW12-F7/DM/2016/B&W/Robust marks/02.11-01.51/IMG_3310.JPG,IMG_3310.JPG,HFW12-F7_2016_201602110151_IMG_3310.jpg,0.9157206416130066,879.469482421875,153.8635711669922,407.4228515625,966.5363159179688,2048,1536,407,966
HFW12-F7,2016,201602110151,DM,0,/Volumes/Seagate Portable Drive/KYLE_AI_DATABASE/A_CAMERA/Focal_species/Gulo gulo/HFW12-F7/DM/2016/B&W/Robust marks/02.11-01.51/IMG_3311.JPG,IMG_3311.JPG,HFW12-F7_2016_201602110151_IMG_3311.jpg,0.9202530384063721,881.9051513671875,95.36526489257812,412.327880859375,1010.5888671875,2048,1536,412,1010
HFW12-F7,2016,201602110151,DM,0,/Volumes/Seagate Portable Drive/KYLE_AI_DATABASE/A_CAMERA/Focal_species/Gulo gulo/HFW12-F7/DM/2016/B&W/Robust marks/02.11-01.51/IMG_3312.JPG,IMG_3312.JPG,HFW12-F7_2016_201602110151_IMG_3312.jpg,0.9163586497306824,855.1649169921875,109.74005126953125,461.022705078125,1012.4695434570312,2048,1536,461,1012
HFW12-F7,2016,201602110151,DM,0,/Volumes/Seagate Portable Drive/KYLE_AI_DATABASE/A_CAMERA/Focal_species/Gulo gulo/HFW12-F7/DM/2016/B&W/Robust marks/02.11-01.51/IMG_3313.JPG,IMG_3313.JPG,HFW12-F7_2016_201602110151_IMG_3313.jpg,0.9111571907997131,827.1677856445312,109.43238830566406,473.54803466796875,988.3759765625,2048,1536,473,988
HFW12-F7,2016,201602110151,DM,0,/Volumes/Seagate Portable Drive/KYLE_AI_DATABASE/A_CAMERA/Focal_species/Gulo gulo/HFW12-F7/DM/2016/B&W/Robust marks/02.11-01.51/IMG_3314.JPG,IMG_3314.JPG,HFW12-F7_2016_201602110151_IMG_3314.jpg,0.9294167757034302,836.342529296875,107.091796875,467.022705078125,988.0413818359375,2048,1536,467,988
HFW12-F7,2016,201602110151,DM,0,/Volumes/Seagate Portable Drive/KYLE_AI_DATABASE/A_CAMERA/Focal_species/Gulo gulo/HFW12-F7/DM/2016/B&W/Robust marks/02.11-01.51/IMG_3315.JPG,IMG_3315.JPG,HFW12-F7_2016_201602110151_IMG_3315.jpg,0.9460856914520264,670.0361328125,64.77333068847656,632.8232421875,1050.3375244140625,2048,1536,632,1050
HFW12-F7,2016,201602110151,DM,0,/Volumes/Seagate Portable Drive/KYLE_AI_DATABASE/A_CAMERA/Focal_species/Gulo gulo/HFW12-F7/DM/2016/B&W/Robust marks/02.11-01.51/IMG_3316.JPG,IMG_3316.JPG,HFW12-F7_2016_201602110151_IMG_3316.jpg,0.907118558883667,889.826171875,126.37248229980469,413.59716796875,981.6563110351562,2048,1536,413,981
HFW12-F7,2016,201602110151,DM,0,/Volumes/Seagate Portable Drive/KYLE_AI_DATABASE/A_CAMERA/Focal_species/Gulo gulo/HFW12-F7/DM/2016/B&W/Robust marks/02.11-01.51/IMG_3317.JPG,IMG_3317.JPG,HFW12-F7_2016_201602110151_IMG_3317.jpg,0.9115570187568665,813.6070556640625,119.0006103515625,469.99365234375,958.365478515625,2048,1536,469,958
HFW12-F7,2016,201602110151,DM,0,/Volumes/Seagate Portable Drive/KYLE_AI_DATABASE/A_CAMERA/Focal_species/Gulo gulo/HFW12-F7/DM/2016/B&W/Robust marks/02.11-01.51/IMG_3318.JPG,IMG_3318.JPG,HFW12-F7_2016_201602110151_IMG_3318.jpg,0.9371621012687683,751.677490234375,116.57199096679688,544.1475830078125,933.8553466796875,2048,1536,544,933
HFW12-F7,2016,201602110151,DM,0,/Volumes/Seagate Portable Drive/KYLE_AI_DATABASE/A_CAMERA/Focal_species/Gulo gulo/HFW12-F7/DM/2016/B&W/Robust marks/02.11-01.51/IMG_3319.JPG,IMG_3319.JPG,HFW12-F7_2016_201602110151_IMG_3319.jpg,0.9164379835128784,780.8373413085938,60.716583251953125,514.4197387695312,1008.970703125,2048,1536,514,1008
HFW12-F7,2016,201602110151,DM,0,/Volumes/Seagate Portable Drive/KYLE_AI_DATABASE/A_CAMERA/Focal_species/Gulo gulo/HFW12-F7/DM/2016/B&W/Robust marks/02.11-01.51/IMG_3320.JPG,IMG_3320.JPG,HFW12-F7_2016_201602110151_IMG_3320.jpg,0.9002442955970764,936.5580444335938,63.3541259765625,349.23516845703125,1027.7386474609375,2048,1536,349,1027
HFW12-F7,2016,201602110151,DM,0,/Volumes/Seagate Portable Drive/KYLE_AI_DATABASE/A_CAMERA/Focal_species/Gulo gulo/HFW12-F7/DM/2016/B&W/Robust marks/02.11-01.51/IMG_3321.JPG,IMG_3321.JPG,HFW12-F7_2016_201602110151_IMG_3321.jpg,0.8339584469795227,792.982666015625,96.0340576171875,552.046875,990.636474609375,2048,1536,552,990
HFW12-F7,2016,201602110151,DM,0,/Volumes/Seagate Portable Drive/KYLE_AI_DATABASE/A_CAMERA/Focal_species/Gulo gulo/HFW12-F7/DM/2016/B&W/Robust marks/02.11-01.51/IMG_3322.JPG,IMG_3322.JPG,HFW12-F7_2016_201602110151_IMG_3322.jpg,0.9141152501106262,804.1009521484375,36.88526916503906,515.35400390625,1049.914794921875,2048,1536,515,1049
HFW12-F7,2016,201602110151,DM,0,/Volumes/Seagate Portable Drive/KYLE_AI_DATABASE/A_CAMERA/Focal_species/Gulo gulo/HFW12-F7/DM/2016/B&W/Robust marks/02.11-01.51/IMG_3323.JPG,IMG_3323.JPG,HFW12-F7_2016_201602110151_IMG_3323.jpg,0.9147066473960876,779.85888671875,34.523162841796875,624.29541015625,1010.15087890625,2048,1536,624,1010
HFW12-F7,2016,201602110151,DM,0,/Volumes/Seagate Portable Drive/KYLE_AI_DATABASE/A_CAMERA/Focal_species/Gulo gulo/HFW12-F7/DM/2016/B&W/Robust marks/02.11-01.51/IMG_3324.JPG,IMG_3324.JPG,HFW12-F7_2016_201602110151_IMG_3324.jpg,0.9467339515686035,870.1939697265625,32.042724609375,457.6572265625,1026.1591796875,2048,1536,457,1026
HFW12-F7,2016,201602110151,DM,0,/Volumes/Seagate Portable Drive/KYLE_AI_DATABASE/A_CAMERA/Focal_species/Gulo gulo/HFW12-F7/DM/2016/B&W/Robust marks/02.11-01.51/IMG_3325.JPG,IMG_3325.JPG,HFW12-F7_2016_201602110151_IMG_3325.jpg,0.9483380913734436,874.5225219726562,35.625274658203125,435.21038818359375,1024.8560791015625,2048,1536,435,1024
HFW12-F7,2016,201602110151,DM,0,/Volumes/Seagate Portable Drive/KYLE_AI_DATABASE/A_CAMERA/Focal_species/Gulo gulo/HFW12-F7/DM/2016/B&W/Robust marks/02.11-01.51/IMG_3326.JPG,IMG_3326.JPG,HFW12-F7_2016_201602110151_IMG_3326.jpg,0.9103844165802002,845.9600830078125,64.67239379882812,457.202880859375,996.022216796875,2048,1536,457,996
HFW12-F7,2016,201602110151,DM,0,/Volumes/Seagate Portable Drive/KYLE_AI_DATABASE/A_CAMERA/Focal_species/Gulo gulo/HFW12-F7/DM/2016/B&W/Robust marks/02.11-01.51/IMG_3327.JPG,IMG_3327.JPG,HFW12-F7_2016_201602110151_IMG_3327.jpg,0.9190642237663269,849.6063842773438,85.94874572753906,471.31744384765625,967.6866455078125,2048,1536,471,967
HFW12-F7,2016,201602110151,DM,0,/Volumes/Seagate Portable Drive/KYLE_AI_DATABASE/A_CAMERA/Focal_species/Gulo gulo/HFW12-F7/DM/2016/B&W/Robust marks/02.11-01.51/IMG_3328.JPG,IMG_3328.JPG,HFW12-F7_2016_201602110151_IMG_3328.jpg,0.9201240539550781,849.855224609375,36.25804138183594,475.86962890625,1019.089599609375,2048,1536,475,1019
HFW12-F7,2016,201602110151,DM,0,/Volumes/Seagate Portable Drive/KYLE_AI_DATABASE/A_CAMERA/Focal_species/Gulo gulo/HFW12-F7/DM/2016/B&W/Robust marks/02.11-01.51/IMG_3329.JPG,IMG_3329.JPG,HFW12-F7_2016_201602110151_IMG_3329.jpg,0.8963077664375305,831.1634521484375,51.52473449707031,484.462890625,1018.6707153320312,2048,1536,484,1018
HFW12-F7,2016,201602110151,DM,0,/Volumes/Seagate Portable Drive/KYLE_AI_DATABASE/A_CAMERA/Focal_species/Gulo gulo/HFW12-F7/DM/2016/B&W/Robust marks/02.11-01.51/IMG_3330.JPG,IMG_3330.JPG,HFW12-F7_2016_201602110151_IMG_3330.jpg,0.8920984864234924,763.038330078125,97.67628479003906,568.54150390625,994.5657958984375,2048,1536,568,994
HFW12-F7,2016,201602110151,DM,0,/Volumes/Seagate Portable Drive/KYLE_AI_DATABASE/A_CAMERA/Focal_species/Gulo gulo/HFW12-F7/DM/2016/B&W/Robust marks/02.11-01.51/IMG_3331.JPG,IMG_3331.JPG,HFW12-F7_2016_201602110151_IMG_3331.jpg,0.9139809608459473,886.6226196289062,89.19438171386719,425.56964111328125,1010.0724487304688,2048,1536,425,1010
HFW12-F7,2016,201602110151,DM,0,/Volumes/Seagate Portable Drive/KYLE_AI_DATABASE/A_CAMERA/Focal_species/Gulo gulo/HFW12-F7/DM/2016/B&W/Robust marks/02.11-01.51/IMG_3332.JPG,IMG_3332.JPG,HFW12-F7_2016_201602110151_IMG_3332.jpg,0.8948183655738831,775.210693359375,78.13165283203125,534.625,1015.8731079101562,2048,1536,534,1015
HFW12-F7,2016,201602110151,DM,0,/Volumes/Seagate Portable Drive/KYLE_AI_DATABASE/A_CAMERA/Focal_species/Gulo gulo/HFW12-F7/DM/2016/B&W/Robust marks/02.11-01.51/IMG_3333.JPG,IMG_3333.JPG,HFW12-F7_2016_201602110151_IMG_3333.jpg,0.9591061472892761,541.685791015625,31.165008544921875,808.0810546875,1077.1348876953125,2048,1536,808,1077
HFW12-F7,2016,201602110151,DM,0,/Volumes/Seagate Portable Drive/KYLE_AI_DATABASE/A_CAMERA/Focal_species/Gulo gulo/HFW12-F7/DM/2016/B&W/Robust marks/02.11-01.51/IMG_3334.JPG,IMG_3334.JPG,HFW12-F7_2016_201602110151_IMG_3334.jpg,0.9155174493789673,865.925537109375,188.49124145507812,429.75830078125,955.3023681640625,2048,1536,429,955
HFW12-F7,2016,201602110151,DM,0,/Volumes/Seagate Portable Drive/KYLE_AI_DATABASE/A_CAMERA/Focal_species/Gulo gulo/HFW12-F7/DM/2016/B&W/Robust marks/02.11-01.51/IMG_3335.JPG,IMG_3335.JPG,HFW12-F7_2016_201602110151_IMG_3335.jpg,0.9422336220741272,800.2675170898438,167.81272888183594,504.28216552734375,968.371337890625,2048,1536,504,968
HFW12-F7,2016,201602110151,DM,0,/Volumes/Seagate Portable Drive/KYLE_AI_DATABASE/A_CAMERA/Focal_species/Gulo gulo/HFW12-F7/DM/2016/B&W/Robust marks/02.11-01.51/IMG_3336.JPG,IMG_3336.JPG,HFW12-F7_2016_201602110151_IMG_3336.jpg,0.9244540333747864,808.110107421875,118.39595031738281,500.640380859375,1004.3464965820312,2048,1536,500,1004
HFW12-F7,2016,201602110151,DM,0,/Volumes/Seagate Portable Drive/KYLE_AI_DATABASE/A_CAMERA/Focal_species/Gulo gulo/HFW12-F7/DM/2016/B&W/Robust marks/02.11-01.51/IMG_3337.JPG,IMG_3337.JPG,HFW12-F7_2016_201602110151_IMG_3337.jpg,0.805169939994812,776.2789306640625,274.0692138671875,540.008056640625,794.9605712890625,2048,1536,540,794
HFW12-F7,2016,201602110151,DM,0,/Volumes/Seagate Portable Drive/KYLE_AI_DATABASE/A_CAMERA/Focal_species/Gulo gulo/HFW12-F7/DM/2016/B&W/Robust marks/02.11-01.51/IMG_3338.JPG,IMG_3338.JPG,HFW12-F7_2016_201602110151_IMG_3338.jpg,0.9123985767364502,672.1697998046875,36.23057556152344,658.23388671875,1046.2386474609375,2048,1536,658,1046
HFW12-F7,2016,201602110151,DM,0,/Volumes/Seagate Portable Drive/KYLE_AI_DATABASE/A_CAMERA/Focal_species/Gulo gulo/HFW12-F7/DM/2016/B&W/Robust marks/02.11-01.51/IMG_3339.JPG,IMG_3339.JPG,HFW12-F7_2016_201602110151_IMG_3339.jpg,0.9260864853858948,849.53173828125,274.97454833984375,482.9599609375,891.7211303710938,2048,1536,482,891
HFW12-F7,2016,201602110151,DM,0,/Volumes/Seagate Portable Drive/KYLE_AI_DATABASE/A_CAMERA/Focal_species/Gulo gulo/HFW12-F7/DM/2016/B&W/Robust marks/02.11-01.51/IMG_3340.JPG,IMG_3340.JPG,HFW12-F7_2016_201602110151_IMG_3340.jpg,0.8496275544166565,836.3416748046875,146.90126037597656,483.791015625,1058.153564453125,2048,1536,483,1058
HFW12-F7,2016,201602110151,DM,0,/Volumes/Seagate Portable Drive/KYLE_AI_DATABASE/A_CAMERA/Focal_species/Gulo gulo/HFW12-F7/DM/2016/B&W/Robust marks/02.11-01.51/IMG_3341.JPG,IMG_3341.JPG,HFW12-F7_2016_201602110151_IMG_3341.jpg,0.9271078109741211,824.908447265625,202.3607940673828,487.844970703125,964.0265502929688,2048,1536,487,964
HFW12-F7,2016,201602110151,DM,0,/Volumes/Seagate Portable Drive/KYLE_AI_DATABASE/A_CAMERA/Focal_species/Gulo gulo/HFW12-F7/DM/2016/B&W/Robust marks/02.11-01.51/IMG_3342.JPG,IMG_3342.JPG,HFW12-F7_2016_201602110151_IMG_3342.jpg,0.9112825393676758,784.070556640625,169.52224731445312,465.0753173828125,1028.9119873046875,2048,1536,465,1028
HFW12-F7,2016,201602110151,DM,0,/Volumes/Seagate Portable Drive/KYLE_AI_DATABASE/A_CAMERA/Focal_species/Gulo gulo/HFW12-F7/DM/2016/B&W/Robust marks/02.11-01.51/IMG_3343.JPG,IMG_3343.JPG,HFW12-F7_2016_201602110151_IMG_3343.jpg,0.9415515661239624,748.4263916015625,209.80416870117188,529.43359375,960.5673828125,2048,1536,529,960
HFW12-F7,2016,201602110151,DM,0,/Volumes/Seagate Portable Drive/KYLE_AI_DATABASE/A_CAMERA/Focal_species/Gulo gulo/HFW12-F7/DM/2016/B&W/Robust marks/02.11-01.51/IMG_3344.JPG,IMG_3344.JPG,HFW12-F7_2016_201602110151_IMG_3344.jpg,0.913372814655304,715.5826416015625,189.9491729736328,553.90625,952.2932739257812,2048,1536,553,952
HFW12-F7,2016,201602110151,DM,0,/Volumes/Seagate Portable Drive/KYLE_AI_DATABASE/A_CAMERA/Focal_species/Gulo gulo/HFW12-F7/DM/2016/B&W/Robust marks/02.11-01.51/IMG_3345.JPG,IMG_3345.JPG,HFW12-F7_2016_201602110151_IMG_3345.jpg,0.942768394947052,759.581787109375,205.59425354003906,534.628173828125,948.696044921875,2048,1536,534,948
HFW12-F7,2016,201602110151,DM,0,/Volumes/Seagate Portable Drive/KYLE_AI_DATABASE/A_CAMERA/Focal_species/Gulo gulo/HFW12-F7/DM/2016/B&W/Robust marks/02.11-01.51/IMG_3346.JPG,IMG_3346.JPG,HFW12-F7_2016_201602110151_IMG_3346.jpg,0.9233669638633728,735.224853515625,191.50497436523438,559.9599609375,943.57666015625,2048,1536,559,943
HFW12-F7,2016,201602110151,DM,0,/Volumes/Seagate Portable Drive/KYLE_AI_DATABASE/A_CAMERA/Focal_species/Gulo gulo/HFW12-F7/DM/2016/B&W/Robust marks/02.11-01.51/IMG_3347.JPG,IMG_3347.JPG,HFW12-F7_2016_201602110151_IMG_3347.jpg,0.9353739023208618,759.15087890625,208.23101806640625,538.378173828125,934.6262817382812,2048,1536,538,934
HFW12-F7,2016,201602110151,DM,0,/Volumes/Seagate Portable Drive/KYLE_AI_DATABASE/A_CAMERA/Focal_species/Gulo gulo/HFW12-F7/DM/2016/B&W/Robust marks/02.11-01.51/IMG_3348.JPG,IMG_3348.JPG,HFW12-F7_2016_201602110151_IMG_3348.jpg,0.9285627603530884,724.0408325195312,204.09535217285156,568.2013549804688,948.0084228515625,2048,1536,568,948
HFW12-F7,2016,201602110151,DM,0,/Volumes/Seagate Portable Drive/KYLE_AI_DATABASE/A_CAMERA/Focal_species/Gulo gulo/HFW12-F7/DM/2016/B&W/Robust marks/02.11-01.51/IMG_3349.JPG,IMG_3349.JPG,HFW12-F7_2016_201602110151_IMG_3349.jpg,0.9541053771972656,758.59716796875,196.3355712890625,532.962890625,955.763427734375,2048,1536,532,955
HFW12-F7,2016,201602110151,DM,0,/Volumes/Seagate Portable Drive/KYLE_AI_DATABASE/A_CAMERA/Focal_species/Gulo gulo/HFW12-F7/DM/2016/B&W/Robust marks/02.11-01.51/IMG_3350.JPG,IMG_3350.JPG,HFW12-F7_2016_201602110151_IMG_3350.jpg,0.9550570249557495,718.6412353515625,31.544723510742188,570.55712890625,1137.840087890625,2048,1536,570,1137
HFW12-F7,2016,201602110151,DM,0,/Volumes/Seagate Portable Drive/KYLE_AI_DATABASE/A_CAMERA/Focal_species/Gulo gulo/HFW12-F7/DM/2016/B&W/Robust marks/02.11-01.51/IMG_3351.JPG,IMG_3351.JPG,HFW12-F7_2016_201602110151_IMG_3351.jpg,0.90692538022995,857.7891235351562,194.47288513183594,471.40985107421875,954.200927734375,2048,1536,471,954
HFW12-F7,2016,201602110151,DM,0,/Volumes/Seagate Portable Drive/KYLE_AI_DATABASE/A_CAMERA/Focal_species/Gulo gulo/HFW12-F7/DM/2016/B&W/Robust marks/02.11-01.51/IMG_3352.JPG,IMG_3352.JPG,HFW12-F7_2016_201602110151_IMG_3352.jpg,0.9143531918525696,796.13671875,199.86996459960938,456.69921875,944.4622802734375,2048,1536,456,944
HFW12-F7,2016,201602110151,DM,0,/Volumes/Seagate Portable Drive/KYLE_AI_DATABASE/A_CAMERA/Focal_species/Gulo gulo/HFW12-F7/DM/2016/B&W/Robust marks/02.11-01.51/IMG_3353.JPG,IMG_3353.JPG,HFW12-F7_2016_201602110151_IMG_3353.jpg,0.8805386424064636,866.0830078125,262.51641845703125,408.44482421875,980.5441284179688,2048,1536,408,980
HFW12-F7,2016,201602110151,DM,0,/Volumes/Seagate Portable Drive/KYLE_AI_DATABASE/A_CAMERA/Focal_species/Gulo gulo/HFW12-F7/DM/2016/B&W/Robust marks/02.11-01.51/IMG_3354.JPG,IMG_3354.JPG,HFW12-F7_2016_201602110151_IMG_3354.jpg,0.9006629586219788,840.0704345703125,252.89190673828125,440.1005859375,976.0075073242188,2048,1536,440,976
HFW12-F7,2016,201602110151,DM,0,/Volumes/Seagate Portable Drive/KYLE_AI_DATABASE/A_CAMERA/Focal_species/Gulo gulo/HFW12-F7/DM/2016/B&W/Robust marks/02.11-01.51/IMG_3355.JPG,IMG_3355.JPG,HFW12-F7_2016_201602110151_IMG_3355.jpg,0.8772393465042114,830.6071166992188,305.6831359863281,441.24481201171875,924.154052734375,2048,1536,441,924
HFW12-F7,2016,201602110151,DM,0,/Volumes/Seagate Portable Drive/KYLE_AI_DATABASE/A_CAMERA/Focal_species/Gulo gulo/HFW12-F7/DM/2016/B&W/Robust marks/02.11-01.51/IMG_3356.JPG,IMG_3356.JPG,HFW12-F7_2016_201602110151_IMG_3356.jpg,0.9020660519599915,818.686767578125,304.92132568359375,452.816650390625,928.2788696289062,2048,1536,452,928
HFW12-F7,2016,201602110151,DM,0,/Volumes/Seagate Portable Drive/KYLE_AI_DATABASE/A_CAMERA/Focal_species/Gulo gulo/HFW12-F7/DM/2016/B&W/Robust marks/02.11-01.51/IMG_3357.JPG,IMG_3357.JPG,HFW12-F7_2016_201602110151_IMG_3357.jpg,0.8898167014122009,827.3526611328125,308.20782470703125,444.2587890625,925.2350463867188,2048,1536,444,925
HFW12-F7,2016,201602110151,DM,0,/Volumes/Seagate Portable Drive/KYLE_AI_DATABASE/A_CAMERA/Focal_species/Gulo gulo/HFW12-F7/DM/2016/B&W/Robust marks/02.11-01.51/IMG_3358.JPG,IMG_3358.JPG,HFW12-F7_2016_201602110151_IMG_3358.jpg,0.9118892550468445,783.4956665039062,313.9727783203125,482.54022216796875,925.9732666015625,2048,1536,482,925
HFW12-F7,2016,201602110151,DM,0,/Volumes/Seagate Portable Drive/KYLE_AI_DATABASE/A_CAMERA/Focal_species/Gulo gulo/HFW12-F7/DM/2016/B&W/Robust marks/02.11-01.51/IMG_3359.JPG,IMG_3359.JPG,HFW12-F7_2016_201602110151_IMG_3359.jpg,0.8933805823326111,667.003173828125,316.2186584472656,604.813720703125,940.96240234375,2048,1536,604,940
HFW12-F7,2016,201602110151,DM,0,/Volumes/Seagate Portable Drive/KYLE_AI_DATABASE/A_CAMERA/Focal_species/Gulo gulo/HFW12-F7/DM/2016/B&W/Robust marks/02.11-01.51/IMG_3360.JPG,IMG_3360.JPG,HFW12-F7_2016_201602110151_IMG_3360.jpg,0.9096370339393616,640.3076782226562,316.6104736328125,623.1920776367188,890.6082763671875,2048,1536,623,890
HFW12-F7,2016,201602110151,DM,0,/Volumes/Seagate Portable Drive/KYLE_AI_DATABASE/A_CAMERA/Focal_species/Gulo gulo/HFW12-F7/DM/2016/B&W/Robust marks/02.11-01.51/IMG_3361.JPG,IMG_3361.JPG,HFW12-F7_2016_201602110151_IMG_3361.jpg,0.8663432598114014,630.60302734375,301.3878173828125,656.6221923828125,894.5633544921875,2048,1536,656,894
HFW12-F7,2016,201602110151,DM,0,/Volumes/Seagate Portable Drive/KYLE_AI_DATABASE/A_CAMERA/Focal_species/Gulo gulo/HFW12-F7/DM/2016/B&W/Robust marks/02.11-01.51/IMG_3362.JPG,IMG_3362.JPG,HFW12-F7_2016_201602110151_IMG_3362.jpg,0.9554911255836487,639.3651123046875,273.27410888671875,629.393798828125,875.9441528320312,2048,1536,629,875
HFW12-F7,2016,201602110151,DM,0,/Volumes/Seagate Portable Drive/KYLE_AI_DATABASE/A_CAMERA/Focal_species/Gulo gulo/HFW12-F7/DM/2016/B&W/Robust marks/02.11-01.51/IMG_3363.JPG,IMG_3363.JPG,HFW12-F7_2016_201602110151_IMG_3363.jpg,0.9258106350898743,577.9124755859375,275.593505859375,707.42236328125,778.3487548828125,2048,1536,707,778
HFW12-F7,2016,201602110151,DM,0,/Volumes/Seagate Portable Drive/KYLE_AI_DATABASE/A_CAMERA/Focal_species/Gulo gulo/HFW12-F7/DM/2016/B&W/Robust marks/02.11-01.51/IMG_3364.JPG,IMG_3364.JPG,HFW12-F7_2016_201602110151_IMG_3364.jpg,0.953204870223999,635.2730712890625,326.04840087890625,646.2022705078125,812.7191772460938,2048,1536,646,812
HFW12-F7,2016,201602110151,DM,0,/Volumes/Seagate Portable Drive/KYLE_AI_DATABASE/A_CAMERA/Focal_species/Gulo gulo/HFW12-F7/DM/2016/B&W/Robust marks/02.11-01.51/IMG_3365.JPG,IMG_3365.JPG,HFW12-F7_2016_201602110151_IMG_3365.jpg,0.9548864960670471,639.1548461914062,324.2674560546875,635.9574584960938,846.0831298828125,2048,1536,635,846
HFW12-F7,2016,201602110151,DM,0,/Volumes/Seagate Portable Drive/KYLE_AI_DATABASE/A_CAMERA/Focal_species/Gulo gulo/HFW12-F7/DM/2016/B&W/Robust marks/02.11-01.51/IMG_3366.JPG,IMG_3366.JPG,HFW12-F7_2016_201602110151_IMG_3366.jpg,0.9236952066421509,622.06591796875,483.0826721191406,776.4263916015625,779.28076171875,2048,1536,776,779
HFW12-F7,2016,201602110151,DM,0,/Volumes/Seagate Portable Drive/KYLE_AI_DATABASE/A_CAMERA/Focal_species/Gulo gulo/HFW12-F7/DM/2016/B&W/Robust marks/02.11-01.51/IMG_3367.JPG,IMG_3367.JPG,HFW12-F7_2016_201602110151_IMG_3367.jpg,0.925361156463623,959.451904296875,451.9366455078125,456.214599609375,927.3218994140625,2048,1536,456,927
HFW12-F7,2016,201602110151,DM,0,/Volumes/Seagate Portable Drive/KYLE_AI_DATABASE/A_CAMERA/Focal_species/Gulo gulo/HFW12-F7/DM/2016/B&W/Robust marks/02.11-01.51/IMG_3368.JPG,IMG_3368.JPG,HFW12-F7_2016_201602110151_IMG_3368.jpg,0.9379037022590637,887.7045288085938,460.8218994140625,472.07379150390625,892.8193359375,2048,1536,472,892
HFW12-F7,2016,201602110151,DM,0,/Volumes/Seagate Portable Drive/KYLE_AI_DATABASE/A_CAMERA/Focal_species/Gulo gulo/HFW12-F7/DM/2016/B&W/Robust marks/02.11-01.51/IMG_3369.JPG,IMG_3369.JPG,HFW12-F7_2016_201602110151_IMG_3369.jpg,0.9028685092926025,978.0908813476562,477.408447265625,419.72869873046875,884.847900390625,2048,1536,419,884
HFW12-F7,2016,201602110151,DM,0,/Volumes/Seagate Portable Drive/KYLE_AI_DATABASE/A_CAMERA/Focal_species/Gulo gulo/HFW12-F7/DM/2016/B&W/Robust marks/02.11-01.51/IMG_3370.JPG,IMG_3370.JPG,HFW12-F7_2016_201602110151_IMG_3370.jpg,0.9108240008354187,985.4712524414062,384.74932861328125,415.14337158203125,1010.2108764648438,2048,1536,415,1010
HFW12-F7,2016,201602110151,DM,0,/Volumes/Seagate Portable Drive/KYLE_AI_DATABASE/A_CAMERA/Focal_species/Gulo gulo/HFW12-F7/DM/2016/B&W/Robust marks/02.11-01.51/IMG_3371.JPG,IMG_3371.JPG,HFW12-F7_2016_201602110151_IMG_3371.jpg,0.8969852924346924,563.1646728515625,480.4324035644531,725.1544189453125,765.2181396484375,2048,1536,725,765
HFW12-F7,2016,201602110151,DM,0,/Volumes/Seagate Portable Drive/KYLE_AI_DATABASE/A_CAMERA/Focal_species/Gulo gulo/HFW12-F7/DM/2016/B&W/Robust marks/02.11-01.51/IMG_3372.JPG,IMG_3372.JPG,HFW12-F7_2016_201602110151_IMG_3372.jpg,0.9329712986946106,648.635498046875,315.15618896484375,618.1795654296875,890.7557983398438,2048,1536,618,890
HFW12-F7,2016,201602110151,DM,0,/Volumes/Seagate Portable Drive/KYLE_AI_DATABASE/A_CAMERA/Focal_species/Gulo gulo/HFW12-F7/DM/2016/B&W/Robust marks/02.11-01.51/IMG_3373.JPG,IMG_3373.JPG,HFW12-F7_2016_201602110151_IMG_3373.jpg,0.9368029832839966,653.9208374023438,320.4957275390625,647.3574829101562,846.1875,2048,1536,647,846
HFW12-F7,2016,201602110151,DM,0,/Volumes/Seagate Portable Drive/KYLE_AI_DATABASE/A_CAMERA/Focal_species/Gulo gulo/HFW12-F7/DM/2016/B&W/Robust marks/02.11-01.51/IMG_3374.JPG,IMG_3374.JPG,HFW12-F7_2016_201602110151_IMG_3374.jpg,0.9083709120750427,727.635986328125,328.3488464355469,560.6973876953125,868.51416015625,2048,1536,560,868
HFW12-F7,2016,201602110151,DM,0,/Volumes/Seagate Portable Drive/KYLE_AI_DATABASE/A_CAMERA/Focal_species/Gulo gulo/HFW12-F7/DM/2016/B&W/Robust marks/02.11-01.51/IMG_3375.JPG,IMG_3375.JPG,HFW12-F7_2016_201602110151_IMG_3375.jpg,0.915719211101532,824.261962890625,340.2073059082031,421.98974609375,893.4915771484375,2048,1536,421,893
HFW12-F7,2016,201602110151,DM,0,/Volumes/Seagate Portable Drive/KYLE_AI_DATABASE/A_CAMERA/Focal_species/Gulo gulo/HFW12-F7/DM/2016/B&W/Robust marks/02.11-01.51/IMG_3376.JPG,IMG_3376.JPG,HFW12-F7_2016_201602110151_IMG_3376.jpg,0.9188152551651001,819.3492431640625,339.59991455078125,416.429443359375,946.2454223632812,2048,1536,416,946
HFW12-F7,2016,201602110151,DM,0,/Volumes/Seagate Portable Drive/KYLE_AI_DATABASE/A_CAMERA/Focal_species/Gulo gulo/HFW12-F7/DM/2016/B&W/Robust marks/02.11-01.51/IMG_3377.JPG,IMG_3377.JPG,HFW12-F7_2016_201602110151_IMG_3377.jpg,0.8905313611030579,679.5660400390625,291.94586181640625,642.280029296875,949.1039428710938,2048,1536,642,949
HFW12-F7,2016,201602110151,DM,0,/Volumes/Seagate Portable Drive/KYLE_AI_DATABASE/A_CAMERA/Focal_species/Gulo gulo/HFW12-F7/DM/2016/B&W/Robust marks/02.11-01.51/IMG_3378.JPG,IMG_3378.JPG,HFW12-F7_2016_201602110151_IMG_3378.jpg,0.8862485885620117,647.0819702148438,286.8271179199219,618.2459106445312,771.7047119140625,2048,1536,618,771
HFW12-F7,2016,201602110151,DM,0,/Volumes/Seagate Portable Drive/KYLE_AI_DATABASE/A_CAMERA/Focal_species/Gulo gulo/HFW12-F7/DM/2016/B&W/Robust marks/02.11-01.51/IMG_3379.JPG,IMG_3379.JPG,HFW12-F7_2016_201602110151_IMG_3379.jpg,0.944383978843689,638.18359375,296.26007080078125,649.00390625,814.3067016601562,2048,1536,649,814
HFW12-F7,2016,201602110151,DM,0,/Volumes/Seagate Portable Drive/KYLE_AI_DATABASE/A_CAMERA/Focal_species/Gulo gulo/HFW12-F7/DM/2016/B&W/Robust marks/02.11-01.51/IMG_3380.JPG,IMG_3380.JPG,HFW12-F7_2016_201602110151_IMG_3380.jpg,0.9047881960868835,776.1287231445312,274.89739990234375,500.07489013671875,932.2265014648438,2048,1536,500,932
HFW12-F7,2016,201602110151,DM,0,/Volumes/Seagate Portable Drive/KYLE_AI_DATABASE/A_CAMERA/Focal_species/Gulo gulo/HFW12-F7/DM/2016/B&W/Robust marks/02.11-01.51/IMG_3381.JPG,IMG_3381.JPG,HFW12-F7_2016_201602110151_IMG_3381.jpg,0.9270681738853455,819.1417236328125,246.55105590820312,555.569091796875,1005.463623046875,2048,1536,555,1005
HFW12-F7,2016,201602110151,DM,0,/Volumes/Seagate Portable Drive/KYLE_AI_DATABASE/A_CAMERA/Focal_species/Gulo gulo/HFW12-F7/DM/2016/B&W/Robust marks/02.11-01.51/IMG_3382.JPG,IMG_3382.JPG,HFW12-F7_2016_201602110151_IMG_3382.jpg,0.9100334048271179,832.3318481445312,316.1855163574219,486.47467041015625,932.194091796875,2048,1536,486,932
HFW12-F7,2016,201602110151,DM,0,/Volumes/Seagate Portable Drive/KYLE_AI_DATABASE/A_CAMERA/Focal_species/Gulo gulo/HFW12-F7/DM/2016/B&W/Robust marks/02.11-01.51/IMG_3383.JPG,IMG_3383.JPG,HFW12-F7_2016_201602110151_IMG_3383.jpg,0.8969708681106567,767.2095947265625,183.5684051513672,625.73974609375,997.0797729492188,2048,1536,625,997
HFW12-F7,2016,201602110151,DM,0,/Volumes/Seagate Portable Drive/KYLE_AI_DATABASE/A_CAMERA/Focal_species/Gulo gulo/HFW12-F7/DM/2016/B&W/Robust marks/02.11-01.51/IMG_3384.JPG,IMG_3384.JPG,HFW12-F7_2016_201602110151_IMG_3384.jpg,0.9341278076171875,917.9684448242188,302.3227844238281,433.37872314453125,911.9571533203125,2048,1536,433,911
HFW12-F7,2016,201602110151,DM,0,/Volumes/Seagate Portable Drive/KYLE_AI_DATABASE/A_CAMERA/Focal_species/Gulo gulo/HFW12-F7/DM/2016/B&W/Robust marks/02.11-01.51/IMG_3385.JPG,IMG_3385.JPG,HFW12-F7_2016_201602110151_IMG_3385.jpg,0.9268243312835693,873.5087280273438,285.1614074707031,462.01080322265625,865.782958984375,2048,1536,462,865
HFW12-F7,2016,201602110151,DM,0,/Volumes/Seagate Portable Drive/KYLE_AI_DATABASE/A_CAMERA/Focal_species/Gulo gulo/HFW12-F7/DM/2016/B&W/Robust marks/02.11-01.51/IMG_3386.JPG,IMG_3386.JPG,HFW12-F7_2016_201602110151_IMG_3386.jpg,0.947413444519043,889.6971435546875,305.83843994140625,434.3818359375,829.3942260742188,2048,1536,434,829
HFW12-F7,2016,201602110151,DM,0,/Volumes/Seagate Portable Drive/KYLE_AI_DATABASE/A_CAMERA/Focal_species/Gulo gulo/HFW12-F7/DM/2016/B&W/Robust marks/02.11-01.51/IMG_3387.JPG,IMG_3387.JPG,HFW12-F7_2016_201602110151_IMG_3387.jpg,0.9148144721984863,889.7230224609375,292.7055358886719,433.545654296875,838.189208984375,2048,1536,433,838
HFW12-F7,2016,201602110151,DM,0,/Volumes/Seagate Portable Drive/KYLE_AI_DATABASE/A_CAMERA/Focal_species/Gulo gulo/HFW12-F7/DM/2016/B&W/Robust marks/02.11-01.51/IMG_3388.JPG,IMG_3388.JPG,HFW12-F7_2016_201602110151_IMG_3388.jpg,0.8910407423973083,861.8912963867188,283.78668212890625,458.61810302734375,848.1592407226562,2048,1536,458,848
HFW12-F7,2016,201602110151,DM,0,/Volumes/Seagate Portable Drive/KYLE_AI_DATABASE/A_CAMERA/Focal_species/Gulo gulo/HFW12-F7/DM/2016/B&W/Robust marks/02.11-01.51/IMG_3389.JPG,IMG_3389.JPG,HFW12-F7_2016_201602110151_IMG_3389.jpg,0.8825086951255798,881.3851928710938,300.7140197753906,449.90667724609375,844.9730224609375,2048,1536,449,844
HFW12-F7,2016,201602110151,DM,0,/Volumes/Seagate Portable Drive/KYLE_AI_DATABASE/A_CAMERA/Focal_species/Gulo gulo/HFW12-F7/DM/2016/B&W/Robust marks/02.11-01.51/IMG_3390.JPG,IMG_3390.JPG,HFW12-F7_2016_201602110151_IMG_3390.jpg,0.8845850229263306,886.8272705078125,257.2205810546875,434.44091796875,901.6790771484375,2048,1536,434,901
HFW12-F7,2016,201602110151,DM,0,/Volumes/Seagate Portable Drive/KYLE_AI_DATABASE/A_CAMERA/Focal_species/Gulo gulo/HFW12-F7/DM/2016/B&W/Robust marks/02.11-01.51/IMG_3391.JPG,IMG_3391.JPG,HFW12-F7_2016_201602110151_IMG_3391.jpg,0.9482191205024719,887.6390380859375,301.7547912597656,430.12646484375,875.357666015625,2048,1536,430,875
HFW12-F7,2016,201602110151,DM,0,/Volumes/Seagate Portable Drive/KYLE_AI_DATABASE/A_CAMERA/Focal_species/Gulo gulo/HFW12-F7/DM/2016/B&W/Robust marks/02.11-01.51/IMG_3392.JPG,IMG_3392.JPG,HFW12-F7_2016_201602110151_IMG_3392.jpg,0.9147090911865234,842.9407958984375,270.8297119140625,479.8798828125,915.683837890625,2048,1536,479,915
HFW12-F7,2016,201602110151,DM,0,/Volumes/Seagate Portable Drive/KYLE_AI_DATABASE/A_CAMERA/Focal_species/Gulo gulo/HFW12-F7/DM/2016/B&W/Robust marks/02.11-01.51/IMG_3393.JPG,IMG_3393.JPG,HFW12-F7_2016_201602110151_IMG_3393.jpg,0.9217045307159424,909.0181884765625,284.402099609375,390.55078125,925.725830078125,2048,1536,390,925
HFW12-F7,2016,201602110151,DM,0,/Volumes/Seagate Portable Drive/KYLE_AI_DATABASE/A_CAMERA/Focal_species/Gulo gulo/HFW12-F7/DM/2016/B&W/Robust marks/02.11-01.51/IMG_3394.JPG,IMG_3394.JPG,HFW12-F7_2016_201602110151_IMG_3394.jpg,0.927553653717041,923.2017211914062,223.85060119628906,373.06292724609375,1003.130615234375,2048,1536,373,1003
HFW12-F7,2016,201602110151,DM,0,/Volumes/Seagate Portable Drive/KYLE_AI_DATABASE/A_CAMERA/Focal_species/Gulo gulo/HFW12-F7/DM/2016/B&W/Robust marks/02.11-01.51/IMG_3395.JPG,IMG_3395.JPG,HFW12-F7_2016_201602110151_IMG_3395.jpg,0.9358270764350891,936.0072631835938,319.00030517578125,371.57855224609375,941.7907104492188,2048,1536,371,941
HFW12-F7,2016,201602110151,DM,0,/Volumes/Seagate Portable Drive/KYLE_AI_DATABASE/A_CAMERA/Focal_species/Gulo gulo/HFW12-F7/DM/2016/B&W/Robust marks/02.11-01.51/IMG_3396.JPG,IMG_3396.JPG,HFW12-F7_2016_201602110151_IMG_3396.jpg,0.9433334469795227,824.6416015625,300.29766845703125,495.4990234375,957.7222290039062,2048,1536,495,957
HFW12-F7,2016,201602110151,DM,0,/Volumes/Seagate Portable Drive/KYLE_AI_DATABASE/A_CAMERA/Focal_species/Gulo gulo/HFW12-F7/DM/2016/B&W/Robust marks/02.11-01.51/IMG_3397.JPG,IMG_3397.JPG,HFW12-F7_2016_201602110151_IMG_3397.jpg,0.946260392665863,819.1259765625,336.28973388671875,485.442626953125,933.0982055664062,2048,1536,485,933
HFW12-F7,2016,201602110151,DM,0,/Volumes/Seagate Portable Drive/KYLE_AI_DATABASE/A_CAMERA/Focal_species/Gulo gulo/HFW12-F7/DM/2016/B&W/Robust marks/02.11-01.51/IMG_3398.JPG,IMG_3398.JPG,HFW12-F7_2016_201602110151_IMG_3398.jpg,0.9196524620056152,776.992919921875,315.29681396484375,536.321533203125,920.0161743164062,2048,1536,536,920
HFW12-F7,2016,201602110151,DM,0,/Volumes/Seagate Portable Drive/KYLE_AI_DATABASE/A_CAMERA/Focal_species/Gulo gulo/HFW12-F7/DM/2016/B&W/Robust marks/02.11-01.51/IMG_3399.JPG,IMG_3399.JPG,HFW12-F7_2016_201602110151_IMG_3399.jpg,0.9192686080932617,866.1929931640625,317.7047424316406,436.851318359375,927.9202880859375,2048,1536,436,927
HFW12-F7,2016,201602110151,DM,0,/Volumes/Seagate Portable Drive/KYLE_AI_DATABASE/A_CAMERA/Focal_species/Gulo gulo/HFW12-F7/DM/2016/B&W/Robust marks/02.11-01.51/IMG_3400.JPG,IMG_3400.JPG,HFW12-F7_2016_201602110151_IMG_3400.jpg,0.9368805289268494,852.0457763671875,333.625732421875,440.560546875,903.9888916015625,2048,1536,440,903
HFW12-F7,2016,201602110151,DM,0,/Volumes/Seagate Portable Drive/KYLE_AI_DATABASE/A_CAMERA/Focal_species/Gulo gulo/HFW12-F7/DM/2016/B&W/Robust marks/02.11-01.51/IMG_3401.JPG,IMG_3401.JPG,HFW12-F7_2016_201602110151_IMG_3401.jpg,0.9177824854850769,844.9906616210938,278.37884521484375,456.77655029296875,991.3250122070312,2048,1536,456,991
HFW12-F7,2016,201602110151,DM,0,/Volumes/Seagate Portable Drive/KYLE_AI_DATABASE/A_CAMERA/Focal_species/Gulo gulo/HFW12-F7/DM/2016/B&W/Robust marks/02.11-01.51/IMG_3402.JPG,IMG_3402.JPG,HFW12-F7_2016_201602110151_IMG_3402.jpg,0.9225342869758606,844.7008056640625,281.02520751953125,435.906982421875,921.5031127929688,2048,1536,435,921
HFW12-F7,2016,201602110151,DM,0,/Volumes/Seagate Portable Drive/KYLE_AI_DATABASE/A_CAMERA/Focal_species/Gulo gulo/HFW12-F7/DM/2016/B&W/Robust marks/02.11-01.51/IMG_3403.JPG,IMG_3403.JPG,HFW12-F7_2016_201602110151_IMG_3403.jpg,0.938096821308136,851.33544921875,291.7033996582031,442.832763671875,911.765625,2048,1536,442,911
HFW12-F7,2016,201602110151,DM,0,/Volumes/Seagate Portable Drive/KYLE_AI_DATABASE/A_CAMERA/Focal_species/Gulo gulo/HFW12-F7/DM/2016/B&W/Robust marks/02.11-01.51/IMG_3404.JPG,IMG_3404.JPG,HFW12-F7_2016_201602110151_IMG_3404.jpg,0.9455263614654541,829.0658569335938,297.7597961425781,468.47015380859375,887.463134765625,2048,1536,468,887
HFW12-F7,2016,201602110151,DM,0,/Volumes/Seagate Portable Drive/KYLE_AI_DATABASE/A_CAMERA/Focal_species/Gulo gulo/HFW12-F7/DM/2016/B&W/Robust marks/02.11-01.51/IMG_3405.JPG,IMG_3405.JPG,HFW12-F7_2016_201602110151_IMG_3405.jpg,0.9362233281135559,827.08203125,312.74188232421875,467.837158203125,876.5391235351562,2048,1536,467,876
HFW12-F7,2016,201602110151,DM,0,/Volumes/Seagate Portable Drive/KYLE_AI_DATABASE/A_CAMERA/Focal_species/Gulo gulo/HFW12-F7/DM/2016/B&W/Robust marks/02.11-01.51/IMG_3406.JPG,IMG_3406.JPG,HFW12-F7_2016_201602110151_IMG_3406.jpg,0.9310908317565918,818.1063232421875,320.4110107421875,475.112548828125,858.5113525390625,2048,1536,475,858
HFW12-F7,2016,201602110151,DM,0,/Volumes/Seagate Portable Drive/KYLE_AI_DATABASE/A_CAMERA/Focal_species/Gulo gulo/HFW12-F7/DM/2016/B&W/Robust marks/02.11-01.51/IMG_3407.JPG,IMG_3407.JPG,HFW12-F7_2016_201602110151_IMG_3407.jpg,0.9170056581497192,850.8285522460938,306.70758056640625,437.96368408203125,893.4070434570312,2048,1536,437,893
HFW12-F7,2016,201602110151,DM,0,/Volumes/Seagate Portable Drive/KYLE_AI_DATABASE/A_CAMERA/Focal_species/Gulo gulo/HFW12-F7/DM/2016/B&W/Robust marks/02.11-01.51/IMG_3408.JPG,IMG_3408.JPG,HFW12-F7_2016_201602110151_IMG_3408.jpg,0.9344826936721802,831.7144775390625,328.31048583984375,453.69921875,872.0957641601562,2048,1536,453,872
HFW12-F7,2016,201602110151,DM,0,/Volumes/Seagate Portable Drive/KYLE_AI_DATABASE/A_CAMERA/Focal_species/Gulo gulo/HFW12-F7/DM/2016/B&W/Robust marks/02.11-01.51/IMG_3409.JPG,IMG_3409.JPG,HFW12-F7_2016_201602110151_IMG_3409.jpg,0.9279890656471252,839.511474609375,285.9787902832031,430.932861328125,922.23291015625,2048,1536,430,922
HFW12-F7,2016,201602110151,DM,0,/Volumes/Seagate Portable Drive/KYLE_AI_DATABASE/A_CAMERA/Focal_species/Gulo gulo/HFW12-F7/DM/2016/B&W/Robust marks/02.11-01.51/IMG_3410.JPG,IMG_3410.JPG,HFW12-F7_2016_201602110151_IMG_3410.jpg,0.918879508972168,809.8136596679688,320.31085205078125,468.64654541015625,870.1166381835938,2048,1536,468,870
HFW12-F7,2016,201602110151,DM,0,/Volumes/Seagate Portable Drive/KYLE_AI_DATABASE/A_CAMERA/Focal_species/Gulo gulo/HFW12-F7/DM/2016/B&W/Robust marks/02.11-01.51/IMG_3411.JPG,IMG_3411.JPG,HFW12-F7_2016_201602110151_IMG_3411.jpg,0.9247599244117737,782.9343872070312,337.1439208984375,479.61529541015625,912.3009033203125,2048,1536,479,912
HFW12-F7,2016,201602110151,DM,0,/Volumes/Seagate Portable Drive/KYLE_AI_DATABASE/A_CAMERA/Focal_species/Gulo gulo/HFW12-F7/DM/2016/B&W/Robust marks/02.11-01.51/IMG_3412.JPG,IMG_3412.JPG,HFW12-F7_2016_201602110151_IMG_3412.jpg,0.9182095527648926,744.15185546875,342.1877746582031,507.57568359375,906.44482421875,2048,1536,507,906
HFW12-F7,2016,201602110151,DM,0,/Volumes/Seagate Portable Drive/KYLE_AI_DATABASE/A_CAMERA/Focal_species/Gulo gulo/HFW12-F7/DM/2016/B&W/Robust marks/02.11-01.51/IMG_3413.JPG,IMG_3413.JPG,HFW12-F7_2016_201602110151_IMG_3413.jpg,0.9317933917045593,619.497314453125,327.3458251953125,638.50830078125,914.3370361328125,2048,1536,638,914
HFW12-F7,2016,201602110151,DM,0,/Volumes/Seagate Portable Drive/KYLE_AI_DATABASE/A_CAMERA/Focal_species/Gulo gulo/HFW12-F7/DM/2016/B&W/Robust marks/02.11-01.51/IMG_3414.JPG,IMG_3414.JPG,HFW12-F7_2016_201602110151_IMG_3414.jpg,0.8851136565208435,659.5531005859375,328.33538818359375,579.817138671875,895.5608520507812,2048,1536,579,895
HFW12-F7,2016,201602110151,DM,0,/Volumes/Seagate Portable Drive/KYLE_AI_DATABASE/A_CAMERA/Focal_species/Gulo gulo/HFW12-F7/DM/2016/B&W/Robust marks/02.11-01.51/IMG_3415.JPG,IMG_3415.JPG,HFW12-F7_2016_201602110151_IMG_3415.jpg,0.9297520518302917,666.1202392578125,335.8321838378906,597.14111328125,877.2113037109375,2048,1536,597,877
HFW12-F7,2016,201602110151,DM,0,/Volumes/Seagate Portable Drive/KYLE_AI_DATABASE/A_CAMERA/Focal_species/Gulo gulo/HFW12-F7/DM/2016/B&W/Robust marks/02.11-01.51/IMG_3416.JPG,IMG_3416.JPG,HFW12-F7_2016_201602110151_IMG_3416.jpg,0.8830553293228149,673.6126708984375,318.76763916015625,592.699462890625,886.6300659179688,2048,1536,592,886
HFW12-F7,2016,201602110151,DM,0,/Volumes/Seagate Portable Drive/KYLE_AI_DATABASE/A_CAMERA/Focal_species/Gulo gulo/HFW12-F7/DM/2016/B&W/Robust marks/02.11-01.51/IMG_3417.JPG,IMG_3417.JPG,HFW12-F7_2016_201602110151_IMG_3417.jpg,0.8897827863693237,698.8948974609375,327.758544921875,565.8828125,877.1966552734375,2048,1536,565,877
HFW12-F7,2016,201602110151,DM,0,/Volumes/Seagate Portable Drive/KYLE_AI_DATABASE/A_CAMERA/Focal_species/Gulo gulo/HFW12-F7/DM/2016/B&W/Robust marks/02.11-01.51/IMG_3418.JPG,IMG_3418.JPG,HFW12-F7_2016_201602110151_IMG_3418.jpg,0.8652727603912354,730.3796997070312,321.8352355957031,535.7909545898438,891.38671875,2048,1536,535,891
HFW12-F7,2016,201602110151,DM,0,/Volumes/Seagate Portable Drive/KYLE_AI_DATABASE/A_CAMERA/Focal_species/Gulo gulo/HFW12-F7/DM/2016/B&W/Robust marks/02.11-01.51/IMG_3419.JPG,IMG_3419.JPG,HFW12-F7_2016_201602110151_IMG_3419.jpg,0.9287233352661133,770.04150390625,327.07012939453125,495.6158447265625,905.1127319335938,2048,1536,495,905
HFW12-F7,2016,201602110151,DM,0,/Volumes/Seagate Portable Drive/KYLE_AI_DATABASE/A_CAMERA/Focal_species/Gulo gulo/HFW12-F7/DM/2016/B&W/Robust marks/02.11-01.51/IMG_3420.JPG,IMG_3420.JPG,HFW12-F7_2016_201602110151_IMG_3420.jpg,0.8995915055274963,739.5902099609375,327.6882019042969,517.582763671875,894.53955078125,2048,1536,517,894
HFW12-F7,2016,201602110151,DM,0,/Volumes/Seagate Portable Drive/KYLE_AI_DATABASE/A_CAMERA/Focal_species/Gulo gulo/HFW12-F7/DM/2016/B&W/Robust marks/02.11-01.51/IMG_3421.JPG,IMG_3421.JPG,HFW12-F7_2016_201602110151_IMG_3421.jpg,0.927395761013031,808.911865234375,340.52789306640625,437.380615234375,917.4616088867188,2048,1536,437,917
HFW12-F7,2016,201602110151,DM,0,/Volumes/Seagate Portable Drive/KYLE_AI_DATABASE/A_CAMERA/Focal_species/Gulo gulo/HFW12-F7/DM/2016/B&W/Robust marks/02.11-01.51/IMG_3422.JPG,IMG_3422.JPG,HFW12-F7_2016_201602110151_IMG_3422.jpg,0.9244484305381775,741.7275390625,335.7115478515625,522.4476318359375,874.841552734375,2048,1536,522,874
HFW12-F7,2016,201602110151,DM,0,/Volumes/Seagate Portable Drive/KYLE_AI_DATABASE/A_CAMERA/Focal_species/Gulo gulo/HFW12-F7/DM/2016/B&W/Robust marks/02.11-01.51/IMG_3423.JPG,IMG_3423.JPG,HFW12-F7_2016_201602110151_IMG_3423.jpg,0.9420284628868103,733.4791259765625,331.1382751464844,522.7674560546875,871.9388427734375,2048,1536,522,871
HFW12-F7,2016,201602110151,DM,0,/Volumes/Seagate Portable Drive/KYLE_AI_DATABASE/A_CAMERA/Focal_species/Gulo gulo/HFW12-F7/DM/2016/B&W/Robust marks/02.11-01.51/IMG_3424.JPG,IMG_3424.JPG,HFW12-F7_2016_201602110151_IMG_3424.jpg,0.9404014945030212,744.0438232421875,332.9083251953125,507.753662109375,878.0836181640625,2048,1536,507,878
HFW12-F7,2016,201602110151,DM,0,/Volumes/Seagate Portable Drive/KYLE_AI_DATABASE/A_CAMERA/Focal_species/Gulo gulo/HFW12-F7/DM/2016/B&W/Robust marks/02.11-01.51/IMG_3425.JPG,IMG_3425.JPG,HFW12-F7_2016_201602110151_IMG_3425.jpg,0.9170786142349243,771.72021484375,324.4517822265625,501.1083984375,891.8204345703125,2048,1536,501,891
HFW12-F7,2016,201602110151,DM,0,/Volumes/Seagate Portable Drive/KYLE_AI_DATABASE/A_CAMERA/Focal_species/Gulo gulo/HFW12-F7/DM/2016/B&W/Robust marks/02.11-01.51/IMG_3426.JPG,IMG_3426.JPG,HFW12-F7_2016_201602110151_IMG_3426.jpg,0.9188061356544495,809.8251953125,327.0455322265625,444.461669921875,916.837158203125,2048,1536,444,916
HFW12-F7,2016,201602110151,DM,0,/Volumes/Seagate Portable Drive/KYLE_AI_DATABASE/A_CAMERA/Focal_species/Gulo gulo/HFW12-F7/DM/2016/B&W/Robust marks/02.11-01.51/IMG_3427.JPG,IMG_3427.JPG,HFW12-F7_2016_201602110151_IMG_3427.jpg,0.9138757586479187,736.3287353515625,337.1640625,516.930908203125,900.55419921875,2048,1536,516,900
HFW12-F7,2016,201602110151,DM,0,/Volumes/Seagate Portable Drive/KYLE_AI_DATABASE/A_CAMERA/Focal_species/Gulo gulo/HFW12-F7/DM/2016/B&W/Robust marks/02.11-01.51/IMG_3428.JPG,IMG_3428.JPG,HFW12-F7_2016_201602110151_IMG_3428.jpg,0.9080128073692322,674.1375732421875,328.6205749511719,585.7587890625,859.8590087890625,2048,1536,585,859
HFW12-F7,2016,201602110151,DM,0,/Volumes/Seagate Portable Drive/KYLE_AI_DATABASE/A_CAMERA/Focal_species/Gulo gulo/HFW12-F7/DM/2016/B&W/Robust marks/02.11-01.51/IMG_3429.JPG,IMG_3429.JPG,HFW12-F7_2016_201602110151_IMG_3429.jpg,0.9422279000282288,731.5064697265625,329.772705078125,518.4356689453125,854.61669921875,2048,1536,518,854
HFW12-F7,2016,201602110151,DM,0,/Volumes/Seagate Portable Drive/KYLE_AI_DATABASE/A_CAMERA/Focal_species/Gulo gulo/HFW12-F7/DM/2016/B&W/Robust marks/02.11-01.51/IMG_3430.JPG,IMG_3430.JPG,HFW12-F7_2016_201602110151_IMG_3430.jpg,0.9153627753257751,736.100830078125,326.3699951171875,511.081298828125,901.3599853515625,2048,1536,511,901
HFW12-F7,2016,201602110151,DM,0,/Volumes/Seagate Portable Drive/KYLE_AI_DATABASE/A_CAMERA/Focal_species/Gulo gulo/HFW12-F7/DM/2016/B&W/Robust marks/02.11-01.51/IMG_3431.JPG,IMG_3431.JPG,HFW12-F7_2016_201602110151_IMG_3431.jpg,0.9317242503166199,649.7380981445312,322.44488525390625,591.9970092773438,836.3212280273438,2048,1536,591,836
HFW12-F7,2016,201602110151,DM,0,/Volumes/Seagate Portable Drive/KYLE_AI_DATABASE/A_CAMERA/Focal_species/Gulo gulo/HFW12-F7/DM/2016/B&W/Robust marks/02.11-01.51/IMG_3432.JPG,IMG_3432.JPG,HFW12-F7_2016_201602110151_IMG_3432.jpg,0.914283812046051,711.474853515625,344.0144348144531,503.573974609375,812.474853515625,2048,1536,503,812
HFW12-F7,2016,201602110151,DM,0,/Volumes/Seagate Portable Drive/KYLE_AI_DATABASE/A_CAMERA/Focal_species/Gulo gulo/HFW12-F7/DM/2016/B&W/Robust marks/02.11-01.51/IMG_3433.JPG,IMG_3433.JPG,HFW12-F7_2016_201602110151_IMG_3433.jpg,0.8723591566085815,809.8654174804688,346.072998046875,406.70794677734375,876.199951171875,2048,1536,406,876
HFW12-F7,2016,201602110151,DM,0,/Volumes/Seagate Portable Drive/KYLE_AI_DATABASE/A_CAMERA/Focal_species/Gulo gulo/HFW12-F7/DM/2016/B&W/Robust marks/02.11-01.51/IMG_3434.JPG,IMG_3434.JPG,HFW12-F7_2016_201602110151_IMG_3434.jpg,0.9034542441368103,782.569091796875,348.90594482421875,422.3336181640625,889.2139282226562,2048,1536,422,889
HFW12-F7,2016,201602110151,DM,0,/Volumes/Seagate Portable Drive/KYLE_AI_DATABASE/A_CAMERA/Focal_species/Gulo gulo/HFW12-F7/DM/2016/B&W/Robust marks/02.11-01.51/IMG_3435.JPG,IMG_3435.JPG,HFW12-F7_2016_201602110151_IMG_3435.jpg,0.8732316493988037,760.4549560546875,350.6148376464844,437.7958984375,898.9388427734375,2048,1536,437,898
HFW12-F7,2016,201602110151,DM,0,/Volumes/Seagate Portable Drive/KYLE_AI_DATABASE/A_CAMERA/Focal_species/Gulo gulo/HFW12-F7/DM/2016/B&W/Robust marks/02.11-01.51/IMG_3436.JPG,IMG_3436.JPG,HFW12-F7_2016_201602110151_IMG_3436.jpg,0.9207079410552979,787.9769897460938,334.4642028808594,421.43426513671875,864.5255126953125,2048,1536,421,864
HFW12-F7,2016,201602110151,DM,0,/Volumes/Seagate Portable Drive/KYLE_AI_DATABASE/A_CAMERA/Focal_species/Gulo gulo/HFW12-F7/DM/2016/B&W/Robust marks/02.11-01.51/IMG_3437.JPG,IMG_3437.JPG,HFW12-F7_2016_201602110151_IMG_3437.jpg,0.8164374232292175,801.4373779296875,327.599853515625,429.1478271484375,902.4569091796875,2048,1536,429,902
HFW12-F7,2016,201602110151,DM,0,/Volumes/Seagate Portable Drive/KYLE_AI_DATABASE/A_CAMERA/Focal_species/Gulo gulo/HFW12-F7/DM/2016/B&W/Robust marks/02.11-01.51/IMG_3438.JPG,IMG_3438.JPG,HFW12-F7_2016_201602110151_IMG_3438.jpg,0.9203988313674927,824.6690063476562,332.4039306640625,404.44390869140625,946.0660400390625,2048,1536,404,946
HFW12-F7,2016,201602110151,DM,0,/Volumes/Seagate Portable Drive/KYLE_AI_DATABASE/A_CAMERA/Focal_species/Gulo gulo/HFW12-F7/DM/2016/B&W/Robust marks/02.11-01.51/IMG_3439.JPG,IMG_3439.JPG,HFW12-F7_2016_201602110151_IMG_3439.jpg,0.8623213768005371,867.447998046875,332.5628662109375,370.005859375,940.8719482421875,2048,1536,370,940
HFW12-F7,2016,201602110151,DM,0,/Volumes/Seagate Portable Drive/KYLE_AI_DATABASE/A_CAMERA/Focal_species/Gulo gulo/HFW12-F7/DM/2016/B&W/Robust marks/02.11-01.51/IMG_3440.JPG,IMG_3440.JPG,HFW12-F7_2016_201602110151_IMG_3440.jpg,0.9108952879905701,855.5547485351562,307.761962890625,375.26751708984375,954.0145263671875,2048,1536,375,954
HFW12-F7,2016,201602110151,DM,0,/Volumes/Seagate Portable Drive/KYLE_AI_DATABASE/A_CAMERA/Focal_species/Gulo gulo/HFW12-F7/DM/2016/B&W/Robust marks/02.11-01.51/IMG_3441.JPG,IMG_3441.JPG,HFW12-F7_2016_201602110151_IMG_3441.jpg,0.8842655420303345,724.9826049804688,321.4715881347656,499.04473876953125,941.1339111328125,2048,1536,499,941
HFW12-F7,2016,201602110151,DM,0,/Volumes/Seagate Portable Drive/KYLE_AI_DATABASE/A_CAMERA/Focal_species/Gulo gulo/HFW12-F7/DM/2016/B&W/Robust marks/02.11-01.51/IMG_3442.JPG,IMG_3442.JPG,HFW12-F7_2016_201602110151_IMG_3442.jpg,0.8869420289993286,772.0311279296875,338.43011474609375,450.79345703125,949.9413452148438,2048,1536,450,949
HFW12-F7,2016,201602110151,DM,0,/Volumes/Seagate Portable Drive/KYLE_AI_DATABASE/A_CAMERA/Focal_species/Gulo gulo/HFW12-F7/DM/2016/B&W/Robust marks/02.11-01.51/IMG_3443.JPG,IMG_3443.JPG,HFW12-F7_2016_201602110151_IMG_3443.jpg,0.9118065237998962,825.0714111328125,348.96099853515625,405.873291015625,933.6170043945312,2048,1536,405,933
HFW12-F7,2016,201602110151,DM,0,/Volumes/Seagate Portable Drive/KYLE_AI_DATABASE/A_CAMERA/Focal_species/Gulo gulo/HFW12-F7/DM/2016/B&W/Robust marks/02.11-01.51/IMG_3444.JPG,IMG_3444.JPG,HFW12-F7_2016_201602110151_IMG_3444.jpg,0.901178240776062,839.2562866210938,340.74139404296875,394.13507080078125,948.4895629882812,2048,1536,394,948
HFW12-F7,2016,201602110151,DM,0,/Volumes/Seagate Portable Drive/KYLE_AI_DATABASE/A_CAMERA/Focal_species/Gulo gulo/HFW12-F7/DM/2016/B&W/Robust marks/02.11-01.51/IMG_3445.JPG,IMG_3445.JPG,HFW12-F7_2016_201602110151_IMG_3445.jpg,0.9109873175621033,825.0043334960938,339.5263366699219,399.48492431640625,950.52880859375,2048,1536,399,950
HFW12-F7,2016,201602110151,DM,0,/Volumes/Seagate Portable Drive/KYLE_AI_DATABASE/A_CAMERA/Focal_species/Gulo gulo/HFW12-F7/DM/2016/B&W/Robust marks/02.11-01.51/IMG_3446.JPG,IMG_3446.JPG,HFW12-F7_2016_201602110151_IMG_3446.jpg,0.9125813245773315,793.8492431640625,329.62237548828125,430.4638671875,954.9542846679688,2048,1536,430,954
HFW12-F7,2016,201602110151,DM,0,/Volumes/Seagate Portable Drive/KYLE_AI_DATABASE/A_CAMERA/Focal_species/Gulo gulo/HFW12-F7/DM/2016/B&W/Robust marks/02.11-01.51/IMG_3447.JPG,IMG_3447.JPG,HFW12-F7_2016_201602110151_IMG_3447.jpg,0.8808708786964417,771.42724609375,340.861572265625,463.048095703125,946.3583984375,2048,1536,463,946
HFW12-F7,2016,201602110151,DM,0,/Volumes/Seagate Portable Drive/KYLE_AI_DATABASE/A_CAMERA/Focal_species/Gulo gulo/HFW12-F7/DM/2016/B&W/Robust marks/02.11-01.51/IMG_3448.JPG,IMG_3448.JPG,HFW12-F7_2016_201602110151_IMG_3448.jpg,0.9253821969032288,752.08056640625,340.4337158203125,489.2933349609375,942.5081787109375,2048,1536,489,942
HFW12-F7,2016,201602110151,DM,0,/Volumes/Seagate Portable Drive/KYLE_AI_DATABASE/A_CAMERA/Focal_species/Gulo gulo/HFW12-F7/DM/2016/B&W/Robust marks/02.11-01.51/IMG_3449.JPG,IMG_3449.JPG,HFW12-F7_2016_201602110151_IMG_3449.jpg,0.908336341381073,824.6889038085938,331.55096435546875,407.73712158203125,935.6631469726562,2048,1536,407,935
HFW12-F7,2016,201602110151,DM,0,/Volumes/Seagate Portable Drive/KYLE_AI_DATABASE/A_CAMERA/Focal_species/Gulo gulo/HFW12-F7/DM/2016/B&W/Robust marks/02.11-01.51/IMG_3450.JPG,IMG_3450.JPG,HFW12-F7_2016_201602110151_IMG_3450.jpg,0.9203901290893555,815.4381103515625,329.5573425292969,426.51171875,936.670166015625,2048,1536,426,936
HFW12-F7,2016,201602110151,DM,0,/Volumes/Seagate Portable Drive/KYLE_AI_DATABASE/A_CAMERA/Focal_species/Gulo gulo/HFW12-F7/DM/2016/B&W/Robust marks/02.11-01.51/IMG_3451.JPG,IMG_3451.JPG,HFW12-F7_2016_201602110151_IMG_3451.jpg,0.8995490670204163,713.6868896484375,323.3119812011719,540.3076171875,875.659912109375,2048,1536,540,875
HFW12-F7,2016,201602110151,DM,0,/Volumes/Seagate Portable Drive/KYLE_AI_DATABASE/A_CAMERA/Focal_species/Gulo gulo/HFW12-F7/DM/2016/B&W/Robust marks/02.11-01.51/IMG_3452.JPG,IMG_3452.JPG,HFW12-F7_2016_201602110151_IMG_3452.jpg,0.9252780675888062,660.482666015625,321.71099853515625,588.1181640625,869.2543334960938,2048,1536,588,869
HFW12-F7,2016,201602110151,DM,0,/Volumes/Seagate Portable Drive/KYLE_AI_DATABASE/A_CAMERA/Focal_species/Gulo gulo/HFW12-F7/DM/2016/B&W/Robust marks/02.11-01.51/IMG_3453.JPG,IMG_3453.JPG,HFW12-F7_2016_201602110151_IMG_3453.jpg,0.9287267327308655,652.8597412109375,327.31103515625,598.228271484375,847.92236328125,2048,1536,598,847
HFW12-F7,2016,201602110151,DM,0,/Volumes/Seagate Portable Drive/KYLE_AI_DATABASE/A_CAMERA/Focal_species/Gulo gulo/HFW12-F7/DM/2016/B&W/Robust marks/02.11-01.51/IMG_3454.JPG,IMG_3454.JPG,HFW12-F7_2016_201602110151_IMG_3454.jpg,0.9094487428665161,738.2918701171875,330.33489990234375,519.75830078125,868.3773803710938,2048,1536,519,868
HFW12-F7,2016,201602110151,DM,0,/Volumes/Seagate Portable Drive/KYLE_AI_DATABASE/A_CAMERA/Focal_species/Gulo gulo/HFW12-F7/DM/2016/B&W/Robust marks/02.11-01.51/IMG_3455.JPG,IMG_3455.JPG,HFW12-F7_2016_201602110151_IMG_3455.jpg,0.915557324886322,703.7664794921875,328.8533935546875,548.9781494140625,857.0341796875,2048,1536,548,857
HFW12-F7,2016,201602110151,DM,0,/Volumes/Seagate Portable Drive/KYLE_AI_DATABASE/A_CAMERA/Focal_species/Gulo gulo/HFW12-F7/DM/2016/B&W/Robust marks/02.11-01.51/IMG_3456.JPG,IMG_3456.JPG,HFW12-F7_2016_201602110151_IMG_3456.jpg,0.9130420684814453,729.9686889648438,333.6015930175781,534.6550903320312,856.516357421875,2048,1536,534,856
HFW12-F7,2016,201602110151,DM,0,/Volumes/Seagate Portable Drive/KYLE_AI_DATABASE/A_CAMERA/Focal_species/Gulo gulo/HFW12-F7/DM/2016/B&W/Robust marks/02.11-01.51/IMG_3457.JPG,IMG_3457.JPG,HFW12-F7_2016_201602110151_IMG_3457.jpg,0.897642970085144,804.999267578125,329.748779296875,452.06103515625,904.098876953125,2048,1536,452,904
HFW12-F7,2016,201602110151,DM,0,/Volumes/Seagate Portable Drive/KYLE_AI_DATABASE/A_CAMERA/Focal_species/Gulo gulo/HFW12-F7/DM/2016/B&W/Robust marks/02.11-01.51/IMG_3458.JPG,IMG_3458.JPG,HFW12-F7_2016_201602110151_IMG_3458.jpg,0.9301212430000305,768.838134765625,332.69573974609375,486.724609375,914.2954711914062,2048,1536,486,914
HFW12-F7,2016,201602110151,DM,0,/Volumes/Seagate Portable Drive/KYLE_AI_DATABASE/A_CAMERA/Focal_species/Gulo gulo/HFW12-F7/DM/2016/B&W/Robust marks/02.11-01.51/IMG_3459.JPG,IMG_3459.JPG,HFW12-F7_2016_201602110151_IMG_3459.jpg,0.842479944229126,711.835693359375,330.106201171875,543.6097412109375,894.005615234375,2048,1536,543,894
HFW12-F7,2016,201602110151,DM,0,/Volumes/Seagate Portable Drive/KYLE_AI_DATABASE/A_CAMERA/Focal_species/Gulo gulo/HFW12-F7/DM/2016/B&W/Robust marks/02.11-01.51/IMG_3460.JPG,IMG_3460.JPG,HFW12-F7_2016_201602110151_IMG_3460.jpg,0.8864087462425232,752.3812255859375,335.1237487792969,494.314697265625,940.509521484375,2048,1536,494,940
HFW12-F7,2016,201602110151,DM,0,/Volumes/Seagate Portable Drive/KYLE_AI_DATABASE/A_CAMERA/Focal_species/Gulo gulo/HFW12-F7/DM/2016/B&W/Robust marks/02.11-01.51/IMG_3461.JPG,IMG_3461.JPG,HFW12-F7_2016_201602110151_IMG_3461.jpg,0.8770852088928223,755.533203125,344.38360595703125,496.7847900390625,909.5734252929688,2048,1536,496,909
HFW12-F7,2016,201602110151,DM,0,/Volumes/Seagate Portable Drive/KYLE_AI_DATABASE/A_CAMERA/Focal_species/Gulo gulo/HFW12-F7/DM/2016/B&W/Robust marks/02.11-01.51/IMG_3462.JPG,IMG_3462.JPG,HFW12-F7_2016_201602110151_IMG_3462.jpg,0.8875038027763367,713.491455078125,336.4587707519531,538.200439453125,920.6407470703125,2048,1536,538,920
HFW12-F7,2016,201602110151,DM,0,/Volumes/Seagate Portable Drive/KYLE_AI_DATABASE/A_CAMERA/Focal_species/Gulo gulo/HFW12-F7/DM/2016/B&W/Robust marks/02.11-01.51/IMG_3463.JPG,IMG_3463.JPG,HFW12-F7_2016_201602110151_IMG_3463.jpg,0.8838224411010742,666.6766357421875,333.5430908203125,589.427978515625,904.2359619140625,2048,1536,589,904
HFW12-F7,2016,201602110151,DM,0,/Volumes/Seagate Portable Drive/KYLE_AI_DATABASE/A_CAMERA/Focal_species/Gulo gulo/HFW12-F7/DM/2016/B&W/Robust marks/02.11-01.51/IMG_3464.JPG,IMG_3464.JPG,HFW12-F7_2016_201602110151_IMG_3464.jpg,0.8963063359260559,705.302490234375,336.35028076171875,553.2694091796875,901.7122192382812,2048,1536,553,901
HFW12-F7,2016,201602110151,DM,0,/Volumes/Seagate Portable Drive/KYLE_AI_DATABASE/A_CAMERA/Focal_species/Gulo gulo/HFW12-F7/DM/2016/B&W/Robust marks/02.11-01.51/IMG_3465.JPG,IMG_3465.JPG,HFW12-F7_2016_201602110151_IMG_3465.jpg,0.8898340463638306,720.4779052734375,339.5990295410156,538.4290771484375,906.6802978515625,2048,1536,538,906
HFW12-F7,2016,201602110151,DM,0,/Volumes/Seagate Portable Drive/KYLE_AI_DATABASE/A_CAMERA/Focal_species/Gulo gulo/HFW12-F7/DM/2016/B&W/Robust marks/02.11-01.51/IMG_3466.JPG,IMG_3466.JPG,HFW12-F7_2016_201602110151_IMG_3466.jpg,0.919023334980011,741.81787109375,328.716796875,499.61083984375,938.2745361328125,2048,1536,499,938
HFW12-F7,2016,201602110151,DM,0,/Volumes/Seagate Portable Drive/KYLE_AI_DATABASE/A_CAMERA/Focal_species/Gulo gulo/HFW12-F7/DM/2016/B&W/Robust marks/02.11-01.51/IMG_3467.JPG,IMG_3467.JPG,HFW12-F7_2016_201602110151_IMG_3467.jpg,0.9000140428543091,748.8109130859375,340.84124755859375,494.80419921875,918.4473266601562,2048,1536,494,918
HFW12-F7,2016,201602110151,DM,0,/Volumes/Seagate Portable Drive/KYLE_AI_DATABASE/A_CAMERA/Focal_species/Gulo gulo/HFW12-F7/DM/2016/B&W/Robust marks/02.11-01.51/IMG_3468.JPG,IMG_3468.JPG,HFW12-F7_2016_201602110151_IMG_3468.jpg,0.927141010761261,763.4221801757812,340.1297607421875,481.04425048828125,902.571533203125,2048,1536,481,902
HFW12-F7,2016,201602110151,DM,0,/Volumes/Seagate Portable Drive/KYLE_AI_DATABASE/A_CAMERA/Focal_species/Gulo gulo/HFW12-F7/DM/2016/B&W/Robust marks/02.11-01.51/IMG_3469.JPG,IMG_3469.JPG,HFW12-F7_2016_201602110151_IMG_3469.jpg,0.9345945715904236,765.476318359375,331.0621337890625,494.6585693359375,865.8519287109375,2048,1536,494,865
HFW12-F7,2016,201602110151,DM,0,/Volumes/Seagate Portable Drive/KYLE_AI_DATABASE/A_CAMERA/Focal_species/Gulo gulo/HFW12-F7/DM/2016/B&W/Robust marks/02.11-01.51/IMG_3470.JPG,IMG_3470.JPG,HFW12-F7_2016_201602110151_IMG_3470.jpg,0.9039267301559448,744.4447021484375,333.5149841308594,496.33056640625,916.259521484375,2048,1536,496,916
HFW12-F7,2016,201602110151,DM,0,/Volumes/Seagate Portable Drive/KYLE_AI_DATABASE/A_CAMERA/Focal_species/Gulo gulo/HFW12-F7/DM/2016/B&W/Robust marks/02.11-01.51/IMG_3471.JPG,IMG_3471.JPG,HFW12-F7_2016_201602110151_IMG_3471.jpg,0.9296234846115112,737.2055053710938,330.2376708984375,509.94512939453125,957.9561767578125,2048,1536,509,957
HFW12-F7,2016,201602110151,DM,0,/Volumes/Seagate Portable Drive/KYLE_AI_DATABASE/A_CAMERA/Focal_species/Gulo gulo/HFW12-F7/DM/2016/B&W/Robust marks/02.11-01.51/IMG_3472.JPG,IMG_3472.JPG,HFW12-F7_2016_201602110151_IMG_3472.jpg,0.906192421913147,716.8229370117188,357.4515380859375,528.1179809570312,920.6761474609375,2048,1536,528,920
HFW12-F7,2016,201602110151,DM,0,/Volumes/Seagate Portable Drive/KYLE_AI_DATABASE/A_CAMERA/Focal_species/Gulo gulo/HFW12-F7/DM/2016/B&W/Robust marks/02.11-01.51/IMG_3474.JPG,IMG_3474.JPG,HFW12-F7_2016_201602110151_IMG_3474.jpg,0.9123460054397583,762.8430786132812,309.16436767578125,486.12396240234375,933.5859985351562,2048,1536,486,933
HFW12-F7,2016,201602110151,DM,0,/Volumes/Seagate Portable Drive/KYLE_AI_DATABASE/A_CAMERA/Focal_species/Gulo gulo/HFW12-F7/DM/2016/B&W/Robust marks/02.11-01.51/IMG_3475.JPG,IMG_3475.JPG,HFW12-F7_2016_201602110151_IMG_3475.jpg,0.9063270688056946,761.6983032226562,309.2463684082031,488.30755615234375,950.8134765625,2048,1536,488,950
HFW12-F7,2016,201602110151,DM,0,/Volumes/Seagate Portable Drive/KYLE_AI_DATABASE/A_CAMERA/Focal_species/Gulo gulo/HFW12-F7/DM/2016/B&W/Robust marks/02.11-01.51/IMG_3476.JPG,IMG_3476.JPG,HFW12-F7_2016_201602110151_IMG_3476.jpg,0.916328489780426,707.5743408203125,324.439208984375,538.047607421875,902.607177734375,2048,1536,538,902
HFW12-F7,2016,201602110151,DM,0,/Volumes/Seagate Portable Drive/KYLE_AI_DATABASE/A_CAMERA/Focal_species/Gulo gulo/HFW12-F7/DM/2016/B&W/Robust marks/02.11-01.51/IMG_3477.JPG,IMG_3477.JPG,HFW12-F7_2016_201602110151_IMG_3477.jpg,0.902799665927887,687.4783935546875,323.1737060546875,554.2689208984375,896.2484130859375,2048,1536,554,896
HFW12-F7,2016,201602110151,DM,0,/Volumes/Seagate Portable Drive/KYLE_AI_DATABASE/A_CAMERA/Focal_species/Gulo gulo/HFW12-F7/DM/2016/B&W/Robust marks/02.11-01.51/IMG_3478.JPG,IMG_3478.JPG,HFW12-F7_2016_201602110151_IMG_3478.jpg,0.8931032419204712,675.681640625,326.026123046875,569.625732421875,877.271240234375,2048,1536,569,877
HFW12-F7,2016,201602110151,DM,0,/Volumes/Seagate Portable Drive/KYLE_AI_DATABASE/A_CAMERA/Focal_species/Gulo gulo/HFW12-F7/DM/2016/B&W/Robust marks/02.11-01.51/IMG_3479.JPG,IMG_3479.JPG,HFW12-F7_2016_201602110151_IMG_3479.jpg,0.928830087184906,669.9939575195312,309.6297607421875,569.5338745117188,878.1895751953125,2048,1536,569,878
HFW12-F7,2016,201602110151,DM,0,/Volumes/Seagate Portable Drive/KYLE_AI_DATABASE/A_CAMERA/Focal_species/Gulo gulo/HFW12-F7/DM/2016/B&W/Robust marks/02.11-01.51/IMG_3480.JPG,IMG_3480.JPG,HFW12-F7_2016_201602110151_IMG_3480.jpg,0.9268048405647278,672.58349609375,324.41998291015625,568.9451904296875,854.6455688476562,2048,1536,568,854
HFW12-F7,2016,201602110151,DM,0,/Volumes/Seagate Portable Drive/KYLE_AI_DATABASE/A_CAMERA/Focal_species/Gulo gulo/HFW12-F7/DM/2016/B&W/Robust marks/02.11-01.51/IMG_3481.JPG,IMG_3481.JPG,HFW12-F7_2016_201602110151_IMG_3481.jpg,0.9087103605270386,715.8156127929688,328.5406494140625,526.2852172851562,889.4305419921875,2048,1536,526,889
HFW12-F7,2016,201602110151,DM,0,/Volumes/Seagate Portable Drive/KYLE_AI_DATABASE/A_CAMERA/Focal_species/Gulo gulo/HFW12-F7/DM/2016/B&W/Robust marks/02.11-01.51/IMG_3482.JPG,IMG_3482.JPG,HFW12-F7_2016_201602110151_IMG_3482.jpg,0.8775906562805176,707.0032958984375,327.60003662109375,536.4561767578125,897.0877075195312,2048,1536,536,897
HFW12-F7,2016,201602110151,DM,0,/Volumes/Seagate Portable Drive/KYLE_AI_DATABASE/A_CAMERA/Focal_species/Gulo gulo/HFW12-F7/DM/2016/B&W/Robust marks/02.11-01.51/IMG_3483.JPG,IMG_3483.JPG,HFW12-F7_2016_201602110151_IMG_3483.jpg,0.9339715242385864,702.5777587890625,327.35498046875,563.3460693359375,901.4521484375,2048,1536,563,901
HFW12-F7,2016,201602110151,DM,0,/Volumes/Seagate Portable Drive/KYLE_AI_DATABASE/A_CAMERA/Focal_species/Gulo gulo/HFW12-F7/DM/2016/B&W/Robust marks/02.11-01.51/IMG_3484.JPG,IMG_3484.JPG,HFW12-F7_2016_201602110151_IMG_3484.jpg,0.9035972952842712,747.7319946289062,324.3134765625,506.08880615234375,902.916015625,2048,1536,506,902
HFW12-F7,2016,201602110151,DM,0,/Volumes/Seagate Portable Drive/KYLE_AI_DATABASE/A_CAMERA/Focal_species/Gulo gulo/HFW12-F7/DM/2016/B&W/Robust marks/02.11-01.51/IMG_3485.JPG,IMG_3485.JPG,HFW12-F7_2016_201602110151_IMG_3485.jpg,0.9250437021255493,736.5906982421875,328.52227783203125,520.5228271484375,904.4979858398438,2048,1536,520,904
HFW12-F7,2016,201602110151,DM,0,/Volumes/Seagate Portable Drive/KYLE_AI_DATABASE/A_CAMERA/Focal_species/Gulo gulo/HFW12-F7/DM/2016/B&W/Robust marks/02.11-01.51/IMG_3486.JPG,IMG_3486.JPG,HFW12-F7_2016_201602110151_IMG_3486.jpg,0.9142228364944458,724.4384155273438,321.37518310546875,522.5130004882812,896.8909301757812,2048,1536,522,896
HFW12-F7,2016,201602110151,DM,0,/Volumes/Seagate Portable Drive/KYLE_AI_DATABASE/A_CAMERA/Focal_species/Gulo gulo/HFW12-F7/DM/2016/B&W/Robust marks/02.11-01.51/IMG_3487.JPG,IMG_3487.JPG,HFW12-F7_2016_201602110151_IMG_3487.jpg,0.8560758829116821,728.312255859375,314.7515869140625,532.4935302734375,913.9962158203125,2048,1536,532,913
HFW12-F7,2016,201602110151,DM,0,/Volumes/Seagate Portable Drive/KYLE_AI_DATABASE/A_CAMERA/Focal_species/Gulo gulo/HFW12-F7/DM/2016/B&W/Robust marks/02.11-01.51/IMG_3488.JPG,IMG_3488.JPG,HFW12-F7_2016_201602110151_IMG_3488.jpg,0.9059185981750488,726.7803955078125,322.4578857421875,540.9859619140625,898.3397216796875,2048,1536,540,898
HFW12-F7,2016,201602110151,DM,0,/Volumes/Seagate Portable Drive/KYLE_AI_DATABASE/A_CAMERA/Focal_species/Gulo gulo/HFW12-F7/DM/2016/B&W/Robust marks/02.11-01.51/IMG_3489.JPG,IMG_3489.JPG,HFW12-F7_2016_201602110151_IMG_3489.jpg,0.8895694613456726,725.4800415039062,49.499359130859375,550.2472534179688,1184.412109375,2048,1536,550,1184
HFW12-F7,2016,201602110151,DM,0,/Volumes/Seagate Portable Drive/KYLE_AI_DATABASE/A_CAMERA/Focal_species/Gulo gulo/HFW12-F7/DM/2016/B&W/Robust marks/02.11-01.51/IMG_3490.JPG,IMG_3490.JPG,HFW12-F7_2016_201602110151_IMG_3490.jpg,0.9391891360282898,736.588623046875,317.36395263671875,572.161376953125,1007.5855102539062,2048,1536,572,1007
HFW12-F7,2016,201602110151,DM,0,/Volumes/Seagate Portable Drive/KYLE_AI_DATABASE/A_CAMERA/Focal_species/Gulo gulo/HFW12-F7/DM/2016/B&W/Robust marks/02.11-01.51/IMG_3491.JPG,IMG_3491.JPG,HFW12-F7_2016_201602110151_IMG_3491.jpg,0.9270089864730835,1012.6423950195312,404.0753173828125,371.10882568359375,941.2166748046875,2048,1536,371,941
HFW12-F7,2016,201602110151,DM,0,/Volumes/Seagate Portable Drive/KYLE_AI_DATABASE/A_CAMERA/Focal_species/Gulo gulo/HFW12-F7/DM/2016/B&W/Robust marks/02.11-01.51/IMG_3492.JPG,IMG_3492.JPG,HFW12-F7_2016_201602110151_IMG_3492.jpg,0.9276469349861145,973.2898559570312,502.11163330078125,407.92572021484375,869.2233276367188,2048,1536,407,869
HFW12-F7,2016,201602110151,DM,0,/Volumes/Seagate Portable Drive/KYLE_AI_DATABASE/A_CAMERA/Focal_species/Gulo gulo/HFW12-F7/DM/2016/B&W/Robust marks/02.11-01.51/IMG_3496.JPG,IMG_3496.JPG,HFW12-F7_2016_201602110151_IMG_3496.jpg,0.8843641877174377,1022.53173828125,441.4009094238281,427.6298828125,866.8804931640625,2048,1536,427,866
HFW12-F7,2016,201602110151,DM,0,/Volumes/Seagate Portable Drive/KYLE_AI_DATABASE/A_CAMERA/Focal_species/Gulo gulo/HFW12-F7/DM/2016/B&W/Robust marks/02.11-01.51/IMG_3499.JPG,IMG_3499.JPG,HFW12-F7_2016_201602110151_IMG_3499.jpg,0.8376376032829285,1023.6660766601562,421.50311279296875,426.86114501953125,942.9678344726562,2048,1536,426,942
HFW12-F7,2016,201602110151,DM,0,/Volumes/Seagate Portable Drive/KYLE_AI_DATABASE/A_CAMERA/Focal_species/Gulo gulo/HFW12-F7/DM/2016/B&W/Robust marks/02.11-01.51/IMG_3500.JPG,IMG_3500.JPG,HFW12-F7_2016_201602110151_IMG_3500.jpg,0.9439403414726257,1028.2774658203125,404.7869873046875,420.58447265625,885.3663330078125,2048,1536,420,885
HFW12-F7,2016,201602110151,DM,0,/Volumes/Seagate Portable Drive/KYLE_AI_DATABASE/A_CAMERA/Focal_species/Gulo gulo/HFW12-F7/DM/2016/B&W/Robust marks/02.11-01.51/IMG_3501.JPG,IMG_3501.JPG,HFW12-F7_2016_201602110151_IMG_3501.jpg,0.8119679093360901,997.152099609375,429.4931640625,444.37939453125,887.4442138671875,2048,1536,444,887
HFW12-F7,2016,201602110151,DM,0,/Volumes/Seagate Portable Drive/KYLE_AI_DATABASE/A_CAMERA/Focal_species/Gulo gulo/HFW12-F7/DM/2016/B&W/Robust marks/02.11-01.51/IMG_3503.JPG,IMG_3503.JPG,HFW12-F7_2016_201602110151_IMG_3503.jpg,0.9351362586021423,1039.3331298828125,388.837646484375,479.889404296875,853.98046875,2048,1536,479,853
HFW12-F7,2016,201602110151,DM,0,/Volumes/Seagate Portable Drive/KYLE_AI_DATABASE/A_CAMERA/Focal_species/Gulo gulo/HFW12-F7/DM/2016/B&W/Robust marks/02.11-01.51/IMG_3507.JPG,IMG_3507.JPG,HFW12-F7_2016_201602110151_IMG_3507.jpg,0.925199568271637,983.5277709960938,455.28643798828125,414.12774658203125,857.9757690429688,2048,1536,414,857
HFW12-F7,2016,201602110151,DM,0,/Volumes/Seagate Portable Drive/KYLE_AI_DATABASE/A_CAMERA/Focal_species/Gulo gulo/HFW12-F7/DM/2016/B&W/Robust marks/02.11-01.51/IMG_3508.JPG,IMG_3508.JPG,HFW12-F7_2016_201602110151_IMG_3508.jpg,0.9161686897277832,729.8984375,441.0679931640625,631.70654296875,828.7578125,2048,1536,631,828
HFW12-F7,2016,201602110151,DM,0,/Volumes/Seagate Portable Drive/KYLE_AI_DATABASE/A_CAMERA/Focal_species/Gulo gulo/HFW12-F7/DM/2016/B&W/Robust marks/02.11-01.51/IMG_3509.JPG,IMG_3509.JPG,HFW12-F7_2016_201602110151_IMG_3509.jpg,0.863271951675415,808.6260986328125,451.3642272949219,600.531982421875,886.824951171875,2048,1536,600,886
HFW12-F7,2016,201602110151,DM,0,/Volumes/Seagate Portable Drive/KYLE_AI_DATABASE/A_CAMERA/Focal_species/Gulo gulo/HFW12-F7/DM/2016/B&W/Robust marks/02.11-01.51/IMG_3510.JPG,IMG_3510.JPG,HFW12-F7_2016_201602110151_IMG_3510.jpg,0.9165952205657959,903.838134765625,443.25848388671875,528.113037109375,808.4443969726562,2048,1536,528,808
HFW12-F7,2016,201602110151,DM,0,/Volumes/Seagate Portable Drive/KYLE_AI_DATABASE/A_CAMERA/Focal_species/Gulo gulo/HFW12-F7/DM/2016/B&W/Robust marks/02.11-01.51/IMG_3511.JPG,IMG_3511.JPG,HFW12-F7_2016_201602110151_IMG_3511.jpg,0.8673064708709717,919.9894409179688,418.83538818359375,550.8540649414062,906.5232543945312,2048,1536,550,906
HFW12-F7,2016,201602110151,DM,0,/Volumes/Seagate Portable Drive/KYLE_AI_DATABASE/A_CAMERA/Focal_species/Gulo gulo/HFW12-F7/DM/2016/B&W/Robust marks/02.11-01.51/IMG_3512.JPG,IMG_3512.JPG,HFW12-F7_2016_201602110151_IMG_3512.jpg,0.9048226475715637,959.3776245117188,420.7183837890625,390.43377685546875,948.1842041015625,2048,1536,390,948
HFW12-F7,2016,201602110151,DM,0,/Volumes/Seagate Portable Drive/KYLE_AI_DATABASE/A_CAMERA/Focal_species/Gulo gulo/HFW12-F7/DM/2016/B&W/Robust marks/02.11-01.51/IMG_3513.JPG,IMG_3513.JPG,HFW12-F7_2016_201602110151_IMG_3513.jpg,0.8476715087890625,864.0267944335938,478.6063232421875,452.27447509765625,889.4156494140625,2048,1536,452,889
HFW12-F7,2016,201602110151,DM,0,/Volumes/Seagate Portable Drive/KYLE_AI_DATABASE/A_CAMERA/Focal_species/Gulo gulo/HFW12-F7/DM/2016/B&W/Robust marks/02.11-01.51/IMG_3515.JPG,IMG_3515.JPG,HFW12-F7_2016_201602110151_IMG_3515.jpg,0.8983973264694214,840.9520263671875,449.31964111328125,618.541015625,786.3302612304688,2048,1536,618,786
HFW12-F7,2016,201602110151,DM,0,/Volumes/Seagate Portable Drive/KYLE_AI_DATABASE/A_CAMERA/Focal_species/Gulo gulo/HFW12-F7/DM/2016/B&W/Robust marks/02.11-01.51/IMG_3516.JPG,IMG_3516.JPG,HFW12-F7_2016_201602110151_IMG_3516.jpg,0.8771699666976929,1024.577392578125,450.0678405761719,428.666015625,845.031494140625,2048,1536,428,845
HFW12-F7,2016,201602110151,DM,0,/Volumes/Seagate Portable Drive/KYLE_AI_DATABASE/A_CAMERA/Focal_species/Gulo gulo/HFW12-F7/DM/2016/B&W/Robust marks/02.11-01.51/IMG_3517.JPG,IMG_3517.JPG,HFW12-F7_2016_201602110151_IMG_3517.jpg,0.8020382523536682,516.0502319335938,456.6058349609375,918.0986938476562,978.8416748046875,2048,1536,918,978
HFW12-F7,2016,201602110151,DM,0,/Volumes/Seagate Portable Drive/KYLE_AI_DATABASE/A_CAMERA/Focal_species/Gulo gulo/HFW12-F7/DM/2016/B&W/Robust marks/02.11-01.51/IMG_3519.JPG,IMG_3519.JPG,HFW12-F7_2016_201602110151_IMG_3519.jpg,0.893372118473053,1038.9151611328125,463.21258544921875,393.01708984375,860.2883911132812,2048,1536,393,860
HFW12-F7,2016,201602110151,DM,0,/Volumes/Seagate Portable Drive/KYLE_AI_DATABASE/A_CAMERA/Focal_species/Gulo gulo/HFW12-F7/DM/2016/B&W/Robust marks/02.11-01.51/IMG_3521.JPG,IMG_3521.JPG,HFW12-F7_2016_201602110151_IMG_3521.jpg,0.8680684566497803,836.623291015625,410.3053894042969,626.3701171875,946.6497802734375,2048,1536,626,946
HFW12-F7,2016,201602110151,DM,0,/Volumes/Seagate Portable Drive/KYLE_AI_DATABASE/A_CAMERA/Focal_species/Gulo gulo/HFW12-F7/DM/2016/B&W/Robust marks/02.11-01.51/IMG_3522.JPG,IMG_3522.JPG,HFW12-F7_2016_201602110151_IMG_3522.jpg,0.8613283634185791,1054.310791015625,312.27618408203125,392.75732421875,1061.760009765625,2048,1536,392,1061
HFW12-F7,2016,201602110151,DM,0,/Volumes/Seagate Portable Drive/KYLE_AI_DATABASE/A_CAMERA/Focal_species/Gulo gulo/HFW12-F7/DM/2016/B&W/Robust marks/02.11-01.51/IMG_3523.JPG,IMG_3523.JPG,HFW12-F7_2016_201602110151_IMG_3523.jpg,0.8731544017791748,873.023681640625,452.73382568359375,519.89501953125,889.4609985351562,2048,1536,519,889
HFW12-F7,2016,201602110151,DM,0,/Volumes/Seagate Portable Drive/KYLE_AI_DATABASE/A_CAMERA/Focal_species/Gulo gulo/HFW12-F7/DM/2016/B&W/Robust marks/02.11-01.51/IMG_3524.JPG,IMG_3524.JPG,HFW12-F7_2016_201602110151_IMG_3524.jpg,0.934232771396637,848.656005859375,447.980712890625,543.980712890625,937.2099609375,2048,1536,543,937
HFW12-F7,2016,201602110151,DM,0,/Volumes/Seagate Portable Drive/KYLE_AI_DATABASE/A_CAMERA/Focal_species/Gulo gulo/HFW12-F7/DM/2016/B&W/Robust marks/02.11-01.51/IMG_3525.JPG,IMG_3525.JPG,HFW12-F7_2016_201602110151_IMG_3525.jpg,0.872245728969574,903.218017578125,489.87896728515625,492.833251953125,847.9470825195312,2048,1536,492,847
HFW12-F7,2016,201602110151,DM,0,/Volumes/Seagate Portable Drive/KYLE_AI_DATABASE/A_CAMERA/Focal_species/Gulo gulo/HFW12-F7/DM/2016/B&W/Robust marks/02.11-01.51/IMG_3526.JPG,IMG_3526.JPG,HFW12-F7_2016_201602110151_IMG_3526.jpg,0.9135567545890808,900.056640625,472.04522705078125,488.640380859375,877.6718139648438,2048,1536,488,877
HFW12-F7,2016,201602110151,DM,0,/Volumes/Seagate Portable Drive/KYLE_AI_DATABASE/A_CAMERA/Focal_species/Gulo gulo/HFW12-F7/DM/2016/B&W/Robust marks/02.11-01.51/IMG_3527.JPG,IMG_3527.JPG,HFW12-F7_2016_201602110151_IMG_3527.jpg,0.8108228445053101,841.4813232421875,505.41510009765625,563.7099609375,848.4486694335938,2048,1536,563,848
HFW12-F7,2016,201602110151,DM,0,/Volumes/Seagate Portable Drive/KYLE_AI_DATABASE/A_CAMERA/Focal_species/Gulo gulo/HFW12-F7/DM/2016/B&W/Robust marks/02.11-01.51/IMG_3528.JPG,IMG_3528.JPG,HFW12-F7_2016_201602110151_IMG_3528.jpg,0.8936681151390076,985.3832397460938,469.93768310546875,436.09967041015625,897.8356323242188,2048,1536,436,897
HFW12-F7,2016,201602110151,DM,0,/Volumes/Seagate Portable Drive/KYLE_AI_DATABASE/A_CAMERA/Focal_species/Gulo gulo/HFW12-F7/DM/2016/B&W/Robust marks/02.11-01.51/IMG_3529.JPG,IMG_3529.JPG,HFW12-F7_2016_201602110151_IMG_3529.jpg,0.8705872893333435,813.4854736328125,466.39739990234375,517.870361328125,904.9832153320312,2048,1536,517,904
HFW12-F7,2016,201602110151,DM,0,/Volumes/Seagate Portable Drive/KYLE_AI_DATABASE/A_CAMERA/Focal_species/Gulo gulo/HFW12-F7/DM/2016/B&W/Robust marks/02.11-01.51/IMG_3530.JPG,IMG_3530.JPG,HFW12-F7_2016_201602110151_IMG_3530.jpg,0.883030354976654,908.1614990234375,333.6979064941406,341.6220703125,1019.7149658203125,2048,1536,341,1019
HFW12-F7,2016,201602110151,DM,0,/Volumes/Seagate Portable Drive/KYLE_AI_DATABASE/A_CAMERA/Focal_species/Gulo gulo/HFW12-F7/DM/2016/B&W/Robust marks/02.11-01.51/IMG_3531.JPG,IMG_3531.JPG,HFW12-F7_2016_201602110151_IMG_3531.jpg,0.9077877402305603,636.25,325.1976318359375,591.5936279296875,959.3897705078125,2048,1536,591,959
HFW12-F7,2016,201602110151,DM,0,/Volumes/Seagate Portable Drive/KYLE_AI_DATABASE/A_CAMERA/Focal_species/Gulo gulo/HFW12-F7/DM/2016/B&W/Robust marks/02.11-01.51/IMG_3532.JPG,IMG_3532.JPG,HFW12-F7_2016_201602110151_IMG_3532.jpg,0.9116297364234924,699.6444091796875,343.98486328125,522.6474609375,954.6925048828125,2048,1536,522,954
HFW12-F7,2016,201602110151,DM,0,/Volumes/Seagate Portable Drive/KYLE_AI_DATABASE/A_CAMERA/Focal_species/Gulo gulo/HFW12-F7/DM/2016/B&W/Robust marks/02.11-01.51/IMG_3533.JPG,IMG_3533.JPG,HFW12-F7_2016_201602110151_IMG_3533.jpg,0.9172719717025757,757.18994140625,361.2764892578125,466.046875,930.118408203125,2048,1536,466,930
HFW12-F7,2016,201602110151,DM,0,/Volumes/Seagate Portable Drive/KYLE_AI_DATABASE/A_CAMERA/Focal_species/Gulo gulo/HFW12-F7/DM/2016/B&W/Robust marks/02.11-01.51/IMG_3534.JPG,IMG_3534.JPG,HFW12-F7_2016_201602110151_IMG_3534.jpg,0.910154402256012,720.6499633789062,348.11590576171875,507.07867431640625,941.7478637695312,2048,1536,507,941
HFW12-F7,2016,201602110151,DM,0,/Volumes/Seagate Portable Drive/KYLE_AI_DATABASE/A_CAMERA/Focal_species/Gulo gulo/HFW12-F7/DM/2016/B&W/Robust marks/02.11-01.51/IMG_3535.JPG,IMG_3535.JPG,HFW12-F7_2016_201602110151_IMG_3535.jpg,0.9226288795471191,644.3248291015625,333.5971984863281,586.9775390625,945.7987060546875,2048,1536,586,945
HFW12-F7,2016,201602110151,DM,0,/Volumes/Seagate Portable Drive/KYLE_AI_DATABASE/A_CAMERA/Focal_species/Gulo gulo/HFW12-F7/DM/2016/B&W/Robust marks/02.11-01.51/IMG_3536.JPG,IMG_3536.JPG,HFW12-F7_2016_201602110151_IMG_3536.jpg,0.9407077431678772,635.8007202148438,349.40960693359375,590.2175903320312,877.8657836914062,2048,1536,590,877
HFW12-F7,2016,201602110151,DM,0,/Volumes/Seagate Portable Drive/KYLE_AI_DATABASE/A_CAMERA/Focal_species/Gulo gulo/HFW12-F7/DM/2016/B&W/Robust marks/02.11-01.51/IMG_3537.JPG,IMG_3537.JPG,HFW12-F7_2016_201602110151_IMG_3537.jpg,0.8164772391319275,640.465576171875,345.7596130371094,572.250732421875,922.5516357421875,2048,1536,572,922
HFW12-F7,2016,201602110151,DM,0,/Volumes/Seagate Portable Drive/KYLE_AI_DATABASE/A_CAMERA/Focal_species/Gulo gulo/HFW12-F7/DM/2016/B&W/Robust marks/02.11-01.51/IMG_3539.JPG,IMG_3539.JPG,HFW12-F7_2016_201602110151_IMG_3539.jpg,0.9079412221908569,861.3616943359375,334.14837646484375,361.18798828125,949.1880493164062,2048,1536,361,949
HFW12-F7,2016,201602110151,DM,0,/Volumes/Seagate Portable Drive/KYLE_AI_DATABASE/A_CAMERA/Focal_species/Gulo gulo/HFW12-F7/DM/2016/B&W/Robust marks/02.11-01.51/IMG_3540.JPG,IMG_3540.JPG,HFW12-F7_2016_201602110151_IMG_3540.jpg,0.9250961542129517,923.1475830078125,347.0435485839844,306.315185546875,930.634033203125,2048,1536,306,930
HFW12-F7,2016,201602110151,DM,0,/Volumes/Seagate Portable Drive/KYLE_AI_DATABASE/A_CAMERA/Focal_species/Gulo gulo/HFW12-F7/DM/2016/B&W/Robust marks/02.11-01.51/IMG_3541.JPG,IMG_3541.JPG,HFW12-F7_2016_201602110151_IMG_3541.jpg,0.9180636405944824,763.9259033203125,339.9754943847656,494.95849609375,870.6903076171875,2048,1536,494,870
HFW12-F7,2016,201602110151,DM,0,/Volumes/Seagate Portable Drive/KYLE_AI_DATABASE/A_CAMERA/Focal_species/Gulo gulo/HFW12-F7/DM/2016/B&W/Robust marks/02.11-01.51/IMG_3542.JPG,IMG_3542.JPG,HFW12-F7_2016_201602110151_IMG_3542.jpg,0.924950361251831,853.261474609375,353.0887756347656,388.44140625,885.45654296875,2048,1536,388,885
HFW12-F7,2016,201602110151,DM,0,/Volumes/Seagate Portable Drive/KYLE_AI_DATABASE/A_CAMERA/Focal_species/Gulo gulo/HFW12-F7/DM/2016/B&W/Robust marks/02.11-01.51/IMG_3543.JPG,IMG_3543.JPG,HFW12-F7_2016_201602110151_IMG_3543.jpg,0.91905677318573,861.1463623046875,329.8023376464844,388.029296875,928.36376953125,2048,1536,388,928
HFW12-F7,2016,201602110151,DM,0,/Volumes/Seagate Portable Drive/KYLE_AI_DATABASE/A_CAMERA/Focal_species/Gulo gulo/HFW12-F7/DM/2016/B&W/Robust marks/02.11-01.51/IMG_3544.JPG,IMG_3544.JPG,HFW12-F7_2016_201602110151_IMG_3544.jpg,0.9149889945983887,818.7734985351562,367.08233642578125,429.78411865234375,876.1586303710938,2048,1536,429,876
HFW12-F7,2016,201602110151,DM,0,/Volumes/Seagate Portable Drive/KYLE_AI_DATABASE/A_CAMERA/Focal_species/Gulo gulo/HFW12-F7/DM/2016/B&W/Robust marks/02.11-01.51/IMG_3545.JPG,IMG_3545.JPG,HFW12-F7_2016_201602110151_IMG_3545.jpg,0.9337344765663147,773.148193359375,325.7097473144531,482.060302734375,908.8970947265625,2048,1536,482,908
HFW12-F7,2016,201602110151,DM,0,/Volumes/Seagate Portable Drive/KYLE_AI_DATABASE/A_CAMERA/Focal_species/Gulo gulo/HFW12-F7/DM/2016/B&W/Robust marks/02.11-01.51/IMG_3546.JPG,IMG_3546.JPG,HFW12-F7_2016_201602110151_IMG_3546.jpg,0.9150990843772888,744.7808837890625,334.63385009765625,511.119873046875,889.4750366210938,2048,1536,511,889
HFW12-F7,2016,201602110151,DM,0,/Volumes/Seagate Portable Drive/KYLE_AI_DATABASE/A_CAMERA/Focal_species/Gulo gulo/HFW12-F7/DM/2016/B&W/Robust marks/02.11-01.51/IMG_3547.JPG,IMG_3547.JPG,HFW12-F7_2016_201602110151_IMG_3547.jpg,0.9261789321899414,734.728271484375,324.88714599609375,519.5316162109375,877.7114868164062,2048,1536,519,877
HFW12-F7,2016,201602110151,DM,0,/Volumes/Seagate Portable Drive/KYLE_AI_DATABASE/A_CAMERA/Focal_species/Gulo gulo/HFW12-F7/DM/2016/B&W/Robust marks/02.11-01.51/IMG_3548.JPG,IMG_3548.JPG,HFW12-F7_2016_201602110151_IMG_3548.jpg,0.9069588780403137,752.93603515625,324.64898681640625,489.9180908203125,896.1061401367188,2048,1536,489,896
HFW12-F7,2016,201602110151,DM,0,/Volumes/Seagate Portable Drive/KYLE_AI_DATABASE/A_CAMERA/Focal_species/Gulo gulo/HFW12-F7/DM/2016/B&W/Robust marks/02.11-01.51/IMG_3549.JPG,IMG_3549.JPG,HFW12-F7_2016_201602110151_IMG_3549.jpg,0.9097423553466797,840.3868408203125,336.0302734375,396.086669921875,901.1689453125,2048,1536,396,901
HFW12-F7,2016,201602110151,DM,0,/Volumes/Seagate Portable Drive/KYLE_AI_DATABASE/A_CAMERA/Focal_species/Gulo gulo/HFW12-F7/DM/2016/B&W/Robust marks/02.11-01.51/IMG_3550.JPG,IMG_3550.JPG,HFW12-F7_2016_201602110151_IMG_3550.jpg,0.927765429019928,802.97119140625,332.5150146484375,420.2244873046875,953.0501708984375,2048,1536,420,953
HFW12-F7,2016,201602110151,DM,0,/Volumes/Seagate Portable Drive/KYLE_AI_DATABASE/A_CAMERA/Focal_species/Gulo gulo/HFW12-F7/DM/2016/B&W/Robust marks/02.11-01.51/IMG_3551.JPG,IMG_3551.JPG,HFW12-F7_2016_201602110151_IMG_3551.jpg,0.9046286344528198,736.3839111328125,340.3956298828125,486.5799560546875,884.0814208984375,2048,1536,486,884
HFW12-F7,2016,201602110151,DM,0,/Volumes/Seagate Portable Drive/KYLE_AI_DATABASE/A_CAMERA/Focal_species/Gulo gulo/HFW12-F7/DM/2016/B&W/Robust marks/02.11-01.51/IMG_3552.JPG,IMG_3552.JPG,HFW12-F7_2016_201602110151_IMG_3552.jpg,0.9225286841392517,851.34912109375,336.0002746582031,377.099365234375,885.5760498046875,2048,1536,377,885
HFW12-F7,2016,201602110151,DM,0,/Volumes/Seagate Portable Drive/KYLE_AI_DATABASE/A_CAMERA/Focal_species/Gulo gulo/HFW12-F7/DM/2016/B&W/Robust marks/02.11-01.51/IMG_3553.JPG,IMG_3553.JPG,HFW12-F7_2016_201602110151_IMG_3553.jpg,0.8677910566329956,819.15380859375,382.3427734375,409.794921875,934.044921875,2048,1536,409,934
HFW12-F7,2016,201602110151,DM,0,/Volumes/Seagate Portable Drive/KYLE_AI_DATABASE/A_CAMERA/Focal_species/Gulo gulo/HFW12-F7/DM/2016/B&W/Robust marks/02.11-01.51/IMG_3554.JPG,IMG_3554.JPG,HFW12-F7_2016_201602110151_IMG_3554.jpg,0.9314157962799072,811.9078979492188,357.25543212890625,394.38909912109375,924.4686889648438,2048,1536,394,924
HFW12-F7,2016,201602110151,DM,0,/Volumes/Seagate Portable Drive/KYLE_AI_DATABASE/A_CAMERA/Focal_species/Gulo gulo/HFW12-F7/DM/2016/B&W/Robust marks/02.11-01.51/IMG_3555.JPG,IMG_3555.JPG,HFW12-F7_2016_201602110151_IMG_3555.jpg,0.8959117531776428,771.186767578125,373.67266845703125,448.115234375,863.2842407226562,2048,1536,448,863
HFW12-F7,2016,201602110151,DM,0,/Volumes/Seagate Portable Drive/KYLE_AI_DATABASE/A_CAMERA/Focal_species/Gulo gulo/HFW12-F7/DM/2016/B&W/Robust marks/02.11-01.51/IMG_3556.JPG,IMG_3556.JPG,HFW12-F7_2016_201602110151_IMG_3556.jpg,0.9057711362838745,721.094970703125,376.075439453125,501.4918212890625,830.493408203125,2048,1536,501,830
HFW12-F7,2016,201602110151,DM,0,/Volumes/Seagate Portable Drive/KYLE_AI_DATABASE/A_CAMERA/Focal_species/Gulo gulo/HFW12-F7/DM/2016/B&W/Robust marks/02.11-01.51/IMG_3557.JPG,IMG_3557.JPG,HFW12-F7_2016_201602110151_IMG_3557.jpg,0.9006550908088684,798.6796875,370.8738098144531,416.959228515625,903.54345703125,2048,1536,416,903
HFW12-F7,2016,201602110151,DM,0,/Volumes/Seagate Portable Drive/KYLE_AI_DATABASE/A_CAMERA/Focal_species/Gulo gulo/HFW12-F7/DM/2016/B&W/Robust marks/02.11-01.51/IMG_3558.JPG,IMG_3558.JPG,HFW12-F7_2016_201602110151_IMG_3558.jpg,0.909791111946106,840.6485595703125,362.39111328125,378.39697265625,900.6722412109375,2048,1536,378,900
HFW12-F7,2016,201602110151,DM,0,/Volumes/Seagate Portable Drive/KYLE_AI_DATABASE/A_CAMERA/Focal_species/Gulo gulo/HFW12-F7/DM/2016/B&W/Robust marks/02.11-01.51/IMG_3559.JPG,IMG_3559.JPG,HFW12-F7_2016_201602110151_IMG_3559.jpg,0.8950322270393372,854.4668579101562,357.2313537597656,361.45123291015625,907.226318359375,2048,1536,361,907
HFW12-F7,2016,201602110151,DM,0,/Volumes/Seagate Portable Drive/KYLE_AI_DATABASE/A_CAMERA/Focal_species/Gulo gulo/HFW12-F7/DM/2016/B&W/Robust marks/02.11-01.51/IMG_3560.JPG,IMG_3560.JPG,HFW12-F7_2016_201602110151_IMG_3560.jpg,0.9041330814361572,845.1951904296875,367.4063720703125,361.348388671875,897.4837646484375,2048,1536,361,897
HFW12-F7,2016,201602110151,DM,0,/Volumes/Seagate Portable Drive/KYLE_AI_DATABASE/A_CAMERA/Focal_species/Gulo gulo/HFW12-F7/DM/2016/B&W/Robust marks/02.11-01.51/IMG_3561.JPG,IMG_3561.JPG,HFW12-F7_2016_201602110151_IMG_3561.jpg,0.902423620223999,810.5113525390625,367.80718994140625,396.377197265625,940.6171264648438,2048,1536,396,940
HFW12-F7,2016,201602110151,DM,0,/Volumes/Seagate Portable Drive/KYLE_AI_DATABASE/A_CAMERA/Focal_species/Gulo gulo/HFW12-F7/DM/2016/B&W/Robust marks/02.11-01.51/IMG_3562.JPG,IMG_3562.JPG,HFW12-F7_2016_201602110151_IMG_3562.jpg,0.915665864944458,853.66162109375,339.9796142578125,353.936767578125,952.2637939453125,2048,1536,353,952
HFW12-F7,2016,201602110151,DM,0,/Volumes/Seagate Portable Drive/KYLE_AI_DATABASE/A_CAMERA/Focal_species/Gulo gulo/HFW12-F7/DM/2016/B&W/Robust marks/02.11-01.51/IMG_3563.JPG,IMG_3563.JPG,HFW12-F7_2016_201602110151_IMG_3563.jpg,0.8949697613716125,843.6937866210938,390.00225830078125,367.37530517578125,937.0601196289062,2048,1536,367,937
HFW12-F7,2016,201602110151,DM,0,/Volumes/Seagate Portable Drive/KYLE_AI_DATABASE/A_CAMERA/Focal_species/Gulo gulo/HFW12-F7/DM/2016/B&W/Robust marks/02.11-01.51/IMG_3564.JPG,IMG_3564.JPG,HFW12-F7_2016_201602110151_IMG_3564.jpg,0.907103955745697,829.2573852539062,375.37646484375,383.34454345703125,948.671630859375,2048,1536,383,948
HFW12-F7,2016,201602110151,DM,0,/Volumes/Seagate Portable Drive/KYLE_AI_DATABASE/A_CAMERA/Focal_species/Gulo gulo/HFW12-F7/DM/2016/B&W/Robust marks/02.11-01.51/IMG_3565.JPG,IMG_3565.JPG,HFW12-F7_2016_201602110151_IMG_3565.jpg,0.8953570127487183,813.6578369140625,383.5584716796875,399.072021484375,933.8558349609375,2048,1536,399,933
HFW12-F7,2016,201602110151,DM,0,/Volumes/Seagate Portable Drive/KYLE_AI_DATABASE/A_CAMERA/Focal_species/Gulo gulo/HFW12-F7/DM/2016/B&W/Robust marks/02.11-01.51/IMG_3566.JPG,IMG_3566.JPG,HFW12-F7_2016_201602110151_IMG_3566.jpg,0.9019904732704163,795.6599731445312,376.6943664550781,415.93450927734375,940.7845458984375,2048,1536,415,940
HFW12-F7,2016,201602110151,DM,0,/Volumes/Seagate Portable Drive/KYLE_AI_DATABASE/A_CAMERA/Focal_species/Gulo gulo/HFW12-F7/DM/2016/B&W/Robust marks/02.11-01.51/IMG_3567.JPG,IMG_3567.JPG,HFW12-F7_2016_201602110151_IMG_3567.jpg,0.9036564230918884,807.7264404296875,384.83843994140625,404.8643798828125,926.1730346679688,2048,1536,404,926
HFW12-F7,2016,201602110151,DM,0,/Volumes/Seagate Portable Drive/KYLE_AI_DATABASE/A_CAMERA/Focal_species/Gulo gulo/HFW12-F7/DM/2016/B&W/Robust marks/02.11-01.51/IMG_3568.JPG,IMG_3568.JPG,HFW12-F7_2016_201602110151_IMG_3568.jpg,0.8367557525634766,839.982421875,374.2366943359375,373.126953125,934.7213134765625,2048,1536,373,934
HFW12-F7,2016,201602110151,DM,0,/Volumes/Seagate Portable Drive/KYLE_AI_DATABASE/A_CAMERA/Focal_species/Gulo gulo/HFW12-F7/DM/2016/B&W/Robust marks/02.11-01.51/IMG_3569.JPG,IMG_3569.JPG,HFW12-F7_2016_201602110151_IMG_3569.jpg,0.9125820994377136,867.2543334960938,385.31689453125,347.32293701171875,908.32666015625,2048,1536,347,908
HFW12-F7,2016,201602110151,DM,0,/Volumes/Seagate Portable Drive/KYLE_AI_DATABASE/A_CAMERA/Focal_species/Gulo gulo/HFW12-F7/DM/2016/B&W/Robust marks/02.11-01.51/IMG_3570.JPG,IMG_3570.JPG,HFW12-F7_2016_201602110151_IMG_3570.jpg,0.8540925979614258,834.4038696289062,379.93994140625,379.77679443359375,912.1573486328125,2048,1536,379,912
HFW12-F7,2016,201602110151,DM,0,/Volumes/Seagate Portable Drive/KYLE_AI_DATABASE/A_CAMERA/Focal_species/Gulo gulo/HFW12-F7/DM/2016/B&W/Robust marks/02.11-01.51/IMG_3571.JPG,IMG_3571.JPG,HFW12-F7_2016_201602110151_IMG_3571.jpg,0.8706978559494019,666.1983032226562,758.4260864257812,729.1161499023438,520.1105346679688,2048,1536,729,520
HFW12-F7,2016,201602110151,DM,0,/Volumes/Seagate Portable Drive/KYLE_AI_DATABASE/A_CAMERA/Focal_species/Gulo gulo/HFW12-F7/DM/2016/B&W/Robust marks/02.11-01.51/IMG_3572.JPG,IMG_3572.JPG,HFW12-F7_2016_201602110151_IMG_3572.jpg,0.8923003077507019,631.2940673828125,786.2817993164062,622.4381103515625,521.9811401367188,2048,1536,622,521
HFW12-F7,2016,201602110151,DM,0,/Volumes/Seagate Portable Drive/KYLE_AI_DATABASE/A_CAMERA/Focal_species/Gulo gulo/HFW12-F7/DM/2016/B&W/Robust marks/02.11-01.51/IMG_3573.JPG,IMG_3573.JPG,HFW12-F7_2016_201602110151_IMG_3573.jpg,0.8949689865112305,620.0048828125,787.3018798828125,648.1070556640625,494.3568115234375,2048,1536,648,494
HFW12-F7,2016,201602110151,DM,0,/Volumes/Seagate Portable Drive/KYLE_AI_DATABASE/A_CAMERA/Focal_species/Gulo gulo/HFW12-F7/DM/2016/B&W/Robust marks/02.11-01.51/IMG_3574.JPG,IMG_3574.JPG,HFW12-F7_2016_201602110151_IMG_3574.jpg,0.9120340347290039,615.29345703125,784.251708984375,682.8509521484375,511.09423828125,2048,1536,682,511
HFW12-F7,2016,201602110151,DM,0,/Volumes/Seagate Portable Drive/KYLE_AI_DATABASE/A_CAMERA/Focal_species/Gulo gulo/HFW12-F7/DM/2016/B&W/Robust marks/02.11-01.51/IMG_3575.JPG,IMG_3575.JPG,HFW12-F7_2016_201602110151_IMG_3575.jpg,0.9094016551971436,481.569091796875,774.5304565429688,795.3441162109375,405.28289794921875,2048,1536,795,405
HFW12-F7,2016,201602110151,DM,0,/Volumes/Seagate Portable Drive/KYLE_AI_DATABASE/A_CAMERA/Focal_species/Gulo gulo/HFW12-F7/DM/2016/B&W/Robust marks/02.11-01.51/IMG_3576.JPG,IMG_3576.JPG,HFW12-F7_2016_201602110151_IMG_3576.jpg,0.8108043074607849,412.922119140625,761.4307250976562,663.5421142578125,424.78021240234375,2048,1536,663,424
