id,year,ymdh,station,color,original_path,original_filename,crop_filename,confidence,bbox_x,bbox_y,bbox_width,bbox_height,image_width,image_height,crop_width,crop_height
HLC20-H3,2021,202101280657,JC,0,/Volumes/Seagate Portable Drive/KYLE_AI_DATABASE/A_CAMERA/Focal_species/Gulo gulo/HLC20-H3/JC/2021/B&W/Robust marks/01.28-06.57/RCNX1061.JPG,RCNX1061.JPG,HLC20-H3_2021_202101280657_RCNX1061.jpg,0.9134783744812012,1618.0411376953125,442.62249755859375,570.9105224609375,1609.203125,3776,2124,570,1609
HLC20-H3,2021,202101280657,JC,0,/Volumes/Seagate Portable Drive/KYLE_AI_DATABASE/A_CAMERA/Focal_species/Gulo gulo/HLC20-H3/JC/2021/B&W/Robust marks/01.28-06.57/RCNX1062.JPG,RCNX1062.JPG,HLC20-H3_2021_202101280657_RCNX1062.jpg,0.8000211119651794,1553.691162109375,689.67724609375,638.46728515625,1389.138427734375,3776,2124,638,1389
HLC20-H3,2021,202101280657,JC,0,/Volumes/Seagate Portable Drive/KYLE_AI_DATABASE/A_CAMERA/Focal_species/Gulo gulo/HLC20-H3/JC/2021/B&W/Robust marks/01.28-06.57/RCNX1063.JPG,RCNX1063.JPG,HLC20-H3_2021_202101280657_RCNX1063.jpg,0.8830885291099548,1600.39404296875,659.0181884765625,595.73095703125,1418.5177001953125,3776,2124,595,1418
HLC20-H3,2021,202101280657,JC,0,/Volumes/Seagate Portable Drive/KYLE_AI_DATABASE/A_CAMERA/Focal_species/Gulo gulo/HLC20-H3/JC/2021/B&W/Robust marks/01.28-06.57/RCNX1064.JPG,RCNX1064.JPG,HLC20-H3_2021_202101280657_RCNX1064.jpg,0.891954779624939,1587.8021240234375,693.4306640625,721.7703857421875,1371.736083984375,3776,2124,721,1371
HLC20-H3,2021,202101280657,JC,0,/Volumes/Seagate Portable Drive/KYLE_AI_DATABASE/A_CAMERA/Focal_species/Gulo gulo/HLC20-H3/JC/2021/B&W/Robust marks/01.28-06.57/RCNX1065.JPG,RCNX1065.JPG,HLC20-H3_2021_202101280657_RCNX1065.jpg,0.8402507305145264,1539.12744140625,691.5043334960938,640.165283203125,1357.420654296875,3776,2124,640,1357
HLC20-H3,2021,202101280657,JC,0,/Volumes/Seagate Portable Drive/KYLE_AI_DATABASE/A_CAMERA/Focal_species/Gulo gulo/HLC20-H3/JC/2021/B&W/Robust marks/01.28-06.57/RCNX1066.JPG,RCNX1066.JPG,HLC20-H3_2021_202101280657_RCNX1066.jpg,0.8495522737503052,1596.706787109375,469.7823791503906,600.266357421875,1465.74560546875,3776,2124,600,1465
HLC20-H3,2021,202101280657,JC,0,/Volumes/Seagate Portable Drive/KYLE_AI_DATABASE/A_CAMERA/Focal_species/Gulo gulo/HLC20-H3/JC/2021/B&W/Robust marks/01.28-06.57/RCNX1067.JPG,RCNX1067.JPG,HLC20-H3_2021_202101280657_RCNX1067.jpg,0.9141356945037842,1632.6280517578125,687.2630004882812,635.5072021484375,1278.831787109375,3776,2124,635,1278
HLC20-H3,2021,202101280657,JC,0,/Volumes/Seagate Portable Drive/KYLE_AI_DATABASE/A_CAMERA/Focal_species/Gulo gulo/HLC20-H3/JC/2021/B&W/Robust marks/01.28-06.57/RCNX1068.JPG,RCNX1068.JPG,HLC20-H3_2021_202101280657_RCNX1068.jpg,0.8972212672233582,1631.7032470703125,440.8764343261719,593.8255615234375,1606.12890625,3776,2124,593,1606
HLC20-H3,2021,202101280657,JC,0,/Volumes/Seagate Portable Drive/KYLE_AI_DATABASE/A_CAMERA/Focal_species/Gulo gulo/HLC20-H3/JC/2021/B&W/Robust marks/01.28-06.57/RCNX1069.JPG,RCNX1069.JPG,HLC20-H3_2021_202101280657_RCNX1069.jpg,0.8917085528373718,1622.4053955078125,704.088134765625,596.4451904296875,1345.3505859375,3776,2124,596,1345
HLC20-H3,2021,202101280657,JC,0,/Volumes/Seagate Portable Drive/KYLE_AI_DATABASE/A_CAMERA/Focal_species/Gulo gulo/HLC20-H3/JC/2021/B&W/Robust marks/01.28-06.57/RCNX1070.JPG,RCNX1070.JPG,HLC20-H3_2021_202101280657_RCNX1070.jpg,0.933009684085846,1641.2078857421875,512.4098510742188,593.2218017578125,1519.28662109375,3776,2124,593,1519
HLC20-H3,2021,202101280657,JC,0,/Volumes/Seagate Portable Drive/KYLE_AI_DATABASE/A_CAMERA/Focal_species/Gulo gulo/HLC20-H3/JC/2021/B&W/Robust marks/01.28-06.57/RCNX1071.JPG,RCNX1071.JPG,HLC20-H3_2021_202101280657_RCNX1071.jpg,0.8144845962524414,1629.85498046875,272.82769775390625,587.69482421875,1766.784912109375,3776,2124,587,1766
HLC20-H3,2021,202101280657,JC,0,/Volumes/Seagate Portable Drive/KYLE_AI_DATABASE/A_CAMERA/Focal_species/Gulo gulo/HLC20-H3/JC/2021/B&W/Robust marks/01.28-06.57/RCNX1072.JPG,RCNX1072.JPG,HLC20-H3_2021_202101280657_RCNX1072.jpg,0.8577040433883667,1634.245849609375,231.6795654296875,590.97216796875,1817.8519287109375,3776,2124,590,1817
HLC20-H3,2021,202101280657,JC,0,/Volumes/Seagate Portable Drive/KYLE_AI_DATABASE/A_CAMERA/Focal_species/Gulo gulo/HLC20-H3/JC/2021/B&W/Robust marks/01.28-06.57/RCNX1074.JPG,RCNX1074.JPG,HLC20-H3_2021_202101280657_RCNX1074.jpg,0.8152518272399902,1637.177001953125,340.0091857910156,592.633056640625,1700.76318359375,3776,2124,592,1700
HLC20-H3,2021,202101280657,JC,0,/Volumes/Seagate Portable Drive/KYLE_AI_DATABASE/A_CAMERA/Focal_species/Gulo gulo/HLC20-H3/JC/2021/B&W/Robust marks/01.28-06.57/RCNX1075.JPG,RCNX1075.JPG,HLC20-H3_2021_202101280657_RCNX1075.jpg,0.882679283618927,1633.2808837890625,506.40655517578125,594.9515380859375,1547.78173828125,3776,2124,594,1547
HLC20-H3,2021,202101280657,JC,0,/Volumes/Seagate Portable Drive/KYLE_AI_DATABASE/A_CAMERA/Focal_species/Gulo gulo/HLC20-H3/JC/2021/B&W/Robust marks/01.28-06.57/RCNX1077.JPG,RCNX1077.JPG,HLC20-H3_2021_202101280657_RCNX1077.jpg,0.9029470086097717,1629.439208984375,300.13421630859375,571.94873046875,1747.389404296875,3776,2124,571,1747
HLC20-H3,2021,202101280657,JC,0,/Volumes/Seagate Portable Drive/KYLE_AI_DATABASE/A_CAMERA/Focal_species/Gulo gulo/HLC20-H3/JC/2021/B&W/Robust marks/01.28-06.57/RCNX1079.JPG,RCNX1079.JPG,HLC20-H3_2021_202101280657_RCNX1079.jpg,0.8483595252037048,1634.8095703125,409.4529724121094,599.8701171875,1544.00927734375,3776,2124,599,1544
HLC20-H3,2021,202101280657,JC,0,/Volumes/Seagate Portable Drive/KYLE_AI_DATABASE/A_CAMERA/Focal_species/Gulo gulo/HLC20-H3/JC/2021/B&W/Robust marks/01.28-06.57/RCNX1080.JPG,RCNX1080.JPG,HLC20-H3_2021_202101280657_RCNX1080.jpg,0.8895212411880493,1616.2755126953125,547.568115234375,691.9539794921875,1529.951904296875,3776,2124,691,1529
HLC20-H3,2021,202101280657,JC,0,/Volumes/Seagate Portable Drive/KYLE_AI_DATABASE/A_CAMERA/Focal_species/Gulo gulo/HLC20-H3/JC/2021/B&W/Robust marks/01.28-06.57/RCNX1081.JPG,RCNX1081.JPG,HLC20-H3_2021_202101280657_RCNX1081.jpg,0.8770182728767395,1437.2615966796875,527.0437622070312,739.8712158203125,1512.313720703125,3776,2124,739,1512
HLC20-H3,2021,202101280657,JC,0,/Volumes/Seagate Portable Drive/KYLE_AI_DATABASE/A_CAMERA/Focal_species/Gulo gulo/HLC20-H3/JC/2021/B&W/Robust marks/01.28-06.57/RCNX1082.JPG,RCNX1082.JPG,HLC20-H3_2021_202101280657_RCNX1082.jpg,0.8227556347846985,1462.1549072265625,540.3819580078125,700.3114013671875,1534.7413330078125,3776,2124,700,1534
HLC20-H3,2021,202101280657,JC,0,/Volumes/Seagate Portable Drive/KYLE_AI_DATABASE/A_CAMERA/Focal_species/Gulo gulo/HLC20-H3/JC/2021/B&W/Robust marks/01.28-06.57/RCNX1083.JPG,RCNX1083.JPG,HLC20-H3_2021_202101280657_RCNX1083.jpg,0.8498666286468506,1579.4501953125,550.36865234375,600.7373046875,1528.546875,3776,2124,600,1528
HLC20-H3,2021,202101280657,JC,0,/Volumes/Seagate Portable Drive/KYLE_AI_DATABASE/A_CAMERA/Focal_species/Gulo gulo/HLC20-H3/JC/2021/B&W/Robust marks/01.28-06.57/RCNX1085.JPG,RCNX1085.JPG,HLC20-H3_2021_202101280657_RCNX1085.jpg,0.8785257339477539,1549.7689208984375,611.5669555664062,666.7598876953125,1464.783447265625,3776,2124,666,1464
HLC20-H3,2021,202101280657,JC,0,/Volumes/Seagate Portable Drive/KYLE_AI_DATABASE/A_CAMERA/Focal_species/Gulo gulo/HLC20-H3/JC/2021/B&W/Robust marks/01.28-06.57/RCNX1086.JPG,RCNX1086.JPG,HLC20-H3_2021_202101280657_RCNX1086.jpg,0.8192324042320251,1454.3680419921875,668.5327758789062,635.5413818359375,1398.111328125,3776,2124,635,1398
HLC20-H3,2021,202101280657,JC,0,/Volumes/Seagate Portable Drive/KYLE_AI_DATABASE/A_CAMERA/Focal_species/Gulo gulo/HLC20-H3/JC/2021/B&W/Robust marks/01.28-06.57/RCNX1087.JPG,RCNX1087.JPG,HLC20-H3_2021_202101280657_RCNX1087.jpg,0.8028579950332642,1573.9169921875,587.5330200195312,545.994384765625,1496.076904296875,3776,2124,545,1496
HLC20-H3,2021,202101280657,JC,0,/Volumes/Seagate Portable Drive/KYLE_AI_DATABASE/A_CAMERA/Focal_species/Gulo gulo/HLC20-H3/JC/2021/B&W/Robust marks/01.28-06.57/RCNX1088.JPG,RCNX1088.JPG,HLC20-H3_2021_202101280657_RCNX1088.jpg,0.8593912124633789,1564.918701171875,619.5369262695312,653.7744140625,1429.462158203125,3776,2124,653,1429
HLC20-H3,2021,202101280657,JC,0,/Volumes/Seagate Portable Drive/KYLE_AI_DATABASE/A_CAMERA/Focal_species/Gulo gulo/HLC20-H3/JC/2021/B&W/Robust marks/01.28-06.57/RCNX1089.JPG,RCNX1089.JPG,HLC20-H3_2021_202101280657_RCNX1089.jpg,0.8333888649940491,1611.5401611328125,692.5404663085938,618.8138427734375,1336.998779296875,3776,2124,618,1336
HLC20-H3,2021,202101280657,JC,0,/Volumes/Seagate Portable Drive/KYLE_AI_DATABASE/A_CAMERA/Focal_species/Gulo gulo/HLC20-H3/JC/2021/B&W/Robust marks/01.28-06.57/RCNX1090.JPG,RCNX1090.JPG,HLC20-H3_2021_202101280657_RCNX1090.jpg,0.873256266117096,1619.069091796875,647.3182983398438,622.4951171875,1396.171630859375,3776,2124,622,1396
HLC20-H3,2021,202101280657,JC,0,/Volumes/Seagate Portable Drive/KYLE_AI_DATABASE/A_CAMERA/Focal_species/Gulo gulo/HLC20-H3/JC/2021/B&W/Robust marks/01.28-06.57/RCNX1091.JPG,RCNX1091.JPG,HLC20-H3_2021_202101280657_RCNX1091.jpg,0.8963714838027954,1611.129638671875,316.09344482421875,863.94580078125,1278.261474609375,3776,2124,863,1278
HLC20-H3,2021,202101280657,JC,0,/Volumes/Seagate Portable Drive/KYLE_AI_DATABASE/A_CAMERA/Focal_species/Gulo gulo/HLC20-H3/JC/2021/B&W/Robust marks/01.28-06.57/RCNX1092.JPG,RCNX1092.JPG,HLC20-H3_2021_202101280657_RCNX1092.jpg,0.9505248665809631,1633.063720703125,37.190345764160156,1077.125,1441.7989501953125,3776,2124,1077,1441
HLC20-H3,2021,202101280657,JC,0,/Volumes/Seagate Portable Drive/KYLE_AI_DATABASE/A_CAMERA/Focal_species/Gulo gulo/HLC20-H3/JC/2021/B&W/Robust marks/01.28-06.57/RCNX1093.JPG,RCNX1093.JPG,HLC20-H3_2021_202101280657_RCNX1093.jpg,0.9086805582046509,1619.510009765625,35.003517150878906,930.90771484375,1650.1502685546875,3776,2124,930,1650
HLC20-H3,2021,202101280657,JC,0,/Volumes/Seagate Portable Drive/KYLE_AI_DATABASE/A_CAMERA/Focal_species/Gulo gulo/HLC20-H3/JC/2021/B&W/Robust marks/01.28-06.57/RCNX1095.JPG,RCNX1095.JPG,HLC20-H3_2021_202101280657_RCNX1095.jpg,0.9264978766441345,1622.7569580078125,476.8236999511719,771.2923583984375,1358.6005859375,3776,2124,771,1358
HLC20-H3,2021,202101280657,JC,0,/Volumes/Seagate Portable Drive/KYLE_AI_DATABASE/A_CAMERA/Focal_species/Gulo gulo/HLC20-H3/JC/2021/B&W/Robust marks/01.28-06.57/RCNX1096.JPG,RCNX1096.JPG,HLC20-H3_2021_202101280657_RCNX1096.jpg,0.8534596562385559,1621.8377685546875,35.48371124267578,757.1712646484375,2033.5863037109375,3776,2124,757,2033
HLC20-H3,2021,202101280657,JC,0,/Volumes/Seagate Portable Drive/KYLE_AI_DATABASE/A_CAMERA/Focal_species/Gulo gulo/HLC20-H3/JC/2021/B&W/Robust marks/01.28-06.57/RCNX1097.JPG,RCNX1097.JPG,HLC20-H3_2021_202101280657_RCNX1097.jpg,0.8719022274017334,1610.9052734375,1134.708251953125,781.974853515625,892.0733642578125,3776,2124,781,892
HLC20-H3,2021,202101280657,JC,0,/Volumes/Seagate Portable Drive/KYLE_AI_DATABASE/A_CAMERA/Focal_species/Gulo gulo/HLC20-H3/JC/2021/B&W/Robust marks/01.28-06.57/RCNX1099.JPG,RCNX1099.JPG,HLC20-H3_2021_202101280657_RCNX1099.jpg,0.8253365159034729,1586.814453125,1385.980712890625,586.1748046875,696.400634765625,3776,2124,586,696
HLC20-H3,2021,202101280657,JC,0,/Volumes/Seagate Portable Drive/KYLE_AI_DATABASE/A_CAMERA/Focal_species/Gulo gulo/HLC20-H3/JC/2021/B&W/Robust marks/01.28-06.57/RCNX1100.JPG,RCNX1100.JPG,HLC20-H3_2021_202101280657_RCNX1100.jpg,0.894041895866394,1607.295166015625,1377.8165283203125,759.351318359375,705.7301025390625,3776,2124,759,705
HLC20-H3,2021,202101280657,JC,0,/Volumes/Seagate Portable Drive/KYLE_AI_DATABASE/A_CAMERA/Focal_species/Gulo gulo/HLC20-H3/JC/2021/B&W/Robust marks/01.28-06.57/RCNX1103.JPG,RCNX1103.JPG,HLC20-H3_2021_202101280657_RCNX1103.jpg,0.8987810015678406,1593.0687255859375,405.96728515625,664.0968017578125,1636.2083740234375,3776,2124,664,1636
HLC20-H3,2021,202101280657,JC,0,/Volumes/Seagate Portable Drive/KYLE_AI_DATABASE/A_CAMERA/Focal_species/Gulo gulo/HLC20-H3/JC/2021/B&W/Robust marks/01.28-06.57/RCNX1104.JPG,RCNX1104.JPG,HLC20-H3_2021_202101280657_RCNX1104.jpg,0.8391867280006409,1616.190185546875,688.4439697265625,656.435791015625,1338.317626953125,3776,2124,656,1338
HLC20-H3,2021,202101280657,JC,0,/Volumes/Seagate Portable Drive/KYLE_AI_DATABASE/A_CAMERA/Focal_species/Gulo gulo/HLC20-H3/JC/2021/B&W/Robust marks/01.28-06.57/RCNX1105.JPG,RCNX1105.JPG,HLC20-H3_2021_202101280657_RCNX1105.jpg,0.8869003653526306,1600.16015625,426.1541442871094,655.851806640625,1625.4219970703125,3776,2124,655,1625
HLC20-H3,2021,202101280657,JC,0,/Volumes/Seagate Portable Drive/KYLE_AI_DATABASE/A_CAMERA/Focal_species/Gulo gulo/HLC20-H3/JC/2021/B&W/Robust marks/01.28-06.57/RCNX1106.JPG,RCNX1106.JPG,HLC20-H3_2021_202101280657_RCNX1106.jpg,0.9100810885429382,1599.6207275390625,458.5583801269531,795.9224853515625,1487.6070556640625,3776,2124,795,1487
HLC20-H3,2021,202101280657,JC,0,/Volumes/Seagate Portable Drive/KYLE_AI_DATABASE/A_CAMERA/Focal_species/Gulo gulo/HLC20-H3/JC/2021/B&W/Robust marks/01.28-06.57/RCNX1107.JPG,RCNX1107.JPG,HLC20-H3_2021_202101280657_RCNX1107.jpg,0.8616934418678284,1550.650634765625,422.082763671875,803.3154296875,1374.722412109375,3776,2124,803,1374
HLC20-H3,2021,202101280657,JC,0,/Volumes/Seagate Portable Drive/KYLE_AI_DATABASE/A_CAMERA/Focal_species/Gulo gulo/HLC20-H3/JC/2021/B&W/Robust marks/01.28-06.57/RCNX1108.JPG,RCNX1108.JPG,HLC20-H3_2021_202101280657_RCNX1108.jpg,0.9078459143638611,1533.35400390625,364.4215087890625,824.70947265625,1320.607666015625,3776,2124,824,1320
HLC20-H3,2021,202101280657,JC,0,/Volumes/Seagate Portable Drive/KYLE_AI_DATABASE/A_CAMERA/Focal_species/Gulo gulo/HLC20-H3/JC/2021/B&W/Robust marks/01.28-06.57/RCNX1109.JPG,RCNX1109.JPG,HLC20-H3_2021_202101280657_RCNX1109.jpg,0.8519315719604492,1561.407958984375,459.9395751953125,823.836669921875,1490.1959228515625,3776,2124,823,1490
HLC20-H3,2021,202101280657,JC,0,/Volumes/Seagate Portable Drive/KYLE_AI_DATABASE/A_CAMERA/Focal_species/Gulo gulo/HLC20-H3/JC/2021/B&W/Robust marks/01.28-06.57/RCNX1110.JPG,RCNX1110.JPG,HLC20-H3_2021_202101280657_RCNX1110.jpg,0.8416317701339722,1617.1485595703125,418.4811096191406,718.6700439453125,1263.5819091796875,3776,2124,718,1263
HLC20-H3,2021,202101280657,JC,0,/Volumes/Seagate Portable Drive/KYLE_AI_DATABASE/A_CAMERA/Focal_species/Gulo gulo/HLC20-H3/JC/2021/B&W/Robust marks/01.28-06.57/RCNX1112.JPG,RCNX1112.JPG,HLC20-H3_2021_202101280657_RCNX1112.jpg,0.8435944318771362,1589.486572265625,420.81573486328125,758.116455078125,1277.633544921875,3776,2124,758,1277
HLC20-H3,2021,202101280657,JC,0,/Volumes/Seagate Portable Drive/KYLE_AI_DATABASE/A_CAMERA/Focal_species/Gulo gulo/HLC20-H3/JC/2021/B&W/Robust marks/01.28-06.57/RCNX1113.JPG,RCNX1113.JPG,HLC20-H3_2021_202101280657_RCNX1113.jpg,0.8817830085754395,1532.539794921875,295.4203186035156,816.533203125,1397.1561279296875,3776,2124,816,1397
HLC20-H3,2021,202101280657,JC,0,/Volumes/Seagate Portable Drive/KYLE_AI_DATABASE/A_CAMERA/Focal_species/Gulo gulo/HLC20-H3/JC/2021/B&W/Robust marks/01.28-06.57/RCNX1114.JPG,RCNX1114.JPG,HLC20-H3_2021_202101280657_RCNX1114.jpg,0.8110488057136536,1579.3321533203125,365.2238464355469,780.0408935546875,1469.444580078125,3776,2124,780,1469
HLC20-H3,2021,202101280657,JC,0,/Volumes/Seagate Portable Drive/KYLE_AI_DATABASE/A_CAMERA/Focal_species/Gulo gulo/HLC20-H3/JC/2021/B&W/Robust marks/01.28-06.57/RCNX1115.JPG,RCNX1115.JPG,HLC20-H3_2021_202101280657_RCNX1115.jpg,0.917523205280304,1599.267578125,35.129295349121094,795.70703125,1797.388916015625,3776,2124,795,1797
HLC20-H3,2021,202101280657,JC,0,/Volumes/Seagate Portable Drive/KYLE_AI_DATABASE/A_CAMERA/Focal_species/Gulo gulo/HLC20-H3/JC/2021/B&W/Robust marks/01.28-06.57/RCNX1116.JPG,RCNX1116.JPG,HLC20-H3_2021_202101280657_RCNX1116.jpg,0.8947869539260864,1641.9501953125,33.14369583129883,882.887451171875,1660.802734375,3776,2124,882,1660
HLC20-H3,2021,202101280657,JC,0,/Volumes/Seagate Portable Drive/KYLE_AI_DATABASE/A_CAMERA/Focal_species/Gulo gulo/HLC20-H3/JC/2021/B&W/Robust marks/01.28-06.57/RCNX1117.JPG,RCNX1117.JPG,HLC20-H3_2021_202101280657_RCNX1117.jpg,0.8708063960075378,1643.1390380859375,352.0617980957031,924.6514892578125,1301.7137451171875,3776,2124,924,1301
HLC20-H3,2021,202101280657,JC,0,/Volumes/Seagate Portable Drive/KYLE_AI_DATABASE/A_CAMERA/Focal_species/Gulo gulo/HLC20-H3/JC/2021/B&W/Robust marks/01.28-06.57/RCNX1118.JPG,RCNX1118.JPG,HLC20-H3_2021_202101280657_RCNX1118.jpg,0.9147222638130188,1637.2674560546875,287.67706298828125,860.9688720703125,1365.7470703125,3776,2124,860,1365
HLC20-H3,2021,202101280657,JC,0,/Volumes/Seagate Portable Drive/KYLE_AI_DATABASE/A_CAMERA/Focal_species/Gulo gulo/HLC20-H3/JC/2021/B&W/Robust marks/01.28-06.57/RCNX1119.JPG,RCNX1119.JPG,HLC20-H3_2021_202101280657_RCNX1119.jpg,0.8979948163032532,1643.221435546875,38.1464958190918,736.116455078125,1606.4935302734375,3776,2124,736,1606
HLC20-H3,2021,202101280657,JC,0,/Volumes/Seagate Portable Drive/KYLE_AI_DATABASE/A_CAMERA/Focal_species/Gulo gulo/HLC20-H3/JC/2021/B&W/Robust marks/01.28-06.57/RCNX1120.JPG,RCNX1120.JPG,HLC20-H3_2021_202101280657_RCNX1120.jpg,0.8406248688697815,1594.4598388671875,259.2250061035156,761.2401123046875,1801.6048583984375,3776,2124,761,1801
HLC20-H3,2021,202101280657,JC,0,/Volumes/Seagate Portable Drive/KYLE_AI_DATABASE/A_CAMERA/Focal_species/Gulo gulo/HLC20-H3/JC/2021/B&W/Robust marks/01.28-06.57/RCNX1122.JPG,RCNX1122.JPG,HLC20-H3_2021_202101280657_RCNX1122.jpg,0.9018173813819885,1600.255615234375,689.7637329101562,794.10107421875,1367.58837890625,3776,2124,794,1367
HLC20-H3,2021,202101280657,JC,0,/Volumes/Seagate Portable Drive/KYLE_AI_DATABASE/A_CAMERA/Focal_species/Gulo gulo/HLC20-H3/JC/2021/B&W/Robust marks/01.28-06.57/RCNX1123.JPG,RCNX1123.JPG,HLC20-H3_2021_202101280657_RCNX1123.jpg,0.8751481175422668,1614.3463134765625,701.012451171875,782.8726806640625,1263.028076171875,3776,2124,782,1263
HLC20-H3,2021,202101280657,JC,0,/Volumes/Seagate Portable Drive/KYLE_AI_DATABASE/A_CAMERA/Focal_species/Gulo gulo/HLC20-H3/JC/2021/B&W/Robust marks/01.28-06.57/RCNX1124.JPG,RCNX1124.JPG,HLC20-H3_2021_202101280657_RCNX1124.jpg,0.8848731517791748,1592.3394775390625,692.472412109375,793.3709716796875,1373.878173828125,3776,2124,793,1373
HLC20-H3,2021,202101280657,JC,0,/Volumes/Seagate Portable Drive/KYLE_AI_DATABASE/A_CAMERA/Focal_species/Gulo gulo/HLC20-H3/JC/2021/B&W/Robust marks/01.28-06.57/RCNX1125.JPG,RCNX1125.JPG,HLC20-H3_2021_202101280657_RCNX1125.jpg,0.8582836985588074,1600.9437255859375,487.4752197265625,781.3331298828125,1574.2779541015625,3776,2124,781,1574
HLC20-H3,2021,202101280657,JC,0,/Volumes/Seagate Portable Drive/KYLE_AI_DATABASE/A_CAMERA/Focal_species/Gulo gulo/HLC20-H3/JC/2021/B&W/Robust marks/01.28-06.57/RCNX1126.JPG,RCNX1126.JPG,HLC20-H3_2021_202101280657_RCNX1126.jpg,0.8470211029052734,1615.6480712890625,692.2584838867188,736.3243408203125,1375.650146484375,3776,2124,736,1375
HLC20-H3,2021,202101280657,JC,0,/Volumes/Seagate Portable Drive/KYLE_AI_DATABASE/A_CAMERA/Focal_species/Gulo gulo/HLC20-H3/JC/2021/B&W/Robust marks/01.28-06.57/RCNX1127.JPG,RCNX1127.JPG,HLC20-H3_2021_202101280657_RCNX1127.jpg,0.8390035033226013,1600.7457275390625,693.9608154296875,783.9686279296875,1373.6280517578125,3776,2124,783,1373
HLC20-H3,2021,202101280657,JC,0,/Volumes/Seagate Portable Drive/KYLE_AI_DATABASE/A_CAMERA/Focal_species/Gulo gulo/HLC20-H3/JC/2021/B&W/Robust marks/01.28-06.57/RCNX1128.JPG,RCNX1128.JPG,HLC20-H3_2021_202101280657_RCNX1128.jpg,0.8236181139945984,1592.3682861328125,620.034912109375,759.7630615234375,1447.635986328125,3776,2124,759,1447
HLC20-H3,2021,202101280657,JC,0,/Volumes/Seagate Portable Drive/KYLE_AI_DATABASE/A_CAMERA/Focal_species/Gulo gulo/HLC20-H3/JC/2021/B&W/Robust marks/01.28-06.57/RCNX1129.JPG,RCNX1129.JPG,HLC20-H3_2021_202101280657_RCNX1129.jpg,0.8667421340942383,1602.0426025390625,676.3307495117188,751.1414794921875,1377.7236328125,3776,2124,751,1377
HLC20-H3,2021,202101280657,JC,0,/Volumes/Seagate Portable Drive/KYLE_AI_DATABASE/A_CAMERA/Focal_species/Gulo gulo/HLC20-H3/JC/2021/B&W/Robust marks/01.28-06.57/RCNX1130.JPG,RCNX1130.JPG,HLC20-H3_2021_202101280657_RCNX1130.jpg,0.8509659767150879,1602.72509765625,710.6866455078125,785.39794921875,1254.6041259765625,3776,2124,785,1254
HLC20-H3,2021,202101280657,JC,0,/Volumes/Seagate Portable Drive/KYLE_AI_DATABASE/A_CAMERA/Focal_species/Gulo gulo/HLC20-H3/JC/2021/B&W/Robust marks/01.28-06.57/RCNX1131.JPG,RCNX1131.JPG,HLC20-H3_2021_202101280657_RCNX1131.jpg,0.8249658942222595,1546.1219482421875,696.5927734375,790.8304443359375,1316.50927734375,3776,2124,790,1316
HLC20-H3,2021,202101280657,JC,0,/Volumes/Seagate Portable Drive/KYLE_AI_DATABASE/A_CAMERA/Focal_species/Gulo gulo/HLC20-H3/JC/2021/B&W/Robust marks/01.28-06.57/RCNX1132.JPG,RCNX1132.JPG,HLC20-H3_2021_202101280657_RCNX1132.jpg,0.874485969543457,1595.8128662109375,690.5691528320312,742.2174072265625,1191.01123046875,3776,2124,742,1191
HLC20-H3,2021,202101280657,JC,0,/Volumes/Seagate Portable Drive/KYLE_AI_DATABASE/A_CAMERA/Focal_species/Gulo gulo/HLC20-H3/JC/2021/B&W/Robust marks/01.28-06.57/RCNX1133.JPG,RCNX1133.JPG,HLC20-H3_2021_202101280657_RCNX1133.jpg,0.8590033054351807,1600.6326904296875,699.7344360351562,740.9376220703125,1206.812744140625,3776,2124,740,1206
HLC20-H3,2021,202101280657,JC,0,/Volumes/Seagate Portable Drive/KYLE_AI_DATABASE/A_CAMERA/Focal_species/Gulo gulo/HLC20-H3/JC/2021/B&W/Robust marks/01.28-06.57/RCNX1134.JPG,RCNX1134.JPG,HLC20-H3_2021_202101280657_RCNX1134.jpg,0.9100208878517151,1595.1654052734375,695.5397338867188,827.6595458984375,1377.31884765625,3776,2124,827,1377
HLC20-H3,2021,202101280657,JC,0,/Volumes/Seagate Portable Drive/KYLE_AI_DATABASE/A_CAMERA/Focal_species/Gulo gulo/HLC20-H3/JC/2021/B&W/Robust marks/01.28-06.57/RCNX1135.JPG,RCNX1135.JPG,HLC20-H3_2021_202101280657_RCNX1135.jpg,0.8601928949356079,1533.351318359375,697.7010498046875,872.735595703125,1371.6287841796875,3776,2124,872,1371
HLC20-H3,2021,202101280657,JC,0,/Volumes/Seagate Portable Drive/KYLE_AI_DATABASE/A_CAMERA/Focal_species/Gulo gulo/HLC20-H3/JC/2021/B&W/Robust marks/01.28-06.57/RCNX1136.JPG,RCNX1136.JPG,HLC20-H3_2021_202101280657_RCNX1136.jpg,0.8510583639144897,1551.6617431640625,691.7818603515625,841.5062255859375,1367.7008056640625,3776,2124,841,1367
HLC20-H3,2021,202101280657,JC,0,/Volumes/Seagate Portable Drive/KYLE_AI_DATABASE/A_CAMERA/Focal_species/Gulo gulo/HLC20-H3/JC/2021/B&W/Robust marks/01.28-06.57/RCNX1137.JPG,RCNX1137.JPG,HLC20-H3_2021_202101280657_RCNX1137.jpg,0.8932420015335083,1533.397216796875,696.1683959960938,810.71923828125,1364.411376953125,3776,2124,810,1364
HLC20-H3,2021,202101280657,JC,0,/Volumes/Seagate Portable Drive/KYLE_AI_DATABASE/A_CAMERA/Focal_species/Gulo gulo/HLC20-H3/JC/2021/B&W/Robust marks/01.28-06.57/RCNX1138.JPG,RCNX1138.JPG,HLC20-H3_2021_202101280657_RCNX1138.jpg,0.8554754257202148,1686.615966796875,710.1466064453125,710.240234375,1101.2562255859375,3776,2124,710,1101
HLC20-H3,2021,202101280657,JC,0,/Volumes/Seagate Portable Drive/KYLE_AI_DATABASE/A_CAMERA/Focal_species/Gulo gulo/HLC20-H3/JC/2021/B&W/Robust marks/01.28-06.57/RCNX1143.JPG,RCNX1143.JPG,HLC20-H3_2021_202101280657_RCNX1143.jpg,0.9173300266265869,1588.9862060546875,701.8521118164062,740.1182861328125,1381.0625,3776,2124,740,1381
HLC20-H3,2021,202101280657,JC,0,/Volumes/Seagate Portable Drive/KYLE_AI_DATABASE/A_CAMERA/Focal_species/Gulo gulo/HLC20-H3/JC/2021/B&W/Robust marks/01.28-06.57/RCNX1145.JPG,RCNX1145.JPG,HLC20-H3_2021_202101280657_RCNX1145.jpg,0.8090471029281616,1596.1651611328125,504.8660888671875,489.8939208984375,1176.0279541015625,3776,2124,489,1176
HLC20-H3,2021,202101280657,JC,0,/Volumes/Seagate Portable Drive/KYLE_AI_DATABASE/A_CAMERA/Focal_species/Gulo gulo/HLC20-H3/JC/2021/B&W/Robust marks/01.28-06.57/RCNX1147.JPG,RCNX1147.JPG,HLC20-H3_2021_202101280657_RCNX1147.jpg,0.902316689491272,1607.7891845703125,197.75018310546875,752.6942138671875,1384.8857421875,3776,2124,752,1384
HLC20-H3,2021,202101280657,JC,0,/Volumes/Seagate Portable Drive/KYLE_AI_DATABASE/A_CAMERA/Focal_species/Gulo gulo/HLC20-H3/JC/2021/B&W/Robust marks/01.28-06.57/RCNX1148.JPG,RCNX1148.JPG,HLC20-H3_2021_202101280657_RCNX1148.jpg,0.8668419122695923,1636.8057861328125,298.2249755859375,841.4105224609375,1390.38427734375,3776,2124,841,1390
HLC20-H3,2021,202101280657,JC,0,/Volumes/Seagate Portable Drive/KYLE_AI_DATABASE/A_CAMERA/Focal_species/Gulo gulo/HLC20-H3/JC/2021/B&W/Robust marks/01.28-06.57/RCNX1149.JPG,RCNX1149.JPG,HLC20-H3_2021_202101280657_RCNX1149.jpg,0.8747463822364807,1626.99365234375,291.6198425292969,836.396728515625,1477.5159912109375,3776,2124,836,1477
HLC20-H3,2021,202101280657,JC,0,/Volumes/Seagate Portable Drive/KYLE_AI_DATABASE/A_CAMERA/Focal_species/Gulo gulo/HLC20-H3/JC/2021/B&W/Robust marks/01.28-06.57/RCNX1150.JPG,RCNX1150.JPG,HLC20-H3_2021_202101280657_RCNX1150.jpg,0.9065812230110168,1624.3714599609375,317.45428466796875,848.9014892578125,1429.099609375,3776,2124,848,1429
HLC20-H3,2021,202101280657,JC,0,/Volumes/Seagate Portable Drive/KYLE_AI_DATABASE/A_CAMERA/Focal_species/Gulo gulo/HLC20-H3/JC/2021/B&W/Robust marks/01.28-06.57/RCNX1151.JPG,RCNX1151.JPG,HLC20-H3_2021_202101280657_RCNX1151.jpg,0.8650562763214111,1612.2259521484375,483.8341064453125,758.3912353515625,1381.328857421875,3776,2124,758,1381
HLC20-H3,2021,202101280657,JC,0,/Volumes/Seagate Portable Drive/KYLE_AI_DATABASE/A_CAMERA/Focal_species/Gulo gulo/HLC20-H3/JC/2021/B&W/Robust marks/01.28-06.57/RCNX1152.JPG,RCNX1152.JPG,HLC20-H3_2021_202101280657_RCNX1152.jpg,0.8869761228561401,1599.3890380859375,487.9214782714844,770.9661865234375,1383.9095458984375,3776,2124,770,1383
HLC20-H3,2021,202101280657,JC,0,/Volumes/Seagate Portable Drive/KYLE_AI_DATABASE/A_CAMERA/Focal_species/Gulo gulo/HLC20-H3/JC/2021/B&W/Robust marks/01.28-06.57/RCNX1153.JPG,RCNX1153.JPG,HLC20-H3_2021_202101280657_RCNX1153.jpg,0.8652299642562866,1611.2669677734375,566.2509765625,798.8216552734375,1292.110107421875,3776,2124,798,1292
HLC20-H3,2021,202101280657,JC,0,/Volumes/Seagate Portable Drive/KYLE_AI_DATABASE/A_CAMERA/Focal_species/Gulo gulo/HLC20-H3/JC/2021/B&W/Robust marks/01.28-06.57/RCNX1154.JPG,RCNX1154.JPG,HLC20-H3_2021_202101280657_RCNX1154.jpg,0.9107506275177002,1588.971923828125,629.549072265625,758.98095703125,1455.702880859375,3776,2124,758,1455
HLC20-H3,2021,202101280657,JC,0,/Volumes/Seagate Portable Drive/KYLE_AI_DATABASE/A_CAMERA/Focal_species/Gulo gulo/HLC20-H3/JC/2021/B&W/Robust marks/01.28-06.57/RCNX1155.JPG,RCNX1155.JPG,HLC20-H3_2021_202101280657_RCNX1155.jpg,0.851647675037384,1572.3255615234375,632.9833374023438,772.2056884765625,1451.683349609375,3776,2124,772,1451
HLC20-H3,2021,202101280657,JC,0,/Volumes/Seagate Portable Drive/KYLE_AI_DATABASE/A_CAMERA/Focal_species/Gulo gulo/HLC20-H3/JC/2021/B&W/Robust marks/01.28-06.57/RCNX1156.JPG,RCNX1156.JPG,HLC20-H3_2021_202101280657_RCNX1156.jpg,0.8688187003135681,1547.21484375,674.869873046875,846.184814453125,1227.720947265625,3776,2124,846,1227
HLC20-H3,2021,202101280657,JC,0,/Volumes/Seagate Portable Drive/KYLE_AI_DATABASE/A_CAMERA/Focal_species/Gulo gulo/HLC20-H3/JC/2021/B&W/Robust marks/01.28-06.57/RCNX1157.JPG,RCNX1157.JPG,HLC20-H3_2021_202101280657_RCNX1157.jpg,0.817081093788147,1455.8697509765625,35.148033142089844,645.7176513671875,561.6331176757812,3776,2124,645,561
HLC20-H3,2021,202101280657,JC,0,/Volumes/Seagate Portable Drive/KYLE_AI_DATABASE/A_CAMERA/Focal_species/Gulo gulo/HLC20-H3/JC/2021/B&W/Robust marks/01.28-06.57/RCNX1158.JPG,RCNX1158.JPG,HLC20-H3_2021_202101280657_RCNX1158.jpg,0.9135746955871582,1617.895263671875,708.4110107421875,798.015625,1134.166748046875,3776,2124,798,1134
HLC20-H3,2021,202101280657,JC,0,/Volumes/Seagate Portable Drive/KYLE_AI_DATABASE/A_CAMERA/Focal_species/Gulo gulo/HLC20-H3/JC/2021/B&W/Robust marks/01.28-06.57/RCNX1159.JPG,RCNX1159.JPG,HLC20-H3_2021_202101280657_RCNX1159.jpg,0.8782075047492981,1586.6529541015625,547.2257690429688,759.9222412109375,1520.316162109375,3776,2124,759,1520
HLC20-H3,2021,202101280657,JC,0,/Volumes/Seagate Portable Drive/KYLE_AI_DATABASE/A_CAMERA/Focal_species/Gulo gulo/HLC20-H3/JC/2021/B&W/Robust marks/01.28-06.57/RCNX1160.JPG,RCNX1160.JPG,HLC20-H3_2021_202101280657_RCNX1160.jpg,0.9194517731666565,1588.130615234375,606.6474609375,763.87939453125,1475.9951171875,3776,2124,763,1475
HLC20-H3,2021,202101280657,JC,0,/Volumes/Seagate Portable Drive/KYLE_AI_DATABASE/A_CAMERA/Focal_species/Gulo gulo/HLC20-H3/JC/2021/B&W/Robust marks/01.28-06.57/RCNX1161.JPG,RCNX1161.JPG,HLC20-H3_2021_202101280657_RCNX1161.jpg,0.9246396422386169,1638.1162109375,498.3211669921875,656.631591796875,1550.8575439453125,3776,2124,656,1550
HLC20-H3,2021,202101280657,JC,0,/Volumes/Seagate Portable Drive/KYLE_AI_DATABASE/A_CAMERA/Focal_species/Gulo gulo/HLC20-H3/JC/2021/B&W/Robust marks/01.28-06.57/RCNX1162.JPG,RCNX1162.JPG,HLC20-H3_2021_202101280657_RCNX1162.jpg,0.8960815072059631,1738.5557861328125,515.0523071289062,603.0399169921875,1535.57861328125,3776,2124,603,1535
HLC20-H3,2021,202101280657,JC,0,/Volumes/Seagate Portable Drive/KYLE_AI_DATABASE/A_CAMERA/Focal_species/Gulo gulo/HLC20-H3/JC/2021/B&W/Robust marks/01.28-06.57/RCNX1164.JPG,RCNX1164.JPG,HLC20-H3_2021_202101280657_RCNX1164.jpg,0.8561212420463562,1628.5709228515625,755.3245239257812,660.1597900390625,1304.411376953125,3776,2124,660,1304
HLC20-H3,2021,202101280657,JC,0,/Volumes/Seagate Portable Drive/KYLE_AI_DATABASE/A_CAMERA/Focal_species/Gulo gulo/HLC20-H3/JC/2021/B&W/Robust marks/01.28-06.57/RCNX1166.JPG,RCNX1166.JPG,HLC20-H3_2021_202101280657_RCNX1166.jpg,0.8317877650260925,1687.2789306640625,588.4064331054688,617.9906005859375,1455.6357421875,3776,2124,617,1455
HLC20-H3,2021,202101280657,JC,0,/Volumes/Seagate Portable Drive/KYLE_AI_DATABASE/A_CAMERA/Focal_species/Gulo gulo/HLC20-H3/JC/2021/B&W/Robust marks/01.28-06.57/RCNX1167.JPG,RCNX1167.JPG,HLC20-H3_2021_202101280657_RCNX1167.jpg,0.8963034749031067,1710.84765625,688.41943359375,593.419677734375,1368.83837890625,3776,2124,593,1368
HLC20-H3,2021,202101280657,JC,0,/Volumes/Seagate Portable Drive/KYLE_AI_DATABASE/A_CAMERA/Focal_species/Gulo gulo/HLC20-H3/JC/2021/B&W/Robust marks/01.28-06.57/RCNX1170.JPG,RCNX1170.JPG,HLC20-H3_2021_202101280657_RCNX1170.jpg,0.8313589692115784,1444.25634765625,596.1712646484375,782.052978515625,1269.3773193359375,3776,2124,782,1269
HLC20-H3,2021,202101280657,JC,0,/Volumes/Seagate Portable Drive/KYLE_AI_DATABASE/A_CAMERA/Focal_species/Gulo gulo/HLC20-H3/JC/2021/B&W/Robust marks/01.28-06.57/RCNX1171.JPG,RCNX1171.JPG,HLC20-H3_2021_202101280657_RCNX1171.jpg,0.9074464440345764,1579.6778564453125,33.65047836303711,957.8636474609375,2023.1741943359375,3776,2124,957,2023
HLC20-H3,2021,202101280657,JC,0,/Volumes/Seagate Portable Drive/KYLE_AI_DATABASE/A_CAMERA/Focal_species/Gulo gulo/HLC20-H3/JC/2021/B&W/Robust marks/01.28-06.57/RCNX1172.JPG,RCNX1172.JPG,HLC20-H3_2021_202101280657_RCNX1172.jpg,0.9045973420143127,1568.984619140625,474.9010925292969,843.2978515625,1603.599609375,3776,2124,843,1603
HLC20-H3,2021,202101280657,JC,0,/Volumes/Seagate Portable Drive/KYLE_AI_DATABASE/A_CAMERA/Focal_species/Gulo gulo/HLC20-H3/JC/2021/B&W/Robust marks/01.28-06.57/RCNX1173.JPG,RCNX1173.JPG,HLC20-H3_2021_202101280657_RCNX1173.jpg,0.9072501063346863,1577.391845703125,713.83056640625,779.557373046875,1362.649169921875,3776,2124,779,1362
HLC20-H3,2021,202101280657,JC,0,/Volumes/Seagate Portable Drive/KYLE_AI_DATABASE/A_CAMERA/Focal_species/Gulo gulo/HLC20-H3/JC/2021/B&W/Robust marks/01.28-06.57/RCNX1174.JPG,RCNX1174.JPG,HLC20-H3_2021_202101280657_RCNX1174.jpg,0.924295961856842,1575.8770751953125,713.8131103515625,776.7381591796875,1361.9637451171875,3776,2124,776,1361
HLC20-H3,2021,202101280657,JC,0,/Volumes/Seagate Portable Drive/KYLE_AI_DATABASE/A_CAMERA/Focal_species/Gulo gulo/HLC20-H3/JC/2021/B&W/Robust marks/01.28-06.57/RCNX1175.JPG,RCNX1175.JPG,HLC20-H3_2021_202101280657_RCNX1175.jpg,0.8629171848297119,1590.933349609375,652.2474365234375,773.101318359375,1430.6754150390625,3776,2124,773,1430
HLC20-H3,2021,202101280657,JC,0,/Volumes/Seagate Portable Drive/KYLE_AI_DATABASE/A_CAMERA/Focal_species/Gulo gulo/HLC20-H3/JC/2021/B&W/Robust marks/01.28-06.57/RCNX1177.JPG,RCNX1177.JPG,HLC20-H3_2021_202101280657_RCNX1177.jpg,0.8513038754463196,1588.80078125,707.3997802734375,781.528564453125,1145.9990234375,3776,2124,781,1145
HLC20-H3,2021,202101280657,JC,0,/Volumes/Seagate Portable Drive/KYLE_AI_DATABASE/A_CAMERA/Focal_species/Gulo gulo/HLC20-H3/JC/2021/B&W/Robust marks/01.28-06.57/RCNX1178.JPG,RCNX1178.JPG,HLC20-H3_2021_202101280657_RCNX1178.jpg,0.8702292442321777,1588.375732421875,422.83697509765625,804.507568359375,1398.110107421875,3776,2124,804,1398
HLC20-H3,2021,202101280657,JC,0,/Volumes/Seagate Portable Drive/KYLE_AI_DATABASE/A_CAMERA/Focal_species/Gulo gulo/HLC20-H3/JC/2021/B&W/Robust marks/01.28-06.57/RCNX1179.JPG,RCNX1179.JPG,HLC20-H3_2021_202101280657_RCNX1179.jpg,0.850072979927063,1546.9501953125,682.8921508789062,850.438232421875,1212.055419921875,3776,2124,850,1212
HLC20-H3,2021,202101280657,JC,0,/Volumes/Seagate Portable Drive/KYLE_AI_DATABASE/A_CAMERA/Focal_species/Gulo gulo/HLC20-H3/JC/2021/B&W/Robust marks/01.28-06.57/RCNX1180.JPG,RCNX1180.JPG,HLC20-H3_2021_202101280657_RCNX1180.jpg,0.8722441792488098,1569.6199951171875,477.70477294921875,822.1783447265625,1450.625,3776,2124,822,1450
HLC20-H3,2021,202101280657,JC,0,/Volumes/Seagate Portable Drive/KYLE_AI_DATABASE/A_CAMERA/Focal_species/Gulo gulo/HLC20-H3/JC/2021/B&W/Robust marks/01.28-06.57/RCNX1181.JPG,RCNX1181.JPG,HLC20-H3_2021_202101280657_RCNX1181.jpg,0.8398463726043701,1609.4739990234375,1366.2659912109375,612.5120849609375,657.2843017578125,3776,2124,612,657
HLC20-H3,2021,202101280657,JC,0,/Volumes/Seagate Portable Drive/KYLE_AI_DATABASE/A_CAMERA/Focal_species/Gulo gulo/HLC20-H3/JC/2021/B&W/Robust marks/01.28-06.57/RCNX1182.JPG,RCNX1182.JPG,HLC20-H3_2021_202101280657_RCNX1182.jpg,0.8867369890213013,1595.8282470703125,1397.66552734375,562.3717041015625,667.00341796875,3776,2124,562,667
HLC20-H3,2021,202101280657,JC,0,/Volumes/Seagate Portable Drive/KYLE_AI_DATABASE/A_CAMERA/Focal_species/Gulo gulo/HLC20-H3/JC/2021/B&W/Robust marks/01.28-06.57/RCNX1183.JPG,RCNX1183.JPG,HLC20-H3_2021_202101280657_RCNX1183.jpg,0.8865146636962891,1591.695068359375,1365.0020751953125,579.862548828125,717.8590087890625,3776,2124,579,717
HLC20-H3,2021,202101280657,JC,0,/Volumes/Seagate Portable Drive/KYLE_AI_DATABASE/A_CAMERA/Focal_species/Gulo gulo/HLC20-H3/JC/2021/B&W/Robust marks/01.28-06.57/RCNX1184.JPG,RCNX1184.JPG,HLC20-H3_2021_202101280657_RCNX1184.jpg,0.8899819850921631,1598.69091796875,1390.484619140625,557.93017578125,686.936279296875,3776,2124,557,686
HLC20-H3,2021,202101280657,JC,0,/Volumes/Seagate Portable Drive/KYLE_AI_DATABASE/A_CAMERA/Focal_species/Gulo gulo/HLC20-H3/JC/2021/B&W/Robust marks/01.28-06.57/RCNX1185.JPG,RCNX1185.JPG,HLC20-H3_2021_202101280657_RCNX1185.jpg,0.894507110118866,1597.0980224609375,1387.35986328125,556.4132080078125,691.96240234375,3776,2124,556,691
HLC20-H3,2021,202101280657,JC,0,/Volumes/Seagate Portable Drive/KYLE_AI_DATABASE/A_CAMERA/Focal_species/Gulo gulo/HLC20-H3/JC/2021/B&W/Robust marks/01.28-06.57/RCNX1186.JPG,RCNX1186.JPG,HLC20-H3_2021_202101280657_RCNX1186.jpg,0.8849694132804871,1602.6898193359375,1388.85546875,550.4923095703125,686.362548828125,3776,2124,550,686
HLC20-H3,2021,202101280657,JC,0,/Volumes/Seagate Portable Drive/KYLE_AI_DATABASE/A_CAMERA/Focal_species/Gulo gulo/HLC20-H3/JC/2021/B&W/Robust marks/01.28-06.57/RCNX1187.JPG,RCNX1187.JPG,HLC20-H3_2021_202101280657_RCNX1187.jpg,0.8984804749488831,1596.701171875,1330.898193359375,628.23681640625,738.60546875,3776,2124,628,738
HLC20-H3,2021,202101280657,JC,0,/Volumes/Seagate Portable Drive/KYLE_AI_DATABASE/A_CAMERA/Focal_species/Gulo gulo/HLC20-H3/JC/2021/B&W/Robust marks/01.28-06.57/RCNX1188.JPG,RCNX1188.JPG,HLC20-H3_2021_202101280657_RCNX1188.jpg,0.8683473467826843,1595.0738525390625,1283.3487548828125,601.6246337890625,761.08056640625,3776,2124,601,761
HLC20-H3,2021,202101280657,JC,0,/Volumes/Seagate Portable Drive/KYLE_AI_DATABASE/A_CAMERA/Focal_species/Gulo gulo/HLC20-H3/JC/2021/B&W/Robust marks/01.28-06.57/RCNX1189.JPG,RCNX1189.JPG,HLC20-H3_2021_202101280657_RCNX1189.jpg,0.8835924863815308,1611.3209228515625,1372.3330078125,557.3948974609375,672.6654052734375,3776,2124,557,672
HLC20-H3,2021,202101280657,JC,0,/Volumes/Seagate Portable Drive/KYLE_AI_DATABASE/A_CAMERA/Focal_species/Gulo gulo/HLC20-H3/JC/2021/B&W/Robust marks/01.28-06.57/RCNX1190.JPG,RCNX1190.JPG,HLC20-H3_2021_202101280657_RCNX1190.jpg,0.908588707447052,1593.6029052734375,1321.689453125,561.6617431640625,763.203857421875,3776,2124,561,763
HLC20-H3,2021,202101280657,JC,0,/Volumes/Seagate Portable Drive/KYLE_AI_DATABASE/A_CAMERA/Focal_species/Gulo gulo/HLC20-H3/JC/2021/B&W/Robust marks/01.28-06.57/RCNX1191.JPG,RCNX1191.JPG,HLC20-H3_2021_202101280657_RCNX1191.jpg,0.8688472509384155,1601.4476318359375,420.3068542480469,644.7110595703125,1528.54296875,3776,2124,644,1528
HLC20-H3,2021,202101280657,JC,0,/Volumes/Seagate Portable Drive/KYLE_AI_DATABASE/A_CAMERA/Focal_species/Gulo gulo/HLC20-H3/JC/2021/B&W/Robust marks/01.28-06.57/RCNX1194.JPG,RCNX1194.JPG,HLC20-H3_2021_202101280657_RCNX1194.jpg,0.8684074282646179,1642.56298828125,222.68853759765625,738.441162109375,1617.54150390625,3776,2124,738,1617
HLC20-H3,2021,202101280657,JC,0,/Volumes/Seagate Portable Drive/KYLE_AI_DATABASE/A_CAMERA/Focal_species/Gulo gulo/HLC20-H3/JC/2021/B&W/Robust marks/01.28-06.57/RCNX1195.JPG,RCNX1195.JPG,HLC20-H3_2021_202101280657_RCNX1195.jpg,0.8955436944961548,1645.5726318359375,357.4047546386719,791.7335205078125,1489.5623779296875,3776,2124,791,1489
HLC20-H3,2021,202101280657,JC,0,/Volumes/Seagate Portable Drive/KYLE_AI_DATABASE/A_CAMERA/Focal_species/Gulo gulo/HLC20-H3/JC/2021/B&W/Robust marks/01.28-06.57/RCNX1196.JPG,RCNX1196.JPG,HLC20-H3_2021_202101280657_RCNX1196.jpg,0.8447251319885254,1631.4833984375,342.2821044921875,770.307861328125,1497.2708740234375,3776,2124,770,1497
HLC20-H3,2021,202101280657,JC,0,/Volumes/Seagate Portable Drive/KYLE_AI_DATABASE/A_CAMERA/Focal_species/Gulo gulo/HLC20-H3/JC/2021/B&W/Robust marks/01.28-06.57/RCNX1198.JPG,RCNX1198.JPG,HLC20-H3_2021_202101280657_RCNX1198.jpg,0.8629693984985352,1645.2110595703125,356.8623962402344,794.1160888671875,1668.403564453125,3776,2124,794,1668
HLC20-H3,2021,202101280657,JC,0,/Volumes/Seagate Portable Drive/KYLE_AI_DATABASE/A_CAMERA/Focal_species/Gulo gulo/HLC20-H3/JC/2021/B&W/Robust marks/01.28-06.57/RCNX1199.JPG,RCNX1199.JPG,HLC20-H3_2021_202101280657_RCNX1199.jpg,0.8755143880844116,1624.3048095703125,265.22674560546875,810.3795166015625,1567.96044921875,3776,2124,810,1567
HLC20-H3,2021,202101280657,JC,0,/Volumes/Seagate Portable Drive/KYLE_AI_DATABASE/A_CAMERA/Focal_species/Gulo gulo/HLC20-H3/JC/2021/B&W/Robust marks/01.28-06.57/RCNX1200.JPG,RCNX1200.JPG,HLC20-H3_2021_202101280657_RCNX1200.jpg,0.8892846703529358,1659.2960205078125,275.46722412109375,743.6590576171875,1553.03515625,3776,2124,743,1553
HLC20-H3,2021,202101280657,JC,0,/Volumes/Seagate Portable Drive/KYLE_AI_DATABASE/A_CAMERA/Focal_species/Gulo gulo/HLC20-H3/JC/2021/B&W/Robust marks/01.28-06.57/RCNX1201.JPG,RCNX1201.JPG,HLC20-H3_2021_202101280657_RCNX1201.jpg,0.8971948027610779,1652.679443359375,690.8514404296875,740.367919921875,1143.1768798828125,3776,2124,740,1143
HLC20-H3,2021,202101280657,JC,0,/Volumes/Seagate Portable Drive/KYLE_AI_DATABASE/A_CAMERA/Focal_species/Gulo gulo/HLC20-H3/JC/2021/B&W/Robust marks/01.28-06.57/RCNX1202.JPG,RCNX1202.JPG,HLC20-H3_2021_202101280657_RCNX1202.jpg,0.9130232930183411,1720.5916748046875,1367.9151611328125,611.6324462890625,708.6212158203125,3776,2124,611,708
HLC20-H3,2021,202101280657,JC,0,/Volumes/Seagate Portable Drive/KYLE_AI_DATABASE/A_CAMERA/Focal_species/Gulo gulo/HLC20-H3/JC/2021/B&W/Robust marks/01.28-06.57/RCNX1203.JPG,RCNX1203.JPG,HLC20-H3_2021_202101280657_RCNX1203.jpg,0.8679795861244202,1680.9285888671875,1340.28564453125,649.4713134765625,733.13671875,3776,2124,649,733
HLC20-H3,2021,202101280657,JC,0,/Volumes/Seagate Portable Drive/KYLE_AI_DATABASE/A_CAMERA/Focal_species/Gulo gulo/HLC20-H3/JC/2021/B&W/Robust marks/01.28-06.57/RCNX1204.JPG,RCNX1204.JPG,HLC20-H3_2021_202101280657_RCNX1204.jpg,0.9334712028503418,1611.2977294921875,1335.973388671875,710.2388916015625,749.877685546875,3776,2124,710,749
HLC20-H3,2021,202101280657,JC,0,/Volumes/Seagate Portable Drive/KYLE_AI_DATABASE/A_CAMERA/Focal_species/Gulo gulo/HLC20-H3/JC/2021/B&W/Robust marks/01.28-06.57/RCNX1205.JPG,RCNX1205.JPG,HLC20-H3_2021_202101280657_RCNX1205.jpg,0.8932310342788696,1613.6859130859375,1327.944091796875,686.0284423828125,757.38232421875,3776,2124,686,757
HLC20-H3,2021,202101280657,JC,0,/Volumes/Seagate Portable Drive/KYLE_AI_DATABASE/A_CAMERA/Focal_species/Gulo gulo/HLC20-H3/JC/2021/B&W/Robust marks/01.28-06.57/RCNX1206.JPG,RCNX1206.JPG,HLC20-H3_2021_202101280657_RCNX1206.jpg,0.9254679679870605,1607.5528564453125,1342.1676025390625,714.5025634765625,743.4915771484375,3776,2124,714,743
HLC20-H3,2021,202101280657,JC,0,/Volumes/Seagate Portable Drive/KYLE_AI_DATABASE/A_CAMERA/Focal_species/Gulo gulo/HLC20-H3/JC/2021/B&W/Robust marks/01.28-06.57/RCNX1207.JPG,RCNX1207.JPG,HLC20-H3_2021_202101280657_RCNX1207.jpg,0.9043624401092529,1609.847900390625,1345.35009765625,703.482421875,739.794189453125,3776,2124,703,739
HLC20-H3,2021,202101280657,JC,0,/Volumes/Seagate Portable Drive/KYLE_AI_DATABASE/A_CAMERA/Focal_species/Gulo gulo/HLC20-H3/JC/2021/B&W/Robust marks/01.28-06.57/RCNX1208.JPG,RCNX1208.JPG,HLC20-H3_2021_202101280657_RCNX1208.jpg,0.914202094078064,1611.7989501953125,1364.909912109375,708.5101318359375,720.5869140625,3776,2124,708,720
HLC20-H3,2021,202101280657,JC,0,/Volumes/Seagate Portable Drive/KYLE_AI_DATABASE/A_CAMERA/Focal_species/Gulo gulo/HLC20-H3/JC/2021/B&W/Robust marks/01.28-06.57/RCNX1209.JPG,RCNX1209.JPG,HLC20-H3_2021_202101280657_RCNX1209.jpg,0.9233170747756958,1612.061279296875,1363.709716796875,709.092529296875,722.209716796875,3776,2124,709,722
HLC20-H3,2021,202101280657,JC,0,/Volumes/Seagate Portable Drive/KYLE_AI_DATABASE/A_CAMERA/Focal_species/Gulo gulo/HLC20-H3/JC/2021/B&W/Robust marks/01.28-06.57/RCNX1210.JPG,RCNX1210.JPG,HLC20-H3_2021_202101280657_RCNX1210.jpg,0.9265952110290527,1594.82861328125,1303.6483154296875,799.81982421875,771.5213623046875,3776,2124,799,771
HLC20-H3,2021,202101280657,JC,0,/Volumes/Seagate Portable Drive/KYLE_AI_DATABASE/A_CAMERA/Focal_species/Gulo gulo/HLC20-H3/JC/2021/B&W/Robust marks/01.28-06.57/RCNX1211.JPG,RCNX1211.JPG,HLC20-H3_2021_202101280657_RCNX1211.jpg,0.9113903641700745,1624.4564208984375,698.3894653320312,688.1461181640625,1346.20849609375,3776,2124,688,1346
HLC20-H3,2021,202101280657,JC,0,/Volumes/Seagate Portable Drive/KYLE_AI_DATABASE/A_CAMERA/Focal_species/Gulo gulo/HLC20-H3/JC/2021/B&W/Robust marks/01.28-06.57/RCNX1212.JPG,RCNX1212.JPG,HLC20-H3_2021_202101280657_RCNX1212.jpg,0.8464599847793579,1622.856689453125,450.04730224609375,715.4951171875,1218.169677734375,3776,2124,715,1218
HLC20-H3,2021,202101280657,JC,0,/Volumes/Seagate Portable Drive/KYLE_AI_DATABASE/A_CAMERA/Focal_species/Gulo gulo/HLC20-H3/JC/2021/B&W/Robust marks/01.28-06.57/RCNX1213.JPG,RCNX1213.JPG,HLC20-H3_2021_202101280657_RCNX1213.jpg,0.8956844806671143,1594.3494873046875,347.52911376953125,770.4168701171875,1297.844482421875,3776,2124,770,1297
HLC20-H3,2021,202101280657,JC,0,/Volumes/Seagate Portable Drive/KYLE_AI_DATABASE/A_CAMERA/Focal_species/Gulo gulo/HLC20-H3/JC/2021/B&W/Robust marks/01.28-06.57/RCNX1214.JPG,RCNX1214.JPG,HLC20-H3_2021_202101280657_RCNX1214.jpg,0.8947833180427551,1623.2989501953125,375.8770751953125,830.3739013671875,1358.740478515625,3776,2124,830,1358
HLC20-H3,2021,202101280657,JC,0,/Volumes/Seagate Portable Drive/KYLE_AI_DATABASE/A_CAMERA/Focal_species/Gulo gulo/HLC20-H3/JC/2021/B&W/Robust marks/01.28-06.57/RCNX1215.JPG,RCNX1215.JPG,HLC20-H3_2021_202101280657_RCNX1215.jpg,0.931684136390686,1616.58544921875,311.5035095214844,762.094970703125,1366.7109375,3776,2124,762,1366
HLC20-H3,2021,202101280657,JC,0,/Volumes/Seagate Portable Drive/KYLE_AI_DATABASE/A_CAMERA/Focal_species/Gulo gulo/HLC20-H3/JC/2021/B&W/Robust marks/01.28-06.57/RCNX1216.JPG,RCNX1216.JPG,HLC20-H3_2021_202101280657_RCNX1216.jpg,0.9245795011520386,1623.091552734375,296.08489990234375,810.805908203125,1394.875,3776,2124,810,1394
HLC20-H3,2021,202101280657,JC,0,/Volumes/Seagate Portable Drive/KYLE_AI_DATABASE/A_CAMERA/Focal_species/Gulo gulo/HLC20-H3/JC/2021/B&W/Robust marks/01.28-06.57/RCNX1217.JPG,RCNX1217.JPG,HLC20-H3_2021_202101280657_RCNX1217.jpg,0.9095618724822998,1637.181640625,234.04685974121094,753.52685546875,1419.7822265625,3776,2124,753,1419
HLC20-H3,2021,202101280657,JC,0,/Volumes/Seagate Portable Drive/KYLE_AI_DATABASE/A_CAMERA/Focal_species/Gulo gulo/HLC20-H3/JC/2021/B&W/Robust marks/01.28-06.57/RCNX1218.JPG,RCNX1218.JPG,HLC20-H3_2021_202101280657_RCNX1218.jpg,0.8529910445213318,1637.5858154296875,245.43443298339844,796.8721923828125,1624.618896484375,3776,2124,796,1624
HLC20-H3,2021,202101280657,JC,0,/Volumes/Seagate Portable Drive/KYLE_AI_DATABASE/A_CAMERA/Focal_species/Gulo gulo/HLC20-H3/JC/2021/B&W/Robust marks/01.28-06.57/RCNX1219.JPG,RCNX1219.JPG,HLC20-H3_2021_202101280657_RCNX1219.jpg,0.9047501087188721,1623.1654052734375,252.94638061523438,858.4078369140625,1413.281494140625,3776,2124,858,1413
HLC20-H3,2021,202101280657,JC,0,/Volumes/Seagate Portable Drive/KYLE_AI_DATABASE/A_CAMERA/Focal_species/Gulo gulo/HLC20-H3/JC/2021/B&W/Robust marks/01.28-06.57/RCNX1220.JPG,RCNX1220.JPG,HLC20-H3_2021_202101280657_RCNX1220.jpg,0.9306643009185791,1617.2164306640625,262.6881408691406,934.2872314453125,1395.1593017578125,3776,2124,934,1395
HLC20-H3,2021,202101280657,JC,0,/Volumes/Seagate Portable Drive/KYLE_AI_DATABASE/A_CAMERA/Focal_species/Gulo gulo/HLC20-H3/JC/2021/B&W/Robust marks/01.28-06.57/RCNX1221.JPG,RCNX1221.JPG,HLC20-H3_2021_202101280657_RCNX1221.jpg,0.9243983626365662,1622.5784912109375,322.33831787109375,937.9359130859375,1333.35400390625,3776,2124,937,1333
HLC20-H3,2021,202101280657,JC,0,/Volumes/Seagate Portable Drive/KYLE_AI_DATABASE/A_CAMERA/Focal_species/Gulo gulo/HLC20-H3/JC/2021/B&W/Robust marks/01.28-06.57/RCNX1222.JPG,RCNX1222.JPG,HLC20-H3_2021_202101280657_RCNX1222.jpg,0.9427869319915771,1602.9027099609375,310.81878662109375,935.8890380859375,1321.150146484375,3776,2124,935,1321
HLC20-H3,2021,202101280657,JC,0,/Volumes/Seagate Portable Drive/KYLE_AI_DATABASE/A_CAMERA/Focal_species/Gulo gulo/HLC20-H3/JC/2021/B&W/Robust marks/01.28-06.57/RCNX1223.JPG,RCNX1223.JPG,HLC20-H3_2021_202101280657_RCNX1223.jpg,0.9439631700515747,1661.6903076171875,164.16351318359375,847.1881103515625,1320.267822265625,3776,2124,847,1320
HLC20-H3,2021,202101280657,JC,0,/Volumes/Seagate Portable Drive/KYLE_AI_DATABASE/A_CAMERA/Focal_species/Gulo gulo/HLC20-H3/JC/2021/B&W/Robust marks/01.28-06.57/RCNX1224.JPG,RCNX1224.JPG,HLC20-H3_2021_202101280657_RCNX1224.jpg,0.9217504858970642,1664.3636474609375,246.2661895751953,812.2750244140625,1251.207275390625,3776,2124,812,1251
HLC20-H3,2021,202101280657,JC,0,/Volumes/Seagate Portable Drive/KYLE_AI_DATABASE/A_CAMERA/Focal_species/Gulo gulo/HLC20-H3/JC/2021/B&W/Robust marks/01.28-06.57/RCNX1225.JPG,RCNX1225.JPG,HLC20-H3_2021_202101280657_RCNX1225.jpg,0.9374527931213379,1633.779052734375,237.00759887695312,882.750244140625,1293.155517578125,3776,2124,882,1293
HLC20-H3,2021,202101280657,JC,0,/Volumes/Seagate Portable Drive/KYLE_AI_DATABASE/A_CAMERA/Focal_species/Gulo gulo/HLC20-H3/JC/2021/B&W/Robust marks/01.28-06.57/RCNX1226.JPG,RCNX1226.JPG,HLC20-H3_2021_202101280657_RCNX1226.jpg,0.9519444704055786,1633.4947509765625,223.12303161621094,930.8372802734375,1327.886474609375,3776,2124,930,1327
HLC20-H3,2021,202101280657,JC,0,/Volumes/Seagate Portable Drive/KYLE_AI_DATABASE/A_CAMERA/Focal_species/Gulo gulo/HLC20-H3/JC/2021/B&W/Robust marks/01.28-06.57/RCNX1227.JPG,RCNX1227.JPG,HLC20-H3_2021_202101280657_RCNX1227.jpg,0.9430074691772461,1626.9102783203125,249.0336151123047,883.8812255859375,1353.7891845703125,3776,2124,883,1353
HLC20-H3,2021,202101280657,JC,0,/Volumes/Seagate Portable Drive/KYLE_AI_DATABASE/A_CAMERA/Focal_species/Gulo gulo/HLC20-H3/JC/2021/B&W/Robust marks/01.28-06.57/RCNX1228.JPG,RCNX1228.JPG,HLC20-H3_2021_202101280657_RCNX1228.jpg,0.9283708930015564,1636.95166015625,342.0647277832031,886.283935546875,1326.378173828125,3776,2124,886,1326
HLC20-H3,2021,202101280657,JC,0,/Volumes/Seagate Portable Drive/KYLE_AI_DATABASE/A_CAMERA/Focal_species/Gulo gulo/HLC20-H3/JC/2021/B&W/Robust marks/01.28-06.57/RCNX1229.JPG,RCNX1229.JPG,HLC20-H3_2021_202101280657_RCNX1229.jpg,0.9211245775222778,1623.6485595703125,353.05712890625,888.1539306640625,1288.7366943359375,3776,2124,888,1288
HLC20-H3,2021,202101280657,JC,0,/Volumes/Seagate Portable Drive/KYLE_AI_DATABASE/A_CAMERA/Focal_species/Gulo gulo/HLC20-H3/JC/2021/B&W/Robust marks/01.28-06.57/RCNX1230.JPG,RCNX1230.JPG,HLC20-H3_2021_202101280657_RCNX1230.jpg,0.9103924036026001,1574.7784423828125,368.8606262207031,930.9403076171875,1299.90185546875,3776,2124,930,1299
HLC20-H3,2021,202101280657,JC,0,/Volumes/Seagate Portable Drive/KYLE_AI_DATABASE/A_CAMERA/Focal_species/Gulo gulo/HLC20-H3/JC/2021/B&W/Robust marks/01.28-06.57/RCNX1231.JPG,RCNX1231.JPG,HLC20-H3_2021_202101280657_RCNX1231.jpg,0.930975079536438,1623.432861328125,294.358642578125,897.67724609375,1428.6156005859375,3776,2124,897,1428
HLC20-H3,2021,202101280657,JC,0,/Volumes/Seagate Portable Drive/KYLE_AI_DATABASE/A_CAMERA/Focal_species/Gulo gulo/HLC20-H3/JC/2021/B&W/Robust marks/01.28-06.57/RCNX1232.JPG,RCNX1232.JPG,HLC20-H3_2021_202101280657_RCNX1232.jpg,0.9133927226066589,1621.7374267578125,332.4068603515625,827.1583251953125,1429.7994384765625,3776,2124,827,1429
HLC20-H3,2021,202101280657,JC,0,/Volumes/Seagate Portable Drive/KYLE_AI_DATABASE/A_CAMERA/Focal_species/Gulo gulo/HLC20-H3/JC/2021/B&W/Robust marks/01.28-06.57/RCNX1233.JPG,RCNX1233.JPG,HLC20-H3_2021_202101280657_RCNX1233.jpg,0.8586358428001404,1644.4945068359375,431.1979064941406,751.2952880859375,1362.1204833984375,3776,2124,751,1362
HLC20-H3,2021,202101280657,JC,0,/Volumes/Seagate Portable Drive/KYLE_AI_DATABASE/A_CAMERA/Focal_species/Gulo gulo/HLC20-H3/JC/2021/B&W/Robust marks/01.28-06.57/RCNX1234.JPG,RCNX1234.JPG,HLC20-H3_2021_202101280657_RCNX1234.jpg,0.9250245094299316,1626.63134765625,392.440185546875,788.321533203125,1198.4722900390625,3776,2124,788,1198
HLC20-H3,2021,202101280657,JC,0,/Volumes/Seagate Portable Drive/KYLE_AI_DATABASE/A_CAMERA/Focal_species/Gulo gulo/HLC20-H3/JC/2021/B&W/Robust marks/01.28-06.57/RCNX1235.JPG,RCNX1235.JPG,HLC20-H3_2021_202101280657_RCNX1235.jpg,0.916100263595581,1628.892822265625,416.70623779296875,821.634521484375,1233.51123046875,3776,2124,821,1233
HLC20-H3,2021,202101280657,JC,0,/Volumes/Seagate Portable Drive/KYLE_AI_DATABASE/A_CAMERA/Focal_species/Gulo gulo/HLC20-H3/JC/2021/B&W/Robust marks/01.28-06.57/RCNX1236.JPG,RCNX1236.JPG,HLC20-H3_2021_202101280657_RCNX1236.jpg,0.9018990397453308,1637.6031494140625,430.7341613769531,813.7266845703125,1257.17431640625,3776,2124,813,1257
HLC20-H3,2021,202101280657,JC,0,/Volumes/Seagate Portable Drive/KYLE_AI_DATABASE/A_CAMERA/Focal_species/Gulo gulo/HLC20-H3/JC/2021/B&W/Robust marks/01.28-06.57/RCNX1237.JPG,RCNX1237.JPG,HLC20-H3_2021_202101280657_RCNX1237.jpg,0.9095152020454407,1625.607666015625,451.3558349609375,821.914306640625,1219.053955078125,3776,2124,821,1219
HLC20-H3,2021,202101280657,JC,0,/Volumes/Seagate Portable Drive/KYLE_AI_DATABASE/A_CAMERA/Focal_species/Gulo gulo/HLC20-H3/JC/2021/B&W/Robust marks/01.28-06.57/RCNX1238.JPG,RCNX1238.JPG,HLC20-H3_2021_202101280657_RCNX1238.jpg,0.8587244749069214,1626.377197265625,34.59453582763672,934.47509765625,1773.08447265625,3776,2124,934,1773
HLC20-H3,2021,202101280657,JC,0,/Volumes/Seagate Portable Drive/KYLE_AI_DATABASE/A_CAMERA/Focal_species/Gulo gulo/HLC20-H3/JC/2021/B&W/Robust marks/01.28-06.57/RCNX1239.JPG,RCNX1239.JPG,HLC20-H3_2021_202101280657_RCNX1239.jpg,0.8450486063957214,1650.0621337890625,703.9163818359375,724.2056884765625,1082.003662109375,3776,2124,724,1082
HLC20-H3,2021,202101280657,JC,0,/Volumes/Seagate Portable Drive/KYLE_AI_DATABASE/A_CAMERA/Focal_species/Gulo gulo/HLC20-H3/JC/2021/B&W/Robust marks/01.28-06.57/RCNX1240.JPG,RCNX1240.JPG,HLC20-H3_2021_202101280657_RCNX1240.jpg,0.8985736966133118,1639.229248046875,493.8151550292969,740.378662109375,1289.6356201171875,3776,2124,740,1289
HLC20-H3,2021,202101280657,JC,0,/Volumes/Seagate Portable Drive/KYLE_AI_DATABASE/A_CAMERA/Focal_species/Gulo gulo/HLC20-H3/JC/2021/B&W/Robust marks/01.28-06.57/RCNX1241.JPG,RCNX1241.JPG,HLC20-H3_2021_202101280657_RCNX1241.jpg,0.9462854862213135,1569.7109375,408.7423095703125,938.08447265625,1149.3314208984375,3776,2124,938,1149
HLC20-H3,2021,202101280657,JC,0,/Volumes/Seagate Portable Drive/KYLE_AI_DATABASE/A_CAMERA/Focal_species/Gulo gulo/HLC20-H3/JC/2021/B&W/Robust marks/01.28-06.57/RCNX1242.JPG,RCNX1242.JPG,HLC20-H3_2021_202101280657_RCNX1242.jpg,0.9043678045272827,1607.205810546875,390.61993408203125,891.059326171875,1301.39453125,3776,2124,891,1301
HLC20-H3,2021,202101280657,JC,0,/Volumes/Seagate Portable Drive/KYLE_AI_DATABASE/A_CAMERA/Focal_species/Gulo gulo/HLC20-H3/JC/2021/B&W/Robust marks/01.28-06.57/RCNX1243.JPG,RCNX1243.JPG,HLC20-H3_2021_202101280657_RCNX1243.jpg,0.8704518675804138,1578.6458740234375,262.9407653808594,932.8055419921875,1321.3343505859375,3776,2124,932,1321
HLC20-H3,2021,202101280657,JC,0,/Volumes/Seagate Portable Drive/KYLE_AI_DATABASE/A_CAMERA/Focal_species/Gulo gulo/HLC20-H3/JC/2021/B&W/Robust marks/01.28-06.57/RCNX1244.JPG,RCNX1244.JPG,HLC20-H3_2021_202101280657_RCNX1244.jpg,0.8562005162239075,1655.2392578125,35.448707580566406,931.906005859375,1432.739501953125,3776,2124,931,1432
HLC20-H3,2021,202101280657,JC,0,/Volumes/Seagate Portable Drive/KYLE_AI_DATABASE/A_CAMERA/Focal_species/Gulo gulo/HLC20-H3/JC/2021/B&W/Robust marks/01.28-06.57/RCNX1245.JPG,RCNX1245.JPG,HLC20-H3_2021_202101280657_RCNX1245.jpg,0.9126505851745605,1625.2593994140625,37.68022537231445,837.8619384765625,1445.9302978515625,3776,2124,837,1445
HLC20-H3,2021,202101280657,JC,0,/Volumes/Seagate Portable Drive/KYLE_AI_DATABASE/A_CAMERA/Focal_species/Gulo gulo/HLC20-H3/JC/2021/B&W/Robust marks/01.28-06.57/RCNX1246.JPG,RCNX1246.JPG,HLC20-H3_2021_202101280657_RCNX1246.jpg,0.907495379447937,1561.94970703125,132.89305114746094,977.75146484375,1322.7459716796875,3776,2124,977,1322
HLC20-H3,2021,202101280657,JC,0,/Volumes/Seagate Portable Drive/KYLE_AI_DATABASE/A_CAMERA/Focal_species/Gulo gulo/HLC20-H3/JC/2021/B&W/Robust marks/01.28-06.57/RCNX1247.JPG,RCNX1247.JPG,HLC20-H3_2021_202101280657_RCNX1247.jpg,0.8768495917320251,1586.134521484375,204.49728393554688,986.18896484375,1322.644287109375,3776,2124,986,1322
HLC20-H3,2021,202101280657,JC,0,/Volumes/Seagate Portable Drive/KYLE_AI_DATABASE/A_CAMERA/Focal_species/Gulo gulo/HLC20-H3/JC/2021/B&W/Robust marks/01.28-06.57/RCNX1248.JPG,RCNX1248.JPG,HLC20-H3_2021_202101280657_RCNX1248.jpg,0.9120982885360718,1634.9375,550.4033203125,898.192138671875,1282.01123046875,3776,2124,898,1282
HLC20-H3,2021,202101280657,JC,0,/Volumes/Seagate Portable Drive/KYLE_AI_DATABASE/A_CAMERA/Focal_species/Gulo gulo/HLC20-H3/JC/2021/B&W/Robust marks/01.28-06.57/RCNX1249.JPG,RCNX1249.JPG,HLC20-H3_2021_202101280657_RCNX1249.jpg,0.8759132623672485,1587.355712890625,571.8505249023438,856.656494140625,1286.256103515625,3776,2124,856,1286
HLC20-H3,2021,202101280657,JC,0,/Volumes/Seagate Portable Drive/KYLE_AI_DATABASE/A_CAMERA/Focal_species/Gulo gulo/HLC20-H3/JC/2021/B&W/Robust marks/01.28-06.57/RCNX1250.JPG,RCNX1250.JPG,HLC20-H3_2021_202101280657_RCNX1250.jpg,0.9046600461006165,1591.5474853515625,719.9545288085938,761.8206787109375,1337.315185546875,3776,2124,761,1337
HLC20-H3,2021,202101280657,JC,0,/Volumes/Seagate Portable Drive/KYLE_AI_DATABASE/A_CAMERA/Focal_species/Gulo gulo/HLC20-H3/JC/2021/B&W/Robust marks/01.28-06.57/RCNX1251.JPG,RCNX1251.JPG,HLC20-H3_2021_202101280657_RCNX1251.jpg,0.8954803943634033,1620.42822265625,1344.5576171875,529.310791015625,569.1729736328125,3776,2124,529,569
HLC20-H3,2021,202101280657,JC,0,/Volumes/Seagate Portable Drive/KYLE_AI_DATABASE/A_CAMERA/Focal_species/Gulo gulo/HLC20-H3/JC/2021/B&W/Robust marks/01.28-06.57/RCNX1252.JPG,RCNX1252.JPG,HLC20-H3_2021_202101280657_RCNX1252.jpg,0.8171273469924927,1580.4970703125,1313.4671630859375,584.083984375,536.7098388671875,3776,2124,584,536
HLC20-H3,2021,202101280657,JC,0,/Volumes/Seagate Portable Drive/KYLE_AI_DATABASE/A_CAMERA/Focal_species/Gulo gulo/HLC20-H3/JC/2021/B&W/Robust marks/01.28-06.57/RCNX1253.JPG,RCNX1253.JPG,HLC20-H3_2021_202101280657_RCNX1253.jpg,0.8861750364303589,1450.866455078125,1326.98046875,697.0244140625,527.4014892578125,3776,2124,697,527
HLC20-H3,2021,202101280657,JC,0,/Volumes/Seagate Portable Drive/KYLE_AI_DATABASE/A_CAMERA/Focal_species/Gulo gulo/HLC20-H3/JC/2021/B&W/Robust marks/01.28-06.57/RCNX1254.JPG,RCNX1254.JPG,HLC20-H3_2021_202101280657_RCNX1254.jpg,0.9066411852836609,1319.283203125,1344.628662109375,584.5665283203125,473.7381591796875,3776,2124,584,473
HLC20-H3,2021,202101280657,JC,0,/Volumes/Seagate Portable Drive/KYLE_AI_DATABASE/A_CAMERA/Focal_species/Gulo gulo/HLC20-H3/JC/2021/B&W/Robust marks/01.28-06.57/RCNX1255.JPG,RCNX1255.JPG,HLC20-H3_2021_202101280657_RCNX1255.jpg,0.9162953495979309,963.2147827148438,1475.0206298828125,875.5667114257812,477.2330322265625,3776,2124,875,477
HLC20-H3,2021,202101280657,JC,0,/Volumes/Seagate Portable Drive/KYLE_AI_DATABASE/A_CAMERA/Focal_species/Gulo gulo/HLC20-H3/JC/2021/B&W/Robust marks/01.28-06.57/RCNX1256.JPG,RCNX1256.JPG,HLC20-H3_2021_202101280657_RCNX1256.jpg,0.9286112785339355,682.2734985351562,1611.5072021484375,815.6189575195312,469.7584228515625,3776,2124,815,469
HLC20-H3,2021,202101280657,JC,0,/Volumes/Seagate Portable Drive/KYLE_AI_DATABASE/A_CAMERA/Focal_species/Gulo gulo/HLC20-H3/JC/2021/B&W/Robust marks/01.28-06.57/RCNX1257.JPG,RCNX1257.JPG,HLC20-H3_2021_202101280657_RCNX1257.jpg,0.9340949654579163,524.6566162109375,1652.8575439453125,840.054931640625,426.5657958984375,3776,2124,840,426
HLC20-H3,2021,202101280657,JC,0,/Volumes/Seagate Portable Drive/KYLE_AI_DATABASE/A_CAMERA/Focal_species/Gulo gulo/HLC20-H3/JC/2021/B&W/Robust marks/01.28-06.57/RCNX1258.JPG,RCNX1258.JPG,HLC20-H3_2021_202101280657_RCNX1258.jpg,0.9269108176231384,97.36444091796875,1764.052734375,777.411376953125,321.32080078125,3776,2124,777,321
HLC20-H3,2021,202101280657,JC,0,/Volumes/Seagate Portable Drive/KYLE_AI_DATABASE/A_CAMERA/Focal_species/Gulo gulo/HLC20-H3/JC/2021/B&W/Robust marks/01.28-06.57/RCNX1262.JPG,RCNX1262.JPG,HLC20-H3_2021_202101280657_RCNX1262.jpg,0.8027825951576233,1622.583251953125,459.80450439453125,606.457275390625,1519.490478515625,3776,2124,606,1519
HLC20-H3,2021,202101280657,JC,0,/Volumes/Seagate Portable Drive/KYLE_AI_DATABASE/A_CAMERA/Focal_species/Gulo gulo/HLC20-H3/JC/2021/B&W/Robust marks/01.28-06.57/RCNX1263.JPG,RCNX1263.JPG,HLC20-H3_2021_202101280657_RCNX1263.jpg,0.8928237557411194,1622.79345703125,471.3270263671875,596.381591796875,1497.524658203125,3776,2124,596,1497
HLC20-H3,2021,202101280657,JC,0,/Volumes/Seagate Portable Drive/KYLE_AI_DATABASE/A_CAMERA/Focal_species/Gulo gulo/HLC20-H3/JC/2021/B&W/Robust marks/01.28-06.57/RCNX1264.JPG,RCNX1264.JPG,HLC20-H3_2021_202101280657_RCNX1264.jpg,0.8668806552886963,1593.1151123046875,684.0521240234375,638.1834716796875,1283.6182861328125,3776,2124,638,1283
HLC20-H3,2021,202101280657,JC,0,/Volumes/Seagate Portable Drive/KYLE_AI_DATABASE/A_CAMERA/Focal_species/Gulo gulo/HLC20-H3/JC/2021/B&W/Robust marks/01.28-06.57/RCNX1265.JPG,RCNX1265.JPG,HLC20-H3_2021_202101280657_RCNX1265.jpg,0.8944212794303894,1565.7247314453125,541.7191162109375,672.5316162109375,1531.5877685546875,3776,2124,672,1531
HLC20-H3,2021,202101280657,JC,0,/Volumes/Seagate Portable Drive/KYLE_AI_DATABASE/A_CAMERA/Focal_species/Gulo gulo/HLC20-H3/JC/2021/B&W/Robust marks/01.28-06.57/RCNX1266.JPG,RCNX1266.JPG,HLC20-H3_2021_202101280657_RCNX1266.jpg,0.8321576118469238,1601.26513671875,593.7349853515625,750.24365234375,1327.87646484375,3776,2124,750,1327
HLC20-H3,2021,202101280657,JC,0,/Volumes/Seagate Portable Drive/KYLE_AI_DATABASE/A_CAMERA/Focal_species/Gulo gulo/HLC20-H3/JC/2021/B&W/Robust marks/01.28-06.57/RCNX1268.JPG,RCNX1268.JPG,HLC20-H3_2021_202101280657_RCNX1268.jpg,0.9215908050537109,1505.570556640625,613.4879150390625,681.7490234375,1467.1436767578125,3776,2124,681,1467
HLC20-H3,2021,202101280657,JC,0,/Volumes/Seagate Portable Drive/KYLE_AI_DATABASE/A_CAMERA/Focal_species/Gulo gulo/HLC20-H3/JC/2021/B&W/Robust marks/01.28-06.57/RCNX1269.JPG,RCNX1269.JPG,HLC20-H3_2021_202101280657_RCNX1269.jpg,0.9232025742530823,1586.9755859375,705.692138671875,589.92529296875,1377.93408203125,3776,2124,589,1377
HLC20-H3,2021,202101280657,JC,0,/Volumes/Seagate Portable Drive/KYLE_AI_DATABASE/A_CAMERA/Focal_species/Gulo gulo/HLC20-H3/JC/2021/B&W/Robust marks/01.28-06.57/RCNX1270.JPG,RCNX1270.JPG,HLC20-H3_2021_202101280657_RCNX1270.jpg,0.8757042288780212,1623.539794921875,695.5890502929688,548.790771484375,1236.39453125,3776,2124,548,1236
HLC20-H3,2021,202101280657,JC,0,/Volumes/Seagate Portable Drive/KYLE_AI_DATABASE/A_CAMERA/Focal_species/Gulo gulo/HLC20-H3/JC/2021/B&W/Robust marks/01.28-06.57/RCNX1271.JPG,RCNX1271.JPG,HLC20-H3_2021_202101280657_RCNX1271.jpg,0.8617694973945618,1579.437744140625,466.9765319824219,555.952392578125,1608.193603515625,3776,2124,555,1608
HLC20-H3,2021,202101280657,JC,0,/Volumes/Seagate Portable Drive/KYLE_AI_DATABASE/A_CAMERA/Focal_species/Gulo gulo/HLC20-H3/JC/2021/B&W/Robust marks/01.28-06.57/RCNX1272.JPG,RCNX1272.JPG,HLC20-H3_2021_202101280657_RCNX1272.jpg,0.9380108118057251,1541.1981201171875,35.00876998901367,696.7125244140625,2041.625,3776,2124,696,2041
HLC20-H3,2021,202101280657,JC,0,/Volumes/Seagate Portable Drive/KYLE_AI_DATABASE/A_CAMERA/Focal_species/Gulo gulo/HLC20-H3/JC/2021/B&W/Robust marks/01.28-06.57/RCNX1273.JPG,RCNX1273.JPG,HLC20-H3_2021_202101280657_RCNX1273.jpg,0.8948178887367249,1494.3682861328125,355.9479675292969,713.8914794921875,1712.67626953125,3776,2124,713,1712
HLC20-H3,2021,202101280657,JC,0,/Volumes/Seagate Portable Drive/KYLE_AI_DATABASE/A_CAMERA/Focal_species/Gulo gulo/HLC20-H3/JC/2021/B&W/Robust marks/01.28-06.57/RCNX1274.JPG,RCNX1274.JPG,HLC20-H3_2021_202101280657_RCNX1274.jpg,0.9073563814163208,1568.9969482421875,482.1114807128906,617.0311279296875,1599.8717041015625,3776,2124,617,1599
HLC20-H3,2021,202101280657,JC,0,/Volumes/Seagate Portable Drive/KYLE_AI_DATABASE/A_CAMERA/Focal_species/Gulo gulo/HLC20-H3/JC/2021/B&W/Robust marks/01.28-06.57/RCNX1275.JPG,RCNX1275.JPG,HLC20-H3_2021_202101280657_RCNX1275.jpg,0.8817603588104248,1582.7034912109375,517.6412963867188,623.9110107421875,1548.568359375,3776,2124,623,1548
HLC20-H3,2021,202101280657,JC,0,/Volumes/Seagate Portable Drive/KYLE_AI_DATABASE/A_CAMERA/Focal_species/Gulo gulo/HLC20-H3/JC/2021/B&W/Robust marks/01.28-06.57/RCNX1276.JPG,RCNX1276.JPG,HLC20-H3_2021_202101280657_RCNX1276.jpg,0.8829745650291443,1424.037353515625,442.4744567871094,755.248779296875,1534.0509033203125,3776,2124,755,1534
HLC20-H3,2021,202101280657,JC,0,/Volumes/Seagate Portable Drive/KYLE_AI_DATABASE/A_CAMERA/Focal_species/Gulo gulo/HLC20-H3/JC/2021/B&W/Robust marks/01.28-06.57/RCNX1280.JPG,RCNX1280.JPG,HLC20-H3_2021_202101280657_RCNX1280.jpg,0.8913764357566833,1378.457275390625,158.6800079345703,979.564453125,1284.324951171875,3776,2124,979,1284
HLC20-H3,2021,202101280657,JC,0,/Volumes/Seagate Portable Drive/KYLE_AI_DATABASE/A_CAMERA/Focal_species/Gulo gulo/HLC20-H3/JC/2021/B&W/Robust marks/01.28-06.57/RCNX1282.JPG,RCNX1282.JPG,HLC20-H3_2021_202101280657_RCNX1282.jpg,0.8298400044441223,1547.2274169921875,44.060752868652344,810.6922607421875,1348.6492919921875,3776,2124,810,1348
HLC20-H3,2021,202101280657,JC,0,/Volumes/Seagate Portable Drive/KYLE_AI_DATABASE/A_CAMERA/Focal_species/Gulo gulo/HLC20-H3/JC/2021/B&W/Robust marks/01.28-06.57/RCNX1283.JPG,RCNX1283.JPG,HLC20-H3_2021_202101280657_RCNX1283.jpg,0.8610415458679199,1611.1993408203125,38.2164421081543,1059.6129150390625,1288.59814453125,3776,2124,1059,1288
HLC20-H3,2021,202101280657,JC,0,/Volumes/Seagate Portable Drive/KYLE_AI_DATABASE/A_CAMERA/Focal_species/Gulo gulo/HLC20-H3/JC/2021/B&W/Robust marks/01.28-06.57/RCNX1284.JPG,RCNX1284.JPG,HLC20-H3_2021_202101280657_RCNX1284.jpg,0.8100287914276123,1489.13427734375,221.11495971679688,840.64697265625,1188.38427734375,3776,2124,840,1188
HLC20-H3,2021,202101280657,JC,0,/Volumes/Seagate Portable Drive/KYLE_AI_DATABASE/A_CAMERA/Focal_species/Gulo gulo/HLC20-H3/JC/2021/B&W/Robust marks/01.28-06.57/RCNX1285.JPG,RCNX1285.JPG,HLC20-H3_2021_202101280657_RCNX1285.jpg,0.9295923709869385,1374.5570068359375,161.63790893554688,950.1204833984375,1261.353515625,3776,2124,950,1261
HLC20-H3,2021,202101280657,JC,0,/Volumes/Seagate Portable Drive/KYLE_AI_DATABASE/A_CAMERA/Focal_species/Gulo gulo/HLC20-H3/JC/2021/B&W/Robust marks/01.28-06.57/RCNX1286.JPG,RCNX1286.JPG,HLC20-H3_2021_202101280657_RCNX1286.jpg,0.8782395720481873,1355.7972412109375,333.365478515625,968.3009033203125,1081.71826171875,3776,2124,968,1081
HLC20-H3,2021,202101280657,JC,0,/Volumes/Seagate Portable Drive/KYLE_AI_DATABASE/A_CAMERA/Focal_species/Gulo gulo/HLC20-H3/JC/2021/B&W/Robust marks/01.28-06.57/RCNX1287.JPG,RCNX1287.JPG,HLC20-H3_2021_202101280657_RCNX1287.jpg,0.840465247631073,1542.4061279296875,252.9706268310547,687.6204833984375,1416.4732666015625,3776,2124,687,1416
HLC20-H3,2021,202101280657,JC,0,/Volumes/Seagate Portable Drive/KYLE_AI_DATABASE/A_CAMERA/Focal_species/Gulo gulo/HLC20-H3/JC/2021/B&W/Robust marks/01.28-06.57/RCNX1289.JPG,RCNX1289.JPG,HLC20-H3_2021_202101280657_RCNX1289.jpg,0.8959892392158508,1544.7716064453125,311.27777099609375,715.2130126953125,1382.758544921875,3776,2124,715,1382
HLC20-H3,2021,202101280657,JC,0,/Volumes/Seagate Portable Drive/KYLE_AI_DATABASE/A_CAMERA/Focal_species/Gulo gulo/HLC20-H3/JC/2021/B&W/Robust marks/01.28-06.57/RCNX1291.JPG,RCNX1291.JPG,HLC20-H3_2021_202101280657_RCNX1291.jpg,0.8757871389389038,1621.8607177734375,306.6321716308594,743.7728271484375,1449.4678955078125,3776,2124,743,1449
HLC20-H3,2021,202101280657,JC,0,/Volumes/Seagate Portable Drive/KYLE_AI_DATABASE/A_CAMERA/Focal_species/Gulo gulo/HLC20-H3/JC/2021/B&W/Robust marks/01.28-06.57/RCNX1292.JPG,RCNX1292.JPG,HLC20-H3_2021_202101280657_RCNX1292.jpg,0.8981414437294006,1603.3348388671875,315.5303955078125,791.5318603515625,1514.949462890625,3776,2124,791,1514
HLC20-H3,2021,202101280657,JC,0,/Volumes/Seagate Portable Drive/KYLE_AI_DATABASE/A_CAMERA/Focal_species/Gulo gulo/HLC20-H3/JC/2021/B&W/Robust marks/01.28-06.57/RCNX1293.JPG,RCNX1293.JPG,HLC20-H3_2021_202101280657_RCNX1293.jpg,0.8744232654571533,1609.400390625,329.7400817871094,724.563232421875,1507.6290283203125,3776,2124,724,1507
HLC20-H3,2021,202101280657,JC,0,/Volumes/Seagate Portable Drive/KYLE_AI_DATABASE/A_CAMERA/Focal_species/Gulo gulo/HLC20-H3/JC/2021/B&W/Robust marks/01.28-06.57/RCNX1294.JPG,RCNX1294.JPG,HLC20-H3_2021_202101280657_RCNX1294.jpg,0.853516161441803,1585.1392822265625,420.34454345703125,815.8072509765625,1340.485595703125,3776,2124,815,1340
HLC20-H3,2021,202101280657,JC,0,/Volumes/Seagate Portable Drive/KYLE_AI_DATABASE/A_CAMERA/Focal_species/Gulo gulo/HLC20-H3/JC/2021/B&W/Robust marks/01.28-06.57/RCNX1295.JPG,RCNX1295.JPG,HLC20-H3_2021_202101280657_RCNX1295.jpg,0.864364504814148,1550.2130126953125,335.22509765625,798.7115478515625,1483.33984375,3776,2124,798,1483
HLC20-H3,2021,202101280657,JC,0,/Volumes/Seagate Portable Drive/KYLE_AI_DATABASE/A_CAMERA/Focal_species/Gulo gulo/HLC20-H3/JC/2021/B&W/Robust marks/01.28-06.57/RCNX1296.JPG,RCNX1296.JPG,HLC20-H3_2021_202101280657_RCNX1296.jpg,0.900364339351654,1432.00244140625,343.1631164550781,971.871826171875,1450.2279052734375,3776,2124,971,1450
HLC20-H3,2021,202101280657,JC,0,/Volumes/Seagate Portable Drive/KYLE_AI_DATABASE/A_CAMERA/Focal_species/Gulo gulo/HLC20-H3/JC/2021/B&W/Robust marks/01.28-06.57/RCNX1297.JPG,RCNX1297.JPG,HLC20-H3_2021_202101280657_RCNX1297.jpg,0.9019491672515869,1440.32763671875,350.7349548339844,962.27978515625,1431.212646484375,3776,2124,962,1431
HLC20-H3,2021,202101280657,JC,0,/Volumes/Seagate Portable Drive/KYLE_AI_DATABASE/A_CAMERA/Focal_species/Gulo gulo/HLC20-H3/JC/2021/B&W/Robust marks/01.28-06.57/RCNX1298.JPG,RCNX1298.JPG,HLC20-H3_2021_202101280657_RCNX1298.jpg,0.8891720175743103,1519.5311279296875,328.2048034667969,669.4661865234375,1754.28173828125,3776,2124,669,1754
HLC20-H3,2021,202101280657,JC,0,/Volumes/Seagate Portable Drive/KYLE_AI_DATABASE/A_CAMERA/Focal_species/Gulo gulo/HLC20-H3/JC/2021/B&W/Robust marks/01.28-06.57/RCNX1299.JPG,RCNX1299.JPG,HLC20-H3_2021_202101280657_RCNX1299.jpg,0.9039449095726013,1491.005126953125,31.880985260009766,803.01025390625,2012.060546875,3776,2124,803,2012
HLC20-H3,2021,202101280657,JC,0,/Volumes/Seagate Portable Drive/KYLE_AI_DATABASE/A_CAMERA/Focal_species/Gulo gulo/HLC20-H3/JC/2021/B&W/Robust marks/01.28-06.57/RCNX1300.JPG,RCNX1300.JPG,HLC20-H3_2021_202101280657_RCNX1300.jpg,0.9181920289993286,1198.9561767578125,706.001953125,1140.3367919921875,1142.832763671875,3776,2124,1140,1142
HLC20-H3,2021,202101280657,JC,0,/Volumes/Seagate Portable Drive/KYLE_AI_DATABASE/A_CAMERA/Focal_species/Gulo gulo/HLC20-H3/JC/2021/B&W/Robust marks/01.28-06.57/RCNX1301.JPG,RCNX1301.JPG,HLC20-H3_2021_202101280657_RCNX1301.jpg,0.9130595922470093,1576.162109375,366.1929016113281,811.1162109375,1687.086669921875,3776,2124,811,1687
HLC20-H3,2021,202101280657,JC,0,/Volumes/Seagate Portable Drive/KYLE_AI_DATABASE/A_CAMERA/Focal_species/Gulo gulo/HLC20-H3/JC/2021/B&W/Robust marks/01.28-06.57/RCNX1302.JPG,RCNX1302.JPG,HLC20-H3_2021_202101280657_RCNX1302.jpg,0.9171867966651917,1324.33447265625,219.21241760253906,659.3541259765625,1836.3818359375,3776,2124,659,1836
HLC20-H3,2021,202101280657,JC,0,/Volumes/Seagate Portable Drive/KYLE_AI_DATABASE/A_CAMERA/Focal_species/Gulo gulo/HLC20-H3/JC/2021/B&W/Robust marks/01.28-06.57/RCNX1303.JPG,RCNX1303.JPG,HLC20-H3_2021_202101280657_RCNX1303.jpg,0.8606730699539185,1150.552001953125,203.08935546875,734.1993408203125,1717.515380859375,3776,2124,734,1717
HLC20-H3,2021,202101280657,JC,0,/Volumes/Seagate Portable Drive/KYLE_AI_DATABASE/A_CAMERA/Focal_species/Gulo gulo/HLC20-H3/JC/2021/B&W/Robust marks/01.28-06.57/RCNX1304.JPG,RCNX1304.JPG,HLC20-H3_2021_202101280657_RCNX1304.jpg,0.931293249130249,1313.528564453125,268.8221130371094,771.3916015625,1540.6622314453125,3776,2124,771,1540
HLC20-H3,2021,202101280657,JC,0,/Volumes/Seagate Portable Drive/KYLE_AI_DATABASE/A_CAMERA/Focal_species/Gulo gulo/HLC20-H3/JC/2021/B&W/Robust marks/01.28-06.57/RCNX1305.JPG,RCNX1305.JPG,HLC20-H3_2021_202101280657_RCNX1305.jpg,0.9129437208175659,1968.143310546875,331.2221984863281,639.842041015625,1707.079833984375,3776,2124,639,1707
HLC20-H3,2021,202101280657,JC,0,/Volumes/Seagate Portable Drive/KYLE_AI_DATABASE/A_CAMERA/Focal_species/Gulo gulo/HLC20-H3/JC/2021/B&W/Robust marks/01.28-06.57/RCNX1306.JPG,RCNX1306.JPG,HLC20-H3_2021_202101280657_RCNX1306.jpg,0.9153390526771545,1781.2227783203125,333.43377685546875,762.1461181640625,1727.446044921875,3776,2124,762,1727
HLC20-H3,2021,202101280657,JC,0,/Volumes/Seagate Portable Drive/KYLE_AI_DATABASE/A_CAMERA/Focal_species/Gulo gulo/HLC20-H3/JC/2021/B&W/Robust marks/01.28-06.57/RCNX1307.JPG,RCNX1307.JPG,HLC20-H3_2021_202101280657_RCNX1307.jpg,0.9470933079719543,1567.34423828125,279.7528991699219,925.412109375,1766.7203369140625,3776,2124,925,1766
HLC20-H3,2021,202101280657,JC,0,/Volumes/Seagate Portable Drive/KYLE_AI_DATABASE/A_CAMERA/Focal_species/Gulo gulo/HLC20-H3/JC/2021/B&W/Robust marks/01.28-06.57/RCNX1309.JPG,RCNX1309.JPG,HLC20-H3_2021_202101280657_RCNX1309.jpg,0.9661459922790527,1663.363525390625,34.88774108886719,854.259765625,1121.54443359375,3776,2124,854,1121
HLC20-H3,2021,202101280657,JC,0,/Volumes/Seagate Portable Drive/KYLE_AI_DATABASE/A_CAMERA/Focal_species/Gulo gulo/HLC20-H3/JC/2021/B&W/Robust marks/01.28-06.57/RCNX1310.JPG,RCNX1310.JPG,HLC20-H3_2021_202101280657_RCNX1310.jpg,0.8097791075706482,1624.22607421875,348.9861145019531,686.753662109375,1158.4427490234375,3776,2124,686,1158
HLC20-H3,2021,202101280657,JC,0,/Volumes/Seagate Portable Drive/KYLE_AI_DATABASE/A_CAMERA/Focal_species/Gulo gulo/HLC20-H3/JC/2021/B&W/Robust marks/01.28-06.57/RCNX1311.JPG,RCNX1311.JPG,HLC20-H3_2021_202101280657_RCNX1311.jpg,0.9211547374725342,1425.565185546875,35.09188461303711,703.444091796875,1993.4388427734375,3776,2124,703,1993
HLC20-H3,2021,202101280657,JC,0,/Volumes/Seagate Portable Drive/KYLE_AI_DATABASE/A_CAMERA/Focal_species/Gulo gulo/HLC20-H3/JC/2021/B&W/Robust marks/01.28-06.57/RCNX1312.JPG,RCNX1312.JPG,HLC20-H3_2021_202101280657_RCNX1312.jpg,0.9315391778945923,1564.55810546875,309.55657958984375,828.812255859375,1770.72705078125,3776,2124,828,1770
HLC20-H3,2021,202101280657,JC,0,/Volumes/Seagate Portable Drive/KYLE_AI_DATABASE/A_CAMERA/Focal_species/Gulo gulo/HLC20-H3/JC/2021/B&W/Robust marks/01.28-06.57/RCNX1313.JPG,RCNX1313.JPG,HLC20-H3_2021_202101280657_RCNX1313.jpg,0.9038682579994202,1550.5726318359375,310.8970947265625,830.9083251953125,1771.3289794921875,3776,2124,830,1771
HLC20-H3,2021,202101280657,JC,0,/Volumes/Seagate Portable Drive/KYLE_AI_DATABASE/A_CAMERA/Focal_species/Gulo gulo/HLC20-H3/JC/2021/B&W/Robust marks/01.28-06.57/RCNX1314.JPG,RCNX1314.JPG,HLC20-H3_2021_202101280657_RCNX1314.jpg,0.9481813907623291,1479.02001953125,313.23419189453125,864.37109375,1767.735107421875,3776,2124,864,1767
HLC20-H3,2021,202101280657,JC,0,/Volumes/Seagate Portable Drive/KYLE_AI_DATABASE/A_CAMERA/Focal_species/Gulo gulo/HLC20-H3/JC/2021/B&W/Robust marks/01.28-06.57/RCNX1315.JPG,RCNX1315.JPG,HLC20-H3_2021_202101280657_RCNX1315.jpg,0.9360169172286987,1485.193115234375,318.7758483886719,877.086181640625,1762.408447265625,3776,2124,877,1762
HLC20-H3,2021,202101280657,JC,0,/Volumes/Seagate Portable Drive/KYLE_AI_DATABASE/A_CAMERA/Focal_species/Gulo gulo/HLC20-H3/JC/2021/B&W/Robust marks/01.28-06.57/RCNX1316.JPG,RCNX1316.JPG,HLC20-H3_2021_202101280657_RCNX1316.jpg,0.9310576915740967,1605.470458984375,330.3849792480469,855.307861328125,1754.78515625,3776,2124,855,1754
HLC20-H3,2021,202101280657,JC,0,/Volumes/Seagate Portable Drive/KYLE_AI_DATABASE/A_CAMERA/Focal_species/Gulo gulo/HLC20-H3/JC/2021/B&W/Robust marks/01.28-06.57/RCNX1317.JPG,RCNX1317.JPG,HLC20-H3_2021_202101280657_RCNX1317.jpg,0.927793025970459,1492.20947265625,240.29356384277344,882.468505859375,1159.01513671875,3776,2124,882,1159
HLC20-H3,2021,202101280657,JC,0,/Volumes/Seagate Portable Drive/KYLE_AI_DATABASE/A_CAMERA/Focal_species/Gulo gulo/HLC20-H3/JC/2021/B&W/Robust marks/01.28-06.57/RCNX1318.JPG,RCNX1318.JPG,HLC20-H3_2021_202101280657_RCNX1318.jpg,0.9235944747924805,1475.086181640625,37.00088882446289,768.908447265625,1910.81689453125,3776,2124,768,1910
HLC20-H3,2021,202101280657,JC,0,/Volumes/Seagate Portable Drive/KYLE_AI_DATABASE/A_CAMERA/Focal_species/Gulo gulo/HLC20-H3/JC/2021/B&W/Robust marks/01.28-06.57/RCNX1319.JPG,RCNX1319.JPG,HLC20-H3_2021_202101280657_RCNX1319.jpg,0.9331642389297485,1136.1583251953125,378.7927551269531,822.0765380859375,1687.838134765625,3776,2124,822,1687
HLC20-H3,2021,202101280657,JC,0,/Volumes/Seagate Portable Drive/KYLE_AI_DATABASE/A_CAMERA/Focal_species/Gulo gulo/HLC20-H3/JC/2021/B&W/Robust marks/01.28-06.57/RCNX1320.JPG,RCNX1320.JPG,HLC20-H3_2021_202101280657_RCNX1320.jpg,0.9412943124771118,1162.3463134765625,296.0185241699219,797.197998046875,1674.447998046875,3776,2124,797,1674
HLC20-H3,2021,202101280657,JC,0,/Volumes/Seagate Portable Drive/KYLE_AI_DATABASE/A_CAMERA/Focal_species/Gulo gulo/HLC20-H3/JC/2021/B&W/Robust marks/01.28-06.57/RCNX1321.JPG,RCNX1321.JPG,HLC20-H3_2021_202101280657_RCNX1321.jpg,0.9376785159111023,1590.1678466796875,40.10911560058594,868.5792236328125,1879.1387939453125,3776,2124,868,1879
HLC20-H3,2021,202101280657,JC,0,/Volumes/Seagate Portable Drive/KYLE_AI_DATABASE/A_CAMERA/Focal_species/Gulo gulo/HLC20-H3/JC/2021/B&W/Robust marks/01.28-06.57/RCNX1322.JPG,RCNX1322.JPG,HLC20-H3_2021_202101280657_RCNX1322.jpg,0.9511874914169312,1574.289306640625,381.02545166015625,916.54931640625,1701.615966796875,3776,2124,916,1701
HLC20-H3,2021,202101280657,JC,0,/Volumes/Seagate Portable Drive/KYLE_AI_DATABASE/A_CAMERA/Focal_species/Gulo gulo/HLC20-H3/JC/2021/B&W/Robust marks/01.28-06.57/RCNX1323.JPG,RCNX1323.JPG,HLC20-H3_2021_202101280657_RCNX1323.jpg,0.9576827883720398,1572.8507080078125,340.7747497558594,909.5159912109375,1743.7525634765625,3776,2124,909,1743
HLC20-H3,2021,202101280657,JC,0,/Volumes/Seagate Portable Drive/KYLE_AI_DATABASE/A_CAMERA/Focal_species/Gulo gulo/HLC20-H3/JC/2021/B&W/Robust marks/01.28-06.57/RCNX1324.JPG,RCNX1324.JPG,HLC20-H3_2021_202101280657_RCNX1324.jpg,0.9263020753860474,1830.4373779296875,325.9445495605469,725.1544189453125,1716.5296630859375,3776,2124,725,1716
HLC20-H3,2021,202101280657,JC,0,/Volumes/Seagate Portable Drive/KYLE_AI_DATABASE/A_CAMERA/Focal_species/Gulo gulo/HLC20-H3/JC/2021/B&W/Robust marks/01.28-06.57/RCNX1325.JPG,RCNX1325.JPG,HLC20-H3_2021_202101280657_RCNX1325.jpg,0.9025841355323792,1893.76123046875,386.654296875,686.736572265625,1548.8795166015625,3776,2124,686,1548
HLC20-H3,2021,202101280657,JC,0,/Volumes/Seagate Portable Drive/KYLE_AI_DATABASE/A_CAMERA/Focal_species/Gulo gulo/HLC20-H3/JC/2021/B&W/Robust marks/01.28-06.57/RCNX1326.JPG,RCNX1326.JPG,HLC20-H3_2021_202101280657_RCNX1326.jpg,0.9348364472389221,1859.7720947265625,307.7492980957031,720.3016357421875,1737.7696533203125,3776,2124,720,1737
HLC20-H3,2021,202101280657,JC,0,/Volumes/Seagate Portable Drive/KYLE_AI_DATABASE/A_CAMERA/Focal_species/Gulo gulo/HLC20-H3/JC/2021/B&W/Robust marks/01.28-06.57/RCNX1327.JPG,RCNX1327.JPG,HLC20-H3_2021_202101280657_RCNX1327.jpg,0.8960086703300476,1835.5262451171875,326.4313049316406,699.0982666015625,1754.9459228515625,3776,2124,699,1754
HLC20-H3,2021,202101280657,JC,0,/Volumes/Seagate Portable Drive/KYLE_AI_DATABASE/A_CAMERA/Focal_species/Gulo gulo/HLC20-H3/JC/2021/B&W/Robust marks/01.28-06.57/RCNX1328.JPG,RCNX1328.JPG,HLC20-H3_2021_202101280657_RCNX1328.jpg,0.9438830614089966,1589.9949951171875,36.26110076904297,969.5216064453125,1917.411376953125,3776,2124,969,1917
HLC20-H3,2021,202101280657,JC,0,/Volumes/Seagate Portable Drive/KYLE_AI_DATABASE/A_CAMERA/Focal_species/Gulo gulo/HLC20-H3/JC/2021/B&W/Robust marks/01.28-06.57/RCNX1329.JPG,RCNX1329.JPG,HLC20-H3_2021_202101280657_RCNX1329.jpg,0.9248489141464233,1557.49658203125,37.453041076660156,908.12158203125,1858.20166015625,3776,2124,908,1858
HLC20-H3,2021,202101280657,JC,0,/Volumes/Seagate Portable Drive/KYLE_AI_DATABASE/A_CAMERA/Focal_species/Gulo gulo/HLC20-H3/JC/2021/B&W/Robust marks/01.28-06.57/RCNX1330.JPG,RCNX1330.JPG,HLC20-H3_2021_202101280657_RCNX1330.jpg,0.9355427622795105,1544.1676025390625,214.0414276123047,935.9488525390625,1621.120361328125,3776,2124,935,1621
HLC20-H3,2021,202101280657,JC,0,/Volumes/Seagate Portable Drive/KYLE_AI_DATABASE/A_CAMERA/Focal_species/Gulo gulo/HLC20-H3/JC/2021/B&W/Robust marks/01.28-06.57/RCNX1331.JPG,RCNX1331.JPG,HLC20-H3_2021_202101280657_RCNX1331.jpg,0.9336426854133606,1371.6527099609375,37.36328125,961.6578369140625,2041.855712890625,3776,2124,961,2041
HLC20-H3,2021,202101280657,JC,0,/Volumes/Seagate Portable Drive/KYLE_AI_DATABASE/A_CAMERA/Focal_species/Gulo gulo/HLC20-H3/JC/2021/B&W/Robust marks/01.28-06.57/RCNX1332.JPG,RCNX1332.JPG,HLC20-H3_2021_202101280657_RCNX1332.jpg,0.9243719577789307,1337.5750732421875,34.91907501220703,741.9805908203125,1921.7984619140625,3776,2124,741,1921
HLC20-H3,2021,202101280657,JC,0,/Volumes/Seagate Portable Drive/KYLE_AI_DATABASE/A_CAMERA/Focal_species/Gulo gulo/HLC20-H3/JC/2021/B&W/Robust marks/01.28-06.57/RCNX1333.JPG,RCNX1333.JPG,HLC20-H3_2021_202101280657_RCNX1333.jpg,0.9405931830406189,1890.3297119140625,364.7750549316406,726.5157470703125,1701.0084228515625,3776,2124,726,1701
HLC20-H3,2021,202101280657,JC,0,/Volumes/Seagate Portable Drive/KYLE_AI_DATABASE/A_CAMERA/Focal_species/Gulo gulo/HLC20-H3/JC/2021/B&W/Robust marks/01.28-06.57/RCNX1334.JPG,RCNX1334.JPG,HLC20-H3_2021_202101280657_RCNX1334.jpg,0.925853967666626,1645.687255859375,318.952392578125,828.7353515625,1499.9346923828125,3776,2124,828,1499
HLC20-H3,2021,202101280657,JC,0,/Volumes/Seagate Portable Drive/KYLE_AI_DATABASE/A_CAMERA/Focal_species/Gulo gulo/HLC20-H3/JC/2021/B&W/Robust marks/01.28-06.57/RCNX1335.JPG,RCNX1335.JPG,HLC20-H3_2021_202101280657_RCNX1335.jpg,0.9401025176048279,1557.014892578125,340.7698059082031,906.437744140625,1496.936767578125,3776,2124,906,1496
HLC20-H3,2021,202101280657,JC,0,/Volumes/Seagate Portable Drive/KYLE_AI_DATABASE/A_CAMERA/Focal_species/Gulo gulo/HLC20-H3/JC/2021/B&W/Robust marks/01.28-06.57/RCNX1336.JPG,RCNX1336.JPG,HLC20-H3_2021_202101280657_RCNX1336.jpg,0.935932457447052,1549.7901611328125,330.24456787109375,903.4595947265625,1498.176025390625,3776,2124,903,1498
HLC20-H3,2021,202101280657,JC,0,/Volumes/Seagate Portable Drive/KYLE_AI_DATABASE/A_CAMERA/Focal_species/Gulo gulo/HLC20-H3/JC/2021/B&W/Robust marks/01.28-06.57/RCNX1337.JPG,RCNX1337.JPG,HLC20-H3_2021_202101280657_RCNX1337.jpg,0.9479207992553711,1564.0584716796875,325.7568664550781,919.4107666015625,1514.2901611328125,3776,2124,919,1514
HLC20-H3,2021,202101280657,JC,0,/Volumes/Seagate Portable Drive/KYLE_AI_DATABASE/A_CAMERA/Focal_species/Gulo gulo/HLC20-H3/JC/2021/B&W/Robust marks/01.28-06.57/RCNX1338.JPG,RCNX1338.JPG,HLC20-H3_2021_202101280657_RCNX1338.jpg,0.9314442873001099,1551.9583740234375,319.5685119628906,895.7384033203125,1503.9835205078125,3776,2124,895,1503
HLC20-H3,2021,202101280657,JC,0,/Volumes/Seagate Portable Drive/KYLE_AI_DATABASE/A_CAMERA/Focal_species/Gulo gulo/HLC20-H3/JC/2021/B&W/Robust marks/01.28-06.57/RCNX1339.JPG,RCNX1339.JPG,HLC20-H3_2021_202101280657_RCNX1339.jpg,0.9405633211135864,1554.2318115234375,293.9300537109375,896.6058349609375,1547.1297607421875,3776,2124,896,1547
HLC20-H3,2021,202101280657,JC,0,/Volumes/Seagate Portable Drive/KYLE_AI_DATABASE/A_CAMERA/Focal_species/Gulo gulo/HLC20-H3/JC/2021/B&W/Robust marks/01.28-06.57/RCNX1340.JPG,RCNX1340.JPG,HLC20-H3_2021_202101280657_RCNX1340.jpg,0.9199302792549133,1565.6888427734375,262.92755126953125,886.2130126953125,1580.35595703125,3776,2124,886,1580
HLC20-H3,2021,202101280657,JC,0,/Volumes/Seagate Portable Drive/KYLE_AI_DATABASE/A_CAMERA/Focal_species/Gulo gulo/HLC20-H3/JC/2021/B&W/Robust marks/01.28-06.57/RCNX1341.JPG,RCNX1341.JPG,HLC20-H3_2021_202101280657_RCNX1341.jpg,0.9272013902664185,1512.8232421875,302.41644287109375,903.38037109375,1450.7861328125,3776,2124,903,1450
HLC20-H3,2021,202101280657,JC,0,/Volumes/Seagate Portable Drive/KYLE_AI_DATABASE/A_CAMERA/Focal_species/Gulo gulo/HLC20-H3/JC/2021/B&W/Robust marks/01.28-06.57/RCNX1342.JPG,RCNX1342.JPG,HLC20-H3_2021_202101280657_RCNX1342.jpg,0.9644057750701904,1391.5782470703125,37.52400207519531,796.7523193359375,1325.85498046875,3776,2124,796,1325
HLC20-H3,2021,202101280657,JC,0,/Volumes/Seagate Portable Drive/KYLE_AI_DATABASE/A_CAMERA/Focal_species/Gulo gulo/HLC20-H3/JC/2021/B&W/Robust marks/01.28-06.57/RCNX1343.JPG,RCNX1343.JPG,HLC20-H3_2021_202101280657_RCNX1343.jpg,0.9550563097000122,1420.7550048828125,38.17352294921875,791.1031494140625,1394.77392578125,3776,2124,791,1394
HLC20-H3,2021,202101280657,JC,0,/Volumes/Seagate Portable Drive/KYLE_AI_DATABASE/A_CAMERA/Focal_species/Gulo gulo/HLC20-H3/JC/2021/B&W/Robust marks/01.28-06.57/RCNX1344.JPG,RCNX1344.JPG,HLC20-H3_2021_202101280657_RCNX1344.jpg,0.9533404111862183,1412.4765625,282.80535888671875,767.908203125,1158.274169921875,3776,2124,767,1158
HLC20-H3,2021,202101280657,JC,0,/Volumes/Seagate Portable Drive/KYLE_AI_DATABASE/A_CAMERA/Focal_species/Gulo gulo/HLC20-H3/JC/2021/B&W/Robust marks/01.28-06.57/RCNX1345.JPG,RCNX1345.JPG,HLC20-H3_2021_202101280657_RCNX1345.jpg,0.942478358745575,1486.5235595703125,258.2384338378906,655.1568603515625,990.37890625,3776,2124,655,990
HLC20-H3,2021,202101280657,JC,0,/Volumes/Seagate Portable Drive/KYLE_AI_DATABASE/A_CAMERA/Focal_species/Gulo gulo/HLC20-H3/JC/2021/B&W/Robust marks/01.28-06.57/RCNX1346.JPG,RCNX1346.JPG,HLC20-H3_2021_202101280657_RCNX1346.jpg,0.8625071048736572,1511.1949462890625,210.78953552246094,673.7520751953125,926.2196044921875,3776,2124,673,926
HLC20-H3,2021,202101280657,JC,0,/Volumes/Seagate Portable Drive/KYLE_AI_DATABASE/A_CAMERA/Focal_species/Gulo gulo/HLC20-H3/JC/2021/B&W/Robust marks/01.28-06.57/RCNX1347.JPG,RCNX1347.JPG,HLC20-H3_2021_202101280657_RCNX1347.jpg,0.9143171310424805,1491.09326171875,211.3445281982422,694.917724609375,927.6129760742188,3776,2124,694,927
HLC20-H3,2021,202101280657,JC,0,/Volumes/Seagate Portable Drive/KYLE_AI_DATABASE/A_CAMERA/Focal_species/Gulo gulo/HLC20-H3/JC/2021/B&W/Robust marks/01.28-06.57/RCNX1348.JPG,RCNX1348.JPG,HLC20-H3_2021_202101280657_RCNX1348.jpg,0.9096531867980957,1404.4227294921875,235.43218994140625,811.2276611328125,995.9754028320312,3776,2124,811,995
HLC20-H3,2021,202101280657,JC,0,/Volumes/Seagate Portable Drive/KYLE_AI_DATABASE/A_CAMERA/Focal_species/Gulo gulo/HLC20-H3/JC/2021/B&W/Robust marks/01.28-06.57/RCNX1349.JPG,RCNX1349.JPG,HLC20-H3_2021_202101280657_RCNX1349.jpg,0.9155205488204956,1429.04833984375,207.0741729736328,701.84716796875,1296.5302734375,3776,2124,701,1296
HLC20-H3,2021,202101280657,JC,0,/Volumes/Seagate Portable Drive/KYLE_AI_DATABASE/A_CAMERA/Focal_species/Gulo gulo/HLC20-H3/JC/2021/B&W/Robust marks/01.28-06.57/RCNX1350.JPG,RCNX1350.JPG,HLC20-H3_2021_202101280657_RCNX1350.jpg,0.9051637053489685,1502.6636962890625,211.75616455078125,629.7144775390625,1073.945068359375,3776,2124,629,1073
HLC20-H3,2021,202101280657,JC,0,/Volumes/Seagate Portable Drive/KYLE_AI_DATABASE/A_CAMERA/Focal_species/Gulo gulo/HLC20-H3/JC/2021/B&W/Robust marks/01.28-06.57/RCNX1351.JPG,RCNX1351.JPG,HLC20-H3_2021_202101280657_RCNX1351.jpg,0.9474740028381348,1463.4456787109375,36.799659729003906,607.3026123046875,1094.5718994140625,3776,2124,607,1094
HLC20-H3,2021,202101280657,JC,0,/Volumes/Seagate Portable Drive/KYLE_AI_DATABASE/A_CAMERA/Focal_species/Gulo gulo/HLC20-H3/JC/2021/B&W/Robust marks/01.28-06.57/RCNX1352.JPG,RCNX1352.JPG,HLC20-H3_2021_202101280657_RCNX1352.jpg,0.9127464294433594,1469.242919921875,37.18433380126953,599.05615234375,1091.707763671875,3776,2124,599,1091
HLC20-H3,2021,202101280657,JC,0,/Volumes/Seagate Portable Drive/KYLE_AI_DATABASE/A_CAMERA/Focal_species/Gulo gulo/HLC20-H3/JC/2021/B&W/Robust marks/01.28-06.57/RCNX1353.JPG,RCNX1353.JPG,HLC20-H3_2021_202101280657_RCNX1353.jpg,0.9044365882873535,1413.0521240234375,37.815940856933594,662.5125732421875,1124.8765869140625,3776,2124,662,1124
HLC20-H3,2021,202101280657,JC,0,/Volumes/Seagate Portable Drive/KYLE_AI_DATABASE/A_CAMERA/Focal_species/Gulo gulo/HLC20-H3/JC/2021/B&W/Robust marks/01.28-06.57/RCNX1354.JPG,RCNX1354.JPG,HLC20-H3_2021_202101280657_RCNX1354.jpg,0.9648226499557495,1435.2449951171875,36.62830352783203,670.4947509765625,1064.607421875,3776,2124,670,1064
HLC20-H3,2021,202101280657,JC,0,/Volumes/Seagate Portable Drive/KYLE_AI_DATABASE/A_CAMERA/Focal_species/Gulo gulo/HLC20-H3/JC/2021/B&W/Robust marks/01.28-06.57/RCNX1356.JPG,RCNX1356.JPG,HLC20-H3_2021_202101280657_RCNX1356.jpg,0.9182389974594116,1459.5963134765625,33.38436508178711,1013.8907470703125,1472.6729736328125,3776,2124,1013,1472
HLC20-H3,2021,202101280657,JC,0,/Volumes/Seagate Portable Drive/KYLE_AI_DATABASE/A_CAMERA/Focal_species/Gulo gulo/HLC20-H3/JC/2021/B&W/Robust marks/01.28-06.57/RCNX1358.JPG,RCNX1358.JPG,HLC20-H3_2021_202101280657_RCNX1358.jpg,0.8790022134780884,1462.280029296875,35.19474792480469,851.980224609375,1124.8836669921875,3776,2124,851,1124
HLC20-H3,2021,202101280657,JC,0,/Volumes/Seagate Portable Drive/KYLE_AI_DATABASE/A_CAMERA/Focal_species/Gulo gulo/HLC20-H3/JC/2021/B&W/Robust marks/01.28-06.57/RCNX1359.JPG,RCNX1359.JPG,HLC20-H3_2021_202101280657_RCNX1359.jpg,0.902643084526062,1342.81494140625,45.667850494384766,720.841064453125,1037.4422607421875,3776,2124,720,1037
HLC20-H3,2021,202101280657,JC,0,/Volumes/Seagate Portable Drive/KYLE_AI_DATABASE/A_CAMERA/Focal_species/Gulo gulo/HLC20-H3/JC/2021/B&W/Robust marks/01.28-06.57/RCNX1361.JPG,RCNX1361.JPG,HLC20-H3_2021_202101280657_RCNX1361.jpg,0.9085182547569275,1490.337890625,290.6167907714844,883.31640625,1359.35107421875,3776,2124,883,1359
HLC20-H3,2021,202101280657,JC,0,/Volumes/Seagate Portable Drive/KYLE_AI_DATABASE/A_CAMERA/Focal_species/Gulo gulo/HLC20-H3/JC/2021/B&W/Robust marks/01.28-06.57/RCNX1362.JPG,RCNX1362.JPG,HLC20-H3_2021_202101280657_RCNX1362.jpg,0.9434649348258972,1225.730224609375,352.1900329589844,847.029296875,1578.06494140625,3776,2124,847,1578
HLC20-H3,2021,202101280657,JC,0,/Volumes/Seagate Portable Drive/KYLE_AI_DATABASE/A_CAMERA/Focal_species/Gulo gulo/HLC20-H3/JC/2021/B&W/Robust marks/01.28-06.57/RCNX1364.JPG,RCNX1364.JPG,HLC20-H3_2021_202101280657_RCNX1364.jpg,0.9277529120445251,1438.8948974609375,33.39537811279297,680.3314208984375,2004.8719482421875,3776,2124,680,2004
HLC20-H3,2021,202101280657,JC,0,/Volumes/Seagate Portable Drive/KYLE_AI_DATABASE/A_CAMERA/Focal_species/Gulo gulo/HLC20-H3/JC/2021/B&W/Robust marks/01.28-06.57/RCNX1365.JPG,RCNX1365.JPG,HLC20-H3_2021_202101280657_RCNX1365.jpg,0.9280502200126648,1284.3916015625,369.9535217285156,810.19677734375,1681.7303466796875,3776,2124,810,1681
HLC20-H3,2021,202101280657,JC,0,/Volumes/Seagate Portable Drive/KYLE_AI_DATABASE/A_CAMERA/Focal_species/Gulo gulo/HLC20-H3/JC/2021/B&W/Robust marks/01.28-06.57/RCNX1366.JPG,RCNX1366.JPG,HLC20-H3_2021_202101280657_RCNX1366.jpg,0.9462572932243347,1366.5882568359375,382.00921630859375,727.0223388671875,1696.217041015625,3776,2124,727,1696
HLC20-H3,2021,202101280657,JC,0,/Volumes/Seagate Portable Drive/KYLE_AI_DATABASE/A_CAMERA/Focal_species/Gulo gulo/HLC20-H3/JC/2021/B&W/Robust marks/01.28-06.57/RCNX1367.JPG,RCNX1367.JPG,HLC20-H3_2021_202101280657_RCNX1367.jpg,0.9518389701843262,1540.425048828125,33.58185958862305,873.502197265625,1489.9681396484375,3776,2124,873,1489
HLC20-H3,2021,202101280657,JC,0,/Volumes/Seagate Portable Drive/KYLE_AI_DATABASE/A_CAMERA/Focal_species/Gulo gulo/HLC20-H3/JC/2021/B&W/Robust marks/01.28-06.57/RCNX1368.JPG,RCNX1368.JPG,HLC20-H3_2021_202101280657_RCNX1368.jpg,0.907595157623291,1492.4193115234375,36.415428161621094,759.3487548828125,2015.7137451171875,3776,2124,759,2015
HLC20-H3,2021,202101280657,JC,0,/Volumes/Seagate Portable Drive/KYLE_AI_DATABASE/A_CAMERA/Focal_species/Gulo gulo/HLC20-H3/JC/2021/B&W/Robust marks/01.28-06.57/RCNX1369.JPG,RCNX1369.JPG,HLC20-H3_2021_202101280657_RCNX1369.jpg,0.935370147228241,1388.6392822265625,399.14422607421875,811.1312255859375,1683.849853515625,3776,2124,811,1683
HLC20-H3,2021,202101280657,JC,0,/Volumes/Seagate Portable Drive/KYLE_AI_DATABASE/A_CAMERA/Focal_species/Gulo gulo/HLC20-H3/JC/2021/B&W/Robust marks/01.28-06.57/RCNX1370.JPG,RCNX1370.JPG,HLC20-H3_2021_202101280657_RCNX1370.jpg,0.9487844109535217,1255.1248779296875,440.1039733886719,812.7164306640625,1642.833740234375,3776,2124,812,1642
HLC20-H3,2021,202101280657,JC,0,/Volumes/Seagate Portable Drive/KYLE_AI_DATABASE/A_CAMERA/Focal_species/Gulo gulo/HLC20-H3/JC/2021/B&W/Robust marks/01.28-06.57/RCNX1371.JPG,RCNX1371.JPG,HLC20-H3_2021_202101280657_RCNX1371.jpg,0.8802997469902039,1894.6630859375,34.4019775390625,656.5029296875,2047.1795654296875,3776,2124,656,2047
HLC20-H3,2021,202101280657,JC,0,/Volumes/Seagate Portable Drive/KYLE_AI_DATABASE/A_CAMERA/Focal_species/Gulo gulo/HLC20-H3/JC/2021/B&W/Robust marks/01.28-06.57/RCNX1372.JPG,RCNX1372.JPG,HLC20-H3_2021_202101280657_RCNX1372.jpg,0.9522103071212769,1845.3663330078125,406.5856018066406,899.4315185546875,1675.0377197265625,3776,2124,899,1675
HLC20-H3,2021,202101280657,JC,0,/Volumes/Seagate Portable Drive/KYLE_AI_DATABASE/A_CAMERA/Focal_species/Gulo gulo/HLC20-H3/JC/2021/B&W/Robust marks/01.28-06.57/RCNX1373.JPG,RCNX1373.JPG,HLC20-H3_2021_202101280657_RCNX1373.jpg,0.9229331016540527,1643.84521484375,35.38945770263672,811.983154296875,1602.8543701171875,3776,2124,811,1602
HLC20-H3,2021,202101280657,JC,0,/Volumes/Seagate Portable Drive/KYLE_AI_DATABASE/A_CAMERA/Focal_species/Gulo gulo/HLC20-H3/JC/2021/B&W/Robust marks/01.28-06.57/RCNX1374.JPG,RCNX1374.JPG,HLC20-H3_2021_202101280657_RCNX1374.jpg,0.9256196022033691,1601.524169921875,423.89141845703125,727.643798828125,1632.192138671875,3776,2124,727,1632
HLC20-H3,2021,202101280657,JC,0,/Volumes/Seagate Portable Drive/KYLE_AI_DATABASE/A_CAMERA/Focal_species/Gulo gulo/HLC20-H3/JC/2021/B&W/Robust marks/01.28-06.57/RCNX1375.JPG,RCNX1375.JPG,HLC20-H3_2021_202101280657_RCNX1375.jpg,0.9295057058334351,1548.9295654296875,421.1913757324219,836.3621826171875,1663.001953125,3776,2124,836,1663
HLC20-H3,2021,202101280657,JC,0,/Volumes/Seagate Portable Drive/KYLE_AI_DATABASE/A_CAMERA/Focal_species/Gulo gulo/HLC20-H3/JC/2021/B&W/Robust marks/01.28-06.57/RCNX1376.JPG,RCNX1376.JPG,HLC20-H3_2021_202101280657_RCNX1376.jpg,0.9369463324546814,1503.58837890625,414.4367980957031,811.30908203125,1669.536376953125,3776,2124,811,1669
HLC20-H3,2021,202101280657,JC,0,/Volumes/Seagate Portable Drive/KYLE_AI_DATABASE/A_CAMERA/Focal_species/Gulo gulo/HLC20-H3/JC/2021/B&W/Robust marks/01.28-06.57/RCNX1377.JPG,RCNX1377.JPG,HLC20-H3_2021_202101280657_RCNX1377.jpg,0.9337013363838196,1234.013916015625,251.7517852783203,701.3463134765625,1774.94091796875,3776,2124,701,1774
HLC20-H3,2021,202101280657,JC,0,/Volumes/Seagate Portable Drive/KYLE_AI_DATABASE/A_CAMERA/Focal_species/Gulo gulo/HLC20-H3/JC/2021/B&W/Robust marks/01.28-06.57/RCNX1378.JPG,RCNX1378.JPG,HLC20-H3_2021_202101280657_RCNX1378.jpg,0.8888680934906006,1341.9083251953125,480.2917175292969,753.3255615234375,1595.48779296875,3776,2124,753,1595
HLC20-H3,2021,202101280657,JC,0,/Volumes/Seagate Portable Drive/KYLE_AI_DATABASE/A_CAMERA/Focal_species/Gulo gulo/HLC20-H3/JC/2021/B&W/Robust marks/01.28-06.57/RCNX1379.JPG,RCNX1379.JPG,HLC20-H3_2021_202101280657_RCNX1379.jpg,0.9266810417175293,1741.9986572265625,376.0556335449219,790.0164794921875,1627.2884521484375,3776,2124,790,1627
HLC20-H3,2021,202101280657,JC,0,/Volumes/Seagate Portable Drive/KYLE_AI_DATABASE/A_CAMERA/Focal_species/Gulo gulo/HLC20-H3/JC/2021/B&W/Robust marks/01.28-06.57/RCNX1380.JPG,RCNX1380.JPG,HLC20-H3_2021_202101280657_RCNX1380.jpg,0.9295033812522888,1539.407470703125,32.39649963378906,1147.654296875,1437.8583984375,3776,2124,1147,1437
HLC20-H3,2021,202101280657,JC,0,/Volumes/Seagate Portable Drive/KYLE_AI_DATABASE/A_CAMERA/Focal_species/Gulo gulo/HLC20-H3/JC/2021/B&W/Robust marks/01.28-06.57/RCNX1381.JPG,RCNX1381.JPG,HLC20-H3_2021_202101280657_RCNX1381.jpg,0.93906569480896,1545.5128173828125,448.4010009765625,899.1324462890625,1636.8768310546875,3776,2124,899,1636
HLC20-H3,2021,202101280657,JC,0,/Volumes/Seagate Portable Drive/KYLE_AI_DATABASE/A_CAMERA/Focal_species/Gulo gulo/HLC20-H3/JC/2021/B&W/Robust marks/01.28-06.57/RCNX1382.JPG,RCNX1382.JPG,HLC20-H3_2021_202101280657_RCNX1382.jpg,0.8650097250938416,2067.462646484375,374.3959655761719,632.943359375,1668.6051025390625,3776,2124,632,1668
HLC20-H3,2021,202101280657,JC,0,/Volumes/Seagate Portable Drive/KYLE_AI_DATABASE/A_CAMERA/Focal_species/Gulo gulo/HLC20-H3/JC/2021/B&W/Robust marks/01.28-06.57/RCNX1383.JPG,RCNX1383.JPG,HLC20-H3_2021_202101280657_RCNX1383.jpg,0.9502841830253601,1974.6978759765625,36.22938919067383,714.9927978515625,2045.4837646484375,3776,2124,714,2045
HLC20-H3,2021,202101280657,JC,0,/Volumes/Seagate Portable Drive/KYLE_AI_DATABASE/A_CAMERA/Focal_species/Gulo gulo/HLC20-H3/JC/2021/B&W/Robust marks/01.28-06.57/RCNX1384.JPG,RCNX1384.JPG,HLC20-H3_2021_202101280657_RCNX1384.jpg,0.9525535106658936,1706.80419921875,445.21661376953125,807.0556640625,1638.499755859375,3776,2124,807,1638
HLC20-H3,2021,202101280657,JC,0,/Volumes/Seagate Portable Drive/KYLE_AI_DATABASE/A_CAMERA/Focal_species/Gulo gulo/HLC20-H3/JC/2021/B&W/Robust marks/01.28-06.57/RCNX1385.JPG,RCNX1385.JPG,HLC20-H3_2021_202101280657_RCNX1385.jpg,0.9091444611549377,1585.516357421875,423.61102294921875,878.058837890625,1628.67919921875,3776,2124,878,1628
HLC20-H3,2021,202101280657,JC,0,/Volumes/Seagate Portable Drive/KYLE_AI_DATABASE/A_CAMERA/Focal_species/Gulo gulo/HLC20-H3/JC/2021/B&W/Robust marks/01.28-06.57/RCNX1386.JPG,RCNX1386.JPG,HLC20-H3_2021_202101280657_RCNX1386.jpg,0.9309787154197693,1528.2330322265625,465.58056640625,879.1959228515625,1595.411376953125,3776,2124,879,1595
HLC20-H3,2021,202101280657,JC,0,/Volumes/Seagate Portable Drive/KYLE_AI_DATABASE/A_CAMERA/Focal_species/Gulo gulo/HLC20-H3/JC/2021/B&W/Robust marks/01.28-06.57/RCNX1387.JPG,RCNX1387.JPG,HLC20-H3_2021_202101280657_RCNX1387.jpg,0.9328530430793762,1517.076904296875,326.88037109375,895.85595703125,1726.583251953125,3776,2124,895,1726
HLC20-H3,2021,202101280657,JC,0,/Volumes/Seagate Portable Drive/KYLE_AI_DATABASE/A_CAMERA/Focal_species/Gulo gulo/HLC20-H3/JC/2021/B&W/Robust marks/01.28-06.57/RCNX1388.JPG,RCNX1388.JPG,HLC20-H3_2021_202101280657_RCNX1388.jpg,0.9173956513404846,1534.8870849609375,310.5655212402344,840.8843994140625,1613.1383056640625,3776,2124,840,1613
HLC20-H3,2021,202101280657,JC,0,/Volumes/Seagate Portable Drive/KYLE_AI_DATABASE/A_CAMERA/Focal_species/Gulo gulo/HLC20-H3/JC/2021/B&W/Robust marks/01.28-06.57/RCNX1389.JPG,RCNX1389.JPG,HLC20-H3_2021_202101280657_RCNX1389.jpg,0.9228660464286804,1581.9395751953125,310.13165283203125,811.3646240234375,1589.84912109375,3776,2124,811,1589
HLC20-H3,2021,202101280657,JC,0,/Volumes/Seagate Portable Drive/KYLE_AI_DATABASE/A_CAMERA/Focal_species/Gulo gulo/HLC20-H3/JC/2021/B&W/Robust marks/01.28-06.57/RCNX1390.JPG,RCNX1390.JPG,HLC20-H3_2021_202101280657_RCNX1390.jpg,0.9238548874855042,1513.673095703125,267.9756164550781,889.14697265625,1493.064697265625,3776,2124,889,1493
HLC20-H3,2021,202101280657,JC,0,/Volumes/Seagate Portable Drive/KYLE_AI_DATABASE/A_CAMERA/Focal_species/Gulo gulo/HLC20-H3/JC/2021/B&W/Robust marks/01.28-06.57/RCNX1391.JPG,RCNX1391.JPG,HLC20-H3_2021_202101280657_RCNX1391.jpg,0.924812376499176,1467.7645263671875,275.19854736328125,950.5828857421875,863.6779174804688,3776,2124,950,863
HLC20-H3,2021,202101280657,JC,0,/Volumes/Seagate Portable Drive/KYLE_AI_DATABASE/A_CAMERA/Focal_species/Gulo gulo/HLC20-H3/JC/2021/B&W/Robust marks/01.28-06.57/RCNX1393.JPG,RCNX1393.JPG,HLC20-H3_2021_202101280657_RCNX1393.jpg,0.9536532759666443,1244.9071044921875,258.63824462890625,1285.2403564453125,637.5185546875,3776,2124,1285,637
HLC20-H3,2021,202101280657,JC,0,/Volumes/Seagate Portable Drive/KYLE_AI_DATABASE/A_CAMERA/Focal_species/Gulo gulo/HLC20-H3/JC/2021/B&W/Robust marks/01.28-06.57/RCNX1394.JPG,RCNX1394.JPG,HLC20-H3_2021_202101280657_RCNX1394.jpg,0.9003808498382568,1661.89599609375,236.573486328125,886.058349609375,1255.76123046875,3776,2124,886,1255
HLC20-H3,2021,202101280657,JC,0,/Volumes/Seagate Portable Drive/KYLE_AI_DATABASE/A_CAMERA/Focal_species/Gulo gulo/HLC20-H3/JC/2021/B&W/Robust marks/01.28-06.57/RCNX1395.JPG,RCNX1395.JPG,HLC20-H3_2021_202101280657_RCNX1395.jpg,0.9346200823783875,1850.04248046875,34.36943817138672,792.424072265625,1363.2227783203125,3776,2124,792,1363
HLC20-H3,2021,202101280657,JC,0,/Volumes/Seagate Portable Drive/KYLE_AI_DATABASE/A_CAMERA/Focal_species/Gulo gulo/HLC20-H3/JC/2021/B&W/Robust marks/01.28-06.57/RCNX1396.JPG,RCNX1396.JPG,HLC20-H3_2021_202101280657_RCNX1396.jpg,0.9172729849815369,2014.93017578125,283.5935974121094,619.646240234375,1265.7105712890625,3776,2124,619,1265
HLC20-H3,2021,202101280657,JC,0,/Volumes/Seagate Portable Drive/KYLE_AI_DATABASE/A_CAMERA/Focal_species/Gulo gulo/HLC20-H3/JC/2021/B&W/Robust marks/01.28-06.57/RCNX1397.JPG,RCNX1397.JPG,HLC20-H3_2021_202101280657_RCNX1397.jpg,0.9347569346427917,1982.98828125,241.18325805664062,647.43896484375,1434.70263671875,3776,2124,647,1434
HLC20-H3,2021,202101280657,JC,0,/Volumes/Seagate Portable Drive/KYLE_AI_DATABASE/A_CAMERA/Focal_species/Gulo gulo/HLC20-H3/JC/2021/B&W/Robust marks/01.28-06.57/RCNX1398.JPG,RCNX1398.JPG,HLC20-H3_2021_202101280657_RCNX1398.jpg,0.8838684558868408,1973.5335693359375,299.2421875,634.0943603515625,1549.3267822265625,3776,2124,634,1549
HLC20-H3,2021,202101280657,JC,0,/Volumes/Seagate Portable Drive/KYLE_AI_DATABASE/A_CAMERA/Focal_species/Gulo gulo/HLC20-H3/JC/2021/B&W/Robust marks/01.28-06.57/RCNX1399.JPG,RCNX1399.JPG,HLC20-H3_2021_202101280657_RCNX1399.jpg,0.8903859853744507,1804.162841796875,42.88336944580078,877.675048828125,1378.2991943359375,3776,2124,877,1378
HLC20-H3,2021,202101280657,JC,0,/Volumes/Seagate Portable Drive/KYLE_AI_DATABASE/A_CAMERA/Focal_species/Gulo gulo/HLC20-H3/JC/2021/B&W/Robust marks/01.28-06.57/RCNX1400.JPG,RCNX1400.JPG,HLC20-H3_2021_202101280657_RCNX1400.jpg,0.886811375617981,1740.508056640625,168.6802978515625,930.970947265625,1209.4205322265625,3776,2124,930,1209
HLC20-H3,2021,202101280657,JC,0,/Volumes/Seagate Portable Drive/KYLE_AI_DATABASE/A_CAMERA/Focal_species/Gulo gulo/HLC20-H3/JC/2021/B&W/Robust marks/01.28-06.57/RCNX1401.JPG,RCNX1401.JPG,HLC20-H3_2021_202101280657_RCNX1401.jpg,0.9603579044342041,1826.727783203125,60.6876106262207,785.673828125,1302.4656982421875,3776,2124,785,1302
HLC20-H3,2021,202101280657,JC,0,/Volumes/Seagate Portable Drive/KYLE_AI_DATABASE/A_CAMERA/Focal_species/Gulo gulo/HLC20-H3/JC/2021/B&W/Robust marks/01.28-06.57/RCNX1402.JPG,RCNX1402.JPG,HLC20-H3_2021_202101280657_RCNX1402.jpg,0.8786641359329224,1735.2899169921875,212.12451171875,815.3489990234375,1166.6004638671875,3776,2124,815,1166
HLC20-H3,2021,202101280657,JC,0,/Volumes/Seagate Portable Drive/KYLE_AI_DATABASE/A_CAMERA/Focal_species/Gulo gulo/HLC20-H3/JC/2021/B&W/Robust marks/01.28-06.57/RCNX1403.JPG,RCNX1403.JPG,HLC20-H3_2021_202101280657_RCNX1403.jpg,0.9406318068504333,1777.998291015625,229.5648956298828,797.93505859375,1151.457763671875,3776,2124,797,1151
HLC20-H3,2021,202101280657,JC,0,/Volumes/Seagate Portable Drive/KYLE_AI_DATABASE/A_CAMERA/Focal_species/Gulo gulo/HLC20-H3/JC/2021/B&W/Robust marks/01.28-06.57/RCNX1404.JPG,RCNX1404.JPG,HLC20-H3_2021_202101280657_RCNX1404.jpg,0.8824562430381775,1784.744384765625,262.3282775878906,800.230224609375,1109.54345703125,3776,2124,800,1109
HLC20-H3,2021,202101280657,JC,0,/Volumes/Seagate Portable Drive/KYLE_AI_DATABASE/A_CAMERA/Focal_species/Gulo gulo/HLC20-H3/JC/2021/B&W/Robust marks/01.28-06.57/RCNX1405.JPG,RCNX1405.JPG,HLC20-H3_2021_202101280657_RCNX1405.jpg,0.9037730097770691,1744.86865234375,279.6725158691406,806.739501953125,1100.60498046875,3776,2124,806,1100
HLC20-H3,2021,202101280657,JC,0,/Volumes/Seagate Portable Drive/KYLE_AI_DATABASE/A_CAMERA/Focal_species/Gulo gulo/HLC20-H3/JC/2021/B&W/Robust marks/01.28-06.57/RCNX1406.JPG,RCNX1406.JPG,HLC20-H3_2021_202101280657_RCNX1406.jpg,0.9463961124420166,1741.794189453125,319.27630615234375,849.443359375,1054.05517578125,3776,2124,849,1054
HLC20-H3,2021,202101280657,JC,0,/Volumes/Seagate Portable Drive/KYLE_AI_DATABASE/A_CAMERA/Focal_species/Gulo gulo/HLC20-H3/JC/2021/B&W/Robust marks/01.28-06.57/RCNX1407.JPG,RCNX1407.JPG,HLC20-H3_2021_202101280657_RCNX1407.jpg,0.9063951373100281,1741.1834716796875,271.3165283203125,770.7508544921875,1106.1658935546875,3776,2124,770,1106
HLC20-H3,2021,202101280657,JC,0,/Volumes/Seagate Portable Drive/KYLE_AI_DATABASE/A_CAMERA/Focal_species/Gulo gulo/HLC20-H3/JC/2021/B&W/Robust marks/01.28-06.57/RCNX1408.JPG,RCNX1408.JPG,HLC20-H3_2021_202101280657_RCNX1408.jpg,0.9274699687957764,2005.634033203125,424.2897644042969,692.33349609375,1246.43505859375,3776,2124,692,1246
HLC20-H3,2021,202101280657,JC,0,/Volumes/Seagate Portable Drive/KYLE_AI_DATABASE/A_CAMERA/Focal_species/Gulo gulo/HLC20-H3/JC/2021/B&W/Robust marks/01.28-06.57/RCNX1409.JPG,RCNX1409.JPG,HLC20-H3_2021_202101280657_RCNX1409.jpg,0.9423164129257202,1980.7218017578125,416.55303955078125,641.1195068359375,1382.62890625,3776,2124,641,1382
HLC20-H3,2021,202101280657,JC,0,/Volumes/Seagate Portable Drive/KYLE_AI_DATABASE/A_CAMERA/Focal_species/Gulo gulo/HLC20-H3/JC/2021/B&W/Robust marks/01.28-06.57/RCNX1410.JPG,RCNX1410.JPG,HLC20-H3_2021_202101280657_RCNX1410.jpg,0.8884869813919067,2034.1041259765625,436.15704345703125,640.5704345703125,1355.324462890625,3776,2124,640,1355
HLC20-H3,2021,202101280657,JC,0,/Volumes/Seagate Portable Drive/KYLE_AI_DATABASE/A_CAMERA/Focal_species/Gulo gulo/HLC20-H3/JC/2021/B&W/Robust marks/01.28-06.57/RCNX1411.JPG,RCNX1411.JPG,HLC20-H3_2021_202101280657_RCNX1411.jpg,0.9623012542724609,1685.359130859375,460.0550537109375,913.30419921875,1624.7672119140625,3776,2124,913,1624
HLC20-H3,2021,202101280657,JC,0,/Volumes/Seagate Portable Drive/KYLE_AI_DATABASE/A_CAMERA/Focal_species/Gulo gulo/HLC20-H3/JC/2021/B&W/Robust marks/01.28-06.57/RCNX1412.JPG,RCNX1412.JPG,HLC20-H3_2021_202101280657_RCNX1412.jpg,0.9321578741073608,1460.8848876953125,438.6283264160156,722.9202880859375,1643.0223388671875,3776,2124,722,1643
HLC20-H3,2021,202101280657,JC,0,/Volumes/Seagate Portable Drive/KYLE_AI_DATABASE/A_CAMERA/Focal_species/Gulo gulo/HLC20-H3/JC/2021/B&W/Robust marks/01.28-06.57/RCNX1413.JPG,RCNX1413.JPG,HLC20-H3_2021_202101280657_RCNX1413.jpg,0.9112625122070312,1079.518310546875,365.959716796875,729.1441650390625,1596.3916015625,3776,2124,729,1596
HLC20-H3,2021,202101280657,JC,0,/Volumes/Seagate Portable Drive/KYLE_AI_DATABASE/A_CAMERA/Focal_species/Gulo gulo/HLC20-H3/JC/2021/B&W/Robust marks/01.28-06.57/RCNX1414.JPG,RCNX1414.JPG,HLC20-H3_2021_202101280657_RCNX1414.jpg,0.9416059255599976,1481.511474609375,36.0273323059082,896.241943359375,1919.525634765625,3776,2124,896,1919
HLC20-H3,2021,202101280657,JC,0,/Volumes/Seagate Portable Drive/KYLE_AI_DATABASE/A_CAMERA/Focal_species/Gulo gulo/HLC20-H3/JC/2021/B&W/Robust marks/01.28-06.57/RCNX1415.JPG,RCNX1415.JPG,HLC20-H3_2021_202101280657_RCNX1415.jpg,0.9066056609153748,1543.46630859375,501.5152282714844,876.569091796875,1533.930908203125,3776,2124,876,1533
HLC20-H3,2021,202101280657,JC,0,/Volumes/Seagate Portable Drive/KYLE_AI_DATABASE/A_CAMERA/Focal_species/Gulo gulo/HLC20-H3/JC/2021/B&W/Robust marks/01.28-06.57/RCNX1416.JPG,RCNX1416.JPG,HLC20-H3_2021_202101280657_RCNX1416.jpg,0.9103474617004395,1553.3162841796875,501.6528015136719,772.5157470703125,1438.1473388671875,3776,2124,772,1438
HLC20-H3,2021,202101280657,JC,0,/Volumes/Seagate Portable Drive/KYLE_AI_DATABASE/A_CAMERA/Focal_species/Gulo gulo/HLC20-H3/JC/2021/B&W/Robust marks/01.28-06.57/RCNX1417.JPG,RCNX1417.JPG,HLC20-H3_2021_202101280657_RCNX1417.jpg,0.927618682384491,1501.84716796875,481.7408447265625,930.156005859375,1587.8380126953125,3776,2124,930,1587
HLC20-H3,2021,202101280657,JC,0,/Volumes/Seagate Portable Drive/KYLE_AI_DATABASE/A_CAMERA/Focal_species/Gulo gulo/HLC20-H3/JC/2021/B&W/Robust marks/01.28-06.57/RCNX1418.JPG,RCNX1418.JPG,HLC20-H3_2021_202101280657_RCNX1418.jpg,0.9412979483604431,1502.0982666015625,553.3021850585938,817.8255615234375,1530.309326171875,3776,2124,817,1530
HLC20-H3,2021,202101280657,JC,0,/Volumes/Seagate Portable Drive/KYLE_AI_DATABASE/A_CAMERA/Focal_species/Gulo gulo/HLC20-H3/JC/2021/B&W/Robust marks/01.28-06.57/RCNX1419.JPG,RCNX1419.JPG,HLC20-H3_2021_202101280657_RCNX1419.jpg,0.9356946349143982,1507.0704345703125,510.5684814453125,874.4088134765625,1573.3792724609375,3776,2124,874,1573
HLC20-H3,2021,202101280657,JC,0,/Volumes/Seagate Portable Drive/KYLE_AI_DATABASE/A_CAMERA/Focal_species/Gulo gulo/HLC20-H3/JC/2021/B&W/Robust marks/01.28-06.57/RCNX1420.JPG,RCNX1420.JPG,HLC20-H3_2021_202101280657_RCNX1420.jpg,0.9316561818122864,1608.586669921875,476.7535705566406,759.65771484375,1608.5714111328125,3776,2124,759,1608
HLC20-H3,2021,202101280657,JC,0,/Volumes/Seagate Portable Drive/KYLE_AI_DATABASE/A_CAMERA/Focal_species/Gulo gulo/HLC20-H3/JC/2021/B&W/Robust marks/01.28-06.57/RCNX1421.JPG,RCNX1421.JPG,HLC20-H3_2021_202101280657_RCNX1421.jpg,0.9566748142242432,1464.986328125,533.674072265625,914.0107421875,1551.614990234375,3776,2124,914,1551
HLC20-H3,2021,202101280657,JC,0,/Volumes/Seagate Portable Drive/KYLE_AI_DATABASE/A_CAMERA/Focal_species/Gulo gulo/HLC20-H3/JC/2021/B&W/Robust marks/01.28-06.57/RCNX1422.JPG,RCNX1422.JPG,HLC20-H3_2021_202101280657_RCNX1422.jpg,0.95304936170578,1451.3001708984375,468.8369140625,934.7794189453125,1615.5322265625,3776,2124,934,1615
HLC20-H3,2021,202101280657,JC,0,/Volumes/Seagate Portable Drive/KYLE_AI_DATABASE/A_CAMERA/Focal_species/Gulo gulo/HLC20-H3/JC/2021/B&W/Robust marks/01.28-06.57/RCNX1423.JPG,RCNX1423.JPG,HLC20-H3_2021_202101280657_RCNX1423.jpg,0.9457463026046753,1467.9736328125,579.1732788085938,918.02490234375,1505.0556640625,3776,2124,918,1505
HLC20-H3,2021,202101280657,JC,0,/Volumes/Seagate Portable Drive/KYLE_AI_DATABASE/A_CAMERA/Focal_species/Gulo gulo/HLC20-H3/JC/2021/B&W/Robust marks/01.28-06.57/RCNX1424.JPG,RCNX1424.JPG,HLC20-H3_2021_202101280657_RCNX1424.jpg,0.9433022737503052,1402.98828125,563.857666015625,632.4306640625,1522.26318359375,3776,2124,632,1522
HLC20-H3,2021,202101280657,JC,0,/Volumes/Seagate Portable Drive/KYLE_AI_DATABASE/A_CAMERA/Focal_species/Gulo gulo/HLC20-H3/JC/2021/B&W/Robust marks/01.28-06.57/RCNX1425.JPG,RCNX1425.JPG,HLC20-H3_2021_202101280657_RCNX1425.jpg,0.9069743752479553,1384.3424072265625,535.5903930664062,758.7425537109375,1537.123291015625,3776,2124,758,1537
HLC20-H3,2021,202101280657,JC,0,/Volumes/Seagate Portable Drive/KYLE_AI_DATABASE/A_CAMERA/Focal_species/Gulo gulo/HLC20-H3/JC/2021/B&W/Robust marks/01.28-06.57/RCNX1426.JPG,RCNX1426.JPG,HLC20-H3_2021_202101280657_RCNX1426.jpg,0.9305931925773621,1424.89111328125,554.4846801757812,875.518798828125,1503.735107421875,3776,2124,875,1503
HLC20-H3,2021,202101280657,JC,0,/Volumes/Seagate Portable Drive/KYLE_AI_DATABASE/A_CAMERA/Focal_species/Gulo gulo/HLC20-H3/JC/2021/B&W/Robust marks/01.28-06.57/RCNX1431.JPG,RCNX1431.JPG,HLC20-H3_2021_202101280657_RCNX1431.jpg,0.8464968204498291,1600.2259521484375,1323.433349609375,434.015869140625,608.893798828125,3776,2124,434,608
HLC20-H3,2021,202101280657,JC,0,/Volumes/Seagate Portable Drive/KYLE_AI_DATABASE/A_CAMERA/Focal_species/Gulo gulo/HLC20-H3/JC/2021/B&W/Robust marks/01.28-06.57/RCNX1432.JPG,RCNX1432.JPG,HLC20-H3_2021_202101280657_RCNX1432.jpg,0.8539968729019165,1769.8878173828125,923.662353515625,611.2130126953125,1033.731201171875,3776,2124,611,1033
HLC20-H3,2021,202101280657,JC,0,/Volumes/Seagate Portable Drive/KYLE_AI_DATABASE/A_CAMERA/Focal_species/Gulo gulo/HLC20-H3/JC/2021/B&W/Robust marks/01.28-06.57/RCNX1433.JPG,RCNX1433.JPG,HLC20-H3_2021_202101280657_RCNX1433.jpg,0.8672428131103516,1808.7064208984375,626.3275146484375,546.6947021484375,1351.2406005859375,3776,2124,546,1351
HLC20-H3,2021,202101280657,JC,0,/Volumes/Seagate Portable Drive/KYLE_AI_DATABASE/A_CAMERA/Focal_species/Gulo gulo/HLC20-H3/JC/2021/B&W/Robust marks/01.28-06.57/RCNX1434.JPG,RCNX1434.JPG,HLC20-H3_2021_202101280657_RCNX1434.jpg,0.9020606875419617,1657.1407470703125,421.51336669921875,661.0545654296875,1610.96875,3776,2124,661,1610
HLC20-H3,2021,202101280657,JC,0,/Volumes/Seagate Portable Drive/KYLE_AI_DATABASE/A_CAMERA/Focal_species/Gulo gulo/HLC20-H3/JC/2021/B&W/Robust marks/01.28-06.57/RCNX1435.JPG,RCNX1435.JPG,HLC20-H3_2021_202101280657_RCNX1435.jpg,0.852984607219696,1651.3621826171875,33.0388069152832,703.0250244140625,1416.5711669921875,3776,2124,703,1416
HLC20-H3,2021,202101280657,JC,0,/Volumes/Seagate Portable Drive/KYLE_AI_DATABASE/A_CAMERA/Focal_species/Gulo gulo/HLC20-H3/JC/2021/B&W/Robust marks/01.28-06.57/RCNX1436.JPG,RCNX1436.JPG,HLC20-H3_2021_202101280657_RCNX1436.jpg,0.8281465768814087,1587.2044677734375,288.601318359375,773.0333251953125,1555.9088134765625,3776,2124,773,1555
HLC20-H3,2021,202101280657,JC,0,/Volumes/Seagate Portable Drive/KYLE_AI_DATABASE/A_CAMERA/Focal_species/Gulo gulo/HLC20-H3/JC/2021/B&W/Robust marks/01.28-06.57/RCNX1437.JPG,RCNX1437.JPG,HLC20-H3_2021_202101280657_RCNX1437.jpg,0.8545904159545898,1598.6536865234375,200.1568603515625,767.1153564453125,1679.17724609375,3776,2124,767,1679
HLC20-H3,2021,202101280657,JC,0,/Volumes/Seagate Portable Drive/KYLE_AI_DATABASE/A_CAMERA/Focal_species/Gulo gulo/HLC20-H3/JC/2021/B&W/Robust marks/01.28-06.57/RCNX1438.JPG,RCNX1438.JPG,HLC20-H3_2021_202101280657_RCNX1438.jpg,0.8573186993598938,1614.137451171875,309.0732727050781,753.1591796875,1590.541748046875,3776,2124,753,1590
HLC20-H3,2021,202101280657,JC,0,/Volumes/Seagate Portable Drive/KYLE_AI_DATABASE/A_CAMERA/Focal_species/Gulo gulo/HLC20-H3/JC/2021/B&W/Robust marks/01.28-06.57/RCNX1439.JPG,RCNX1439.JPG,HLC20-H3_2021_202101280657_RCNX1439.jpg,0.8648297190666199,1538.2222900390625,601.501708984375,814.5450439453125,1299.21240234375,3776,2124,814,1299
